sample_index,split,rule_id,antecedent,consequent_label,firing_strength,normalized_firing_strength,label_equation_output,rule_contribution,predicted,PointsAjust,TeamExp,Length,actual
0,all,R1,IF (PointsAjust IS Low) AND (TeamExp IS High) AND (Length IS Low),Very_Low,0.0,0.0,7342.4778238325,0.0,3615.97139560743,0.3773584905660377,0.4,0.3333333333333333,5152.0
0,all,R2,IF (PointsAjust IS Low) AND (TeamExp IS Medium) AND (Length IS Low),Low,0.0,0.0,4570.335567321327,0.0,3615.97139560743,0.3773584905660377,0.4,0.3333333333333333,5152.0
0,all,R3,IF (PointsAjust IS Low) AND (TeamExp IS High) AND (Length IS Medium),Low,0.0,0.0,4570.335567321327,0.0,3615.97139560743,0.3773584905660377,0.4,0.3333333333333333,5152.0
0,all,R4,IF (PointsAjust IS Medium) AND (TeamExp IS High) AND (Length IS Low),Low,0.0,0.0,4570.335567321327,0.0,3615.97139560743,0.3773584905660377,0.4,0.3333333333333333,5152.0
0,all,R5,IF (PointsAjust IS Low) AND (TeamExp IS Low) AND (Length IS Low),Medium,0.0,0.0,5995.050759762042,0.0,3615.97139560743,0.3773584905660377,0.4,0.3333333333333333,5152.0
0,all,R6,IF (PointsAjust IS Medium) AND (TeamExp IS Medium) AND (Length IS Low),Medium,0.0,0.0,5995.050759762042,0.0,3615.97139560743,0.3773584905660377,0.4,0.3333333333333333,5152.0
0,all,R7,IF (PointsAjust IS Low) AND (TeamExp IS Medium) AND (Length IS Medium),Medium,0.0,0.0,5995.050759762042,0.0,3615.97139560743,0.3773584905660377,0.4,0.3333333333333333,5152.0
0,all,R8,IF (PointsAjust IS Medium) AND (TeamExp IS High) AND (Length IS Medium),Medium,0.0,0.0,5995.050759762042,0.0,3615.97139560743,0.3773584905660377,0.4,0.3333333333333333,5152.0
0,all,R9,IF (PointsAjust IS Low) AND (TeamExp IS Low) AND (Length IS Medium),High,0.0,0.0,3308.6245477061366,0.0,3615.97139560743,0.3773584905660377,0.4,0.3333333333333333,5152.0
0,all,R10,IF (PointsAjust IS Medium) AND (TeamExp IS Low) AND (Length IS Low),High,0.0,0.0,3308.6245477061366,0.0,3615.97139560743,0.3773584905660377,0.4,0.3333333333333333,5152.0
0,all,R11,IF (PointsAjust IS Medium) AND (TeamExp IS Medium) AND (Length IS Medium),Medium,0.0,0.0,5995.050759762042,0.0,3615.97139560743,0.3773584905660377,0.4,0.3333333333333333,5152.0
0,all,R12,IF (PointsAjust IS High) AND (TeamExp IS High) AND (Length IS Low),Medium,0.0,0.0,5995.050759762042,0.0,3615.97139560743,0.3773584905660377,0.4,0.3333333333333333,5152.0
0,all,R13,IF (PointsAjust IS High) AND (TeamExp IS Medium) AND (Length IS Low),High,0.0,0.0,3308.6245477061366,0.0,3615.97139560743,0.3773584905660377,0.4,0.3333333333333333,5152.0
0,all,R14,IF (PointsAjust IS High) AND (TeamExp IS High) AND (Length IS Medium),High,0.0,0.0,3308.6245477061366,0.0,3615.97139560743,0.3773584905660377,0.4,0.3333333333333333,5152.0
0,all,R15,IF (PointsAjust IS Medium) AND (TeamExp IS Low) AND (Length IS Medium),High,0.013888888888888909,0.5302019597920598,3308.6245477061366,1754.239219409911,3615.97139560743,0.3773584905660377,0.4,0.3333333333333333,5152.0
0,all,R16,IF (PointsAjust IS Low) AND (TeamExp IS Low) AND (Length IS High),High,0.0,0.0,3308.6245477061366,0.0,3615.97139560743,0.3773584905660377,0.4,0.3333333333333333,5152.0
0,all,R17,IF (PointsAjust IS Medium) AND (TeamExp IS High) AND (Length IS High),High,0.0,0.0,3308.6245477061366,0.0,3615.97139560743,0.3773584905660377,0.4,0.3333333333333333,5152.0
0,all,R18,IF (PointsAjust IS High) AND (TeamExp IS Medium) AND (Length IS Medium),Very_High,0.0,0.0,3962.835126714209,0.0,3615.97139560743,0.3773584905660377,0.4,0.3333333333333333,5152.0
0,all,R19,IF (PointsAjust IS Medium) AND (TeamExp IS Low) AND (Length IS High),Very_High,0.006666666666666681,0.25449694070018886,3962.835126714209,1008.5294162480114,3615.97139560743,0.3773584905660377,0.4,0.3333333333333333,5152.0
0,all,R20,IF (PointsAjust IS High) AND (TeamExp IS Low) AND (Length IS High),Very_High,0.005639913232104119,0.2153010995077514,3962.835126714209,853.2027599495085,3615.97139560743,0.3773584905660377,0.4,0.3333333333333333,5152.0
1,all,R1,IF (PointsAjust IS Low) AND (TeamExp IS High) AND (Length IS Low),Very_Low,0.0,0.05,8118.908157961657,405.94540789808286,4033.1942209327012,0.3977987421383648,0.2,0.0909090909090909,5635.0
1,all,R2,IF (PointsAjust IS Low) AND (TeamExp IS Medium) AND (Length IS Low),Low,0.0,0.05,3468.4162901563786,173.42081450781893,4033.1942209327012,0.3977987421383648,0.2,0.0909090909090909,5635.0
1,all,R3,IF (PointsAjust IS Low) AND (TeamExp IS High) AND (Length IS Medium),Low,0.0,0.05,3468.4162901563786,173.42081450781893,4033.1942209327012,0.3977987421383648,0.2,0.0909090909090909,5635.0
1,all,R4,IF (PointsAjust IS Medium) AND (TeamExp IS High) AND (Length IS Low),Low,0.0,0.05,3468.4162901563786,173.42081450781893,4033.1942209327012,0.3977987421383648,0.2,0.0909090909090909,5635.0
1,all,R5,IF (PointsAjust IS Low) AND (TeamExp IS Low) AND (Length IS Low),Medium,0.0,0.05,3699.4992387403395,184.97496193701699,4033.1942209327012,0.3977987421383648,0.2,0.0909090909090909,5635.0
1,all,R6,IF (PointsAjust IS Medium) AND (TeamExp IS Medium) AND (Length IS Low),Medium,0.0,0.05,3699.4992387403395,184.97496193701699,4033.1942209327012,0.3977987421383648,0.2,0.0909090909090909,5635.0
1,all,R7,IF (PointsAjust IS Low) AND (TeamExp IS Medium) AND (Length IS Medium),Medium,0.0,0.05,3699.4992387403395,184.97496193701699,4033.1942209327012,0.3977987421383648,0.2,0.0909090909090909,5635.0
1,all,R8,IF (PointsAjust IS Medium) AND (TeamExp IS High) AND (Length IS Medium),Medium,0.0,0.05,3699.4992387403395,184.97496193701699,4033.1942209327012,0.3977987421383648,0.2,0.0909090909090909,5635.0
1,all,R9,IF (PointsAjust IS Low) AND (TeamExp IS Low) AND (Length IS Medium),High,0.0,0.05,3655.206801792767,182.76034008963836,4033.1942209327012,0.3977987421383648,0.2,0.0909090909090909,5635.0
1,all,R10,IF (PointsAjust IS Medium) AND (TeamExp IS Low) AND (Length IS Low),High,0.0,0.05,3655.206801792767,182.76034008963836,4033.1942209327012,0.3977987421383648,0.2,0.0909090909090909,5635.0
1,all,R11,IF (PointsAjust IS Medium) AND (TeamExp IS Medium) AND (Length IS Medium),Medium,0.0,0.05,3699.4992387403395,184.97496193701699,4033.1942209327012,0.3977987421383648,0.2,0.0909090909090909,5635.0
1,all,R12,IF (PointsAjust IS High) AND (TeamExp IS High) AND (Length IS Low),Medium,0.0,0.05,3699.4992387403395,184.97496193701699,4033.1942209327012,0.3977987421383648,0.2,0.0909090909090909,5635.0
1,all,R13,IF (PointsAjust IS High) AND (TeamExp IS Medium) AND (Length IS Low),High,0.0,0.05,3655.206801792767,182.76034008963836,4033.1942209327012,0.3977987421383648,0.2,0.0909090909090909,5635.0
1,all,R14,IF (PointsAjust IS High) AND (TeamExp IS High) AND (Length IS Medium),High,0.0,0.05,3655.206801792767,182.76034008963836,4033.1942209327012,0.3977987421383648,0.2,0.0909090909090909,5635.0
1,all,R15,IF (PointsAjust IS Medium) AND (TeamExp IS Low) AND (Length IS Medium),High,0.0,0.05,3655.206801792767,182.76034008963836,4033.1942209327012,0.3977987421383648,0.2,0.0909090909090909,5635.0
1,all,R16,IF (PointsAjust IS Low) AND (TeamExp IS Low) AND (Length IS High),High,0.0,0.05,3655.206801792767,182.76034008963836,4033.1942209327012,0.3977987421383648,0.2,0.0909090909090909,5635.0
1,all,R17,IF (PointsAjust IS Medium) AND (TeamExp IS High) AND (Length IS High),High,0.0,0.05,3655.206801792767,182.76034008963836,4033.1942209327012,0.3977987421383648,0.2,0.0909090909090909,5635.0
1,all,R18,IF (PointsAjust IS High) AND (TeamExp IS Medium) AND (Length IS Medium),Very_High,0.0,0.05,4785.428115077273,239.27140575386366,4033.1942209327012,0.3977987421383648,0.2,0.0909090909090909,5635.0
1,all,R19,IF (PointsAjust IS Medium) AND (TeamExp IS Low) AND (Length IS High),Very_High,0.0,0.05,4785.428115077273,239.27140575386366,4033.1942209327012,0.3977987421383648,0.2,0.0909090909090909,5635.0
1,all,R20,IF (PointsAjust IS High) AND (TeamExp IS Low) AND (Length IS High),Very_High,0.0,0.05,4785.428115077273,239.27140575386366,4033.1942209327012,0.3977987421383648,0.2,0.0909090909090909,5635.0
2,all,R1,IF (PointsAjust IS Low) AND (TeamExp IS High) AND (Length IS Low),Very_Low,0.88,1.0,835.8692191005348,835.8692191005348,835.8692191005345,0.0330188679245283,1.0,0.0,805.0
2,all,R2,IF (PointsAjust IS Low) AND (TeamExp IS Medium) AND (Length IS Low),Low,0.0,0.0,1855.4349838535109,0.0,835.8692191005345,0.0330188679245283,1.0,0.0,805.0
2,all,R3,IF (PointsAjust IS Low) AND (TeamExp IS High) AND (Length IS Medium),Low,0.0,0.0,1855.4349838535109,0.0,835.8692191005345,0.0330188679245283,1.0,0.0,805.0
2,all,R4,IF (PointsAjust IS Medium) AND (TeamExp IS High) AND (Length IS Low),Low,0.0,0.0,1855.4349838535109,0.0,835.8692191005345,0.0330188679245283,1.0,0.0,805.0
2,all,R5,IF (PointsAjust IS Low) AND (TeamExp IS Low) AND (Length IS Low),Medium,0.0,0.0,1075.1914291245516,0.0,835.8692191005345,0.0330188679245283,1.0,0.0,805.0
2,all,R6,IF (PointsAjust IS Medium) AND (TeamExp IS Medium) AND (Length IS Low),Medium,0.0,0.0,1075.1914291245516,0.0,835.8692191005345,0.0330188679245283,1.0,0.0,805.0
2,all,R7,IF (PointsAjust IS Low) AND (TeamExp IS Medium) AND (Length IS Medium),Medium,0.0,0.0,1075.1914291245516,0.0,835.8692191005345,0.0330188679245283,1.0,0.0,805.0
2,all,R8,IF (PointsAjust IS Medium) AND (TeamExp IS High) AND (Length IS Medium),Medium,0.0,0.0,1075.1914291245516,0.0,835.8692191005345,0.0330188679245283,1.0,0.0,805.0
2,all,R9,IF (PointsAjust IS Low) AND (TeamExp IS Low) AND (Length IS Medium),High,0.0,0.0,4358.002885326645,0.0,835.8692191005345,0.0330188679245283,1.0,0.0,805.0
2,all,R10,IF (PointsAjust IS Medium) AND (TeamExp IS Low) AND (Length IS Low),High,0.0,0.0,4358.002885326645,0.0,835.8692191005345,0.0330188679245283,1.0,0.0,805.0
2,all,R11,IF (PointsAjust IS Medium) AND (TeamExp IS Medium) AND (Length IS Medium),Medium,0.0,0.0,1075.1914291245516,0.0,835.8692191005345,0.0330188679245283,1.0,0.0,805.0
2,all,R12,IF (PointsAjust IS High) AND (TeamExp IS High) AND (Length IS Low),Medium,0.0,0.0,1075.1914291245516,0.0,835.8692191005345,0.0330188679245283,1.0,0.0,805.0
2,all,R13,IF (PointsAjust IS High) AND (TeamExp IS Medium) AND (Length IS Low),High,0.0,0.0,4358.002885326645,0.0,835.8692191005345,0.0330188679245283,1.0,0.0,805.0
2,all,R14,IF (PointsAjust IS High) AND (TeamExp IS High) AND (Length IS Medium),High,0.0,0.0,4358.002885326645,0.0,835.8692191005345,0.0330188679245283,1.0,0.0,805.0
2,all,R15,IF (PointsAjust IS Medium) AND (TeamExp IS Low) AND (Length IS Medium),High,0.0,0.0,4358.002885326645,0.0,835.8692191005345,0.0330188679245283,1.0,0.0,805.0
2,all,R16,IF (PointsAjust IS Low) AND (TeamExp IS Low) AND (Length IS High),High,0.0,0.0,4358.002885326645,0.0,835.8692191005345,0.0330188679245283,1.0,0.0,805.0
2,all,R17,IF (PointsAjust IS Medium) AND (TeamExp IS High) AND (Length IS High),High,0.0,0.0,4358.002885326645,0.0,835.8692191005345,0.0330188679245283,1.0,0.0,805.0
2,all,R18,IF (PointsAjust IS High) AND (TeamExp IS Medium) AND (Length IS Medium),Very_High,0.0,0.0,10198.805042484866,0.0,835.8692191005345,0.0330188679245283,1.0,0.0,805.0
2,all,R19,IF (PointsAjust IS Medium) AND (TeamExp IS Low) AND (Length IS High),Very_High,0.0,0.0,10198.805042484866,0.0,835.8692191005345,0.0330188679245283,1.0,0.0,805.0
2,all,R20,IF (PointsAjust IS High) AND (TeamExp IS Low) AND (Length IS High),Very_High,0.0,0.0,10198.805042484866,0.0,835.8692191005345,0.0330188679245283,1.0,0.0,805.0
3,all,R1,IF (PointsAjust IS Low) AND (TeamExp IS High) AND (Length IS Low),Very_Low,0.0,0.0,7972.1172423417065,0.0,3531.4075461417788,0.3789308176100629,0.2,0.1212121212121212,3829.0
3,all,R2,IF (PointsAjust IS Low) AND (TeamExp IS Medium) AND (Length IS Low),Low,0.0,0.0,3379.8962723174227,0.0,3531.4075461417788,0.3789308176100629,0.2,0.1212121212121212,3829.0
3,all,R3,IF (PointsAjust IS Low) AND (TeamExp IS High) AND (Length IS Medium),Low,0.0,0.0,3379.8962723174227,0.0,3531.4075461417788,0.3789308176100629,0.2,0.1212121212121212,3829.0
3,all,R4,IF (PointsAjust IS Medium) AND (TeamExp IS High) AND (Length IS Low),Low,0.0,0.0,3379.8962723174227,0.0,3531.4075461417788,0.3789308176100629,0.2,0.1212121212121212,3829.0
3,all,R5,IF (PointsAjust IS Low) AND (TeamExp IS Low) AND (Length IS Low),Medium,0.0,0.0,3808.5004846130264,0.0,3531.4075461417788,0.3789308176100629,0.2,0.1212121212121212,3829.0
3,all,R6,IF (PointsAjust IS Medium) AND (TeamExp IS Medium) AND (Length IS Low),Medium,0.0,0.0,3808.5004846130264,0.0,3531.4075461417788,0.3789308176100629,0.2,0.1212121212121212,3829.0
3,all,R7,IF (PointsAjust IS Low) AND (TeamExp IS Medium) AND (Length IS Medium),Medium,0.0,0.0,3808.5004846130264,0.0,3531.4075461417788,0.3789308176100629,0.2,0.1212121212121212,3829.0
3,all,R8,IF (PointsAjust IS Medium) AND (TeamExp IS High) AND (Length IS Medium),Medium,0.0,0.0,3808.5004846130264,0.0,3531.4075461417788,0.3789308176100629,0.2,0.1212121212121212,3829.0
3,all,R9,IF (PointsAjust IS Low) AND (TeamExp IS Low) AND (Length IS Medium),High,0.0,0.0,3531.4075461417788,0.0,3531.4075461417788,0.3789308176100629,0.2,0.1212121212121212,3829.0
3,all,R10,IF (PointsAjust IS Medium) AND (TeamExp IS Low) AND (Length IS Low),High,0.05128205128205125,1.0,3531.4075461417788,3531.4075461417788,3531.4075461417788,0.3789308176100629,0.2,0.1212121212121212,3829.0
3,all,R11,IF (PointsAjust IS Medium) AND (TeamExp IS Medium) AND (Length IS Medium),Medium,0.0,0.0,3808.5004846130264,0.0,3531.4075461417788,0.3789308176100629,0.2,0.1212121212121212,3829.0
3,all,R12,IF (PointsAjust IS High) AND (TeamExp IS High) AND (Length IS Low),Medium,0.0,0.0,3808.5004846130264,0.0,3531.4075461417788,0.3789308176100629,0.2,0.1212121212121212,3829.0
3,all,R13,IF (PointsAjust IS High) AND (TeamExp IS Medium) AND (Length IS Low),High,0.0,0.0,3531.4075461417788,0.0,3531.4075461417788,0.3789308176100629,0.2,0.1212121212121212,3829.0
3,all,R14,IF (PointsAjust IS High) AND (TeamExp IS High) AND (Length IS Medium),High,0.0,0.0,3531.4075461417788,0.0,3531.4075461417788,0.3789308176100629,0.2,0.1212121212121212,3829.0
3,all,R15,IF (PointsAjust IS Medium) AND (TeamExp IS Low) AND (Length IS Medium),High,0.0,0.0,3531.4075461417788,0.0,3531.4075461417788,0.3789308176100629,0.2,0.1212121212121212,3829.0
3,all,R16,IF (PointsAjust IS Low) AND (TeamExp IS Low) AND (Length IS High),High,0.0,0.0,3531.4075461417788,0.0,3531.4075461417788,0.3789308176100629,0.2,0.1212121212121212,3829.0
3,all,R17,IF (PointsAjust IS Medium) AND (TeamExp IS High) AND (Length IS High),High,0.0,0.0,3531.4075461417788,0.0,3531.4075461417788,0.3789308176100629,0.2,0.1212121212121212,3829.0
3,all,R18,IF (PointsAjust IS High) AND (TeamExp IS Medium) AND (Length IS Medium),Very_High,0.0,0.0,4862.368406106581,0.0,3531.4075461417788,0.3789308176100629,0.2,0.1212121212121212,3829.0
3,all,R19,IF (PointsAjust IS Medium) AND (TeamExp IS Low) AND (Length IS High),Very_High,0.0,0.0,4862.368406106581,0.0,3531.4075461417788,0.3789308176100629,0.2,0.1212121212121212,3829.0
3,all,R20,IF (PointsAjust IS High) AND (TeamExp IS Low) AND (Length IS High),Very_High,0.0,0.0,4862.368406106581,0.0,3531.4075461417788,0.3789308176100629,0.2,0.1212121212121212,3829.0
4,all,R1,IF (PointsAjust IS Low) AND (TeamExp IS High) AND (Length IS Low),Very_Low,0.0,0.0,6457.733220549035,0.0,3067.552278983071,0.2295597484276729,0.2,0.0909090909090909,2149.0
4,all,R2,IF (PointsAjust IS Low) AND (TeamExp IS Medium) AND (Length IS Low),Low,0.0,0.0,1842.2197614765541,0.0,3067.552278983071,0.2295597484276729,0.2,0.0909090909090909,2149.0
4,all,R3,IF (PointsAjust IS Low) AND (TeamExp IS High) AND (Length IS Medium),Low,0.0,0.0,1842.2197614765541,0.0,3067.552278983071,0.2295597484276729,0.2,0.0909090909090909,2149.0
4,all,R4,IF (PointsAjust IS Medium) AND (TeamExp IS High) AND (Length IS Low),Low,0.0,0.0,1842.2197614765541,0.0,3067.552278983071,0.2295597484276729,0.2,0.0909090909090909,2149.0
4,all,R5,IF (PointsAjust IS Low) AND (TeamExp IS Low) AND (Length IS Low),Medium,0.06904761904761911,0.19119146333174764,2274.3537040187316,434.83701280532176,3067.552278983071,0.2295597484276729,0.2,0.0909090909090909,2149.0
4,all,R6,IF (PointsAjust IS Medium) AND (TeamExp IS Medium) AND (Length IS Low),Medium,0.0,0.0,2274.3537040187316,0.0,3067.552278983071,0.2295597484276729,0.2,0.0909090909090909,2149.0
4,all,R7,IF (PointsAjust IS Low) AND (TeamExp IS Medium) AND (Length IS Medium),Medium,0.0,0.0,2274.3537040187316,0.0,3067.552278983071,0.2295597484276729,0.2,0.0909090909090909,2149.0
4,all,R8,IF (PointsAjust IS Medium) AND (TeamExp IS High) AND (Length IS Medium),Medium,0.0,0.0,2274.3537040187316,0.0,3067.552278983071,0.2295597484276729,0.2,0.0909090909090909,2149.0
4,all,R9,IF (PointsAjust IS Low) AND (TeamExp IS Low) AND (Length IS Medium),High,0.0,0.0,3255.0537572498524,0.0,3067.552278983071,0.2295597484276729,0.2,0.0909090909090909,2149.0
4,all,R10,IF (PointsAjust IS Medium) AND (TeamExp IS Low) AND (Length IS Low),High,0.29209621993127133,0.8088085366682523,3255.0537572498524,2632.7152661777495,3067.552278983071,0.2295597484276729,0.2,0.0909090909090909,2149.0
4,all,R11,IF (PointsAjust IS Medium) AND (TeamExp IS Medium) AND (Length IS Medium),Medium,0.0,0.0,2274.3537040187316,0.0,3067.552278983071,0.2295597484276729,0.2,0.0909090909090909,2149.0
4,all,R12,IF (PointsAjust IS High) AND (TeamExp IS High) AND (Length IS Low),Medium,0.0,0.0,2274.3537040187316,0.0,3067.552278983071,0.2295597484276729,0.2,0.0909090909090909,2149.0
4,all,R13,IF (PointsAjust IS High) AND (TeamExp IS Medium) AND (Length IS Low),High,0.0,0.0,3255.0537572498524,0.0,3067.552278983071,0.2295597484276729,0.2,0.0909090909090909,2149.0
4,all,R14,IF (PointsAjust IS High) AND (TeamExp IS High) AND (Length IS Medium),High,0.0,0.0,3255.0537572498524,0.0,3067.552278983071,0.2295597484276729,0.2,0.0909090909090909,2149.0
4,all,R15,IF (PointsAjust IS Medium) AND (TeamExp IS Low) AND (Length IS Medium),High,0.0,0.0,3255.0537572498524,0.0,3067.552278983071,0.2295597484276729,0.2,0.0909090909090909,2149.0
4,all,R16,IF (PointsAjust IS Low) AND (TeamExp IS Low) AND (Length IS High),High,0.0,0.0,3255.0537572498524,0.0,3067.552278983071,0.2295597484276729,0.2,0.0909090909090909,2149.0
4,all,R17,IF (PointsAjust IS Medium) AND (TeamExp IS High) AND (Length IS High),High,0.0,0.0,3255.0537572498524,0.0,3067.552278983071,0.2295597484276729,0.2,0.0909090909090909,2149.0
4,all,R18,IF (PointsAjust IS High) AND (TeamExp IS Medium) AND (Length IS Medium),Very_High,0.0,0.0,6817.832315338542,0.0,3067.552278983071,0.2295597484276729,0.2,0.0909090909090909,2149.0
4,all,R19,IF (PointsAjust IS Medium) AND (TeamExp IS Low) AND (Length IS High),Very_High,0.0,0.0,6817.832315338542,0.0,3067.552278983071,0.2295597484276729,0.2,0.0909090909090909,2149.0
4,all,R20,IF (PointsAjust IS High) AND (TeamExp IS Low) AND (Length IS High),Very_High,0.0,0.0,6817.832315338542,0.0,3067.552278983071,0.2295597484276729,0.2,0.0909090909090909,2149.0
5,all,R1,IF (PointsAjust IS Low) AND (TeamExp IS High) AND (Length IS Low),Very_Low,0.0,0.0,6209.333229907896,0.0,2827.614455777869,0.2044025157232704,0.2,0.0909090909090909,2821.0
5,all,R2,IF (PointsAjust IS Low) AND (TeamExp IS Medium) AND (Length IS Low),Low,0.0,0.0,1599.0501870945245,0.0,2827.614455777869,0.2044025157232704,0.2,0.0909090909090909,2821.0
5,all,R3,IF (PointsAjust IS Low) AND (TeamExp IS High) AND (Length IS Medium),Low,0.0,0.0,1599.0501870945245,0.0,2827.614455777869,0.2044025157232704,0.2,0.0909090909090909,2821.0
5,all,R4,IF (PointsAjust IS Medium) AND (TeamExp IS High) AND (Length IS Low),Low,0.0,0.0,1599.0501870945245,0.0,2827.614455777869,0.2044025157232704,0.2,0.0909090909090909,2821.0
5,all,R5,IF (PointsAjust IS Low) AND (TeamExp IS Low) AND (Length IS Low),Medium,0.10714285714285719,0.32417378388414425,2061.247829667837,668.2025084664027,2827.614455777869,0.2044025157232704,0.2,0.0909090909090909,2821.0
5,all,R6,IF (PointsAjust IS Medium) AND (TeamExp IS Medium) AND (Length IS Low),Medium,0.0,0.0,2061.247829667837,0.0,2827.614455777869,0.2044025157232704,0.2,0.0909090909090909,2821.0
5,all,R7,IF (PointsAjust IS Low) AND (TeamExp IS Medium) AND (Length IS Medium),Medium,0.0,0.0,2061.247829667837,0.0,2827.614455777869,0.2044025157232704,0.2,0.0909090909090909,2821.0
5,all,R8,IF (PointsAjust IS Medium) AND (TeamExp IS High) AND (Length IS Medium),Medium,0.0,0.0,2061.247829667837,0.0,2827.614455777869,0.2044025157232704,0.2,0.0909090909090909,2821.0
5,all,R9,IF (PointsAjust IS Low) AND (TeamExp IS Low) AND (Length IS Medium),High,0.0,0.0,3195.217787972407,0.0,2827.614455777869,0.2044025157232704,0.2,0.0909090909090909,2821.0
5,all,R10,IF (PointsAjust IS Medium) AND (TeamExp IS Low) AND (Length IS Low),High,0.22336769759450165,0.6758262161158557,3195.217787972407,2159.4119473114665,2827.614455777869,0.2044025157232704,0.2,0.0909090909090909,2821.0
5,all,R11,IF (PointsAjust IS Medium) AND (TeamExp IS Medium) AND (Length IS Medium),Medium,0.0,0.0,2061.247829667837,0.0,2827.614455777869,0.2044025157232704,0.2,0.0909090909090909,2821.0
5,all,R12,IF (PointsAjust IS High) AND (TeamExp IS High) AND (Length IS Low),Medium,0.0,0.0,2061.247829667837,0.0,2827.614455777869,0.2044025157232704,0.2,0.0909090909090909,2821.0
5,all,R13,IF (PointsAjust IS High) AND (TeamExp IS Medium) AND (Length IS Low),High,0.0,0.0,3195.217787972407,0.0,2827.614455777869,0.2044025157232704,0.2,0.0909090909090909,2821.0
5,all,R14,IF (PointsAjust IS High) AND (TeamExp IS High) AND (Length IS Medium),High,0.0,0.0,3195.217787972407,0.0,2827.614455777869,0.2044025157232704,0.2,0.0909090909090909,2821.0
5,all,R15,IF (PointsAjust IS Medium) AND (TeamExp IS Low) AND (Length IS Medium),High,0.0,0.0,3195.217787972407,0.0,2827.614455777869,0.2044025157232704,0.2,0.0909090909090909,2821.0
5,all,R16,IF (PointsAjust IS Low) AND (TeamExp IS Low) AND (Length IS High),High,0.0,0.0,3195.217787972407,0.0,2827.614455777869,0.2044025157232704,0.2,0.0909090909090909,2821.0
5,all,R17,IF (PointsAjust IS Medium) AND (TeamExp IS High) AND (Length IS High),High,0.0,0.0,3195.217787972407,0.0,2827.614455777869,0.2044025157232704,0.2,0.0909090909090909,2821.0
5,all,R18,IF (PointsAjust IS High) AND (TeamExp IS Medium) AND (Length IS Medium),Very_High,0.0,0.0,7121.743223788824,0.0,2827.614455777869,0.2044025157232704,0.2,0.0909090909090909,2821.0
5,all,R19,IF (PointsAjust IS Medium) AND (TeamExp IS Low) AND (Length IS High),Very_High,0.0,0.0,7121.743223788824,0.0,2827.614455777869,0.2044025157232704,0.2,0.0909090909090909,2821.0
5,all,R20,IF (PointsAjust IS High) AND (TeamExp IS Low) AND (Length IS High),Very_High,0.0,0.0,7121.743223788824,0.0,2827.614455777869,0.2044025157232704,0.2,0.0909090909090909,2821.0
6,all,R1,IF (PointsAjust IS Low) AND (TeamExp IS High) AND (Length IS Low),Very_Low,0.0,0.0,3895.8477229631308,0.0,3415.5122436312545,0.130503144654088,0.6,0.2424242424242424,2569.0
6,all,R2,IF (PointsAjust IS Low) AND (TeamExp IS Medium) AND (Length IS Low),Low,0.0,0.0,2451.2998826247767,0.0,3415.5122436312545,0.130503144654088,0.6,0.2424242424242424,2569.0
6,all,R3,IF (PointsAjust IS Low) AND (TeamExp IS High) AND (Length IS Medium),Low,0.0,0.0,2451.2998826247767,0.0,3415.5122436312545,0.130503144654088,0.6,0.2424242424242424,2569.0
6,all,R4,IF (PointsAjust IS Medium) AND (TeamExp IS High) AND (Length IS Low),Low,0.0,0.0,2451.2998826247767,0.0,3415.5122436312545,0.130503144654088,0.6,0.2424242424242424,2569.0
6,all,R5,IF (PointsAjust IS Low) AND (TeamExp IS Low) AND (Length IS Low),Medium,0.0,0.0,3415.5122436312545,0.0,3415.5122436312545,0.130503144654088,0.6,0.2424242424242424,2569.0
6,all,R6,IF (PointsAjust IS Medium) AND (TeamExp IS Medium) AND (Length IS Low),Medium,0.0,0.0,3415.5122436312545,0.0,3415.5122436312545,0.130503144654088,0.6,0.2424242424242424,2569.0
6,all,R7,IF (PointsAjust IS Low) AND (TeamExp IS Medium) AND (Length IS Medium),Medium,0.5257142857142859,0.9107051739973466,3415.5122436312545,3110.5246721262693,3415.5122436312545,0.130503144654088,0.6,0.2424242424242424,2569.0
6,all,R8,IF (PointsAjust IS Medium) AND (TeamExp IS High) AND (Length IS Medium),Medium,0.0,0.0,3415.5122436312545,0.0,3415.5122436312545,0.130503144654088,0.6,0.2424242424242424,2569.0
6,all,R9,IF (PointsAjust IS Low) AND (TeamExp IS Low) AND (Length IS Medium),High,0.0,0.0,3291.6636357444495,0.0,3415.5122436312545,0.130503144654088,0.6,0.2424242424242424,2569.0
6,all,R10,IF (PointsAjust IS Medium) AND (TeamExp IS Low) AND (Length IS Low),High,0.0,0.0,3291.6636357444495,0.0,3415.5122436312545,0.130503144654088,0.6,0.2424242424242424,2569.0
6,all,R11,IF (PointsAjust IS Medium) AND (TeamExp IS Medium) AND (Length IS Medium),Medium,0.05154639175257737,0.08929482600265339,3415.5122436312545,304.98757150498517,3415.5122436312545,0.130503144654088,0.6,0.2424242424242424,2569.0
6,all,R12,IF (PointsAjust IS High) AND (TeamExp IS High) AND (Length IS Low),Medium,0.0,0.0,3415.5122436312545,0.0,3415.5122436312545,0.130503144654088,0.6,0.2424242424242424,2569.0
6,all,R13,IF (PointsAjust IS High) AND (TeamExp IS Medium) AND (Length IS Low),High,0.0,0.0,3291.6636357444495,0.0,3415.5122436312545,0.130503144654088,0.6,0.2424242424242424,2569.0
6,all,R14,IF (PointsAjust IS High) AND (TeamExp IS High) AND (Length IS Medium),High,0.0,0.0,3291.6636357444495,0.0,3415.5122436312545,0.130503144654088,0.6,0.2424242424242424,2569.0
6,all,R15,IF (PointsAjust IS Medium) AND (TeamExp IS Low) AND (Length IS Medium),High,0.0,0.0,3291.6636357444495,0.0,3415.5122436312545,0.130503144654088,0.6,0.2424242424242424,2569.0
6,all,R16,IF (PointsAjust IS Low) AND (TeamExp IS Low) AND (Length IS High),High,0.0,0.0,3291.6636357444495,0.0,3415.5122436312545,0.130503144654088,0.6,0.2424242424242424,2569.0
6,all,R17,IF (PointsAjust IS Medium) AND (TeamExp IS High) AND (Length IS High),High,0.0,0.0,3291.6636357444495,0.0,3415.5122436312545,0.130503144654088,0.6,0.2424242424242424,2569.0
6,all,R18,IF (PointsAjust IS High) AND (TeamExp IS Medium) AND (Length IS Medium),Very_High,0.0,0.0,7536.362107796144,0.0,3415.5122436312545,0.130503144654088,0.6,0.2424242424242424,2569.0
6,all,R19,IF (PointsAjust IS Medium) AND (TeamExp IS Low) AND (Length IS High),Very_High,0.0,0.0,7536.362107796144,0.0,3415.5122436312545,0.130503144654088,0.6,0.2424242424242424,2569.0
6,all,R20,IF (PointsAjust IS High) AND (TeamExp IS Low) AND (Length IS High),Very_High,0.0,0.0,7536.362107796144,0.0,3415.5122436312545,0.130503144654088,0.6,0.2424242424242424,2569.0
7,all,R1,IF (PointsAjust IS Low) AND (TeamExp IS High) AND (Length IS Low),Very_Low,0.0,0.0,6015.786952667137,0.0,5103.791576113311,0.2389937106918239,0.4,0.3636363636363636,3913.0
7,all,R2,IF (PointsAjust IS Low) AND (TeamExp IS Medium) AND (Length IS Low),Low,0.0,0.0,3326.7600711677314,0.0,5103.791576113311,0.2389937106918239,0.4,0.3636363636363636,3913.0
7,all,R3,IF (PointsAjust IS Low) AND (TeamExp IS High) AND (Length IS Medium),Low,0.0,0.0,3326.7600711677314,0.0,5103.791576113311,0.2389937106918239,0.4,0.3636363636363636,3913.0
7,all,R4,IF (PointsAjust IS Medium) AND (TeamExp IS High) AND (Length IS Low),Low,0.0,0.0,3326.7600711677314,0.0,5103.791576113311,0.2389937106918239,0.4,0.3636363636363636,3913.0
7,all,R5,IF (PointsAjust IS Low) AND (TeamExp IS Low) AND (Length IS Low),Medium,0.0,0.0,5091.799102467981,0.0,5103.791576113311,0.2389937106918239,0.4,0.3636363636363636,3913.0
7,all,R6,IF (PointsAjust IS Medium) AND (TeamExp IS Medium) AND (Length IS Low),Medium,0.0,0.0,5091.799102467981,0.0,5103.791576113311,0.2389937106918239,0.4,0.3636363636363636,3913.0
7,all,R7,IF (PointsAjust IS Low) AND (TeamExp IS Medium) AND (Length IS Medium),Medium,0.0,0.0,5091.799102467981,0.0,5103.791576113311,0.2389937106918239,0.4,0.3636363636363636,3913.0
7,all,R8,IF (PointsAjust IS Medium) AND (TeamExp IS High) AND (Length IS Medium),Medium,0.0,0.0,5091.799102467981,0.0,5103.791576113311,0.2389937106918239,0.4,0.3636363636363636,3913.0
7,all,R9,IF (PointsAjust IS Low) AND (TeamExp IS Low) AND (Length IS Medium),High,0.0,0.0,2900.604437987284,0.0,5103.791576113311,0.2389937106918239,0.4,0.3636363636363636,3913.0
7,all,R10,IF (PointsAjust IS Medium) AND (TeamExp IS Low) AND (Length IS Low),High,0.0,0.0,2900.604437987284,0.0,5103.791576113311,0.2389937106918239,0.4,0.3636363636363636,3913.0
7,all,R11,IF (PointsAjust IS Medium) AND (TeamExp IS Medium) AND (Length IS Medium),Medium,0.0,0.0,5091.799102467981,0.0,5103.791576113311,0.2389937106918239,0.4,0.3636363636363636,3913.0
7,all,R12,IF (PointsAjust IS High) AND (TeamExp IS High) AND (Length IS Low),Medium,0.0,0.0,5091.799102467981,0.0,5103.791576113311,0.2389937106918239,0.4,0.3636363636363636,3913.0
7,all,R13,IF (PointsAjust IS High) AND (TeamExp IS Medium) AND (Length IS Low),High,0.0,0.0,2900.604437987284,0.0,5103.791576113311,0.2389937106918239,0.4,0.3636363636363636,3913.0
7,all,R14,IF (PointsAjust IS High) AND (TeamExp IS High) AND (Length IS Medium),High,0.0,0.0,2900.604437987284,0.0,5103.791576113311,0.2389937106918239,0.4,0.3636363636363636,3913.0
7,all,R15,IF (PointsAjust IS Medium) AND (TeamExp IS Low) AND (Length IS Medium),High,0.0,0.0,2900.604437987284,0.0,5103.791576113311,0.2389937106918239,0.4,0.3636363636363636,3913.0
7,all,R16,IF (PointsAjust IS Low) AND (TeamExp IS Low) AND (Length IS High),High,0.007009523809523806,0.14696001580923518,2900.604437987284,426.27287406294903,5103.791576113311,0.2389937106918239,0.4,0.3636363636363636,3913.0
7,all,R17,IF (PointsAjust IS Medium) AND (TeamExp IS High) AND (Length IS High),High,0.0,0.0,2900.604437987284,0.0,5103.791576113311,0.2389937106918239,0.4,0.3636363636363636,3913.0
7,all,R18,IF (PointsAjust IS High) AND (TeamExp IS Medium) AND (Length IS Medium),Very_High,0.0,0.0,5483.35223288236,0.0,5103.791576113311,0.2389937106918239,0.4,0.3636363636363636,3913.0
7,all,R19,IF (PointsAjust IS Medium) AND (TeamExp IS Low) AND (Length IS High),Very_High,0.04068728522336769,0.8530399841907648,5483.35223288236,4677.518702050364,5103.791576113311,0.2389937106918239,0.4,0.3636363636363636,3913.0
7,all,R20,IF (PointsAjust IS High) AND (TeamExp IS Low) AND (Length IS High),Very_High,0.0,0.0,5483.35223288236,0.0,5103.791576113311,0.2389937106918239,0.4,0.3636363636363636,3913.0
8,all,R1,IF (PointsAjust IS Low) AND (TeamExp IS High) AND (Length IS Low),Very_Low,0.0,0.0,4707.24693476264,0.0,5184.389812393092,0.2908805031446541,0.8,0.3333333333333333,7854.0
8,all,R2,IF (PointsAjust IS Low) AND (TeamExp IS Medium) AND (Length IS Low),Low,0.0,0.0,4831.714660922732,0.0,5184.389812393092,0.2908805031446541,0.8,0.3333333333333333,7854.0
8,all,R3,IF (PointsAjust IS Low) AND (TeamExp IS High) AND (Length IS Medium),Low,0.0,0.0,4831.714660922732,0.0,5184.389812393092,0.2908805031446541,0.8,0.3333333333333333,7854.0
8,all,R4,IF (PointsAjust IS Medium) AND (TeamExp IS High) AND (Length IS Low),Low,0.0,0.0,4831.714660922732,0.0,5184.389812393092,0.2908805031446541,0.8,0.3333333333333333,7854.0
8,all,R5,IF (PointsAjust IS Low) AND (TeamExp IS Low) AND (Length IS Low),Medium,0.0,0.0,5898.608978370721,0.0,5184.389812393092,0.2908805031446541,0.8,0.3333333333333333,7854.0
8,all,R6,IF (PointsAjust IS Medium) AND (TeamExp IS Medium) AND (Length IS Low),Medium,0.0,0.0,5898.608978370721,0.0,5184.389812393092,0.2908805031446541,0.8,0.3333333333333333,7854.0
8,all,R7,IF (PointsAjust IS Low) AND (TeamExp IS Medium) AND (Length IS Medium),Medium,0.0,0.0,5898.608978370721,0.0,5184.389812393092,0.2908805031446541,0.8,0.3333333333333333,7854.0
8,all,R8,IF (PointsAjust IS Medium) AND (TeamExp IS High) AND (Length IS Medium),Medium,0.10897435897435893,0.6645039410671404,5898.608978370721,3919.648912941363,5184.389812393092,0.2908805031446541,0.8,0.3333333333333333,7854.0
8,all,R9,IF (PointsAjust IS Low) AND (TeamExp IS Low) AND (Length IS Medium),High,0.0,0.0,3769.7638043039788,0.0,5184.389812393092,0.2908805031446541,0.8,0.3333333333333333,7854.0
8,all,R10,IF (PointsAjust IS Medium) AND (TeamExp IS Low) AND (Length IS Low),High,0.0,0.0,3769.7638043039788,0.0,5184.389812393092,0.2908805031446541,0.8,0.3333333333333333,7854.0
8,all,R11,IF (PointsAjust IS Medium) AND (TeamExp IS Medium) AND (Length IS Medium),Medium,0.0,0.0,5898.608978370721,0.0,5184.389812393092,0.2908805031446541,0.8,0.3333333333333333,7854.0
8,all,R12,IF (PointsAjust IS High) AND (TeamExp IS High) AND (Length IS Low),Medium,0.0,0.0,5898.608978370721,0.0,5184.389812393092,0.2908805031446541,0.8,0.3333333333333333,7854.0
8,all,R13,IF (PointsAjust IS High) AND (TeamExp IS Medium) AND (Length IS Low),High,0.0,0.0,3769.7638043039788,0.0,5184.389812393092,0.2908805031446541,0.8,0.3333333333333333,7854.0
8,all,R14,IF (PointsAjust IS High) AND (TeamExp IS High) AND (Length IS Medium),High,0.002711496746203903,0.016534167220631918,3769.7638043039788,62.329905122647524,5184.389812393092,0.2908805031446541,0.8,0.3333333333333333,7854.0
8,all,R15,IF (PointsAjust IS Medium) AND (TeamExp IS Low) AND (Length IS Medium),High,0.0,0.0,3769.7638043039788,0.0,5184.389812393092,0.2908805031446541,0.8,0.3333333333333333,7854.0
8,all,R16,IF (PointsAjust IS Low) AND (TeamExp IS Low) AND (Length IS High),High,0.0,0.0,3769.7638043039788,0.0,5184.389812393092,0.2908805031446541,0.8,0.3333333333333333,7854.0
8,all,R17,IF (PointsAjust IS Medium) AND (TeamExp IS High) AND (Length IS High),High,0.052307692307692326,0.31896189171222766,3769.7638043039788,1202.4109943290812,5184.389812393092,0.2908805031446541,0.8,0.3333333333333333,7854.0
8,all,R18,IF (PointsAjust IS High) AND (TeamExp IS Medium) AND (Length IS Medium),Very_High,0.0,0.0,5284.373916488694,0.0,5184.389812393092,0.2908805031446541,0.8,0.3333333333333333,7854.0
8,all,R19,IF (PointsAjust IS Medium) AND (TeamExp IS Low) AND (Length IS High),Very_High,0.0,0.0,5284.373916488694,0.0,5184.389812393092,0.2908805031446541,0.8,0.3333333333333333,7854.0
8,all,R20,IF (PointsAjust IS High) AND (TeamExp IS Low) AND (Length IS High),Very_High,0.0,0.0,5284.373916488694,0.0,5184.389812393092,0.2908805031446541,0.8,0.3333333333333333,7854.0
9,all,R1,IF (PointsAjust IS Low) AND (TeamExp IS High) AND (Length IS Low),Very_Low,0.2392857142857144,1.0,2155.574400105144,2155.574400105144,2155.574400105144,0.0644654088050314,0.8,0.0909090909090909,2422.0
9,all,R2,IF (PointsAjust IS Low) AND (TeamExp IS Medium) AND (Length IS Low),Low,0.0,0.0,1892.331187903932,0.0,2155.574400105144,0.0644654088050314,0.8,0.0909090909090909,2422.0
9,all,R3,IF (PointsAjust IS Low) AND (TeamExp IS High) AND (Length IS Medium),Low,0.0,0.0,1892.331187903932,0.0,2155.574400105144,0.0644654088050314,0.8,0.0909090909090909,2422.0
9,all,R4,IF (PointsAjust IS Medium) AND (TeamExp IS High) AND (Length IS Low),Low,0.0,0.0,1892.331187903932,0.0,2155.574400105144,0.0644654088050314,0.8,0.0909090909090909,2422.0
9,all,R5,IF (PointsAjust IS Low) AND (TeamExp IS Low) AND (Length IS Low),Medium,0.0,0.0,1830.0108961258047,0.0,2155.574400105144,0.0644654088050314,0.8,0.0909090909090909,2422.0
9,all,R6,IF (PointsAjust IS Medium) AND (TeamExp IS Medium) AND (Length IS Low),Medium,0.0,0.0,1830.0108961258047,0.0,2155.574400105144,0.0644654088050314,0.8,0.0909090909090909,2422.0
9,all,R7,IF (PointsAjust IS Low) AND (TeamExp IS Medium) AND (Length IS Medium),Medium,0.0,0.0,1830.0108961258047,0.0,2155.574400105144,0.0644654088050314,0.8,0.0909090909090909,2422.0
9,all,R8,IF (PointsAjust IS Medium) AND (TeamExp IS High) AND (Length IS Medium),Medium,0.0,0.0,1830.0108961258047,0.0,2155.574400105144,0.0644654088050314,0.8,0.0909090909090909,2422.0
9,all,R9,IF (PointsAjust IS Low) AND (TeamExp IS Low) AND (Length IS Medium),High,0.0,0.0,3862.618310350208,0.0,2155.574400105144,0.0644654088050314,0.8,0.0909090909090909,2422.0
9,all,R10,IF (PointsAjust IS Medium) AND (TeamExp IS Low) AND (Length IS Low),High,0.0,0.0,3862.618310350208,0.0,2155.574400105144,0.0644654088050314,0.8,0.0909090909090909,2422.0
9,all,R11,IF (PointsAjust IS Medium) AND (TeamExp IS Medium) AND (Length IS Medium),Medium,0.0,0.0,1830.0108961258047,0.0,2155.574400105144,0.0644654088050314,0.8,0.0909090909090909,2422.0
9,all,R12,IF (PointsAjust IS High) AND (TeamExp IS High) AND (Length IS Low),Medium,0.0,0.0,1830.0108961258047,0.0,2155.574400105144,0.0644654088050314,0.8,0.0909090909090909,2422.0
9,all,R13,IF (PointsAjust IS High) AND (TeamExp IS Medium) AND (Length IS Low),High,0.0,0.0,3862.618310350208,0.0,2155.574400105144,0.0644654088050314,0.8,0.0909090909090909,2422.0
9,all,R14,IF (PointsAjust IS High) AND (TeamExp IS High) AND (Length IS Medium),High,0.0,0.0,3862.618310350208,0.0,2155.574400105144,0.0644654088050314,0.8,0.0909090909090909,2422.0
9,all,R15,IF (PointsAjust IS Medium) AND (TeamExp IS Low) AND (Length IS Medium),High,0.0,0.0,3862.618310350208,0.0,2155.574400105144,0.0644654088050314,0.8,0.0909090909090909,2422.0
9,all,R16,IF (PointsAjust IS Low) AND (TeamExp IS Low) AND (Length IS High),High,0.0,0.0,3862.618310350208,0.0,2155.574400105144,0.0644654088050314,0.8,0.0909090909090909,2422.0
9,all,R17,IF (PointsAjust IS Medium) AND (TeamExp IS High) AND (Length IS High),High,0.0,0.0,3862.618310350208,0.0,2155.574400105144,0.0644654088050314,0.8,0.0909090909090909,2422.0
9,all,R18,IF (PointsAjust IS High) AND (TeamExp IS Medium) AND (Length IS Medium),Very_High,0.0,0.0,9227.51521500848,0.0,2155.574400105144,0.0644654088050314,0.8,0.0909090909090909,2422.0
9,all,R19,IF (PointsAjust IS Medium) AND (TeamExp IS Low) AND (Length IS High),Very_High,0.0,0.0,9227.51521500848,0.0,2155.574400105144,0.0644654088050314,0.8,0.0909090909090909,2422.0
9,all,R20,IF (PointsAjust IS High) AND (TeamExp IS Low) AND (Length IS High),Very_High,0.0,0.0,9227.51521500848,0.0,2155.574400105144,0.0644654088050314,0.8,0.0909090909090909,2422.0
10,all,R1,IF (PointsAjust IS Low) AND (TeamExp IS High) AND (Length IS Low),Very_Low,0.0,0.0,4016.9006762396025,0.0,3355.4785157639653,0.2751572327044025,1.0,0.6060606060606061,4067.0
10,all,R2,IF (PointsAjust IS Low) AND (TeamExp IS Medium) AND (Length IS Low),Low,0.0,0.0,6073.08539623188,0.0,3355.4785157639653,0.2751572327044025,1.0,0.6060606060606061,4067.0
10,all,R3,IF (PointsAjust IS Low) AND (TeamExp IS High) AND (Length IS Medium),Low,0.0,0.0,6073.08539623188,0.0,3355.4785157639653,0.2751572327044025,1.0,0.6060606060606061,4067.0
10,all,R4,IF (PointsAjust IS Medium) AND (TeamExp IS High) AND (Length IS Low),Low,0.0,0.0,6073.08539623188,0.0,3355.4785157639653,0.2751572327044025,1.0,0.6060606060606061,4067.0
10,all,R5,IF (PointsAjust IS Low) AND (TeamExp IS Low) AND (Length IS Low),Medium,0.0,0.0,8502.948502469077,0.0,3355.4785157639653,0.2751572327044025,1.0,0.6060606060606061,4067.0
10,all,R6,IF (PointsAjust IS Medium) AND (TeamExp IS Medium) AND (Length IS Low),Medium,0.0,0.0,8502.948502469077,0.0,3355.4785157639653,0.2751572327044025,1.0,0.6060606060606061,4067.0
10,all,R7,IF (PointsAjust IS Low) AND (TeamExp IS Medium) AND (Length IS Medium),Medium,0.0,0.0,8502.948502469077,0.0,3355.4785157639653,0.2751572327044025,1.0,0.6060606060606061,4067.0
10,all,R8,IF (PointsAjust IS Medium) AND (TeamExp IS High) AND (Length IS Medium),Medium,0.0,0.0,8502.948502469077,0.0,3355.4785157639653,0.2751572327044025,1.0,0.6060606060606061,4067.0
10,all,R9,IF (PointsAjust IS Low) AND (TeamExp IS Low) AND (Length IS Medium),High,0.0,0.0,3355.4785157639653,0.0,3355.4785157639653,0.2751572327044025,1.0,0.6060606060606061,4067.0
10,all,R10,IF (PointsAjust IS Medium) AND (TeamExp IS Low) AND (Length IS Low),High,0.0,0.0,3355.4785157639653,0.0,3355.4785157639653,0.2751572327044025,1.0,0.6060606060606061,4067.0
10,all,R11,IF (PointsAjust IS Medium) AND (TeamExp IS Medium) AND (Length IS Medium),Medium,0.0,0.0,8502.948502469077,0.0,3355.4785157639653,0.2751572327044025,1.0,0.6060606060606061,4067.0
10,all,R12,IF (PointsAjust IS High) AND (TeamExp IS High) AND (Length IS Low),Medium,0.0,0.0,8502.948502469077,0.0,3355.4785157639653,0.2751572327044025,1.0,0.6060606060606061,4067.0
10,all,R13,IF (PointsAjust IS High) AND (TeamExp IS Medium) AND (Length IS Low),High,0.0,0.0,3355.4785157639653,0.0,3355.4785157639653,0.2751572327044025,1.0,0.6060606060606061,4067.0
10,all,R14,IF (PointsAjust IS High) AND (TeamExp IS High) AND (Length IS Medium),High,0.0,0.0,3355.4785157639653,0.0,3355.4785157639653,0.2751572327044025,1.0,0.6060606060606061,4067.0
10,all,R15,IF (PointsAjust IS Medium) AND (TeamExp IS Low) AND (Length IS Medium),High,0.0,0.0,3355.4785157639653,0.0,3355.4785157639653,0.2751572327044025,1.0,0.6060606060606061,4067.0
10,all,R16,IF (PointsAjust IS Low) AND (TeamExp IS Low) AND (Length IS High),High,0.0,0.0,3355.4785157639653,0.0,3355.4785157639653,0.2751572327044025,1.0,0.6060606060606061,4067.0
10,all,R17,IF (PointsAjust IS Medium) AND (TeamExp IS High) AND (Length IS High),High,0.48000000000000004,1.0,3355.4785157639653,3355.4785157639653,3355.4785157639653,0.2751572327044025,1.0,0.6060606060606061,4067.0
10,all,R18,IF (PointsAjust IS High) AND (TeamExp IS Medium) AND (Length IS Medium),Very_High,0.0,0.0,4253.804742482795,0.0,3355.4785157639653,0.2751572327044025,1.0,0.6060606060606061,4067.0
10,all,R19,IF (PointsAjust IS Medium) AND (TeamExp IS Low) AND (Length IS High),Very_High,0.0,0.0,4253.804742482795,0.0,3355.4785157639653,0.2751572327044025,1.0,0.6060606060606061,4067.0
10,all,R20,IF (PointsAjust IS High) AND (TeamExp IS Low) AND (Length IS High),Very_High,0.0,0.0,4253.804742482795,0.0,3355.4785157639653,0.2751572327044025,1.0,0.6060606060606061,4067.0
11,all,R1,IF (PointsAjust IS Low) AND (TeamExp IS High) AND (Length IS Low),Very_Low,0.0,0.05,6168.070268149346,308.4035134074673,4935.571885930283,0.3286163522012578,0.6,0.4848484848484848,9051.0
11,all,R2,IF (PointsAjust IS Low) AND (TeamExp IS Medium) AND (Length IS Low),Low,0.0,0.05,5117.117584463795,255.85587922318973,4935.571885930283,0.3286163522012578,0.6,0.4848484848484848,9051.0
11,all,R3,IF (PointsAjust IS Low) AND (TeamExp IS High) AND (Length IS Medium),Low,0.0,0.05,5117.117584463795,255.85587922318973,4935.571885930283,0.3286163522012578,0.6,0.4848484848484848,9051.0
11,all,R4,IF (PointsAjust IS Medium) AND (TeamExp IS High) AND (Length IS Low),Low,0.0,0.05,5117.117584463795,255.85587922318973,4935.571885930283,0.3286163522012578,0.6,0.4848484848484848,9051.0
11,all,R5,IF (PointsAjust IS Low) AND (TeamExp IS Low) AND (Length IS Low),Medium,0.0,0.05,7244.366217231414,362.2183108615707,4935.571885930283,0.3286163522012578,0.6,0.4848484848484848,9051.0
11,all,R6,IF (PointsAjust IS Medium) AND (TeamExp IS Medium) AND (Length IS Low),Medium,0.0,0.05,7244.366217231414,362.2183108615707,4935.571885930283,0.3286163522012578,0.6,0.4848484848484848,9051.0
11,all,R7,IF (PointsAjust IS Low) AND (TeamExp IS Medium) AND (Length IS Medium),Medium,0.0,0.05,7244.366217231414,362.2183108615707,4935.571885930283,0.3286163522012578,0.6,0.4848484848484848,9051.0
11,all,R8,IF (PointsAjust IS Medium) AND (TeamExp IS High) AND (Length IS Medium),Medium,0.0,0.05,7244.366217231414,362.2183108615707,4935.571885930283,0.3286163522012578,0.6,0.4848484848484848,9051.0
11,all,R9,IF (PointsAjust IS Low) AND (TeamExp IS Low) AND (Length IS Medium),High,0.0,0.05,3131.493664261094,156.57468321305473,4935.571885930283,0.3286163522012578,0.6,0.4848484848484848,9051.0
11,all,R10,IF (PointsAjust IS Medium) AND (TeamExp IS Low) AND (Length IS Low),High,0.0,0.05,3131.493664261094,156.57468321305473,4935.571885930283,0.3286163522012578,0.6,0.4848484848484848,9051.0
11,all,R11,IF (PointsAjust IS Medium) AND (TeamExp IS Medium) AND (Length IS Medium),Medium,0.0,0.05,7244.366217231414,362.2183108615707,4935.571885930283,0.3286163522012578,0.6,0.4848484848484848,9051.0
11,all,R12,IF (PointsAjust IS High) AND (TeamExp IS High) AND (Length IS Low),Medium,0.0,0.05,7244.366217231414,362.2183108615707,4935.571885930283,0.3286163522012578,0.6,0.4848484848484848,9051.0
11,all,R13,IF (PointsAjust IS High) AND (TeamExp IS Medium) AND (Length IS Low),High,0.0,0.05,3131.493664261094,156.57468321305473,4935.571885930283,0.3286163522012578,0.6,0.4848484848484848,9051.0
11,all,R14,IF (PointsAjust IS High) AND (TeamExp IS High) AND (Length IS Medium),High,0.0,0.05,3131.493664261094,156.57468321305473,4935.571885930283,0.3286163522012578,0.6,0.4848484848484848,9051.0
11,all,R15,IF (PointsAjust IS Medium) AND (TeamExp IS Low) AND (Length IS Medium),High,0.0,0.05,3131.493664261094,156.57468321305473,4935.571885930283,0.3286163522012578,0.6,0.4848484848484848,9051.0
11,all,R16,IF (PointsAjust IS Low) AND (TeamExp IS Low) AND (Length IS High),High,0.0,0.05,3131.493664261094,156.57468321305473,4935.571885930283,0.3286163522012578,0.6,0.4848484848484848,9051.0
11,all,R17,IF (PointsAjust IS Medium) AND (TeamExp IS High) AND (Length IS High),High,0.0,0.05,3131.493664261094,156.57468321305473,4935.571885930283,0.3286163522012578,0.6,0.4848484848484848,9051.0
11,all,R18,IF (PointsAjust IS High) AND (TeamExp IS Medium) AND (Length IS Medium),Very_High,0.0,0.05,3935.1205812829267,196.75602906414633,4935.571885930283,0.3286163522012578,0.6,0.4848484848484848,9051.0
11,all,R19,IF (PointsAjust IS Medium) AND (TeamExp IS Low) AND (Length IS High),Very_High,0.0,0.05,3935.1205812829267,196.75602906414633,4935.571885930283,0.3286163522012578,0.6,0.4848484848484848,9051.0
11,all,R20,IF (PointsAjust IS High) AND (TeamExp IS Low) AND (Length IS High),Very_High,0.0,0.05,3935.1205812829267,196.75602906414633,4935.571885930283,0.3286163522012578,0.6,0.4848484848484848,9051.0
12,all,R1,IF (PointsAjust IS Low) AND (TeamExp IS High) AND (Length IS Low),Very_Low,0.0,0.0,3664.5462527591117,0.0,725.2838255961034,0.040880503144654,0.4,0.0606060606060606,2282.0
12,all,R2,IF (PointsAjust IS Low) AND (TeamExp IS Medium) AND (Length IS Low),Low,0.0,0.0,473.22804343358007,0.0,725.2838255961034,0.040880503144654,0.4,0.0606060606060606,2282.0
12,all,R3,IF (PointsAjust IS Low) AND (TeamExp IS High) AND (Length IS Medium),Low,0.0,0.0,473.22804343358007,0.0,725.2838255961034,0.040880503144654,0.4,0.0606060606060606,2282.0
12,all,R4,IF (PointsAjust IS Medium) AND (TeamExp IS High) AND (Length IS Low),Low,0.0,0.0,473.22804343358007,0.0,725.2838255961034,0.040880503144654,0.4,0.0606060606060606,2282.0
12,all,R5,IF (PointsAjust IS Low) AND (TeamExp IS Low) AND (Length IS Low),Medium,0.21285714285714288,1.0,725.2838255961033,725.2838255961033,725.2838255961034,0.040880503144654,0.4,0.0606060606060606,2282.0
12,all,R6,IF (PointsAjust IS Medium) AND (TeamExp IS Medium) AND (Length IS Low),Medium,0.0,0.0,725.2838255961033,0.0,725.2838255961034,0.040880503144654,0.4,0.0606060606060606,2282.0
12,all,R7,IF (PointsAjust IS Low) AND (TeamExp IS Medium) AND (Length IS Medium),Medium,0.0,0.0,725.2838255961033,0.0,725.2838255961034,0.040880503144654,0.4,0.0606060606060606,2282.0
12,all,R8,IF (PointsAjust IS Medium) AND (TeamExp IS High) AND (Length IS Medium),Medium,0.0,0.0,725.2838255961033,0.0,725.2838255961034,0.040880503144654,0.4,0.0606060606060606,2282.0
12,all,R9,IF (PointsAjust IS Low) AND (TeamExp IS Low) AND (Length IS Medium),High,0.0,0.0,3218.6189668564484,0.0,725.2838255961034,0.040880503144654,0.4,0.0606060606060606,2282.0
12,all,R10,IF (PointsAjust IS Medium) AND (TeamExp IS Low) AND (Length IS Low),High,0.0,0.0,3218.6189668564484,0.0,725.2838255961034,0.040880503144654,0.4,0.0606060606060606,2282.0
12,all,R11,IF (PointsAjust IS Medium) AND (TeamExp IS Medium) AND (Length IS Medium),Medium,0.0,0.0,725.2838255961033,0.0,725.2838255961034,0.040880503144654,0.4,0.0606060606060606,2282.0
12,all,R12,IF (PointsAjust IS High) AND (TeamExp IS High) AND (Length IS Low),Medium,0.0,0.0,725.2838255961033,0.0,725.2838255961034,0.040880503144654,0.4,0.0606060606060606,2282.0
12,all,R13,IF (PointsAjust IS High) AND (TeamExp IS Medium) AND (Length IS Low),High,0.0,0.0,3218.6189668564484,0.0,725.2838255961034,0.040880503144654,0.4,0.0606060606060606,2282.0
12,all,R14,IF (PointsAjust IS High) AND (TeamExp IS High) AND (Length IS Medium),High,0.0,0.0,3218.6189668564484,0.0,725.2838255961034,0.040880503144654,0.4,0.0606060606060606,2282.0
12,all,R15,IF (PointsAjust IS Medium) AND (TeamExp IS Low) AND (Length IS Medium),High,0.0,0.0,3218.6189668564484,0.0,725.2838255961034,0.040880503144654,0.4,0.0606060606060606,2282.0
12,all,R16,IF (PointsAjust IS Low) AND (TeamExp IS Low) AND (Length IS High),High,0.0,0.0,3218.6189668564484,0.0,725.2838255961034,0.040880503144654,0.4,0.0606060606060606,2282.0
12,all,R17,IF (PointsAjust IS Medium) AND (TeamExp IS High) AND (Length IS High),High,0.0,0.0,3218.6189668564484,0.0,725.2838255961034,0.040880503144654,0.4,0.0606060606060606,2282.0
12,all,R18,IF (PointsAjust IS High) AND (TeamExp IS Medium) AND (Length IS Medium),Very_High,0.0,0.0,9386.579540012388,0.0,725.2838255961034,0.040880503144654,0.4,0.0606060606060606,2282.0
12,all,R19,IF (PointsAjust IS Medium) AND (TeamExp IS Low) AND (Length IS High),Very_High,0.0,0.0,9386.579540012388,0.0,725.2838255961034,0.040880503144654,0.4,0.0606060606060606,2282.0
12,all,R20,IF (PointsAjust IS High) AND (TeamExp IS Low) AND (Length IS High),Very_High,0.0,0.0,9386.579540012388,0.0,725.2838255961034,0.040880503144654,0.4,0.0606060606060606,2282.0
13,all,R1,IF (PointsAjust IS Low) AND (TeamExp IS High) AND (Length IS Low),Very_Low,0.007500000000000008,0.020970957745802224,4067.935643451812,85.30850649147074,4297.4233998897225,0.2421383647798742,0.8,0.2121212121212121,4172.0
13,all,R2,IF (PointsAjust IS Low) AND (TeamExp IS Medium) AND (Length IS Low),Low,0.0,0.0,3985.1449587672832,0.0,4297.4233998897225,0.2421383647798742,0.8,0.2121212121212121,4172.0
13,all,R3,IF (PointsAjust IS Low) AND (TeamExp IS High) AND (Length IS Medium),Low,0.040000000000000036,0.11184510797761182,3985.1449587672832,445.7189682197622,4297.4233998897225,0.2421383647798742,0.8,0.2121212121212121,4172.0
13,all,R4,IF (PointsAjust IS Medium) AND (TeamExp IS High) AND (Length IS Low),Low,0.048969072164948474,0.13692377909630307,3985.1449587672832,545.6611080009973,4297.4233998897225,0.2421383647798742,0.8,0.2121212121212121,4172.0
13,all,R5,IF (PointsAjust IS Low) AND (TeamExp IS Low) AND (Length IS Low),Medium,0.0,0.0,4410.39374027243,0.0,4297.4233998897225,0.2421383647798742,0.8,0.2121212121212121,4172.0
13,all,R6,IF (PointsAjust IS Medium) AND (TeamExp IS Medium) AND (Length IS Low),Medium,0.0,0.0,4410.39374027243,0.0,4297.4233998897225,0.2421383647798742,0.8,0.2121212121212121,4172.0
13,all,R7,IF (PointsAjust IS Low) AND (TeamExp IS Medium) AND (Length IS Medium),Medium,0.0,0.0,4410.39374027243,0.0,4297.4233998897225,0.2421383647798742,0.8,0.2121212121212121,4172.0
13,all,R8,IF (PointsAjust IS Medium) AND (TeamExp IS High) AND (Length IS Medium),Medium,0.2611683848797251,0.7302601551802828,4410.39374027243,3220.734817177492,4297.4233998897225,0.2421383647798742,0.8,0.2121212121212121,4172.0
13,all,R9,IF (PointsAjust IS Low) AND (TeamExp IS Low) AND (Length IS Medium),High,0.0,0.0,3969.5207286005466,0.0,4297.4233998897225,0.2421383647798742,0.8,0.2121212121212121,4172.0
13,all,R10,IF (PointsAjust IS Medium) AND (TeamExp IS Low) AND (Length IS Low),High,0.0,0.0,3969.5207286005466,0.0,4297.4233998897225,0.2421383647798742,0.8,0.2121212121212121,4172.0
13,all,R11,IF (PointsAjust IS Medium) AND (TeamExp IS Medium) AND (Length IS Medium),Medium,0.0,0.0,4410.39374027243,0.0,4297.4233998897225,0.2421383647798742,0.8,0.2121212121212121,4172.0
13,all,R12,IF (PointsAjust IS High) AND (TeamExp IS High) AND (Length IS Low),Medium,0.0,0.0,4410.39374027243,0.0,4297.4233998897225,0.2421383647798742,0.8,0.2121212121212121,4172.0
13,all,R13,IF (PointsAjust IS High) AND (TeamExp IS Medium) AND (Length IS Low),High,0.0,0.0,3969.5207286005466,0.0,4297.4233998897225,0.2421383647798742,0.8,0.2121212121212121,4172.0
13,all,R14,IF (PointsAjust IS High) AND (TeamExp IS High) AND (Length IS Medium),High,0.0,0.0,3969.5207286005466,0.0,4297.4233998897225,0.2421383647798742,0.8,0.2121212121212121,4172.0
13,all,R15,IF (PointsAjust IS Medium) AND (TeamExp IS Low) AND (Length IS Medium),High,0.0,0.0,3969.5207286005466,0.0,4297.4233998897225,0.2421383647798742,0.8,0.2121212121212121,4172.0
13,all,R16,IF (PointsAjust IS Low) AND (TeamExp IS Low) AND (Length IS High),High,0.0,0.0,3969.5207286005466,0.0,4297.4233998897225,0.2421383647798742,0.8,0.2121212121212121,4172.0
13,all,R17,IF (PointsAjust IS Medium) AND (TeamExp IS High) AND (Length IS High),High,0.0,0.0,3969.5207286005466,0.0,4297.4233998897225,0.2421383647798742,0.8,0.2121212121212121,4172.0
13,all,R18,IF (PointsAjust IS High) AND (TeamExp IS Medium) AND (Length IS Medium),Very_High,0.0,0.0,6477.172862844736,0.0,4297.4233998897225,0.2421383647798742,0.8,0.2121212121212121,4172.0
13,all,R19,IF (PointsAjust IS Medium) AND (TeamExp IS Low) AND (Length IS High),Very_High,0.0,0.0,6477.172862844736,0.0,4297.4233998897225,0.2421383647798742,0.8,0.2121212121212121,4172.0
13,all,R20,IF (PointsAjust IS High) AND (TeamExp IS Low) AND (Length IS High),Very_High,0.0,0.0,6477.172862844736,0.0,4297.4233998897225,0.2421383647798742,0.8,0.2121212121212121,4172.0
14,all,R1,IF (PointsAjust IS Low) AND (TeamExp IS High) AND (Length IS Low),Very_Low,0.0,0.0,4831.366699359655,0.0,4612.944950705565,0.4056603773584906,1.0,0.2424242424242424,4977.0
14,all,R2,IF (PointsAjust IS Low) AND (TeamExp IS Medium) AND (Length IS Low),Low,0.0,0.0,6208.241607967859,0.0,4612.944950705565,0.4056603773584906,1.0,0.2424242424242424,4977.0
14,all,R3,IF (PointsAjust IS Low) AND (TeamExp IS High) AND (Length IS Medium),Low,0.0,0.0,6208.241607967859,0.0,4612.944950705565,0.4056603773584906,1.0,0.2424242424242424,4977.0
14,all,R4,IF (PointsAjust IS Medium) AND (TeamExp IS High) AND (Length IS Low),Low,0.0,0.0,6208.241607967859,0.0,4612.944950705565,0.4056603773584906,1.0,0.2424242424242424,4977.0
14,all,R5,IF (PointsAjust IS Low) AND (TeamExp IS Low) AND (Length IS Low),Medium,0.0,0.0,6382.467406034042,0.0,4612.944950705565,0.4056603773584906,1.0,0.2424242424242424,4977.0
14,all,R6,IF (PointsAjust IS Medium) AND (TeamExp IS Medium) AND (Length IS Low),Medium,0.0,0.0,6382.467406034042,0.0,4612.944950705565,0.4056603773584906,1.0,0.2424242424242424,4977.0
14,all,R7,IF (PointsAjust IS Low) AND (TeamExp IS Medium) AND (Length IS Medium),Medium,0.0,0.0,6382.467406034042,0.0,4612.944950705565,0.4056603773584906,1.0,0.2424242424242424,4977.0
14,all,R8,IF (PointsAjust IS Medium) AND (TeamExp IS High) AND (Length IS Medium),Medium,0.0,0.0,6382.467406034042,0.0,4612.944950705565,0.4056603773584906,1.0,0.2424242424242424,4977.0
14,all,R9,IF (PointsAjust IS Low) AND (TeamExp IS Low) AND (Length IS Medium),High,0.0,0.0,4612.944950705565,0.0,4612.944950705565,0.4056603773584906,1.0,0.2424242424242424,4977.0
14,all,R10,IF (PointsAjust IS Medium) AND (TeamExp IS Low) AND (Length IS Low),High,0.0,0.0,4612.944950705565,0.0,4612.944950705565,0.4056603773584906,1.0,0.2424242424242424,4977.0
14,all,R11,IF (PointsAjust IS Medium) AND (TeamExp IS Medium) AND (Length IS Medium),Medium,0.0,0.0,6382.467406034042,0.0,4612.944950705565,0.4056603773584906,1.0,0.2424242424242424,4977.0
14,all,R12,IF (PointsAjust IS High) AND (TeamExp IS High) AND (Length IS Low),Medium,0.0,0.0,6382.467406034042,0.0,4612.944950705565,0.4056603773584906,1.0,0.2424242424242424,4977.0
14,all,R13,IF (PointsAjust IS High) AND (TeamExp IS Medium) AND (Length IS Low),High,0.0,0.0,4612.944950705565,0.0,4612.944950705565,0.4056603773584906,1.0,0.2424242424242424,4977.0
14,all,R14,IF (PointsAjust IS High) AND (TeamExp IS High) AND (Length IS Medium),High,0.18004338394793928,1.0,4612.944950705565,4612.944950705565,4612.944950705565,0.4056603773584906,1.0,0.2424242424242424,4977.0
14,all,R15,IF (PointsAjust IS Medium) AND (TeamExp IS Low) AND (Length IS Medium),High,0.0,0.0,4612.944950705565,0.0,4612.944950705565,0.4056603773584906,1.0,0.2424242424242424,4977.0
14,all,R16,IF (PointsAjust IS Low) AND (TeamExp IS Low) AND (Length IS High),High,0.0,0.0,4612.944950705565,0.0,4612.944950705565,0.4056603773584906,1.0,0.2424242424242424,4977.0
14,all,R17,IF (PointsAjust IS Medium) AND (TeamExp IS High) AND (Length IS High),High,0.0,0.0,4612.944950705565,0.0,4612.944950705565,0.4056603773584906,1.0,0.2424242424242424,4977.0
14,all,R18,IF (PointsAjust IS High) AND (TeamExp IS Medium) AND (Length IS Medium),Very_High,0.0,0.0,4489.18158859781,0.0,4612.944950705565,0.4056603773584906,1.0,0.2424242424242424,4977.0
14,all,R19,IF (PointsAjust IS Medium) AND (TeamExp IS Low) AND (Length IS High),Very_High,0.0,0.0,4489.18158859781,0.0,4612.944950705565,0.4056603773584906,1.0,0.2424242424242424,4977.0
14,all,R20,IF (PointsAjust IS High) AND (TeamExp IS Low) AND (Length IS High),Very_High,0.0,0.0,4489.18158859781,0.0,4612.944950705565,0.4056603773584906,1.0,0.2424242424242424,4977.0
15,all,R1,IF (PointsAjust IS Low) AND (TeamExp IS High) AND (Length IS Low),Very_Low,0.030357142857142885,0.1258426394647809,3074.335680887254,386.88251668360635,3113.5032695358395,0.1415094339622641,0.8,0.2121212121212121,1617.0
15,all,R2,IF (PointsAjust IS Low) AND (TeamExp IS Medium) AND (Length IS Low),Low,0.0,0.0,3012.4666612391648,0.0,3113.5032695358395,0.1415094339622641,0.8,0.2121212121212121,1617.0
15,all,R3,IF (PointsAjust IS Low) AND (TeamExp IS High) AND (Length IS Medium),Low,0.161904761904762,0.6711607438121645,3012.4666612391648,2021.8493650666255,3113.5032695358395,0.1415094339622641,0.8,0.2121212121212121,1617.0
15,all,R4,IF (PointsAjust IS Medium) AND (TeamExp IS High) AND (Length IS Low),Low,0.007731958762886602,0.03205209737732441,3012.4666612391648,96.55587477198105,3113.5032695358395,0.1415094339622641,0.8,0.2121212121212121,1617.0
15,all,R5,IF (PointsAjust IS Low) AND (TeamExp IS Low) AND (Length IS Low),Medium,0.0,0.0,3557.970242868852,0.0,3113.5032695358395,0.1415094339622641,0.8,0.2121212121212121,1617.0
15,all,R6,IF (PointsAjust IS Medium) AND (TeamExp IS Medium) AND (Length IS Low),Medium,0.0,0.0,3557.970242868852,0.0,3113.5032695358395,0.1415094339622641,0.8,0.2121212121212121,1617.0
15,all,R7,IF (PointsAjust IS Low) AND (TeamExp IS Medium) AND (Length IS Medium),Medium,0.0,0.0,3557.970242868852,0.0,3113.5032695358395,0.1415094339622641,0.8,0.2121212121212121,1617.0
15,all,R8,IF (PointsAjust IS Medium) AND (TeamExp IS High) AND (Length IS Medium),Medium,0.04123711340206186,0.17094451934573013,3557.970242868852,608.2155130136266,3113.5032695358395,0.1415094339622641,0.8,0.2121212121212121,1617.0
15,all,R9,IF (PointsAjust IS Low) AND (TeamExp IS Low) AND (Length IS Medium),High,0.0,0.0,3730.1768514907662,0.0,3113.5032695358395,0.1415094339622641,0.8,0.2121212121212121,1617.0
15,all,R10,IF (PointsAjust IS Medium) AND (TeamExp IS Low) AND (Length IS Low),High,0.0,0.0,3730.1768514907662,0.0,3113.5032695358395,0.1415094339622641,0.8,0.2121212121212121,1617.0
15,all,R11,IF (PointsAjust IS Medium) AND (TeamExp IS Medium) AND (Length IS Medium),Medium,0.0,0.0,3557.970242868852,0.0,3113.5032695358395,0.1415094339622641,0.8,0.2121212121212121,1617.0
15,all,R12,IF (PointsAjust IS High) AND (TeamExp IS High) AND (Length IS Low),Medium,0.0,0.0,3557.970242868852,0.0,3113.5032695358395,0.1415094339622641,0.8,0.2121212121212121,1617.0
15,all,R13,IF (PointsAjust IS High) AND (TeamExp IS Medium) AND (Length IS Low),High,0.0,0.0,3730.1768514907662,0.0,3113.5032695358395,0.1415094339622641,0.8,0.2121212121212121,1617.0
15,all,R14,IF (PointsAjust IS High) AND (TeamExp IS High) AND (Length IS Medium),High,0.0,0.0,3730.1768514907662,0.0,3113.5032695358395,0.1415094339622641,0.8,0.2121212121212121,1617.0
15,all,R15,IF (PointsAjust IS Medium) AND (TeamExp IS Low) AND (Length IS Medium),High,0.0,0.0,3730.1768514907662,0.0,3113.5032695358395,0.1415094339622641,0.8,0.2121212121212121,1617.0
15,all,R16,IF (PointsAjust IS Low) AND (TeamExp IS Low) AND (Length IS High),High,0.0,0.0,3730.1768514907662,0.0,3113.5032695358395,0.1415094339622641,0.8,0.2121212121212121,1617.0
15,all,R17,IF (PointsAjust IS Medium) AND (TeamExp IS High) AND (Length IS High),High,0.0,0.0,3730.1768514907662,0.0,3113.5032695358395,0.1415094339622641,0.8,0.2121212121212121,1617.0
15,all,R18,IF (PointsAjust IS High) AND (TeamExp IS Medium) AND (Length IS Medium),Very_High,0.0,0.0,7692.816496645869,0.0,3113.5032695358395,0.1415094339622641,0.8,0.2121212121212121,1617.0
15,all,R19,IF (PointsAjust IS Medium) AND (TeamExp IS Low) AND (Length IS High),Very_High,0.0,0.0,7692.816496645869,0.0,3113.5032695358395,0.1415094339622641,0.8,0.2121212121212121,1617.0
15,all,R20,IF (PointsAjust IS High) AND (TeamExp IS Low) AND (Length IS High),Very_High,0.0,0.0,7692.816496645869,0.0,3113.5032695358395,0.1415094339622641,0.8,0.2121212121212121,1617.0
16,all,R1,IF (PointsAjust IS Low) AND (TeamExp IS High) AND (Length IS Low),Very_Low,0.09214285714285717,0.15789473684210528,1500.5577460036493,236.93017042162887,2672.624978386596,0.0723270440251572,1.0,0.2121212121212121,3192.0
16,all,R2,IF (PointsAjust IS Low) AND (TeamExp IS Medium) AND (Length IS Low),Low,0.0,0.0,2892.387584458398,0.0,2672.624978386596,0.0723270440251572,1.0,0.2121212121212121,3192.0
16,all,R3,IF (PointsAjust IS Low) AND (TeamExp IS High) AND (Length IS Medium),Low,0.49142857142857144,0.8421052631578947,2892.387584458398,2435.694807964967,2672.624978386596,0.0723270440251572,1.0,0.2121212121212121,3192.0
16,all,R4,IF (PointsAjust IS Medium) AND (TeamExp IS High) AND (Length IS Low),Low,0.0,0.0,2892.387584458398,0.0,2672.624978386596,0.0723270440251572,1.0,0.2121212121212121,3192.0
16,all,R5,IF (PointsAjust IS Low) AND (TeamExp IS Low) AND (Length IS Low),Medium,0.0,0.0,3289.9839192488316,0.0,2672.624978386596,0.0723270440251572,1.0,0.2121212121212121,3192.0
16,all,R6,IF (PointsAjust IS Medium) AND (TeamExp IS Medium) AND (Length IS Low),Medium,0.0,0.0,3289.9839192488316,0.0,2672.624978386596,0.0723270440251572,1.0,0.2121212121212121,3192.0
16,all,R7,IF (PointsAjust IS Low) AND (TeamExp IS Medium) AND (Length IS Medium),Medium,0.0,0.0,3289.9839192488316,0.0,2672.624978386596,0.0723270440251572,1.0,0.2121212121212121,3192.0
16,all,R8,IF (PointsAjust IS Medium) AND (TeamExp IS High) AND (Length IS Medium),Medium,0.0,0.0,3289.9839192488316,0.0,2672.624978386596,0.0723270440251572,1.0,0.2121212121212121,3192.0
16,all,R9,IF (PointsAjust IS Low) AND (TeamExp IS Low) AND (Length IS Medium),High,0.0,0.0,3899.0406364723217,0.0,2672.624978386596,0.0723270440251572,1.0,0.2121212121212121,3192.0
16,all,R10,IF (PointsAjust IS Medium) AND (TeamExp IS Low) AND (Length IS Low),High,0.0,0.0,3899.0406364723217,0.0,2672.624978386596,0.0723270440251572,1.0,0.2121212121212121,3192.0
16,all,R11,IF (PointsAjust IS Medium) AND (TeamExp IS Medium) AND (Length IS Medium),Medium,0.0,0.0,3289.9839192488316,0.0,2672.624978386596,0.0723270440251572,1.0,0.2121212121212121,3192.0
16,all,R12,IF (PointsAjust IS High) AND (TeamExp IS High) AND (Length IS Low),Medium,0.0,0.0,3289.9839192488316,0.0,2672.624978386596,0.0723270440251572,1.0,0.2121212121212121,3192.0
16,all,R13,IF (PointsAjust IS High) AND (TeamExp IS Medium) AND (Length IS Low),High,0.0,0.0,3899.0406364723217,0.0,2672.624978386596,0.0723270440251572,1.0,0.2121212121212121,3192.0
16,all,R14,IF (PointsAjust IS High) AND (TeamExp IS High) AND (Length IS Medium),High,0.0,0.0,3899.0406364723217,0.0,2672.624978386596,0.0723270440251572,1.0,0.2121212121212121,3192.0
16,all,R15,IF (PointsAjust IS Medium) AND (TeamExp IS Low) AND (Length IS Medium),High,0.0,0.0,3899.0406364723217,0.0,2672.624978386596,0.0723270440251572,1.0,0.2121212121212121,3192.0
16,all,R16,IF (PointsAjust IS Low) AND (TeamExp IS Low) AND (Length IS High),High,0.0,0.0,3899.0406364723217,0.0,2672.624978386596,0.0723270440251572,1.0,0.2121212121212121,3192.0
16,all,R17,IF (PointsAjust IS Medium) AND (TeamExp IS High) AND (Length IS High),High,0.0,0.0,3899.0406364723217,0.0,2672.624978386596,0.0723270440251572,1.0,0.2121212121212121,3192.0
16,all,R18,IF (PointsAjust IS High) AND (TeamExp IS Medium) AND (Length IS Medium),Very_High,0.0,0.0,8666.994015872466,0.0,2672.624978386596,0.0723270440251572,1.0,0.2121212121212121,3192.0
16,all,R19,IF (PointsAjust IS Medium) AND (TeamExp IS Low) AND (Length IS High),Very_High,0.0,0.0,8666.994015872466,0.0,2672.624978386596,0.0723270440251572,1.0,0.2121212121212121,3192.0
16,all,R20,IF (PointsAjust IS High) AND (TeamExp IS Low) AND (Length IS High),Very_High,0.0,0.0,8666.994015872466,0.0,2672.624978386596,0.0723270440251572,1.0,0.2121212121212121,3192.0
17,all,R1,IF (PointsAjust IS Low) AND (TeamExp IS High) AND (Length IS Low),Very_Low,0.0,0.05,5122.0620826546065,256.1031041327303,5640.678914186119,0.4150943396226415,1.0,0.3939393939393939,3437.0
17,all,R2,IF (PointsAjust IS Low) AND (TeamExp IS Medium) AND (Length IS Low),Low,0.0,0.05,6768.716013098954,338.43580065494774,5640.678914186119,0.4150943396226415,1.0,0.3939393939393939,3437.0
17,all,R3,IF (PointsAjust IS Low) AND (TeamExp IS High) AND (Length IS Medium),Low,0.0,0.05,6768.716013098954,338.43580065494774,5640.678914186119,0.4150943396226415,1.0,0.3939393939393939,3437.0
17,all,R4,IF (PointsAjust IS Medium) AND (TeamExp IS High) AND (Length IS Low),Low,0.0,0.05,6768.716013098954,338.43580065494774,5640.678914186119,0.4150943396226415,1.0,0.3939393939393939,3437.0
17,all,R5,IF (PointsAjust IS Low) AND (TeamExp IS Low) AND (Length IS Low),Medium,0.0,0.05,7806.535367094919,390.326768354746,5640.678914186119,0.4150943396226415,1.0,0.3939393939393939,3437.0
17,all,R6,IF (PointsAjust IS Medium) AND (TeamExp IS Medium) AND (Length IS Low),Medium,0.0,0.05,7806.535367094919,390.326768354746,5640.678914186119,0.4150943396226415,1.0,0.3939393939393939,3437.0
17,all,R7,IF (PointsAjust IS Low) AND (TeamExp IS Medium) AND (Length IS Medium),Medium,0.0,0.05,7806.535367094919,390.326768354746,5640.678914186119,0.4150943396226415,1.0,0.3939393939393939,3437.0
17,all,R8,IF (PointsAjust IS Medium) AND (TeamExp IS High) AND (Length IS Medium),Medium,0.0,0.05,7806.535367094919,390.326768354746,5640.678914186119,0.4150943396226415,1.0,0.3939393939393939,3437.0
17,all,R9,IF (PointsAjust IS Low) AND (TeamExp IS Low) AND (Length IS Medium),High,0.0,0.05,4240.772045720085,212.03860228600425,5640.678914186119,0.4150943396226415,1.0,0.3939393939393939,3437.0
17,all,R10,IF (PointsAjust IS Medium) AND (TeamExp IS Low) AND (Length IS Low),High,0.0,0.05,4240.772045720085,212.03860228600425,5640.678914186119,0.4150943396226415,1.0,0.3939393939393939,3437.0
17,all,R11,IF (PointsAjust IS Medium) AND (TeamExp IS Medium) AND (Length IS Medium),Medium,0.0,0.05,7806.535367094919,390.326768354746,5640.678914186119,0.4150943396226415,1.0,0.3939393939393939,3437.0
17,all,R12,IF (PointsAjust IS High) AND (TeamExp IS High) AND (Length IS Low),Medium,0.0,0.05,7806.535367094919,390.326768354746,5640.678914186119,0.4150943396226415,1.0,0.3939393939393939,3437.0
17,all,R13,IF (PointsAjust IS High) AND (TeamExp IS Medium) AND (Length IS Low),High,0.0,0.05,4240.772045720085,212.03860228600425,5640.678914186119,0.4150943396226415,1.0,0.3939393939393939,3437.0
17,all,R14,IF (PointsAjust IS High) AND (TeamExp IS High) AND (Length IS Medium),High,0.0,0.05,4240.772045720085,212.03860228600425,5640.678914186119,0.4150943396226415,1.0,0.3939393939393939,3437.0
17,all,R15,IF (PointsAjust IS Medium) AND (TeamExp IS Low) AND (Length IS Medium),High,0.0,0.05,4240.772045720085,212.03860228600425,5640.678914186119,0.4150943396226415,1.0,0.3939393939393939,3437.0
17,all,R16,IF (PointsAjust IS Low) AND (TeamExp IS Low) AND (Length IS High),High,0.0,0.05,4240.772045720085,212.03860228600425,5640.678914186119,0.4150943396226415,1.0,0.3939393939393939,3437.0
17,all,R17,IF (PointsAjust IS Medium) AND (TeamExp IS High) AND (Length IS High),High,0.0,0.05,4240.772045720085,212.03860228600425,5640.678914186119,0.4150943396226415,1.0,0.3939393939393939,3437.0
17,all,R18,IF (PointsAjust IS High) AND (TeamExp IS Medium) AND (Length IS Medium),Very_High,0.0,0.05,3620.2505463869293,181.01252731934647,5640.678914186119,0.4150943396226415,1.0,0.3939393939393939,3437.0
17,all,R19,IF (PointsAjust IS Medium) AND (TeamExp IS Low) AND (Length IS High),Very_High,0.0,0.05,3620.2505463869293,181.01252731934647,5640.678914186119,0.4150943396226415,1.0,0.3939393939393939,3437.0
17,all,R20,IF (PointsAjust IS High) AND (TeamExp IS Low) AND (Length IS High),Very_High,0.0,0.05,3620.2505463869293,181.01252731934647,5640.678914186119,0.4150943396226415,1.0,0.3939393939393939,3437.0
18,all,R1,IF (PointsAjust IS Low) AND (TeamExp IS High) AND (Length IS Low),Very_Low,0.0,0.05,6230.090035086076,311.5045017543038,5447.203208829274,0.4371069182389937,0.8,0.3939393939393939,4494.0
18,all,R2,IF (PointsAjust IS Low) AND (TeamExp IS Medium) AND (Length IS Low),Low,0.0,0.05,6432.8521379134145,321.6426068956707,5447.203208829274,0.4371069182389937,0.8,0.3939393939393939,4494.0
18,all,R3,IF (PointsAjust IS Low) AND (TeamExp IS High) AND (Length IS Medium),Low,0.0,0.05,6432.8521379134145,321.6426068956707,5447.203208829274,0.4371069182389937,0.8,0.3939393939393939,4494.0
18,all,R4,IF (PointsAjust IS Medium) AND (TeamExp IS High) AND (Length IS Low),Low,0.0,0.05,6432.8521379134145,321.6426068956707,5447.203208829274,0.4371069182389937,0.8,0.3939393939393939,4494.0
18,all,R5,IF (PointsAjust IS Low) AND (TeamExp IS Low) AND (Length IS Low),Medium,0.0,0.05,7674.948176307013,383.74740881535064,5447.203208829274,0.4371069182389937,0.8,0.3939393939393939,4494.0
18,all,R6,IF (PointsAjust IS Medium) AND (TeamExp IS Medium) AND (Length IS Low),Medium,0.0,0.05,7674.948176307013,383.74740881535064,5447.203208829274,0.4371069182389937,0.8,0.3939393939393939,4494.0
18,all,R7,IF (PointsAjust IS Low) AND (TeamExp IS Medium) AND (Length IS Medium),Medium,0.0,0.05,7674.948176307013,383.74740881535064,5447.203208829274,0.4371069182389937,0.8,0.3939393939393939,4494.0
18,all,R8,IF (PointsAjust IS Medium) AND (TeamExp IS High) AND (Length IS Medium),Medium,0.0,0.05,7674.948176307013,383.74740881535064,5447.203208829274,0.4371069182389937,0.8,0.3939393939393939,4494.0
18,all,R9,IF (PointsAjust IS Low) AND (TeamExp IS Low) AND (Length IS Medium),High,0.0,0.05,3959.7158183433194,197.98579091716599,5447.203208829274,0.4371069182389937,0.8,0.3939393939393939,4494.0
18,all,R10,IF (PointsAjust IS Medium) AND (TeamExp IS Low) AND (Length IS Low),High,0.0,0.05,3959.7158183433194,197.98579091716599,5447.203208829274,0.4371069182389937,0.8,0.3939393939393939,4494.0
18,all,R11,IF (PointsAjust IS Medium) AND (TeamExp IS Medium) AND (Length IS Medium),Medium,0.0,0.05,7674.948176307013,383.74740881535064,5447.203208829274,0.4371069182389937,0.8,0.3939393939393939,4494.0
18,all,R12,IF (PointsAjust IS High) AND (TeamExp IS High) AND (Length IS Low),Medium,0.0,0.05,7674.948176307013,383.74740881535064,5447.203208829274,0.4371069182389937,0.8,0.3939393939393939,4494.0
18,all,R13,IF (PointsAjust IS High) AND (TeamExp IS Medium) AND (Length IS Low),High,0.0,0.05,3959.7158183433194,197.98579091716599,5447.203208829274,0.4371069182389937,0.8,0.3939393939393939,4494.0
18,all,R14,IF (PointsAjust IS High) AND (TeamExp IS High) AND (Length IS Medium),High,0.0,0.05,3959.7158183433194,197.98579091716599,5447.203208829274,0.4371069182389937,0.8,0.3939393939393939,4494.0
18,all,R15,IF (PointsAjust IS Medium) AND (TeamExp IS Low) AND (Length IS Medium),High,0.0,0.05,3959.7158183433194,197.98579091716599,5447.203208829274,0.4371069182389937,0.8,0.3939393939393939,4494.0
18,all,R16,IF (PointsAjust IS Low) AND (TeamExp IS Low) AND (Length IS High),High,0.0,0.05,3959.7158183433194,197.98579091716599,5447.203208829274,0.4371069182389937,0.8,0.3939393939393939,4494.0
18,all,R17,IF (PointsAjust IS Medium) AND (TeamExp IS High) AND (Length IS High),High,0.0,0.05,3959.7158183433194,197.98579091716599,5447.203208829274,0.4371069182389937,0.8,0.3939393939393939,4494.0
18,all,R18,IF (PointsAjust IS High) AND (TeamExp IS Medium) AND (Length IS Medium),Very_High,0.0,0.05,3215.9059805046127,160.79529902523063,5447.203208829274,0.4371069182389937,0.8,0.3939393939393939,4494.0
18,all,R19,IF (PointsAjust IS Medium) AND (TeamExp IS Low) AND (Length IS High),Very_High,0.0,0.05,3215.9059805046127,160.79529902523063,5447.203208829274,0.4371069182389937,0.8,0.3939393939393939,4494.0
18,all,R20,IF (PointsAjust IS High) AND (TeamExp IS Low) AND (Length IS High),Very_High,0.0,0.05,3215.9059805046127,160.79529902523063,5447.203208829274,0.4371069182389937,0.8,0.3939393939393939,4494.0
19,all,R1,IF (PointsAjust IS Low) AND (TeamExp IS High) AND (Length IS Low),Very_Low,0.43142857142857155,1.0,1040.480526789367,1040.480526789367,1040.4805267893673,0.0377358490566037,1.0,0.1212121212121212,840.0
19,all,R2,IF (PointsAjust IS Low) AND (TeamExp IS Medium) AND (Length IS Low),Low,0.0,0.0,2276.4579308404072,0.0,1040.4805267893673,0.0377358490566037,1.0,0.1212121212121212,840.0
19,all,R3,IF (PointsAjust IS Low) AND (TeamExp IS High) AND (Length IS Medium),Low,0.0,0.0,2276.4579308404072,0.0,1040.4805267893673,0.0377358490566037,1.0,0.1212121212121212,840.0
19,all,R4,IF (PointsAjust IS Medium) AND (TeamExp IS High) AND (Length IS Low),Low,0.0,0.0,2276.4579308404072,0.0,1040.4805267893673,0.0377358490566037,1.0,0.1212121212121212,840.0
19,all,R5,IF (PointsAjust IS Low) AND (TeamExp IS Low) AND (Length IS Low),Medium,0.0,0.0,2190.4713871087765,0.0,1040.4805267893673,0.0377358490566037,1.0,0.1212121212121212,840.0
19,all,R6,IF (PointsAjust IS Medium) AND (TeamExp IS Medium) AND (Length IS Low),Medium,0.0,0.0,2190.4713871087765,0.0,1040.4805267893673,0.0377358490566037,1.0,0.1212121212121212,840.0
19,all,R7,IF (PointsAjust IS Low) AND (TeamExp IS Medium) AND (Length IS Medium),Medium,0.0,0.0,2190.4713871087765,0.0,1040.4805267893673,0.0377358490566037,1.0,0.1212121212121212,840.0
19,all,R8,IF (PointsAjust IS Medium) AND (TeamExp IS High) AND (Length IS Medium),Medium,0.0,0.0,2190.4713871087765,0.0,1040.4805267893673,0.0377358490566037,1.0,0.1212121212121212,840.0
19,all,R9,IF (PointsAjust IS Low) AND (TeamExp IS Low) AND (Length IS Medium),High,0.0,0.0,4053.533014794548,0.0,1040.4805267893673,0.0377358490566037,1.0,0.1212121212121212,840.0
19,all,R10,IF (PointsAjust IS Medium) AND (TeamExp IS Low) AND (Length IS Low),High,0.0,0.0,4053.533014794548,0.0,1040.4805267893673,0.0377358490566037,1.0,0.1212121212121212,840.0
19,all,R11,IF (PointsAjust IS Medium) AND (TeamExp IS Medium) AND (Length IS Medium),Medium,0.0,0.0,2190.4713871087765,0.0,1040.4805267893673,0.0377358490566037,1.0,0.1212121212121212,840.0
19,all,R12,IF (PointsAjust IS High) AND (TeamExp IS High) AND (Length IS Low),Medium,0.0,0.0,2190.4713871087765,0.0,1040.4805267893673,0.0377358490566037,1.0,0.1212121212121212,840.0
19,all,R13,IF (PointsAjust IS High) AND (TeamExp IS Medium) AND (Length IS Low),High,0.0,0.0,4053.533014794548,0.0,1040.4805267893673,0.0377358490566037,1.0,0.1212121212121212,840.0
19,all,R14,IF (PointsAjust IS High) AND (TeamExp IS High) AND (Length IS Medium),High,0.0,0.0,4053.533014794548,0.0,1040.4805267893673,0.0377358490566037,1.0,0.1212121212121212,840.0
19,all,R15,IF (PointsAjust IS Medium) AND (TeamExp IS Low) AND (Length IS Medium),High,0.0,0.0,4053.533014794548,0.0,1040.4805267893673,0.0377358490566037,1.0,0.1212121212121212,840.0
19,all,R16,IF (PointsAjust IS Low) AND (TeamExp IS Low) AND (Length IS High),High,0.0,0.0,4053.533014794548,0.0,1040.4805267893673,0.0377358490566037,1.0,0.1212121212121212,840.0
19,all,R17,IF (PointsAjust IS Medium) AND (TeamExp IS High) AND (Length IS High),High,0.0,0.0,4053.533014794548,0.0,1040.4805267893673,0.0377358490566037,1.0,0.1212121212121212,840.0
19,all,R18,IF (PointsAjust IS High) AND (TeamExp IS Medium) AND (Length IS Medium),Very_High,0.0,0.0,9537.85018591682,0.0,1040.4805267893673,0.0377358490566037,1.0,0.1212121212121212,840.0
19,all,R19,IF (PointsAjust IS Medium) AND (TeamExp IS Low) AND (Length IS High),Very_High,0.0,0.0,9537.85018591682,0.0,1040.4805267893673,0.0377358490566037,1.0,0.1212121212121212,840.0
19,all,R20,IF (PointsAjust IS High) AND (TeamExp IS Low) AND (Length IS High),Very_High,0.0,0.0,9537.85018591682,0.0,1040.4805267893673,0.0377358490566037,1.0,0.1212121212121212,840.0
20,all,R1,IF (PointsAjust IS Low) AND (TeamExp IS High) AND (Length IS Low),Very_Low,0.0,0.05,5959.179354869111,297.95896774345556,4893.82022766825,0.3034591194968553,0.6,0.5151515151515151,5180.0
20,all,R2,IF (PointsAjust IS Low) AND (TeamExp IS Medium) AND (Length IS Low),Low,0.0,0.05,4967.805173029331,248.39025865146655,4893.82022766825,0.3034591194968553,0.6,0.5151515151515151,5180.0
20,all,R3,IF (PointsAjust IS Low) AND (TeamExp IS High) AND (Length IS Medium),Low,0.0,0.05,4967.805173029331,248.39025865146655,4893.82022766825,0.3034591194968553,0.6,0.5151515151515151,5180.0
20,all,R4,IF (PointsAjust IS Medium) AND (TeamExp IS High) AND (Length IS Low),Low,0.0,0.05,4967.805173029331,248.39025865146655,4893.82022766825,0.3034591194968553,0.6,0.5151515151515151,5180.0
20,all,R5,IF (PointsAjust IS Low) AND (TeamExp IS Low) AND (Length IS Low),Medium,0.0,0.05,7300.0909945163785,365.00454972581895,4893.82022766825,0.3034591194968553,0.6,0.5151515151515151,5180.0
20,all,R6,IF (PointsAjust IS Medium) AND (TeamExp IS Medium) AND (Length IS Low),Medium,0.0,0.05,7300.0909945163785,365.00454972581895,4893.82022766825,0.3034591194968553,0.6,0.5151515151515151,5180.0
20,all,R7,IF (PointsAjust IS Low) AND (TeamExp IS Medium) AND (Length IS Medium),Medium,0.0,0.05,7300.0909945163785,365.00454972581895,4893.82022766825,0.3034591194968553,0.6,0.5151515151515151,5180.0
20,all,R8,IF (PointsAjust IS Medium) AND (TeamExp IS High) AND (Length IS Medium),Medium,0.0,0.05,7300.0909945163785,365.00454972581895,4893.82022766825,0.3034591194968553,0.6,0.5151515151515151,5180.0
20,all,R9,IF (PointsAjust IS Low) AND (TeamExp IS Low) AND (Length IS Medium),High,0.0,0.05,2992.735416290744,149.63677081453721,4893.82022766825,0.3034591194968553,0.6,0.5151515151515151,5180.0
20,all,R10,IF (PointsAjust IS Medium) AND (TeamExp IS Low) AND (Length IS Low),High,0.0,0.05,2992.735416290744,149.63677081453721,4893.82022766825,0.3034591194968553,0.6,0.5151515151515151,5180.0
20,all,R11,IF (PointsAjust IS Medium) AND (TeamExp IS Medium) AND (Length IS Medium),Medium,0.0,0.05,7300.0909945163785,365.00454972581895,4893.82022766825,0.3034591194968553,0.6,0.5151515151515151,5180.0
20,all,R12,IF (PointsAjust IS High) AND (TeamExp IS High) AND (Length IS Low),Medium,0.0,0.05,7300.0909945163785,365.00454972581895,4893.82022766825,0.3034591194968553,0.6,0.5151515151515151,5180.0
20,all,R13,IF (PointsAjust IS High) AND (TeamExp IS Medium) AND (Length IS Low),High,0.0,0.05,2992.735416290744,149.63677081453721,4893.82022766825,0.3034591194968553,0.6,0.5151515151515151,5180.0
20,all,R14,IF (PointsAjust IS High) AND (TeamExp IS High) AND (Length IS Medium),High,0.0,0.05,2992.735416290744,149.63677081453721,4893.82022766825,0.3034591194968553,0.6,0.5151515151515151,5180.0
20,all,R15,IF (PointsAjust IS Medium) AND (TeamExp IS Low) AND (Length IS Medium),High,0.0,0.05,2992.735416290744,149.63677081453721,4893.82022766825,0.3034591194968553,0.6,0.5151515151515151,5180.0
20,all,R16,IF (PointsAjust IS Low) AND (TeamExp IS Low) AND (Length IS High),High,0.0,0.05,2992.735416290744,149.63677081453721,4893.82022766825,0.3034591194968553,0.6,0.5151515151515151,5180.0
20,all,R17,IF (PointsAjust IS Medium) AND (TeamExp IS High) AND (Length IS High),High,0.0,0.05,2992.735416290744,149.63677081453721,4893.82022766825,0.3034591194968553,0.6,0.5151515151515151,5180.0
20,all,R18,IF (PointsAjust IS High) AND (TeamExp IS Medium) AND (Length IS Medium),Very_High,0.0,0.05,4088.0385994248045,204.40192997124024,4893.82022766825,0.3034591194968553,0.6,0.5151515151515151,5180.0
20,all,R19,IF (PointsAjust IS Medium) AND (TeamExp IS Low) AND (Length IS High),Very_High,0.0,0.05,4088.0385994248045,204.40192997124024,4893.82022766825,0.3034591194968553,0.6,0.5151515151515151,5180.0
20,all,R20,IF (PointsAjust IS High) AND (TeamExp IS Low) AND (Length IS High),Very_High,0.0,0.05,4088.0385994248045,204.40192997124024,4893.82022766825,0.3034591194968553,0.6,0.5151515151515151,5180.0
21,all,R1,IF (PointsAjust IS Low) AND (TeamExp IS High) AND (Length IS Low),Very_Low,0.0,0.0,8426.361236871022,0.0,4736.756670627845,0.6053459119496856,0.6,0.1212121212121212,5775.0
21,all,R2,IF (PointsAjust IS Low) AND (TeamExp IS Medium) AND (Length IS Low),Low,0.0,0.0,6665.6969472953215,0.0,4736.756670627845,0.6053459119496856,0.6,0.1212121212121212,5775.0
21,all,R3,IF (PointsAjust IS Low) AND (TeamExp IS High) AND (Length IS Medium),Low,0.0,0.0,6665.6969472953215,0.0,4736.756670627845,0.6053459119496856,0.6,0.1212121212121212,5775.0
21,all,R4,IF (PointsAjust IS Medium) AND (TeamExp IS High) AND (Length IS Low),Low,0.0,0.0,6665.6969472953215,0.0,4736.756670627845,0.6053459119496856,0.6,0.1212121212121212,5775.0
21,all,R5,IF (PointsAjust IS Low) AND (TeamExp IS Low) AND (Length IS Low),Medium,0.0,0.0,6362.563015460955,0.0,4736.756670627845,0.6053459119496856,0.6,0.1212121212121212,5775.0
21,all,R6,IF (PointsAjust IS Medium) AND (TeamExp IS Medium) AND (Length IS Low),Medium,0.0,0.0,6362.563015460955,0.0,4736.756670627845,0.6053459119496856,0.6,0.1212121212121212,5775.0
21,all,R7,IF (PointsAjust IS Low) AND (TeamExp IS Medium) AND (Length IS Medium),Medium,0.0,0.0,6362.563015460955,0.0,4736.756670627845,0.6053459119496856,0.6,0.1212121212121212,5775.0
21,all,R8,IF (PointsAjust IS Medium) AND (TeamExp IS High) AND (Length IS Medium),Medium,0.0,0.0,6362.563015460955,0.0,4736.756670627845,0.6053459119496856,0.6,0.1212121212121212,5775.0
21,all,R9,IF (PointsAjust IS Low) AND (TeamExp IS Low) AND (Length IS Medium),High,0.0,0.0,4736.756670627845,0.0,4736.756670627845,0.6053459119496856,0.6,0.1212121212121212,5775.0
21,all,R10,IF (PointsAjust IS Medium) AND (TeamExp IS Low) AND (Length IS Low),High,0.0,0.0,4736.756670627845,0.0,4736.756670627845,0.6053459119496856,0.6,0.1212121212121212,5775.0
21,all,R11,IF (PointsAjust IS Medium) AND (TeamExp IS Medium) AND (Length IS Medium),Medium,0.0,0.0,6362.563015460955,0.0,4736.756670627845,0.6053459119496856,0.6,0.1212121212121212,5775.0
21,all,R12,IF (PointsAjust IS High) AND (TeamExp IS High) AND (Length IS Low),Medium,0.0,0.0,6362.563015460955,0.0,4736.756670627845,0.6053459119496856,0.6,0.1212121212121212,5775.0
21,all,R13,IF (PointsAjust IS High) AND (TeamExp IS Medium) AND (Length IS Low),High,0.22776572668112802,1.0,4736.756670627845,4736.756670627845,4736.756670627845,0.6053459119496856,0.6,0.1212121212121212,5775.0
21,all,R14,IF (PointsAjust IS High) AND (TeamExp IS High) AND (Length IS Medium),High,0.0,0.0,4736.756670627845,0.0,4736.756670627845,0.6053459119496856,0.6,0.1212121212121212,5775.0
21,all,R15,IF (PointsAjust IS Medium) AND (TeamExp IS Low) AND (Length IS Medium),High,0.0,0.0,4736.756670627845,0.0,4736.756670627845,0.6053459119496856,0.6,0.1212121212121212,5775.0
21,all,R16,IF (PointsAjust IS Low) AND (TeamExp IS Low) AND (Length IS High),High,0.0,0.0,4736.756670627845,0.0,4736.756670627845,0.6053459119496856,0.6,0.1212121212121212,5775.0
21,all,R17,IF (PointsAjust IS Medium) AND (TeamExp IS High) AND (Length IS High),High,0.0,0.0,4736.756670627845,0.0,4736.756670627845,0.6053459119496856,0.6,0.1212121212121212,5775.0
21,all,R18,IF (PointsAjust IS High) AND (TeamExp IS Medium) AND (Length IS Medium),Very_High,0.0,0.0,2404.0152720306714,0.0,4736.756670627845,0.6053459119496856,0.6,0.1212121212121212,5775.0
21,all,R19,IF (PointsAjust IS Medium) AND (TeamExp IS Low) AND (Length IS High),Very_High,0.0,0.0,2404.0152720306714,0.0,4736.756670627845,0.6053459119496856,0.6,0.1212121212121212,5775.0
21,all,R20,IF (PointsAjust IS High) AND (TeamExp IS Low) AND (Length IS High),Very_High,0.0,0.0,2404.0152720306714,0.0,4736.756670627845,0.6053459119496856,0.6,0.1212121212121212,5775.0
22,all,R1,IF (PointsAjust IS Low) AND (TeamExp IS High) AND (Length IS Low),Very_Low,0.0,0.05,6461.391505290095,323.06957526450475,6310.5806029070645,0.5267295597484277,1.0,0.5757575757575758,10577.0
22,all,R2,IF (PointsAjust IS Low) AND (TeamExp IS Medium) AND (Length IS Low),Low,0.0,0.05,8410.92397710461,420.54619885523056,6310.5806029070645,0.5267295597484277,1.0,0.5757575757575758,10577.0
22,all,R3,IF (PointsAjust IS Low) AND (TeamExp IS High) AND (Length IS Medium),Low,0.0,0.05,8410.92397710461,420.54619885523056,6310.5806029070645,0.5267295597484277,1.0,0.5757575757575758,10577.0
22,all,R4,IF (PointsAjust IS Medium) AND (TeamExp IS High) AND (Length IS Low),Low,0.0,0.05,8410.92397710461,420.54619885523056,6310.5806029070645,0.5267295597484277,1.0,0.5757575757575758,10577.0
22,all,R5,IF (PointsAjust IS Low) AND (TeamExp IS Low) AND (Length IS Low),Medium,0.0,0.05,10365.176594342165,518.2588297171083,6310.5806029070645,0.5267295597484277,1.0,0.5757575757575758,10577.0
22,all,R6,IF (PointsAjust IS Medium) AND (TeamExp IS Medium) AND (Length IS Low),Medium,0.0,0.05,10365.176594342165,518.2588297171083,6310.5806029070645,0.5267295597484277,1.0,0.5757575757575758,10577.0
22,all,R7,IF (PointsAjust IS Low) AND (TeamExp IS Medium) AND (Length IS Medium),Medium,0.0,0.05,10365.176594342165,518.2588297171083,6310.5806029070645,0.5267295597484277,1.0,0.5757575757575758,10577.0
22,all,R8,IF (PointsAjust IS Medium) AND (TeamExp IS High) AND (Length IS Medium),Medium,0.0,0.05,10365.176594342165,518.2588297171083,6310.5806029070645,0.5267295597484277,1.0,0.5757575757575758,10577.0
22,all,R9,IF (PointsAjust IS Low) AND (TeamExp IS Low) AND (Length IS Medium),High,0.0,0.05,4032.760487231321,201.63802436156607,6310.5806029070645,0.5267295597484277,1.0,0.5757575757575758,10577.0
22,all,R10,IF (PointsAjust IS Medium) AND (TeamExp IS Low) AND (Length IS Low),High,0.0,0.05,4032.760487231321,201.63802436156607,6310.5806029070645,0.5267295597484277,1.0,0.5757575757575758,10577.0
22,all,R11,IF (PointsAjust IS Medium) AND (TeamExp IS Medium) AND (Length IS Medium),Medium,0.0,0.05,10365.176594342165,518.2588297171083,6310.5806029070645,0.5267295597484277,1.0,0.5757575757575758,10577.0
22,all,R12,IF (PointsAjust IS High) AND (TeamExp IS High) AND (Length IS Low),Medium,0.0,0.05,10365.176594342165,518.2588297171083,6310.5806029070645,0.5267295597484277,1.0,0.5757575757575758,10577.0
22,all,R13,IF (PointsAjust IS High) AND (TeamExp IS Medium) AND (Length IS Low),High,0.0,0.05,4032.760487231321,201.63802436156607,6310.5806029070645,0.5267295597484277,1.0,0.5757575757575758,10577.0
22,all,R14,IF (PointsAjust IS High) AND (TeamExp IS High) AND (Length IS Medium),High,0.0,0.05,4032.760487231321,201.63802436156607,6310.5806029070645,0.5267295597484277,1.0,0.5757575757575758,10577.0
22,all,R15,IF (PointsAjust IS Medium) AND (TeamExp IS Low) AND (Length IS Medium),High,0.0,0.05,4032.760487231321,201.63802436156607,6310.5806029070645,0.5267295597484277,1.0,0.5757575757575758,10577.0
22,all,R16,IF (PointsAjust IS Low) AND (TeamExp IS Low) AND (Length IS High),High,0.0,0.05,4032.760487231321,201.63802436156607,6310.5806029070645,0.5267295597484277,1.0,0.5757575757575758,10577.0
22,all,R17,IF (PointsAjust IS Medium) AND (TeamExp IS High) AND (Length IS High),High,0.0,0.05,4032.760487231321,201.63802436156607,6310.5806029070645,0.5267295597484277,1.0,0.5757575757575758,10577.0
22,all,R18,IF (PointsAjust IS High) AND (TeamExp IS Medium) AND (Length IS Medium),Very_High,0.0,0.05,1365.688548288368,68.2844274144184,6310.5806029070645,0.5267295597484277,1.0,0.5757575757575758,10577.0
22,all,R19,IF (PointsAjust IS Medium) AND (TeamExp IS Low) AND (Length IS High),Very_High,0.0,0.05,1365.688548288368,68.2844274144184,6310.5806029070645,0.5267295597484277,1.0,0.5757575757575758,10577.0
22,all,R20,IF (PointsAjust IS High) AND (TeamExp IS Low) AND (Length IS High),Very_High,0.0,0.05,1365.688548288368,68.2844274144184,6310.5806029070645,0.5267295597484277,1.0,0.5757575757575758,10577.0
23,all,R1,IF (PointsAjust IS Low) AND (TeamExp IS High) AND (Length IS Low),Very_Low,0.0,0.0,6889.466525502527,0.0,3553.2584489607884,0.3474842767295597,0.4,0.2121212121212121,3983.0
23,all,R2,IF (PointsAjust IS Low) AND (TeamExp IS Medium) AND (Length IS Low),Low,0.0,0.0,3906.1430459524017,0.0,3553.2584489607884,0.3474842767295597,0.4,0.2121212121212121,3983.0
23,all,R3,IF (PointsAjust IS Low) AND (TeamExp IS High) AND (Length IS Medium),Low,0.0,0.0,3906.1430459524017,0.0,3553.2584489607884,0.3474842767295597,0.4,0.2121212121212121,3983.0
23,all,R4,IF (PointsAjust IS Medium) AND (TeamExp IS High) AND (Length IS Low),Low,0.0,0.0,3906.1430459524017,0.0,3553.2584489607884,0.3474842767295597,0.4,0.2121212121212121,3983.0
23,all,R5,IF (PointsAjust IS Low) AND (TeamExp IS Low) AND (Length IS Low),Medium,0.0,0.0,4666.664927426922,0.0,3553.2584489607884,0.3474842767295597,0.4,0.2121212121212121,3983.0
23,all,R6,IF (PointsAjust IS Medium) AND (TeamExp IS Medium) AND (Length IS Low),Medium,0.0,0.0,4666.664927426922,0.0,3553.2584489607884,0.3474842767295597,0.4,0.2121212121212121,3983.0
23,all,R7,IF (PointsAjust IS Low) AND (TeamExp IS Medium) AND (Length IS Medium),Medium,0.0,0.0,4666.664927426922,0.0,3553.2584489607884,0.3474842767295597,0.4,0.2121212121212121,3983.0
23,all,R8,IF (PointsAjust IS Medium) AND (TeamExp IS High) AND (Length IS Medium),Medium,0.0,0.0,4666.664927426922,0.0,3553.2584489607884,0.3474842767295597,0.4,0.2121212121212121,3983.0
23,all,R9,IF (PointsAjust IS Low) AND (TeamExp IS Low) AND (Length IS Medium),High,0.0,0.0,3553.2584489607884,0.0,3553.2584489607884,0.3474842767295597,0.4,0.2121212121212121,3983.0
23,all,R10,IF (PointsAjust IS Medium) AND (TeamExp IS Low) AND (Length IS Low),High,0.017094017094017106,0.15789473684210528,3553.2584489607884,561.0408077306508,3553.2584489607884,0.3474842767295597,0.4,0.2121212121212121,3983.0
23,all,R11,IF (PointsAjust IS Medium) AND (TeamExp IS Medium) AND (Length IS Medium),Medium,0.0,0.0,4666.664927426922,0.0,3553.2584489607884,0.3474842767295597,0.4,0.2121212121212121,3983.0
23,all,R12,IF (PointsAjust IS High) AND (TeamExp IS High) AND (Length IS Low),Medium,0.0,0.0,4666.664927426922,0.0,3553.2584489607884,0.3474842767295597,0.4,0.2121212121212121,3983.0
23,all,R13,IF (PointsAjust IS High) AND (TeamExp IS Medium) AND (Length IS Low),High,0.0,0.0,3553.2584489607884,0.0,3553.2584489607884,0.3474842767295597,0.4,0.2121212121212121,3983.0
23,all,R14,IF (PointsAjust IS High) AND (TeamExp IS High) AND (Length IS Medium),High,0.0,0.0,3553.2584489607884,0.0,3553.2584489607884,0.3474842767295597,0.4,0.2121212121212121,3983.0
23,all,R15,IF (PointsAjust IS Medium) AND (TeamExp IS Low) AND (Length IS Medium),High,0.09116809116809121,0.8421052631578947,3553.2584489607884,2992.2176412301374,3553.2584489607884,0.3474842767295597,0.4,0.2121212121212121,3983.0
23,all,R16,IF (PointsAjust IS Low) AND (TeamExp IS Low) AND (Length IS High),High,0.0,0.0,3553.2584489607884,0.0,3553.2584489607884,0.3474842767295597,0.4,0.2121212121212121,3983.0
23,all,R17,IF (PointsAjust IS Medium) AND (TeamExp IS High) AND (Length IS High),High,0.0,0.0,3553.2584489607884,0.0,3553.2584489607884,0.3474842767295597,0.4,0.2121212121212121,3983.0
23,all,R18,IF (PointsAjust IS High) AND (TeamExp IS Medium) AND (Length IS Medium),Very_High,0.0,0.0,4927.700891732539,0.0,3553.2584489607884,0.3474842767295597,0.4,0.2121212121212121,3983.0
23,all,R19,IF (PointsAjust IS Medium) AND (TeamExp IS Low) AND (Length IS High),Very_High,0.0,0.0,4927.700891732539,0.0,3553.2584489607884,0.3474842767295597,0.4,0.2121212121212121,3983.0
23,all,R20,IF (PointsAjust IS High) AND (TeamExp IS Low) AND (Length IS High),Very_High,0.0,0.0,4927.700891732539,0.0,3553.2584489607884,0.3474842767295597,0.4,0.2121212121212121,3983.0
24,all,R1,IF (PointsAjust IS Low) AND (TeamExp IS High) AND (Length IS Low),Very_Low,0.0,0.0,4873.662092013467,0.0,4180.93607644264,0.389937106918239,1.0,0.3939393939393939,3164.0
24,all,R2,IF (PointsAjust IS Low) AND (TeamExp IS Medium) AND (Length IS Low),Low,0.0,0.0,6525.546438716925,0.0,4180.93607644264,0.389937106918239,1.0,0.3939393939393939,3164.0
24,all,R3,IF (PointsAjust IS Low) AND (TeamExp IS High) AND (Length IS Medium),Low,0.0,0.0,6525.546438716925,0.0,4180.93607644264,0.389937106918239,1.0,0.3939393939393939,3164.0
24,all,R4,IF (PointsAjust IS Medium) AND (TeamExp IS High) AND (Length IS Low),Low,0.0,0.0,6525.546438716925,0.0,4180.93607644264,0.389937106918239,1.0,0.3939393939393939,3164.0
24,all,R5,IF (PointsAjust IS Low) AND (TeamExp IS Low) AND (Length IS Low),Medium,0.0,0.0,7593.429492744026,0.0,4180.93607644264,0.389937106918239,1.0,0.3939393939393939,3164.0
24,all,R6,IF (PointsAjust IS Medium) AND (TeamExp IS Medium) AND (Length IS Low),Medium,0.0,0.0,7593.429492744026,0.0,4180.93607644264,0.389937106918239,1.0,0.3939393939393939,3164.0
24,all,R7,IF (PointsAjust IS Low) AND (TeamExp IS Medium) AND (Length IS Medium),Medium,0.0,0.0,7593.429492744026,0.0,4180.93607644264,0.389937106918239,1.0,0.3939393939393939,3164.0
24,all,R8,IF (PointsAjust IS Medium) AND (TeamExp IS High) AND (Length IS Medium),Medium,0.0,0.0,7593.429492744026,0.0,4180.93607644264,0.389937106918239,1.0,0.3939393939393939,3164.0
24,all,R9,IF (PointsAjust IS Low) AND (TeamExp IS Low) AND (Length IS Medium),High,0.0,0.0,4180.93607644264,0.0,4180.93607644264,0.389937106918239,1.0,0.3939393939393939,3164.0
24,all,R10,IF (PointsAjust IS Medium) AND (TeamExp IS Low) AND (Length IS Low),High,0.0,0.0,4180.93607644264,0.0,4180.93607644264,0.389937106918239,1.0,0.3939393939393939,3164.0
24,all,R11,IF (PointsAjust IS Medium) AND (TeamExp IS Medium) AND (Length IS Medium),Medium,0.0,0.0,7593.429492744026,0.0,4180.93607644264,0.389937106918239,1.0,0.3939393939393939,3164.0
24,all,R12,IF (PointsAjust IS High) AND (TeamExp IS High) AND (Length IS Low),Medium,0.0,0.0,7593.429492744026,0.0,4180.93607644264,0.389937106918239,1.0,0.3939393939393939,3164.0
24,all,R13,IF (PointsAjust IS High) AND (TeamExp IS Medium) AND (Length IS Low),High,0.0,0.0,4180.93607644264,0.0,4180.93607644264,0.389937106918239,1.0,0.3939393939393939,3164.0
24,all,R14,IF (PointsAjust IS High) AND (TeamExp IS High) AND (Length IS Medium),High,0.0,0.0,4180.93607644264,0.0,4180.93607644264,0.389937106918239,1.0,0.3939393939393939,3164.0
24,all,R15,IF (PointsAjust IS Medium) AND (TeamExp IS Low) AND (Length IS Medium),High,0.0,0.0,4180.93607644264,0.0,4180.93607644264,0.389937106918239,1.0,0.3939393939393939,3164.0
24,all,R16,IF (PointsAjust IS Low) AND (TeamExp IS Low) AND (Length IS High),High,0.0,0.0,4180.93607644264,0.0,4180.93607644264,0.389937106918239,1.0,0.3939393939393939,3164.0
24,all,R17,IF (PointsAjust IS Medium) AND (TeamExp IS High) AND (Length IS High),High,0.012820512820512815,1.0,4180.93607644264,4180.93607644264,4180.93607644264,0.389937106918239,1.0,0.3939393939393939,3164.0
24,all,R18,IF (PointsAjust IS High) AND (TeamExp IS Medium) AND (Length IS Medium),Very_High,0.0,0.0,3924.1614548372127,0.0,4180.93607644264,0.389937106918239,1.0,0.3939393939393939,3164.0
24,all,R19,IF (PointsAjust IS Medium) AND (TeamExp IS Low) AND (Length IS High),Very_High,0.0,0.0,3924.1614548372127,0.0,4180.93607644264,0.389937106918239,1.0,0.3939393939393939,3164.0
24,all,R20,IF (PointsAjust IS High) AND (TeamExp IS Low) AND (Length IS High),Very_High,0.0,0.0,3924.1614548372127,0.0,4180.93607644264,0.389937106918239,1.0,0.3939393939393939,3164.0
25,all,R1,IF (PointsAjust IS Low) AND (TeamExp IS High) AND (Length IS Low),Very_Low,0.0,0.0,6369.9953931973105,0.0,4283.055000890732,0.3930817610062893,0.6,0.1515151515151515,3542.0
25,all,R2,IF (PointsAjust IS Low) AND (TeamExp IS Medium) AND (Length IS Low),Low,0.0,0.0,4707.810826394511,0.0,4283.055000890732,0.3930817610062893,0.6,0.1515151515151515,3542.0
25,all,R3,IF (PointsAjust IS Low) AND (TeamExp IS High) AND (Length IS Medium),Low,0.0,0.0,4707.810826394511,0.0,4283.055000890732,0.3930817610062893,0.6,0.1515151515151515,3542.0
25,all,R4,IF (PointsAjust IS Medium) AND (TeamExp IS High) AND (Length IS Low),Low,0.0,0.0,4707.810826394511,0.0,4283.055000890732,0.3930817610062893,0.6,0.1515151515151515,3542.0
25,all,R5,IF (PointsAjust IS Low) AND (TeamExp IS Low) AND (Length IS Low),Medium,0.0,0.0,4833.3128522611405,0.0,4283.055000890732,0.3930817610062893,0.6,0.1515151515151515,3542.0
25,all,R6,IF (PointsAjust IS Medium) AND (TeamExp IS Medium) AND (Length IS Low),Medium,0.014423076923077087,0.19120696806304613,4833.3128522611405,924.1630961810063,4283.055000890732,0.3930817610062893,0.6,0.1515151515151515,3542.0
25,all,R7,IF (PointsAjust IS Low) AND (TeamExp IS Medium) AND (Length IS Medium),Medium,0.0,0.0,4833.3128522611405,0.0,4283.055000890732,0.3930817610062893,0.6,0.1515151515151515,3542.0
25,all,R8,IF (PointsAjust IS Medium) AND (TeamExp IS High) AND (Length IS Medium),Medium,0.0,0.0,4833.3128522611405,0.0,4283.055000890732,0.3930817610062893,0.6,0.1515151515151515,3542.0
25,all,R9,IF (PointsAjust IS Low) AND (TeamExp IS Low) AND (Length IS Medium),High,0.0,0.0,4152.968401156497,0.0,4283.055000890732,0.3930817610062893,0.6,0.1515151515151515,3542.0
25,all,R10,IF (PointsAjust IS Medium) AND (TeamExp IS Low) AND (Length IS Low),High,0.0,0.0,4152.968401156497,0.0,4283.055000890732,0.3930817610062893,0.6,0.1515151515151515,3542.0
25,all,R11,IF (PointsAjust IS Medium) AND (TeamExp IS Medium) AND (Length IS Medium),Medium,0.0,0.0,4833.3128522611405,0.0,4283.055000890732,0.3930817610062893,0.6,0.1515151515151515,3542.0
25,all,R12,IF (PointsAjust IS High) AND (TeamExp IS High) AND (Length IS Low),Medium,0.0,0.0,4833.3128522611405,0.0,4283.055000890732,0.3930817610062893,0.6,0.1515151515151515,3542.0
25,all,R13,IF (PointsAjust IS High) AND (TeamExp IS Medium) AND (Length IS Low),High,0.06100867678958785,0.8087930319369537,4152.968401156497,3358.891904709726,4283.055000890732,0.3930817610062893,0.6,0.1515151515151515,3542.0
25,all,R14,IF (PointsAjust IS High) AND (TeamExp IS High) AND (Length IS Medium),High,0.0,0.0,4152.968401156497,0.0,4283.055000890732,0.3930817610062893,0.6,0.1515151515151515,3542.0
25,all,R15,IF (PointsAjust IS Medium) AND (TeamExp IS Low) AND (Length IS Medium),High,0.0,0.0,4152.968401156497,0.0,4283.055000890732,0.3930817610062893,0.6,0.1515151515151515,3542.0
25,all,R16,IF (PointsAjust IS Low) AND (TeamExp IS Low) AND (Length IS High),High,0.0,0.0,4152.968401156497,0.0,4283.055000890732,0.3930817610062893,0.6,0.1515151515151515,3542.0
25,all,R17,IF (PointsAjust IS Medium) AND (TeamExp IS High) AND (Length IS High),High,0.0,0.0,4152.968401156497,0.0,4283.055000890732,0.3930817610062893,0.6,0.1515151515151515,3542.0
25,all,R18,IF (PointsAjust IS High) AND (TeamExp IS Medium) AND (Length IS Medium),Very_High,0.0,0.0,4817.27067177153,0.0,4283.055000890732,0.3930817610062893,0.6,0.1515151515151515,3542.0
25,all,R19,IF (PointsAjust IS Medium) AND (TeamExp IS Low) AND (Length IS High),Very_High,0.0,0.0,4817.27067177153,0.0,4283.055000890732,0.3930817610062893,0.6,0.1515151515151515,3542.0
25,all,R20,IF (PointsAjust IS High) AND (TeamExp IS Low) AND (Length IS High),Very_High,0.0,0.0,4817.27067177153,0.0,4283.055000890732,0.3930817610062893,0.6,0.1515151515151515,3542.0
26,all,R1,IF (PointsAjust IS Low) AND (TeamExp IS High) AND (Length IS Low),Very_Low,0.0,0.05,8574.36494676183,428.71824733809154,6279.431696148222,0.6745283018867925,0.8,0.3939393939393939,4277.0
26,all,R2,IF (PointsAjust IS Low) AND (TeamExp IS Medium) AND (Length IS Low),Low,0.0,0.05,8727.76499614382,436.388249807191,6279.431696148222,0.6745283018867925,0.8,0.3939393939393939,4277.0
26,all,R3,IF (PointsAjust IS Low) AND (TeamExp IS High) AND (Length IS Medium),Low,0.0,0.05,8727.76499614382,436.388249807191,6279.431696148222,0.6745283018867925,0.8,0.3939393939393939,4277.0
26,all,R4,IF (PointsAjust IS Medium) AND (TeamExp IS High) AND (Length IS Low),Low,0.0,0.05,8727.76499614382,436.388249807191,6279.431696148222,0.6745283018867925,0.8,0.3939393939393939,4277.0
26,all,R5,IF (PointsAjust IS Low) AND (TeamExp IS Low) AND (Length IS Low),Medium,0.0,0.05,9686.13486549358,484.306743274679,6279.431696148222,0.6745283018867925,0.8,0.3939393939393939,4277.0
26,all,R6,IF (PointsAjust IS Medium) AND (TeamExp IS Medium) AND (Length IS Low),Medium,0.0,0.05,9686.13486549358,484.306743274679,6279.431696148222,0.6745283018867925,0.8,0.3939393939393939,4277.0
26,all,R7,IF (PointsAjust IS Low) AND (TeamExp IS Medium) AND (Length IS Medium),Medium,0.0,0.05,9686.13486549358,484.306743274679,6279.431696148222,0.6745283018867925,0.8,0.3939393939393939,4277.0
26,all,R8,IF (PointsAjust IS Medium) AND (TeamExp IS High) AND (Length IS Medium),Medium,0.0,0.05,9686.13486549358,484.306743274679,6279.431696148222,0.6745283018867925,0.8,0.3939393939393939,4277.0
26,all,R9,IF (PointsAjust IS Low) AND (TeamExp IS Low) AND (Length IS Medium),High,0.0,0.05,4524.417778399208,226.22088891996043,6279.431696148222,0.6745283018867925,0.8,0.3939393939393939,4277.0
26,all,R10,IF (PointsAjust IS Medium) AND (TeamExp IS Low) AND (Length IS Low),High,0.0,0.05,4524.417778399208,226.22088891996043,6279.431696148222,0.6745283018867925,0.8,0.3939393939393939,4277.0
26,all,R11,IF (PointsAjust IS Medium) AND (TeamExp IS Medium) AND (Length IS Medium),Medium,0.0,0.05,9686.13486549358,484.306743274679,6279.431696148222,0.6745283018867925,0.8,0.3939393939393939,4277.0
26,all,R12,IF (PointsAjust IS High) AND (TeamExp IS High) AND (Length IS Low),Medium,0.0,0.05,9686.13486549358,484.306743274679,6279.431696148222,0.6745283018867925,0.8,0.3939393939393939,4277.0
26,all,R13,IF (PointsAjust IS High) AND (TeamExp IS Medium) AND (Length IS Low),High,0.0,0.05,4524.417778399208,226.22088891996043,6279.431696148222,0.6745283018867925,0.8,0.3939393939393939,4277.0
26,all,R14,IF (PointsAjust IS High) AND (TeamExp IS High) AND (Length IS Medium),High,0.0,0.05,4524.417778399208,226.22088891996043,6279.431696148222,0.6745283018867925,0.8,0.3939393939393939,4277.0
26,all,R15,IF (PointsAjust IS Medium) AND (TeamExp IS Low) AND (Length IS Medium),High,0.0,0.05,4524.417778399208,226.22088891996043,6279.431696148222,0.6745283018867925,0.8,0.3939393939393939,4277.0
26,all,R16,IF (PointsAjust IS Low) AND (TeamExp IS Low) AND (Length IS High),High,0.0,0.05,4524.417778399208,226.22088891996043,6279.431696148222,0.6745283018867925,0.8,0.3939393939393939,4277.0
26,all,R17,IF (PointsAjust IS Medium) AND (TeamExp IS High) AND (Length IS High),High,0.0,0.05,4524.417778399208,226.22088891996043,6279.431696148222,0.6745283018867925,0.8,0.3939393939393939,4277.0
26,all,R18,IF (PointsAjust IS High) AND (TeamExp IS Medium) AND (Length IS Medium),Very_High,0.0,0.05,347.74678200506787,17.387339100253396,6279.431696148222,0.6745283018867925,0.8,0.3939393939393939,4277.0
26,all,R19,IF (PointsAjust IS Medium) AND (TeamExp IS Low) AND (Length IS High),Very_High,0.0,0.05,347.74678200506787,17.387339100253396,6279.431696148222,0.6745283018867925,0.8,0.3939393939393939,4277.0
26,all,R20,IF (PointsAjust IS High) AND (TeamExp IS Low) AND (Length IS High),Very_High,0.0,0.05,347.74678200506787,17.387339100253396,6279.431696148222,0.6745283018867925,0.8,0.3939393939393939,4277.0
27,all,R1,IF (PointsAjust IS Low) AND (TeamExp IS High) AND (Length IS Low),Very_Low,0.0,0.0,4223.005274226929,0.0,3847.323359304336,0.3160377358490566,1.0,0.4545454545454545,7252.0
27,all,R2,IF (PointsAjust IS Low) AND (TeamExp IS Medium) AND (Length IS Low),Low,0.0,0.0,5998.9501398648445,0.0,3847.323359304336,0.3160377358490566,1.0,0.4545454545454545,7252.0
27,all,R3,IF (PointsAjust IS Low) AND (TeamExp IS High) AND (Length IS Medium),Low,0.0,0.0,5998.9501398648445,0.0,3847.323359304336,0.3160377358490566,1.0,0.4545454545454545,7252.0
27,all,R4,IF (PointsAjust IS Medium) AND (TeamExp IS High) AND (Length IS Low),Low,0.0,0.0,5998.9501398648445,0.0,3847.323359304336,0.3160377358490566,1.0,0.4545454545454545,7252.0
27,all,R5,IF (PointsAjust IS Low) AND (TeamExp IS Low) AND (Length IS Low),Medium,0.0,0.0,7505.092290109989,0.0,3847.323359304336,0.3160377358490566,1.0,0.4545454545454545,7252.0
27,all,R6,IF (PointsAjust IS Medium) AND (TeamExp IS Medium) AND (Length IS Low),Medium,0.0,0.0,7505.092290109989,0.0,3847.323359304336,0.3160377358490566,1.0,0.4545454545454545,7252.0
27,all,R7,IF (PointsAjust IS Low) AND (TeamExp IS Medium) AND (Length IS Medium),Medium,0.0,0.0,7505.092290109989,0.0,3847.323359304336,0.3160377358490566,1.0,0.4545454545454545,7252.0
27,all,R8,IF (PointsAjust IS Medium) AND (TeamExp IS High) AND (Length IS Medium),Medium,0.0,0.0,7505.092290109989,0.0,3847.323359304336,0.3160377358490566,1.0,0.4545454545454545,7252.0
27,all,R9,IF (PointsAjust IS Low) AND (TeamExp IS Low) AND (Length IS Medium),High,0.0,0.0,3847.323359304336,0.0,3847.323359304336,0.3160377358490566,1.0,0.4545454545454545,7252.0
27,all,R10,IF (PointsAjust IS Medium) AND (TeamExp IS Low) AND (Length IS Low),High,0.0,0.0,3847.323359304336,0.0,3847.323359304336,0.3160377358490566,1.0,0.4545454545454545,7252.0
27,all,R11,IF (PointsAjust IS Medium) AND (TeamExp IS Medium) AND (Length IS Medium),Medium,0.0,0.0,7505.092290109989,0.0,3847.323359304336,0.3160377358490566,1.0,0.4545454545454545,7252.0
27,all,R12,IF (PointsAjust IS High) AND (TeamExp IS High) AND (Length IS Low),Medium,0.0,0.0,7505.092290109989,0.0,3847.323359304336,0.3160377358490566,1.0,0.4545454545454545,7252.0
27,all,R13,IF (PointsAjust IS High) AND (TeamExp IS Medium) AND (Length IS Low),High,0.0,0.0,3847.323359304336,0.0,3847.323359304336,0.3160377358490566,1.0,0.4545454545454545,7252.0
27,all,R14,IF (PointsAjust IS High) AND (TeamExp IS High) AND (Length IS Medium),High,0.0,0.0,3847.323359304336,0.0,3847.323359304336,0.3160377358490566,1.0,0.4545454545454545,7252.0
27,all,R15,IF (PointsAjust IS Medium) AND (TeamExp IS Low) AND (Length IS Medium),High,0.0,0.0,3847.323359304336,0.0,3847.323359304336,0.3160377358490566,1.0,0.4545454545454545,7252.0
27,all,R16,IF (PointsAjust IS Low) AND (TeamExp IS Low) AND (Length IS High),High,0.0,0.0,3847.323359304336,0.0,3847.323359304336,0.3160377358490566,1.0,0.4545454545454545,7252.0
27,all,R17,IF (PointsAjust IS Medium) AND (TeamExp IS High) AND (Length IS High),High,0.18666666666666668,1.0,3847.323359304336,3847.323359304336,3847.323359304336,0.3160377358490566,1.0,0.4545454545454545,7252.0
27,all,R18,IF (PointsAjust IS High) AND (TeamExp IS Medium) AND (Length IS Medium),Very_High,0.0,0.0,4514.913967793111,0.0,3847.323359304336,0.3160377358490566,1.0,0.4545454545454545,7252.0
27,all,R19,IF (PointsAjust IS Medium) AND (TeamExp IS Low) AND (Length IS High),Very_High,0.0,0.0,4514.913967793111,0.0,3847.323359304336,0.3160377358490566,1.0,0.4545454545454545,7252.0
27,all,R20,IF (PointsAjust IS High) AND (TeamExp IS Low) AND (Length IS High),Very_High,0.0,0.0,4514.913967793111,0.0,3847.323359304336,0.3160377358490566,1.0,0.4545454545454545,7252.0
28,all,R1,IF (PointsAjust IS Low) AND (TeamExp IS High) AND (Length IS Low),Very_Low,0.0,0.05,7217.937003689223,360.8968501844612,6384.724250530873,0.6273584905660378,1.0,0.3939393939393939,3948.0
28,all,R2,IF (PointsAjust IS Low) AND (TeamExp IS Medium) AND (Length IS Low),Low,0.0,0.05,8820.459296947329,441.02296484736644,6384.724250530873,0.6273584905660378,1.0,0.3939393939393939,3948.0
28,all,R3,IF (PointsAjust IS Low) AND (TeamExp IS High) AND (Length IS Medium),Low,0.0,0.05,8820.459296947329,441.02296484736644,6384.724250530873,0.6273584905660378,1.0,0.3939393939393939,3948.0
28,all,R4,IF (PointsAjust IS Medium) AND (TeamExp IS High) AND (Length IS Low),Low,0.0,0.05,8820.459296947329,441.02296484736644,6384.724250530873,0.6273584905660378,1.0,0.3939393939393939,3948.0
28,all,R5,IF (PointsAjust IS Low) AND (TeamExp IS Low) AND (Length IS Low),Medium,0.0,0.05,9604.61618193059,480.2308090965296,6384.724250530873,0.6273584905660378,1.0,0.3939393939393939,3948.0
28,all,R6,IF (PointsAjust IS Medium) AND (TeamExp IS Medium) AND (Length IS Low),Medium,0.0,0.05,9604.61618193059,480.2308090965296,6384.724250530873,0.6273584905660378,1.0,0.3939393939393939,3948.0
28,all,R7,IF (PointsAjust IS Low) AND (TeamExp IS Medium) AND (Length IS Medium),Medium,0.0,0.05,9604.61618193059,480.2308090965296,6384.724250530873,0.6273584905660378,1.0,0.3939393939393939,3948.0
28,all,R8,IF (PointsAjust IS Medium) AND (TeamExp IS High) AND (Length IS Medium),Medium,0.0,0.05,9604.61618193059,480.2308090965296,6384.724250530873,0.6273584905660378,1.0,0.3939393939393939,3948.0
28,all,R9,IF (PointsAjust IS Low) AND (TeamExp IS Low) AND (Length IS Medium),High,0.0,0.05,4745.638036498527,237.28190182492636,6384.724250530873,0.6273584905660378,1.0,0.3939393939393939,3948.0
28,all,R10,IF (PointsAjust IS Medium) AND (TeamExp IS Low) AND (Length IS Low),High,0.0,0.05,4745.638036498527,237.28190182492636,6384.724250530873,0.6273584905660378,1.0,0.3939393939393939,3948.0
28,all,R11,IF (PointsAjust IS Medium) AND (TeamExp IS Medium) AND (Length IS Medium),Medium,0.0,0.05,9604.61618193059,480.2308090965296,6384.724250530873,0.6273584905660378,1.0,0.3939393939393939,3948.0
28,all,R12,IF (PointsAjust IS High) AND (TeamExp IS High) AND (Length IS Low),Medium,0.0,0.05,9604.61618193059,480.2308090965296,6384.724250530873,0.6273584905660378,1.0,0.3939393939393939,3948.0
28,all,R13,IF (PointsAjust IS High) AND (TeamExp IS Medium) AND (Length IS Low),High,0.0,0.05,4745.638036498527,237.28190182492636,6384.724250530873,0.6273584905660378,1.0,0.3939393939393939,3948.0
28,all,R14,IF (PointsAjust IS High) AND (TeamExp IS High) AND (Length IS Medium),High,0.0,0.05,4745.638036498527,237.28190182492636,6384.724250530873,0.6273584905660378,1.0,0.3939393939393939,3948.0
28,all,R15,IF (PointsAjust IS Medium) AND (TeamExp IS Low) AND (Length IS Medium),High,0.0,0.05,4745.638036498527,237.28190182492636,6384.724250530873,0.6273584905660378,1.0,0.3939393939393939,3948.0
28,all,R16,IF (PointsAjust IS Low) AND (TeamExp IS Low) AND (Length IS High),High,0.0,0.05,4745.638036498527,237.28190182492636,6384.724250530873,0.6273584905660378,1.0,0.3939393939393939,3948.0
28,all,R17,IF (PointsAjust IS Medium) AND (TeamExp IS High) AND (Length IS High),High,0.0,0.05,4745.638036498527,237.28190182492636,6384.724250530873,0.6273584905660378,1.0,0.3939393939393939,3948.0
28,all,R18,IF (PointsAjust IS High) AND (TeamExp IS Medium) AND (Length IS Medium),Very_High,0.0,0.05,1056.002256337666,52.800112816883306,6384.724250530873,0.6273584905660378,1.0,0.3939393939393939,3948.0
28,all,R19,IF (PointsAjust IS Medium) AND (TeamExp IS Low) AND (Length IS High),Very_High,0.0,0.05,1056.002256337666,52.800112816883306,6384.724250530873,0.6273584905660378,1.0,0.3939393939393939,3948.0
28,all,R20,IF (PointsAjust IS High) AND (TeamExp IS Low) AND (Length IS High),Very_High,0.0,0.05,1056.002256337666,52.800112816883306,6384.724250530873,0.6273584905660378,1.0,0.3939393939393939,3948.0
29,all,R1,IF (PointsAjust IS Low) AND (TeamExp IS High) AND (Length IS Low),Very_Low,0.10071428571428576,0.3425501540311068,2694.58954331768,923.032063114081,3520.5620513643416,0.2012578616352201,1.0,0.1515151515151515,3927.0
29,all,R2,IF (PointsAjust IS Low) AND (TeamExp IS Medium) AND (Length IS Low),Low,0.0,0.0,3950.917327271168,0.0,3520.5620513643416,0.2012578616352201,1.0,0.1515151515151515,3927.0
29,all,R3,IF (PointsAjust IS Low) AND (TeamExp IS High) AND (Length IS Medium),Low,0.0,0.0,3950.917327271168,0.0,3520.5620513643416,0.2012578616352201,1.0,0.1515151515151515,3927.0
29,all,R4,IF (PointsAjust IS Medium) AND (TeamExp IS High) AND (Length IS Low),Low,0.193298969072165,0.6574498459688931,3950.917327271168,2597.52998825026,3520.5620513643416,0.2012578616352201,1.0,0.1515151515151515,3927.0
29,all,R5,IF (PointsAjust IS Low) AND (TeamExp IS Low) AND (Length IS Low),Medium,0.0,0.0,3844.4902220254503,0.0,3520.5620513643416,0.2012578616352201,1.0,0.1515151515151515,3927.0
29,all,R6,IF (PointsAjust IS Medium) AND (TeamExp IS Medium) AND (Length IS Low),Medium,0.0,0.0,3844.4902220254503,0.0,3520.5620513643416,0.2012578616352201,1.0,0.1515151515151515,3927.0
29,all,R7,IF (PointsAjust IS Low) AND (TeamExp IS Medium) AND (Length IS Medium),Medium,0.0,0.0,3844.4902220254503,0.0,3520.5620513643416,0.2012578616352201,1.0,0.1515151515151515,3927.0
29,all,R8,IF (PointsAjust IS Medium) AND (TeamExp IS High) AND (Length IS Medium),Medium,0.0,0.0,3844.4902220254503,0.0,3520.5620513643416,0.2012578616352201,1.0,0.1515151515151515,3927.0
29,all,R9,IF (PointsAjust IS Low) AND (TeamExp IS Low) AND (Length IS Medium),High,0.0,0.0,4363.544536405037,0.0,3520.5620513643416,0.2012578616352201,1.0,0.1515151515151515,3927.0
29,all,R10,IF (PointsAjust IS Medium) AND (TeamExp IS Low) AND (Length IS Low),High,0.0,0.0,4363.544536405037,0.0,3520.5620513643416,0.2012578616352201,1.0,0.1515151515151515,3927.0
29,all,R11,IF (PointsAjust IS Medium) AND (TeamExp IS Medium) AND (Length IS Medium),Medium,0.0,0.0,3844.4902220254503,0.0,3520.5620513643416,0.2012578616352201,1.0,0.1515151515151515,3927.0
29,all,R12,IF (PointsAjust IS High) AND (TeamExp IS High) AND (Length IS Low),Medium,0.0,0.0,3844.4902220254503,0.0,3520.5620513643416,0.2012578616352201,1.0,0.1515151515151515,3927.0
29,all,R13,IF (PointsAjust IS High) AND (TeamExp IS Medium) AND (Length IS Low),High,0.0,0.0,4363.544536405037,0.0,3520.5620513643416,0.2012578616352201,1.0,0.1515151515151515,3927.0
29,all,R14,IF (PointsAjust IS High) AND (TeamExp IS High) AND (Length IS Medium),High,0.0,0.0,4363.544536405037,0.0,3520.5620513643416,0.2012578616352201,1.0,0.1515151515151515,3927.0
29,all,R15,IF (PointsAjust IS Medium) AND (TeamExp IS Low) AND (Length IS Medium),High,0.0,0.0,4363.544536405037,0.0,3520.5620513643416,0.2012578616352201,1.0,0.1515151515151515,3927.0
29,all,R16,IF (PointsAjust IS Low) AND (TeamExp IS Low) AND (Length IS High),High,0.0,0.0,4363.544536405037,0.0,3520.5620513643416,0.2012578616352201,1.0,0.1515151515151515,3927.0
29,all,R17,IF (PointsAjust IS Medium) AND (TeamExp IS High) AND (Length IS High),High,0.0,0.0,4363.544536405037,0.0,3520.5620513643416,0.2012578616352201,1.0,0.1515151515151515,3927.0
29,all,R18,IF (PointsAjust IS High) AND (TeamExp IS Medium) AND (Length IS Medium),Very_High,0.0,0.0,7411.436390681574,0.0,3520.5620513643416,0.2012578616352201,1.0,0.1515151515151515,3927.0
29,all,R19,IF (PointsAjust IS Medium) AND (TeamExp IS Low) AND (Length IS High),Very_High,0.0,0.0,7411.436390681574,0.0,3520.5620513643416,0.2012578616352201,1.0,0.1515151515151515,3927.0
29,all,R20,IF (PointsAjust IS High) AND (TeamExp IS Low) AND (Length IS High),Very_High,0.0,0.0,7411.436390681574,0.0,3520.5620513643416,0.2012578616352201,1.0,0.1515151515151515,3927.0
30,all,R1,IF (PointsAjust IS Low) AND (TeamExp IS High) AND (Length IS Low),Very_Low,0.0,0.0,5143.600670130239,0.0,3044.2651410862472,0.1666666666666666,0.4,0.2424242424242424,710.0
30,all,R2,IF (PointsAjust IS Low) AND (TeamExp IS Medium) AND (Length IS Low),Low,0.0,0.0,2252.2188930291286,0.0,3044.2651410862472,0.1666666666666666,0.4,0.2424242424242424,710.0
30,all,R3,IF (PointsAjust IS Low) AND (TeamExp IS High) AND (Length IS Medium),Low,0.0,0.0,2252.2188930291286,0.0,3044.2651410862472,0.1666666666666666,0.4,0.2424242424242424,710.0
30,all,R4,IF (PointsAjust IS Medium) AND (TeamExp IS High) AND (Length IS Low),Low,0.0,0.0,2252.2188930291286,0.0,3044.2651410862472,0.1666666666666666,0.4,0.2424242424242424,710.0
30,all,R5,IF (PointsAjust IS Low) AND (TeamExp IS Low) AND (Length IS Low),Medium,0.0,0.0,3403.7971071657253,0.0,3044.2651410862472,0.1666666666666666,0.4,0.2424242424242424,710.0
30,all,R6,IF (PointsAjust IS Medium) AND (TeamExp IS Medium) AND (Length IS Low),Medium,0.0,0.0,3403.7971071657253,0.0,3044.2651410862472,0.1666666666666666,0.4,0.2424242424242424,710.0
30,all,R7,IF (PointsAjust IS Low) AND (TeamExp IS Medium) AND (Length IS Medium),Medium,0.0,0.0,3403.7971071657253,0.0,3044.2651410862472,0.1666666666666666,0.4,0.2424242424242424,710.0
30,all,R8,IF (PointsAjust IS Medium) AND (TeamExp IS High) AND (Length IS Medium),Medium,0.0,0.0,3403.7971071657253,0.0,3044.2651410862472,0.1666666666666666,0.4,0.2424242424242424,710.0
30,all,R9,IF (PointsAjust IS Low) AND (TeamExp IS Low) AND (Length IS Medium),High,0.13142857142857148,0.5773311481066163,3044.2651410862472,1757.5490890442736,3044.2651410862472,0.1666666666666666,0.4,0.2424242424242424,710.0
30,all,R10,IF (PointsAjust IS Medium) AND (TeamExp IS Low) AND (Length IS Low),High,0.0,0.0,3044.2651410862472,0.0,3044.2651410862472,0.1666666666666666,0.4,0.2424242424242424,710.0
30,all,R11,IF (PointsAjust IS Medium) AND (TeamExp IS Medium) AND (Length IS Medium),Medium,0.0,0.0,3403.7971071657253,0.0,3044.2651410862472,0.1666666666666666,0.4,0.2424242424242424,710.0
30,all,R12,IF (PointsAjust IS High) AND (TeamExp IS High) AND (Length IS Low),Medium,0.0,0.0,3403.7971071657253,0.0,3044.2651410862472,0.1666666666666666,0.4,0.2424242424242424,710.0
30,all,R13,IF (PointsAjust IS High) AND (TeamExp IS Medium) AND (Length IS Low),High,0.0,0.0,3044.2651410862472,0.0,3044.2651410862472,0.1666666666666666,0.4,0.2424242424242424,710.0
30,all,R14,IF (PointsAjust IS High) AND (TeamExp IS High) AND (Length IS Medium),High,0.0,0.0,3044.2651410862472,0.0,3044.2651410862472,0.1666666666666666,0.4,0.2424242424242424,710.0
30,all,R15,IF (PointsAjust IS Medium) AND (TeamExp IS Low) AND (Length IS Medium),High,0.0962199312714776,0.42266885189338366,3044.2651410862472,1286.7160520419736,3044.2651410862472,0.1666666666666666,0.4,0.2424242424242424,710.0
30,all,R16,IF (PointsAjust IS Low) AND (TeamExp IS Low) AND (Length IS High),High,0.0,0.0,3044.2651410862472,0.0,3044.2651410862472,0.1666666666666666,0.4,0.2424242424242424,710.0
30,all,R17,IF (PointsAjust IS Medium) AND (TeamExp IS High) AND (Length IS High),High,0.0,0.0,3044.2651410862472,0.0,3044.2651410862472,0.1666666666666666,0.4,0.2424242424242424,710.0
30,all,R18,IF (PointsAjust IS High) AND (TeamExp IS Medium) AND (Length IS Medium),Very_High,0.0,0.0,6961.067655910543,0.0,3044.2651410862472,0.1666666666666666,0.4,0.2424242424242424,710.0
30,all,R19,IF (PointsAjust IS Medium) AND (TeamExp IS Low) AND (Length IS High),Very_High,0.0,0.0,6961.067655910543,0.0,3044.2651410862472,0.1666666666666666,0.4,0.2424242424242424,710.0
30,all,R20,IF (PointsAjust IS High) AND (TeamExp IS Low) AND (Length IS High),Very_High,0.0,0.0,6961.067655910543,0.0,3044.2651410862472,0.1666666666666666,0.4,0.2424242424242424,710.0
31,all,R1,IF (PointsAjust IS Low) AND (TeamExp IS High) AND (Length IS Low),Very_Low,0.0,0.0,4008.54173036088,0.0,5555.880288722588,0.3223270440251572,1.0,0.2424242424242424,2429.0
31,all,R2,IF (PointsAjust IS Low) AND (TeamExp IS Medium) AND (Length IS Low),Low,0.0,0.0,5402.742392827386,0.0,5555.880288722588,0.3223270440251572,1.0,0.2424242424242424,2429.0
31,all,R3,IF (PointsAjust IS Low) AND (TeamExp IS High) AND (Length IS Medium),Low,0.0,0.0,5402.742392827386,0.0,5555.880288722588,0.3223270440251572,1.0,0.2424242424242424,2429.0
31,all,R4,IF (PointsAjust IS Medium) AND (TeamExp IS High) AND (Length IS Low),Low,0.0,0.0,5402.742392827386,0.0,5555.880288722588,0.3223270440251572,1.0,0.2424242424242424,2429.0
31,all,R5,IF (PointsAjust IS Low) AND (TeamExp IS Low) AND (Length IS Low),Medium,0.0,0.0,5676.554197246704,0.0,5555.880288722588,0.3223270440251572,1.0,0.2424242424242424,2429.0
31,all,R6,IF (PointsAjust IS Medium) AND (TeamExp IS Medium) AND (Length IS Low),Medium,0.0,0.0,5676.554197246704,0.0,5555.880288722588,0.3223270440251572,1.0,0.2424242424242424,2429.0
31,all,R7,IF (PointsAjust IS Low) AND (TeamExp IS Medium) AND (Length IS Medium),Medium,0.0,0.0,5676.554197246704,0.0,5555.880288722588,0.3223270440251572,1.0,0.2424242424242424,2429.0
31,all,R8,IF (PointsAjust IS Medium) AND (TeamExp IS High) AND (Length IS Medium),Medium,0.6153846153846155,0.9043648847474253,5676.554197246704,5133.676282355528,5555.880288722588,0.3223270440251572,1.0,0.2424242424242424,2429.0
31,all,R9,IF (PointsAjust IS Low) AND (TeamExp IS Low) AND (Length IS Medium),High,0.0,0.0,4414.738302474028,0.0,5555.880288722588,0.3223270440251572,1.0,0.2424242424242424,2429.0
31,all,R10,IF (PointsAjust IS Medium) AND (TeamExp IS Low) AND (Length IS Low),High,0.0,0.0,4414.738302474028,0.0,5555.880288722588,0.3223270440251572,1.0,0.2424242424242424,2429.0
31,all,R11,IF (PointsAjust IS Medium) AND (TeamExp IS Medium) AND (Length IS Medium),Medium,0.0,0.0,5676.554197246704,0.0,5555.880288722588,0.3223270440251572,1.0,0.2424242424242424,2429.0
31,all,R12,IF (PointsAjust IS High) AND (TeamExp IS High) AND (Length IS Low),Medium,0.0,0.0,5676.554197246704,0.0,5555.880288722588,0.3223270440251572,1.0,0.2424242424242424,2429.0
31,all,R13,IF (PointsAjust IS High) AND (TeamExp IS Medium) AND (Length IS Low),High,0.0,0.0,4414.738302474028,0.0,5555.880288722588,0.3223270440251572,1.0,0.2424242424242424,2429.0
31,all,R14,IF (PointsAjust IS High) AND (TeamExp IS High) AND (Length IS Medium),High,0.06507592190889369,0.09563511525257475,4414.738302474028,422.2040063670599,5555.880288722588,0.3223270440251572,1.0,0.2424242424242424,2429.0
31,all,R15,IF (PointsAjust IS Medium) AND (TeamExp IS Low) AND (Length IS Medium),High,0.0,0.0,4414.738302474028,0.0,5555.880288722588,0.3223270440251572,1.0,0.2424242424242424,2429.0
31,all,R16,IF (PointsAjust IS Low) AND (TeamExp IS Low) AND (Length IS High),High,0.0,0.0,4414.738302474028,0.0,5555.880288722588,0.3223270440251572,1.0,0.2424242424242424,2429.0
31,all,R17,IF (PointsAjust IS Medium) AND (TeamExp IS High) AND (Length IS High),High,0.0,0.0,4414.738302474028,0.0,5555.880288722588,0.3223270440251572,1.0,0.2424242424242424,2429.0
31,all,R18,IF (PointsAjust IS High) AND (TeamExp IS Medium) AND (Length IS Medium),Very_High,0.0,0.0,5495.886472839373,0.0,5555.880288722588,0.3223270440251572,1.0,0.2424242424242424,2429.0
31,all,R19,IF (PointsAjust IS Medium) AND (TeamExp IS Low) AND (Length IS High),Very_High,0.0,0.0,5495.886472839373,0.0,5555.880288722588,0.3223270440251572,1.0,0.2424242424242424,2429.0
31,all,R20,IF (PointsAjust IS High) AND (TeamExp IS Low) AND (Length IS High),Very_High,0.0,0.0,5495.886472839373,0.0,5555.880288722588,0.3223270440251572,1.0,0.2424242424242424,2429.0
32,all,R1,IF (PointsAjust IS Low) AND (TeamExp IS High) AND (Length IS Low),Very_Low,0.0,0.0,6801.989292249953,0.0,3797.5047811991826,0.35062893081761,0.4,0.1212121212121212,6405.0
32,all,R2,IF (PointsAjust IS Low) AND (TeamExp IS Medium) AND (Length IS Low),Low,0.0,0.0,3654.9677539074537,0.0,3797.5047811991826,0.35062893081761,0.4,0.1212121212121212,6405.0
32,all,R3,IF (PointsAjust IS Low) AND (TeamExp IS High) AND (Length IS Medium),Low,0.0,0.0,3654.9677539074537,0.0,3797.5047811991826,0.35062893081761,0.4,0.1212121212121212,6405.0
32,all,R4,IF (PointsAjust IS Medium) AND (TeamExp IS High) AND (Length IS Low),Low,0.0,0.0,3654.9677539074537,0.0,3797.5047811991826,0.35062893081761,0.4,0.1212121212121212,6405.0
32,all,R5,IF (PointsAjust IS Low) AND (TeamExp IS Low) AND (Length IS Low),Medium,0.0,0.0,3886.811206813209,0.0,3797.5047811991826,0.35062893081761,0.4,0.1212121212121212,6405.0
32,all,R6,IF (PointsAjust IS Medium) AND (TeamExp IS Medium) AND (Length IS Low),Medium,0.0,0.0,3886.811206813209,0.0,3797.5047811991826,0.35062893081761,0.4,0.1212121212121212,6405.0
32,all,R7,IF (PointsAjust IS Low) AND (TeamExp IS Medium) AND (Length IS Medium),Medium,0.0,0.0,3886.811206813209,0.0,3797.5047811991826,0.35062893081761,0.4,0.1212121212121212,6405.0
32,all,R8,IF (PointsAjust IS Medium) AND (TeamExp IS High) AND (Length IS Medium),Medium,0.0,0.0,3886.811206813209,0.0,3797.5047811991826,0.35062893081761,0.4,0.1212121212121212,6405.0
32,all,R9,IF (PointsAjust IS Low) AND (TeamExp IS Low) AND (Length IS Medium),High,0.0,0.0,3797.5047811991826,0.0,3797.5047811991826,0.35062893081761,0.4,0.1212121212121212,6405.0
32,all,R10,IF (PointsAjust IS Medium) AND (TeamExp IS Low) AND (Length IS Low),High,0.06410256410256421,1.0,3797.5047811991826,3797.5047811991826,3797.5047811991826,0.35062893081761,0.4,0.1212121212121212,6405.0
32,all,R11,IF (PointsAjust IS Medium) AND (TeamExp IS Medium) AND (Length IS Medium),Medium,0.0,0.0,3886.811206813209,0.0,3797.5047811991826,0.35062893081761,0.4,0.1212121212121212,6405.0
32,all,R12,IF (PointsAjust IS High) AND (TeamExp IS High) AND (Length IS Low),Medium,0.0,0.0,3886.811206813209,0.0,3797.5047811991826,0.35062893081761,0.4,0.1212121212121212,6405.0
32,all,R13,IF (PointsAjust IS High) AND (TeamExp IS Medium) AND (Length IS Low),High,0.0,0.0,3797.5047811991826,0.0,3797.5047811991826,0.35062893081761,0.4,0.1212121212121212,6405.0
32,all,R14,IF (PointsAjust IS High) AND (TeamExp IS High) AND (Length IS Medium),High,0.0,0.0,3797.5047811991826,0.0,3797.5047811991826,0.35062893081761,0.4,0.1212121212121212,6405.0
32,all,R15,IF (PointsAjust IS Medium) AND (TeamExp IS Low) AND (Length IS Medium),High,0.0,0.0,3797.5047811991826,0.0,3797.5047811991826,0.35062893081761,0.4,0.1212121212121212,6405.0
32,all,R16,IF (PointsAjust IS Low) AND (TeamExp IS Low) AND (Length IS High),High,0.0,0.0,3797.5047811991826,0.0,3797.5047811991826,0.35062893081761,0.4,0.1212121212121212,6405.0
32,all,R17,IF (PointsAjust IS Medium) AND (TeamExp IS High) AND (Length IS High),High,0.0,0.0,3797.5047811991826,0.0,3797.5047811991826,0.35062893081761,0.4,0.1212121212121212,6405.0
32,all,R18,IF (PointsAjust IS High) AND (TeamExp IS Medium) AND (Length IS Medium),Very_High,0.0,0.0,5342.690699101469,0.0,3797.5047811991826,0.35062893081761,0.4,0.1212121212121212,6405.0
32,all,R19,IF (PointsAjust IS Medium) AND (TeamExp IS Low) AND (Length IS High),Very_High,0.0,0.0,5342.690699101469,0.0,3797.5047811991826,0.35062893081761,0.4,0.1212121212121212,6405.0
32,all,R20,IF (PointsAjust IS High) AND (TeamExp IS Low) AND (Length IS High),Very_High,0.0,0.0,5342.690699101469,0.0,3797.5047811991826,0.35062893081761,0.4,0.1212121212121212,6405.0
33,all,R1,IF (PointsAjust IS Low) AND (TeamExp IS High) AND (Length IS Low),Very_Low,0.0,0.0,4202.168238325195,0.0,2335.5065509441515,0.1855345911949685,0.6,0.0606060606060606,651.0
33,all,R2,IF (PointsAjust IS Low) AND (TeamExp IS Medium) AND (Length IS Low),Low,0.24428571428571438,0.44129619283262833,2420.090348900067,1067.9766572805868,2335.5065509441515,0.1855345911949685,0.6,0.0606060606060606,651.0
33,all,R3,IF (PointsAjust IS Low) AND (TeamExp IS High) AND (Length IS Medium),Low,0.0,0.0,2420.090348900067,0.0,2335.5065509441515,0.1855345911949685,0.6,0.0606060606060606,651.0
33,all,R4,IF (PointsAjust IS Medium) AND (TeamExp IS High) AND (Length IS Low),Low,0.0,0.0,2420.090348900067,0.0,2335.5065509441515,0.1855345911949685,0.6,0.0606060606060606,651.0
33,all,R5,IF (PointsAjust IS Low) AND (TeamExp IS Low) AND (Length IS Low),Medium,0.0,0.0,2268.697433958687,0.0,2335.5065509441515,0.1855345911949685,0.6,0.0606060606060606,651.0
33,all,R6,IF (PointsAjust IS Medium) AND (TeamExp IS Medium) AND (Length IS Low),Medium,0.30927835051546393,0.5587038071673716,2268.697433958687,1267.5298936635647,2335.5065509441515,0.1855345911949685,0.6,0.0606060606060606,651.0
33,all,R7,IF (PointsAjust IS Low) AND (TeamExp IS Medium) AND (Length IS Medium),Medium,0.0,0.0,2268.697433958687,0.0,2335.5065509441515,0.1855345911949685,0.6,0.0606060606060606,651.0
33,all,R8,IF (PointsAjust IS Medium) AND (TeamExp IS High) AND (Length IS Medium),Medium,0.0,0.0,2268.697433958687,0.0,2335.5065509441515,0.1855345911949685,0.6,0.0606060606060606,651.0
33,all,R9,IF (PointsAjust IS Low) AND (TeamExp IS Low) AND (Length IS Medium),High,0.0,0.0,3896.0884906962874,0.0,2335.5065509441515,0.1855345911949685,0.6,0.0606060606060606,651.0
33,all,R10,IF (PointsAjust IS Medium) AND (TeamExp IS Low) AND (Length IS Low),High,0.0,0.0,3896.0884906962874,0.0,2335.5065509441515,0.1855345911949685,0.6,0.0606060606060606,651.0
33,all,R11,IF (PointsAjust IS Medium) AND (TeamExp IS Medium) AND (Length IS Medium),Medium,0.0,0.0,2268.697433958687,0.0,2335.5065509441515,0.1855345911949685,0.6,0.0606060606060606,651.0
33,all,R12,IF (PointsAjust IS High) AND (TeamExp IS High) AND (Length IS Low),Medium,0.0,0.0,2268.697433958687,0.0,2335.5065509441515,0.1855345911949685,0.6,0.0606060606060606,651.0
33,all,R13,IF (PointsAjust IS High) AND (TeamExp IS Medium) AND (Length IS Low),High,0.0,0.0,3896.0884906962874,0.0,2335.5065509441515,0.1855345911949685,0.6,0.0606060606060606,651.0
33,all,R14,IF (PointsAjust IS High) AND (TeamExp IS High) AND (Length IS Medium),High,0.0,0.0,3896.0884906962874,0.0,2335.5065509441515,0.1855345911949685,0.6,0.0606060606060606,651.0
33,all,R15,IF (PointsAjust IS Medium) AND (TeamExp IS Low) AND (Length IS Medium),High,0.0,0.0,3896.0884906962874,0.0,2335.5065509441515,0.1855345911949685,0.6,0.0606060606060606,651.0
33,all,R16,IF (PointsAjust IS Low) AND (TeamExp IS Low) AND (Length IS High),High,0.0,0.0,3896.0884906962874,0.0,2335.5065509441515,0.1855345911949685,0.6,0.0606060606060606,651.0
33,all,R17,IF (PointsAjust IS Medium) AND (TeamExp IS High) AND (Length IS High),High,0.0,0.0,3896.0884906962874,0.0,2335.5065509441515,0.1855345911949685,0.6,0.0606060606060606,651.0
33,all,R18,IF (PointsAjust IS High) AND (TeamExp IS Medium) AND (Length IS Medium),Very_High,0.0,0.0,7777.51433741158,0.0,2335.5065509441515,0.1855345911949685,0.6,0.0606060606060606,651.0
33,all,R19,IF (PointsAjust IS Medium) AND (TeamExp IS Low) AND (Length IS High),Very_High,0.0,0.0,7777.51433741158,0.0,2335.5065509441515,0.1855345911949685,0.6,0.0606060606060606,651.0
33,all,R20,IF (PointsAjust IS High) AND (TeamExp IS Low) AND (Length IS High),Very_High,0.0,0.0,7777.51433741158,0.0,2335.5065509441515,0.1855345911949685,0.6,0.0606060606060606,651.0
34,all,R1,IF (PointsAjust IS Low) AND (TeamExp IS High) AND (Length IS Low),Very_Low,0.0,0.0,9558.273134596282,0.0,738.5945440136347,0.5817610062893082,0.4,0.4848484848484848,9135.0
34,all,R2,IF (PointsAjust IS Low) AND (TeamExp IS Medium) AND (Length IS Low),Low,0.0,0.0,7015.374173913153,0.0,738.5945440136347,0.5817610062893082,0.4,0.4848484848484848,9135.0
34,all,R3,IF (PointsAjust IS Low) AND (TeamExp IS High) AND (Length IS Medium),Low,0.0,0.0,7015.374173913153,0.0,738.5945440136347,0.5817610062893082,0.4,0.4848484848484848,9135.0
34,all,R4,IF (PointsAjust IS Medium) AND (TeamExp IS High) AND (Length IS Low),Low,0.0,0.0,7015.374173913153,0.0,738.5945440136347,0.5817610062893082,0.4,0.4848484848484848,9135.0
34,all,R5,IF (PointsAjust IS Low) AND (TeamExp IS Low) AND (Length IS Low),Medium,0.0,0.0,9070.689247042352,0.0,738.5945440136347,0.5817610062893082,0.4,0.4848484848484848,9135.0
34,all,R6,IF (PointsAjust IS Medium) AND (TeamExp IS Medium) AND (Length IS Low),Medium,0.0,0.0,9070.689247042352,0.0,738.5945440136347,0.5817610062893082,0.4,0.4848484848484848,9135.0
34,all,R7,IF (PointsAjust IS Low) AND (TeamExp IS Medium) AND (Length IS Medium),Medium,0.0,0.0,9070.689247042352,0.0,738.5945440136347,0.5817610062893082,0.4,0.4848484848484848,9135.0
34,all,R8,IF (PointsAjust IS Medium) AND (TeamExp IS High) AND (Length IS Medium),Medium,0.0,0.0,9070.689247042352,0.0,738.5945440136347,0.5817610062893082,0.4,0.4848484848484848,9135.0
34,all,R9,IF (PointsAjust IS Low) AND (TeamExp IS Low) AND (Length IS Medium),High,0.0,0.0,3400.180404620856,0.0,738.5945440136347,0.5817610062893082,0.4,0.4848484848484848,9135.0
34,all,R10,IF (PointsAjust IS Medium) AND (TeamExp IS Low) AND (Length IS Low),High,0.0,0.0,3400.180404620856,0.0,738.5945440136347,0.5817610062893082,0.4,0.4848484848484848,9135.0
34,all,R11,IF (PointsAjust IS Medium) AND (TeamExp IS Medium) AND (Length IS Medium),Medium,0.0,0.0,9070.689247042352,0.0,738.5945440136347,0.5817610062893082,0.4,0.4848484848484848,9135.0
34,all,R12,IF (PointsAjust IS High) AND (TeamExp IS High) AND (Length IS Low),Medium,0.0,0.0,9070.689247042352,0.0,738.5945440136347,0.5817610062893082,0.4,0.4848484848484848,9135.0
34,all,R13,IF (PointsAjust IS High) AND (TeamExp IS Medium) AND (Length IS Low),High,0.0,0.0,3400.180404620856,0.0,738.5945440136347,0.5817610062893082,0.4,0.4848484848484848,9135.0
34,all,R14,IF (PointsAjust IS High) AND (TeamExp IS High) AND (Length IS Medium),High,0.0,0.0,3400.180404620856,0.0,738.5945440136347,0.5817610062893082,0.4,0.4848484848484848,9135.0
34,all,R15,IF (PointsAjust IS Medium) AND (TeamExp IS Low) AND (Length IS Medium),High,0.0,0.0,3400.180404620856,0.0,738.5945440136347,0.5817610062893082,0.4,0.4848484848484848,9135.0
34,all,R16,IF (PointsAjust IS Low) AND (TeamExp IS Low) AND (Length IS High),High,0.0,0.0,3400.180404620856,0.0,738.5945440136347,0.5817610062893082,0.4,0.4848484848484848,9135.0
34,all,R17,IF (PointsAjust IS Medium) AND (TeamExp IS High) AND (Length IS High),High,0.0,0.0,3400.180404620856,0.0,738.5945440136347,0.5817610062893082,0.4,0.4848484848484848,9135.0
34,all,R18,IF (PointsAjust IS High) AND (TeamExp IS Medium) AND (Length IS Medium),Very_High,0.0,0.0,738.5945440136347,0.0,738.5945440136347,0.5817610062893082,0.4,0.4848484848484848,9135.0
34,all,R19,IF (PointsAjust IS Medium) AND (TeamExp IS Low) AND (Length IS High),Very_High,0.0,0.0,738.5945440136347,0.0,738.5945440136347,0.5817610062893082,0.4,0.4848484848484848,9135.0
34,all,R20,IF (PointsAjust IS High) AND (TeamExp IS Low) AND (Length IS High),Very_High,0.04511930585683296,1.0,738.5945440136347,738.5945440136347,738.5945440136347,0.5817610062893082,0.4,0.4848484848484848,9135.0
35,all,R1,IF (PointsAjust IS Low) AND (TeamExp IS High) AND (Length IS Low),Very_Low,0.0,0.0,7173.015757189614,0.0,3321.523380881941,0.4544025157232704,0.6,0.303030303030303,1435.0
35,all,R2,IF (PointsAjust IS Low) AND (TeamExp IS Medium) AND (Length IS Low),Low,0.0,0.0,5769.822478688543,0.0,3321.523380881941,0.4544025157232704,0.6,0.303030303030303,1435.0
35,all,R3,IF (PointsAjust IS Low) AND (TeamExp IS High) AND (Length IS Medium),Low,0.0,0.0,5769.822478688543,0.0,3321.523380881941,0.4544025157232704,0.6,0.303030303030303,1435.0
35,all,R4,IF (PointsAjust IS Medium) AND (TeamExp IS High) AND (Length IS Low),Low,0.0,0.0,5769.822478688543,0.0,3321.523380881941,0.4544025157232704,0.6,0.303030303030303,1435.0
35,all,R5,IF (PointsAjust IS Low) AND (TeamExp IS Low) AND (Length IS Low),Medium,0.0,0.0,6696.911679170738,0.0,3321.523380881941,0.4544025157232704,0.6,0.303030303030303,1435.0
35,all,R6,IF (PointsAjust IS Medium) AND (TeamExp IS Medium) AND (Length IS Low),Medium,0.0,0.0,6696.911679170738,0.0,3321.523380881941,0.4544025157232704,0.6,0.303030303030303,1435.0
35,all,R7,IF (PointsAjust IS Low) AND (TeamExp IS Medium) AND (Length IS Medium),Medium,0.0,0.0,6696.911679170738,0.0,3321.523380881941,0.4544025157232704,0.6,0.303030303030303,1435.0
35,all,R8,IF (PointsAjust IS Medium) AND (TeamExp IS High) AND (Length IS Medium),Medium,0.0,0.0,6696.911679170738,0.0,3321.523380881941,0.4544025157232704,0.6,0.303030303030303,1435.0
35,all,R9,IF (PointsAjust IS Low) AND (TeamExp IS Low) AND (Length IS Medium),High,0.0,0.0,3904.2071828057465,0.0,3321.523380881941,0.4544025157232704,0.6,0.303030303030303,1435.0
35,all,R10,IF (PointsAjust IS Medium) AND (TeamExp IS Low) AND (Length IS Low),High,0.0,0.0,3904.2071828057465,0.0,3321.523380881941,0.4544025157232704,0.6,0.303030303030303,1435.0
35,all,R11,IF (PointsAjust IS Medium) AND (TeamExp IS Medium) AND (Length IS Medium),Medium,0.0,0.0,6696.911679170738,0.0,3321.523380881941,0.4544025157232704,0.6,0.303030303030303,1435.0
35,all,R12,IF (PointsAjust IS High) AND (TeamExp IS High) AND (Length IS Low),Medium,0.0,0.0,6696.911679170738,0.0,3321.523380881941,0.4544025157232704,0.6,0.303030303030303,1435.0
35,all,R13,IF (PointsAjust IS High) AND (TeamExp IS Medium) AND (Length IS Low),High,0.0,0.0,3904.2071828057465,0.0,3321.523380881941,0.4544025157232704,0.6,0.303030303030303,1435.0
35,all,R14,IF (PointsAjust IS High) AND (TeamExp IS High) AND (Length IS Medium),High,0.0,0.0,3904.2071828057465,0.0,3321.523380881941,0.4544025157232704,0.6,0.303030303030303,1435.0
35,all,R15,IF (PointsAjust IS Medium) AND (TeamExp IS Low) AND (Length IS Medium),High,0.0,0.0,3904.2071828057465,0.0,3321.523380881941,0.4544025157232704,0.6,0.303030303030303,1435.0
35,all,R16,IF (PointsAjust IS Low) AND (TeamExp IS Low) AND (Length IS High),High,0.0,0.0,3904.2071828057465,0.0,3321.523380881941,0.4544025157232704,0.6,0.303030303030303,1435.0
35,all,R17,IF (PointsAjust IS Medium) AND (TeamExp IS High) AND (Length IS High),High,0.0,0.0,3904.2071828057465,0.0,3321.523380881941,0.4544025157232704,0.6,0.303030303030303,1435.0
35,all,R18,IF (PointsAjust IS High) AND (TeamExp IS Medium) AND (Length IS Medium),Very_High,0.12364425162689804,1.0,3321.523380881941,3321.523380881941,3321.523380881941,0.4544025157232704,0.6,0.303030303030303,1435.0
35,all,R19,IF (PointsAjust IS Medium) AND (TeamExp IS Low) AND (Length IS High),Very_High,0.0,0.0,3321.523380881941,0.0,3321.523380881941,0.4544025157232704,0.6,0.303030303030303,1435.0
35,all,R20,IF (PointsAjust IS High) AND (TeamExp IS Low) AND (Length IS High),Very_High,0.0,0.0,3321.523380881941,0.0,3321.523380881941,0.4544025157232704,0.6,0.303030303030303,1435.0
36,all,R1,IF (PointsAjust IS Low) AND (TeamExp IS High) AND (Length IS Low),Very_Low,0.0,0.05,9866.247401703953,493.3123700851977,4196.299341436998,0.4685534591194968,0.0,0.2121212121212121,5922.0
36,all,R2,IF (PointsAjust IS Low) AND (TeamExp IS Medium) AND (Length IS Low),Low,0.0,0.05,3979.122117126287,198.95610585631437,4196.299341436998,0.4685534591194968,0.0,0.2121212121212121,5922.0
36,all,R3,IF (PointsAjust IS Low) AND (TeamExp IS High) AND (Length IS Medium),Low,0.0,0.05,3979.122117126287,198.95610585631437,4196.299341436998,0.4685534591194968,0.0,0.2121212121212121,5922.0
36,all,R4,IF (PointsAjust IS Medium) AND (TeamExp IS High) AND (Length IS Low),Low,0.0,0.05,3979.122117126287,198.95610585631437,4196.299341436998,0.4685534591194968,0.0,0.2121212121212121,5922.0
36,all,R5,IF (PointsAjust IS Low) AND (TeamExp IS Low) AND (Length IS Low),Medium,0.0,0.05,5056.127286050723,252.80636430253617,4196.299341436998,0.4685534591194968,0.0,0.2121212121212121,5922.0
36,all,R6,IF (PointsAjust IS Medium) AND (TeamExp IS Medium) AND (Length IS Low),Medium,0.0,0.05,5056.127286050723,252.80636430253617,4196.299341436998,0.4685534591194968,0.0,0.2121212121212121,5922.0
36,all,R7,IF (PointsAjust IS Low) AND (TeamExp IS Medium) AND (Length IS Medium),Medium,0.0,0.05,5056.127286050723,252.80636430253617,4196.299341436998,0.4685534591194968,0.0,0.2121212121212121,5922.0
36,all,R8,IF (PointsAjust IS Medium) AND (TeamExp IS High) AND (Length IS Medium),Medium,0.0,0.05,5056.127286050723,252.80636430253617,4196.299341436998,0.4685534591194968,0.0,0.2121212121212121,5922.0
36,all,R9,IF (PointsAjust IS Low) AND (TeamExp IS Low) AND (Length IS Medium),High,0.0,0.05,3174.393650119433,158.71968250597166,4196.299341436998,0.4685534591194968,0.0,0.2121212121212121,5922.0
36,all,R10,IF (PointsAjust IS Medium) AND (TeamExp IS Low) AND (Length IS Low),High,0.0,0.05,3174.393650119433,158.71968250597166,4196.299341436998,0.4685534591194968,0.0,0.2121212121212121,5922.0
36,all,R11,IF (PointsAjust IS Medium) AND (TeamExp IS Medium) AND (Length IS Medium),Medium,0.0,0.05,5056.127286050723,252.80636430253617,4196.299341436998,0.4685534591194968,0.0,0.2121212121212121,5922.0
36,all,R12,IF (PointsAjust IS High) AND (TeamExp IS High) AND (Length IS Low),Medium,0.0,0.05,5056.127286050723,252.80636430253617,4196.299341436998,0.4685534591194968,0.0,0.2121212121212121,5922.0
36,all,R13,IF (PointsAjust IS High) AND (TeamExp IS Medium) AND (Length IS Low),High,0.0,0.05,3174.393650119433,158.71968250597166,4196.299341436998,0.4685534591194968,0.0,0.2121212121212121,5922.0
36,all,R14,IF (PointsAjust IS High) AND (TeamExp IS High) AND (Length IS Medium),High,0.0,0.05,3174.393650119433,158.71968250597166,4196.299341436998,0.4685534591194968,0.0,0.2121212121212121,5922.0
36,all,R15,IF (PointsAjust IS Medium) AND (TeamExp IS Low) AND (Length IS Medium),High,0.0,0.05,3174.393650119433,158.71968250597166,4196.299341436998,0.4685534591194968,0.0,0.2121212121212121,5922.0
36,all,R16,IF (PointsAjust IS Low) AND (TeamExp IS Low) AND (Length IS High),High,0.0,0.05,3174.393650119433,158.71968250597166,4196.299341436998,0.4685534591194968,0.0,0.2121212121212121,5922.0
36,all,R17,IF (PointsAjust IS Medium) AND (TeamExp IS High) AND (Length IS High),High,0.0,0.05,3174.393650119433,158.71968250597166,4196.299341436998,0.4685534591194968,0.0,0.2121212121212121,5922.0
36,all,R18,IF (PointsAjust IS High) AND (TeamExp IS Medium) AND (Length IS Medium),Very_High,0.0,0.05,3188.284602838915,159.41423014194575,4196.299341436998,0.4685534591194968,0.0,0.2121212121212121,5922.0
36,all,R19,IF (PointsAjust IS Medium) AND (TeamExp IS Low) AND (Length IS High),Very_High,0.0,0.05,3188.284602838915,159.41423014194575,4196.299341436998,0.4685534591194968,0.0,0.2121212121212121,5922.0
36,all,R20,IF (PointsAjust IS High) AND (TeamExp IS Low) AND (Length IS High),Very_High,0.0,0.05,3188.284602838915,159.41423014194575,4196.299341436998,0.4685534591194968,0.0,0.2121212121212121,5922.0
37,all,R1,IF (PointsAjust IS Low) AND (TeamExp IS High) AND (Length IS Low),Very_Low,0.0,0.0,5132.35527630657,0.0,2925.8314475275392,0.1855345911949685,0.4,0.0909090909090909,847.0
37,all,R2,IF (PointsAjust IS Low) AND (TeamExp IS Medium) AND (Length IS Low),Low,0.0,0.0,1965.310259077818,0.0,2925.8314475275392,0.1855345911949685,0.4,0.0909090909090909,847.0
37,all,R3,IF (PointsAjust IS Low) AND (TeamExp IS High) AND (Length IS Medium),Low,0.0,0.0,1965.310259077818,0.0,2925.8314475275392,0.1855345911949685,0.4,0.0909090909090909,847.0
37,all,R4,IF (PointsAjust IS Medium) AND (TeamExp IS High) AND (Length IS Low),Low,0.0,0.0,1965.310259077818,0.0,2925.8314475275392,0.1855345911949685,0.4,0.0909090909090909,847.0
37,all,R5,IF (PointsAjust IS Low) AND (TeamExp IS Low) AND (Length IS Low),Medium,0.06785714285714287,0.4412961928326284,2219.4732547496055,979.4450974148433,2925.8314475275392,0.1855345911949685,0.4,0.0909090909090909,847.0
37,all,R6,IF (PointsAjust IS Medium) AND (TeamExp IS Medium) AND (Length IS Low),Medium,0.0,0.0,2219.4732547496055,0.0,2925.8314475275392,0.1855345911949685,0.4,0.0909090909090909,847.0
37,all,R7,IF (PointsAjust IS Low) AND (TeamExp IS Medium) AND (Length IS Medium),Medium,0.0,0.0,2219.4732547496055,0.0,2925.8314475275392,0.1855345911949685,0.4,0.0909090909090909,847.0
37,all,R8,IF (PointsAjust IS Medium) AND (TeamExp IS High) AND (Length IS Medium),Medium,0.0,0.0,2219.4732547496055,0.0,2925.8314475275392,0.1855345911949685,0.4,0.0909090909090909,847.0
37,all,R9,IF (PointsAjust IS Low) AND (TeamExp IS Low) AND (Length IS Medium),High,0.0,0.0,3483.753511508853,0.0,2925.8314475275392,0.1855345911949685,0.4,0.0909090909090909,847.0
37,all,R10,IF (PointsAjust IS Medium) AND (TeamExp IS Low) AND (Length IS Low),High,0.08591065292096217,0.5587038071673716,3483.753511508853,1946.3863501126957,2925.8314475275392,0.1855345911949685,0.4,0.0909090909090909,847.0
37,all,R11,IF (PointsAjust IS Medium) AND (TeamExp IS Medium) AND (Length IS Medium),Medium,0.0,0.0,2219.4732547496055,0.0,2925.8314475275392,0.1855345911949685,0.4,0.0909090909090909,847.0
37,all,R12,IF (PointsAjust IS High) AND (TeamExp IS High) AND (Length IS Low),Medium,0.0,0.0,2219.4732547496055,0.0,2925.8314475275392,0.1855345911949685,0.4,0.0909090909090909,847.0
37,all,R13,IF (PointsAjust IS High) AND (TeamExp IS Medium) AND (Length IS Low),High,0.0,0.0,3483.753511508853,0.0,2925.8314475275392,0.1855345911949685,0.4,0.0909090909090909,847.0
37,all,R14,IF (PointsAjust IS High) AND (TeamExp IS High) AND (Length IS Medium),High,0.0,0.0,3483.753511508853,0.0,2925.8314475275392,0.1855345911949685,0.4,0.0909090909090909,847.0
37,all,R15,IF (PointsAjust IS Medium) AND (TeamExp IS Low) AND (Length IS Medium),High,0.0,0.0,3483.753511508853,0.0,2925.8314475275392,0.1855345911949685,0.4,0.0909090909090909,847.0
37,all,R16,IF (PointsAjust IS Low) AND (TeamExp IS Low) AND (Length IS High),High,0.0,0.0,3483.753511508853,0.0,2925.8314475275392,0.1855345911949685,0.4,0.0909090909090909,847.0
37,all,R17,IF (PointsAjust IS Medium) AND (TeamExp IS High) AND (Length IS High),High,0.0,0.0,3483.753511508853,0.0,2925.8314475275392,0.1855345911949685,0.4,0.0909090909090909,847.0
37,all,R18,IF (PointsAjust IS High) AND (TeamExp IS Medium) AND (Length IS Medium),Very_High,0.0,0.0,7488.098926114855,0.0,2925.8314475275392,0.1855345911949685,0.4,0.0909090909090909,847.0
37,all,R19,IF (PointsAjust IS Medium) AND (TeamExp IS Low) AND (Length IS High),Very_High,0.0,0.0,7488.098926114855,0.0,2925.8314475275392,0.1855345911949685,0.4,0.0909090909090909,847.0
37,all,R20,IF (PointsAjust IS High) AND (TeamExp IS Low) AND (Length IS High),Very_High,0.0,0.0,7488.098926114855,0.0,2925.8314475275392,0.1855345911949685,0.4,0.0909090909090909,847.0
38,all,R1,IF (PointsAjust IS Low) AND (TeamExp IS High) AND (Length IS Low),Very_Low,0.0,0.05,9150.183082765918,457.5091541382959,6548.660983520929,0.7248427672955975,0.8,0.4545454545454545,8050.0
38,all,R2,IF (PointsAjust IS Low) AND (TeamExp IS Medium) AND (Length IS Low),Low,0.0,0.05,9401.818470803011,470.0909235401506,6548.660983520929,0.7248427672955975,0.8,0.4545454545454545,8050.0
38,all,R3,IF (PointsAjust IS Low) AND (TeamExp IS High) AND (Length IS Medium),Low,0.0,0.05,9401.818470803011,470.0909235401506,6548.660983520929,0.7248427672955975,0.8,0.4545454545454545,8050.0
38,all,R4,IF (PointsAjust IS Medium) AND (TeamExp IS High) AND (Length IS Low),Low,0.0,0.05,9401.818470803011,470.0909235401506,6548.660983520929,0.7248427672955975,0.8,0.4545454545454545,8050.0
38,all,R5,IF (PointsAjust IS Low) AND (TeamExp IS Low) AND (Length IS Low),Medium,0.0,0.05,10650.007917467085,532.5003958733543,6548.660983520929,0.7248427672955975,0.8,0.4545454545454545,8050.0
38,all,R6,IF (PointsAjust IS Medium) AND (TeamExp IS Medium) AND (Length IS Low),Medium,0.0,0.05,10650.007917467085,532.5003958733543,6548.660983520929,0.7248427672955975,0.8,0.4545454545454545,8050.0
38,all,R7,IF (PointsAjust IS Low) AND (TeamExp IS Medium) AND (Length IS Medium),Medium,0.0,0.05,10650.007917467085,532.5003958733543,6548.660983520929,0.7248427672955975,0.8,0.4545454545454545,8050.0
38,all,R8,IF (PointsAjust IS Medium) AND (TeamExp IS High) AND (Length IS Medium),Medium,0.0,0.05,10650.007917467085,532.5003958733543,6548.660983520929,0.7248427672955975,0.8,0.4545454545454545,8050.0
38,all,R9,IF (PointsAjust IS Low) AND (TeamExp IS Low) AND (Length IS Medium),High,0.0,0.05,4486.24515956829,224.3122579784145,6548.660983520929,0.7248427672955975,0.8,0.4545454545454545,8050.0
38,all,R10,IF (PointsAjust IS Medium) AND (TeamExp IS Low) AND (Length IS Low),High,0.0,0.05,4486.24515956829,224.3122579784145,6548.660983520929,0.7248427672955975,0.8,0.4545454545454545,8050.0
38,all,R11,IF (PointsAjust IS Medium) AND (TeamExp IS Medium) AND (Length IS Medium),Medium,0.0,0.05,10650.007917467085,532.5003958733543,6548.660983520929,0.7248427672955975,0.8,0.4545454545454545,8050.0
38,all,R12,IF (PointsAjust IS High) AND (TeamExp IS High) AND (Length IS Low),Medium,0.0,0.05,10650.007917467085,532.5003958733543,6548.660983520929,0.7248427672955975,0.8,0.4545454545454545,8050.0
38,all,R13,IF (PointsAjust IS High) AND (TeamExp IS Medium) AND (Length IS Low),High,0.0,0.05,4486.24515956829,224.3122579784145,6548.660983520929,0.7248427672955975,0.8,0.4545454545454545,8050.0
38,all,R14,IF (PointsAjust IS High) AND (TeamExp IS High) AND (Length IS Medium),High,0.0,0.05,4486.24515956829,224.3122579784145,6548.660983520929,0.7248427672955975,0.8,0.4545454545454545,8050.0
38,all,R15,IF (PointsAjust IS Medium) AND (TeamExp IS Low) AND (Length IS Medium),High,0.0,0.05,4486.24515956829,224.3122579784145,6548.660983520929,0.7248427672955975,0.8,0.4545454545454545,8050.0
38,all,R16,IF (PointsAjust IS Low) AND (TeamExp IS Low) AND (Length IS High),High,0.0,0.05,4486.24515956829,224.3122579784145,6548.660983520929,0.7248427672955975,0.8,0.4545454545454545,8050.0
38,all,R17,IF (PointsAjust IS Medium) AND (TeamExp IS High) AND (Length IS High),High,0.0,0.05,4486.24515956829,224.3122579784145,6548.660983520929,0.7248427672955975,0.8,0.4545454545454545,8050.0
38,all,R18,IF (PointsAjust IS High) AND (TeamExp IS Medium) AND (Length IS Medium),Very_High,0.0,0.05,-562.0608155123064,-28.10304077561532,6548.660983520929,0.7248427672955975,0.8,0.4545454545454545,8050.0
38,all,R19,IF (PointsAjust IS Medium) AND (TeamExp IS Low) AND (Length IS High),Very_High,0.0,0.05,-562.0608155123064,-28.10304077561532,6548.660983520929,0.7248427672955975,0.8,0.4545454545454545,8050.0
38,all,R20,IF (PointsAjust IS High) AND (TeamExp IS Low) AND (Length IS High),Very_High,0.0,0.05,-562.0608155123064,-28.10304077561532,6548.660983520929,0.7248427672955975,0.8,0.4545454545454545,8050.0
39,all,R1,IF (PointsAjust IS Low) AND (TeamExp IS High) AND (Length IS Low),Very_Low,0.0,0.05,9739.000496991323,486.95002484956615,5357.19324039994,0.6320754716981132,0.4,0.2424242424242424,4620.0
39,all,R2,IF (PointsAjust IS Low) AND (TeamExp IS Medium) AND (Length IS Low),Low,0.0,0.05,6750.856019096678,337.5428009548339,5357.19324039994,0.6320754716981132,0.4,0.2424242424242424,4620.0
39,all,R3,IF (PointsAjust IS Low) AND (TeamExp IS High) AND (Length IS Medium),Low,0.0,0.05,6750.856019096678,337.5428009548339,5357.19324039994,0.6320754716981132,0.4,0.2424242424242424,4620.0
39,all,R4,IF (PointsAjust IS Medium) AND (TeamExp IS High) AND (Length IS Low),Low,0.0,0.05,6750.856019096678,337.5428009548339,5357.19324039994,0.6320754716981132,0.4,0.2424242424242424,4620.0
39,all,R5,IF (PointsAjust IS Low) AND (TeamExp IS Low) AND (Length IS Low),Medium,0.0,0.05,7346.255782657276,367.3127891328638,5357.19324039994,0.6320754716981132,0.4,0.2424242424242424,4620.0
39,all,R6,IF (PointsAjust IS Medium) AND (TeamExp IS Medium) AND (Length IS Low),Medium,0.0,0.05,7346.255782657276,367.3127891328638,5357.19324039994,0.6320754716981132,0.4,0.2424242424242424,4620.0
39,all,R7,IF (PointsAjust IS Low) AND (TeamExp IS Medium) AND (Length IS Medium),Medium,0.0,0.05,7346.255782657276,367.3127891328638,5357.19324039994,0.6320754716981132,0.4,0.2424242424242424,4620.0
39,all,R8,IF (PointsAjust IS Medium) AND (TeamExp IS High) AND (Length IS Medium),Medium,0.0,0.05,7346.255782657276,367.3127891328638,5357.19324039994,0.6320754716981132,0.4,0.2424242424242424,4620.0
39,all,R9,IF (PointsAjust IS Low) AND (TeamExp IS Low) AND (Length IS Medium),High,0.0,0.05,4151.230572718981,207.5615286359491,5357.19324039994,0.6320754716981132,0.4,0.2424242424242424,4620.0
39,all,R10,IF (PointsAjust IS Medium) AND (TeamExp IS Low) AND (Length IS Low),High,0.0,0.05,4151.230572718981,207.5615286359491,5357.19324039994,0.6320754716981132,0.4,0.2424242424242424,4620.0
39,all,R11,IF (PointsAjust IS Medium) AND (TeamExp IS Medium) AND (Length IS Medium),Medium,0.0,0.05,7346.255782657276,367.3127891328638,5357.19324039994,0.6320754716981132,0.4,0.2424242424242424,4620.0
39,all,R12,IF (PointsAjust IS High) AND (TeamExp IS High) AND (Length IS Low),Medium,0.0,0.05,7346.255782657276,367.3127891328638,5357.19324039994,0.6320754716981132,0.4,0.2424242424242424,4620.0
39,all,R13,IF (PointsAjust IS High) AND (TeamExp IS Medium) AND (Length IS Low),High,0.0,0.05,4151.230572718981,207.5615286359491,5357.19324039994,0.6320754716981132,0.4,0.2424242424242424,4620.0
39,all,R14,IF (PointsAjust IS High) AND (TeamExp IS High) AND (Length IS Medium),High,0.0,0.05,4151.230572718981,207.5615286359491,5357.19324039994,0.6320754716981132,0.4,0.2424242424242424,4620.0
39,all,R15,IF (PointsAjust IS Medium) AND (TeamExp IS Low) AND (Length IS Medium),High,0.0,0.05,4151.230572718981,207.5615286359491,5357.19324039994,0.6320754716981132,0.4,0.2424242424242424,4620.0
39,all,R16,IF (PointsAjust IS Low) AND (TeamExp IS Low) AND (Length IS High),High,0.0,0.05,4151.230572718981,207.5615286359491,5357.19324039994,0.6320754716981132,0.4,0.2424242424242424,4620.0
39,all,R17,IF (PointsAjust IS Medium) AND (TeamExp IS High) AND (Length IS High),High,0.0,0.05,4151.230572718981,207.5615286359491,5357.19324039994,0.6320754716981132,0.4,0.2424242424242424,4620.0
39,all,R18,IF (PointsAjust IS High) AND (TeamExp IS Medium) AND (Length IS Medium),Very_High,0.0,0.05,1338.7158495803087,66.93579247901543,5357.19324039994,0.6320754716981132,0.4,0.2424242424242424,4620.0
39,all,R19,IF (PointsAjust IS Medium) AND (TeamExp IS Low) AND (Length IS High),Very_High,0.0,0.05,1338.7158495803087,66.93579247901543,5357.19324039994,0.6320754716981132,0.4,0.2424242424242424,4620.0
39,all,R20,IF (PointsAjust IS High) AND (TeamExp IS Low) AND (Length IS High),Very_High,0.0,0.05,1338.7158495803087,66.93579247901543,5357.19324039994,0.6320754716981132,0.4,0.2424242424242424,4620.0
40,all,R1,IF (PointsAjust IS Low) AND (TeamExp IS High) AND (Length IS Low),Very_Low,0.0,0.05,13468.899333520145,673.4449666760073,8078.29510366079,1.0,0.6,1.0,2352.0
40,all,R2,IF (PointsAjust IS Low) AND (TeamExp IS Medium) AND (Length IS Low),Low,0.0,0.05,13202.277370892847,660.1138685446424,8078.29510366079,1.0,0.6,1.0,2352.0
40,all,R3,IF (PointsAjust IS Low) AND (TeamExp IS High) AND (Length IS Medium),Low,0.0,0.05,13202.277370892847,660.1138685446424,8078.29510366079,1.0,0.6,1.0,2352.0
40,all,R4,IF (PointsAjust IS Medium) AND (TeamExp IS High) AND (Length IS Low),Low,0.0,0.05,13202.277370892847,660.1138685446424,8078.29510366079,1.0,0.6,1.0,2352.0
40,all,R5,IF (PointsAjust IS Low) AND (TeamExp IS Low) AND (Length IS Low),Medium,0.0,0.05,17501.750316780504,875.0875158390253,8078.29510366079,1.0,0.6,1.0,2352.0
40,all,R6,IF (PointsAjust IS Medium) AND (TeamExp IS Medium) AND (Length IS Low),Medium,0.0,0.05,17501.750316780504,875.0875158390253,8078.29510366079,1.0,0.6,1.0,2352.0
40,all,R7,IF (PointsAjust IS Low) AND (TeamExp IS Medium) AND (Length IS Medium),Medium,0.0,0.05,17501.750316780504,875.0875158390253,8078.29510366079,1.0,0.6,1.0,2352.0
40,all,R8,IF (PointsAjust IS Medium) AND (TeamExp IS High) AND (Length IS Medium),Medium,0.0,0.05,17501.750316780504,875.0875158390253,8078.29510366079,1.0,0.6,1.0,2352.0
40,all,R9,IF (PointsAjust IS Low) AND (TeamExp IS Low) AND (Length IS Medium),High,0.0,0.05,3386.6873565735345,169.33436782867673,8078.29510366079,1.0,0.6,1.0,2352.0
40,all,R10,IF (PointsAjust IS Medium) AND (TeamExp IS Low) AND (Length IS Low),High,0.0,0.05,3386.6873565735345,169.33436782867673,8078.29510366079,1.0,0.6,1.0,2352.0
40,all,R11,IF (PointsAjust IS Medium) AND (TeamExp IS Medium) AND (Length IS Medium),Medium,0.0,0.05,17501.750316780504,875.0875158390253,8078.29510366079,1.0,0.6,1.0,2352.0
40,all,R12,IF (PointsAjust IS High) AND (TeamExp IS High) AND (Length IS Low),Medium,0.0,0.05,17501.750316780504,875.0875158390253,8078.29510366079,1.0,0.6,1.0,2352.0
40,all,R13,IF (PointsAjust IS High) AND (TeamExp IS Medium) AND (Length IS Low),High,0.0,0.05,3386.6873565735345,169.33436782867673,8078.29510366079,1.0,0.6,1.0,2352.0
40,all,R14,IF (PointsAjust IS High) AND (TeamExp IS High) AND (Length IS Medium),High,0.0,0.05,3386.6873565735345,169.33436782867673,8078.29510366079,1.0,0.6,1.0,2352.0
40,all,R15,IF (PointsAjust IS Medium) AND (TeamExp IS Low) AND (Length IS Medium),High,0.0,0.05,3386.6873565735345,169.33436782867673,8078.29510366079,1.0,0.6,1.0,2352.0
40,all,R16,IF (PointsAjust IS Low) AND (TeamExp IS Low) AND (Length IS High),High,0.0,0.05,3386.6873565735345,169.33436782867673,8078.29510366079,1.0,0.6,1.0,2352.0
40,all,R17,IF (PointsAjust IS Medium) AND (TeamExp IS High) AND (Length IS High),High,0.0,0.05,3386.6873565735345,169.33436782867673,8078.29510366079,1.0,0.6,1.0,2352.0
40,all,R18,IF (PointsAjust IS High) AND (TeamExp IS Medium) AND (Length IS Medium),Very_High,0.0,0.05,-6742.380923226883,-337.11904616134416,8078.29510366079,1.0,0.6,1.0,2352.0
40,all,R19,IF (PointsAjust IS Medium) AND (TeamExp IS Low) AND (Length IS High),Very_High,0.0,0.05,-6742.380923226883,-337.11904616134416,8078.29510366079,1.0,0.6,1.0,2352.0
40,all,R20,IF (PointsAjust IS High) AND (TeamExp IS Low) AND (Length IS High),Very_High,0.0,0.05,-6742.380923226883,-337.11904616134416,8078.29510366079,1.0,0.6,1.0,2352.0
41,all,R1,IF (PointsAjust IS Low) AND (TeamExp IS High) AND (Length IS Low),Very_Low,0.0,0.0,4220.559783756729,0.0,2733.478481443243,0.0691823899371069,0.4,0.2727272727272727,2174.0
41,all,R2,IF (PointsAjust IS Low) AND (TeamExp IS Medium) AND (Length IS Low),Low,0.0,0.0,1403.7939552463308,0.0,2733.478481443243,0.0691823899371069,0.4,0.2727272727272727,2174.0
41,all,R3,IF (PointsAjust IS Low) AND (TeamExp IS High) AND (Length IS Medium),Low,0.0,0.0,1403.7939552463308,0.0,2733.478481443243,0.0691823899371069,0.4,0.2727272727272727,2174.0
41,all,R4,IF (PointsAjust IS Medium) AND (TeamExp IS High) AND (Length IS Low),Low,0.0,0.0,1403.7939552463308,0.0,2733.478481443243,0.0691823899371069,0.4,0.2727272727272727,2174.0
41,all,R5,IF (PointsAjust IS Low) AND (TeamExp IS Low) AND (Length IS Low),Medium,0.0,0.0,2846.8424956918684,0.0,2733.478481443243,0.0691823899371069,0.4,0.2727272727272727,2174.0
41,all,R6,IF (PointsAjust IS Medium) AND (TeamExp IS Medium) AND (Length IS Low),Medium,0.0,0.0,2846.8424956918684,0.0,2733.478481443243,0.0691823899371069,0.4,0.2727272727272727,2174.0
41,all,R7,IF (PointsAjust IS Low) AND (TeamExp IS Medium) AND (Length IS Medium),Medium,0.0,0.0,2846.8424956918684,0.0,2733.478481443243,0.0691823899371069,0.4,0.2727272727272727,2174.0
41,all,R8,IF (PointsAjust IS Medium) AND (TeamExp IS High) AND (Length IS Medium),Medium,0.0,0.0,2846.8424956918684,0.0,2733.478481443243,0.0691823899371069,0.4,0.2727272727272727,2174.0
41,all,R9,IF (PointsAjust IS Low) AND (TeamExp IS Low) AND (Length IS Medium),High,0.1871428571428571,0.949367088607595,2733.478481443243,2595.074507699281,2733.478481443243,0.0691823899371069,0.4,0.2727272727272727,2174.0
41,all,R10,IF (PointsAjust IS Medium) AND (TeamExp IS Low) AND (Length IS Low),High,0.0,0.0,2733.478481443243,0.0,2733.478481443243,0.0691823899371069,0.4,0.2727272727272727,2174.0
41,all,R11,IF (PointsAjust IS Medium) AND (TeamExp IS Medium) AND (Length IS Medium),Medium,0.0,0.0,2846.8424956918684,0.0,2733.478481443243,0.0691823899371069,0.4,0.2727272727272727,2174.0
41,all,R12,IF (PointsAjust IS High) AND (TeamExp IS High) AND (Length IS Low),Medium,0.0,0.0,2846.8424956918684,0.0,2733.478481443243,0.0691823899371069,0.4,0.2727272727272727,2174.0
41,all,R13,IF (PointsAjust IS High) AND (TeamExp IS Medium) AND (Length IS Low),High,0.0,0.0,2733.478481443243,0.0,2733.478481443243,0.0691823899371069,0.4,0.2727272727272727,2174.0
41,all,R14,IF (PointsAjust IS High) AND (TeamExp IS High) AND (Length IS Medium),High,0.0,0.0,2733.478481443243,0.0,2733.478481443243,0.0691823899371069,0.4,0.2727272727272727,2174.0
41,all,R15,IF (PointsAjust IS Medium) AND (TeamExp IS Low) AND (Length IS Medium),High,0.0,0.0,2733.478481443243,0.0,2733.478481443243,0.0691823899371069,0.4,0.2727272727272727,2174.0
41,all,R16,IF (PointsAjust IS Low) AND (TeamExp IS Low) AND (Length IS High),High,0.00998095238095238,0.05063291139240507,2733.478481443243,138.40397374396167,2733.478481443243,0.0691823899371069,0.4,0.2727272727272727,2174.0
41,all,R17,IF (PointsAjust IS Medium) AND (TeamExp IS High) AND (Length IS High),High,0.0,0.0,2733.478481443243,0.0,2733.478481443243,0.0691823899371069,0.4,0.2727272727272727,2174.0
41,all,R18,IF (PointsAjust IS High) AND (TeamExp IS Medium) AND (Length IS Medium),Very_High,0.0,0.0,7987.729535846985,0.0,2733.478481443243,0.0691823899371069,0.4,0.2727272727272727,2174.0
41,all,R19,IF (PointsAjust IS Medium) AND (TeamExp IS Low) AND (Length IS High),Very_High,0.0,0.0,7987.729535846985,0.0,2733.478481443243,0.0691823899371069,0.4,0.2727272727272727,2174.0
41,all,R20,IF (PointsAjust IS High) AND (TeamExp IS Low) AND (Length IS High),Very_High,0.0,0.0,7987.729535846985,0.0,2733.478481443243,0.0691823899371069,0.4,0.2727272727272727,2174.0
42,all,R1,IF (PointsAjust IS Low) AND (TeamExp IS High) AND (Length IS Low),Very_Low,0.0,0.05,6782.004323867886,339.1002161933943,5185.926915270265,0.3867924528301887,0.6,0.5151515151515151,6699.0
42,all,R2,IF (PointsAjust IS Low) AND (TeamExp IS Medium) AND (Length IS Low),Low,0.0,0.05,5773.304388169806,288.6652194084903,5185.926915270265,0.3867924528301887,0.6,0.5151515151515151,6699.0
42,all,R3,IF (PointsAjust IS Low) AND (TeamExp IS High) AND (Length IS Medium),Low,0.0,0.05,5773.304388169806,288.6652194084903,5185.926915270265,0.3867924528301887,0.6,0.5151515151515151,6699.0
42,all,R4,IF (PointsAjust IS Medium) AND (TeamExp IS High) AND (Length IS Low),Low,0.0,0.05,5773.304388169806,288.6652194084903,5185.926915270265,0.3867924528301887,0.6,0.5151515151515151,6699.0
42,all,R5,IF (PointsAjust IS Low) AND (TeamExp IS Low) AND (Length IS Low),Medium,0.0,0.05,8006.004203303719,400.30021016518594,5185.926915270265,0.3867924528301887,0.6,0.5151515151515151,6699.0
42,all,R6,IF (PointsAjust IS Medium) AND (TeamExp IS Medium) AND (Length IS Low),Medium,0.0,0.05,8006.004203303719,400.30021016518594,5185.926915270265,0.3867924528301887,0.6,0.5151515151515151,6699.0
42,all,R7,IF (PointsAjust IS Low) AND (TeamExp IS Medium) AND (Length IS Medium),Medium,0.0,0.05,8006.004203303719,400.30021016518594,5185.926915270265,0.3867924528301887,0.6,0.5151515151515151,6699.0
42,all,R8,IF (PointsAjust IS Medium) AND (TeamExp IS High) AND (Length IS Medium),Medium,0.0,0.05,8006.004203303719,400.30021016518594,5185.926915270265,0.3867924528301887,0.6,0.5151515151515151,6699.0
42,all,R9,IF (PointsAjust IS Low) AND (TeamExp IS Low) AND (Length IS Medium),High,0.0,0.05,3190.9420645222817,159.5471032261141,5185.926915270265,0.3867924528301887,0.6,0.5151515151515151,6699.0
42,all,R10,IF (PointsAjust IS Medium) AND (TeamExp IS Low) AND (Length IS Low),High,0.0,0.05,3190.9420645222817,159.5471032261141,5185.926915270265,0.3867924528301887,0.6,0.5151515151515151,6699.0
42,all,R11,IF (PointsAjust IS Medium) AND (TeamExp IS Medium) AND (Length IS Medium),Medium,0.0,0.05,8006.004203303719,400.30021016518594,5185.926915270265,0.3867924528301887,0.6,0.5151515151515151,6699.0
42,all,R12,IF (PointsAjust IS High) AND (TeamExp IS High) AND (Length IS Low),Medium,0.0,0.05,8006.004203303719,400.30021016518594,5185.926915270265,0.3867924528301887,0.6,0.5151515151515151,6699.0
42,all,R13,IF (PointsAjust IS High) AND (TeamExp IS Medium) AND (Length IS Low),High,0.0,0.05,3190.9420645222817,159.5471032261141,5185.926915270265,0.3867924528301887,0.6,0.5151515151515151,6699.0
42,all,R14,IF (PointsAjust IS High) AND (TeamExp IS High) AND (Length IS Medium),High,0.0,0.05,3190.9420645222817,159.5471032261141,5185.926915270265,0.3867924528301887,0.6,0.5151515151515151,6699.0
42,all,R15,IF (PointsAjust IS Medium) AND (TeamExp IS Low) AND (Length IS Medium),High,0.0,0.05,3190.9420645222817,159.5471032261141,5185.926915270265,0.3867924528301887,0.6,0.5151515151515151,6699.0
42,all,R16,IF (PointsAjust IS Low) AND (TeamExp IS Low) AND (Length IS High),High,0.0,0.05,3190.9420645222817,159.5471032261141,5185.926915270265,0.3867924528301887,0.6,0.5151515151515151,6699.0
42,all,R17,IF (PointsAjust IS Medium) AND (TeamExp IS High) AND (Length IS High),High,0.0,0.05,3190.9420645222817,159.5471032261141,5185.926915270265,0.3867924528301887,0.6,0.5151515151515151,6699.0
42,all,R18,IF (PointsAjust IS High) AND (TeamExp IS Medium) AND (Length IS Medium),Very_High,0.0,0.05,3081.333715183242,154.0666857591621,5185.926915270265,0.3867924528301887,0.6,0.5151515151515151,6699.0
42,all,R19,IF (PointsAjust IS Medium) AND (TeamExp IS Low) AND (Length IS High),Very_High,0.0,0.05,3081.333715183242,154.0666857591621,5185.926915270265,0.3867924528301887,0.6,0.5151515151515151,6699.0
42,all,R20,IF (PointsAjust IS High) AND (TeamExp IS Low) AND (Length IS High),Very_High,0.0,0.05,3081.333715183242,154.0666857591621,5185.926915270265,0.3867924528301887,0.6,0.5151515151515151,6699.0
43,all,R1,IF (PointsAjust IS Low) AND (TeamExp IS High) AND (Length IS Low),Very_Low,0.0,0.0,5386.247666809969,0.0,4703.380329457055,0.2814465408805031,0.6,0.2424242424242424,4004.0
43,all,R2,IF (PointsAjust IS Low) AND (TeamExp IS Medium) AND (Length IS Low),Low,0.0,0.0,3910.3173289169554,0.0,4703.380329457055,0.2814465408805031,0.6,0.2424242424242424,4004.0
43,all,R3,IF (PointsAjust IS Low) AND (TeamExp IS High) AND (Length IS Medium),Low,0.0,0.0,3910.3173289169554,0.0,4703.380329457055,0.2814465408805031,0.6,0.2424242424242424,4004.0
43,all,R4,IF (PointsAjust IS Medium) AND (TeamExp IS High) AND (Length IS Low),Low,0.0,0.0,3910.3173289169554,0.0,4703.380329457055,0.2814465408805031,0.6,0.2424242424242424,4004.0
43,all,R5,IF (PointsAjust IS Low) AND (TeamExp IS Low) AND (Length IS Low),Medium,0.0,0.0,4694.147489736621,0.0,4703.380329457055,0.2814465408805031,0.6,0.2424242424242424,4004.0
43,all,R6,IF (PointsAjust IS Medium) AND (TeamExp IS Medium) AND (Length IS Low),Medium,0.0,0.0,4694.147489736621,0.0,4703.380329457055,0.2814465408805031,0.6,0.2424242424242424,4004.0
43,all,R7,IF (PointsAjust IS Low) AND (TeamExp IS Medium) AND (Length IS Medium),Medium,0.0,0.0,4694.147489736621,0.0,4703.380329457055,0.2814465408805031,0.6,0.2424242424242424,4004.0
43,all,R8,IF (PointsAjust IS Medium) AND (TeamExp IS High) AND (Length IS Medium),Medium,0.0,0.0,4694.147489736621,0.0,4703.380329457055,0.2814465408805031,0.6,0.2424242424242424,4004.0
43,all,R9,IF (PointsAjust IS Low) AND (TeamExp IS Low) AND (Length IS Medium),High,0.0,0.0,3650.6794514091202,0.0,4703.380329457055,0.2814465408805031,0.6,0.2424242424242424,4004.0
43,all,R10,IF (PointsAjust IS Medium) AND (TeamExp IS Low) AND (Length IS Low),High,0.0,0.0,3650.6794514091202,0.0,4703.380329457055,0.2814465408805031,0.6,0.2424242424242424,4004.0
43,all,R11,IF (PointsAjust IS Medium) AND (TeamExp IS Medium) AND (Length IS Medium),Medium,0.9487179487179492,0.9909370824376925,4694.147489736621,4651.604818011825,4703.380329457055,0.2814465408805031,0.6,0.2424242424242424,4004.0
43,all,R12,IF (PointsAjust IS High) AND (TeamExp IS High) AND (Length IS Low),Medium,0.0,0.0,4694.147489736621,0.0,4703.380329457055,0.2814465408805031,0.6,0.2424242424242424,4004.0
43,all,R13,IF (PointsAjust IS High) AND (TeamExp IS Medium) AND (Length IS Low),High,0.0,0.0,3650.6794514091202,0.0,4703.380329457055,0.2814465408805031,0.6,0.2424242424242424,4004.0
43,all,R14,IF (PointsAjust IS High) AND (TeamExp IS High) AND (Length IS Medium),High,0.0,0.0,3650.6794514091202,0.0,4703.380329457055,0.2814465408805031,0.6,0.2424242424242424,4004.0
43,all,R15,IF (PointsAjust IS Medium) AND (TeamExp IS Low) AND (Length IS Medium),High,0.0,0.0,3650.6794514091202,0.0,4703.380329457055,0.2814465408805031,0.6,0.2424242424242424,4004.0
43,all,R16,IF (PointsAjust IS Low) AND (TeamExp IS Low) AND (Length IS High),High,0.0,0.0,3650.6794514091202,0.0,4703.380329457055,0.2814465408805031,0.6,0.2424242424242424,4004.0
43,all,R17,IF (PointsAjust IS Medium) AND (TeamExp IS High) AND (Length IS High),High,0.0,0.0,3650.6794514091202,0.0,4703.380329457055,0.2814465408805031,0.6,0.2424242424242424,4004.0
43,all,R18,IF (PointsAjust IS High) AND (TeamExp IS Medium) AND (Length IS Medium),Very_High,0.008676789587852417,0.009062917562307473,5712.896657094447,51.775511445228915,4703.380329457055,0.2814465408805031,0.6,0.2424242424242424,4004.0
43,all,R19,IF (PointsAjust IS Medium) AND (TeamExp IS Low) AND (Length IS High),Very_High,0.0,0.0,5712.896657094447,0.0,4703.380329457055,0.2814465408805031,0.6,0.2424242424242424,4004.0
43,all,R20,IF (PointsAjust IS High) AND (TeamExp IS Low) AND (Length IS High),Very_High,0.0,0.0,5712.896657094447,0.0,4703.380329457055,0.2814465408805031,0.6,0.2424242424242424,4004.0
44,all,R1,IF (PointsAjust IS Low) AND (TeamExp IS High) AND (Length IS Low),Very_Low,0.0,0.0,3204.288670169235,0.0,2450.2013952611533,0.0644654088050314,0.6,0.2121212121212121,2331.0
44,all,R2,IF (PointsAjust IS Low) AND (TeamExp IS Medium) AND (Length IS Low),Low,0.09571428571428577,0.15789473684210534,1719.1225869243826,271.44040846174477,2450.2013952611533,0.0644654088050314,0.6,0.2121212121212121,2331.0
44,all,R3,IF (PointsAjust IS Low) AND (TeamExp IS High) AND (Length IS Medium),Low,0.0,0.0,1719.1225869243826,0.0,2450.2013952611533,0.0644654088050314,0.6,0.2121212121212121,2331.0
44,all,R4,IF (PointsAjust IS Medium) AND (TeamExp IS High) AND (Length IS Low),Low,0.0,0.0,1719.1225869243826,0.0,2450.2013952611533,0.0644654088050314,0.6,0.2121212121212121,2331.0
44,all,R5,IF (PointsAjust IS Low) AND (TeamExp IS Low) AND (Length IS Low),Medium,0.0,0.0,2587.278671824298,0.0,2450.2013952611533,0.0644654088050314,0.6,0.2121212121212121,2331.0
44,all,R6,IF (PointsAjust IS Medium) AND (TeamExp IS Medium) AND (Length IS Low),Medium,0.0,0.0,2587.278671824298,0.0,2450.2013952611533,0.0644654088050314,0.6,0.2121212121212121,2331.0
44,all,R7,IF (PointsAjust IS Low) AND (TeamExp IS Medium) AND (Length IS Medium),Medium,0.5104761904761905,0.8421052631578947,2587.278671824298,2178.760986799409,2450.2013952611533,0.0644654088050314,0.6,0.2121212121212121,2331.0
44,all,R8,IF (PointsAjust IS Medium) AND (TeamExp IS High) AND (Length IS Medium),Medium,0.0,0.0,2587.278671824298,0.0,2450.2013952611533,0.0644654088050314,0.6,0.2121212121212121,2331.0
44,all,R9,IF (PointsAjust IS Low) AND (TeamExp IS Low) AND (Length IS Medium),High,0.0,0.0,3213.5164950840604,0.0,2450.2013952611533,0.0644654088050314,0.6,0.2121212121212121,2331.0
44,all,R10,IF (PointsAjust IS Medium) AND (TeamExp IS Low) AND (Length IS Low),High,0.0,0.0,3213.5164950840604,0.0,2450.2013952611533,0.0644654088050314,0.6,0.2121212121212121,2331.0
44,all,R11,IF (PointsAjust IS Medium) AND (TeamExp IS Medium) AND (Length IS Medium),Medium,0.0,0.0,2587.278671824298,0.0,2450.2013952611533,0.0644654088050314,0.6,0.2121212121212121,2331.0
44,all,R12,IF (PointsAjust IS High) AND (TeamExp IS High) AND (Length IS Low),Medium,0.0,0.0,2587.278671824298,0.0,2450.2013952611533,0.0644654088050314,0.6,0.2121212121212121,2331.0
44,all,R13,IF (PointsAjust IS High) AND (TeamExp IS Medium) AND (Length IS Low),High,0.0,0.0,3213.5164950840604,0.0,2450.2013952611533,0.0644654088050314,0.6,0.2121212121212121,2331.0
44,all,R14,IF (PointsAjust IS High) AND (TeamExp IS High) AND (Length IS Medium),High,0.0,0.0,3213.5164950840604,0.0,2450.2013952611533,0.0644654088050314,0.6,0.2121212121212121,2331.0
44,all,R15,IF (PointsAjust IS Medium) AND (TeamExp IS Low) AND (Length IS Medium),High,0.0,0.0,3213.5164950840604,0.0,2450.2013952611533,0.0644654088050314,0.6,0.2121212121212121,2331.0
44,all,R16,IF (PointsAjust IS Low) AND (TeamExp IS Low) AND (Length IS High),High,0.0,0.0,3213.5164950840604,0.0,2450.2013952611533,0.0644654088050314,0.6,0.2121212121212121,2331.0
44,all,R17,IF (PointsAjust IS Medium) AND (TeamExp IS High) AND (Length IS High),High,0.0,0.0,3213.5164950840604,0.0,2450.2013952611533,0.0644654088050314,0.6,0.2121212121212121,2331.0
44,all,R18,IF (PointsAjust IS High) AND (TeamExp IS Medium) AND (Length IS Medium),Very_High,0.0,0.0,8485.121132786542,0.0,2450.2013952611533,0.0644654088050314,0.6,0.2121212121212121,2331.0
44,all,R19,IF (PointsAjust IS Medium) AND (TeamExp IS Low) AND (Length IS High),Very_High,0.0,0.0,8485.121132786542,0.0,2450.2013952611533,0.0644654088050314,0.6,0.2121212121212121,2331.0
44,all,R20,IF (PointsAjust IS High) AND (TeamExp IS Low) AND (Length IS High),Very_High,0.0,0.0,8485.121132786542,0.0,2450.2013952611533,0.0644654088050314,0.6,0.2121212121212121,2331.0
45,all,R1,IF (PointsAjust IS Low) AND (TeamExp IS High) AND (Length IS Low),Very_Low,0.0,0.0,3734.844734851008,0.0,4150.370460786832,0.2044025157232704,0.8,0.2424242424242424,5817.0
45,all,R2,IF (PointsAjust IS Low) AND (TeamExp IS Medium) AND (Length IS Low),Low,0.0,0.0,3714.247760141805,0.0,4150.370460786832,0.2044025157232704,0.8,0.2424242424242424,5817.0
45,all,R3,IF (PointsAjust IS Low) AND (TeamExp IS High) AND (Length IS Medium),Low,0.12857142857142867,0.32417378388414425,3714.247760141805,1204.0617506883764,4150.370460786832,0.2044025157232704,0.8,0.2424242424242424,5817.0
45,all,R4,IF (PointsAjust IS Medium) AND (TeamExp IS High) AND (Length IS Low),Low,0.0,0.0,3714.247760141805,0.0,4150.370460786832,0.2044025157232704,0.8,0.2424242424242424,5817.0
45,all,R5,IF (PointsAjust IS Low) AND (TeamExp IS Low) AND (Length IS Low),Medium,0.0,0.0,4359.565580381946,0.0,4150.370460786832,0.2044025157232704,0.8,0.2424242424242424,5817.0
45,all,R6,IF (PointsAjust IS Medium) AND (TeamExp IS Medium) AND (Length IS Low),Medium,0.0,0.0,4359.565580381946,0.0,4150.370460786832,0.2044025157232704,0.8,0.2424242424242424,5817.0
45,all,R7,IF (PointsAjust IS Low) AND (TeamExp IS Medium) AND (Length IS Medium),Medium,0.0,0.0,4359.565580381946,0.0,4150.370460786832,0.2044025157232704,0.8,0.2424242424242424,5817.0
45,all,R8,IF (PointsAjust IS Medium) AND (TeamExp IS High) AND (Length IS Medium),Medium,0.26804123711340205,0.6758262161158557,4359.565580381946,2946.3087100984553,4150.370460786832,0.2044025157232704,0.8,0.2424242424242424,5817.0
45,all,R9,IF (PointsAjust IS Low) AND (TeamExp IS Low) AND (Length IS Medium),High,0.0,0.0,3800.8444959914746,0.0,4150.370460786832,0.2044025157232704,0.8,0.2424242424242424,5817.0
45,all,R10,IF (PointsAjust IS Medium) AND (TeamExp IS Low) AND (Length IS Low),High,0.0,0.0,3800.8444959914746,0.0,4150.370460786832,0.2044025157232704,0.8,0.2424242424242424,5817.0
45,all,R11,IF (PointsAjust IS Medium) AND (TeamExp IS Medium) AND (Length IS Medium),Medium,0.0,0.0,4359.565580381946,0.0,4150.370460786832,0.2044025157232704,0.8,0.2424242424242424,5817.0
45,all,R12,IF (PointsAjust IS High) AND (TeamExp IS High) AND (Length IS Low),Medium,0.0,0.0,4359.565580381946,0.0,4150.370460786832,0.2044025157232704,0.8,0.2424242424242424,5817.0
45,all,R13,IF (PointsAjust IS High) AND (TeamExp IS Medium) AND (Length IS Low),High,0.0,0.0,3800.8444959914746,0.0,4150.370460786832,0.2044025157232704,0.8,0.2424242424242424,5817.0
45,all,R14,IF (PointsAjust IS High) AND (TeamExp IS High) AND (Length IS Medium),High,0.0,0.0,3800.8444959914746,0.0,4150.370460786832,0.2044025157232704,0.8,0.2424242424242424,5817.0
45,all,R15,IF (PointsAjust IS Medium) AND (TeamExp IS Low) AND (Length IS Medium),High,0.0,0.0,3800.8444959914746,0.0,4150.370460786832,0.2044025157232704,0.8,0.2424242424242424,5817.0
45,all,R16,IF (PointsAjust IS Low) AND (TeamExp IS Low) AND (Length IS High),High,0.0,0.0,3800.8444959914746,0.0,4150.370460786832,0.2044025157232704,0.8,0.2424242424242424,5817.0
45,all,R17,IF (PointsAjust IS Medium) AND (TeamExp IS High) AND (Length IS High),High,0.0,0.0,3800.8444959914746,0.0,4150.370460786832,0.2044025157232704,0.8,0.2424242424242424,5817.0
45,all,R18,IF (PointsAjust IS High) AND (TeamExp IS Medium) AND (Length IS Medium),Very_High,0.0,0.0,6782.046335211757,0.0,4150.370460786832,0.2044025157232704,0.8,0.2424242424242424,5817.0
45,all,R19,IF (PointsAjust IS Medium) AND (TeamExp IS Low) AND (Length IS High),Very_High,0.0,0.0,6782.046335211757,0.0,4150.370460786832,0.2044025157232704,0.8,0.2424242424242424,5817.0
45,all,R20,IF (PointsAjust IS High) AND (TeamExp IS Low) AND (Length IS High),Very_High,0.0,0.0,6782.046335211757,0.0,4150.370460786832,0.2044025157232704,0.8,0.2424242424242424,5817.0
46,all,R1,IF (PointsAjust IS Low) AND (TeamExp IS High) AND (Length IS Low),Very_Low,0.0,0.0,3987.6045618071043,0.0,2836.802880746519,0.1477987421383647,0.6,0.1818181818181818,2989.0
46,all,R2,IF (PointsAjust IS Low) AND (TeamExp IS Medium) AND (Length IS Low),Low,0.11571428571428582,0.3159693829676003,2430.764639117289,768.0472031613514,2836.802880746519,0.1477987421383647,0.6,0.1818181818181818,2989.0
46,all,R3,IF (PointsAjust IS Low) AND (TeamExp IS High) AND (Length IS Medium),Low,0.0,0.0,2430.764639117289,0.0,2836.802880746519,0.1477987421383647,0.6,0.1818181818181818,2989.0
46,all,R4,IF (PointsAjust IS Medium) AND (TeamExp IS High) AND (Length IS Low),Low,0.0,0.0,2430.764639117289,0.0,2836.802880746519,0.1477987421383647,0.6,0.1818181818181818,2989.0
46,all,R5,IF (PointsAjust IS Low) AND (TeamExp IS Low) AND (Length IS Low),Medium,0.0,0.0,3024.361228975777,0.0,2836.802880746519,0.1477987421383647,0.6,0.1818181818181818,2989.0
46,all,R6,IF (PointsAjust IS Medium) AND (TeamExp IS Medium) AND (Length IS Low),Medium,0.04123711340206181,0.11260204560382832,3024.361228975777,340.5492610275807,2836.802880746519,0.1477987421383647,0.6,0.1818181818181818,2989.0
46,all,R7,IF (PointsAjust IS Low) AND (TeamExp IS Medium) AND (Length IS Medium),Medium,0.1542857142857144,0.42129251062346695,3024.361228975777,1274.140735187479,2836.802880746519,0.1477987421383647,0.6,0.1818181818181818,2989.0
46,all,R8,IF (PointsAjust IS Medium) AND (TeamExp IS High) AND (Length IS Medium),Medium,0.0,0.0,3024.361228975777,0.0,2836.802880746519,0.1477987421383647,0.6,0.1818181818181818,2989.0
46,all,R9,IF (PointsAjust IS Low) AND (TeamExp IS Low) AND (Length IS Medium),High,0.0,0.0,3490.6454220085016,0.0,2836.802880746519,0.1477987421383647,0.6,0.1818181818181818,2989.0
46,all,R10,IF (PointsAjust IS Medium) AND (TeamExp IS Low) AND (Length IS Low),High,0.0,0.0,3490.6454220085016,0.0,2836.802880746519,0.1477987421383647,0.6,0.1818181818181818,2989.0
46,all,R11,IF (PointsAjust IS Medium) AND (TeamExp IS Medium) AND (Length IS Medium),Medium,0.05498281786941574,0.1501360608051044,3024.361228975777,454.0656813701075,2836.802880746519,0.1477987421383647,0.6,0.1818181818181818,2989.0
46,all,R12,IF (PointsAjust IS High) AND (TeamExp IS High) AND (Length IS Low),Medium,0.0,0.0,3024.361228975777,0.0,2836.802880746519,0.1477987421383647,0.6,0.1818181818181818,2989.0
46,all,R13,IF (PointsAjust IS High) AND (TeamExp IS Medium) AND (Length IS Low),High,0.0,0.0,3490.6454220085016,0.0,2836.802880746519,0.1477987421383647,0.6,0.1818181818181818,2989.0
46,all,R14,IF (PointsAjust IS High) AND (TeamExp IS High) AND (Length IS Medium),High,0.0,0.0,3490.6454220085016,0.0,2836.802880746519,0.1477987421383647,0.6,0.1818181818181818,2989.0
46,all,R15,IF (PointsAjust IS Medium) AND (TeamExp IS Low) AND (Length IS Medium),High,0.0,0.0,3490.6454220085016,0.0,2836.802880746519,0.1477987421383647,0.6,0.1818181818181818,2989.0
46,all,R16,IF (PointsAjust IS Low) AND (TeamExp IS Low) AND (Length IS High),High,0.0,0.0,3490.6454220085016,0.0,2836.802880746519,0.1477987421383647,0.6,0.1818181818181818,2989.0
46,all,R17,IF (PointsAjust IS Medium) AND (TeamExp IS High) AND (Length IS High),High,0.0,0.0,3490.6454220085016,0.0,2836.802880746519,0.1477987421383647,0.6,0.1818181818181818,2989.0
46,all,R18,IF (PointsAjust IS High) AND (TeamExp IS Medium) AND (Length IS Medium),Very_High,0.0,0.0,7629.409138853384,0.0,2836.802880746519,0.1477987421383647,0.6,0.1818181818181818,2989.0
46,all,R19,IF (PointsAjust IS Medium) AND (TeamExp IS Low) AND (Length IS High),Very_High,0.0,0.0,7629.409138853384,0.0,2836.802880746519,0.1477987421383647,0.6,0.1818181818181818,2989.0
46,all,R20,IF (PointsAjust IS High) AND (TeamExp IS Low) AND (Length IS High),Very_High,0.0,0.0,7629.409138853384,0.0,2836.802880746519,0.1477987421383647,0.6,0.1818181818181818,2989.0
47,all,R1,IF (PointsAjust IS Low) AND (TeamExp IS High) AND (Length IS Low),Very_Low,0.11357142857142864,1.0,2669.2925384489477,2669.2925384489477,2669.292538448948,0.1084905660377358,0.8,0.1515151515151515,3136.0
47,all,R2,IF (PointsAjust IS Low) AND (TeamExp IS Medium) AND (Length IS Low),Low,0.0,0.0,2505.5922689676167,0.0,2669.292538448948,0.1084905660377358,0.8,0.1515151515151515,3136.0
47,all,R3,IF (PointsAjust IS Low) AND (TeamExp IS High) AND (Length IS Medium),Low,0.0,0.0,2505.5922689676167,0.0,2669.292538448948,0.1084905660377358,0.8,0.1515151515151515,3136.0
47,all,R4,IF (PointsAjust IS Medium) AND (TeamExp IS High) AND (Length IS Low),Low,0.0,0.0,2505.5922689676167,0.0,2669.292538448948,0.1084905660377358,0.8,0.1515151515151515,3136.0
47,all,R5,IF (PointsAjust IS Low) AND (TeamExp IS Low) AND (Length IS Low),Medium,0.0,0.0,2740.6074795115865,0.0,2669.292538448948,0.1084905660377358,0.8,0.1515151515151515,3136.0
47,all,R6,IF (PointsAjust IS Medium) AND (TeamExp IS Medium) AND (Length IS Low),Medium,0.0,0.0,2740.6074795115865,0.0,2669.292538448948,0.1084905660377358,0.8,0.1515151515151515,3136.0
47,all,R7,IF (PointsAjust IS Low) AND (TeamExp IS Medium) AND (Length IS Medium),Medium,0.0,0.0,2740.6074795115865,0.0,2669.292538448948,0.1084905660377358,0.8,0.1515151515151515,3136.0
47,all,R8,IF (PointsAjust IS Medium) AND (TeamExp IS High) AND (Length IS Medium),Medium,0.0,0.0,2740.6074795115865,0.0,2669.292538448948,0.1084905660377358,0.8,0.1515151515151515,3136.0
47,all,R9,IF (PointsAjust IS Low) AND (TeamExp IS Low) AND (Length IS Medium),High,0.0,0.0,3809.4866991999284,0.0,2669.292538448948,0.1084905660377358,0.8,0.1515151515151515,3136.0
47,all,R10,IF (PointsAjust IS Medium) AND (TeamExp IS Low) AND (Length IS Low),High,0.0,0.0,3809.4866991999284,0.0,2669.292538448948,0.1084905660377358,0.8,0.1515151515151515,3136.0
47,all,R11,IF (PointsAjust IS Medium) AND (TeamExp IS Medium) AND (Length IS Medium),Medium,0.0,0.0,2740.6074795115865,0.0,2669.292538448948,0.1084905660377358,0.8,0.1515151515151515,3136.0
47,all,R12,IF (PointsAjust IS High) AND (TeamExp IS High) AND (Length IS Low),Medium,0.0,0.0,2740.6074795115865,0.0,2669.292538448948,0.1084905660377358,0.8,0.1515151515151515,3136.0
47,all,R13,IF (PointsAjust IS High) AND (TeamExp IS Medium) AND (Length IS Low),High,0.0,0.0,3809.4866991999284,0.0,2669.292538448948,0.1084905660377358,0.8,0.1515151515151515,3136.0
47,all,R14,IF (PointsAjust IS High) AND (TeamExp IS High) AND (Length IS Medium),High,0.0,0.0,3809.4866991999284,0.0,2669.292538448948,0.1084905660377358,0.8,0.1515151515151515,3136.0
47,all,R15,IF (PointsAjust IS Medium) AND (TeamExp IS Low) AND (Length IS Medium),High,0.0,0.0,3809.4866991999284,0.0,2669.292538448948,0.1084905660377358,0.8,0.1515151515151515,3136.0
47,all,R16,IF (PointsAjust IS Low) AND (TeamExp IS Low) AND (Length IS High),High,0.0,0.0,3809.4866991999284,0.0,2669.292538448948,0.1084905660377358,0.8,0.1515151515151515,3136.0
47,all,R17,IF (PointsAjust IS Medium) AND (TeamExp IS High) AND (Length IS High),High,0.0,0.0,3809.4866991999284,0.0,2669.292538448948,0.1084905660377358,0.8,0.1515151515151515,3136.0
47,all,R18,IF (PointsAjust IS High) AND (TeamExp IS Medium) AND (Length IS Medium),Very_High,0.0,0.0,8393.685344603675,0.0,2669.292538448948,0.1084905660377358,0.8,0.1515151515151515,3136.0
47,all,R19,IF (PointsAjust IS Medium) AND (TeamExp IS Low) AND (Length IS High),Very_High,0.0,0.0,8393.685344603675,0.0,2669.292538448948,0.1084905660377358,0.8,0.1515151515151515,3136.0
47,all,R20,IF (PointsAjust IS High) AND (TeamExp IS Low) AND (Length IS High),Very_High,0.0,0.0,8393.685344603675,0.0,2669.292538448948,0.1084905660377358,0.8,0.1515151515151515,3136.0
48,all,R1,IF (PointsAjust IS Low) AND (TeamExp IS High) AND (Length IS Low),Very_Low,0.0,0.0,4672.177924440249,0.0,2665.3878779736015,0.1069182389937107,0.4,0.3333333333333333,2583.0
48,all,R2,IF (PointsAjust IS Low) AND (TeamExp IS Medium) AND (Length IS Low),Low,0.0,0.0,1956.2626427145087,0.0,2665.3878779736015,0.1069182389937107,0.4,0.3333333333333333,2583.0
48,all,R3,IF (PointsAjust IS Low) AND (TeamExp IS High) AND (Length IS Medium),Low,0.0,0.0,1956.2626427145087,0.0,2665.3878779736015,0.1069182389937107,0.4,0.3333333333333333,2583.0
48,all,R4,IF (PointsAjust IS Medium) AND (TeamExp IS High) AND (Length IS Low),Low,0.0,0.0,1956.2626427145087,0.0,2665.3878779736015,0.1069182389937107,0.4,0.3333333333333333,2583.0
48,all,R5,IF (PointsAjust IS Low) AND (TeamExp IS Low) AND (Length IS Low),Medium,0.0,0.0,3704.1626104899265,0.0,2665.3878779736015,0.1069182389937107,0.4,0.3333333333333333,2583.0
48,all,R6,IF (PointsAjust IS Medium) AND (TeamExp IS Medium) AND (Length IS Low),Medium,0.0,0.0,3704.1626104899265,0.0,2665.3878779736015,0.1069182389937107,0.4,0.3333333333333333,2583.0
48,all,R7,IF (PointsAjust IS Low) AND (TeamExp IS Medium) AND (Length IS Medium),Medium,0.0,0.0,3704.1626104899265,0.0,2665.3878779736015,0.1069182389937107,0.4,0.3333333333333333,2583.0
48,all,R8,IF (PointsAjust IS Medium) AND (TeamExp IS High) AND (Length IS Medium),Medium,0.0,0.0,3704.1626104899265,0.0,2665.3878779736015,0.1069182389937107,0.4,0.3333333333333333,2583.0
48,all,R9,IF (PointsAjust IS Low) AND (TeamExp IS Low) AND (Length IS Medium),High,0.05095238095238091,0.6756756756756755,2665.3878779736015,1800.9377553875681,2665.3878779736015,0.1069182389937107,0.4,0.3333333333333333,2583.0
48,all,R10,IF (PointsAjust IS Medium) AND (TeamExp IS Low) AND (Length IS Low),High,0.0,0.0,2665.3878779736015,0.0,2665.3878779736015,0.1069182389937107,0.4,0.3333333333333333,2583.0
48,all,R11,IF (PointsAjust IS Medium) AND (TeamExp IS Medium) AND (Length IS Medium),Medium,0.0,0.0,3704.1626104899265,0.0,2665.3878779736015,0.1069182389937107,0.4,0.3333333333333333,2583.0
48,all,R12,IF (PointsAjust IS High) AND (TeamExp IS High) AND (Length IS Low),Medium,0.0,0.0,3704.1626104899265,0.0,2665.3878779736015,0.1069182389937107,0.4,0.3333333333333333,2583.0
48,all,R13,IF (PointsAjust IS High) AND (TeamExp IS Medium) AND (Length IS Low),High,0.0,0.0,2665.3878779736015,0.0,2665.3878779736015,0.1069182389937107,0.4,0.3333333333333333,2583.0
48,all,R14,IF (PointsAjust IS High) AND (TeamExp IS High) AND (Length IS Medium),High,0.0,0.0,2665.3878779736015,0.0,2665.3878779736015,0.1069182389937107,0.4,0.3333333333333333,2583.0
48,all,R15,IF (PointsAjust IS Medium) AND (TeamExp IS Low) AND (Length IS Medium),High,0.0,0.0,2665.3878779736015,0.0,2665.3878779736015,0.1069182389937107,0.4,0.3333333333333333,2583.0
48,all,R16,IF (PointsAjust IS Low) AND (TeamExp IS Low) AND (Length IS High),High,0.024457142857142854,0.3243243243243245,2665.3878779736015,864.4501225860334,2665.3878779736015,0.1069182389937107,0.4,0.3333333333333333,2583.0
48,all,R17,IF (PointsAjust IS Medium) AND (TeamExp IS High) AND (Length IS High),High,0.0,0.0,2665.3878779736015,0.0,2665.3878779736015,0.1069182389937107,0.4,0.3333333333333333,2583.0
48,all,R18,IF (PointsAjust IS High) AND (TeamExp IS Medium) AND (Length IS Medium),Very_High,0.0,0.0,7229.87739255475,0.0,2665.3878779736015,0.1069182389937107,0.4,0.3333333333333333,2583.0
48,all,R19,IF (PointsAjust IS Medium) AND (TeamExp IS Low) AND (Length IS High),Very_High,0.0,0.0,7229.87739255475,0.0,2665.3878779736015,0.1069182389937107,0.4,0.3333333333333333,2583.0
48,all,R20,IF (PointsAjust IS High) AND (TeamExp IS Low) AND (Length IS High),Very_High,0.0,0.0,7229.87739255475,0.0,2665.3878779736015,0.1069182389937107,0.4,0.3333333333333333,2583.0
49,all,R1,IF (PointsAjust IS Low) AND (TeamExp IS High) AND (Length IS Low),Very_Low,0.0,0.0,5060.302909817029,0.0,3080.472935283796,0.1462264150943396,0.4,0.3333333333333333,3647.0
49,all,R2,IF (PointsAjust IS Low) AND (TeamExp IS Medium) AND (Length IS Low),Low,0.0,0.0,2336.21510268643,0.0,3080.472935283796,0.1462264150943396,0.4,0.3333333333333333,3647.0
49,all,R3,IF (PointsAjust IS Low) AND (TeamExp IS High) AND (Length IS Medium),Low,0.0,0.0,2336.21510268643,0.0,3080.472935283796,0.1462264150943396,0.4,0.3333333333333333,3647.0
49,all,R4,IF (PointsAjust IS Medium) AND (TeamExp IS High) AND (Length IS Low),Low,0.0,0.0,2336.21510268643,0.0,3080.472935283796,0.1462264150943396,0.4,0.3333333333333333,3647.0
49,all,R5,IF (PointsAjust IS Low) AND (TeamExp IS Low) AND (Length IS Low),Medium,0.0,0.0,4037.1405391631993,0.0,3080.472935283796,0.1462264150943396,0.4,0.3333333333333333,3647.0
49,all,R6,IF (PointsAjust IS Medium) AND (TeamExp IS Medium) AND (Length IS Low),Medium,0.0,0.0,4037.1405391631993,0.0,3080.472935283796,0.1462264150943396,0.4,0.3333333333333333,3647.0
49,all,R7,IF (PointsAjust IS Low) AND (TeamExp IS Medium) AND (Length IS Medium),Medium,0.0,0.0,4037.1405391631993,0.0,3080.472935283796,0.1462264150943396,0.4,0.3333333333333333,3647.0
49,all,R8,IF (PointsAjust IS Medium) AND (TeamExp IS High) AND (Length IS Medium),Medium,0.0,0.0,4037.1405391631993,0.0,3080.472935283796,0.1462264150943396,0.4,0.3333333333333333,3647.0
49,all,R9,IF (PointsAjust IS Low) AND (TeamExp IS Low) AND (Length IS Medium),High,0.03904761904761902,0.5080181798208074,2758.8815799696094,1401.5619985973144,3080.472935283796,0.1462264150943396,0.4,0.3333333333333333,3647.0
49,all,R10,IF (PointsAjust IS Medium) AND (TeamExp IS Low) AND (Length IS Low),High,0.0,0.0,2758.8815799696094,0.0,3080.472935283796,0.1462264150943396,0.4,0.3333333333333333,3647.0
49,all,R11,IF (PointsAjust IS Medium) AND (TeamExp IS Medium) AND (Length IS Medium),Medium,0.0,0.0,4037.1405391631993,0.0,3080.472935283796,0.1462264150943396,0.4,0.3333333333333333,3647.0
49,all,R12,IF (PointsAjust IS High) AND (TeamExp IS High) AND (Length IS Low),Medium,0.0,0.0,4037.1405391631993,0.0,3080.472935283796,0.1462264150943396,0.4,0.3333333333333333,3647.0
49,all,R13,IF (PointsAjust IS High) AND (TeamExp IS Medium) AND (Length IS Low),High,0.0,0.0,2758.8815799696094,0.0,3080.472935283796,0.1462264150943396,0.4,0.3333333333333333,3647.0
49,all,R14,IF (PointsAjust IS High) AND (TeamExp IS High) AND (Length IS Medium),High,0.0,0.0,2758.8815799696094,0.0,3080.472935283796,0.1462264150943396,0.4,0.3333333333333333,3647.0
49,all,R15,IF (PointsAjust IS Medium) AND (TeamExp IS Low) AND (Length IS Medium),High,0.012886597938144333,0.16765749585486808,2758.8815799696094,462.54717705782673,3080.472935283796,0.1462264150943396,0.4,0.3333333333333333,3647.0
49,all,R16,IF (PointsAjust IS Low) AND (TeamExp IS Low) AND (Length IS High),High,0.018742857142857144,0.24384872631398777,2758.8815799696094,672.7497593267115,3080.472935283796,0.1462264150943396,0.4,0.3333333333333333,3647.0
49,all,R17,IF (PointsAjust IS Medium) AND (TeamExp IS High) AND (Length IS High),High,0.0,0.0,2758.8815799696094,0.0,3080.472935283796,0.1462264150943396,0.4,0.3333333333333333,3647.0
49,all,R18,IF (PointsAjust IS High) AND (TeamExp IS Medium) AND (Length IS Medium),Very_High,0.0,0.0,6755.016598101183,0.0,3080.472935283796,0.1462264150943396,0.4,0.3333333333333333,3647.0
49,all,R19,IF (PointsAjust IS Medium) AND (TeamExp IS Low) AND (Length IS High),Very_High,0.006185567010309284,0.08047559801033674,6755.016598101183,543.6140003019433,3080.472935283796,0.1462264150943396,0.4,0.3333333333333333,3647.0
49,all,R20,IF (PointsAjust IS High) AND (TeamExp IS Low) AND (Length IS High),Very_High,0.0,0.0,6755.016598101183,0.0,3080.472935283796,0.1462264150943396,0.4,0.3333333333333333,3647.0
50,all,R1,IF (PointsAjust IS Low) AND (TeamExp IS High) AND (Length IS Low),Very_Low,0.0,0.05,6345.830951875882,317.2915475937941,5455.886185475983,0.4528301886792453,0.8,0.3636363636363636,8232.0
50,all,R2,IF (PointsAjust IS Low) AND (TeamExp IS Medium) AND (Length IS Low),Low,0.0,0.05,6490.975958954616,324.5487979477308,5455.886185475983,0.4528301886792453,0.8,0.3636363636363636,8232.0
50,all,R3,IF (PointsAjust IS Low) AND (TeamExp IS High) AND (Length IS Medium),Low,0.0,0.05,6490.975958954616,324.5487979477308,5455.886185475983,0.4528301886792453,0.8,0.3636363636363636,8232.0
50,all,R4,IF (PointsAjust IS Medium) AND (TeamExp IS High) AND (Length IS Low),Low,0.0,0.05,6490.975958954616,324.5487979477308,5455.886185475983,0.4528301886792453,0.8,0.3636363636363636,8232.0
50,all,R5,IF (PointsAjust IS Low) AND (TeamExp IS Low) AND (Length IS Low),Medium,0.0,0.05,7539.308696140462,376.96543480702314,5455.886185475983,0.4528301886792453,0.8,0.3636363636363636,8232.0
50,all,R6,IF (PointsAjust IS Medium) AND (TeamExp IS Medium) AND (Length IS Low),Medium,0.0,0.05,7539.308696140462,376.96543480702314,5455.886185475983,0.4528301886792453,0.8,0.3636363636363636,8232.0
50,all,R7,IF (PointsAjust IS Low) AND (TeamExp IS Medium) AND (Length IS Medium),Medium,0.0,0.05,7539.308696140462,376.96543480702314,5455.886185475983,0.4528301886792453,0.8,0.3636363636363636,8232.0
50,all,R8,IF (PointsAjust IS Medium) AND (TeamExp IS High) AND (Length IS Medium),Medium,0.0,0.05,7539.308696140462,376.96543480702314,5455.886185475983,0.4528301886792453,0.8,0.3636363636363636,8232.0
50,all,R9,IF (PointsAjust IS Low) AND (TeamExp IS Low) AND (Length IS Medium),High,0.0,0.05,4076.0355778346275,203.80177889173137,5455.886185475983,0.4528301886792453,0.8,0.3636363636363636,8232.0
50,all,R10,IF (PointsAjust IS Medium) AND (TeamExp IS Low) AND (Length IS Low),High,0.0,0.05,4076.0355778346275,203.80177889173137,5455.886185475983,0.4528301886792453,0.8,0.3636363636363636,8232.0
50,all,R11,IF (PointsAjust IS Medium) AND (TeamExp IS Medium) AND (Length IS Medium),Medium,0.0,0.05,7539.308696140462,376.96543480702314,5455.886185475983,0.4528301886792453,0.8,0.3636363636363636,8232.0
50,all,R12,IF (PointsAjust IS High) AND (TeamExp IS High) AND (Length IS Low),Medium,0.0,0.05,7539.308696140462,376.96543480702314,5455.886185475983,0.4528301886792453,0.8,0.3636363636363636,8232.0
50,all,R13,IF (PointsAjust IS High) AND (TeamExp IS Medium) AND (Length IS Low),High,0.0,0.05,4076.0355778346275,203.80177889173137,5455.886185475983,0.4528301886792453,0.8,0.3636363636363636,8232.0
50,all,R14,IF (PointsAjust IS High) AND (TeamExp IS High) AND (Length IS Medium),High,0.0,0.05,4076.0355778346275,203.80177889173137,5455.886185475983,0.4528301886792453,0.8,0.3636363636363636,8232.0
50,all,R15,IF (PointsAjust IS Medium) AND (TeamExp IS Low) AND (Length IS Medium),High,0.0,0.05,4076.0355778346275,203.80177889173137,5455.886185475983,0.4528301886792453,0.8,0.3636363636363636,8232.0
50,all,R16,IF (PointsAjust IS Low) AND (TeamExp IS Low) AND (Length IS High),High,0.0,0.05,4076.0355778346275,203.80177889173137,5455.886185475983,0.4528301886792453,0.8,0.3636363636363636,8232.0
50,all,R17,IF (PointsAjust IS Medium) AND (TeamExp IS High) AND (Length IS High),High,0.0,0.05,4076.0355778346275,203.80177889173137,5455.886185475983,0.4528301886792453,0.8,0.3636363636363636,8232.0
50,all,R18,IF (PointsAjust IS High) AND (TeamExp IS Medium) AND (Length IS Medium),Very_High,0.0,0.05,3176.954553031591,158.84772765157956,5455.886185475983,0.4528301886792453,0.8,0.3636363636363636,8232.0
50,all,R19,IF (PointsAjust IS Medium) AND (TeamExp IS Low) AND (Length IS High),Very_High,0.0,0.05,3176.954553031591,158.84772765157956,5455.886185475983,0.4528301886792453,0.8,0.3636363636363636,8232.0
50,all,R20,IF (PointsAjust IS High) AND (TeamExp IS Low) AND (Length IS High),Very_High,0.0,0.05,3176.954553031591,158.84772765157956,5455.886185475983,0.4528301886792453,0.8,0.3636363636363636,8232.0
51,all,R1,IF (PointsAjust IS Low) AND (TeamExp IS High) AND (Length IS Low),Very_Low,0.0,0.0,4656.652925025177,0.0,2661.648129893761,0.1053459119496855,0.4,0.3333333333333333,3276.0
51,all,R2,IF (PointsAjust IS Low) AND (TeamExp IS Medium) AND (Length IS Low),Low,0.0,0.0,1941.0645443156318,0.0,2661.648129893761,0.1053459119496855,0.4,0.3333333333333333,3276.0
51,all,R3,IF (PointsAjust IS Low) AND (TeamExp IS High) AND (Length IS Medium),Low,0.0,0.0,1941.0645443156318,0.0,2661.648129893761,0.1053459119496855,0.4,0.3333333333333333,3276.0
51,all,R4,IF (PointsAjust IS Medium) AND (TeamExp IS High) AND (Length IS Low),Low,0.0,0.0,1941.0645443156318,0.0,2661.648129893761,0.1053459119496855,0.4,0.3333333333333333,3276.0
51,all,R5,IF (PointsAjust IS Low) AND (TeamExp IS Low) AND (Length IS Low),Medium,0.0,0.0,3690.843493342995,0.0,2661.648129893761,0.1053459119496855,0.4,0.3333333333333333,3276.0
51,all,R6,IF (PointsAjust IS Medium) AND (TeamExp IS Medium) AND (Length IS Low),Medium,0.0,0.0,3690.843493342995,0.0,2661.648129893761,0.1053459119496855,0.4,0.3333333333333333,3276.0
51,all,R7,IF (PointsAjust IS Low) AND (TeamExp IS Medium) AND (Length IS Medium),Medium,0.0,0.0,3690.843493342995,0.0,2661.648129893761,0.1053459119496855,0.4,0.3333333333333333,3276.0
51,all,R8,IF (PointsAjust IS Medium) AND (TeamExp IS High) AND (Length IS Medium),Medium,0.0,0.0,3690.843493342995,0.0,2661.648129893761,0.1053459119496855,0.4,0.3333333333333333,3276.0
51,all,R9,IF (PointsAjust IS Low) AND (TeamExp IS Low) AND (Length IS Medium),High,0.051428571428571386,0.6756756756756755,2661.648129893761,1798.4108985768653,2661.648129893761,0.1053459119496855,0.4,0.3333333333333333,3276.0
51,all,R10,IF (PointsAjust IS Medium) AND (TeamExp IS Low) AND (Length IS Low),High,0.0,0.0,2661.648129893761,0.0,2661.648129893761,0.1053459119496855,0.4,0.3333333333333333,3276.0
51,all,R11,IF (PointsAjust IS Medium) AND (TeamExp IS Medium) AND (Length IS Medium),Medium,0.0,0.0,3690.843493342995,0.0,2661.648129893761,0.1053459119496855,0.4,0.3333333333333333,3276.0
51,all,R12,IF (PointsAjust IS High) AND (TeamExp IS High) AND (Length IS Low),Medium,0.0,0.0,3690.843493342995,0.0,2661.648129893761,0.1053459119496855,0.4,0.3333333333333333,3276.0
51,all,R13,IF (PointsAjust IS High) AND (TeamExp IS Medium) AND (Length IS Low),High,0.0,0.0,2661.648129893761,0.0,2661.648129893761,0.1053459119496855,0.4,0.3333333333333333,3276.0
51,all,R14,IF (PointsAjust IS High) AND (TeamExp IS High) AND (Length IS Medium),High,0.0,0.0,2661.648129893761,0.0,2661.648129893761,0.1053459119496855,0.4,0.3333333333333333,3276.0
51,all,R15,IF (PointsAjust IS Medium) AND (TeamExp IS Low) AND (Length IS Medium),High,0.0,0.0,2661.648129893761,0.0,2661.648129893761,0.1053459119496855,0.4,0.3333333333333333,3276.0
51,all,R16,IF (PointsAjust IS Low) AND (TeamExp IS Low) AND (Length IS High),High,0.024685714285714283,0.3243243243243245,2661.648129893761,863.237231316896,2661.648129893761,0.1053459119496855,0.4,0.3333333333333333,3276.0
51,all,R17,IF (PointsAjust IS Medium) AND (TeamExp IS High) AND (Length IS High),High,0.0,0.0,2661.648129893761,0.0,2661.648129893761,0.1053459119496855,0.4,0.3333333333333333,3276.0
51,all,R18,IF (PointsAjust IS High) AND (TeamExp IS Medium) AND (Length IS Medium),Very_High,0.0,0.0,7248.871824332893,0.0,2661.648129893761,0.1053459119496855,0.4,0.3333333333333333,3276.0
51,all,R19,IF (PointsAjust IS Medium) AND (TeamExp IS Low) AND (Length IS High),Very_High,0.0,0.0,7248.871824332893,0.0,2661.648129893761,0.1053459119496855,0.4,0.3333333333333333,3276.0
51,all,R20,IF (PointsAjust IS High) AND (TeamExp IS Low) AND (Length IS High),Very_High,0.0,0.0,7248.871824332893,0.0,2661.648129893761,0.1053459119496855,0.4,0.3333333333333333,3276.0
52,all,R1,IF (PointsAjust IS Low) AND (TeamExp IS High) AND (Length IS Low),Very_Low,0.0,0.0,4653.866609732269,0.0,2972.731146433007,0.1210691823899371,0.4,0.2121212121212121,2723.0
52,all,R2,IF (PointsAjust IS Low) AND (TeamExp IS Medium) AND (Length IS Low),Low,0.0,0.0,1717.6168765141338,0.0,2972.731146433007,0.1210691823899371,0.4,0.2121212121212121,2723.0
52,all,R3,IF (PointsAjust IS Low) AND (TeamExp IS High) AND (Length IS Medium),Low,0.0,0.0,1717.6168765141338,0.0,2972.731146433007,0.1210691823899371,0.4,0.2121212121212121,2723.0
52,all,R4,IF (PointsAjust IS Medium) AND (TeamExp IS High) AND (Length IS Low),Low,0.0,0.0,1717.6168765141338,0.0,2972.731146433007,0.1210691823899371,0.4,0.2121212121212121,2723.0
52,all,R5,IF (PointsAjust IS Low) AND (TeamExp IS Low) AND (Length IS Low),Medium,0.023333333333333334,0.15789473684210528,2748.7120582688713,434.007167095085,2972.731146433007,0.1210691823899371,0.4,0.2121212121212121,2723.0
52,all,R6,IF (PointsAjust IS Medium) AND (TeamExp IS Medium) AND (Length IS Low),Medium,0.0,0.0,2748.7120582688713,0.0,2972.731146433007,0.1210691823899371,0.4,0.2121212121212121,2723.0
52,all,R7,IF (PointsAjust IS Low) AND (TeamExp IS Medium) AND (Length IS Medium),Medium,0.0,0.0,2748.7120582688713,0.0,2972.731146433007,0.1210691823899371,0.4,0.2121212121212121,2723.0
52,all,R8,IF (PointsAjust IS Medium) AND (TeamExp IS High) AND (Length IS Medium),Medium,0.0,0.0,2748.7120582688713,0.0,2972.731146433007,0.1210691823899371,0.4,0.2121212121212121,2723.0
52,all,R9,IF (PointsAjust IS Low) AND (TeamExp IS Low) AND (Length IS Medium),High,0.12444444444444443,0.8421052631578947,3014.7347254637825,2538.723979337922,2972.731146433007,0.1210691823899371,0.4,0.2121212121212121,2723.0
52,all,R10,IF (PointsAjust IS Medium) AND (TeamExp IS Low) AND (Length IS Low),High,0.0,0.0,3014.7347254637825,0.0,2972.731146433007,0.1210691823899371,0.4,0.2121212121212121,2723.0
52,all,R11,IF (PointsAjust IS Medium) AND (TeamExp IS Medium) AND (Length IS Medium),Medium,0.0,0.0,2748.7120582688713,0.0,2972.731146433007,0.1210691823899371,0.4,0.2121212121212121,2723.0
52,all,R12,IF (PointsAjust IS High) AND (TeamExp IS High) AND (Length IS Low),Medium,0.0,0.0,2748.7120582688713,0.0,2972.731146433007,0.1210691823899371,0.4,0.2121212121212121,2723.0
52,all,R13,IF (PointsAjust IS High) AND (TeamExp IS Medium) AND (Length IS Low),High,0.0,0.0,3014.7347254637825,0.0,2972.731146433007,0.1210691823899371,0.4,0.2121212121212121,2723.0
52,all,R14,IF (PointsAjust IS High) AND (TeamExp IS High) AND (Length IS Medium),High,0.0,0.0,3014.7347254637825,0.0,2972.731146433007,0.1210691823899371,0.4,0.2121212121212121,2723.0
52,all,R15,IF (PointsAjust IS Medium) AND (TeamExp IS Low) AND (Length IS Medium),High,0.0,0.0,3014.7347254637825,0.0,2972.731146433007,0.1210691823899371,0.4,0.2121212121212121,2723.0
52,all,R16,IF (PointsAjust IS Low) AND (TeamExp IS Low) AND (Length IS High),High,0.0,0.0,3014.7347254637825,0.0,2972.731146433007,0.1210691823899371,0.4,0.2121212121212121,2723.0
52,all,R17,IF (PointsAjust IS Medium) AND (TeamExp IS High) AND (Length IS High),High,0.0,0.0,3014.7347254637825,0.0,2972.731146433007,0.1210691823899371,0.4,0.2121212121212121,2723.0
52,all,R18,IF (PointsAjust IS High) AND (TeamExp IS Medium) AND (Length IS Medium),Very_High,0.0,0.0,7662.899067785086,0.0,2972.731146433007,0.1210691823899371,0.4,0.2121212121212121,2723.0
52,all,R19,IF (PointsAjust IS Medium) AND (TeamExp IS Low) AND (Length IS High),Very_High,0.0,0.0,7662.899067785086,0.0,2972.731146433007,0.1210691823899371,0.4,0.2121212121212121,2723.0
52,all,R20,IF (PointsAjust IS High) AND (TeamExp IS Low) AND (Length IS High),Very_High,0.0,0.0,7662.899067785086,0.0,2972.731146433007,0.1210691823899371,0.4,0.2121212121212121,2723.0
53,all,R1,IF (PointsAjust IS Low) AND (TeamExp IS High) AND (Length IS Low),Very_Low,0.05714285714285717,0.2800433056658247,3654.4334224827444,1023.399615967741,3481.914647613399,0.2122641509433962,0.8,0.1212121212121212,3472.0
53,all,R2,IF (PointsAjust IS Low) AND (TeamExp IS Medium) AND (Length IS Low),Low,0.0,0.0,3414.809600345923,0.0,3481.914647613399,0.2122641509433962,0.8,0.1212121212121212,3472.0
53,all,R3,IF (PointsAjust IS Low) AND (TeamExp IS High) AND (Length IS Medium),Low,0.0,0.0,3414.809600345923,0.0,3481.914647613399,0.2122641509433962,0.8,0.1212121212121212,3472.0
53,all,R4,IF (PointsAjust IS Medium) AND (TeamExp IS High) AND (Length IS Low),Low,0.1469072164948454,0.7199566943341754,3414.809600345923,2458.5150316456575,3481.914647613399,0.2122641509433962,0.8,0.1212121212121212,3472.0
53,all,R5,IF (PointsAjust IS Low) AND (TeamExp IS Low) AND (Length IS Low),Medium,0.0,0.0,3350.8385595731684,0.0,3481.914647613399,0.2122641509433962,0.8,0.1212121212121212,3472.0
53,all,R6,IF (PointsAjust IS Medium) AND (TeamExp IS Medium) AND (Length IS Low),Medium,0.0,0.0,3350.8385595731684,0.0,3481.914647613399,0.2122641509433962,0.8,0.1212121212121212,3472.0
53,all,R7,IF (PointsAjust IS Low) AND (TeamExp IS Medium) AND (Length IS Medium),Medium,0.0,0.0,3350.8385595731684,0.0,3481.914647613399,0.2122641509433962,0.8,0.1212121212121212,3472.0
53,all,R8,IF (PointsAjust IS Medium) AND (TeamExp IS High) AND (Length IS Medium),Medium,0.0,0.0,3350.8385595731684,0.0,3481.914647613399,0.2122641509433962,0.8,0.1212121212121212,3472.0
53,all,R9,IF (PointsAjust IS Low) AND (TeamExp IS Low) AND (Length IS Medium),High,0.0,0.0,4135.232351162294,0.0,3481.914647613399,0.2122641509433962,0.8,0.1212121212121212,3472.0
53,all,R10,IF (PointsAjust IS Medium) AND (TeamExp IS Low) AND (Length IS Low),High,0.0,0.0,4135.232351162294,0.0,3481.914647613399,0.2122641509433962,0.8,0.1212121212121212,3472.0
53,all,R11,IF (PointsAjust IS Medium) AND (TeamExp IS Medium) AND (Length IS Medium),Medium,0.0,0.0,3350.8385595731684,0.0,3481.914647613399,0.2122641509433962,0.8,0.1212121212121212,3472.0
53,all,R12,IF (PointsAjust IS High) AND (TeamExp IS High) AND (Length IS Low),Medium,0.0,0.0,3350.8385595731684,0.0,3481.914647613399,0.2122641509433962,0.8,0.1212121212121212,3472.0
53,all,R13,IF (PointsAjust IS High) AND (TeamExp IS Medium) AND (Length IS Low),High,0.0,0.0,4135.232351162294,0.0,3481.914647613399,0.2122641509433962,0.8,0.1212121212121212,3472.0
53,all,R14,IF (PointsAjust IS High) AND (TeamExp IS High) AND (Length IS Medium),High,0.0,0.0,4135.232351162294,0.0,3481.914647613399,0.2122641509433962,0.8,0.1212121212121212,3472.0
53,all,R15,IF (PointsAjust IS Medium) AND (TeamExp IS Low) AND (Length IS Medium),High,0.0,0.0,4135.232351162294,0.0,3481.914647613399,0.2122641509433962,0.8,0.1212121212121212,3472.0
53,all,R16,IF (PointsAjust IS Low) AND (TeamExp IS Low) AND (Length IS High),High,0.0,0.0,4135.232351162294,0.0,3481.914647613399,0.2122641509433962,0.8,0.1212121212121212,3472.0
53,all,R17,IF (PointsAjust IS Medium) AND (TeamExp IS High) AND (Length IS High),High,0.0,0.0,4135.232351162294,0.0,3481.914647613399,0.2122641509433962,0.8,0.1212121212121212,3472.0
53,all,R18,IF (PointsAjust IS High) AND (TeamExp IS Medium) AND (Length IS Medium),Very_High,0.0,0.0,7291.045737554662,0.0,3481.914647613399,0.2122641509433962,0.8,0.1212121212121212,3472.0
53,all,R19,IF (PointsAjust IS Medium) AND (TeamExp IS Low) AND (Length IS High),Very_High,0.0,0.0,7291.045737554662,0.0,3481.914647613399,0.2122641509433962,0.8,0.1212121212121212,3472.0
53,all,R20,IF (PointsAjust IS High) AND (TeamExp IS Low) AND (Length IS High),Very_High,0.0,0.0,7291.045737554662,0.0,3481.914647613399,0.2122641509433962,0.8,0.1212121212121212,3472.0
54,all,R1,IF (PointsAjust IS Low) AND (TeamExp IS High) AND (Length IS Low),Very_Low,0.0,0.0,3379.4235000499757,0.0,1185.478734683475,0.0,0.4,0.1515151515151515,1575.0
54,all,R2,IF (PointsAjust IS Low) AND (TeamExp IS Medium) AND (Length IS Low),Low,0.0,0.0,359.64897390548276,0.0,1185.478734683475,0.0,0.4,0.1515151515151515,1575.0
54,all,R3,IF (PointsAjust IS Low) AND (TeamExp IS High) AND (Length IS Medium),Low,0.0,0.0,359.64897390548276,0.0,1185.478734683475,0.0,0.4,0.1515151515151515,1575.0
54,all,R4,IF (PointsAjust IS Medium) AND (TeamExp IS High) AND (Length IS Low),Low,0.0,0.0,359.64897390548276,0.0,1185.478734683475,0.0,0.4,0.1515151515151515,1575.0
54,all,R5,IF (PointsAjust IS Low) AND (TeamExp IS Low) AND (Length IS Low),Medium,0.12499999999999999,1.0,1185.478734683475,1185.478734683475,1185.478734683475,0.0,0.4,0.1515151515151515,1575.0
54,all,R6,IF (PointsAjust IS Medium) AND (TeamExp IS Medium) AND (Length IS Low),Medium,0.0,0.0,1185.478734683475,0.0,1185.478734683475,0.0,0.4,0.1515151515151515,1575.0
54,all,R7,IF (PointsAjust IS Low) AND (TeamExp IS Medium) AND (Length IS Medium),Medium,0.0,0.0,1185.478734683475,0.0,1185.478734683475,0.0,0.4,0.1515151515151515,1575.0
54,all,R8,IF (PointsAjust IS Medium) AND (TeamExp IS High) AND (Length IS Medium),Medium,0.0,0.0,1185.478734683475,0.0,1185.478734683475,0.0,0.4,0.1515151515151515,1575.0
54,all,R9,IF (PointsAjust IS Low) AND (TeamExp IS Low) AND (Length IS Medium),High,0.0,0.0,2884.6186807018867,0.0,1185.478734683475,0.0,0.4,0.1515151515151515,1575.0
54,all,R10,IF (PointsAjust IS Medium) AND (TeamExp IS Low) AND (Length IS Low),High,0.0,0.0,2884.6186807018867,0.0,1185.478734683475,0.0,0.4,0.1515151515151515,1575.0
54,all,R11,IF (PointsAjust IS Medium) AND (TeamExp IS Medium) AND (Length IS Medium),Medium,0.0,0.0,1185.478734683475,0.0,1185.478734683475,0.0,0.4,0.1515151515151515,1575.0
54,all,R12,IF (PointsAjust IS High) AND (TeamExp IS High) AND (Length IS Low),Medium,0.0,0.0,1185.478734683475,0.0,1185.478734683475,0.0,0.4,0.1515151515151515,1575.0
54,all,R13,IF (PointsAjust IS High) AND (TeamExp IS Medium) AND (Length IS Low),High,0.0,0.0,2884.6186807018867,0.0,1185.478734683475,0.0,0.4,0.1515151515151515,1575.0
54,all,R14,IF (PointsAjust IS High) AND (TeamExp IS High) AND (Length IS Medium),High,0.0,0.0,2884.6186807018867,0.0,1185.478734683475,0.0,0.4,0.1515151515151515,1575.0
54,all,R15,IF (PointsAjust IS Medium) AND (TeamExp IS Low) AND (Length IS Medium),High,0.0,0.0,2884.6186807018867,0.0,1185.478734683475,0.0,0.4,0.1515151515151515,1575.0
54,all,R16,IF (PointsAjust IS Low) AND (TeamExp IS Low) AND (Length IS High),High,0.0,0.0,2884.6186807018867,0.0,1185.478734683475,0.0,0.4,0.1515151515151515,1575.0
54,all,R17,IF (PointsAjust IS Medium) AND (TeamExp IS High) AND (Length IS High),High,0.0,0.0,2884.6186807018867,0.0,1185.478734683475,0.0,0.4,0.1515151515151515,1575.0
54,all,R18,IF (PointsAjust IS High) AND (TeamExp IS Medium) AND (Length IS Medium),Very_High,0.0,0.0,9427.456095318883,0.0,1185.478734683475,0.0,0.4,0.1515151515151515,1575.0
54,all,R19,IF (PointsAjust IS Medium) AND (TeamExp IS Low) AND (Length IS High),Very_High,0.0,0.0,9427.456095318883,0.0,1185.478734683475,0.0,0.4,0.1515151515151515,1575.0
54,all,R20,IF (PointsAjust IS High) AND (TeamExp IS Low) AND (Length IS High),Very_High,0.0,0.0,9427.456095318883,0.0,1185.478734683475,0.0,0.4,0.1515151515151515,1575.0
55,all,R1,IF (PointsAjust IS Low) AND (TeamExp IS High) AND (Length IS Low),Very_Low,0.0,0.0,5836.552880570591,0.0,3674.438883787144,0.2248427672955975,0.4,0.3333333333333333,2926.0
55,all,R2,IF (PointsAjust IS Low) AND (TeamExp IS Medium) AND (Length IS Low),Low,0.0,0.0,3096.1200226302735,0.0,3674.438883787144,0.2248427672955975,0.4,0.3333333333333333,2926.0
55,all,R3,IF (PointsAjust IS Low) AND (TeamExp IS High) AND (Length IS Medium),Low,0.0,0.0,3096.1200226302735,0.0,3674.438883787144,0.2248427672955975,0.4,0.3333333333333333,2926.0
55,all,R4,IF (PointsAjust IS Medium) AND (TeamExp IS High) AND (Length IS Low),Low,0.0,0.0,3096.1200226302735,0.0,3674.438883787144,0.2248427672955975,0.4,0.3333333333333333,2926.0
55,all,R5,IF (PointsAjust IS Low) AND (TeamExp IS Low) AND (Length IS Low),Medium,0.0,0.0,4703.096396509745,0.0,3674.438883787144,0.2248427672955975,0.4,0.3333333333333333,2926.0
55,all,R6,IF (PointsAjust IS Medium) AND (TeamExp IS Medium) AND (Length IS Low),Medium,0.0,0.0,4703.096396509745,0.0,3674.438883787144,0.2248427672955975,0.4,0.3333333333333333,2926.0
55,all,R7,IF (PointsAjust IS Low) AND (TeamExp IS Medium) AND (Length IS Medium),Medium,0.0,0.0,4703.096396509745,0.0,3674.438883787144,0.2248427672955975,0.4,0.3333333333333333,2926.0
55,all,R8,IF (PointsAjust IS Medium) AND (TeamExp IS High) AND (Length IS Medium),Medium,0.0,0.0,4703.096396509745,0.0,3674.438883787144,0.2248427672955975,0.4,0.3333333333333333,2926.0
55,all,R9,IF (PointsAjust IS Low) AND (TeamExp IS Low) AND (Length IS Medium),High,0.015238095238095222,0.14485097709077258,2945.868983961626,426.71200070824295,3674.438883787144,0.2248427672955975,0.4,0.3333333333333333,2926.0
55,all,R10,IF (PointsAjust IS Medium) AND (TeamExp IS Low) AND (Length IS Low),High,0.0,0.0,2945.868983961626,0.0,3674.438883787144,0.2248427672955975,0.4,0.3333333333333333,2926.0
55,all,R11,IF (PointsAjust IS Medium) AND (TeamExp IS Medium) AND (Length IS Medium),Medium,0.0,0.0,4703.096396509745,0.0,3674.438883787144,0.2248427672955975,0.4,0.3333333333333333,2926.0
55,all,R12,IF (PointsAjust IS High) AND (TeamExp IS High) AND (Length IS Low),Medium,0.0,0.0,4703.096396509745,0.0,3674.438883787144,0.2248427672955975,0.4,0.3333333333333333,2926.0
55,all,R13,IF (PointsAjust IS High) AND (TeamExp IS Medium) AND (Length IS Low),High,0.0,0.0,2945.868983961626,0.0,3674.438883787144,0.2248427672955975,0.4,0.3333333333333333,2926.0
55,all,R14,IF (PointsAjust IS High) AND (TeamExp IS High) AND (Length IS Medium),High,0.0,0.0,2945.868983961626,0.0,3674.438883787144,0.2248427672955975,0.4,0.3333333333333333,2926.0
55,all,R15,IF (PointsAjust IS Medium) AND (TeamExp IS Low) AND (Length IS Medium),High,0.0558419243986254,0.530824698584903,2945.868983961626,1563.7400154820446,3674.438883787144,0.2248427672955975,0.4,0.3333333333333333,2926.0
55,all,R16,IF (PointsAjust IS Low) AND (TeamExp IS Low) AND (Length IS High),High,0.007314285714285712,0.06952846900357089,2945.868983961626,204.82176033995677,3674.438883787144,0.2248427672955975,0.4,0.3333333333333333,2926.0
55,all,R17,IF (PointsAjust IS Medium) AND (TeamExp IS High) AND (Length IS High),High,0.0,0.0,2945.868983961626,0.0,3674.438883787144,0.2248427672955975,0.4,0.3333333333333333,2926.0
55,all,R18,IF (PointsAjust IS High) AND (TeamExp IS Medium) AND (Length IS Medium),Very_High,0.0,0.0,5805.295009194048,0.0,3674.438883787144,0.2248427672955975,0.4,0.3333333333333333,2926.0
55,all,R19,IF (PointsAjust IS Medium) AND (TeamExp IS Low) AND (Length IS High),Very_High,0.026804123711340208,0.2547958553207536,5805.295009194048,1479.1651072568998,3674.438883787144,0.2248427672955975,0.4,0.3333333333333333,2926.0
55,all,R20,IF (PointsAjust IS High) AND (TeamExp IS Low) AND (Length IS High),Very_High,0.0,0.0,5805.295009194048,0.0,3674.438883787144,0.2248427672955975,0.4,0.3333333333333333,2926.0
56,all,R1,IF (PointsAjust IS Low) AND (TeamExp IS High) AND (Length IS Low),Very_Low,0.12857142857142864,1.0,2451.9425466379507,2451.9425466379507,2451.9425466379507,0.0864779874213836,0.8,0.1515151515151515,1876.0
56,all,R2,IF (PointsAjust IS Low) AND (TeamExp IS Medium) AND (Length IS Low),Low,0.0,0.0,2292.818891383341,0.0,2451.9425466379507,0.0864779874213836,0.8,0.1515151515151515,1876.0
56,all,R3,IF (PointsAjust IS Low) AND (TeamExp IS High) AND (Length IS Medium),Low,0.0,0.0,2292.818891383341,0.0,2451.9425466379507,0.0864779874213836,0.8,0.1515151515151515,1876.0
56,all,R4,IF (PointsAjust IS Medium) AND (TeamExp IS High) AND (Length IS Low),Low,0.0,0.0,2292.818891383341,0.0,2451.9425466379507,0.0864779874213836,0.8,0.1515151515151515,1876.0
56,all,R5,IF (PointsAjust IS Low) AND (TeamExp IS Low) AND (Length IS Low),Medium,0.0,0.0,2554.1398394545536,0.0,2451.9425466379507,0.0864779874213836,0.8,0.1515151515151515,1876.0
56,all,R6,IF (PointsAjust IS Medium) AND (TeamExp IS Medium) AND (Length IS Low),Medium,0.0,0.0,2554.1398394545536,0.0,2451.9425466379507,0.0864779874213836,0.8,0.1515151515151515,1876.0
56,all,R7,IF (PointsAjust IS Low) AND (TeamExp IS Medium) AND (Length IS Medium),Medium,0.0,0.0,2554.1398394545536,0.0,2451.9425466379507,0.0864779874213836,0.8,0.1515151515151515,1876.0
56,all,R8,IF (PointsAjust IS Medium) AND (TeamExp IS High) AND (Length IS Medium),Medium,0.0,0.0,2554.1398394545536,0.0,2451.9425466379507,0.0864779874213836,0.8,0.1515151515151515,1876.0
56,all,R9,IF (PointsAjust IS Low) AND (TeamExp IS Low) AND (Length IS Medium),High,0.0,0.0,3757.130226082164,0.0,2451.9425466379507,0.0864779874213836,0.8,0.1515151515151515,1876.0
56,all,R10,IF (PointsAjust IS Medium) AND (TeamExp IS Low) AND (Length IS Low),High,0.0,0.0,3757.130226082164,0.0,2451.9425466379507,0.0864779874213836,0.8,0.1515151515151515,1876.0
56,all,R11,IF (PointsAjust IS Medium) AND (TeamExp IS Medium) AND (Length IS Medium),Medium,0.0,0.0,2554.1398394545536,0.0,2451.9425466379507,0.0864779874213836,0.8,0.1515151515151515,1876.0
56,all,R12,IF (PointsAjust IS High) AND (TeamExp IS High) AND (Length IS Low),Medium,0.0,0.0,2554.1398394545536,0.0,2451.9425466379507,0.0864779874213836,0.8,0.1515151515151515,1876.0
56,all,R13,IF (PointsAjust IS High) AND (TeamExp IS Medium) AND (Length IS Low),High,0.0,0.0,3757.130226082164,0.0,2451.9425466379507,0.0864779874213836,0.8,0.1515151515151515,1876.0
56,all,R14,IF (PointsAjust IS High) AND (TeamExp IS High) AND (Length IS Medium),High,0.0,0.0,3757.130226082164,0.0,2451.9425466379507,0.0864779874213836,0.8,0.1515151515151515,1876.0
56,all,R15,IF (PointsAjust IS Medium) AND (TeamExp IS Low) AND (Length IS Medium),High,0.0,0.0,3757.130226082164,0.0,2451.9425466379507,0.0864779874213836,0.8,0.1515151515151515,1876.0
56,all,R16,IF (PointsAjust IS Low) AND (TeamExp IS Low) AND (Length IS High),High,0.0,0.0,3757.130226082164,0.0,2451.9425466379507,0.0864779874213836,0.8,0.1515151515151515,1876.0
56,all,R17,IF (PointsAjust IS Medium) AND (TeamExp IS High) AND (Length IS High),High,0.0,0.0,3757.130226082164,0.0,2451.9425466379507,0.0864779874213836,0.8,0.1515151515151515,1876.0
56,all,R18,IF (PointsAjust IS High) AND (TeamExp IS Medium) AND (Length IS Medium),Very_High,0.0,0.0,8659.607389497673,0.0,2451.9425466379507,0.0864779874213836,0.8,0.1515151515151515,1876.0
56,all,R19,IF (PointsAjust IS Medium) AND (TeamExp IS Low) AND (Length IS High),Very_High,0.0,0.0,8659.607389497673,0.0,2451.9425466379507,0.0864779874213836,0.8,0.1515151515151515,1876.0
56,all,R20,IF (PointsAjust IS High) AND (TeamExp IS Low) AND (Length IS High),Very_High,0.0,0.0,8659.607389497673,0.0,2451.9425466379507,0.0864779874213836,0.8,0.1515151515151515,1876.0
57,all,R1,IF (PointsAjust IS Low) AND (TeamExp IS High) AND (Length IS Low),Very_Low,0.0,0.0,4550.864377064626,0.0,1955.5392205082271,0.1226415094339622,0.4,0.1212121212121212,2520.0
57,all,R2,IF (PointsAjust IS Low) AND (TeamExp IS Medium) AND (Length IS Low),Low,0.0,0.0,1451.2434860703102,0.0,1955.5392205082271,0.1226415094339622,0.4,0.1212121212121212,2520.0
57,all,R3,IF (PointsAjust IS Low) AND (TeamExp IS High) AND (Length IS Medium),Low,0.0,0.0,1451.2434860703102,0.0,1955.5392205082271,0.1226415094339622,0.4,0.1212121212121212,2520.0
57,all,R4,IF (PointsAjust IS Medium) AND (TeamExp IS High) AND (Length IS Low),Low,0.0,0.0,1451.2434860703102,0.0,1955.5392205082271,0.1226415094339622,0.4,0.1212121212121212,2520.0
57,all,R5,IF (PointsAjust IS Low) AND (TeamExp IS Low) AND (Length IS Low),Medium,0.09238095238095241,1.0,1955.5392205082276,1955.5392205082276,1955.5392205082271,0.1226415094339622,0.4,0.1212121212121212,2520.0
57,all,R6,IF (PointsAjust IS Medium) AND (TeamExp IS Medium) AND (Length IS Low),Medium,0.0,0.0,1955.5392205082276,0.0,1955.5392205082271,0.1226415094339622,0.4,0.1212121212121212,2520.0
57,all,R7,IF (PointsAjust IS Low) AND (TeamExp IS Medium) AND (Length IS Medium),Medium,0.0,0.0,1955.5392205082276,0.0,1955.5392205082271,0.1226415094339622,0.4,0.1212121212121212,2520.0
57,all,R8,IF (PointsAjust IS Medium) AND (TeamExp IS High) AND (Length IS Medium),Medium,0.0,0.0,1955.5392205082276,0.0,1955.5392205082271,0.1226415094339622,0.4,0.1212121212121212,2520.0
57,all,R9,IF (PointsAjust IS Low) AND (TeamExp IS Low) AND (Length IS Medium),High,0.0,0.0,3255.241309622336,0.0,1955.5392205082271,0.1226415094339622,0.4,0.1212121212121212,2520.0
57,all,R10,IF (PointsAjust IS Medium) AND (TeamExp IS Low) AND (Length IS Low),High,0.0,0.0,3255.241309622336,0.0,1955.5392205082271,0.1226415094339622,0.4,0.1212121212121212,2520.0
57,all,R11,IF (PointsAjust IS Medium) AND (TeamExp IS Medium) AND (Length IS Medium),Medium,0.0,0.0,1955.5392205082276,0.0,1955.5392205082271,0.1226415094339622,0.4,0.1212121212121212,2520.0
57,all,R12,IF (PointsAjust IS High) AND (TeamExp IS High) AND (Length IS Low),Medium,0.0,0.0,1955.5392205082276,0.0,1955.5392205082271,0.1226415094339622,0.4,0.1212121212121212,2520.0
57,all,R13,IF (PointsAjust IS High) AND (TeamExp IS Medium) AND (Length IS Low),High,0.0,0.0,3255.241309622336,0.0,1955.5392205082271,0.1226415094339622,0.4,0.1212121212121212,2520.0
57,all,R14,IF (PointsAjust IS High) AND (TeamExp IS High) AND (Length IS Medium),High,0.0,0.0,3255.241309622336,0.0,1955.5392205082271,0.1226415094339622,0.4,0.1212121212121212,2520.0
57,all,R15,IF (PointsAjust IS Medium) AND (TeamExp IS Low) AND (Length IS Medium),High,0.0,0.0,3255.241309622336,0.0,1955.5392205082271,0.1226415094339622,0.4,0.1212121212121212,2520.0
57,all,R16,IF (PointsAjust IS Low) AND (TeamExp IS Low) AND (Length IS High),High,0.0,0.0,3255.241309622336,0.0,1955.5392205082271,0.1226415094339622,0.4,0.1212121212121212,2520.0
57,all,R17,IF (PointsAjust IS Medium) AND (TeamExp IS High) AND (Length IS High),High,0.0,0.0,3255.241309622336,0.0,1955.5392205082271,0.1226415094339622,0.4,0.1212121212121212,2520.0
57,all,R18,IF (PointsAjust IS High) AND (TeamExp IS Medium) AND (Length IS Medium),Very_High,0.0,0.0,8096.883306932159,0.0,1955.5392205082271,0.1226415094339622,0.4,0.1212121212121212,2520.0
57,all,R19,IF (PointsAjust IS Medium) AND (TeamExp IS Low) AND (Length IS High),Very_High,0.0,0.0,8096.883306932159,0.0,1955.5392205082271,0.1226415094339622,0.4,0.1212121212121212,2520.0
57,all,R20,IF (PointsAjust IS High) AND (TeamExp IS Low) AND (Length IS High),Very_High,0.0,0.0,8096.883306932159,0.0,1955.5392205082271,0.1226415094339622,0.4,0.1212121212121212,2520.0
58,all,R1,IF (PointsAjust IS Low) AND (TeamExp IS High) AND (Length IS Low),Very_Low,0.0,0.05,1775.728129883531,88.78640649417656,4420.309224130012,0.080188679245283,1.0,0.3636363636363636,1603.0
58,all,R2,IF (PointsAjust IS Low) AND (TeamExp IS Medium) AND (Length IS Low),Low,0.0,0.05,3437.6638911906166,171.88319455953084,4420.309224130012,0.080188679245283,1.0,0.3636363636363636,1603.0
58,all,R3,IF (PointsAjust IS Low) AND (TeamExp IS High) AND (Length IS Medium),Low,0.0,0.05,3437.6638911906166,171.88319455953084,4420.309224130012,0.080188679245283,1.0,0.3636363636363636,1603.0
58,all,R4,IF (PointsAjust IS Medium) AND (TeamExp IS High) AND (Length IS Low),Low,0.0,0.05,3437.6638911906166,171.88319455953084,4420.309224130012,0.080188679245283,1.0,0.3636363636363636,1603.0
58,all,R5,IF (PointsAjust IS Low) AND (TeamExp IS Low) AND (Length IS Low),Medium,0.0,0.05,4700.732763162778,235.03663815813889,4420.309224130012,0.080188679245283,1.0,0.3636363636363636,1603.0
58,all,R6,IF (PointsAjust IS Medium) AND (TeamExp IS Medium) AND (Length IS Low),Medium,0.0,0.05,4700.732763162778,235.03663815813889,4420.309224130012,0.080188679245283,1.0,0.3636363636363636,1603.0
58,all,R7,IF (PointsAjust IS Low) AND (TeamExp IS Medium) AND (Length IS Medium),Medium,0.0,0.05,4700.732763162778,235.03663815813889,4420.309224130012,0.080188679245283,1.0,0.3636363636363636,1603.0
58,all,R8,IF (PointsAjust IS Medium) AND (TeamExp IS High) AND (Length IS Medium),Medium,0.0,0.05,4700.732763162778,235.03663815813889,4420.309224130012,0.080188679245283,1.0,0.3636363636363636,1603.0
58,all,R9,IF (PointsAjust IS Low) AND (TeamExp IS Low) AND (Length IS Medium),High,0.0,0.05,3523.127983407001,176.15639917035006,4420.309224130012,0.080188679245283,1.0,0.3636363636363636,1603.0
58,all,R10,IF (PointsAjust IS Medium) AND (TeamExp IS Low) AND (Length IS Low),High,0.0,0.05,3523.127983407001,176.15639917035006,4420.309224130012,0.080188679245283,1.0,0.3636363636363636,1603.0
58,all,R11,IF (PointsAjust IS Medium) AND (TeamExp IS Medium) AND (Length IS Medium),Medium,0.0,0.05,4700.732763162778,235.03663815813889,4420.309224130012,0.080188679245283,1.0,0.3636363636363636,1603.0
58,all,R12,IF (PointsAjust IS High) AND (TeamExp IS High) AND (Length IS Low),Medium,0.0,0.05,4700.732763162778,235.03663815813889,4420.309224130012,0.080188679245283,1.0,0.3636363636363636,1603.0
58,all,R13,IF (PointsAjust IS High) AND (TeamExp IS Medium) AND (Length IS Low),High,0.0,0.05,3523.127983407001,176.15639917035006,4420.309224130012,0.080188679245283,1.0,0.3636363636363636,1603.0
58,all,R14,IF (PointsAjust IS High) AND (TeamExp IS High) AND (Length IS Medium),High,0.0,0.05,3523.127983407001,176.15639917035006,4420.309224130012,0.080188679245283,1.0,0.3636363636363636,1603.0
58,all,R15,IF (PointsAjust IS Medium) AND (TeamExp IS Low) AND (Length IS Medium),High,0.0,0.05,3523.127983407001,176.15639917035006,4420.309224130012,0.080188679245283,1.0,0.3636363636363636,1603.0
58,all,R16,IF (PointsAjust IS Low) AND (TeamExp IS Low) AND (Length IS High),High,0.0,0.05,3523.127983407001,176.15639917035006,4420.309224130012,0.080188679245283,1.0,0.3636363636363636,1603.0
58,all,R17,IF (PointsAjust IS Medium) AND (TeamExp IS High) AND (Length IS High),High,0.0,0.05,3523.127983407001,176.15639917035006,4420.309224130012,0.080188679245283,1.0,0.3636363636363636,1603.0
58,all,R18,IF (PointsAjust IS High) AND (TeamExp IS Medium) AND (Length IS Medium),Very_High,0.0,0.05,7817.0574054397275,390.8528702719864,4420.309224130012,0.080188679245283,1.0,0.3636363636363636,1603.0
58,all,R19,IF (PointsAjust IS Medium) AND (TeamExp IS Low) AND (Length IS High),Very_High,0.0,0.05,7817.0574054397275,390.8528702719864,4420.309224130012,0.080188679245283,1.0,0.3636363636363636,1603.0
58,all,R20,IF (PointsAjust IS High) AND (TeamExp IS Low) AND (Length IS High),Very_High,0.0,0.05,7817.0574054397275,390.8528702719864,4420.309224130012,0.080188679245283,1.0,0.3636363636363636,1603.0
59,all,R1,IF (PointsAjust IS Low) AND (TeamExp IS High) AND (Length IS Low),Very_Low,0.0,0.0,7013.666520823096,0.0,3583.1764335995113,0.360062893081761,0.4,0.2121212121212121,3626.0
59,all,R2,IF (PointsAjust IS Low) AND (TeamExp IS Medium) AND (Length IS Low),Low,0.0,0.0,4027.7278331434154,0.0,3583.1764335995113,0.360062893081761,0.4,0.2121212121212121,3626.0
59,all,R3,IF (PointsAjust IS Low) AND (TeamExp IS High) AND (Length IS Medium),Low,0.0,0.0,4027.7278331434154,0.0,3583.1764335995113,0.360062893081761,0.4,0.2121212121212121,3626.0
59,all,R4,IF (PointsAjust IS Medium) AND (TeamExp IS High) AND (Length IS Low),Low,0.0,0.0,4027.7278331434154,0.0,3583.1764335995113,0.360062893081761,0.4,0.2121212121212121,3626.0
59,all,R5,IF (PointsAjust IS Low) AND (TeamExp IS Low) AND (Length IS Low),Medium,0.0,0.0,4773.217864602369,0.0,3583.1764335995113,0.360062893081761,0.4,0.2121212121212121,3626.0
59,all,R6,IF (PointsAjust IS Medium) AND (TeamExp IS Medium) AND (Length IS Low),Medium,0.0,0.0,4773.217864602369,0.0,3583.1764335995113,0.360062893081761,0.4,0.2121212121212121,3626.0
59,all,R7,IF (PointsAjust IS Low) AND (TeamExp IS Medium) AND (Length IS Medium),Medium,0.0,0.0,4773.217864602369,0.0,3583.1764335995113,0.360062893081761,0.4,0.2121212121212121,3626.0
59,all,R8,IF (PointsAjust IS Medium) AND (TeamExp IS High) AND (Length IS Medium),Medium,0.0,0.0,4773.217864602369,0.0,3583.1764335995113,0.360062893081761,0.4,0.2121212121212121,3626.0
59,all,R9,IF (PointsAjust IS Low) AND (TeamExp IS Low) AND (Length IS Medium),High,0.0,0.0,3583.1764335995113,0.0,3583.1764335995113,0.360062893081761,0.4,0.2121212121212121,3626.0
59,all,R10,IF (PointsAjust IS Medium) AND (TeamExp IS Low) AND (Length IS Low),High,0.012820512820512834,0.1578947368421053,3583.1764335995113,565.7647000420283,3583.1764335995113,0.360062893081761,0.4,0.2121212121212121,3626.0
59,all,R11,IF (PointsAjust IS Medium) AND (TeamExp IS Medium) AND (Length IS Medium),Medium,0.0,0.0,4773.217864602369,0.0,3583.1764335995113,0.360062893081761,0.4,0.2121212121212121,3626.0
59,all,R12,IF (PointsAjust IS High) AND (TeamExp IS High) AND (Length IS Low),Medium,0.0,0.0,4773.217864602369,0.0,3583.1764335995113,0.360062893081761,0.4,0.2121212121212121,3626.0
59,all,R13,IF (PointsAjust IS High) AND (TeamExp IS Medium) AND (Length IS Low),High,0.0,0.0,3583.1764335995113,0.0,3583.1764335995113,0.360062893081761,0.4,0.2121212121212121,3626.0
59,all,R14,IF (PointsAjust IS High) AND (TeamExp IS High) AND (Length IS Medium),High,0.0,0.0,3583.1764335995113,0.0,3583.1764335995113,0.360062893081761,0.4,0.2121212121212121,3626.0
59,all,R15,IF (PointsAjust IS Medium) AND (TeamExp IS Low) AND (Length IS Medium),High,0.06837606837606842,0.8421052631578947,3583.1764335995113,3017.411733557483,3583.1764335995113,0.360062893081761,0.4,0.2121212121212121,3626.0
59,all,R16,IF (PointsAjust IS Low) AND (TeamExp IS Low) AND (Length IS High),High,0.0,0.0,3583.1764335995113,0.0,3583.1764335995113,0.360062893081761,0.4,0.2121212121212121,3626.0
59,all,R17,IF (PointsAjust IS Medium) AND (TeamExp IS High) AND (Length IS High),High,0.0,0.0,3583.1764335995113,0.0,3583.1764335995113,0.360062893081761,0.4,0.2121212121212121,3626.0
59,all,R18,IF (PointsAjust IS High) AND (TeamExp IS Medium) AND (Length IS Medium),Very_High,0.0,0.0,4775.745437507398,0.0,3583.1764335995113,0.360062893081761,0.4,0.2121212121212121,3626.0
59,all,R19,IF (PointsAjust IS Medium) AND (TeamExp IS Low) AND (Length IS High),Very_High,0.0,0.0,4775.745437507398,0.0,3583.1764335995113,0.360062893081761,0.4,0.2121212121212121,3626.0
59,all,R20,IF (PointsAjust IS High) AND (TeamExp IS Low) AND (Length IS High),Very_High,0.0,0.0,4775.745437507398,0.0,3583.1764335995113,0.360062893081761,0.4,0.2121212121212121,3626.0
60,all,R1,IF (PointsAjust IS Low) AND (TeamExp IS High) AND (Length IS Low),Very_Low,0.0,0.0,6481.456704395718,0.0,4797.741545734583,0.3883647798742138,0.6,0.2727272727272727,6783.0
60,all,R2,IF (PointsAjust IS Low) AND (TeamExp IS Medium) AND (Length IS Low),Low,0.0,0.0,5037.645182988148,0.0,4797.741545734583,0.3883647798742138,0.6,0.2727272727272727,6783.0
60,all,R3,IF (PointsAjust IS Low) AND (TeamExp IS High) AND (Length IS Medium),Low,0.0,0.0,5037.645182988148,0.0,4797.741545734583,0.3883647798742138,0.6,0.2727272727272727,6783.0
60,all,R4,IF (PointsAjust IS Medium) AND (TeamExp IS High) AND (Length IS Low),Low,0.0,0.0,5037.645182988148,0.0,4797.741545734583,0.3883647798742138,0.6,0.2727272727272727,6783.0
60,all,R5,IF (PointsAjust IS Low) AND (TeamExp IS Low) AND (Length IS Low),Medium,0.0,0.0,5868.678107363781,0.0,4797.741545734583,0.3883647798742138,0.6,0.2727272727272727,6783.0
60,all,R6,IF (PointsAjust IS Medium) AND (TeamExp IS Medium) AND (Length IS Low),Medium,0.0,0.0,5868.678107363781,0.0,4797.741545734583,0.3883647798742138,0.6,0.2727272727272727,6783.0
60,all,R7,IF (PointsAjust IS Low) AND (TeamExp IS Medium) AND (Length IS Medium),Medium,0.0,0.0,5868.678107363781,0.0,4797.741545734583,0.3883647798742138,0.6,0.2727272727272727,6783.0
60,all,R8,IF (PointsAjust IS Medium) AND (TeamExp IS High) AND (Length IS Medium),Medium,0.0,0.0,5868.678107363781,0.0,4797.741545734583,0.3883647798742138,0.6,0.2727272727272727,6783.0
60,all,R9,IF (PointsAjust IS Low) AND (TeamExp IS Low) AND (Length IS Medium),High,0.0,0.0,3826.0600421453573,0.0,4797.741545734583,0.3883647798742138,0.6,0.2727272727272727,6783.0
60,all,R10,IF (PointsAjust IS Medium) AND (TeamExp IS Low) AND (Length IS Low),High,0.0,0.0,3826.0600421453573,0.0,4797.741545734583,0.3883647798742138,0.6,0.2727272727272727,6783.0
60,all,R11,IF (PointsAjust IS Medium) AND (TeamExp IS Medium) AND (Length IS Medium),Medium,0.057692307692308,0.3299928418038667,5868.678107363781,1936.621766281112,4797.741545734583,0.3883647798742138,0.6,0.2727272727272727,6783.0
60,all,R12,IF (PointsAjust IS High) AND (TeamExp IS High) AND (Length IS Low),Medium,0.0,0.0,5868.678107363781,0.0,4797.741545734583,0.3883647798742138,0.6,0.2727272727272727,6783.0
60,all,R13,IF (PointsAjust IS High) AND (TeamExp IS Medium) AND (Length IS Low),High,0.0,0.0,3826.0600421453573,0.0,4797.741545734583,0.3883647798742138,0.6,0.2727272727272727,6783.0
60,all,R14,IF (PointsAjust IS High) AND (TeamExp IS High) AND (Length IS Medium),High,0.0,0.0,3826.0600421453573,0.0,4797.741545734583,0.3883647798742138,0.6,0.2727272727272727,6783.0
60,all,R15,IF (PointsAjust IS Medium) AND (TeamExp IS Low) AND (Length IS Medium),High,0.0,0.0,3826.0600421453573,0.0,4797.741545734583,0.3883647798742138,0.6,0.2727272727272727,6783.0
60,all,R16,IF (PointsAjust IS Low) AND (TeamExp IS Low) AND (Length IS High),High,0.0,0.0,3826.0600421453573,0.0,4797.741545734583,0.3883647798742138,0.6,0.2727272727272727,6783.0
60,all,R17,IF (PointsAjust IS Medium) AND (TeamExp IS High) AND (Length IS High),High,0.0,0.0,3826.0600421453573,0.0,4797.741545734583,0.3883647798742138,0.6,0.2727272727272727,6783.0
60,all,R18,IF (PointsAjust IS High) AND (TeamExp IS Medium) AND (Length IS Medium),Very_High,0.11713665943600864,0.6700071581961333,4270.282405872339,2861.1197794534733,4797.741545734583,0.3883647798742138,0.6,0.2727272727272727,6783.0
60,all,R19,IF (PointsAjust IS Medium) AND (TeamExp IS Low) AND (Length IS High),Very_High,0.0,0.0,4270.282405872339,0.0,4797.741545734583,0.3883647798742138,0.6,0.2727272727272727,6783.0
60,all,R20,IF (PointsAjust IS High) AND (TeamExp IS Low) AND (Length IS High),Very_High,0.0,0.0,4270.282405872339,0.0,4797.741545734583,0.3883647798742138,0.6,0.2727272727272727,6783.0
61,all,R1,IF (PointsAjust IS Low) AND (TeamExp IS High) AND (Length IS Low),Very_Low,0.0,0.0,3457.048497125331,0.0,1252.074320418129,0.0078616352201257,0.4,0.1515151515151515,1267.0
61,all,R2,IF (PointsAjust IS Low) AND (TeamExp IS Medium) AND (Length IS Low),Low,0.0,0.0,435.6394658998661,0.0,1252.074320418129,0.0078616352201257,0.4,0.1515151515151515,1267.0
61,all,R3,IF (PointsAjust IS Low) AND (TeamExp IS High) AND (Length IS Medium),Low,0.0,0.0,435.6394658998661,0.0,1252.074320418129,0.0078616352201257,0.4,0.1515151515151515,1267.0
61,all,R4,IF (PointsAjust IS Medium) AND (TeamExp IS High) AND (Length IS Low),Low,0.0,0.0,435.6394658998661,0.0,1252.074320418129,0.0078616352201257,0.4,0.1515151515151515,1267.0
61,all,R5,IF (PointsAjust IS Low) AND (TeamExp IS Low) AND (Length IS Low),Medium,0.12142857142857147,1.0,1252.074320418129,1252.074320418129,1252.074320418129,0.0078616352201257,0.4,0.1515151515151515,1267.0
61,all,R6,IF (PointsAjust IS Medium) AND (TeamExp IS Medium) AND (Length IS Low),Medium,0.0,0.0,1252.074320418129,0.0,1252.074320418129,0.0078616352201257,0.4,0.1515151515151515,1267.0
61,all,R7,IF (PointsAjust IS Low) AND (TeamExp IS Medium) AND (Length IS Medium),Medium,0.0,0.0,1252.074320418129,0.0,1252.074320418129,0.0078616352201257,0.4,0.1515151515151515,1267.0
61,all,R8,IF (PointsAjust IS Medium) AND (TeamExp IS High) AND (Length IS Medium),Medium,0.0,0.0,1252.074320418129,0.0,1252.074320418129,0.0078616352201257,0.4,0.1515151515151515,1267.0
61,all,R9,IF (PointsAjust IS Low) AND (TeamExp IS Low) AND (Length IS Medium),High,0.0,0.0,2903.3174211010883,0.0,1252.074320418129,0.0078616352201257,0.4,0.1515151515151515,1267.0
61,all,R10,IF (PointsAjust IS Medium) AND (TeamExp IS Low) AND (Length IS Low),High,0.0,0.0,2903.3174211010883,0.0,1252.074320418129,0.0078616352201257,0.4,0.1515151515151515,1267.0
61,all,R11,IF (PointsAjust IS Medium) AND (TeamExp IS Medium) AND (Length IS Medium),Medium,0.0,0.0,1252.074320418129,0.0,1252.074320418129,0.0078616352201257,0.4,0.1515151515151515,1267.0
61,all,R12,IF (PointsAjust IS High) AND (TeamExp IS High) AND (Length IS Low),Medium,0.0,0.0,1252.074320418129,0.0,1252.074320418129,0.0078616352201257,0.4,0.1515151515151515,1267.0
61,all,R13,IF (PointsAjust IS High) AND (TeamExp IS Medium) AND (Length IS Low),High,0.0,0.0,2903.3174211010883,0.0,1252.074320418129,0.0078616352201257,0.4,0.1515151515151515,1267.0
61,all,R14,IF (PointsAjust IS High) AND (TeamExp IS High) AND (Length IS Medium),High,0.0,0.0,2903.3174211010883,0.0,1252.074320418129,0.0078616352201257,0.4,0.1515151515151515,1267.0
61,all,R15,IF (PointsAjust IS Medium) AND (TeamExp IS Low) AND (Length IS Medium),High,0.0,0.0,2903.3174211010883,0.0,1252.074320418129,0.0078616352201257,0.4,0.1515151515151515,1267.0
61,all,R16,IF (PointsAjust IS Low) AND (TeamExp IS Low) AND (Length IS High),High,0.0,0.0,2903.3174211010883,0.0,1252.074320418129,0.0078616352201257,0.4,0.1515151515151515,1267.0
61,all,R17,IF (PointsAjust IS Medium) AND (TeamExp IS High) AND (Length IS High),High,0.0,0.0,2903.3174211010883,0.0,1252.074320418129,0.0078616352201257,0.4,0.1515151515151515,1267.0
61,all,R18,IF (PointsAjust IS High) AND (TeamExp IS Medium) AND (Length IS Medium),Very_High,0.0,0.0,9332.48393642817,0.0,1252.074320418129,0.0078616352201257,0.4,0.1515151515151515,1267.0
61,all,R19,IF (PointsAjust IS Medium) AND (TeamExp IS Low) AND (Length IS High),Very_High,0.0,0.0,9332.48393642817,0.0,1252.074320418129,0.0078616352201257,0.4,0.1515151515151515,1267.0
61,all,R20,IF (PointsAjust IS High) AND (TeamExp IS Low) AND (Length IS High),Very_High,0.0,0.0,9332.48393642817,0.0,1252.074320418129,0.0078616352201257,0.4,0.1515151515151515,1267.0
62,all,R1,IF (PointsAjust IS Low) AND (TeamExp IS High) AND (Length IS Low),Very_Low,0.0,0.0,4007.489397537133,0.0,1489.3701203656456,0.0676100628930817,0.4,0.1212121212121212,2548.0
62,all,R2,IF (PointsAjust IS Low) AND (TeamExp IS Medium) AND (Length IS Low),Low,0.0,0.0,919.3100421096201,0.0,1489.3701203656456,0.0676100628930817,0.4,0.1212121212121212,2548.0
62,all,R3,IF (PointsAjust IS Low) AND (TeamExp IS High) AND (Length IS Medium),Low,0.0,0.0,919.3100421096201,0.0,1489.3701203656456,0.0676100628930817,0.4,0.1212121212121212,2548.0
62,all,R4,IF (PointsAjust IS Medium) AND (TeamExp IS High) AND (Length IS Low),Low,0.0,0.0,919.3100421096201,0.0,1489.3701203656456,0.0676100628930817,0.4,0.1212121212121212,2548.0
62,all,R5,IF (PointsAjust IS Low) AND (TeamExp IS Low) AND (Length IS Low),Medium,0.12571428571428572,1.0,1489.3701203656456,1489.3701203656456,1489.3701203656456,0.0676100628930817,0.4,0.1212121212121212,2548.0
62,all,R6,IF (PointsAjust IS Medium) AND (TeamExp IS Medium) AND (Length IS Low),Medium,0.0,0.0,1489.3701203656456,0.0,1489.3701203656456,0.0676100628930817,0.4,0.1212121212121212,2548.0
62,all,R7,IF (PointsAjust IS Low) AND (TeamExp IS Medium) AND (Length IS Medium),Medium,0.0,0.0,1489.3701203656456,0.0,1489.3701203656456,0.0676100628930817,0.4,0.1212121212121212,2548.0
62,all,R8,IF (PointsAjust IS Medium) AND (TeamExp IS High) AND (Length IS Medium),Medium,0.0,0.0,1489.3701203656456,0.0,1489.3701203656456,0.0676100628930817,0.4,0.1212121212121212,2548.0
62,all,R9,IF (PointsAjust IS Low) AND (TeamExp IS Low) AND (Length IS Medium),High,0.0,0.0,3124.3501268279247,0.0,1489.3701203656456,0.0676100628930817,0.4,0.1212121212121212,2548.0
62,all,R10,IF (PointsAjust IS Medium) AND (TeamExp IS Low) AND (Length IS Low),High,0.0,0.0,3124.3501268279247,0.0,1489.3701203656456,0.0676100628930817,0.4,0.1212121212121212,2548.0
62,all,R11,IF (PointsAjust IS Medium) AND (TeamExp IS Medium) AND (Length IS Medium),Medium,0.0,0.0,1489.3701203656456,0.0,1489.3701203656456,0.0676100628930817,0.4,0.1212121212121212,2548.0
62,all,R12,IF (PointsAjust IS High) AND (TeamExp IS High) AND (Length IS Low),Medium,0.0,0.0,1489.3701203656456,0.0,1489.3701203656456,0.0676100628930817,0.4,0.1212121212121212,2548.0
62,all,R13,IF (PointsAjust IS High) AND (TeamExp IS Medium) AND (Length IS Low),High,0.0,0.0,3124.3501268279247,0.0,1489.3701203656456,0.0676100628930817,0.4,0.1212121212121212,2548.0
62,all,R14,IF (PointsAjust IS High) AND (TeamExp IS High) AND (Length IS Medium),High,0.0,0.0,3124.3501268279247,0.0,1489.3701203656456,0.0676100628930817,0.4,0.1212121212121212,2548.0
62,all,R15,IF (PointsAjust IS Medium) AND (TeamExp IS Low) AND (Length IS Medium),High,0.0,0.0,3124.3501268279247,0.0,1489.3701203656456,0.0676100628930817,0.4,0.1212121212121212,2548.0
62,all,R16,IF (PointsAjust IS Low) AND (TeamExp IS Low) AND (Length IS High),High,0.0,0.0,3124.3501268279247,0.0,1489.3701203656456,0.0676100628930817,0.4,0.1212121212121212,2548.0
62,all,R17,IF (PointsAjust IS Medium) AND (TeamExp IS High) AND (Length IS High),High,0.0,0.0,3124.3501268279247,0.0,1489.3701203656456,0.0676100628930817,0.4,0.1212121212121212,2548.0
62,all,R18,IF (PointsAjust IS High) AND (TeamExp IS Medium) AND (Length IS Medium),Very_High,0.0,0.0,8761.688419167152,0.0,1489.3701203656456,0.0676100628930817,0.4,0.1212121212121212,2548.0
62,all,R19,IF (PointsAjust IS Medium) AND (TeamExp IS Low) AND (Length IS High),Very_High,0.0,0.0,8761.688419167152,0.0,1489.3701203656456,0.0676100628930817,0.4,0.1212121212121212,2548.0
62,all,R20,IF (PointsAjust IS High) AND (TeamExp IS Low) AND (Length IS High),Very_High,0.0,0.0,8761.688419167152,0.0,1489.3701203656456,0.0676100628930817,0.4,0.1212121212121212,2548.0
63,all,R1,IF (PointsAjust IS Low) AND (TeamExp IS High) AND (Length IS Low),Very_Low,0.0,0.0,2609.9788560815705,0.0,2668.2475431736075,0.0864779874213836,0.8,0.2727272727272727,1155.0
63,all,R2,IF (PointsAjust IS Low) AND (TeamExp IS Medium) AND (Length IS Low),Low,0.0,0.0,2668.2475431736075,0.0,2668.2475431736075,0.0864779874213836,0.8,0.2727272727272727,1155.0
63,all,R3,IF (PointsAjust IS Low) AND (TeamExp IS High) AND (Length IS Medium),Low,0.2571428571428572,1.0,2668.2475431736075,2668.2475431736075,2668.2475431736075,0.0864779874213836,0.8,0.2727272727272727,1155.0
63,all,R4,IF (PointsAjust IS Medium) AND (TeamExp IS High) AND (Length IS Low),Low,0.0,0.0,2668.2475431736075,0.0,2668.2475431736075,0.0864779874213836,0.8,0.2727272727272727,1155.0
63,all,R5,IF (PointsAjust IS Low) AND (TeamExp IS Low) AND (Length IS Low),Medium,0.0,0.0,3629.4624459979873,0.0,2668.2475431736075,0.0864779874213836,0.8,0.2727272727272727,1155.0
63,all,R6,IF (PointsAjust IS Medium) AND (TeamExp IS Medium) AND (Length IS Low),Medium,0.0,0.0,3629.4624459979873,0.0,2668.2475431736075,0.0864779874213836,0.8,0.2727272727272727,1155.0
63,all,R7,IF (PointsAjust IS Low) AND (TeamExp IS Medium) AND (Length IS Medium),Medium,0.0,0.0,3629.4624459979873,0.0,2668.2475431736075,0.0864779874213836,0.8,0.2727272727272727,1155.0
63,all,R8,IF (PointsAjust IS Medium) AND (TeamExp IS High) AND (Length IS Medium),Medium,0.0,0.0,3629.4624459979873,0.0,2668.2475431736075,0.0864779874213836,0.8,0.2727272727272727,1155.0
63,all,R9,IF (PointsAjust IS Low) AND (TeamExp IS Low) AND (Length IS Medium),High,0.0,0.0,3441.441111310546,0.0,2668.2475431736075,0.0864779874213836,0.8,0.2727272727272727,1155.0
63,all,R10,IF (PointsAjust IS Medium) AND (TeamExp IS Low) AND (Length IS Low),High,0.0,0.0,3441.441111310546,0.0,2668.2475431736075,0.0864779874213836,0.8,0.2727272727272727,1155.0
63,all,R11,IF (PointsAjust IS Medium) AND (TeamExp IS Medium) AND (Length IS Medium),Medium,0.0,0.0,3629.4624459979873,0.0,2668.2475431736075,0.0864779874213836,0.8,0.2727272727272727,1155.0
63,all,R12,IF (PointsAjust IS High) AND (TeamExp IS High) AND (Length IS Low),Medium,0.0,0.0,3629.4624459979873,0.0,2668.2475431736075,0.0864779874213836,0.8,0.2727272727272727,1155.0
63,all,R13,IF (PointsAjust IS High) AND (TeamExp IS Medium) AND (Length IS Low),High,0.0,0.0,3441.441111310546,0.0,2668.2475431736075,0.0864779874213836,0.8,0.2727272727272727,1155.0
63,all,R14,IF (PointsAjust IS High) AND (TeamExp IS High) AND (Length IS Medium),High,0.0,0.0,3441.441111310546,0.0,2668.2475431736075,0.0864779874213836,0.8,0.2727272727272727,1155.0
63,all,R15,IF (PointsAjust IS Medium) AND (TeamExp IS Low) AND (Length IS Medium),High,0.0,0.0,3441.441111310546,0.0,2668.2475431736075,0.0864779874213836,0.8,0.2727272727272727,1155.0
63,all,R16,IF (PointsAjust IS Low) AND (TeamExp IS Low) AND (Length IS High),High,0.0,0.0,3441.441111310546,0.0,2668.2475431736075,0.0864779874213836,0.8,0.2727272727272727,1155.0
63,all,R17,IF (PointsAjust IS Medium) AND (TeamExp IS High) AND (Length IS High),High,0.0,0.0,3441.441111310546,0.0,2668.2475431736075,0.0864779874213836,0.8,0.2727272727272727,1155.0
63,all,R18,IF (PointsAjust IS High) AND (TeamExp IS Medium) AND (Length IS Medium),Very_High,0.0,0.0,8055.635828264053,0.0,2668.2475431736075,0.0864779874213836,0.8,0.2727272727272727,1155.0
63,all,R19,IF (PointsAjust IS Medium) AND (TeamExp IS Low) AND (Length IS High),Very_High,0.0,0.0,8055.635828264053,0.0,2668.2475431736075,0.0864779874213836,0.8,0.2727272727272727,1155.0
63,all,R20,IF (PointsAjust IS High) AND (TeamExp IS Low) AND (Length IS High),Very_High,0.0,0.0,8055.635828264053,0.0,2668.2475431736075,0.0864779874213836,0.8,0.2727272727272727,1155.0
64,all,R1,IF (PointsAjust IS Low) AND (TeamExp IS High) AND (Length IS Low),Very_Low,0.0,0.0,4844.526439028082,0.0,1360.231238274979,0.0581761006289308,0.2,0.1515151515151515,546.0
64,all,R2,IF (PointsAjust IS Low) AND (TeamExp IS Medium) AND (Length IS Low),Low,0.0,0.0,373.3413618941104,0.0,1360.231238274979,0.0581761006289308,0.2,0.1515151515151515,546.0
64,all,R3,IF (PointsAjust IS Low) AND (TeamExp IS High) AND (Length IS Medium),Low,0.0,0.0,373.3413618941104,0.0,1360.231238274979,0.0581761006289308,0.2,0.1515151515151515,546.0
64,all,R4,IF (PointsAjust IS Medium) AND (TeamExp IS High) AND (Length IS Low),Low,0.0,0.0,373.3413618941104,0.0,1360.231238274979,0.0581761006289308,0.2,0.1515151515151515,546.0
64,all,R5,IF (PointsAjust IS Low) AND (TeamExp IS Low) AND (Length IS Low),Medium,0.19714285714285718,1.0,1360.2312382749792,1360.2312382749792,1360.231238274979,0.0581761006289308,0.2,0.1515151515151515,546.0
64,all,R6,IF (PointsAjust IS Medium) AND (TeamExp IS Medium) AND (Length IS Low),Medium,0.0,0.0,1360.2312382749792,0.0,1360.231238274979,0.0581761006289308,0.2,0.1515151515151515,546.0
64,all,R7,IF (PointsAjust IS Low) AND (TeamExp IS Medium) AND (Length IS Medium),Medium,0.0,0.0,1360.2312382749792,0.0,1360.231238274979,0.0581761006289308,0.2,0.1515151515151515,546.0
64,all,R8,IF (PointsAjust IS Medium) AND (TeamExp IS High) AND (Length IS Medium),Medium,0.0,0.0,1360.2312382749792,0.0,1360.231238274979,0.0581761006289308,0.2,0.1515151515151515,546.0
64,all,R9,IF (PointsAjust IS Low) AND (TeamExp IS Low) AND (Length IS Medium),High,0.0,0.0,2689.5766591614483,0.0,1360.231238274979,0.0581761006289308,0.2,0.1515151515151515,546.0
64,all,R10,IF (PointsAjust IS Medium) AND (TeamExp IS Low) AND (Length IS Low),High,0.0,0.0,2689.5766591614483,0.0,1360.231238274979,0.0581761006289308,0.2,0.1515151515151515,546.0
64,all,R11,IF (PointsAjust IS Medium) AND (TeamExp IS Medium) AND (Length IS Medium),Medium,0.0,0.0,1360.2312382749792,0.0,1360.231238274979,0.0581761006289308,0.2,0.1515151515151515,546.0
64,all,R12,IF (PointsAjust IS High) AND (TeamExp IS High) AND (Length IS Low),Medium,0.0,0.0,1360.2312382749792,0.0,1360.231238274979,0.0581761006289308,0.2,0.1515151515151515,546.0
64,all,R13,IF (PointsAjust IS High) AND (TeamExp IS Medium) AND (Length IS Low),High,0.0,0.0,2689.5766591614483,0.0,1360.231238274979,0.0581761006289308,0.2,0.1515151515151515,546.0
64,all,R14,IF (PointsAjust IS High) AND (TeamExp IS High) AND (Length IS Medium),High,0.0,0.0,2689.5766591614483,0.0,1360.231238274979,0.0581761006289308,0.2,0.1515151515151515,546.0
64,all,R15,IF (PointsAjust IS Medium) AND (TeamExp IS Low) AND (Length IS Medium),High,0.0,0.0,2689.5766591614483,0.0,1360.231238274979,0.0581761006289308,0.2,0.1515151515151515,546.0
64,all,R16,IF (PointsAjust IS Low) AND (TeamExp IS Low) AND (Length IS High),High,0.0,0.0,2689.5766591614483,0.0,1360.231238274979,0.0581761006289308,0.2,0.1515151515151515,546.0
64,all,R17,IF (PointsAjust IS Medium) AND (TeamExp IS High) AND (Length IS High),High,0.0,0.0,2689.5766591614483,0.0,1360.231238274979,0.0581761006289308,0.2,0.1515151515151515,546.0
64,all,R18,IF (PointsAjust IS High) AND (TeamExp IS Medium) AND (Length IS Medium),Very_High,0.0,0.0,8586.239598539285,0.0,1360.231238274979,0.0581761006289308,0.2,0.1515151515151515,546.0
64,all,R19,IF (PointsAjust IS Medium) AND (TeamExp IS Low) AND (Length IS High),Very_High,0.0,0.0,8586.239598539285,0.0,1360.231238274979,0.0581761006289308,0.2,0.1515151515151515,546.0
64,all,R20,IF (PointsAjust IS High) AND (TeamExp IS Low) AND (Length IS High),Very_High,0.0,0.0,8586.239598539285,0.0,1360.231238274979,0.0581761006289308,0.2,0.1515151515151515,546.0
65,all,R1,IF (PointsAjust IS Low) AND (TeamExp IS High) AND (Length IS Low),Very_Low,0.0,0.05,4364.384020708176,218.2192010354088,4165.632539877612,0.1619496855345912,0.6,0.3636363636363636,2275.0
65,all,R2,IF (PointsAjust IS Low) AND (TeamExp IS Medium) AND (Length IS Low),Low,0.0,0.05,3130.690502392581,156.53452511962905,4165.632539877612,0.1619496855345912,0.6,0.3636363636363636,2275.0
65,all,R3,IF (PointsAjust IS Low) AND (TeamExp IS High) AND (Length IS Medium),Low,0.0,0.05,3130.690502392581,156.53452511962905,4165.632539877612,0.1619496855345912,0.6,0.3636363636363636,2275.0
65,all,R4,IF (PointsAjust IS Medium) AND (TeamExp IS High) AND (Length IS Low),Low,0.0,0.05,3130.690502392581,156.53452511962905,4165.632539877612,0.1619496855345912,0.6,0.3636363636363636,2275.0
65,all,R5,IF (PointsAjust IS Low) AND (TeamExp IS Low) AND (Length IS Low),Medium,0.0,0.05,4757.217193113305,237.86085965566528,4165.632539877612,0.1619496855345912,0.6,0.3636363636363636,2275.0
65,all,R6,IF (PointsAjust IS Medium) AND (TeamExp IS Medium) AND (Length IS Low),Medium,0.0,0.05,4757.217193113305,237.86085965566528,4165.632539877612,0.1619496855345912,0.6,0.3636363636363636,2275.0
65,all,R7,IF (PointsAjust IS Low) AND (TeamExp IS Medium) AND (Length IS Medium),Medium,0.0,0.05,4757.217193113305,237.86085965566528,4165.632539877612,0.1619496855345912,0.6,0.3636363636363636,2275.0
65,all,R8,IF (PointsAjust IS Medium) AND (TeamExp IS High) AND (Length IS Medium),Medium,0.0,0.05,4757.217193113305,237.86085965566528,4165.632539877612,0.1619496855345912,0.6,0.3636363636363636,2275.0
65,all,R9,IF (PointsAjust IS Low) AND (TeamExp IS Low) AND (Length IS Medium),High,0.0,0.05,3050.769482569638,152.5384741284819,4165.632539877612,0.1619496855345912,0.6,0.3636363636363636,2275.0
65,all,R10,IF (PointsAjust IS Medium) AND (TeamExp IS Low) AND (Length IS Low),High,0.0,0.05,3050.769482569638,152.5384741284819,4165.632539877612,0.1619496855345912,0.6,0.3636363636363636,2275.0
65,all,R11,IF (PointsAjust IS Medium) AND (TeamExp IS Medium) AND (Length IS Medium),Medium,0.0,0.05,4757.217193113305,237.86085965566528,4165.632539877612,0.1619496855345912,0.6,0.3636363636363636,2275.0
65,all,R12,IF (PointsAjust IS High) AND (TeamExp IS High) AND (Length IS Low),Medium,0.0,0.05,4757.217193113305,237.86085965566528,4165.632539877612,0.1619496855345912,0.6,0.3636363636363636,2275.0
65,all,R13,IF (PointsAjust IS High) AND (TeamExp IS Medium) AND (Length IS Low),High,0.0,0.05,3050.769482569638,152.5384741284819,4165.632539877612,0.1619496855345912,0.6,0.3636363636363636,2275.0
65,all,R14,IF (PointsAjust IS High) AND (TeamExp IS High) AND (Length IS Medium),High,0.0,0.05,3050.769482569638,152.5384741284819,4165.632539877612,0.1619496855345912,0.6,0.3636363636363636,2275.0
65,all,R15,IF (PointsAjust IS Medium) AND (TeamExp IS Low) AND (Length IS Medium),High,0.0,0.05,3050.769482569638,152.5384741284819,4165.632539877612,0.1619496855345912,0.6,0.3636363636363636,2275.0
65,all,R16,IF (PointsAjust IS Low) AND (TeamExp IS Low) AND (Length IS High),High,0.0,0.05,3050.769482569638,152.5384741284819,4165.632539877612,0.1619496855345912,0.6,0.3636363636363636,2275.0
65,all,R17,IF (PointsAjust IS Medium) AND (TeamExp IS High) AND (Length IS High),High,0.0,0.05,3050.769482569638,152.5384741284819,4165.632539877612,0.1619496855345912,0.6,0.3636363636363636,2275.0
65,all,R18,IF (PointsAjust IS High) AND (TeamExp IS Medium) AND (Length IS Medium),Very_High,0.0,0.05,6552.50191099967,327.62509554998354,4165.632539877612,0.1619496855345912,0.6,0.3636363636363636,2275.0
65,all,R19,IF (PointsAjust IS Medium) AND (TeamExp IS Low) AND (Length IS High),Very_High,0.0,0.05,6552.50191099967,327.62509554998354,4165.632539877612,0.1619496855345912,0.6,0.3636363636363636,2275.0
65,all,R20,IF (PointsAjust IS High) AND (TeamExp IS Low) AND (Length IS High),Very_High,0.0,0.05,6552.50191099967,327.62509554998354,4165.632539877612,0.1619496855345912,0.6,0.3636363636363636,2275.0
66,all,R1,IF (PointsAjust IS Low) AND (TeamExp IS High) AND (Length IS Low),Very_Low,0.0,0.05,10548.645824393188,527.4322912196594,7956.00839928002,0.9166666666666666,1.0,0.7575757575757576,9100.0
66,all,R2,IF (PointsAjust IS Low) AND (TeamExp IS Medium) AND (Length IS Low),Low,0.0,0.05,12743.195357711471,637.1597678855736,7956.00839928002,0.9166666666666666,1.0,0.7575757575757576,9100.0
66,all,R3,IF (PointsAjust IS Low) AND (TeamExp IS High) AND (Length IS Medium),Low,0.0,0.05,12743.195357711471,637.1597678855736,7956.00839928002,0.9166666666666666,1.0,0.7575757575757576,9100.0
66,all,R4,IF (PointsAjust IS Medium) AND (TeamExp IS High) AND (Length IS Low),Low,0.0,0.05,12743.195357711471,637.1597678855736,7956.00839928002,0.9166666666666666,1.0,0.7575757575757576,9100.0
66,all,R5,IF (PointsAjust IS Low) AND (TeamExp IS Low) AND (Length IS Low),Medium,0.0,0.05,15281.301556596178,764.065077829809,7956.00839928002,0.9166666666666666,1.0,0.7575757575757576,9100.0
66,all,R6,IF (PointsAjust IS Medium) AND (TeamExp IS Medium) AND (Length IS Low),Medium,0.0,0.05,15281.301556596178,764.065077829809,7956.00839928002,0.9166666666666666,1.0,0.7575757575757576,9100.0
66,all,R7,IF (PointsAjust IS Low) AND (TeamExp IS Medium) AND (Length IS Medium),Medium,0.0,0.05,15281.301556596178,764.065077829809,7956.00839928002,0.9166666666666666,1.0,0.7575757575757576,9100.0
66,all,R8,IF (PointsAjust IS Medium) AND (TeamExp IS High) AND (Length IS Medium),Medium,0.0,0.05,15281.301556596178,764.065077829809,7956.00839928002,0.9166666666666666,1.0,0.7575757575757576,9100.0
66,all,R9,IF (PointsAjust IS Low) AND (TeamExp IS Low) AND (Length IS Medium),High,0.0,0.05,4486.684338874294,224.3342169437147,7956.00839928002,0.9166666666666666,1.0,0.7575757575757576,9100.0
66,all,R10,IF (PointsAjust IS Medium) AND (TeamExp IS Low) AND (Length IS Low),High,0.0,0.05,4486.684338874294,224.3342169437147,7956.00839928002,0.9166666666666666,1.0,0.7575757575757576,9100.0
66,all,R11,IF (PointsAjust IS Medium) AND (TeamExp IS Medium) AND (Length IS Medium),Medium,0.0,0.05,15281.301556596178,764.065077829809,7956.00839928002,0.9166666666666666,1.0,0.7575757575757576,9100.0
66,all,R12,IF (PointsAjust IS High) AND (TeamExp IS High) AND (Length IS Low),Medium,0.0,0.05,15281.301556596178,764.065077829809,7956.00839928002,0.9166666666666666,1.0,0.7575757575757576,9100.0
66,all,R13,IF (PointsAjust IS High) AND (TeamExp IS Medium) AND (Length IS Low),High,0.0,0.05,4486.684338874294,224.3342169437147,7956.00839928002,0.9166666666666666,1.0,0.7575757575757576,9100.0
66,all,R14,IF (PointsAjust IS High) AND (TeamExp IS High) AND (Length IS Medium),High,0.0,0.05,4486.684338874294,224.3342169437147,7956.00839928002,0.9166666666666666,1.0,0.7575757575757576,9100.0
66,all,R15,IF (PointsAjust IS Medium) AND (TeamExp IS Low) AND (Length IS Medium),High,0.0,0.05,4486.684338874294,224.3342169437147,7956.00839928002,0.9166666666666666,1.0,0.7575757575757576,9100.0
66,all,R16,IF (PointsAjust IS Low) AND (TeamExp IS Low) AND (Length IS High),High,0.0,0.05,4486.684338874294,224.3342169437147,7956.00839928002,0.9166666666666666,1.0,0.7575757575757576,9100.0
66,all,R17,IF (PointsAjust IS Medium) AND (TeamExp IS High) AND (Length IS High),High,0.0,0.05,4486.684338874294,224.3342169437147,7956.00839928002,0.9166666666666666,1.0,0.7575757575757576,9100.0
66,all,R18,IF (PointsAjust IS High) AND (TeamExp IS Medium) AND (Length IS Medium),Very_High,0.0,0.05,-4250.887874541446,-212.5443937270723,7956.00839928002,0.9166666666666666,1.0,0.7575757575757576,9100.0
66,all,R19,IF (PointsAjust IS Medium) AND (TeamExp IS Low) AND (Length IS High),Very_High,0.0,0.05,-4250.887874541446,-212.5443937270723,7956.00839928002,0.9166666666666666,1.0,0.7575757575757576,9100.0
66,all,R20,IF (PointsAjust IS High) AND (TeamExp IS Low) AND (Length IS High),Very_High,0.0,0.05,-4250.887874541446,-212.5443937270723,7956.00839928002,0.9166666666666666,1.0,0.7575757575757576,9100.0
67,all,R1,IF (PointsAjust IS Low) AND (TeamExp IS High) AND (Length IS Low),Very_Low,0.0,0.0,6459.126378195488,0.0,3001.8132421902455,0.2216981132075471,0.2,0.1515151515151515,595.0
67,all,R2,IF (PointsAjust IS Low) AND (TeamExp IS Medium) AND (Length IS Low),Low,0.0,0.0,1953.9435953773032,0.0,3001.8132421902455,0.2216981132075471,0.2,0.1515151515151515,595.0
67,all,R3,IF (PointsAjust IS Low) AND (TeamExp IS High) AND (Length IS Medium),Low,0.0,0.0,1953.9435953773032,0.0,3001.8132421902455,0.2216981132075471,0.2,0.1515151515151515,595.0
67,all,R4,IF (PointsAjust IS Medium) AND (TeamExp IS High) AND (Length IS Low),Low,0.0,0.0,1953.9435953773032,0.0,3001.8132421902455,0.2216981132075471,0.2,0.1515151515151515,595.0
67,all,R5,IF (PointsAjust IS Low) AND (TeamExp IS Low) AND (Length IS Low),Medium,0.04857142857142865,0.23025902394749742,2745.419421555793,632.1575963339399,3001.8132421902455,0.2216981132075471,0.2,0.1515151515151515,595.0
67,all,R6,IF (PointsAjust IS Medium) AND (TeamExp IS Medium) AND (Length IS Low),Medium,0.0,0.0,2745.419421555793,0.0,3001.8132421902455,0.2216981132075471,0.2,0.1515151515151515,595.0
67,all,R7,IF (PointsAjust IS Low) AND (TeamExp IS Medium) AND (Length IS Medium),Medium,0.0,0.0,2745.419421555793,0.0,3001.8132421902455,0.2216981132075471,0.2,0.1515151515151515,595.0
67,all,R8,IF (PointsAjust IS Medium) AND (TeamExp IS High) AND (Length IS Medium),Medium,0.0,0.0,2745.419421555793,0.0,3001.8132421902455,0.2216981132075471,0.2,0.1515151515151515,595.0
67,all,R9,IF (PointsAjust IS Low) AND (TeamExp IS Low) AND (Length IS Medium),High,0.0,0.0,3078.510459464842,0.0,3001.8132421902455,0.2216981132075471,0.2,0.1515151515151515,595.0
67,all,R10,IF (PointsAjust IS Medium) AND (TeamExp IS Low) AND (Length IS Low),High,0.16237113402061845,0.7697409760525026,3078.510459464842,2369.6556458563055,3001.8132421902455,0.2216981132075471,0.2,0.1515151515151515,595.0
67,all,R11,IF (PointsAjust IS Medium) AND (TeamExp IS Medium) AND (Length IS Medium),Medium,0.0,0.0,2745.419421555793,0.0,3001.8132421902455,0.2216981132075471,0.2,0.1515151515151515,595.0
67,all,R12,IF (PointsAjust IS High) AND (TeamExp IS High) AND (Length IS Low),Medium,0.0,0.0,2745.419421555793,0.0,3001.8132421902455,0.2216981132075471,0.2,0.1515151515151515,595.0
67,all,R13,IF (PointsAjust IS High) AND (TeamExp IS Medium) AND (Length IS Low),High,0.0,0.0,3078.510459464842,0.0,3001.8132421902455,0.2216981132075471,0.2,0.1515151515151515,595.0
67,all,R14,IF (PointsAjust IS High) AND (TeamExp IS High) AND (Length IS Medium),High,0.0,0.0,3078.510459464842,0.0,3001.8132421902455,0.2216981132075471,0.2,0.1515151515151515,595.0
67,all,R15,IF (PointsAjust IS Medium) AND (TeamExp IS Low) AND (Length IS Medium),High,0.0,0.0,3078.510459464842,0.0,3001.8132421902455,0.2216981132075471,0.2,0.1515151515151515,595.0
67,all,R16,IF (PointsAjust IS Low) AND (TeamExp IS Low) AND (Length IS High),High,0.0,0.0,3078.510459464842,0.0,3001.8132421902455,0.2216981132075471,0.2,0.1515151515151515,595.0
67,all,R17,IF (PointsAjust IS Medium) AND (TeamExp IS High) AND (Length IS High),High,0.0,0.0,3078.510459464842,0.0,3001.8132421902455,0.2216981132075471,0.2,0.1515151515151515,595.0
67,all,R18,IF (PointsAjust IS High) AND (TeamExp IS Medium) AND (Length IS Medium),Very_High,0.0,0.0,6610.818693612446,0.0,3001.8132421902455,0.2216981132075471,0.2,0.1515151515151515,595.0
67,all,R19,IF (PointsAjust IS Medium) AND (TeamExp IS Low) AND (Length IS High),Very_High,0.0,0.0,6610.818693612446,0.0,3001.8132421902455,0.2216981132075471,0.2,0.1515151515151515,595.0
67,all,R20,IF (PointsAjust IS High) AND (TeamExp IS Low) AND (Length IS High),Very_High,0.0,0.0,6610.818693612446,0.0,3001.8132421902455,0.2216981132075471,0.2,0.1515151515151515,595.0
68,all,R1,IF (PointsAjust IS Low) AND (TeamExp IS High) AND (Length IS Low),Very_Low,0.0,0.0,7743.321591402959,0.0,3397.1663139959737,0.2877358490566037,0.2,0.6363636363636364,3941.0
68,all,R2,IF (PointsAjust IS Low) AND (TeamExp IS Medium) AND (Length IS Low),Low,0.0,0.0,4093.9783352911973,0.0,3397.1663139959737,0.2877358490566037,0.2,0.6363636363636364,3941.0
68,all,R3,IF (PointsAjust IS Low) AND (TeamExp IS High) AND (Length IS Medium),Low,0.0,0.0,4093.9783352911973,0.0,3397.1663139959737,0.2877358490566037,0.2,0.6363636363636364,3941.0
68,all,R4,IF (PointsAjust IS Medium) AND (TeamExp IS High) AND (Length IS Low),Low,0.0,0.0,4093.9783352911973,0.0,3397.1663139959737,0.2877358490566037,0.2,0.6363636363636364,3941.0
68,all,R5,IF (PointsAjust IS Low) AND (TeamExp IS Low) AND (Length IS Low),Medium,0.0,0.0,7606.112767900624,0.0,3397.1663139959737,0.2877358490566037,0.2,0.6363636363636364,3941.0
68,all,R6,IF (PointsAjust IS Medium) AND (TeamExp IS Medium) AND (Length IS Low),Medium,0.0,0.0,7606.112767900624,0.0,3397.1663139959737,0.2877358490566037,0.2,0.6363636363636364,3941.0
68,all,R7,IF (PointsAjust IS Low) AND (TeamExp IS Medium) AND (Length IS Medium),Medium,0.0,0.0,7606.112767900624,0.0,3397.1663139959737,0.2877358490566037,0.2,0.6363636363636364,3941.0
68,all,R8,IF (PointsAjust IS Medium) AND (TeamExp IS High) AND (Length IS Medium),Medium,0.0,0.0,7606.112767900624,0.0,3397.1663139959737,0.2877358490566037,0.2,0.6363636363636364,3941.0
68,all,R9,IF (PointsAjust IS Low) AND (TeamExp IS Low) AND (Length IS Medium),High,0.0,0.0,1972.8234197316638,0.0,3397.1663139959737,0.2877358490566037,0.2,0.6363636363636364,3941.0
68,all,R10,IF (PointsAjust IS Medium) AND (TeamExp IS Low) AND (Length IS Low),High,0.0,0.0,1972.8234197316638,0.0,3397.1663139959737,0.2877358490566037,0.2,0.6363636363636364,3941.0
68,all,R11,IF (PointsAjust IS Medium) AND (TeamExp IS Medium) AND (Length IS Medium),Medium,0.0,0.0,7606.112767900624,0.0,3397.1663139959737,0.2877358490566037,0.2,0.6363636363636364,3941.0
68,all,R12,IF (PointsAjust IS High) AND (TeamExp IS High) AND (Length IS Low),Medium,0.0,0.0,7606.112767900624,0.0,3397.1663139959737,0.2877358490566037,0.2,0.6363636363636364,3941.0
68,all,R13,IF (PointsAjust IS High) AND (TeamExp IS Medium) AND (Length IS Low),High,0.0,0.0,1972.8234197316638,0.0,3397.1663139959737,0.2877358490566037,0.2,0.6363636363636364,3941.0
68,all,R14,IF (PointsAjust IS High) AND (TeamExp IS High) AND (Length IS Medium),High,0.0,0.0,1972.8234197316638,0.0,3397.1663139959737,0.2877358490566037,0.2,0.6363636363636364,3941.0
68,all,R15,IF (PointsAjust IS Medium) AND (TeamExp IS Low) AND (Length IS Medium),High,0.0,0.0,1972.8234197316638,0.0,3397.1663139959737,0.2877358490566037,0.2,0.6363636363636364,3941.0
68,all,R16,IF (PointsAjust IS Low) AND (TeamExp IS Low) AND (Length IS High),High,0.0,0.0,1972.8234197316638,0.0,3397.1663139959737,0.2877358490566037,0.2,0.6363636363636364,3941.0
68,all,R17,IF (PointsAjust IS Medium) AND (TeamExp IS High) AND (Length IS High),High,0.0,0.0,1972.8234197316638,0.0,3397.1663139959737,0.2877358490566037,0.2,0.6363636363636364,3941.0
68,all,R18,IF (PointsAjust IS High) AND (TeamExp IS Medium) AND (Length IS Medium),Very_High,0.0,0.0,3397.1663139959746,0.0,3397.1663139959737,0.2877358490566037,0.2,0.6363636363636364,3941.0
68,all,R19,IF (PointsAjust IS Medium) AND (TeamExp IS Low) AND (Length IS High),Very_High,0.3111111111111113,0.9810299750714417,3397.1663139959746,3332.7219843330126,3397.1663139959737,0.2877358490566037,0.2,0.6363636363636364,3941.0
68,all,R20,IF (PointsAjust IS High) AND (TeamExp IS Low) AND (Length IS High),Very_High,0.0060159074475777015,0.018970024928558305,3397.1663139959746,64.44432966296218,3397.1663139959737,0.2877358490566037,0.2,0.6363636363636364,3941.0
69,all,R1,IF (PointsAjust IS Low) AND (TeamExp IS High) AND (Length IS Low),Very_Low,0.0,0.0,6409.243876459065,0.0,4727.714434131842,0.5534591194968553,1.0,0.3333333333333333,1400.0
69,all,R2,IF (PointsAjust IS Low) AND (TeamExp IS Medium) AND (Length IS Low),Low,0.0,0.0,7918.434346304983,0.0,4727.714434131842,0.5534591194968553,1.0,0.3333333333333333,1400.0
69,all,R3,IF (PointsAjust IS Low) AND (TeamExp IS High) AND (Length IS Medium),Low,0.0,0.0,7918.434346304983,0.0,4727.714434131842,0.5534591194968553,1.0,0.3333333333333333,1400.0
69,all,R4,IF (PointsAjust IS Medium) AND (TeamExp IS High) AND (Length IS Low),Low,0.0,0.0,7918.434346304983,0.0,4727.714434131842,0.5534591194968553,1.0,0.3333333333333333,1400.0
69,all,R5,IF (PointsAjust IS Low) AND (TeamExp IS Low) AND (Length IS Low),Medium,0.0,0.0,8440.956372753122,0.0,4727.714434131842,0.5534591194968553,1.0,0.3333333333333333,1400.0
69,all,R6,IF (PointsAjust IS Medium) AND (TeamExp IS Medium) AND (Length IS Low),Medium,0.0,0.0,8440.956372753122,0.0,4727.714434131842,0.5534591194968553,1.0,0.3333333333333333,1400.0
69,all,R7,IF (PointsAjust IS Low) AND (TeamExp IS Medium) AND (Length IS Medium),Medium,0.0,0.0,8440.956372753122,0.0,4727.714434131842,0.5534591194968553,1.0,0.3333333333333333,1400.0
69,all,R8,IF (PointsAjust IS Medium) AND (TeamExp IS High) AND (Length IS Medium),Medium,0.0,0.0,8440.956372753122,0.0,4727.714434131842,0.5534591194968553,1.0,0.3333333333333333,1400.0
69,all,R9,IF (PointsAjust IS Low) AND (TeamExp IS Low) AND (Length IS Medium),High,0.0,0.0,4727.714434131842,0.0,4727.714434131842,0.5534591194968553,1.0,0.3333333333333333,1400.0
69,all,R10,IF (PointsAjust IS Medium) AND (TeamExp IS Low) AND (Length IS Low),High,0.0,0.0,4727.714434131842,0.0,4727.714434131842,0.5534591194968553,1.0,0.3333333333333333,1400.0
69,all,R11,IF (PointsAjust IS Medium) AND (TeamExp IS Medium) AND (Length IS Medium),Medium,0.0,0.0,8440.956372753122,0.0,4727.714434131842,0.5534591194968553,1.0,0.3333333333333333,1400.0
69,all,R12,IF (PointsAjust IS High) AND (TeamExp IS High) AND (Length IS Low),Medium,0.0,0.0,8440.956372753122,0.0,4727.714434131842,0.5534591194968553,1.0,0.3333333333333333,1400.0
69,all,R13,IF (PointsAjust IS High) AND (TeamExp IS Medium) AND (Length IS Low),High,0.0,0.0,4727.714434131842,0.0,4727.714434131842,0.5534591194968553,1.0,0.3333333333333333,1400.0
69,all,R14,IF (PointsAjust IS High) AND (TeamExp IS High) AND (Length IS Medium),High,0.09598698481561815,1.0,4727.714434131842,4727.714434131842,4727.714434131842,0.5534591194968553,1.0,0.3333333333333333,1400.0
69,all,R15,IF (PointsAjust IS Medium) AND (TeamExp IS Low) AND (Length IS Medium),High,0.0,0.0,4727.714434131842,0.0,4727.714434131842,0.5534591194968553,1.0,0.3333333333333333,1400.0
69,all,R16,IF (PointsAjust IS Low) AND (TeamExp IS Low) AND (Length IS High),High,0.0,0.0,4727.714434131842,0.0,4727.714434131842,0.5534591194968553,1.0,0.3333333333333333,1400.0
69,all,R17,IF (PointsAjust IS Medium) AND (TeamExp IS High) AND (Length IS High),High,0.0,0.0,4727.714434131842,0.0,4727.714434131842,0.5534591194968553,1.0,0.3333333333333333,1400.0
69,all,R18,IF (PointsAjust IS High) AND (TeamExp IS Medium) AND (Length IS Medium),Very_High,0.0,0.0,2250.7263305271827,0.0,4727.714434131842,0.5534591194968553,1.0,0.3333333333333333,1400.0
69,all,R19,IF (PointsAjust IS Medium) AND (TeamExp IS Low) AND (Length IS High),Very_High,0.0,0.0,2250.7263305271827,0.0,4727.714434131842,0.5534591194968553,1.0,0.3333333333333333,1400.0
69,all,R20,IF (PointsAjust IS High) AND (TeamExp IS Low) AND (Length IS High),Very_High,0.0,0.0,2250.7263305271827,0.0,4727.714434131842,0.5534591194968553,1.0,0.3333333333333333,1400.0
70,all,R1,IF (PointsAjust IS Low) AND (TeamExp IS High) AND (Length IS Low),Very_Low,0.0,0.0,4592.818944895731,0.0,5558.494027579785,0.3694968553459119,1.0,0.3333333333333333,2800.0
70,all,R2,IF (PointsAjust IS Low) AND (TeamExp IS Medium) AND (Length IS Low),Low,0.0,0.0,6140.256833636391,0.0,5558.494027579785,0.3694968553459119,1.0,0.3333333333333333,2800.0
70,all,R3,IF (PointsAjust IS Low) AND (TeamExp IS High) AND (Length IS Medium),Low,0.0,0.0,6140.256833636391,0.0,5558.494027579785,0.3694968553459119,1.0,0.3333333333333333,2800.0
70,all,R4,IF (PointsAjust IS Medium) AND (TeamExp IS High) AND (Length IS Low),Low,0.0,0.0,6140.256833636391,0.0,5558.494027579785,0.3694968553459119,1.0,0.3333333333333333,2800.0
70,all,R5,IF (PointsAjust IS Low) AND (TeamExp IS Low) AND (Length IS Low),Medium,0.0,0.0,6882.6196665622065,0.0,5558.494027579785,0.3694968553459119,1.0,0.3333333333333333,2800.0
70,all,R6,IF (PointsAjust IS Medium) AND (TeamExp IS Medium) AND (Length IS Low),Medium,0.0,0.0,6882.6196665622065,0.0,5558.494027579785,0.3694968553459119,1.0,0.3333333333333333,2800.0
70,all,R7,IF (PointsAjust IS Low) AND (TeamExp IS Medium) AND (Length IS Medium),Medium,0.0,0.0,6882.6196665622065,0.0,5558.494027579785,0.3694968553459119,1.0,0.3333333333333333,2800.0
70,all,R8,IF (PointsAjust IS Medium) AND (TeamExp IS High) AND (Length IS Medium),Medium,0.05769230769230774,0.4892388674279408,6882.6196665622065,3367.2450506061655,5558.494027579785,0.3694968553459119,1.0,0.3333333333333333,2800.0
70,all,R9,IF (PointsAjust IS Low) AND (TeamExp IS Low) AND (Length IS Medium),High,0.0,0.0,4290.163908790524,0.0,5558.494027579785,0.3694968553459119,1.0,0.3333333333333333,2800.0
70,all,R10,IF (PointsAjust IS Medium) AND (TeamExp IS Low) AND (Length IS Low),High,0.0,0.0,4290.163908790524,0.0,5558.494027579785,0.3694968553459119,1.0,0.3333333333333333,2800.0
70,all,R11,IF (PointsAjust IS Medium) AND (TeamExp IS Medium) AND (Length IS Medium),Medium,0.0,0.0,6882.6196665622065,0.0,5558.494027579785,0.3694968553459119,1.0,0.3333333333333333,2800.0
70,all,R12,IF (PointsAjust IS High) AND (TeamExp IS High) AND (Length IS Low),Medium,0.0,0.0,6882.6196665622065,0.0,5558.494027579785,0.3694968553459119,1.0,0.3333333333333333,2800.0
70,all,R13,IF (PointsAjust IS High) AND (TeamExp IS Medium) AND (Length IS Low),High,0.0,0.0,4290.163908790524,0.0,5558.494027579785,0.3694968553459119,1.0,0.3333333333333333,2800.0
70,all,R14,IF (PointsAjust IS High) AND (TeamExp IS High) AND (Length IS Medium),High,0.032537960954446825,0.2759264762066473,4290.163908790524,1183.7698097015054,5558.494027579785,0.3694968553459119,1.0,0.3333333333333333,2800.0
70,all,R15,IF (PointsAjust IS Medium) AND (TeamExp IS Low) AND (Length IS Medium),High,0.0,0.0,4290.163908790524,0.0,5558.494027579785,0.3694968553459119,1.0,0.3333333333333333,2800.0
70,all,R16,IF (PointsAjust IS Low) AND (TeamExp IS Low) AND (Length IS High),High,0.0,0.0,4290.163908790524,0.0,5558.494027579785,0.3694968553459119,1.0,0.3333333333333333,2800.0
70,all,R17,IF (PointsAjust IS Medium) AND (TeamExp IS High) AND (Length IS High),High,0.027692307692307735,0.2348346563654118,4290.163908790524,1007.4791672721145,5558.494027579785,0.3694968553459119,1.0,0.3333333333333333,2800.0
70,all,R18,IF (PointsAjust IS High) AND (TeamExp IS Medium) AND (Length IS Medium),Very_High,0.0,0.0,4473.074848569878,0.0,5558.494027579785,0.3694968553459119,1.0,0.3333333333333333,2800.0
70,all,R19,IF (PointsAjust IS Medium) AND (TeamExp IS Low) AND (Length IS High),Very_High,0.0,0.0,4473.074848569878,0.0,5558.494027579785,0.3694968553459119,1.0,0.3333333333333333,2800.0
70,all,R20,IF (PointsAjust IS High) AND (TeamExp IS Low) AND (Length IS High),Very_High,0.0,0.0,4473.074848569878,0.0,5558.494027579785,0.3694968553459119,1.0,0.3333333333333333,2800.0
71,all,R1,IF (PointsAjust IS Low) AND (TeamExp IS High) AND (Length IS Low),Very_Low,0.0,0.05,10034.927686049383,501.74638430246915,7708.824899650861,0.8726415094339622,1.0,0.696969696969697,9520.0
71,all,R2,IF (PointsAjust IS Low) AND (TeamExp IS Medium) AND (Length IS Low),Low,0.0,0.05,12129.934276647788,606.4967138323894,7708.824899650861,0.8726415094339622,1.0,0.696969696969697,9520.0
71,all,R3,IF (PointsAjust IS Low) AND (TeamExp IS High) AND (Length IS Medium),Low,0.0,0.05,12129.934276647788,606.4967138323894,7708.824899650861,0.8726415094339622,1.0,0.696969696969697,9520.0
71,all,R4,IF (PointsAjust IS Medium) AND (TeamExp IS High) AND (Length IS Low),Low,0.0,0.05,12129.934276647788,606.4967138323894,7708.824899650861,0.8726415094339622,1.0,0.696969696969697,9520.0
71,all,R5,IF (PointsAjust IS Low) AND (TeamExp IS Low) AND (Length IS Low),Medium,0.0,0.05,14370.704973210397,718.5352486605199,7708.824899650861,0.8726415094339622,1.0,0.696969696969697,9520.0
71,all,R6,IF (PointsAjust IS Medium) AND (TeamExp IS Medium) AND (Length IS Low),Medium,0.0,0.05,14370.704973210397,718.5352486605199,7708.824899650861,0.8726415094339622,1.0,0.696969696969697,9520.0
71,all,R7,IF (PointsAjust IS Low) AND (TeamExp IS Medium) AND (Length IS Medium),Medium,0.0,0.05,14370.704973210397,718.5352486605199,7708.824899650861,0.8726415094339622,1.0,0.696969696969697,9520.0
71,all,R8,IF (PointsAjust IS Medium) AND (TeamExp IS High) AND (Length IS Medium),Medium,0.0,0.05,14370.704973210397,718.5352486605199,7708.824899650861,0.8726415094339622,1.0,0.696969696969697,9520.0
71,all,R9,IF (PointsAjust IS Low) AND (TeamExp IS Low) AND (Length IS Medium),High,0.0,0.05,4539.815950024573,226.99079750122866,7708.824899650861,0.8726415094339622,1.0,0.696969696969697,9520.0
71,all,R10,IF (PointsAjust IS Medium) AND (TeamExp IS Low) AND (Length IS Low),High,0.0,0.05,4539.815950024573,226.99079750122866,7708.824899650861,0.8726415094339622,1.0,0.696969696969697,9520.0
71,all,R11,IF (PointsAjust IS Medium) AND (TeamExp IS Medium) AND (Length IS Medium),Medium,0.0,0.05,14370.704973210397,718.5352486605199,7708.824899650861,0.8726415094339622,1.0,0.696969696969697,9520.0
71,all,R12,IF (PointsAjust IS High) AND (TeamExp IS High) AND (Length IS Low),Medium,0.0,0.05,14370.704973210397,718.5352486605199,7708.824899650861,0.8726415094339622,1.0,0.696969696969697,9520.0
71,all,R13,IF (PointsAjust IS High) AND (TeamExp IS Medium) AND (Length IS Low),High,0.0,0.05,4539.815950024573,226.99079750122866,7708.824899650861,0.8726415094339622,1.0,0.696969696969697,9520.0
71,all,R14,IF (PointsAjust IS High) AND (TeamExp IS High) AND (Length IS Medium),High,0.0,0.05,4539.815950024573,226.99079750122866,7708.824899650861,0.8726415094339622,1.0,0.696969696969697,9520.0
71,all,R15,IF (PointsAjust IS Medium) AND (TeamExp IS Low) AND (Length IS Medium),High,0.0,0.05,4539.815950024573,226.99079750122866,7708.824899650861,0.8726415094339622,1.0,0.696969696969697,9520.0
71,all,R16,IF (PointsAjust IS Low) AND (TeamExp IS Low) AND (Length IS High),High,0.0,0.05,4539.815950024573,226.99079750122866,7708.824899650861,0.8726415094339622,1.0,0.696969696969697,9520.0
71,all,R17,IF (PointsAjust IS Medium) AND (TeamExp IS High) AND (Length IS High),High,0.0,0.05,4539.815950024573,226.99079750122866,7708.824899650861,0.8726415094339622,1.0,0.696969696969697,9520.0
71,all,R18,IF (PointsAjust IS High) AND (TeamExp IS Medium) AND (Length IS Medium),Very_High,0.0,0.05,-3417.058004136641,-170.85290020683206,7708.824899650861,0.8726415094339622,1.0,0.696969696969697,9520.0
71,all,R19,IF (PointsAjust IS Medium) AND (TeamExp IS Low) AND (Length IS High),Very_High,0.0,0.05,-3417.058004136641,-170.85290020683206,7708.824899650861,0.8726415094339622,1.0,0.696969696969697,9520.0
71,all,R20,IF (PointsAjust IS High) AND (TeamExp IS Low) AND (Length IS High),Very_High,0.0,0.05,-3417.058004136641,-170.85290020683206,7708.824899650861,0.8726415094339622,1.0,0.696969696969697,9520.0
72,all,R1,IF (PointsAjust IS Low) AND (TeamExp IS High) AND (Length IS Low),Very_Low,0.0,0.0,10802.81871092422,0.0,5786.063140726653,0.9984276729559748,1.0,0.3333333333333333,5880.0
72,all,R2,IF (PointsAjust IS Low) AND (TeamExp IS Medium) AND (Length IS Low),Low,0.0,0.0,12219.496193187135,0.0,5786.063140726653,0.9984276729559748,1.0,0.3333333333333333,5880.0
72,all,R3,IF (PointsAjust IS Low) AND (TeamExp IS High) AND (Length IS Medium),Low,0.0,0.0,12219.496193187135,0.0,5786.063140726653,0.9984276729559748,1.0,0.3333333333333333,5880.0
72,all,R4,IF (PointsAjust IS Medium) AND (TeamExp IS High) AND (Length IS Low),Low,0.0,0.0,12219.496193187135,0.0,5786.063140726653,0.9984276729559748,1.0,0.3333333333333333,5880.0
72,all,R5,IF (PointsAjust IS Low) AND (TeamExp IS Low) AND (Length IS Low),Medium,0.0,0.0,12210.26652533457,0.0,5786.063140726653,0.9984276729559748,1.0,0.3333333333333333,5880.0
72,all,R6,IF (PointsAjust IS Medium) AND (TeamExp IS Medium) AND (Length IS Low),Medium,0.0,0.0,12210.26652533457,0.0,5786.063140726653,0.9984276729559748,1.0,0.3333333333333333,5880.0
72,all,R7,IF (PointsAjust IS Low) AND (TeamExp IS Medium) AND (Length IS Medium),Medium,0.0,0.0,12210.26652533457,0.0,5786.063140726653,0.9984276729559748,1.0,0.3333333333333333,5880.0
72,all,R8,IF (PointsAjust IS Medium) AND (TeamExp IS High) AND (Length IS Medium),Medium,0.0,0.0,12210.26652533457,0.0,5786.063140726653,0.9984276729559748,1.0,0.3333333333333333,5880.0
72,all,R9,IF (PointsAjust IS Low) AND (TeamExp IS Low) AND (Length IS Medium),High,0.0,0.0,5786.063140726653,0.0,5786.063140726653,0.9984276729559748,1.0,0.3333333333333333,5880.0
72,all,R10,IF (PointsAjust IS Medium) AND (TeamExp IS Low) AND (Length IS Low),High,0.0,0.0,5786.063140726653,0.0,5786.063140726653,0.9984276729559748,1.0,0.3333333333333333,5880.0
72,all,R11,IF (PointsAjust IS Medium) AND (TeamExp IS Medium) AND (Length IS Medium),Medium,0.0,0.0,12210.26652533457,0.0,5786.063140726653,0.9984276729559748,1.0,0.3333333333333333,5880.0
72,all,R12,IF (PointsAjust IS High) AND (TeamExp IS High) AND (Length IS Low),Medium,0.0,0.0,12210.26652533457,0.0,5786.063140726653,0.9984276729559748,1.0,0.3333333333333333,5880.0
72,all,R13,IF (PointsAjust IS High) AND (TeamExp IS Medium) AND (Length IS Low),High,0.0,0.0,5786.063140726653,0.0,5786.063140726653,0.9984276729559748,1.0,0.3333333333333333,5880.0
72,all,R14,IF (PointsAjust IS High) AND (TeamExp IS High) AND (Length IS Medium),High,0.24945770065075903,1.0,5786.063140726653,5786.063140726653,5786.063140726653,0.9984276729559748,1.0,0.3333333333333333,5880.0
72,all,R15,IF (PointsAjust IS Medium) AND (TeamExp IS Low) AND (Length IS Medium),High,0.0,0.0,5786.063140726653,0.0,5786.063140726653,0.9984276729559748,1.0,0.3333333333333333,5880.0
72,all,R16,IF (PointsAjust IS Low) AND (TeamExp IS Low) AND (Length IS High),High,0.0,0.0,5786.063140726653,0.0,5786.063140726653,0.9984276729559748,1.0,0.3333333333333333,5880.0
72,all,R17,IF (PointsAjust IS Medium) AND (TeamExp IS High) AND (Length IS High),High,0.0,0.0,5786.063140726653,0.0,5786.063140726653,0.9984276729559748,1.0,0.3333333333333333,5880.0
72,all,R18,IF (PointsAjust IS High) AND (TeamExp IS Medium) AND (Length IS Medium),Very_High,0.0,0.0,-3124.697862687197,-0.0,5786.063140726653,0.9984276729559748,1.0,0.3333333333333333,5880.0
72,all,R19,IF (PointsAjust IS Medium) AND (TeamExp IS Low) AND (Length IS High),Very_High,0.0,0.0,-3124.697862687197,-0.0,5786.063140726653,0.9984276729559748,1.0,0.3333333333333333,5880.0
72,all,R20,IF (PointsAjust IS High) AND (TeamExp IS Low) AND (Length IS High),Very_High,0.0,0.0,-3124.697862687197,-0.0,5786.063140726653,0.9984276729559748,1.0,0.3333333333333333,5880.0
