sample_index,split,rule_id,original_label,sugeno_output,firing_strength,normalized_firing_strength,rule_output,rule_contribution,PointsAjust,TeamExp,Length,actual,predicted
0,all,R1,Very_Low,R1_OUT,0.0,0.0,14759.840507954854,0.0,0.3773584905660377,0.4,0.3333333333333333,5152.0,5325.481909801618
0,all,R2,Low,R2_OUT,0.0,0.0,-3856.4906560774643,-0.0,0.3773584905660377,0.4,0.3333333333333333,5152.0,5325.481909801618
0,all,R3,Medium,R3_OUT,0.0,0.0,591.2934738992953,0.0,0.3773584905660377,0.4,0.3333333333333333,5152.0,5325.481909801618
0,all,R4,Low,R4_OUT,0.0,0.0,10357.4376054789,0.0,0.3773584905660377,0.4,0.3333333333333333,5152.0,5325.481909801618
0,all,R5,Medium,R5_OUT,0.0,0.0,7475.683011337729,0.0,0.3773584905660377,0.4,0.3333333333333333,5152.0,5325.481909801618
0,all,R6,Medium,R6_OUT,0.0,0.0,-12745.57074964241,-0.0,0.3773584905660377,0.4,0.3333333333333333,5152.0,5325.481909801618
0,all,R7,Medium,R7_OUT,0.0,0.0,-35222.77481143262,-0.0,0.3773584905660377,0.4,0.3333333333333333,5152.0,5325.481909801618
0,all,R8,High,R8_OUT,0.0,0.0,17786.5662529858,0.0,0.3773584905660377,0.4,0.3333333333333333,5152.0,5325.481909801618
0,all,R9,Low,R9_OUT,0.0,0.0,2673.1065065864336,0.0,0.3773584905660377,0.4,0.3333333333333333,5152.0,5325.481909801618
0,all,R10,Medium,R10_OUT,0.0,0.0,21689.028954064932,0.0,0.3773584905660377,0.4,0.3333333333333333,5152.0,5325.481909801618
0,all,R11,Medium,R11_OUT,0.0,0.0,9296.2497606938,0.0,0.3773584905660377,0.4,0.3333333333333333,5152.0,5325.481909801618
0,all,R12,Medium,R12_OUT,0.0,0.0,2699.0573022434637,0.0,0.3773584905660377,0.4,0.3333333333333333,5152.0,5325.481909801618
0,all,R13,Medium,R13_OUT,0.0,0.0,9233.551586524496,0.0,0.3773584905660377,0.4,0.3333333333333333,5152.0,5325.481909801618
0,all,R14,High,R14_OUT,0.0,0.0,19613.006988059293,0.0,0.3773584905660377,0.4,0.3333333333333333,5152.0,5325.481909801618
0,all,R15,High,R15_OUT,0.013888888888888909,0.36602407342712906,21457.092592636356,7853.812434659837,0.3773584905660377,0.4,0.3333333333333333,5152.0,5325.481909801618
0,all,R16,High,R16_OUT,0.006666666666666681,0.17569155524502206,-5247.980439715067,-922.025845348995,0.3773584905660377,0.4,0.3333333333333333,5152.0,5325.481909801618
0,all,R17,Medium,R17_OUT,0.0,0.0,-9117.96565310291,-0.0,0.3773584905660377,0.4,0.3333333333333333,5152.0,5325.481909801618
0,all,R18,High,R18_OUT,0.0,0.0,-1530.9172942142905,-0.0,0.3773584905660377,0.4,0.3333333333333333,5152.0,5325.481909801618
0,all,R19,High,R19_OUT,0.011749819233550238,0.3096516022485465,-730.5030787207052,-226.20144877336244,0.3773584905660377,0.4,0.3333333333333333,5152.0,5325.481909801618
0,all,R20,Very_High,R20_OUT,0.005639913232104119,0.14863276907930245,-9285.322740636766,-1380.1032307358603,0.3773584905660377,0.4,0.3333333333333333,5152.0,5325.481909801618
1,all,R1,Very_Low,R1_OUT,0.0,0.05,14709.252026360948,735.4626013180474,0.3977987421383648,0.2,0.0909090909090909,5635.0,3262.3132158741623
1,all,R2,Low,R2_OUT,0.0,0.05,-5407.598386944702,-270.3799193472351,0.3977987421383648,0.2,0.0909090909090909,5635.0,3262.3132158741623
1,all,R3,Medium,R3_OUT,0.0,0.05,-207.88445568324641,-10.394222784162322,0.3977987421383648,0.2,0.0909090909090909,5635.0,3262.3132158741623
1,all,R4,Low,R4_OUT,0.0,0.05,6734.730106284633,336.73650531423164,0.3977987421383648,0.2,0.0909090909090909,5635.0,3262.3132158741623
1,all,R5,Medium,R5_OUT,0.0,0.05,8761.801450821386,438.0900725410693,0.3977987421383648,0.2,0.0909090909090909,5635.0,3262.3132158741623
1,all,R6,Medium,R6_OUT,0.0,0.05,-11081.788195795434,-554.0894097897717,0.3977987421383648,0.2,0.0909090909090909,5635.0,3262.3132158741623
1,all,R7,Medium,R7_OUT,0.0,0.05,-14082.088328184735,-704.1044164092368,0.3977987421383648,0.2,0.0909090909090909,5635.0,3262.3132158741623
1,all,R8,High,R8_OUT,0.0,0.05,10915.330923637126,545.7665461818564,0.3977987421383648,0.2,0.0909090909090909,5635.0,3262.3132158741623
1,all,R9,Low,R9_OUT,0.0,0.05,5973.591098530674,298.6795549265337,0.3977987421383648,0.2,0.0909090909090909,5635.0,3262.3132158741623
1,all,R10,Medium,R10_OUT,0.0,0.05,21762.997938282893,1088.1498969141446,0.3977987421383648,0.2,0.0909090909090909,5635.0,3262.3132158741623
1,all,R11,Medium,R11_OUT,0.0,0.05,3454.961290401803,172.74806452009017,0.3977987421383648,0.2,0.0909090909090909,5635.0,3262.3132158741623
1,all,R12,Medium,R12_OUT,0.0,0.05,934.5917362955734,46.72958681477867,0.3977987421383648,0.2,0.0909090909090909,5635.0,3262.3132158741623
1,all,R13,Medium,R13_OUT,0.0,0.05,8960.419954600558,448.02099773002794,0.3977987421383648,0.2,0.0909090909090909,5635.0,3262.3132158741623
1,all,R14,High,R14_OUT,0.0,0.05,39881.60129789019,1994.0800648945096,0.3977987421383648,0.2,0.0909090909090909,5635.0,3262.3132158741623
1,all,R15,High,R15_OUT,0.0,0.05,-11327.286214967551,-566.3643107483775,0.3977987421383648,0.2,0.0909090909090909,5635.0,3262.3132158741623
1,all,R16,High,R16_OUT,0.0,0.05,-7178.317757635782,-358.9158878817891,0.3977987421383648,0.2,0.0909090909090909,5635.0,3262.3132158741623
1,all,R17,Medium,R17_OUT,0.0,0.05,-3087.2035135231363,-154.3601756761568,0.3977987421383648,0.2,0.0909090909090909,5635.0,3262.3132158741623
1,all,R18,High,R18_OUT,0.0,0.05,389.5617575241795,19.478087876208974,0.3977987421383648,0.2,0.0909090909090909,5635.0,3262.3132158741623
1,all,R19,High,R19_OUT,0.0,0.05,3226.521113261855,161.32605566309277,0.3977987421383648,0.2,0.0909090909090909,5635.0,3262.3132158741623
1,all,R20,Very_High,R20_OUT,0.0,0.05,-8086.929523673996,-404.34647618369985,0.3977987421383648,0.2,0.0909090909090909,5635.0,3262.3132158741623
2,all,R1,Very_Low,R1_OUT,0.88,1.0,805.0576097353653,805.0576097353653,0.0330188679245283,1.0,0.0,805.0,805.0576097353653
2,all,R2,Low,R2_OUT,0.0,0.0,4247.9024487002725,0.0,0.0330188679245283,1.0,0.0,805.0,805.0576097353653
2,all,R3,Medium,R3_OUT,0.0,0.0,2493.521069427391,0.0,0.0330188679245283,1.0,0.0,805.0,805.0576097353653
2,all,R4,Low,R4_OUT,0.0,0.0,8972.041975834883,0.0,0.0330188679245283,1.0,0.0,805.0,805.0576097353653
2,all,R5,Medium,R5_OUT,0.0,0.0,8394.668210731721,0.0,0.0330188679245283,1.0,0.0,805.0,805.0576097353653
2,all,R6,Medium,R6_OUT,0.0,0.0,-14721.76930010951,-0.0,0.0330188679245283,1.0,0.0,805.0,805.0576097353653
2,all,R7,Medium,R7_OUT,0.0,0.0,49170.187538571954,0.0,0.0330188679245283,1.0,0.0,805.0,805.0576097353653
2,all,R8,High,R8_OUT,0.0,0.0,42355.33663359506,0.0,0.0330188679245283,1.0,0.0,805.0,805.0576097353653
2,all,R9,Low,R9_OUT,0.0,0.0,-1584.2076939491524,-0.0,0.0330188679245283,1.0,0.0,805.0,805.0576097353653
2,all,R10,Medium,R10_OUT,0.0,0.0,-9500.454652663966,-0.0,0.0330188679245283,1.0,0.0,805.0,805.0576097353653
2,all,R11,Medium,R11_OUT,0.0,0.0,732.2710349877844,0.0,0.0330188679245283,1.0,0.0,805.0,805.0576097353653
2,all,R12,Medium,R12_OUT,0.0,0.0,-8143.863780032146,-0.0,0.0330188679245283,1.0,0.0,805.0,805.0576097353653
2,all,R13,Medium,R13_OUT,0.0,0.0,-10275.546170957881,-0.0,0.0330188679245283,1.0,0.0,805.0,805.0576097353653
2,all,R14,High,R14_OUT,0.0,0.0,72861.29329231742,0.0,0.0330188679245283,1.0,0.0,805.0,805.0576097353653
2,all,R15,High,R15_OUT,0.0,0.0,-23500.084420653704,-0.0,0.0330188679245283,1.0,0.0,805.0,805.0576097353653
2,all,R16,High,R16_OUT,0.0,0.0,-2656.365500492723,-0.0,0.0330188679245283,1.0,0.0,805.0,805.0576097353653
2,all,R17,Medium,R17_OUT,0.0,0.0,14513.608015882504,0.0,0.0330188679245283,1.0,0.0,805.0,805.0576097353653
2,all,R18,High,R18_OUT,0.0,0.0,29906.745903034454,0.0,0.0330188679245283,1.0,0.0,805.0,805.0576097353653
2,all,R19,High,R19_OUT,0.0,0.0,-11488.852635297648,-0.0,0.0330188679245283,1.0,0.0,805.0,805.0576097353653
2,all,R20,Very_High,R20_OUT,0.0,0.0,-11733.856037026098,-0.0,0.0330188679245283,1.0,0.0,805.0,805.0576097353653
3,all,R1,Very_Low,R1_OUT,0.0,0.05,13573.456956376162,678.6728478188081,0.3789308176100629,0.2,0.1212121212121212,3829.0,2940.1262392744866
3,all,R2,Low,R2_OUT,0.0,0.05,-5914.611424646404,-295.7305712323202,0.3789308176100629,0.2,0.1212121212121212,3829.0,2940.1262392744866
3,all,R3,Medium,R3_OUT,0.0,0.05,-766.8944349945468,-38.34472174972734,0.3789308176100629,0.2,0.1212121212121212,3829.0,2940.1262392744866
3,all,R4,Low,R4_OUT,0.0,0.05,6536.240523946044,326.8120261973022,0.3789308176100629,0.2,0.1212121212121212,3829.0,2940.1262392744866
3,all,R5,Medium,R5_OUT,0.0,0.05,7777.42579549793,388.8712897748965,0.3789308176100629,0.2,0.1212121212121212,3829.0,2940.1262392744866
3,all,R6,Medium,R6_OUT,0.0,0.05,-11722.516759950222,-586.1258379975111,0.3789308176100629,0.2,0.1212121212121212,3829.0,2940.1262392744866
3,all,R7,Medium,R7_OUT,0.0,0.05,-15771.910412768026,-788.5955206384014,0.3789308176100629,0.2,0.1212121212121212,3829.0,2940.1262392744866
3,all,R8,High,R8_OUT,0.0,0.05,11947.791029443846,597.3895514721924,0.3789308176100629,0.2,0.1212121212121212,3829.0,2940.1262392744866
3,all,R9,Low,R9_OUT,0.0,0.05,5160.117738367966,258.0058869183983,0.3789308176100629,0.2,0.1212121212121212,3829.0,2940.1262392744866
3,all,R10,Medium,R10_OUT,0.0,0.05,22229.633136250457,1111.481656812523,0.3789308176100629,0.2,0.1212121212121212,3829.0,2940.1262392744866
3,all,R11,Medium,R11_OUT,0.0,0.05,4977.21591011281,248.8607955056405,0.3789308176100629,0.2,0.1212121212121212,3829.0,2940.1262392744866
3,all,R12,Medium,R12_OUT,0.0,0.05,397.20779450295595,19.860389725147797,0.3789308176100629,0.2,0.1212121212121212,3829.0,2940.1262392744866
3,all,R13,Medium,R13_OUT,0.0,0.05,7838.344009813176,391.91720049065884,0.3789308176100629,0.2,0.1212121212121212,3829.0,2940.1262392744866
3,all,R14,High,R14_OUT,0.0,0.05,36131.9536644758,1806.59768322379,0.3789308176100629,0.2,0.1212121212121212,3829.0,2940.1262392744866
3,all,R15,High,R15_OUT,0.0,0.05,-7321.424802970894,-366.07124014854475,0.3789308176100629,0.2,0.1212121212121212,3829.0,2940.1262392744866
3,all,R16,High,R16_OUT,0.0,0.05,-6051.091577795826,-302.55457888979134,0.3789308176100629,0.2,0.1212121212121212,3829.0,2940.1262392744866
3,all,R17,Medium,R17_OUT,0.0,0.05,-4279.302735410444,-213.96513677052224,0.3789308176100629,0.2,0.1212121212121212,3829.0,2940.1262392744866
3,all,R18,High,R18_OUT,0.0,0.05,67.33951900041029,3.3669759500205148,0.3789308176100629,0.2,0.1212121212121212,3829.0,2940.1262392744866
3,all,R19,High,R19_OUT,0.0,0.05,2686.982551785258,134.3491275892629,0.3789308176100629,0.2,0.1212121212121212,3829.0,2940.1262392744866
3,all,R20,Very_High,R20_OUT,0.0,0.05,-8693.431695546715,-434.67158477733574,0.3789308176100629,0.2,0.1212121212121212,3829.0,2940.1262392744866
4,all,R1,Very_Low,R1_OUT,0.0,0.05,5104.330010037357,255.21650050186787,0.2295597484276729,0.2,0.0909090909090909,2149.0,2116.3252612618617
4,all,R2,Low,R2_OUT,0.0,0.05,-7956.763962928099,-397.838198146405,0.2295597484276729,0.2,0.0909090909090909,2149.0,2116.3252612618617
4,all,R3,Medium,R3_OUT,0.0,0.05,-3785.368014342098,-189.2684007171049,0.2295597484276729,0.2,0.0909090909090909,2149.0,2116.3252612618617
4,all,R4,Low,R4_OUT,0.0,0.05,3310.6135638324895,165.53067819162447,0.2295597484276729,0.2,0.0909090909090909,2149.0,2116.3252612618617
4,all,R5,Medium,R5_OUT,0.0,0.05,3469.6157945264904,173.48078972632453,0.2295597484276729,0.2,0.0909090909090909,2149.0,2116.3252612618617
4,all,R6,Medium,R6_OUT,0.0,0.05,-14543.300725586745,-727.1650362793373,0.2295597484276729,0.2,0.0909090909090909,2149.0,2116.3252612618617
4,all,R7,Medium,R7_OUT,0.0,0.05,1730.9510481630132,86.54755240815066,0.2295597484276729,0.2,0.0909090909090909,2149.0,2116.3252612618617
4,all,R8,High,R8_OUT,0.0,0.05,18064.922567387854,903.2461283693927,0.2295597484276729,0.2,0.0909090909090909,2149.0,2116.3252612618617
4,all,R9,Low,R9_OUT,0.0,0.05,1902.6997664430955,95.13498832215478,0.2295597484276729,0.2,0.0909090909090909,2149.0,2116.3252612618617
4,all,R10,Medium,R10_OUT,0.0,0.05,19153.028128953716,957.6514064476859,0.2295597484276729,0.2,0.0909090909090909,2149.0,2116.3252612618617
4,all,R11,Medium,R11_OUT,0.0,0.05,8304.035004074216,415.20175020371084,0.2295597484276729,0.2,0.0909090909090909,2149.0,2116.3252612618617
4,all,R12,Medium,R12_OUT,0.0,0.05,-5297.223037847962,-264.8611518923981,0.2295597484276729,0.2,0.0909090909090909,2149.0,2116.3252612618617
4,all,R13,Medium,R13_OUT,0.0,0.05,-1668.4519239443634,-83.42259619721818,0.2295597484276729,0.2,0.0909090909090909,2149.0,2116.3252612618617
4,all,R14,High,R14_OUT,0.0,0.05,36817.19299934759,1840.8596499673797,0.2295597484276729,0.2,0.0909090909090909,2149.0,2116.3252612618617
4,all,R15,High,R15_OUT,0.0,0.05,-11881.04046452659,-594.0520232263295,0.2295597484276729,0.2,0.0909090909090909,2149.0,2116.3252612618617
4,all,R16,High,R16_OUT,0.0,0.05,-713.1068193943129,-35.655340969715645,0.2295597484276729,0.2,0.0909090909090909,2149.0,2116.3252612618617
4,all,R17,Medium,R17_OUT,0.0,0.05,-3087.13444115884,-154.35672205794202,0.2295597484276729,0.2,0.0909090909090909,2149.0,2116.3252612618617
4,all,R18,High,R18_OUT,0.0,0.05,5012.19751492777,250.6098757463885,0.2295597484276729,0.2,0.0909090909090909,2149.0,2116.3252612618617
4,all,R19,High,R19_OUT,0.0,0.05,57.33686383320628,2.866843191660314,0.2295597484276729,0.2,0.0909090909090909,2149.0,2116.3252612618617
4,all,R20,Very_High,R20_OUT,0.0,0.05,-11668.02864656057,-583.4014323280285,0.2295597484276729,0.2,0.0909090909090909,2149.0,2116.3252612618617
5,all,R1,Very_Low,R1_OUT,0.0,0.05,3668.0799889048585,183.40399944524293,0.2044025157232704,0.2,0.0909090909090909,2821.0,1944.9625764600228
5,all,R2,Low,R2_OUT,0.0,0.05,-8337.947600458327,-416.89738002291637,0.2044025157232704,0.2,0.0909090909090909,2821.0,1944.9625764600228
5,all,R3,Medium,R3_OUT,0.0,0.05,-4320.3188268518325,-216.01594134259165,0.2044025157232704,0.2,0.0909090909090909,2821.0,1944.9625764600228
5,all,R4,Low,R4_OUT,0.0,0.05,2798.5961369237575,139.9298068461879,0.2044025157232704,0.2,0.0909090909090909,2821.0,1944.9625764600228
5,all,R5,Medium,R5_OUT,0.0,0.05,2678.2609300337963,133.91304650168982,0.2044025157232704,0.2,0.0909090909090909,2821.0,1944.9625764600228
5,all,R6,Medium,R6_OUT,0.0,0.05,-15060.910075835913,-753.0455037917957,0.2044025157232704,0.2,0.0909090909090909,2821.0,1944.9625764600228
5,all,R7,Medium,R7_OUT,0.0,0.05,4095.517683878563,204.77588419392816,0.2044025157232704,0.2,0.0909090909090909,2821.0,1944.9625764600228
5,all,R8,High,R8_OUT,0.0,0.05,19134.020383275816,956.7010191637909,0.2044025157232704,0.2,0.0909090909090909,2821.0,1944.9625764600228
5,all,R9,Low,R9_OUT,0.0,0.05,1293.9683522991595,64.69841761495798,0.2044025157232704,0.2,0.0909090909090909,2821.0,1944.9625764600228
5,all,R10,Medium,R10_OUT,0.0,0.05,18762.752269614775,938.1376134807388,0.2044025157232704,0.2,0.0909090909090909,2821.0,1944.9625764600228
5,all,R11,Medium,R11_OUT,0.0,0.05,9029.13013882897,451.45650694144854,0.2044025157232704,0.2,0.0909090909090909,2821.0,1944.9625764600228
5,all,R12,Medium,R12_OUT,0.0,0.05,-6229.083190990919,-311.454159549546,0.2044025157232704,0.2,0.0909090909090909,2821.0,1944.9625764600228
5,all,R13,Medium,R13_OUT,0.0,0.05,-3257.815943166035,-162.89079715830178,0.2044025157232704,0.2,0.0909090909090909,2821.0,1944.9625764600228
5,all,R14,High,R14_OUT,0.0,0.05,36358.96372106085,1817.9481860530425,0.2044025157232704,0.2,0.0909090909090909,2821.0,1944.9625764600228
5,all,R15,High,R15_OUT,0.0,0.05,-11963.844838292427,-598.1922419146214,0.2044025157232704,0.2,0.0909090909090909,2821.0,1944.9625764600228
5,all,R16,High,R16_OUT,0.0,0.05,253.65369473525334,12.682684736762667,0.2044025157232704,0.2,0.0909090909090909,2821.0,1944.9625764600228
5,all,R17,Medium,R17_OUT,0.0,0.05,-3087.1241125810016,-154.3562056290501,0.2044025157232704,0.2,0.0909090909090909,2821.0,1944.9625764600228
5,all,R18,High,R18_OUT,0.0,0.05,5703.432768371297,285.1716384185649,0.2044025157232704,0.2,0.0909090909090909,2821.0,1944.9625764600228
5,all,R19,High,R19_OUT,0.0,0.05,-416.55984636173116,-20.827992318086558,0.2044025157232704,0.2,0.0909090909090909,2821.0,1944.9625764600228
5,all,R20,Very_High,R20_OUT,0.0,0.05,-12203.520104188468,-610.1760052094235,0.2044025157232704,0.2,0.0909090909090909,2821.0,1944.9625764600228
6,all,R1,Very_Low,R1_OUT,0.0,0.0,2528.861894845796,0.0,0.130503144654088,0.6,0.2424242424242424,2569.0,2569.080028865246
6,all,R2,Low,R2_OUT,0.0,0.0,-3303.657257887934,-0.0,0.130503144654088,0.6,0.2424242424242424,2569.0,2569.080028865246
6,all,R3,Medium,R3_OUT,0.0,0.0,-1688.320339886781,-0.0,0.130503144654088,0.6,0.2424242424242424,2569.0,2569.080028865246
6,all,R4,Low,R4_OUT,0.0,0.0,7331.229896222027,0.0,0.130503144654088,0.6,0.2424242424242424,2569.0,2569.080028865246
6,all,R5,Medium,R5_OUT,0.5257142857142859,0.9107051739973466,3366.8253679131208,3066.185282503999,0.130503144654088,0.6,0.2424242424242424,2569.0,2569.080028865246
6,all,R6,Medium,R6_OUT,0.0,0.0,-16290.100389584852,-0.0,0.130503144654088,0.6,0.2424242424242424,2569.0,2569.080028865246
6,all,R7,Medium,R7_OUT,0.0,0.0,3013.3561018289183,0.0,0.130503144654088,0.6,0.2424242424242424,2569.0,2569.080028865246
6,all,R8,High,R8_OUT,0.0,0.0,31742.677742527834,0.0,0.130503144654088,0.6,0.2424242424242424,2569.0,2569.080028865246
6,all,R9,Low,R9_OUT,0.0,0.0,-2179.7880175509326,-0.0,0.130503144654088,0.6,0.2424242424242424,2569.0,2569.080028865246
6,all,R10,Medium,R10_OUT,0.0,0.0,9749.814218607033,0.0,0.130503144654088,0.6,0.2424242424242424,2569.0,2569.080028865246
6,all,R11,Medium,R11_OUT,0.0,0.0,10900.628488684211,0.0,0.130503144654088,0.6,0.2424242424242424,2569.0,2569.080028865246
6,all,R12,Medium,R12_OUT,0.0,0.0,-5699.841413805871,-0.0,0.130503144654088,0.6,0.2424242424242424,2569.0,2569.080028865246
6,all,R13,Medium,R13_OUT,0.05154639175257737,0.08929482600265339,-5567.010720464154,-497.10525363875263,0.130503144654088,0.6,0.2424242424242424,2569.0,2569.080028865246
6,all,R14,High,R14_OUT,0.0,0.0,32686.081595340376,0.0,0.130503144654088,0.6,0.2424242424242424,2569.0,2569.080028865246
6,all,R15,High,R15_OUT,0.0,0.0,8748.620420816376,0.0,0.130503144654088,0.6,0.2424242424242424,2569.0,2569.080028865246
6,all,R16,High,R16_OUT,0.0,0.0,959.4877687011231,0.0,0.130503144654088,0.6,0.2424242424242424,2569.0,2569.080028865246
6,all,R17,Medium,R17_OUT,0.0,0.0,-2035.458183954579,-0.0,0.130503144654088,0.6,0.2424242424242424,2569.0,2569.080028865246
6,all,R18,High,R18_OUT,0.0,0.0,12016.856399709537,0.0,0.130503144654088,0.6,0.2424242424242424,2569.0,2569.080028865246
6,all,R19,High,R19_OUT,0.0,0.0,-6927.321345323373,-0.0,0.130503144654088,0.6,0.2424242424242424,2569.0,2569.080028865246
6,all,R20,Very_High,R20_OUT,0.0,0.0,-13049.419711080875,-0.0,0.130503144654088,0.6,0.2424242424242424,2569.0,2569.080028865246
7,all,R1,Very_Low,R1_OUT,0.0,0.0,6801.8578375907,0.0,0.2389937106918239,0.4,0.3636363636363636,3913.0,3914.0262891704733
7,all,R2,Low,R2_OUT,0.0,0.0,-6174.1259720477465,-0.0,0.2389937106918239,0.4,0.3636363636363636,3913.0,3914.0262891704733
7,all,R3,Medium,R3_OUT,0.0,0.0,-2508.7328648332436,-0.0,0.2389937106918239,0.4,0.3636363636363636,3913.0,3914.0262891704733
7,all,R4,Low,R4_OUT,0.0,0.0,7726.865245323837,0.0,0.2389937106918239,0.4,0.3636363636363636,3913.0,3914.0262891704733
7,all,R5,Medium,R5_OUT,0.0,0.0,2732.3717496739737,0.0,0.2389937106918239,0.4,0.3636363636363636,3913.0,3914.0262891704733
7,all,R6,Medium,R6_OUT,0.0,0.0,-15844.943727480746,-0.0,0.2389937106918239,0.4,0.3636363636363636,3913.0,3914.0262891704733
7,all,R7,Medium,R7_OUT,0.0,0.0,-25680.905376367045,-0.0,0.2389937106918239,0.4,0.3636363636363636,3913.0,3914.0262891704733
7,all,R8,High,R8_OUT,0.007009523809523806,0.14696001580923518,23897.24098426032,3511.9389128439993,0.2389937106918239,0.4,0.3636363636363636,3913.0,3914.0262891704733
7,all,R9,Low,R9_OUT,0.0,0.0,-1031.841070759971,-0.0,0.2389937106918239,0.4,0.3636363636363636,3913.0,3914.0262891704733
7,all,R10,Medium,R10_OUT,0.0,0.0,20301.85382017252,0.0,0.2389937106918239,0.4,0.3636363636363636,3913.0,3914.0262891704733
7,all,R11,Medium,R11_OUT,0.0,0.0,14262.706270489882,0.0,0.2389937106918239,0.4,0.3636363636363636,3913.0,3914.0262891704733
7,all,R12,Medium,R12_OUT,0.0,0.0,-2264.662366978204,-0.0,0.2389937106918239,0.4,0.3636363636363636,3913.0,3914.0262891704733
7,all,R13,Medium,R13_OUT,0.0,0.0,561.9965504341817,0.0,0.2389937106918239,0.4,0.3636363636363636,3913.0,3914.0262891704733
7,all,R14,High,R14_OUT,0.0,0.0,13686.770282782876,0.0,0.2389937106918239,0.4,0.3636363636363636,3913.0,3914.0262891704733
7,all,R15,High,R15_OUT,0.0,0.0,25069.63322924528,0.0,0.2389937106918239,0.4,0.3636363636363636,3913.0,3914.0262891704733
7,all,R16,High,R16_OUT,0.04068728522336769,0.8530399841907648,471.3581822403239,402.08737632647353,0.2389937106918239,0.4,0.3636363636363636,3913.0,3914.0262891704733
7,all,R17,Medium,R17_OUT,0.0,0.0,-10310.015814245484,-0.0,0.2389937106918239,0.4,0.3636363636363636,3913.0,3914.0262891704733
7,all,R18,High,R18_OUT,0.0,0.0,1430.2279211186979,0.0,0.2389937106918239,0.4,0.3636363636363636,3913.0,3914.0262891704733
7,all,R19,High,R19_OUT,0.0,0.0,-3521.0510136232565,-0.0,0.2389937106918239,0.4,0.3636363636363636,3913.0,3914.0262891704733
7,all,R20,Very_High,R20_OUT,0.0,0.0,-12435.409336242003,-0.0,0.2389937106918239,0.4,0.3636363636363636,3913.0,3914.0262891704733
8,all,R1,Very_Low,R1_OUT,0.0,0.0,13195.5351740066,0.0,0.2908805031446541,0.8,0.3333333333333333,7854.0,7853.206680474834
8,all,R2,Low,R2_OUT,0.0,0.0,2092.8344154979686,0.0,0.2908805031446541,0.8,0.3333333333333333,7854.0,7853.206680474834
8,all,R3,Medium,R3_OUT,0.0,0.0,3744.80090425448,0.0,0.2908805031446541,0.8,0.3333333333333333,7854.0,7853.206680474834
8,all,R4,Low,R4_OUT,0.0,0.0,13706.445212108005,0.0,0.2908805031446541,0.8,0.3333333333333333,7854.0,7853.206680474834
8,all,R5,Medium,R5_OUT,0.0,0.0,9722.86755174039,0.0,0.2908805031446541,0.8,0.3333333333333333,7854.0,7853.206680474834
8,all,R6,Medium,R6_OUT,0.0,0.0,-12970.957981176365,-0.0,0.2908805031446541,0.8,0.3333333333333333,7854.0,7853.206680474834
8,all,R7,Medium,R7_OUT,0.0,0.0,-17806.417768774736,-0.0,0.2908805031446541,0.8,0.3333333333333333,7854.0,7853.206680474834
8,all,R8,High,R8_OUT,0.0,0.0,29776.588800728045,0.0,0.2908805031446541,0.8,0.3333333333333333,7854.0,7853.206680474834
8,all,R9,Low,R9_OUT,0.0,0.0,679.6084274381478,0.0,0.2908805031446541,0.8,0.3333333333333333,7854.0,7853.206680474834
8,all,R10,Medium,R10_OUT,0.10897435897435893,0.6645039410671404,8684.242511028871,5770.713373761484,0.2908805031446541,0.8,0.3333333333333333,7854.0,7853.206680474834
8,all,R11,Medium,R11_OUT,0.052307692307692326,0.31896189171222766,6638.129334701707,2117.3102900268877,0.2908805031446541,0.8,0.3333333333333333,7854.0,7853.206680474834
8,all,R12,Medium,R12_OUT,0.0,0.0,1954.8131375340345,0.0,0.2908805031446541,0.8,0.3333333333333333,7854.0,7853.206680474834
8,all,R13,Medium,R13_OUT,0.0,0.0,5779.9394514712,0.0,0.2908805031446541,0.8,0.3333333333333333,7854.0,7853.206680474834
8,all,R14,High,R14_OUT,0.0,0.0,32740.888596692115,0.0,0.2908805031446541,0.8,0.3333333333333333,7854.0,7853.206680474834
8,all,R15,High,R15_OUT,0.0,0.0,21788.332203257083,0.0,0.2908805031446541,0.8,0.3333333333333333,7854.0,7853.206680474834
8,all,R16,High,R16_OUT,0.0,0.0,-6069.545079898332,-0.0,0.2908805031446541,0.8,0.3333333333333333,7854.0,7853.206680474834
8,all,R17,Medium,R17_OUT,0.002711496746203903,0.016534167220631918,-2105.7597185841296,-34.81698331354081,0.2908805031446541,0.8,0.3333333333333333,7854.0,7853.206680474834
8,all,R18,High,R18_OUT,0.0,0.0,9331.367356877781,0.0,0.2908805031446541,0.8,0.3333333333333333,7854.0,7853.206680474834
8,all,R19,High,R19_OUT,0.0,0.0,-6557.632788627847,-0.0,0.2908805031446541,0.8,0.3333333333333333,7854.0,7853.206680474834
8,all,R20,Very_High,R20_OUT,0.0,0.0,-9374.550183084146,-0.0,0.2908805031446541,0.8,0.3333333333333333,7854.0,7853.206680474834
9,all,R1,Very_Low,R1_OUT,0.2392857142857144,1.0,738.1454168973983,738.1454168973983,0.0644654088050314,0.8,0.0909090909090909,2422.0,738.1454168973983
9,all,R2,Low,R2_OUT,0.0,0.0,431.1841541581683,0.0,0.0644654088050314,0.8,0.0909090909090909,2422.0,738.1454168973983
9,all,R3,Medium,R3_OUT,0.0,0.0,192.61855109886358,0.0,0.0644654088050314,0.8,0.0909090909090909,2422.0,738.1454168973983
9,all,R4,Low,R4_OUT,0.0,0.0,7614.100467185743,0.0,0.0644654088050314,0.8,0.0909090909090909,2422.0,738.1454168973983
9,all,R5,Medium,R5_OUT,0.0,0.0,5727.549826937629,0.0,0.0644654088050314,0.8,0.0909090909090909,2422.0,738.1454168973983
9,all,R6,Medium,R6_OUT,0.0,0.0,-15609.269721675571,-0.0,0.0644654088050314,0.8,0.0909090909090909,2422.0,738.1454168973983
9,all,R7,Medium,R7_OUT,0.0,0.0,31180.658443624827,0.0,0.0644654088050314,0.8,0.0909090909090909,2422.0,738.1454168973983
9,all,R8,High,R8_OUT,0.0,0.0,37553.375192593674,0.0,0.0644654088050314,0.8,0.0909090909090909,2422.0,738.1454168973983
9,all,R9,Low,R9_OUT,0.0,0.0,-1943.5759034192445,-0.0,0.0644654088050314,0.8,0.0909090909090909,2422.0,738.1454168973983
9,all,R10,Medium,R10_OUT,0.0,0.0,-902.9769627957612,-0.0,0.0644654088050314,0.8,0.0909090909090909,2422.0,738.1454168973983
9,all,R11,Medium,R11_OUT,0.0,0.0,5336.519398334949,0.0,0.0644654088050314,0.8,0.0909090909090909,2422.0,738.1454168973983
9,all,R12,Medium,R12_OUT,0.0,0.0,-7724.017625269392,-0.0,0.0644654088050314,0.8,0.0909090909090909,2422.0,738.1454168973983
9,all,R13,Medium,R13_OUT,0.0,0.0,-9083.913278554784,-0.0,0.0644654088050314,0.8,0.0909090909090909,2422.0,738.1454168973983
9,all,R14,High,R14_OUT,0.0,0.0,55864.6304897061,0.0,0.0644654088050314,0.8,0.0909090909090909,2422.0,738.1454168973983
9,all,R15,High,R15_OUT,0.0,0.0,-11500.624699203712,-0.0,0.0644654088050314,0.8,0.0909090909090909,2422.0,738.1454168973983
9,all,R16,High,R16_OUT,0.0,0.0,-585.9468066745078,-0.0,0.0644654088050314,0.8,0.0909090909090909,2422.0,738.1454168973983
9,all,R17,Medium,R17_OUT,0.0,0.0,7431.188985181916,0.0,0.0644654088050314,0.8,0.0909090909090909,2422.0,738.1454168973983
9,all,R18,High,R18_OUT,0.0,0.0,22277.674066720836,0.0,0.0644654088050314,0.8,0.0909090909090909,2422.0,738.1454168973983
9,all,R19,High,R19_OUT,0.0,0.0,-9349.774949739138,-0.0,0.0644654088050314,0.8,0.0909090909090909,2422.0,738.1454168973983
9,all,R20,Very_High,R20_OUT,0.0,0.0,-12554.904672520872,-0.0,0.0644654088050314,0.8,0.0909090909090909,2422.0,738.1454168973983
10,all,R1,Very_Low,R1_OUT,0.0,0.0,13456.812980427443,0.0,0.2751572327044025,1.0,0.6060606060606061,4067.0,13321.89573587213
10,all,R2,Low,R2_OUT,0.0,0.0,3494.2887688480932,0.0,0.2751572327044025,1.0,0.6060606060606061,4067.0,13321.89573587213
10,all,R3,Medium,R3_OUT,0.0,0.0,4486.4852412535965,0.0,0.2751572327044025,1.0,0.6060606060606061,4067.0,13321.89573587213
10,all,R4,Low,R4_OUT,0.0,0.0,17610.67946669062,0.0,0.2751572327044025,1.0,0.6060606060606061,4067.0,13321.89573587213
10,all,R5,Medium,R5_OUT,0.0,0.0,8194.268642395175,0.0,0.2751572327044025,1.0,0.6060606060606061,4067.0,13321.89573587213
10,all,R6,Medium,R6_OUT,0.0,0.0,-14790.210333319534,-0.0,0.2751572327044025,1.0,0.6060606060606061,4067.0,13321.89573587213
10,all,R7,Medium,R7_OUT,0.0,0.0,-42853.70755758925,-0.0,0.2751572327044025,1.0,0.6060606060606061,4067.0,13321.89573587213
10,all,R8,High,R8_OUT,0.0,0.0,36678.00503348847,0.0,0.2751572327044025,1.0,0.6060606060606061,4067.0,13321.89573587213
10,all,R9,Low,R9_OUT,0.0,0.0,-2863.663823908857,-0.0,0.2751572327044025,1.0,0.6060606060606061,4067.0,13321.89573587213
10,all,R10,Medium,R10_OUT,0.0,0.0,9442.792342908739,0.0,0.2751572327044025,1.0,0.6060606060606061,4067.0,13321.89573587213
10,all,R11,Medium,R11_OUT,0.48000000000000004,1.0,13321.89573587213,13321.89573587213,0.2751572327044025,1.0,0.6060606060606061,4067.0,13321.89573587213
10,all,R12,Medium,R12_OUT,0.0,0.0,4055.513655260831,0.0,0.2751572327044025,1.0,0.6060606060606061,4067.0,13321.89573587213
10,all,R13,Medium,R13_OUT,0.0,0.0,6421.023906628077,0.0,0.2751572327044025,1.0,0.6060606060606061,4067.0,13321.89573587213
10,all,R14,High,R14_OUT,0.0,0.0,9152.236601840646,0.0,0.2751572327044025,1.0,0.6060606060606061,4067.0,13321.89573587213
10,all,R15,High,R15_OUT,0.0,0.0,58656.201523263124,0.0,0.2751572327044025,1.0,0.6060606060606061,4067.0,13321.89573587213
10,all,R16,High,R16_OUT,0.0,0.0,-3918.3195641341244,-0.0,0.2751572327044025,1.0,0.6060606060606061,4067.0,13321.89573587213
10,all,R17,Medium,R17_OUT,0.0,0.0,-9328.63076309294,-0.0,0.2751572327044025,1.0,0.6060606060606061,4067.0,13321.89573587213
10,all,R18,High,R18_OUT,0.0,0.0,6440.6330165122345,0.0,0.2751572327044025,1.0,0.6060606060606061,4067.0,13321.89573587213
10,all,R19,High,R19_OUT,0.0,0.0,-10609.917376279249,-0.0,0.2751572327044025,1.0,0.6060606060606061,4067.0,13321.89573587213
10,all,R20,Very_High,R20_OUT,0.0,0.0,-10677.422330393478,-0.0,0.2751572327044025,1.0,0.6060606060606061,4067.0,13321.89573587213
11,all,R1,Very_Low,R1_OUT,0.0,0.0,13370.47037818093,0.0,0.3286163522012578,0.6,0.4848484848484848,9051.0,9046.83176425381
11,all,R2,Low,R2_OUT,0.0,0.0,-2070.8385887696404,-0.0,0.3286163522012578,0.6,0.4848484848484848,9051.0,9046.83176425381
11,all,R3,Medium,R3_OUT,0.0,0.0,1262.0423491953825,0.0,0.3286163522012578,0.6,0.4848484848484848,9051.0,9046.83176425381
11,all,R4,Low,R4_OUT,0.0,0.0,12847.555035871967,0.0,0.3286163522012578,0.6,0.4848484848484848,9051.0,9046.83176425381
11,all,R5,Medium,R5_OUT,0.0,0.0,6471.868870161598,0.0,0.3286163522012578,0.6,0.4848484848484848,9051.0,9046.83176425381
11,all,R6,Medium,R6_OUT,0.0,0.0,-14234.09916811596,-0.0,0.3286163522012578,0.6,0.4848484848484848,9051.0,9046.83176425381
11,all,R7,Medium,R7_OUT,0.0,0.0,-43313.58264539065,-0.0,0.3286163522012578,0.6,0.4848484848484848,9051.0,9046.83176425381
11,all,R8,High,R8_OUT,0.0,0.0,25168.626393536164,0.0,0.3286163522012578,0.6,0.4848484848484848,9051.0,9046.83176425381
11,all,R9,Low,R9_OUT,0.0,0.0,-241.42652760546935,-0.0,0.3286163522012578,0.6,0.4848484848484848,9051.0,9046.83176425381
11,all,R10,Medium,R10_OUT,0.0,0.0,18897.973350675355,0.0,0.3286163522012578,0.6,0.4848484848484848,9051.0,9046.83176425381
11,all,R11,Medium,R11_OUT,0.0,0.0,13017.970451650071,0.0,0.3286163522012578,0.6,0.4848484848484848,9051.0,9046.83176425381
11,all,R12,Medium,R12_OUT,0.0,0.0,2930.6466767117254,0.0,0.3286163522012578,0.6,0.4848484848484848,9051.0,9046.83176425381
11,all,R13,Medium,R13_OUT,0.0,0.0,7508.807487937451,0.0,0.3286163522012578,0.6,0.4848484848484848,9051.0,9046.83176425381
11,all,R14,High,R14_OUT,0.1805128205128207,1.0,9046.83176425381,9046.83176425381,0.3286163522012578,0.6,0.4848484848484848,9051.0,9046.83176425381
11,all,R15,High,R15_OUT,0.0,0.0,41944.422402790595,0.0,0.3286163522012578,0.6,0.4848484848484848,9051.0,9046.83176425381
11,all,R16,High,R16_OUT,0.0,0.0,-3436.504926126938,-0.0,0.3286163522012578,0.6,0.4848484848484848,9051.0,9046.83176425381
11,all,R17,Medium,R17_OUT,0.0,0.0,-11572.395268070555,-0.0,0.3286163522012578,0.6,0.4848484848484848,9051.0,9046.83176425381
11,all,R18,High,R18_OUT,0.0,0.0,-151.81065000954914,-0.0,0.3286163522012578,0.6,0.4848484848484848,9051.0,9046.83176425381
11,all,R19,High,R19_OUT,0.0,0.0,-4668.312983181388,-0.0,0.3286163522012578,0.6,0.4848484848484848,9051.0,9046.83176425381
11,all,R20,Very_High,R20_OUT,0.0,0.0,-10471.493111475535,-0.0,0.3286163522012578,0.6,0.4848484848484848,9051.0,9046.83176425381
12,all,R1,Very_Low,R1_OUT,0.0,0.05,-3922.53553747362,-196.12677687368102,0.040880503144654,0.4,0.0606060606060606,2282.0,2445.7282137062175
12,all,R2,Low,R2_OUT,0.0,0.05,-6964.69402205798,-348.234701102899,0.040880503144654,0.4,0.0606060606060606,2282.0,2445.7282137062175
12,all,R3,Medium,R3_OUT,0.0,0.05,-5143.50181405741,-257.17509070287053,0.040880503144654,0.4,0.0606060606060606,2282.0,2445.7282137062175
12,all,R4,Low,R4_OUT,0.0,0.05,1839.4931299879768,91.97465649939885,0.040880503144654,0.4,0.0606060606060606,2282.0,2445.7282137062175
12,all,R5,Medium,R5_OUT,0.0,0.05,409.047261333366,20.4523630666683,0.040880503144654,0.4,0.0606060606060606,2282.0,2445.7282137062175
12,all,R6,Medium,R6_OUT,0.0,0.05,-17395.901846013814,-869.7950923006907,0.040880503144654,0.4,0.0606060606060606,2282.0,2445.7282137062175
12,all,R7,Medium,R7_OUT,0.0,0.05,27572.527493592435,1378.626374679622,0.040880503144654,0.4,0.0606060606060606,2282.0,2445.7282137062175
12,all,R8,High,R8_OUT,0.0,0.05,30010.018845470495,1500.5009422735247,0.040880503144654,0.4,0.0606060606060606,2282.0,2445.7282137062175
12,all,R9,Low,R9_OUT,0.0,0.05,-2256.352961595927,-112.81764807979636,0.040880503144654,0.4,0.0606060606060606,2282.0,2445.7282137062175
12,all,R10,Medium,R10_OUT,0.0,0.05,9635.010503160658,481.75052515803293,0.040880503144654,0.4,0.0606060606060606,2282.0,2445.7282137062175
12,all,R11,Medium,R11_OUT,0.0,0.05,10188.497770234146,509.4248885117073,0.040880503144654,0.4,0.0606060606060606,2282.0,2445.7282137062175
12,all,R12,Medium,R12_OUT,0.0,0.05,-11218.172803625004,-560.9086401812502,0.040880503144654,0.4,0.0606060606060606,2282.0,2445.7282137062175
12,all,R13,Medium,R13_OUT,0.0,0.05,-12653.715797225166,-632.6857898612584,0.040880503144654,0.4,0.0606060606060606,2282.0,2445.7282137062175
12,all,R14,High,R14_OUT,0.0,0.05,44137.971463268106,2206.898573163405,0.040880503144654,0.4,0.0606060606060606,2282.0,2445.7282137062175
12,all,R15,High,R15_OUT,0.0,0.05,-16262.098137371004,-813.1049068685502,0.040880503144654,0.4,0.0606060606060606,2282.0,2445.7282137062175
12,all,R16,High,R16_OUT,0.0,0.05,4063.0392885828232,203.15196442914117,0.040880503144654,0.4,0.0606060606060606,2282.0,2445.7282137062175
12,all,R17,Medium,R17_OUT,0.0,0.05,1611.1352065118667,80.55676032559334,0.040880503144654,0.4,0.0606060606060606,2282.0,2445.7282137062175
12,all,R18,High,R18_OUT,0.0,0.05,15280.192328050613,764.0096164025307,0.040880503144654,0.4,0.0606060606060606,2282.0,2445.7282137062175
12,all,R19,High,R19_OUT,0.0,0.05,-5411.827318104456,-270.5913659052228,0.040880503144654,0.4,0.0606060606060606,2282.0,2445.7282137062175
12,all,R20,Very_High,R20_OUT,0.0,0.05,-14603.568778543753,-730.1784389271877,0.040880503144654,0.4,0.0606060606060606,2282.0,2445.7282137062175
13,all,R1,Very_Low,R1_OUT,0.007500000000000008,0.020970957745802224,10647.230974604026,223.28263087821767,0.2421383647798742,0.8,0.2121212121212121,4172.0,4172.224928230384
13,all,R2,Low,R2_OUT,0.040000000000000036,0.11184510797761182,2238.7923559992764,250.39797279619106,0.2421383647798742,0.8,0.2121212121212121,4172.0,4172.224928230384
13,all,R3,Medium,R3_OUT,0.0,0.0,3339.5211847328655,0.0,0.2421383647798742,0.8,0.2121212121212121,4172.0,4172.224928230384
13,all,R4,Low,R4_OUT,0.0,0.0,11972.317496100499,0.0,0.2421383647798742,0.8,0.2121212121212121,4172.0,4172.224928230384
13,all,R5,Medium,R5_OUT,0.0,0.0,9753.05552960154,0.0,0.2421383647798742,0.8,0.2121212121212121,4172.0,4172.224928230384
13,all,R6,Medium,R6_OUT,0.0,0.0,-12963.739891412475,-0.0,0.2421383647798742,0.8,0.2121212121212121,4172.0,4172.224928230384
13,all,R7,Medium,R7_OUT,0.0,0.0,627.918333403948,0.0,0.2421383647798742,0.8,0.2121212121212121,4172.0,4172.224928230384
13,all,R8,High,R8_OUT,0.0,0.0,30925.418843447966,0.0,0.2421383647798742,0.8,0.2121212121212121,4172.0,4172.224928230384
13,all,R9,Low,R9_OUT,0.048969072164948474,0.13692377909630307,927.8905107532892,127.05027531993919,0.2421383647798742,0.8,0.2121212121212121,4172.0,4172.224928230384
13,all,R10,Medium,R10_OUT,0.2611683848797251,0.7302601551802828,4890.714663672596,3571.4940492360342,0.2421383647798742,0.8,0.2121212121212121,4172.0,4172.224928230384
13,all,R11,Medium,R11_OUT,0.0,0.0,4129.268083709273,0.0,0.2421383647798742,0.8,0.2121212121212121,4172.0,4172.224928230384
13,all,R12,Medium,R12_OUT,0.0,0.0,-496.71060143884824,-0.0,0.2421383647798742,0.8,0.2121212121212121,4172.0,4172.224928230384
13,all,R13,Medium,R13_OUT,0.0,0.0,2420.7583857137397,0.0,0.2421383647798742,0.8,0.2121212121212121,4172.0,4172.224928230384
13,all,R14,High,R14_OUT,0.0,0.0,45476.97206880889,0.0,0.2421383647798742,0.8,0.2121212121212121,4172.0,4172.224928230384
13,all,R15,High,R15_OUT,0.0,0.0,5356.039959801641,0.0,0.2421383647798742,0.8,0.2121212121212121,4172.0,4172.224928230384
13,all,R16,High,R16_OUT,0.0,0.0,-5805.06976074343,-0.0,0.2421383647798742,0.8,0.2121212121212121,4172.0,4172.224928230384
13,all,R17,Medium,R17_OUT,0.0,0.0,2662.688166318183,0.0,0.2421383647798742,0.8,0.2121212121212121,4172.0,4172.224928230384
13,all,R18,High,R18_OUT,0.0,0.0,14033.23037485027,0.0,0.2421383647798742,0.8,0.2121212121212121,4172.0,4172.224928230384
13,all,R19,High,R19_OUT,0.0,0.0,-6739.343549308964,-0.0,0.2421383647798742,0.8,0.2121212121212121,4172.0,4172.224928230384
13,all,R20,Very_High,R20_OUT,0.0,0.0,-9592.530567631018,-0.0,0.2421383647798742,0.8,0.2121212121212121,4172.0,4172.224928230384
14,all,R1,Very_Low,R1_OUT,0.0,0.0,21610.650614677215,0.0,0.4056603773584906,1.0,0.2424242424242424,4977.0,4976.599277257772
14,all,R2,Low,R2_OUT,0.0,0.0,8125.182603184519,0.0,0.4056603773584906,1.0,0.2424242424242424,4977.0,4976.599277257772
14,all,R3,Medium,R3_OUT,0.0,0.0,9155.105020295838,0.0,0.4056603773584906,1.0,0.2424242424242424,4977.0,4976.599277257772
14,all,R4,Low,R4_OUT,0.0,0.0,18040.48801466415,0.0,0.4056603773584906,1.0,0.2424242424242424,4977.0,4976.599277257772
14,all,R5,Medium,R5_OUT,0.0,0.0,16989.73608539827,0.0,0.4056603773584906,1.0,0.2424242424242424,4977.0,4976.599277257772
14,all,R6,Medium,R6_OUT,0.0,0.0,-9074.853211287016,-0.0,0.4056603773584906,1.0,0.2424242424242424,4977.0,4976.599277257772
14,all,R7,Medium,R7_OUT,0.0,0.0,-13560.932243924253,-0.0,0.4056603773584906,1.0,0.2424242424242424,4977.0,4976.599277257772
14,all,R8,High,R8_OUT,0.0,0.0,28364.419186880674,0.0,0.4056603773584906,1.0,0.2424242424242424,4977.0,4976.599277257772
14,all,R9,Low,R9_OUT,0.0,0.0,4577.227981619871,0.0,0.4056603773584906,1.0,0.2424242424242424,4977.0,4976.599277257772
14,all,R10,Medium,R10_OUT,0.0,0.0,2355.2432535682674,0.0,0.4056603773584906,1.0,0.2424242424242424,4977.0,4976.599277257772
14,all,R11,Medium,R11_OUT,0.0,0.0,-2180.734499407459,-0.0,0.4056603773584906,1.0,0.2424242424242424,4977.0,4976.599277257772
14,all,R12,Medium,R12_OUT,0.0,0.0,6951.404122914724,0.0,0.4056603773584906,1.0,0.2424242424242424,4977.0,4976.599277257772
14,all,R13,Medium,R13_OUT,0.0,0.0,13826.484920794064,0.0,0.4056603773584906,1.0,0.2424242424242424,4977.0,4976.599277257772
14,all,R14,High,R14_OUT,0.0,0.0,52401.00907934514,0.0,0.4056603773584906,1.0,0.2424242424242424,4977.0,4976.599277257772
14,all,R15,High,R15_OUT,0.0,0.0,10270.172904321014,0.0,0.4056603773584906,1.0,0.2424242424242424,4977.0,4976.599277257772
14,all,R16,High,R16_OUT,0.0,0.0,-13759.259262094645,-0.0,0.4056603773584906,1.0,0.2424242424242424,4977.0,4976.599277257772
14,all,R17,Medium,R17_OUT,0.18004338394793928,1.0,4976.599277257772,4976.599277257772,0.4056603773584906,1.0,0.2424242424242424,4977.0,4976.599277257772
14,all,R18,High,R18_OUT,0.0,0.0,12942.634282550898,0.0,0.4056603773584906,1.0,0.2424242424242424,4977.0,4976.599277257772
14,all,R19,High,R19_OUT,0.0,0.0,-5942.185846178281,-0.0,0.4056603773584906,1.0,0.2424242424242424,4977.0,4976.599277257772
14,all,R20,Very_High,R20_OUT,0.0,0.0,-5440.957450127213,-0.0,0.4056603773584906,1.0,0.2424242424242424,4977.0,4976.599277257772
15,all,R1,Very_Low,R1_OUT,0.030357142857142885,0.1258426394647809,4902.230890074031,616.9096744726982,0.1415094339622641,0.8,0.2121212121212121,1617.0,1617.0323960368319
15,all,R2,Low,R2_OUT,0.161904761904762,0.6711607438121645,714.0578058783663,479.24756811820646,0.1415094339622641,0.8,0.2121212121212121,1617.0,1617.0323960368319
15,all,R3,Medium,R3_OUT,0.0,0.0,1199.7179346939272,0.0,0.1415094339622641,0.8,0.2121212121212121,1617.0,1617.0323960368319
15,all,R4,Low,R4_OUT,0.0,0.0,9924.247788465571,0.0,0.1415094339622641,0.8,0.2121212121212121,1617.0,1617.0323960368319
15,all,R5,Medium,R5_OUT,0.0,0.0,6587.636071630761,0.0,0.1415094339622641,0.8,0.2121212121212121,1617.0,1617.0323960368319
15,all,R6,Medium,R6_OUT,0.0,0.0,-15034.177292409147,-0.0,0.1415094339622641,0.8,0.2121212121212121,1617.0,1617.0323960368319
15,all,R7,Medium,R7_OUT,0.0,0.0,10086.184876266147,0.0,0.1415094339622641,0.8,0.2121212121212121,1617.0,1617.0323960368319
15,all,R8,High,R8_OUT,0.0,0.0,35201.8101069998,0.0,0.1415094339622641,0.8,0.2121212121212121,1617.0,1617.0323960368319
15,all,R9,Low,R9_OUT,0.007731958762886602,0.03205209737732441,-1507.0351458224577,-48.30363724495171,0.1415094339622641,0.8,0.2121212121212121,1617.0,1617.0323960368319
15,all,R10,Medium,R10_OUT,0.04123711340206186,0.17094451934573013,3329.611226316825,569.1787906908768,0.1415094339622641,0.8,0.2121212121212121,1617.0,1617.0323960368319
15,all,R11,Medium,R11_OUT,0.0,0.0,7029.648622728287,0.0,0.1415094339622641,0.8,0.2121212121212121,1617.0,1617.0323960368319
15,all,R12,Medium,R12_OUT,0.0,0.0,-4224.151214010682,-0.0,0.1415094339622641,0.8,0.2121212121212121,1617.0,1617.0323960368319
15,all,R13,Medium,R13_OUT,0.0,0.0,-3936.6976911729453,-0.0,0.1415094339622641,0.8,0.2121212121212121,1617.0,1617.0323960368319
15,all,R14,High,R14_OUT,0.0,0.0,43644.054955661915,0.0,0.1415094339622641,0.8,0.2121212121212121,1617.0,1617.0323960368319
15,all,R15,High,R15_OUT,0.0,0.0,5024.822464738292,0.0,0.1415094339622641,0.8,0.2121212121212121,1617.0,1617.0323960368319
15,all,R16,High,R16_OUT,0.0,0.0,-1938.0277042251678,-0.0,0.1415094339622641,0.8,0.2121212121212121,1617.0,1617.0323960368319
15,all,R17,Medium,R17_OUT,0.0,0.0,2662.7294806295376,0.0,0.1415094339622641,0.8,0.2121212121212121,1617.0,1617.0323960368319
15,all,R18,High,R18_OUT,0.0,0.0,16798.17138862438,0.0,0.1415094339622641,0.8,0.2121212121212121,1617.0,1617.0323960368319
15,all,R19,High,R19_OUT,0.0,0.0,-8634.930390088715,-0.0,0.1415094339622641,0.8,0.2121212121212121,1617.0,1617.0323960368319
15,all,R20,Very_High,R20_OUT,0.0,0.0,-11734.496398142614,-0.0,0.1415094339622641,0.8,0.2121212121212121,1617.0,1617.0323960368319
16,all,R1,Very_Low,R1_OUT,0.09214285714285717,0.15789473684210528,2638.945388807015,416.6755877063709,0.0723270440251572,1.0,0.2121212121212121,3192.0,3191.93850599103
16,all,R2,Low,R2_OUT,0.49142857142857144,0.8421052631578947,3295.6247154630364,2775.262918284662,0.0723270440251572,1.0,0.2121212121212121,3192.0,3191.93850599103
16,all,R3,Medium,R3_OUT,0.0,0.0,2224.803624470854,0.0,0.0723270440251572,1.0,0.2121212121212121,3192.0,3191.93850599103
16,all,R4,Low,R4_OUT,0.0,0.0,11070.733620280495,0.0,0.0723270440251572,1.0,0.2121212121212121,3192.0,3191.93850599103
16,all,R5,Medium,R5_OUT,0.0,0.0,6895.143637824,0.0,0.0723270440251572,1.0,0.2121212121212121,3192.0,3191.93850599103
16,all,R6,Medium,R6_OUT,0.0,0.0,-15680.655550620579,-0.0,0.0723270440251572,1.0,0.2121212121212121,3192.0,3191.93850599103
16,all,R7,Medium,R7_OUT,0.0,0.0,21232.822740676747,0.0,0.0723270440251572,1.0,0.2121212121212121,3192.0,3191.93850599103
16,all,R8,High,R8_OUT,0.0,0.0,42299.32850350538,0.0,0.0723270440251572,1.0,0.2121212121212121,3192.0,3191.93850599103
16,all,R9,Low,R9_OUT,0.0,0.0,-3131.5384562325344,-0.0,0.0723270440251572,1.0,0.2121212121212121,3192.0,3191.93850599103
16,all,R10,Medium,R10_OUT,0.0,0.0,-3575.2539751444856,-0.0,0.0723270440251572,1.0,0.2121212121212121,3192.0,3191.93850599103
16,all,R11,Medium,R11_OUT,0.0,0.0,6448.342767448079,0.0,0.0723270440251572,1.0,0.2121212121212121,3192.0,3191.93850599103
16,all,R12,Medium,R12_OUT,0.0,0.0,-5557.254079294073,-0.0,0.0723270440251572,1.0,0.2121212121212121,3192.0,3191.93850599103
16,all,R13,Medium,R13_OUT,0.0,0.0,-7302.535403521941,-0.0,0.0723270440251572,1.0,0.2121212121212121,3192.0,3191.93850599103
16,all,R14,High,R14_OUT,0.0,0.0,49735.44681674513,0.0,0.0723270440251572,1.0,0.2121212121212121,3192.0,3191.93850599103
16,all,R15,High,R15_OUT,0.0,0.0,5105.0502596026345,0.0,0.0723270440251572,1.0,0.2121212121212121,3192.0,3191.93850599103
16,all,R16,High,R16_OUT,0.0,0.0,-1351.8382441206859,-0.0,0.0723270440251572,1.0,0.2121212121212121,3192.0,3191.93850599103
16,all,R17,Medium,R17_OUT,0.0,0.0,6168.843099234822,0.0,0.0723270440251572,1.0,0.2121212121212121,3192.0,3191.93850599103
16,all,R18,High,R18_OUT,0.0,0.0,22942.150069284053,0.0,0.0723270440251572,1.0,0.2121212121212121,3192.0,3191.93850599103
16,all,R19,High,R19_OUT,0.0,0.0,-12037.201227430814,-0.0,0.0723270440251572,1.0,0.2121212121212121,3192.0,3191.93850599103
16,all,R20,Very_High,R20_OUT,0.0,0.0,-12331.335685045075,-0.0,0.0723270440251572,1.0,0.2121212121212121,3192.0,3191.93850599103
17,all,R1,Very_Low,R1_OUT,0.0,0.05,21856.20660192484,1092.810330096242,0.4150943396226415,1.0,0.3939393939393939,3437.0,7127.307933531886
17,all,R2,Low,R2_OUT,0.0,0.05,7162.499919488199,358.12499597441,0.4150943396226415,1.0,0.3939393939393939,3437.0,7127.307933531886
17,all,R3,Medium,R3_OUT,0.0,0.05,8566.72722534199,428.33636126709956,0.4150943396226415,1.0,0.3939393939393939,3437.0,7127.307933531886
17,all,R4,Low,R4_OUT,0.0,0.05,19160.111988969722,958.0055994484861,0.4150943396226415,1.0,0.3939393939393939,3437.0,7127.307933531886
17,all,R5,Medium,R5_OUT,0.0,0.05,15332.196624813343,766.6098312406672,0.4150943396226415,1.0,0.3939393939393939,3437.0,7127.307933531886
17,all,R6,Medium,R6_OUT,0.0,0.05,-10143.357462283144,-507.1678731141572,0.4150943396226415,1.0,0.3939393939393939,3437.0,7127.307933531886
17,all,R7,Medium,R7_OUT,0.0,0.05,-31763.88003916733,-1588.1940019583665,0.4150943396226415,1.0,0.3939393939393939,3437.0,7127.307933531886
17,all,R8,High,R8_OUT,0.0,0.05,29116.691225376446,1455.8345612688224,0.4150943396226415,1.0,0.3939393939393939,3437.0,7127.307933531886
17,all,R9,Low,R9_OUT,0.0,0.05,3020.878264150073,151.04391320750366,0.4150943396226415,1.0,0.3939393939393939,3437.0,7127.307933531886
17,all,R10,Medium,R10_OUT,0.0,0.05,6298.307163179215,314.91535815896077,0.4150943396226415,1.0,0.3939393939393939,3437.0,7127.307933531886
17,all,R11,Medium,R11_OUT,0.0,0.05,2439.521168284222,121.9760584142111,0.4150943396226415,1.0,0.3939393939393939,3437.0,7127.307933531886
17,all,R12,Medium,R12_OUT,0.0,0.05,8108.407545666334,405.4203772833167,0.4150943396226415,1.0,0.3939393939393939,3437.0,7127.307933531886
17,all,R13,Medium,R13_OUT,0.0,0.05,14772.231776146531,738.6115888073266,0.4150943396226415,1.0,0.3939393939393939,3437.0,7127.307933531886
17,all,R14,High,R14_OUT,0.0,0.05,35542.966685205996,1777.1483342602999,0.4150943396226415,1.0,0.3939393939393939,3437.0,7127.307933531886
17,all,R15,High,R15_OUT,0.0,0.05,30641.048006088364,1532.0524003044184,0.4150943396226415,1.0,0.3939393939393939,3437.0,7127.307933531886
17,all,R16,High,R16_OUT,0.0,0.05,-12111.015483679315,-605.5507741839658,0.4150943396226415,1.0,0.3939393939393939,3437.0,7127.307933531886
17,all,R17,Medium,R17_OUT,0.0,0.05,-983.9394375623542,-49.196971878117715,0.4150943396226415,1.0,0.3939393939393939,3437.0,7127.307933531886
17,all,R18,High,R18_OUT,0.0,0.05,8480.177669477507,424.00888347387536,0.4150943396226415,1.0,0.3939393939393939,3437.0,7127.307933531886
17,all,R19,High,R19_OUT,0.0,0.05,-6685.054724007149,-334.2527362003575,0.4150943396226415,1.0,0.3939393939393939,3437.0,7127.307933531886
17,all,R20,Very_High,R20_OUT,0.0,0.05,-6264.566046775727,-313.22830233878636,0.4150943396226415,1.0,0.3939393939393939,3437.0,7127.307933531886
18,all,R1,Very_Low,R1_OUT,0.0,0.05,21426.52331356843,1071.3261656784214,0.4371069182389937,0.8,0.3939393939393939,4494.0,5856.292157273642
18,all,R2,Low,R2_OUT,0.0,0.05,3866.2136895343538,193.3106844767177,0.4371069182389937,0.8,0.3939393939393939,4494.0,5856.292157273642
18,all,R3,Medium,R3_OUT,0.0,0.05,6538.608762109312,326.9304381054656,0.4371069182389937,0.8,0.3939393939393939,4494.0,5856.292157273642
18,all,R4,Low,R4_OUT,0.0,0.05,17053.593481700926,852.6796740850464,0.4371069182389937,0.8,0.3939393939393939,4494.0,5856.292157273642
18,all,R5,Medium,R5_OUT,0.0,0.05,13540.898687696303,677.0449343848152,0.4371069182389937,0.8,0.3939393939393939,4494.0,5856.292157273642
18,all,R6,Medium,R6_OUT,0.0,0.05,-10467.396735788901,-523.3698367894451,0.4371069182389937,0.8,0.3939393939393939,4494.0,5856.292157273642
18,all,R7,Medium,R7_OUT,0.0,0.05,-38476.95546161128,-1923.8477730805641,0.4371069182389937,0.8,0.3939393939393939,4494.0,5856.292157273642
18,all,R8,High,R8_OUT,0.0,0.05,24023.731233660787,1201.1865616830394,0.4371069182389937,0.8,0.3939393939393939,4494.0,5856.292157273642
18,all,R9,Low,R9_OUT,0.0,0.05,3504.0101730402707,175.20050865201355,0.4371069182389937,0.8,0.3939393939393939,4494.0,5856.292157273642
18,all,R10,Medium,R10_OUT,0.0,0.05,12471.40512838001,623.5702564190005,0.4371069182389937,0.8,0.3939393939393939,4494.0,5856.292157273642
18,all,R11,Medium,R11_OUT,0.0,0.05,4380.38040122959,219.0190200614795,0.4371069182389937,0.8,0.3939393939393939,4494.0,5856.292157273642
18,all,R12,Medium,R12_OUT,0.0,0.05,7694.272623806679,384.71363119033396,0.4371069182389937,0.8,0.3939393939393939,4494.0,5856.292157273642
18,all,R13,Medium,R13_OUT,0.0,0.05,15158.0119524549,757.9005976227451,0.4371069182389937,0.8,0.3939393939393939,4494.0,5856.292157273642
18,all,R14,High,R14_OUT,0.0,0.05,28592.394927335146,1429.6197463667575,0.4371069182389937,0.8,0.3939393939393939,4494.0,5856.292157273642
18,all,R15,High,R15_OUT,0.0,0.05,30405.562010413076,1520.2781005206539,0.4371069182389937,0.8,0.3939393939393939,4494.0,5856.292157273642
18,all,R16,High,R16_OUT,0.0,0.05,-10884.528979790866,-544.2264489895433,0.4371069182389937,0.8,0.3939393939393939,4494.0,5856.292157273642
18,all,R17,Medium,R17_OUT,0.0,0.05,-4490.03369008419,-224.50168450420952,0.4371069182389937,0.8,0.3939393939393939,4494.0,5856.292157273642
18,all,R18,High,R18_OUT,0.0,0.05,3632.2650890244513,181.6132544512226,0.4371069182389937,0.8,0.3939393939393939,4494.0,5856.292157273642
18,all,R19,High,R19_OUT,0.0,0.05,-4171.340218280557,-208.56701091402783,0.4371069182389937,0.8,0.3939393939393939,4494.0,5856.292157273642
18,all,R20,Very_High,R20_OUT,0.0,0.05,-6671.773242925575,-333.58866214627875,0.4371069182389937,0.8,0.3939393939393939,4494.0,5856.292157273642
19,all,R1,Very_Low,R1_OUT,0.43142857142857155,1.0,839.9242721560602,839.9242721560602,0.0377358490566037,1.0,0.1212121212121212,840.0,839.9242721560602
19,all,R2,Low,R2_OUT,0.0,0.0,3434.8731425210653,0.0,0.0377358490566037,1.0,0.1212121212121212,840.0,839.9242721560602
19,all,R3,Medium,R3_OUT,0.0,0.0,1962.6368670569668,0.0,0.0377358490566037,1.0,0.1212121212121212,840.0,839.9242721560602
19,all,R4,Low,R4_OUT,0.0,0.0,9810.139194752108,0.0,0.0377358490566037,1.0,0.1212121212121212,840.0,839.9242721560602
19,all,R5,Medium,R5_OUT,0.0,0.0,6979.609220008353,0.0,0.0377358490566037,1.0,0.1212121212121212,840.0,839.9242721560602
19,all,R6,Medium,R6_OUT,0.0,0.0,-15634.803752809446,-0.0,0.0377358490566037,1.0,0.1212121212121212,840.0,839.9242721560602
19,all,R7,Medium,R7_OUT,0.0,0.0,34873.84304889549,0.0,0.0377358490566037,1.0,0.1212121212121212,840.0,839.9242721560602
19,all,R8,High,R8_OUT,0.0,0.0,43077.427768679074,0.0,0.0377358490566037,1.0,0.1212121212121212,840.0,839.9242721560602
19,all,R9,Low,R9_OUT,0.0,0.0,-2897.7697520161846,-0.0,0.0377358490566037,1.0,0.1212121212121212,840.0,839.9242721560602
19,all,R10,Medium,R10_OUT,0.0,0.0,-6389.909559150839,-0.0,0.0377358490566037,1.0,0.1212121212121212,840.0,839.9242721560602
19,all,R11,Medium,R11_OUT,0.0,0.0,4510.048771801039,0.0,0.0377358490566037,1.0,0.1212121212121212,840.0,839.9242721560602
19,all,R12,Medium,R12_OUT,0.0,0.0,-7323.095309059443,-0.0,0.0377358490566037,1.0,0.1212121212121212,840.0,839.9242721560602
19,all,R13,Medium,R13_OUT,0.0,0.0,-9697.752138838347,-0.0,0.0377358490566037,1.0,0.1212121212121212,840.0,839.9242721560602
19,all,R14,High,R14_OUT,0.0,0.0,59323.30858319885,0.0,0.0377358490566037,1.0,0.1212121212121212,840.0,839.9242721560602
19,all,R15,High,R15_OUT,0.0,0.0,-7212.6998312884825,-0.0,0.0377358490566037,1.0,0.1212121212121212,840.0,839.9242721560602
19,all,R16,High,R16_OUT,0.0,0.0,-1229.0099199208817,-0.0,0.0377358490566037,1.0,0.1212121212121212,840.0,839.9242721560602
19,all,R17,Medium,R17_OUT,0.0,0.0,9745.178205991411,0.0,0.0377358490566037,1.0,0.1212121212121212,840.0,839.9242721560602
19,all,R18,High,R18_OUT,0.0,0.0,26414.544578588142,0.0,0.0377358490566037,1.0,0.1212121212121212,840.0,839.9242721560602
19,all,R19,High,R19_OUT,0.0,0.0,-12136.461117457675,-0.0,0.0377358490566037,1.0,0.1212121212121212,840.0,839.9242721560602
19,all,R20,Very_High,R20_OUT,0.0,0.0,-12452.98570332805,-0.0,0.0377358490566037,1.0,0.1212121212121212,840.0,839.9242721560602
20,all,R1,Very_Low,R1_OUT,0.0,0.0,11875.612802913027,0.0,0.3034591194968553,0.6,0.5151515151515151,5180.0,5182.626811267728
20,all,R2,Low,R2_OUT,0.0,0.0,-2673.1475358538987,-0.0,0.3034591194968553,0.6,0.5151515151515151,5180.0,5182.626811267728
20,all,R3,Medium,R3_OUT,0.0,0.0,569.294666756648,0.0,0.3034591194968553,0.6,0.5151515151515151,5180.0,5182.626811267728
20,all,R4,Low,R4_OUT,0.0,0.0,12521.061096806196,0.0,0.3034591194968553,0.6,0.5151515151515151,5180.0,5182.626811267728
20,all,R5,Medium,R5_OUT,0.0,0.0,5289.6544987149655,0.0,0.3034591194968553,0.6,0.5151515151515151,5180.0,5182.626811267728
20,all,R6,Medium,R6_OUT,0.0,0.0,-15004.23006983304,-0.0,0.3034591194968553,0.6,0.5151515151515151,5180.0,5182.626811267728
20,all,R7,Medium,R7_OUT,0.0,0.0,-44412.26307104506,-0.0,0.3034591194968553,0.6,0.5151515151515151,5180.0,5182.626811267728
20,all,R8,High,R8_OUT,0.0,0.0,26468.36095331487,0.0,0.3034591194968553,0.6,0.5151515151515151,5180.0,5182.626811267728
20,all,R9,Low,R9_OUT,0.0,0.0,-1207.0827413041607,-0.0,0.3034591194968553,0.6,0.5151515151515151,5180.0,5182.626811267728
20,all,R10,Medium,R10_OUT,0.0,0.0,19267.039583808182,0.0,0.3034591194968553,0.6,0.5151515151515151,5180.0,5182.626811267728
20,all,R11,Medium,R11_OUT,0.0,0.0,14721.498855049766,0.0,0.3034591194968553,0.6,0.5151515151515151,5180.0,5182.626811267728
20,all,R12,Medium,R12_OUT,0.0,0.0,2160.297696633368,0.0,0.3034591194968553,0.6,0.5151515151515151,5180.0,5182.626811267728
20,all,R13,Medium,R13_OUT,0.0,0.0,5989.390538344651,0.0,0.3034591194968553,0.6,0.5151515151515151,5180.0,5182.626811267728
20,all,R14,High,R14_OUT,0.2769230769230771,1.0,5182.626811267728,5182.626811267728,0.3034591194968553,0.6,0.5151515151515151,5180.0,5182.626811267728
20,all,R15,High,R15_OUT,0.0,0.0,45929.58272134579,0.0,0.3034591194968553,0.6,0.5151515151515151,5180.0,5182.626811267728
20,all,R16,High,R16_OUT,0.0,0.0,-2067.58861775459,-0.0,0.3034591194968553,0.6,0.5151515151515151,5180.0,5182.626811267728
20,all,R17,Medium,R17_OUT,0.0,0.0,-12764.491907813404,-0.0,0.3034591194968553,0.6,0.5151515151515151,5180.0,5182.626811267728
20,all,R18,High,R18_OUT,0.0,0.0,-301.2240751724348,-0.0,0.3034591194968553,0.6,0.5151515151515151,5180.0,5182.626811267728
20,all,R19,High,R19_OUT,0.0,0.0,-5326.325722206719,-0.0,0.3034591194968553,0.6,0.5151515151515151,5180.0,5182.626811267728
20,all,R20,Very_High,R20_OUT,0.0,0.0,-11211.868147755227,-0.0,0.3034591194968553,0.6,0.5151515151515151,5180.0,5182.626811267728
21,all,R1,Very_Low,R1_OUT,0.0,0.05,29872.511260263356,1493.625563013168,0.6053459119496856,0.6,0.1212121212121212,5775.0,7324.306653410749
21,all,R2,Low,R2_OUT,0.0,0.05,4775.685138711233,238.78425693556164,0.6053459119496856,0.6,0.1212121212121212,5775.0,7324.306653410749
21,all,R3,Medium,R3_OUT,0.0,0.05,9040.063725950458,452.0031862975229,0.6053459119496856,0.6,0.1212121212121212,5775.0,7324.306653410749
21,all,R4,Low,R4_OUT,0.0,0.05,16253.464877752496,812.6732438876248,0.6053459119496856,0.6,0.1212121212121212,5775.0,7324.306653410749
21,all,R5,Medium,R5_OUT,0.0,0.05,19867.086463028478,993.354323151424,0.6053459119496856,0.6,0.1212121212121212,5775.0,7324.306653410749
21,all,R6,Medium,R6_OUT,0.0,0.05,-5510.137697760152,-275.5068848880076,0.6053459119496856,0.6,0.1212121212121212,5775.0,7324.306653410749
21,all,R7,Medium,R7_OUT,0.0,0.05,-27764.850901822298,-1388.242545091115,0.6053459119496856,0.6,0.1212121212121212,5775.0,7324.306653410749
21,all,R8,High,R8_OUT,0.0,0.05,10640.909492079605,532.0454746039803,0.6053459119496856,0.6,0.1212121212121212,5775.0,7324.306653410749
21,all,R9,Low,R9_OUT,0.0,0.05,10737.716622634889,536.8858311317445,0.6053459119496856,0.6,0.1212121212121212,5775.0,7324.306653410749
21,all,R10,Medium,R10_OUT,0.0,0.05,14078.90269374249,703.9451346871246,0.6053459119496856,0.6,0.1212121212121212,5775.0,7324.306653410749
21,all,R11,Medium,R11_OUT,0.0,0.05,-6699.275254391524,-334.9637627195762,0.6053459119496856,0.6,0.1212121212121212,5775.0,7324.306653410749
21,all,R12,Medium,R12_OUT,0.0,0.05,11242.974284509064,562.1487142254532,0.6053459119496856,0.6,0.1212121212121212,5775.0,7324.306653410749
21,all,R13,Medium,R13_OUT,0.0,0.05,24152.446863829406,1207.6223431914702,0.6053459119496856,0.6,0.1212121212121212,5775.0,7324.306653410749
21,all,R14,High,R14_OUT,0.0,0.05,54959.0619218,2747.95309609,0.6053459119496856,0.6,0.1212121212121212,5775.0,7324.306653410749
21,all,R15,High,R15_OUT,0.0,0.05,-5960.30579363757,-298.0152896818785,0.6053459119496856,0.6,0.1212121212121212,5775.0,7324.306653410749
21,all,R16,High,R16_OUT,0.0,0.05,-18896.74011246556,-944.837005623278,0.6053459119496856,0.6,0.1212121212121212,5775.0,7324.306653410749
21,all,R17,Medium,R17_OUT,0.0,0.05,2732.774737421466,136.6387368710733,0.6053459119496856,0.6,0.1212121212121212,5775.0,7324.306653410749
21,all,R18,High,R18_OUT,0.0,0.05,2332.385705388606,116.61928526943029,0.6053459119496856,0.6,0.1212121212121212,5775.0,7324.306653410749
21,all,R19,High,R19_OUT,0.0,0.05,2753.9431749276573,137.69715874638288,0.6053459119496856,0.6,0.1212121212121212,5775.0,7324.306653410749
21,all,R20,Very_High,R20_OUT,0.0,0.05,-2122.484133747106,-106.12420668735531,0.6053459119496856,0.6,0.1212121212121212,5775.0,7324.306653410749
22,all,R1,Very_Low,R1_OUT,0.0,0.05,27877.92074588784,1393.896037294392,0.5267295597484277,1.0,0.5757575757575758,10577.0,6725.740069350275
22,all,R2,Low,R2_OUT,0.0,0.05,7527.250453704399,376.36252268522,0.5267295597484277,1.0,0.5757575757575758,10577.0,6725.740069350275
22,all,R3,Medium,R3_OUT,0.0,0.05,9993.790236279941,499.6895118139971,0.5267295597484277,1.0,0.5757575757575758,10577.0,6725.740069350275
22,all,R4,Low,R4_OUT,0.0,0.05,22545.330247934977,1127.2665123967488,0.5267295597484277,1.0,0.5757575757575758,10577.0,6725.740069350275
22,all,R5,Medium,R5_OUT,0.0,0.05,16498.67679427606,824.9338397138031,0.5267295597484277,1.0,0.5757575757575758,10577.0,6725.740069350275
22,all,R6,Medium,R6_OUT,0.0,0.05,-9361.595279359939,-468.079763967997,0.5267295597484277,1.0,0.5757575757575758,10577.0,6725.740069350275
22,all,R7,Medium,R7_OUT,0.0,0.05,-63036.12685337481,-3151.8063426687404,0.5267295597484277,1.0,0.5757575757575758,10577.0,6725.740069350275
22,all,R8,High,R8_OUT,0.0,0.05,25756.390130718126,1287.8195065359064,0.5267295597484277,1.0,0.5757575757575758,10577.0,6725.740069350275
22,all,R9,Low,R9_OUT,0.0,0.05,3580.5751170852636,179.02875585426318,0.5267295597484277,1.0,0.5757575757575758,10577.0,6725.740069350275
22,all,R10,Medium,R10_OUT,0.0,0.05,12586.208843826389,629.3104421913195,0.5267295597484277,1.0,0.5757575757575758,10577.0,6725.740069350275
22,all,R11,Medium,R11_OUT,0.0,0.05,5092.511119679657,254.62555598398285,0.5267295597484277,1.0,0.5757575757575758,10577.0,6725.740069350275
22,all,R12,Medium,R12_OUT,0.0,0.05,13212.604013625813,660.6302006812907,0.5267295597484277,1.0,0.5757575757575758,10577.0,6725.740069350275
22,all,R13,Medium,R13_OUT,0.0,0.05,22244.717029215913,1112.2358514607956,0.5267295597484277,1.0,0.5757575757575758,10577.0,6725.740069350275
22,all,R14,High,R14_OUT,0.0,0.05,17140.505059407405,857.0252529703703,0.5267295597484277,1.0,0.5757575757575758,10577.0,6725.740069350275
22,all,R15,High,R15_OUT,0.0,0.05,55416.28056860047,2770.814028430024,0.5267295597484277,1.0,0.5757575757575758,10577.0,6725.740069350275
22,all,R16,High,R16_OUT,0.0,0.05,-13988.080499672564,-699.4040249836282,0.5267295597484277,1.0,0.5757575757575758,10577.0,6725.740069350275
22,all,R17,Medium,R17_OUT,0.0,0.05,-8136.627080550639,-406.831354027532,0.5267295597484277,1.0,0.5757575757575758,10577.0,6725.740069350275
22,all,R18,High,R18_OUT,0.0,0.05,368.9291606833722,18.44645803416861,0.5267295597484277,1.0,0.5757575757575758,10577.0,6725.740069350275
22,all,R19,High,R19_OUT,0.0,0.05,-5686.8342454994745,-284.34171227497376,0.5267295597484277,1.0,0.5757575757575758,10577.0,6725.740069350275
22,all,R20,Very_High,R20_OUT,0.0,0.05,-5117.624175462697,-255.88120877313486,0.5267295597484277,1.0,0.5757575757575758,10577.0,6725.740069350275
23,all,R1,Very_Low,R1_OUT,0.0,0.0,13288.723824401655,0.0,0.3474842767295597,0.4,0.2121212121212121,3983.0,3982.782722673008
23,all,R2,Low,R2_OUT,0.0,0.0,-3424.644987428486,-0.0,0.3474842767295597,0.4,0.2121212121212121,3983.0,3982.782722673008
23,all,R3,Medium,R3_OUT,0.0,0.0,587.2268637599827,0.0,0.3474842767295597,0.4,0.2121212121212121,3983.0,3982.782722673008
23,all,R4,Low,R4_OUT,0.0,0.0,9007.322959652942,0.0,0.3474842767295597,0.4,0.2121212121212121,3983.0,3982.782722673008
23,all,R5,Medium,R5_OUT,0.0,0.0,8099.387137568399,0.0,0.3474842767295597,0.4,0.2121212121212121,3983.0,3982.782722673008
23,all,R6,Medium,R6_OUT,0.0,0.0,-12350.145647191644,-0.0,0.3474842767295597,0.4,0.2121212121212121,3983.0,3982.782722673008
23,all,R7,Medium,R7_OUT,0.0,0.0,-18561.863686040597,-0.0,0.3474842767295597,0.4,0.2121212121212121,3983.0,3982.782722673008
23,all,R8,High,R8_OUT,0.0,0.0,18133.572933789743,0.0,0.3474842767295597,0.4,0.2121212121212121,3983.0,3982.782722673008
23,all,R9,Low,R9_OUT,0.0,0.0,3377.9371505095273,0.0,0.3474842767295597,0.4,0.2121212121212121,3983.0,3982.782722673008
23,all,R10,Medium,R10_OUT,0.0,0.0,18188.208001212864,0.0,0.3474842767295597,0.4,0.2121212121212121,3983.0,3982.782722673008
23,all,R11,Medium,R11_OUT,0.0,0.0,6243.567158635299,0.0,0.3474842767295597,0.4,0.2121212121212121,3983.0,3982.782722673008
23,all,R12,Medium,R12_OUT,0.0,0.0,946.4286781278024,0.0,0.3474842767295597,0.4,0.2121212121212121,3983.0,3982.782722673008
23,all,R13,Medium,R13_OUT,0.0,0.0,7066.393535183288,0.0,0.3474842767295597,0.4,0.2121212121212121,3983.0,3982.782722673008
23,all,R14,High,R14_OUT,0.0,0.0,32692.76241889113,0.0,0.3474842767295597,0.4,0.2121212121212121,3983.0,3982.782722673008
23,all,R15,High,R15_OUT,0.09116809116809121,0.804362050163577,5086.903629505294,4091.712232413419,0.3474842767295597,0.4,0.2121212121212121,3983.0,3982.782722673008
23,all,R16,High,R16_OUT,0.0,0.0,-5708.57550615734,-0.0,0.3474842767295597,0.4,0.2121212121212121,3983.0,3982.782722673008
23,all,R17,Medium,R17_OUT,0.0,0.0,-4349.525514633977,-0.0,0.3474842767295597,0.4,0.2121212121212121,3983.0,3982.782722673008
23,all,R18,High,R18_OUT,0.0,0.0,2652.5192836755523,0.0,0.3474842767295597,0.4,0.2121212121212121,3983.0,3982.782722673008
23,all,R19,High,R19_OUT,0.022174017835623033,0.195637949836423,-556.7913067556183,-108.92950974041206,0.3474842767295597,0.4,0.2121212121212121,3983.0,3982.782722673008
23,all,R20,Very_High,R20_OUT,0.0,0.0,-9101.684531962714,-0.0,0.3474842767295597,0.4,0.2121212121212121,3983.0,3982.782722673008
24,all,R1,Very_Low,R1_OUT,0.0,0.0,20419.956580792346,0.0,0.389937106918239,1.0,0.3939393939393939,3164.0,3164.6163030389725
24,all,R2,Low,R2_OUT,0.0,0.0,6781.316281957973,0.0,0.389937106918239,1.0,0.3939393939393939,3164.0,3164.6163030389725
24,all,R3,Medium,R3_OUT,0.0,0.0,8031.776412832256,0.0,0.389937106918239,1.0,0.3939393939393939,3164.0,3164.6163030389725
24,all,R4,Low,R4_OUT,0.0,0.0,18648.094562060993,0.0,0.389937106918239,1.0,0.3939393939393939,3164.0,3164.6163030389725
24,all,R5,Medium,R5_OUT,0.0,0.0,14540.84176032065,0.0,0.389937106918239,1.0,0.3939393939393939,3164.0,3164.6163030389725
24,all,R6,Medium,R6_OUT,0.0,0.0,-10660.966812532311,-0.0,0.389937106918239,1.0,0.3939393939393939,3164.0,3164.6163030389725
24,all,R7,Medium,R7_OUT,0.0,0.0,-29399.313403451786,-0.0,0.389937106918239,1.0,0.3939393939393939,3164.0,3164.6163030389725
24,all,R8,High,R8_OUT,0.0,0.0,30185.789041264397,0.0,0.389937106918239,1.0,0.3939393939393939,3164.0,3164.6163030389725
24,all,R9,Low,R9_OUT,0.0,0.0,2412.1468500061364,0.0,0.389937106918239,1.0,0.3939393939393939,3164.0,3164.6163030389725
24,all,R10,Medium,R10_OUT,0.0,0.0,5908.031303840275,0.0,0.389937106918239,1.0,0.3939393939393939,3164.0,3164.6163030389725
24,all,R11,Medium,R11_OUT,0.012820512820512815,1.0,3164.6163030389725,3164.6163030389725,0.389937106918239,1.0,0.3939393939393939,3164.0,3164.6163030389725
24,all,R12,Medium,R12_OUT,0.0,0.0,7176.547392523378,0.0,0.389937106918239,1.0,0.3939393939393939,3164.0,3164.6163030389725
24,all,R13,Medium,R13_OUT,0.0,0.0,13182.867756924865,0.0,0.389937106918239,1.0,0.3939393939393939,3164.0,3164.6163030389725
24,all,R14,High,R14_OUT,0.0,0.0,35084.73740691925,0.0,0.389937106918239,1.0,0.3939393939393939,3164.0,3164.6163030389725
24,all,R15,High,R15_OUT,0.0,0.0,30558.243632322527,0.0,0.389937106918239,1.0,0.3939393939393939,3164.0,3164.6163030389725
24,all,R16,High,R16_OUT,0.0,0.0,-11144.254969549751,-0.0,0.389937106918239,1.0,0.3939393939393939,3164.0,3164.6163030389725
24,all,R17,Medium,R17_OUT,0.0,0.0,-983.9291089845156,-0.0,0.389937106918239,1.0,0.3939393939393939,3164.0,3164.6163030389725
24,all,R18,High,R18_OUT,0.0,0.0,9171.412922921034,0.0,0.389937106918239,1.0,0.3939393939393939,3164.0,3164.6163030389725
24,all,R19,High,R19_OUT,0.0,0.0,-7158.951434202086,-0.0,0.389937106918239,1.0,0.3939393939393939,3164.0,3164.6163030389725
24,all,R20,Very_High,R20_OUT,0.0,0.0,-6800.057504403624,-0.0,0.389937106918239,1.0,0.3939393939393939,3164.0,3164.6163030389725
25,all,R1,Very_Low,R1_OUT,0.0,0.0,17695.544152822484,0.0,0.3930817610062893,0.6,0.1515151515151515,3542.0,3541.915415429956
25,all,R2,Low,R2_OUT,0.0,0.0,1338.3228874959077,0.0,0.3930817610062893,0.6,0.1515151515151515,3542.0,3541.915415429956
25,all,R3,Medium,R3_OUT,0.0,0.0,4368.619375470573,0.0,0.3930817610062893,0.6,0.1515151515151515,3542.0,3541.915415429956
25,all,R4,Low,R4_OUT,0.0,0.0,12118.841326053034,0.0,0.3930817610062893,0.6,0.1515151515151515,3542.0,3541.915415429956
25,all,R5,Medium,R5_OUT,0.0,0.0,12799.17028691743,0.0,0.3930817610062893,0.6,0.1515151515151515,3542.0,3541.915415429956
25,all,R6,Medium,R6_OUT,0.0,0.0,-10129.988141955422,-0.0,0.3930817610062893,0.6,0.1515151515151515,3542.0,3541.915415429956
25,all,R7,Medium,R7_OUT,0.0,0.0,-11277.066974342291,-0.0,0.3930817610062893,0.6,0.1515151515151515,3542.0,3541.915415429956
25,all,R8,High,R8_OUT,0.0,0.0,19892.05905752501,0.0,0.3930817610062893,0.6,0.1515151515151515,3542.0,3541.915415429956
25,all,R9,Low,R9_OUT,0.0,0.0,5244.6205162406695,0.0,0.3930817610062893,0.6,0.1515151515151515,3542.0,3541.915415429956
25,all,R10,Medium,R10_OUT,0.0,0.0,11545.292223041932,0.0,0.3930817610062893,0.6,0.1515151515151515,3542.0,3541.915415429956
25,all,R11,Medium,R11_OUT,0.0,0.0,397.14821374664825,0.0,0.3930817610062893,0.6,0.1515151515151515,3542.0,3541.915415429956
25,all,R12,Medium,R12_OUT,0.014423076923077087,1.0,3541.915415429956,3541.915415429956,0.3930817610062893,0.6,0.1515151515151515,3542.0,3541.915415429956
25,all,R13,Medium,R13_OUT,0.0,0.0,10812.135021275426,0.0,0.3930817610062893,0.6,0.1515151515151515,3542.0,3541.915415429956
25,all,R14,High,R14_OUT,0.0,0.0,47686.77671155627,0.0,0.3930817610062893,0.6,0.1515151515151515,3542.0,3541.915415429956
25,all,R15,High,R15_OUT,0.0,0.0,-2591.0030049657944,-0.0,0.3930817610062893,0.6,0.1515151515151515,3542.0,3541.915415429956
25,all,R16,High,R16_OUT,0.0,0.0,-10337.542480254566,-0.0,0.3930817610062893,0.6,0.1515151515151515,3542.0,3541.915415429956
25,all,R17,Medium,R17_OUT,0.0,0.0,1540.7549164762931,0.0,0.3930817610062893,0.6,0.1515151515151515,3542.0,3541.915415429956
25,all,R18,High,R18_OUT,0.0,0.0,7324.034477711957,0.0,0.3930817610062893,0.6,0.1515151515151515,3542.0,3541.915415429956
25,all,R19,High,R19_OUT,0.0,0.0,-1428.6763461725268,-0.0,0.3930817610062893,0.6,0.1515151515151515,3542.0,3541.915415429956
25,all,R20,Very_High,R20_OUT,0.0,0.0,-6845.576886134296,-0.0,0.3930817610062893,0.6,0.1515151515151515,3542.0,3541.915415429956
26,all,R1,Very_Low,R1_OUT,0.0,0.05,34981.13288800638,1749.056644400319,0.6745283018867925,0.8,0.3939393939393939,4277.0,7473.527495090999
26,all,R2,Low,R2_OUT,0.0,0.05,7463.634268725876,373.1817134362938,0.6745283018867925,0.8,0.3939393939393939,4277.0,7473.527495090999
26,all,R3,Medium,R3_OUT,0.0,0.05,11587.207055169933,579.3603527584967,0.6745283018867925,0.8,0.3939393939393939,4277.0,7473.527495090999
26,all,R4,Low,R4_OUT,0.0,0.05,21885.75794815208,1094.287897407604,0.6745283018867925,0.8,0.3939393939393939,4277.0,7473.527495090999
26,all,R5,Medium,R5_OUT,0.0,0.05,21009.31022134611,1050.4655110673054,0.6745283018867925,0.8,0.3939393939393939,4277.0,7473.527495090999
26,all,R6,Medium,R6_OUT,0.0,0.05,-5582.458492812379,-279.1229246406189,0.6745283018867925,0.8,0.3939393939393939,4277.0,7473.527495090999
26,all,R7,Medium,R7_OUT,0.0,0.05,-60792.5530861768,-3039.62765430884,0.6745283018867925,0.8,0.3939393939393939,4277.0,7473.527495090999
26,all,R8,High,R8_OUT,0.0,0.05,13934.120596218174,696.7060298109087,0.6745283018867925,0.8,0.3939393939393939,4277.0,7473.527495090999
26,all,R9,Low,R9_OUT,0.0,0.05,9248.91289402367,462.4456447011835,0.6745283018867925,0.8,0.3939393939393939,4277.0,7473.527495090999
26,all,R10,Medium,R10_OUT,0.0,0.05,16154.633550891278,807.7316775445639,0.6745283018867925,0.8,0.3939393939393939,4277.0,7473.527495090999
26,all,R11,Medium,R11_OUT,0.0,0.05,-2462.7049330183927,-123.13524665091964,0.6745283018867925,0.8,0.3939393939393939,4277.0,7473.527495090999
26,all,R12,Medium,R12_OUT,0.0,0.05,16488.702819093345,824.4351409546673,0.6745283018867925,0.8,0.3939393939393939,4277.0,7473.527495090999
26,all,R13,Medium,R13_OUT,0.0,0.05,30157.634883859413,1507.8817441929707,0.6745283018867925,0.8,0.3939393939393939,4277.0,7473.527495090999
26,all,R14,High,R14_OUT,0.0,0.05,32916.933741166285,1645.8466870583143,0.6745283018867925,0.8,0.3939393939393939,4277.0,7473.527495090999
26,all,R15,High,R15_OUT,0.0,0.05,31187.02828782817,1559.3514143914085,0.6745283018867925,0.8,0.3939393939393939,4277.0,7473.527495090999
26,all,R16,High,R16_OUT,0.0,0.05,-20008.331331888636,-1000.4165665944319,0.6745283018867925,0.8,0.3939393939393939,4277.0,7473.527495090999
26,all,R17,Medium,R17_OUT,0.0,0.05,-4490.131166037543,-224.50655830187716,0.6745283018867925,0.8,0.3939393939393939,4277.0,7473.527495090999
26,all,R18,High,R18_OUT,0.0,0.05,-2891.267615348839,-144.56338076744197,0.6745283018867925,0.8,0.3939393939393939,4277.0,7473.527495090999
26,all,R19,High,R19_OUT,0.0,0.05,301.05998418416857,15.05299920920843,0.6745283018867925,0.8,0.3939393939393939,4277.0,7473.527495090999
26,all,R20,Very_High,R20_OUT,0.0,0.05,-1618.072611562282,-80.9036305781141,0.6745283018867925,0.8,0.3939393939393939,4277.0,7473.527495090999
27,all,R1,Very_Low,R1_OUT,0.0,0.0,16083.757035444807,0.0,0.3160377358490566,1.0,0.4545454545454545,7252.0,7251.449798670945
27,all,R2,Low,R2_OUT,0.0,0.0,5219.338727604867,0.0,0.3160377358490566,1.0,0.4545454545454545,7252.0,7251.449798670945
27,all,R3,Medium,R3_OUT,0.0,0.0,6144.764661226913,0.0,0.3160377358490566,1.0,0.4545454545454545,7252.0,7251.449798670945
27,all,R4,Low,R4_OUT,0.0,0.0,17515.09034620251,0.0,0.3160377358490566,1.0,0.4545454545454545,7252.0,7251.449798670945
27,all,R5,Medium,R5_OUT,0.0,0.0,11434.517831965488,0.0,0.3160377358490566,1.0,0.4545454545454545,7252.0,7251.449798670945
27,all,R6,Medium,R6_OUT,0.0,0.0,-12686.487381825067,-0.0,0.3160377358490566,1.0,0.4545454545454545,7252.0,7251.449798670945
27,all,R7,Medium,R7_OUT,0.0,0.0,-29379.893033777247,-0.0,0.3160377358490566,1.0,0.4545454545454545,7252.0,7251.449798670945
27,all,R8,High,R8_OUT,0.0,0.0,33787.53736321678,0.0,0.3160377358490566,1.0,0.4545454545454545,7252.0,7251.449798670945
27,all,R9,Low,R9_OUT,0.0,0.0,-89.8512781511863,-0.0,0.3160377358490566,1.0,0.4545454545454545,7252.0,7251.449798670945
27,all,R10,Medium,R10_OUT,0.0,0.0,6280.280151975669,0.0,0.3160377358490566,1.0,0.4545454545454545,7252.0,7251.449798670945
27,all,R11,Medium,R11_OUT,0.18666666666666668,1.0,7251.449798670945,7251.449798670945,0.3160377358490566,1.0,0.4545454545454545,7252.0,7251.449798670945
27,all,R12,Medium,R12_OUT,0.0,0.0,4762.230538795136,0.0,0.3160377358490566,1.0,0.4545454545454545,7252.0,7251.449798670945
27,all,R13,Medium,R13_OUT,0.0,0.0,8654.005089718943,0.0,0.3160377358490566,1.0,0.4545454545454545,7252.0,7251.449798670945
27,all,R14,High,R14_OUT,0.0,0.0,26926.737552553284,0.0,0.3160377358490566,1.0,0.4545454545454545,7252.0,7251.449798670945
27,all,R15,High,R15_OUT,0.0,0.0,38450.935169027434,0.0,0.3160377358490566,1.0,0.4545454545454545,7252.0,7251.449798670945
27,all,R16,High,R16_OUT,0.0,0.0,-7500.084370808586,-0.0,0.3160377358490566,1.0,0.4545454545454545,7252.0,7251.449798670945
27,all,R17,Medium,R17_OUT,0.0,0.0,-3368.112705428488,-0.0,0.3160377358490566,1.0,0.4545454545454545,7252.0,7251.449798670945
27,all,R18,High,R18_OUT,0.0,0.0,9520.619122698572,0.0,0.3160377358490566,1.0,0.4545454545454545,7252.0,7251.449798670945
27,all,R19,High,R19_OUT,0.0,0.0,-8919.255078060505,-0.0,0.3160377358490566,1.0,0.4545454545454545,7252.0,7251.449798670945
27,all,R20,Very_High,R20_OUT,0.0,0.0,-8782.830818489168,-0.0,0.3160377358490566,1.0,0.4545454545454545,7252.0,7251.449798670945
28,all,R1,Very_Low,R1_OUT,0.0,0.05,33974.566155230306,1698.7283077615155,0.6273584905660378,1.0,0.3939393939393939,3948.0,8573.180586547405
28,all,R2,Low,R2_OUT,0.0,0.05,10378.736861149493,518.9368430574747,0.6273584905660378,1.0,0.3939393939393939,3948.0,8573.180586547405
28,all,R3,Medium,R3_OUT,0.0,0.05,13080.374705892877,654.0187352946439,0.6273584905660378,1.0,0.3939393939393939,3948.0,8573.180586547405
28,all,R4,Low,R4_OUT,0.0,0.05,23480.259028512144,1174.0129514256073,0.6273584905660378,1.0,0.3939393939393939,3948.0,8573.180586547405
28,all,R5,Medium,R5_OUT,0.0,0.05,22009.253293970454,1100.4626646985228,0.6273584905660378,1.0,0.3939393939393939,3948.0,8573.180586547405
28,all,R6,Medium,R6_OUT,0.0,0.05,-5776.028569555789,-288.80142847778944,0.6273584905660378,1.0,0.3939393939393939,3948.0,8573.180586547405
28,all,R7,Medium,R7_OUT,0.0,0.05,-51714.91102801729,-2585.7455514008648,0.6273584905660378,1.0,0.3939393939393939,3948.0,8573.180586547405
28,all,R8,High,R8_OUT,0.0,0.05,20096.17840382179,1004.8089201910894,0.6273584905660378,1.0,0.3939393939393939,3948.0,8573.180586547405
28,all,R9,Low,R9_OUT,0.0,0.05,8157.0495709895395,407.852478549477,0.6273584905660378,1.0,0.3939393939393939,3948.0,8573.180586547405
28,all,R10,Medium,R10_OUT,0.0,0.05,9591.259726351542,479.5629863175771,0.6273584905660378,1.0,0.3939393939393939,3948.0,8573.180586547405
28,all,R11,Medium,R11_OUT,0.0,0.05,-3678.4690312090097,-183.9234515604505,0.6273584905660378,1.0,0.3939393939393939,3948.0,8573.180586547405
28,all,R12,Medium,R12_OUT,0.0,0.05,15970.977587810044,798.5488793905023,0.6273584905660378,1.0,0.3939393939393939,3948.0,8573.180586547405
28,all,R13,Medium,R13_OUT,0.0,0.05,28182.490688329373,1409.1245344164688,0.6273584905660378,1.0,0.3939393939393939,3948.0,8573.180586547405
28,all,R14,High,R14_OUT,0.0,0.05,39409.2762207504,1970.46381103752,0.6273584905660378,1.0,0.3939393939393939,3948.0,8573.180586547405
28,all,R15,High,R15_OUT,0.0,0.05,31339.70990973762,1566.985495486881,0.6273584905660378,1.0,0.3939393939393939,3948.0,8573.180586547405
28,all,R16,High,R16_OUT,0.0,0.05,-20268.057321647524,-1013.4028660823762,0.6273584905660378,1.0,0.3939393939393939,3948.0,8573.180586547405
28,all,R17,Medium,R17_OUT,0.0,0.05,-984.0265849378684,-49.20132924689342,0.6273584905660378,1.0,0.3939393939393939,3948.0,8573.180586547405
28,all,R18,High,R18_OUT,0.0,0.05,2647.8802185477434,132.39401092738717,0.6273584905660378,1.0,0.3939393939393939,3948.0,8573.180586547405
28,all,R19,High,R19_OUT,0.0,0.05,-2686.5512317373596,-134.32756158686797,0.6273584905660378,1.0,0.3939393939393939,3948.0,8573.180586547405
28,all,R20,Very_High,R20_OUT,0.0,0.05,-1746.3568730403313,-87.31784365201656,0.6273584905660378,1.0,0.3939393939393939,3948.0,8573.180586547405
29,all,R1,Very_Low,R1_OUT,0.10071428571428576,0.3425501540311068,10116.941855381894,3465.559990884819,0.2012578616352201,1.0,0.1515151515151515,3927.0,3927.1289933035337
29,all,R2,Low,R2_OUT,0.0,0.0,5691.441476913514,0.0,0.2012578616352201,1.0,0.1515151515151515,3927.0,3927.1289933035337
29,all,R3,Medium,R3_OUT,0.0,0.0,5282.020278441243,0.0,0.2012578616352201,1.0,0.1515151515151515,3927.0,3927.1289933035337
29,all,R4,Low,R4_OUT,0.0,0.0,13323.775957501824,0.0,0.2012578616352201,1.0,0.1515151515151515,3927.0,3927.1289933035337
29,all,R5,Medium,R5_OUT,0.0,0.0,11732.556332256932,0.0,0.2012578616352201,1.0,0.1515151515151515,3927.0,3927.1289933035337
29,all,R6,Medium,R6_OUT,0.0,0.0,-12522.864527657766,-0.0,0.2012578616352201,1.0,0.1515151515151515,3927.0,3927.1289933035337
29,all,R7,Medium,R7_OUT,0.0,0.0,16040.912855374452,0.0,0.2012578616352201,1.0,0.1515151515151515,3927.0,3927.1289933035337
29,all,R8,High,R8_OUT,0.0,0.0,36358.92870929809,0.0,0.2012578616352201,1.0,0.1515151515151515,3927.0,3927.1289933035337
29,all,R9,Low,R9_OUT,0.193298969072165,0.6574498459688931,702.0596403646496,461.56900241871534,0.2012578616352201,1.0,0.1515151515151515,3927.0,3927.1289933035337
29,all,R10,Medium,R10_OUT,0.0,0.0,-3093.774380975946,-0.0,0.2012578616352201,1.0,0.1515151515151515,3927.0,3927.1289933035337
29,all,R11,Medium,R11_OUT,0.0,0.0,775.3636645400838,0.0,0.2012578616352201,1.0,0.1515151515151515,3927.0,3927.1289933035337
29,all,R12,Medium,R12_OUT,0.0,0.0,-1104.4931405656134,-0.0,0.2012578616352201,1.0,0.1515151515151515,3927.0,3927.1289933035337
29,all,R13,Medium,R13_OUT,0.0,0.0,703.061055731383,0.0,0.2012578616352201,1.0,0.1515151515151515,3927.0,3927.1289933035337
29,all,R14,High,R14_OUT,0.0,0.0,58895.82321736335,0.0,0.2012578616352201,1.0,0.1515151515151515,3927.0,3927.1289933035337
29,all,R15,High,R15_OUT,0.0,0.0,-2606.506709489513,-0.0,0.2012578616352201,1.0,0.1515151515151515,3927.0,3927.1289933035337
29,all,R16,High,R16_OUT,0.0,0.0,-7110.797467520275,-0.0,0.2012578616352201,1.0,0.1515151515151515,3927.0,3927.1289933035337
29,all,R17,Medium,R17_OUT,0.0,0.0,8553.004101914772,0.0,0.2012578616352201,1.0,0.1515151515151515,3927.0,3927.1289933035337
29,all,R18,High,R18_OUT,0.0,0.0,21080.8667525988,0.0,0.2012578616352201,1.0,0.1515151515151515,3927.0,3927.1289933035337
29,all,R19,High,R19_OUT,0.0,0.0,-9240.24853002097,-0.0,0.2012578616352201,1.0,0.1515151515151515,3927.0,3927.1289933035337
29,all,R20,Very_High,R20_OUT,0.0,0.0,-9177.174807398504,-0.0,0.2012578616352201,1.0,0.1515151515151515,3927.0,3927.1289933035337
30,all,R1,Very_Low,R1_OUT,0.0,0.0,2907.069243376407,0.0,0.1666666666666666,0.4,0.2424242424242424,710.0,714.0702836437649
30,all,R2,Low,R2_OUT,0.0,0.0,-6385.5276917310275,-0.0,0.1666666666666666,0.4,0.2424242424242424,710.0,714.0702836437649
30,all,R3,Medium,R3_OUT,0.0,0.0,-3415.5289710827337,-0.0,0.1666666666666666,0.4,0.2424242424242424,710.0,714.0702836437649
30,all,R4,Low,R4_OUT,0.0,0.0,5512.721191589393,0.0,0.1666666666666666,0.4,0.2424242424242424,710.0,714.0702836437649
30,all,R5,Medium,R5_OUT,0.0,0.0,2020.6645420732207,0.0,0.1666666666666666,0.4,0.2424242424242424,710.0,714.0702836437649
30,all,R6,Medium,R6_OUT,0.0,0.0,-16322.984403575452,-0.0,0.1666666666666666,0.4,0.2424242424242424,710.0,714.0702836437649
30,all,R7,Medium,R7_OUT,0.13142857142857148,0.5773311481066163,-5029.788053205026,-2903.8533114898,0.1666666666666666,0.4,0.2424242424242424,710.0,714.0702836437649
30,all,R8,High,R8_OUT,0.0,0.0,26048.350229375203,0.0,0.1666666666666666,0.4,0.2424242424242424,710.0,714.0702836437649
30,all,R9,Low,R9_OUT,0.0,0.0,-1354.2446882047716,-0.0,0.1666666666666666,0.4,0.2424242424242424,710.0,714.0702836437649
30,all,R10,Medium,R10_OUT,0.0,0.0,16142.442354685985,0.0,0.1666666666666666,0.4,0.2424242424242424,710.0,714.0702836437649
30,all,R11,Medium,R11_OUT,0.0,0.0,12433.621708330033,0.0,0.1666666666666666,0.4,0.2424242424242424,710.0,714.0702836437649
30,all,R12,Medium,R12_OUT,0.0,0.0,-5589.804999522612,-0.0,0.1666666666666666,0.4,0.2424242424242424,710.0,714.0702836437649
30,all,R13,Medium,R13_OUT,0.0,0.0,-4287.213283343601,-0.0,0.1666666666666666,0.4,0.2424242424242424,710.0,714.0702836437649
30,all,R14,High,R14_OUT,0.0,0.0,25993.26380650582,0.0,0.1666666666666666,0.4,0.2424242424242424,710.0,714.0702836437649
30,all,R15,High,R15_OUT,0.0962199312714776,0.42266885189338366,8559.711885384371,3617.9235951335627,0.1666666666666666,0.4,0.2424242424242424,710.0,714.0702836437649
30,all,R16,High,R16_OUT,0.0,0.0,1642.171483391695,0.0,0.1666666666666666,0.4,0.2424242424242424,710.0,714.0702836437649
30,all,R17,Medium,R17_OUT,0.0,0.0,-5541.558246301449,-0.0,0.1666666666666666,0.4,0.2424242424242424,710.0,714.0702836437649
30,all,R18,High,R18_OUT,0.0,0.0,6780.123989194495,0.0,0.1666666666666666,0.4,0.2424242424242424,710.0,714.0702836437649
30,all,R19,High,R19_OUT,0.0,0.0,-4147.0399401121285,-0.0,0.1666666666666666,0.4,0.2424242424242424,710.0,714.0702836437649
30,all,R20,Very_High,R20_OUT,0.0,0.0,-13155.412962315031,-0.0,0.1666666666666666,0.4,0.2424242424242424,710.0,714.0702836437649
31,all,R1,Very_Low,R1_OUT,0.0,0.0,16853.07241967581,0.0,0.3223270440251572,1.0,0.2424242424242424,2429.0,1436.7874313162374
31,all,R2,Low,R2_OUT,0.0,0.0,6862.51180386564,0.0,0.3223270440251572,1.0,0.2424242424242424,2429.0,1436.7874313162374
31,all,R3,Medium,R3_OUT,0.0,0.0,7383.080453857342,0.0,0.3223270440251572,1.0,0.2424242424242424,2429.0,1436.7874313162374
31,all,R4,Low,R4_OUT,0.0,0.0,16344.430288028974,0.0,0.3223270440251572,1.0,0.2424242424242424,2429.0,1436.7874313162374
31,all,R5,Medium,R5_OUT,0.0,0.0,14368.373096766214,0.0,0.3223270440251572,1.0,0.2424242424242424,2429.0,1436.7874313162374
31,all,R6,Medium,R6_OUT,0.0,0.0,-10789.434183987385,-0.0,0.3223270440251572,1.0,0.2424242424242424,2429.0,1436.7874313162374
31,all,R7,Medium,R7_OUT,0.0,0.0,-5728.30526311649,-0.0,0.3223270440251572,1.0,0.2424242424242424,2429.0,1436.7874313162374
31,all,R8,High,R8_OUT,0.0,0.0,31905.805702009537,0.0,0.3223270440251572,1.0,0.2424242424242424,2429.0,1436.7874313162374
31,all,R9,Low,R9_OUT,0.0,0.0,2560.8051722680802,0.0,0.3223270440251572,1.0,0.2424242424242424,2429.0,1436.7874313162374
31,all,R10,Medium,R10_OUT,0.6153846153846155,0.9043648847474253,1062.4544695080222,960.8465138660093,0.3223270440251572,1.0,0.2424242424242424,2429.0,1436.7874313162374
31,all,R11,Medium,R11_OUT,0.0,0.0,221.1431344676621,0.0,0.3223270440251572,1.0,0.2424242424242424,2429.0,1436.7874313162374
31,all,R12,Medium,R12_OUT,0.0,0.0,3864.6173656286755,0.0,0.3223270440251572,1.0,0.2424242424242424,2429.0,1436.7874313162374
31,all,R13,Medium,R13_OUT,0.0,0.0,8561.716607122278,0.0,0.3223270440251572,1.0,0.2424242424242424,2429.0,1436.7874313162374
31,all,R14,High,R14_OUT,0.0,0.0,50883.1245950203,0.0,0.3223270440251572,1.0,0.2424242424242424,2429.0,1436.7874313162374
31,all,R15,High,R15_OUT,0.0,0.0,9995.88341622168,0.0,0.3223270440251572,1.0,0.2424242424242424,2429.0,1436.7874313162374
31,all,R16,High,R16_OUT,0.0,0.0,-10556.865059040458,-0.0,0.3223270440251572,1.0,0.2424242424242424,2429.0,1436.7874313162374
31,all,R17,Medium,R17_OUT,0.06507592190889369,0.09563511525257475,4976.633490671862,475.9409174502269,0.3223270440251572,1.0,0.2424242424242424,2429.0,1436.7874313162374
31,all,R18,High,R18_OUT,0.0,0.0,15232.351059582585,0.0,0.3223270440251572,1.0,0.2424242424242424,2429.0,1436.7874313162374
31,all,R19,High,R19_OUT,0.0,0.0,-7511.968698699014,-0.0,0.3223270440251572,1.0,0.2424242424242424,2429.0,1436.7874313162374
31,all,R20,Very_High,R20_OUT,0.0,0.0,-7214.772903519626,-0.0,0.3223270440251572,1.0,0.2424242424242424,2429.0,1436.7874313162374
32,all,R1,Very_Low,R1_OUT,0.0,0.05,13644.077739449447,682.2038869724724,0.35062893081761,0.4,0.1212121212121212,6405.0,4168.301344332272
32,all,R2,Low,R2_OUT,0.0,0.05,-2713.621104075117,-135.68105520375585,0.35062893081761,0.4,0.1212121212121212,6405.0,4168.301344332272
32,all,R3,Medium,R3_OUT,0.0,0.05,1127.4863251106972,56.374316255534865,0.35062893081761,0.4,0.1212121212121212,6405.0,4168.301344332272
32,all,R4,Low,R4_OUT,0.0,0.05,8514.754674487653,425.7377337243827,0.35062893081761,0.4,0.1212121212121212,6405.0,4168.301344332272
32,all,R5,Medium,R5_OUT,0.0,0.05,9370.885016491793,468.54425082458965,0.35062893081761,0.4,0.1212121212121212,6405.0,4168.301344332272
32,all,R6,Medium,R6_OUT,0.0,0.05,-11527.879824006759,-576.393991200338,0.35062893081761,0.4,0.1212121212121212,6405.0,4168.301344332272
32,all,R7,Medium,R7_OUT,0.0,0.05,-8467.693331395181,-423.3846665697591,0.35062893081761,0.4,0.1212121212121212,6405.0,4168.301344332272
32,all,R8,High,R8_OUT,0.0,0.05,17308.0254751315,865.401273756575,0.35062893081761,0.4,0.1212121212121212,6405.0,4168.301344332272
32,all,R9,Low,R9_OUT,0.0,0.05,4524.802975941782,226.24014879708912,0.35062893081761,0.4,0.1212121212121212,6405.0,4168.301344332272
32,all,R10,Medium,R10_OUT,0.0,0.05,15958.966206214922,797.9483103107461,0.35062893081761,0.4,0.1212121212121212,6405.0,4168.301344332272
32,all,R11,Medium,R11_OUT,0.0,0.05,3217.6304608561304,160.88152304280652,0.35062893081761,0.4,0.1212121212121212,6405.0,4168.301344332272
32,all,R12,Medium,R12_OUT,0.0,0.05,578.3776780768676,28.91888390384338,0.35062893081761,0.4,0.1212121212121212,6405.0,4168.301344332272
32,all,R13,Medium,R13_OUT,0.0,0.05,7055.222828699389,352.76114143496943,0.35062893081761,0.4,0.1212121212121212,6405.0,4168.301344332272
32,all,R14,High,R14_OUT,0.0,0.05,42967.96810277497,2148.3984051387483,0.35062893081761,0.4,0.1212121212121212,6405.0,4168.301344332272
32,all,R15,High,R15_OUT,0.0,0.05,-7106.639900737067,-355.3319950368534,0.35062893081761,0.4,0.1212121212121212,6405.0,4168.301344332272
32,all,R16,High,R16_OUT,0.0,0.05,-7035.887953151883,-351.7943976575942,0.35062893081761,0.4,0.1212121212121212,6405.0,4168.301344332272
32,all,R17,Medium,R17_OUT,0.0,0.05,-773.2059007441458,-38.66029503720729,0.35062893081761,0.4,0.1212121212121212,6405.0,4168.301344332272
32,all,R18,High,R18_OUT,0.0,0.05,5088.060912814355,254.40304564071778,0.35062893081761,0.4,0.1212121212121212,6405.0,4168.301344332272
32,all,R19,High,R19_OUT,0.0,0.05,54.79386850992887,2.739693425496444,0.35062893081761,0.4,0.1212121212121212,6405.0,4168.301344332272
32,all,R20,Very_High,R20_OUT,0.0,0.05,-8420.097363803841,-421.0048681901921,0.35062893081761,0.4,0.1212121212121212,6405.0,4168.301344332272
33,all,R1,Very_Low,R1_OUT,0.0,0.0,6022.304140885605,0.0,0.1855345911949685,0.6,0.0606060606060606,651.0,651.2294766678651
33,all,R2,Low,R2_OUT,0.0,0.0,-1143.0661934663767,-0.0,0.1855345911949685,0.6,0.0606060606060606,651.0,651.2294766678651
33,all,R3,Medium,R3_OUT,0.0,0.0,428.6657820522605,0.0,0.1855345911949685,0.6,0.0606060606060606,651.0,651.2294766678651
33,all,R4,Low,R4_OUT,0.24428571428571438,0.44129619283262833,7338.1270905271185,3238.287547571589,0.1855345911949685,0.6,0.0606060606060606,651.0,651.2294766678651
33,all,R5,Medium,R5_OUT,0.0,0.0,7443.071175714508,0.0,0.1855345911949685,0.6,0.0606060606060606,651.0,651.2294766678651
33,all,R6,Medium,R6_OUT,0.0,0.0,-13642.700627107319,-0.0,0.1855345911949685,0.6,0.0606060606060606,651.0,651.2294766678651
33,all,R7,Medium,R7_OUT,0.0,0.0,18620.348954420853,0.0,0.1855345911949685,0.6,0.0606060606060606,651.0,651.2294766678651
33,all,R8,High,R8_OUT,0.0,0.0,28020.205806928418,0.0,0.1855345911949685,0.6,0.0606060606060606,651.0,651.2294766678651
33,all,R9,Low,R9_OUT,0.0,0.0,1293.360748217457,0.0,0.1855345911949685,0.6,0.0606060606060606,651.0,651.2294766678651
33,all,R10,Medium,R10_OUT,0.0,0.0,6047.490106080353,0.0,0.1855345911949685,0.6,0.0606060606060606,651.0,651.2294766678651
33,all,R11,Medium,R11_OUT,0.0,0.0,3443.883269538536,0.0,0.1855345911949685,0.6,0.0606060606060606,651.0,651.2294766678651
33,all,R12,Medium,R12_OUT,0.30927835051546393,0.5587038071673716,-4630.464367193251,-2587.058070903723,0.1855345911949685,0.6,0.0606060606060606,651.0,651.2294766678651
33,all,R13,Medium,R13_OUT,0.0,0.0,-2509.959346189964,-0.0,0.1855345911949685,0.6,0.0606060606060606,651.0,651.2294766678651
33,all,R14,High,R14_OUT,0.0,0.0,54124.31218978864,0.0,0.1855345911949685,0.6,0.0606060606060606,651.0,651.2294766678651
33,all,R15,High,R15_OUT,0.0,0.0,-15478.033165497045,-0.0,0.1855345911949685,0.6,0.0606060606060606,651.0,651.2294766678651
33,all,R16,High,R16_OUT,0.0,0.0,-3568.235621414001,-0.0,0.1855345911949685,0.6,0.0606060606060606,651.0,651.2294766678651
33,all,R17,Medium,R17_OUT,0.0,0.0,5117.161032205522,0.0,0.1855345911949685,0.6,0.0606060606060606,651.0,651.2294766678651
33,all,R18,High,R18_OUT,0.0,0.0,15548.6713544403,0.0,0.1855345911949685,0.6,0.0606060606060606,651.0,651.2294766678651
33,all,R19,High,R19_OUT,0.0,0.0,-4785.976118789583,-0.0,0.1855345911949685,0.6,0.0606060606060606,651.0,651.2294766678651
33,all,R20,Very_High,R20_OUT,0.0,0.0,-10648.730675609075,-0.0,0.1855345911949685,0.6,0.0606060606060606,651.0,651.2294766678651
34,all,R1,Very_Low,R1_OUT,0.0,0.0,26136.33415897935,0.0,0.5817610062893082,0.4,0.4848484848484848,9135.0,-5958.872540669063
34,all,R2,Low,R2_OUT,0.0,0.0,-1865.0001489145216,-0.0,0.5817610062893082,0.4,0.4848484848484848,9135.0,-5958.872540669063
34,all,R3,Medium,R3_OUT,0.0,0.0,4148.784475895891,0.0,0.5817610062893082,0.4,0.4848484848484848,9135.0,-5958.872540669063
34,all,R4,Low,R4_OUT,0.0,0.0,15445.196638327145,0.0,0.5817610062893082,0.4,0.4848484848484848,9135.0,-5958.872540669063
34,all,R5,Medium,R5_OUT,0.0,0.0,11951.14375057119,0.0,0.5817610062893082,0.4,0.4848484848484848,9135.0,-5958.872540669063
34,all,R6,Medium,R6_OUT,0.0,0.0,-9802.602536207485,-0.0,0.5817610062893082,0.4,0.4848484848484848,9135.0,-5958.872540669063
34,all,R7,Medium,R7_OUT,0.0,0.0,-71751.11403347121,-0.0,0.5817610062893082,0.4,0.4848484848484848,9135.0,-5958.872540669063
34,all,R8,High,R8_OUT,0.0,0.0,10253.330218349882,0.0,0.5817610062893082,0.4,0.4848484848484848,9135.0,-5958.872540669063
34,all,R9,Low,R9_OUT,0.0,0.0,5834.425248732146,0.0,0.5817610062893082,0.4,0.4848484848484848,9135.0,-5958.872540669063
34,all,R10,Medium,R10_OUT,0.0,0.0,28656.730773552685,0.0,0.5817610062893082,0.4,0.4848484848484848,9135.0,-5958.872540669063
34,all,R11,Medium,R11_OUT,0.0,0.0,8297.018134036141,0.0,0.5817610062893082,0.4,0.4848484848484848,9135.0,-5958.872540669063
34,all,R12,Medium,R12_OUT,0.0,0.0,11077.976911853004,0.0,0.5817610062893082,0.4,0.4848484848484848,9135.0,-5958.872540669063
34,all,R13,Medium,R13_OUT,0.0,0.0,22496.869590844915,0.0,0.5817610062893082,0.4,0.4848484848484848,9135.0,-5958.872540669063
34,all,R14,High,R14_OUT,0.0,0.0,6306.241500642413,0.0,0.5817610062893082,0.4,0.4848484848484848,9135.0,-5958.872540669063
34,all,R15,High,R15_OUT,0.0,0.0,42469.70159108894,0.0,0.5817610062893082,0.4,0.4848484848484848,9135.0,-5958.872540669063
34,all,R16,High,R16_OUT,0.0,0.0,-11092.13064580387,-0.0,0.5817610062893082,0.4,0.4848484848484848,9135.0,-5958.872540669063
34,all,R17,Medium,R17_OUT,0.0,0.0,-15078.584414401284,-0.0,0.5817610062893082,0.4,0.4848484848484848,9135.0,-5958.872540669063
34,all,R18,High,R18_OUT,0.0,0.0,-11350.447121475016,-0.0,0.5817610062893082,0.4,0.4848484848484848,9135.0,-5958.872540669063
34,all,R19,High,R19_OUT,0.0,0.0,2199.3275474611964,0.0,0.5817610062893082,0.4,0.4848484848484848,9135.0,-5958.872540669063
34,all,R20,Very_High,R20_OUT,0.04511930585683296,1.0,-5958.872540669063,-5958.872540669063,0.5817610062893082,0.4,0.4848484848484848,9135.0,-5958.872540669063
35,all,R1,Very_Low,R1_OUT,0.0,0.0,20903.365808655893,0.0,0.4544025157232704,0.6,0.303030303030303,1435.0,1435.9051544112954
35,all,R2,Low,R2_OUT,0.0,0.0,1161.8314562056821,0.0,0.4544025157232704,0.6,0.303030303030303,1435.0,1435.9051544112954
35,all,R3,Medium,R3_OUT,0.0,0.0,4883.577631318052,0.0,0.4544025157232704,0.6,0.303030303030303,1435.0,1435.9051544112954
35,all,R4,Low,R4_OUT,0.0,0.0,14294.501243357865,0.0,0.4544025157232704,0.6,0.303030303030303,1435.0,1435.9051544112954
35,all,R5,Medium,R5_OUT,0.0,0.0,12773.80023434869,0.0,0.4544025157232704,0.6,0.303030303030303,1435.0,1435.9051544112954
35,all,R6,Medium,R6_OUT,0.0,0.0,-10130.923108062641,-0.0,0.4544025157232704,0.6,0.303030303030303,1435.0,1435.9051544112954
35,all,R7,Medium,R7_OUT,0.0,0.0,-34356.9334557487,-0.0,0.4544025157232704,0.6,0.303030303030303,1435.0,1435.9051544112954
35,all,R8,High,R8_OUT,0.0,0.0,18439.316850751864,0.0,0.4544025157232704,0.6,0.303030303030303,1435.0,1435.9051544112954
35,all,R9,Low,R9_OUT,0.0,0.0,4943.779340442741,0.0,0.4544025157232704,0.6,0.303030303030303,1435.0,1435.9051544112954
35,all,R10,Medium,R10_OUT,0.0,0.0,16293.30009253945,0.0,0.4544025157232704,0.6,0.303030303030303,1435.0,1435.9051544112954
35,all,R11,Medium,R11_OUT,0.0,0.0,3521.8951660066477,0.0,0.4544025157232704,0.6,0.303030303030303,1435.0,1435.9051544112954
35,all,R12,Medium,R12_OUT,0.0,0.0,6620.880404038917,0.0,0.4544025157232704,0.6,0.303030303030303,1435.0,1435.9051544112954
35,all,R13,Medium,R13_OUT,0.0,0.0,15035.945166272591,0.0,0.4544025157232704,0.6,0.303030303030303,1435.0,1435.9051544112954
35,all,R14,High,R14_OUT,0.0,0.0,31773.832203883532,0.0,0.4544025157232704,0.6,0.303030303030303,1435.0,1435.9051544112954
35,all,R15,High,R15_OUT,0.0,0.0,17950.656117693594,0.0,0.4544025157232704,0.6,0.303030303030303,1435.0,1435.9051544112954
35,all,R16,High,R16_OUT,0.0,0.0,-10683.242262231466,-0.0,0.4544025157232704,0.6,0.303030303030303,1435.0,1435.9051544112954
35,all,R17,Medium,R17_OUT,0.0,0.0,-4419.805101035623,-0.0,0.4544025157232704,0.6,0.303030303030303,1435.0,1435.9051544112954
35,all,R18,High,R18_OUT,0.12364425162689804,1.0,1435.9051544112954,1435.9051544112954,0.4544025157232704,0.6,0.303030303030303,1435.0,1435.9051544112954
35,all,R19,High,R19_OUT,0.0,0.0,-1194.1332592243343,-0.0,0.4544025157232704,0.6,0.303030303030303,1435.0,1435.9051544112954
35,all,R20,Very_High,R20_OUT,0.0,0.0,-6564.73435142527,-0.0,0.4544025157232704,0.6,0.303030303030303,1435.0,1435.9051544112954
36,all,R1,Very_Low,R1_OUT,0.0,0.0,16827.872937407097,0.0,0.4685534591194968,0.0,0.2121212121212121,5922.0,5921.946379669564
36,all,R2,Low,R2_OUT,0.0,0.0,-8849.842557399857,-0.0,0.4685534591194968,0.0,0.2121212121212121,5922.0,5921.946379669564
36,all,R3,Medium,R3_OUT,0.0,0.0,-1830.723199394317,-0.0,0.4685534591194968,0.0,0.2121212121212121,5922.0,5921.946379669564
36,all,R4,Low,R4_OUT,0.0,0.0,6362.339315023344,0.0,0.4685534591194968,0.0,0.2121212121212121,5922.0,5921.946379669564
36,all,R5,Medium,R5_OUT,0.0,0.0,6940.315535843194,0.0,0.4685534591194968,0.0,0.2121212121212121,5922.0,5921.946379669564
36,all,R6,Medium,R6_OUT,0.0,0.0,-11413.045559065082,-0.0,0.4685534591194968,0.0,0.2121212121212121,5922.0,5921.946379669564
36,all,R7,Medium,R7_OUT,0.0,0.0,-39229.49985280735,-0.0,0.4685534591194968,0.0,0.2121212121212121,5922.0,5921.946379669564
36,all,R8,High,R8_OUT,0.0,0.0,4673.540889201555,0.0,0.4685534591194968,0.0,0.2121212121212121,5922.0,5921.946379669564
36,all,R9,Low,R9_OUT,0.0,0.0,6208.440924105726,0.0,0.4685534591194968,0.0,0.2121212121212121,5922.0,5921.946379669564
36,all,R10,Medium,R10_OUT,0.0,0.0,31729.623750839968,0.0,0.4685534591194968,0.0,0.2121212121212121,5922.0,5921.946379669564
36,all,R11,Medium,R11_OUT,0.0,0.0,7904.681774339609,0.0,0.4685534591194968,0.0,0.2121212121212121,5922.0,5921.946379669564
36,all,R12,Medium,R12_OUT,0.0,0.0,2971.9805534087973,0.0,0.4685534591194968,0.0,0.2121212121212121,5922.0,5921.946379669564
36,all,R13,Medium,R13_OUT,0.0,0.0,12705.381196666382,0.0,0.4685534591194968,0.0,0.2121212121212121,5922.0,5921.946379669564
36,all,R14,High,R14_OUT,0.0,0.0,20194.94606790257,0.0,0.4685534591194968,0.0,0.2121212121212121,5922.0,5921.946379669564
36,all,R15,High,R15_OUT,0.0,0.0,4869.520032812594,0.0,0.4685534591194968,0.0,0.2121212121212121,5922.0,5921.946379669564
36,all,R16,High,R16_OUT,0.0,0.0,-6216.306572902227,-0.0,0.4685534591194968,0.0,0.2121212121212121,5922.0,5921.946379669564
36,all,R17,Medium,R17_OUT,0.0,0.0,-11361.745650947285,-0.0,0.4685534591194968,0.0,0.2121212121212121,5922.0,5921.946379669564
36,all,R18,High,R18_OUT,0.0,0.0,-9160.213840901368,-0.0,0.4685534591194968,0.0,0.2121212121212121,5922.0,5921.946379669564
36,all,R19,High,R19_OUT,0.1778741865509761,1.0,5921.946379669564,5921.946379669564,0.4685534591194968,0.0,0.2121212121212121,5922.0,5921.946379669564
36,all,R20,Very_High,R20_OUT,0.0,0.0,-8276.156335276974,-0.0,0.4685534591194968,0.0,0.2121212121212121,5922.0,5921.946379669564
37,all,R1,Very_Low,R1_OUT,0.0,0.05,4277.29452990284,213.864726495142,0.1855345911949685,0.4,0.0909090909090909,847.0,3237.398688318498
37,all,R2,Low,R2_OUT,0.0,0.05,-4994.013415813202,-249.70067079066013,0.1855345911949685,0.4,0.0909090909090909,847.0,3237.398688318498
37,all,R3,Medium,R3_OUT,0.0,0.05,-2225.3315120554353,-111.26657560277177,0.1855345911949685,0.4,0.0909090909090909,847.0,3237.398688318498
37,all,R4,Low,R4_OUT,0.0,0.05,4969.116822556143,248.45584112780716,0.1855345911949685,0.4,0.0909090909090909,847.0,3237.398688318498
37,all,R5,Medium,R5_OUT,0.0,0.05,4568.478225212424,228.42391126062122,0.1855345911949685,0.4,0.0909090909090909,847.0,3237.398688318498
37,all,R6,Medium,R6_OUT,0.0,0.05,-14672.16963354901,-733.6084816774505,0.1855345911949685,0.4,0.0909090909090909,847.0,3237.398688318498
37,all,R7,Medium,R7_OUT,0.0,0.05,10513.022276858064,525.6511138429032,0.1855345911949685,0.4,0.0909090909090909,847.0,3237.398688318498
37,all,R8,High,R8_OUT,0.0,0.05,24093.34314800548,1204.667157400274,0.1855345911949685,0.4,0.0909090909090909,847.0,3237.398688318498
37,all,R9,Low,R9_OUT,0.0,0.05,886.9278701769545,44.346393508847726,0.1855345911949685,0.4,0.0909090909090909,847.0,3237.398688318498
37,all,R10,Medium,R10_OUT,0.0,0.05,12638.438786831346,631.9219393415674,0.1855345911949685,0.4,0.0909090909090909,847.0,3237.398688318498
37,all,R11,Medium,R11_OUT,0.0,0.05,6997.634014039255,349.88170070196276,0.1855345911949685,0.4,0.0909090909090909,847.0,3237.398688318498
37,all,R12,Medium,R12_OUT,0.0,0.05,-5698.465749988393,-284.9232874994197,0.1855345911949685,0.4,0.0909090909090909,847.0,3237.398688318498
37,all,R13,Medium,R13_OUT,0.0,0.05,-3444.925617071691,-172.24628085358455,0.1855345911949685,0.4,0.0909090909090909,847.0,3237.398688318498
37,all,R14,High,R14_OUT,0.0,0.05,43366.81413871755,2168.3407069358777,0.1855345911949685,0.4,0.0909090909090909,847.0,3237.398688318498
37,all,R15,High,R15_OUT,0.0,0.05,-11718.008295896409,-585.9004147948204,0.1855345911949685,0.4,0.0909090909090909,847.0,3237.398688318498
37,all,R16,High,R16_OUT,0.0,0.05,-1093.6778734193958,-54.683893670969795,0.1855345911949685,0.4,0.0909090909090909,847.0,3237.398688318498
37,all,R17,Medium,R17_OUT,0.0,0.05,418.96884886860744,20.948442443430373,0.1855345911949685,0.4,0.0909090909090909,847.0,3237.398688318498
37,all,R18,High,R18_OUT,0.0,0.05,10464.940942143916,523.2470471071958,0.1855345911949685,0.4,0.0909090909090909,847.0,3237.398688318498
37,all,R19,High,R19_OUT,0.0,0.05,-2871.037263313956,-143.5518631656978,0.1855345911949685,0.4,0.0909090909090909,847.0,3237.398688318498
37,all,R20,Very_High,R20_OUT,0.0,0.05,-11729.376475835132,-586.4688237917566,0.1855345911949685,0.4,0.0909090909090909,847.0,3237.398688318498
38,all,R1,Very_Low,R1_OUT,0.0,0.05,37736.417822000556,1886.820891100028,0.7248427672955975,0.8,0.4545454545454545,8050.0,7428.922938698088
38,all,R2,Low,R2_OUT,0.0,0.05,7783.750924678268,389.18754623391345,0.7248427672955975,0.8,0.4545454545454545,8050.0,7428.922938698088
38,all,R3,Medium,R3_OUT,0.0,0.05,12341.514940331403,617.0757470165702,0.7248427672955975,0.8,0.4545454545454545,8050.0,7428.922938698088
38,all,R4,Low,R4_OUT,0.0,0.05,23280.839777655463,1164.0419888827732,0.7248427672955975,0.8,0.4545454545454545,8050.0,7428.922938698088
38,all,R5,Medium,R5_OUT,0.0,0.05,21810.300936423624,1090.5150468211812,0.7248427672955975,0.8,0.4545454545454545,8050.0,7428.922938698088
38,all,R6,Medium,R6_OUT,0.0,0.05,-5052.282895249869,-252.61414476249348,0.7248427672955975,0.8,0.4545454545454545,8050.0,7428.922938698088
38,all,R7,Medium,R7_OUT,0.0,0.05,-72448.1804803478,-3622.40902401739,0.7248427672955975,0.8,0.4545454545454545,8050.0,7428.922938698088
38,all,R8,High,R8_OUT,0.0,0.05,12257.198452223754,612.8599226111877,0.7248427672955975,0.8,0.4545454545454545,8050.0,7428.922938698088
38,all,R9,Low,R9_OUT,0.0,0.05,9752.526123202037,487.6263061601019,0.7248427672955975,0.8,0.4545454545454545,8050.0,7428.922938698088
38,all,R10,Medium,R10_OUT,0.0,0.05,18453.8694545127,922.693472725635,0.7248427672955975,0.8,0.4545454545454545,8050.0,7428.922938698088
38,all,R11,Medium,R11_OUT,0.0,0.05,-1956.0286652380182,-97.80143326190091,0.7248427672955975,0.8,0.4545454545454545,8050.0,7428.922938698088
38,all,R12,Medium,R12_OUT,0.0,0.05,18675.44547150846,933.7722735754231,0.7248427672955975,0.8,0.4545454545454545,8050.0,7428.922938698088
38,all,R13,Medium,R13_OUT,0.0,0.05,33476.25706156049,1673.8128530780248,0.7248427672955975,0.8,0.4545454545454545,8050.0,7428.922938698088
38,all,R14,High,R14_OUT,0.0,0.05,27021.440948341115,1351.0720474170557,0.7248427672955975,0.8,0.4545454545454545,8050.0,7428.922938698088
38,all,R15,High,R15_OUT,0.0,0.05,39488.566420001895,1974.428321000095,0.7248427672955975,0.8,0.4545454545454545,8050.0,7428.922938698088
38,all,R16,High,R16_OUT,0.0,0.05,-21137.540771662203,-1056.87703858311,0.7248427672955975,0.8,0.4545454545454545,8050.0,7428.922938698088
38,all,R17,Medium,R17_OUT,0.0,0.05,-6874.365759834596,-343.7182879917298,0.7248427672955975,0.8,0.4545454545454545,8050.0,7428.922938698088
38,all,R18,High,R18_OUT,0.0,0.05,-5955.0354794487175,-297.7517739724359,0.7248427672955975,0.8,0.4545454545454545,8050.0,7428.922938698088
38,all,R19,High,R19_OUT,0.0,0.05,880.6213469132581,44.031067345662905,0.7248427672955975,0.8,0.4545454545454545,8050.0,7428.922938698088
38,all,R20,Very_High,R20_OUT,0.0,0.05,-956.8568536100756,-47.842842680503786,0.7248427672955975,0.8,0.4545454545454545,8050.0,7428.922938698088
39,all,R1,Very_Low,R1_OUT,0.0,0.0,29477.694634327636,0.0,0.6320754716981132,0.4,0.2424242424242424,4620.0,4620.049198494222
39,all,R2,Low,R2_OUT,0.0,0.0,666.3696025781801,0.0,0.6320754716981132,0.4,0.2424242424242424,4620.0,4620.049198494222
39,all,R3,Medium,R3_OUT,0.0,0.0,6481.061060347356,0.0,0.6320754716981132,0.4,0.2424242424242424,4620.0,4620.049198494222
39,all,R4,Low,R4_OUT,0.0,0.0,14985.043589400928,0.0,0.6320754716981132,0.4,0.2424242424242424,4620.0,4620.049198494222
39,all,R5,Medium,R5_OUT,0.0,0.0,16660.729535188068,0.0,0.6320754716981132,0.4,0.2424242424242424,4620.0,4620.049198494222
39,all,R6,Medium,R6_OUT,0.0,0.0,-6747.211423965844,-0.0,0.6320754716981132,0.4,0.2424242424242424,4620.0,4620.049198494222
39,all,R7,Medium,R7_OUT,0.0,0.0,-48774.270813942705,-0.0,0.6320754716981132,0.4,0.2424242424242424,4620.0,4620.049198494222
39,all,R8,High,R8_OUT,0.0,0.0,6270.04063544796,0.0,0.6320754716981132,0.4,0.2424242424242424,4620.0,4620.049198494222
39,all,R9,Low,R9_OUT,0.0,0.0,9907.286473458056,0.0,0.6320754716981132,0.4,0.2424242424242424,4620.0,4620.049198494222
39,all,R10,Medium,R10_OUT,0.0,0.0,23362.54575245641,0.0,0.6320754716981132,0.4,0.2424242424242424,4620.0,4620.049198494222
39,all,R11,Medium,R11_OUT,0.0,0.0,-980.6382846329016,-0.0,0.6320754716981132,0.4,0.2424242424242424,4620.0,4620.049198494222
39,all,R12,Medium,R12_OUT,0.0,0.0,11649.607833622116,0.0,0.6320754716981132,0.4,0.2424242424242424,4620.0,4620.049198494222
39,all,R13,Medium,R13_OUT,0.0,0.0,25116.021072257303,0.0,0.6320754716981132,0.4,0.2424242424242424,4620.0,4620.049198494222
39,all,R14,High,R14_OUT,0.0,0.0,34470.505454810576,0.0,0.6320754716981132,0.4,0.2424242424242424,4620.0,4620.049198494222
39,all,R15,High,R15_OUT,0.0,0.0,10091.592800052364,0.0,0.6320754716981132,0.4,0.2424242424242424,4620.0,4620.049198494222
39,all,R16,High,R16_OUT,0.0,0.0,-16242.898028005266,-0.0,0.6320754716981132,0.4,0.2424242424242424,4620.0,4620.049198494222
39,all,R17,Medium,R17_OUT,0.0,0.0,-5541.749324991464,-0.0,0.6320754716981132,0.4,0.2424242424242424,4620.0,4620.049198494222
39,all,R18,High,R18_OUT,0.0,0.0,-6007.728199510762,-0.0,0.6320754716981132,0.4,0.2424242424242424,4620.0,4620.049198494222
39,all,R19,High,R19_OUT,0.16413593637020965,1.0,4620.049198494222,4620.049198494222,0.6320754716981132,0.4,0.2424242424242424,4620.0,4620.049198494222
39,all,R20,Very_High,R20_OUT,0.0,0.0,-3248.820996198907,-0.0,0.6320754716981132,0.4,0.2424242424242424,4620.0,4620.049198494222
40,all,R1,Very_Low,R1_OUT,0.0,0.05,50704.06439685251,2535.203219842626,1.0,0.6,1.0,2352.0,4396.274844289028
40,all,R2,Low,R2_OUT,0.0,0.05,4342.86947539978,217.143473769989,1.0,0.6,1.0,2352.0,4396.274844289028
40,all,R3,Medium,R3_OUT,0.0,0.05,12855.995369255932,642.7997684627967,1.0,0.6,1.0,2352.0,4396.274844289028
40,all,R4,Low,R4_OUT,0.0,0.05,29665.919409829057,1483.2959704914529,1.0,0.6,1.0,2352.0,4396.274844289028
40,all,R5,Medium,R5_OUT,0.0,0.05,20946.540198093462,1047.327009904673,1.0,0.6,1.0,2352.0,4396.274844289028
40,all,R6,Medium,R6_OUT,0.0,0.05,-4713.266008295812,-235.6633004147906,1.0,0.6,1.0,2352.0,4396.274844289028
40,all,R7,Medium,R7_OUT,0.0,0.05,-165293.15477933857,-8264.65773896693,1.0,0.6,1.0,2352.0,4396.274844289028
40,all,R8,High,R8_OUT,0.0,0.05,557.9030781690162,27.895153908450812,1.0,0.6,1.0,2352.0,4396.274844289028
40,all,R9,Low,R9_OUT,0.0,0.05,9936.371494930008,496.8185747465004,1.0,0.6,1.0,2352.0,4396.274844289028
40,all,R10,Medium,R10_OUT,0.0,0.05,42222.275918803454,2111.1137959401726,1.0,0.6,1.0,2352.0,4396.274844289028
40,all,R11,Medium,R11_OUT,0.0,0.05,10300.359609846615,515.0179804923308,1.0,0.6,1.0,2352.0,4396.274844289028
40,all,R12,Medium,R12_OUT,0.0,0.05,30545.354455812623,1527.2677227906313,1.0,0.6,1.0,2352.0,4396.274844289028
40,all,R13,Medium,R13_OUT,0.0,0.05,51114.05993460656,2555.702996730328,1.0,0.6,1.0,2352.0,4396.274844289028
40,all,R14,High,R14_OUT,0.0,0.05,-36625.760841357405,-1831.2880420678703,1.0,0.6,1.0,2352.0,4396.274844289028
40,all,R15,High,R15_OUT,0.0,0.05,113309.66389712392,5665.483194856196,1.0,0.6,1.0,2352.0,4396.274844289028
40,all,R16,High,R16_OUT,0.0,0.05,-22400.2776448324,-1120.01388224162,1.0,0.6,1.0,2352.0,4396.274844289028
40,all,R17,Medium,R17_OUT,0.0,0.05,-31838.48937344331,-1591.9244686721656,1.0,0.6,1.0,2352.0,4396.274844289028
40,all,R18,High,R18_OUT,0.0,0.05,-32890.17901259272,-1644.5089506296363,1.0,0.6,1.0,2352.0,4396.274844289028
40,all,R19,High,R19_OUT,0.0,0.05,4848.832980029323,242.44164900146617,1.0,0.6,1.0,2352.0,4396.274844289028
40,all,R20,Very_High,R20_OUT,0.0,0.05,336.4143268884927,16.820716344424635,1.0,0.6,1.0,2352.0,4396.274844289028
41,all,R1,Very_Low,R1_OUT,0.0,0.0,-2717.007142647433,-0.0,0.0691823899371069,0.4,0.2727272727272727,2174.0,2176.0950500131003
41,all,R2,Low,R2_OUT,0.0,0.0,-8083.7395967146895,-0.0,0.0691823899371069,0.4,0.2727272727272727,2174.0,2176.0950500131003
41,all,R3,Medium,R3_OUT,0.0,0.0,-5646.260239486954,-0.0,0.0691823899371069,0.4,0.2727272727272727,2174.0,2176.0950500131003
41,all,R4,Low,R4_OUT,0.0,0.0,3714.17715016102,0.0,0.0691823899371069,0.4,0.2727272727272727,2174.0,2176.0950500131003
41,all,R5,Medium,R5_OUT,0.0,0.0,-1436.6950647899057,-0.0,0.0691823899371069,0.4,0.2727272727272727,2174.0,2176.0950500131003
41,all,R6,Medium,R6_OUT,0.0,0.0,-18581.24218725889,-0.0,0.0691823899371069,0.4,0.2727272727272727,2174.0,2176.0950500131003
41,all,R7,Medium,R7_OUT,0.1871428571428571,0.949367088607595,669.6605988227748,635.7537330595964,0.0691823899371069,0.4,0.2727272727272727,2174.0,2176.0950500131003
41,all,R8,High,R8_OUT,0.00998095238095238,0.05063291139240507,30421.741009831792,1540.3413169535086,0.0691823899371069,0.4,0.2727272727272727,2174.0,2176.0950500131003
41,all,R9,Low,R9_OUT,0.0,0.0,-4070.0037175672796,-0.0,0.0691823899371069,0.4,0.2727272727272727,2174.0,2176.0950500131003
41,all,R10,Medium,R10_OUT,0.0,0.0,15389.465492219355,0.0,0.0691823899371069,0.4,0.2727272727272727,2174.0,2176.0950500131003
41,all,R11,Medium,R11_OUT,0.0,0.0,16221.79862414964,0.0,0.0691823899371069,0.4,0.2727272727272727,2174.0,2176.0950500131003
41,all,R12,Medium,R12_OUT,0.0,0.0,-9039.251919886972,-0.0,0.0691823899371069,0.4,0.2727272727272727,2174.0,2176.0950500131003
41,all,R13,Medium,R13_OUT,0.0,0.0,-10376.0517881987,-0.0,0.0691823899371069,0.4,0.2727272727272727,2174.0,2176.0950500131003
41,all,R14,High,R14_OUT,0.0,0.0,20811.649678445356,0.0,0.0691823899371069,0.4,0.2727272727272727,2174.0,2176.0950500131003
41,all,R15,High,R15_OUT,0.0,0.0,12306.809629362782,0.0,0.0691823899371069,0.4,0.2727272727272727,2174.0,2176.0950500131003
41,all,R16,High,R16_OUT,0.0,0.0,5790.524269886542,0.0,0.0691823899371069,0.4,0.2727272727272727,2174.0,2176.0950500131003
41,all,R17,Medium,R17_OUT,0.0,0.0,-6733.625191383011,-0.0,0.0691823899371069,0.4,0.2727272727272727,2174.0,2176.0950500131003
41,all,R18,High,R18_OUT,0.0,0.0,8618.01191768175,0.0,0.0691823899371069,0.4,0.2727272727272727,2174.0,2176.0950500131003
41,all,R19,High,R19_OUT,0.0,0.0,-6167.505720947906,-0.0,0.0691823899371069,0.4,0.2727272727272727,2174.0,2176.0950500131003
41,all,R20,Very_High,R20_OUT,0.0,0.0,-15435.325939274931,-0.0,0.0691823899371069,0.4,0.2727272727272727,2174.0,2176.0950500131003
42,all,R1,Very_Low,R1_OUT,0.0,0.0,16633.19099791443,0.0,0.3867924528301887,0.6,0.5151515151515151,6699.0,6700.511295592565
42,all,R2,Low,R2_OUT,0.0,0.0,-1410.4767365350194,-0.0,0.3867924528301887,0.6,0.5151515151515151,6699.0,6700.511295592565
42,all,R3,Medium,R3_OUT,0.0,0.0,2341.319233195145,0.0,0.3867924528301887,0.6,0.5151515151515151,6699.0,6700.511295592565
42,all,R4,Low,R4_OUT,0.0,0.0,14217.11882344137,0.0,0.3867924528301887,0.6,0.5151515151515151,6699.0,6700.511295592565
42,all,R5,Medium,R5_OUT,0.0,0.0,7911.01748734702,0.0,0.3867924528301887,0.6,0.5151515151515151,6699.0,6700.511295592565
42,all,R6,Medium,R6_OUT,0.0,0.0,-13289.649097132671,-0.0,0.3867924528301887,0.6,0.5151515151515151,6699.0,6700.511295592565
42,all,R7,Medium,R7_OUT,0.0,0.0,-52244.890051852824,-0.0,0.3867924528301887,0.6,0.5151515151515151,6699.0,6700.511295592565
42,all,R8,High,R8_OUT,0.0,0.0,22926.974438186004,0.0,0.3867924528301887,0.6,0.5151515151515151,6699.0,6700.511295592565
42,all,R9,Low,R9_OUT,0.0,0.0,809.3400680476316,0.0,0.3867924528301887,0.6,0.5151515151515151,6699.0,6700.511295592565
42,all,R10,Medium,R10_OUT,0.0,0.0,20559.82836786843,0.0,0.3867924528301887,0.6,0.5151515151515151,6699.0,6700.511295592565
42,all,R11,Medium,R11_OUT,0.0,0.0,12319.621221174642,0.0,0.3867924528301887,0.6,0.5151515151515151,6699.0,6700.511295592565
42,all,R12,Medium,R12_OUT,0.0,0.0,5247.08445391942,0.0,0.3867924528301887,0.6,0.5151515151515151,6699.0,6700.511295592565
42,all,R13,Medium,R13_OUT,0.0,0.0,11254.15885201644,0.0,0.3867924528301887,0.6,0.5151515151515151,6699.0,6700.511295592565
42,all,R14,High,R14_OUT,0.032307692307692294,1.0,6700.511295592565,6700.511295592565,0.3867924528301887,0.6,0.5151515151515151,6699.0,6700.511295592565
42,all,R15,High,R15_OUT,0.0,0.0,46203.87220944513,0.0,0.3867924528301887,0.6,0.5151515151515151,6699.0,6700.511295592565
42,all,R16,High,R16_OUT,0.0,0.0,-5269.982820808777,-0.0,0.3867924528301887,0.6,0.5151515151515151,6699.0,6700.511295592565
42,all,R17,Medium,R17_OUT,0.0,0.0,-12764.526121227496,-0.0,0.3867924528301887,0.6,0.5151515151515151,6699.0,6700.511295592565
42,all,R18,High,R18_OUT,0.0,0.0,-2590.940852204123,-0.0,0.3867924528301887,0.6,0.5151515151515151,6699.0,6700.511295592565
42,all,R19,High,R19_OUT,0.0,0.0,-3756.5428696859854,-0.0,0.3867924528301887,0.6,0.5151515151515151,6699.0,6700.511295592565
42,all,R20,Very_High,R20_OUT,0.0,0.0,-9438.052694362812,-0.0,0.3867924528301887,0.6,0.5151515151515151,6699.0,6700.511295592565
43,all,R1,Very_Low,R1_OUT,0.0,0.0,11146.362021640787,0.0,0.2814465408805031,0.6,0.2424242424242424,4004.0,4004.521233797628
43,all,R2,Low,R2_OUT,0.0,0.0,-1016.5554327065702,-0.0,0.2814465408805031,0.6,0.2424242424242424,4004.0,4004.521233797628
43,all,R3,Medium,R3_OUT,0.0,0.0,1521.3845351716263,0.0,0.2814465408805031,0.6,0.2424242424242424,4004.0,4004.521233797628
43,all,R4,Low,R4_OUT,0.0,0.0,10403.334457674417,0.0,0.2814465408805031,0.6,0.2424242424242424,4004.0,4004.521233797628
43,all,R5,Medium,R5_OUT,0.0,0.0,8114.954554869286,0.0,0.2814465408805031,0.6,0.2424242424242424,4004.0,4004.521233797628
43,all,R6,Medium,R6_OUT,0.0,0.0,-13184.444288089846,-0.0,0.2814465408805031,0.6,0.2424242424242424,4004.0,4004.521233797628
43,all,R7,Medium,R7_OUT,0.0,0.0,-11174.043712464387,-0.0,0.2814465408805031,0.6,0.2424242424242424,4004.0,4004.521233797628
43,all,R8,High,R8_OUT,0.0,0.0,25328.09084720008,0.0,0.2814465408805031,0.6,0.2424242424242424,4004.0,4004.521233797628
43,all,R9,Low,R9_OUT,0.0,0.0,1472.6004673126868,0.0,0.2814465408805031,0.6,0.2424242424242424,4004.0,4004.521233797628
43,all,R10,Medium,R10_OUT,0.0,0.0,12091.469374640685,0.0,0.2814465408805031,0.6,0.2424242424242424,4004.0,4004.521233797628
43,all,R11,Medium,R11_OUT,0.0,0.0,6550.057680155694,0.0,0.2814465408805031,0.6,0.2424242424242424,4004.0,4004.521233797628
43,all,R12,Medium,R12_OUT,0.0,0.0,-108.68049494812112,-0.0,0.2814465408805031,0.6,0.2424242424242424,4004.0,4004.521233797628
43,all,R13,Medium,R13_OUT,0.9487179487179492,0.9909370824376925,3969.1733948658693,3933.2011035976957,0.2814465408805031,0.6,0.2424242424242424,4004.0,4004.521233797628
43,all,R14,High,R14_OUT,0.0,0.0,35435.45726506084,0.0,0.2814465408805031,0.6,0.2424242424242424,4004.0,4004.521233797628
43,all,R15,High,R15_OUT,0.0,0.0,9245.4466634114,0.0,0.2814465408805031,0.6,0.2424242424242424,4004.0,4004.521233797628
43,all,R16,High,R16_OUT,0.0,0.0,-4841.075316076268,-0.0,0.2814465408805031,0.6,0.2424242424242424,4004.0,4004.521233797628
43,all,R17,Medium,R17_OUT,0.0,0.0,-2035.520155421611,-0.0,0.2814465408805031,0.6,0.2424242424242424,4004.0,4004.521233797628
43,all,R18,High,R18_OUT,0.008676789587852417,0.009062917562307473,7869.444879048373,71.3201301999381,0.2814465408805031,0.6,0.2424242424242424,4004.0,4004.521233797628
43,all,R19,High,R19_OUT,0.0,0.0,-4083.9410841537456,-0.0,0.2814465408805031,0.6,0.2424242424242424,4004.0,4004.521233797628
43,all,R20,Very_High,R20_OUT,0.0,0.0,-9836.470965313481,-0.0,0.2814465408805031,0.6,0.2424242424242424,4004.0,4004.521233797628
44,all,R1,Very_Low,R1_OUT,0.0,0.0,-1182.6868564916012,-0.0,0.0644654088050314,0.6,0.2121212121212121,2331.0,2331.1071409163524
44,all,R2,Low,R2_OUT,0.0,0.0,-4083.13899685075,-0.0,0.0644654088050314,0.6,0.2121212121212121,2331.0,2331.1071409163524
44,all,R3,Medium,R3_OUT,0.0,0.0,-2934.7693527958345,-0.0,0.0644654088050314,0.6,0.2121212121212121,2331.0,2331.1071409163524
44,all,R4,Low,R4_OUT,0.09571428571428577,0.15789473684210534,5801.660662743647,916.0516835911026,0.0644654088050314,0.6,0.2121212121212121,2331.0,2331.1071409163524
44,all,R5,Medium,R5_OUT,0.5104761904761905,0.8421052631578947,1680.3783555737343,1415.0554573252498,0.0644654088050314,0.6,0.2121212121212121,2331.0,2331.1071409163524
44,all,R6,Medium,R6_OUT,0.0,0.0,-17396.303382521004,-0.0,0.0644654088050314,0.6,0.2121212121212121,2331.0,2331.1071409163524
44,all,R7,Medium,R7_OUT,0.0,0.0,12683.590581952187,0.0,0.0644654088050314,0.6,0.2121212121212121,2331.0,2331.1071409163524
44,all,R8,High,R8_OUT,0.0,0.0,34318.42276534298,0.0,0.0644654088050314,0.6,0.2121212121212121,2331.0,2331.1071409163524
44,all,R9,Low,R9_OUT,0.0,0.0,-3420.783180124011,-0.0,0.0644654088050314,0.6,0.2121212121212121,2331.0,2331.1071409163524
44,all,R10,Medium,R10_OUT,0.0,0.0,7965.997995370541,0.0,0.0644654088050314,0.6,0.2121212121212121,2331.0,2331.1071409163524
44,all,R11,Medium,R11_OUT,0.0,0.0,11825.569948770495,0.0,0.0644654088050314,0.6,0.2121212121212121,2331.0,2331.1071409163524
44,all,R12,Medium,R12_OUT,0.0,0.0,-8307.485488870734,-0.0,0.0644654088050314,0.6,0.2121212121212121,2331.0,2331.1071409163524
44,all,R13,Medium,R13_OUT,0.0,0.0,-9809.038340549905,-0.0,0.0644654088050314,0.6,0.2121212121212121,2331.0,2331.1071409163524
44,all,R14,High,R14_OUT,0.0,0.0,34889.20541453701,0.0,0.0644654088050314,0.6,0.2121212121212121,2331.0,2331.1071409163524
44,all,R15,High,R15_OUT,0.0,0.0,4463.294247360016,0.0,0.0644654088050314,0.6,0.2121212121212121,2331.0,2331.1071409163524
44,all,R16,High,R16_OUT,0.0,0.0,3095.0783240484484,0.0,0.0644654088050314,0.6,0.2121212121212121,2331.0,2331.1071409163524
44,all,R17,Medium,R17_OUT,0.0,0.0,-843.3241031170637,-0.0,0.0644654088050314,0.6,0.2121212121212121,2331.0,2331.1071409163524
44,all,R18,High,R18_OUT,0.0,0.0,14671.997618605208,0.0,0.0644654088050314,0.6,0.2121212121212121,2331.0,2331.1071409163524
44,all,R19,High,R19_OUT,0.0,0.0,-7987.184180754691,-0.0,0.0644654088050314,0.6,0.2121212121212121,2331.0,2331.1071409163524
44,all,R20,Very_High,R20_OUT,0.0,0.0,-14250.201208702312,-0.0,0.0644654088050314,0.6,0.2121212121212121,2331.0,2331.1071409163524
45,all,R1,Very_Low,R1_OUT,0.0,0.0,8434.248388769865,0.0,0.2044025157232704,0.8,0.2424242424242424,5817.0,3891.5386403224275
45,all,R2,Low,R2_OUT,0.12857142857142867,0.32417378388414425,1445.891590149904,468.72014786515666,0.2044025157232704,0.8,0.2424242424242424,5817.0,3891.5386403224275
45,all,R3,Medium,R3_OUT,0.0,0.0,2379.2980960392642,0.0,0.2044025157232704,0.8,0.2424242424242424,5817.0,3891.5386403224275
45,all,R4,Low,R4_OUT,0.0,0.0,11389.81484358036,0.0,0.2044025157232704,0.8,0.2424242424242424,5817.0,3891.5386403224275
45,all,R5,Medium,R5_OUT,0.0,0.0,8175.16372590856,0.0,0.2044025157232704,0.8,0.2424242424242424,5817.0,3891.5386403224275
45,all,R6,Medium,R6_OUT,0.0,0.0,-13992.67546825414,-0.0,0.2044025157232704,0.8,0.2424242424242424,5817.0,3891.5386403224275
45,all,R7,Medium,R7_OUT,0.0,0.0,711.521225607321,0.0,0.2044025157232704,0.8,0.2424242424242424,5817.0,3891.5386403224275
45,all,R8,High,R8_OUT,0.0,0.0,32759.702311170655,0.0,0.2044025157232704,0.8,0.2424242424242424,5817.0,3891.5386403224275
45,all,R9,Low,R9_OUT,0.0,0.0,-342.1314100173704,-0.0,0.2044025157232704,0.8,0.2424242424242424,5817.0,3891.5386403224275
45,all,R10,Medium,R10_OUT,0.26804123711340205,0.6758262161158557,5064.642967135951,3422.8184924572697,0.2044025157232704,0.8,0.2424242424242424,5817.0,3891.5386403224275
45,all,R11,Medium,R11_OUT,0.0,0.0,6195.344054486346,0.0,0.2044025157232704,0.8,0.2424242424242424,5817.0,3891.5386403224275
45,all,R12,Medium,R12_OUT,0.0,0.0,-1732.9896580886852,-0.0,0.2044025157232704,0.8,0.2424242424242424,5817.0,3891.5386403224275
45,all,R13,Medium,R13_OUT,0.0,0.0,106.65942651009937,0.0,0.2044025157232704,0.8,0.2424242424242424,5817.0,3891.5386403224275
45,all,R14,High,R14_OUT,0.0,0.0,41383.65247667944,0.0,0.2044025157232704,0.8,0.2424242424242424,5817.0,3891.5386403224275
45,all,R15,High,R15_OUT,0.0,0.0,9299.79809147392,0.0,0.2044025157232704,0.8,0.2424242424242424,5817.0,3891.5386403224275
45,all,R16,High,R16_OUT,0.0,0.0,-3952.7731953062985,-0.0,0.2044025157232704,0.8,0.2424242424242424,5817.0,3891.5386403224275
45,all,R17,Medium,R17_OUT,0.0,0.0,1470.596690864253,0.0,0.2044025157232704,0.8,0.2424242424242424,5817.0,3891.5386403224275
45,all,R18,High,R18_OUT,0.0,0.0,14229.434576409149,0.0,0.2044025157232704,0.8,0.2424242424242424,5817.0,3891.5386403224275
45,all,R19,High,R19_OUT,0.0,0.0,-7634.304643431765,-0.0,0.2044025157232704,0.8,0.2424242424242424,5817.0,3891.5386403224275
45,all,R20,Very_High,R20_OUT,0.0,0.0,-10600.651332724661,-0.0,0.2044025157232704,0.8,0.2424242424242424,5817.0,3891.5386403224275
46,all,R1,Very_Low,R1_OUT,0.0,0.0,3633.498892645209,0.0,0.1477987421383647,0.6,0.1818181818181818,2989.0,2988.579081414191
46,all,R2,Low,R2_OUT,0.0,0.0,-2599.342887977842,-0.0,0.1477987421383647,0.6,0.1818181818181818,2989.0,2988.579081414191
46,all,R3,Medium,R3_OUT,0.0,0.0,-1004.9479164283402,-0.0,0.1477987421383647,0.6,0.1818181818181818,2989.0,2988.579081414191
46,all,R4,Low,R4_OUT,0.11571428571428582,0.3159693829676003,7312.19490153586,2310.4297111771184,0.1477987421383647,0.6,0.1818181818181818,2989.0,2988.579081414191
46,all,R5,Medium,R5_OUT,0.1542857142857144,0.42129251062346695,4692.600851159719,1976.957593938896,0.1477987421383647,0.6,0.1818181818181818,2989.0,2988.579081414191
46,all,R6,Medium,R6_OUT,0.0,0.0,-15429.200858352724,-0.0,0.1477987421383647,0.6,0.1818181818181818,2989.0,2988.579081414191
46,all,R7,Medium,R7_OUT,0.0,0.0,8314.210662514379,0.0,0.1477987421383647,0.6,0.1818181818181818,2989.0,2988.579081414191
46,all,R8,High,R8_OUT,0.0,0.0,30546.399506323363,0.0,0.1477987421383647,0.6,0.1818181818181818,2989.0,2988.579081414191
46,all,R9,Low,R9_OUT,0.0,0.0,-1047.4355712174674,-0.0,0.1477987421383647,0.6,0.1818181818181818,2989.0,2988.579081414191
46,all,R10,Medium,R10_OUT,0.0,0.0,8499.444686959016,0.0,0.1477987421383647,0.6,0.1818181818181818,2989.0,2988.579081414191
46,all,R11,Medium,R11_OUT,0.0,0.0,8445.259046250436,0.0,0.1477987421383647,0.6,0.1818181818181818,2989.0,2988.579081414191
46,all,R12,Medium,R12_OUT,0.04123711340206181,0.11260204560382832,-5382.209904649289,-606.0478451326957,0.1477987421383647,0.6,0.1818181818181818,2989.0,2988.579081414191
46,all,R13,Medium,R13_OUT,0.05498281786941574,0.1501360608051044,-4614.217096506996,-692.7603785691266,0.1477987421383647,0.6,0.1818181818181818,2989.0,2988.579081414191
46,all,R14,High,R14_OUT,0.0,0.0,39813.06557356118,0.0,0.1477987421383647,0.6,0.1818181818181818,2989.0,2988.579081414191
46,all,R15,High,R15_OUT,0.0,0.0,669.619043138322,0.0,0.1477987421383647,0.6,0.1818181818181818,2989.0,2988.579081414191
46,all,R16,High,R16_OUT,0.0,0.0,-509.4716732485181,-0.0,0.1477987421383647,0.6,0.1818181818181818,2989.0,2988.579081414191
46,all,R17,Medium,R17_OUT,0.0,0.0,348.74865178953223,0.0,0.1477987421383647,0.6,0.1818181818181818,2989.0,2988.579081414191
46,all,R18,High,R18_OUT,0.0,0.0,13222.92952017994,0.0,0.1477987421383647,0.6,0.1818181818181818,2989.0,2988.579081414191
46,all,R19,High,R19_OUT,0.0,0.0,-6233.285299403566,-0.0,0.1477987421383647,0.6,0.1818181818181818,2989.0,2988.579081414191
46,all,R20,Very_High,R20_OUT,0.0,0.0,-12271.502176658103,-0.0,0.1477987421383647,0.6,0.1818181818181818,2989.0,2988.579081414191
47,all,R1,Very_Low,R1_OUT,0.11357142857142864,1.0,3134.367845608448,3134.367845608448,0.1084905660377358,0.8,0.1515151515151515,3136.0,3134.367845608448
47,all,R2,Low,R2_OUT,0.0,0.0,656.0049007280045,0.0,0.1084905660377358,0.8,0.1515151515151515,3136.0,3134.367845608448
47,all,R3,Medium,R3_OUT,0.0,0.0,813.1887331329001,0.0,0.1084905660377358,0.8,0.1515151515151515,3136.0,3134.367845608448
47,all,R4,Low,R4_OUT,0.0,0.0,8881.17793996194,0.0,0.1084905660377358,0.8,0.1515151515151515,3136.0,3134.367845608448
47,all,R5,Medium,R5_OUT,0.0,0.0,6330.7018258919725,0.0,0.1084905660377358,0.8,0.1515151515151515,3136.0,3134.367845608448
47,all,R6,Medium,R6_OUT,0.0,0.0,-15208.496461675355,-0.0,0.1084905660377358,0.8,0.1515151515151515,3136.0,3134.367845608448
47,all,R7,Medium,R7_OUT,0.0,0.0,20116.172708382714,0.0,0.1084905660377358,0.8,0.1515151515151515,3136.0,3134.367845608448
47,all,R8,High,R8_OUT,0.0,0.0,36143.727502571244,0.0,0.1084905660377358,0.8,0.1515151515151515,3136.0,3134.367845608448
47,all,R9,Low,R9_OUT,0.0,0.0,-1592.145527776865,-0.0,0.1084905660377358,0.8,0.1515151515151515,3136.0,3134.367845608448
47,all,R10,Medium,R10_OUT,0.0,0.0,1298.6899759909256,0.0,0.1084905660377358,0.8,0.1515151515151515,3136.0,3134.367845608448
47,all,R11,Medium,R11_OUT,0.0,0.0,6024.469449804015,0.0,0.1084905660377358,0.8,0.1515151515151515,3136.0,3134.367845608448
47,all,R12,Medium,R12_OUT,0.0,0.0,-5770.240011140015,-0.0,0.1084905660377358,0.8,0.1515151515151515,3136.0,3134.367845608448
47,all,R13,Medium,R13_OUT,0.0,0.0,-6162.632105659125,-0.0,0.1084905660377358,0.8,0.1515151515151515,3136.0,3134.367845608448
47,all,R14,High,R14_OUT,0.0,0.0,49854.580377309234,0.0,0.1084905660377358,0.8,0.1515151515151515,3136.0,3134.367845608448
47,all,R15,High,R15_OUT,0.0,0.0,-3219.787660471433,-0.0,0.1084905660377358,0.8,0.1515151515151515,3136.0,3134.367845608448
47,all,R16,High,R16_OUT,0.0,0.0,-1473.4661179156801,-0.0,0.1084905660377358,0.8,0.1515151515151515,3136.0,3134.367845608448
47,all,R17,Medium,R17_OUT,0.0,0.0,5046.956973529325,0.0,0.1084905660377358,0.8,0.1515151515151515,3136.0,3134.367845608448
47,all,R18,High,R18_OUT,0.0,0.0,19386.715015981837,0.0,0.1084905660377358,0.8,0.1515151515151515,3136.0,3134.367845608448
47,all,R19,High,R19_OUT,0.0,0.0,-8888.687764558785,-0.0,0.1084905660377358,0.8,0.1515151515151515,3136.0,3134.367845608448
47,all,R20,Very_High,R20_OUT,0.0,0.0,-12027.56177897564,-0.0,0.1084905660377358,0.8,0.1515151515151515,3136.0,3134.367845608448
48,all,R1,Very_Low,R1_OUT,0.0,0.0,-679.8472192195059,-0.0,0.1069182389937107,0.4,0.3333333333333333,2583.0,2871.9007121112154
48,all,R2,Low,R2_OUT,0.0,0.0,-7954.214759527409,-0.0,0.1069182389937107,0.4,0.3333333333333333,2583.0,2871.9007121112154
48,all,R3,Medium,R3_OUT,0.0,0.0,-5159.427760580351,-0.0,0.1069182389937107,0.4,0.3333333333333333,2583.0,2871.9007121112154
48,all,R4,Low,R4_OUT,0.0,0.0,4853.250266210038,0.0,0.1069182389937107,0.4,0.3333333333333333,2583.0,2871.9007121112154
48,all,R5,Medium,R5_OUT,0.0,0.0,-1031.3817819587362,-0.0,0.1069182389937107,0.4,0.3333333333333333,2583.0,2871.9007121112154
48,all,R6,Medium,R6_OUT,0.0,0.0,-18309.871264820966,-0.0,0.1069182389937107,0.4,0.3333333333333333,2583.0,2871.9007121112154
48,all,R7,Medium,R7_OUT,0.05095238095238091,0.6756756756756755,-9803.683477490456,-6624.110457763821,0.1069182389937107,0.4,0.3333333333333333,2583.0,2871.9007121112154
48,all,R8,High,R8_OUT,0.024457142857142854,0.3243243243243245,29279.367773781356,9496.01116987504,0.1069182389937107,0.4,0.3333333333333333,2583.0,2871.9007121112154
48,all,R9,Low,R9_OUT,0.0,0.0,-3870.756195460883,-0.0,0.1069182389937107,0.4,0.3333333333333333,2583.0,2871.9007121112154
48,all,R10,Medium,R10_OUT,0.0,0.0,17493.563466171305,0.0,0.1069182389937107,0.4,0.3333333333333333,2583.0,2871.9007121112154
48,all,R11,Medium,R11_OUT,0.0,0.0,17091.022459307394,0.0,0.1069182389937107,0.4,0.3333333333333333,2583.0,2871.9007121112154
48,all,R12,Medium,R12_OUT,0.0,0.0,-7318.439344043334,-0.0,0.1069182389937107,0.4,0.3333333333333333,2583.0,2871.9007121112154
48,all,R13,Medium,R13_OUT,0.0,0.0,-7852.111620108455,-0.0,0.1069182389937107,0.4,0.3333333333333333,2583.0,2871.9007121112154
48,all,R14,High,R14_OUT,0.0,0.0,14687.042246476798,0.0,0.1069182389937107,0.4,0.3333333333333333,2583.0,2871.9007121112154
48,all,R15,High,R15_OUT,0.0,0.0,20566.945574653604,0.0,0.1069182389937107,0.4,0.3333333333333333,2583.0,2871.9007121112154
48,all,R16,High,R16_OUT,0.0,0.0,5144.69508717776,0.0,0.1069182389937107,0.4,0.3333333333333333,2583.0,2871.9007121112154
48,all,R17,Medium,R17_OUT,0.0,0.0,-9117.854620891145,-0.0,0.1069182389937107,0.4,0.3333333333333333,2583.0,2871.9007121112154
48,all,R18,High,R18_OUT,0.0,0.0,5899.861680303629,0.0,0.1069182389937107,0.4,0.3333333333333333,2583.0,2871.9007121112154
48,all,R19,High,R19_OUT,0.0,0.0,-5824.892713316287,-0.0,0.1069182389937107,0.4,0.3333333333333333,2583.0,2871.9007121112154
48,all,R20,Very_High,R20_OUT,0.0,0.0,-15041.855910136674,-0.0,0.1069182389937107,0.4,0.3333333333333333,2583.0,2871.9007121112154
49,all,R1,Very_Low,R1_OUT,0.0,0.0,1564.2934388000222,0.0,0.1462264150943396,0.4,0.3333333333333333,3647.0,3637.3576786574595
49,all,R2,Low,R2_OUT,0.0,0.0,-7358.615325886429,-0.0,0.1462264150943396,0.4,0.3333333333333333,3647.0,3637.3576786574595
49,all,R3,Medium,R3_OUT,0.0,0.0,-4323.567116033892,-0.0,0.1462264150943396,0.4,0.3333333333333333,3647.0,3637.3576786574595
49,all,R4,Low,R4_OUT,0.0,0.0,5653.27749575493,0.0,0.1462264150943396,0.4,0.3333333333333333,3647.0,3637.3576786574595
49,all,R5,Medium,R5_OUT,0.0,0.0,205.11019381109782,0.0,0.1462264150943396,0.4,0.3333333333333333,3647.0,3637.3576786574595
49,all,R6,Medium,R6_OUT,0.0,0.0,-17501.10665505664,-0.0,0.1462264150943396,0.4,0.3333333333333333,3647.0,3637.3576786574595
49,all,R7,Medium,R7_OUT,0.03904761904761902,0.5080181798208074,-13498.318845795999,-6857.391370682186,0.1462264150943396,0.4,0.3333333333333333,3647.0,3637.3576786574595
49,all,R8,High,R8_OUT,0.018742857142857144,0.24384872631398777,27608.90243645642,6732.3956940570515,0.1462264150943396,0.4,0.3333333333333333,3647.0,3637.3576786574595
49,all,R9,Low,R9_OUT,0.0,0.0,-2919.6133608609834,-0.0,0.1462264150943396,0.4,0.3333333333333333,3647.0,3637.3576786574595
49,all,R10,Medium,R10_OUT,0.0,0.0,18103.369496388405,0.0,0.1462264150943396,0.4,0.3333333333333333,3647.0,3637.3576786574595
49,all,R11,Medium,R11_OUT,0.0,0.0,15958.061311253095,0.0,0.1462264150943396,0.4,0.3333333333333333,3647.0,3637.3576786574595
49,all,R12,Medium,R12_OUT,0.0,0.0,-5862.407854757463,-0.0,0.1462264150943396,0.4,0.3333333333333333,3647.0,3637.3576786574595
49,all,R13,Medium,R13_OUT,0.0,0.0,-5368.730340074597,-0.0,0.1462264150943396,0.4,0.3333333333333333,3647.0,3637.3576786574595
49,all,R14,High,R14_OUT,0.0,0.0,15403.02549379984,0.0,0.1462264150943396,0.4,0.3333333333333333,3647.0,3637.3576786574595
49,all,R15,High,R15_OUT,0.012886597938144333,0.16765749585486808,20696.327408662728,3469.894426728864,0.1462264150943396,0.4,0.3333333333333333,3647.0,3637.3576786574595
49,all,R16,High,R16_OUT,0.006185567010309284,0.08047559801033674,3634.1317838503155,292.45892855372597,0.1462264150943396,0.4,0.3333333333333333,3647.0,3637.3576786574595
49,all,R17,Medium,R17_OUT,0.0,0.0,-9117.870759294017,-0.0,0.1462264150943396,0.4,0.3333333333333333,3647.0,3637.3576786574595
49,all,R18,High,R18_OUT,0.0,0.0,4819.80659679812,0.0,0.1462264150943396,0.4,0.3333333333333333,3647.0,3637.3576786574595
49,all,R19,High,R19_OUT,0.0,0.0,-5084.429103636697,-0.0,0.1462264150943396,0.4,0.3333333333333333,3647.0,3637.3576786574595
49,all,R20,Very_High,R20_OUT,0.0,0.0,-14205.150507593084,-0.0,0.1462264150943396,0.4,0.3333333333333333,3647.0,3637.3576786574595
50,all,R1,Very_Low,R1_OUT,0.0,0.05,22382.78713091165,1119.1393565455826,0.4528301886792453,0.8,0.3636363636363636,8232.0,6157.0587982730885
50,all,R2,Low,R2_OUT,0.0,0.05,4325.578772544777,216.27893862723886,0.4528301886792453,0.8,0.3636363636363636,8232.0,6157.0587982730885
50,all,R3,Medium,R3_OUT,0.0,0.05,7030.749889856896,351.5374944928448,0.4528301886792453,0.8,0.3636363636363636,8232.0,6157.0587982730885
50,all,R4,Low,R4_OUT,0.0,0.05,17188.080885675925,859.4040442837963,0.4528301886792453,0.8,0.3636363636363636,8232.0,6157.0587982730885
50,all,R5,Medium,R5_OUT,0.0,0.05,14426.354984958176,721.3177492479089,0.4528301886792453,0.8,0.3636363636363636,8232.0,6157.0587982730885
50,all,R6,Medium,R6_OUT,0.0,0.05,-9891.369340415258,-494.5684670207629,0.4528301886792453,0.8,0.3636363636363636,8232.0,6157.0587982730885
50,all,R7,Medium,R7_OUT,0.0,0.05,-36491.56254756354,-1824.578127378177,0.4528301886792453,0.8,0.3636363636363636,8232.0,6157.0587982730885
50,all,R8,High,R8_OUT,0.0,0.05,23124.90835484006,1156.245417742003,0.4528301886792453,0.8,0.3636363636363636,8232.0,6157.0587982730885
50,all,R9,Low,R9_OUT,0.0,0.05,4241.392106434985,212.06960532174926,0.4528301886792453,0.8,0.3636363636363636,8232.0,6157.0587982730885
50,all,R10,Medium,R10_OUT,0.0,0.05,11955.98544799508,597.799272399754,0.4528301886792453,0.8,0.3636363636363636,8232.0,6157.0587982730885
50,all,R11,Medium,R11_OUT,0.0,0.05,2948.762673362924,147.4381336681462,0.4528301886792453,0.8,0.3636363636363636,8232.0,6157.0587982730885
50,all,R12,Medium,R12_OUT,0.0,0.05,8115.174046456428,405.7587023228214,0.4528301886792453,0.8,0.3636363636363636,8232.0,6157.0587982730885
50,all,R13,Medium,R13_OUT,0.0,0.05,16081.417394839573,804.0708697419786,0.4528301886792453,0.8,0.3636363636363636,8232.0,6157.0587982730885
50,all,R14,High,R14_OUT,0.0,0.05,32284.7639009637,1614.238195048185,0.4528301886792453,0.8,0.3636363636363636,8232.0,6157.0587982730885
50,all,R15,High,R15_OUT,0.0,0.05,26389.35005169568,1319.4675025847841,0.4528301886792453,0.8,0.3636363636363636,8232.0,6157.0587982730885
50,all,R16,High,R16_OUT,0.0,0.05,-11890.910095364627,-594.5455047682314,0.4528301886792453,0.8,0.3636363636363636,8232.0,6157.0587982730885
50,all,R17,Medium,R17_OUT,0.0,0.05,-3297.9331771246525,-164.89665885623265,0.4528301886792453,0.8,0.3636363636363636,8232.0,6157.0587982730885
50,all,R18,High,R18_OUT,0.0,0.05,4040.8917342286622,202.0445867114331,0.4528301886792453,0.8,0.3636363636363636,8232.0,6157.0587982730885
50,all,R19,High,R19_OUT,0.0,0.05,-3691.0387455783257,-184.55193727891628,0.4528301886792453,0.8,0.3636363636363636,8232.0,6157.0587982730885
50,all,R20,Very_High,R20_OUT,0.0,0.05,-6132.207503256342,-306.6103751628171,0.4528301886792453,0.8,0.3636363636363636,8232.0,6157.0587982730885
51,all,R1,Very_Low,R1_OUT,0.0,0.0,-769.6128455402886,-0.0,0.1053459119496855,0.4,0.3333333333333333,3276.0,2993.426623738829
51,all,R2,Low,R2_OUT,0.0,0.0,-7978.038736873049,-0.0,0.1053459119496855,0.4,0.3333333333333333,3276.0,2993.426623738829
51,all,R3,Medium,R3_OUT,0.0,0.0,-5192.86218636221,-0.0,0.1053459119496855,0.4,0.3333333333333333,3276.0,2993.426623738829
51,all,R4,Low,R4_OUT,0.0,0.0,4821.24917702824,0.0,0.1053459119496855,0.4,0.3333333333333333,3276.0,2993.426623738829
51,all,R5,Medium,R5_OUT,0.0,0.0,-1080.8414609895308,-0.0,0.1053459119496855,0.4,0.3333333333333333,3276.0,2993.426623738829
51,all,R6,Medium,R6_OUT,0.0,0.0,-18342.22184921154,-0.0,0.1053459119496855,0.4,0.3333333333333333,3276.0,2993.426623738829
51,all,R7,Medium,R7_OUT,0.051428571428571386,0.6756756756756755,-9655.898062758228,-6524.255447809612,0.1053459119496855,0.4,0.3333333333333333,3276.0,2993.426623738829
51,all,R8,High,R8_OUT,0.024685714285714283,0.3243243243243245,29346.186387274352,9517.682071548445,0.1053459119496855,0.4,0.3333333333333333,3276.0,2993.426623738829
51,all,R9,Low,R9_OUT,0.0,0.0,-3908.8019088448805,-0.0,0.1053459119496855,0.4,0.3333333333333333,3276.0,2993.426623738829
51,all,R10,Medium,R10_OUT,0.0,0.0,17469.17122496262,0.0,0.1053459119496855,0.4,0.3333333333333333,3276.0,2993.426623738829
51,all,R11,Medium,R11_OUT,0.0,0.0,17136.34090522957,0.0,0.1053459119496855,0.4,0.3333333333333333,3276.0,2993.426623738829
51,all,R12,Medium,R12_OUT,0.0,0.0,-7376.68060361477,-0.0,0.1053459119496855,0.4,0.3333333333333333,3276.0,2993.426623738829
51,all,R13,Medium,R13_OUT,0.0,0.0,-7951.446871309812,-0.0,0.1053459119496855,0.4,0.3333333333333333,3276.0,2993.426623738829
51,all,R14,High,R14_OUT,0.0,0.0,14658.40291658388,0.0,0.1053459119496855,0.4,0.3333333333333333,3276.0,2993.426623738829
51,all,R15,High,R15_OUT,0.0,0.0,20561.77030129324,0.0,0.1053459119496855,0.4,0.3333333333333333,3276.0,2993.426623738829
51,all,R16,High,R16_OUT,0.0,0.0,5205.117619310859,0.0,0.1053459119496855,0.4,0.3333333333333333,3276.0,2993.426623738829
51,all,R17,Medium,R17_OUT,0.0,0.0,-9117.85397535503,-0.0,0.1053459119496855,0.4,0.3333333333333333,3276.0,2993.426623738829
51,all,R18,High,R18_OUT,0.0,0.0,5943.063883643852,0.0,0.1053459119496855,0.4,0.3333333333333333,3276.0,2993.426623738829
51,all,R19,High,R19_OUT,0.0,0.0,-5854.511257703471,-0.0,0.1053459119496855,0.4,0.3333333333333333,3276.0,2993.426623738829
51,all,R20,Very_High,R20_OUT,0.0,0.0,-15075.324126238418,-0.0,0.1053459119496855,0.4,0.3333333333333333,3276.0,2993.426623738829
52,all,R1,Very_Low,R1_OUT,0.0,0.0,362.4736342091692,0.0,0.1210691823899371,0.4,0.2121212121212121,2723.0,2719.236035399357
52,all,R2,Low,R2_OUT,0.0,0.0,-6855.297725200533,-0.0,0.1210691823899371,0.4,0.2121212121212121,2723.0,2719.236035399357
52,all,R3,Medium,R3_OUT,0.0,0.0,-4227.330448827627,-0.0,0.1210691823899371,0.4,0.2121212121212121,2723.0,2719.236035399357
52,all,R4,Low,R4_OUT,0.0,0.0,4399.166117474359,0.0,0.1210691823899371,0.4,0.2121212121212121,2723.0,2719.236035399357
52,all,R5,Medium,R5_OUT,0.0,0.0,977.1933571341497,0.0,0.1210691823899371,0.4,0.2121212121212121,2723.0,2719.236035399357
52,all,R6,Medium,R6_OUT,0.0,0.0,-17008.629799434155,-0.0,0.1210691823899371,0.4,0.2121212121212121,2723.0,2719.236035399357
52,all,R7,Medium,R7_OUT,0.12444444444444443,1.0,2719.236035399357,2719.236035399357,0.1210691823899371,0.4,0.2121212121212121,2723.0,2719.236035399357
52,all,R8,High,R8_OUT,0.0,0.0,27755.453276781376,0.0,0.1210691823899371,0.4,0.2121212121212121,2723.0,2719.236035399357
52,all,R9,Low,R9_OUT,0.0,0.0,-2100.6455767859006,-0.0,0.1210691823899371,0.4,0.2121212121212121,2723.0,2719.236035399357
52,all,R10,Medium,R10_OUT,0.0,0.0,14675.725267162383,0.0,0.1210691823899371,0.4,0.2121212121212121,2723.0,2719.236035399357
52,all,R11,Medium,R11_OUT,0.0,0.0,12769.423371428078,0.0,0.1210691823899371,0.4,0.2121212121212121,2723.0,2719.236035399357
52,all,R12,Medium,R12_OUT,0.0,0.0,-7440.312700158822,-0.0,0.1210691823899371,0.4,0.2121212121212121,2723.0,2719.236035399357
52,all,R13,Medium,R13_OUT,0.0,0.0,-7237.882637811743,-0.0,0.1210691823899371,0.4,0.2121212121212121,2723.0,2719.236035399357
52,all,R14,High,R14_OUT,0.0,0.0,28568.698914310437,0.0,0.1210691823899371,0.4,0.2121212121212121,2723.0,2719.236035399357
52,all,R15,High,R15_OUT,0.0,0.0,4341.664265612759,0.0,0.1210691823899371,0.4,0.2121212121212121,2723.0,2719.236035399357
52,all,R16,High,R16_OUT,0.0,0.0,2992.2691210087473,0.0,0.1210691823899371,0.4,0.2121212121212121,2723.0,2719.236035399357
52,all,R17,Medium,R17_OUT,0.0,0.0,-4349.432557433429,-0.0,0.1210691823899371,0.4,0.2121212121212121,2723.0,2719.236035399357
52,all,R18,High,R18_OUT,0.0,0.0,8873.6365646673,0.0,0.1210691823899371,0.4,0.2121212121212121,2723.0,2719.236035399357
52,all,R19,High,R19_OUT,0.0,0.0,-4821.861698510059,-0.0,0.1210691823899371,0.4,0.2121212121212121,2723.0,2719.236035399357
52,all,R20,Very_High,R20_OUT,0.0,0.0,-13921.107650613802,-0.0,0.1210691823899371,0.4,0.2121212121212121,2723.0,2719.236035399357
53,all,R1,Very_Low,R1_OUT,0.05714285714285717,0.2800433056658247,9117.506736915417,2553.2967260362198,0.2122641509433962,0.8,0.1212121212121212,3472.0,3471.8148525131783
53,all,R2,Low,R2_OUT,0.0,0.0,2449.512715094224,0.0,0.2122641509433962,0.8,0.1212121212121212,3472.0,3471.8148525131783
53,all,R3,Medium,R3_OUT,0.0,0.0,3177.6577046645552,0.0,0.2122641509433962,0.8,0.1212121212121212,3472.0,3471.8148525131783
53,all,R4,Low,R4_OUT,0.0,0.0,10807.7263381175,0.0,0.2122641509433962,0.8,0.1212121212121212,3472.0,3471.8148525131783
53,all,R5,Medium,R5_OUT,0.0,0.0,9985.900148878274,0.0,0.2122641509433962,0.8,0.1212121212121212,3472.0,3471.8148525131783
53,all,R6,Medium,R6_OUT,0.0,0.0,-12820.836340429623,-0.0,0.2122641509433962,0.8,0.1212121212121212,3472.0,3471.8148525131783
53,all,R7,Medium,R7_OUT,0.0,0.0,13825.582397426013,0.0,0.2122641509433962,0.8,0.1212121212121212,3472.0,3471.8148525131783
53,all,R8,High,R8_OUT,0.0,0.0,31503.062268142665,0.0,0.2122641509433962,0.8,0.1212121212121212,3472.0,3471.8148525131783
53,all,R9,Low,R9_OUT,0.1469072164948454,0.7199566943341754,1275.7963551216285,918.5181264769574,0.2122641509433962,0.8,0.1212121212121212,3472.0,3471.8148525131783
53,all,R10,Medium,R10_OUT,0.0,0.0,2149.235803292293,0.0,0.2122641509433962,0.8,0.1212121212121212,3472.0,3471.8148525131783
53,all,R11,Medium,R11_OUT,0.0,0.0,2055.018750295716,0.0,0.2122641509433962,0.8,0.1212121212121212,3472.0,3471.8148525131783
53,all,R12,Medium,R12_OUT,0.0,0.0,-2087.828052489913,-0.0,0.2122641509433962,0.8,0.1212121212121212,3472.0,3471.8148525131783
53,all,R13,Medium,R13_OUT,0.0,0.0,323.5474040013978,0.0,0.2122641509433962,0.8,0.1212121212121212,3472.0,3471.8148525131783
53,all,R14,High,R14_OUT,0.0,0.0,55150.751824941384,0.0,0.2122641509433962,0.8,0.1212121212121212,3472.0,3471.8148525131783
53,all,R15,High,R15_OUT,0.0,0.0,-6946.184311008383,-0.0,0.2122641509433962,0.8,0.1212121212121212,3472.0,3471.8148525131783
53,all,R16,High,R16_OUT,0.0,0.0,-5863.509032942922,-0.0,0.2122641509433962,0.8,0.1212121212121212,3472.0,3471.8148525131783
53,all,R17,Medium,R17_OUT,0.0,0.0,6239.021336466427,0.0,0.2122641509433962,0.8,0.1212121212121212,3472.0,3471.8148525131783
53,all,R18,High,R18_OUT,0.0,0.0,17376.018274133698,0.0,0.2122641509433962,0.8,0.1212121212121212,3472.0,3471.8148525131783
53,all,R19,High,R19_OUT,0.0,0.0,-6749.747806174271,-0.0,0.2122641509433962,0.8,0.1212121212121212,3472.0,3471.8148525131783
53,all,R20,Very_High,R20_OUT,0.0,0.0,-9613.775937608763,-0.0,0.2122641509433962,0.8,0.1212121212121212,3472.0,3471.8148525131783
54,all,R1,Very_Low,R1_OUT,0.0,0.05,-6432.264484220159,-321.61322421100795,0.0,0.4,0.1515151515151515,1575.0,1586.2689619083421
54,all,R2,Low,R2_OUT,0.0,0.05,-8247.49336170669,-412.3746680853346,0.0,0.4,0.1515151515151515,1575.0,1586.2689619083421
54,all,R3,Medium,R3_OUT,0.0,0.05,-6486.187494172726,-324.3093747086363,0.0,0.4,0.1515151515151515,1575.0,1586.2689619083421
54,all,R4,Low,R4_OUT,0.0,0.05,1564.0352747901693,78.20176373950846,0.0,0.4,0.1515151515151515,1575.0,1586.2689619083421
54,all,R5,Medium,R5_OUT,0.0,0.05,-2049.482914329069,-102.47414571645345,0.0,0.4,0.1515151515151515,1575.0,1586.2689619083421
54,all,R6,Medium,R6_OUT,0.0,0.05,-18994.58169457245,-949.7290847286226,0.0,0.4,0.1515151515151515,1575.0,1586.2689619083421
54,all,R7,Medium,R7_OUT,0.0,0.05,21025.207092520344,1051.2603546260173,0.0,0.4,0.1515151515151515,1575.0,1586.2689619083421
54,all,R8,High,R8_OUT,0.0,0.05,32439.213027960675,1621.9606513980339,0.0,0.4,0.1515151515151515,1575.0,1586.2689619083421
54,all,R9,Low,R9_OUT,0.0,0.05,-4316.315908244085,-215.81579541220427,0.0,0.4,0.1515151515151515,1575.0,1586.2689619083421
54,all,R10,Medium,R10_OUT,0.0,0.05,11278.838509150186,563.9419254575093,0.0,0.4,0.1515151515151515,1575.0,1586.2689619083421
54,all,R11,Medium,R11_OUT,0.0,0.05,14302.077170145443,715.1038585072722,0.0,0.4,0.1515151515151515,1575.0,1586.2689619083421
54,all,R12,Medium,R12_OUT,0.0,0.05,-12247.912033288507,-612.3956016644254,0.0,0.4,0.1515151515151515,1575.0,1586.2689619083421
54,all,R13,Medium,R13_OUT,0.0,0.05,-15026.591119573768,-751.3295559786884,0.0,0.4,0.1515151515151515,1575.0,1586.2689619083421
54,all,R14,High,R14_OUT,0.0,0.05,33175.42186195415,1658.7710930977075,0.0,0.4,0.1515151515151515,1575.0,1586.2689619083421
54,all,R15,High,R15_OUT,0.0,0.05,-4192.761167777397,-209.63805838886984,0.0,0.4,0.1515151515151515,1575.0,1586.2689619083421
54,all,R16,High,R16_OUT,0.0,0.05,6840.492506771713,342.0246253385857,0.0,0.4,0.1515151515151515,1575.0,1586.2689619083421
54,all,R17,Medium,R17_OUT,0.0,0.05,-1965.168914511206,-98.2584457255603,0.0,0.4,0.1515151515151515,1575.0,1586.2689619083421
54,all,R18,High,R18_OUT,0.0,0.05,13881.503579077103,694.0751789538552,0.0,0.4,0.1515151515151515,1575.0,1586.2689619083421
54,all,R19,High,R19_OUT,0.0,0.05,-6734.25755866241,-336.7128779331205,0.0,0.4,0.1515151515151515,1575.0,1586.2689619083421
54,all,R20,Very_High,R20_OUT,0.0,0.05,-16088.393133144473,-804.4196566572236,0.0,0.4,0.1515151515151515,1575.0,1586.2689619083421
55,all,R1,Very_Low,R1_OUT,0.0,0.0,6052.574754839081,0.0,0.2248427672955975,0.4,0.3333333333333333,2926.0,9941.398245375509
55,all,R2,Low,R2_OUT,0.0,0.0,-6167.416458604468,-0.0,0.2248427672955975,0.4,0.3333333333333333,2926.0,9941.398245375509
55,all,R3,Medium,R3_OUT,0.0,0.0,-2651.84582694097,-0.0,0.2248427672955975,0.4,0.3333333333333333,2926.0,9941.398245375509
55,all,R4,Low,R4_OUT,0.0,0.0,7253.331954844716,0.0,0.2248427672955975,0.4,0.3333333333333333,2926.0,9941.398245375509
55,all,R5,Medium,R5_OUT,0.0,0.0,2678.0941453507694,0.0,0.2248427672955975,0.4,0.3333333333333333,2926.0,9941.398245375509
55,all,R6,Medium,R6_OUT,0.0,0.0,-15883.57743552799,-0.0,0.2248427672955975,0.4,0.3333333333333333,2926.0,9941.398245375509
55,all,R7,Medium,R7_OUT,0.015238095238095222,0.1448509770907726,-20887.589582407098,-3025.587760082711,0.2248427672955975,0.4,0.3333333333333333,2926.0,9941.398245375509
55,all,R8,High,R8_OUT,0.007314285714285712,0.0695284690035709,24267.971761806548,1687.3149224203005,0.2248427672955975,0.4,0.3333333333333333,2926.0,9941.398245375509
55,all,R9,Low,R9_OUT,0.0,0.0,-1017.3276916611808,-0.0,0.2248427672955975,0.4,0.3333333333333333,2926.0,9941.398245375509
55,all,R10,Medium,R10_OUT,0.0,0.0,19322.981556822597,0.0,0.2248427672955975,0.4,0.3333333333333333,2926.0,9941.398245375509
55,all,R11,Medium,R11_OUT,0.0,0.0,13692.13901514449,0.0,0.2248427672955975,0.4,0.3333333333333333,2926.0,9941.398245375509
55,all,R12,Medium,R12_OUT,0.0,0.0,-2950.344876185716,-0.0,0.2248427672955975,0.4,0.3333333333333333,2926.0,9941.398245375509
55,all,R13,Medium,R13_OUT,0.0,0.0,-401.9677800068748,-0.0,0.2248427672955975,0.4,0.3333333333333333,2926.0,9941.398245375509
55,all,R14,High,R14_OUT,0.0,0.0,16834.99198844591,0.0,0.2248427672955975,0.4,0.3333333333333333,2926.0,9941.398245375509
55,all,R15,High,R15_OUT,0.0558419243986254,0.530824698584903,20955.09107668097,11123.479904598365,0.2248427672955975,0.4,0.3333333333333333,2926.0,9941.398245375509
55,all,R16,High,R16_OUT,0.026804123711340208,0.2547958553207536,613.0051771954213,156.1911784395575,0.2248427672955975,0.4,0.3333333333333333,2926.0,9941.398245375509
55,all,R17,Medium,R17_OUT,0.0,0.0,-9117.903036099764,-0.0,0.2248427672955975,0.4,0.3333333333333333,2926.0,9941.398245375509
55,all,R18,High,R18_OUT,0.0,0.0,2659.6964297870945,0.0,0.2248427672955975,0.4,0.3333333333333333,2926.0,9941.398245375509
55,all,R19,High,R19_OUT,0.0,0.0,-3603.501884277515,-0.0,0.2248427672955975,0.4,0.3333333333333333,2926.0,9941.398245375509
55,all,R20,Very_High,R20_OUT,0.0,0.0,-12531.7397025059,-0.0,0.2248427672955975,0.4,0.3333333333333333,2926.0,9941.398245375509
56,all,R1,Very_Low,R1_OUT,0.12857142857142864,1.0,1877.6490771175122,1877.6490771175122,0.0864779874213836,0.8,0.1515151515151515,1876.0,1877.6490771175122
56,all,R2,Low,R2_OUT,0.0,0.0,322.46921788905547,0.0,0.0864779874213836,0.8,0.1515151515151515,1876.0,1877.6490771175122
56,all,R3,Medium,R3_OUT,0.0,0.0,345.1067721868824,0.0,0.0864779874213836,0.8,0.1515151515151515,1876.0,1877.6490771175122
56,all,R4,Low,R4_OUT,0.0,0.0,8433.162691416801,0.0,0.0864779874213836,0.8,0.1515151515151515,1876.0,1877.6490771175122
56,all,R5,Medium,R5_OUT,0.0,0.0,5638.266319460865,0.0,0.0864779874213836,0.8,0.1515151515151515,1876.0,1877.6490771175122
56,all,R6,Medium,R6_OUT,0.0,0.0,-15661.404643143376,-0.0,0.0864779874213836,0.8,0.1515151515151515,1876.0,1877.6490771175122
56,all,R7,Medium,R7_OUT,0.0,0.0,22185.16851463382,0.0,0.0864779874213836,0.8,0.1515151515151515,1876.0,1877.6490771175122
56,all,R8,High,R8_OUT,0.0,0.0,37079.18809147321,0.0,0.0864779874213836,0.8,0.1515151515151515,1876.0,1877.6490771175122
56,all,R9,Low,R9_OUT,0.0,0.0,-2124.7855151528092,-0.0,0.0864779874213836,0.8,0.1515151515151515,1876.0,1877.6490771175122
56,all,R10,Medium,R10_OUT,0.0,0.0,957.198599069352,0.0,0.0864779874213836,0.8,0.1515151515151515,1876.0,1877.6490771175122
56,all,R11,Medium,R11_OUT,0.0,0.0,6658.927692714424,0.0,0.0864779874213836,0.8,0.1515151515151515,1876.0,1877.6490771175122
56,all,R12,Medium,R12_OUT,0.0,0.0,-6585.6176451401025,-0.0,0.0864779874213836,0.8,0.1515151515151515,1876.0,1877.6490771175122
56,all,R13,Medium,R13_OUT,0.0,0.0,-7553.325622478087,-0.0,0.0864779874213836,0.8,0.1515151515151515,1876.0,1877.6490771175122
56,all,R14,High,R14_OUT,0.0,0.0,49453.62975880833,0.0,0.0864779874213836,0.8,0.1515151515151515,1876.0,1877.6490771175122
56,all,R15,High,R15_OUT,0.0,0.0,-3292.2414875165414,-0.0,0.0864779874213836,0.8,0.1515151515151515,1876.0,1877.6490771175122
56,all,R16,High,R16_OUT,0.0,0.0,-627.5506680523108,-0.0,0.0864779874213836,0.8,0.1515151515151515,1876.0,1877.6490771175122
56,all,R17,Medium,R17_OUT,0.0,0.0,5046.966011034934,0.0,0.0864779874213836,0.8,0.1515151515151515,1876.0,1877.6490771175122
56,all,R18,High,R18_OUT,0.0,0.0,19991.545862744926,0.0,0.0864779874213836,0.8,0.1515151515151515,1876.0,1877.6490771175122
56,all,R19,High,R19_OUT,0.0,0.0,-9303.347385979354,-0.0,0.0864779874213836,0.8,0.1515151515151515,1876.0,1877.6490771175122
56,all,R20,Very_High,R20_OUT,0.0,0.0,-12496.116804400051,-0.0,0.0864779874213836,0.8,0.1515151515151515,1876.0,1877.6490771175122
57,all,R1,Very_Low,R1_OUT,0.0,0.05,628.0619229361791,31.40309614680896,0.1226415094339622,0.4,0.1212121212121212,2520.0,2615.327013315604
57,all,R2,Low,R2_OUT,0.0,0.05,-6168.0978191928025,-308.40489095964017,0.1226415094339622,0.4,0.1212121212121212,2520.0,2615.327013315604
57,all,R3,Medium,R3_OUT,0.0,0.05,-3720.5054132587716,-186.0252706629386,0.1226415094339622,0.4,0.1212121212121212,2520.0,2615.327013315604
57,all,R4,Low,R4_OUT,0.0,0.05,3874.596743127274,193.72983715636371,0.1226415094339622,0.4,0.1212121212121212,2520.0,2615.327013315604
57,all,R5,Medium,R5_OUT,0.0,0.05,2199.231557026751,109.96157785133755,0.1226415094339622,0.4,0.1212121212121212,2520.0,2615.327013315604
57,all,R6,Medium,R6_OUT,0.0,0.05,-16218.714560639844,-810.9357280319923,0.1226415094339622,0.4,0.1212121212121212,2520.0,2615.327013315604
57,all,R7,Medium,R7_OUT,0.0,0.05,12961.191804776994,648.0595902388498,0.1226415094339622,0.4,0.1212121212121212,2520.0,2615.327013315604
57,all,R8,High,R8_OUT,0.0,0.05,26996.72443161613,1349.8362215808065,0.1226415094339622,0.4,0.1212121212121212,2520.0,2615.327013315604
57,all,R9,Low,R9_OUT,0.0,0.05,-991.8254647376423,-49.59127323688212,0.1226415094339622,0.4,0.1212121212121212,2520.0,2615.327013315604
57,all,R10,Medium,R10_OUT,0.0,0.05,12422.091230955759,621.104561547788,0.1226415094339622,0.4,0.1212121212121212,2520.0,2615.327013315604
57,all,R11,Medium,R11_OUT,0.0,0.05,9788.805119571081,489.4402559785541,0.1226415094339622,0.4,0.1212121212121212,2520.0,2615.327013315604
57,all,R12,Medium,R12_OUT,0.0,0.05,-7866.604959781189,-393.33024798905944,0.1226415094339622,0.4,0.1212121212121212,2520.0,2615.327013315604
57,all,R13,Medium,R13_OUT,0.0,0.05,-7348.388595496999,-367.41942977484996,0.1226415094339622,0.4,0.1212121212121212,2520.0,2615.327013315604
57,all,R14,High,R14_OUT,0.0,0.05,38815.26526830136,1940.763263415068,0.1226415094339622,0.4,0.1212121212121212,2520.0,2615.327013315604
57,all,R15,High,R15_OUT,0.0,0.05,-7857.05453798997,-392.8527268994985,0.1226415094339622,0.4,0.1212121212121212,2520.0,2615.327013315604
57,all,R16,High,R16_OUT,0.0,0.05,1725.3792061473018,86.26896030736509,0.1226415094339622,0.4,0.1212121212121212,2520.0,2615.327013315604
57,all,R17,Medium,R17_OUT,0.0,0.05,-773.1122980074833,-38.65561490037417,0.1226415094339622,0.4,0.1212121212121212,2520.0,2615.327013315604
57,all,R18,High,R18_OUT,0.0,0.05,11352.380397146322,567.6190198573162,0.1226415094339622,0.4,0.1212121212121212,2520.0,2615.327013315604
57,all,R19,High,R19_OUT,0.0,0.05,-4239.895067631695,-211.9947533815848,0.1226415094339622,0.4,0.1212121212121212,2520.0,2615.327013315604
57,all,R20,Very_High,R20_OUT,0.0,0.05,-13272.988698556674,-663.6494349278337,0.1226415094339622,0.4,0.1212121212121212,2520.0,2615.327013315604
58,all,R1,Very_Low,R1_OUT,0.0,0.0,2794.735749733866,0.0,0.080188679245283,1.0,0.3636363636363636,1603.0,1602.991403735149
58,all,R2,Low,R2_OUT,0.0,0.0,2309.118054421078,0.0,0.080188679245283,1.0,0.3636363636363636,1603.0,1602.991403735149
58,all,R3,Medium,R3_OUT,0.11337142857142857,1.0,1602.991403735149,1602.991403735149,0.080188679245283,1.0,0.3636363636363636,1603.0,1602.991403735149
58,all,R4,Low,R4_OUT,0.0,0.0,12158.356505404272,0.0,0.080188679245283,1.0,0.3636363636363636,1603.0,1602.991403735149
58,all,R5,Medium,R5_OUT,0.0,0.0,5188.144498208285,0.0,0.080188679245283,1.0,0.3636363636363636,1603.0,1602.991403735149
58,all,R6,Medium,R6_OUT,0.0,0.0,-16781.510386007278,-0.0,0.080188679245283,1.0,0.3636363636363636,1603.0,1602.991403735149
58,all,R7,Medium,R7_OUT,0.0,0.0,3177.6603601658862,0.0,0.080188679245283,1.0,0.3636363636363636,1603.0,1602.991403735149
58,all,R8,High,R8_OUT,0.0,0.0,43118.41915549415,0.0,0.080188679245283,1.0,0.3636363636363636,1603.0,1602.991403735149
58,all,R9,Low,R9_OUT,0.0,0.0,-4725.9338870863285,-0.0,0.080188679245283,1.0,0.3636363636363636,1603.0,1602.991403735149
58,all,R10,Medium,R10_OUT,0.0,0.0,343.4176932577793,0.0,0.080188679245283,1.0,0.3636363636363636,1603.0,1602.991403735149
58,all,R11,Medium,R11_OUT,0.0,0.0,11113.916881061929,0.0,0.080188679245283,1.0,0.3636363636363636,1603.0,1602.991403735149
58,all,R12,Medium,R12_OUT,0.0,0.0,-4458.491916113897,-0.0,0.080188679245283,1.0,0.3636363636363636,1603.0,1602.991403735149
58,all,R13,Medium,R13_OUT,0.0,0.0,-6456.123799370823,-0.0,0.080188679245283,1.0,0.3636363636363636,1603.0,1602.991403735149
58,all,R14,High,R14_OUT,0.0,0.0,32848.76509271306,0.0,0.080188679245283,1.0,0.3636363636363636,1603.0,1602.991403735149
58,all,R15,High,R15_OUT,0.0,0.0,25470.750088009612,0.0,0.080188679245283,1.0,0.3636363636363636,1603.0,1602.991403735149
58,all,R16,High,R16_OUT,0.0,0.0,356.8280664277395,0.0,0.080188679245283,1.0,0.3636363636363636,1603.0,1602.991403735149
58,all,R17,Medium,R17_OUT,0.0,0.0,208.30502995081042,0.0,0.080188679245283,1.0,0.3636363636363636,1603.0,1602.991403735149
58,all,R18,High,R18_OUT,0.0,0.0,18522.895659550883,0.0,0.080188679245283,1.0,0.3636363636363636,1603.0,1602.991403735149
58,all,R19,High,R19_OUT,0.0,0.0,-12809.688649646865,-0.0,0.080188679245283,1.0,0.3636363636363636,1603.0,1602.991403735149
58,all,R20,Very_High,R20_OUT,0.0,0.0,-13188.412497795332,-0.0,0.080188679245283,1.0,0.3636363636363636,1603.0,1602.991403735149
59,all,R1,Very_Low,R1_OUT,0.0,0.0,14006.848834967906,0.0,0.360062893081761,0.4,0.2121212121212121,3626.0,3626.106116793344
59,all,R2,Low,R2_OUT,0.0,0.0,-3234.0531686633726,-0.0,0.360062893081761,0.4,0.2121212121212121,3626.0,3626.106116793344
59,all,R3,Medium,R3_OUT,0.0,0.0,854.70227001485,0.0,0.360062893081761,0.4,0.2121212121212121,3626.0,3626.106116793344
59,all,R4,Low,R4_OUT,0.0,0.0,9263.331673107308,0.0,0.360062893081761,0.4,0.2121212121212121,3626.0,3626.106116793344
59,all,R5,Medium,R5_OUT,0.0,0.0,8495.064569814747,0.0,0.360062893081761,0.4,0.2121212121212121,3626.0,3626.106116793344
59,all,R6,Medium,R6_OUT,0.0,0.0,-12091.34097206706,-0.0,0.360062893081761,0.4,0.2121212121212121,3626.0,3626.106116793344
59,all,R7,Medium,R7_OUT,0.0,0.0,-19744.147003898375,-0.0,0.360062893081761,0.4,0.2121212121212121,3626.0,3626.106116793344
59,all,R8,High,R8_OUT,0.0,0.0,17599.024025845763,0.0,0.360062893081761,0.4,0.2121212121212121,3626.0,3626.106116793344
59,all,R9,Low,R9_OUT,0.0,0.0,3682.3028575814965,0.0,0.360062893081761,0.4,0.2121212121212121,3626.0,3626.106116793344
59,all,R10,Medium,R10_OUT,0.0,0.0,18383.345930882333,0.0,0.360062893081761,0.4,0.2121212121212121,3626.0,3626.106116793344
59,all,R11,Medium,R11_OUT,0.0,0.0,5881.019591257923,0.0,0.360062893081761,0.4,0.2121212121212121,3626.0,3626.106116793344
59,all,R12,Medium,R12_OUT,0.0,0.0,1412.3587546992803,0.0,0.360062893081761,0.4,0.2121212121212121,3626.0,3626.106116793344
59,all,R13,Medium,R13_OUT,0.0,0.0,7861.075544794123,0.0,0.360062893081761,0.4,0.2121212121212121,3626.0,3626.106116793344
59,all,R14,High,R14_OUT,0.0,0.0,32921.8770580345,0.0,0.360062893081761,0.4,0.2121212121212121,3626.0,3626.106116793344
59,all,R15,High,R15_OUT,0.06837606837606842,0.7242733699921449,5128.305816388212,3714.2953359858084,0.360062893081761,0.4,0.2121212121212121,3626.0,3626.106116793344
59,all,R16,High,R16_OUT,0.0,0.0,-6191.955763222124,-0.0,0.360062893081761,0.4,0.2121212121212121,3626.0,3626.106116793344
59,all,R17,Medium,R17_OUT,0.0,0.0,-4349.530678922896,-0.0,0.360062893081761,0.4,0.2121212121212121,3626.0,3626.106116793344
59,all,R18,High,R18_OUT,0.0,0.0,2306.901656953789,0.0,0.360062893081761,0.4,0.2121212121212121,3626.0,3626.106116793344
59,all,R19,High,R19_OUT,0.02603036876355747,0.2757266300078552,-319.8429516581491,-88.1892191924668,0.360062893081761,0.4,0.2121212121212121,3626.0,3626.106116793344
59,all,R20,Very_High,R20_OUT,0.0,0.0,-8833.938803148765,-0.0,0.360062893081761,0.4,0.2121212121212121,3626.0,3626.106116793344
60,all,R1,Very_Low,R1_OUT,0.0,0.0,17191.817057318498,0.0,0.3883647798742138,0.6,0.2727272727272727,6783.0,6781.574217279471
60,all,R2,Low,R2_OUT,0.0,0.0,382.3497172428665,0.0,0.3883647798742138,0.6,0.2727272727272727,6783.0,6781.574217279471
60,all,R3,Medium,R3_OUT,0.0,0.0,3637.1286184089986,0.0,0.3883647798742138,0.6,0.2727272727272727,6783.0,6781.574217279471
60,all,R4,Low,R4_OUT,0.0,0.0,12764.932009879485,0.0,0.3883647798742138,0.6,0.2727272727272727,6783.0,6781.574217279471
60,all,R5,Medium,R5_OUT,0.0,0.0,11087.353222009304,0.0,0.3883647798742138,0.6,0.2727272727272727,6783.0,6781.574217279471
60,all,R6,Medium,R6_OUT,0.0,0.0,-11237.126100998794,-0.0,0.3883647798742138,0.6,0.2727272727272727,6783.0,6781.574217279471
60,all,R7,Medium,R7_OUT,0.0,0.0,-24686.698975625433,-0.0,0.3883647798742138,0.6,0.2727272727272727,6783.0,6781.574217279471
60,all,R8,High,R8_OUT,0.0,0.0,21015.061873567003,0.0,0.3883647798742138,0.6,0.2727272727272727,6783.0,6781.574217279471
60,all,R9,Low,R9_OUT,0.0,0.0,3702.784177869662,0.0,0.3883647798742138,0.6,0.2727272727272727,6783.0,6781.574217279471
60,all,R10,Medium,R10_OUT,0.0,0.0,14509.48386930296,0.0,0.3883647798742138,0.6,0.2727272727272727,6783.0,6781.574217279471
60,all,R11,Medium,R11_OUT,0.0,0.0,4446.836626092933,0.0,0.3883647798742138,0.6,0.2727272727272727,6783.0,6781.574217279471
60,all,R12,Medium,R12_OUT,0.0,0.0,4013.2363289740515,0.0,0.3883647798742138,0.6,0.2727272727272727,6783.0,6781.574217279471
60,all,R13,Medium,R13_OUT,0.057692307692308,0.32428554010073374,10793.91754618684,3500.311381267986,0.3883647798742138,0.6,0.2727272727272727,6783.0,6781.574217279471
60,all,R14,High,R14_OUT,0.003076923076923094,0.01729522880537247,33976.956023080165,587.6392285292497,0.3883647798742138,0.6,0.2727272727272727,6783.0,6781.574217279471
60,all,R15,High,R15_OUT,0.0,0.0,13665.329944237237,0.0,0.3883647798742138,0.6,0.2727272727272727,6783.0,6781.574217279471
60,all,R16,High,R16_OUT,0.0,0.0,-8547.651706884139,-0.0,0.3883647798742138,0.6,0.2727272727272727,6783.0,6781.574217279471
60,all,R17,Medium,R17_OUT,0.0,0.0,-3227.6710201981114,-0.0,0.3883647798742138,0.6,0.2727272727272727,6783.0,6781.574217279471
60,all,R18,High,R18_OUT,0.11713665943600864,0.6584192310938938,4091.0463733069664,2693.6236074822355,0.3883647798742138,0.6,0.2727272727272727,6783.0,6781.574217279471
60,all,R19,High,R19_OUT,0.0,0.0,-2253.996094655652,-0.0,0.3883647798742138,0.6,0.2727272727272727,6783.0,6781.574217279471
60,all,R20,Very_High,R20_OUT,0.0,0.0,-7765.515849046708,-0.0,0.3883647798742138,0.6,0.2727272727272727,6783.0,6781.574217279471
61,all,R1,Very_Low,R1_OUT,0.0,0.05,-5983.436352616258,-299.1718176308129,0.0078616352201257,0.4,0.1515151515151515,1267.0,1639.8198009089165
61,all,R2,Low,R2_OUT,0.0,0.05,-8128.373474978496,-406.41867374892485,0.0078616352201257,0.4,0.1515151515151515,1267.0,1639.8198009089165
61,all,R3,Medium,R3_OUT,0.0,0.05,-6319.015365263435,-315.95076826317177,0.0078616352201257,0.4,0.1515151515151515,1267.0,1639.8198009089165
61,all,R4,Low,R4_OUT,0.0,0.05,1724.040720699146,86.2020360349573,0.0078616352201257,0.4,0.1515151515151515,1267.0,1639.8198009089165
61,all,R5,Medium,R5_OUT,0.0,0.05,-1802.1845191751047,-90.10922595875525,0.0078616352201257,0.4,0.1515151515151515,1267.0,1639.8198009089165
61,all,R6,Medium,R6_OUT,0.0,0.05,-18832.828772619585,-941.6414386309793,0.0078616352201257,0.4,0.1515151515151515,1267.0,1639.8198009089165
61,all,R7,Medium,R7_OUT,0.0,0.05,20286.280018859245,1014.3140009429623,0.0078616352201257,0.4,0.1515151515151515,1267.0,1639.8198009089165
61,all,R8,High,R8_OUT,0.0,0.05,32105.119960495693,1605.2559980247847,0.0078616352201257,0.4,0.1515151515151515,1267.0,1639.8198009089165
61,all,R9,Low,R9_OUT,0.0,0.05,-4126.087341324108,-206.3043670662054,0.0078616352201257,0.4,0.1515151515151515,1267.0,1639.8198009089165
61,all,R10,Medium,R10_OUT,0.0,0.05,11400.799715193603,570.0399857596802,0.0078616352201257,0.4,0.1515151515151515,1267.0,1639.8198009089165
61,all,R11,Medium,R11_OUT,0.0,0.05,14075.484940534585,703.7742470267293,0.0078616352201257,0.4,0.1515151515151515,1267.0,1639.8198009089165
61,all,R12,Medium,R12_OUT,0.0,0.05,-11956.705735431337,-597.8352867715669,0.0078616352201257,0.4,0.1515151515151515,1267.0,1639.8198009089165
61,all,R13,Medium,R13_OUT,0.0,0.05,-14529.914863567003,-726.4957431783502,0.0078616352201257,0.4,0.1515151515151515,1267.0,1639.8198009089165
61,all,R14,High,R14_OUT,0.0,0.05,33318.618511418754,1665.9309255709377,0.0078616352201257,0.4,0.1515151515151515,1267.0,1639.8198009089165
61,all,R15,High,R15_OUT,0.0,0.05,-4166.884800975571,-208.34424004877857,0.0078616352201257,0.4,0.1515151515151515,1267.0,1639.8198009089165
61,all,R16,High,R16_OUT,0.0,0.05,6538.379846106227,326.91899230531135,0.0078616352201257,0.4,0.1515151515151515,1267.0,1639.8198009089165
61,all,R17,Medium,R17_OUT,0.0,0.05,-1965.17214219178,-98.25860710958901,0.0078616352201257,0.4,0.1515151515151515,1267.0,1639.8198009089165
61,all,R18,High,R18_OUT,0.0,0.05,13665.492562376003,683.2746281188001,0.0078616352201257,0.4,0.1515151515151515,1267.0,1639.8198009089165
61,all,R19,High,R19_OUT,0.0,0.05,-6586.164836726493,-329.30824183632467,0.0078616352201257,0.4,0.1515151515151515,1267.0,1639.8198009089165
61,all,R20,Very_High,R20_OUT,0.0,0.05,-15921.052052635756,-796.0526026317879,0.0078616352201257,0.4,0.1515151515151515,1267.0,1639.8198009089165
62,all,R1,Very_Low,R1_OUT,0.0,0.05,-2513.73499829116,-125.686749914558,0.0676100628930817,0.4,0.1212121212121212,2548.0,2240.4711403115803
62,all,R2,Low,R2_OUT,0.0,0.05,-7001.937026290175,-350.09685131450874,0.0676100628930817,0.4,0.1212121212121212,2548.0,2240.4711403115803
62,all,R3,Medium,R3_OUT,0.0,0.05,-4890.710315623815,-244.53551578119078,0.0676100628930817,0.4,0.1212121212121212,2548.0,2240.4711403115803
62,all,R4,Low,R4_OUT,0.0,0.05,2754.558621764424,137.7279310882212,0.0676100628930817,0.4,0.1212121212121212,2548.0,2240.4711403115803
62,all,R5,Medium,R5_OUT,0.0,0.05,468.1427909489819,23.407139547449095,0.0676100628930817,0.4,0.1212121212121212,2548.0,2240.4711403115803
62,all,R6,Medium,R6_OUT,0.0,0.05,-17350.9850143099,-867.549250715495,0.0676100628930817,0.4,0.1212121212121212,2548.0,2240.4711403115803
62,all,R7,Medium,R7_OUT,0.0,0.05,18133.681320404758,906.6840660202379,0.0676100628930817,0.4,0.1212121212121212,2548.0,2240.4711403115803
62,all,R8,High,R8_OUT,0.0,0.05,29335.375903871038,1466.768795193552,0.0676100628930817,0.4,0.1212121212121212,2548.0,2240.4711403115803
62,all,R9,Low,R9_OUT,0.0,0.05,-2323.425433177503,-116.17127165887514,0.0676100628930817,0.4,0.1212121212121212,2548.0,2240.4711403115803
62,all,R10,Medium,R10_OUT,0.0,0.05,11568.362788651822,578.4181394325911,0.0676100628930817,0.4,0.1212121212121212,2548.0,2240.4711403115803
62,all,R11,Medium,R11_OUT,0.0,0.05,11374.950726847102,568.7475363423551,0.0676100628930817,0.4,0.1212121212121212,2548.0,2240.4711403115803
62,all,R12,Medium,R12_OUT,0.0,0.05,-9905.04904478141,-495.2524522390705,0.0676100628930817,0.4,0.1212121212121212,2548.0,2240.4711403115803
62,all,R13,Medium,R13_OUT,0.0,0.05,-10825.122387544403,-541.2561193772202,0.0676100628930817,0.4,0.1212121212121212,2548.0,2240.4711403115803
62,all,R14,High,R14_OUT,0.0,0.05,37812.8887220491,1890.644436102455,0.0676100628930817,0.4,0.1212121212121212,2548.0,2240.4711403115803
62,all,R15,High,R15_OUT,0.0,0.05,-8038.189105602738,-401.9094552801369,0.0676100628930817,0.4,0.1212121212121212,2548.0,2240.4711403115803
62,all,R16,High,R16_OUT,0.0,0.05,3840.1678308057253,192.00839154028628,0.0676100628930817,0.4,0.1212121212121212,2548.0,2240.4711403115803
62,all,R17,Medium,R17_OUT,0.0,0.05,-773.0897042434608,-38.65448521217304,0.0676100628930817,0.4,0.1212121212121212,2548.0,2240.4711403115803
62,all,R18,High,R18_OUT,0.0,0.05,12864.457514054036,643.2228757027019,0.0676100628930817,0.4,0.1212121212121212,2548.0,2240.4711403115803
62,all,R19,High,R19_OUT,0.0,0.05,-5276.544121183121,-263.8272060591561,0.0676100628930817,0.4,0.1212121212121212,2548.0,2240.4711403115803
62,all,R20,Very_High,R20_OUT,0.0,0.05,-14444.376262117701,-722.2188131058851,0.0676100628930817,0.4,0.1212121212121212,2548.0,2240.4711403115803
63,all,R1,Very_Low,R1_OUT,0.0,0.0,1643.2188605758683,0.0,0.0864779874213836,0.8,0.2727272727272727,1155.0,-548.0598019575482
63,all,R2,Low,R2_OUT,0.2571428571428572,0.9493670886075949,-562.0320203270683,-533.5747028421534,0.0864779874213836,0.8,0.2727272727272727,1155.0,-548.0598019575482
63,all,R3,Medium,R3_OUT,0.013714285714285719,0.05063291139240507,-286.08070752911544,-14.485099115398253,0.0864779874213836,0.8,0.2727272727272727,1155.0,-548.0598019575482
63,all,R4,Low,R4_OUT,0.0,0.0,9175.256642788641,0.0,0.0864779874213836,0.8,0.2727272727272727,1155.0,-548.0598019575482
63,all,R5,Medium,R5_OUT,0.0,0.0,4074.8282916451185,0.0,0.0864779874213836,0.8,0.2727272727272727,1155.0,-548.0598019575482
63,all,R6,Medium,R6_OUT,0.0,0.0,-16671.49084901503,-0.0,0.0864779874213836,0.8,0.2727272727272727,1155.0,-548.0598019575482
63,all,R7,Medium,R7_OUT,0.0,0.0,8332.180269154014,0.0,0.0864779874213836,0.8,0.2727272727272727,1155.0,-548.0598019575482
63,all,R8,High,R8_OUT,0.0,0.0,38001.735067036214,0.0,0.0864779874213836,0.8,0.2727272727272727,1155.0,-548.0598019575482
63,all,R9,Low,R9_OUT,0.0,0.0,-3552.484713371828,-0.0,0.0864779874213836,0.8,0.2727272727272727,1155.0,-548.0598019575482
63,all,R10,Medium,R10_OUT,0.0,0.0,3994.5669689564293,0.0,0.0864779874213836,0.8,0.2727272727272727,1155.0,-548.0598019575482
63,all,R11,Medium,R11_OUT,0.0,0.0,10572.660767294194,0.0,0.0864779874213836,0.8,0.2727272727272727,1155.0,-548.0598019575482
63,all,R12,Medium,R12_OUT,0.0,0.0,-5939.572952881702,-0.0,0.0864779874213836,0.8,0.2727272727272727,1155.0,-548.0598019575482
63,all,R13,Medium,R13_OUT,0.0,0.0,-7273.537343962611,-0.0,0.0864779874213836,0.8,0.2727272727272727,1155.0,-548.0598019575482
63,all,R14,High,R14_OUT,0.0,0.0,35829.72706001099,0.0,0.0864779874213836,0.8,0.2727272727272727,1155.0,-548.0598019575482
63,all,R15,High,R15_OUT,0.0,0.0,12979.617281767587,0.0,0.0864779874213836,0.8,0.2727272727272727,1155.0,-548.0598019575482
63,all,R16,High,R16_OUT,0.0,0.0,981.0725089188218,0.0,0.0864779874213836,0.8,0.2727272727272727,1155.0,-548.0598019575482
63,all,R17,Medium,R17_OUT,0.0,0.0,278.5381377521844,0.0,0.0864779874213836,0.8,0.2727272727272727,1155.0,-548.0598019575482
63,all,R18,High,R18_OUT,0.0,0.0,16628.95114831927,0.0,0.0864779874213836,0.8,0.2727272727272727,1155.0,-548.0598019575482
63,all,R19,High,R19_OUT,0.0,0.0,-10039.81150130093,-0.0,0.0864779874213836,0.8,0.2727272727272727,1155.0,-548.0598019575482
63,all,R20,Very_High,R20_OUT,0.0,0.0,-13315.651119007232,-0.0,0.0864779874213836,0.8,0.2727272727272727,1155.0,-548.0598019575482
64,all,R1,Very_Low,R1_OUT,0.0,0.05,-4797.33836719861,-239.86691835993054,0.0581761006289308,0.2,0.1515151515151515,546.0,561.5870450527407
64,all,R2,Low,R2_OUT,0.0,0.05,-10995.828112710835,-549.7914056355418,0.0581761006289308,0.2,0.1515151515151515,546.0,561.5870450527407
64,all,R3,Medium,R3_OUT,0.0,0.05,-7745.3141644226625,-387.26570822113314,0.0581761006289308,0.2,0.1515151515151515,546.0,561.5870450527407
64,all,R4,Low,R4_OUT,0.0,0.05,193.54181870267576,9.677090935133789,0.0581761006289308,0.2,0.1515151515151515,546.0,561.5870450527407
64,all,R5,Medium,R5_OUT,0.0,0.05,-2703.2082337378624,-135.16041168689313,0.0581761006289308,0.2,0.1515151515151515,546.0,561.5870450527407
64,all,R6,Medium,R6_OUT,0.0,0.05,-18574.55752709503,-928.7278763547515,0.0581761006289308,0.2,0.1515151515151515,546.0,561.5870450527407
64,all,R7,Medium,R7_OUT,0.0,0.05,10913.0671312353,545.653356561765,0.0581761006289308,0.2,0.1515151515151515,546.0,561.5870450527407
64,all,R8,High,R8_OUT,0.0,0.05,25809.424925906074,1290.471246295304,0.0581761006289308,0.2,0.1515151515151515,546.0,561.5870450527407
64,all,R9,Low,R9_OUT,0.0,0.05,-2958.1325915219804,-147.90662957609902,0.0581761006289308,0.2,0.1515151515151515,546.0,561.5870450527407
64,all,R10,Medium,R10_OUT,0.0,0.05,18012.958022150713,900.6479011075357,0.0581761006289308,0.2,0.1515151515151515,546.0,561.5870450527407
64,all,R11,Medium,R11_OUT,0.0,0.05,15200.612146880856,760.0306073440429,0.0581761006289308,0.2,0.1515151515151515,546.0,561.5870450527407
64,all,R12,Medium,R12_OUT,0.0,0.05,-11322.497985005162,-566.1248992502582,0.0581761006289308,0.2,0.1515151515151515,546.0,561.5870450527407
64,all,R13,Medium,R13_OUT,0.0,0.05,-12356.100165634254,-617.8050082817127,0.0581761006289308,0.2,0.1515151515151515,546.0,561.5870450527407
64,all,R14,High,R14_OUT,0.0,0.05,26883.554691620484,1344.1777345810242,0.0581761006289308,0.2,0.1515151515151515,546.0,561.5870450527407
64,all,R15,High,R15_OUT,0.0,0.05,-4309.215876164293,-215.46079380821467,0.0581761006289308,0.2,0.1515151515151515,546.0,561.5870450527407
64,all,R16,High,R16_OUT,0.0,0.05,6677.260771598916,333.86303857994585,0.0581761006289308,0.2,0.1515151515151515,546.0,561.5870450527407
64,all,R17,Medium,R17_OUT,0.0,0.05,-5471.278014363687,-273.56390071818436,0.0581761006289308,0.2,0.1515151515151515,546.0,561.5870450527407
64,all,R18,High,R18_OUT,0.0,0.05,8039.940321798973,401.99701608994866,0.0581761006289308,0.2,0.1515151515151515,546.0,561.5870450527407
64,all,R19,High,R19_OUT,0.0,0.05,-3539.3165320305948,-176.96582660152976,0.0581761006289308,0.2,0.1515151515151515,546.0,561.5870450527407
64,all,R20,Very_High,R20_OUT,0.0,0.05,-15725.831358954218,-786.291567947711,0.0581761006289308,0.2,0.1515151515151515,546.0,561.5870450527407
65,all,R1,Very_Low,R1_OUT,0.0,0.0,4089.7442047197774,0.0,0.1619496855345912,0.6,0.3636363636363636,2275.0,-2676.538385155949
65,all,R2,Low,R2_OUT,0.0,0.0,-3711.6789491912727,-0.0,0.1619496855345912,0.6,0.3636363636363636,2275.0,-2676.538385155949
65,all,R3,Medium,R3_OUT,0.0,0.0,-1650.8193039656094,-0.0,0.1619496855345912,0.6,0.3636363636363636,2275.0,-2676.538385155949
65,all,R4,Low,R4_OUT,0.0,0.0,8713.345631229782,0.0,0.1619496855345912,0.6,0.3636363636363636,2275.0,-2676.538385155949
65,all,R5,Medium,R5_OUT,0.0,0.0,2792.5809207132443,0.0,0.1619496855345912,0.6,0.3636363636363636,2275.0,-2676.538385155949
65,all,R6,Medium,R6_OUT,0.06582857142857142,0.6148428558852009,-16653.174907645043,-10239.085619772246,0.1619496855345912,0.6,0.3636363636363636,2275.0,-2676.538385155949
65,all,R7,Medium,R7_OUT,0.0,0.0,-13795.34043829533,-0.0,0.1619496855345912,0.6,0.3636363636363636,2275.0,-2676.538385155949
65,all,R8,High,R8_OUT,0.0,0.0,31328.852448230886,0.0,0.1619496855345912,0.6,0.3636363636363636,2275.0,-2676.538385155949
65,all,R9,Low,R9_OUT,0.0,0.0,-2846.5729480900295,-0.0,0.1619496855345912,0.6,0.3636363636363636,2275.0,-2676.538385155949
65,all,R10,Medium,R10_OUT,0.0,0.0,13275.027412667787,0.0,0.1619496855345912,0.6,0.3636363636363636,2275.0,-2676.538385155949
65,all,R11,Medium,R11_OUT,0.0,0.0,13907.992644820537,0.0,0.1619496855345912,0.6,0.3636363636363636,2275.0,-2676.538385155949
65,all,R12,Medium,R12_OUT,0.0,0.0,-3888.97153011877,-0.0,0.1619496855345912,0.6,0.3636363636363636,2275.0,-2676.538385155949
65,all,R13,Medium,R13_OUT,0.0,0.0,-3300.5174179215865,-0.0,0.1619496855345912,0.6,0.3636363636363636,2275.0,-2676.538385155949
65,all,R14,High,R14_OUT,0.04123711340206189,0.38515714411479907,19634.965494401476,7562.547234616296,0.1619496855345912,0.6,0.3636363636363636,2275.0,-2676.538385155949
65,all,R15,High,R15_OUT,0.0,0.0,25123.984657307796,0.0,0.1619496855345912,0.6,0.3636363636363636,2275.0,-2676.538385155949
65,all,R16,High,R16_OUT,0.0,0.0,1359.660303010297,0.0,0.1619496855345912,0.6,0.3636363636363636,2275.0,-2676.538385155949
65,all,R17,Medium,R17_OUT,0.0,0.0,-6803.898967959625,-0.0,0.1619496855345912,0.6,0.3636363636363636,2275.0,-2676.538385155949
65,all,R18,High,R18_OUT,0.0,0.0,7790.2176184794735,0.0,0.1619496855345912,0.6,0.3636363636363636,2275.0,-2676.538385155949
65,all,R19,High,R19_OUT,0.0,0.0,-7071.414572901274,-0.0,0.1619496855345912,0.6,0.3636363636363636,2275.0,-2676.538385155949
65,all,R20,Very_High,R20_OUT,0.0,0.0,-13199.589703653179,-0.0,0.1619496855345912,0.6,0.3636363636363636,2275.0,-2676.538385155949
66,all,R1,Very_Low,R1_OUT,0.0,0.05,49788.1507486291,2489.4075374314552,0.9166666666666666,1.0,0.7575757575757576,9100.0,8219.871905789008
66,all,R2,Low,R2_OUT,0.0,0.05,12108.844978098738,605.442248904937,0.9166666666666666,1.0,0.7575757575757576,9100.0,8219.871905789008
66,all,R3,Medium,R3_OUT,0.0,0.05,17338.746610606828,866.9373305303415,0.9166666666666666,1.0,0.7575757575757576,9100.0,8219.871905789008
66,all,R4,Low,R4_OUT,0.0,0.05,31594.741292078073,1579.7370646039037,0.9166666666666666,1.0,0.7575757575757576,9100.0,8219.871905789008
66,all,R5,Medium,R5_OUT,0.0,0.05,26419.5201521892,1320.97600760946,0.9166666666666666,1.0,0.7575757575757576,9100.0,8219.871905789008
66,all,R6,Medium,R6_OUT,0.0,0.05,-2853.7796593053135,-142.6889829652657,0.9166666666666666,1.0,0.7575757575757576,9100.0,8219.871905789008
66,all,R7,Medium,R7_OUT,0.0,0.05,-120466.39207518555,-6023.319603759278,0.9166666666666666,1.0,0.7575757575757576,9100.0,8219.871905789008
66,all,R8,High,R8_OUT,0.0,0.05,10569.194447799266,528.4597223899633,0.9166666666666666,1.0,0.7575757575757576,9100.0,8219.871905789008
66,all,R9,Low,R9_OUT,0.0,0.05,10874.36323898775,543.7181619493875,0.9166666666666666,1.0,0.7575757575757576,9100.0,8219.871905789008
66,all,R10,Medium,R10_OUT,0.0,0.05,23191.5372184106,1159.5768609205302,0.9166666666666666,1.0,0.7575757575757576,9100.0,8219.871905789008
66,all,R11,Medium,R11_OUT,0.0,0.05,-275.86385714936296,-13.79319285746815,0.9166666666666666,1.0,0.7575757575757576,9100.0,8219.871905789008
66,all,R12,Medium,R12_OUT,0.0,0.05,28625.50342572926,1431.275171286463,0.9166666666666666,1.0,0.7575757575757576,9100.0,8219.871905789008
66,all,R13,Medium,R13_OUT,0.0,0.05,47299.541744925016,2364.977087246251,0.9166666666666666,1.0,0.7575757575757576,9100.0,8219.871905789008
66,all,R14,High,R14_OUT,0.0,0.05,3807.204824655928,190.3602412327964,0.9166666666666666,1.0,0.7575757575757576,9100.0,8219.871905789008
66,all,R15,High,R15_OUT,0.0,0.05,81107.53651589714,4055.3768257948573,0.9166666666666666,1.0,0.7575757575757576,9100.0,8219.871905789008
66,all,R16,High,R16_OUT,0.0,0.05,-26559.933703224124,-1327.9966851612062,0.9166666666666666,1.0,0.7575757575757576,9100.0,8219.871905789008
66,all,R17,Medium,R17_OUT,0.0,0.05,-15289.428983431259,-764.471449171563,0.9166666666666666,1.0,0.7575757575757576,9100.0,8219.871905789008
66,all,R18,High,R18_OUT,0.0,0.05,-15389.109339329782,-769.4554669664891,0.9166666666666666,1.0,0.7575757575757576,9100.0,8219.871905789008
66,all,R19,High,R19_OUT,0.0,0.05,553.8685895396993,27.693429476984967,0.9166666666666666,1.0,0.7575757575757576,9100.0,8219.871905789008
66,all,R20,Very_High,R20_OUT,0.0,0.05,1953.19194585896,97.659597292948,0.9166666666666666,1.0,0.7575757575757576,9100.0,8219.871905789008
67,all,R1,Very_Low,R1_OUT,0.0,0.05,4538.286770162626,226.91433850813132,0.2216981132075471,0.2,0.1515151515151515,595.0,1675.4444962646958
67,all,R2,Low,R2_OUT,0.0,0.05,-8518.134468764358,-425.9067234382179,0.2216981132075471,0.2,0.1515151515151515,595.0,1675.4444962646958
67,all,R3,Medium,R3_OUT,0.0,0.05,-4268.13388310939,-213.4066941554695,0.2216981132075471,0.2,0.1515151515151515,595.0,1675.4444962646958
67,all,R4,Low,R4_OUT,0.0,0.05,3521.655093609429,176.08275468047145,0.2216981132075471,0.2,0.1515151515151515,595.0,1675.4444962646958
67,all,R5,Medium,R5_OUT,0.0,0.05,2440.59838546465,122.02991927323251,0.2216981132075471,0.2,0.1515151515151515,595.0,1675.4444962646958
67,all,R6,Medium,R6_OUT,0.0,0.05,-15210.096750475437,-760.5048375237719,0.2216981132075471,0.2,0.1515151515151515,595.0,1675.4444962646958
67,all,R7,Medium,R7_OUT,0.0,0.05,-4456.616000915776,-222.8308000457888,0.2216981132075471,0.2,0.1515151515151515,595.0,1675.4444962646958
67,all,R8,High,R8_OUT,0.0,0.05,18860.289122634345,943.0144561317173,0.2216981132075471,0.2,0.1515151515151515,595.0,1675.4444962646958
67,all,R9,Low,R9_OUT,0.0,0.05,998.6216004136058,49.9310800206803,0.2216981132075471,0.2,0.1515151515151515,595.0,1675.4444962646958
67,all,R10,Medium,R10_OUT,0.0,0.05,20549.751107853834,1027.4875553926918,0.2216981132075471,0.2,0.1515151515151515,595.0,1675.4444962646958
67,all,R11,Medium,R11_OUT,0.0,0.05,10487.493770974961,524.374688548748,0.2216981132075471,0.2,0.1515151515151515,595.0,1675.4444962646958
67,all,R12,Medium,R12_OUT,0.0,0.05,-5265.406989575937,-263.27034947879685,0.2216981132075471,0.2,0.1515151515151515,595.0,1675.4444962646958
67,all,R13,Medium,R13_OUT,0.0,0.05,-2025.2340406934,-101.26170203467001,0.2216981132075471,0.2,0.1515151515151515,595.0,1675.4444962646958
67,all,R14,High,R14_OUT,0.0,0.05,29862.045000484315,1493.102250024216,0.2216981132075471,0.2,0.1515151515151515,595.0,1675.4444962646958
67,all,R15,High,R15_OUT,0.0,0.05,-3770.987446686351,-188.54937233431758,0.2216981132075471,0.2,0.1515151515151515,595.0,1675.4444962646958
67,all,R16,High,R16_OUT,0.0,0.05,393.3174297567439,19.665871487837194,0.2216981132075471,0.2,0.1515151515151515,595.0,1675.4444962646958
67,all,R17,Medium,R17_OUT,0.0,0.05,-5471.345150119639,-273.56725750598196,0.2216981132075471,0.2,0.1515151515151515,595.0,1675.4444962646958
67,all,R18,High,R18_OUT,0.0,0.05,3546.9111744160455,177.34555872080227,0.2216981132075471,0.2,0.1515151515151515,595.0,1675.4444962646958
67,all,R19,High,R19_OUT,0.0,0.05,-458.9879157634996,-22.949395788174982,0.2216981132075471,0.2,0.1515151515151515,595.0,1675.4444962646958
67,all,R20,Very_High,R20_OUT,0.0,0.05,-12245.136884372878,-612.2568442186439,0.2216981132075471,0.2,0.1515151515151515,595.0,1675.4444962646958
68,all,R1,Very_Low,R1_OUT,0.0,0.0,7370.72220946886,0.0,0.2877358490566037,0.2,0.6363636363636364,3941.0,3940.869775123043
68,all,R2,Low,R2_OUT,0.0,0.0,-11055.532373112004,-0.0,0.2877358490566037,0.2,0.6363636363636364,3941.0,3940.869775123043
68,all,R3,Medium,R3_OUT,0.0,0.0,-5388.637919135328,-0.0,0.2877358490566037,0.2,0.6363636363636364,3941.0,3940.869775123043
68,all,R4,Low,R4_OUT,0.0,0.0,7834.076644732208,0.0,0.2877358490566037,0.2,0.6363636363636364,3941.0,3940.869775123043
68,all,R5,Medium,R5_OUT,0.0,0.0,-1735.8472065050091,-0.0,0.2877358490566037,0.2,0.6363636363636364,3941.0,3940.869775123043
68,all,R6,Medium,R6_OUT,0.0,0.0,-17891.71702955798,-0.0,0.2877358490566037,0.2,0.6363636363636364,3941.0,3940.869775123043
68,all,R7,Medium,R7_OUT,0.0,0.0,-66075.55640158831,-0.0,0.2877358490566037,0.2,0.6363636363636364,3941.0,3940.869775123043
68,all,R8,High,R8_OUT,0.0,0.0,19744.09525818046,0.0,0.2877358490566037,0.2,0.6363636363636364,3941.0,3940.869775123043
68,all,R9,Low,R9_OUT,0.0,0.0,-3114.2552303346365,-0.0,0.2877358490566037,0.2,0.6363636363636364,3941.0,3940.869775123043
68,all,R10,Medium,R10_OUT,0.0,0.0,33723.69871816687,0.0,0.2877358490566037,0.2,0.6363636363636364,3941.0,3940.869775123043
68,all,R11,Medium,R11_OUT,0.0,0.0,24239.05134056281,0.0,0.2877358490566037,0.2,0.6363636363636364,3941.0,3940.869775123043
68,all,R12,Medium,R12_OUT,0.0,0.0,-235.0953185420658,-0.0,0.2877358490566037,0.2,0.6363636363636364,3941.0,3940.869775123043
68,all,R13,Medium,R13_OUT,0.0,0.0,3265.9996238253916,0.0,0.2877358490566037,0.2,0.6363636363636364,3941.0,3940.869775123043
68,all,R14,High,R14_OUT,0.0,0.0,-23430.71393920233,-0.0,0.2877358490566037,0.2,0.6363636363636364,3941.0,3940.869775123043
68,all,R15,High,R15_OUT,0.0,0.0,61533.80911158548,0.0,0.2877358490566037,0.2,0.6363636363636364,3941.0,3940.869775123043
68,all,R16,High,R16_OUT,0.3111111111111113,0.9810299750714417,4290.063788051167,4208.681171046731,0.2877358490566037,0.2,0.6363636363636364,3941.0,3940.869775123043
68,all,R17,Medium,R17_OUT,0.0,0.0,-24545.08375576746,-0.0,0.2877358490566037,0.2,0.6363636363636364,3941.0,3940.869775123043
68,all,R18,High,R18_OUT,0.0,0.0,-11717.96022357583,-0.0,0.2877358490566037,0.2,0.6363636363636364,3941.0,3940.869775123043
68,all,R19,High,R19_OUT,0.0,0.0,-2160.8655127880884,-0.0,0.2877358490566037,0.2,0.6363636363636364,3941.0,3940.869775123043
68,all,R20,Very_High,R20_OUT,0.0060159074475777015,0.018970024928558305,-14117.609066528366,-267.81139592368385,0.2877358490566037,0.2,0.6363636363636364,3941.0,3940.869775123043
69,all,R1,Very_Low,R1_OUT,0.0,0.0,29872.79682642441,0.0,0.5534591194968553,1.0,0.3333333333333333,1400.0,1400.217691900907
69,all,R2,Low,R2_OUT,0.0,0.0,9701.260545012512,0.0,0.5534591194968553,1.0,0.3333333333333333,1400.0,1400.217691900907
69,all,R3,Medium,R3_OUT,0.0,0.0,11824.55043400353,0.0,0.5534591194968553,1.0,0.3333333333333333,1400.0,1400.217691900907
69,all,R4,Low,R4_OUT,0.0,0.0,21605.160861281824,0.0,0.5534591194968553,1.0,0.3333333333333333,1400.0,1400.217691900907
69,all,R5,Medium,R5_OUT,0.0,0.0,20466.367393431035,0.0,0.5534591194968553,1.0,0.3333333333333333,1400.0,1400.217691900907
69,all,R6,Medium,R6_OUT,0.0,0.0,-6791.462932976894,-0.0,0.5534591194968553,1.0,0.3333333333333333,1400.0,1400.217691900907
69,all,R7,Medium,R7_OUT,0.0,0.0,-37842.50241286296,-0.0,0.5534591194968553,1.0,0.3333333333333333,1400.0,1400.217691900907
69,all,R8,High,R8_OUT,0.0,0.0,22775.37975021117,0.0,0.5534591194968553,1.0,0.3333333333333333,1400.0,1400.217691900907
69,all,R9,Low,R9_OUT,0.0,0.0,7082.750641051235,0.0,0.5534591194968553,1.0,0.3333333333333333,1400.0,1400.217691900907
69,all,R10,Medium,R10_OUT,0.0,0.0,6926.140204599862,0.0,0.5534591194968553,1.0,0.3333333333333333,1400.0,1400.217691900907
69,all,R11,Medium,R11_OUT,0.0,0.0,-3505.3686101568073,-0.0,0.5534591194968553,1.0,0.3333333333333333,1400.0,1400.217691900907
69,all,R12,Medium,R12_OUT,0.0,0.0,12910.616041823403,0.0,0.5534591194968553,1.0,0.3333333333333333,1400.0,1400.217691900907
69,all,R13,Medium,R13_OUT,0.0,0.0,23373.839742607983,0.0,0.5534591194968553,1.0,0.3333333333333333,1400.0,1400.217691900907
69,all,R14,High,R14_OUT,0.0,0.0,44875.17906518175,0.0,0.5534591194968553,1.0,0.3333333333333333,1400.0,1400.217691900907
69,all,R15,High,R15_OUT,0.0,0.0,22960.54267715841,0.0,0.5534591194968553,1.0,0.3333333333333333,1400.0,1400.217691900907
69,all,R16,High,R16_OUT,0.0,0.0,-18232.50989987749,-0.0,0.5534591194968553,1.0,0.3333333333333333,1400.0,1400.217691900907
69,all,R17,Medium,R17_OUT,0.09598698481561815,1.0,1400.217691900907,1400.217691900907,0.5534591194968553,1.0,0.3333333333333333,1400.0,1400.217691900907
69,all,R18,High,R18_OUT,0.0,0.0,6359.681132750935,0.0,0.5534591194968553,1.0,0.3333333333333333,1400.0,1400.217691900907
69,all,R19,High,R19_OUT,0.0,0.0,-3710.390760274204,-0.0,0.5534591194968553,1.0,0.3333333333333333,1400.0,1400.217691900907
69,all,R20,Very_High,R20_OUT,0.0,0.0,-2909.595872518694,-0.0,0.5534591194968553,1.0,0.3333333333333333,1400.0,1400.217691900907
70,all,R1,Very_Low,R1_OUT,0.0,0.0,19370.21854689301,0.0,0.3694968553459119,1.0,0.3333333333333333,2800.0,2800.651907918154
70,all,R2,Low,R2_OUT,0.0,0.0,6913.855195572724,0.0,0.3694968553459119,1.0,0.3333333333333333,2800.0,2800.651907918154
70,all,R3,Medium,R3_OUT,0.0,0.0,7912.722617526095,0.0,0.3694968553459119,1.0,0.3333333333333333,2800.0,2800.651907918154
70,all,R4,Low,R4_OUT,0.0,0.0,17861.033427011724,0.0,0.3694968553459119,1.0,0.3333333333333333,2800.0,2800.651907918154
70,all,R5,Medium,R5_OUT,0.0,0.0,14679.584946828207,0.0,0.3694968553459119,1.0,0.3333333333333333,2800.0,2800.651907918154
70,all,R6,Medium,R6_OUT,0.0,0.0,-10576.481306673933,-0.0,0.3694968553459119,1.0,0.3333333333333333,2800.0,2800.651907918154
70,all,R7,Medium,R7_OUT,0.0,0.0,-20551.608889192998,-0.0,0.3694968553459119,1.0,0.3333333333333333,2800.0,2800.651907918154
70,all,R8,High,R8_OUT,0.0,0.0,30593.15752889187,0.0,0.3694968553459119,1.0,0.3333333333333333,2800.0,2800.651907918154
70,all,R9,Low,R9_OUT,0.0,0.0,2631.402175123698,0.0,0.3694968553459119,1.0,0.3333333333333333,2800.0,2800.651907918154
70,all,R10,Medium,R10_OUT,0.05769230769230774,0.4892388674279408,4072.2479831838464,1992.3019911785811,0.3694968553459119,1.0,0.3333333333333333,2800.0,2800.651907918154
70,all,R11,Medium,R11_OUT,0.027692307692307735,0.2348346563654118,1796.8895627373258,421.97194299201493,0.3694968553459119,1.0,0.3333333333333333,2800.0,2800.651907918154
70,all,R12,Medium,R12_OUT,0.0,0.0,6096.38867196552,0.0,0.3694968553459119,1.0,0.3333333333333333,2800.0,2800.651907918154
70,all,R13,Medium,R13_OUT,0.0,0.0,11751.615352049517,0.0,0.3694968553459119,1.0,0.3333333333333333,2800.0,2800.651907918154
70,all,R14,High,R14_OUT,0.0,0.0,41524.37746770994,0.0,0.3694968553459119,1.0,0.3333333333333333,2800.0,2800.651907918154
70,all,R15,High,R15_OUT,0.0,0.0,22355.03569399572,0.0,0.3694968553459119,1.0,0.3333333333333333,2800.0,2800.651907918154
70,all,R16,High,R16_OUT,0.0,0.0,-11163.073640305043,-0.0,0.3694968553459119,1.0,0.3333333333333333,2800.0,2800.651907918154
70,all,R17,Medium,R17_OUT,0.032537960954446825,0.2759264762066473,1400.2932196263519,386.3779737475601,0.3694968553459119,1.0,0.3333333333333333,2800.0,2800.651907918154
70,all,R18,High,R18_OUT,0.0,0.0,11414.33892355673,0.0,0.3694968553459119,1.0,0.3333333333333333,2800.0,2800.651907918154
70,all,R19,High,R19_OUT,0.0,0.0,-7175.760453574687,-0.0,0.3694968553459119,1.0,0.3333333333333333,2800.0,2800.651907918154
70,all,R20,Very_High,R20_OUT,0.0,0.0,-6825.377156422703,-0.0,0.3694968553459119,1.0,0.3333333333333333,2800.0,2800.651907918154
71,all,R1,Very_Low,R1_OUT,0.0,0.05,47391.92831991805,2369.5964159959026,0.8726415094339622,1.0,0.696969696969697,9520.0,8307.317133382381
71,all,R2,Low,R2_OUT,0.0,0.05,11884.024231528903,594.2012115764452,0.8726415094339622,1.0,0.696969696969697,9520.0,8307.317133382381
71,all,R3,Medium,R3_OUT,0.0,0.05,16718.17642857279,835.9088214286396,0.8726415094339622,1.0,0.696969696969697,9520.0,8307.317133382381
71,all,R4,Low,R4_OUT,0.0,0.05,30327.663819301873,1516.3831909650937,0.8726415094339622,1.0,0.696969696969697,9520.0,8307.317133382381
71,all,R5,Medium,R5_OUT,0.0,0.05,25816.368153234856,1290.8184076617429,0.8726415094339622,1.0,0.696969696969697,9520.0,8307.317133382381
71,all,R6,Medium,R6_OUT,0.0,0.05,-3254.5529193055336,-162.72764596527668,0.8726415094339622,1.0,0.696969696969697,9520.0,8307.317133382381
71,all,R7,Medium,R7_OUT,0.0,0.05,-109401.90633994341,-5470.095316997171,0.8726415094339622,1.0,0.696969696969697,9520.0,8307.317133382381
71,all,R8,High,R8_OUT,0.0,0.05,11978.842137821699,598.942106891085,0.8726415094339622,1.0,0.696969696969697,9520.0,8307.317133382381
71,all,R9,Low,R9_OUT,0.0,0.05,10522.93286334537,526.1466431672685,0.8726415094339622,1.0,0.696969696969697,9520.0,8307.317133382381
71,all,R10,Medium,R10_OUT,0.0,0.05,20989.870279623923,1049.4935139811962,0.8726415094339622,1.0,0.696969696969697,9520.0,8307.317133382381
71,all,R11,Medium,R11_OUT,0.0,0.05,-963.8139086184256,-48.19069543092128,0.8726415094339622,1.0,0.696969696969697,9520.0,8307.317133382381
71,all,R12,Medium,R12_OUT,0.0,0.05,26671.72581159989,1333.5862905799945,0.8726415094339622,1.0,0.696969696969697,9520.0,8307.317133382381
71,all,R13,Medium,R13_OUT,0.0,0.05,44378.26057202935,2218.9130286014674,0.8726415094339622,1.0,0.696969696969697,9520.0,8307.317133382381
71,all,R14,High,R14_OUT,0.0,0.05,9817.254937052792,490.86274685263965,0.8726415094339622,1.0,0.696969696969697,9520.0,8307.317133382381
71,all,R15,High,R15_OUT,0.0,0.05,72826.69947716486,3641.3349738582433,0.8726415094339622,1.0,0.696969696969697,9520.0,8307.317133382381
71,all,R16,High,R16_OUT,0.0,0.05,-25672.41439198295,-1283.6207195991476,0.8726415094339622,1.0,0.696969696969697,9520.0,8307.317133382381
71,all,R17,Medium,R17_OUT,0.0,0.05,-12905.196971778667,-645.2598485889334,0.8726415094339622,1.0,0.696969696969697,9520.0,8307.317133382381
71,all,R18,High,R18_OUT,0.0,0.05,-12498.15028859078,-624.907514429539,0.8726415094339622,1.0,0.696969696969697,9520.0,8307.317133382381
71,all,R19,High,R19_OUT,0.0,0.05,92.78140435934256,4.639070217967128,0.8726415094339622,1.0,0.696969696969697,9520.0,8307.317133382381
71,all,R20,Very_High,R20_OUT,0.0,0.05,1425.8490523137261,71.29245261568632,0.8726415094339622,1.0,0.696969696969697,9520.0,8307.317133382381
72,all,R1,Very_Low,R1_OUT,0.0,0.0,55276.46907520548,0.0,0.9984276729559748,1.0,0.3333333333333333,5880.0,1400.0350051803853
72,all,R2,Low,R2_OUT,0.0,0.0,16443.44613382841,0.0,0.9984276729559748,1.0,0.3333333333333333,5880.0,1400.0350051803853
72,all,R3,Medium,R3_OUT,0.0,0.0,21286.492930269458,0.0,0.9984276729559748,1.0,0.3333333333333333,5880.0,1400.0350051803853
72,all,R4,Low,R4_OUT,0.0,0.0,30661.469099730013,0.0,0.9984276729559748,1.0,0.3333333333333333,5880.0,1400.0350051803853
72,all,R5,Medium,R5_OUT,0.0,0.0,34463.45655914557,0.0,0.9984276729559748,1.0,0.3333333333333333,5880.0,1400.0350051803853
72,all,R6,Medium,R6_OUT,0.0,0.0,2363.7524495552643,0.0,0.9984276729559748,1.0,0.3333333333333333,5880.0,1400.0350051803853
72,all,R7,Medium,R7_OUT,0.0,0.0,-79665.77478208177,-0.0,0.9984276729559748,1.0,0.3333333333333333,5880.0,1400.0350051803853
72,all,R8,High,R8_OUT,0.0,0.0,3865.712131692897,0.0,0.9984276729559748,1.0,0.3333333333333333,5880.0,1400.0350051803853
72,all,R9,Low,R9_OUT,0.0,0.0,17849.68752872211,0.0,0.9984276729559748,1.0,0.3333333333333333,5880.0,1400.0350051803853
72,all,R10,Medium,R10_OUT,0.0,0.0,13829.144466657395,0.0,0.9984276729559748,1.0,0.3333333333333333,5880.0,1400.0350051803853
72,all,R11,Medium,R11_OUT,0.0,0.0,-16330.488806131501,-0.0,0.9984276729559748,1.0,0.3333333333333333,5880.0,1400.0350051803853
72,all,R12,Medium,R12_OUT,0.0,0.0,29392.892500539474,0.0,0.9984276729559748,1.0,0.3333333333333333,5880.0,1400.0350051803853
72,all,R13,Medium,R13_OUT,0.0,0.0,51485.715832591275,0.0,0.9984276729559748,1.0,0.3333333333333333,5880.0,1400.0350051803853
72,all,R14,High,R14_OUT,0.0,0.0,52980.10942487852,0.0,0.9984276729559748,1.0,0.3333333333333333,5880.0,1400.0350051803853
72,all,R15,High,R15_OUT,0.0,0.0,24425.145038141658,0.0,0.9984276729559748,1.0,0.3333333333333333,5880.0,1400.0350051803853
72,all,R16,High,R16_OUT,0.0,0.0,-35332.08649354417,-0.0,0.9984276729559748,1.0,0.3333333333333333,5880.0,1400.0350051803853
72,all,R17,Medium,R17_OUT,0.24945770065075903,1.0,1400.0350051803853,1400.0350051803853,0.9984276729559748,1.0,0.3333333333333333,5880.0,1400.0350051803853
72,all,R18,High,R18_OUT,0.0,0.0,-5866.542412531457,-0.0,0.9984276729559748,1.0,0.3333333333333333,5880.0,1400.0350051803853
72,all,R19,High,R19_OUT,0.0,0.0,4671.657301298761,0.0,0.9984276729559748,1.0,0.3333333333333333,5880.0,1400.0350051803853
72,all,R20,Very_High,R20_OUT,0.0,0.0,6561.90928427476,0.0,0.9984276729559748,1.0,0.3333333333333333,5880.0,1400.0350051803853
