sample_index,split,rule_id,antecedent,consequent_label,firing_strength,normalized_firing_strength,label_equation_output,rule_contribution,predicted,PointsAjust,TeamExp,Length,actual
0,all,R1,IF (PointsAjust IS Low) AND (TeamExp IS High) AND (Length IS Low),Very_Low,0.0,0.0,7412.7005438323395,0.0,4366.442074540034,0.3773584905660377,0.4,0.3333333333333333,5152.0
0,all,R2,IF (PointsAjust IS Low) AND (TeamExp IS Medium) AND (Length IS Low),Low,0.0,0.0,4870.051416317425,0.0,4366.442074540034,0.3773584905660377,0.4,0.3333333333333333,5152.0
0,all,R3,IF (PointsAjust IS Low) AND (TeamExp IS High) AND (Length IS Medium),Low,0.0,0.0,4870.051416317425,0.0,4366.442074540034,0.3773584905660377,0.4,0.3333333333333333,5152.0
0,all,R4,IF (PointsAjust IS Medium) AND (TeamExp IS High) AND (Length IS Low),Low,0.0,0.0,4870.051416317425,0.0,4366.442074540034,0.3773584905660377,0.4,0.3333333333333333,5152.0
0,all,R5,IF (PointsAjust IS Low) AND (TeamExp IS Low) AND (Length IS Low),Medium,0.0,0.0,5281.360990134431,0.0,4366.442074540034,0.3773584905660377,0.4,0.3333333333333333,5152.0
0,all,R6,IF (PointsAjust IS Medium) AND (TeamExp IS Medium) AND (Length IS Low),Medium,0.0,0.0,5281.360990134431,0.0,4366.442074540034,0.3773584905660377,0.4,0.3333333333333333,5152.0
0,all,R7,IF (PointsAjust IS Low) AND (TeamExp IS Medium) AND (Length IS Medium),Medium,0.0,0.0,5281.360990134431,0.0,4366.442074540034,0.3773584905660377,0.4,0.3333333333333333,5152.0
0,all,R8,IF (PointsAjust IS Medium) AND (TeamExp IS High) AND (Length IS Medium),Medium,0.0,0.0,5281.360990134431,0.0,4366.442074540034,0.3773584905660377,0.4,0.3333333333333333,5152.0
0,all,R9,IF (PointsAjust IS Low) AND (TeamExp IS Low) AND (Length IS Medium),High,0.0,0.0,3437.6600965415773,0.0,4366.442074540034,0.3773584905660377,0.4,0.3333333333333333,5152.0
0,all,R10,IF (PointsAjust IS Medium) AND (TeamExp IS Low) AND (Length IS Low),High,0.0,0.0,3437.6600965415773,0.0,4366.442074540034,0.3773584905660377,0.4,0.3333333333333333,5152.0
0,all,R11,IF (PointsAjust IS Medium) AND (TeamExp IS Medium) AND (Length IS Medium),Medium,0.0,0.0,5281.360990134431,0.0,4366.442074540034,0.3773584905660377,0.4,0.3333333333333333,5152.0
0,all,R12,IF (PointsAjust IS High) AND (TeamExp IS High) AND (Length IS Low),Medium,0.0,0.0,5281.360990134431,0.0,4366.442074540034,0.3773584905660377,0.4,0.3333333333333333,5152.0
0,all,R13,IF (PointsAjust IS High) AND (TeamExp IS Medium) AND (Length IS Low),High,0.0,0.0,3437.6600965415773,0.0,4366.442074540034,0.3773584905660377,0.4,0.3333333333333333,5152.0
0,all,R14,IF (PointsAjust IS High) AND (TeamExp IS High) AND (Length IS Medium),High,0.0,0.0,3437.6600965415773,0.0,4366.442074540034,0.3773584905660377,0.4,0.3333333333333333,5152.0
0,all,R15,IF (PointsAjust IS Medium) AND (TeamExp IS Low) AND (Length IS Medium),High,0.06837606837606851,0.07950310559006223,3437.6600965415773,273.30465363808855,4366.442074540034,0.3773584905660377,0.4,0.3333333333333333,5152.0
0,all,R16,IF (PointsAjust IS Low) AND (TeamExp IS Low) AND (Length IS High),High,0.0,0.0,3437.6600965415773,0.0,4366.442074540034,0.3773584905660377,0.4,0.3333333333333333,5152.0
0,all,R17,IF (PointsAjust IS Medium) AND (TeamExp IS High) AND (Length IS High),High,0.0,0.0,3437.6600965415773,0.0,4366.442074540034,0.3773584905660377,0.4,0.3333333333333333,5152.0
0,all,R18,IF (PointsAjust IS High) AND (TeamExp IS Medium) AND (Length IS Medium),Very_High,0.0,0.0,4446.660760898876,0.0,4366.442074540034,0.3773584905660377,0.4,0.3333333333333333,5152.0
0,all,R19,IF (PointsAjust IS Medium) AND (TeamExp IS Low) AND (Length IS High),Very_High,0.16666666666666713,0.1937888198757768,4446.660760898876,861.7131412425169,4366.442074540034,0.3773584905660377,0.4,0.3333333333333333,5152.0
0,all,R20,IF (PointsAjust IS High) AND (TeamExp IS Low) AND (Length IS High),Very_High,0.6249999999999999,0.726708074534161,4446.660760898876,3231.4242796594294,4366.442074540034,0.3773584905660377,0.4,0.3333333333333333,5152.0
1,all,R1,IF (PointsAjust IS Low) AND (TeamExp IS High) AND (Length IS Low),Very_Low,0.0,0.05,8039.437457543414,401.9718728771707,4013.16195749684,0.3977987421383648,0.2,0.0909090909090909,5635.0
1,all,R2,IF (PointsAjust IS Low) AND (TeamExp IS Medium) AND (Length IS Low),Low,0.0,0.05,3191.6671369651044,159.58335684825522,4013.16195749684,0.3977987421383648,0.2,0.0909090909090909,5635.0
1,all,R3,IF (PointsAjust IS Low) AND (TeamExp IS High) AND (Length IS Medium),Low,0.0,0.05,3191.6671369651044,159.58335684825522,4013.16195749684,0.3977987421383648,0.2,0.0909090909090909,5635.0
1,all,R4,IF (PointsAjust IS Medium) AND (TeamExp IS High) AND (Length IS Low),Low,0.0,0.05,3191.6671369651044,159.58335684825522,4013.16195749684,0.3977987421383648,0.2,0.0909090909090909,5635.0
1,all,R5,IF (PointsAjust IS Low) AND (TeamExp IS Low) AND (Length IS Low),Medium,0.0,0.05,3078.7272644915583,153.93636322457792,4013.16195749684,0.3977987421383648,0.2,0.0909090909090909,5635.0
1,all,R6,IF (PointsAjust IS Medium) AND (TeamExp IS Medium) AND (Length IS Low),Medium,0.0,0.05,3078.7272644915583,153.93636322457792,4013.16195749684,0.3977987421383648,0.2,0.0909090909090909,5635.0
1,all,R7,IF (PointsAjust IS Low) AND (TeamExp IS Medium) AND (Length IS Medium),Medium,0.0,0.05,3078.7272644915583,153.93636322457792,4013.16195749684,0.3977987421383648,0.2,0.0909090909090909,5635.0
1,all,R8,IF (PointsAjust IS Medium) AND (TeamExp IS High) AND (Length IS Medium),Medium,0.0,0.05,3078.7272644915583,153.93636322457792,4013.16195749684,0.3977987421383648,0.2,0.0909090909090909,5635.0
1,all,R9,IF (PointsAjust IS Low) AND (TeamExp IS Low) AND (Length IS Medium),High,0.0,0.05,3731.1700813089283,186.5585040654464,4013.16195749684,0.3977987421383648,0.2,0.0909090909090909,5635.0
1,all,R10,IF (PointsAjust IS Medium) AND (TeamExp IS Low) AND (Length IS Low),High,0.0,0.05,3731.1700813089283,186.5585040654464,4013.16195749684,0.3977987421383648,0.2,0.0909090909090909,5635.0
1,all,R11,IF (PointsAjust IS Medium) AND (TeamExp IS Medium) AND (Length IS Medium),Medium,0.0,0.05,3078.7272644915583,153.93636322457792,4013.16195749684,0.3977987421383648,0.2,0.0909090909090909,5635.0
1,all,R12,IF (PointsAjust IS High) AND (TeamExp IS High) AND (Length IS Low),Medium,0.0,0.05,3078.7272644915583,153.93636322457792,4013.16195749684,0.3977987421383648,0.2,0.0909090909090909,5635.0
1,all,R13,IF (PointsAjust IS High) AND (TeamExp IS Medium) AND (Length IS Low),High,0.0,0.05,3731.1700813089283,186.5585040654464,4013.16195749684,0.3977987421383648,0.2,0.0909090909090909,5635.0
1,all,R14,IF (PointsAjust IS High) AND (TeamExp IS High) AND (Length IS Medium),High,0.0,0.05,3731.1700813089283,186.5585040654464,4013.16195749684,0.3977987421383648,0.2,0.0909090909090909,5635.0
1,all,R15,IF (PointsAjust IS Medium) AND (TeamExp IS Low) AND (Length IS Medium),High,0.0,0.05,3731.1700813089283,186.5585040654464,4013.16195749684,0.3977987421383648,0.2,0.0909090909090909,5635.0
1,all,R16,IF (PointsAjust IS Low) AND (TeamExp IS Low) AND (Length IS High),High,0.0,0.05,3731.1700813089283,186.5585040654464,4013.16195749684,0.3977987421383648,0.2,0.0909090909090909,5635.0
1,all,R17,IF (PointsAjust IS Medium) AND (TeamExp IS High) AND (Length IS High),High,0.0,0.05,3731.1700813089283,186.5585040654464,4013.16195749684,0.3977987421383648,0.2,0.0909090909090909,5635.0
1,all,R18,IF (PointsAjust IS High) AND (TeamExp IS Medium) AND (Length IS Medium),Very_High,0.0,0.05,6019.415375128737,300.9707687564368,4013.16195749684,0.3977987421383648,0.2,0.0909090909090909,5635.0
1,all,R19,IF (PointsAjust IS Medium) AND (TeamExp IS Low) AND (Length IS High),Very_High,0.0,0.05,6019.415375128737,300.9707687564368,4013.16195749684,0.3977987421383648,0.2,0.0909090909090909,5635.0
1,all,R20,IF (PointsAjust IS High) AND (TeamExp IS Low) AND (Length IS High),Very_High,0.0,0.05,6019.415375128737,300.9707687564368,4013.16195749684,0.3977987421383648,0.2,0.0909090909090909,5635.0
2,all,R1,IF (PointsAjust IS Low) AND (TeamExp IS High) AND (Length IS Low),Very_Low,1.0,1.0,855.8986068704903,855.8986068704903,855.8986068704903,0.0330188679245283,1.0,0.0,805.0
2,all,R2,IF (PointsAjust IS Low) AND (TeamExp IS Medium) AND (Length IS Low),Low,0.0,0.0,1261.7616826582448,0.0,855.8986068704903,0.0330188679245283,1.0,0.0,805.0
2,all,R3,IF (PointsAjust IS Low) AND (TeamExp IS High) AND (Length IS Medium),Low,0.0,0.0,1261.7616826582448,0.0,855.8986068704903,0.0330188679245283,1.0,0.0,805.0
2,all,R4,IF (PointsAjust IS Medium) AND (TeamExp IS High) AND (Length IS Low),Low,0.0,0.0,1261.7616826582448,0.0,855.8986068704903,0.0330188679245283,1.0,0.0,805.0
2,all,R5,IF (PointsAjust IS Low) AND (TeamExp IS Low) AND (Length IS Low),Medium,0.0,0.0,2579.2270074900616,0.0,855.8986068704903,0.0330188679245283,1.0,0.0,805.0
2,all,R6,IF (PointsAjust IS Medium) AND (TeamExp IS Medium) AND (Length IS Low),Medium,0.0,0.0,2579.2270074900616,0.0,855.8986068704903,0.0330188679245283,1.0,0.0,805.0
2,all,R7,IF (PointsAjust IS Low) AND (TeamExp IS Medium) AND (Length IS Medium),Medium,0.0,0.0,2579.2270074900616,0.0,855.8986068704903,0.0330188679245283,1.0,0.0,805.0
2,all,R8,IF (PointsAjust IS Medium) AND (TeamExp IS High) AND (Length IS Medium),Medium,0.0,0.0,2579.2270074900616,0.0,855.8986068704903,0.0330188679245283,1.0,0.0,805.0
2,all,R9,IF (PointsAjust IS Low) AND (TeamExp IS Low) AND (Length IS Medium),High,0.0,0.0,4344.9144134147,0.0,855.8986068704903,0.0330188679245283,1.0,0.0,805.0
2,all,R10,IF (PointsAjust IS Medium) AND (TeamExp IS Low) AND (Length IS Low),High,0.0,0.0,4344.9144134147,0.0,855.8986068704903,0.0330188679245283,1.0,0.0,805.0
2,all,R11,IF (PointsAjust IS Medium) AND (TeamExp IS Medium) AND (Length IS Medium),Medium,0.0,0.0,2579.2270074900616,0.0,855.8986068704903,0.0330188679245283,1.0,0.0,805.0
2,all,R12,IF (PointsAjust IS High) AND (TeamExp IS High) AND (Length IS Low),Medium,0.0,0.0,2579.2270074900616,0.0,855.8986068704903,0.0330188679245283,1.0,0.0,805.0
2,all,R13,IF (PointsAjust IS High) AND (TeamExp IS Medium) AND (Length IS Low),High,0.0,0.0,4344.9144134147,0.0,855.8986068704903,0.0330188679245283,1.0,0.0,805.0
2,all,R14,IF (PointsAjust IS High) AND (TeamExp IS High) AND (Length IS Medium),High,0.0,0.0,4344.9144134147,0.0,855.8986068704903,0.0330188679245283,1.0,0.0,805.0
2,all,R15,IF (PointsAjust IS Medium) AND (TeamExp IS Low) AND (Length IS Medium),High,0.0,0.0,4344.9144134147,0.0,855.8986068704903,0.0330188679245283,1.0,0.0,805.0
2,all,R16,IF (PointsAjust IS Low) AND (TeamExp IS Low) AND (Length IS High),High,0.0,0.0,4344.9144134147,0.0,855.8986068704903,0.0330188679245283,1.0,0.0,805.0
2,all,R17,IF (PointsAjust IS Medium) AND (TeamExp IS High) AND (Length IS High),High,0.0,0.0,4344.9144134147,0.0,855.8986068704903,0.0330188679245283,1.0,0.0,805.0
2,all,R18,IF (PointsAjust IS High) AND (TeamExp IS Medium) AND (Length IS Medium),Very_High,0.0,0.0,10046.302573338293,0.0,855.8986068704903,0.0330188679245283,1.0,0.0,805.0
2,all,R19,IF (PointsAjust IS Medium) AND (TeamExp IS Low) AND (Length IS High),Very_High,0.0,0.0,10046.302573338293,0.0,855.8986068704903,0.0330188679245283,1.0,0.0,805.0
2,all,R20,IF (PointsAjust IS High) AND (TeamExp IS Low) AND (Length IS High),Very_High,0.0,0.0,10046.302573338293,0.0,855.8986068704903,0.0330188679245283,1.0,0.0,805.0
3,all,R1,IF (PointsAjust IS Low) AND (TeamExp IS High) AND (Length IS Low),Very_Low,0.0,0.0,7880.793236476977,0.0,3615.4554389557175,0.3789308176100629,0.2,0.1212121212121212,3829.0
3,all,R2,IF (PointsAjust IS Low) AND (TeamExp IS Medium) AND (Length IS Low),Low,0.0,0.0,3174.378530929455,0.0,3615.4554389557175,0.3789308176100629,0.2,0.1212121212121212,3829.0
3,all,R3,IF (PointsAjust IS Low) AND (TeamExp IS High) AND (Length IS Medium),Low,0.0,0.0,3174.378530929455,0.0,3615.4554389557175,0.3789308176100629,0.2,0.1212121212121212,3829.0
3,all,R4,IF (PointsAjust IS Medium) AND (TeamExp IS High) AND (Length IS Low),Low,0.0,0.0,3174.378530929455,0.0,3615.4554389557175,0.3789308176100629,0.2,0.1212121212121212,3829.0
3,all,R5,IF (PointsAjust IS Low) AND (TeamExp IS Low) AND (Length IS Low),Medium,0.0,0.0,3140.090309180833,0.0,3615.4554389557175,0.3789308176100629,0.2,0.1212121212121212,3829.0
3,all,R6,IF (PointsAjust IS Medium) AND (TeamExp IS Medium) AND (Length IS Low),Medium,0.0,0.0,3140.090309180833,0.0,3615.4554389557175,0.3789308176100629,0.2,0.1212121212121212,3829.0
3,all,R7,IF (PointsAjust IS Low) AND (TeamExp IS Medium) AND (Length IS Medium),Medium,0.0,0.0,3140.090309180833,0.0,3615.4554389557175,0.3789308176100629,0.2,0.1212121212121212,3829.0
3,all,R8,IF (PointsAjust IS Medium) AND (TeamExp IS High) AND (Length IS Medium),Medium,0.0,0.0,3140.090309180833,0.0,3615.4554389557175,0.3789308176100629,0.2,0.1212121212121212,3829.0
3,all,R9,IF (PointsAjust IS Low) AND (TeamExp IS Low) AND (Length IS Medium),High,0.0,0.0,3615.4554389557175,0.0,3615.4554389557175,0.3789308176100629,0.2,0.1212121212121212,3829.0
3,all,R10,IF (PointsAjust IS Medium) AND (TeamExp IS Low) AND (Length IS Low),High,0.20512820512820507,1.0,3615.4554389557175,3615.4554389557175,3615.4554389557175,0.3789308176100629,0.2,0.1212121212121212,3829.0
3,all,R11,IF (PointsAjust IS Medium) AND (TeamExp IS Medium) AND (Length IS Medium),Medium,0.0,0.0,3140.090309180833,0.0,3615.4554389557175,0.3789308176100629,0.2,0.1212121212121212,3829.0
3,all,R12,IF (PointsAjust IS High) AND (TeamExp IS High) AND (Length IS Low),Medium,0.0,0.0,3140.090309180833,0.0,3615.4554389557175,0.3789308176100629,0.2,0.1212121212121212,3829.0
3,all,R13,IF (PointsAjust IS High) AND (TeamExp IS Medium) AND (Length IS Low),High,0.0,0.0,3615.4554389557175,0.0,3615.4554389557175,0.3789308176100629,0.2,0.1212121212121212,3829.0
3,all,R14,IF (PointsAjust IS High) AND (TeamExp IS High) AND (Length IS Medium),High,0.0,0.0,3615.4554389557175,0.0,3615.4554389557175,0.3789308176100629,0.2,0.1212121212121212,3829.0
3,all,R15,IF (PointsAjust IS Medium) AND (TeamExp IS Low) AND (Length IS Medium),High,0.0,0.0,3615.4554389557175,0.0,3615.4554389557175,0.3789308176100629,0.2,0.1212121212121212,3829.0
3,all,R16,IF (PointsAjust IS Low) AND (TeamExp IS Low) AND (Length IS High),High,0.0,0.0,3615.4554389557175,0.0,3615.4554389557175,0.3789308176100629,0.2,0.1212121212121212,3829.0
3,all,R17,IF (PointsAjust IS Medium) AND (TeamExp IS High) AND (Length IS High),High,0.0,0.0,3615.4554389557175,0.0,3615.4554389557175,0.3789308176100629,0.2,0.1212121212121212,3829.0
3,all,R18,IF (PointsAjust IS High) AND (TeamExp IS Medium) AND (Length IS Medium),Very_High,0.0,0.0,6014.475330955217,0.0,3615.4554389557175,0.3789308176100629,0.2,0.1212121212121212,3829.0
3,all,R19,IF (PointsAjust IS Medium) AND (TeamExp IS Low) AND (Length IS High),Very_High,0.0,0.0,6014.475330955217,0.0,3615.4554389557175,0.3789308176100629,0.2,0.1212121212121212,3829.0
3,all,R20,IF (PointsAjust IS High) AND (TeamExp IS Low) AND (Length IS High),Very_High,0.0,0.0,6014.475330955217,0.0,3615.4554389557175,0.3789308176100629,0.2,0.1212121212121212,3829.0
4,all,R1,IF (PointsAjust IS Low) AND (TeamExp IS High) AND (Length IS Low),Very_Low,0.0,0.0,6215.241014464293,0.0,2939.844785140528,0.2295597484276729,0.2,0.0909090909090909,2149.0
4,all,R2,IF (PointsAjust IS Low) AND (TeamExp IS Medium) AND (Length IS Low),Low,0.0,0.0,1542.3434956698852,0.0,2939.844785140528,0.2295597484276729,0.2,0.0909090909090909,2149.0
4,all,R3,IF (PointsAjust IS Low) AND (TeamExp IS High) AND (Length IS Medium),Low,0.0,0.0,1542.3434956698852,0.0,2939.844785140528,0.2295597484276729,0.2,0.0909090909090909,2149.0
4,all,R4,IF (PointsAjust IS Medium) AND (TeamExp IS High) AND (Length IS Low),Low,0.0,0.0,1542.3434956698852,0.0,2939.844785140528,0.2295597484276729,0.2,0.0909090909090909,2149.0
4,all,R5,IF (PointsAjust IS Low) AND (TeamExp IS Low) AND (Length IS Low),Medium,0.2989690721649486,0.2541414598292533,1801.4453316366,457.82194638471884,2939.844785140528,0.2295597484276729,0.2,0.0909090909090909,2149.0
4,all,R6,IF (PointsAjust IS Medium) AND (TeamExp IS Medium) AND (Length IS Low),Medium,0.0,0.0,1801.4453316366,0.0,2939.844785140528,0.2295597484276729,0.2,0.0909090909090909,2149.0
4,all,R7,IF (PointsAjust IS Low) AND (TeamExp IS Medium) AND (Length IS Medium),Medium,0.0,0.0,1801.4453316366,0.0,2939.844785140528,0.2295597484276729,0.2,0.0909090909090909,2149.0
4,all,R8,IF (PointsAjust IS Medium) AND (TeamExp IS High) AND (Length IS Medium),Medium,0.0,0.0,1801.4453316366,0.0,2939.844785140528,0.2295597484276729,0.2,0.0909090909090909,2149.0
4,all,R9,IF (PointsAjust IS Low) AND (TeamExp IS Low) AND (Length IS Medium),High,0.0,0.0,3327.73938364721,0.0,2939.844785140528,0.2295597484276729,0.2,0.0909090909090909,2149.0
4,all,R10,IF (PointsAjust IS Medium) AND (TeamExp IS Low) AND (Length IS Low),High,0.8774193548387095,0.7458585401707468,3327.73938364721,2482.022838755809,2939.844785140528,0.2295597484276729,0.2,0.0909090909090909,2149.0
4,all,R11,IF (PointsAjust IS Medium) AND (TeamExp IS Medium) AND (Length IS Medium),Medium,0.0,0.0,1801.4453316366,0.0,2939.844785140528,0.2295597484276729,0.2,0.0909090909090909,2149.0
4,all,R12,IF (PointsAjust IS High) AND (TeamExp IS High) AND (Length IS Low),Medium,0.0,0.0,1801.4453316366,0.0,2939.844785140528,0.2295597484276729,0.2,0.0909090909090909,2149.0
4,all,R13,IF (PointsAjust IS High) AND (TeamExp IS Medium) AND (Length IS Low),High,0.0,0.0,3327.73938364721,0.0,2939.844785140528,0.2295597484276729,0.2,0.0909090909090909,2149.0
4,all,R14,IF (PointsAjust IS High) AND (TeamExp IS High) AND (Length IS Medium),High,0.0,0.0,3327.73938364721,0.0,2939.844785140528,0.2295597484276729,0.2,0.0909090909090909,2149.0
4,all,R15,IF (PointsAjust IS Medium) AND (TeamExp IS Low) AND (Length IS Medium),High,0.0,0.0,3327.73938364721,0.0,2939.844785140528,0.2295597484276729,0.2,0.0909090909090909,2149.0
4,all,R16,IF (PointsAjust IS Low) AND (TeamExp IS Low) AND (Length IS High),High,0.0,0.0,3327.73938364721,0.0,2939.844785140528,0.2295597484276729,0.2,0.0909090909090909,2149.0
4,all,R17,IF (PointsAjust IS Medium) AND (TeamExp IS High) AND (Length IS High),High,0.0,0.0,3327.73938364721,0.0,2939.844785140528,0.2295597484276729,0.2,0.0909090909090909,2149.0
4,all,R18,IF (PointsAjust IS High) AND (TeamExp IS Medium) AND (Length IS Medium),Very_High,0.0,0.0,7828.607774577027,0.0,2939.844785140528,0.2295597484276729,0.2,0.0909090909090909,2149.0
4,all,R19,IF (PointsAjust IS Medium) AND (TeamExp IS Low) AND (Length IS High),Very_High,0.0,0.0,7828.607774577027,0.0,2939.844785140528,0.2295597484276729,0.2,0.0909090909090909,2149.0
4,all,R20,IF (PointsAjust IS High) AND (TeamExp IS Low) AND (Length IS High),Very_High,0.0,0.0,7828.607774577027,0.0,2939.844785140528,0.2295597484276729,0.2,0.0909090909090909,2149.0
5,all,R1,IF (PointsAjust IS Low) AND (TeamExp IS High) AND (Length IS Low),Very_Low,0.0,0.0,5942.463976246855,0.0,2590.0810771724064,0.2044025157232704,0.2,0.0909090909090909,2821.0
5,all,R2,IF (PointsAjust IS Low) AND (TeamExp IS Medium) AND (Length IS Low),Low,0.0,0.0,1295.7156614575156,0.0,2590.0810771724064,0.2044025157232704,0.2,0.0909090909090909,2821.0
5,all,R3,IF (PointsAjust IS Low) AND (TeamExp IS High) AND (Length IS Medium),Low,0.0,0.0,1295.7156614575156,0.0,2590.0810771724064,0.2044025157232704,0.2,0.0909090909090909,2821.0
5,all,R4,IF (PointsAjust IS Medium) AND (TeamExp IS High) AND (Length IS Low),Low,0.0,0.0,1295.7156614575156,0.0,2590.0810771724064,0.2044025157232704,0.2,0.0909090909090909,2821.0
5,all,R5,IF (PointsAjust IS Low) AND (TeamExp IS Low) AND (Length IS Low),Medium,0.4639175257731959,0.40877922991267657,1610.4499024246445,658.3184709260913,2590.0810771724064,0.2044025157232704,0.2,0.0909090909090909,2821.0
5,all,R6,IF (PointsAjust IS Medium) AND (TeamExp IS Medium) AND (Length IS Low),Medium,0.0,0.0,1610.4499024246445,0.0,2590.0810771724064,0.2044025157232704,0.2,0.0909090909090909,2821.0
5,all,R7,IF (PointsAjust IS Low) AND (TeamExp IS Medium) AND (Length IS Medium),Medium,0.0,0.0,1610.4499024246445,0.0,2590.0810771724064,0.2044025157232704,0.2,0.0909090909090909,2821.0
5,all,R8,IF (PointsAjust IS Medium) AND (TeamExp IS High) AND (Length IS Medium),Medium,0.0,0.0,1610.4499024246445,0.0,2590.0810771724064,0.2044025157232704,0.2,0.0909090909090909,2821.0
5,all,R9,IF (PointsAjust IS Low) AND (TeamExp IS Low) AND (Length IS Medium),High,0.0,0.0,3267.413298015551,0.0,2590.0810771724064,0.2044025157232704,0.2,0.0909090909090909,2821.0
5,all,R10,IF (PointsAjust IS Medium) AND (TeamExp IS Low) AND (Length IS Low),High,0.6709677419354838,0.5912207700873233,3267.413298015551,1931.7626062463148,2590.0810771724064,0.2044025157232704,0.2,0.0909090909090909,2821.0
5,all,R11,IF (PointsAjust IS Medium) AND (TeamExp IS Medium) AND (Length IS Medium),Medium,0.0,0.0,1610.4499024246445,0.0,2590.0810771724064,0.2044025157232704,0.2,0.0909090909090909,2821.0
5,all,R12,IF (PointsAjust IS High) AND (TeamExp IS High) AND (Length IS Low),Medium,0.0,0.0,1610.4499024246445,0.0,2590.0810771724064,0.2044025157232704,0.2,0.0909090909090909,2821.0
5,all,R13,IF (PointsAjust IS High) AND (TeamExp IS Medium) AND (Length IS Low),High,0.0,0.0,3267.413298015551,0.0,2590.0810771724064,0.2044025157232704,0.2,0.0909090909090909,2821.0
5,all,R14,IF (PointsAjust IS High) AND (TeamExp IS High) AND (Length IS Medium),High,0.0,0.0,3267.413298015551,0.0,2590.0810771724064,0.2044025157232704,0.2,0.0909090909090909,2821.0
5,all,R15,IF (PointsAjust IS Medium) AND (TeamExp IS Low) AND (Length IS Medium),High,0.0,0.0,3267.413298015551,0.0,2590.0810771724064,0.2044025157232704,0.2,0.0909090909090909,2821.0
5,all,R16,IF (PointsAjust IS Low) AND (TeamExp IS Low) AND (Length IS High),High,0.0,0.0,3267.413298015551,0.0,2590.0810771724064,0.2044025157232704,0.2,0.0909090909090909,2821.0
5,all,R17,IF (PointsAjust IS Medium) AND (TeamExp IS High) AND (Length IS High),High,0.0,0.0,3267.413298015551,0.0,2590.0810771724064,0.2044025157232704,0.2,0.0909090909090909,2821.0
5,all,R18,IF (PointsAjust IS High) AND (TeamExp IS Medium) AND (Length IS Medium),Very_High,0.0,0.0,8099.141217485183,0.0,2590.0810771724064,0.2044025157232704,0.2,0.0909090909090909,2821.0
5,all,R19,IF (PointsAjust IS Medium) AND (TeamExp IS Low) AND (Length IS High),Very_High,0.0,0.0,8099.141217485183,0.0,2590.0810771724064,0.2044025157232704,0.2,0.0909090909090909,2821.0
5,all,R20,IF (PointsAjust IS High) AND (TeamExp IS Low) AND (Length IS High),Very_High,0.0,0.0,8099.141217485183,0.0,2590.0810771724064,0.2044025157232704,0.2,0.0909090909090909,2821.0
6,all,R1,IF (PointsAjust IS Low) AND (TeamExp IS High) AND (Length IS Low),Very_Low,0.0,0.0,3825.646152601266,0.0,3514.330070289033,0.130503144654088,0.6,0.2424242424242424,2569.0
6,all,R2,IF (PointsAjust IS Low) AND (TeamExp IS Medium) AND (Length IS Low),Low,0.0,0.0,2484.280221898512,0.0,3514.330070289033,0.130503144654088,0.6,0.2424242424242424,2569.0
6,all,R3,IF (PointsAjust IS Low) AND (TeamExp IS High) AND (Length IS Medium),Low,0.0,0.0,2484.280221898512,0.0,3514.330070289033,0.130503144654088,0.6,0.2424242424242424,2569.0
6,all,R4,IF (PointsAjust IS Medium) AND (TeamExp IS High) AND (Length IS Low),Low,0.0,0.0,2484.280221898512,0.0,3514.330070289033,0.130503144654088,0.6,0.2424242424242424,2569.0
6,all,R5,IF (PointsAjust IS Low) AND (TeamExp IS Low) AND (Length IS Low),Medium,0.0,0.0,3514.330070289033,0.0,3514.330070289033,0.130503144654088,0.6,0.2424242424242424,2569.0
6,all,R6,IF (PointsAjust IS Medium) AND (TeamExp IS Medium) AND (Length IS Low),Medium,0.0,0.0,3514.330070289033,0.0,3514.330070289033,0.130503144654088,0.6,0.2424242424242424,2569.0
6,all,R7,IF (PointsAjust IS Low) AND (TeamExp IS Medium) AND (Length IS Medium),Medium,0.9484536082474225,0.9363099146421536,3514.330070289033,3290.502088136678,3514.330070289033,0.130503144654088,0.6,0.2424242424242424,2569.0
6,all,R8,IF (PointsAjust IS Medium) AND (TeamExp IS High) AND (Length IS Medium),Medium,0.0,0.0,3514.330070289033,0.0,3514.330070289033,0.130503144654088,0.6,0.2424242424242424,2569.0
6,all,R9,IF (PointsAjust IS Low) AND (TeamExp IS Low) AND (Length IS Medium),High,0.0,0.0,3376.386200513431,0.0,3514.330070289033,0.130503144654088,0.6,0.2424242424242424,2569.0
6,all,R10,IF (PointsAjust IS Medium) AND (TeamExp IS Low) AND (Length IS Low),High,0.0,0.0,3376.386200513431,0.0,3514.330070289033,0.130503144654088,0.6,0.2424242424242424,2569.0
6,all,R11,IF (PointsAjust IS Medium) AND (TeamExp IS Medium) AND (Length IS Medium),Medium,0.06451612903225815,0.06369008535784644,3514.330070289033,223.827982152355,3514.330070289033,0.130503144654088,0.6,0.2424242424242424,2569.0
6,all,R12,IF (PointsAjust IS High) AND (TeamExp IS High) AND (Length IS Low),Medium,0.0,0.0,3514.330070289033,0.0,3514.330070289033,0.130503144654088,0.6,0.2424242424242424,2569.0
6,all,R13,IF (PointsAjust IS High) AND (TeamExp IS Medium) AND (Length IS Low),High,0.0,0.0,3376.386200513431,0.0,3514.330070289033,0.130503144654088,0.6,0.2424242424242424,2569.0
6,all,R14,IF (PointsAjust IS High) AND (TeamExp IS High) AND (Length IS Medium),High,0.0,0.0,3376.386200513431,0.0,3514.330070289033,0.130503144654088,0.6,0.2424242424242424,2569.0
6,all,R15,IF (PointsAjust IS Medium) AND (TeamExp IS Low) AND (Length IS Medium),High,0.0,0.0,3376.386200513431,0.0,3514.330070289033,0.130503144654088,0.6,0.2424242424242424,2569.0
6,all,R16,IF (PointsAjust IS Low) AND (TeamExp IS Low) AND (Length IS High),High,0.0,0.0,3376.386200513431,0.0,3514.330070289033,0.130503144654088,0.6,0.2424242424242424,2569.0
6,all,R17,IF (PointsAjust IS Medium) AND (TeamExp IS High) AND (Length IS High),High,0.0,0.0,3376.386200513431,0.0,3514.330070289033,0.130503144654088,0.6,0.2424242424242424,2569.0
6,all,R18,IF (PointsAjust IS High) AND (TeamExp IS Medium) AND (Length IS Medium),Very_High,0.0,0.0,7594.948522743409,0.0,3514.330070289033,0.130503144654088,0.6,0.2424242424242424,2569.0
6,all,R19,IF (PointsAjust IS Medium) AND (TeamExp IS Low) AND (Length IS High),Very_High,0.0,0.0,7594.948522743409,0.0,3514.330070289033,0.130503144654088,0.6,0.2424242424242424,2569.0
6,all,R20,IF (PointsAjust IS High) AND (TeamExp IS Low) AND (Length IS High),Very_High,0.0,0.0,7594.948522743409,0.0,3514.330070289033,0.130503144654088,0.6,0.2424242424242424,2569.0
7,all,R1,IF (PointsAjust IS Low) AND (TeamExp IS High) AND (Length IS Low),Very_Low,0.0,0.0,5958.36539123307,0.0,5191.366402894688,0.2389937106918239,0.4,0.3636363636363636,3913.0
7,all,R2,IF (PointsAjust IS Low) AND (TeamExp IS Medium) AND (Length IS Low),Low,0.0,0.0,3681.2805977730227,0.0,5191.366402894688,0.2389937106918239,0.4,0.3636363636363636,3913.0
7,all,R3,IF (PointsAjust IS Low) AND (TeamExp IS High) AND (Length IS Medium),Low,0.0,0.0,3681.2805977730227,0.0,5191.366402894688,0.2389937106918239,0.4,0.3636363636363636,3913.0
7,all,R4,IF (PointsAjust IS Medium) AND (TeamExp IS High) AND (Length IS Low),Low,0.0,0.0,3681.2805977730227,0.0,5191.366402894688,0.2389937106918239,0.4,0.3636363636363636,3913.0
7,all,R5,IF (PointsAjust IS Low) AND (TeamExp IS Low) AND (Length IS Low),Medium,0.0,0.0,4435.495746066915,0.0,5191.366402894688,0.2389937106918239,0.4,0.3636363636363636,3913.0
7,all,R6,IF (PointsAjust IS Medium) AND (TeamExp IS Medium) AND (Length IS Low),Medium,0.0,0.0,4435.495746066915,0.0,5191.366402894688,0.2389937106918239,0.4,0.3636363636363636,3913.0
7,all,R7,IF (PointsAjust IS Low) AND (TeamExp IS Medium) AND (Length IS Medium),Medium,0.0,0.0,4435.495746066915,0.0,5191.366402894688,0.2389937106918239,0.4,0.3636363636363636,3913.0
7,all,R8,IF (PointsAjust IS Medium) AND (TeamExp IS High) AND (Length IS Medium),Medium,0.0,0.0,4435.495746066915,0.0,5191.366402894688,0.2389937106918239,0.4,0.3636363636363636,3913.0
7,all,R9,IF (PointsAjust IS Low) AND (TeamExp IS Low) AND (Length IS Medium),High,0.0,0.0,3035.396547437987,0.0,5191.366402894688,0.2389937106918239,0.4,0.3636363636363636,3913.0
7,all,R10,IF (PointsAjust IS Medium) AND (TeamExp IS Low) AND (Length IS Low),High,0.0,0.0,3035.396547437987,0.0,5191.366402894688,0.2389937106918239,0.4,0.3636363636363636,3913.0
7,all,R11,IF (PointsAjust IS Medium) AND (TeamExp IS Medium) AND (Length IS Medium),Medium,0.0,0.0,4435.495746066915,0.0,5191.366402894688,0.2389937106918239,0.4,0.3636363636363636,3913.0
7,all,R12,IF (PointsAjust IS High) AND (TeamExp IS High) AND (Length IS Low),Medium,0.0,0.0,4435.495746066915,0.0,5191.366402894688,0.2389937106918239,0.4,0.3636363636363636,3913.0
7,all,R13,IF (PointsAjust IS High) AND (TeamExp IS Medium) AND (Length IS Low),High,0.0,0.0,3035.396547437987,0.0,5191.366402894688,0.2389937106918239,0.4,0.3636363636363636,3913.0
7,all,R14,IF (PointsAjust IS High) AND (TeamExp IS High) AND (Length IS Medium),High,0.0,0.0,3035.396547437987,0.0,5191.366402894688,0.2389937106918239,0.4,0.3636363636363636,3913.0
7,all,R15,IF (PointsAjust IS Medium) AND (TeamExp IS Low) AND (Length IS Medium),High,0.0,0.0,3035.396547437987,0.0,5191.366402894688,0.2389937106918239,0.4,0.3636363636363636,3913.0
7,all,R16,IF (PointsAjust IS Low) AND (TeamExp IS Low) AND (Length IS High),High,0.2371134020618555,0.1989286312147758,3035.396547437987,603.827280375895,5191.366402894688,0.2389937106918239,0.4,0.3636363636363636,3913.0
7,all,R17,IF (PointsAjust IS Medium) AND (TeamExp IS High) AND (Length IS High),High,0.0,0.0,3035.396547437987,0.0,5191.366402894688,0.2389937106918239,0.4,0.3636363636363636,3913.0
7,all,R18,IF (PointsAjust IS High) AND (TeamExp IS Medium) AND (Length IS Medium),Very_High,0.0,0.0,5726.754570539096,0.0,5191.366402894688,0.2389937106918239,0.4,0.3636363636363636,3913.0
7,all,R19,IF (PointsAjust IS Medium) AND (TeamExp IS Low) AND (Length IS High),Very_High,0.9548387096774196,0.8010713687852242,5726.754570539096,4587.539122518792,5191.366402894688,0.2389937106918239,0.4,0.3636363636363636,3913.0
7,all,R20,IF (PointsAjust IS High) AND (TeamExp IS Low) AND (Length IS High),Very_High,0.0,0.0,5726.754570539096,0.0,5191.366402894688,0.2389937106918239,0.4,0.3636363636363636,3913.0
8,all,R1,IF (PointsAjust IS Low) AND (TeamExp IS High) AND (Length IS Low),Very_Low,0.0,0.0,4929.801413094824,0.0,4485.213159654394,0.2908805031446541,0.8,0.3333333333333333,7854.0
8,all,R2,IF (PointsAjust IS Low) AND (TeamExp IS Medium) AND (Length IS Low),Low,0.0,0.0,5096.890711534095,0.0,4485.213159654394,0.2908805031446541,0.8,0.3333333333333333,7854.0
8,all,R3,IF (PointsAjust IS Low) AND (TeamExp IS High) AND (Length IS Medium),Low,0.0,0.0,5096.890711534095,0.0,4485.213159654394,0.2908805031446541,0.8,0.3333333333333333,7854.0
8,all,R4,IF (PointsAjust IS Medium) AND (TeamExp IS High) AND (Length IS Low),Low,0.0,0.0,5096.890711534095,0.0,4485.213159654394,0.2908805031446541,0.8,0.3333333333333333,7854.0
8,all,R5,IF (PointsAjust IS Low) AND (TeamExp IS Low) AND (Length IS Low),Medium,0.0,0.0,6066.69536040163,0.0,4485.213159654394,0.2908805031446541,0.8,0.3333333333333333,7854.0
8,all,R6,IF (PointsAjust IS Medium) AND (TeamExp IS Medium) AND (Length IS Low),Medium,0.0,0.0,6066.69536040163,0.0,4485.213159654394,0.2908805031446541,0.8,0.3333333333333333,7854.0
8,all,R7,IF (PointsAjust IS Low) AND (TeamExp IS Medium) AND (Length IS Medium),Medium,0.0,0.0,6066.69536040163,0.0,4485.213159654394,0.2908805031446541,0.8,0.3333333333333333,7854.0
8,all,R8,IF (PointsAjust IS Medium) AND (TeamExp IS High) AND (Length IS Medium),Medium,0.30769230769230754,0.28044943820224705,6066.69536040163,1701.4013055688158,4485.213159654394,0.2908805031446541,0.8,0.3333333333333333,7854.0
8,all,R9,IF (PointsAjust IS Low) AND (TeamExp IS Low) AND (Length IS Medium),High,0.0,0.0,3868.820346870962,0.0,4485.213159654394,0.2908805031446541,0.8,0.3333333333333333,7854.0
8,all,R10,IF (PointsAjust IS Medium) AND (TeamExp IS Low) AND (Length IS Low),High,0.0,0.0,3868.820346870962,0.0,4485.213159654394,0.2908805031446541,0.8,0.3333333333333333,7854.0
8,all,R11,IF (PointsAjust IS Medium) AND (TeamExp IS Medium) AND (Length IS Medium),Medium,0.0,0.0,6066.69536040163,0.0,4485.213159654394,0.2908805031446541,0.8,0.3333333333333333,7854.0
8,all,R12,IF (PointsAjust IS High) AND (TeamExp IS High) AND (Length IS Low),Medium,0.0,0.0,6066.69536040163,0.0,4485.213159654394,0.2908805031446541,0.8,0.3333333333333333,7854.0
8,all,R13,IF (PointsAjust IS High) AND (TeamExp IS Medium) AND (Length IS Low),High,0.0,0.0,3868.820346870962,0.0,4485.213159654394,0.2908805031446541,0.8,0.3333333333333333,7854.0
8,all,R14,IF (PointsAjust IS High) AND (TeamExp IS High) AND (Length IS Medium),High,0.03944773175542402,0.03595505617977524,3868.820346870962,139.10365292120298,4485.213159654394,0.2908805031446541,0.8,0.3333333333333333,7854.0
8,all,R15,IF (PointsAjust IS Medium) AND (TeamExp IS Low) AND (Length IS Medium),High,0.0,0.0,3868.820346870962,0.0,4485.213159654394,0.2908805031446541,0.8,0.3333333333333333,7854.0
8,all,R16,IF (PointsAjust IS Low) AND (TeamExp IS Low) AND (Length IS High),High,0.0,0.0,3868.820346870962,0.0,4485.213159654394,0.2908805031446541,0.8,0.3333333333333333,7854.0
8,all,R17,IF (PointsAjust IS Medium) AND (TeamExp IS High) AND (Length IS High),High,0.7500000000000002,0.6835955056179778,3868.820346870962,2644.7082011643756,4485.213159654394,0.2908805031446541,0.8,0.3333333333333333,7854.0
8,all,R18,IF (PointsAjust IS High) AND (TeamExp IS Medium) AND (Length IS Medium),Very_High,0.0,0.0,5116.935419384357,0.0,4485.213159654394,0.2908805031446541,0.8,0.3333333333333333,7854.0
8,all,R19,IF (PointsAjust IS Medium) AND (TeamExp IS Low) AND (Length IS High),Very_High,0.0,0.0,5116.935419384357,0.0,4485.213159654394,0.2908805031446541,0.8,0.3333333333333333,7854.0
8,all,R20,IF (PointsAjust IS High) AND (TeamExp IS Low) AND (Length IS High),Very_High,0.0,0.0,5116.935419384357,0.0,4485.213159654394,0.2908805031446541,0.8,0.3333333333333333,7854.0
9,all,R1,IF (PointsAjust IS Low) AND (TeamExp IS High) AND (Length IS Low),Very_Low,1.0,1.0,2107.299608364747,2107.299608364747,2107.299608364747,0.0644654088050314,0.8,0.0909090909090909,2422.0
9,all,R2,IF (PointsAjust IS Low) AND (TeamExp IS Medium) AND (Length IS Low),Low,0.0,0.0,1535.7820466337457,0.0,2107.299608364747,0.0644654088050314,0.8,0.0909090909090909,2422.0
9,all,R3,IF (PointsAjust IS Low) AND (TeamExp IS High) AND (Length IS Medium),Low,0.0,0.0,1535.7820466337457,0.0,2107.299608364747,0.0644654088050314,0.8,0.0909090909090909,2422.0
9,all,R4,IF (PointsAjust IS Medium) AND (TeamExp IS High) AND (Length IS Low),Low,0.0,0.0,1535.7820466337457,0.0,2107.299608364747,0.0644654088050314,0.8,0.0909090909090909,2422.0
9,all,R5,IF (PointsAjust IS Low) AND (TeamExp IS Low) AND (Length IS Low),Medium,0.0,0.0,2710.8595647080847,0.0,2107.299608364747,0.0644654088050314,0.8,0.0909090909090909,2422.0
9,all,R6,IF (PointsAjust IS Medium) AND (TeamExp IS Medium) AND (Length IS Low),Medium,0.0,0.0,2710.8595647080847,0.0,2107.299608364747,0.0644654088050314,0.8,0.0909090909090909,2422.0
9,all,R7,IF (PointsAjust IS Low) AND (TeamExp IS Medium) AND (Length IS Medium),Medium,0.0,0.0,2710.8595647080847,0.0,2107.299608364747,0.0644654088050314,0.8,0.0909090909090909,2422.0
9,all,R8,IF (PointsAjust IS Medium) AND (TeamExp IS High) AND (Length IS Medium),Medium,0.0,0.0,2710.8595647080847,0.0,2107.299608364747,0.0644654088050314,0.8,0.0909090909090909,2422.0
9,all,R9,IF (PointsAjust IS Low) AND (TeamExp IS Low) AND (Length IS Medium),High,0.0,0.0,3889.646201221767,0.0,2107.299608364747,0.0644654088050314,0.8,0.0909090909090909,2422.0
9,all,R10,IF (PointsAjust IS Medium) AND (TeamExp IS Low) AND (Length IS Low),High,0.0,0.0,3889.646201221767,0.0,2107.299608364747,0.0644654088050314,0.8,0.0909090909090909,2422.0
9,all,R11,IF (PointsAjust IS Medium) AND (TeamExp IS Medium) AND (Length IS Medium),Medium,0.0,0.0,2710.8595647080847,0.0,2107.299608364747,0.0644654088050314,0.8,0.0909090909090909,2422.0
9,all,R12,IF (PointsAjust IS High) AND (TeamExp IS High) AND (Length IS Low),Medium,0.0,0.0,2710.8595647080847,0.0,2107.299608364747,0.0644654088050314,0.8,0.0909090909090909,2422.0
9,all,R13,IF (PointsAjust IS High) AND (TeamExp IS Medium) AND (Length IS Low),High,0.0,0.0,3889.646201221767,0.0,2107.299608364747,0.0644654088050314,0.8,0.0909090909090909,2422.0
9,all,R14,IF (PointsAjust IS High) AND (TeamExp IS High) AND (Length IS Medium),High,0.0,0.0,3889.646201221767,0.0,2107.299608364747,0.0644654088050314,0.8,0.0909090909090909,2422.0
9,all,R15,IF (PointsAjust IS Medium) AND (TeamExp IS Low) AND (Length IS Medium),High,0.0,0.0,3889.646201221767,0.0,2107.299608364747,0.0644654088050314,0.8,0.0909090909090909,2422.0
9,all,R16,IF (PointsAjust IS Low) AND (TeamExp IS Low) AND (Length IS High),High,0.0,0.0,3889.646201221767,0.0,2107.299608364747,0.0644654088050314,0.8,0.0909090909090909,2422.0
9,all,R17,IF (PointsAjust IS Medium) AND (TeamExp IS High) AND (Length IS High),High,0.0,0.0,3889.646201221767,0.0,2107.299608364747,0.0644654088050314,0.8,0.0909090909090909,2422.0
9,all,R18,IF (PointsAjust IS High) AND (TeamExp IS Medium) AND (Length IS Medium),Very_High,0.0,0.0,9214.457416394844,0.0,2107.299608364747,0.0644654088050314,0.8,0.0909090909090909,2422.0
9,all,R19,IF (PointsAjust IS Medium) AND (TeamExp IS Low) AND (Length IS High),Very_High,0.0,0.0,9214.457416394844,0.0,2107.299608364747,0.0644654088050314,0.8,0.0909090909090909,2422.0
9,all,R20,IF (PointsAjust IS High) AND (TeamExp IS Low) AND (Length IS High),Very_High,0.0,0.0,9214.457416394844,0.0,2107.299608364747,0.0644654088050314,0.8,0.0909090909090909,2422.0
10,all,R1,IF (PointsAjust IS Low) AND (TeamExp IS High) AND (Length IS Low),Very_Low,0.0,0.0,4400.148751646163,0.0,3516.1514250300797,0.2751572327044025,1.0,0.6060606060606061,4067.0
10,all,R2,IF (PointsAjust IS Low) AND (TeamExp IS Medium) AND (Length IS Low),Low,0.0,0.0,6989.199979424862,0.0,3516.1514250300797,0.2751572327044025,1.0,0.6060606060606061,4067.0
10,all,R3,IF (PointsAjust IS Low) AND (TeamExp IS High) AND (Length IS Medium),Low,0.0,0.0,6989.199979424862,0.0,3516.1514250300797,0.2751572327044025,1.0,0.6060606060606061,4067.0
10,all,R4,IF (PointsAjust IS Medium) AND (TeamExp IS High) AND (Length IS Low),Low,0.0,0.0,6989.199979424862,0.0,3516.1514250300797,0.2751572327044025,1.0,0.6060606060606061,4067.0
10,all,R5,IF (PointsAjust IS Low) AND (TeamExp IS Low) AND (Length IS Low),Medium,0.0,0.0,8509.750345619988,0.0,3516.1514250300797,0.2751572327044025,1.0,0.6060606060606061,4067.0
10,all,R6,IF (PointsAjust IS Medium) AND (TeamExp IS Medium) AND (Length IS Low),Medium,0.0,0.0,8509.750345619988,0.0,3516.1514250300797,0.2751572327044025,1.0,0.6060606060606061,4067.0
10,all,R7,IF (PointsAjust IS Low) AND (TeamExp IS Medium) AND (Length IS Medium),Medium,0.0,0.0,8509.750345619988,0.0,3516.1514250300797,0.2751572327044025,1.0,0.6060606060606061,4067.0
10,all,R8,IF (PointsAjust IS Medium) AND (TeamExp IS High) AND (Length IS Medium),Medium,0.0,0.0,8509.750345619988,0.0,3516.1514250300797,0.2751572327044025,1.0,0.6060606060606061,4067.0
10,all,R9,IF (PointsAjust IS Low) AND (TeamExp IS Low) AND (Length IS Medium),High,0.0,0.0,3516.1514250300797,0.0,3516.1514250300797,0.2751572327044025,1.0,0.6060606060606061,4067.0
10,all,R10,IF (PointsAjust IS Medium) AND (TeamExp IS Low) AND (Length IS Low),High,0.0,0.0,3516.1514250300797,0.0,3516.1514250300797,0.2751572327044025,1.0,0.6060606060606061,4067.0
10,all,R11,IF (PointsAjust IS Medium) AND (TeamExp IS Medium) AND (Length IS Medium),Medium,0.0,0.0,8509.750345619988,0.0,3516.1514250300797,0.2751572327044025,1.0,0.6060606060606061,4067.0
10,all,R12,IF (PointsAjust IS High) AND (TeamExp IS High) AND (Length IS Low),Medium,0.0,0.0,8509.750345619988,0.0,3516.1514250300797,0.2751572327044025,1.0,0.6060606060606061,4067.0
10,all,R13,IF (PointsAjust IS High) AND (TeamExp IS Medium) AND (Length IS Low),High,0.0,0.0,3516.1514250300797,0.0,3516.1514250300797,0.2751572327044025,1.0,0.6060606060606061,4067.0
10,all,R14,IF (PointsAjust IS High) AND (TeamExp IS High) AND (Length IS Medium),High,0.0,0.0,3516.1514250300797,0.0,3516.1514250300797,0.2751572327044025,1.0,0.6060606060606061,4067.0
10,all,R15,IF (PointsAjust IS Medium) AND (TeamExp IS Low) AND (Length IS Medium),High,0.0,0.0,3516.1514250300797,0.0,3516.1514250300797,0.2751572327044025,1.0,0.6060606060606061,4067.0
10,all,R16,IF (PointsAjust IS Low) AND (TeamExp IS Low) AND (Length IS High),High,0.0,0.0,3516.1514250300797,0.0,3516.1514250300797,0.2751572327044025,1.0,0.6060606060606061,4067.0
10,all,R17,IF (PointsAjust IS Medium) AND (TeamExp IS High) AND (Length IS High),High,1.0,1.0,3516.1514250300797,3516.1514250300797,3516.1514250300797,0.2751572327044025,1.0,0.6060606060606061,4067.0
10,all,R18,IF (PointsAjust IS High) AND (TeamExp IS Medium) AND (Length IS Medium),Very_High,0.0,0.0,3285.615658254581,0.0,3516.1514250300797,0.2751572327044025,1.0,0.6060606060606061,4067.0
10,all,R19,IF (PointsAjust IS Medium) AND (TeamExp IS Low) AND (Length IS High),Very_High,0.0,0.0,3285.615658254581,0.0,3516.1514250300797,0.2751572327044025,1.0,0.6060606060606061,4067.0
10,all,R20,IF (PointsAjust IS High) AND (TeamExp IS Low) AND (Length IS High),Very_High,0.0,0.0,3285.615658254581,0.0,3516.1514250300797,0.2751572327044025,1.0,0.6060606060606061,4067.0
11,all,R1,IF (PointsAjust IS Low) AND (TeamExp IS High) AND (Length IS Low),Very_Low,0.0,0.05,6341.273789336724,317.0636894668362,4899.801600189208,0.3286163522012578,0.6,0.4848484848484848,9051.0
11,all,R2,IF (PointsAjust IS Low) AND (TeamExp IS Medium) AND (Length IS Low),Low,0.0,0.05,5767.932573309945,288.39662866549725,4899.801600189208,0.3286163522012578,0.6,0.4848484848484848,9051.0
11,all,R3,IF (PointsAjust IS Low) AND (TeamExp IS High) AND (Length IS Medium),Low,0.0,0.05,5767.932573309945,288.39662866549725,4899.801600189208,0.3286163522012578,0.6,0.4848484848484848,9051.0
11,all,R4,IF (PointsAjust IS Medium) AND (TeamExp IS High) AND (Length IS Low),Low,0.0,0.05,5767.932573309945,288.39662866549725,4899.801600189208,0.3286163522012578,0.6,0.4848484848484848,9051.0
11,all,R5,IF (PointsAjust IS Low) AND (TeamExp IS Low) AND (Length IS Low),Medium,0.0,0.05,6655.296008119126,332.7648004059563,4899.801600189208,0.3286163522012578,0.6,0.4848484848484848,9051.0
11,all,R6,IF (PointsAjust IS Medium) AND (TeamExp IS Medium) AND (Length IS Low),Medium,0.0,0.05,6655.296008119126,332.7648004059563,4899.801600189208,0.3286163522012578,0.6,0.4848484848484848,9051.0
11,all,R7,IF (PointsAjust IS Low) AND (TeamExp IS Medium) AND (Length IS Medium),Medium,0.0,0.05,6655.296008119126,332.7648004059563,4899.801600189208,0.3286163522012578,0.6,0.4848484848484848,9051.0
11,all,R8,IF (PointsAjust IS Medium) AND (TeamExp IS High) AND (Length IS Medium),Medium,0.0,0.05,6655.296008119126,332.7648004059563,4899.801600189208,0.3286163522012578,0.6,0.4848484848484848,9051.0
11,all,R9,IF (PointsAjust IS Low) AND (TeamExp IS Low) AND (Length IS Medium),High,0.0,0.05,3287.69349982701,164.3846749913505,4899.801600189208,0.3286163522012578,0.6,0.4848484848484848,9051.0
11,all,R10,IF (PointsAjust IS Medium) AND (TeamExp IS Low) AND (Length IS Low),High,0.0,0.05,3287.69349982701,164.3846749913505,4899.801600189208,0.3286163522012578,0.6,0.4848484848484848,9051.0
11,all,R11,IF (PointsAjust IS Medium) AND (TeamExp IS Medium) AND (Length IS Medium),Medium,0.0,0.05,6655.296008119126,332.7648004059563,4899.801600189208,0.3286163522012578,0.6,0.4848484848484848,9051.0
11,all,R12,IF (PointsAjust IS High) AND (TeamExp IS High) AND (Length IS Low),Medium,0.0,0.05,6655.296008119126,332.7648004059563,4899.801600189208,0.3286163522012578,0.6,0.4848484848484848,9051.0
11,all,R13,IF (PointsAjust IS High) AND (TeamExp IS Medium) AND (Length IS Low),High,0.0,0.05,3287.69349982701,164.3846749913505,4899.801600189208,0.3286163522012578,0.6,0.4848484848484848,9051.0
11,all,R14,IF (PointsAjust IS High) AND (TeamExp IS High) AND (Length IS Medium),High,0.0,0.05,3287.69349982701,164.3846749913505,4899.801600189208,0.3286163522012578,0.6,0.4848484848484848,9051.0
11,all,R15,IF (PointsAjust IS Medium) AND (TeamExp IS Low) AND (Length IS Medium),High,0.0,0.05,3287.69349982701,164.3846749913505,4899.801600189208,0.3286163522012578,0.6,0.4848484848484848,9051.0
11,all,R16,IF (PointsAjust IS Low) AND (TeamExp IS Low) AND (Length IS High),High,0.0,0.05,3287.69349982701,164.3846749913505,4899.801600189208,0.3286163522012578,0.6,0.4848484848484848,9051.0
11,all,R17,IF (PointsAjust IS Medium) AND (TeamExp IS High) AND (Length IS High),High,0.0,0.05,3287.69349982701,164.3846749913505,4899.801600189208,0.3286163522012578,0.6,0.4848484848484848,9051.0
11,all,R18,IF (PointsAjust IS High) AND (TeamExp IS Medium) AND (Length IS Medium),Very_High,0.0,0.05,3801.776649004598,190.08883245022992,4899.801600189208,0.3286163522012578,0.6,0.4848484848484848,9051.0
11,all,R19,IF (PointsAjust IS Medium) AND (TeamExp IS Low) AND (Length IS High),Very_High,0.0,0.05,3801.776649004598,190.08883245022992,4899.801600189208,0.3286163522012578,0.6,0.4848484848484848,9051.0
11,all,R20,IF (PointsAjust IS High) AND (TeamExp IS Low) AND (Length IS High),Very_High,0.0,0.05,3801.776649004598,190.08883245022992,4899.801600189208,0.3286163522012578,0.6,0.4848484848484848,9051.0
12,all,R1,IF (PointsAjust IS Low) AND (TeamExp IS High) AND (Length IS Low),Very_Low,0.0,0.0,3350.860639304328,0.0,885.310575040335,0.040880503144654,0.4,0.0606060606060606,2282.0
12,all,R2,IF (PointsAjust IS Low) AND (TeamExp IS Medium) AND (Length IS Low),Low,0.0,0.0,62.26370711433242,0.0,885.310575040335,0.040880503144654,0.4,0.0606060606060606,2282.0
12,all,R3,IF (PointsAjust IS Low) AND (TeamExp IS High) AND (Length IS Medium),Low,0.0,0.0,62.26370711433242,0.0,885.310575040335,0.040880503144654,0.4,0.0606060606060606,2282.0
12,all,R4,IF (PointsAjust IS Medium) AND (TeamExp IS High) AND (Length IS Low),Low,0.0,0.0,62.26370711433242,0.0,885.310575040335,0.040880503144654,0.4,0.0606060606060606,2282.0
12,all,R5,IF (PointsAjust IS Low) AND (TeamExp IS Low) AND (Length IS Low),Medium,1.0,1.0,885.3105750403349,885.3105750403349,885.310575040335,0.040880503144654,0.4,0.0606060606060606,2282.0
12,all,R6,IF (PointsAjust IS Medium) AND (TeamExp IS Medium) AND (Length IS Low),Medium,0.0,0.0,885.3105750403349,0.0,885.310575040335,0.040880503144654,0.4,0.0606060606060606,2282.0
12,all,R7,IF (PointsAjust IS Low) AND (TeamExp IS Medium) AND (Length IS Medium),Medium,0.0,0.0,885.3105750403349,0.0,885.310575040335,0.040880503144654,0.4,0.0606060606060606,2282.0
12,all,R8,IF (PointsAjust IS Medium) AND (TeamExp IS High) AND (Length IS Medium),Medium,0.0,0.0,885.3105750403349,0.0,885.310575040335,0.040880503144654,0.4,0.0606060606060606,2282.0
12,all,R9,IF (PointsAjust IS Low) AND (TeamExp IS Low) AND (Length IS Medium),High,0.0,0.0,3265.0294043833414,0.0,885.310575040335,0.040880503144654,0.4,0.0606060606060606,2282.0
12,all,R10,IF (PointsAjust IS Medium) AND (TeamExp IS Low) AND (Length IS Low),High,0.0,0.0,3265.0294043833414,0.0,885.310575040335,0.040880503144654,0.4,0.0606060606060606,2282.0
12,all,R11,IF (PointsAjust IS Medium) AND (TeamExp IS Medium) AND (Length IS Medium),Medium,0.0,0.0,885.3105750403349,0.0,885.310575040335,0.040880503144654,0.4,0.0606060606060606,2282.0
12,all,R12,IF (PointsAjust IS High) AND (TeamExp IS High) AND (Length IS Low),Medium,0.0,0.0,885.3105750403349,0.0,885.310575040335,0.040880503144654,0.4,0.0606060606060606,2282.0
12,all,R13,IF (PointsAjust IS High) AND (TeamExp IS Medium) AND (Length IS Low),High,0.0,0.0,3265.0294043833414,0.0,885.310575040335,0.040880503144654,0.4,0.0606060606060606,2282.0
12,all,R14,IF (PointsAjust IS High) AND (TeamExp IS High) AND (Length IS Medium),High,0.0,0.0,3265.0294043833414,0.0,885.310575040335,0.040880503144654,0.4,0.0606060606060606,2282.0
12,all,R15,IF (PointsAjust IS Medium) AND (TeamExp IS Low) AND (Length IS Medium),High,0.0,0.0,3265.0294043833414,0.0,885.310575040335,0.040880503144654,0.4,0.0606060606060606,2282.0
12,all,R16,IF (PointsAjust IS Low) AND (TeamExp IS Low) AND (Length IS High),High,0.0,0.0,3265.0294043833414,0.0,885.310575040335,0.040880503144654,0.4,0.0606060606060606,2282.0
12,all,R17,IF (PointsAjust IS Medium) AND (TeamExp IS High) AND (Length IS High),High,0.0,0.0,3265.0294043833414,0.0,885.310575040335,0.040880503144654,0.4,0.0606060606060606,2282.0
12,all,R18,IF (PointsAjust IS High) AND (TeamExp IS Medium) AND (Length IS Medium),Very_High,0.0,0.0,9935.606696987179,0.0,885.310575040335,0.040880503144654,0.4,0.0606060606060606,2282.0
12,all,R19,IF (PointsAjust IS Medium) AND (TeamExp IS Low) AND (Length IS High),Very_High,0.0,0.0,9935.606696987179,0.0,885.310575040335,0.040880503144654,0.4,0.0606060606060606,2282.0
12,all,R20,IF (PointsAjust IS High) AND (TeamExp IS Low) AND (Length IS High),Very_High,0.0,0.0,9935.606696987179,0.0,885.310575040335,0.040880503144654,0.4,0.0606060606060606,2282.0
13,all,R1,IF (PointsAjust IS Low) AND (TeamExp IS High) AND (Length IS Low),Very_Low,0.07216494845360825,0.04932092186939678,4217.541671161972,208.01304324430475,4515.576529734552,0.2421383647798742,0.8,0.2121212121212121,4172.0
13,all,R2,IF (PointsAjust IS Low) AND (TeamExp IS Medium) AND (Length IS Low),Low,0.0,0.0,3948.320204253116,0.0,4515.576529734552,0.2421383647798742,0.8,0.2121212121212121,4172.0
13,all,R3,IF (PointsAjust IS Low) AND (TeamExp IS High) AND (Length IS Medium),Low,0.19243986254295536,0.13152245831839143,3948.320204253116,519.2927794915432,4515.576529734552,0.2421383647798742,0.8,0.2121212121212121,4172.0
13,all,R4,IF (PointsAjust IS Medium) AND (TeamExp IS High) AND (Length IS Low),Low,0.32688172043010755,0.2234063508578759,3948.320204253116,882.0798088506119,4515.576529734552,0.2421383647798742,0.8,0.2121212121212121,4172.0
13,all,R5,IF (PointsAjust IS Low) AND (TeamExp IS Low) AND (Length IS Low),Medium,0.0,0.0,4878.203249910494,0.0,4515.576529734552,0.2421383647798742,0.8,0.2121212121212121,4172.0
13,all,R6,IF (PointsAjust IS Medium) AND (TeamExp IS Medium) AND (Length IS Low),Medium,0.0,0.0,4878.203249910494,0.0,4515.576529734552,0.2421383647798742,0.8,0.2121212121212121,4172.0
13,all,R7,IF (PointsAjust IS Low) AND (TeamExp IS Medium) AND (Length IS Medium),Medium,0.0,0.0,4878.203249910494,0.0,4515.576529734552,0.2421383647798742,0.8,0.2121212121212121,4172.0
13,all,R8,IF (PointsAjust IS Medium) AND (TeamExp IS High) AND (Length IS Medium),Medium,0.8716845878136202,0.5957502689543359,4878.203249910494,2906.1908981480924,4515.576529734552,0.2421383647798742,0.8,0.2121212121212121,4172.0
13,all,R9,IF (PointsAjust IS Low) AND (TeamExp IS Low) AND (Length IS Medium),High,0.0,0.0,4033.8188684774905,0.0,4515.576529734552,0.2421383647798742,0.8,0.2121212121212121,4172.0
13,all,R10,IF (PointsAjust IS Medium) AND (TeamExp IS Low) AND (Length IS Low),High,0.0,0.0,4033.8188684774905,0.0,4515.576529734552,0.2421383647798742,0.8,0.2121212121212121,4172.0
13,all,R11,IF (PointsAjust IS Medium) AND (TeamExp IS Medium) AND (Length IS Medium),Medium,0.0,0.0,4878.203249910494,0.0,4515.576529734552,0.2421383647798742,0.8,0.2121212121212121,4172.0
13,all,R12,IF (PointsAjust IS High) AND (TeamExp IS High) AND (Length IS Low),Medium,0.0,0.0,4878.203249910494,0.0,4515.576529734552,0.2421383647798742,0.8,0.2121212121212121,4172.0
13,all,R13,IF (PointsAjust IS High) AND (TeamExp IS Medium) AND (Length IS Low),High,0.0,0.0,4033.8188684774905,0.0,4515.576529734552,0.2421383647798742,0.8,0.2121212121212121,4172.0
13,all,R14,IF (PointsAjust IS High) AND (TeamExp IS High) AND (Length IS Medium),High,0.0,0.0,4033.8188684774905,0.0,4515.576529734552,0.2421383647798742,0.8,0.2121212121212121,4172.0
13,all,R15,IF (PointsAjust IS Medium) AND (TeamExp IS Low) AND (Length IS Medium),High,0.0,0.0,4033.8188684774905,0.0,4515.576529734552,0.2421383647798742,0.8,0.2121212121212121,4172.0
13,all,R16,IF (PointsAjust IS Low) AND (TeamExp IS Low) AND (Length IS High),High,0.0,0.0,4033.8188684774905,0.0,4515.576529734552,0.2421383647798742,0.8,0.2121212121212121,4172.0
13,all,R17,IF (PointsAjust IS Medium) AND (TeamExp IS High) AND (Length IS High),High,0.0,0.0,4033.8188684774905,0.0,4515.576529734552,0.2421383647798742,0.8,0.2121212121212121,4172.0
13,all,R18,IF (PointsAjust IS High) AND (TeamExp IS Medium) AND (Length IS Medium),Very_High,0.0,0.0,6472.454470437452,0.0,4515.576529734552,0.2421383647798742,0.8,0.2121212121212121,4172.0
13,all,R19,IF (PointsAjust IS Medium) AND (TeamExp IS Low) AND (Length IS High),Very_High,0.0,0.0,6472.454470437452,0.0,4515.576529734552,0.2421383647798742,0.8,0.2121212121212121,4172.0
13,all,R20,IF (PointsAjust IS High) AND (TeamExp IS Low) AND (Length IS High),Very_High,0.0,0.0,6472.454470437452,0.0,4515.576529734552,0.2421383647798742,0.8,0.2121212121212121,4172.0
14,all,R1,IF (PointsAjust IS Low) AND (TeamExp IS High) AND (Length IS Low),Very_Low,0.0,0.0,5263.916946239428,0.0,4674.733931797912,0.4056603773584906,1.0,0.2424242424242424,4977.0
14,all,R2,IF (PointsAjust IS Low) AND (TeamExp IS Medium) AND (Length IS Low),Low,0.0,0.0,6256.394633917989,0.0,4674.733931797912,0.4056603773584906,1.0,0.2424242424242424,4977.0
14,all,R3,IF (PointsAjust IS Low) AND (TeamExp IS High) AND (Length IS Medium),Low,0.0,0.0,6256.394633917989,0.0,4674.733931797912,0.4056603773584906,1.0,0.2424242424242424,4977.0
14,all,R4,IF (PointsAjust IS Medium) AND (TeamExp IS High) AND (Length IS Low),Low,0.0,0.0,6256.394633917989,0.0,4674.733931797912,0.4056603773584906,1.0,0.2424242424242424,4977.0
14,all,R5,IF (PointsAjust IS Low) AND (TeamExp IS Low) AND (Length IS Low),Medium,0.0,0.0,7045.223735478102,0.0,4674.733931797912,0.4056603773584906,1.0,0.2424242424242424,4977.0
14,all,R6,IF (PointsAjust IS Medium) AND (TeamExp IS Medium) AND (Length IS Low),Medium,0.0,0.0,7045.223735478102,0.0,4674.733931797912,0.4056603773584906,1.0,0.2424242424242424,4977.0
14,all,R7,IF (PointsAjust IS Low) AND (TeamExp IS Medium) AND (Length IS Medium),Medium,0.0,0.0,7045.223735478102,0.0,4674.733931797912,0.4056603773584906,1.0,0.2424242424242424,4977.0
14,all,R8,IF (PointsAjust IS Medium) AND (TeamExp IS High) AND (Length IS Medium),Medium,0.0,0.0,7045.223735478102,0.0,4674.733931797912,0.4056603773584906,1.0,0.2424242424242424,4977.0
14,all,R9,IF (PointsAjust IS Low) AND (TeamExp IS Low) AND (Length IS Medium),High,0.0,0.0,4674.733931797912,0.0,4674.733931797912,0.4056603773584906,1.0,0.2424242424242424,4977.0
14,all,R10,IF (PointsAjust IS Medium) AND (TeamExp IS Low) AND (Length IS Low),High,0.0,0.0,4674.733931797912,0.0,4674.733931797912,0.4056603773584906,1.0,0.2424242424242424,4977.0
14,all,R11,IF (PointsAjust IS Medium) AND (TeamExp IS Medium) AND (Length IS Medium),Medium,0.0,0.0,7045.223735478102,0.0,4674.733931797912,0.4056603773584906,1.0,0.2424242424242424,4977.0
14,all,R12,IF (PointsAjust IS High) AND (TeamExp IS High) AND (Length IS Low),Medium,0.0,0.0,7045.223735478102,0.0,4674.733931797912,0.4056603773584906,1.0,0.2424242424242424,4977.0
14,all,R13,IF (PointsAjust IS High) AND (TeamExp IS Medium) AND (Length IS Low),High,0.0,0.0,4674.733931797912,0.0,4674.733931797912,0.4056603773584906,1.0,0.2424242424242424,4977.0
14,all,R14,IF (PointsAjust IS High) AND (TeamExp IS High) AND (Length IS Medium),High,1.0,1.0,4674.733931797912,4674.733931797912,4674.733931797912,0.4056603773584906,1.0,0.2424242424242424,4977.0
14,all,R15,IF (PointsAjust IS Medium) AND (TeamExp IS Low) AND (Length IS Medium),High,0.0,0.0,4674.733931797912,0.0,4674.733931797912,0.4056603773584906,1.0,0.2424242424242424,4977.0
14,all,R16,IF (PointsAjust IS Low) AND (TeamExp IS Low) AND (Length IS High),High,0.0,0.0,4674.733931797912,0.0,4674.733931797912,0.4056603773584906,1.0,0.2424242424242424,4977.0
14,all,R17,IF (PointsAjust IS Medium) AND (TeamExp IS High) AND (Length IS High),High,0.0,0.0,4674.733931797912,0.0,4674.733931797912,0.4056603773584906,1.0,0.2424242424242424,4977.0
14,all,R18,IF (PointsAjust IS High) AND (TeamExp IS Medium) AND (Length IS Medium),Very_High,0.0,0.0,4376.304939424153,0.0,4674.733931797912,0.4056603773584906,1.0,0.2424242424242424,4977.0
14,all,R19,IF (PointsAjust IS Medium) AND (TeamExp IS Low) AND (Length IS High),Very_High,0.0,0.0,4376.304939424153,0.0,4674.733931797912,0.4056603773584906,1.0,0.2424242424242424,4977.0
14,all,R20,IF (PointsAjust IS High) AND (TeamExp IS Low) AND (Length IS High),Very_High,0.0,0.0,4376.304939424153,0.0,4674.733931797912,0.4056603773584906,1.0,0.2424242424242424,4977.0
15,all,R1,IF (PointsAjust IS Low) AND (TeamExp IS High) AND (Length IS Low),Very_Low,0.29209621993127144,0.23177332246544655,3126.4335182922177,724.6238840019228,3125.820072341129,0.1415094339622641,0.8,0.2121212121212121,1617.0
15,all,R2,IF (PointsAjust IS Low) AND (TeamExp IS Medium) AND (Length IS Low),Low,0.0,0.0,2961.8088674036394,0.0,3125.820072341129,0.1415094339622641,0.8,0.2121212121212121,1617.0
15,all,R3,IF (PointsAjust IS Low) AND (TeamExp IS High) AND (Length IS Medium),Low,0.7789232531500572,0.6180621932411908,2961.8088674036394,1830.5820845487008,3125.820072341129,0.1415094339622641,0.8,0.2121212121212121,1617.0
15,all,R4,IF (PointsAjust IS Medium) AND (TeamExp IS High) AND (Length IS Low),Low,0.05161290322580646,0.04095395026182617,2961.8088674036394,121.29777304068435,3125.820072341129,0.1415094339622641,0.8,0.2121212121212121,1617.0
15,all,R5,IF (PointsAjust IS Low) AND (TeamExp IS Low) AND (Length IS Low),Medium,0.0,0.0,4114.22153306267,0.0,3125.820072341129,0.1415094339622641,0.8,0.2121212121212121,1617.0
15,all,R6,IF (PointsAjust IS Medium) AND (TeamExp IS Medium) AND (Length IS Low),Medium,0.0,0.0,4114.22153306267,0.0,3125.820072341129,0.1415094339622641,0.8,0.2121212121212121,1617.0
15,all,R7,IF (PointsAjust IS Low) AND (TeamExp IS Medium) AND (Length IS Medium),Medium,0.0,0.0,4114.22153306267,0.0,3125.820072341129,0.1415094339622641,0.8,0.2121212121212121,1617.0
15,all,R8,IF (PointsAjust IS Medium) AND (TeamExp IS High) AND (Length IS Medium),Medium,0.13763440860215057,0.10921053403153645,4114.22153306267,449.31633074982074,3125.820072341129,0.1415094339622641,0.8,0.2121212121212121,1617.0
15,all,R9,IF (PointsAjust IS Low) AND (TeamExp IS Low) AND (Length IS Medium),High,0.0,0.0,3792.5145259508554,0.0,3125.820072341129,0.1415094339622641,0.8,0.2121212121212121,1617.0
15,all,R10,IF (PointsAjust IS Medium) AND (TeamExp IS Low) AND (Length IS Low),High,0.0,0.0,3792.5145259508554,0.0,3125.820072341129,0.1415094339622641,0.8,0.2121212121212121,1617.0
15,all,R11,IF (PointsAjust IS Medium) AND (TeamExp IS Medium) AND (Length IS Medium),Medium,0.0,0.0,4114.22153306267,0.0,3125.820072341129,0.1415094339622641,0.8,0.2121212121212121,1617.0
15,all,R12,IF (PointsAjust IS High) AND (TeamExp IS High) AND (Length IS Low),Medium,0.0,0.0,4114.22153306267,0.0,3125.820072341129,0.1415094339622641,0.8,0.2121212121212121,1617.0
15,all,R13,IF (PointsAjust IS High) AND (TeamExp IS Medium) AND (Length IS Low),High,0.0,0.0,3792.5145259508554,0.0,3125.820072341129,0.1415094339622641,0.8,0.2121212121212121,1617.0
15,all,R14,IF (PointsAjust IS High) AND (TeamExp IS High) AND (Length IS Medium),High,0.0,0.0,3792.5145259508554,0.0,3125.820072341129,0.1415094339622641,0.8,0.2121212121212121,1617.0
15,all,R15,IF (PointsAjust IS Medium) AND (TeamExp IS Low) AND (Length IS Medium),High,0.0,0.0,3792.5145259508554,0.0,3125.820072341129,0.1415094339622641,0.8,0.2121212121212121,1617.0
15,all,R16,IF (PointsAjust IS Low) AND (TeamExp IS Low) AND (Length IS High),High,0.0,0.0,3792.5145259508554,0.0,3125.820072341129,0.1415094339622641,0.8,0.2121212121212121,1617.0
15,all,R17,IF (PointsAjust IS Medium) AND (TeamExp IS High) AND (Length IS High),High,0.0,0.0,3792.5145259508554,0.0,3125.820072341129,0.1415094339622641,0.8,0.2121212121212121,1617.0
15,all,R18,IF (PointsAjust IS High) AND (TeamExp IS Medium) AND (Length IS Medium),Very_High,0.0,0.0,7554.588242070075,0.0,3125.820072341129,0.1415094339622641,0.8,0.2121212121212121,1617.0
15,all,R19,IF (PointsAjust IS Medium) AND (TeamExp IS Low) AND (Length IS High),Very_High,0.0,0.0,7554.588242070075,0.0,3125.820072341129,0.1415094339622641,0.8,0.2121212121212121,1617.0
15,all,R20,IF (PointsAjust IS High) AND (TeamExp IS Low) AND (Length IS High),Very_High,0.0,0.0,7554.588242070075,0.0,3125.820072341129,0.1415094339622641,0.8,0.2121212121212121,1617.0
16,all,R1,IF (PointsAjust IS Low) AND (TeamExp IS High) AND (Length IS Low),Very_Low,0.3333333333333333,0.2727272727272727,1603.6826322617271,437.3679906168346,2488.9269440571757,0.0723270440251572,1.0,0.2121212121212121,3192.0
16,all,R2,IF (PointsAjust IS Low) AND (TeamExp IS Medium) AND (Length IS Low),Low,0.0,0.0,2820.893560980469,0.0,2488.9269440571757,0.0723270440251572,1.0,0.2121212121212121,3192.0
16,all,R3,IF (PointsAjust IS Low) AND (TeamExp IS High) AND (Length IS Medium),Low,0.888888888888889,0.7272727272727273,2820.893560980469,2051.558953440341,2488.9269440571757,0.0723270440251572,1.0,0.2121212121212121,3192.0
16,all,R4,IF (PointsAjust IS Medium) AND (TeamExp IS High) AND (Length IS Low),Low,0.0,0.0,2820.893560980469,0.0,2488.9269440571757,0.0723270440251572,1.0,0.2121212121212121,3192.0
16,all,R5,IF (PointsAjust IS Low) AND (TeamExp IS Low) AND (Length IS Low),Medium,0.0,0.0,4309.924681821439,0.0,2488.9269440571757,0.0723270440251572,1.0,0.2121212121212121,3192.0
16,all,R6,IF (PointsAjust IS Medium) AND (TeamExp IS Medium) AND (Length IS Low),Medium,0.0,0.0,4309.924681821439,0.0,2488.9269440571757,0.0723270440251572,1.0,0.2121212121212121,3192.0
16,all,R7,IF (PointsAjust IS Low) AND (TeamExp IS Medium) AND (Length IS Medium),Medium,0.0,0.0,4309.924681821439,0.0,2488.9269440571757,0.0723270440251572,1.0,0.2121212121212121,3192.0
16,all,R8,IF (PointsAjust IS Medium) AND (TeamExp IS High) AND (Length IS Medium),Medium,0.0,0.0,4309.924681821439,0.0,2488.9269440571757,0.0723270440251572,1.0,0.2121212121212121,3192.0
16,all,R9,IF (PointsAjust IS Low) AND (TeamExp IS Low) AND (Length IS Medium),High,0.0,0.0,3945.8833753078993,0.0,2488.9269440571757,0.0723270440251572,1.0,0.2121212121212121,3192.0
16,all,R10,IF (PointsAjust IS Medium) AND (TeamExp IS Low) AND (Length IS Low),High,0.0,0.0,3945.8833753078993,0.0,2488.9269440571757,0.0723270440251572,1.0,0.2121212121212121,3192.0
16,all,R11,IF (PointsAjust IS Medium) AND (TeamExp IS Medium) AND (Length IS Medium),Medium,0.0,0.0,4309.924681821439,0.0,2488.9269440571757,0.0723270440251572,1.0,0.2121212121212121,3192.0
16,all,R12,IF (PointsAjust IS High) AND (TeamExp IS High) AND (Length IS Low),Medium,0.0,0.0,4309.924681821439,0.0,2488.9269440571757,0.0723270440251572,1.0,0.2121212121212121,3192.0
16,all,R13,IF (PointsAjust IS High) AND (TeamExp IS Medium) AND (Length IS Low),High,0.0,0.0,3945.8833753078993,0.0,2488.9269440571757,0.0723270440251572,1.0,0.2121212121212121,3192.0
16,all,R14,IF (PointsAjust IS High) AND (TeamExp IS High) AND (Length IS Medium),High,0.0,0.0,3945.8833753078993,0.0,2488.9269440571757,0.0723270440251572,1.0,0.2121212121212121,3192.0
16,all,R15,IF (PointsAjust IS Medium) AND (TeamExp IS Low) AND (Length IS Medium),High,0.0,0.0,3945.8833753078993,0.0,2488.9269440571757,0.0723270440251572,1.0,0.2121212121212121,3192.0
16,all,R16,IF (PointsAjust IS Low) AND (TeamExp IS Low) AND (Length IS High),High,0.0,0.0,3945.8833753078993,0.0,2488.9269440571757,0.0723270440251572,1.0,0.2121212121212121,3192.0
16,all,R17,IF (PointsAjust IS Medium) AND (TeamExp IS High) AND (Length IS High),High,0.0,0.0,3945.8833753078993,0.0,2488.9269440571757,0.0723270440251572,1.0,0.2121212121212121,3192.0
16,all,R18,IF (PointsAjust IS High) AND (TeamExp IS Medium) AND (Length IS Medium),Very_High,0.0,0.0,8168.7131843118505,0.0,2488.9269440571757,0.0723270440251572,1.0,0.2121212121212121,3192.0
16,all,R19,IF (PointsAjust IS Medium) AND (TeamExp IS Low) AND (Length IS High),Very_High,0.0,0.0,8168.7131843118505,0.0,2488.9269440571757,0.0723270440251572,1.0,0.2121212121212121,3192.0
16,all,R20,IF (PointsAjust IS High) AND (TeamExp IS Low) AND (Length IS High),Very_High,0.0,0.0,8168.7131843118505,0.0,2488.9269440571757,0.0723270440251572,1.0,0.2121212121212121,3192.0
17,all,R1,IF (PointsAjust IS Low) AND (TeamExp IS High) AND (Length IS Low),Very_Low,0.0,0.05,5595.901123554173,279.79505617770866,5805.957478610633,0.4150943396226415,1.0,0.3939393939393939,3437.0
17,all,R2,IF (PointsAjust IS Low) AND (TeamExp IS Medium) AND (Length IS Low),Low,0.0,0.05,7187.291419865767,359.3645709932884,5805.957478610633,0.4150943396226415,1.0,0.3939393939393939,3437.0
17,all,R3,IF (PointsAjust IS Low) AND (TeamExp IS High) AND (Length IS Medium),Low,0.0,0.05,7187.291419865767,359.3645709932884,5805.957478610633,0.4150943396226415,1.0,0.3939393939393939,3437.0
17,all,R4,IF (PointsAjust IS Medium) AND (TeamExp IS High) AND (Length IS Low),Low,0.0,0.05,7187.291419865767,359.3645709932884,5805.957478610633,0.4150943396226415,1.0,0.3939393939393939,3437.0
17,all,R5,IF (PointsAjust IS Low) AND (TeamExp IS Low) AND (Length IS Low),Medium,0.0,0.05,8139.895104423797,406.9947552211899,5805.957478610633,0.4150943396226415,1.0,0.3939393939393939,3437.0
17,all,R6,IF (PointsAjust IS Medium) AND (TeamExp IS Medium) AND (Length IS Low),Medium,0.0,0.05,8139.895104423797,406.9947552211899,5805.957478610633,0.4150943396226415,1.0,0.3939393939393939,3437.0
17,all,R7,IF (PointsAjust IS Low) AND (TeamExp IS Medium) AND (Length IS Medium),Medium,0.0,0.05,8139.895104423797,406.9947552211899,5805.957478610633,0.4150943396226415,1.0,0.3939393939393939,3437.0
17,all,R8,IF (PointsAjust IS Medium) AND (TeamExp IS High) AND (Length IS Medium),Medium,0.0,0.05,8139.895104423797,406.9947552211899,5805.957478610633,0.4150943396226415,1.0,0.3939393939393939,3437.0
17,all,R9,IF (PointsAjust IS Low) AND (TeamExp IS Low) AND (Length IS Medium),High,0.0,0.05,4345.00582326245,217.25029116312248,5805.957478610633,0.4150943396226415,1.0,0.3939393939393939,3437.0
17,all,R10,IF (PointsAjust IS Medium) AND (TeamExp IS Low) AND (Length IS Low),High,0.0,0.05,4345.00582326245,217.25029116312248,5805.957478610633,0.4150943396226415,1.0,0.3939393939393939,3437.0
17,all,R11,IF (PointsAjust IS Medium) AND (TeamExp IS Medium) AND (Length IS Medium),Medium,0.0,0.05,8139.895104423797,406.9947552211899,5805.957478610633,0.4150943396226415,1.0,0.3939393939393939,3437.0
17,all,R12,IF (PointsAjust IS High) AND (TeamExp IS High) AND (Length IS Low),Medium,0.0,0.05,8139.895104423797,406.9947552211899,5805.957478610633,0.4150943396226415,1.0,0.3939393939393939,3437.0
17,all,R13,IF (PointsAjust IS High) AND (TeamExp IS Medium) AND (Length IS Low),High,0.0,0.05,4345.00582326245,217.25029116312248,5805.957478610633,0.4150943396226415,1.0,0.3939393939393939,3437.0
17,all,R14,IF (PointsAjust IS High) AND (TeamExp IS High) AND (Length IS Medium),High,0.0,0.05,4345.00582326245,217.25029116312248,5805.957478610633,0.4150943396226415,1.0,0.3939393939393939,3437.0
17,all,R15,IF (PointsAjust IS Medium) AND (TeamExp IS Low) AND (Length IS Medium),High,0.0,0.05,4345.00582326245,217.25029116312248,5805.957478610633,0.4150943396226415,1.0,0.3939393939393939,3437.0
17,all,R16,IF (PointsAjust IS Low) AND (TeamExp IS Low) AND (Length IS High),High,0.0,0.05,4345.00582326245,217.25029116312248,5805.957478610633,0.4150943396226415,1.0,0.3939393939393939,3437.0
17,all,R17,IF (PointsAjust IS Medium) AND (TeamExp IS High) AND (Length IS High),High,0.0,0.05,4345.00582326245,217.25029116312248,5805.957478610633,0.4150943396226415,1.0,0.3939393939393939,3437.0
17,all,R18,IF (PointsAjust IS High) AND (TeamExp IS Medium) AND (Length IS Medium),Very_High,0.0,0.05,3235.6542665604156,161.7827133280208,5805.957478610633,0.4150943396226415,1.0,0.3939393939393939,3437.0
17,all,R19,IF (PointsAjust IS Medium) AND (TeamExp IS Low) AND (Length IS High),Very_High,0.0,0.05,3235.6542665604156,161.7827133280208,5805.957478610633,0.4150943396226415,1.0,0.3939393939393939,3437.0
17,all,R20,IF (PointsAjust IS High) AND (TeamExp IS Low) AND (Length IS High),Very_High,0.0,0.05,3235.6542665604156,161.7827133280208,5805.957478610633,0.4150943396226415,1.0,0.3939393939393939,3437.0
18,all,R1,IF (PointsAjust IS Low) AND (TeamExp IS High) AND (Length IS Low),Very_Low,0.0,0.05,6607.195062926968,330.3597531463484,5532.850218122075,0.4371069182389937,0.8,0.3939393939393939,4494.0
18,all,R2,IF (PointsAjust IS Low) AND (TeamExp IS Medium) AND (Length IS Low),Low,0.0,0.05,6865.779537140748,343.2889768570374,5532.850218122075,0.4371069182389937,0.8,0.3939393939393939,4494.0
18,all,R3,IF (PointsAjust IS Low) AND (TeamExp IS High) AND (Length IS Medium),Low,0.0,0.05,6865.779537140748,343.2889768570374,5532.850218122075,0.4371069182389937,0.8,0.3939393939393939,4494.0
18,all,R4,IF (PointsAjust IS Medium) AND (TeamExp IS High) AND (Length IS Low),Low,0.0,0.05,6865.779537140748,343.2889768570374,5532.850218122075,0.4371069182389937,0.8,0.3939393939393939,4494.0
18,all,R5,IF (PointsAjust IS Low) AND (TeamExp IS Low) AND (Length IS Low),Medium,0.0,0.05,7586.07552589261,379.30377629463055,5532.850218122075,0.4371069182389937,0.8,0.3939393939393939,4494.0
18,all,R6,IF (PointsAjust IS Medium) AND (TeamExp IS Medium) AND (Length IS Low),Medium,0.0,0.05,7586.07552589261,379.30377629463055,5532.850218122075,0.4371069182389937,0.8,0.3939393939393939,4494.0
18,all,R7,IF (PointsAjust IS Low) AND (TeamExp IS Medium) AND (Length IS Medium),Medium,0.0,0.05,7586.07552589261,379.30377629463055,5532.850218122075,0.4371069182389937,0.8,0.3939393939393939,4494.0
18,all,R8,IF (PointsAjust IS Medium) AND (TeamExp IS High) AND (Length IS Medium),Medium,0.0,0.05,7586.07552589261,379.30377629463055,5532.850218122075,0.4371069182389937,0.8,0.3939393939393939,4494.0
18,all,R9,IF (PointsAjust IS Low) AND (TeamExp IS Low) AND (Length IS Medium),High,0.0,0.05,4078.5255633460456,203.92627816730229,5532.850218122075,0.4371069182389937,0.8,0.3939393939393939,4494.0
18,all,R10,IF (PointsAjust IS Medium) AND (TeamExp IS Low) AND (Length IS Low),High,0.0,0.05,4078.5255633460456,203.92627816730229,5532.850218122075,0.4371069182389937,0.8,0.3939393939393939,4494.0
18,all,R11,IF (PointsAjust IS Medium) AND (TeamExp IS Medium) AND (Length IS Medium),Medium,0.0,0.05,7586.07552589261,379.30377629463055,5532.850218122075,0.4371069182389937,0.8,0.3939393939393939,4494.0
18,all,R12,IF (PointsAjust IS High) AND (TeamExp IS High) AND (Length IS Low),Medium,0.0,0.05,7586.07552589261,379.30377629463055,5532.850218122075,0.4371069182389937,0.8,0.3939393939393939,4494.0
18,all,R13,IF (PointsAjust IS High) AND (TeamExp IS Medium) AND (Length IS Low),High,0.0,0.05,4078.5255633460456,203.92627816730229,5532.850218122075,0.4371069182389937,0.8,0.3939393939393939,4494.0
18,all,R14,IF (PointsAjust IS High) AND (TeamExp IS High) AND (Length IS Medium),High,0.0,0.05,4078.5255633460456,203.92627816730229,5532.850218122075,0.4371069182389937,0.8,0.3939393939393939,4494.0
18,all,R15,IF (PointsAjust IS Medium) AND (TeamExp IS Low) AND (Length IS Medium),High,0.0,0.05,4078.5255633460456,203.92627816730229,5532.850218122075,0.4371069182389937,0.8,0.3939393939393939,4494.0
18,all,R16,IF (PointsAjust IS Low) AND (TeamExp IS Low) AND (Length IS High),High,0.0,0.05,4078.5255633460456,203.92627816730229,5532.850218122075,0.4371069182389937,0.8,0.3939393939393939,4494.0
18,all,R17,IF (PointsAjust IS Medium) AND (TeamExp IS High) AND (Length IS High),High,0.0,0.05,4078.5255633460456,203.92627816730229,5532.850218122075,0.4371069182389937,0.8,0.3939393939393939,4494.0
18,all,R18,IF (PointsAjust IS High) AND (TeamExp IS Medium) AND (Length IS Medium),Very_High,0.0,0.05,3128.779529771431,156.43897648857157,5532.850218122075,0.4371069182389937,0.8,0.3939393939393939,4494.0
18,all,R19,IF (PointsAjust IS Medium) AND (TeamExp IS Low) AND (Length IS High),Very_High,0.0,0.05,3128.779529771431,156.43897648857157,5532.850218122075,0.4371069182389937,0.8,0.3939393939393939,4494.0
18,all,R20,IF (PointsAjust IS High) AND (TeamExp IS Low) AND (Length IS High),Very_High,0.0,0.05,3128.779529771431,156.43897648857157,5532.850218122075,0.4371069182389937,0.8,0.3939393939393939,4494.0
19,all,R1,IF (PointsAjust IS Low) AND (TeamExp IS High) AND (Length IS Low),Very_Low,1.0,1.0,1090.7985319228246,1090.7985319228246,1090.7985319228248,0.0377358490566037,1.0,0.1212121212121212,840.0
19,all,R2,IF (PointsAjust IS Low) AND (TeamExp IS Medium) AND (Length IS Low),Low,0.0,0.0,1978.7334800675767,0.0,1090.7985319228248,0.0377358490566037,1.0,0.1212121212121212,840.0
19,all,R3,IF (PointsAjust IS Low) AND (TeamExp IS High) AND (Length IS Medium),Low,0.0,0.0,1978.7334800675767,0.0,1090.7985319228248,0.0377358490566037,1.0,0.1212121212121212,840.0
19,all,R4,IF (PointsAjust IS Medium) AND (TeamExp IS High) AND (Length IS Low),Low,0.0,0.0,1978.7334800675767,0.0,1090.7985319228248,0.0377358490566037,1.0,0.1212121212121212,840.0
19,all,R5,IF (PointsAjust IS Low) AND (TeamExp IS Low) AND (Length IS Low),Medium,0.0,0.0,3433.477116860272,0.0,1090.7985319228248,0.0377358490566037,1.0,0.1212121212121212,840.0
19,all,R6,IF (PointsAjust IS Medium) AND (TeamExp IS Medium) AND (Length IS Low),Medium,0.0,0.0,3433.477116860272,0.0,1090.7985319228248,0.0377358490566037,1.0,0.1212121212121212,840.0
19,all,R7,IF (PointsAjust IS Low) AND (TeamExp IS Medium) AND (Length IS Medium),Medium,0.0,0.0,3433.477116860272,0.0,1090.7985319228248,0.0377358490566037,1.0,0.1212121212121212,840.0
19,all,R8,IF (PointsAjust IS Medium) AND (TeamExp IS High) AND (Length IS Medium),Medium,0.0,0.0,3433.477116860272,0.0,1090.7985319228248,0.0377358490566037,1.0,0.1212121212121212,840.0
19,all,R9,IF (PointsAjust IS Low) AND (TeamExp IS Low) AND (Length IS Medium),High,0.0,0.0,4074.345241952769,0.0,1090.7985319228248,0.0377358490566037,1.0,0.1212121212121212,840.0
19,all,R10,IF (PointsAjust IS Medium) AND (TeamExp IS Low) AND (Length IS Low),High,0.0,0.0,4074.345241952769,0.0,1090.7985319228248,0.0377358490566037,1.0,0.1212121212121212,840.0
19,all,R11,IF (PointsAjust IS Medium) AND (TeamExp IS Medium) AND (Length IS Medium),Medium,0.0,0.0,3433.477116860272,0.0,1090.7985319228248,0.0377358490566037,1.0,0.1212121212121212,840.0
19,all,R12,IF (PointsAjust IS High) AND (TeamExp IS High) AND (Length IS Low),Medium,0.0,0.0,3433.477116860272,0.0,1090.7985319228248,0.0377358490566037,1.0,0.1212121212121212,840.0
19,all,R13,IF (PointsAjust IS High) AND (TeamExp IS Medium) AND (Length IS Low),High,0.0,0.0,4074.345241952769,0.0,1090.7985319228248,0.0377358490566037,1.0,0.1212121212121212,840.0
19,all,R14,IF (PointsAjust IS High) AND (TeamExp IS High) AND (Length IS Medium),High,0.0,0.0,4074.345241952769,0.0,1090.7985319228248,0.0377358490566037,1.0,0.1212121212121212,840.0
19,all,R15,IF (PointsAjust IS Medium) AND (TeamExp IS Low) AND (Length IS Medium),High,0.0,0.0,4074.345241952769,0.0,1090.7985319228248,0.0377358490566037,1.0,0.1212121212121212,840.0
19,all,R16,IF (PointsAjust IS Low) AND (TeamExp IS Low) AND (Length IS High),High,0.0,0.0,4074.345241952769,0.0,1090.7985319228248,0.0377358490566037,1.0,0.1212121212121212,840.0
19,all,R17,IF (PointsAjust IS Medium) AND (TeamExp IS High) AND (Length IS High),High,0.0,0.0,4074.345241952769,0.0,1090.7985319228248,0.0377358490566037,1.0,0.1212121212121212,840.0
19,all,R18,IF (PointsAjust IS High) AND (TeamExp IS Medium) AND (Length IS Medium),Very_High,0.0,0.0,9164.217047374472,0.0,1090.7985319228248,0.0377358490566037,1.0,0.1212121212121212,840.0
19,all,R19,IF (PointsAjust IS Medium) AND (TeamExp IS Low) AND (Length IS High),Very_High,0.0,0.0,9164.217047374472,0.0,1090.7985319228248,0.0377358490566037,1.0,0.1212121212121212,840.0
19,all,R20,IF (PointsAjust IS High) AND (TeamExp IS Low) AND (Length IS High),Very_High,0.0,0.0,9164.217047374472,0.0,1090.7985319228248,0.0377358490566037,1.0,0.1212121212121212,840.0
20,all,R1,IF (PointsAjust IS Low) AND (TeamExp IS High) AND (Length IS Low),Very_Low,0.0,0.05,6114.435308715927,305.7217654357964,4844.327437852378,0.3034591194968553,0.6,0.5151515151515151,5180.0
20,all,R2,IF (PointsAjust IS Low) AND (TeamExp IS Medium) AND (Length IS Low),Low,0.0,0.05,5688.987008721204,284.44935043606023,4844.327437852378,0.3034591194968553,0.6,0.5151515151515151,5180.0
20,all,R3,IF (PointsAjust IS Low) AND (TeamExp IS High) AND (Length IS Medium),Low,0.0,0.05,5688.987008721204,284.44935043606023,4844.327437852378,0.3034591194968553,0.6,0.5151515151515151,5180.0
20,all,R4,IF (PointsAjust IS Medium) AND (TeamExp IS High) AND (Length IS Low),Low,0.0,0.05,5688.987008721204,284.44935043606023,4844.327437852378,0.3034591194968553,0.6,0.5151515151515151,5180.0
20,all,R5,IF (PointsAjust IS Low) AND (TeamExp IS Low) AND (Length IS Low),Medium,0.0,0.05,6668.910195505413,333.4455097752707,4844.327437852378,0.3034591194968553,0.6,0.5151515151515151,5180.0
20,all,R6,IF (PointsAjust IS Medium) AND (TeamExp IS Medium) AND (Length IS Low),Medium,0.0,0.05,6668.910195505413,333.4455097752707,4844.327437852378,0.3034591194968553,0.6,0.5151515151515151,5180.0
20,all,R7,IF (PointsAjust IS Low) AND (TeamExp IS Medium) AND (Length IS Medium),Medium,0.0,0.05,6668.910195505413,333.4455097752707,4844.327437852378,0.3034591194968553,0.6,0.5151515151515151,5180.0
20,all,R8,IF (PointsAjust IS Medium) AND (TeamExp IS High) AND (Length IS Medium),Medium,0.0,0.05,6668.910195505413,333.4455097752707,4844.327437852378,0.3034591194968553,0.6,0.5151515151515151,5180.0
20,all,R9,IF (PointsAjust IS Low) AND (TeamExp IS Low) AND (Length IS Medium),High,0.0,0.05,3156.897336065884,157.8448668032942,4844.327437852378,0.3034591194968553,0.6,0.5151515151515151,5180.0
20,all,R10,IF (PointsAjust IS Medium) AND (TeamExp IS Low) AND (Length IS Low),High,0.0,0.05,3156.897336065884,157.8448668032942,4844.327437852378,0.3034591194968553,0.6,0.5151515151515151,5180.0
20,all,R11,IF (PointsAjust IS Medium) AND (TeamExp IS Medium) AND (Length IS Medium),Medium,0.0,0.05,6668.910195505413,333.4455097752707,4844.327437852378,0.3034591194968553,0.6,0.5151515151515151,5180.0
20,all,R12,IF (PointsAjust IS High) AND (TeamExp IS High) AND (Length IS Low),Medium,0.0,0.05,6668.910195505413,333.4455097752707,4844.327437852378,0.3034591194968553,0.6,0.5151515151515151,5180.0
20,all,R13,IF (PointsAjust IS High) AND (TeamExp IS Medium) AND (Length IS Low),High,0.0,0.05,3156.897336065884,157.8448668032942,4844.327437852378,0.3034591194968553,0.6,0.5151515151515151,5180.0
20,all,R14,IF (PointsAjust IS High) AND (TeamExp IS High) AND (Length IS Medium),High,0.0,0.05,3156.897336065884,157.8448668032942,4844.327437852378,0.3034591194968553,0.6,0.5151515151515151,5180.0
20,all,R15,IF (PointsAjust IS Medium) AND (TeamExp IS Low) AND (Length IS Medium),High,0.0,0.05,3156.897336065884,157.8448668032942,4844.327437852378,0.3034591194968553,0.6,0.5151515151515151,5180.0
20,all,R16,IF (PointsAjust IS Low) AND (TeamExp IS Low) AND (Length IS High),High,0.0,0.05,3156.897336065884,157.8448668032942,4844.327437852378,0.3034591194968553,0.6,0.5151515151515151,5180.0
20,all,R17,IF (PointsAjust IS Medium) AND (TeamExp IS High) AND (Length IS High),High,0.0,0.05,3156.897336065884,157.8448668032942,4844.327437852378,0.3034591194968553,0.6,0.5151515151515151,5180.0
20,all,R18,IF (PointsAjust IS High) AND (TeamExp IS Medium) AND (Length IS Medium),Very_High,0.0,0.05,3864.469965558117,193.22349827790586,4844.327437852378,0.3034591194968553,0.6,0.5151515151515151,5180.0
20,all,R19,IF (PointsAjust IS Medium) AND (TeamExp IS Low) AND (Length IS High),Very_High,0.0,0.05,3864.469965558117,193.22349827790586,4844.327437852378,0.3034591194968553,0.6,0.5151515151515151,5180.0
20,all,R20,IF (PointsAjust IS High) AND (TeamExp IS Low) AND (Length IS High),Very_High,0.0,0.05,3864.469965558117,193.22349827790586,4844.327437852378,0.3034591194968553,0.6,0.5151515151515151,5180.0
21,all,R1,IF (PointsAjust IS Low) AND (TeamExp IS High) AND (Length IS Low),Very_Low,0.0,0.0,8790.558518568852,0.0,4796.921379328859,0.6053459119496856,0.6,0.1212121212121212,5775.0
21,all,R2,IF (PointsAjust IS Low) AND (TeamExp IS Medium) AND (Length IS Low),Low,0.0,0.0,6468.651514162468,0.0,4796.921379328859,0.6053459119496856,0.6,0.1212121212121212,5775.0
21,all,R3,IF (PointsAjust IS Low) AND (TeamExp IS High) AND (Length IS Medium),Low,0.0,0.0,6468.651514162468,0.0,4796.921379328859,0.6053459119496856,0.6,0.1212121212121212,5775.0
21,all,R4,IF (PointsAjust IS Medium) AND (TeamExp IS High) AND (Length IS Low),Low,0.0,0.0,6468.651514162468,0.0,4796.921379328859,0.6053459119496856,0.6,0.1212121212121212,5775.0
21,all,R5,IF (PointsAjust IS Low) AND (TeamExp IS Low) AND (Length IS Low),Medium,0.0,0.0,6300.930330271737,0.0,4796.921379328859,0.6053459119496856,0.6,0.1212121212121212,5775.0
21,all,R6,IF (PointsAjust IS Medium) AND (TeamExp IS Medium) AND (Length IS Low),Medium,0.0,0.0,6300.930330271737,0.0,4796.921379328859,0.6053459119496856,0.6,0.1212121212121212,5775.0
21,all,R7,IF (PointsAjust IS Low) AND (TeamExp IS Medium) AND (Length IS Medium),Medium,0.0,0.0,6300.930330271737,0.0,4796.921379328859,0.6053459119496856,0.6,0.1212121212121212,5775.0
21,all,R8,IF (PointsAjust IS Medium) AND (TeamExp IS High) AND (Length IS Medium),Medium,0.0,0.0,6300.930330271737,0.0,4796.921379328859,0.6053459119496856,0.6,0.1212121212121212,5775.0
21,all,R9,IF (PointsAjust IS Low) AND (TeamExp IS Low) AND (Length IS Medium),High,0.0,0.0,4796.921379328858,0.0,4796.921379328859,0.6053459119496856,0.6,0.1212121212121212,5775.0
21,all,R10,IF (PointsAjust IS Medium) AND (TeamExp IS Low) AND (Length IS Low),High,0.0,0.0,4796.921379328858,0.0,4796.921379328859,0.6053459119496856,0.6,0.1212121212121212,5775.0
21,all,R11,IF (PointsAjust IS Medium) AND (TeamExp IS Medium) AND (Length IS Medium),Medium,0.0,0.0,6300.930330271737,0.0,4796.921379328859,0.6053459119496856,0.6,0.1212121212121212,5775.0
21,all,R12,IF (PointsAjust IS High) AND (TeamExp IS High) AND (Length IS Low),Medium,0.0,0.0,6300.930330271737,0.0,4796.921379328859,0.6053459119496856,0.6,0.1212121212121212,5775.0
21,all,R13,IF (PointsAjust IS High) AND (TeamExp IS Medium) AND (Length IS Low),High,1.0,1.0,4796.921379328858,4796.921379328858,4796.921379328859,0.6053459119496856,0.6,0.1212121212121212,5775.0
21,all,R14,IF (PointsAjust IS High) AND (TeamExp IS High) AND (Length IS Medium),High,0.0,0.0,4796.921379328858,0.0,4796.921379328859,0.6053459119496856,0.6,0.1212121212121212,5775.0
21,all,R15,IF (PointsAjust IS Medium) AND (TeamExp IS Low) AND (Length IS Medium),High,0.0,0.0,4796.921379328858,0.0,4796.921379328859,0.6053459119496856,0.6,0.1212121212121212,5775.0
21,all,R16,IF (PointsAjust IS Low) AND (TeamExp IS Low) AND (Length IS High),High,0.0,0.0,4796.921379328858,0.0,4796.921379328859,0.6053459119496856,0.6,0.1212121212121212,5775.0
21,all,R17,IF (PointsAjust IS Medium) AND (TeamExp IS High) AND (Length IS High),High,0.0,0.0,4796.921379328858,0.0,4796.921379328859,0.6053459119496856,0.6,0.1212121212121212,5775.0
21,all,R18,IF (PointsAjust IS High) AND (TeamExp IS Medium) AND (Length IS Medium),Very_High,0.0,0.0,3319.9902932705145,0.0,4796.921379328859,0.6053459119496856,0.6,0.1212121212121212,5775.0
21,all,R19,IF (PointsAjust IS Medium) AND (TeamExp IS Low) AND (Length IS High),Very_High,0.0,0.0,3319.9902932705145,0.0,4796.921379328859,0.6053459119496856,0.6,0.1212121212121212,5775.0
21,all,R20,IF (PointsAjust IS High) AND (TeamExp IS Low) AND (Length IS High),Very_High,0.0,0.0,3319.9902932705145,0.0,4796.921379328859,0.6053459119496856,0.6,0.1212121212121212,5775.0
22,all,R1,IF (PointsAjust IS Low) AND (TeamExp IS High) AND (Length IS Low),Very_Low,0.0,0.05,7081.980576223907,354.09902881119535,6396.473972088124,0.5267295597484277,1.0,0.5757575757575758,10577.0
22,all,R2,IF (PointsAjust IS Low) AND (TeamExp IS Medium) AND (Length IS Low),Low,0.0,0.05,9287.796051924928,464.38980259624645,6396.473972088124,0.5267295597484277,1.0,0.5757575757575758,10577.0
22,all,R3,IF (PointsAjust IS Low) AND (TeamExp IS High) AND (Length IS Medium),Low,0.0,0.05,9287.796051924928,464.38980259624645,6396.473972088124,0.5267295597484277,1.0,0.5757575757575758,10577.0
22,all,R4,IF (PointsAjust IS Medium) AND (TeamExp IS High) AND (Length IS Low),Low,0.0,0.05,9287.796051924928,464.38980259624645,6396.473972088124,0.5267295597484277,1.0,0.5757575757575758,10577.0
22,all,R5,IF (PointsAjust IS Low) AND (TeamExp IS Low) AND (Length IS Low),Medium,0.0,0.05,10215.09502114131,510.7547510570655,6396.473972088124,0.5267295597484277,1.0,0.5757575757575758,10577.0
22,all,R6,IF (PointsAjust IS Medium) AND (TeamExp IS Medium) AND (Length IS Low),Medium,0.0,0.05,10215.09502114131,510.7547510570655,6396.473972088124,0.5267295597484277,1.0,0.5757575757575758,10577.0
22,all,R7,IF (PointsAjust IS Low) AND (TeamExp IS Medium) AND (Length IS Medium),Medium,0.0,0.05,10215.09502114131,510.7547510570655,6396.473972088124,0.5267295597484277,1.0,0.5757575757575758,10577.0
22,all,R8,IF (PointsAjust IS Medium) AND (TeamExp IS High) AND (Length IS Medium),Medium,0.0,0.05,10215.09502114131,510.7547510570655,6396.473972088124,0.5267295597484277,1.0,0.5757575757575758,10577.0
22,all,R9,IF (PointsAjust IS Low) AND (TeamExp IS Low) AND (Length IS Medium),High,0.0,0.05,4189.882359476135,209.49411797380677,6396.473972088124,0.5267295597484277,1.0,0.5757575757575758,10577.0
22,all,R10,IF (PointsAjust IS Medium) AND (TeamExp IS Low) AND (Length IS Low),High,0.0,0.05,4189.882359476135,209.49411797380677,6396.473972088124,0.5267295597484277,1.0,0.5757575757575758,10577.0
22,all,R11,IF (PointsAjust IS Medium) AND (TeamExp IS Medium) AND (Length IS Medium),Medium,0.0,0.05,10215.09502114131,510.7547510570655,6396.473972088124,0.5267295597484277,1.0,0.5757575757575758,10577.0
22,all,R12,IF (PointsAjust IS High) AND (TeamExp IS High) AND (Length IS Low),Medium,0.0,0.05,10215.09502114131,510.7547510570655,6396.473972088124,0.5267295597484277,1.0,0.5757575757575758,10577.0
22,all,R13,IF (PointsAjust IS High) AND (TeamExp IS Medium) AND (Length IS Low),High,0.0,0.05,4189.882359476135,209.49411797380677,6396.473972088124,0.5267295597484277,1.0,0.5757575757575758,10577.0
22,all,R14,IF (PointsAjust IS High) AND (TeamExp IS High) AND (Length IS Medium),High,0.0,0.05,4189.882359476135,209.49411797380677,6396.473972088124,0.5267295597484277,1.0,0.5757575757575758,10577.0
22,all,R15,IF (PointsAjust IS Medium) AND (TeamExp IS Low) AND (Length IS Medium),High,0.0,0.05,4189.882359476135,209.49411797380677,6396.473972088124,0.5267295597484277,1.0,0.5757575757575758,10577.0
22,all,R16,IF (PointsAjust IS Low) AND (TeamExp IS Low) AND (Length IS High),High,0.0,0.05,4189.882359476135,209.49411797380677,6396.473972088124,0.5267295597484277,1.0,0.5757575757575758,10577.0
22,all,R17,IF (PointsAjust IS Medium) AND (TeamExp IS High) AND (Length IS High),High,0.0,0.05,4189.882359476135,209.49411797380677,6396.473972088124,0.5267295597484277,1.0,0.5757575757575758,10577.0
22,all,R18,IF (PointsAjust IS High) AND (TeamExp IS Medium) AND (Length IS Medium),Very_High,0.0,0.05,788.1213555276609,39.40606777638305,6396.473972088124,0.5267295597484277,1.0,0.5757575757575758,10577.0
22,all,R19,IF (PointsAjust IS Medium) AND (TeamExp IS Low) AND (Length IS High),Very_High,0.0,0.05,788.1213555276609,39.40606777638305,6396.473972088124,0.5267295597484277,1.0,0.5757575757575758,10577.0
22,all,R20,IF (PointsAjust IS High) AND (TeamExp IS Low) AND (Length IS High),Very_High,0.0,0.05,788.1213555276609,39.40606777638305,6396.473972088124,0.5267295597484277,1.0,0.5757575757575758,10577.0
23,all,R1,IF (PointsAjust IS Low) AND (TeamExp IS High) AND (Length IS Low),Very_Low,0.0,0.0,6905.023580562567,0.0,3647.9031823718497,0.3474842767295597,0.4,0.2121212121212121,3983.0
23,all,R2,IF (PointsAjust IS Low) AND (TeamExp IS Medium) AND (Length IS Low),Low,0.0,0.0,3906.451784695723,0.0,3647.9031823718497,0.3474842767295597,0.4,0.2121212121212121,3983.0
23,all,R3,IF (PointsAjust IS Low) AND (TeamExp IS High) AND (Length IS Medium),Low,0.0,0.0,3906.451784695723,0.0,3647.9031823718497,0.3474842767295597,0.4,0.2121212121212121,3983.0
23,all,R4,IF (PointsAjust IS Medium) AND (TeamExp IS High) AND (Length IS Low),Low,0.0,0.0,3906.451784695723,0.0,3647.9031823718497,0.3474842767295597,0.4,0.2121212121212121,3983.0
23,all,R5,IF (PointsAjust IS Low) AND (TeamExp IS Low) AND (Length IS Low),Medium,0.0,0.0,4236.115451552264,0.0,3647.9031823718497,0.3474842767295597,0.4,0.2121212121212121,3983.0
23,all,R6,IF (PointsAjust IS Medium) AND (TeamExp IS Medium) AND (Length IS Low),Medium,0.0,0.0,4236.115451552264,0.0,3647.9031823718497,0.3474842767295597,0.4,0.2121212121212121,3983.0
23,all,R7,IF (PointsAjust IS Low) AND (TeamExp IS Medium) AND (Length IS Medium),Medium,0.0,0.0,4236.115451552264,0.0,3647.9031823718497,0.3474842767295597,0.4,0.2121212121212121,3983.0
23,all,R8,IF (PointsAjust IS Medium) AND (TeamExp IS High) AND (Length IS Medium),Medium,0.0,0.0,4236.115451552264,0.0,3647.9031823718497,0.3474842767295597,0.4,0.2121212121212121,3983.0
23,all,R9,IF (PointsAjust IS Low) AND (TeamExp IS Low) AND (Length IS Medium),High,0.0,0.0,3647.9031823718497,0.0,3647.9031823718497,0.3474842767295597,0.4,0.2121212121212121,3983.0
23,all,R10,IF (PointsAjust IS Medium) AND (TeamExp IS Low) AND (Length IS Low),High,0.18233618233618246,0.2727272727272727,3647.9031823718497,994.8826861014135,3647.9031823718497,0.3474842767295597,0.4,0.2121212121212121,3983.0
23,all,R11,IF (PointsAjust IS Medium) AND (TeamExp IS Medium) AND (Length IS Medium),Medium,0.0,0.0,4236.115451552264,0.0,3647.9031823718497,0.3474842767295597,0.4,0.2121212121212121,3983.0
23,all,R12,IF (PointsAjust IS High) AND (TeamExp IS High) AND (Length IS Low),Medium,0.0,0.0,4236.115451552264,0.0,3647.9031823718497,0.3474842767295597,0.4,0.2121212121212121,3983.0
23,all,R13,IF (PointsAjust IS High) AND (TeamExp IS Medium) AND (Length IS Low),High,0.0,0.0,3647.9031823718497,0.0,3647.9031823718497,0.3474842767295597,0.4,0.2121212121212121,3983.0
23,all,R14,IF (PointsAjust IS High) AND (TeamExp IS High) AND (Length IS Medium),High,0.0,0.0,3647.9031823718497,0.0,3647.9031823718497,0.3474842767295597,0.4,0.2121212121212121,3983.0
23,all,R15,IF (PointsAjust IS Medium) AND (TeamExp IS Low) AND (Length IS Medium),High,0.48622981956315325,0.7272727272727273,3647.9031823718497,2653.020496270436,3647.9031823718497,0.3474842767295597,0.4,0.2121212121212121,3983.0
23,all,R16,IF (PointsAjust IS Low) AND (TeamExp IS Low) AND (Length IS High),High,0.0,0.0,3647.9031823718497,0.0,3647.9031823718497,0.3474842767295597,0.4,0.2121212121212121,3983.0
23,all,R17,IF (PointsAjust IS Medium) AND (TeamExp IS High) AND (Length IS High),High,0.0,0.0,3647.9031823718497,0.0,3647.9031823718497,0.3474842767295597,0.4,0.2121212121212121,3983.0
23,all,R18,IF (PointsAjust IS High) AND (TeamExp IS Medium) AND (Length IS Medium),Very_High,0.0,0.0,5599.279729770854,0.0,3647.9031823718497,0.3474842767295597,0.4,0.2121212121212121,3983.0
23,all,R19,IF (PointsAjust IS Medium) AND (TeamExp IS Low) AND (Length IS High),Very_High,0.0,0.0,5599.279729770854,0.0,3647.9031823718497,0.3474842767295597,0.4,0.2121212121212121,3983.0
23,all,R20,IF (PointsAjust IS High) AND (TeamExp IS Low) AND (Length IS High),Very_High,0.0,0.0,5599.279729770854,0.0,3647.9031823718497,0.3474842767295597,0.4,0.2121212121212121,3983.0
24,all,R1,IF (PointsAjust IS Low) AND (TeamExp IS High) AND (Length IS Low),Very_Low,0.0,0.0,5323.124085336735,0.0,4284.679737630791,0.389937106918239,1.0,0.3939393939393939,3164.0
24,all,R2,IF (PointsAjust IS Low) AND (TeamExp IS Medium) AND (Length IS Low),Low,0.0,0.0,6940.663585653401,0.0,4284.679737630791,0.389937106918239,1.0,0.3939393939393939,3164.0
24,all,R3,IF (PointsAjust IS Low) AND (TeamExp IS High) AND (Length IS Medium),Low,0.0,0.0,6940.663585653401,0.0,4284.679737630791,0.389937106918239,1.0,0.3939393939393939,3164.0
24,all,R4,IF (PointsAjust IS Medium) AND (TeamExp IS High) AND (Length IS Low),Low,0.0,0.0,6940.663585653401,0.0,4284.679737630791,0.389937106918239,1.0,0.3939393939393939,3164.0
24,all,R5,IF (PointsAjust IS Low) AND (TeamExp IS Low) AND (Length IS Low),Medium,0.0,0.0,7948.899675211841,0.0,4284.679737630791,0.389937106918239,1.0,0.3939393939393939,3164.0
24,all,R6,IF (PointsAjust IS Medium) AND (TeamExp IS Medium) AND (Length IS Low),Medium,0.0,0.0,7948.899675211841,0.0,4284.679737630791,0.389937106918239,1.0,0.3939393939393939,3164.0
24,all,R7,IF (PointsAjust IS Low) AND (TeamExp IS Medium) AND (Length IS Medium),Medium,0.0,0.0,7948.899675211841,0.0,4284.679737630791,0.389937106918239,1.0,0.3939393939393939,3164.0
24,all,R8,IF (PointsAjust IS Medium) AND (TeamExp IS High) AND (Length IS Medium),Medium,0.0,0.0,7948.899675211841,0.0,4284.679737630791,0.389937106918239,1.0,0.3939393939393939,3164.0
24,all,R9,IF (PointsAjust IS Low) AND (TeamExp IS Low) AND (Length IS Medium),High,0.0,0.0,4284.679737630791,0.0,4284.679737630791,0.389937106918239,1.0,0.3939393939393939,3164.0
24,all,R10,IF (PointsAjust IS Medium) AND (TeamExp IS Low) AND (Length IS Low),High,0.0,0.0,4284.679737630791,0.0,4284.679737630791,0.389937106918239,1.0,0.3939393939393939,3164.0
24,all,R11,IF (PointsAjust IS Medium) AND (TeamExp IS Medium) AND (Length IS Medium),Medium,0.0,0.0,7948.899675211841,0.0,4284.679737630791,0.389937106918239,1.0,0.3939393939393939,3164.0
24,all,R12,IF (PointsAjust IS High) AND (TeamExp IS High) AND (Length IS Low),Medium,0.0,0.0,7948.899675211841,0.0,4284.679737630791,0.389937106918239,1.0,0.3939393939393939,3164.0
24,all,R13,IF (PointsAjust IS High) AND (TeamExp IS Medium) AND (Length IS Low),High,0.0,0.0,4284.679737630791,0.0,4284.679737630791,0.389937106918239,1.0,0.3939393939393939,3164.0
24,all,R14,IF (PointsAjust IS High) AND (TeamExp IS High) AND (Length IS Medium),High,0.0,0.0,4284.679737630791,0.0,4284.679737630791,0.389937106918239,1.0,0.3939393939393939,3164.0
24,all,R15,IF (PointsAjust IS Medium) AND (TeamExp IS Low) AND (Length IS Medium),High,0.0,0.0,4284.679737630791,0.0,4284.679737630791,0.389937106918239,1.0,0.3939393939393939,3164.0
24,all,R16,IF (PointsAjust IS Low) AND (TeamExp IS Low) AND (Length IS High),High,0.0,0.0,4284.679737630791,0.0,4284.679737630791,0.389937106918239,1.0,0.3939393939393939,3164.0
24,all,R17,IF (PointsAjust IS Medium) AND (TeamExp IS High) AND (Length IS High),High,0.08547008547008544,1.0,4284.679737630791,4284.679737630791,4284.679737630791,0.389937106918239,1.0,0.3939393939393939,3164.0
24,all,R18,IF (PointsAjust IS High) AND (TeamExp IS Medium) AND (Length IS Medium),Very_High,0.0,0.0,3506.1877094685715,0.0,4284.679737630791,0.389937106918239,1.0,0.3939393939393939,3164.0
24,all,R19,IF (PointsAjust IS Medium) AND (TeamExp IS Low) AND (Length IS High),Very_High,0.0,0.0,3506.1877094685715,0.0,4284.679737630791,0.389937106918239,1.0,0.3939393939393939,3164.0
24,all,R20,IF (PointsAjust IS High) AND (TeamExp IS Low) AND (Length IS High),Very_High,0.0,0.0,3506.1877094685715,0.0,4284.679737630791,0.389937106918239,1.0,0.3939393939393939,3164.0
25,all,R1,IF (PointsAjust IS Low) AND (TeamExp IS High) AND (Length IS Low),Very_Low,0.0,0.0,6534.940816205855,0.0,4251.706463009452,0.3930817610062893,0.6,0.1515151515151515,3542.0
25,all,R2,IF (PointsAjust IS Low) AND (TeamExp IS Medium) AND (Length IS Low),Low,0.0,0.0,4555.41143261923,0.0,4251.706463009452,0.3930817610062893,0.6,0.1515151515151515,3542.0
25,all,R3,IF (PointsAjust IS Low) AND (TeamExp IS High) AND (Length IS Medium),Low,0.0,0.0,4555.41143261923,0.0,4251.706463009452,0.3930817610062893,0.6,0.1515151515151515,3542.0
25,all,R4,IF (PointsAjust IS Medium) AND (TeamExp IS High) AND (Length IS Low),Low,0.0,0.0,4555.41143261923,0.0,4251.706463009452,0.3930817610062893,0.6,0.1515151515151515,3542.0
25,all,R5,IF (PointsAjust IS Low) AND (TeamExp IS Low) AND (Length IS Low),Medium,0.0,0.0,4894.016012894099,0.0,4251.706463009452,0.3930817610062893,0.6,0.1515151515151515,3542.0
25,all,R6,IF (PointsAjust IS Medium) AND (TeamExp IS Medium) AND (Length IS Low),Medium,0.05128205128205187,0.05063291139240564,4894.016012894099,247.79827913388124,4251.706463009452,0.3930817610062893,0.6,0.1515151515151515,3542.0
25,all,R7,IF (PointsAjust IS Low) AND (TeamExp IS Medium) AND (Length IS Medium),Medium,0.0,0.0,4894.016012894099,0.0,4251.706463009452,0.3930817610062893,0.6,0.1515151515151515,3542.0
25,all,R8,IF (PointsAjust IS Medium) AND (TeamExp IS High) AND (Length IS Medium),Medium,0.0,0.0,4894.016012894099,0.0,4251.706463009452,0.3930817610062893,0.6,0.1515151515151515,3542.0
25,all,R9,IF (PointsAjust IS Low) AND (TeamExp IS Low) AND (Length IS Medium),High,0.0,0.0,4217.4499536822705,0.0,4251.706463009452,0.3930817610062893,0.6,0.1515151515151515,3542.0
25,all,R10,IF (PointsAjust IS Medium) AND (TeamExp IS Low) AND (Length IS Low),High,0.0,0.0,4217.4499536822705,0.0,4251.706463009452,0.3930817610062893,0.6,0.1515151515151515,3542.0
25,all,R11,IF (PointsAjust IS Medium) AND (TeamExp IS Medium) AND (Length IS Medium),Medium,0.0,0.0,4894.016012894099,0.0,4251.706463009452,0.3930817610062893,0.6,0.1515151515151515,3542.0
25,all,R12,IF (PointsAjust IS High) AND (TeamExp IS High) AND (Length IS Low),Medium,0.0,0.0,4894.016012894099,0.0,4251.706463009452,0.3930817610062893,0.6,0.1515151515151515,3542.0
25,all,R13,IF (PointsAjust IS High) AND (TeamExp IS Medium) AND (Length IS Low),High,0.9615384615384611,0.9493670886075943,4217.4499536822705,4003.9081838755706,4251.706463009452,0.3930817610062893,0.6,0.1515151515151515,3542.0
25,all,R14,IF (PointsAjust IS High) AND (TeamExp IS High) AND (Length IS Medium),High,0.0,0.0,4217.4499536822705,0.0,4251.706463009452,0.3930817610062893,0.6,0.1515151515151515,3542.0
25,all,R15,IF (PointsAjust IS Medium) AND (TeamExp IS Low) AND (Length IS Medium),High,0.0,0.0,4217.4499536822705,0.0,4251.706463009452,0.3930817610062893,0.6,0.1515151515151515,3542.0
25,all,R16,IF (PointsAjust IS Low) AND (TeamExp IS Low) AND (Length IS High),High,0.0,0.0,4217.4499536822705,0.0,4251.706463009452,0.3930817610062893,0.6,0.1515151515151515,3542.0
25,all,R17,IF (PointsAjust IS Medium) AND (TeamExp IS High) AND (Length IS High),High,0.0,0.0,4217.4499536822705,0.0,4251.706463009452,0.3930817610062893,0.6,0.1515151515151515,3542.0
25,all,R18,IF (PointsAjust IS High) AND (TeamExp IS Medium) AND (Length IS Medium),Very_High,0.0,0.0,5394.776091453442,0.0,4251.706463009452,0.3930817610062893,0.6,0.1515151515151515,3542.0
25,all,R19,IF (PointsAjust IS Medium) AND (TeamExp IS Low) AND (Length IS High),Very_High,0.0,0.0,5394.776091453442,0.0,4251.706463009452,0.3930817610062893,0.6,0.1515151515151515,3542.0
25,all,R20,IF (PointsAjust IS High) AND (TeamExp IS Low) AND (Length IS High),Very_High,0.0,0.0,5394.776091453442,0.0,4251.706463009452,0.3930817610062893,0.6,0.1515151515151515,3542.0
26,all,R1,IF (PointsAjust IS Low) AND (TeamExp IS High) AND (Length IS Low),Very_Low,0.0,0.05,9181.528361104043,459.07641805520217,6367.74591627938,0.6745283018867925,0.8,0.3939393939393939,4277.0
26,all,R2,IF (PointsAjust IS Low) AND (TeamExp IS Medium) AND (Length IS Low),Low,0.0,0.05,9193.329722519982,459.66648612599914,6367.74591627938,0.6745283018867925,0.8,0.3939393939393939,4277.0
26,all,R3,IF (PointsAjust IS Low) AND (TeamExp IS High) AND (Length IS Medium),Low,0.0,0.05,9193.329722519982,459.66648612599914,6367.74591627938,0.6745283018867925,0.8,0.3939393939393939,4277.0
26,all,R4,IF (PointsAjust IS Medium) AND (TeamExp IS High) AND (Length IS Low),Low,0.0,0.05,9193.329722519982,459.66648612599914,6367.74591627938,0.6745283018867925,0.8,0.3939393939393939,4277.0
26,all,R5,IF (PointsAjust IS Low) AND (TeamExp IS Low) AND (Length IS Low),Medium,0.0,0.05,9388.594889080448,469.42974445402245,6367.74591627938,0.6745283018867925,0.8,0.3939393939393939,4277.0
26,all,R6,IF (PointsAjust IS Medium) AND (TeamExp IS Medium) AND (Length IS Low),Medium,0.0,0.05,9388.594889080448,469.42974445402245,6367.74591627938,0.6745283018867925,0.8,0.3939393939393939,4277.0
26,all,R7,IF (PointsAjust IS Low) AND (TeamExp IS Medium) AND (Length IS Medium),Medium,0.0,0.05,9388.594889080448,469.42974445402245,6367.74591627938,0.6745283018867925,0.8,0.3939393939393939,4277.0
26,all,R8,IF (PointsAjust IS Medium) AND (TeamExp IS High) AND (Length IS Medium),Medium,0.0,0.05,9388.594889080448,469.42974445402245,6367.74591627938,0.6745283018867925,0.8,0.3939393939393939,4277.0
26,all,R9,IF (PointsAjust IS Low) AND (TeamExp IS Low) AND (Length IS Medium),High,0.0,0.05,4647.852996494826,232.39264982474128,6367.74591627938,0.6745283018867925,0.8,0.3939393939393939,4277.0
26,all,R10,IF (PointsAjust IS Medium) AND (TeamExp IS Low) AND (Length IS Low),High,0.0,0.05,4647.852996494826,232.39264982474128,6367.74591627938,0.6745283018867925,0.8,0.3939393939393939,4277.0
26,all,R11,IF (PointsAjust IS Medium) AND (TeamExp IS Medium) AND (Length IS Medium),Medium,0.0,0.05,9388.594889080448,469.42974445402245,6367.74591627938,0.6745283018867925,0.8,0.3939393939393939,4277.0
26,all,R12,IF (PointsAjust IS High) AND (TeamExp IS High) AND (Length IS Low),Medium,0.0,0.05,9388.594889080448,469.42974445402245,6367.74591627938,0.6745283018867925,0.8,0.3939393939393939,4277.0
26,all,R13,IF (PointsAjust IS High) AND (TeamExp IS Medium) AND (Length IS Low),High,0.0,0.05,4647.852996494826,232.39264982474128,6367.74591627938,0.6745283018867925,0.8,0.3939393939393939,4277.0
26,all,R14,IF (PointsAjust IS High) AND (TeamExp IS High) AND (Length IS Medium),High,0.0,0.05,4647.852996494826,232.39264982474128,6367.74591627938,0.6745283018867925,0.8,0.3939393939393939,4277.0
26,all,R15,IF (PointsAjust IS Medium) AND (TeamExp IS Low) AND (Length IS Medium),High,0.0,0.05,4647.852996494826,232.39264982474128,6367.74591627938,0.6745283018867925,0.8,0.3939393939393939,4277.0
26,all,R16,IF (PointsAjust IS Low) AND (TeamExp IS Low) AND (Length IS High),High,0.0,0.05,4647.852996494826,232.39264982474128,6367.74591627938,0.6745283018867925,0.8,0.3939393939393939,4277.0
26,all,R17,IF (PointsAjust IS Medium) AND (TeamExp IS High) AND (Length IS High),High,0.0,0.05,4647.852996494826,232.39264982474128,6367.74591627938,0.6745283018867925,0.8,0.3939393939393939,4277.0
26,all,R18,IF (PointsAjust IS High) AND (TeamExp IS Medium) AND (Length IS Medium),Very_High,0.0,0.05,575.620162325713,28.781008116285648,6367.74591627938,0.6745283018867925,0.8,0.3939393939393939,4277.0
26,all,R19,IF (PointsAjust IS Medium) AND (TeamExp IS Low) AND (Length IS High),Very_High,0.0,0.05,575.620162325713,28.781008116285648,6367.74591627938,0.6745283018867925,0.8,0.3939393939393939,4277.0
26,all,R20,IF (PointsAjust IS High) AND (TeamExp IS Low) AND (Length IS High),Very_High,0.0,0.05,575.620162325713,28.781008116285648,6367.74591627938,0.6745283018867925,0.8,0.3939393939393939,4277.0
27,all,R1,IF (PointsAjust IS Low) AND (TeamExp IS High) AND (Length IS Low),Very_Low,0.0,0.0,4613.718650766293,0.0,3966.53170482886,0.3160377358490566,1.0,0.4545454545454545,7252.0
27,all,R2,IF (PointsAjust IS Low) AND (TeamExp IS Medium) AND (Length IS Low),Low,0.0,0.0,6551.558861901822,0.0,3966.53170482886,0.3160377358490566,1.0,0.4545454545454545,7252.0
27,all,R3,IF (PointsAjust IS Low) AND (TeamExp IS High) AND (Length IS Medium),Low,0.0,0.0,6551.558861901822,0.0,3966.53170482886,0.3160377358490566,1.0,0.4545454545454545,7252.0
27,all,R4,IF (PointsAjust IS Medium) AND (TeamExp IS High) AND (Length IS Low),Low,0.0,0.0,6551.558861901822,0.0,3966.53170482886,0.3160377358490566,1.0,0.4545454545454545,7252.0
27,all,R5,IF (PointsAjust IS Low) AND (TeamExp IS Low) AND (Length IS Low),Medium,0.0,0.0,7797.069835098205,0.0,3966.53170482886,0.3160377358490566,1.0,0.4545454545454545,7252.0
27,all,R6,IF (PointsAjust IS Medium) AND (TeamExp IS Medium) AND (Length IS Low),Medium,0.0,0.0,7797.069835098205,0.0,3966.53170482886,0.3160377358490566,1.0,0.4545454545454545,7252.0
27,all,R7,IF (PointsAjust IS Low) AND (TeamExp IS Medium) AND (Length IS Medium),Medium,0.0,0.0,7797.069835098205,0.0,3966.53170482886,0.3160377358490566,1.0,0.4545454545454545,7252.0
27,all,R8,IF (PointsAjust IS Medium) AND (TeamExp IS High) AND (Length IS Medium),Medium,0.0,0.0,7797.069835098205,0.0,3966.53170482886,0.3160377358490566,1.0,0.4545454545454545,7252.0
27,all,R9,IF (PointsAjust IS Low) AND (TeamExp IS Low) AND (Length IS Medium),High,0.0,0.0,3966.53170482886,0.0,3966.53170482886,0.3160377358490566,1.0,0.4545454545454545,7252.0
27,all,R10,IF (PointsAjust IS Medium) AND (TeamExp IS Low) AND (Length IS Low),High,0.0,0.0,3966.53170482886,0.0,3966.53170482886,0.3160377358490566,1.0,0.4545454545454545,7252.0
27,all,R11,IF (PointsAjust IS Medium) AND (TeamExp IS Medium) AND (Length IS Medium),Medium,0.0,0.0,7797.069835098205,0.0,3966.53170482886,0.3160377358490566,1.0,0.4545454545454545,7252.0
27,all,R12,IF (PointsAjust IS High) AND (TeamExp IS High) AND (Length IS Low),Medium,0.0,0.0,7797.069835098205,0.0,3966.53170482886,0.3160377358490566,1.0,0.4545454545454545,7252.0
27,all,R13,IF (PointsAjust IS High) AND (TeamExp IS Medium) AND (Length IS Low),High,0.0,0.0,3966.53170482886,0.0,3966.53170482886,0.3160377358490566,1.0,0.4545454545454545,7252.0
27,all,R14,IF (PointsAjust IS High) AND (TeamExp IS High) AND (Length IS Medium),High,0.0,0.0,3966.53170482886,0.0,3966.53170482886,0.3160377358490566,1.0,0.4545454545454545,7252.0
27,all,R15,IF (PointsAjust IS Medium) AND (TeamExp IS Low) AND (Length IS Medium),High,0.0,0.0,3966.53170482886,0.0,3966.53170482886,0.3160377358490566,1.0,0.4545454545454545,7252.0
27,all,R16,IF (PointsAjust IS Low) AND (TeamExp IS Low) AND (Length IS High),High,0.0,0.0,3966.53170482886,0.0,3966.53170482886,0.3160377358490566,1.0,0.4545454545454545,7252.0
27,all,R17,IF (PointsAjust IS Medium) AND (TeamExp IS High) AND (Length IS High),High,0.8888888888888892,1.0,3966.53170482886,3966.53170482886,3966.53170482886,0.3160377358490566,1.0,0.4545454545454545,7252.0
27,all,R18,IF (PointsAjust IS High) AND (TeamExp IS Medium) AND (Length IS Medium),Very_High,0.0,0.0,3885.199445302007,0.0,3966.53170482886,0.3160377358490566,1.0,0.4545454545454545,7252.0
27,all,R19,IF (PointsAjust IS Medium) AND (TeamExp IS Low) AND (Length IS High),Very_High,0.0,0.0,3885.199445302007,0.0,3966.53170482886,0.3160377358490566,1.0,0.4545454545454545,7252.0
27,all,R20,IF (PointsAjust IS High) AND (TeamExp IS Low) AND (Length IS High),Very_High,0.0,0.0,3885.199445302007,0.0,3966.53170482886,0.3160377358490566,1.0,0.4545454545454545,7252.0
28,all,R1,IF (PointsAjust IS Low) AND (TeamExp IS High) AND (Length IS Low),Very_Low,0.0,0.05,7897.457383513811,394.87286917569054,6552.387407426768,0.6273584905660378,1.0,0.3939393939393939,3948.0
28,all,R2,IF (PointsAjust IS Low) AND (TeamExp IS Medium) AND (Length IS Low),Low,0.0,0.05,9268.213771032631,463.4106885516316,6552.387407426768,0.6273584905660378,1.0,0.3939393939393939,3948.0
28,all,R3,IF (PointsAjust IS Low) AND (TeamExp IS High) AND (Length IS Medium),Low,0.0,0.05,9268.213771032631,463.4106885516316,6552.387407426768,0.6273584905660378,1.0,0.3939393939393939,3948.0
28,all,R4,IF (PointsAjust IS Medium) AND (TeamExp IS High) AND (Length IS Low),Low,0.0,0.05,9268.213771032631,463.4106885516316,6552.387407426768,0.6273584905660378,1.0,0.3939393939393939,3948.0
28,all,R5,IF (PointsAjust IS Low) AND (TeamExp IS Low) AND (Length IS Low),Medium,0.0,0.05,9751.41903839968,487.570951919984,6552.387407426768,0.6273584905660378,1.0,0.3939393939393939,3948.0
28,all,R6,IF (PointsAjust IS Medium) AND (TeamExp IS Medium) AND (Length IS Low),Medium,0.0,0.05,9751.41903839968,487.570951919984,6552.387407426768,0.6273584905660378,1.0,0.3939393939393939,3948.0
28,all,R7,IF (PointsAjust IS Low) AND (TeamExp IS Medium) AND (Length IS Medium),Medium,0.0,0.05,9751.41903839968,487.570951919984,6552.387407426768,0.6273584905660378,1.0,0.3939393939393939,3948.0
28,all,R8,IF (PointsAjust IS Medium) AND (TeamExp IS High) AND (Length IS Medium),Medium,0.0,0.05,9751.41903839968,487.570951919984,6552.387407426768,0.6273584905660378,1.0,0.3939393939393939,3948.0
28,all,R9,IF (PointsAjust IS Low) AND (TeamExp IS Low) AND (Length IS Medium),High,0.0,0.05,4854.007170779571,242.70035853897858,6552.387407426768,0.6273584905660378,1.0,0.3939393939393939,3948.0
28,all,R10,IF (PointsAjust IS Medium) AND (TeamExp IS Low) AND (Length IS Low),High,0.0,0.05,4854.007170779571,242.70035853897858,6552.387407426768,0.6273584905660378,1.0,0.3939393939393939,3948.0
28,all,R11,IF (PointsAjust IS Medium) AND (TeamExp IS Medium) AND (Length IS Medium),Medium,0.0,0.05,9751.41903839968,487.570951919984,6552.387407426768,0.6273584905660378,1.0,0.3939393939393939,3948.0
28,all,R12,IF (PointsAjust IS High) AND (TeamExp IS High) AND (Length IS Low),Medium,0.0,0.05,9751.41903839968,487.570951919984,6552.387407426768,0.6273584905660378,1.0,0.3939393939393939,3948.0
28,all,R13,IF (PointsAjust IS High) AND (TeamExp IS Medium) AND (Length IS Low),High,0.0,0.05,4854.007170779571,242.70035853897858,6552.387407426768,0.6273584905660378,1.0,0.3939393939393939,3948.0
28,all,R14,IF (PointsAjust IS High) AND (TeamExp IS High) AND (Length IS Medium),High,0.0,0.05,4854.007170779571,242.70035853897858,6552.387407426768,0.6273584905660378,1.0,0.3939393939393939,3948.0
28,all,R15,IF (PointsAjust IS Medium) AND (TeamExp IS Low) AND (Length IS Medium),High,0.0,0.05,4854.007170779571,242.70035853897858,6552.387407426768,0.6273584905660378,1.0,0.3939393939393939,3948.0
28,all,R16,IF (PointsAjust IS Low) AND (TeamExp IS Low) AND (Length IS High),High,0.0,0.05,4854.007170779571,242.70035853897858,6552.387407426768,0.6273584905660378,1.0,0.3939393939393939,3948.0
28,all,R17,IF (PointsAjust IS Medium) AND (TeamExp IS High) AND (Length IS High),High,0.0,0.05,4854.007170779571,242.70035853897858,6552.387407426768,0.6273584905660378,1.0,0.3939393939393939,3948.0
28,all,R18,IF (PointsAjust IS High) AND (TeamExp IS Medium) AND (Length IS Medium),Very_High,0.0,0.05,953.0283420228534,47.65141710114267,6552.387407426768,0.6273584905660378,1.0,0.3939393939393939,3948.0
28,all,R19,IF (PointsAjust IS Medium) AND (TeamExp IS Low) AND (Length IS High),Very_High,0.0,0.05,953.0283420228534,47.65141710114267,6552.387407426768,0.6273584905660378,1.0,0.3939393939393939,3948.0
28,all,R20,IF (PointsAjust IS High) AND (TeamExp IS Low) AND (Length IS High),Very_High,0.0,0.05,953.0283420228534,47.65141710114267,6552.387407426768,0.6273584905660378,1.0,0.3939393939393939,3948.0
29,all,R1,IF (PointsAjust IS Low) AND (TeamExp IS High) AND (Length IS Low),Very_Low,0.48453608247422664,0.4289078598763614,2909.7878379328167,1248.030874262029,3389.338953101863,0.2012578616352201,1.0,0.1515151515151515,3927.0
29,all,R2,IF (PointsAjust IS Low) AND (TeamExp IS Medium) AND (Length IS Low),Low,0.0,0.0,3749.496672071605,0.0,3389.338953101863,0.2012578616352201,1.0,0.1515151515151515,3927.0
29,all,R3,IF (PointsAjust IS Low) AND (TeamExp IS High) AND (Length IS Medium),Low,0.0,0.0,3749.496672071605,0.0,3389.338953101863,0.2012578616352201,1.0,0.1515151515151515,3927.0
29,all,R4,IF (PointsAjust IS Medium) AND (TeamExp IS High) AND (Length IS Low),Low,0.6451612903225808,0.5710921401236387,3749.496672071605,2141.3080788398343,3389.338953101863,0.2012578616352201,1.0,0.1515151515151515,3927.0
29,all,R5,IF (PointsAjust IS Low) AND (TeamExp IS Low) AND (Length IS Low),Medium,0.0,0.0,4879.5570233362305,0.0,3389.338953101863,0.2012578616352201,1.0,0.1515151515151515,3927.0
29,all,R6,IF (PointsAjust IS Medium) AND (TeamExp IS Medium) AND (Length IS Low),Medium,0.0,0.0,4879.5570233362305,0.0,3389.338953101863,0.2012578616352201,1.0,0.1515151515151515,3927.0
29,all,R7,IF (PointsAjust IS Low) AND (TeamExp IS Medium) AND (Length IS Medium),Medium,0.0,0.0,4879.5570233362305,0.0,3389.338953101863,0.2012578616352201,1.0,0.1515151515151515,3927.0
29,all,R8,IF (PointsAjust IS Medium) AND (TeamExp IS High) AND (Length IS Medium),Medium,0.0,0.0,4879.5570233362305,0.0,3389.338953101863,0.2012578616352201,1.0,0.1515151515151515,3927.0
29,all,R9,IF (PointsAjust IS Low) AND (TeamExp IS Low) AND (Length IS Medium),High,0.0,0.0,4395.994720429085,0.0,3389.338953101863,0.2012578616352201,1.0,0.1515151515151515,3927.0
29,all,R10,IF (PointsAjust IS Medium) AND (TeamExp IS Low) AND (Length IS Low),High,0.0,0.0,4395.994720429085,0.0,3389.338953101863,0.2012578616352201,1.0,0.1515151515151515,3927.0
29,all,R11,IF (PointsAjust IS Medium) AND (TeamExp IS Medium) AND (Length IS Medium),Medium,0.0,0.0,4879.5570233362305,0.0,3389.338953101863,0.2012578616352201,1.0,0.1515151515151515,3927.0
29,all,R12,IF (PointsAjust IS High) AND (TeamExp IS High) AND (Length IS Low),Medium,0.0,0.0,4879.5570233362305,0.0,3389.338953101863,0.2012578616352201,1.0,0.1515151515151515,3927.0
29,all,R13,IF (PointsAjust IS High) AND (TeamExp IS Medium) AND (Length IS Low),High,0.0,0.0,4395.994720429085,0.0,3389.338953101863,0.2012578616352201,1.0,0.1515151515151515,3927.0
29,all,R14,IF (PointsAjust IS High) AND (TeamExp IS High) AND (Length IS Medium),High,0.0,0.0,4395.994720429085,0.0,3389.338953101863,0.2012578616352201,1.0,0.1515151515151515,3927.0
29,all,R15,IF (PointsAjust IS Medium) AND (TeamExp IS Low) AND (Length IS Medium),High,0.0,0.0,4395.994720429085,0.0,3389.338953101863,0.2012578616352201,1.0,0.1515151515151515,3927.0
29,all,R16,IF (PointsAjust IS Low) AND (TeamExp IS Low) AND (Length IS High),High,0.0,0.0,4395.994720429085,0.0,3389.338953101863,0.2012578616352201,1.0,0.1515151515151515,3927.0
29,all,R17,IF (PointsAjust IS Medium) AND (TeamExp IS High) AND (Length IS High),High,0.0,0.0,4395.994720429085,0.0,3389.338953101863,0.2012578616352201,1.0,0.1515151515151515,3927.0
29,all,R18,IF (PointsAjust IS High) AND (TeamExp IS Medium) AND (Length IS Medium),Very_High,0.0,0.0,7197.909542116824,0.0,3389.338953101863,0.2012578616352201,1.0,0.1515151515151515,3927.0
29,all,R19,IF (PointsAjust IS Medium) AND (TeamExp IS Low) AND (Length IS High),Very_High,0.0,0.0,7197.909542116824,0.0,3389.338953101863,0.2012578616352201,1.0,0.1515151515151515,3927.0
29,all,R20,IF (PointsAjust IS High) AND (TeamExp IS Low) AND (Length IS High),Very_High,0.0,0.0,7197.909542116824,0.0,3389.338953101863,0.2012578616352201,1.0,0.1515151515151515,3927.0
30,all,R1,IF (PointsAjust IS Low) AND (TeamExp IS High) AND (Length IS Low),Very_Low,0.0,0.0,4990.377175971369,0.0,3143.839363764835,0.1666666666666666,0.4,0.2424242424242424,710.0
30,all,R2,IF (PointsAjust IS Low) AND (TeamExp IS Medium) AND (Length IS Low),Low,0.0,0.0,2301.4964959179474,0.0,3143.839363764835,0.1666666666666666,0.4,0.2424242424242424,710.0
30,all,R3,IF (PointsAjust IS Low) AND (TeamExp IS High) AND (Length IS Medium),Low,0.0,0.0,2301.4964959179474,0.0,3143.839363764835,0.1666666666666666,0.4,0.2424242424242424,710.0
30,all,R4,IF (PointsAjust IS Medium) AND (TeamExp IS High) AND (Length IS Low),Low,0.0,0.0,2301.4964959179474,0.0,3143.839363764835,0.1666666666666666,0.4,0.2424242424242424,710.0
30,all,R5,IF (PointsAjust IS Low) AND (TeamExp IS Low) AND (Length IS Low),Medium,0.0,0.0,3067.9454206895707,0.0,3143.839363764835,0.1666666666666666,0.4,0.2424242424242424,710.0
30,all,R6,IF (PointsAjust IS Medium) AND (TeamExp IS Medium) AND (Length IS Low),Medium,0.0,0.0,3067.9454206895707,0.0,3143.839363764835,0.1666666666666666,0.4,0.2424242424242424,710.0
30,all,R7,IF (PointsAjust IS Low) AND (TeamExp IS Medium) AND (Length IS Medium),Medium,0.0,0.0,3067.9454206895707,0.0,3143.839363764835,0.1666666666666666,0.4,0.2424242424242424,710.0
30,all,R8,IF (PointsAjust IS Medium) AND (TeamExp IS High) AND (Length IS Medium),Medium,0.0,0.0,3067.9454206895707,0.0,3143.839363764835,0.1666666666666666,0.4,0.2424242424242424,710.0
30,all,R9,IF (PointsAjust IS Low) AND (TeamExp IS Low) AND (Length IS Medium),High,0.711340206185567,0.6631735598685435,3143.839363764835,2084.9111425227825,3143.839363764835,0.1666666666666666,0.4,0.2424242424242424,710.0
30,all,R10,IF (PointsAjust IS Medium) AND (TeamExp IS Low) AND (Length IS Low),High,0.0,0.0,3143.839363764835,0.0,3143.839363764835,0.1666666666666666,0.4,0.2424242424242424,710.0
30,all,R11,IF (PointsAjust IS Medium) AND (TeamExp IS Medium) AND (Length IS Medium),Medium,0.0,0.0,3067.9454206895707,0.0,3143.839363764835,0.1666666666666666,0.4,0.2424242424242424,710.0
30,all,R12,IF (PointsAjust IS High) AND (TeamExp IS High) AND (Length IS Low),Medium,0.0,0.0,3067.9454206895707,0.0,3143.839363764835,0.1666666666666666,0.4,0.2424242424242424,710.0
30,all,R13,IF (PointsAjust IS High) AND (TeamExp IS Medium) AND (Length IS Low),High,0.0,0.0,3143.839363764835,0.0,3143.839363764835,0.1666666666666666,0.4,0.2424242424242424,710.0
30,all,R14,IF (PointsAjust IS High) AND (TeamExp IS High) AND (Length IS Medium),High,0.0,0.0,3143.839363764835,0.0,3143.839363764835,0.1666666666666666,0.4,0.2424242424242424,710.0
30,all,R15,IF (PointsAjust IS Medium) AND (TeamExp IS Low) AND (Length IS Medium),High,0.3612903225806451,0.3368264401314565,3143.839363764835,1058.9282212420526,3143.839363764835,0.1666666666666666,0.4,0.2424242424242424,710.0
30,all,R16,IF (PointsAjust IS Low) AND (TeamExp IS Low) AND (Length IS High),High,0.0,0.0,3143.839363764835,0.0,3143.839363764835,0.1666666666666666,0.4,0.2424242424242424,710.0
30,all,R17,IF (PointsAjust IS Medium) AND (TeamExp IS High) AND (Length IS High),High,0.0,0.0,3143.839363764835,0.0,3143.839363764835,0.1666666666666666,0.4,0.2424242424242424,710.0
30,all,R18,IF (PointsAjust IS High) AND (TeamExp IS Medium) AND (Length IS Medium),Very_High,0.0,0.0,7335.898724318587,0.0,3143.839363764835,0.1666666666666666,0.4,0.2424242424242424,710.0
30,all,R19,IF (PointsAjust IS Medium) AND (TeamExp IS Low) AND (Length IS High),Very_High,0.0,0.0,7335.898724318587,0.0,3143.839363764835,0.1666666666666666,0.4,0.2424242424242424,710.0
30,all,R20,IF (PointsAjust IS High) AND (TeamExp IS Low) AND (Length IS High),Very_High,0.0,0.0,7335.898724318587,0.0,3143.839363764835,0.1666666666666666,0.4,0.2424242424242424,710.0
31,all,R1,IF (PointsAjust IS Low) AND (TeamExp IS High) AND (Length IS Low),Very_Low,0.0,0.0,4360.3430071441635,0.0,5794.153205020799,0.3223270440251572,1.0,0.2424242424242424,2429.0
31,all,R2,IF (PointsAjust IS Low) AND (TeamExp IS Medium) AND (Length IS Low),Low,0.0,0.0,5439.439933089516,0.0,5794.153205020799,0.3223270440251572,1.0,0.2424242424242424,2429.0
31,all,R3,IF (PointsAjust IS Low) AND (TeamExp IS High) AND (Length IS Medium),Low,0.0,0.0,5439.439933089516,0.0,5794.153205020799,0.3223270440251572,1.0,0.2424242424242424,2429.0
31,all,R4,IF (PointsAjust IS Medium) AND (TeamExp IS High) AND (Length IS Low),Low,0.0,0.0,5439.439933089516,0.0,5794.153205020799,0.3223270440251572,1.0,0.2424242424242424,2429.0
31,all,R5,IF (PointsAjust IS Low) AND (TeamExp IS Low) AND (Length IS Low),Medium,0.0,0.0,6412.551376213497,0.0,5794.153205020799,0.3223270440251572,1.0,0.2424242424242424,2429.0
31,all,R6,IF (PointsAjust IS Medium) AND (TeamExp IS Medium) AND (Length IS Low),Medium,0.0,0.0,6412.551376213497,0.0,5794.153205020799,0.3223270440251572,1.0,0.2424242424242424,2429.0
31,all,R7,IF (PointsAjust IS Low) AND (TeamExp IS Medium) AND (Length IS Medium),Medium,0.0,0.0,6412.551376213497,0.0,5794.153205020799,0.3223270440251572,1.0,0.2424242424242424,2429.0
31,all,R8,IF (PointsAjust IS Medium) AND (TeamExp IS High) AND (Length IS Medium),Medium,0.8205128205128208,0.6808510638297874,6412.551376213497,4365.992426358127,5794.153205020799,0.3223270440251572,1.0,0.2424242424242424,2429.0
31,all,R9,IF (PointsAjust IS Low) AND (TeamExp IS Low) AND (Length IS Medium),High,0.0,0.0,4474.903773143042,0.0,5794.153205020799,0.3223270440251572,1.0,0.2424242424242424,2429.0
31,all,R10,IF (PointsAjust IS Medium) AND (TeamExp IS Low) AND (Length IS Low),High,0.0,0.0,4474.903773143042,0.0,5794.153205020799,0.3223270440251572,1.0,0.2424242424242424,2429.0
31,all,R11,IF (PointsAjust IS Medium) AND (TeamExp IS Medium) AND (Length IS Medium),Medium,0.0,0.0,6412.551376213497,0.0,5794.153205020799,0.3223270440251572,1.0,0.2424242424242424,2429.0
31,all,R12,IF (PointsAjust IS High) AND (TeamExp IS High) AND (Length IS Low),Medium,0.0,0.0,6412.551376213497,0.0,5794.153205020799,0.3223270440251572,1.0,0.2424242424242424,2429.0
31,all,R13,IF (PointsAjust IS High) AND (TeamExp IS Medium) AND (Length IS Low),High,0.0,0.0,4474.903773143042,0.0,5794.153205020799,0.3223270440251572,1.0,0.2424242424242424,2429.0
31,all,R14,IF (PointsAjust IS High) AND (TeamExp IS High) AND (Length IS Medium),High,0.3846153846153844,0.31914893617021256,4474.903773143042,1428.1607786626719,5794.153205020799,0.3223270440251572,1.0,0.2424242424242424,2429.0
31,all,R15,IF (PointsAjust IS Medium) AND (TeamExp IS Low) AND (Length IS Medium),High,0.0,0.0,4474.903773143042,0.0,5794.153205020799,0.3223270440251572,1.0,0.2424242424242424,2429.0
31,all,R16,IF (PointsAjust IS Low) AND (TeamExp IS Low) AND (Length IS High),High,0.0,0.0,4474.903773143042,0.0,5794.153205020799,0.3223270440251572,1.0,0.2424242424242424,2429.0
31,all,R17,IF (PointsAjust IS Medium) AND (TeamExp IS High) AND (Length IS High),High,0.0,0.0,4474.903773143042,0.0,5794.153205020799,0.3223270440251572,1.0,0.2424242424242424,2429.0
31,all,R18,IF (PointsAjust IS High) AND (TeamExp IS Medium) AND (Length IS Medium),Very_High,0.0,0.0,5272.446969057419,0.0,5794.153205020799,0.3223270440251572,1.0,0.2424242424242424,2429.0
31,all,R19,IF (PointsAjust IS Medium) AND (TeamExp IS Low) AND (Length IS High),Very_High,0.0,0.0,5272.446969057419,0.0,5794.153205020799,0.3223270440251572,1.0,0.2424242424242424,2429.0
31,all,R20,IF (PointsAjust IS High) AND (TeamExp IS Low) AND (Length IS High),Very_High,0.0,0.0,5272.446969057419,0.0,5794.153205020799,0.3223270440251572,1.0,0.2424242424242424,2429.0
32,all,R1,IF (PointsAjust IS Low) AND (TeamExp IS High) AND (Length IS Low),Very_Low,0.0,0.0,6801.3050375498215,0.0,3866.854177464207,0.35062893081761,0.4,0.1212121212121212,6405.0
32,all,R2,IF (PointsAjust IS Low) AND (TeamExp IS Medium) AND (Length IS Low),Low,0.0,0.0,3434.2334551013832,0.0,3866.854177464207,0.35062893081761,0.4,0.1212121212121212,6405.0
32,all,R3,IF (PointsAjust IS Low) AND (TeamExp IS High) AND (Length IS Medium),Low,0.0,0.0,3434.2334551013832,0.0,3866.854177464207,0.35062893081761,0.4,0.1212121212121212,6405.0
32,all,R4,IF (PointsAjust IS Medium) AND (TeamExp IS High) AND (Length IS Low),Low,0.0,0.0,3434.2334551013832,0.0,3866.854177464207,0.35062893081761,0.4,0.1212121212121212,6405.0
32,all,R5,IF (PointsAjust IS Low) AND (TeamExp IS Low) AND (Length IS Low),Medium,0.0,0.0,3646.16103040903,0.0,3866.854177464207,0.35062893081761,0.4,0.1212121212121212,6405.0
32,all,R6,IF (PointsAjust IS Medium) AND (TeamExp IS Medium) AND (Length IS Low),Medium,0.0,0.0,3646.16103040903,0.0,3866.854177464207,0.35062893081761,0.4,0.1212121212121212,6405.0
32,all,R7,IF (PointsAjust IS Low) AND (TeamExp IS Medium) AND (Length IS Medium),Medium,0.0,0.0,3646.16103040903,0.0,3866.854177464207,0.35062893081761,0.4,0.1212121212121212,6405.0
32,all,R8,IF (PointsAjust IS Medium) AND (TeamExp IS High) AND (Length IS Medium),Medium,0.0,0.0,3646.16103040903,0.0,3866.854177464207,0.35062893081761,0.4,0.1212121212121212,6405.0
32,all,R9,IF (PointsAjust IS Low) AND (TeamExp IS Low) AND (Length IS Medium),High,0.0,0.0,3866.854177464207,0.0,3866.854177464207,0.35062893081761,0.4,0.1212121212121212,6405.0
32,all,R10,IF (PointsAjust IS Medium) AND (TeamExp IS Low) AND (Length IS Low),High,0.5128205128205139,1.0,3866.854177464207,3866.854177464207,3866.854177464207,0.35062893081761,0.4,0.1212121212121212,6405.0
32,all,R11,IF (PointsAjust IS Medium) AND (TeamExp IS Medium) AND (Length IS Medium),Medium,0.0,0.0,3646.16103040903,0.0,3866.854177464207,0.35062893081761,0.4,0.1212121212121212,6405.0
32,all,R12,IF (PointsAjust IS High) AND (TeamExp IS High) AND (Length IS Low),Medium,0.0,0.0,3646.16103040903,0.0,3866.854177464207,0.35062893081761,0.4,0.1212121212121212,6405.0
32,all,R13,IF (PointsAjust IS High) AND (TeamExp IS Medium) AND (Length IS Low),High,0.0,0.0,3866.854177464207,0.0,3866.854177464207,0.35062893081761,0.4,0.1212121212121212,6405.0
32,all,R14,IF (PointsAjust IS High) AND (TeamExp IS High) AND (Length IS Medium),High,0.0,0.0,3866.854177464207,0.0,3866.854177464207,0.35062893081761,0.4,0.1212121212121212,6405.0
32,all,R15,IF (PointsAjust IS Medium) AND (TeamExp IS Low) AND (Length IS Medium),High,0.0,0.0,3866.854177464207,0.0,3866.854177464207,0.35062893081761,0.4,0.1212121212121212,6405.0
32,all,R16,IF (PointsAjust IS Low) AND (TeamExp IS Low) AND (Length IS High),High,0.0,0.0,3866.854177464207,0.0,3866.854177464207,0.35062893081761,0.4,0.1212121212121212,6405.0
32,all,R17,IF (PointsAjust IS Medium) AND (TeamExp IS High) AND (Length IS High),High,0.0,0.0,3866.854177464207,0.0,3866.854177464207,0.35062893081761,0.4,0.1212121212121212,6405.0
32,all,R18,IF (PointsAjust IS High) AND (TeamExp IS Medium) AND (Length IS Medium),Very_High,0.0,0.0,6188.9834284712415,0.0,3866.854177464207,0.35062893081761,0.4,0.1212121212121212,6405.0
32,all,R19,IF (PointsAjust IS Medium) AND (TeamExp IS Low) AND (Length IS High),Very_High,0.0,0.0,6188.9834284712415,0.0,3866.854177464207,0.35062893081761,0.4,0.1212121212121212,6405.0
32,all,R20,IF (PointsAjust IS High) AND (TeamExp IS Low) AND (Length IS High),Very_High,0.0,0.0,6188.9834284712415,0.0,3866.854177464207,0.35062893081761,0.4,0.1212121212121212,6405.0
33,all,R1,IF (PointsAjust IS Low) AND (TeamExp IS High) AND (Length IS Low),Very_Low,0.0,0.0,4146.714578122064,0.0,2338.835306259204,0.1855345911949685,0.6,0.0606060606060606,651.0
33,all,R2,IF (PointsAjust IS Low) AND (TeamExp IS Medium) AND (Length IS Low),Low,0.5876288659793814,0.5323892738776739,2017.6849914963,1074.1938475365957,2338.835306259204,0.1855345911949685,0.6,0.0606060606060606,651.0
33,all,R3,IF (PointsAjust IS Low) AND (TeamExp IS High) AND (Length IS Medium),Low,0.0,0.0,2017.6849914963,0.0,2338.835306259204,0.1855345911949685,0.6,0.0606060606060606,651.0
33,all,R4,IF (PointsAjust IS Medium) AND (TeamExp IS High) AND (Length IS Low),Low,0.0,0.0,2017.6849914963,0.0,2338.835306259204,0.1855345911949685,0.6,0.0606060606060606,651.0
33,all,R5,IF (PointsAjust IS Low) AND (TeamExp IS Low) AND (Length IS Low),Medium,0.0,0.0,2704.4748721007327,0.0,2338.835306259204,0.1855345911949685,0.6,0.0606060606060606,651.0
33,all,R6,IF (PointsAjust IS Medium) AND (TeamExp IS Medium) AND (Length IS Low),Medium,0.5161290322580646,0.467610726122326,2704.4748721007327,1264.6414587226084,2338.835306259204,0.1855345911949685,0.6,0.0606060606060606,651.0
33,all,R7,IF (PointsAjust IS Low) AND (TeamExp IS Medium) AND (Length IS Medium),Medium,0.0,0.0,2704.4748721007327,0.0,2338.835306259204,0.1855345911949685,0.6,0.0606060606060606,651.0
33,all,R8,IF (PointsAjust IS Medium) AND (TeamExp IS High) AND (Length IS Medium),Medium,0.0,0.0,2704.4748721007327,0.0,2338.835306259204,0.1855345911949685,0.6,0.0606060606060606,651.0
33,all,R9,IF (PointsAjust IS Low) AND (TeamExp IS Low) AND (Length IS Medium),High,0.0,0.0,3931.1699816094856,0.0,2338.835306259204,0.1855345911949685,0.6,0.0606060606060606,651.0
33,all,R10,IF (PointsAjust IS Medium) AND (TeamExp IS Low) AND (Length IS Low),High,0.0,0.0,3931.1699816094856,0.0,2338.835306259204,0.1855345911949685,0.6,0.0606060606060606,651.0
33,all,R11,IF (PointsAjust IS Medium) AND (TeamExp IS Medium) AND (Length IS Medium),Medium,0.0,0.0,2704.4748721007327,0.0,2338.835306259204,0.1855345911949685,0.6,0.0606060606060606,651.0
33,all,R12,IF (PointsAjust IS High) AND (TeamExp IS High) AND (Length IS Low),Medium,0.0,0.0,2704.4748721007327,0.0,2338.835306259204,0.1855345911949685,0.6,0.0606060606060606,651.0
33,all,R13,IF (PointsAjust IS High) AND (TeamExp IS Medium) AND (Length IS Low),High,0.0,0.0,3931.1699816094856,0.0,2338.835306259204,0.1855345911949685,0.6,0.0606060606060606,651.0
33,all,R14,IF (PointsAjust IS High) AND (TeamExp IS High) AND (Length IS Medium),High,0.0,0.0,3931.1699816094856,0.0,2338.835306259204,0.1855345911949685,0.6,0.0606060606060606,651.0
33,all,R15,IF (PointsAjust IS Medium) AND (TeamExp IS Low) AND (Length IS Medium),High,0.0,0.0,3931.1699816094856,0.0,2338.835306259204,0.1855345911949685,0.6,0.0606060606060606,651.0
33,all,R16,IF (PointsAjust IS Low) AND (TeamExp IS Low) AND (Length IS High),High,0.0,0.0,3931.1699816094856,0.0,2338.835306259204,0.1855345911949685,0.6,0.0606060606060606,651.0
33,all,R17,IF (PointsAjust IS Medium) AND (TeamExp IS High) AND (Length IS High),High,0.0,0.0,3931.1699816094856,0.0,2338.835306259204,0.1855345911949685,0.6,0.0606060606060606,651.0
33,all,R18,IF (PointsAjust IS High) AND (TeamExp IS Medium) AND (Length IS Medium),Very_High,0.0,0.0,8250.197374509633,0.0,2338.835306259204,0.1855345911949685,0.6,0.0606060606060606,651.0
33,all,R19,IF (PointsAjust IS Medium) AND (TeamExp IS Low) AND (Length IS High),Very_High,0.0,0.0,8250.197374509633,0.0,2338.835306259204,0.1855345911949685,0.6,0.0606060606060606,651.0
33,all,R20,IF (PointsAjust IS High) AND (TeamExp IS Low) AND (Length IS High),Very_High,0.0,0.0,8250.197374509633,0.0,2338.835306259204,0.1855345911949685,0.6,0.0606060606060606,651.0
34,all,R1,IF (PointsAjust IS Low) AND (TeamExp IS High) AND (Length IS Low),Very_Low,0.0,0.0,9858.706767332234,0.0,1209.3759054969323,0.5817610062893082,0.4,0.4848484848484848,9135.0
34,all,R2,IF (PointsAjust IS Low) AND (TeamExp IS Medium) AND (Length IS Low),Low,0.0,0.0,7712.313917411066,0.0,1209.3759054969323,0.5817610062893082,0.4,0.4848484848484848,9135.0
34,all,R3,IF (PointsAjust IS Low) AND (TeamExp IS High) AND (Length IS Medium),Low,0.0,0.0,7712.313917411066,0.0,1209.3759054969323,0.5817610062893082,0.4,0.4848484848484848,9135.0
34,all,R4,IF (PointsAjust IS Medium) AND (TeamExp IS High) AND (Length IS Low),Low,0.0,0.0,7712.313917411066,0.0,1209.3759054969323,0.5817610062893082,0.4,0.4848484848484848,9135.0
34,all,R5,IF (PointsAjust IS Low) AND (TeamExp IS Low) AND (Length IS Low),Medium,0.0,0.0,7856.246935472786,0.0,1209.3759054969323,0.5817610062893082,0.4,0.4848484848484848,9135.0
34,all,R6,IF (PointsAjust IS Medium) AND (TeamExp IS Medium) AND (Length IS Low),Medium,0.0,0.0,7856.246935472786,0.0,1209.3759054969323,0.5817610062893082,0.4,0.4848484848484848,9135.0
34,all,R7,IF (PointsAjust IS Low) AND (TeamExp IS Medium) AND (Length IS Medium),Medium,0.0,0.0,7856.246935472786,0.0,1209.3759054969323,0.5817610062893082,0.4,0.4848484848484848,9135.0
34,all,R8,IF (PointsAjust IS Medium) AND (TeamExp IS High) AND (Length IS Medium),Medium,0.0,0.0,7856.246935472786,0.0,1209.3759054969323,0.5817610062893082,0.4,0.4848484848484848,9135.0
34,all,R9,IF (PointsAjust IS Low) AND (TeamExp IS Low) AND (Length IS Medium),High,0.0,0.0,3575.459151651471,0.0,1209.3759054969323,0.5817610062893082,0.4,0.4848484848484848,9135.0
34,all,R10,IF (PointsAjust IS Medium) AND (TeamExp IS Low) AND (Length IS Low),High,0.0,0.0,3575.459151651471,0.0,1209.3759054969323,0.5817610062893082,0.4,0.4848484848484848,9135.0
34,all,R11,IF (PointsAjust IS Medium) AND (TeamExp IS Medium) AND (Length IS Medium),Medium,0.0,0.0,7856.246935472786,0.0,1209.3759054969323,0.5817610062893082,0.4,0.4848484848484848,9135.0
34,all,R12,IF (PointsAjust IS High) AND (TeamExp IS High) AND (Length IS Low),Medium,0.0,0.0,7856.246935472786,0.0,1209.3759054969323,0.5817610062893082,0.4,0.4848484848484848,9135.0
34,all,R13,IF (PointsAjust IS High) AND (TeamExp IS Medium) AND (Length IS Low),High,0.0,0.0,3575.459151651471,0.0,1209.3759054969323,0.5817610062893082,0.4,0.4848484848484848,9135.0
34,all,R14,IF (PointsAjust IS High) AND (TeamExp IS High) AND (Length IS Medium),High,0.0,0.0,3575.459151651471,0.0,1209.3759054969323,0.5817610062893082,0.4,0.4848484848484848,9135.0
34,all,R15,IF (PointsAjust IS Medium) AND (TeamExp IS Low) AND (Length IS Medium),High,0.0,0.0,3575.459151651471,0.0,1209.3759054969323,0.5817610062893082,0.4,0.4848484848484848,9135.0
34,all,R16,IF (PointsAjust IS Low) AND (TeamExp IS Low) AND (Length IS High),High,0.0,0.0,3575.459151651471,0.0,1209.3759054969323,0.5817610062893082,0.4,0.4848484848484848,9135.0
34,all,R17,IF (PointsAjust IS Medium) AND (TeamExp IS High) AND (Length IS High),High,0.0,0.0,3575.459151651471,0.0,1209.3759054969323,0.5817610062893082,0.4,0.4848484848484848,9135.0
34,all,R18,IF (PointsAjust IS High) AND (TeamExp IS Medium) AND (Length IS Medium),Very_High,0.0,0.0,1209.3759054969323,0.0,1209.3759054969323,0.5817610062893082,0.4,0.4848484848484848,9135.0
34,all,R19,IF (PointsAjust IS Medium) AND (TeamExp IS Low) AND (Length IS High),Very_High,0.0,0.0,1209.3759054969323,0.0,1209.3759054969323,0.5817610062893082,0.4,0.4848484848484848,9135.0
34,all,R20,IF (PointsAjust IS High) AND (TeamExp IS Low) AND (Length IS High),Very_High,1.0,1.0,1209.3759054969323,1209.3759054969323,1209.3759054969323,0.5817610062893082,0.4,0.4848484848484848,9135.0
35,all,R1,IF (PointsAjust IS Low) AND (TeamExp IS High) AND (Length IS Low),Very_Low,0.0,0.0,7429.5276348440675,0.0,3696.1501925916327,0.4544025157232704,0.6,0.303030303030303,1435.0
35,all,R2,IF (PointsAjust IS Low) AND (TeamExp IS Medium) AND (Length IS Low),Low,0.0,0.0,5994.9781266300215,0.0,3696.1501925916327,0.4544025157232704,0.6,0.303030303030303,1435.0
35,all,R3,IF (PointsAjust IS Low) AND (TeamExp IS High) AND (Length IS Medium),Low,0.0,0.0,5994.9781266300215,0.0,3696.1501925916327,0.4544025157232704,0.6,0.303030303030303,1435.0
35,all,R4,IF (PointsAjust IS Medium) AND (TeamExp IS High) AND (Length IS Low),Low,0.0,0.0,5994.9781266300215,0.0,3696.1501925916327,0.4544025157232704,0.6,0.303030303030303,1435.0
35,all,R5,IF (PointsAjust IS Low) AND (TeamExp IS Low) AND (Length IS Low),Medium,0.0,0.0,6382.615454589453,0.0,3696.1501925916327,0.4544025157232704,0.6,0.303030303030303,1435.0
35,all,R6,IF (PointsAjust IS Medium) AND (TeamExp IS Medium) AND (Length IS Low),Medium,0.0,0.0,6382.615454589453,0.0,3696.1501925916327,0.4544025157232704,0.6,0.303030303030303,1435.0
35,all,R7,IF (PointsAjust IS Low) AND (TeamExp IS Medium) AND (Length IS Medium),Medium,0.0,0.0,6382.615454589453,0.0,3696.1501925916327,0.4544025157232704,0.6,0.303030303030303,1435.0
35,all,R8,IF (PointsAjust IS Medium) AND (TeamExp IS High) AND (Length IS Medium),Medium,0.0,0.0,6382.615454589453,0.0,3696.1501925916327,0.4544025157232704,0.6,0.303030303030303,1435.0
35,all,R9,IF (PointsAjust IS Low) AND (TeamExp IS Low) AND (Length IS Medium),High,0.0,0.0,4012.144396762105,0.0,3696.1501925916327,0.4544025157232704,0.6,0.303030303030303,1435.0
35,all,R10,IF (PointsAjust IS Medium) AND (TeamExp IS Low) AND (Length IS Low),High,0.0,0.0,4012.144396762105,0.0,3696.1501925916327,0.4544025157232704,0.6,0.303030303030303,1435.0
35,all,R11,IF (PointsAjust IS Medium) AND (TeamExp IS Medium) AND (Length IS Medium),Medium,0.0,0.0,6382.615454589453,0.0,3696.1501925916327,0.4544025157232704,0.6,0.303030303030303,1435.0
35,all,R12,IF (PointsAjust IS High) AND (TeamExp IS High) AND (Length IS Low),Medium,0.0,0.0,6382.615454589453,0.0,3696.1501925916327,0.4544025157232704,0.6,0.303030303030303,1435.0
35,all,R13,IF (PointsAjust IS High) AND (TeamExp IS Medium) AND (Length IS Low),High,0.0,0.0,4012.144396762105,0.0,3696.1501925916327,0.4544025157232704,0.6,0.303030303030303,1435.0
35,all,R14,IF (PointsAjust IS High) AND (TeamExp IS High) AND (Length IS Medium),High,0.0,0.0,4012.144396762105,0.0,3696.1501925916327,0.4544025157232704,0.6,0.303030303030303,1435.0
35,all,R15,IF (PointsAjust IS Medium) AND (TeamExp IS Low) AND (Length IS Medium),High,0.0,0.0,4012.144396762105,0.0,3696.1501925916327,0.4544025157232704,0.6,0.303030303030303,1435.0
35,all,R16,IF (PointsAjust IS Low) AND (TeamExp IS Low) AND (Length IS High),High,0.0,0.0,4012.144396762105,0.0,3696.1501925916327,0.4544025157232704,0.6,0.303030303030303,1435.0
35,all,R17,IF (PointsAjust IS Medium) AND (TeamExp IS High) AND (Length IS High),High,0.0,0.0,4012.144396762105,0.0,3696.1501925916327,0.4544025157232704,0.6,0.303030303030303,1435.0
35,all,R18,IF (PointsAjust IS High) AND (TeamExp IS Medium) AND (Length IS Medium),Very_High,0.6153846153846156,1.0,3696.1501925916345,3696.1501925916345,3696.1501925916327,0.4544025157232704,0.6,0.303030303030303,1435.0
35,all,R19,IF (PointsAjust IS Medium) AND (TeamExp IS Low) AND (Length IS High),Very_High,0.0,0.0,3696.1501925916345,0.0,3696.1501925916327,0.4544025157232704,0.6,0.303030303030303,1435.0
35,all,R20,IF (PointsAjust IS High) AND (TeamExp IS Low) AND (Length IS High),Very_High,0.0,0.0,3696.1501925916345,0.0,3696.1501925916327,0.4544025157232704,0.6,0.303030303030303,1435.0
36,all,R1,IF (PointsAjust IS Low) AND (TeamExp IS High) AND (Length IS Low),Very_Low,0.0,0.05,9762.99113884906,488.14955694245305,4043.423553124161,0.4685534591194968,0.0,0.2121212121212121,5922.0
36,all,R2,IF (PointsAjust IS Low) AND (TeamExp IS Medium) AND (Length IS Low),Low,0.0,0.05,4018.7257615210597,200.936288076053,4043.423553124161,0.4685534591194968,0.0,0.2121212121212121,5922.0
36,all,R3,IF (PointsAjust IS Low) AND (TeamExp IS High) AND (Length IS Medium),Low,0.0,0.05,4018.7257615210597,200.936288076053,4043.423553124161,0.4685534591194968,0.0,0.2121212121212121,5922.0
36,all,R4,IF (PointsAjust IS Medium) AND (TeamExp IS High) AND (Length IS Low),Low,0.0,0.05,4018.7257615210597,200.936288076053,4043.423553124161,0.4685534591194968,0.0,0.2121212121212121,5922.0
36,all,R5,IF (PointsAjust IS Low) AND (TeamExp IS Low) AND (Length IS Low),Medium,0.0,0.05,3713.3997964515047,185.66998982257525,4043.423553124161,0.4685534591194968,0.0,0.2121212121212121,5922.0
36,all,R6,IF (PointsAjust IS Medium) AND (TeamExp IS Medium) AND (Length IS Low),Medium,0.0,0.05,3713.3997964515047,185.66998982257525,4043.423553124161,0.4685534591194968,0.0,0.2121212121212121,5922.0
36,all,R7,IF (PointsAjust IS Low) AND (TeamExp IS Medium) AND (Length IS Medium),Medium,0.0,0.05,3713.3997964515047,185.66998982257525,4043.423553124161,0.4685534591194968,0.0,0.2121212121212121,5922.0
36,all,R8,IF (PointsAjust IS Medium) AND (TeamExp IS High) AND (Length IS Medium),Medium,0.0,0.05,3713.3997964515047,185.66998982257525,4043.423553124161,0.4685534591194968,0.0,0.2121212121212121,5922.0
36,all,R9,IF (PointsAjust IS Low) AND (TeamExp IS Low) AND (Length IS Medium),High,0.0,0.05,3299.6912997859954,164.98456498929977,4043.423553124161,0.4685534591194968,0.0,0.2121212121212121,5922.0
36,all,R10,IF (PointsAjust IS Medium) AND (TeamExp IS Low) AND (Length IS Low),High,0.0,0.05,3299.6912997859954,164.98456498929977,4043.423553124161,0.4685534591194968,0.0,0.2121212121212121,5922.0
36,all,R11,IF (PointsAjust IS Medium) AND (TeamExp IS Medium) AND (Length IS Medium),Medium,0.0,0.05,3713.3997964515047,185.66998982257525,4043.423553124161,0.4685534591194968,0.0,0.2121212121212121,5922.0
36,all,R12,IF (PointsAjust IS High) AND (TeamExp IS High) AND (Length IS Low),Medium,0.0,0.05,3713.3997964515047,185.66998982257525,4043.423553124161,0.4685534591194968,0.0,0.2121212121212121,5922.0
36,all,R13,IF (PointsAjust IS High) AND (TeamExp IS Medium) AND (Length IS Low),High,0.0,0.05,3299.6912997859954,164.98456498929977,4043.423553124161,0.4685534591194968,0.0,0.2121212121212121,5922.0
36,all,R14,IF (PointsAjust IS High) AND (TeamExp IS High) AND (Length IS Medium),High,0.0,0.05,3299.6912997859954,164.98456498929977,4043.423553124161,0.4685534591194968,0.0,0.2121212121212121,5922.0
36,all,R15,IF (PointsAjust IS Medium) AND (TeamExp IS Low) AND (Length IS Medium),High,0.0,0.05,3299.6912997859954,164.98456498929977,4043.423553124161,0.4685534591194968,0.0,0.2121212121212121,5922.0
36,all,R16,IF (PointsAjust IS Low) AND (TeamExp IS Low) AND (Length IS High),High,0.0,0.05,3299.6912997859954,164.98456498929977,4043.423553124161,0.4685534591194968,0.0,0.2121212121212121,5922.0
36,all,R17,IF (PointsAjust IS Medium) AND (TeamExp IS High) AND (Length IS High),High,0.0,0.05,3299.6912997859954,164.98456498929977,4043.423553124161,0.4685534591194968,0.0,0.2121212121212121,5922.0
36,all,R18,IF (PointsAjust IS High) AND (TeamExp IS Medium) AND (Length IS Medium),Very_High,0.0,0.05,4557.021587286658,227.85107936433292,4043.423553124161,0.4685534591194968,0.0,0.2121212121212121,5922.0
36,all,R19,IF (PointsAjust IS Medium) AND (TeamExp IS Low) AND (Length IS High),Very_High,0.0,0.05,4557.021587286658,227.85107936433292,4043.423553124161,0.4685534591194968,0.0,0.2121212121212121,5922.0
36,all,R20,IF (PointsAjust IS High) AND (TeamExp IS Low) AND (Length IS High),Very_High,0.0,0.05,4557.021587286658,227.85107936433292,4043.423553124161,0.4685534591194968,0.0,0.2121212121212121,5922.0
37,all,R1,IF (PointsAjust IS Low) AND (TeamExp IS High) AND (Length IS Low),Very_Low,0.0,0.0,4965.267166651241,0.0,2820.9570204275633,0.1855345911949685,0.4,0.0909090909090909,847.0
37,all,R2,IF (PointsAjust IS Low) AND (TeamExp IS Medium) AND (Length IS Low),Low,0.0,0.0,1648.0560234590835,0.0,2820.9570204275633,0.1855345911949685,0.4,0.0909090909090909,847.0
37,all,R3,IF (PointsAjust IS Low) AND (TeamExp IS High) AND (Length IS Medium),Low,0.0,0.0,1648.0560234590835,0.0,2820.9570204275633,0.1855345911949685,0.4,0.0909090909090909,847.0
37,all,R4,IF (PointsAjust IS Medium) AND (TeamExp IS High) AND (Length IS Low),Low,0.0,0.0,1648.0560234590835,0.0,2820.9570204275633,0.1855345911949685,0.4,0.0909090909090909,847.0
37,all,R5,IF (PointsAjust IS Low) AND (TeamExp IS Low) AND (Length IS Low),Medium,0.5876288659793814,0.5323892738776739,2188.1439096073254,1164.9443471756983,2820.9570204275633,0.1855345911949685,0.4,0.0909090909090909,847.0
37,all,R6,IF (PointsAjust IS Medium) AND (TeamExp IS Medium) AND (Length IS Low),Medium,0.0,0.0,2188.1439096073254,0.0,2820.9570204275633,0.1855345911949685,0.4,0.0909090909090909,847.0
37,all,R7,IF (PointsAjust IS Low) AND (TeamExp IS Medium) AND (Length IS Medium),Medium,0.0,0.0,2188.1439096073254,0.0,2820.9570204275633,0.1855345911949685,0.4,0.0909090909090909,847.0
37,all,R8,IF (PointsAjust IS Medium) AND (TeamExp IS High) AND (Length IS Medium),Medium,0.0,0.0,2188.1439096073254,0.0,2820.9570204275633,0.1855345911949685,0.4,0.0909090909090909,847.0
37,all,R9,IF (PointsAjust IS Low) AND (TeamExp IS Low) AND (Length IS Medium),High,0.0,0.0,3541.434318635913,0.0,2820.9570204275633,0.1855345911949685,0.4,0.0909090909090909,847.0
37,all,R10,IF (PointsAjust IS Medium) AND (TeamExp IS Low) AND (Length IS Low),High,0.5161290322580646,0.467610726122326,3541.434318635913,1656.012673251864,2820.9570204275633,0.1855345911949685,0.4,0.0909090909090909,847.0
37,all,R11,IF (PointsAjust IS Medium) AND (TeamExp IS Medium) AND (Length IS Medium),Medium,0.0,0.0,2188.1439096073254,0.0,2820.9570204275633,0.1855345911949685,0.4,0.0909090909090909,847.0
37,all,R12,IF (PointsAjust IS High) AND (TeamExp IS High) AND (Length IS Low),Medium,0.0,0.0,2188.1439096073254,0.0,2820.9570204275633,0.1855345911949685,0.4,0.0909090909090909,847.0
37,all,R13,IF (PointsAjust IS High) AND (TeamExp IS Medium) AND (Length IS Low),High,0.0,0.0,3541.434318635913,0.0,2820.9570204275633,0.1855345911949685,0.4,0.0909090909090909,847.0
37,all,R14,IF (PointsAjust IS High) AND (TeamExp IS High) AND (Length IS Medium),High,0.0,0.0,3541.434318635913,0.0,2820.9570204275633,0.1855345911949685,0.4,0.0909090909090909,847.0
37,all,R15,IF (PointsAjust IS Medium) AND (TeamExp IS Low) AND (Length IS Medium),High,0.0,0.0,3541.434318635913,0.0,2820.9570204275633,0.1855345911949685,0.4,0.0909090909090909,847.0
37,all,R16,IF (PointsAjust IS Low) AND (TeamExp IS Low) AND (Length IS High),High,0.0,0.0,3541.434318635913,0.0,2820.9570204275633,0.1855345911949685,0.4,0.0909090909090909,847.0
37,all,R17,IF (PointsAjust IS Medium) AND (TeamExp IS High) AND (Length IS High),High,0.0,0.0,3541.434318635913,0.0,2820.9570204275633,0.1855345911949685,0.4,0.0909090909090909,847.0
37,all,R18,IF (PointsAjust IS High) AND (TeamExp IS Medium) AND (Length IS Medium),Very_High,0.0,0.0,8172.199273910648,0.0,2820.9570204275633,0.1855345911949685,0.4,0.0909090909090909,847.0
37,all,R19,IF (PointsAjust IS Medium) AND (TeamExp IS Low) AND (Length IS High),Very_High,0.0,0.0,8172.199273910648,0.0,2820.9570204275633,0.1855345911949685,0.4,0.0909090909090909,847.0
37,all,R20,IF (PointsAjust IS High) AND (TeamExp IS Low) AND (Length IS High),Very_High,0.0,0.0,8172.199273910648,0.0,2820.9570204275633,0.1855345911949685,0.4,0.0909090909090909,847.0
38,all,R1,IF (PointsAjust IS Low) AND (TeamExp IS High) AND (Length IS Low),Very_Low,0.0,0.05,9818.959552732202,490.9479776366101,6610.660668970404,0.7248427672955975,0.8,0.4545454545454545,8050.0
38,all,R2,IF (PointsAjust IS Low) AND (TeamExp IS Medium) AND (Length IS Low),Low,0.0,0.05,10021.949930191975,501.0974965095988,6610.660668970404,0.7248427672955975,0.8,0.4545454545454545,8050.0
38,all,R3,IF (PointsAjust IS Low) AND (TeamExp IS High) AND (Length IS Medium),Low,0.0,0.05,10021.949930191975,501.0974965095988,6610.660668970404,0.7248427672955975,0.8,0.4545454545454545,8050.0
38,all,R4,IF (PointsAjust IS Medium) AND (TeamExp IS High) AND (Length IS Low),Low,0.0,0.05,10021.949930191975,501.0974965095988,6610.660668970404,0.7248427672955975,0.8,0.4545454545454545,8050.0
38,all,R5,IF (PointsAjust IS Low) AND (TeamExp IS Low) AND (Length IS Low),Medium,0.0,0.05,10179.804980700846,508.9902490350423,6610.660668970404,0.7248427672955975,0.8,0.4545454545454545,8050.0
38,all,R6,IF (PointsAjust IS Medium) AND (TeamExp IS Medium) AND (Length IS Low),Medium,0.0,0.05,10179.804980700846,508.9902490350423,6610.660668970404,0.7248427672955975,0.8,0.4545454545454545,8050.0
38,all,R7,IF (PointsAjust IS Low) AND (TeamExp IS Medium) AND (Length IS Medium),Medium,0.0,0.05,10179.804980700846,508.9902490350423,6610.660668970404,0.7248427672955975,0.8,0.4545454545454545,8050.0
38,all,R8,IF (PointsAjust IS Medium) AND (TeamExp IS High) AND (Length IS Medium),Medium,0.0,0.05,10179.804980700846,508.9902490350423,6610.660668970404,0.7248427672955975,0.8,0.4545454545454545,8050.0
38,all,R9,IF (PointsAjust IS Low) AND (TeamExp IS Low) AND (Length IS Medium),High,0.0,0.05,4627.5650114992095,231.37825057496048,6610.660668970404,0.7248427672955975,0.8,0.4545454545454545,8050.0
38,all,R10,IF (PointsAjust IS Medium) AND (TeamExp IS Low) AND (Length IS Low),High,0.0,0.05,4627.5650114992095,231.37825057496048,6610.660668970404,0.7248427672955975,0.8,0.4545454545454545,8050.0
38,all,R11,IF (PointsAjust IS Medium) AND (TeamExp IS Medium) AND (Length IS Medium),Medium,0.0,0.05,10179.804980700846,508.9902490350423,6610.660668970404,0.7248427672955975,0.8,0.4545454545454545,8050.0
38,all,R12,IF (PointsAjust IS High) AND (TeamExp IS High) AND (Length IS Low),Medium,0.0,0.05,10179.804980700846,508.9902490350423,6610.660668970404,0.7248427672955975,0.8,0.4545454545454545,8050.0
38,all,R13,IF (PointsAjust IS High) AND (TeamExp IS Medium) AND (Length IS Low),High,0.0,0.05,4627.5650114992095,231.37825057496048,6610.660668970404,0.7248427672955975,0.8,0.4545454545454545,8050.0
38,all,R14,IF (PointsAjust IS High) AND (TeamExp IS High) AND (Length IS Medium),High,0.0,0.05,4627.5650114992095,231.37825057496048,6610.660668970404,0.7248427672955975,0.8,0.4545454545454545,8050.0
38,all,R15,IF (PointsAjust IS Medium) AND (TeamExp IS Low) AND (Length IS Medium),High,0.0,0.05,4627.5650114992095,231.37825057496048,6610.660668970404,0.7248427672955975,0.8,0.4545454545454545,8050.0
38,all,R16,IF (PointsAjust IS Low) AND (TeamExp IS Low) AND (Length IS High),High,0.0,0.05,4627.5650114992095,231.37825057496048,6610.660668970404,0.7248427672955975,0.8,0.4545454545454545,8050.0
38,all,R17,IF (PointsAjust IS Medium) AND (TeamExp IS High) AND (Length IS High),High,0.0,0.05,4627.5650114992095,231.37825057496048,6610.660668970404,0.7248427672955975,0.8,0.4545454545454545,8050.0
38,all,R18,IF (PointsAjust IS High) AND (TeamExp IS Medium) AND (Length IS Medium),Very_High,0.0,0.05,-381.1269761998701,-19.056348809993505,6610.660668970404,0.7248427672955975,0.8,0.4545454545454545,8050.0
38,all,R19,IF (PointsAjust IS Medium) AND (TeamExp IS Low) AND (Length IS High),Very_High,0.0,0.05,-381.1269761998701,-19.056348809993505,6610.660668970404,0.7248427672955975,0.8,0.4545454545454545,8050.0
38,all,R20,IF (PointsAjust IS High) AND (TeamExp IS Low) AND (Length IS High),Very_High,0.0,0.05,-381.1269761998701,-19.056348809993505,6610.660668970404,0.7248427672955975,0.8,0.4545454545454545,8050.0
39,all,R1,IF (PointsAjust IS Low) AND (TeamExp IS High) AND (Length IS Low),Very_Low,0.0,0.05,10036.752382993978,501.8376191496989,5352.472278170284,0.6320754716981132,0.4,0.2424242424242424,4620.0
39,all,R2,IF (PointsAjust IS Low) AND (TeamExp IS Medium) AND (Length IS Low),Low,0.0,0.05,6864.111428846778,343.2055714423389,5352.472278170284,0.6320754716981132,0.4,0.2424242424242424,4620.0
39,all,R3,IF (PointsAjust IS Low) AND (TeamExp IS High) AND (Length IS Medium),Low,0.0,0.05,6864.111428846778,343.2055714423389,5352.472278170284,0.6320754716981132,0.4,0.2424242424242424,4620.0
39,all,R4,IF (PointsAjust IS Medium) AND (TeamExp IS High) AND (Length IS Low),Low,0.0,0.05,6864.111428846778,343.2055714423389,5352.472278170284,0.6320754716981132,0.4,0.2424242424242424,4620.0
39,all,R5,IF (PointsAjust IS Low) AND (TeamExp IS Low) AND (Length IS Low),Medium,0.0,0.05,6601.360861110761,330.06804305553806,5352.472278170284,0.6320754716981132,0.4,0.2424242424242424,4620.0
39,all,R6,IF (PointsAjust IS Medium) AND (TeamExp IS Medium) AND (Length IS Low),Medium,0.0,0.05,6601.360861110761,330.06804305553806,5352.472278170284,0.6320754716981132,0.4,0.2424242424242424,4620.0
39,all,R7,IF (PointsAjust IS Low) AND (TeamExp IS Medium) AND (Length IS Medium),Medium,0.0,0.05,6601.360861110761,330.06804305553806,5352.472278170284,0.6320754716981132,0.4,0.2424242424242424,4620.0
39,all,R8,IF (PointsAjust IS Medium) AND (TeamExp IS High) AND (Length IS Medium),Medium,0.0,0.05,6601.360861110761,330.06804305553806,5352.472278170284,0.6320754716981132,0.4,0.2424242424242424,4620.0
39,all,R9,IF (PointsAjust IS Low) AND (TeamExp IS Low) AND (Length IS Medium),High,0.0,0.05,4259.8719479505235,212.99359739752617,5352.472278170284,0.6320754716981132,0.4,0.2424242424242424,4620.0
39,all,R10,IF (PointsAjust IS Medium) AND (TeamExp IS Low) AND (Length IS Low),High,0.0,0.05,4259.8719479505235,212.99359739752617,5352.472278170284,0.6320754716981132,0.4,0.2424242424242424,4620.0
39,all,R11,IF (PointsAjust IS Medium) AND (TeamExp IS Medium) AND (Length IS Medium),Medium,0.0,0.05,6601.360861110761,330.06804305553806,5352.472278170284,0.6320754716981132,0.4,0.2424242424242424,4620.0
39,all,R12,IF (PointsAjust IS High) AND (TeamExp IS High) AND (Length IS Low),Medium,0.0,0.05,6601.360861110761,330.06804305553806,5352.472278170284,0.6320754716981132,0.4,0.2424242424242424,4620.0
39,all,R13,IF (PointsAjust IS High) AND (TeamExp IS Medium) AND (Length IS Low),High,0.0,0.05,4259.8719479505235,212.99359739752617,5352.472278170284,0.6320754716981132,0.4,0.2424242424242424,4620.0
39,all,R14,IF (PointsAjust IS High) AND (TeamExp IS High) AND (Length IS Medium),High,0.0,0.05,4259.8719479505235,212.99359739752617,5352.472278170284,0.6320754716981132,0.4,0.2424242424242424,4620.0
39,all,R15,IF (PointsAjust IS Medium) AND (TeamExp IS Low) AND (Length IS Medium),High,0.0,0.05,4259.8719479505235,212.99359739752617,5352.472278170284,0.6320754716981132,0.4,0.2424242424242424,4620.0
39,all,R16,IF (PointsAjust IS Low) AND (TeamExp IS Low) AND (Length IS High),High,0.0,0.05,4259.8719479505235,212.99359739752617,5352.472278170284,0.6320754716981132,0.4,0.2424242424242424,4620.0
39,all,R17,IF (PointsAjust IS Medium) AND (TeamExp IS High) AND (Length IS High),High,0.0,0.05,4259.8719479505235,212.99359739752617,5352.472278170284,0.6320754716981132,0.4,0.2424242424242424,4620.0
39,all,R18,IF (PointsAjust IS High) AND (TeamExp IS Medium) AND (Length IS Medium),Very_High,0.0,0.05,2331.030030517708,116.5515015258854,5352.472278170284,0.6320754716981132,0.4,0.2424242424242424,4620.0
39,all,R19,IF (PointsAjust IS Medium) AND (TeamExp IS Low) AND (Length IS High),Very_High,0.0,0.05,2331.030030517708,116.5515015258854,5352.472278170284,0.6320754716981132,0.4,0.2424242424242424,4620.0
39,all,R20,IF (PointsAjust IS High) AND (TeamExp IS Low) AND (Length IS High),Very_High,0.0,0.05,2331.030030517708,116.5515015258854,5352.472278170284,0.6320754716981132,0.4,0.2424242424242424,4620.0
40,all,R1,IF (PointsAjust IS Low) AND (TeamExp IS High) AND (Length IS Low),Very_Low,0.0,0.05,14401.966475907517,720.0983237953759,7821.589138555506,1.0,0.6,1.0,2352.0
40,all,R2,IF (PointsAjust IS Low) AND (TeamExp IS Medium) AND (Length IS Low),Low,0.0,0.05,15200.411482454227,760.0205741227114,7821.589138555506,1.0,0.6,1.0,2352.0
40,all,R3,IF (PointsAjust IS Low) AND (TeamExp IS High) AND (Length IS Medium),Low,0.0,0.05,15200.411482454227,760.0205741227114,7821.589138555506,1.0,0.6,1.0,2352.0
40,all,R4,IF (PointsAjust IS Medium) AND (TeamExp IS High) AND (Length IS Low),Low,0.0,0.05,15200.411482454227,760.0205741227114,7821.589138555506,1.0,0.6,1.0,2352.0
40,all,R5,IF (PointsAjust IS Low) AND (TeamExp IS Low) AND (Length IS Low),Medium,0.0,0.05,15230.850007383331,761.5425003691666,7821.589138555506,1.0,0.6,1.0,2352.0
40,all,R6,IF (PointsAjust IS Medium) AND (TeamExp IS Medium) AND (Length IS Low),Medium,0.0,0.05,15230.850007383331,761.5425003691666,7821.589138555506,1.0,0.6,1.0,2352.0
40,all,R7,IF (PointsAjust IS Low) AND (TeamExp IS Medium) AND (Length IS Medium),Medium,0.0,0.05,15230.850007383331,761.5425003691666,7821.589138555506,1.0,0.6,1.0,2352.0
40,all,R8,IF (PointsAjust IS Medium) AND (TeamExp IS High) AND (Length IS Medium),Medium,0.0,0.05,15230.850007383331,761.5425003691666,7821.589138555506,1.0,0.6,1.0,2352.0
40,all,R9,IF (PointsAjust IS Low) AND (TeamExp IS Low) AND (Length IS Medium),High,0.0,0.05,3699.6545819209687,184.98272909604844,7821.589138555506,1.0,0.6,1.0,2352.0
40,all,R10,IF (PointsAjust IS Medium) AND (TeamExp IS Low) AND (Length IS Low),High,0.0,0.05,3699.6545819209687,184.98272909604844,7821.589138555506,1.0,0.6,1.0,2352.0
40,all,R11,IF (PointsAjust IS Medium) AND (TeamExp IS Medium) AND (Length IS Medium),Medium,0.0,0.05,15230.850007383331,761.5425003691666,7821.589138555506,1.0,0.6,1.0,2352.0
40,all,R12,IF (PointsAjust IS High) AND (TeamExp IS High) AND (Length IS Low),Medium,0.0,0.05,15230.850007383331,761.5425003691666,7821.589138555506,1.0,0.6,1.0,2352.0
40,all,R13,IF (PointsAjust IS High) AND (TeamExp IS Medium) AND (Length IS Low),High,0.0,0.05,3699.6545819209687,184.98272909604844,7821.589138555506,1.0,0.6,1.0,2352.0
40,all,R14,IF (PointsAjust IS High) AND (TeamExp IS High) AND (Length IS Medium),High,0.0,0.05,3699.6545819209687,184.98272909604844,7821.589138555506,1.0,0.6,1.0,2352.0
40,all,R15,IF (PointsAjust IS Medium) AND (TeamExp IS Low) AND (Length IS Medium),High,0.0,0.05,3699.6545819209687,184.98272909604844,7821.589138555506,1.0,0.6,1.0,2352.0
40,all,R16,IF (PointsAjust IS Low) AND (TeamExp IS Low) AND (Length IS High),High,0.0,0.05,3699.6545819209687,184.98272909604844,7821.589138555506,1.0,0.6,1.0,2352.0
40,all,R17,IF (PointsAjust IS Medium) AND (TeamExp IS High) AND (Length IS High),High,0.0,0.05,3699.6545819209687,184.98272909604844,7821.589138555506,1.0,0.6,1.0,2352.0
40,all,R18,IF (PointsAjust IS High) AND (TeamExp IS Medium) AND (Length IS Medium),Very_High,0.0,0.05,-6951.366756635614,-347.56833783178075,7821.589138555506,1.0,0.6,1.0,2352.0
40,all,R19,IF (PointsAjust IS Medium) AND (TeamExp IS Low) AND (Length IS High),Very_High,0.0,0.05,-6951.366756635614,-347.56833783178075,7821.589138555506,1.0,0.6,1.0,2352.0
40,all,R20,IF (PointsAjust IS High) AND (TeamExp IS Low) AND (Length IS High),Very_High,0.0,0.05,-6951.366756635614,-347.56833783178075,7821.589138555506,1.0,0.6,1.0,2352.0
41,all,R1,IF (PointsAjust IS Low) AND (TeamExp IS High) AND (Length IS Low),Very_Low,0.0,0.0,3979.3047104754364,0.0,2839.60570381269,0.0691823899371069,0.4,0.2727272727272727,2174.0
41,all,R2,IF (PointsAjust IS Low) AND (TeamExp IS Medium) AND (Length IS Low),Low,0.0,0.0,1513.4959079686455,0.0,2839.60570381269,0.0691823899371069,0.4,0.2727272727272727,2174.0
41,all,R3,IF (PointsAjust IS Low) AND (TeamExp IS High) AND (Length IS Medium),Low,0.0,0.0,1513.4959079686455,0.0,2839.60570381269,0.0691823899371069,0.4,0.2727272727272727,2174.0
41,all,R4,IF (PointsAjust IS Medium) AND (TeamExp IS High) AND (Length IS Low),Low,0.0,0.0,1513.4959079686455,0.0,2839.60570381269,0.0691823899371069,0.4,0.2727272727272727,2174.0
41,all,R5,IF (PointsAjust IS Low) AND (TeamExp IS Low) AND (Length IS Low),Medium,0.0,0.0,2532.4477490914833,0.0,2839.60570381269,0.0691823899371069,0.4,0.2727272727272727,2174.0
41,all,R6,IF (PointsAjust IS Medium) AND (TeamExp IS Medium) AND (Length IS Low),Medium,0.0,0.0,2532.4477490914833,0.0,2839.60570381269,0.0691823899371069,0.4,0.2727272727272727,2174.0
41,all,R7,IF (PointsAjust IS Low) AND (TeamExp IS Medium) AND (Length IS Medium),Medium,0.0,0.0,2532.4477490914833,0.0,2839.60570381269,0.0691823899371069,0.4,0.2727272727272727,2174.0
41,all,R8,IF (PointsAjust IS Medium) AND (TeamExp IS High) AND (Length IS Medium),Medium,0.0,0.0,2532.4477490914833,0.0,2839.60570381269,0.0691823899371069,0.4,0.2727272727272727,2174.0
41,all,R9,IF (PointsAjust IS Low) AND (TeamExp IS Low) AND (Length IS Medium),High,0.9230769230769231,0.7868852459016393,2839.60570381269,2234.443832508346,2839.60570381269,0.0691823899371069,0.4,0.2727272727272727,2174.0
41,all,R10,IF (PointsAjust IS Medium) AND (TeamExp IS Low) AND (Length IS Low),High,0.0,0.0,2839.60570381269,0.0,2839.60570381269,0.0691823899371069,0.4,0.2727272727272727,2174.0
41,all,R11,IF (PointsAjust IS Medium) AND (TeamExp IS Medium) AND (Length IS Medium),Medium,0.0,0.0,2532.4477490914833,0.0,2839.60570381269,0.0691823899371069,0.4,0.2727272727272727,2174.0
41,all,R12,IF (PointsAjust IS High) AND (TeamExp IS High) AND (Length IS Low),Medium,0.0,0.0,2532.4477490914833,0.0,2839.60570381269,0.0691823899371069,0.4,0.2727272727272727,2174.0
41,all,R13,IF (PointsAjust IS High) AND (TeamExp IS Medium) AND (Length IS Low),High,0.0,0.0,2839.60570381269,0.0,2839.60570381269,0.0691823899371069,0.4,0.2727272727272727,2174.0
41,all,R14,IF (PointsAjust IS High) AND (TeamExp IS High) AND (Length IS Medium),High,0.0,0.0,2839.60570381269,0.0,2839.60570381269,0.0691823899371069,0.4,0.2727272727272727,2174.0
41,all,R15,IF (PointsAjust IS Medium) AND (TeamExp IS Low) AND (Length IS Medium),High,0.0,0.0,2839.60570381269,0.0,2839.60570381269,0.0691823899371069,0.4,0.2727272727272727,2174.0
41,all,R16,IF (PointsAjust IS Low) AND (TeamExp IS Low) AND (Length IS High),High,0.25000000000000006,0.2131147540983607,2839.60570381269,605.1618713043439,2839.60570381269,0.0691823899371069,0.4,0.2727272727272727,2174.0
41,all,R17,IF (PointsAjust IS Medium) AND (TeamExp IS High) AND (Length IS High),High,0.0,0.0,2839.60570381269,0.0,2839.60570381269,0.0691823899371069,0.4,0.2727272727272727,2174.0
41,all,R18,IF (PointsAjust IS High) AND (TeamExp IS Medium) AND (Length IS Medium),Very_High,0.0,0.0,8176.375689233053,0.0,2839.60570381269,0.0691823899371069,0.4,0.2727272727272727,2174.0
41,all,R19,IF (PointsAjust IS Medium) AND (TeamExp IS Low) AND (Length IS High),Very_High,0.0,0.0,8176.375689233053,0.0,2839.60570381269,0.0691823899371069,0.4,0.2727272727272727,2174.0
41,all,R20,IF (PointsAjust IS High) AND (TeamExp IS Low) AND (Length IS High),Very_High,0.0,0.0,8176.375689233053,0.0,2839.60570381269,0.0691823899371069,0.4,0.2727272727272727,2174.0
42,all,R1,IF (PointsAjust IS Low) AND (TeamExp IS High) AND (Length IS Low),Very_Low,0.0,0.05,7018.009247811193,350.90046239055965,5137.370298795008,0.3867924528301887,0.6,0.5151515151515151,6699.0
42,all,R2,IF (PointsAjust IS Low) AND (TeamExp IS Medium) AND (Length IS Low),Low,0.0,0.05,6505.941709549677,325.2970854774839,5137.370298795008,0.3867924528301887,0.6,0.5151515151515151,6699.0
42,all,R3,IF (PointsAjust IS Low) AND (TeamExp IS High) AND (Length IS Medium),Low,0.0,0.05,6505.941709549677,325.2970854774839,5137.370298795008,0.3867924528301887,0.6,0.5151515151515151,6699.0
42,all,R4,IF (PointsAjust IS Medium) AND (TeamExp IS High) AND (Length IS Low),Low,0.0,0.05,6505.941709549677,325.2970854774839,5137.370298795008,0.3867924528301887,0.6,0.5151515151515151,6699.0
42,all,R5,IF (PointsAjust IS Low) AND (TeamExp IS Low) AND (Length IS Low),Medium,0.0,0.05,7301.582554770018,365.0791277385009,5137.370298795008,0.3867924528301887,0.6,0.5151515151515151,6699.0
42,all,R6,IF (PointsAjust IS Medium) AND (TeamExp IS Medium) AND (Length IS Low),Medium,0.0,0.05,7301.582554770018,365.0791277385009,5137.370298795008,0.3867924528301887,0.6,0.5151515151515151,6699.0
42,all,R7,IF (PointsAjust IS Low) AND (TeamExp IS Medium) AND (Length IS Medium),Medium,0.0,0.05,7301.582554770018,365.0791277385009,5137.370298795008,0.3867924528301887,0.6,0.5151515151515151,6699.0
42,all,R8,IF (PointsAjust IS Medium) AND (TeamExp IS High) AND (Length IS Medium),Medium,0.0,0.05,7301.582554770018,365.0791277385009,5137.370298795008,0.3867924528301887,0.6,0.5151515151515151,6699.0
42,all,R9,IF (PointsAjust IS Low) AND (TeamExp IS Low) AND (Length IS Medium),High,0.0,0.05,3356.7274947207543,167.83637473603773,5137.370298795008,0.3867924528301887,0.6,0.5151515151515151,6699.0
42,all,R10,IF (PointsAjust IS Medium) AND (TeamExp IS Low) AND (Length IS Low),High,0.0,0.05,3356.7274947207543,167.83637473603773,5137.370298795008,0.3867924528301887,0.6,0.5151515151515151,6699.0
42,all,R11,IF (PointsAjust IS Medium) AND (TeamExp IS Medium) AND (Length IS Medium),Medium,0.0,0.05,7301.582554770018,365.0791277385009,5137.370298795008,0.3867924528301887,0.6,0.5151515151515151,6699.0
42,all,R12,IF (PointsAjust IS High) AND (TeamExp IS High) AND (Length IS Low),Medium,0.0,0.05,7301.582554770018,365.0791277385009,5137.370298795008,0.3867924528301887,0.6,0.5151515151515151,6699.0
42,all,R13,IF (PointsAjust IS High) AND (TeamExp IS Medium) AND (Length IS Low),High,0.0,0.05,3356.7274947207543,167.83637473603773,5137.370298795008,0.3867924528301887,0.6,0.5151515151515151,6699.0
42,all,R14,IF (PointsAjust IS High) AND (TeamExp IS High) AND (Length IS Medium),High,0.0,0.05,3356.7274947207543,167.83637473603773,5137.370298795008,0.3867924528301887,0.6,0.5151515151515151,6699.0
42,all,R15,IF (PointsAjust IS Medium) AND (TeamExp IS Low) AND (Length IS Medium),High,0.0,0.05,3356.7274947207543,167.83637473603773,5137.370298795008,0.3867924528301887,0.6,0.5151515151515151,6699.0
42,all,R16,IF (PointsAjust IS Low) AND (TeamExp IS Low) AND (Length IS High),High,0.0,0.05,3356.7274947207543,167.83637473603773,5137.370298795008,0.3867924528301887,0.6,0.5151515151515151,6699.0
42,all,R17,IF (PointsAjust IS Medium) AND (TeamExp IS High) AND (Length IS High),High,0.0,0.05,3356.7274947207543,167.83637473603773,5137.370298795008,0.3867924528301887,0.6,0.5151515151515151,6699.0
42,all,R18,IF (PointsAjust IS High) AND (TeamExp IS Medium) AND (Length IS Medium),Very_High,0.0,0.05,2968.327935924851,148.41639679624254,5137.370298795008,0.3867924528301887,0.6,0.5151515151515151,6699.0
42,all,R19,IF (PointsAjust IS Medium) AND (TeamExp IS Low) AND (Length IS High),Very_High,0.0,0.05,2968.327935924851,148.41639679624254,5137.370298795008,0.3867924528301887,0.6,0.5151515151515151,6699.0
42,all,R20,IF (PointsAjust IS High) AND (TeamExp IS Low) AND (Length IS High),Very_High,0.0,0.05,2968.327935924851,148.41639679624254,5137.370298795008,0.3867924528301887,0.6,0.5151515151515151,6699.0
43,all,R1,IF (PointsAjust IS Low) AND (TeamExp IS High) AND (Length IS Low),Very_Low,0.0,0.0,5462.308381905896,0.0,4724.275583108754,0.2814465408805031,0.6,0.2424242424242424,4004.0
43,all,R2,IF (PointsAjust IS Low) AND (TeamExp IS Medium) AND (Length IS Low),Low,0.0,0.0,3964.0472271727263,0.0,4724.275583108754,0.2814465408805031,0.6,0.2424242424242424,4004.0
43,all,R3,IF (PointsAjust IS Low) AND (TeamExp IS High) AND (Length IS Medium),Low,0.0,0.0,3964.0472271727263,0.0,4724.275583108754,0.2814465408805031,0.6,0.2424242424242424,4004.0
43,all,R4,IF (PointsAjust IS Medium) AND (TeamExp IS High) AND (Length IS Low),Low,0.0,0.0,3964.0472271727263,0.0,4724.275583108754,0.2814465408805031,0.6,0.2424242424242424,4004.0
43,all,R5,IF (PointsAjust IS Low) AND (TeamExp IS Low) AND (Length IS Low),Medium,0.0,0.0,4660.30264556077,0.0,4724.275583108754,0.2814465408805031,0.6,0.2424242424242424,4004.0
43,all,R6,IF (PointsAjust IS Medium) AND (TeamExp IS Medium) AND (Length IS Low),Medium,0.0,0.0,4660.30264556077,0.0,4724.275583108754,0.2814465408805031,0.6,0.2424242424242424,4004.0
43,all,R7,IF (PointsAjust IS Low) AND (TeamExp IS Medium) AND (Length IS Medium),Medium,0.0,0.0,4660.30264556077,0.0,4724.275583108754,0.2814465408805031,0.6,0.2424242424242424,4004.0
43,all,R8,IF (PointsAjust IS Medium) AND (TeamExp IS High) AND (Length IS Medium),Medium,0.0,0.0,4660.30264556077,0.0,4724.275583108754,0.2814465408805031,0.6,0.2424242424242424,4004.0
43,all,R9,IF (PointsAjust IS Low) AND (TeamExp IS Low) AND (Length IS Medium),High,0.0,0.0,3738.342714303384,0.0,4724.275583108754,0.2814465408805031,0.6,0.2424242424242424,4004.0
43,all,R10,IF (PointsAjust IS Medium) AND (TeamExp IS Low) AND (Length IS Low),High,0.0,0.0,3738.342714303384,0.0,4724.275583108754,0.2814465408805031,0.6,0.2424242424242424,4004.0
43,all,R11,IF (PointsAjust IS Medium) AND (TeamExp IS Medium) AND (Length IS Medium),Medium,1.0,0.9512195121951224,4660.30264556077,4432.970809191954,4724.275583108754,0.2814465408805031,0.6,0.2424242424242424,4004.0
43,all,R12,IF (PointsAjust IS High) AND (TeamExp IS High) AND (Length IS Low),Medium,0.0,0.0,4660.30264556077,0.0,4724.275583108754,0.2814465408805031,0.6,0.2424242424242424,4004.0
43,all,R13,IF (PointsAjust IS High) AND (TeamExp IS Medium) AND (Length IS Low),High,0.0,0.0,3738.342714303384,0.0,4724.275583108754,0.2814465408805031,0.6,0.2424242424242424,4004.0
43,all,R14,IF (PointsAjust IS High) AND (TeamExp IS High) AND (Length IS Medium),High,0.0,0.0,3738.342714303384,0.0,4724.275583108754,0.2814465408805031,0.6,0.2424242424242424,4004.0
43,all,R15,IF (PointsAjust IS Medium) AND (TeamExp IS Low) AND (Length IS Medium),High,0.0,0.0,3738.342714303384,0.0,4724.275583108754,0.2814465408805031,0.6,0.2424242424242424,4004.0
43,all,R16,IF (PointsAjust IS Low) AND (TeamExp IS Low) AND (Length IS High),High,0.0,0.0,3738.342714303384,0.0,4724.275583108754,0.2814465408805031,0.6,0.2424242424242424,4004.0
43,all,R17,IF (PointsAjust IS Medium) AND (TeamExp IS High) AND (Length IS High),High,0.0,0.0,3738.342714303384,0.0,4724.275583108754,0.2814465408805031,0.6,0.2424242424242424,4004.0
43,all,R18,IF (PointsAjust IS High) AND (TeamExp IS Medium) AND (Length IS Medium),Very_High,0.05128205128205081,0.04878048780487762,5971.747865294475,291.3047739168011,4724.275583108754,0.2814465408805031,0.6,0.2424242424242424,4004.0
43,all,R19,IF (PointsAjust IS Medium) AND (TeamExp IS Low) AND (Length IS High),Very_High,0.0,0.0,5971.747865294475,0.0,4724.275583108754,0.2814465408805031,0.6,0.2424242424242424,4004.0
43,all,R20,IF (PointsAjust IS High) AND (TeamExp IS Low) AND (Length IS High),Very_High,0.0,0.0,5971.747865294475,0.0,4724.275583108754,0.2814465408805031,0.6,0.2424242424242424,4004.0
44,all,R1,IF (PointsAjust IS Low) AND (TeamExp IS High) AND (Length IS Low),Very_Low,0.0,0.0,3063.667869683849,0.0,2497.6781162252255,0.0644654088050314,0.6,0.2121212121212121,2331.0
44,all,R2,IF (PointsAjust IS Low) AND (TeamExp IS Medium) AND (Length IS Low),Low,0.3333333333333333,0.2727272727272727,1669.1998874674146,455.2363329456585,2497.6781162252255,0.0644654088050314,0.6,0.2121212121212121,2331.0
44,all,R3,IF (PointsAjust IS Low) AND (TeamExp IS High) AND (Length IS Medium),Low,0.0,0.0,1669.1998874674146,0.0,2497.6781162252255,0.0644654088050314,0.6,0.2121212121212121,2331.0
44,all,R4,IF (PointsAjust IS Medium) AND (TeamExp IS High) AND (Length IS Low),Low,0.0,0.0,1669.1998874674146,0.0,2497.6781162252255,0.0644654088050314,0.6,0.2121212121212121,2331.0
44,all,R5,IF (PointsAjust IS Low) AND (TeamExp IS Low) AND (Length IS Low),Medium,0.0,0.0,2808.3574520094053,0.0,2497.6781162252255,0.0644654088050314,0.6,0.2121212121212121,2331.0
44,all,R6,IF (PointsAjust IS Medium) AND (TeamExp IS Medium) AND (Length IS Low),Medium,0.0,0.0,2808.3574520094053,0.0,2497.6781162252255,0.0644654088050314,0.6,0.2121212121212121,2331.0
44,all,R7,IF (PointsAjust IS Low) AND (TeamExp IS Medium) AND (Length IS Medium),Medium,0.888888888888889,0.7272727272727273,2808.3574520094053,2042.4417832795675,2497.6781162252255,0.0644654088050314,0.6,0.2121212121212121,2331.0
44,all,R8,IF (PointsAjust IS Medium) AND (TeamExp IS High) AND (Length IS Medium),Medium,0.0,0.0,2808.3574520094053,0.0,2497.6781162252255,0.0644654088050314,0.6,0.2121212121212121,2331.0
44,all,R9,IF (PointsAjust IS Low) AND (TeamExp IS Low) AND (Length IS Medium),High,0.0,0.0,3288.5003038597933,0.0,2497.6781162252255,0.0644654088050314,0.6,0.2121212121212121,2331.0
44,all,R10,IF (PointsAjust IS Medium) AND (TeamExp IS Low) AND (Length IS Low),High,0.0,0.0,3288.5003038597933,0.0,2497.6781162252255,0.0644654088050314,0.6,0.2121212121212121,2331.0
44,all,R11,IF (PointsAjust IS Medium) AND (TeamExp IS Medium) AND (Length IS Medium),Medium,0.0,0.0,2808.3574520094053,0.0,2497.6781162252255,0.0644654088050314,0.6,0.2121212121212121,2331.0
44,all,R12,IF (PointsAjust IS High) AND (TeamExp IS High) AND (Length IS Low),Medium,0.0,0.0,2808.3574520094053,0.0,2497.6781162252255,0.0644654088050314,0.6,0.2121212121212121,2331.0
44,all,R13,IF (PointsAjust IS High) AND (TeamExp IS Medium) AND (Length IS Low),High,0.0,0.0,3288.5003038597933,0.0,2497.6781162252255,0.0644654088050314,0.6,0.2121212121212121,2331.0
44,all,R14,IF (PointsAjust IS High) AND (TeamExp IS High) AND (Length IS Medium),High,0.0,0.0,3288.5003038597933,0.0,2497.6781162252255,0.0644654088050314,0.6,0.2121212121212121,2331.0
44,all,R15,IF (PointsAjust IS Medium) AND (TeamExp IS Low) AND (Length IS Medium),High,0.0,0.0,3288.5003038597933,0.0,2497.6781162252255,0.0644654088050314,0.6,0.2121212121212121,2331.0
44,all,R16,IF (PointsAjust IS Low) AND (TeamExp IS Low) AND (Length IS High),High,0.0,0.0,3288.5003038597933,0.0,2497.6781162252255,0.0644654088050314,0.6,0.2121212121212121,2331.0
44,all,R17,IF (PointsAjust IS Medium) AND (TeamExp IS High) AND (Length IS High),High,0.0,0.0,3288.5003038597933,0.0,2497.6781162252255,0.0644654088050314,0.6,0.2121212121212121,2331.0
44,all,R18,IF (PointsAjust IS High) AND (TeamExp IS Medium) AND (Length IS Medium),Very_High,0.0,0.0,8512.938936731953,0.0,2497.6781162252255,0.0644654088050314,0.6,0.2121212121212121,2331.0
44,all,R19,IF (PointsAjust IS Medium) AND (TeamExp IS Low) AND (Length IS High),Very_High,0.0,0.0,8512.938936731953,0.0,2497.6781162252255,0.0644654088050314,0.6,0.2121212121212121,2331.0
44,all,R20,IF (PointsAjust IS High) AND (TeamExp IS Low) AND (Length IS High),Very_High,0.0,0.0,8512.938936731953,0.0,2497.6781162252255,0.0644654088050314,0.6,0.2121212121212121,2331.0
45,all,R1,IF (PointsAjust IS Low) AND (TeamExp IS High) AND (Length IS Low),Very_Low,0.0,0.0,3854.3146714324553,0.0,4366.995657407736,0.2044025157232704,0.8,0.2424242424242424,5817.0
45,all,R2,IF (PointsAjust IS Low) AND (TeamExp IS Medium) AND (Length IS Low),Low,0.0,0.0,3746.0607225581903,0.0,4366.995657407736,0.2044025157232704,0.8,0.2424242424242424,5817.0
45,all,R3,IF (PointsAjust IS Low) AND (TeamExp IS High) AND (Length IS Medium),Low,0.4639175257731959,0.40877922991267657,3746.0607225581903,1531.3118173734617,4366.995657407736,0.2044025157232704,0.8,0.2424242424242424,5817.0
45,all,R4,IF (PointsAjust IS Medium) AND (TeamExp IS High) AND (Length IS Low),Low,0.0,0.0,3746.0607225581903,0.0,4366.995657407736,0.2044025157232704,0.8,0.2424242424242424,5817.0
45,all,R5,IF (PointsAjust IS Low) AND (TeamExp IS Low) AND (Length IS Low),Medium,0.0,0.0,4796.319722690802,0.0,4366.995657407736,0.2044025157232704,0.8,0.2424242424242424,5817.0
45,all,R6,IF (PointsAjust IS Medium) AND (TeamExp IS Medium) AND (Length IS Low),Medium,0.0,0.0,4796.319722690802,0.0,4366.995657407736,0.2044025157232704,0.8,0.2424242424242424,5817.0
45,all,R7,IF (PointsAjust IS Low) AND (TeamExp IS Medium) AND (Length IS Medium),Medium,0.0,0.0,4796.319722690802,0.0,4366.995657407736,0.2044025157232704,0.8,0.2424242424242424,5817.0
45,all,R8,IF (PointsAjust IS Medium) AND (TeamExp IS High) AND (Length IS Medium),Medium,0.6709677419354838,0.5912207700873233,4796.319722690802,2835.683840034273,4366.995657407736,0.2044025157232704,0.8,0.2424242424242424,5817.0
45,all,R9,IF (PointsAjust IS Low) AND (TeamExp IS Low) AND (Length IS Medium),High,0.0,0.0,3872.8596619005352,0.0,4366.995657407736,0.2044025157232704,0.8,0.2424242424242424,5817.0
45,all,R10,IF (PointsAjust IS Medium) AND (TeamExp IS Low) AND (Length IS Low),High,0.0,0.0,3872.8596619005352,0.0,4366.995657407736,0.2044025157232704,0.8,0.2424242424242424,5817.0
45,all,R11,IF (PointsAjust IS Medium) AND (TeamExp IS Medium) AND (Length IS Medium),Medium,0.0,0.0,4796.319722690802,0.0,4366.995657407736,0.2044025157232704,0.8,0.2424242424242424,5817.0
45,all,R12,IF (PointsAjust IS High) AND (TeamExp IS High) AND (Length IS Low),Medium,0.0,0.0,4796.319722690802,0.0,4366.995657407736,0.2044025157232704,0.8,0.2424242424242424,5817.0
45,all,R13,IF (PointsAjust IS High) AND (TeamExp IS Medium) AND (Length IS Low),High,0.0,0.0,3872.8596619005352,0.0,4366.995657407736,0.2044025157232704,0.8,0.2424242424242424,5817.0
45,all,R14,IF (PointsAjust IS High) AND (TeamExp IS High) AND (Length IS Medium),High,0.0,0.0,3872.8596619005352,0.0,4366.995657407736,0.2044025157232704,0.8,0.2424242424242424,5817.0
45,all,R15,IF (PointsAjust IS Medium) AND (TeamExp IS Low) AND (Length IS Medium),High,0.0,0.0,3872.8596619005352,0.0,4366.995657407736,0.2044025157232704,0.8,0.2424242424242424,5817.0
45,all,R16,IF (PointsAjust IS Low) AND (TeamExp IS Low) AND (Length IS High),High,0.0,0.0,3872.8596619005352,0.0,4366.995657407736,0.2044025157232704,0.8,0.2424242424242424,5817.0
45,all,R17,IF (PointsAjust IS Medium) AND (TeamExp IS High) AND (Length IS High),High,0.0,0.0,3872.8596619005352,0.0,4366.995657407736,0.2044025157232704,0.8,0.2424242424242424,5817.0
45,all,R18,IF (PointsAjust IS High) AND (TeamExp IS Medium) AND (Length IS Medium),Very_High,0.0,0.0,6670.41450844505,0.0,4366.995657407736,0.2044025157232704,0.8,0.2424242424242424,5817.0
45,all,R19,IF (PointsAjust IS Medium) AND (TeamExp IS Low) AND (Length IS High),Very_High,0.0,0.0,6670.41450844505,0.0,4366.995657407736,0.2044025157232704,0.8,0.2424242424242424,5817.0
45,all,R20,IF (PointsAjust IS High) AND (TeamExp IS Low) AND (Length IS High),Very_High,0.0,0.0,6670.41450844505,0.0,4366.995657407736,0.2044025157232704,0.8,0.2424242424242424,5817.0
46,all,R1,IF (PointsAjust IS Low) AND (TeamExp IS High) AND (Length IS Low),Very_Low,0.0,0.0,3921.3032511824717,0.0,2794.827414170344,0.1477987421383647,0.6,0.1818181818181818,2989.0
46,all,R2,IF (PointsAjust IS Low) AND (TeamExp IS Medium) AND (Length IS Low),Low,0.5567010309278351,0.4810652021201866,2318.4723186722586,1115.3363545921277,2794.827414170344,0.1477987421383647,0.6,0.1818181818181818,2989.0
46,all,R3,IF (PointsAjust IS Low) AND (TeamExp IS High) AND (Length IS Medium),Low,0.0,0.0,2318.4723186722586,0.0,2794.827414170344,0.1477987421383647,0.6,0.1818181818181818,2989.0
46,all,R4,IF (PointsAjust IS Medium) AND (TeamExp IS High) AND (Length IS Low),Low,0.0,0.0,2318.4723186722586,0.0,2794.827414170344,0.1477987421383647,0.6,0.1818181818181818,2989.0
46,all,R5,IF (PointsAjust IS Low) AND (TeamExp IS Low) AND (Length IS Low),Medium,0.0,0.0,3236.4201946757667,0.0,2794.827414170344,0.1477987421383647,0.6,0.1818181818181818,2989.0
46,all,R6,IF (PointsAjust IS Medium) AND (TeamExp IS Medium) AND (Length IS Low),Medium,0.13763440860215037,0.11893479787981341,3236.4201946757667,384.92298170790866,2794.827414170344,0.1477987421383647,0.6,0.1818181818181818,2989.0
46,all,R7,IF (PointsAjust IS Low) AND (TeamExp IS Medium) AND (Length IS Medium),Medium,0.37113402061855677,0.3207101347467911,3236.4201946757667,1037.9527567317011,2794.827414170344,0.1477987421383647,0.6,0.1818181818181818,2989.0
46,all,R8,IF (PointsAjust IS Medium) AND (TeamExp IS High) AND (Length IS Medium),Medium,0.0,0.0,3236.4201946757667,0.0,2794.827414170344,0.1477987421383647,0.6,0.1818181818181818,2989.0
46,all,R9,IF (PointsAjust IS Low) AND (TeamExp IS Low) AND (Length IS Medium),High,0.0,0.0,3558.8005406441303,0.0,2794.827414170344,0.1477987421383647,0.6,0.1818181818181818,2989.0
46,all,R10,IF (PointsAjust IS Medium) AND (TeamExp IS Low) AND (Length IS Low),High,0.0,0.0,3558.8005406441303,0.0,2794.827414170344,0.1477987421383647,0.6,0.1818181818181818,2989.0
46,all,R11,IF (PointsAjust IS Medium) AND (TeamExp IS Medium) AND (Length IS Medium),Medium,0.0917562724014336,0.07928986525320895,3236.4201946757667,256.61532113860585,2794.827414170344,0.1477987421383647,0.6,0.1818181818181818,2989.0
46,all,R12,IF (PointsAjust IS High) AND (TeamExp IS High) AND (Length IS Low),Medium,0.0,0.0,3236.4201946757667,0.0,2794.827414170344,0.1477987421383647,0.6,0.1818181818181818,2989.0
46,all,R13,IF (PointsAjust IS High) AND (TeamExp IS Medium) AND (Length IS Low),High,0.0,0.0,3558.8005406441303,0.0,2794.827414170344,0.1477987421383647,0.6,0.1818181818181818,2989.0
46,all,R14,IF (PointsAjust IS High) AND (TeamExp IS High) AND (Length IS Medium),High,0.0,0.0,3558.8005406441303,0.0,2794.827414170344,0.1477987421383647,0.6,0.1818181818181818,2989.0
46,all,R15,IF (PointsAjust IS Medium) AND (TeamExp IS Low) AND (Length IS Medium),High,0.0,0.0,3558.8005406441303,0.0,2794.827414170344,0.1477987421383647,0.6,0.1818181818181818,2989.0
46,all,R16,IF (PointsAjust IS Low) AND (TeamExp IS Low) AND (Length IS High),High,0.0,0.0,3558.8005406441303,0.0,2794.827414170344,0.1477987421383647,0.6,0.1818181818181818,2989.0
46,all,R17,IF (PointsAjust IS Medium) AND (TeamExp IS High) AND (Length IS High),High,0.0,0.0,3558.8005406441303,0.0,2794.827414170344,0.1477987421383647,0.6,0.1818181818181818,2989.0
46,all,R18,IF (PointsAjust IS High) AND (TeamExp IS Medium) AND (Length IS Medium),Very_High,0.0,0.0,7824.637033453323,0.0,2794.827414170344,0.1477987421383647,0.6,0.1818181818181818,2989.0
46,all,R19,IF (PointsAjust IS Medium) AND (TeamExp IS Low) AND (Length IS High),Very_High,0.0,0.0,7824.637033453323,0.0,2794.827414170344,0.1477987421383647,0.6,0.1818181818181818,2989.0
46,all,R20,IF (PointsAjust IS High) AND (TeamExp IS Low) AND (Length IS High),Very_High,0.0,0.0,7824.637033453323,0.0,2794.827414170344,0.1477987421383647,0.6,0.1818181818181818,2989.0
47,all,R1,IF (PointsAjust IS Low) AND (TeamExp IS High) AND (Length IS Low),Very_Low,1.0,1.0,2676.536540438547,2676.536540438547,2676.536540438547,0.1084905660377358,0.8,0.1515151515151515,3136.0
47,all,R2,IF (PointsAjust IS Low) AND (TeamExp IS Medium) AND (Length IS Low),Low,0.0,0.0,2302.7452957526484,0.0,2676.536540438547,0.1084905660377358,0.8,0.1515151515151515,3136.0
47,all,R3,IF (PointsAjust IS Low) AND (TeamExp IS High) AND (Length IS Medium),Low,0.0,0.0,2302.7452957526484,0.0,2676.536540438547,0.1084905660377358,0.8,0.1515151515151515,3136.0
47,all,R4,IF (PointsAjust IS Medium) AND (TeamExp IS High) AND (Length IS Low),Low,0.0,0.0,2302.7452957526484,0.0,2676.536540438547,0.1084905660377358,0.8,0.1515151515151515,3136.0
47,all,R5,IF (PointsAjust IS Low) AND (TeamExp IS Low) AND (Length IS Low),Medium,0.0,0.0,3454.3207990254923,0.0,2676.536540438547,0.1084905660377358,0.8,0.1515151515151515,3136.0
47,all,R6,IF (PointsAjust IS Medium) AND (TeamExp IS Medium) AND (Length IS Low),Medium,0.0,0.0,3454.3207990254923,0.0,2676.536540438547,0.1084905660377358,0.8,0.1515151515151515,3136.0
47,all,R7,IF (PointsAjust IS Low) AND (TeamExp IS Medium) AND (Length IS Medium),Medium,0.0,0.0,3454.3207990254923,0.0,2676.536540438547,0.1084905660377358,0.8,0.1515151515151515,3136.0
47,all,R8,IF (PointsAjust IS Medium) AND (TeamExp IS High) AND (Length IS Medium),Medium,0.0,0.0,3454.3207990254923,0.0,2676.536540438547,0.1084905660377358,0.8,0.1515151515151515,3136.0
47,all,R9,IF (PointsAjust IS Low) AND (TeamExp IS Low) AND (Length IS Medium),High,0.0,0.0,3854.2766948182366,0.0,2676.536540438547,0.1084905660377358,0.8,0.1515151515151515,3136.0
47,all,R10,IF (PointsAjust IS Medium) AND (TeamExp IS Low) AND (Length IS Low),High,0.0,0.0,3854.2766948182366,0.0,2676.536540438547,0.1084905660377358,0.8,0.1515151515151515,3136.0
47,all,R11,IF (PointsAjust IS Medium) AND (TeamExp IS Medium) AND (Length IS Medium),Medium,0.0,0.0,3454.3207990254923,0.0,2676.536540438547,0.1084905660377358,0.8,0.1515151515151515,3136.0
47,all,R12,IF (PointsAjust IS High) AND (TeamExp IS High) AND (Length IS Low),Medium,0.0,0.0,3454.3207990254923,0.0,2676.536540438547,0.1084905660377358,0.8,0.1515151515151515,3136.0
47,all,R13,IF (PointsAjust IS High) AND (TeamExp IS Medium) AND (Length IS Low),High,0.0,0.0,3854.2766948182366,0.0,2676.536540438547,0.1084905660377358,0.8,0.1515151515151515,3136.0
47,all,R14,IF (PointsAjust IS High) AND (TeamExp IS High) AND (Length IS Medium),High,0.0,0.0,3854.2766948182366,0.0,2676.536540438547,0.1084905660377358,0.8,0.1515151515151515,3136.0
47,all,R15,IF (PointsAjust IS Medium) AND (TeamExp IS Low) AND (Length IS Medium),High,0.0,0.0,3854.2766948182366,0.0,2676.536540438547,0.1084905660377358,0.8,0.1515151515151515,3136.0
47,all,R16,IF (PointsAjust IS Low) AND (TeamExp IS Low) AND (Length IS High),High,0.0,0.0,3854.2766948182366,0.0,2676.536540438547,0.1084905660377358,0.8,0.1515151515151515,3136.0
47,all,R17,IF (PointsAjust IS Medium) AND (TeamExp IS High) AND (Length IS High),High,0.0,0.0,3854.2766948182366,0.0,2676.536540438547,0.1084905660377358,0.8,0.1515151515151515,3136.0
47,all,R18,IF (PointsAjust IS High) AND (TeamExp IS Medium) AND (Length IS Medium),Very_High,0.0,0.0,8325.3436385963,0.0,2676.536540438547,0.1084905660377358,0.8,0.1515151515151515,3136.0
47,all,R19,IF (PointsAjust IS Medium) AND (TeamExp IS Low) AND (Length IS High),Very_High,0.0,0.0,8325.3436385963,0.0,2676.536540438547,0.1084905660377358,0.8,0.1515151515151515,3136.0
47,all,R20,IF (PointsAjust IS High) AND (TeamExp IS Low) AND (Length IS High),Very_High,0.0,0.0,8325.3436385963,0.0,2676.536540438547,0.1084905660377358,0.8,0.1515151515151515,3136.0
48,all,R1,IF (PointsAjust IS Low) AND (TeamExp IS High) AND (Length IS Low),Very_Low,0.0,0.0,4480.347382994877,0.0,2789.1546760012448,0.1069182389937107,0.4,0.3333333333333333,2583.0
48,all,R2,IF (PointsAjust IS Low) AND (TeamExp IS Medium) AND (Length IS Low),Low,0.0,0.0,2218.8021985344562,0.0,2789.1546760012448,0.1069182389937107,0.4,0.3333333333333333,2583.0
48,all,R3,IF (PointsAjust IS Low) AND (TeamExp IS High) AND (Length IS Medium),Low,0.0,0.0,2218.8021985344562,0.0,2789.1546760012448,0.1069182389937107,0.4,0.3333333333333333,2583.0
48,all,R4,IF (PointsAjust IS Medium) AND (TeamExp IS High) AND (Length IS Low),Low,0.0,0.0,2218.8021985344562,0.0,2789.1546760012448,0.1069182389937107,0.4,0.3333333333333333,2583.0
48,all,R5,IF (PointsAjust IS Low) AND (TeamExp IS Low) AND (Length IS Low),Medium,0.0,0.0,3228.1601261059013,0.0,2789.1546760012448,0.1069182389937107,0.4,0.3333333333333333,2583.0
48,all,R6,IF (PointsAjust IS Medium) AND (TeamExp IS Medium) AND (Length IS Low),Medium,0.0,0.0,3228.1601261059013,0.0,2789.1546760012448,0.1069182389937107,0.4,0.3333333333333333,2583.0
48,all,R7,IF (PointsAjust IS Low) AND (TeamExp IS Medium) AND (Length IS Medium),Medium,0.0,0.0,3228.1601261059013,0.0,2789.1546760012448,0.1069182389937107,0.4,0.3333333333333333,2583.0
48,all,R8,IF (PointsAjust IS Medium) AND (TeamExp IS High) AND (Length IS Medium),Medium,0.0,0.0,3228.1601261059013,0.0,2789.1546760012448,0.1069182389937107,0.4,0.3333333333333333,2583.0
48,all,R9,IF (PointsAjust IS Low) AND (TeamExp IS Low) AND (Length IS Medium),High,0.30769230769230754,0.2909090909090908,2789.1546760012448,811.3904512003618,2789.1546760012448,0.1069182389937107,0.4,0.3333333333333333,2583.0
48,all,R10,IF (PointsAjust IS Medium) AND (TeamExp IS Low) AND (Length IS Low),High,0.0,0.0,2789.1546760012448,0.0,2789.1546760012448,0.1069182389937107,0.4,0.3333333333333333,2583.0
48,all,R11,IF (PointsAjust IS Medium) AND (TeamExp IS Medium) AND (Length IS Medium),Medium,0.0,0.0,3228.1601261059013,0.0,2789.1546760012448,0.1069182389937107,0.4,0.3333333333333333,2583.0
48,all,R12,IF (PointsAjust IS High) AND (TeamExp IS High) AND (Length IS Low),Medium,0.0,0.0,3228.1601261059013,0.0,2789.1546760012448,0.1069182389937107,0.4,0.3333333333333333,2583.0
48,all,R13,IF (PointsAjust IS High) AND (TeamExp IS Medium) AND (Length IS Low),High,0.0,0.0,2789.1546760012448,0.0,2789.1546760012448,0.1069182389937107,0.4,0.3333333333333333,2583.0
48,all,R14,IF (PointsAjust IS High) AND (TeamExp IS High) AND (Length IS Medium),High,0.0,0.0,2789.1546760012448,0.0,2789.1546760012448,0.1069182389937107,0.4,0.3333333333333333,2583.0
48,all,R15,IF (PointsAjust IS Medium) AND (TeamExp IS Low) AND (Length IS Medium),High,0.0,0.0,2789.1546760012448,0.0,2789.1546760012448,0.1069182389937107,0.4,0.3333333333333333,2583.0
48,all,R16,IF (PointsAjust IS Low) AND (TeamExp IS Low) AND (Length IS High),High,0.7500000000000002,0.7090909090909093,2789.1546760012448,1977.7642248008833,2789.1546760012448,0.1069182389937107,0.4,0.3333333333333333,2583.0
48,all,R17,IF (PointsAjust IS Medium) AND (TeamExp IS High) AND (Length IS High),High,0.0,0.0,2789.1546760012448,0.0,2789.1546760012448,0.1069182389937107,0.4,0.3333333333333333,2583.0
48,all,R18,IF (PointsAjust IS High) AND (TeamExp IS Medium) AND (Length IS Medium),Very_High,0.0,0.0,7354.895272161548,0.0,2789.1546760012448,0.1069182389937107,0.4,0.3333333333333333,2583.0
48,all,R19,IF (PointsAjust IS Medium) AND (TeamExp IS Low) AND (Length IS High),Very_High,0.0,0.0,7354.895272161548,0.0,2789.1546760012448,0.1069182389937107,0.4,0.3333333333333333,2583.0
48,all,R20,IF (PointsAjust IS High) AND (TeamExp IS Low) AND (Length IS High),Very_High,0.0,0.0,7354.895272161548,0.0,2789.1546760012448,0.1069182389937107,0.4,0.3333333333333333,2583.0
49,all,R1,IF (PointsAjust IS Low) AND (TeamExp IS High) AND (Length IS Low),Very_Low,0.0,0.0,4906.561505209625,0.0,3418.270663003347,0.1462264150943396,0.4,0.3333333333333333,3647.0
49,all,R2,IF (PointsAjust IS Low) AND (TeamExp IS Medium) AND (Length IS Low),Low,0.0,0.0,2604.158189491283,0.0,3418.270663003347,0.1462264150943396,0.4,0.3333333333333333,3647.0
49,all,R3,IF (PointsAjust IS Low) AND (TeamExp IS High) AND (Length IS Medium),Low,0.0,0.0,2604.158189491283,0.0,3418.270663003347,0.1462264150943396,0.4,0.3333333333333333,3647.0
49,all,R4,IF (PointsAjust IS Medium) AND (TeamExp IS High) AND (Length IS Low),Low,0.0,0.0,2604.158189491283,0.0,3418.270663003347,0.1462264150943396,0.4,0.3333333333333333,3647.0
49,all,R5,IF (PointsAjust IS Low) AND (TeamExp IS Low) AND (Length IS Low),Medium,0.0,0.0,3526.590484249583,0.0,3418.270663003347,0.1462264150943396,0.4,0.3333333333333333,3647.0
49,all,R6,IF (PointsAjust IS Medium) AND (TeamExp IS Medium) AND (Length IS Low),Medium,0.0,0.0,3526.590484249583,0.0,3418.270663003347,0.1462264150943396,0.4,0.3333333333333333,3647.0
49,all,R7,IF (PointsAjust IS Low) AND (TeamExp IS Medium) AND (Length IS Medium),Medium,0.0,0.0,3526.590484249583,0.0,3418.270663003347,0.1462264150943396,0.4,0.3333333333333333,3647.0
49,all,R8,IF (PointsAjust IS Medium) AND (TeamExp IS High) AND (Length IS Medium),Medium,0.0,0.0,3526.590484249583,0.0,3418.270663003347,0.1462264150943396,0.4,0.3333333333333333,3647.0
49,all,R9,IF (PointsAjust IS Low) AND (TeamExp IS Low) AND (Length IS Medium),High,0.26011102299762073,0.2367128390175763,2883.4141848007116,682.5411577477269,3418.270663003347,0.1462264150943396,0.4,0.3333333333333333,3647.0
49,all,R10,IF (PointsAjust IS Medium) AND (TeamExp IS Low) AND (Length IS Low),High,0.0,0.0,2883.4141848007116,0.0,3418.270663003347,0.1462264150943396,0.4,0.3333333333333333,3647.0
49,all,R11,IF (PointsAjust IS Medium) AND (TeamExp IS Medium) AND (Length IS Medium),Medium,0.0,0.0,3526.590484249583,0.0,3418.270663003347,0.1462264150943396,0.4,0.3333333333333333,3647.0
49,all,R12,IF (PointsAjust IS High) AND (TeamExp IS High) AND (Length IS Low),Medium,0.0,0.0,3526.590484249583,0.0,3418.270663003347,0.1462264150943396,0.4,0.3333333333333333,3647.0
49,all,R13,IF (PointsAjust IS High) AND (TeamExp IS Medium) AND (Length IS Low),High,0.0,0.0,2883.4141848007116,0.0,3418.270663003347,0.1462264150943396,0.4,0.3333333333333333,3647.0
49,all,R14,IF (PointsAjust IS High) AND (TeamExp IS High) AND (Length IS Medium),High,0.0,0.0,2883.4141848007116,0.0,3418.270663003347,0.1462264150943396,0.4,0.3333333333333333,3647.0
49,all,R15,IF (PointsAjust IS Medium) AND (TeamExp IS Low) AND (Length IS Medium),High,0.05955334987593057,0.05419625189151441,2883.4141848007116,156.27024146702504,3418.270663003347,0.1462264150943396,0.4,0.3333333333333333,3647.0
49,all,R16,IF (PointsAjust IS Low) AND (TeamExp IS Low) AND (Length IS High),High,0.634020618556701,0.5769875451053427,2883.4141848007116,1663.6940720100854,3418.270663003347,0.1462264150943396,0.4,0.3333333333333333,3647.0
49,all,R17,IF (PointsAjust IS Medium) AND (TeamExp IS High) AND (Length IS High),High,0.0,0.0,2883.4141848007116,0.0,3418.270663003347,0.1462264150943396,0.4,0.3333333333333333,3647.0
49,all,R18,IF (PointsAjust IS High) AND (TeamExp IS Medium) AND (Length IS Medium),Very_High,0.0,0.0,6932.186767617555,0.0,3418.270663003347,0.1462264150943396,0.4,0.3333333333333333,3647.0
49,all,R19,IF (PointsAjust IS Medium) AND (TeamExp IS Low) AND (Length IS High),Very_High,0.14516129032258088,0.1321033639855665,6932.186767617555,915.7651917785096,3418.270663003347,0.1462264150943396,0.4,0.3333333333333333,3647.0
49,all,R20,IF (PointsAjust IS High) AND (TeamExp IS Low) AND (Length IS High),Very_High,0.0,0.0,6932.186767617555,0.0,3418.270663003347,0.1462264150943396,0.4,0.3333333333333333,3647.0
50,all,R1,IF (PointsAjust IS Low) AND (TeamExp IS High) AND (Length IS Low),Very_Low,0.0,0.05,6731.742154216226,336.5871077108113,5555.149716955966,0.4528301886792453,0.8,0.3636363636363636,8232.0
50,all,R2,IF (PointsAjust IS Low) AND (TeamExp IS Medium) AND (Length IS Low),Low,0.0,0.05,6852.239663899851,342.61198319499255,5555.149716955966,0.4528301886792453,0.8,0.3636363636363636,8232.0
50,all,R3,IF (PointsAjust IS Low) AND (TeamExp IS High) AND (Length IS Medium),Low,0.0,0.05,6852.239663899851,342.61198319499255,5555.149716955966,0.4528301886792453,0.8,0.3636363636363636,8232.0
50,all,R4,IF (PointsAjust IS Medium) AND (TeamExp IS High) AND (Length IS Low),Low,0.0,0.05,6852.239663899851,342.61198319499255,5555.149716955966,0.4528301886792453,0.8,0.3636363636363636,8232.0
50,all,R5,IF (PointsAjust IS Low) AND (TeamExp IS Low) AND (Length IS Low),Medium,0.0,0.05,7500.83805255184,375.041902627592,5555.149716955966,0.4528301886792453,0.8,0.3636363636363636,8232.0
50,all,R6,IF (PointsAjust IS Medium) AND (TeamExp IS Medium) AND (Length IS Low),Medium,0.0,0.05,7500.83805255184,375.041902627592,5555.149716955966,0.4528301886792453,0.8,0.3636363636363636,8232.0
50,all,R7,IF (PointsAjust IS Low) AND (TeamExp IS Medium) AND (Length IS Medium),Medium,0.0,0.05,7500.83805255184,375.041902627592,5555.149716955966,0.4528301886792453,0.8,0.3636363636363636,8232.0
50,all,R8,IF (PointsAjust IS Medium) AND (TeamExp IS High) AND (Length IS Medium),Medium,0.0,0.05,7500.83805255184,375.041902627592,5555.149716955966,0.4528301886792453,0.8,0.3636363636363636,8232.0
50,all,R9,IF (PointsAjust IS Low) AND (TeamExp IS Low) AND (Length IS Medium),High,0.0,0.05,4186.699444995299,209.33497224976497,5555.149716955966,0.4528301886792453,0.8,0.3636363636363636,8232.0
50,all,R10,IF (PointsAjust IS Medium) AND (TeamExp IS Low) AND (Length IS Low),High,0.0,0.05,4186.699444995299,209.33497224976497,5555.149716955966,0.4528301886792453,0.8,0.3636363636363636,8232.0
50,all,R11,IF (PointsAjust IS Medium) AND (TeamExp IS Medium) AND (Length IS Medium),Medium,0.0,0.05,7500.83805255184,375.041902627592,5555.149716955966,0.4528301886792453,0.8,0.3636363636363636,8232.0
50,all,R12,IF (PointsAjust IS High) AND (TeamExp IS High) AND (Length IS Low),Medium,0.0,0.05,7500.83805255184,375.041902627592,5555.149716955966,0.4528301886792453,0.8,0.3636363636363636,8232.0
50,all,R13,IF (PointsAjust IS High) AND (TeamExp IS Medium) AND (Length IS Low),High,0.0,0.05,4186.699444995299,209.33497224976497,5555.149716955966,0.4528301886792453,0.8,0.3636363636363636,8232.0
50,all,R14,IF (PointsAjust IS High) AND (TeamExp IS High) AND (Length IS Medium),High,0.0,0.05,4186.699444995299,209.33497224976497,5555.149716955966,0.4528301886792453,0.8,0.3636363636363636,8232.0
50,all,R15,IF (PointsAjust IS Medium) AND (TeamExp IS Low) AND (Length IS Medium),High,0.0,0.05,4186.699444995299,209.33497224976497,5555.149716955966,0.4528301886792453,0.8,0.3636363636363636,8232.0
50,all,R16,IF (PointsAjust IS Low) AND (TeamExp IS Low) AND (Length IS High),High,0.0,0.05,4186.699444995299,209.33497224976497,5555.149716955966,0.4528301886792453,0.8,0.3636363636363636,8232.0
50,all,R17,IF (PointsAjust IS Medium) AND (TeamExp IS High) AND (Length IS High),High,0.0,0.05,4186.699444995299,209.33497224976497,5555.149716955966,0.4528301886792453,0.8,0.3636363636363636,8232.0
50,all,R18,IF (PointsAjust IS High) AND (TeamExp IS Medium) AND (Length IS Medium),Very_High,0.0,0.05,3167.5362543084702,158.3768127154235,5555.149716955966,0.4528301886792453,0.8,0.3636363636363636,8232.0
50,all,R19,IF (PointsAjust IS Medium) AND (TeamExp IS Low) AND (Length IS High),Very_High,0.0,0.05,3167.5362543084702,158.3768127154235,5555.149716955966,0.4528301886792453,0.8,0.3636363636363636,8232.0
50,all,R20,IF (PointsAjust IS High) AND (TeamExp IS Low) AND (Length IS High),Very_High,0.0,0.05,3167.5362543084702,158.3768127154235,5555.149716955966,0.4528301886792453,0.8,0.3636363636363636,8232.0
51,all,R1,IF (PointsAjust IS Low) AND (TeamExp IS High) AND (Length IS Low),Very_Low,0.0,0.0,4463.2988181062865,0.0,2785.384295649266,0.1053459119496855,0.4,0.3333333333333333,3276.0
51,all,R2,IF (PointsAjust IS Low) AND (TeamExp IS Medium) AND (Length IS Low),Low,0.0,0.0,2203.3879588961827,0.0,2785.384295649266,0.1053459119496855,0.4,0.3333333333333333,3276.0
51,all,R3,IF (PointsAjust IS Low) AND (TeamExp IS High) AND (Length IS Medium),Low,0.0,0.0,2203.3879588961827,0.0,2785.384295649266,0.1053459119496855,0.4,0.3333333333333333,3276.0
51,all,R4,IF (PointsAjust IS Medium) AND (TeamExp IS High) AND (Length IS Low),Low,0.0,0.0,2203.3879588961827,0.0,2785.384295649266,0.1053459119496855,0.4,0.3333333333333333,3276.0
51,all,R5,IF (PointsAjust IS Low) AND (TeamExp IS Low) AND (Length IS Low),Medium,0.0,0.0,3216.2229117801544,0.0,2785.384295649266,0.1053459119496855,0.4,0.3333333333333333,3276.0
51,all,R6,IF (PointsAjust IS Medium) AND (TeamExp IS Medium) AND (Length IS Low),Medium,0.0,0.0,3216.2229117801544,0.0,2785.384295649266,0.1053459119496855,0.4,0.3333333333333333,3276.0
51,all,R7,IF (PointsAjust IS Low) AND (TeamExp IS Medium) AND (Length IS Medium),Medium,0.0,0.0,3216.2229117801544,0.0,2785.384295649266,0.1053459119496855,0.4,0.3333333333333333,3276.0
51,all,R8,IF (PointsAjust IS Medium) AND (TeamExp IS High) AND (Length IS Medium),Medium,0.0,0.0,3216.2229117801544,0.0,2785.384295649266,0.1053459119496855,0.4,0.3333333333333333,3276.0
51,all,R9,IF (PointsAjust IS Low) AND (TeamExp IS Low) AND (Length IS Medium),High,0.30769230769230754,0.2909090909090908,2785.384295649266,810.2936132797861,2785.384295649266,0.1053459119496855,0.4,0.3333333333333333,3276.0
51,all,R10,IF (PointsAjust IS Medium) AND (TeamExp IS Low) AND (Length IS Low),High,0.0,0.0,2785.384295649266,0.0,2785.384295649266,0.1053459119496855,0.4,0.3333333333333333,3276.0
51,all,R11,IF (PointsAjust IS Medium) AND (TeamExp IS Medium) AND (Length IS Medium),Medium,0.0,0.0,3216.2229117801544,0.0,2785.384295649266,0.1053459119496855,0.4,0.3333333333333333,3276.0
51,all,R12,IF (PointsAjust IS High) AND (TeamExp IS High) AND (Length IS Low),Medium,0.0,0.0,3216.2229117801544,0.0,2785.384295649266,0.1053459119496855,0.4,0.3333333333333333,3276.0
51,all,R13,IF (PointsAjust IS High) AND (TeamExp IS Medium) AND (Length IS Low),High,0.0,0.0,2785.384295649266,0.0,2785.384295649266,0.1053459119496855,0.4,0.3333333333333333,3276.0
51,all,R14,IF (PointsAjust IS High) AND (TeamExp IS High) AND (Length IS Medium),High,0.0,0.0,2785.384295649266,0.0,2785.384295649266,0.1053459119496855,0.4,0.3333333333333333,3276.0
51,all,R15,IF (PointsAjust IS Medium) AND (TeamExp IS Low) AND (Length IS Medium),High,0.0,0.0,2785.384295649266,0.0,2785.384295649266,0.1053459119496855,0.4,0.3333333333333333,3276.0
51,all,R16,IF (PointsAjust IS Low) AND (TeamExp IS Low) AND (Length IS High),High,0.7500000000000002,0.7090909090909093,2785.384295649266,1975.09068236948,2785.384295649266,0.1053459119496855,0.4,0.3333333333333333,3276.0
51,all,R17,IF (PointsAjust IS Medium) AND (TeamExp IS High) AND (Length IS High),High,0.0,0.0,2785.384295649266,0.0,2785.384295649266,0.1053459119496855,0.4,0.3333333333333333,3276.0
51,all,R18,IF (PointsAjust IS High) AND (TeamExp IS Medium) AND (Length IS Medium),Very_High,0.0,0.0,7371.8036123433085,0.0,2785.384295649266,0.1053459119496855,0.4,0.3333333333333333,3276.0
51,all,R19,IF (PointsAjust IS Medium) AND (TeamExp IS Low) AND (Length IS High),Very_High,0.0,0.0,7371.8036123433085,0.0,2785.384295649266,0.1053459119496855,0.4,0.3333333333333333,3276.0
51,all,R20,IF (PointsAjust IS High) AND (TeamExp IS Low) AND (Length IS High),Very_High,0.0,0.0,7371.8036123433085,0.0,2785.384295649266,0.1053459119496855,0.4,0.3333333333333333,3276.0
52,all,R1,IF (PointsAjust IS Low) AND (TeamExp IS High) AND (Length IS Low),Very_Low,0.0,0.0,4450.03023660562,0.0,2944.6560963117577,0.1210691823899371,0.4,0.2121212121212121,2723.0
52,all,R2,IF (PointsAjust IS Low) AND (TeamExp IS Medium) AND (Length IS Low),Low,0.0,0.0,1686.8012767844007,0.0,2944.6560963117577,0.1210691823899371,0.4,0.2121212121212121,2723.0
52,all,R3,IF (PointsAjust IS Low) AND (TeamExp IS High) AND (Length IS Medium),Low,0.0,0.0,1686.8012767844007,0.0,2944.6560963117577,0.1210691823899371,0.4,0.2121212121212121,2723.0
52,all,R4,IF (PointsAjust IS Medium) AND (TeamExp IS High) AND (Length IS Low),Low,0.0,0.0,1686.8012767844007,0.0,2944.6560963117577,0.1210691823899371,0.4,0.2121212121212121,2723.0
52,all,R5,IF (PointsAjust IS Low) AND (TeamExp IS Low) AND (Length IS Low),Medium,0.3333333333333333,0.2727272727272727,2517.156588644658,686.497251448543,2944.6560963117577,0.1210691823899371,0.4,0.2121212121212121,2723.0
52,all,R6,IF (PointsAjust IS Medium) AND (TeamExp IS Medium) AND (Length IS Low),Medium,0.0,0.0,2517.156588644658,0.0,2944.6560963117577,0.1210691823899371,0.4,0.2121212121212121,2723.0
52,all,R7,IF (PointsAjust IS Low) AND (TeamExp IS Medium) AND (Length IS Medium),Medium,0.0,0.0,2517.156588644658,0.0,2944.6560963117577,0.1210691823899371,0.4,0.2121212121212121,2723.0
52,all,R8,IF (PointsAjust IS Medium) AND (TeamExp IS High) AND (Length IS Medium),Medium,0.0,0.0,2517.156588644658,0.0,2944.6560963117577,0.1210691823899371,0.4,0.2121212121212121,2723.0
52,all,R9,IF (PointsAjust IS Low) AND (TeamExp IS Low) AND (Length IS Medium),High,0.888888888888889,0.7272727272727273,3104.9684116869203,2258.1588448632147,2944.6560963117577,0.1210691823899371,0.4,0.2121212121212121,2723.0
52,all,R10,IF (PointsAjust IS Medium) AND (TeamExp IS Low) AND (Length IS Low),High,0.0,0.0,3104.9684116869203,0.0,2944.6560963117577,0.1210691823899371,0.4,0.2121212121212121,2723.0
52,all,R11,IF (PointsAjust IS Medium) AND (TeamExp IS Medium) AND (Length IS Medium),Medium,0.0,0.0,2517.156588644658,0.0,2944.6560963117577,0.1210691823899371,0.4,0.2121212121212121,2723.0
52,all,R12,IF (PointsAjust IS High) AND (TeamExp IS High) AND (Length IS Low),Medium,0.0,0.0,2517.156588644658,0.0,2944.6560963117577,0.1210691823899371,0.4,0.2121212121212121,2723.0
52,all,R13,IF (PointsAjust IS High) AND (TeamExp IS Medium) AND (Length IS Low),High,0.0,0.0,3104.9684116869203,0.0,2944.6560963117577,0.1210691823899371,0.4,0.2121212121212121,2723.0
52,all,R14,IF (PointsAjust IS High) AND (TeamExp IS High) AND (Length IS Medium),High,0.0,0.0,3104.9684116869203,0.0,2944.6560963117577,0.1210691823899371,0.4,0.2121212121212121,2723.0
52,all,R15,IF (PointsAjust IS Medium) AND (TeamExp IS Low) AND (Length IS Medium),High,0.0,0.0,3104.9684116869203,0.0,2944.6560963117577,0.1210691823899371,0.4,0.2121212121212121,2723.0
52,all,R16,IF (PointsAjust IS Low) AND (TeamExp IS Low) AND (Length IS High),High,0.0,0.0,3104.9684116869203,0.0,2944.6560963117577,0.1210691823899371,0.4,0.2121212121212121,2723.0
52,all,R17,IF (PointsAjust IS Medium) AND (TeamExp IS High) AND (Length IS High),High,0.0,0.0,3104.9684116869203,0.0,2944.6560963117577,0.1210691823899371,0.4,0.2121212121212121,2723.0
52,all,R18,IF (PointsAjust IS High) AND (TeamExp IS Medium) AND (Length IS Medium),Very_High,0.0,0.0,8034.080715944254,0.0,2944.6560963117577,0.1210691823899371,0.4,0.2121212121212121,2723.0
52,all,R19,IF (PointsAjust IS Medium) AND (TeamExp IS Low) AND (Length IS High),Very_High,0.0,0.0,8034.080715944254,0.0,2944.6560963117577,0.1210691823899371,0.4,0.2121212121212121,2723.0
52,all,R20,IF (PointsAjust IS High) AND (TeamExp IS Low) AND (Length IS High),Very_High,0.0,0.0,8034.080715944254,0.0,2944.6560963117577,0.1210691823899371,0.4,0.2121212121212121,2723.0
53,all,R1,IF (PointsAjust IS Low) AND (TeamExp IS High) AND (Length IS Low),Very_Low,0.4123711340206184,0.3592536794530072,3755.8032654888393,1349.2861424284852,3369.176664485286,0.2122641509433962,0.8,0.1212121212121212,3472.0
53,all,R2,IF (PointsAjust IS Low) AND (TeamExp IS Medium) AND (Length IS Low),Low,0.0,0.0,3152.402842255043,0.0,3369.176664485286,0.2122641509433962,0.8,0.1212121212121212,3472.0
53,all,R3,IF (PointsAjust IS Low) AND (TeamExp IS High) AND (Length IS Medium),Low,0.0,0.0,3152.402842255043,0.0,3369.176664485286,0.2122641509433962,0.8,0.1212121212121212,3472.0
53,all,R4,IF (PointsAjust IS Medium) AND (TeamExp IS High) AND (Length IS Low),Low,0.735483870967742,0.6407463205469928,3152.402842255043,2019.890522056801,3369.176664485286,0.2122641509433962,0.8,0.1212121212121212,3472.0
53,all,R5,IF (PointsAjust IS Low) AND (TeamExp IS Low) AND (Length IS Low),Medium,0.0,0.0,4037.56732792657,0.0,3369.176664485286,0.2122641509433962,0.8,0.1212121212121212,3472.0
53,all,R6,IF (PointsAjust IS Medium) AND (TeamExp IS Medium) AND (Length IS Low),Medium,0.0,0.0,4037.56732792657,0.0,3369.176664485286,0.2122641509433962,0.8,0.1212121212121212,3472.0
53,all,R7,IF (PointsAjust IS Low) AND (TeamExp IS Medium) AND (Length IS Medium),Medium,0.0,0.0,4037.56732792657,0.0,3369.176664485286,0.2122641509433962,0.8,0.1212121212121212,3472.0
53,all,R8,IF (PointsAjust IS Medium) AND (TeamExp IS High) AND (Length IS Medium),Medium,0.0,0.0,4037.56732792657,0.0,3369.176664485286,0.2122641509433962,0.8,0.1212121212121212,3472.0
53,all,R9,IF (PointsAjust IS Low) AND (TeamExp IS Low) AND (Length IS Medium),High,0.0,0.0,4173.591876178296,0.0,3369.176664485286,0.2122641509433962,0.8,0.1212121212121212,3472.0
53,all,R10,IF (PointsAjust IS Medium) AND (TeamExp IS Low) AND (Length IS Low),High,0.0,0.0,4173.591876178296,0.0,3369.176664485286,0.2122641509433962,0.8,0.1212121212121212,3472.0
53,all,R11,IF (PointsAjust IS Medium) AND (TeamExp IS Medium) AND (Length IS Medium),Medium,0.0,0.0,4037.56732792657,0.0,3369.176664485286,0.2122641509433962,0.8,0.1212121212121212,3472.0
53,all,R12,IF (PointsAjust IS High) AND (TeamExp IS High) AND (Length IS Low),Medium,0.0,0.0,4037.56732792657,0.0,3369.176664485286,0.2122641509433962,0.8,0.1212121212121212,3472.0
53,all,R13,IF (PointsAjust IS High) AND (TeamExp IS Medium) AND (Length IS Low),High,0.0,0.0,4173.591876178296,0.0,3369.176664485286,0.2122641509433962,0.8,0.1212121212121212,3472.0
53,all,R14,IF (PointsAjust IS High) AND (TeamExp IS High) AND (Length IS Medium),High,0.0,0.0,4173.591876178296,0.0,3369.176664485286,0.2122641509433962,0.8,0.1212121212121212,3472.0
53,all,R15,IF (PointsAjust IS Medium) AND (TeamExp IS Low) AND (Length IS Medium),High,0.0,0.0,4173.591876178296,0.0,3369.176664485286,0.2122641509433962,0.8,0.1212121212121212,3472.0
53,all,R16,IF (PointsAjust IS Low) AND (TeamExp IS Low) AND (Length IS High),High,0.0,0.0,4173.591876178296,0.0,3369.176664485286,0.2122641509433962,0.8,0.1212121212121212,3472.0
53,all,R17,IF (PointsAjust IS Medium) AND (TeamExp IS High) AND (Length IS High),High,0.0,0.0,4173.591876178296,0.0,3369.176664485286,0.2122641509433962,0.8,0.1212121212121212,3472.0
53,all,R18,IF (PointsAjust IS High) AND (TeamExp IS Medium) AND (Length IS Medium),Very_High,0.0,0.0,7417.233312954794,0.0,3369.176664485286,0.2122641509433962,0.8,0.1212121212121212,3472.0
53,all,R19,IF (PointsAjust IS Medium) AND (TeamExp IS Low) AND (Length IS High),Very_High,0.0,0.0,7417.233312954794,0.0,3369.176664485286,0.2122641509433962,0.8,0.1212121212121212,3472.0
53,all,R20,IF (PointsAjust IS High) AND (TeamExp IS Low) AND (Length IS High),Very_High,0.0,0.0,7417.233312954794,0.0,3369.176664485286,0.2122641509433962,0.8,0.1212121212121212,3472.0
54,all,R1,IF (PointsAjust IS Low) AND (TeamExp IS High) AND (Length IS Low),Very_Low,0.0,0.0,3045.4136249909157,0.0,1188.771852365634,0.0,0.4,0.1515151515151515,1575.0
54,all,R2,IF (PointsAjust IS Low) AND (TeamExp IS Medium) AND (Length IS Low),Low,0.0,0.0,164.5402853901178,0.0,1188.771852365634,0.0,0.4,0.1515151515151515,1575.0
54,all,R3,IF (PointsAjust IS Low) AND (TeamExp IS High) AND (Length IS Medium),Low,0.0,0.0,164.5402853901178,0.0,1188.771852365634,0.0,0.4,0.1515151515151515,1575.0
54,all,R4,IF (PointsAjust IS Medium) AND (TeamExp IS High) AND (Length IS Low),Low,0.0,0.0,164.5402853901178,0.0,1188.771852365634,0.0,0.4,0.1515151515151515,1575.0
54,all,R5,IF (PointsAjust IS Low) AND (TeamExp IS Low) AND (Length IS Low),Medium,1.0,1.0,1188.7718523656338,1188.7718523656338,1188.771852365634,0.0,0.4,0.1515151515151515,1575.0
54,all,R6,IF (PointsAjust IS Medium) AND (TeamExp IS Medium) AND (Length IS Low),Medium,0.0,0.0,1188.7718523656338,0.0,1188.771852365634,0.0,0.4,0.1515151515151515,1575.0
54,all,R7,IF (PointsAjust IS Low) AND (TeamExp IS Medium) AND (Length IS Medium),Medium,0.0,0.0,1188.7718523656338,0.0,1188.771852365634,0.0,0.4,0.1515151515151515,1575.0
54,all,R8,IF (PointsAjust IS Medium) AND (TeamExp IS High) AND (Length IS Medium),Medium,0.0,0.0,1188.7718523656338,0.0,1188.771852365634,0.0,0.4,0.1515151515151515,1575.0
54,all,R9,IF (PointsAjust IS Low) AND (TeamExp IS Low) AND (Length IS Medium),High,0.0,0.0,2955.5892808434955,0.0,1188.771852365634,0.0,0.4,0.1515151515151515,1575.0
54,all,R10,IF (PointsAjust IS Medium) AND (TeamExp IS Low) AND (Length IS Low),High,0.0,0.0,2955.5892808434955,0.0,1188.771852365634,0.0,0.4,0.1515151515151515,1575.0
54,all,R11,IF (PointsAjust IS Medium) AND (TeamExp IS Medium) AND (Length IS Medium),Medium,0.0,0.0,1188.7718523656338,0.0,1188.771852365634,0.0,0.4,0.1515151515151515,1575.0
54,all,R12,IF (PointsAjust IS High) AND (TeamExp IS High) AND (Length IS Low),Medium,0.0,0.0,1188.7718523656338,0.0,1188.771852365634,0.0,0.4,0.1515151515151515,1575.0
54,all,R13,IF (PointsAjust IS High) AND (TeamExp IS Medium) AND (Length IS Low),High,0.0,0.0,2955.5892808434955,0.0,1188.771852365634,0.0,0.4,0.1515151515151515,1575.0
54,all,R14,IF (PointsAjust IS High) AND (TeamExp IS High) AND (Length IS Medium),High,0.0,0.0,2955.5892808434955,0.0,1188.771852365634,0.0,0.4,0.1515151515151515,1575.0
54,all,R15,IF (PointsAjust IS Medium) AND (TeamExp IS Low) AND (Length IS Medium),High,0.0,0.0,2955.5892808434955,0.0,1188.771852365634,0.0,0.4,0.1515151515151515,1575.0
54,all,R16,IF (PointsAjust IS Low) AND (TeamExp IS Low) AND (Length IS High),High,0.0,0.0,2955.5892808434955,0.0,1188.771852365634,0.0,0.4,0.1515151515151515,1575.0
54,all,R17,IF (PointsAjust IS Medium) AND (TeamExp IS High) AND (Length IS High),High,0.0,0.0,2955.5892808434955,0.0,1188.771852365634,0.0,0.4,0.1515151515151515,1575.0
54,all,R18,IF (PointsAjust IS High) AND (TeamExp IS Medium) AND (Length IS Medium),Very_High,0.0,0.0,9751.703162649024,0.0,1188.771852365634,0.0,0.4,0.1515151515151515,1575.0
54,all,R19,IF (PointsAjust IS Medium) AND (TeamExp IS Low) AND (Length IS High),Very_High,0.0,0.0,9751.703162649024,0.0,1188.771852365634,0.0,0.4,0.1515151515151515,1575.0
54,all,R20,IF (PointsAjust IS High) AND (TeamExp IS Low) AND (Length IS High),Very_High,0.0,0.0,9751.703162649024,0.0,1188.771852365634,0.0,0.4,0.1515151515151515,1575.0
55,all,R1,IF (PointsAjust IS Low) AND (TeamExp IS High) AND (Length IS Low),Very_Low,0.0,0.0,5758.9897496391195,0.0,4606.228716384367,0.2248427672955975,0.4,0.3333333333333333,2926.0
55,all,R2,IF (PointsAjust IS Low) AND (TeamExp IS Medium) AND (Length IS Low),Low,0.0,0.0,3374.870171404936,0.0,4606.228716384367,0.2248427672955975,0.4,0.3333333333333333,2926.0
55,all,R3,IF (PointsAjust IS Low) AND (TeamExp IS High) AND (Length IS Medium),Low,0.0,0.0,3374.870171404936,0.0,4606.228716384367,0.2248427672955975,0.4,0.3333333333333333,2926.0
55,all,R4,IF (PointsAjust IS Medium) AND (TeamExp IS High) AND (Length IS Low),Low,0.0,0.0,3374.870171404936,0.0,4606.228716384367,0.2248427672955975,0.4,0.3333333333333333,2926.0
55,all,R5,IF (PointsAjust IS Low) AND (TeamExp IS Low) AND (Length IS Low),Medium,0.0,0.0,4123.451200536946,0.0,4606.228716384367,0.2248427672955975,0.4,0.3333333333333333,2926.0
55,all,R6,IF (PointsAjust IS Medium) AND (TeamExp IS Medium) AND (Length IS Low),Medium,0.0,0.0,4123.451200536946,0.0,4606.228716384367,0.2248427672955975,0.4,0.3333333333333333,2926.0
55,all,R7,IF (PointsAjust IS Low) AND (TeamExp IS Medium) AND (Length IS Medium),Medium,0.0,0.0,4123.451200536946,0.0,4606.228716384367,0.2248427672955975,0.4,0.3333333333333333,2926.0
55,all,R8,IF (PointsAjust IS Medium) AND (TeamExp IS High) AND (Length IS Medium),Medium,0.0,0.0,4123.451200536946,0.0,4606.228716384367,0.2248427672955975,0.4,0.3333333333333333,2926.0
55,all,R9,IF (PointsAjust IS Low) AND (TeamExp IS Low) AND (Length IS Medium),High,0.10150674068199829,0.0821234542350079,3071.933202399646,252.27776576026858,4606.228716384367,0.2248427672955975,0.4,0.3333333333333333,2926.0
55,all,R10,IF (PointsAjust IS Medium) AND (TeamExp IS Low) AND (Length IS Low),High,0.0,0.0,3071.933202399646,0.0,4606.228716384367,0.2248427672955975,0.4,0.3333333333333333,2926.0
55,all,R11,IF (PointsAjust IS Medium) AND (TeamExp IS Medium) AND (Length IS Medium),Medium,0.0,0.0,4123.451200536946,0.0,4606.228716384367,0.2248427672955975,0.4,0.3333333333333333,2926.0
55,all,R12,IF (PointsAjust IS High) AND (TeamExp IS High) AND (Length IS Low),Medium,0.0,0.0,4123.451200536946,0.0,4606.228716384367,0.2248427672955975,0.4,0.3333333333333333,2926.0
55,all,R13,IF (PointsAjust IS High) AND (TeamExp IS Medium) AND (Length IS Low),High,0.0,0.0,3071.933202399646,0.0,4606.228716384367,0.2248427672955975,0.4,0.3333333333333333,2926.0
55,all,R14,IF (PointsAjust IS High) AND (TeamExp IS High) AND (Length IS Medium),High,0.0,0.0,3071.933202399646,0.0,4606.228716384367,0.2248427672955975,0.4,0.3333333333333333,2926.0
55,all,R15,IF (PointsAjust IS Medium) AND (TeamExp IS Low) AND (Length IS Medium),High,0.25806451612903225,0.20878563667408284,3071.933202399646,641.3755294832642,4606.228716384367,0.2248427672955975,0.4,0.3333333333333333,2926.0
55,all,R16,IF (PointsAjust IS Low) AND (TeamExp IS Low) AND (Length IS High),High,0.24742268041237103,0.20017591969783194,3071.933202399646,614.9270540406552,4606.228716384367,0.2248427672955975,0.4,0.3333333333333333,2926.0
55,all,R17,IF (PointsAjust IS Medium) AND (TeamExp IS High) AND (Length IS High),High,0.0,0.0,3071.933202399646,0.0,4606.228716384367,0.2248427672955975,0.4,0.3333333333333333,2926.0
55,all,R18,IF (PointsAjust IS High) AND (TeamExp IS Medium) AND (Length IS Medium),Very_High,0.0,0.0,6086.769758529568,0.0,4606.228716384367,0.2248427672955975,0.4,0.3333333333333333,2926.0
55,all,R19,IF (PointsAjust IS Medium) AND (TeamExp IS Low) AND (Length IS High),Very_High,0.6290322580645166,0.5089149893930773,6086.769758529568,3097.6483671001793,4606.228716384367,0.2248427672955975,0.4,0.3333333333333333,2926.0
55,all,R20,IF (PointsAjust IS High) AND (TeamExp IS Low) AND (Length IS High),Very_High,0.0,0.0,6086.769758529568,0.0,4606.228716384367,0.2248427672955975,0.4,0.3333333333333333,2926.0
56,all,R1,IF (PointsAjust IS Low) AND (TeamExp IS High) AND (Length IS Low),Very_Low,1.0,1.0,2437.856631998289,2437.856631998289,2437.8566319982883,0.0864779874213836,0.8,0.1515151515151515,1876.0
56,all,R2,IF (PointsAjust IS Low) AND (TeamExp IS Medium) AND (Length IS Low),Low,0.0,0.0,2086.9459408168254,0.0,2437.8566319982883,0.0864779874213836,0.8,0.1515151515151515,1876.0
56,all,R3,IF (PointsAjust IS Low) AND (TeamExp IS High) AND (Length IS Medium),Low,0.0,0.0,2086.9459408168254,0.0,2437.8566319982883,0.0864779874213836,0.8,0.1515151515151515,1876.0
56,all,R4,IF (PointsAjust IS Medium) AND (TeamExp IS High) AND (Length IS Low),Low,0.0,0.0,2086.9459408168254,0.0,2437.8566319982883,0.0864779874213836,0.8,0.1515151515151515,1876.0
56,all,R5,IF (PointsAjust IS Low) AND (TeamExp IS Low) AND (Length IS Low),Medium,0.0,0.0,3287.1997984650307,0.0,2437.8566319982883,0.0864779874213836,0.8,0.1515151515151515,1876.0
56,all,R6,IF (PointsAjust IS Medium) AND (TeamExp IS Medium) AND (Length IS Low),Medium,0.0,0.0,3287.1997984650307,0.0,2437.8566319982883,0.0864779874213836,0.8,0.1515151515151515,1876.0
56,all,R7,IF (PointsAjust IS Low) AND (TeamExp IS Medium) AND (Length IS Medium),Medium,0.0,0.0,3287.1997984650307,0.0,2437.8566319982883,0.0864779874213836,0.8,0.1515151515151515,1876.0
56,all,R8,IF (PointsAjust IS Medium) AND (TeamExp IS High) AND (Length IS Medium),Medium,0.0,0.0,3287.1997984650307,0.0,2437.8566319982883,0.0864779874213836,0.8,0.1515151515151515,1876.0
56,all,R9,IF (PointsAjust IS Low) AND (TeamExp IS Low) AND (Length IS Medium),High,0.0,0.0,3801.4913698905348,0.0,2437.8566319982883,0.0864779874213836,0.8,0.1515151515151515,1876.0
56,all,R10,IF (PointsAjust IS Medium) AND (TeamExp IS Low) AND (Length IS Low),High,0.0,0.0,3801.4913698905348,0.0,2437.8566319982883,0.0864779874213836,0.8,0.1515151515151515,1876.0
56,all,R11,IF (PointsAjust IS Medium) AND (TeamExp IS Medium) AND (Length IS Medium),Medium,0.0,0.0,3287.1997984650307,0.0,2437.8566319982883,0.0864779874213836,0.8,0.1515151515151515,1876.0
56,all,R12,IF (PointsAjust IS High) AND (TeamExp IS High) AND (Length IS Low),Medium,0.0,0.0,3287.1997984650307,0.0,2437.8566319982883,0.0864779874213836,0.8,0.1515151515151515,1876.0
56,all,R13,IF (PointsAjust IS High) AND (TeamExp IS Medium) AND (Length IS Low),High,0.0,0.0,3801.4913698905348,0.0,2437.8566319982883,0.0864779874213836,0.8,0.1515151515151515,1876.0
56,all,R14,IF (PointsAjust IS High) AND (TeamExp IS High) AND (Length IS Medium),High,0.0,0.0,3801.4913698905348,0.0,2437.8566319982883,0.0864779874213836,0.8,0.1515151515151515,1876.0
56,all,R15,IF (PointsAjust IS Medium) AND (TeamExp IS Low) AND (Length IS Medium),High,0.0,0.0,3801.4913698905348,0.0,2437.8566319982883,0.0864779874213836,0.8,0.1515151515151515,1876.0
56,all,R16,IF (PointsAjust IS Low) AND (TeamExp IS Low) AND (Length IS High),High,0.0,0.0,3801.4913698905348,0.0,2437.8566319982883,0.0864779874213836,0.8,0.1515151515151515,1876.0
56,all,R17,IF (PointsAjust IS Medium) AND (TeamExp IS High) AND (Length IS High),High,0.0,0.0,3801.4913698905348,0.0,2437.8566319982883,0.0864779874213836,0.8,0.1515151515151515,1876.0
56,all,R18,IF (PointsAjust IS High) AND (TeamExp IS Medium) AND (Length IS Medium),Very_High,0.0,0.0,8562.060401140936,0.0,2437.8566319982883,0.0864779874213836,0.8,0.1515151515151515,1876.0
56,all,R19,IF (PointsAjust IS Medium) AND (TeamExp IS Low) AND (Length IS High),Very_High,0.0,0.0,8562.060401140936,0.0,2437.8566319982883,0.0864779874213836,0.8,0.1515151515151515,1876.0
56,all,R20,IF (PointsAjust IS High) AND (TeamExp IS Low) AND (Length IS High),Very_High,0.0,0.0,8562.060401140936,0.0,2437.8566319982883,0.0864779874213836,0.8,0.1515151515151515,1876.0
57,all,R1,IF (PointsAjust IS Low) AND (TeamExp IS High) AND (Length IS Low),Very_Low,0.0,0.0,4329.263128704286,0.0,1915.2649531756776,0.1226415094339622,0.4,0.1212121212121212,2520.0
57,all,R2,IF (PointsAjust IS Low) AND (TeamExp IS Medium) AND (Length IS Low),Low,0.0,0.0,1199.1687075517884,0.0,1915.2649531756776,0.1226415094339622,0.4,0.1212121212121212,2520.0
57,all,R3,IF (PointsAjust IS Low) AND (TeamExp IS High) AND (Length IS Medium),Low,0.0,0.0,1199.1687075517884,0.0,1915.2649531756776,0.1226415094339622,0.4,0.1212121212121212,2520.0
57,all,R4,IF (PointsAjust IS Medium) AND (TeamExp IS High) AND (Length IS Low),Low,0.0,0.0,1199.1687075517884,0.0,1915.2649531756776,0.1226415094339622,0.4,0.1212121212121212,2520.0
57,all,R5,IF (PointsAjust IS Low) AND (TeamExp IS Low) AND (Length IS Low),Medium,1.0,1.0,1915.2649531756776,1915.2649531756776,1915.2649531756776,0.1226415094339622,0.4,0.1212121212121212,2520.0
57,all,R6,IF (PointsAjust IS Medium) AND (TeamExp IS Medium) AND (Length IS Low),Medium,0.0,0.0,1915.2649531756776,0.0,1915.2649531756776,0.1226415094339622,0.4,0.1212121212121212,2520.0
57,all,R7,IF (PointsAjust IS Low) AND (TeamExp IS Medium) AND (Length IS Medium),Medium,0.0,0.0,1915.2649531756776,0.0,1915.2649531756776,0.1226415094339622,0.4,0.1212121212121212,2520.0
57,all,R8,IF (PointsAjust IS Medium) AND (TeamExp IS High) AND (Length IS Medium),Medium,0.0,0.0,1915.2649531756776,0.0,1915.2649531756776,0.1226415094339622,0.4,0.1212121212121212,2520.0
57,all,R9,IF (PointsAjust IS Low) AND (TeamExp IS Low) AND (Length IS Medium),High,0.0,0.0,3320.1490264272993,0.0,1915.2649531756776,0.1226415094339622,0.4,0.1212121212121212,2520.0
57,all,R10,IF (PointsAjust IS Medium) AND (TeamExp IS Low) AND (Length IS Low),High,0.0,0.0,3320.1490264272993,0.0,1915.2649531756776,0.1226415094339622,0.4,0.1212121212121212,2520.0
57,all,R11,IF (PointsAjust IS Medium) AND (TeamExp IS Medium) AND (Length IS Medium),Medium,0.0,0.0,1915.2649531756776,0.0,1915.2649531756776,0.1226415094339622,0.4,0.1212121212121212,2520.0
57,all,R12,IF (PointsAjust IS High) AND (TeamExp IS High) AND (Length IS Low),Medium,0.0,0.0,1915.2649531756776,0.0,1915.2649531756776,0.1226415094339622,0.4,0.1212121212121212,2520.0
57,all,R13,IF (PointsAjust IS High) AND (TeamExp IS Medium) AND (Length IS Low),High,0.0,0.0,3320.1490264272993,0.0,1915.2649531756776,0.1226415094339622,0.4,0.1212121212121212,2520.0
57,all,R14,IF (PointsAjust IS High) AND (TeamExp IS High) AND (Length IS Medium),High,0.0,0.0,3320.1490264272993,0.0,1915.2649531756776,0.1226415094339622,0.4,0.1212121212121212,2520.0
57,all,R15,IF (PointsAjust IS Medium) AND (TeamExp IS Low) AND (Length IS Medium),High,0.0,0.0,3320.1490264272993,0.0,1915.2649531756776,0.1226415094339622,0.4,0.1212121212121212,2520.0
57,all,R16,IF (PointsAjust IS Low) AND (TeamExp IS Low) AND (Length IS High),High,0.0,0.0,3320.1490264272993,0.0,1915.2649531756776,0.1226415094339622,0.4,0.1212121212121212,2520.0
57,all,R17,IF (PointsAjust IS Medium) AND (TeamExp IS High) AND (Length IS High),High,0.0,0.0,3320.1490264272993,0.0,1915.2649531756776,0.1226415094339622,0.4,0.1212121212121212,2520.0
57,all,R18,IF (PointsAjust IS High) AND (TeamExp IS Medium) AND (Length IS Medium),Very_High,0.0,0.0,8640.692754826401,0.0,1915.2649531756776,0.1226415094339622,0.4,0.1212121212121212,2520.0
57,all,R19,IF (PointsAjust IS Medium) AND (TeamExp IS Low) AND (Length IS High),Very_High,0.0,0.0,8640.692754826401,0.0,1915.2649531756776,0.1226415094339622,0.4,0.1212121212121212,2520.0
57,all,R20,IF (PointsAjust IS High) AND (TeamExp IS Low) AND (Length IS High),Very_High,0.0,0.0,8640.692754826401,0.0,1915.2649531756776,0.1226415094339622,0.4,0.1212121212121212,2520.0
58,all,R1,IF (PointsAjust IS Low) AND (TeamExp IS High) AND (Length IS Low),Very_Low,0.0,0.05,1918.6182446878838,95.9309122343942,4595.265317251949,0.080188679245283,1.0,0.3636363636363636,1603.0
58,all,R2,IF (PointsAjust IS Low) AND (TeamExp IS Medium) AND (Length IS Low),Low,0.0,0.05,3736.3761072899756,186.8188053644988,4595.265317251949,0.080188679245283,1.0,0.3636363636363636,1603.0
58,all,R3,IF (PointsAjust IS Low) AND (TeamExp IS High) AND (Length IS Medium),Low,0.0,0.05,3736.3761072899756,186.8188053644988,4595.265317251949,0.080188679245283,1.0,0.3636363636363636,1603.0
58,all,R4,IF (PointsAjust IS Medium) AND (TeamExp IS High) AND (Length IS Low),Low,0.0,0.05,3736.3761072899756,186.8188053644988,4595.265317251949,0.080188679245283,1.0,0.3636363636363636,1603.0
58,all,R5,IF (PointsAjust IS Low) AND (TeamExp IS Low) AND (Length IS Low),Medium,0.0,0.05,5392.658836441387,269.63294182206937,4595.265317251949,0.080188679245283,1.0,0.3636363636363636,1603.0
58,all,R6,IF (PointsAjust IS Medium) AND (TeamExp IS Medium) AND (Length IS Low),Medium,0.0,0.05,5392.658836441387,269.63294182206937,4595.265317251949,0.080188679245283,1.0,0.3636363636363636,1603.0
58,all,R7,IF (PointsAjust IS Low) AND (TeamExp IS Medium) AND (Length IS Medium),Medium,0.0,0.05,5392.658836441387,269.63294182206937,4595.265317251949,0.080188679245283,1.0,0.3636363636363636,1603.0
58,all,R8,IF (PointsAjust IS Medium) AND (TeamExp IS High) AND (Length IS Medium),Medium,0.0,0.05,5392.658836441387,269.63294182206937,4595.265317251949,0.080188679245283,1.0,0.3636363636363636,1603.0
58,all,R9,IF (PointsAjust IS Low) AND (TeamExp IS Low) AND (Length IS Medium),High,0.0,0.05,3612.3848864204583,180.61924432102293,4595.265317251949,0.080188679245283,1.0,0.3636363636363636,1603.0
58,all,R10,IF (PointsAjust IS Medium) AND (TeamExp IS Low) AND (Length IS Low),High,0.0,0.05,3612.3848864204583,180.61924432102293,4595.265317251949,0.080188679245283,1.0,0.3636363636363636,1603.0
58,all,R11,IF (PointsAjust IS Medium) AND (TeamExp IS Medium) AND (Length IS Medium),Medium,0.0,0.05,5392.658836441387,269.63294182206937,4595.265317251949,0.080188679245283,1.0,0.3636363636363636,1603.0
58,all,R12,IF (PointsAjust IS High) AND (TeamExp IS High) AND (Length IS Low),Medium,0.0,0.05,5392.658836441387,269.63294182206937,4595.265317251949,0.080188679245283,1.0,0.3636363636363636,1603.0
58,all,R13,IF (PointsAjust IS High) AND (TeamExp IS Medium) AND (Length IS Low),High,0.0,0.05,3612.3848864204583,180.61924432102293,4595.265317251949,0.080188679245283,1.0,0.3636363636363636,1603.0
58,all,R14,IF (PointsAjust IS High) AND (TeamExp IS High) AND (Length IS Medium),High,0.0,0.05,3612.3848864204583,180.61924432102293,4595.265317251949,0.080188679245283,1.0,0.3636363636363636,1603.0
58,all,R15,IF (PointsAjust IS Medium) AND (TeamExp IS Low) AND (Length IS Medium),High,0.0,0.05,3612.3848864204583,180.61924432102293,4595.265317251949,0.080188679245283,1.0,0.3636363636363636,1603.0
58,all,R16,IF (PointsAjust IS Low) AND (TeamExp IS Low) AND (Length IS High),High,0.0,0.05,3612.3848864204583,180.61924432102293,4595.265317251949,0.080188679245283,1.0,0.3636363636363636,1603.0
58,all,R17,IF (PointsAjust IS Medium) AND (TeamExp IS High) AND (Length IS High),High,0.0,0.05,3612.3848864204583,180.61924432102293,4595.265317251949,0.080188679245283,1.0,0.3636363636363636,1603.0
58,all,R18,IF (PointsAjust IS High) AND (TeamExp IS Medium) AND (Length IS Medium),Very_High,0.0,0.05,7044.970851629873,352.24854258149367,4595.265317251949,0.080188679245283,1.0,0.3636363636363636,1603.0
58,all,R19,IF (PointsAjust IS Medium) AND (TeamExp IS Low) AND (Length IS High),Very_High,0.0,0.05,7044.970851629873,352.24854258149367,4595.265317251949,0.080188679245283,1.0,0.3636363636363636,1603.0
58,all,R20,IF (PointsAjust IS High) AND (TeamExp IS Low) AND (Length IS High),Very_High,0.0,0.05,7044.970851629873,352.24854258149367,4595.265317251949,0.080188679245283,1.0,0.3636363636363636,1603.0
59,all,R1,IF (PointsAjust IS Low) AND (TeamExp IS High) AND (Length IS Low),Very_Low,0.0,0.0,7041.412099671285,0.0,3678.066225187679,0.360062893081761,0.4,0.2121212121212121,3626.0
59,all,R2,IF (PointsAjust IS Low) AND (TeamExp IS Medium) AND (Length IS Low),Low,0.0,0.0,4029.7657018019077,0.0,3678.066225187679,0.360062893081761,0.4,0.2121212121212121,3626.0
59,all,R3,IF (PointsAjust IS Low) AND (TeamExp IS High) AND (Length IS Medium),Low,0.0,0.0,4029.7657018019077,0.0,3678.066225187679,0.360062893081761,0.4,0.2121212121212121,3626.0
59,all,R4,IF (PointsAjust IS Medium) AND (TeamExp IS High) AND (Length IS Low),Low,0.0,0.0,4029.7657018019077,0.0,3678.066225187679,0.360062893081761,0.4,0.2121212121212121,3626.0
59,all,R5,IF (PointsAjust IS Low) AND (TeamExp IS Low) AND (Length IS Low),Medium,0.0,0.0,4331.613166158242,0.0,3678.066225187679,0.360062893081761,0.4,0.2121212121212121,3626.0
59,all,R6,IF (PointsAjust IS Medium) AND (TeamExp IS Medium) AND (Length IS Low),Medium,0.0,0.0,4331.613166158242,0.0,3678.066225187679,0.360062893081761,0.4,0.2121212121212121,3626.0
59,all,R7,IF (PointsAjust IS Low) AND (TeamExp IS Medium) AND (Length IS Medium),Medium,0.0,0.0,4331.613166158242,0.0,3678.066225187679,0.360062893081761,0.4,0.2121212121212121,3626.0
59,all,R8,IF (PointsAjust IS Medium) AND (TeamExp IS High) AND (Length IS Medium),Medium,0.0,0.0,4331.613166158242,0.0,3678.066225187679,0.360062893081761,0.4,0.2121212121212121,3626.0
59,all,R9,IF (PointsAjust IS Low) AND (TeamExp IS Low) AND (Length IS Medium),High,0.0,0.0,3678.0662251876793,0.0,3678.066225187679,0.360062893081761,0.4,0.2121212121212121,3626.0
59,all,R10,IF (PointsAjust IS Medium) AND (TeamExp IS Low) AND (Length IS Low),High,0.1367521367521369,0.2727272727272727,3678.0662251876793,1003.1089705057307,3678.066225187679,0.360062893081761,0.4,0.2121212121212121,3626.0
59,all,R11,IF (PointsAjust IS Medium) AND (TeamExp IS Medium) AND (Length IS Medium),Medium,0.0,0.0,4331.613166158242,0.0,3678.066225187679,0.360062893081761,0.4,0.2121212121212121,3626.0
59,all,R12,IF (PointsAjust IS High) AND (TeamExp IS High) AND (Length IS Low),Medium,0.0,0.0,4331.613166158242,0.0,3678.066225187679,0.360062893081761,0.4,0.2121212121212121,3626.0
59,all,R13,IF (PointsAjust IS High) AND (TeamExp IS Medium) AND (Length IS Low),High,0.0,0.0,3678.0662251876793,0.0,3678.066225187679,0.360062893081761,0.4,0.2121212121212121,3626.0
59,all,R14,IF (PointsAjust IS High) AND (TeamExp IS High) AND (Length IS Medium),High,0.0,0.0,3678.0662251876793,0.0,3678.066225187679,0.360062893081761,0.4,0.2121212121212121,3626.0
59,all,R15,IF (PointsAjust IS Medium) AND (TeamExp IS Low) AND (Length IS Medium),High,0.36467236467236513,0.7272727272727273,3678.0662251876793,2674.9572546819486,3678.066225187679,0.360062893081761,0.4,0.2121212121212121,3626.0
59,all,R16,IF (PointsAjust IS Low) AND (TeamExp IS Low) AND (Length IS High),High,0.0,0.0,3678.0662251876793,0.0,3678.066225187679,0.360062893081761,0.4,0.2121212121212121,3626.0
59,all,R17,IF (PointsAjust IS Medium) AND (TeamExp IS High) AND (Length IS High),High,0.0,0.0,3678.0662251876793,0.0,3678.066225187679,0.360062893081761,0.4,0.2121212121212121,3626.0
59,all,R18,IF (PointsAjust IS High) AND (TeamExp IS Medium) AND (Length IS Medium),Very_High,0.0,0.0,5464.013008316776,0.0,3678.066225187679,0.360062893081761,0.4,0.2121212121212121,3626.0
59,all,R19,IF (PointsAjust IS Medium) AND (TeamExp IS Low) AND (Length IS High),Very_High,0.0,0.0,5464.013008316776,0.0,3678.066225187679,0.360062893081761,0.4,0.2121212121212121,3626.0
59,all,R20,IF (PointsAjust IS High) AND (TeamExp IS Low) AND (Length IS High),Very_High,0.0,0.0,5464.013008316776,0.0,3678.066225187679,0.360062893081761,0.4,0.2121212121212121,3626.0
60,all,R1,IF (PointsAjust IS Low) AND (TeamExp IS High) AND (Length IS Low),Very_Low,0.0,0.0,6667.549351926651,0.0,4720.390829553143,0.3883647798742138,0.6,0.2727272727272727,6783.0
60,all,R2,IF (PointsAjust IS Low) AND (TeamExp IS Medium) AND (Length IS Low),Low,0.0,0.0,5179.897792198923,0.0,4720.390829553143,0.3883647798742138,0.6,0.2727272727272727,6783.0
60,all,R3,IF (PointsAjust IS Low) AND (TeamExp IS High) AND (Length IS Medium),Low,0.0,0.0,5179.897792198923,0.0,4720.390829553143,0.3883647798742138,0.6,0.2727272727272727,6783.0
60,all,R4,IF (PointsAjust IS Medium) AND (TeamExp IS High) AND (Length IS Low),Low,0.0,0.0,5179.897792198923,0.0,4720.390829553143,0.3883647798742138,0.6,0.2727272727272727,6783.0
60,all,R5,IF (PointsAjust IS Low) AND (TeamExp IS Low) AND (Length IS Low),Medium,0.0,0.0,5676.642836309826,0.0,4720.390829553143,0.3883647798742138,0.6,0.2727272727272727,6783.0
60,all,R6,IF (PointsAjust IS Medium) AND (TeamExp IS Medium) AND (Length IS Low),Medium,0.0,0.0,5676.642836309826,0.0,4720.390829553143,0.3883647798742138,0.6,0.2727272727272727,6783.0
60,all,R7,IF (PointsAjust IS Low) AND (TeamExp IS Medium) AND (Length IS Medium),Medium,0.0,0.0,5676.642836309826,0.0,4720.390829553143,0.3883647798742138,0.6,0.2727272727272727,6783.0
60,all,R8,IF (PointsAjust IS Medium) AND (TeamExp IS High) AND (Length IS Medium),Medium,0.0,0.0,5676.642836309826,0.0,4720.390829553143,0.3883647798742138,0.6,0.2727272727272727,6783.0
60,all,R9,IF (PointsAjust IS Low) AND (TeamExp IS Low) AND (Length IS Medium),High,0.0,0.0,3924.2585001084676,0.0,4720.390829553143,0.3883647798742138,0.6,0.2727272727272727,6783.0
60,all,R10,IF (PointsAjust IS Medium) AND (TeamExp IS Low) AND (Length IS Low),High,0.0,0.0,3924.2585001084676,0.0,4720.390829553143,0.3883647798742138,0.6,0.2727272727272727,6783.0
60,all,R11,IF (PointsAjust IS Medium) AND (TeamExp IS Medium) AND (Length IS Medium),Medium,0.09467455621301829,0.10000000000000055,5676.642836309826,567.6642836309857,4720.390829553143,0.3883647798742138,0.6,0.2727272727272727,6783.0
60,all,R12,IF (PointsAjust IS High) AND (TeamExp IS High) AND (Length IS Low),Medium,0.0,0.0,5676.642836309826,0.0,4720.390829553143,0.3883647798742138,0.6,0.2727272727272727,6783.0
60,all,R13,IF (PointsAjust IS High) AND (TeamExp IS Medium) AND (Length IS Low),High,0.0,0.0,3924.2585001084676,0.0,4720.390829553143,0.3883647798742138,0.6,0.2727272727272727,6783.0
60,all,R14,IF (PointsAjust IS High) AND (TeamExp IS High) AND (Length IS Medium),High,0.0,0.0,3924.2585001084676,0.0,4720.390829553143,0.3883647798742138,0.6,0.2727272727272727,6783.0
60,all,R15,IF (PointsAjust IS Medium) AND (TeamExp IS Low) AND (Length IS Medium),High,0.0,0.0,3924.2585001084676,0.0,4720.390829553143,0.3883647798742138,0.6,0.2727272727272727,6783.0
60,all,R16,IF (PointsAjust IS Low) AND (TeamExp IS Low) AND (Length IS High),High,0.0,0.0,3924.2585001084676,0.0,4720.390829553143,0.3883647798742138,0.6,0.2727272727272727,6783.0
60,all,R17,IF (PointsAjust IS Medium) AND (TeamExp IS High) AND (Length IS High),High,0.0,0.0,3924.2585001084676,0.0,4720.390829553143,0.3883647798742138,0.6,0.2727272727272727,6783.0
60,all,R18,IF (PointsAjust IS High) AND (TeamExp IS Medium) AND (Length IS Medium),Very_High,0.8520710059171595,0.8999999999999995,4614.140606580178,4152.726545922158,4720.390829553143,0.3883647798742138,0.6,0.2727272727272727,6783.0
60,all,R19,IF (PointsAjust IS Medium) AND (TeamExp IS Low) AND (Length IS High),Very_High,0.0,0.0,4614.140606580178,0.0,4720.390829553143,0.3883647798742138,0.6,0.2727272727272727,6783.0
60,all,R20,IF (PointsAjust IS High) AND (TeamExp IS Low) AND (Length IS High),Very_High,0.0,0.0,4614.140606580178,0.0,4720.390829553143,0.3883647798742138,0.6,0.2727272727272727,6783.0
61,all,R1,IF (PointsAjust IS Low) AND (TeamExp IS High) AND (Length IS Low),Very_Low,0.0,0.0,3130.6564494338645,0.0,1248.4579239943696,0.0078616352201257,0.4,0.1515151515151515,1267.0
61,all,R2,IF (PointsAjust IS Low) AND (TeamExp IS Medium) AND (Length IS Low),Low,0.0,0.0,241.6114835814824,0.0,1248.4579239943696,0.0078616352201257,0.4,0.1515151515151515,1267.0
61,all,R3,IF (PointsAjust IS Low) AND (TeamExp IS High) AND (Length IS Medium),Low,0.0,0.0,241.6114835814824,0.0,1248.4579239943696,0.0078616352201257,0.4,0.1515151515151515,1267.0
61,all,R4,IF (PointsAjust IS Medium) AND (TeamExp IS High) AND (Length IS Low),Low,0.0,0.0,241.6114835814824,0.0,1248.4579239943696,0.0078616352201257,0.4,0.1515151515151515,1267.0
61,all,R5,IF (PointsAjust IS Low) AND (TeamExp IS Low) AND (Length IS Low),Medium,1.0,1.0,1248.4579239943694,1248.4579239943694,1248.4579239943696,0.0078616352201257,0.4,0.1515151515151515,1267.0
61,all,R6,IF (PointsAjust IS Medium) AND (TeamExp IS Medium) AND (Length IS Low),Medium,0.0,0.0,1248.4579239943694,0.0,1248.4579239943696,0.0078616352201257,0.4,0.1515151515151515,1267.0
61,all,R7,IF (PointsAjust IS Low) AND (TeamExp IS Medium) AND (Length IS Medium),Medium,0.0,0.0,1248.4579239943694,0.0,1248.4579239943696,0.0078616352201257,0.4,0.1515151515151515,1267.0
61,all,R8,IF (PointsAjust IS Medium) AND (TeamExp IS High) AND (Length IS Medium),Medium,0.0,0.0,1248.4579239943694,0.0,1248.4579239943696,0.0078616352201257,0.4,0.1515151515151515,1267.0
61,all,R9,IF (PointsAjust IS Low) AND (TeamExp IS Low) AND (Length IS Medium),High,0.0,0.0,2974.441182603389,0.0,1248.4579239943696,0.0078616352201257,0.4,0.1515151515151515,1267.0
61,all,R10,IF (PointsAjust IS Medium) AND (TeamExp IS Low) AND (Length IS Low),High,0.0,0.0,2974.441182603389,0.0,1248.4579239943696,0.0078616352201257,0.4,0.1515151515151515,1267.0
61,all,R11,IF (PointsAjust IS Medium) AND (TeamExp IS Medium) AND (Length IS Medium),Medium,0.0,0.0,1248.4579239943694,0.0,1248.4579239943696,0.0078616352201257,0.4,0.1515151515151515,1267.0
61,all,R12,IF (PointsAjust IS High) AND (TeamExp IS High) AND (Length IS Low),Medium,0.0,0.0,1248.4579239943694,0.0,1248.4579239943696,0.0078616352201257,0.4,0.1515151515151515,1267.0
61,all,R13,IF (PointsAjust IS High) AND (TeamExp IS Medium) AND (Length IS Low),High,0.0,0.0,2974.441182603389,0.0,1248.4579239943696,0.0078616352201257,0.4,0.1515151515151515,1267.0
61,all,R14,IF (PointsAjust IS High) AND (TeamExp IS High) AND (Length IS Medium),High,0.0,0.0,2974.441182603389,0.0,1248.4579239943696,0.0078616352201257,0.4,0.1515151515151515,1267.0
61,all,R15,IF (PointsAjust IS Medium) AND (TeamExp IS Low) AND (Length IS Medium),High,0.0,0.0,2974.441182603389,0.0,1248.4579239943696,0.0078616352201257,0.4,0.1515151515151515,1267.0
61,all,R16,IF (PointsAjust IS Low) AND (TeamExp IS Low) AND (Length IS High),High,0.0,0.0,2974.441182603389,0.0,1248.4579239943696,0.0078616352201257,0.4,0.1515151515151515,1267.0
61,all,R17,IF (PointsAjust IS Medium) AND (TeamExp IS High) AND (Length IS High),High,0.0,0.0,2974.441182603389,0.0,1248.4579239943696,0.0078616352201257,0.4,0.1515151515151515,1267.0
61,all,R18,IF (PointsAjust IS High) AND (TeamExp IS Medium) AND (Length IS Medium),Very_High,0.0,0.0,9667.161461740227,0.0,1248.4579239943696,0.0078616352201257,0.4,0.1515151515151515,1267.0
61,all,R19,IF (PointsAjust IS Medium) AND (TeamExp IS Low) AND (Length IS High),Very_High,0.0,0.0,9667.161461740227,0.0,1248.4579239943696,0.0078616352201257,0.4,0.1515151515151515,1267.0
61,all,R20,IF (PointsAjust IS High) AND (TeamExp IS Low) AND (Length IS High),Very_High,0.0,0.0,9667.161461740227,0.0,1248.4579239943696,0.0078616352201257,0.4,0.1515151515151515,1267.0
62,all,R1,IF (PointsAjust IS Low) AND (TeamExp IS High) AND (Length IS Low),Very_Low,0.0,0.0,3732.5633576036394,0.0,1497.4624517745235,0.0676100628930817,0.4,0.1212121212121212,2548.0
62,all,R2,IF (PointsAjust IS Low) AND (TeamExp IS Medium) AND (Length IS Low),Low,0.0,0.0,659.6703202122312,0.0,1497.4624517745235,0.0676100628930817,0.4,0.1212121212121212,2548.0
62,all,R3,IF (PointsAjust IS Low) AND (TeamExp IS High) AND (Length IS Medium),Low,0.0,0.0,659.6703202122312,0.0,1497.4624517745235,0.0676100628930817,0.4,0.1212121212121212,2548.0
62,all,R4,IF (PointsAjust IS Medium) AND (TeamExp IS High) AND (Length IS Low),Low,0.0,0.0,659.6703202122312,0.0,1497.4624517745235,0.0676100628930817,0.4,0.1212121212121212,2548.0
62,all,R5,IF (PointsAjust IS Low) AND (TeamExp IS Low) AND (Length IS Low),Medium,1.0,1.0,1497.4624517745235,1497.4624517745235,1497.4624517745235,0.0676100628930817,0.4,0.1212121212121212,2548.0
62,all,R6,IF (PointsAjust IS Medium) AND (TeamExp IS Medium) AND (Length IS Low),Medium,0.0,0.0,1497.4624517745235,0.0,1497.4624517745235,0.0676100628930817,0.4,0.1212121212121212,2548.0
62,all,R7,IF (PointsAjust IS Low) AND (TeamExp IS Medium) AND (Length IS Medium),Medium,0.0,0.0,1497.4624517745235,0.0,1497.4624517745235,0.0676100628930817,0.4,0.1212121212121212,2548.0
62,all,R8,IF (PointsAjust IS Medium) AND (TeamExp IS High) AND (Length IS Medium),Medium,0.0,0.0,1497.4624517745235,0.0,1497.4624517745235,0.0676100628930817,0.4,0.1212121212121212,2548.0
62,all,R9,IF (PointsAjust IS Low) AND (TeamExp IS Low) AND (Length IS Medium),High,0.0,0.0,3188.1857141080454,0.0,1497.4624517745235,0.0676100628930817,0.4,0.1212121212121212,2548.0
62,all,R10,IF (PointsAjust IS Medium) AND (TeamExp IS Low) AND (Length IS Low),High,0.0,0.0,3188.1857141080454,0.0,1497.4624517745235,0.0676100628930817,0.4,0.1212121212121212,2548.0
62,all,R11,IF (PointsAjust IS Medium) AND (TeamExp IS Medium) AND (Length IS Medium),Medium,0.0,0.0,1497.4624517745235,0.0,1497.4624517745235,0.0676100628930817,0.4,0.1212121212121212,2548.0
62,all,R12,IF (PointsAjust IS High) AND (TeamExp IS High) AND (Length IS Low),Medium,0.0,0.0,1497.4624517745235,0.0,1497.4624517745235,0.0676100628930817,0.4,0.1212121212121212,2548.0
62,all,R13,IF (PointsAjust IS High) AND (TeamExp IS Medium) AND (Length IS Low),High,0.0,0.0,3188.1857141080454,0.0,1497.4624517745235,0.0676100628930817,0.4,0.1212121212121212,2548.0
62,all,R14,IF (PointsAjust IS High) AND (TeamExp IS High) AND (Length IS Medium),High,0.0,0.0,3188.1857141080454,0.0,1497.4624517745235,0.0676100628930817,0.4,0.1212121212121212,2548.0
62,all,R15,IF (PointsAjust IS Medium) AND (TeamExp IS Low) AND (Length IS Medium),High,0.0,0.0,3188.1857141080454,0.0,1497.4624517745235,0.0676100628930817,0.4,0.1212121212121212,2548.0
62,all,R16,IF (PointsAjust IS Low) AND (TeamExp IS Low) AND (Length IS High),High,0.0,0.0,3188.1857141080454,0.0,1497.4624517745235,0.0676100628930817,0.4,0.1212121212121212,2548.0
62,all,R17,IF (PointsAjust IS Medium) AND (TeamExp IS High) AND (Length IS High),High,0.0,0.0,3188.1857141080454,0.0,1497.4624517745235,0.0676100628930817,0.4,0.1212121212121212,2548.0
62,all,R18,IF (PointsAjust IS High) AND (TeamExp IS Medium) AND (Length IS Medium),Very_High,0.0,0.0,9232.484661187991,0.0,1497.4624517745235,0.0676100628930817,0.4,0.1212121212121212,2548.0
62,all,R19,IF (PointsAjust IS Medium) AND (TeamExp IS Low) AND (Length IS High),Very_High,0.0,0.0,9232.484661187991,0.0,1497.4624517745235,0.0676100628930817,0.4,0.1212121212121212,2548.0
62,all,R20,IF (PointsAjust IS High) AND (TeamExp IS Low) AND (Length IS High),Very_High,0.0,0.0,9232.484661187991,0.0,1497.4624517745235,0.0676100628930817,0.4,0.1212121212121212,2548.0
63,all,R1,IF (PointsAjust IS Low) AND (TeamExp IS High) AND (Length IS Low),Very_Low,0.0,0.0,2621.610862384854,0.0,2757.6750193113385,0.0864779874213836,0.8,0.2727272727272727,1155.0
63,all,R2,IF (PointsAjust IS Low) AND (TeamExp IS Medium) AND (Length IS Low),Low,0.0,0.0,2757.675019311338,0.0,2757.6750193113385,0.0864779874213836,0.8,0.2727272727272727,1155.0
63,all,R3,IF (PointsAjust IS Low) AND (TeamExp IS High) AND (Length IS Medium),Low,0.9230769230769231,1.0,2757.675019311338,2757.675019311338,2757.6750193113385,0.0864779874213836,0.8,0.2727272727272727,1155.0
63,all,R4,IF (PointsAjust IS Medium) AND (TeamExp IS High) AND (Length IS Low),Low,0.0,0.0,2757.675019311338,0.0,2757.6750193113385,0.0864779874213836,0.8,0.2727272727272727,1155.0
63,all,R5,IF (PointsAjust IS Low) AND (TeamExp IS Low) AND (Length IS Low),Medium,0.0,0.0,4105.638264858,0.0,2757.6750193113385,0.0864779874213836,0.8,0.2727272727272727,1155.0
63,all,R6,IF (PointsAjust IS Medium) AND (TeamExp IS Medium) AND (Length IS Low),Medium,0.0,0.0,4105.638264858,0.0,2757.6750193113385,0.0864779874213836,0.8,0.2727272727272727,1155.0
63,all,R7,IF (PointsAjust IS Low) AND (TeamExp IS Medium) AND (Length IS Medium),Medium,0.0,0.0,4105.638264858,0.0,2757.6750193113385,0.0864779874213836,0.8,0.2727272727272727,1155.0
63,all,R8,IF (PointsAjust IS Medium) AND (TeamExp IS High) AND (Length IS Medium),Medium,0.0,0.0,4105.638264858,0.0,2757.6750193113385,0.0864779874213836,0.8,0.2727272727272727,1155.0
63,all,R9,IF (PointsAjust IS Low) AND (TeamExp IS Low) AND (Length IS Medium),High,0.0,0.0,3519.611057372668,0.0,2757.6750193113385,0.0864779874213836,0.8,0.2727272727272727,1155.0
63,all,R10,IF (PointsAjust IS Medium) AND (TeamExp IS Low) AND (Length IS Low),High,0.0,0.0,3519.611057372668,0.0,2757.6750193113385,0.0864779874213836,0.8,0.2727272727272727,1155.0
63,all,R11,IF (PointsAjust IS Medium) AND (TeamExp IS Medium) AND (Length IS Medium),Medium,0.0,0.0,4105.638264858,0.0,2757.6750193113385,0.0864779874213836,0.8,0.2727272727272727,1155.0
63,all,R12,IF (PointsAjust IS High) AND (TeamExp IS High) AND (Length IS Low),Medium,0.0,0.0,4105.638264858,0.0,2757.6750193113385,0.0864779874213836,0.8,0.2727272727272727,1155.0
63,all,R13,IF (PointsAjust IS High) AND (TeamExp IS Medium) AND (Length IS Low),High,0.0,0.0,3519.611057372668,0.0,2757.6750193113385,0.0864779874213836,0.8,0.2727272727272727,1155.0
63,all,R14,IF (PointsAjust IS High) AND (TeamExp IS High) AND (Length IS Medium),High,0.0,0.0,3519.611057372668,0.0,2757.6750193113385,0.0864779874213836,0.8,0.2727272727272727,1155.0
63,all,R15,IF (PointsAjust IS Medium) AND (TeamExp IS Low) AND (Length IS Medium),High,0.0,0.0,3519.611057372668,0.0,2757.6750193113385,0.0864779874213836,0.8,0.2727272727272727,1155.0
63,all,R16,IF (PointsAjust IS Low) AND (TeamExp IS Low) AND (Length IS High),High,0.0,0.0,3519.611057372668,0.0,2757.6750193113385,0.0864779874213836,0.8,0.2727272727272727,1155.0
63,all,R17,IF (PointsAjust IS Medium) AND (TeamExp IS High) AND (Length IS High),High,0.0,0.0,3519.611057372668,0.0,2757.6750193113385,0.0864779874213836,0.8,0.2727272727272727,1155.0
63,all,R18,IF (PointsAjust IS High) AND (TeamExp IS Medium) AND (Length IS Medium),Very_High,0.0,0.0,7730.699895722393,0.0,2757.6750193113385,0.0864779874213836,0.8,0.2727272727272727,1155.0
63,all,R19,IF (PointsAjust IS Medium) AND (TeamExp IS Low) AND (Length IS High),Very_High,0.0,0.0,7730.699895722393,0.0,2757.6750193113385,0.0864779874213836,0.8,0.2727272727272727,1155.0
63,all,R20,IF (PointsAjust IS High) AND (TeamExp IS Low) AND (Length IS High),Very_High,0.0,0.0,7730.699895722393,0.0,2757.6750193113385,0.0864779874213836,0.8,0.2727272727272727,1155.0
64,all,R1,IF (PointsAjust IS Low) AND (TeamExp IS High) AND (Length IS Low),Very_Low,0.0,0.0,4448.824556801277,0.0,909.5082033266335,0.0581761006289308,0.2,0.1515151515151515,546.0
64,all,R2,IF (PointsAjust IS Low) AND (TeamExp IS Medium) AND (Length IS Low),Low,0.0,0.0,197.555914345377,0.0,909.5082033266335,0.0581761006289308,0.2,0.1515151515151515,546.0
64,all,R3,IF (PointsAjust IS Low) AND (TeamExp IS High) AND (Length IS Medium),Low,0.0,0.0,197.555914345377,0.0,909.5082033266335,0.0581761006289308,0.2,0.1515151515151515,546.0
64,all,R4,IF (PointsAjust IS Medium) AND (TeamExp IS High) AND (Length IS Low),Low,0.0,0.0,197.555914345377,0.0,909.5082033266335,0.0581761006289308,0.2,0.1515151515151515,546.0
64,all,R5,IF (PointsAjust IS Low) AND (TeamExp IS Low) AND (Length IS Low),Medium,1.0,1.0,909.5082033266337,909.5082033266337,909.5082033266335,0.0581761006289308,0.2,0.1515151515151515,546.0
64,all,R6,IF (PointsAjust IS Medium) AND (TeamExp IS Medium) AND (Length IS Low),Medium,0.0,0.0,909.5082033266337,0.0,909.5082033266335,0.0581761006289308,0.2,0.1515151515151515,546.0
64,all,R7,IF (PointsAjust IS Low) AND (TeamExp IS Medium) AND (Length IS Medium),Medium,0.0,0.0,909.5082033266337,0.0,909.5082033266335,0.0581761006289308,0.2,0.1515151515151515,546.0
64,all,R8,IF (PointsAjust IS Medium) AND (TeamExp IS High) AND (Length IS Medium),Medium,0.0,0.0,909.5082033266337,0.0,909.5082033266335,0.0581761006289308,0.2,0.1515151515151515,546.0
64,all,R9,IF (PointsAjust IS Low) AND (TeamExp IS Low) AND (Length IS Medium),High,0.0,0.0,2775.8277690226005,0.0,909.5082033266335,0.0581761006289308,0.2,0.1515151515151515,546.0
64,all,R10,IF (PointsAjust IS Medium) AND (TeamExp IS Low) AND (Length IS Low),High,0.0,0.0,2775.8277690226005,0.0,909.5082033266335,0.0581761006289308,0.2,0.1515151515151515,546.0
64,all,R11,IF (PointsAjust IS Medium) AND (TeamExp IS Medium) AND (Length IS Medium),Medium,0.0,0.0,909.5082033266337,0.0,909.5082033266335,0.0581761006289308,0.2,0.1515151515151515,546.0
64,all,R12,IF (PointsAjust IS High) AND (TeamExp IS High) AND (Length IS Low),Medium,0.0,0.0,909.5082033266337,0.0,909.5082033266335,0.0581761006289308,0.2,0.1515151515151515,546.0
64,all,R13,IF (PointsAjust IS High) AND (TeamExp IS Medium) AND (Length IS Low),High,0.0,0.0,2775.8277690226005,0.0,909.5082033266335,0.0581761006289308,0.2,0.1515151515151515,546.0
64,all,R14,IF (PointsAjust IS High) AND (TeamExp IS High) AND (Length IS Medium),High,0.0,0.0,2775.8277690226005,0.0,909.5082033266335,0.0581761006289308,0.2,0.1515151515151515,546.0
64,all,R15,IF (PointsAjust IS Medium) AND (TeamExp IS Low) AND (Length IS Medium),High,0.0,0.0,2775.8277690226005,0.0,909.5082033266335,0.0581761006289308,0.2,0.1515151515151515,546.0
64,all,R16,IF (PointsAjust IS Low) AND (TeamExp IS Low) AND (Length IS High),High,0.0,0.0,2775.8277690226005,0.0,909.5082033266335,0.0581761006289308,0.2,0.1515151515151515,546.0
64,all,R17,IF (PointsAjust IS Medium) AND (TeamExp IS High) AND (Length IS High),High,0.0,0.0,2775.8277690226005,0.0,909.5082033266335,0.0581761006289308,0.2,0.1515151515151515,546.0
64,all,R18,IF (PointsAjust IS High) AND (TeamExp IS Medium) AND (Length IS Medium),Very_High,0.0,0.0,9255.936601679565,0.0,909.5082033266335,0.0581761006289308,0.2,0.1515151515151515,546.0
64,all,R19,IF (PointsAjust IS Medium) AND (TeamExp IS Low) AND (Length IS High),Very_High,0.0,0.0,9255.936601679565,0.0,909.5082033266335,0.0581761006289308,0.2,0.1515151515151515,546.0
64,all,R20,IF (PointsAjust IS High) AND (TeamExp IS Low) AND (Length IS High),Very_High,0.0,0.0,9255.936601679565,0.0,909.5082033266335,0.0581761006289308,0.2,0.1515151515151515,546.0
65,all,R1,IF (PointsAjust IS Low) AND (TeamExp IS High) AND (Length IS Low),Very_Low,0.0,0.05,4350.37168075963,217.51858403798153,4181.7494502865875,0.1619496855345912,0.6,0.3636363636363636,2275.0
65,all,R2,IF (PointsAjust IS Low) AND (TeamExp IS Medium) AND (Length IS Low),Low,0.0,0.05,3463.2940931584867,173.16470465792435,4181.7494502865875,0.1619496855345912,0.6,0.3636363636363636,2275.0
65,all,R3,IF (PointsAjust IS Low) AND (TeamExp IS High) AND (Length IS Medium),Low,0.0,0.05,3463.2940931584867,173.16470465792435,4181.7494502865875,0.1619496855345912,0.6,0.3636363636363636,2275.0
65,all,R4,IF (PointsAjust IS Medium) AND (TeamExp IS High) AND (Length IS Low),Low,0.0,0.05,3463.2940931584867,173.16470465792435,4181.7494502865875,0.1619496855345912,0.6,0.3636363636363636,2275.0
65,all,R5,IF (PointsAjust IS Low) AND (TeamExp IS Low) AND (Length IS Low),Medium,0.0,0.05,4571.5128231969475,228.57564115984738,4181.7494502865875,0.1619496855345912,0.6,0.3636363636363636,2275.0
65,all,R6,IF (PointsAjust IS Medium) AND (TeamExp IS Medium) AND (Length IS Low),Medium,0.0,0.05,4571.5128231969475,228.57564115984738,4181.7494502865875,0.1619496855345912,0.6,0.3636363636363636,2275.0
65,all,R7,IF (PointsAjust IS Low) AND (TeamExp IS Medium) AND (Length IS Medium),Medium,0.0,0.05,4571.5128231969475,228.57564115984738,4181.7494502865875,0.1619496855345912,0.6,0.3636363636363636,2275.0
65,all,R8,IF (PointsAjust IS Medium) AND (TeamExp IS High) AND (Length IS Medium),Medium,0.0,0.05,4571.5128231969475,228.57564115984738,4181.7494502865875,0.1619496855345912,0.6,0.3636363636363636,2275.0
65,all,R9,IF (PointsAjust IS Low) AND (TeamExp IS Low) AND (Length IS Medium),High,0.0,0.05,3169.9134950351377,158.4956747517569,4181.7494502865875,0.1619496855345912,0.6,0.3636363636363636,2275.0
65,all,R10,IF (PointsAjust IS Medium) AND (TeamExp IS Low) AND (Length IS Low),High,0.0,0.05,3169.9134950351377,158.4956747517569,4181.7494502865875,0.1619496855345912,0.6,0.3636363636363636,2275.0
65,all,R11,IF (PointsAjust IS Medium) AND (TeamExp IS Medium) AND (Length IS Medium),Medium,0.0,0.05,4571.5128231969475,228.57564115984738,4181.7494502865875,0.1619496855345912,0.6,0.3636363636363636,2275.0
65,all,R12,IF (PointsAjust IS High) AND (TeamExp IS High) AND (Length IS Low),Medium,0.0,0.05,4571.5128231969475,228.57564115984738,4181.7494502865875,0.1619496855345912,0.6,0.3636363636363636,2275.0
65,all,R13,IF (PointsAjust IS High) AND (TeamExp IS Medium) AND (Length IS Low),High,0.0,0.05,3169.9134950351377,158.4956747517569,4181.7494502865875,0.1619496855345912,0.6,0.3636363636363636,2275.0
65,all,R14,IF (PointsAjust IS High) AND (TeamExp IS High) AND (Length IS Medium),High,0.0,0.05,3169.9134950351377,158.4956747517569,4181.7494502865875,0.1619496855345912,0.6,0.3636363636363636,2275.0
65,all,R15,IF (PointsAjust IS Medium) AND (TeamExp IS Low) AND (Length IS Medium),High,0.0,0.05,3169.9134950351377,158.4956747517569,4181.7494502865875,0.1619496855345912,0.6,0.3636363636363636,2275.0
65,all,R16,IF (PointsAjust IS Low) AND (TeamExp IS Low) AND (Length IS High),High,0.0,0.05,3169.9134950351377,158.4956747517569,4181.7494502865875,0.1619496855345912,0.6,0.3636363636363636,2275.0
65,all,R17,IF (PointsAjust IS Medium) AND (TeamExp IS High) AND (Length IS High),High,0.0,0.05,3169.9134950351377,158.4956747517569,4181.7494502865875,0.1619496855345912,0.6,0.3636363636363636,2275.0
65,all,R18,IF (PointsAjust IS High) AND (TeamExp IS Medium) AND (Length IS Medium),Very_High,0.0,0.05,6425.42121368967,321.27106068448353,4181.7494502865875,0.1619496855345912,0.6,0.3636363636363636,2275.0
65,all,R19,IF (PointsAjust IS Medium) AND (TeamExp IS Low) AND (Length IS High),Very_High,0.0,0.05,6425.42121368967,321.27106068448353,4181.7494502865875,0.1619496855345912,0.6,0.3636363636363636,2275.0
65,all,R20,IF (PointsAjust IS High) AND (TeamExp IS Low) AND (Length IS High),Very_High,0.0,0.05,6425.42121368967,321.27106068448353,4181.7494502865875,0.1619496855345912,0.6,0.3636363636363636,2275.0
66,all,R1,IF (PointsAjust IS Low) AND (TeamExp IS High) AND (Length IS Low),Very_Low,0.0,0.05,11585.656014174048,579.2828007087024,7965.643038902322,0.9166666666666666,1.0,0.7575757575757576,9100.0
66,all,R2,IF (PointsAjust IS Low) AND (TeamExp IS Medium) AND (Length IS Low),Low,0.0,0.05,14116.621099958416,705.8310549979209,7965.643038902322,0.9166666666666666,1.0,0.7575757575757576,9100.0
66,all,R3,IF (PointsAjust IS Low) AND (TeamExp IS High) AND (Length IS Medium),Low,0.0,0.05,14116.621099958416,705.8310549979209,7965.643038902322,0.9166666666666666,1.0,0.7575757575757576,9100.0
66,all,R4,IF (PointsAjust IS Medium) AND (TeamExp IS High) AND (Length IS Low),Low,0.0,0.05,14116.621099958416,705.8310549979209,7965.643038902322,0.9166666666666666,1.0,0.7575757575757576,9100.0
66,all,R5,IF (PointsAjust IS Low) AND (TeamExp IS Low) AND (Length IS Low),Medium,0.0,0.05,14403.181873516085,720.1590936758043,7965.643038902322,0.9166666666666666,1.0,0.7575757575757576,9100.0
66,all,R6,IF (PointsAjust IS Medium) AND (TeamExp IS Medium) AND (Length IS Low),Medium,0.0,0.05,14403.181873516085,720.1590936758043,7965.643038902322,0.9166666666666666,1.0,0.7575757575757576,9100.0
66,all,R7,IF (PointsAjust IS Low) AND (TeamExp IS Medium) AND (Length IS Medium),Medium,0.0,0.05,14403.181873516085,720.1590936758043,7965.643038902322,0.9166666666666666,1.0,0.7575757575757576,9100.0
66,all,R8,IF (PointsAjust IS Medium) AND (TeamExp IS High) AND (Length IS Medium),Medium,0.0,0.05,14403.181873516085,720.1590936758043,7965.643038902322,0.9166666666666666,1.0,0.7575757575757576,9100.0
66,all,R9,IF (PointsAjust IS Low) AND (TeamExp IS Low) AND (Length IS Medium),High,0.0,0.05,4702.116217990046,235.1058108995023,7965.643038902322,0.9166666666666666,1.0,0.7575757575757576,9100.0
66,all,R10,IF (PointsAjust IS Medium) AND (TeamExp IS Low) AND (Length IS Low),High,0.0,0.05,4702.116217990046,235.1058108995023,7965.643038902322,0.9166666666666666,1.0,0.7575757575757576,9100.0
66,all,R11,IF (PointsAjust IS Medium) AND (TeamExp IS Medium) AND (Length IS Medium),Medium,0.0,0.05,14403.181873516085,720.1590936758043,7965.643038902322,0.9166666666666666,1.0,0.7575757575757576,9100.0
66,all,R12,IF (PointsAjust IS High) AND (TeamExp IS High) AND (Length IS Low),Medium,0.0,0.05,14403.181873516085,720.1590936758043,7965.643038902322,0.9166666666666666,1.0,0.7575757575757576,9100.0
66,all,R13,IF (PointsAjust IS High) AND (TeamExp IS Medium) AND (Length IS Low),High,0.0,0.05,4702.116217990046,235.1058108995023,7965.643038902322,0.9166666666666666,1.0,0.7575757575757576,9100.0
66,all,R14,IF (PointsAjust IS High) AND (TeamExp IS High) AND (Length IS Medium),High,0.0,0.05,4702.116217990046,235.1058108995023,7965.643038902322,0.9166666666666666,1.0,0.7575757575757576,9100.0
66,all,R15,IF (PointsAjust IS Medium) AND (TeamExp IS Low) AND (Length IS Medium),High,0.0,0.05,4702.116217990046,235.1058108995023,7965.643038902322,0.9166666666666666,1.0,0.7575757575757576,9100.0
66,all,R16,IF (PointsAjust IS Low) AND (TeamExp IS Low) AND (Length IS High),High,0.0,0.05,4702.116217990046,235.1058108995023,7965.643038902322,0.9166666666666666,1.0,0.7575757575757576,9100.0
66,all,R17,IF (PointsAjust IS Medium) AND (TeamExp IS High) AND (Length IS High),High,0.0,0.05,4702.116217990046,235.1058108995023,7965.643038902322,0.9166666666666666,1.0,0.7575757575757576,9100.0
66,all,R18,IF (PointsAjust IS High) AND (TeamExp IS Medium) AND (Length IS Medium),Very_High,0.0,0.05,-4652.187767676563,-232.6093883838282,7965.643038902322,0.9166666666666666,1.0,0.7575757575757576,9100.0
66,all,R19,IF (PointsAjust IS Medium) AND (TeamExp IS Low) AND (Length IS High),Very_High,0.0,0.05,-4652.187767676563,-232.6093883838282,7965.643038902322,0.9166666666666666,1.0,0.7575757575757576,9100.0
66,all,R20,IF (PointsAjust IS High) AND (TeamExp IS Low) AND (Length IS High),Very_High,0.0,0.05,-4652.187767676563,-232.6093883838282,7965.643038902322,0.9166666666666666,1.0,0.7575757575757576,9100.0
67,all,R1,IF (PointsAjust IS Low) AND (TeamExp IS High) AND (Length IS Low),Very_Low,0.0,0.0,6221.875305214626,0.0,2861.5543604514637,0.2216981132075471,0.2,0.1515151515151515,595.0
67,all,R2,IF (PointsAjust IS Low) AND (TeamExp IS Medium) AND (Length IS Low),Low,0.0,0.0,1800.636836725776,0.0,2861.5543604514637,0.2216981132075471,0.2,0.1515151515151515,595.0
67,all,R3,IF (PointsAjust IS Low) AND (TeamExp IS High) AND (Length IS Medium),Low,0.0,0.0,1800.636836725776,0.0,2861.5543604514637,0.2216981132075471,0.2,0.1515151515151515,595.0
67,all,R4,IF (PointsAjust IS Medium) AND (TeamExp IS High) AND (Length IS Low),Low,0.0,0.0,1800.636836725776,0.0,2861.5543604514637,0.2216981132075471,0.2,0.1515151515151515,595.0
67,all,R5,IF (PointsAjust IS Low) AND (TeamExp IS Low) AND (Length IS Low),Medium,0.3505154639175261,0.30128058541047364,2150.9784932043485,648.0480596379447,2861.5543604514637,0.2216981132075471,0.2,0.1515151515151515,595.0
67,all,R6,IF (PointsAjust IS Medium) AND (TeamExp IS Medium) AND (Length IS Low),Medium,0.0,0.0,2150.9784932043485,0.0,2861.5543604514637,0.2216981132075471,0.2,0.1515151515151515,595.0
67,all,R7,IF (PointsAjust IS Low) AND (TeamExp IS Medium) AND (Length IS Medium),Medium,0.0,0.0,2150.9784932043485,0.0,2861.5543604514637,0.2216981132075471,0.2,0.1515151515151515,595.0
67,all,R8,IF (PointsAjust IS Medium) AND (TeamExp IS High) AND (Length IS Medium),Medium,0.0,0.0,2150.9784932043485,0.0,2861.5543604514637,0.2216981132075471,0.2,0.1515151515151515,595.0
67,all,R9,IF (PointsAjust IS Low) AND (TeamExp IS Low) AND (Length IS Medium),High,0.0,0.0,3167.9473256283827,0.0,2861.5543604514637,0.2216981132075471,0.2,0.1515151515151515,595.0
67,all,R10,IF (PointsAjust IS Medium) AND (TeamExp IS Low) AND (Length IS Low),High,0.8129032258064512,0.6987194145895264,3167.9473256283827,2213.5063008135194,2861.5543604514637,0.2216981132075471,0.2,0.1515151515151515,595.0
67,all,R11,IF (PointsAjust IS Medium) AND (TeamExp IS Medium) AND (Length IS Medium),Medium,0.0,0.0,2150.9784932043485,0.0,2861.5543604514637,0.2216981132075471,0.2,0.1515151515151515,595.0
67,all,R12,IF (PointsAjust IS High) AND (TeamExp IS High) AND (Length IS Low),Medium,0.0,0.0,2150.9784932043485,0.0,2861.5543604514637,0.2216981132075471,0.2,0.1515151515151515,595.0
67,all,R13,IF (PointsAjust IS High) AND (TeamExp IS Medium) AND (Length IS Low),High,0.0,0.0,3167.9473256283827,0.0,2861.5543604514637,0.2216981132075471,0.2,0.1515151515151515,595.0
67,all,R14,IF (PointsAjust IS High) AND (TeamExp IS High) AND (Length IS Medium),High,0.0,0.0,3167.9473256283827,0.0,2861.5543604514637,0.2216981132075471,0.2,0.1515151515151515,595.0
67,all,R15,IF (PointsAjust IS Medium) AND (TeamExp IS Low) AND (Length IS Medium),High,0.0,0.0,3167.9473256283827,0.0,2861.5543604514637,0.2216981132075471,0.2,0.1515151515151515,595.0
67,all,R16,IF (PointsAjust IS Low) AND (TeamExp IS Low) AND (Length IS High),High,0.0,0.0,3167.9473256283827,0.0,2861.5543604514637,0.2216981132075471,0.2,0.1515151515151515,595.0
67,all,R17,IF (PointsAjust IS Medium) AND (TeamExp IS High) AND (Length IS High),High,0.0,0.0,3167.9473256283827,0.0,2861.5543604514637,0.2216981132075471,0.2,0.1515151515151515,595.0
67,all,R18,IF (PointsAjust IS High) AND (TeamExp IS Medium) AND (Length IS Medium),Very_High,0.0,0.0,7497.4692227765545,0.0,2861.5543604514637,0.2216981132075471,0.2,0.1515151515151515,595.0
67,all,R19,IF (PointsAjust IS Medium) AND (TeamExp IS Low) AND (Length IS High),Very_High,0.0,0.0,7497.4692227765545,0.0,2861.5543604514637,0.2216981132075471,0.2,0.1515151515151515,595.0
67,all,R20,IF (PointsAjust IS High) AND (TeamExp IS Low) AND (Length IS High),Very_High,0.0,0.0,7497.4692227765545,0.0,2861.5543604514637,0.2216981132075471,0.2,0.1515151515151515,595.0
68,all,R1,IF (PointsAjust IS Low) AND (TeamExp IS High) AND (Length IS Low),Very_Low,0.0,0.0,7672.931952081664,0.0,3461.8769134684735,0.2877358490566037,0.2,0.6363636363636364,3941.0
68,all,R2,IF (PointsAjust IS Low) AND (TeamExp IS Medium) AND (Length IS Low),Low,0.0,0.0,5130.951215511297,0.0,3461.8769134684735,0.2877358490566037,0.2,0.6363636363636364,3941.0
68,all,R3,IF (PointsAjust IS Low) AND (TeamExp IS High) AND (Length IS Medium),Low,0.0,0.0,5130.951215511297,0.0,3461.8769134684735,0.2877358490566037,0.2,0.6363636363636364,3941.0
68,all,R4,IF (PointsAjust IS Medium) AND (TeamExp IS High) AND (Length IS Low),Low,0.0,0.0,5130.951215511297,0.0,3461.8769134684735,0.2877358490566037,0.2,0.6363636363636364,3941.0
68,all,R5,IF (PointsAjust IS Low) AND (TeamExp IS Low) AND (Length IS Low),Medium,0.0,0.0,5926.0953604576125,0.0,3461.8769134684735,0.2877358490566037,0.2,0.6363636363636364,3941.0
68,all,R6,IF (PointsAjust IS Medium) AND (TeamExp IS Medium) AND (Length IS Low),Medium,0.0,0.0,5926.0953604576125,0.0,3461.8769134684735,0.2877358490566037,0.2,0.6363636363636364,3941.0
68,all,R7,IF (PointsAjust IS Low) AND (TeamExp IS Medium) AND (Length IS Medium),Medium,0.0,0.0,5926.0953604576125,0.0,3461.8769134684735,0.2877358490566037,0.2,0.6363636363636364,3941.0
68,all,R8,IF (PointsAjust IS Medium) AND (TeamExp IS High) AND (Length IS Medium),Medium,0.0,0.0,5926.0953604576125,0.0,3461.8769134684735,0.2877358490566037,0.2,0.6363636363636364,3941.0
68,all,R9,IF (PointsAjust IS Low) AND (TeamExp IS Low) AND (Length IS Medium),High,0.0,0.0,2198.782050340018,0.0,3461.8769134684735,0.2877358490566037,0.2,0.6363636363636364,3941.0
68,all,R10,IF (PointsAjust IS Medium) AND (TeamExp IS Low) AND (Length IS Low),High,0.0,0.0,2198.782050340018,0.0,3461.8769134684735,0.2877358490566037,0.2,0.6363636363636364,3941.0
68,all,R11,IF (PointsAjust IS Medium) AND (TeamExp IS Medium) AND (Length IS Medium),Medium,0.0,0.0,5926.0953604576125,0.0,3461.8769134684735,0.2877358490566037,0.2,0.6363636363636364,3941.0
68,all,R12,IF (PointsAjust IS High) AND (TeamExp IS High) AND (Length IS Low),Medium,0.0,0.0,5926.0953604576125,0.0,3461.8769134684735,0.2877358490566037,0.2,0.6363636363636364,3941.0
68,all,R13,IF (PointsAjust IS High) AND (TeamExp IS Medium) AND (Length IS Low),High,0.0,0.0,2198.782050340018,0.0,3461.8769134684735,0.2877358490566037,0.2,0.6363636363636364,3941.0
68,all,R14,IF (PointsAjust IS High) AND (TeamExp IS High) AND (Length IS Medium),High,0.0,0.0,2198.782050340018,0.0,3461.8769134684735,0.2877358490566037,0.2,0.6363636363636364,3941.0
68,all,R15,IF (PointsAjust IS Medium) AND (TeamExp IS Low) AND (Length IS Medium),High,0.0,0.0,2198.782050340018,0.0,3461.8769134684735,0.2877358490566037,0.2,0.6363636363636364,3941.0
68,all,R16,IF (PointsAjust IS Low) AND (TeamExp IS Low) AND (Length IS High),High,0.0,0.0,2198.782050340018,0.0,3461.8769134684735,0.2877358490566037,0.2,0.6363636363636364,3941.0
68,all,R17,IF (PointsAjust IS Medium) AND (TeamExp IS High) AND (Length IS High),High,0.0,0.0,2198.782050340018,0.0,3461.8769134684735,0.2877358490566037,0.2,0.6363636363636364,3941.0
68,all,R18,IF (PointsAjust IS High) AND (TeamExp IS Medium) AND (Length IS Medium),Very_High,0.0,0.0,3461.8769134684744,0.0,3461.8769134684735,0.2877358490566037,0.2,0.6363636363636364,3941.0
68,all,R19,IF (PointsAjust IS Medium) AND (TeamExp IS Low) AND (Length IS High),Very_High,1.0,0.906976744186047,3461.8769134684744,3139.8418517504783,3461.8769134684735,0.2877358490566037,0.2,0.6363636363636364,3941.0
68,all,R20,IF (PointsAjust IS High) AND (TeamExp IS Low) AND (Length IS High),Very_High,0.10256410256410206,0.09302325581395308,3461.8769134684744,322.0350617179962,3461.8769134684735,0.2877358490566037,0.2,0.6363636363636364,3941.0
69,all,R1,IF (PointsAjust IS Low) AND (TeamExp IS High) AND (Length IS Low),Very_Low,0.0,0.0,7004.2977185568025,0.0,4817.739450495507,0.5534591194968553,1.0,0.3333333333333333,1400.0
69,all,R2,IF (PointsAjust IS Low) AND (TeamExp IS Medium) AND (Length IS Low),Low,0.0,0.0,8208.379968786543,0.0,4817.739450495507,0.5534591194968553,1.0,0.3333333333333333,1400.0
69,all,R3,IF (PointsAjust IS Low) AND (TeamExp IS High) AND (Length IS Medium),Low,0.0,0.0,8208.379968786543,0.0,4817.739450495507,0.5534591194968553,1.0,0.3333333333333333,1400.0
69,all,R4,IF (PointsAjust IS Medium) AND (TeamExp IS High) AND (Length IS Low),Low,0.0,0.0,8208.379968786543,0.0,4817.739450495507,0.5534591194968553,1.0,0.3333333333333333,1400.0
69,all,R5,IF (PointsAjust IS Low) AND (TeamExp IS Low) AND (Length IS Low),Medium,0.0,0.0,8781.150731893073,0.0,4817.739450495507,0.5534591194968553,1.0,0.3333333333333333,1400.0
69,all,R6,IF (PointsAjust IS Medium) AND (TeamExp IS Medium) AND (Length IS Low),Medium,0.0,0.0,8781.150731893073,0.0,4817.739450495507,0.5534591194968553,1.0,0.3333333333333333,1400.0
69,all,R7,IF (PointsAjust IS Low) AND (TeamExp IS Medium) AND (Length IS Medium),Medium,0.0,0.0,8781.150731893073,0.0,4817.739450495507,0.5534591194968553,1.0,0.3333333333333333,1400.0
69,all,R8,IF (PointsAjust IS Medium) AND (TeamExp IS High) AND (Length IS Medium),Medium,0.0,0.0,8781.150731893073,0.0,4817.739450495507,0.5534591194968553,1.0,0.3333333333333333,1400.0
69,all,R9,IF (PointsAjust IS Low) AND (TeamExp IS Low) AND (Length IS Medium),High,0.0,0.0,4817.739450495507,0.0,4817.739450495507,0.5534591194968553,1.0,0.3333333333333333,1400.0
69,all,R10,IF (PointsAjust IS Medium) AND (TeamExp IS Low) AND (Length IS Low),High,0.0,0.0,4817.739450495507,0.0,4817.739450495507,0.5534591194968553,1.0,0.3333333333333333,1400.0
69,all,R11,IF (PointsAjust IS Medium) AND (TeamExp IS Medium) AND (Length IS Medium),Medium,0.0,0.0,8781.150731893073,0.0,4817.739450495507,0.5534591194968553,1.0,0.3333333333333333,1400.0
69,all,R12,IF (PointsAjust IS High) AND (TeamExp IS High) AND (Length IS Low),Medium,0.0,0.0,8781.150731893073,0.0,4817.739450495507,0.5534591194968553,1.0,0.3333333333333333,1400.0
69,all,R13,IF (PointsAjust IS High) AND (TeamExp IS Medium) AND (Length IS Low),High,0.0,0.0,4817.739450495507,0.0,4817.739450495507,0.5534591194968553,1.0,0.3333333333333333,1400.0
69,all,R14,IF (PointsAjust IS High) AND (TeamExp IS High) AND (Length IS Medium),High,0.30769230769230754,1.0,4817.739450495507,4817.739450495507,4817.739450495507,0.5534591194968553,1.0,0.3333333333333333,1400.0
69,all,R15,IF (PointsAjust IS Medium) AND (TeamExp IS Low) AND (Length IS Medium),High,0.0,0.0,4817.739450495507,0.0,4817.739450495507,0.5534591194968553,1.0,0.3333333333333333,1400.0
69,all,R16,IF (PointsAjust IS Low) AND (TeamExp IS Low) AND (Length IS High),High,0.0,0.0,4817.739450495507,0.0,4817.739450495507,0.5534591194968553,1.0,0.3333333333333333,1400.0
69,all,R17,IF (PointsAjust IS Medium) AND (TeamExp IS High) AND (Length IS High),High,0.0,0.0,4817.739450495507,0.0,4817.739450495507,0.5534591194968553,1.0,0.3333333333333333,1400.0
69,all,R18,IF (PointsAjust IS High) AND (TeamExp IS Medium) AND (Length IS Medium),Very_High,0.0,0.0,2163.4005832748317,0.0,4817.739450495507,0.5534591194968553,1.0,0.3333333333333333,1400.0
69,all,R19,IF (PointsAjust IS Medium) AND (TeamExp IS Low) AND (Length IS High),Very_High,0.0,0.0,2163.4005832748317,0.0,4817.739450495507,0.5534591194968553,1.0,0.3333333333333333,1400.0
69,all,R20,IF (PointsAjust IS High) AND (TeamExp IS Low) AND (Length IS High),Very_High,0.0,0.0,2163.4005832748317,0.0,4817.739450495507,0.5534591194968553,1.0,0.3333333333333333,1400.0
70,all,R1,IF (PointsAjust IS Low) AND (TeamExp IS High) AND (Length IS Low),Very_Low,0.0,0.0,5009.615626591783,0.0,4883.19723671891,0.3694968553459119,1.0,0.3333333333333333,2800.0
70,all,R2,IF (PointsAjust IS Low) AND (TeamExp IS Medium) AND (Length IS Low),Low,0.0,0.0,6404.913931108593,0.0,4883.19723671891,0.3694968553459119,1.0,0.3333333333333333,2800.0
70,all,R3,IF (PointsAjust IS Low) AND (TeamExp IS High) AND (Length IS Medium),Low,0.0,0.0,6404.913931108593,0.0,4883.19723671891,0.3694968553459119,1.0,0.3333333333333333,2800.0
70,all,R4,IF (PointsAjust IS Medium) AND (TeamExp IS High) AND (Length IS Low),Low,0.0,0.0,6404.913931108593,0.0,4883.19723671891,0.3694968553459119,1.0,0.3333333333333333,2800.0
70,all,R5,IF (PointsAjust IS Low) AND (TeamExp IS Low) AND (Length IS Low),Medium,0.0,0.0,7384.496655780641,0.0,4883.19723671891,0.3694968553459119,1.0,0.3333333333333333,2800.0
70,all,R6,IF (PointsAjust IS Medium) AND (TeamExp IS Medium) AND (Length IS Low),Medium,0.0,0.0,7384.496655780641,0.0,4883.19723671891,0.3694968553459119,1.0,0.3333333333333333,2800.0
70,all,R7,IF (PointsAjust IS Low) AND (TeamExp IS Medium) AND (Length IS Medium),Medium,0.0,0.0,7384.496655780641,0.0,4883.19723671891,0.3694968553459119,1.0,0.3333333333333333,2800.0
70,all,R8,IF (PointsAjust IS Medium) AND (TeamExp IS High) AND (Length IS Medium),Medium,0.09467455621301786,0.16842105263157905,7384.496655780641,1243.7046999209508,4883.19723671891,0.3694968553459119,1.0,0.3333333333333333,2800.0
70,all,R9,IF (PointsAjust IS Low) AND (TeamExp IS Low) AND (Length IS Medium),High,0.0,0.0,4376.604949314002,0.0,4883.19723671891,0.3694968553459119,1.0,0.3333333333333333,2800.0
70,all,R10,IF (PointsAjust IS Medium) AND (TeamExp IS Low) AND (Length IS Low),High,0.0,0.0,4376.604949314002,0.0,4883.19723671891,0.3694968553459119,1.0,0.3333333333333333,2800.0
70,all,R11,IF (PointsAjust IS Medium) AND (TeamExp IS Medium) AND (Length IS Medium),Medium,0.0,0.0,7384.496655780641,0.0,4883.19723671891,0.3694968553459119,1.0,0.3333333333333333,2800.0
70,all,R12,IF (PointsAjust IS High) AND (TeamExp IS High) AND (Length IS Low),Medium,0.0,0.0,7384.496655780641,0.0,4883.19723671891,0.3694968553459119,1.0,0.3333333333333333,2800.0
70,all,R13,IF (PointsAjust IS High) AND (TeamExp IS Medium) AND (Length IS Low),High,0.0,0.0,4376.604949314002,0.0,4883.19723671891,0.3694968553459119,1.0,0.3333333333333333,2800.0
70,all,R14,IF (PointsAjust IS High) AND (TeamExp IS High) AND (Length IS Medium),High,0.23668639053254414,0.42105263157894673,4376.604949314002,1842.781031290103,4883.19723671891,0.3694968553459119,1.0,0.3333333333333333,2800.0
70,all,R15,IF (PointsAjust IS Medium) AND (TeamExp IS Low) AND (Length IS Medium),High,0.0,0.0,4376.604949314002,0.0,4883.19723671891,0.3694968553459119,1.0,0.3333333333333333,2800.0
70,all,R16,IF (PointsAjust IS Low) AND (TeamExp IS Low) AND (Length IS High),High,0.0,0.0,4376.604949314002,0.0,4883.19723671891,0.3694968553459119,1.0,0.3333333333333333,2800.0
70,all,R17,IF (PointsAjust IS Medium) AND (TeamExp IS High) AND (Length IS High),High,0.23076923076923123,0.41052631578947424,4376.604949314002,1796.7115055078557,4883.19723671891,0.3694968553459119,1.0,0.3333333333333333,2800.0
70,all,R18,IF (PointsAjust IS High) AND (TeamExp IS Medium) AND (Length IS Medium),Very_High,0.0,0.0,4141.67638454072,0.0,4883.19723671891,0.3694968553459119,1.0,0.3333333333333333,2800.0
70,all,R19,IF (PointsAjust IS Medium) AND (TeamExp IS Low) AND (Length IS High),Very_High,0.0,0.0,4141.67638454072,0.0,4883.19723671891,0.3694968553459119,1.0,0.3333333333333333,2800.0
70,all,R20,IF (PointsAjust IS High) AND (TeamExp IS Low) AND (Length IS High),Very_High,0.0,0.0,4141.67638454072,0.0,4883.19723671891,0.3694968553459119,1.0,0.3333333333333333,2800.0
71,all,R1,IF (PointsAjust IS Low) AND (TeamExp IS High) AND (Length IS Low),Very_Low,0.0,0.05,11016.419082100248,550.8209541050124,7744.844728546592,0.8726415094339622,1.0,0.696969696969697,9520.0
71,all,R2,IF (PointsAjust IS Low) AND (TeamExp IS Medium) AND (Length IS Low),Low,0.0,0.05,13349.657850839514,667.4828925419757,7744.844728546592,0.8726415094339622,1.0,0.696969696969697,9520.0
71,all,R3,IF (PointsAjust IS Low) AND (TeamExp IS High) AND (Length IS Medium),Low,0.0,0.05,13349.657850839514,667.4828925419757,7744.844728546592,0.8726415094339622,1.0,0.696969696969697,9520.0
71,all,R4,IF (PointsAjust IS Medium) AND (TeamExp IS High) AND (Length IS Low),Low,0.0,0.05,13349.657850839514,667.4828925419757,7744.844728546592,0.8726415094339622,1.0,0.696969696969697,9520.0
71,all,R5,IF (PointsAjust IS Low) AND (TeamExp IS Low) AND (Length IS Low),Medium,0.0,0.05,13659.720639198677,682.9860319599338,7744.844728546592,0.8726415094339622,1.0,0.696969696969697,9520.0
71,all,R6,IF (PointsAjust IS Medium) AND (TeamExp IS Medium) AND (Length IS Low),Medium,0.0,0.05,13659.720639198677,682.9860319599338,7744.844728546592,0.8726415094339622,1.0,0.696969696969697,9520.0
71,all,R7,IF (PointsAjust IS Low) AND (TeamExp IS Medium) AND (Length IS Medium),Medium,0.0,0.05,13659.720639198677,682.9860319599338,7744.844728546592,0.8726415094339622,1.0,0.696969696969697,9520.0
71,all,R8,IF (PointsAjust IS Medium) AND (TeamExp IS High) AND (Length IS Medium),Medium,0.0,0.05,13659.720639198677,682.9860319599338,7744.844728546592,0.8726415094339622,1.0,0.696969696969697,9520.0
71,all,R9,IF (PointsAjust IS Low) AND (TeamExp IS Low) AND (Length IS Medium),High,0.0,0.05,4737.485724393577,236.87428621967885,7744.844728546592,0.8726415094339622,1.0,0.696969696969697,9520.0
71,all,R10,IF (PointsAjust IS Medium) AND (TeamExp IS Low) AND (Length IS Low),High,0.0,0.05,4737.485724393577,236.87428621967885,7744.844728546592,0.8726415094339622,1.0,0.696969696969697,9520.0
71,all,R11,IF (PointsAjust IS Medium) AND (TeamExp IS Medium) AND (Length IS Medium),Medium,0.0,0.05,13659.720639198677,682.9860319599338,7744.844728546592,0.8726415094339622,1.0,0.696969696969697,9520.0
71,all,R12,IF (PointsAjust IS High) AND (TeamExp IS High) AND (Length IS Low),Medium,0.0,0.05,13659.720639198677,682.9860319599338,7744.844728546592,0.8726415094339622,1.0,0.696969696969697,9520.0
71,all,R13,IF (PointsAjust IS High) AND (TeamExp IS Medium) AND (Length IS Low),High,0.0,0.05,4737.485724393577,236.87428621967885,7744.844728546592,0.8726415094339622,1.0,0.696969696969697,9520.0
71,all,R14,IF (PointsAjust IS High) AND (TeamExp IS High) AND (Length IS Medium),High,0.0,0.05,4737.485724393577,236.87428621967885,7744.844728546592,0.8726415094339622,1.0,0.696969696969697,9520.0
71,all,R15,IF (PointsAjust IS Medium) AND (TeamExp IS Low) AND (Length IS Medium),High,0.0,0.05,4737.485724393577,236.87428621967885,7744.844728546592,0.8726415094339622,1.0,0.696969696969697,9520.0
71,all,R16,IF (PointsAjust IS Low) AND (TeamExp IS Low) AND (Length IS High),High,0.0,0.05,4737.485724393577,236.87428621967885,7744.844728546592,0.8726415094339622,1.0,0.696969696969697,9520.0
71,all,R17,IF (PointsAjust IS Medium) AND (TeamExp IS High) AND (Length IS High),High,0.0,0.05,4737.485724393577,236.87428621967885,7744.844728546592,0.8726415094339622,1.0,0.696969696969697,9520.0
71,all,R18,IF (PointsAjust IS High) AND (TeamExp IS Medium) AND (Length IS Medium),Very_High,0.0,0.05,-3763.073989878021,-188.15369949390106,7744.844728546592,0.8726415094339622,1.0,0.696969696969697,9520.0
71,all,R19,IF (PointsAjust IS Medium) AND (TeamExp IS Low) AND (Length IS High),Very_High,0.0,0.05,-3763.073989878021,-188.15369949390106,7744.844728546592,0.8726415094339622,1.0,0.696969696969697,9520.0
71,all,R20,IF (PointsAjust IS High) AND (TeamExp IS Low) AND (Length IS High),Very_High,0.0,0.05,-3763.073989878021,-188.15369949390106,7744.844728546592,0.8726415094339622,1.0,0.696969696969697,9520.0
72,all,R1,IF (PointsAjust IS Low) AND (TeamExp IS High) AND (Length IS Low),Very_Low,0.0,0.0,11829.041582027745,0.0,5884.757090105472,0.9984276729559748,1.0,0.3333333333333333,5880.0
72,all,R2,IF (PointsAjust IS Low) AND (TeamExp IS Medium) AND (Length IS Low),Low,0.0,0.0,12570.609786417821,0.0,5884.757090105472,0.9984276729559748,1.0,0.3333333333333333,5880.0
72,all,R3,IF (PointsAjust IS Low) AND (TeamExp IS High) AND (Length IS Medium),Low,0.0,0.0,12570.609786417821,0.0,5884.757090105472,0.9984276729559748,1.0,0.3333333333333333,5880.0
72,all,R4,IF (PointsAjust IS Medium) AND (TeamExp IS High) AND (Length IS Low),Low,0.0,0.0,12570.609786417821,0.0,5884.757090105472,0.9984276729559748,1.0,0.3333333333333333,5880.0
72,all,R5,IF (PointsAjust IS Low) AND (TeamExp IS Low) AND (Length IS Low),Medium,0.0,0.0,12159.382386079547,0.0,5884.757090105472,0.9984276729559748,1.0,0.3333333333333333,5880.0
72,all,R6,IF (PointsAjust IS Medium) AND (TeamExp IS Medium) AND (Length IS Low),Medium,0.0,0.0,12159.382386079547,0.0,5884.757090105472,0.9984276729559748,1.0,0.3333333333333333,5880.0
72,all,R7,IF (PointsAjust IS Low) AND (TeamExp IS Medium) AND (Length IS Medium),Medium,0.0,0.0,12159.382386079547,0.0,5884.757090105472,0.9984276729559748,1.0,0.3333333333333333,5880.0
72,all,R8,IF (PointsAjust IS Medium) AND (TeamExp IS High) AND (Length IS Medium),Medium,0.0,0.0,12159.382386079547,0.0,5884.757090105472,0.9984276729559748,1.0,0.3333333333333333,5880.0
72,all,R9,IF (PointsAjust IS Low) AND (TeamExp IS Low) AND (Length IS Medium),High,0.0,0.0,5884.757090105472,0.0,5884.757090105472,0.9984276729559748,1.0,0.3333333333333333,5880.0
72,all,R10,IF (PointsAjust IS Medium) AND (TeamExp IS Low) AND (Length IS Low),High,0.0,0.0,5884.757090105472,0.0,5884.757090105472,0.9984276729559748,1.0,0.3333333333333333,5880.0
72,all,R11,IF (PointsAjust IS Medium) AND (TeamExp IS Medium) AND (Length IS Medium),Medium,0.0,0.0,12159.382386079547,0.0,5884.757090105472,0.9984276729559748,1.0,0.3333333333333333,5880.0
72,all,R12,IF (PointsAjust IS High) AND (TeamExp IS High) AND (Length IS Low),Medium,0.0,0.0,12159.382386079547,0.0,5884.757090105472,0.9984276729559748,1.0,0.3333333333333333,5880.0
72,all,R13,IF (PointsAjust IS High) AND (TeamExp IS Medium) AND (Length IS Low),High,0.0,0.0,5884.757090105472,0.0,5884.757090105472,0.9984276729559748,1.0,0.3333333333333333,5880.0
72,all,R14,IF (PointsAjust IS High) AND (TeamExp IS High) AND (Length IS Medium),High,0.30769230769230754,1.0,5884.757090105472,5884.757090105472,5884.757090105472,0.9984276729559748,1.0,0.3333333333333333,5880.0
72,all,R15,IF (PointsAjust IS Medium) AND (TeamExp IS Low) AND (Length IS Medium),High,0.0,0.0,5884.757090105472,0.0,5884.757090105472,0.9984276729559748,1.0,0.3333333333333333,5880.0
72,all,R16,IF (PointsAjust IS Low) AND (TeamExp IS Low) AND (Length IS High),High,0.0,0.0,5884.757090105472,0.0,5884.757090105472,0.9984276729559748,1.0,0.3333333333333333,5880.0
72,all,R17,IF (PointsAjust IS Medium) AND (TeamExp IS High) AND (Length IS High),High,0.0,0.0,5884.757090105472,0.0,5884.757090105472,0.9984276729559748,1.0,0.3333333333333333,5880.0
72,all,R18,IF (PointsAjust IS High) AND (TeamExp IS Medium) AND (Length IS Medium),Very_High,0.0,0.0,-2621.6596881631685,-0.0,5884.757090105472,0.9984276729559748,1.0,0.3333333333333333,5880.0
72,all,R19,IF (PointsAjust IS Medium) AND (TeamExp IS Low) AND (Length IS High),Very_High,0.0,0.0,-2621.6596881631685,-0.0,5884.757090105472,0.9984276729559748,1.0,0.3333333333333333,5880.0
72,all,R20,IF (PointsAjust IS High) AND (TeamExp IS Low) AND (Length IS High),Very_High,0.0,0.0,-2621.6596881631685,-0.0,5884.757090105472,0.9984276729559748,1.0,0.3333333333333333,5880.0
