sample_index,split,rule_id,antecedent,consequent_label,firing_strength,normalized_firing_strength,label_equation_output,rule_contribution,predicted,PointsAjust,TeamExp,Length,actual
0,all,R1,IF (PointsAjust IS Low) AND (TeamExp IS High) AND (Length IS Low),Very_Low,0.0,0.0,6132.85363940593,0.0,8074.065058464385,0.3773584905660377,0.4,0.3333333333333333,5152.0
0,all,R2,IF (PointsAjust IS Low) AND (TeamExp IS High) AND (Length IS Medium),Low,0.0,0.0,551.3766894687451,0.0,8074.065058464385,0.3773584905660377,0.4,0.3333333333333333,5152.0
0,all,R3,IF (PointsAjust IS Low) AND (TeamExp IS High) AND (Length IS High),Medium,0.0,0.0,2450.1458559003445,0.0,8074.065058464385,0.3773584905660377,0.4,0.3333333333333333,5152.0
0,all,R4,IF (PointsAjust IS Low) AND (TeamExp IS Medium) AND (Length IS Low),Low,0.0,0.0,551.3766894687451,0.0,8074.065058464385,0.3773584905660377,0.4,0.3333333333333333,5152.0
0,all,R5,IF (PointsAjust IS Low) AND (TeamExp IS Medium) AND (Length IS Medium),Medium,0.0,0.0,2450.1458559003445,0.0,8074.065058464385,0.3773584905660377,0.4,0.3333333333333333,5152.0
0,all,R6,IF (PointsAjust IS Low) AND (TeamExp IS Medium) AND (Length IS High),Medium,0.0,0.0,2450.1458559003445,0.0,8074.065058464385,0.3773584905660377,0.4,0.3333333333333333,5152.0
0,all,R7,IF (PointsAjust IS Low) AND (TeamExp IS Low) AND (Length IS Medium),Medium,0.0,0.0,2450.1458559003445,0.0,8074.065058464385,0.3773584905660377,0.4,0.3333333333333333,5152.0
0,all,R8,IF (PointsAjust IS Low) AND (TeamExp IS Low) AND (Length IS High),High,0.0,0.0,4799.550380826946,0.0,8074.065058464385,0.3773584905660377,0.4,0.3333333333333333,5152.0
0,all,R9,IF (PointsAjust IS Medium) AND (TeamExp IS High) AND (Length IS Low),Low,0.0,0.0,551.3766894687451,0.0,8074.065058464385,0.3773584905660377,0.4,0.3333333333333333,5152.0
0,all,R10,IF (PointsAjust IS Medium) AND (TeamExp IS High) AND (Length IS Medium),Medium,0.0,0.0,2450.1458559003445,0.0,8074.065058464385,0.3773584905660377,0.4,0.3333333333333333,5152.0
0,all,R11,IF (PointsAjust IS Medium) AND (TeamExp IS High) AND (Length IS High),Medium,0.0,0.0,2450.1458559003445,0.0,8074.065058464385,0.3773584905660377,0.4,0.3333333333333333,5152.0
0,all,R12,IF (PointsAjust IS Medium) AND (TeamExp IS Medium) AND (Length IS Low),Medium,0.0,0.0,2450.1458559003445,0.0,8074.065058464385,0.3773584905660377,0.4,0.3333333333333333,5152.0
0,all,R13,IF (PointsAjust IS Medium) AND (TeamExp IS Medium) AND (Length IS Medium),Medium,0.0,0.0,2450.1458559003445,0.0,8074.065058464385,0.3773584905660377,0.4,0.3333333333333333,5152.0
0,all,R14,IF (PointsAjust IS Medium) AND (TeamExp IS Medium) AND (Length IS High),High,0.0,0.0,4799.550380826946,0.0,8074.065058464385,0.3773584905660377,0.4,0.3333333333333333,5152.0
0,all,R15,IF (PointsAjust IS Medium) AND (TeamExp IS Low) AND (Length IS Medium),High,0.06837606837606851,0.06124401913875609,4799.550380826946,293.9437553807895,8074.065058464385,0.3773584905660377,0.4,0.3333333333333333,5152.0
0,all,R16,IF (PointsAjust IS Medium) AND (TeamExp IS Low) AND (Length IS High),High,0.16666666666666713,0.14928229665071807,4799.550380826946,716.487903740675,8074.065058464385,0.3773584905660377,0.4,0.3333333333333333,5152.0
0,all,R17,IF (PointsAjust IS High) AND (TeamExp IS High) AND (Length IS Medium),Medium,0.0,0.0,2450.1458559003445,0.0,8074.065058464385,0.3773584905660377,0.4,0.3333333333333333,5152.0
0,all,R18,IF (PointsAjust IS High) AND (TeamExp IS Medium) AND (Length IS Medium),High,0.0,0.0,4799.550380826946,0.0,8074.065058464385,0.3773584905660377,0.4,0.3333333333333333,5152.0
0,all,R19,IF (PointsAjust IS High) AND (TeamExp IS Low) AND (Length IS Medium),High,0.25641025641025617,0.22966507177033466,4799.550380826946,1102.2890826779576,8074.065058464385,0.3773584905660377,0.4,0.3333333333333333,5152.0
0,all,R20,IF (PointsAjust IS High) AND (TeamExp IS Low) AND (Length IS High),Very_High,0.6249999999999999,0.5598086124401912,10648.897112675022,5961.344316664962,8074.065058464385,0.3773584905660377,0.4,0.3333333333333333,5152.0
1,all,R1,IF (PointsAjust IS Low) AND (TeamExp IS High) AND (Length IS Low),Very_Low,0.0,0.05,6807.025740551475,340.3512870275738,2997.5349203894675,0.3977987421383648,0.2,0.0909090909090909,5635.0
1,all,R2,IF (PointsAjust IS Low) AND (TeamExp IS High) AND (Length IS Medium),Low,0.0,0.05,-818.5943095893908,-40.92971547946954,2997.5349203894675,0.3977987421383648,0.2,0.0909090909090909,5635.0
1,all,R3,IF (PointsAjust IS Low) AND (TeamExp IS High) AND (Length IS High),Medium,0.0,0.05,2733.8188218641158,136.6909410932058,2997.5349203894675,0.3977987421383648,0.2,0.0909090909090909,5635.0
1,all,R4,IF (PointsAjust IS Low) AND (TeamExp IS Medium) AND (Length IS Low),Low,0.0,0.05,-818.5943095893908,-40.92971547946954,2997.5349203894675,0.3977987421383648,0.2,0.0909090909090909,5635.0
1,all,R5,IF (PointsAjust IS Low) AND (TeamExp IS Medium) AND (Length IS Medium),Medium,0.0,0.05,2733.8188218641158,136.6909410932058,2997.5349203894675,0.3977987421383648,0.2,0.0909090909090909,5635.0
1,all,R6,IF (PointsAjust IS Low) AND (TeamExp IS Medium) AND (Length IS High),Medium,0.0,0.05,2733.8188218641158,136.6909410932058,2997.5349203894675,0.3977987421383648,0.2,0.0909090909090909,5635.0
1,all,R7,IF (PointsAjust IS Low) AND (TeamExp IS Low) AND (Length IS Medium),Medium,0.0,0.05,2733.8188218641158,136.6909410932058,2997.5349203894675,0.3977987421383648,0.2,0.0909090909090909,5635.0
1,all,R8,IF (PointsAjust IS Low) AND (TeamExp IS Low) AND (Length IS High),High,0.0,0.05,3565.6576010790172,178.28288005395086,2997.5349203894675,0.3977987421383648,0.2,0.0909090909090909,5635.0
1,all,R9,IF (PointsAjust IS Medium) AND (TeamExp IS High) AND (Length IS Low),Low,0.0,0.05,-818.5943095893908,-40.92971547946954,2997.5349203894675,0.3977987421383648,0.2,0.0909090909090909,5635.0
1,all,R10,IF (PointsAjust IS Medium) AND (TeamExp IS High) AND (Length IS Medium),Medium,0.0,0.05,2733.8188218641158,136.6909410932058,2997.5349203894675,0.3977987421383648,0.2,0.0909090909090909,5635.0
1,all,R11,IF (PointsAjust IS Medium) AND (TeamExp IS High) AND (Length IS High),Medium,0.0,0.05,2733.8188218641158,136.6909410932058,2997.5349203894675,0.3977987421383648,0.2,0.0909090909090909,5635.0
1,all,R12,IF (PointsAjust IS Medium) AND (TeamExp IS Medium) AND (Length IS Low),Medium,0.0,0.05,2733.8188218641158,136.6909410932058,2997.5349203894675,0.3977987421383648,0.2,0.0909090909090909,5635.0
1,all,R13,IF (PointsAjust IS Medium) AND (TeamExp IS Medium) AND (Length IS Medium),Medium,0.0,0.05,2733.8188218641158,136.6909410932058,2997.5349203894675,0.3977987421383648,0.2,0.0909090909090909,5635.0
1,all,R14,IF (PointsAjust IS Medium) AND (TeamExp IS Medium) AND (Length IS High),High,0.0,0.05,3565.6576010790172,178.28288005395086,2997.5349203894675,0.3977987421383648,0.2,0.0909090909090909,5635.0
1,all,R15,IF (PointsAjust IS Medium) AND (TeamExp IS Low) AND (Length IS Medium),High,0.0,0.05,3565.6576010790172,178.28288005395086,2997.5349203894675,0.3977987421383648,0.2,0.0909090909090909,5635.0
1,all,R16,IF (PointsAjust IS Medium) AND (TeamExp IS Low) AND (Length IS High),High,0.0,0.05,3565.6576010790172,178.28288005395086,2997.5349203894675,0.3977987421383648,0.2,0.0909090909090909,5635.0
1,all,R17,IF (PointsAjust IS High) AND (TeamExp IS High) AND (Length IS Medium),Medium,0.0,0.05,2733.8188218641158,136.6909410932058,2997.5349203894675,0.3977987421383648,0.2,0.0909090909090909,5635.0
1,all,R18,IF (PointsAjust IS High) AND (TeamExp IS Medium) AND (Length IS Medium),High,0.0,0.05,3565.6576010790172,178.28288005395086,2997.5349203894675,0.3977987421383648,0.2,0.0909090909090909,5635.0
1,all,R19,IF (PointsAjust IS High) AND (TeamExp IS Low) AND (Length IS Medium),High,0.0,0.05,3565.6576010790172,178.28288005395086,2997.5349203894675,0.3977987421383648,0.2,0.0909090909090909,5635.0
1,all,R20,IF (PointsAjust IS High) AND (TeamExp IS Low) AND (Length IS High),Very_High,0.0,0.05,9601.140592754897,480.05702963774485,2997.5349203894675,0.3977987421383648,0.2,0.0909090909090909,5635.0
2,all,R1,IF (PointsAjust IS Low) AND (TeamExp IS High) AND (Length IS Low),Very_Low,1.0,1.0,1007.067596155372,1007.067596155372,1007.0675961553719,0.0330188679245283,1.0,0.0,805.0
2,all,R2,IF (PointsAjust IS Low) AND (TeamExp IS High) AND (Length IS Medium),Low,0.0,0.0,3502.8986694939667,0.0,1007.0675961553719,0.0330188679245283,1.0,0.0,805.0
2,all,R3,IF (PointsAjust IS Low) AND (TeamExp IS High) AND (Length IS High),Medium,0.0,0.0,5041.678050818278,0.0,1007.0675961553719,0.0330188679245283,1.0,0.0,805.0
2,all,R4,IF (PointsAjust IS Low) AND (TeamExp IS Medium) AND (Length IS Low),Low,0.0,0.0,3502.8986694939667,0.0,1007.0675961553719,0.0330188679245283,1.0,0.0,805.0
2,all,R5,IF (PointsAjust IS Low) AND (TeamExp IS Medium) AND (Length IS Medium),Medium,0.0,0.0,5041.678050818278,0.0,1007.0675961553719,0.0330188679245283,1.0,0.0,805.0
2,all,R6,IF (PointsAjust IS Low) AND (TeamExp IS Medium) AND (Length IS High),Medium,0.0,0.0,5041.678050818278,0.0,1007.0675961553719,0.0330188679245283,1.0,0.0,805.0
2,all,R7,IF (PointsAjust IS Low) AND (TeamExp IS Low) AND (Length IS Medium),Medium,0.0,0.0,5041.678050818278,0.0,1007.0675961553719,0.0330188679245283,1.0,0.0,805.0
2,all,R8,IF (PointsAjust IS Low) AND (TeamExp IS Low) AND (Length IS High),High,0.0,0.0,4126.626485906023,0.0,1007.0675961553719,0.0330188679245283,1.0,0.0,805.0
2,all,R9,IF (PointsAjust IS Medium) AND (TeamExp IS High) AND (Length IS Low),Low,0.0,0.0,3502.8986694939667,0.0,1007.0675961553719,0.0330188679245283,1.0,0.0,805.0
2,all,R10,IF (PointsAjust IS Medium) AND (TeamExp IS High) AND (Length IS Medium),Medium,0.0,0.0,5041.678050818278,0.0,1007.0675961553719,0.0330188679245283,1.0,0.0,805.0
2,all,R11,IF (PointsAjust IS Medium) AND (TeamExp IS High) AND (Length IS High),Medium,0.0,0.0,5041.678050818278,0.0,1007.0675961553719,0.0330188679245283,1.0,0.0,805.0
2,all,R12,IF (PointsAjust IS Medium) AND (TeamExp IS Medium) AND (Length IS Low),Medium,0.0,0.0,5041.678050818278,0.0,1007.0675961553719,0.0330188679245283,1.0,0.0,805.0
2,all,R13,IF (PointsAjust IS Medium) AND (TeamExp IS Medium) AND (Length IS Medium),Medium,0.0,0.0,5041.678050818278,0.0,1007.0675961553719,0.0330188679245283,1.0,0.0,805.0
2,all,R14,IF (PointsAjust IS Medium) AND (TeamExp IS Medium) AND (Length IS High),High,0.0,0.0,4126.626485906023,0.0,1007.0675961553719,0.0330188679245283,1.0,0.0,805.0
2,all,R15,IF (PointsAjust IS Medium) AND (TeamExp IS Low) AND (Length IS Medium),High,0.0,0.0,4126.626485906023,0.0,1007.0675961553719,0.0330188679245283,1.0,0.0,805.0
2,all,R16,IF (PointsAjust IS Medium) AND (TeamExp IS Low) AND (Length IS High),High,0.0,0.0,4126.626485906023,0.0,1007.0675961553719,0.0330188679245283,1.0,0.0,805.0
2,all,R17,IF (PointsAjust IS High) AND (TeamExp IS High) AND (Length IS Medium),Medium,0.0,0.0,5041.678050818278,0.0,1007.0675961553719,0.0330188679245283,1.0,0.0,805.0
2,all,R18,IF (PointsAjust IS High) AND (TeamExp IS Medium) AND (Length IS Medium),High,0.0,0.0,4126.626485906023,0.0,1007.0675961553719,0.0330188679245283,1.0,0.0,805.0
2,all,R19,IF (PointsAjust IS High) AND (TeamExp IS Low) AND (Length IS Medium),High,0.0,0.0,4126.626485906023,0.0,1007.0675961553719,0.0330188679245283,1.0,0.0,805.0
2,all,R20,IF (PointsAjust IS High) AND (TeamExp IS Low) AND (Length IS High),Very_High,0.0,0.0,18821.82327818044,0.0,1007.0675961553719,0.0330188679245283,1.0,0.0,805.0
3,all,R1,IF (PointsAjust IS Low) AND (TeamExp IS High) AND (Length IS Low),Very_Low,0.0,0.05,6635.85076574179,331.79253828708954,2867.3510237150776,0.3789308176100629,0.2,0.1212121212121212,3829.0
3,all,R2,IF (PointsAjust IS Low) AND (TeamExp IS High) AND (Length IS Medium),Low,0.0,0.05,-1122.4296881657992,-56.121484408289966,2867.3510237150776,0.3789308176100629,0.2,0.1212121212121212,3829.0
3,all,R3,IF (PointsAjust IS Low) AND (TeamExp IS High) AND (Length IS High),Medium,0.0,0.05,2590.7673067444875,129.53836533722438,2867.3510237150776,0.3789308176100629,0.2,0.1212121212121212,3829.0
3,all,R4,IF (PointsAjust IS Low) AND (TeamExp IS Medium) AND (Length IS Low),Low,0.0,0.05,-1122.4296881657992,-56.121484408289966,2867.3510237150776,0.3789308176100629,0.2,0.1212121212121212,3829.0
3,all,R5,IF (PointsAjust IS Low) AND (TeamExp IS Medium) AND (Length IS Medium),Medium,0.0,0.05,2590.7673067444875,129.53836533722438,2867.3510237150776,0.3789308176100629,0.2,0.1212121212121212,3829.0
3,all,R6,IF (PointsAjust IS Low) AND (TeamExp IS Medium) AND (Length IS High),Medium,0.0,0.05,2590.7673067444875,129.53836533722438,2867.3510237150776,0.3789308176100629,0.2,0.1212121212121212,3829.0
3,all,R7,IF (PointsAjust IS Low) AND (TeamExp IS Low) AND (Length IS Medium),Medium,0.0,0.05,2590.7673067444875,129.53836533722438,2867.3510237150776,0.3789308176100629,0.2,0.1212121212121212,3829.0
3,all,R8,IF (PointsAjust IS Low) AND (TeamExp IS Low) AND (Length IS High),High,0.0,0.05,3575.2459724791775,178.76229862395888,2867.3510237150776,0.3789308176100629,0.2,0.1212121212121212,3829.0
3,all,R9,IF (PointsAjust IS Medium) AND (TeamExp IS High) AND (Length IS Low),Low,0.0,0.05,-1122.4296881657992,-56.121484408289966,2867.3510237150776,0.3789308176100629,0.2,0.1212121212121212,3829.0
3,all,R10,IF (PointsAjust IS Medium) AND (TeamExp IS High) AND (Length IS Medium),Medium,0.0,0.05,2590.7673067444875,129.53836533722438,2867.3510237150776,0.3789308176100629,0.2,0.1212121212121212,3829.0
3,all,R11,IF (PointsAjust IS Medium) AND (TeamExp IS High) AND (Length IS High),Medium,0.0,0.05,2590.7673067444875,129.53836533722438,2867.3510237150776,0.3789308176100629,0.2,0.1212121212121212,3829.0
3,all,R12,IF (PointsAjust IS Medium) AND (TeamExp IS Medium) AND (Length IS Low),Medium,0.0,0.05,2590.7673067444875,129.53836533722438,2867.3510237150776,0.3789308176100629,0.2,0.1212121212121212,3829.0
3,all,R13,IF (PointsAjust IS Medium) AND (TeamExp IS Medium) AND (Length IS Medium),Medium,0.0,0.05,2590.7673067444875,129.53836533722438,2867.3510237150776,0.3789308176100629,0.2,0.1212121212121212,3829.0
3,all,R14,IF (PointsAjust IS Medium) AND (TeamExp IS Medium) AND (Length IS High),High,0.0,0.05,3575.2459724791775,178.76229862395888,2867.3510237150776,0.3789308176100629,0.2,0.1212121212121212,3829.0
3,all,R15,IF (PointsAjust IS Medium) AND (TeamExp IS Low) AND (Length IS Medium),High,0.0,0.05,3575.2459724791775,178.76229862395888,2867.3510237150776,0.3789308176100629,0.2,0.1212121212121212,3829.0
3,all,R16,IF (PointsAjust IS Medium) AND (TeamExp IS Low) AND (Length IS High),High,0.0,0.05,3575.2459724791775,178.76229862395888,2867.3510237150776,0.3789308176100629,0.2,0.1212121212121212,3829.0
3,all,R17,IF (PointsAjust IS High) AND (TeamExp IS High) AND (Length IS Medium),Medium,0.0,0.05,2590.7673067444875,129.53836533722438,2867.3510237150776,0.3789308176100629,0.2,0.1212121212121212,3829.0
3,all,R18,IF (PointsAjust IS High) AND (TeamExp IS Medium) AND (Length IS Medium),High,0.0,0.05,3575.2459724791775,178.76229862395888,2867.3510237150776,0.3789308176100629,0.2,0.1212121212121212,3829.0
3,all,R19,IF (PointsAjust IS High) AND (TeamExp IS Low) AND (Length IS Medium),High,0.0,0.05,3575.2459724791775,178.76229862395888,2867.3510237150776,0.3789308176100629,0.2,0.1212121212121212,3829.0
3,all,R20,IF (PointsAjust IS High) AND (TeamExp IS Low) AND (Length IS High),Very_High,0.0,0.05,9310.077177481695,465.50385887408476,2867.3510237150776,0.3789308176100629,0.2,0.1212121212121212,3829.0
4,all,R1,IF (PointsAjust IS Low) AND (TeamExp IS High) AND (Length IS Low),Very_Low,0.0,0.05,5185.192169180871,259.2596084590436,2213.383927496089,0.2295597484276729,0.2,0.0909090909090909,2149.0
4,all,R2,IF (PointsAjust IS Low) AND (TeamExp IS High) AND (Length IS Medium),Low,0.0,0.05,-2921.613195595415,-146.08065977977077,2213.383927496089,0.2295597484276729,0.2,0.0909090909090909,2149.0
4,all,R3,IF (PointsAjust IS Low) AND (TeamExp IS High) AND (Length IS High),Medium,0.0,0.05,2454.860559876752,122.74302799383761,2213.383927496089,0.2295597484276729,0.2,0.0909090909090909,2149.0
4,all,R4,IF (PointsAjust IS Low) AND (TeamExp IS Medium) AND (Length IS Low),Low,0.0,0.05,-2921.613195595415,-146.08065977977077,2213.383927496089,0.2295597484276729,0.2,0.0909090909090909,2149.0
4,all,R5,IF (PointsAjust IS Low) AND (TeamExp IS Medium) AND (Length IS Medium),Medium,0.0,0.05,2454.860559876752,122.74302799383761,2213.383927496089,0.2295597484276729,0.2,0.0909090909090909,2149.0
4,all,R6,IF (PointsAjust IS Low) AND (TeamExp IS Medium) AND (Length IS High),Medium,0.0,0.05,2454.860559876752,122.74302799383761,2213.383927496089,0.2295597484276729,0.2,0.0909090909090909,2149.0
4,all,R7,IF (PointsAjust IS Low) AND (TeamExp IS Low) AND (Length IS Medium),Medium,0.0,0.05,2454.860559876752,122.74302799383761,2213.383927496089,0.2295597484276729,0.2,0.0909090909090909,2149.0
4,all,R8,IF (PointsAjust IS Low) AND (TeamExp IS Low) AND (Length IS High),High,0.0,0.05,2845.367620808978,142.2683810404489,2213.383927496089,0.2295597484276729,0.2,0.0909090909090909,2149.0
4,all,R9,IF (PointsAjust IS Medium) AND (TeamExp IS High) AND (Length IS Low),Low,0.0,0.05,-2921.613195595415,-146.08065977977077,2213.383927496089,0.2295597484276729,0.2,0.0909090909090909,2149.0
4,all,R10,IF (PointsAjust IS Medium) AND (TeamExp IS High) AND (Length IS Medium),Medium,0.0,0.05,2454.860559876752,122.74302799383761,2213.383927496089,0.2295597484276729,0.2,0.0909090909090909,2149.0
4,all,R11,IF (PointsAjust IS Medium) AND (TeamExp IS High) AND (Length IS High),Medium,0.0,0.05,2454.860559876752,122.74302799383761,2213.383927496089,0.2295597484276729,0.2,0.0909090909090909,2149.0
4,all,R12,IF (PointsAjust IS Medium) AND (TeamExp IS Medium) AND (Length IS Low),Medium,0.0,0.05,2454.860559876752,122.74302799383761,2213.383927496089,0.2295597484276729,0.2,0.0909090909090909,2149.0
4,all,R13,IF (PointsAjust IS Medium) AND (TeamExp IS Medium) AND (Length IS Medium),Medium,0.0,0.05,2454.860559876752,122.74302799383761,2213.383927496089,0.2295597484276729,0.2,0.0909090909090909,2149.0
4,all,R14,IF (PointsAjust IS Medium) AND (TeamExp IS Medium) AND (Length IS High),High,0.0,0.05,2845.367620808978,142.2683810404489,2213.383927496089,0.2295597484276729,0.2,0.0909090909090909,2149.0
4,all,R15,IF (PointsAjust IS Medium) AND (TeamExp IS Low) AND (Length IS Medium),High,0.0,0.05,2845.367620808978,142.2683810404489,2213.383927496089,0.2295597484276729,0.2,0.0909090909090909,2149.0
4,all,R16,IF (PointsAjust IS Medium) AND (TeamExp IS Low) AND (Length IS High),High,0.0,0.05,2845.367620808978,142.2683810404489,2213.383927496089,0.2295597484276729,0.2,0.0909090909090909,2149.0
4,all,R17,IF (PointsAjust IS High) AND (TeamExp IS High) AND (Length IS Medium),Medium,0.0,0.05,2454.860559876752,122.74302799383761,2213.383927496089,0.2295597484276729,0.2,0.0909090909090909,2149.0
4,all,R18,IF (PointsAjust IS High) AND (TeamExp IS Medium) AND (Length IS Medium),High,0.0,0.05,2845.367620808978,142.2683810404489,2213.383927496089,0.2295597484276729,0.2,0.0909090909090909,2149.0
4,all,R19,IF (PointsAjust IS High) AND (TeamExp IS Low) AND (Length IS Medium),High,0.0,0.05,2845.367620808978,142.2683810404489,2213.383927496089,0.2295597484276729,0.2,0.0909090909090909,2149.0
4,all,R20,IF (PointsAjust IS High) AND (TeamExp IS Low) AND (Length IS High),Very_High,0.0,0.05,8681.375203782525,434.0687601891263,2213.383927496089,0.2295597484276729,0.2,0.0909090909090909,2149.0
5,all,R1,IF (PointsAjust IS Low) AND (TeamExp IS High) AND (Length IS Low),Very_Low,0.0,0.05,4942.674999630127,247.13374998150636,2096.1277042596967,0.2044025157232704,0.2,0.0909090909090909,2821.0
5,all,R2,IF (PointsAjust IS Low) AND (TeamExp IS High) AND (Length IS Medium),Low,0.0,0.05,-3236.0833093907095,-161.8041654695355,2096.1277042596967,0.2044025157232704,0.2,0.0909090909090909,2821.0
5,all,R3,IF (PointsAjust IS Low) AND (TeamExp IS High) AND (Length IS High),Medium,0.0,0.05,2413.147174906679,120.65735874533397,2096.1277042596967,0.2044025157232704,0.2,0.0909090909090909,2821.0
5,all,R4,IF (PointsAjust IS Low) AND (TeamExp IS Medium) AND (Length IS Low),Low,0.0,0.05,-3236.0833093907095,-161.8041654695355,2096.1277042596967,0.2044025157232704,0.2,0.0909090909090909,2821.0
5,all,R5,IF (PointsAjust IS Low) AND (TeamExp IS Medium) AND (Length IS Medium),Medium,0.0,0.05,2413.147174906679,120.65735874533397,2096.1277042596967,0.2044025157232704,0.2,0.0909090909090909,2821.0
5,all,R6,IF (PointsAjust IS Low) AND (TeamExp IS Medium) AND (Length IS High),Medium,0.0,0.05,2413.147174906679,120.65735874533397,2096.1277042596967,0.2044025157232704,0.2,0.0909090909090909,2821.0
5,all,R7,IF (PointsAjust IS Low) AND (TeamExp IS Low) AND (Length IS Medium),Medium,0.0,0.05,2413.147174906679,120.65735874533397,2096.1277042596967,0.2044025157232704,0.2,0.0909090909090909,2821.0
5,all,R8,IF (PointsAjust IS Low) AND (TeamExp IS Low) AND (Length IS High),High,0.0,0.05,2737.660707871402,136.8830353935701,2096.1277042596967,0.2044025157232704,0.2,0.0909090909090909,2821.0
5,all,R9,IF (PointsAjust IS Medium) AND (TeamExp IS High) AND (Length IS Low),Low,0.0,0.05,-3236.0833093907095,-161.8041654695355,2096.1277042596967,0.2044025157232704,0.2,0.0909090909090909,2821.0
5,all,R10,IF (PointsAjust IS Medium) AND (TeamExp IS High) AND (Length IS Medium),Medium,0.0,0.05,2413.147174906679,120.65735874533397,2096.1277042596967,0.2044025157232704,0.2,0.0909090909090909,2821.0
5,all,R11,IF (PointsAjust IS Medium) AND (TeamExp IS High) AND (Length IS High),Medium,0.0,0.05,2413.147174906679,120.65735874533397,2096.1277042596967,0.2044025157232704,0.2,0.0909090909090909,2821.0
5,all,R12,IF (PointsAjust IS Medium) AND (TeamExp IS Medium) AND (Length IS Low),Medium,0.0,0.05,2413.147174906679,120.65735874533397,2096.1277042596967,0.2044025157232704,0.2,0.0909090909090909,2821.0
5,all,R13,IF (PointsAjust IS Medium) AND (TeamExp IS Medium) AND (Length IS Medium),Medium,0.0,0.05,2413.147174906679,120.65735874533397,2096.1277042596967,0.2044025157232704,0.2,0.0909090909090909,2821.0
5,all,R14,IF (PointsAjust IS Medium) AND (TeamExp IS Medium) AND (Length IS High),High,0.0,0.05,2737.660707871402,136.8830353935701,2096.1277042596967,0.2044025157232704,0.2,0.0909090909090909,2821.0
5,all,R15,IF (PointsAjust IS Medium) AND (TeamExp IS Low) AND (Length IS Medium),High,0.0,0.05,2737.660707871402,136.8830353935701,2096.1277042596967,0.2044025157232704,0.2,0.0909090909090909,2821.0
5,all,R16,IF (PointsAjust IS Medium) AND (TeamExp IS Low) AND (Length IS High),High,0.0,0.05,2737.660707871402,136.8830353935701,2096.1277042596967,0.2044025157232704,0.2,0.0909090909090909,2821.0
5,all,R17,IF (PointsAjust IS High) AND (TeamExp IS High) AND (Length IS Medium),Medium,0.0,0.05,2413.147174906679,120.65735874533397,2096.1277042596967,0.2044025157232704,0.2,0.0909090909090909,2821.0
5,all,R18,IF (PointsAjust IS High) AND (TeamExp IS Medium) AND (Length IS Medium),High,0.0,0.05,2737.660707871402,136.8830353935701,2096.1277042596967,0.2044025157232704,0.2,0.0909090909090909,2821.0
5,all,R19,IF (PointsAjust IS High) AND (TeamExp IS Low) AND (Length IS Medium),High,0.0,0.05,2737.660707871402,136.8830353935701,2096.1277042596967,0.2044025157232704,0.2,0.0909090909090909,2821.0
5,all,R20,IF (PointsAjust IS High) AND (TeamExp IS Low) AND (Length IS High),Very_High,0.0,0.05,8543.840192347403,427.19200961737016,2096.1277042596967,0.2044025157232704,0.2,0.0909090909090909,2821.0
6,all,R1,IF (PointsAjust IS Low) AND (TeamExp IS High) AND (Length IS Low),Very_Low,0.0,0.0,3158.185086416585,0.0,3020.4836655187237,0.130503144654088,0.6,0.2424242424242424,2569.0
6,all,R2,IF (PointsAjust IS Low) AND (TeamExp IS High) AND (Length IS Medium),Low,0.0,0.0,-161.07261010143066,-0.0,3020.4836655187237,0.130503144654088,0.6,0.2424242424242424,2569.0
6,all,R3,IF (PointsAjust IS Low) AND (TeamExp IS High) AND (Length IS High),Medium,0.0,0.0,3020.4836655187232,0.0,3020.4836655187237,0.130503144654088,0.6,0.2424242424242424,2569.0
6,all,R4,IF (PointsAjust IS Low) AND (TeamExp IS Medium) AND (Length IS Low),Low,0.0,0.0,-161.07261010143066,-0.0,3020.4836655187237,0.130503144654088,0.6,0.2424242424242424,2569.0
6,all,R5,IF (PointsAjust IS Low) AND (TeamExp IS Medium) AND (Length IS Medium),Medium,0.9484536082474225,0.9363099146421536,3020.4836655187232,2828.108803039855,3020.4836655187237,0.130503144654088,0.6,0.2424242424242424,2569.0
6,all,R6,IF (PointsAjust IS Low) AND (TeamExp IS Medium) AND (Length IS High),Medium,0.0,0.0,3020.4836655187232,0.0,3020.4836655187237,0.130503144654088,0.6,0.2424242424242424,2569.0
6,all,R7,IF (PointsAjust IS Low) AND (TeamExp IS Low) AND (Length IS Medium),Medium,0.0,0.0,3020.4836655187232,0.0,3020.4836655187237,0.130503144654088,0.6,0.2424242424242424,2569.0
6,all,R8,IF (PointsAjust IS Low) AND (TeamExp IS Low) AND (Length IS High),High,0.0,0.0,4070.0268269999265,0.0,3020.4836655187237,0.130503144654088,0.6,0.2424242424242424,2569.0
6,all,R9,IF (PointsAjust IS Medium) AND (TeamExp IS High) AND (Length IS Low),Low,0.0,0.0,-161.07261010143066,-0.0,3020.4836655187237,0.130503144654088,0.6,0.2424242424242424,2569.0
6,all,R10,IF (PointsAjust IS Medium) AND (TeamExp IS High) AND (Length IS Medium),Medium,0.0,0.0,3020.4836655187232,0.0,3020.4836655187237,0.130503144654088,0.6,0.2424242424242424,2569.0
6,all,R11,IF (PointsAjust IS Medium) AND (TeamExp IS High) AND (Length IS High),Medium,0.0,0.0,3020.4836655187232,0.0,3020.4836655187237,0.130503144654088,0.6,0.2424242424242424,2569.0
6,all,R12,IF (PointsAjust IS Medium) AND (TeamExp IS Medium) AND (Length IS Low),Medium,0.0,0.0,3020.4836655187232,0.0,3020.4836655187237,0.130503144654088,0.6,0.2424242424242424,2569.0
6,all,R13,IF (PointsAjust IS Medium) AND (TeamExp IS Medium) AND (Length IS Medium),Medium,0.06451612903225815,0.06369008535784644,3020.4836655187232,192.37486247886838,3020.4836655187237,0.130503144654088,0.6,0.2424242424242424,2569.0
6,all,R14,IF (PointsAjust IS Medium) AND (TeamExp IS Medium) AND (Length IS High),High,0.0,0.0,4070.0268269999265,0.0,3020.4836655187237,0.130503144654088,0.6,0.2424242424242424,2569.0
6,all,R15,IF (PointsAjust IS Medium) AND (TeamExp IS Low) AND (Length IS Medium),High,0.0,0.0,4070.0268269999265,0.0,3020.4836655187237,0.130503144654088,0.6,0.2424242424242424,2569.0
6,all,R16,IF (PointsAjust IS Medium) AND (TeamExp IS Low) AND (Length IS High),High,0.0,0.0,4070.0268269999265,0.0,3020.4836655187237,0.130503144654088,0.6,0.2424242424242424,2569.0
6,all,R17,IF (PointsAjust IS High) AND (TeamExp IS High) AND (Length IS Medium),Medium,0.0,0.0,3020.4836655187232,0.0,3020.4836655187237,0.130503144654088,0.6,0.2424242424242424,2569.0
6,all,R18,IF (PointsAjust IS High) AND (TeamExp IS Medium) AND (Length IS Medium),High,0.0,0.0,4070.0268269999265,0.0,3020.4836655187237,0.130503144654088,0.6,0.2424242424242424,2569.0
6,all,R19,IF (PointsAjust IS High) AND (TeamExp IS Low) AND (Length IS Medium),High,0.0,0.0,4070.0268269999265,0.0,3020.4836655187237,0.130503144654088,0.6,0.2424242424242424,2569.0
6,all,R20,IF (PointsAjust IS High) AND (TeamExp IS Low) AND (Length IS High),Very_High,0.0,0.0,12525.872253344533,0.0,3020.4836655187237,0.130503144654088,0.6,0.2424242424242424,2569.0
7,all,R1,IF (PointsAjust IS Low) AND (TeamExp IS High) AND (Length IS Low),Very_Low,0.0,0.0,4809.72210923021,0.0,4297.530915773621,0.2389937106918239,0.4,0.3636363636363636,3913.0
7,all,R2,IF (PointsAjust IS Low) AND (TeamExp IS High) AND (Length IS Medium),Low,0.0,0.0,-1246.1917296353067,-0.0,4297.530915773621,0.2389937106918239,0.4,0.3636363636363636,3913.0
7,all,R3,IF (PointsAjust IS Low) AND (TeamExp IS High) AND (Length IS High),Medium,0.0,0.0,2108.9557621728695,0.0,4297.530915773621,0.2389937106918239,0.4,0.3636363636363636,3913.0
7,all,R4,IF (PointsAjust IS Low) AND (TeamExp IS Medium) AND (Length IS Low),Low,0.0,0.0,-1246.1917296353067,-0.0,4297.530915773621,0.2389937106918239,0.4,0.3636363636363636,3913.0
7,all,R5,IF (PointsAjust IS Low) AND (TeamExp IS Medium) AND (Length IS Medium),Medium,0.0,0.0,2108.9557621728695,0.0,4297.530915773621,0.2389937106918239,0.4,0.3636363636363636,3913.0
7,all,R6,IF (PointsAjust IS Low) AND (TeamExp IS Medium) AND (Length IS High),Medium,0.0,0.0,2108.9557621728695,0.0,4297.530915773621,0.2389937106918239,0.4,0.3636363636363636,3913.0
7,all,R7,IF (PointsAjust IS Low) AND (TeamExp IS Low) AND (Length IS Medium),Medium,0.0,0.0,2108.9557621728695,0.0,4297.530915773621,0.2389937106918239,0.4,0.3636363636363636,3913.0
7,all,R8,IF (PointsAjust IS Low) AND (TeamExp IS Low) AND (Length IS High),High,0.2371134020618555,0.1989286312147758,4297.530915773621,854.9019426780284,4297.530915773621,0.2389937106918239,0.4,0.3636363636363636,3913.0
7,all,R9,IF (PointsAjust IS Medium) AND (TeamExp IS High) AND (Length IS Low),Low,0.0,0.0,-1246.1917296353067,-0.0,4297.530915773621,0.2389937106918239,0.4,0.3636363636363636,3913.0
7,all,R10,IF (PointsAjust IS Medium) AND (TeamExp IS High) AND (Length IS Medium),Medium,0.0,0.0,2108.9557621728695,0.0,4297.530915773621,0.2389937106918239,0.4,0.3636363636363636,3913.0
7,all,R11,IF (PointsAjust IS Medium) AND (TeamExp IS High) AND (Length IS High),Medium,0.0,0.0,2108.9557621728695,0.0,4297.530915773621,0.2389937106918239,0.4,0.3636363636363636,3913.0
7,all,R12,IF (PointsAjust IS Medium) AND (TeamExp IS Medium) AND (Length IS Low),Medium,0.0,0.0,2108.9557621728695,0.0,4297.530915773621,0.2389937106918239,0.4,0.3636363636363636,3913.0
7,all,R13,IF (PointsAjust IS Medium) AND (TeamExp IS Medium) AND (Length IS Medium),Medium,0.0,0.0,2108.9557621728695,0.0,4297.530915773621,0.2389937106918239,0.4,0.3636363636363636,3913.0
7,all,R14,IF (PointsAjust IS Medium) AND (TeamExp IS Medium) AND (Length IS High),High,0.0,0.0,4297.530915773621,0.0,4297.530915773621,0.2389937106918239,0.4,0.3636363636363636,3913.0
7,all,R15,IF (PointsAjust IS Medium) AND (TeamExp IS Low) AND (Length IS Medium),High,0.0,0.0,4297.530915773621,0.0,4297.530915773621,0.2389937106918239,0.4,0.3636363636363636,3913.0
7,all,R16,IF (PointsAjust IS Medium) AND (TeamExp IS Low) AND (Length IS High),High,0.9548387096774196,0.8010713687852242,4297.530915773621,3442.6289730955928,4297.530915773621,0.2389937106918239,0.4,0.3636363636363636,3913.0
7,all,R17,IF (PointsAjust IS High) AND (TeamExp IS High) AND (Length IS Medium),Medium,0.0,0.0,2108.9557621728695,0.0,4297.530915773621,0.2389937106918239,0.4,0.3636363636363636,3913.0
7,all,R18,IF (PointsAjust IS High) AND (TeamExp IS Medium) AND (Length IS Medium),High,0.0,0.0,4297.530915773621,0.0,4297.530915773621,0.2389937106918239,0.4,0.3636363636363636,3913.0
7,all,R19,IF (PointsAjust IS High) AND (TeamExp IS Low) AND (Length IS Medium),High,0.0,0.0,4297.530915773621,0.0,4297.530915773621,0.2389937106918239,0.4,0.3636363636363636,3913.0
7,all,R20,IF (PointsAjust IS High) AND (TeamExp IS Low) AND (Length IS High),Very_High,0.0,0.0,9704.542393084997,0.0,4297.530915773621,0.2389937106918239,0.4,0.3636363636363636,3913.0
8,all,R1,IF (PointsAjust IS Low) AND (TeamExp IS High) AND (Length IS Low),Very_Low,0.0,0.0,4173.5406296501515,0.0,3595.458035987719,0.2908805031446541,0.8,0.3333333333333333,7854.0
8,all,R2,IF (PointsAjust IS Low) AND (TeamExp IS High) AND (Length IS Medium),Low,0.0,0.0,3809.0662980100697,0.0,3595.458035987719,0.2908805031446541,0.8,0.3333333333333333,7854.0
8,all,R3,IF (PointsAjust IS Low) AND (TeamExp IS High) AND (Length IS High),Medium,0.0,0.0,3595.4580359877195,0.0,3595.458035987719,0.2908805031446541,0.8,0.3333333333333333,7854.0
8,all,R4,IF (PointsAjust IS Low) AND (TeamExp IS Medium) AND (Length IS Low),Low,0.0,0.0,3809.0662980100697,0.0,3595.458035987719,0.2908805031446541,0.8,0.3333333333333333,7854.0
8,all,R5,IF (PointsAjust IS Low) AND (TeamExp IS Medium) AND (Length IS Medium),Medium,0.0,0.0,3595.4580359877195,0.0,3595.458035987719,0.2908805031446541,0.8,0.3333333333333333,7854.0
8,all,R6,IF (PointsAjust IS Low) AND (TeamExp IS Medium) AND (Length IS High),Medium,0.0,0.0,3595.4580359877195,0.0,3595.458035987719,0.2908805031446541,0.8,0.3333333333333333,7854.0
8,all,R7,IF (PointsAjust IS Low) AND (TeamExp IS Low) AND (Length IS Medium),Medium,0.0,0.0,3595.4580359877195,0.0,3595.458035987719,0.2908805031446541,0.8,0.3333333333333333,7854.0
8,all,R8,IF (PointsAjust IS Low) AND (TeamExp IS Low) AND (Length IS High),High,0.0,0.0,5626.220262969971,0.0,3595.458035987719,0.2908805031446541,0.8,0.3333333333333333,7854.0
8,all,R9,IF (PointsAjust IS Medium) AND (TeamExp IS High) AND (Length IS Low),Low,0.0,0.0,3809.0662980100697,0.0,3595.458035987719,0.2908805031446541,0.8,0.3333333333333333,7854.0
8,all,R10,IF (PointsAjust IS Medium) AND (TeamExp IS High) AND (Length IS Medium),Medium,0.30769230769230754,0.28044943820224705,3595.4580359877195,1008.3441862725105,3595.458035987719,0.2908805031446541,0.8,0.3333333333333333,7854.0
8,all,R11,IF (PointsAjust IS Medium) AND (TeamExp IS High) AND (Length IS High),Medium,0.7500000000000002,0.6835955056179778,3595.4580359877195,2457.8389540392463,3595.458035987719,0.2908805031446541,0.8,0.3333333333333333,7854.0
8,all,R12,IF (PointsAjust IS Medium) AND (TeamExp IS Medium) AND (Length IS Low),Medium,0.0,0.0,3595.4580359877195,0.0,3595.458035987719,0.2908805031446541,0.8,0.3333333333333333,7854.0
8,all,R13,IF (PointsAjust IS Medium) AND (TeamExp IS Medium) AND (Length IS Medium),Medium,0.0,0.0,3595.4580359877195,0.0,3595.458035987719,0.2908805031446541,0.8,0.3333333333333333,7854.0
8,all,R14,IF (PointsAjust IS Medium) AND (TeamExp IS Medium) AND (Length IS High),High,0.0,0.0,5626.220262969971,0.0,3595.458035987719,0.2908805031446541,0.8,0.3333333333333333,7854.0
8,all,R15,IF (PointsAjust IS Medium) AND (TeamExp IS Low) AND (Length IS Medium),High,0.0,0.0,5626.220262969971,0.0,3595.458035987719,0.2908805031446541,0.8,0.3333333333333333,7854.0
8,all,R16,IF (PointsAjust IS Medium) AND (TeamExp IS Low) AND (Length IS High),High,0.0,0.0,5626.220262969971,0.0,3595.458035987719,0.2908805031446541,0.8,0.3333333333333333,7854.0
8,all,R17,IF (PointsAjust IS High) AND (TeamExp IS High) AND (Length IS Medium),Medium,0.03944773175542402,0.03595505617977524,3595.4580359877195,129.27489567596282,3595.458035987719,0.2908805031446541,0.8,0.3333333333333333,7854.0
8,all,R18,IF (PointsAjust IS High) AND (TeamExp IS Medium) AND (Length IS Medium),High,0.0,0.0,5626.220262969971,0.0,3595.458035987719,0.2908805031446541,0.8,0.3333333333333333,7854.0
8,all,R19,IF (PointsAjust IS High) AND (TeamExp IS Low) AND (Length IS Medium),High,0.0,0.0,5626.220262969971,0.0,3595.458035987719,0.2908805031446541,0.8,0.3333333333333333,7854.0
8,all,R20,IF (PointsAjust IS High) AND (TeamExp IS Low) AND (Length IS High),Very_High,0.0,0.0,15501.722451438902,0.0,3595.458035987719,0.2908805031446541,0.8,0.3333333333333333,7854.0
9,all,R1,IF (PointsAjust IS Low) AND (TeamExp IS High) AND (Length IS Low),Very_Low,1.0,1.0,1905.1828848664684,1905.1828848664684,1905.1828848664682,0.0644654088050314,0.8,0.0909090909090909,2422.0
9,all,R2,IF (PointsAjust IS Low) AND (TeamExp IS High) AND (Length IS Medium),Low,0.0,0.0,1522.6976196919422,0.0,1905.1828848664682,0.0644654088050314,0.8,0.0909090909090909,2422.0
9,all,R3,IF (PointsAjust IS Low) AND (TeamExp IS High) AND (Length IS High),Medium,0.0,0.0,4114.169382393649,0.0,1905.1828848664682,0.0644654088050314,0.8,0.0909090909090909,2422.0
9,all,R4,IF (PointsAjust IS Low) AND (TeamExp IS Medium) AND (Length IS Low),Low,0.0,0.0,1522.6976196919422,0.0,1905.1828848664682,0.0644654088050314,0.8,0.0909090909090909,2422.0
9,all,R5,IF (PointsAjust IS Low) AND (TeamExp IS Medium) AND (Length IS Medium),Medium,0.0,0.0,4114.169382393649,0.0,1905.1828848664682,0.0644654088050314,0.8,0.0909090909090909,2422.0
9,all,R6,IF (PointsAjust IS Low) AND (TeamExp IS Medium) AND (Length IS High),Medium,0.0,0.0,4114.169382393649,0.0,1905.1828848664682,0.0644654088050314,0.8,0.0909090909090909,2422.0
9,all,R7,IF (PointsAjust IS Low) AND (TeamExp IS Low) AND (Length IS Medium),Medium,0.0,0.0,4114.169382393649,0.0,1905.1828848664682,0.0644654088050314,0.8,0.0909090909090909,2422.0
9,all,R8,IF (PointsAjust IS Low) AND (TeamExp IS Low) AND (Length IS High),High,0.0,0.0,3933.909597705049,0.0,1905.1828848664682,0.0644654088050314,0.8,0.0909090909090909,2422.0
9,all,R9,IF (PointsAjust IS Medium) AND (TeamExp IS High) AND (Length IS Low),Low,0.0,0.0,1522.6976196919422,0.0,1905.1828848664682,0.0644654088050314,0.8,0.0909090909090909,2422.0
9,all,R10,IF (PointsAjust IS Medium) AND (TeamExp IS High) AND (Length IS Medium),Medium,0.0,0.0,4114.169382393649,0.0,1905.1828848664682,0.0644654088050314,0.8,0.0909090909090909,2422.0
9,all,R11,IF (PointsAjust IS Medium) AND (TeamExp IS High) AND (Length IS High),Medium,0.0,0.0,4114.169382393649,0.0,1905.1828848664682,0.0644654088050314,0.8,0.0909090909090909,2422.0
9,all,R12,IF (PointsAjust IS Medium) AND (TeamExp IS Medium) AND (Length IS Low),Medium,0.0,0.0,4114.169382393649,0.0,1905.1828848664682,0.0644654088050314,0.8,0.0909090909090909,2422.0
9,all,R13,IF (PointsAjust IS Medium) AND (TeamExp IS Medium) AND (Length IS Medium),Medium,0.0,0.0,4114.169382393649,0.0,1905.1828848664682,0.0644654088050314,0.8,0.0909090909090909,2422.0
9,all,R14,IF (PointsAjust IS Medium) AND (TeamExp IS Medium) AND (Length IS High),High,0.0,0.0,3933.909597705049,0.0,1905.1828848664682,0.0644654088050314,0.8,0.0909090909090909,2422.0
9,all,R15,IF (PointsAjust IS Medium) AND (TeamExp IS Low) AND (Length IS Medium),High,0.0,0.0,3933.909597705049,0.0,1905.1828848664682,0.0644654088050314,0.8,0.0909090909090909,2422.0
9,all,R16,IF (PointsAjust IS Medium) AND (TeamExp IS Low) AND (Length IS High),High,0.0,0.0,3933.909597705049,0.0,1905.1828848664682,0.0644654088050314,0.8,0.0909090909090909,2422.0
9,all,R17,IF (PointsAjust IS High) AND (TeamExp IS High) AND (Length IS Medium),Medium,0.0,0.0,4114.169382393649,0.0,1905.1828848664682,0.0644654088050314,0.8,0.0909090909090909,2422.0
9,all,R18,IF (PointsAjust IS High) AND (TeamExp IS Medium) AND (Length IS Medium),High,0.0,0.0,3933.909597705049,0.0,1905.1828848664682,0.0644654088050314,0.8,0.0909090909090909,2422.0
9,all,R19,IF (PointsAjust IS High) AND (TeamExp IS Low) AND (Length IS Medium),High,0.0,0.0,3933.909597705049,0.0,1905.1828848664682,0.0644654088050314,0.8,0.0909090909090909,2422.0
9,all,R20,IF (PointsAjust IS High) AND (TeamExp IS Low) AND (Length IS High),Very_High,0.0,0.0,15767.204602097707,0.0,1905.1828848664682,0.0644654088050314,0.8,0.0909090909090909,2422.0
10,all,R1,IF (PointsAjust IS Low) AND (TeamExp IS High) AND (Length IS Low),Very_Low,0.0,0.0,3555.5534001487454,0.0,3207.8398533137624,0.2751572327044025,1.0,0.6060606060606061,4067.0
10,all,R2,IF (PointsAjust IS Low) AND (TeamExp IS High) AND (Length IS Medium),Low,0.0,0.0,5170.0176501748865,0.0,3207.8398533137624,0.2751572327044025,1.0,0.6060606060606061,4067.0
10,all,R3,IF (PointsAjust IS Low) AND (TeamExp IS High) AND (Length IS High),Medium,0.0,0.0,3207.839853313763,0.0,3207.8398533137624,0.2751572327044025,1.0,0.6060606060606061,4067.0
10,all,R4,IF (PointsAjust IS Low) AND (TeamExp IS Medium) AND (Length IS Low),Low,0.0,0.0,5170.0176501748865,0.0,3207.8398533137624,0.2751572327044025,1.0,0.6060606060606061,4067.0
10,all,R5,IF (PointsAjust IS Low) AND (TeamExp IS Medium) AND (Length IS Medium),Medium,0.0,0.0,3207.839853313763,0.0,3207.8398533137624,0.2751572327044025,1.0,0.6060606060606061,4067.0
10,all,R6,IF (PointsAjust IS Low) AND (TeamExp IS Medium) AND (Length IS High),Medium,0.0,0.0,3207.839853313763,0.0,3207.8398533137624,0.2751572327044025,1.0,0.6060606060606061,4067.0
10,all,R7,IF (PointsAjust IS Low) AND (TeamExp IS Low) AND (Length IS Medium),Medium,0.0,0.0,3207.839853313763,0.0,3207.8398533137624,0.2751572327044025,1.0,0.6060606060606061,4067.0
10,all,R8,IF (PointsAjust IS Low) AND (TeamExp IS Low) AND (Length IS High),High,0.0,0.0,6970.676644997038,0.0,3207.8398533137624,0.2751572327044025,1.0,0.6060606060606061,4067.0
10,all,R9,IF (PointsAjust IS Medium) AND (TeamExp IS High) AND (Length IS Low),Low,0.0,0.0,5170.0176501748865,0.0,3207.8398533137624,0.2751572327044025,1.0,0.6060606060606061,4067.0
10,all,R10,IF (PointsAjust IS Medium) AND (TeamExp IS High) AND (Length IS Medium),Medium,0.0,0.0,3207.839853313763,0.0,3207.8398533137624,0.2751572327044025,1.0,0.6060606060606061,4067.0
10,all,R11,IF (PointsAjust IS Medium) AND (TeamExp IS High) AND (Length IS High),Medium,1.0,1.0,3207.839853313763,3207.839853313763,3207.8398533137624,0.2751572327044025,1.0,0.6060606060606061,4067.0
10,all,R12,IF (PointsAjust IS Medium) AND (TeamExp IS Medium) AND (Length IS Low),Medium,0.0,0.0,3207.839853313763,0.0,3207.8398533137624,0.2751572327044025,1.0,0.6060606060606061,4067.0
10,all,R13,IF (PointsAjust IS Medium) AND (TeamExp IS Medium) AND (Length IS Medium),Medium,0.0,0.0,3207.839853313763,0.0,3207.8398533137624,0.2751572327044025,1.0,0.6060606060606061,4067.0
10,all,R14,IF (PointsAjust IS Medium) AND (TeamExp IS Medium) AND (Length IS High),High,0.0,0.0,6970.676644997038,0.0,3207.8398533137624,0.2751572327044025,1.0,0.6060606060606061,4067.0
10,all,R15,IF (PointsAjust IS Medium) AND (TeamExp IS Low) AND (Length IS Medium),High,0.0,0.0,6970.676644997038,0.0,3207.8398533137624,0.2751572327044025,1.0,0.6060606060606061,4067.0
10,all,R16,IF (PointsAjust IS Medium) AND (TeamExp IS Low) AND (Length IS High),High,0.0,0.0,6970.676644997038,0.0,3207.8398533137624,0.2751572327044025,1.0,0.6060606060606061,4067.0
10,all,R17,IF (PointsAjust IS High) AND (TeamExp IS High) AND (Length IS Medium),Medium,0.0,0.0,3207.839853313763,0.0,3207.8398533137624,0.2751572327044025,1.0,0.6060606060606061,4067.0
10,all,R18,IF (PointsAjust IS High) AND (TeamExp IS Medium) AND (Length IS Medium),High,0.0,0.0,6970.676644997038,0.0,3207.8398533137624,0.2751572327044025,1.0,0.6060606060606061,4067.0
10,all,R19,IF (PointsAjust IS High) AND (TeamExp IS Low) AND (Length IS Medium),High,0.0,0.0,6970.676644997038,0.0,3207.8398533137624,0.2751572327044025,1.0,0.6060606060606061,4067.0
10,all,R20,IF (PointsAjust IS High) AND (TeamExp IS Low) AND (Length IS High),Very_High,0.0,0.0,16387.35462930625,0.0,3207.8398533137624,0.2751572327044025,1.0,0.6060606060606061,4067.0
11,all,R1,IF (PointsAjust IS Low) AND (TeamExp IS High) AND (Length IS Low),Very_Low,0.0,0.0,5153.71101545568,0.0,5641.1672152100755,0.3286163522012578,0.6,0.4848484848484848,9051.0
11,all,R2,IF (PointsAjust IS Low) AND (TeamExp IS High) AND (Length IS Medium),Low,0.0,0.0,1771.5171901969934,0.0,5641.1672152100755,0.3286163522012578,0.6,0.4848484848484848,9051.0
11,all,R3,IF (PointsAjust IS Low) AND (TeamExp IS High) AND (Length IS High),Medium,0.0,0.0,2454.844761021461,0.0,5641.1672152100755,0.3286163522012578,0.6,0.4848484848484848,9051.0
11,all,R4,IF (PointsAjust IS Low) AND (TeamExp IS Medium) AND (Length IS Low),Low,0.0,0.0,1771.5171901969934,0.0,5641.1672152100755,0.3286163522012578,0.6,0.4848484848484848,9051.0
11,all,R5,IF (PointsAjust IS Low) AND (TeamExp IS Medium) AND (Length IS Medium),Medium,0.0,0.0,2454.844761021461,0.0,5641.1672152100755,0.3286163522012578,0.6,0.4848484848484848,9051.0
11,all,R6,IF (PointsAjust IS Low) AND (TeamExp IS Medium) AND (Length IS High),Medium,0.0,0.0,2454.844761021461,0.0,5641.1672152100755,0.3286163522012578,0.6,0.4848484848484848,9051.0
11,all,R7,IF (PointsAjust IS Low) AND (TeamExp IS Low) AND (Length IS Medium),Medium,0.0,0.0,2454.844761021461,0.0,5641.1672152100755,0.3286163522012578,0.6,0.4848484848484848,9051.0
11,all,R8,IF (PointsAjust IS Low) AND (TeamExp IS Low) AND (Length IS High),High,0.0,0.0,5641.167215210075,0.0,5641.1672152100755,0.3286163522012578,0.6,0.4848484848484848,9051.0
11,all,R9,IF (PointsAjust IS Medium) AND (TeamExp IS High) AND (Length IS Low),Low,0.0,0.0,1771.5171901969934,0.0,5641.1672152100755,0.3286163522012578,0.6,0.4848484848484848,9051.0
11,all,R10,IF (PointsAjust IS Medium) AND (TeamExp IS High) AND (Length IS Medium),Medium,0.0,0.0,2454.844761021461,0.0,5641.1672152100755,0.3286163522012578,0.6,0.4848484848484848,9051.0
11,all,R11,IF (PointsAjust IS Medium) AND (TeamExp IS High) AND (Length IS High),Medium,0.0,0.0,2454.844761021461,0.0,5641.1672152100755,0.3286163522012578,0.6,0.4848484848484848,9051.0
11,all,R12,IF (PointsAjust IS Medium) AND (TeamExp IS Medium) AND (Length IS Low),Medium,0.0,0.0,2454.844761021461,0.0,5641.1672152100755,0.3286163522012578,0.6,0.4848484848484848,9051.0
11,all,R13,IF (PointsAjust IS Medium) AND (TeamExp IS Medium) AND (Length IS Medium),Medium,0.0,0.0,2454.844761021461,0.0,5641.1672152100755,0.3286163522012578,0.6,0.4848484848484848,9051.0
11,all,R14,IF (PointsAjust IS Medium) AND (TeamExp IS Medium) AND (Length IS High),High,0.7521367521367531,1.0,5641.167215210075,5641.167215210075,5641.1672152100755,0.3286163522012578,0.6,0.4848484848484848,9051.0
11,all,R15,IF (PointsAjust IS Medium) AND (TeamExp IS Low) AND (Length IS Medium),High,0.0,0.0,5641.167215210075,0.0,5641.1672152100755,0.3286163522012578,0.6,0.4848484848484848,9051.0
11,all,R16,IF (PointsAjust IS Medium) AND (TeamExp IS Low) AND (Length IS High),High,0.0,0.0,5641.167215210075,0.0,5641.1672152100755,0.3286163522012578,0.6,0.4848484848484848,9051.0
11,all,R17,IF (PointsAjust IS High) AND (TeamExp IS High) AND (Length IS Medium),Medium,0.0,0.0,2454.844761021461,0.0,5641.1672152100755,0.3286163522012578,0.6,0.4848484848484848,9051.0
11,all,R18,IF (PointsAjust IS High) AND (TeamExp IS Medium) AND (Length IS Medium),High,0.0,0.0,5641.167215210075,0.0,5641.1672152100755,0.3286163522012578,0.6,0.4848484848484848,9051.0
11,all,R19,IF (PointsAjust IS High) AND (TeamExp IS Low) AND (Length IS Medium),High,0.0,0.0,5641.167215210075,0.0,5641.1672152100755,0.3286163522012578,0.6,0.4848484848484848,9051.0
11,all,R20,IF (PointsAjust IS High) AND (TeamExp IS Low) AND (Length IS High),Very_High,0.0,0.0,12105.66321482122,0.0,5641.1672152100755,0.3286163522012578,0.6,0.4848484848484848,9051.0
12,all,R1,IF (PointsAjust IS Low) AND (TeamExp IS High) AND (Length IS Low),Very_Low,0.0,0.05,2792.770375484368,139.6385187742184,2276.0983678647035,0.040880503144654,0.4,0.0606060606060606,2282.0
12,all,R2,IF (PointsAjust IS Low) AND (TeamExp IS High) AND (Length IS Medium),Low,0.0,0.05,-3042.8159434738545,-152.14079717369273,2276.0983678647035,0.040880503144654,0.4,0.0606060606060606,2282.0
12,all,R3,IF (PointsAjust IS Low) AND (TeamExp IS High) AND (Length IS High),Medium,0.0,0.05,2898.127619454278,144.9063809727139,2276.0983678647035,0.040880503144654,0.4,0.0606060606060606,2282.0
12,all,R4,IF (PointsAjust IS Low) AND (TeamExp IS Medium) AND (Length IS Low),Low,0.0,0.05,-3042.8159434738545,-152.14079717369273,2276.0983678647035,0.040880503144654,0.4,0.0606060606060606,2282.0
12,all,R5,IF (PointsAjust IS Low) AND (TeamExp IS Medium) AND (Length IS Medium),Medium,0.0,0.05,2898.127619454278,144.9063809727139,2276.0983678647035,0.040880503144654,0.4,0.0606060606060606,2282.0
12,all,R6,IF (PointsAjust IS Low) AND (TeamExp IS Medium) AND (Length IS High),Medium,0.0,0.05,2898.127619454278,144.9063809727139,2276.0983678647035,0.040880503144654,0.4,0.0606060606060606,2282.0
12,all,R7,IF (PointsAjust IS Low) AND (TeamExp IS Low) AND (Length IS Medium),Medium,0.0,0.05,2898.127619454278,144.9063809727139,2276.0983678647035,0.040880503144654,0.4,0.0606060606060606,2282.0
12,all,R8,IF (PointsAjust IS Low) AND (TeamExp IS Low) AND (Length IS High),High,0.0,0.05,2545.653415356787,127.28267076783935,2276.0983678647035,0.040880503144654,0.4,0.0606060606060606,2282.0
12,all,R9,IF (PointsAjust IS Medium) AND (TeamExp IS High) AND (Length IS Low),Low,0.0,0.05,-3042.8159434738545,-152.14079717369273,2276.0983678647035,0.040880503144654,0.4,0.0606060606060606,2282.0
12,all,R10,IF (PointsAjust IS Medium) AND (TeamExp IS High) AND (Length IS Medium),Medium,0.0,0.05,2898.127619454278,144.9063809727139,2276.0983678647035,0.040880503144654,0.4,0.0606060606060606,2282.0
12,all,R11,IF (PointsAjust IS Medium) AND (TeamExp IS High) AND (Length IS High),Medium,0.0,0.05,2898.127619454278,144.9063809727139,2276.0983678647035,0.040880503144654,0.4,0.0606060606060606,2282.0
12,all,R12,IF (PointsAjust IS Medium) AND (TeamExp IS Medium) AND (Length IS Low),Medium,0.0,0.05,2898.127619454278,144.9063809727139,2276.0983678647035,0.040880503144654,0.4,0.0606060606060606,2282.0
12,all,R13,IF (PointsAjust IS Medium) AND (TeamExp IS Medium) AND (Length IS Medium),Medium,0.0,0.05,2898.127619454278,144.9063809727139,2276.0983678647035,0.040880503144654,0.4,0.0606060606060606,2282.0
12,all,R14,IF (PointsAjust IS Medium) AND (TeamExp IS Medium) AND (Length IS High),High,0.0,0.05,2545.653415356787,127.28267076783935,2276.0983678647035,0.040880503144654,0.4,0.0606060606060606,2282.0
12,all,R15,IF (PointsAjust IS Medium) AND (TeamExp IS Low) AND (Length IS Medium),High,0.0,0.05,2545.653415356787,127.28267076783935,2276.0983678647035,0.040880503144654,0.4,0.0606060606060606,2282.0
12,all,R16,IF (PointsAjust IS Medium) AND (TeamExp IS Low) AND (Length IS High),High,0.0,0.05,2545.653415356787,127.28267076783935,2276.0983678647035,0.040880503144654,0.4,0.0606060606060606,2282.0
12,all,R17,IF (PointsAjust IS High) AND (TeamExp IS High) AND (Length IS Medium),Medium,0.0,0.05,2898.127619454278,144.9063809727139,2276.0983678647035,0.040880503144654,0.4,0.0606060606060606,2282.0
12,all,R18,IF (PointsAjust IS High) AND (TeamExp IS Medium) AND (Length IS Medium),High,0.0,0.05,2545.653415356787,127.28267076783935,2276.0983678647035,0.040880503144654,0.4,0.0606060606060606,2282.0
12,all,R19,IF (PointsAjust IS High) AND (TeamExp IS Low) AND (Length IS Medium),High,0.0,0.05,2545.653415356787,127.28267076783935,2276.0983678647035,0.040880503144654,0.4,0.0606060606060606,2282.0
12,all,R20,IF (PointsAjust IS High) AND (TeamExp IS Low) AND (Length IS High),Very_High,0.0,0.05,10500.575745002032,525.0287872501016,2276.0983678647035,0.040880503144654,0.4,0.0606060606060606,2282.0
13,all,R1,IF (PointsAjust IS Low) AND (TeamExp IS High) AND (Length IS Low),Very_Low,0.07216494845360825,0.04932092186939678,3660.8120042320925,180.55462283928088,3772.951473190352,0.2421383647798742,0.8,0.2121212121212121,4172.0
13,all,R2,IF (PointsAjust IS Low) AND (TeamExp IS High) AND (Length IS Medium),Low,0.19243986254295536,0.13152245831839143,3471.711625451446,456.60804755191276,3772.951473190352,0.2421383647798742,0.8,0.2121212121212121,4172.0
13,all,R3,IF (PointsAjust IS Low) AND (TeamExp IS High) AND (Length IS High),Medium,0.0,0.0,3961.7042581764968,0.0,3772.951473190352,0.2421383647798742,0.8,0.2121212121212121,4172.0
13,all,R4,IF (PointsAjust IS Low) AND (TeamExp IS Medium) AND (Length IS Low),Low,0.0,0.0,3471.711625451446,0.0,3772.951473190352,0.2421383647798742,0.8,0.2121212121212121,4172.0
13,all,R5,IF (PointsAjust IS Low) AND (TeamExp IS Medium) AND (Length IS Medium),Medium,0.0,0.0,3961.7042581764968,0.0,3772.951473190352,0.2421383647798742,0.8,0.2121212121212121,4172.0
13,all,R6,IF (PointsAjust IS Low) AND (TeamExp IS Medium) AND (Length IS High),Medium,0.0,0.0,3961.7042581764968,0.0,3772.951473190352,0.2421383647798742,0.8,0.2121212121212121,4172.0
13,all,R7,IF (PointsAjust IS Low) AND (TeamExp IS Low) AND (Length IS Medium),Medium,0.0,0.0,3961.7042581764968,0.0,3772.951473190352,0.2421383647798742,0.8,0.2121212121212121,4172.0
13,all,R8,IF (PointsAjust IS Low) AND (TeamExp IS Low) AND (Length IS High),High,0.0,0.0,5056.0638947400475,0.0,3772.951473190352,0.2421383647798742,0.8,0.2121212121212121,4172.0
13,all,R9,IF (PointsAjust IS Medium) AND (TeamExp IS High) AND (Length IS Low),Low,0.32688172043010755,0.2234063508578759,3471.711625451446,775.6024254729724,3772.951473190352,0.2421383647798742,0.8,0.2121212121212121,4172.0
13,all,R10,IF (PointsAjust IS Medium) AND (TeamExp IS High) AND (Length IS Medium),Medium,0.8716845878136202,0.5957502689543359,3961.7042581764968,2360.1863773261857,3772.951473190352,0.2421383647798742,0.8,0.2121212121212121,4172.0
13,all,R11,IF (PointsAjust IS Medium) AND (TeamExp IS High) AND (Length IS High),Medium,0.0,0.0,3961.7042581764968,0.0,3772.951473190352,0.2421383647798742,0.8,0.2121212121212121,4172.0
13,all,R12,IF (PointsAjust IS Medium) AND (TeamExp IS Medium) AND (Length IS Low),Medium,0.0,0.0,3961.7042581764968,0.0,3772.951473190352,0.2421383647798742,0.8,0.2121212121212121,4172.0
13,all,R13,IF (PointsAjust IS Medium) AND (TeamExp IS Medium) AND (Length IS Medium),Medium,0.0,0.0,3961.7042581764968,0.0,3772.951473190352,0.2421383647798742,0.8,0.2121212121212121,4172.0
13,all,R14,IF (PointsAjust IS Medium) AND (TeamExp IS Medium) AND (Length IS High),High,0.0,0.0,5056.0638947400475,0.0,3772.951473190352,0.2421383647798742,0.8,0.2121212121212121,4172.0
13,all,R15,IF (PointsAjust IS Medium) AND (TeamExp IS Low) AND (Length IS Medium),High,0.0,0.0,5056.0638947400475,0.0,3772.951473190352,0.2421383647798742,0.8,0.2121212121212121,4172.0
13,all,R16,IF (PointsAjust IS Medium) AND (TeamExp IS Low) AND (Length IS High),High,0.0,0.0,5056.0638947400475,0.0,3772.951473190352,0.2421383647798742,0.8,0.2121212121212121,4172.0
13,all,R17,IF (PointsAjust IS High) AND (TeamExp IS High) AND (Length IS Medium),Medium,0.0,0.0,3961.7042581764968,0.0,3772.951473190352,0.2421383647798742,0.8,0.2121212121212121,4172.0
13,all,R18,IF (PointsAjust IS High) AND (TeamExp IS Medium) AND (Length IS Medium),High,0.0,0.0,5056.0638947400475,0.0,3772.951473190352,0.2421383647798742,0.8,0.2121212121212121,4172.0
13,all,R19,IF (PointsAjust IS High) AND (TeamExp IS Low) AND (Length IS Medium),High,0.0,0.0,5056.0638947400475,0.0,3772.951473190352,0.2421383647798742,0.8,0.2121212121212121,4172.0
13,all,R20,IF (PointsAjust IS High) AND (TeamExp IS Low) AND (Length IS High),Very_High,0.0,0.0,15986.896993570801,0.0,3772.951473190352,0.2421383647798742,0.8,0.2121212121212121,4172.0
14,all,R1,IF (PointsAjust IS Low) AND (TeamExp IS High) AND (Length IS Low),Very_Low,0.0,0.0,4685.056388952757,0.0,4765.425754550898,0.4056603773584906,1.0,0.2424242424242424,4977.0
14,all,R2,IF (PointsAjust IS Low) AND (TeamExp IS High) AND (Length IS Medium),Low,0.0,0.0,7617.124884247238,0.0,4765.425754550898,0.4056603773584906,1.0,0.2424242424242424,4977.0
14,all,R3,IF (PointsAjust IS Low) AND (TeamExp IS High) AND (Length IS High),Medium,0.0,0.0,4765.425754550898,0.0,4765.425754550898,0.4056603773584906,1.0,0.2424242424242424,4977.0
14,all,R4,IF (PointsAjust IS Low) AND (TeamExp IS Medium) AND (Length IS Low),Low,0.0,0.0,7617.124884247238,0.0,4765.425754550898,0.4056603773584906,1.0,0.2424242424242424,4977.0
14,all,R5,IF (PointsAjust IS Low) AND (TeamExp IS Medium) AND (Length IS Medium),Medium,0.0,0.0,4765.425754550898,0.0,4765.425754550898,0.4056603773584906,1.0,0.2424242424242424,4977.0
14,all,R6,IF (PointsAjust IS Low) AND (TeamExp IS Medium) AND (Length IS High),Medium,0.0,0.0,4765.425754550898,0.0,4765.425754550898,0.4056603773584906,1.0,0.2424242424242424,4977.0
14,all,R7,IF (PointsAjust IS Low) AND (TeamExp IS Low) AND (Length IS Medium),Medium,0.0,0.0,4765.425754550898,0.0,4765.425754550898,0.4056603773584906,1.0,0.2424242424242424,4977.0
14,all,R8,IF (PointsAjust IS Low) AND (TeamExp IS Low) AND (Length IS High),High,0.0,0.0,6444.983582620605,0.0,4765.425754550898,0.4056603773584906,1.0,0.2424242424242424,4977.0
14,all,R9,IF (PointsAjust IS Medium) AND (TeamExp IS High) AND (Length IS Low),Low,0.0,0.0,7617.124884247238,0.0,4765.425754550898,0.4056603773584906,1.0,0.2424242424242424,4977.0
14,all,R10,IF (PointsAjust IS Medium) AND (TeamExp IS High) AND (Length IS Medium),Medium,0.0,0.0,4765.425754550898,0.0,4765.425754550898,0.4056603773584906,1.0,0.2424242424242424,4977.0
14,all,R11,IF (PointsAjust IS Medium) AND (TeamExp IS High) AND (Length IS High),Medium,0.0,0.0,4765.425754550898,0.0,4765.425754550898,0.4056603773584906,1.0,0.2424242424242424,4977.0
14,all,R12,IF (PointsAjust IS Medium) AND (TeamExp IS Medium) AND (Length IS Low),Medium,0.0,0.0,4765.425754550898,0.0,4765.425754550898,0.4056603773584906,1.0,0.2424242424242424,4977.0
14,all,R13,IF (PointsAjust IS Medium) AND (TeamExp IS Medium) AND (Length IS Medium),Medium,0.0,0.0,4765.425754550898,0.0,4765.425754550898,0.4056603773584906,1.0,0.2424242424242424,4977.0
14,all,R14,IF (PointsAjust IS Medium) AND (TeamExp IS Medium) AND (Length IS High),High,0.0,0.0,6444.983582620605,0.0,4765.425754550898,0.4056603773584906,1.0,0.2424242424242424,4977.0
14,all,R15,IF (PointsAjust IS Medium) AND (TeamExp IS Low) AND (Length IS Medium),High,0.0,0.0,6444.983582620605,0.0,4765.425754550898,0.4056603773584906,1.0,0.2424242424242424,4977.0
14,all,R16,IF (PointsAjust IS Medium) AND (TeamExp IS Low) AND (Length IS High),High,0.0,0.0,6444.983582620605,0.0,4765.425754550898,0.4056603773584906,1.0,0.2424242424242424,4977.0
14,all,R17,IF (PointsAjust IS High) AND (TeamExp IS High) AND (Length IS Medium),Medium,1.0,1.0,4765.425754550898,4765.425754550898,4765.425754550898,0.4056603773584906,1.0,0.2424242424242424,4977.0
14,all,R18,IF (PointsAjust IS High) AND (TeamExp IS Medium) AND (Length IS Medium),High,0.0,0.0,6444.983582620605,0.0,4765.425754550898,0.4056603773584906,1.0,0.2424242424242424,4977.0
14,all,R19,IF (PointsAjust IS High) AND (TeamExp IS Low) AND (Length IS Medium),High,0.0,0.0,6444.983582620605,0.0,4765.425754550898,0.4056603773584906,1.0,0.2424242424242424,4977.0
14,all,R20,IF (PointsAjust IS High) AND (TeamExp IS Low) AND (Length IS High),Very_High,0.0,0.0,19355.76338148828,0.0,4765.425754550898,0.4056603773584906,1.0,0.2424242424242424,4977.0
15,all,R1,IF (PointsAjust IS Low) AND (TeamExp IS High) AND (Length IS Low),Very_Low,0.29209621993127144,0.23177332246544655,2690.7433260291145,623.6425205754941,2497.0306742888683,0.1415094339622641,0.8,0.2121212121212121,1617.0
15,all,R2,IF (PointsAjust IS Low) AND (TeamExp IS High) AND (Length IS Medium),Low,0.7789232531500572,0.6180621932411908,2213.831170270272,1368.2853485629566,2497.0306742888683,0.1415094339622641,0.8,0.2121212121212121,1617.0
15,all,R3,IF (PointsAjust IS Low) AND (TeamExp IS High) AND (Length IS High),Medium,0.0,0.0,3794.8507182962044,0.0,2497.0306742888683,0.1415094339622641,0.8,0.2121212121212121,1617.0
15,all,R4,IF (PointsAjust IS Low) AND (TeamExp IS Medium) AND (Length IS Low),Low,0.0,0.0,2213.831170270272,0.0,2497.0306742888683,0.1415094339622641,0.8,0.2121212121212121,1617.0
15,all,R5,IF (PointsAjust IS Low) AND (TeamExp IS Medium) AND (Length IS Medium),Medium,0.0,0.0,3794.8507182962044,0.0,2497.0306742888683,0.1415094339622641,0.8,0.2121212121212121,1617.0
15,all,R6,IF (PointsAjust IS Low) AND (TeamExp IS Medium) AND (Length IS High),Medium,0.0,0.0,3794.8507182962044,0.0,2497.0306742888683,0.1415094339622641,0.8,0.2121212121212121,1617.0
15,all,R7,IF (PointsAjust IS Low) AND (TeamExp IS Low) AND (Length IS Medium),Medium,0.0,0.0,3794.8507182962044,0.0,2497.0306742888683,0.1415094339622641,0.8,0.2121212121212121,1617.0
15,all,R8,IF (PointsAjust IS Low) AND (TeamExp IS Low) AND (Length IS High),High,0.0,0.0,4625.236242989744,0.0,2497.0306742888683,0.1415094339622641,0.8,0.2121212121212121,1617.0
15,all,R9,IF (PointsAjust IS Medium) AND (TeamExp IS High) AND (Length IS Low),Low,0.05161290322580646,0.04095395026182617,2213.831170270272,90.66513163532915,2497.0306742888683,0.1415094339622641,0.8,0.2121212121212121,1617.0
15,all,R10,IF (PointsAjust IS Medium) AND (TeamExp IS High) AND (Length IS Medium),Medium,0.13763440860215057,0.10921053403153645,3794.8507182962044,414.4376735150882,2497.0306742888683,0.1415094339622641,0.8,0.2121212121212121,1617.0
15,all,R11,IF (PointsAjust IS Medium) AND (TeamExp IS High) AND (Length IS High),Medium,0.0,0.0,3794.8507182962044,0.0,2497.0306742888683,0.1415094339622641,0.8,0.2121212121212121,1617.0
15,all,R12,IF (PointsAjust IS Medium) AND (TeamExp IS Medium) AND (Length IS Low),Medium,0.0,0.0,3794.8507182962044,0.0,2497.0306742888683,0.1415094339622641,0.8,0.2121212121212121,1617.0
15,all,R13,IF (PointsAjust IS Medium) AND (TeamExp IS Medium) AND (Length IS Medium),Medium,0.0,0.0,3794.8507182962044,0.0,2497.0306742888683,0.1415094339622641,0.8,0.2121212121212121,1617.0
15,all,R14,IF (PointsAjust IS Medium) AND (TeamExp IS Medium) AND (Length IS High),High,0.0,0.0,4625.236242989744,0.0,2497.0306742888683,0.1415094339622641,0.8,0.2121212121212121,1617.0
15,all,R15,IF (PointsAjust IS Medium) AND (TeamExp IS Low) AND (Length IS Medium),High,0.0,0.0,4625.236242989744,0.0,2497.0306742888683,0.1415094339622641,0.8,0.2121212121212121,1617.0
15,all,R16,IF (PointsAjust IS Medium) AND (TeamExp IS Low) AND (Length IS High),High,0.0,0.0,4625.236242989744,0.0,2497.0306742888683,0.1415094339622641,0.8,0.2121212121212121,1617.0
15,all,R17,IF (PointsAjust IS High) AND (TeamExp IS High) AND (Length IS Medium),Medium,0.0,0.0,3794.8507182962044,0.0,2497.0306742888683,0.1415094339622641,0.8,0.2121212121212121,1617.0
15,all,R18,IF (PointsAjust IS High) AND (TeamExp IS Medium) AND (Length IS Medium),High,0.0,0.0,4625.236242989744,0.0,2497.0306742888683,0.1415094339622641,0.8,0.2121212121212121,1617.0
15,all,R19,IF (PointsAjust IS High) AND (TeamExp IS Low) AND (Length IS Medium),High,0.0,0.0,4625.236242989744,0.0,2497.0306742888683,0.1415094339622641,0.8,0.2121212121212121,1617.0
15,all,R20,IF (PointsAjust IS High) AND (TeamExp IS Low) AND (Length IS High),Very_High,0.0,0.0,15436.756947830316,0.0,2497.0306742888683,0.1415094339622641,0.8,0.2121212121212121,1617.0
16,all,R1,IF (PointsAjust IS Low) AND (TeamExp IS High) AND (Length IS Low),Very_Low,0.3333333333333333,0.2727272727272727,1460.9909900520206,398.4520881960056,2957.272938879307,0.0723270440251572,1.0,0.2121212121212121,3192.0
16,all,R2,IF (PointsAjust IS Low) AND (TeamExp IS High) AND (Length IS Medium),Low,0.888888888888889,0.7272727272727273,3518.3786696895386,2558.8208506833007,2957.272938879307,0.0723270440251572,1.0,0.2121212121212121,3192.0
16,all,R3,IF (PointsAjust IS Low) AND (TeamExp IS High) AND (Length IS High),Medium,0.0,0.0,4324.489880089504,0.0,2957.272938879307,0.0723270440251572,1.0,0.2121212121212121,3192.0
16,all,R4,IF (PointsAjust IS Low) AND (TeamExp IS Medium) AND (Length IS Low),Low,0.0,0.0,3518.3786696895386,0.0,2957.272938879307,0.0723270440251572,1.0,0.2121212121212121,3192.0
16,all,R5,IF (PointsAjust IS Low) AND (TeamExp IS Medium) AND (Length IS Medium),Medium,0.0,0.0,4324.489880089504,0.0,2957.272938879307,0.0723270440251572,1.0,0.2121212121212121,3192.0
16,all,R6,IF (PointsAjust IS Low) AND (TeamExp IS Medium) AND (Length IS High),Medium,0.0,0.0,4324.489880089504,0.0,2957.272938879307,0.0723270440251572,1.0,0.2121212121212121,3192.0
16,all,R7,IF (PointsAjust IS Low) AND (TeamExp IS Low) AND (Length IS Medium),Medium,0.0,0.0,4324.489880089504,0.0,2957.272938879307,0.0723270440251572,1.0,0.2121212121212121,3192.0
16,all,R8,IF (PointsAjust IS Low) AND (TeamExp IS Low) AND (Length IS High),High,0.0,0.0,4927.498430094382,0.0,2957.272938879307,0.0723270440251572,1.0,0.2121212121212121,3192.0
16,all,R9,IF (PointsAjust IS Medium) AND (TeamExp IS High) AND (Length IS Low),Low,0.0,0.0,3518.3786696895386,0.0,2957.272938879307,0.0723270440251572,1.0,0.2121212121212121,3192.0
16,all,R10,IF (PointsAjust IS Medium) AND (TeamExp IS High) AND (Length IS Medium),Medium,0.0,0.0,4324.489880089504,0.0,2957.272938879307,0.0723270440251572,1.0,0.2121212121212121,3192.0
16,all,R11,IF (PointsAjust IS Medium) AND (TeamExp IS High) AND (Length IS High),Medium,0.0,0.0,4324.489880089504,0.0,2957.272938879307,0.0723270440251572,1.0,0.2121212121212121,3192.0
16,all,R12,IF (PointsAjust IS Medium) AND (TeamExp IS Medium) AND (Length IS Low),Medium,0.0,0.0,4324.489880089504,0.0,2957.272938879307,0.0723270440251572,1.0,0.2121212121212121,3192.0
16,all,R13,IF (PointsAjust IS Medium) AND (TeamExp IS Medium) AND (Length IS Medium),Medium,0.0,0.0,4324.489880089504,0.0,2957.272938879307,0.0723270440251572,1.0,0.2121212121212121,3192.0
16,all,R14,IF (PointsAjust IS Medium) AND (TeamExp IS Medium) AND (Length IS High),High,0.0,0.0,4927.498430094382,0.0,2957.272938879307,0.0723270440251572,1.0,0.2121212121212121,3192.0
16,all,R15,IF (PointsAjust IS Medium) AND (TeamExp IS Low) AND (Length IS Medium),High,0.0,0.0,4927.498430094382,0.0,2957.272938879307,0.0723270440251572,1.0,0.2121212121212121,3192.0
16,all,R16,IF (PointsAjust IS Medium) AND (TeamExp IS Low) AND (Length IS High),High,0.0,0.0,4927.498430094382,0.0,2957.272938879307,0.0723270440251572,1.0,0.2121212121212121,3192.0
16,all,R17,IF (PointsAjust IS High) AND (TeamExp IS High) AND (Length IS Medium),Medium,0.0,0.0,4324.489880089504,0.0,2957.272938879307,0.0723270440251572,1.0,0.2121212121212121,3192.0
16,all,R18,IF (PointsAjust IS High) AND (TeamExp IS Medium) AND (Length IS Medium),High,0.0,0.0,4927.498430094382,0.0,2957.272938879307,0.0723270440251572,1.0,0.2121212121212121,3192.0
16,all,R19,IF (PointsAjust IS High) AND (TeamExp IS Low) AND (Length IS Medium),High,0.0,0.0,4927.498430094382,0.0,2957.272938879307,0.0723270440251572,1.0,0.2121212121212121,3192.0
16,all,R20,IF (PointsAjust IS High) AND (TeamExp IS Low) AND (Length IS High),Very_High,0.0,0.0,17721.33663666979,0.0,2957.272938879307,0.0723270440251572,1.0,0.2121212121212121,3192.0
17,all,R1,IF (PointsAjust IS Low) AND (TeamExp IS High) AND (Length IS Low),Very_Low,0.0,0.05,4829.564839301151,241.47824196505755,6255.308822971392,0.4150943396226415,1.0,0.3939393939393939,3437.0
17,all,R2,IF (PointsAjust IS Low) AND (TeamExp IS High) AND (Length IS Medium),Low,0.0,0.05,7395.137210770779,369.756860538539,6255.308822971392,0.4150943396226415,1.0,0.3939393939393939,3437.0
17,all,R3,IF (PointsAjust IS Low) AND (TeamExp IS High) AND (Length IS High),Medium,0.0,0.05,4222.2358919543085,211.11179459771543,6255.308822971392,0.4150943396226415,1.0,0.3939393939393939,3437.0
17,all,R4,IF (PointsAjust IS Low) AND (TeamExp IS Medium) AND (Length IS Low),Low,0.0,0.05,7395.137210770779,369.756860538539,6255.308822971392,0.4150943396226415,1.0,0.3939393939393939,3437.0
17,all,R5,IF (PointsAjust IS Low) AND (TeamExp IS Medium) AND (Length IS Medium),Medium,0.0,0.05,4222.2358919543085,211.11179459771543,6255.308822971392,0.4150943396226415,1.0,0.3939393939393939,3437.0
17,all,R6,IF (PointsAjust IS Low) AND (TeamExp IS Medium) AND (Length IS High),Medium,0.0,0.05,4222.2358919543085,211.11179459771543,6255.308822971392,0.4150943396226415,1.0,0.3939393939393939,3437.0
17,all,R7,IF (PointsAjust IS Low) AND (TeamExp IS Low) AND (Length IS Medium),Medium,0.0,0.05,4222.2358919543085,211.11179459771543,6255.308822971392,0.4150943396226415,1.0,0.3939393939393939,3437.0
17,all,R8,IF (PointsAjust IS Low) AND (TeamExp IS Low) AND (Length IS High),High,0.0,0.05,6937.216455488908,346.8608227744454,6255.308822971392,0.4150943396226415,1.0,0.3939393939393939,3437.0
17,all,R9,IF (PointsAjust IS Medium) AND (TeamExp IS High) AND (Length IS Low),Low,0.0,0.05,7395.137210770779,369.756860538539,6255.308822971392,0.4150943396226415,1.0,0.3939393939393939,3437.0
17,all,R10,IF (PointsAjust IS Medium) AND (TeamExp IS High) AND (Length IS Medium),Medium,0.0,0.05,4222.2358919543085,211.11179459771543,6255.308822971392,0.4150943396226415,1.0,0.3939393939393939,3437.0
17,all,R11,IF (PointsAjust IS Medium) AND (TeamExp IS High) AND (Length IS High),Medium,0.0,0.05,4222.2358919543085,211.11179459771543,6255.308822971392,0.4150943396226415,1.0,0.3939393939393939,3437.0
17,all,R12,IF (PointsAjust IS Medium) AND (TeamExp IS Medium) AND (Length IS Low),Medium,0.0,0.05,4222.2358919543085,211.11179459771543,6255.308822971392,0.4150943396226415,1.0,0.3939393939393939,3437.0
17,all,R13,IF (PointsAjust IS Medium) AND (TeamExp IS Medium) AND (Length IS Medium),Medium,0.0,0.05,4222.2358919543085,211.11179459771543,6255.308822971392,0.4150943396226415,1.0,0.3939393939393939,3437.0
17,all,R14,IF (PointsAjust IS Medium) AND (TeamExp IS Medium) AND (Length IS High),High,0.0,0.05,6937.216455488908,346.8608227744454,6255.308822971392,0.4150943396226415,1.0,0.3939393939393939,3437.0
17,all,R15,IF (PointsAjust IS Medium) AND (TeamExp IS Low) AND (Length IS Medium),High,0.0,0.05,6937.216455488908,346.8608227744454,6255.308822971392,0.4150943396226415,1.0,0.3939393939393939,3437.0
17,all,R16,IF (PointsAjust IS Medium) AND (TeamExp IS Low) AND (Length IS High),High,0.0,0.05,6937.216455488908,346.8608227744454,6255.308822971392,0.4150943396226415,1.0,0.3939393939393939,3437.0
17,all,R17,IF (PointsAjust IS High) AND (TeamExp IS High) AND (Length IS Medium),Medium,0.0,0.05,4222.2358919543085,211.11179459771543,6255.308822971392,0.4150943396226415,1.0,0.3939393939393939,3437.0
17,all,R18,IF (PointsAjust IS High) AND (TeamExp IS Medium) AND (Length IS Medium),High,0.0,0.05,6937.216455488908,346.8608227744454,6255.308822971392,0.4150943396226415,1.0,0.3939393939393939,3437.0
17,all,R19,IF (PointsAjust IS High) AND (TeamExp IS Low) AND (Length IS Medium),High,0.0,0.05,6937.216455488908,346.8608227744454,6255.308822971392,0.4150943396226415,1.0,0.3939393939393939,3437.0
17,all,R20,IF (PointsAjust IS High) AND (TeamExp IS Low) AND (Length IS High),Very_High,0.0,0.05,18467.778227292143,923.3889113646072,6255.308822971392,0.4150943396226415,1.0,0.3939393939393939,3437.0
18,all,R1,IF (PointsAjust IS Low) AND (TeamExp IS High) AND (Length IS Low),Very_Low,0.0,0.05,5604.597482370599,280.22987411852995,5458.013632908772,0.4371069182389937,0.8,0.3939393939393939,4494.0
18,all,R2,IF (PointsAjust IS Low) AND (TeamExp IS High) AND (Length IS Medium),Low,0.0,0.05,5500.958247985338,275.0479123992669,5458.013632908772,0.4371069182389937,0.8,0.3939393939393939,4494.0
18,all,R3,IF (PointsAjust IS Low) AND (TeamExp IS High) AND (Length IS High),Medium,0.0,0.05,3614.3841333421224,180.71920666710614,5458.013632908772,0.4371069182389937,0.8,0.3939393939393939,4494.0
18,all,R4,IF (PointsAjust IS Low) AND (TeamExp IS Medium) AND (Length IS Low),Low,0.0,0.05,5500.958247985338,275.0479123992669,5458.013632908772,0.4371069182389937,0.8,0.3939393939393939,4494.0
18,all,R5,IF (PointsAjust IS Low) AND (TeamExp IS Medium) AND (Length IS Medium),Medium,0.0,0.05,3614.3841333421224,180.71920666710614,5458.013632908772,0.4371069182389937,0.8,0.3939393939393939,4494.0
18,all,R6,IF (PointsAjust IS Low) AND (TeamExp IS Medium) AND (Length IS High),Medium,0.0,0.05,3614.3841333421224,180.71920666710614,5458.013632908772,0.4371069182389937,0.8,0.3939393939393939,4494.0
18,all,R7,IF (PointsAjust IS Low) AND (TeamExp IS Low) AND (Length IS Medium),Medium,0.0,0.05,3614.3841333421224,180.71920666710614,5458.013632908772,0.4371069182389937,0.8,0.3939393939393939,4494.0
18,all,R8,IF (PointsAjust IS Low) AND (TeamExp IS Low) AND (Length IS High),High,0.0,0.05,6433.003806626315,321.6501903313158,5458.013632908772,0.4371069182389937,0.8,0.3939393939393939,4494.0
18,all,R9,IF (PointsAjust IS Medium) AND (TeamExp IS High) AND (Length IS Low),Low,0.0,0.05,5500.958247985338,275.0479123992669,5458.013632908772,0.4371069182389937,0.8,0.3939393939393939,4494.0
18,all,R10,IF (PointsAjust IS Medium) AND (TeamExp IS High) AND (Length IS Medium),Medium,0.0,0.05,3614.3841333421224,180.71920666710614,5458.013632908772,0.4371069182389937,0.8,0.3939393939393939,4494.0
18,all,R11,IF (PointsAjust IS Medium) AND (TeamExp IS High) AND (Length IS High),Medium,0.0,0.05,3614.3841333421224,180.71920666710614,5458.013632908772,0.4371069182389937,0.8,0.3939393939393939,4494.0
18,all,R12,IF (PointsAjust IS Medium) AND (TeamExp IS Medium) AND (Length IS Low),Medium,0.0,0.05,3614.3841333421224,180.71920666710614,5458.013632908772,0.4371069182389937,0.8,0.3939393939393939,4494.0
18,all,R13,IF (PointsAjust IS Medium) AND (TeamExp IS Medium) AND (Length IS Medium),Medium,0.0,0.05,3614.3841333421224,180.71920666710614,5458.013632908772,0.4371069182389937,0.8,0.3939393939393939,4494.0
18,all,R14,IF (PointsAjust IS Medium) AND (TeamExp IS Medium) AND (Length IS High),High,0.0,0.05,6433.003806626315,321.6501903313158,5458.013632908772,0.4371069182389937,0.8,0.3939393939393939,4494.0
18,all,R15,IF (PointsAjust IS Medium) AND (TeamExp IS Low) AND (Length IS Medium),High,0.0,0.05,6433.003806626315,321.6501903313158,5458.013632908772,0.4371069182389937,0.8,0.3939393939393939,4494.0
18,all,R16,IF (PointsAjust IS Medium) AND (TeamExp IS Low) AND (Length IS High),High,0.0,0.05,6433.003806626315,321.6501903313158,5458.013632908772,0.4371069182389937,0.8,0.3939393939393939,4494.0
18,all,R17,IF (PointsAjust IS High) AND (TeamExp IS High) AND (Length IS Medium),Medium,0.0,0.05,3614.3841333421224,180.71920666710614,5458.013632908772,0.4371069182389937,0.8,0.3939393939393939,4494.0
18,all,R18,IF (PointsAjust IS High) AND (TeamExp IS Medium) AND (Length IS Medium),High,0.0,0.05,6433.003806626315,321.6501903313158,5458.013632908772,0.4371069182389937,0.8,0.3939393939393939,4494.0
18,all,R19,IF (PointsAjust IS High) AND (TeamExp IS Low) AND (Length IS Medium),High,0.0,0.05,6433.003806626315,321.6501903313158,5458.013632908772,0.4371069182389937,0.8,0.3939393939393939,4494.0
18,all,R20,IF (PointsAjust IS High) AND (TeamExp IS Low) AND (Length IS High),Very_High,0.0,0.05,15925.320392011821,796.2660196005911,5458.013632908772,0.4371069182389937,0.8,0.3939393939393939,4494.0
19,all,R1,IF (PointsAjust IS Low) AND (TeamExp IS High) AND (Length IS Low),Very_Low,1.0,1.0,1095.3911748596274,1095.3911748596274,1095.3911748596274,0.0377358490566037,1.0,0.1212121212121212,840.0
19,all,R2,IF (PointsAjust IS Low) AND (TeamExp IS High) AND (Length IS Medium),Low,0.0,0.0,3289.9306429108274,0.0,1095.3911748596274,0.0377358490566037,1.0,0.1212121212121212,840.0
19,all,R3,IF (PointsAjust IS Low) AND (TeamExp IS High) AND (Length IS High),Medium,0.0,0.0,4602.433404931873,0.0,1095.3911748596274,0.0377358490566037,1.0,0.1212121212121212,840.0
19,all,R4,IF (PointsAjust IS Low) AND (TeamExp IS Medium) AND (Length IS Low),Low,0.0,0.0,3289.9306429108274,0.0,1095.3911748596274,0.0377358490566037,1.0,0.1212121212121212,840.0
19,all,R5,IF (PointsAjust IS Low) AND (TeamExp IS Medium) AND (Length IS Medium),Medium,0.0,0.0,4602.433404931873,0.0,1095.3911748596274,0.0377358490566037,1.0,0.1212121212121212,840.0
19,all,R6,IF (PointsAjust IS Low) AND (TeamExp IS Medium) AND (Length IS High),Medium,0.0,0.0,4602.433404931873,0.0,1095.3911748596274,0.0377358490566037,1.0,0.1212121212121212,840.0
19,all,R7,IF (PointsAjust IS Low) AND (TeamExp IS Low) AND (Length IS Medium),Medium,0.0,0.0,4602.433404931873,0.0,1095.3911748596274,0.0377358490566037,1.0,0.1212121212121212,840.0
19,all,R8,IF (PointsAjust IS Low) AND (TeamExp IS Low) AND (Length IS High),High,0.0,0.0,4508.295756495187,0.0,1095.3911748596274,0.0377358490566037,1.0,0.1212121212121212,840.0
19,all,R9,IF (PointsAjust IS Medium) AND (TeamExp IS High) AND (Length IS Low),Low,0.0,0.0,3289.9306429108274,0.0,1095.3911748596274,0.0377358490566037,1.0,0.1212121212121212,840.0
19,all,R10,IF (PointsAjust IS Medium) AND (TeamExp IS High) AND (Length IS Medium),Medium,0.0,0.0,4602.433404931873,0.0,1095.3911748596274,0.0377358490566037,1.0,0.1212121212121212,840.0
19,all,R11,IF (PointsAjust IS Medium) AND (TeamExp IS High) AND (Length IS High),Medium,0.0,0.0,4602.433404931873,0.0,1095.3911748596274,0.0377358490566037,1.0,0.1212121212121212,840.0
19,all,R12,IF (PointsAjust IS Medium) AND (TeamExp IS Medium) AND (Length IS Low),Medium,0.0,0.0,4602.433404931873,0.0,1095.3911748596274,0.0377358490566037,1.0,0.1212121212121212,840.0
19,all,R13,IF (PointsAjust IS Medium) AND (TeamExp IS Medium) AND (Length IS Medium),Medium,0.0,0.0,4602.433404931873,0.0,1095.3911748596274,0.0377358490566037,1.0,0.1212121212121212,840.0
19,all,R14,IF (PointsAjust IS Medium) AND (TeamExp IS Medium) AND (Length IS High),High,0.0,0.0,4508.295756495187,0.0,1095.3911748596274,0.0377358490566037,1.0,0.1212121212121212,840.0
19,all,R15,IF (PointsAjust IS Medium) AND (TeamExp IS Low) AND (Length IS Medium),High,0.0,0.0,4508.295756495187,0.0,1095.3911748596274,0.0377358490566037,1.0,0.1212121212121212,840.0
19,all,R16,IF (PointsAjust IS Medium) AND (TeamExp IS Low) AND (Length IS High),High,0.0,0.0,4508.295756495187,0.0,1095.3911748596274,0.0377358490566037,1.0,0.1212121212121212,840.0
19,all,R17,IF (PointsAjust IS High) AND (TeamExp IS High) AND (Length IS Medium),Medium,0.0,0.0,4602.433404931873,0.0,1095.3911748596274,0.0377358490566037,1.0,0.1212121212121212,840.0
19,all,R18,IF (PointsAjust IS High) AND (TeamExp IS Medium) AND (Length IS Medium),High,0.0,0.0,4508.295756495187,0.0,1095.3911748596274,0.0377358490566037,1.0,0.1212121212121212,840.0
19,all,R19,IF (PointsAjust IS High) AND (TeamExp IS Low) AND (Length IS Medium),High,0.0,0.0,4508.295756495187,0.0,1095.3911748596274,0.0377358490566037,1.0,0.1212121212121212,840.0
19,all,R20,IF (PointsAjust IS High) AND (TeamExp IS Low) AND (Length IS High),Very_High,0.0,0.0,18095.96246603708,0.0,1095.3911748596274,0.0377358490566037,1.0,0.1212121212121212,840.0
20,all,R1,IF (PointsAjust IS Low) AND (TeamExp IS High) AND (Length IS Low),Very_Low,0.0,0.0,4921.906748258309,0.0,5623.828858375842,0.3034591194968553,0.6,0.5151515151515151,5180.0
20,all,R2,IF (PointsAjust IS Low) AND (TeamExp IS High) AND (Length IS Medium),Low,0.0,0.0,1389.0642831717614,0.0,5623.828858375842,0.3034591194968553,0.6,0.5151515151515151,5180.0
20,all,R3,IF (PointsAjust IS Low) AND (TeamExp IS High) AND (Length IS High),Medium,0.0,0.0,2301.3648996593147,0.0,5623.828858375842,0.3034591194968553,0.6,0.5151515151515151,5180.0
20,all,R4,IF (PointsAjust IS Low) AND (TeamExp IS Medium) AND (Length IS Low),Low,0.0,0.0,1389.0642831717614,0.0,5623.828858375842,0.3034591194968553,0.6,0.5151515151515151,5180.0
20,all,R5,IF (PointsAjust IS Low) AND (TeamExp IS Medium) AND (Length IS Medium),Medium,0.0,0.0,2301.3648996593147,0.0,5623.828858375842,0.3034591194968553,0.6,0.5151515151515151,5180.0
20,all,R6,IF (PointsAjust IS Low) AND (TeamExp IS Medium) AND (Length IS High),Medium,0.0,0.0,2301.3648996593147,0.0,5623.828858375842,0.3034591194968553,0.6,0.5151515151515151,5180.0
20,all,R7,IF (PointsAjust IS Low) AND (TeamExp IS Low) AND (Length IS Medium),Medium,0.0,0.0,2301.3648996593147,0.0,5623.828858375842,0.3034591194968553,0.6,0.5151515151515151,5180.0
20,all,R8,IF (PointsAjust IS Low) AND (TeamExp IS Low) AND (Length IS High),High,0.0,0.0,5623.828858375842,0.0,5623.828858375842,0.3034591194968553,0.6,0.5151515151515151,5180.0
20,all,R9,IF (PointsAjust IS Medium) AND (TeamExp IS High) AND (Length IS Low),Low,0.0,0.0,1389.0642831717614,0.0,5623.828858375842,0.3034591194968553,0.6,0.5151515151515151,5180.0
20,all,R10,IF (PointsAjust IS Medium) AND (TeamExp IS High) AND (Length IS Medium),Medium,0.0,0.0,2301.3648996593147,0.0,5623.828858375842,0.3034591194968553,0.6,0.5151515151515151,5180.0
20,all,R11,IF (PointsAjust IS Medium) AND (TeamExp IS High) AND (Length IS High),Medium,0.0,0.0,2301.3648996593147,0.0,5623.828858375842,0.3034591194968553,0.6,0.5151515151515151,5180.0
20,all,R12,IF (PointsAjust IS Medium) AND (TeamExp IS Medium) AND (Length IS Low),Medium,0.0,0.0,2301.3648996593147,0.0,5623.828858375842,0.3034591194968553,0.6,0.5151515151515151,5180.0
20,all,R13,IF (PointsAjust IS Medium) AND (TeamExp IS Medium) AND (Length IS Medium),Medium,0.0,0.0,2301.3648996593147,0.0,5623.828858375842,0.3034591194968553,0.6,0.5151515151515151,5180.0
20,all,R14,IF (PointsAjust IS Medium) AND (TeamExp IS Medium) AND (Length IS High),High,1.0,1.0,5623.828858375842,5623.828858375842,5623.828858375842,0.3034591194968553,0.6,0.5151515151515151,5180.0
20,all,R15,IF (PointsAjust IS Medium) AND (TeamExp IS Low) AND (Length IS Medium),High,0.0,0.0,5623.828858375842,0.0,5623.828858375842,0.3034591194968553,0.6,0.5151515151515151,5180.0
20,all,R16,IF (PointsAjust IS Medium) AND (TeamExp IS Low) AND (Length IS High),High,0.0,0.0,5623.828858375842,0.0,5623.828858375842,0.3034591194968553,0.6,0.5151515151515151,5180.0
20,all,R17,IF (PointsAjust IS High) AND (TeamExp IS High) AND (Length IS Medium),Medium,0.0,0.0,2301.3648996593147,0.0,5623.828858375842,0.3034591194968553,0.6,0.5151515151515151,5180.0
20,all,R18,IF (PointsAjust IS High) AND (TeamExp IS Medium) AND (Length IS Medium),High,0.0,0.0,5623.828858375842,0.0,5623.828858375842,0.3034591194968553,0.6,0.5151515151515151,5180.0
20,all,R19,IF (PointsAjust IS High) AND (TeamExp IS Low) AND (Length IS Medium),High,0.0,0.0,5623.828858375842,0.0,5623.828858375842,0.3034591194968553,0.6,0.5151515151515151,5180.0
20,all,R20,IF (PointsAjust IS High) AND (TeamExp IS Low) AND (Length IS High),Very_High,0.0,0.0,11780.216046689238,0.0,5623.828858375842,0.3034591194968553,0.6,0.5151515151515151,5180.0
21,all,R1,IF (PointsAjust IS Low) AND (TeamExp IS High) AND (Length IS Low),Very_Low,0.0,0.05,7692.845052273395,384.64225261366977,5722.445803631544,0.6053459119496856,0.6,0.1212121212121212,5775.0
21,all,R2,IF (PointsAjust IS Low) AND (TeamExp IS High) AND (Length IS Medium),Low,0.0,0.05,6046.481960704488,302.32409803522444,5722.445803631544,0.6053459119496856,0.6,0.1212121212121212,5775.0
21,all,R3,IF (PointsAjust IS Low) AND (TeamExp IS High) AND (Length IS High),Medium,0.0,0.05,4254.889712397146,212.7444856198573,5722.445803631544,0.6053459119496856,0.6,0.1212121212121212,5775.0
21,all,R4,IF (PointsAjust IS Low) AND (TeamExp IS Medium) AND (Length IS Low),Low,0.0,0.05,6046.481960704488,302.32409803522444,5722.445803631544,0.6053459119496856,0.6,0.1212121212121212,5775.0
21,all,R5,IF (PointsAjust IS Low) AND (TeamExp IS Medium) AND (Length IS Medium),Medium,0.0,0.05,4254.889712397146,212.7444856198573,5722.445803631544,0.6053459119496856,0.6,0.1212121212121212,5775.0
21,all,R6,IF (PointsAjust IS Low) AND (TeamExp IS Medium) AND (Length IS High),Medium,0.0,0.05,4254.889712397146,212.7444856198573,5722.445803631544,0.6053459119496856,0.6,0.1212121212121212,5775.0
21,all,R7,IF (PointsAjust IS Low) AND (TeamExp IS Low) AND (Length IS Medium),Medium,0.0,0.05,4254.889712397146,212.7444856198573,5722.445803631544,0.6053459119496856,0.6,0.1212121212121212,5775.0
21,all,R8,IF (PointsAjust IS Low) AND (TeamExp IS Low) AND (Length IS High),High,0.0,0.05,5741.520584283302,287.0760292141651,5722.445803631544,0.6053459119496856,0.6,0.1212121212121212,5775.0
21,all,R9,IF (PointsAjust IS Medium) AND (TeamExp IS High) AND (Length IS Low),Low,0.0,0.05,6046.481960704488,302.32409803522444,5722.445803631544,0.6053459119496856,0.6,0.1212121212121212,5775.0
21,all,R10,IF (PointsAjust IS Medium) AND (TeamExp IS High) AND (Length IS Medium),Medium,0.0,0.05,4254.889712397146,212.7444856198573,5722.445803631544,0.6053459119496856,0.6,0.1212121212121212,5775.0
21,all,R11,IF (PointsAjust IS Medium) AND (TeamExp IS High) AND (Length IS High),Medium,0.0,0.05,4254.889712397146,212.7444856198573,5722.445803631544,0.6053459119496856,0.6,0.1212121212121212,5775.0
21,all,R12,IF (PointsAjust IS Medium) AND (TeamExp IS Medium) AND (Length IS Low),Medium,0.0,0.05,4254.889712397146,212.7444856198573,5722.445803631544,0.6053459119496856,0.6,0.1212121212121212,5775.0
21,all,R13,IF (PointsAjust IS Medium) AND (TeamExp IS Medium) AND (Length IS Medium),Medium,0.0,0.05,4254.889712397146,212.7444856198573,5722.445803631544,0.6053459119496856,0.6,0.1212121212121212,5775.0
21,all,R14,IF (PointsAjust IS Medium) AND (TeamExp IS Medium) AND (Length IS High),High,0.0,0.05,5741.520584283302,287.0760292141651,5722.445803631544,0.6053459119496856,0.6,0.1212121212121212,5775.0
21,all,R15,IF (PointsAjust IS Medium) AND (TeamExp IS Low) AND (Length IS Medium),High,0.0,0.05,5741.520584283302,287.0760292141651,5722.445803631544,0.6053459119496856,0.6,0.1212121212121212,5775.0
21,all,R16,IF (PointsAjust IS Medium) AND (TeamExp IS Low) AND (Length IS High),High,0.0,0.05,5741.520584283302,287.0760292141651,5722.445803631544,0.6053459119496856,0.6,0.1212121212121212,5775.0
21,all,R17,IF (PointsAjust IS High) AND (TeamExp IS High) AND (Length IS Medium),Medium,0.0,0.05,4254.889712397146,212.7444856198573,5722.445803631544,0.6053459119496856,0.6,0.1212121212121212,5775.0
21,all,R18,IF (PointsAjust IS High) AND (TeamExp IS Medium) AND (Length IS Medium),High,0.0,0.05,5741.520584283302,287.0760292141651,5722.445803631544,0.6053459119496856,0.6,0.1212121212121212,5775.0
21,all,R19,IF (PointsAjust IS High) AND (TeamExp IS Low) AND (Length IS Medium),High,0.0,0.05,5741.520584283302,287.0760292141651,5722.445803631544,0.6053459119496856,0.6,0.1212121212121212,5775.0
21,all,R20,IF (PointsAjust IS High) AND (TeamExp IS Low) AND (Length IS High),Very_High,0.0,0.05,15873.494220969893,793.6747110484947,5722.445803631544,0.6053459119496856,0.6,0.1212121212121212,5775.0
22,all,R1,IF (PointsAjust IS Low) AND (TeamExp IS High) AND (Length IS Low),Very_Low,0.0,0.05,5970.012193302817,298.50060966514087,6522.182938100313,0.5267295597484277,1.0,0.5757575757575758,10577.0
22,all,R2,IF (PointsAjust IS Low) AND (TeamExp IS High) AND (Length IS Medium),Low,0.0,0.05,8382.70158135776,419.135079067888,6522.182938100313,0.5267295597484277,1.0,0.5757575757575758,10577.0
22,all,R3,IF (PointsAjust IS Low) AND (TeamExp IS High) AND (Length IS High),Medium,0.0,0.05,3736.7401794065668,186.83700897032836,6522.182938100313,0.5267295597484277,1.0,0.5757575757575758,10577.0
22,all,R4,IF (PointsAjust IS Low) AND (TeamExp IS Medium) AND (Length IS Low),Low,0.0,0.05,8382.70158135776,419.135079067888,6522.182938100313,0.5267295597484277,1.0,0.5757575757575758,10577.0
22,all,R5,IF (PointsAjust IS Low) AND (TeamExp IS Medium) AND (Length IS Medium),Medium,0.0,0.05,3736.7401794065668,186.83700897032836,6522.182938100313,0.5267295597484277,1.0,0.5757575757575758,10577.0
22,all,R6,IF (PointsAjust IS Low) AND (TeamExp IS Medium) AND (Length IS High),Medium,0.0,0.05,3736.7401794065668,186.83700897032836,6522.182938100313,0.5267295597484277,1.0,0.5757575757575758,10577.0
22,all,R7,IF (PointsAjust IS Low) AND (TeamExp IS Low) AND (Length IS Medium),Medium,0.0,0.05,3736.7401794065668,186.83700897032836,6522.182938100313,0.5267295597484277,1.0,0.5757575757575758,10577.0
22,all,R8,IF (PointsAjust IS Low) AND (TeamExp IS Low) AND (Length IS High),High,0.0,0.05,7957.377218269456,397.8688609134728,6522.182938100313,0.5267295597484277,1.0,0.5757575757575758,10577.0
22,all,R9,IF (PointsAjust IS Medium) AND (TeamExp IS High) AND (Length IS Low),Low,0.0,0.05,8382.70158135776,419.135079067888,6522.182938100313,0.5267295597484277,1.0,0.5757575757575758,10577.0
22,all,R10,IF (PointsAjust IS Medium) AND (TeamExp IS High) AND (Length IS Medium),Medium,0.0,0.05,3736.7401794065668,186.83700897032836,6522.182938100313,0.5267295597484277,1.0,0.5757575757575758,10577.0
22,all,R11,IF (PointsAjust IS Medium) AND (TeamExp IS High) AND (Length IS High),Medium,0.0,0.05,3736.7401794065668,186.83700897032836,6522.182938100313,0.5267295597484277,1.0,0.5757575757575758,10577.0
22,all,R12,IF (PointsAjust IS Medium) AND (TeamExp IS Medium) AND (Length IS Low),Medium,0.0,0.05,3736.7401794065668,186.83700897032836,6522.182938100313,0.5267295597484277,1.0,0.5757575757575758,10577.0
22,all,R13,IF (PointsAjust IS Medium) AND (TeamExp IS Medium) AND (Length IS Medium),Medium,0.0,0.05,3736.7401794065668,186.83700897032836,6522.182938100313,0.5267295597484277,1.0,0.5757575757575758,10577.0
22,all,R14,IF (PointsAjust IS Medium) AND (TeamExp IS Medium) AND (Length IS High),High,0.0,0.05,7957.377218269456,397.8688609134728,6522.182938100313,0.5267295597484277,1.0,0.5757575757575758,10577.0
22,all,R15,IF (PointsAjust IS Medium) AND (TeamExp IS Low) AND (Length IS Medium),High,0.0,0.05,7957.377218269456,397.8688609134728,6522.182938100313,0.5267295597484277,1.0,0.5757575757575758,10577.0
22,all,R16,IF (PointsAjust IS Medium) AND (TeamExp IS Low) AND (Length IS High),High,0.0,0.05,7957.377218269456,397.8688609134728,6522.182938100313,0.5267295597484277,1.0,0.5757575757575758,10577.0
22,all,R17,IF (PointsAjust IS High) AND (TeamExp IS High) AND (Length IS Medium),Medium,0.0,0.05,3736.7401794065668,186.83700897032836,6522.182938100313,0.5267295597484277,1.0,0.5757575757575758,10577.0
22,all,R18,IF (PointsAjust IS High) AND (TeamExp IS Medium) AND (Length IS Medium),High,0.0,0.05,7957.377218269456,397.8688609134728,6522.182938100313,0.5267295597484277,1.0,0.5757575757575758,10577.0
22,all,R19,IF (PointsAjust IS High) AND (TeamExp IS Low) AND (Length IS Medium),High,0.0,0.05,7957.377218269456,397.8688609134728,6522.182938100313,0.5267295597484277,1.0,0.5757575757575758,10577.0
22,all,R20,IF (PointsAjust IS High) AND (TeamExp IS Low) AND (Length IS High),Very_High,0.0,0.05,17950.616900354322,897.5308450177162,6522.182938100313,0.5267295597484277,1.0,0.5757575757575758,10577.0
23,all,R1,IF (PointsAjust IS Low) AND (TeamExp IS High) AND (Length IS Low),Very_Low,0.0,0.0,5802.01289115093,0.0,4310.174197300206,0.3474842767295597,0.4,0.2121212121212121,3983.0
23,all,R2,IF (PointsAjust IS Low) AND (TeamExp IS High) AND (Length IS Medium),Low,0.0,0.0,449.87460225659015,0.0,4310.174197300206,0.3474842767295597,0.4,0.2121212121212121,3983.0
23,all,R3,IF (PointsAjust IS Low) AND (TeamExp IS High) AND (Length IS High),Medium,0.0,0.0,2847.6771168166765,0.0,4310.174197300206,0.3474842767295597,0.4,0.2121212121212121,3983.0
23,all,R4,IF (PointsAjust IS Low) AND (TeamExp IS Medium) AND (Length IS Low),Low,0.0,0.0,449.87460225659015,0.0,4310.174197300206,0.3474842767295597,0.4,0.2121212121212121,3983.0
23,all,R5,IF (PointsAjust IS Low) AND (TeamExp IS Medium) AND (Length IS Medium),Medium,0.0,0.0,2847.6771168166765,0.0,4310.174197300206,0.3474842767295597,0.4,0.2121212121212121,3983.0
23,all,R6,IF (PointsAjust IS Low) AND (TeamExp IS Medium) AND (Length IS High),Medium,0.0,0.0,2847.6771168166765,0.0,4310.174197300206,0.3474842767295597,0.4,0.2121212121212121,3983.0
23,all,R7,IF (PointsAjust IS Low) AND (TeamExp IS Low) AND (Length IS Medium),Medium,0.0,0.0,2847.6771168166765,0.0,4310.174197300206,0.3474842767295597,0.4,0.2121212121212121,3983.0
23,all,R8,IF (PointsAjust IS Low) AND (TeamExp IS Low) AND (Length IS High),High,0.0,0.0,4310.174197300205,0.0,4310.174197300206,0.3474842767295597,0.4,0.2121212121212121,3983.0
23,all,R9,IF (PointsAjust IS Medium) AND (TeamExp IS High) AND (Length IS Low),Low,0.0,0.0,449.87460225659015,0.0,4310.174197300206,0.3474842767295597,0.4,0.2121212121212121,3983.0
23,all,R10,IF (PointsAjust IS Medium) AND (TeamExp IS High) AND (Length IS Medium),Medium,0.0,0.0,2847.6771168166765,0.0,4310.174197300206,0.3474842767295597,0.4,0.2121212121212121,3983.0
23,all,R11,IF (PointsAjust IS Medium) AND (TeamExp IS High) AND (Length IS High),Medium,0.0,0.0,2847.6771168166765,0.0,4310.174197300206,0.3474842767295597,0.4,0.2121212121212121,3983.0
23,all,R12,IF (PointsAjust IS Medium) AND (TeamExp IS Medium) AND (Length IS Low),Medium,0.0,0.0,2847.6771168166765,0.0,4310.174197300206,0.3474842767295597,0.4,0.2121212121212121,3983.0
23,all,R13,IF (PointsAjust IS Medium) AND (TeamExp IS Medium) AND (Length IS Medium),Medium,0.0,0.0,2847.6771168166765,0.0,4310.174197300206,0.3474842767295597,0.4,0.2121212121212121,3983.0
23,all,R14,IF (PointsAjust IS Medium) AND (TeamExp IS Medium) AND (Length IS High),High,0.0,0.0,4310.174197300205,0.0,4310.174197300206,0.3474842767295597,0.4,0.2121212121212121,3983.0
23,all,R15,IF (PointsAjust IS Medium) AND (TeamExp IS Low) AND (Length IS Medium),High,0.48622981956315325,0.48120300751879735,4310.174197300205,2074.068786670777,4310.174197300206,0.3474842767295597,0.4,0.2121212121212121,3983.0
23,all,R16,IF (PointsAjust IS Medium) AND (TeamExp IS Low) AND (Length IS High),High,0.0,0.0,4310.174197300205,0.0,4310.174197300206,0.3474842767295597,0.4,0.2121212121212121,3983.0
23,all,R17,IF (PointsAjust IS High) AND (TeamExp IS High) AND (Length IS Medium),Medium,0.0,0.0,2847.6771168166765,0.0,4310.174197300206,0.3474842767295597,0.4,0.2121212121212121,3983.0
23,all,R18,IF (PointsAjust IS High) AND (TeamExp IS Medium) AND (Length IS Medium),High,0.0,0.0,4310.174197300205,0.0,4310.174197300206,0.3474842767295597,0.4,0.2121212121212121,3983.0
23,all,R19,IF (PointsAjust IS High) AND (TeamExp IS Low) AND (Length IS Medium),High,0.524216524216524,0.5187969924812028,4310.174197300205,2236.105410629429,4310.174197300206,0.3474842767295597,0.4,0.2121212121212121,3983.0
23,all,R20,IF (PointsAjust IS High) AND (TeamExp IS Low) AND (Length IS High),Very_High,0.0,0.0,11237.222913383262,0.0,4310.174197300206,0.3474842767295597,0.4,0.2121212121212121,3983.0
24,all,R1,IF (PointsAjust IS Low) AND (TeamExp IS High) AND (Length IS Low),Very_Low,0.0,0.0,4587.047669750406,0.0,4180.5225069842345,0.389937106918239,1.0,0.3939393939393939,3164.0
24,all,R2,IF (PointsAjust IS Low) AND (TeamExp IS High) AND (Length IS Medium),Low,0.0,0.0,7080.667096975485,0.0,4180.5225069842345,0.389937106918239,1.0,0.3939393939393939,3164.0
24,all,R3,IF (PointsAjust IS Low) AND (TeamExp IS High) AND (Length IS High),Medium,0.0,0.0,4180.522506984235,0.0,4180.5225069842345,0.389937106918239,1.0,0.3939393939393939,3164.0
24,all,R4,IF (PointsAjust IS Low) AND (TeamExp IS Medium) AND (Length IS Low),Low,0.0,0.0,7080.667096975485,0.0,4180.5225069842345,0.389937106918239,1.0,0.3939393939393939,3164.0
24,all,R5,IF (PointsAjust IS Low) AND (TeamExp IS Medium) AND (Length IS Medium),Medium,0.0,0.0,4180.522506984235,0.0,4180.5225069842345,0.389937106918239,1.0,0.3939393939393939,3164.0
24,all,R6,IF (PointsAjust IS Low) AND (TeamExp IS Medium) AND (Length IS High),Medium,0.0,0.0,4180.522506984235,0.0,4180.5225069842345,0.389937106918239,1.0,0.3939393939393939,3164.0
24,all,R7,IF (PointsAjust IS Low) AND (TeamExp IS Low) AND (Length IS Medium),Medium,0.0,0.0,4180.522506984235,0.0,4180.5225069842345,0.389937106918239,1.0,0.3939393939393939,3164.0
24,all,R8,IF (PointsAjust IS Low) AND (TeamExp IS Low) AND (Length IS High),High,0.0,0.0,6829.509542551332,0.0,4180.5225069842345,0.389937106918239,1.0,0.3939393939393939,3164.0
24,all,R9,IF (PointsAjust IS Medium) AND (TeamExp IS High) AND (Length IS Low),Low,0.0,0.0,7080.667096975485,0.0,4180.5225069842345,0.389937106918239,1.0,0.3939393939393939,3164.0
24,all,R10,IF (PointsAjust IS Medium) AND (TeamExp IS High) AND (Length IS Medium),Medium,0.0,0.0,4180.522506984235,0.0,4180.5225069842345,0.389937106918239,1.0,0.3939393939393939,3164.0
24,all,R11,IF (PointsAjust IS Medium) AND (TeamExp IS High) AND (Length IS High),Medium,0.08547008547008544,1.0,4180.522506984235,4180.522506984235,4180.5225069842345,0.389937106918239,1.0,0.3939393939393939,3164.0
24,all,R12,IF (PointsAjust IS Medium) AND (TeamExp IS Medium) AND (Length IS Low),Medium,0.0,0.0,4180.522506984235,0.0,4180.5225069842345,0.389937106918239,1.0,0.3939393939393939,3164.0
24,all,R13,IF (PointsAjust IS Medium) AND (TeamExp IS Medium) AND (Length IS Medium),Medium,0.0,0.0,4180.522506984235,0.0,4180.5225069842345,0.389937106918239,1.0,0.3939393939393939,3164.0
24,all,R14,IF (PointsAjust IS Medium) AND (TeamExp IS Medium) AND (Length IS High),High,0.0,0.0,6829.509542551332,0.0,4180.5225069842345,0.389937106918239,1.0,0.3939393939393939,3164.0
24,all,R15,IF (PointsAjust IS Medium) AND (TeamExp IS Low) AND (Length IS Medium),High,0.0,0.0,6829.509542551332,0.0,4180.5225069842345,0.389937106918239,1.0,0.3939393939393939,3164.0
24,all,R16,IF (PointsAjust IS Medium) AND (TeamExp IS Low) AND (Length IS High),High,0.0,0.0,6829.509542551332,0.0,4180.5225069842345,0.389937106918239,1.0,0.3939393939393939,3164.0
24,all,R17,IF (PointsAjust IS High) AND (TeamExp IS High) AND (Length IS Medium),Medium,0.0,0.0,4180.522506984235,0.0,4180.5225069842345,0.389937106918239,1.0,0.3939393939393939,3164.0
24,all,R18,IF (PointsAjust IS High) AND (TeamExp IS Medium) AND (Length IS Medium),High,0.0,0.0,6829.509542551332,0.0,4180.5225069842345,0.389937106918239,1.0,0.3939393939393939,3164.0
24,all,R19,IF (PointsAjust IS High) AND (TeamExp IS Low) AND (Length IS Medium),High,0.0,0.0,6829.509542551332,0.0,4180.5225069842345,0.389937106918239,1.0,0.3939393939393939,3164.0
24,all,R20,IF (PointsAjust IS High) AND (TeamExp IS Low) AND (Length IS High),Very_High,0.0,0.0,18330.24321585702,0.0,4180.5225069842345,0.389937106918239,1.0,0.3939393939393939,3164.0
25,all,R1,IF (PointsAjust IS Low) AND (TeamExp IS High) AND (Length IS Low),Very_Low,0.0,0.0,5657.319336542361,0.0,3791.1665503200807,0.3930817610062893,0.6,0.1515151515151515,3542.0
25,all,R2,IF (PointsAjust IS Low) AND (TeamExp IS High) AND (Length IS Medium),Low,0.0,0.0,3325.157582326763,0.0,3791.1665503200807,0.3930817610062893,0.6,0.1515151515151515,3542.0
25,all,R3,IF (PointsAjust IS Low) AND (TeamExp IS High) AND (Length IS High),Medium,0.0,0.0,3791.1665503200807,0.0,3791.1665503200807,0.3930817610062893,0.6,0.1515151515151515,3542.0
25,all,R4,IF (PointsAjust IS Low) AND (TeamExp IS Medium) AND (Length IS Low),Low,0.0,0.0,3325.157582326763,0.0,3791.1665503200807,0.3930817610062893,0.6,0.1515151515151515,3542.0
25,all,R5,IF (PointsAjust IS Low) AND (TeamExp IS Medium) AND (Length IS Medium),Medium,0.0,0.0,3791.1665503200807,0.0,3791.1665503200807,0.3930817610062893,0.6,0.1515151515151515,3542.0
25,all,R6,IF (PointsAjust IS Low) AND (TeamExp IS Medium) AND (Length IS High),Medium,0.0,0.0,3791.1665503200807,0.0,3791.1665503200807,0.3930817610062893,0.6,0.1515151515151515,3542.0
25,all,R7,IF (PointsAjust IS Low) AND (TeamExp IS Low) AND (Length IS Medium),Medium,0.0,0.0,3791.1665503200807,0.0,3791.1665503200807,0.3930817610062893,0.6,0.1515151515151515,3542.0
25,all,R8,IF (PointsAjust IS Low) AND (TeamExp IS Low) AND (Length IS High),High,0.0,0.0,4923.112062475848,0.0,3791.1665503200807,0.3930817610062893,0.6,0.1515151515151515,3542.0
25,all,R9,IF (PointsAjust IS Medium) AND (TeamExp IS High) AND (Length IS Low),Low,0.0,0.0,3325.157582326763,0.0,3791.1665503200807,0.3930817610062893,0.6,0.1515151515151515,3542.0
25,all,R10,IF (PointsAjust IS Medium) AND (TeamExp IS High) AND (Length IS Medium),Medium,0.0,0.0,3791.1665503200807,0.0,3791.1665503200807,0.3930817610062893,0.6,0.1515151515151515,3542.0
25,all,R11,IF (PointsAjust IS Medium) AND (TeamExp IS High) AND (Length IS High),Medium,0.0,0.0,3791.1665503200807,0.0,3791.1665503200807,0.3930817610062893,0.6,0.1515151515151515,3542.0
25,all,R12,IF (PointsAjust IS Medium) AND (TeamExp IS Medium) AND (Length IS Low),Medium,0.05128205128205187,1.0,3791.1665503200807,3791.1665503200807,3791.1665503200807,0.3930817610062893,0.6,0.1515151515151515,3542.0
25,all,R13,IF (PointsAjust IS Medium) AND (TeamExp IS Medium) AND (Length IS Medium),Medium,0.0,0.0,3791.1665503200807,0.0,3791.1665503200807,0.3930817610062893,0.6,0.1515151515151515,3542.0
25,all,R14,IF (PointsAjust IS Medium) AND (TeamExp IS Medium) AND (Length IS High),High,0.0,0.0,4923.112062475848,0.0,3791.1665503200807,0.3930817610062893,0.6,0.1515151515151515,3542.0
25,all,R15,IF (PointsAjust IS Medium) AND (TeamExp IS Low) AND (Length IS Medium),High,0.0,0.0,4923.112062475848,0.0,3791.1665503200807,0.3930817610062893,0.6,0.1515151515151515,3542.0
25,all,R16,IF (PointsAjust IS Medium) AND (TeamExp IS Low) AND (Length IS High),High,0.0,0.0,4923.112062475848,0.0,3791.1665503200807,0.3930817610062893,0.6,0.1515151515151515,3542.0
25,all,R17,IF (PointsAjust IS High) AND (TeamExp IS High) AND (Length IS Medium),Medium,0.0,0.0,3791.1665503200807,0.0,3791.1665503200807,0.3930817610062893,0.6,0.1515151515151515,3542.0
25,all,R18,IF (PointsAjust IS High) AND (TeamExp IS Medium) AND (Length IS Medium),High,0.0,0.0,4923.112062475848,0.0,3791.1665503200807,0.3930817610062893,0.6,0.1515151515151515,3542.0
25,all,R19,IF (PointsAjust IS High) AND (TeamExp IS Low) AND (Length IS Medium),High,0.0,0.0,4923.112062475848,0.0,3791.1665503200807,0.3930817610062893,0.6,0.1515151515151515,3542.0
25,all,R20,IF (PointsAjust IS High) AND (TeamExp IS Low) AND (Length IS High),Very_High,0.0,0.0,14525.130405289197,0.0,3791.1665503200807,0.3930817610062893,0.6,0.1515151515151515,3542.0
26,all,R1,IF (PointsAjust IS Low) AND (TeamExp IS High) AND (Length IS Low),Very_Low,0.0,0.05,7893.353270005749,394.6676635002875,6564.61923970223,0.6745283018867925,0.8,0.3939393939393939,4277.0
26,all,R2,IF (PointsAjust IS Low) AND (TeamExp IS High) AND (Length IS Medium),Low,0.0,0.05,8468.769946928416,423.43849734642083,6564.61923970223,0.6745283018867925,0.8,0.3939393939393939,4277.0
26,all,R3,IF (PointsAjust IS Low) AND (TeamExp IS High) AND (Length IS High),Medium,0.0,0.05,4008.054203997186,200.4027101998593,6564.61923970223,0.6745283018867925,0.8,0.3939393939393939,4277.0
26,all,R4,IF (PointsAjust IS Low) AND (TeamExp IS Medium) AND (Length IS Low),Low,0.0,0.05,8468.769946928416,423.43849734642083,6564.61923970223,0.6745283018867925,0.8,0.3939393939393939,4277.0
26,all,R5,IF (PointsAjust IS Low) AND (TeamExp IS Medium) AND (Length IS Medium),Medium,0.0,0.05,4008.054203997186,200.4027101998593,6564.61923970223,0.6745283018867925,0.8,0.3939393939393939,4277.0
26,all,R6,IF (PointsAjust IS Low) AND (TeamExp IS Medium) AND (Length IS High),Medium,0.0,0.05,4008.054203997186,200.4027101998593,6564.61923970223,0.6745283018867925,0.8,0.3939393939393939,4277.0
26,all,R7,IF (PointsAjust IS Low) AND (TeamExp IS Low) AND (Length IS Medium),Medium,0.0,0.05,4008.054203997186,200.4027101998593,6564.61923970223,0.6745283018867925,0.8,0.3939393939393939,4277.0
26,all,R8,IF (PointsAjust IS Low) AND (TeamExp IS Low) AND (Length IS High),High,0.0,0.05,7449.487797474689,372.4743898737345,6564.61923970223,0.6745283018867925,0.8,0.3939393939393939,4277.0
26,all,R9,IF (PointsAjust IS Medium) AND (TeamExp IS High) AND (Length IS Low),Low,0.0,0.05,8468.769946928416,423.43849734642083,6564.61923970223,0.6745283018867925,0.8,0.3939393939393939,4277.0
26,all,R10,IF (PointsAjust IS Medium) AND (TeamExp IS High) AND (Length IS Medium),Medium,0.0,0.05,4008.054203997186,200.4027101998593,6564.61923970223,0.6745283018867925,0.8,0.3939393939393939,4277.0
26,all,R11,IF (PointsAjust IS Medium) AND (TeamExp IS High) AND (Length IS High),Medium,0.0,0.05,4008.054203997186,200.4027101998593,6564.61923970223,0.6745283018867925,0.8,0.3939393939393939,4277.0
26,all,R12,IF (PointsAjust IS Medium) AND (TeamExp IS Medium) AND (Length IS Low),Medium,0.0,0.05,4008.054203997186,200.4027101998593,6564.61923970223,0.6745283018867925,0.8,0.3939393939393939,4277.0
26,all,R13,IF (PointsAjust IS Medium) AND (TeamExp IS Medium) AND (Length IS Medium),Medium,0.0,0.05,4008.054203997186,200.4027101998593,6564.61923970223,0.6745283018867925,0.8,0.3939393939393939,4277.0
26,all,R14,IF (PointsAjust IS Medium) AND (TeamExp IS Medium) AND (Length IS High),High,0.0,0.05,7449.487797474689,372.4743898737345,6564.61923970223,0.6745283018867925,0.8,0.3939393939393939,4277.0
26,all,R15,IF (PointsAjust IS Medium) AND (TeamExp IS Low) AND (Length IS Medium),High,0.0,0.05,7449.487797474689,372.4743898737345,6564.61923970223,0.6745283018867925,0.8,0.3939393939393939,4277.0
26,all,R16,IF (PointsAjust IS Medium) AND (TeamExp IS Low) AND (Length IS High),High,0.0,0.05,7449.487797474689,372.4743898737345,6564.61923970223,0.6745283018867925,0.8,0.3939393939393939,4277.0
26,all,R17,IF (PointsAjust IS High) AND (TeamExp IS High) AND (Length IS Medium),Medium,0.0,0.05,4008.054203997186,200.4027101998593,6564.61923970223,0.6745283018867925,0.8,0.3939393939393939,4277.0
26,all,R18,IF (PointsAjust IS High) AND (TeamExp IS Medium) AND (Length IS Medium),High,0.0,0.05,7449.487797474689,372.4743898737345,6564.61923970223,0.6745283018867925,0.8,0.3939393939393939,4277.0
26,all,R19,IF (PointsAjust IS High) AND (TeamExp IS Low) AND (Length IS Medium),High,0.0,0.05,7449.487797474689,372.4743898737345,6564.61923970223,0.6745283018867925,0.8,0.3939393939393939,4277.0
26,all,R20,IF (PointsAjust IS High) AND (TeamExp IS Low) AND (Length IS High),Very_High,0.0,0.05,17223.307062430777,861.1653531215388,6564.61923970223,0.6745283018867925,0.8,0.3939393939393939,4277.0
27,all,R1,IF (PointsAjust IS Low) AND (TeamExp IS High) AND (Length IS Low),Very_Low,0.0,0.0,3896.0792889018403,0.0,3834.4564858504987,0.3160377358490566,1.0,0.4545454545454545,7252.0
27,all,R2,IF (PointsAjust IS Low) AND (TeamExp IS High) AND (Length IS Medium),Low,0.0,0.0,6020.945551241934,0.0,3834.4564858504987,0.3160377358490566,1.0,0.4545454545454545,7252.0
27,all,R3,IF (PointsAjust IS Low) AND (TeamExp IS High) AND (Length IS High),Medium,0.0,0.0,3834.456485850499,0.0,3834.4564858504987,0.3160377358490566,1.0,0.4545454545454545,7252.0
27,all,R4,IF (PointsAjust IS Low) AND (TeamExp IS Medium) AND (Length IS Low),Low,0.0,0.0,6020.945551241934,0.0,3834.4564858504987,0.3160377358490566,1.0,0.4545454545454545,7252.0
27,all,R5,IF (PointsAjust IS Low) AND (TeamExp IS Medium) AND (Length IS Medium),Medium,0.0,0.0,3834.456485850499,0.0,3834.4564858504987,0.3160377358490566,1.0,0.4545454545454545,7252.0
27,all,R6,IF (PointsAjust IS Low) AND (TeamExp IS Medium) AND (Length IS High),Medium,0.0,0.0,3834.456485850499,0.0,3834.4564858504987,0.3160377358490566,1.0,0.4545454545454545,7252.0
27,all,R7,IF (PointsAjust IS Low) AND (TeamExp IS Low) AND (Length IS Medium),Medium,0.0,0.0,3834.456485850499,0.0,3834.4564858504987,0.3160377358490566,1.0,0.4545454545454545,7252.0
27,all,R8,IF (PointsAjust IS Low) AND (TeamExp IS Low) AND (Length IS High),High,0.0,0.0,6693.857598003888,0.0,3834.4564858504987,0.3160377358490566,1.0,0.4545454545454545,7252.0
27,all,R9,IF (PointsAjust IS Medium) AND (TeamExp IS High) AND (Length IS Low),Low,0.0,0.0,6020.945551241934,0.0,3834.4564858504987,0.3160377358490566,1.0,0.4545454545454545,7252.0
27,all,R10,IF (PointsAjust IS Medium) AND (TeamExp IS High) AND (Length IS Medium),Medium,0.0,0.0,3834.456485850499,0.0,3834.4564858504987,0.3160377358490566,1.0,0.4545454545454545,7252.0
27,all,R11,IF (PointsAjust IS Medium) AND (TeamExp IS High) AND (Length IS High),Medium,0.8888888888888892,1.0,3834.456485850499,3834.456485850499,3834.4564858504987,0.3160377358490566,1.0,0.4545454545454545,7252.0
27,all,R12,IF (PointsAjust IS Medium) AND (TeamExp IS Medium) AND (Length IS Low),Medium,0.0,0.0,3834.456485850499,0.0,3834.4564858504987,0.3160377358490566,1.0,0.4545454545454545,7252.0
27,all,R13,IF (PointsAjust IS Medium) AND (TeamExp IS Medium) AND (Length IS Medium),Medium,0.0,0.0,3834.456485850499,0.0,3834.4564858504987,0.3160377358490566,1.0,0.4545454545454545,7252.0
27,all,R14,IF (PointsAjust IS Medium) AND (TeamExp IS Medium) AND (Length IS High),High,0.0,0.0,6693.857598003888,0.0,3834.4564858504987,0.3160377358490566,1.0,0.4545454545454545,7252.0
27,all,R15,IF (PointsAjust IS Medium) AND (TeamExp IS Low) AND (Length IS Medium),High,0.0,0.0,6693.857598003888,0.0,3834.4564858504987,0.3160377358490566,1.0,0.4545454545454545,7252.0
27,all,R16,IF (PointsAjust IS Medium) AND (TeamExp IS Low) AND (Length IS High),High,0.0,0.0,6693.857598003888,0.0,3834.4564858504987,0.3160377358490566,1.0,0.4545454545454545,7252.0
27,all,R17,IF (PointsAjust IS High) AND (TeamExp IS High) AND (Length IS Medium),Medium,0.0,0.0,3834.456485850499,0.0,3834.4564858504987,0.3160377358490566,1.0,0.4545454545454545,7252.0
27,all,R18,IF (PointsAjust IS High) AND (TeamExp IS Medium) AND (Length IS Medium),High,0.0,0.0,6693.857598003888,0.0,3834.4564858504987,0.3160377358490566,1.0,0.4545454545454545,7252.0
27,all,R19,IF (PointsAjust IS High) AND (TeamExp IS Low) AND (Length IS Medium),High,0.0,0.0,6693.857598003888,0.0,3834.4564858504987,0.3160377358490566,1.0,0.4545454545454545,7252.0
27,all,R20,IF (PointsAjust IS High) AND (TeamExp IS Low) AND (Length IS High),Very_High,0.0,0.0,17550.40980637263,0.0,3834.4564858504987,0.3160377358490566,1.0,0.4545454545454545,7252.0
28,all,R1,IF (PointsAjust IS Low) AND (TeamExp IS High) AND (Length IS Low),Very_Low,0.0,0.05,6875.803457385557,343.79017286927785,7244.658206528457,0.6273584905660378,1.0,0.3939393939393939,3948.0
28,all,R2,IF (PointsAjust IS Low) AND (TeamExp IS High) AND (Length IS Medium),Low,0.0,0.05,10048.478795918565,502.4239397959283,7244.658206528457,0.6273584905660378,1.0,0.3939393939393939,3948.0
28,all,R3,IF (PointsAjust IS Low) AND (TeamExp IS High) AND (Length IS High),Medium,0.0,0.05,4574.1925776393,228.70962888196502,7244.658206528457,0.6273584905660378,1.0,0.3939393939393939,3948.0
28,all,R4,IF (PointsAjust IS Low) AND (TeamExp IS Medium) AND (Length IS Low),Low,0.0,0.05,10048.478795918565,502.4239397959283,7244.658206528457,0.6273584905660378,1.0,0.3939393939393939,3948.0
28,all,R5,IF (PointsAjust IS Low) AND (TeamExp IS Medium) AND (Length IS Medium),Medium,0.0,0.05,4574.1925776393,228.70962888196502,7244.658206528457,0.6273584905660378,1.0,0.3939393939393939,3948.0
28,all,R6,IF (PointsAjust IS Low) AND (TeamExp IS Medium) AND (Length IS High),Medium,0.0,0.05,4574.1925776393,228.70962888196502,7244.658206528457,0.6273584905660378,1.0,0.3939393939393939,3948.0
28,all,R7,IF (PointsAjust IS Low) AND (TeamExp IS Low) AND (Length IS Medium),Medium,0.0,0.05,4574.1925776393,228.70962888196502,7244.658206528457,0.6273584905660378,1.0,0.3939393939393939,3948.0
28,all,R8,IF (PointsAjust IS Low) AND (TeamExp IS Low) AND (Length IS High),High,0.0,0.05,7845.993533399704,392.2996766699852,7244.658206528457,0.6273584905660378,1.0,0.3939393939393939,3948.0
28,all,R9,IF (PointsAjust IS Medium) AND (TeamExp IS High) AND (Length IS Low),Low,0.0,0.05,10048.478795918565,502.4239397959283,7244.658206528457,0.6273584905660378,1.0,0.3939393939393939,3948.0
28,all,R10,IF (PointsAjust IS Medium) AND (TeamExp IS High) AND (Length IS Medium),Medium,0.0,0.05,4574.1925776393,228.70962888196502,7244.658206528457,0.6273584905660378,1.0,0.3939393939393939,3948.0
28,all,R11,IF (PointsAjust IS Medium) AND (TeamExp IS High) AND (Length IS High),Medium,0.0,0.05,4574.1925776393,228.70962888196502,7244.658206528457,0.6273584905660378,1.0,0.3939393939393939,3948.0
28,all,R12,IF (PointsAjust IS Medium) AND (TeamExp IS Medium) AND (Length IS Low),Medium,0.0,0.05,4574.1925776393,228.70962888196502,7244.658206528457,0.6273584905660378,1.0,0.3939393939393939,3948.0
28,all,R13,IF (PointsAjust IS Medium) AND (TeamExp IS Medium) AND (Length IS Medium),Medium,0.0,0.05,4574.1925776393,228.70962888196502,7244.658206528457,0.6273584905660378,1.0,0.3939393939393939,3948.0
28,all,R14,IF (PointsAjust IS Medium) AND (TeamExp IS Medium) AND (Length IS High),High,0.0,0.05,7845.993533399704,392.2996766699852,7244.658206528457,0.6273584905660378,1.0,0.3939393939393939,3948.0
28,all,R15,IF (PointsAjust IS Medium) AND (TeamExp IS Low) AND (Length IS Medium),High,0.0,0.05,7845.993533399704,392.2996766699852,7244.658206528457,0.6273584905660378,1.0,0.3939393939393939,3948.0
28,all,R16,IF (PointsAjust IS Medium) AND (TeamExp IS Low) AND (Length IS High),High,0.0,0.05,7845.993533399704,392.2996766699852,7244.658206528457,0.6273584905660378,1.0,0.3939393939393939,3948.0
28,all,R17,IF (PointsAjust IS High) AND (TeamExp IS High) AND (Length IS Medium),Medium,0.0,0.05,4574.1925776393,228.70962888196502,7244.658206528457,0.6273584905660378,1.0,0.3939393939393939,3948.0
28,all,R18,IF (PointsAjust IS High) AND (TeamExp IS Medium) AND (Length IS Medium),High,0.0,0.05,7845.993533399704,392.2996766699852,7244.658206528457,0.6273584905660378,1.0,0.3939393939393939,3948.0
28,all,R19,IF (PointsAjust IS High) AND (TeamExp IS Low) AND (Length IS Medium),High,0.0,0.05,7845.993533399704,392.2996766699852,7244.658206528457,0.6273584905660378,1.0,0.3939393939393939,3948.0
28,all,R20,IF (PointsAjust IS High) AND (TeamExp IS Low) AND (Length IS High),Very_High,0.0,0.05,19628.229886275978,981.4114943137989,7244.658206528457,0.6273584905660378,1.0,0.3939393939393939,3948.0
29,all,R1,IF (PointsAjust IS Low) AND (TeamExp IS High) AND (Length IS Low),Very_Low,0.48453608247422664,0.4289078598763614,2682.4656792928395,1150.5306136972818,4157.9038734381065,0.2012578616352201,1.0,0.1515151515151515,3927.0
29,all,R2,IF (PointsAjust IS Low) AND (TeamExp IS High) AND (Length IS Medium),Low,0.0,0.0,5266.003589350297,0.0,4157.9038734381065,0.2012578616352201,1.0,0.1515151515151515,3927.0
29,all,R3,IF (PointsAjust IS Low) AND (TeamExp IS High) AND (Length IS High),Medium,0.0,0.0,4761.803930845275,0.0,4157.9038734381065,0.2012578616352201,1.0,0.1515151515151515,3927.0
29,all,R4,IF (PointsAjust IS Low) AND (TeamExp IS Medium) AND (Length IS Low),Low,0.0,0.0,5266.003589350297,0.0,4157.9038734381065,0.2012578616352201,1.0,0.1515151515151515,3927.0
29,all,R5,IF (PointsAjust IS Low) AND (TeamExp IS Medium) AND (Length IS Medium),Medium,0.0,0.0,4761.803930845275,0.0,4157.9038734381065,0.2012578616352201,1.0,0.1515151515151515,3927.0
29,all,R6,IF (PointsAjust IS Low) AND (TeamExp IS Medium) AND (Length IS High),Medium,0.0,0.0,4761.803930845275,0.0,4157.9038734381065,0.2012578616352201,1.0,0.1515151515151515,3927.0
29,all,R7,IF (PointsAjust IS Low) AND (TeamExp IS Low) AND (Length IS Medium),Medium,0.0,0.0,4761.803930845275,0.0,4157.9038734381065,0.2012578616352201,1.0,0.1515151515151515,3927.0
29,all,R8,IF (PointsAjust IS Low) AND (TeamExp IS Low) AND (Length IS High),High,0.0,0.0,5298.759246692773,0.0,4157.9038734381065,0.2012578616352201,1.0,0.1515151515151515,3927.0
29,all,R9,IF (PointsAjust IS Medium) AND (TeamExp IS High) AND (Length IS Low),Low,0.6451612903225808,0.5710921401236387,5266.003589350297,3007.3732597408243,4157.9038734381065,0.2012578616352201,1.0,0.1515151515151515,3927.0
29,all,R10,IF (PointsAjust IS Medium) AND (TeamExp IS High) AND (Length IS Medium),Medium,0.0,0.0,4761.803930845275,0.0,4157.9038734381065,0.2012578616352201,1.0,0.1515151515151515,3927.0
29,all,R11,IF (PointsAjust IS Medium) AND (TeamExp IS High) AND (Length IS High),Medium,0.0,0.0,4761.803930845275,0.0,4157.9038734381065,0.2012578616352201,1.0,0.1515151515151515,3927.0
29,all,R12,IF (PointsAjust IS Medium) AND (TeamExp IS Medium) AND (Length IS Low),Medium,0.0,0.0,4761.803930845275,0.0,4157.9038734381065,0.2012578616352201,1.0,0.1515151515151515,3927.0
29,all,R13,IF (PointsAjust IS Medium) AND (TeamExp IS Medium) AND (Length IS Medium),Medium,0.0,0.0,4761.803930845275,0.0,4157.9038734381065,0.2012578616352201,1.0,0.1515151515151515,3927.0
29,all,R14,IF (PointsAjust IS Medium) AND (TeamExp IS Medium) AND (Length IS High),High,0.0,0.0,5298.759246692773,0.0,4157.9038734381065,0.2012578616352201,1.0,0.1515151515151515,3927.0
29,all,R15,IF (PointsAjust IS Medium) AND (TeamExp IS Low) AND (Length IS Medium),High,0.0,0.0,5298.759246692773,0.0,4157.9038734381065,0.2012578616352201,1.0,0.1515151515151515,3927.0
29,all,R16,IF (PointsAjust IS Medium) AND (TeamExp IS Low) AND (Length IS High),High,0.0,0.0,5298.759246692773,0.0,4157.9038734381065,0.2012578616352201,1.0,0.1515151515151515,3927.0
29,all,R17,IF (PointsAjust IS High) AND (TeamExp IS High) AND (Length IS Medium),Medium,0.0,0.0,4761.803930845275,0.0,4157.9038734381065,0.2012578616352201,1.0,0.1515151515151515,3927.0
29,all,R18,IF (PointsAjust IS High) AND (TeamExp IS Medium) AND (Length IS Medium),High,0.0,0.0,5298.759246692773,0.0,4157.9038734381065,0.2012578616352201,1.0,0.1515151515151515,3927.0
29,all,R19,IF (PointsAjust IS High) AND (TeamExp IS Low) AND (Length IS Medium),High,0.0,0.0,5298.759246692773,0.0,4157.9038734381065,0.2012578616352201,1.0,0.1515151515151515,3927.0
29,all,R20,IF (PointsAjust IS High) AND (TeamExp IS Low) AND (Length IS High),Very_High,0.0,0.0,18802.027883668507,0.0,4157.9038734381065,0.2012578616352201,1.0,0.1515151515151515,3927.0
30,all,R1,IF (PointsAjust IS Low) AND (TeamExp IS High) AND (Length IS Low),Very_Low,0.0,0.0,4069.6336373583276,0.0,2837.021420560648,0.1666666666666666,0.4,0.2424242424242424,710.0
30,all,R2,IF (PointsAjust IS Low) AND (TeamExp IS High) AND (Length IS Medium),Low,0.0,0.0,-1878.36213387702,-0.0,2837.021420560648,0.1666666666666666,0.4,0.2424242424242424,710.0
30,all,R3,IF (PointsAjust IS Low) AND (TeamExp IS High) AND (Length IS High),Medium,0.0,0.0,2436.095685952203,0.0,2837.021420560648,0.1666666666666666,0.4,0.2424242424242424,710.0
30,all,R4,IF (PointsAjust IS Low) AND (TeamExp IS Medium) AND (Length IS Low),Low,0.0,0.0,-1878.36213387702,-0.0,2837.021420560648,0.1666666666666666,0.4,0.2424242424242424,710.0
30,all,R5,IF (PointsAjust IS Low) AND (TeamExp IS Medium) AND (Length IS Medium),Medium,0.0,0.0,2436.095685952203,0.0,2837.021420560648,0.1666666666666666,0.4,0.2424242424242424,710.0
30,all,R6,IF (PointsAjust IS Low) AND (TeamExp IS Medium) AND (Length IS High),Medium,0.0,0.0,2436.095685952203,0.0,2837.021420560648,0.1666666666666666,0.4,0.2424242424242424,710.0
30,all,R7,IF (PointsAjust IS Low) AND (TeamExp IS Low) AND (Length IS Medium),Medium,0.711340206185567,0.6631735598685435,2436.095685952203,1615.554248233324,2837.021420560648,0.1666666666666666,0.4,0.2424242424242424,710.0
30,all,R8,IF (PointsAjust IS Low) AND (TeamExp IS Low) AND (Length IS High),High,0.0,0.0,3626.3993166647206,0.0,2837.021420560648,0.1666666666666666,0.4,0.2424242424242424,710.0
30,all,R9,IF (PointsAjust IS Medium) AND (TeamExp IS High) AND (Length IS Low),Low,0.0,0.0,-1878.36213387702,-0.0,2837.021420560648,0.1666666666666666,0.4,0.2424242424242424,710.0
30,all,R10,IF (PointsAjust IS Medium) AND (TeamExp IS High) AND (Length IS Medium),Medium,0.0,0.0,2436.095685952203,0.0,2837.021420560648,0.1666666666666666,0.4,0.2424242424242424,710.0
30,all,R11,IF (PointsAjust IS Medium) AND (TeamExp IS High) AND (Length IS High),Medium,0.0,0.0,2436.095685952203,0.0,2837.021420560648,0.1666666666666666,0.4,0.2424242424242424,710.0
30,all,R12,IF (PointsAjust IS Medium) AND (TeamExp IS Medium) AND (Length IS Low),Medium,0.0,0.0,2436.095685952203,0.0,2837.021420560648,0.1666666666666666,0.4,0.2424242424242424,710.0
30,all,R13,IF (PointsAjust IS Medium) AND (TeamExp IS Medium) AND (Length IS Medium),Medium,0.0,0.0,2436.095685952203,0.0,2837.021420560648,0.1666666666666666,0.4,0.2424242424242424,710.0
30,all,R14,IF (PointsAjust IS Medium) AND (TeamExp IS Medium) AND (Length IS High),High,0.0,0.0,3626.3993166647206,0.0,2837.021420560648,0.1666666666666666,0.4,0.2424242424242424,710.0
30,all,R15,IF (PointsAjust IS Medium) AND (TeamExp IS Low) AND (Length IS Medium),High,0.3612903225806451,0.3368264401314565,3626.3993166647206,1221.4671723273243,2837.021420560648,0.1666666666666666,0.4,0.2424242424242424,710.0
30,all,R16,IF (PointsAjust IS Medium) AND (TeamExp IS Low) AND (Length IS High),High,0.0,0.0,3626.3993166647206,0.0,2837.021420560648,0.1666666666666666,0.4,0.2424242424242424,710.0
30,all,R17,IF (PointsAjust IS High) AND (TeamExp IS High) AND (Length IS Medium),Medium,0.0,0.0,2436.095685952203,0.0,2837.021420560648,0.1666666666666666,0.4,0.2424242424242424,710.0
30,all,R18,IF (PointsAjust IS High) AND (TeamExp IS Medium) AND (Length IS Medium),High,0.0,0.0,3626.3993166647206,0.0,2837.021420560648,0.1666666666666666,0.4,0.2424242424242424,710.0
30,all,R19,IF (PointsAjust IS High) AND (TeamExp IS Low) AND (Length IS Medium),High,0.0,0.0,3626.3993166647206,0.0,2837.021420560648,0.1666666666666666,0.4,0.2424242424242424,710.0
30,all,R20,IF (PointsAjust IS High) AND (TeamExp IS Low) AND (Length IS High),Very_High,0.0,0.0,10060.777861996467,0.0,2837.021420560648,0.1666666666666666,0.4,0.2424242424242424,710.0
31,all,R1,IF (PointsAjust IS Low) AND (TeamExp IS High) AND (Length IS Low),Very_Low,0.0,0.0,3881.718264815916,0.0,4627.250166837531,0.3223270440251572,1.0,0.2424242424242424,2429.0
31,all,R2,IF (PointsAjust IS Low) AND (TeamExp IS High) AND (Length IS Medium),Low,0.0,0.0,6575.442632300328,0.0,4627.250166837531,0.3223270440251572,1.0,0.2424242424242424,2429.0
31,all,R3,IF (PointsAjust IS Low) AND (TeamExp IS High) AND (Length IS High),Medium,0.0,0.0,4627.250166837532,0.0,4627.250166837531,0.3223270440251572,1.0,0.2424242424242424,2429.0
31,all,R4,IF (PointsAjust IS Low) AND (TeamExp IS Medium) AND (Length IS Low),Low,0.0,0.0,6575.442632300328,0.0,4627.250166837531,0.3223270440251572,1.0,0.2424242424242424,2429.0
31,all,R5,IF (PointsAjust IS Low) AND (TeamExp IS Medium) AND (Length IS Medium),Medium,0.0,0.0,4627.250166837532,0.0,4627.250166837531,0.3223270440251572,1.0,0.2424242424242424,2429.0
31,all,R6,IF (PointsAjust IS Low) AND (TeamExp IS Medium) AND (Length IS High),Medium,0.0,0.0,4627.250166837532,0.0,4627.250166837531,0.3223270440251572,1.0,0.2424242424242424,2429.0
31,all,R7,IF (PointsAjust IS Low) AND (TeamExp IS Low) AND (Length IS Medium),Medium,0.0,0.0,4627.250166837532,0.0,4627.250166837531,0.3223270440251572,1.0,0.2424242424242424,2429.0
31,all,R8,IF (PointsAjust IS Low) AND (TeamExp IS Low) AND (Length IS High),High,0.0,0.0,6088.204433514884,0.0,4627.250166837531,0.3223270440251572,1.0,0.2424242424242424,2429.0
31,all,R9,IF (PointsAjust IS Medium) AND (TeamExp IS High) AND (Length IS Low),Low,0.0,0.0,6575.442632300328,0.0,4627.250166837531,0.3223270440251572,1.0,0.2424242424242424,2429.0
31,all,R10,IF (PointsAjust IS Medium) AND (TeamExp IS High) AND (Length IS Medium),Medium,0.8205128205128208,0.6808510638297874,4627.250166837532,3150.468198697895,4627.250166837531,0.3223270440251572,1.0,0.2424242424242424,2429.0
31,all,R11,IF (PointsAjust IS Medium) AND (TeamExp IS High) AND (Length IS High),Medium,0.0,0.0,4627.250166837532,0.0,4627.250166837531,0.3223270440251572,1.0,0.2424242424242424,2429.0
31,all,R12,IF (PointsAjust IS Medium) AND (TeamExp IS Medium) AND (Length IS Low),Medium,0.0,0.0,4627.250166837532,0.0,4627.250166837531,0.3223270440251572,1.0,0.2424242424242424,2429.0
31,all,R13,IF (PointsAjust IS Medium) AND (TeamExp IS Medium) AND (Length IS Medium),Medium,0.0,0.0,4627.250166837532,0.0,4627.250166837531,0.3223270440251572,1.0,0.2424242424242424,2429.0
31,all,R14,IF (PointsAjust IS Medium) AND (TeamExp IS Medium) AND (Length IS High),High,0.0,0.0,6088.204433514884,0.0,4627.250166837531,0.3223270440251572,1.0,0.2424242424242424,2429.0
31,all,R15,IF (PointsAjust IS Medium) AND (TeamExp IS Low) AND (Length IS Medium),High,0.0,0.0,6088.204433514884,0.0,4627.250166837531,0.3223270440251572,1.0,0.2424242424242424,2429.0
31,all,R16,IF (PointsAjust IS Medium) AND (TeamExp IS Low) AND (Length IS High),High,0.0,0.0,6088.204433514884,0.0,4627.250166837531,0.3223270440251572,1.0,0.2424242424242424,2429.0
31,all,R17,IF (PointsAjust IS High) AND (TeamExp IS High) AND (Length IS Medium),Medium,0.3846153846153844,0.31914893617021256,4627.250166837532,1476.7819681396368,4627.250166837531,0.3223270440251572,1.0,0.2424242424242424,2429.0
31,all,R18,IF (PointsAjust IS High) AND (TeamExp IS Medium) AND (Length IS Medium),High,0.0,0.0,6088.204433514884,0.0,4627.250166837531,0.3223270440251572,1.0,0.2424242424242424,2429.0
31,all,R19,IF (PointsAjust IS High) AND (TeamExp IS Low) AND (Length IS Medium),High,0.0,0.0,6088.204433514884,0.0,4627.250166837531,0.3223270440251572,1.0,0.2424242424242424,2429.0
31,all,R20,IF (PointsAjust IS High) AND (TeamExp IS Low) AND (Length IS High),Very_High,0.0,0.0,18900.17865610944,0.0,4627.250166837531,0.3223270440251572,1.0,0.2424242424242424,2429.0
32,all,R1,IF (PointsAjust IS Low) AND (TeamExp IS High) AND (Length IS Low),Very_Low,0.0,0.05,5800.188830284655,290.0094415142327,3635.3321579686003,0.35062893081761,0.4,0.1212121212121212,6405.0
32,all,R2,IF (PointsAjust IS Low) AND (TeamExp IS High) AND (Length IS Medium),Low,0.0,0.05,693.1317461708168,34.65658730854084,3635.3321579686003,0.35062893081761,0.4,0.1212121212121212,6405.0
32,all,R3,IF (PointsAjust IS Low) AND (TeamExp IS High) AND (Length IS High),Medium,0.0,0.05,3188.190719114156,159.4095359557078,3635.3321579686003,0.35062893081761,0.4,0.1212121212121212,6405.0
32,all,R4,IF (PointsAjust IS Low) AND (TeamExp IS Medium) AND (Length IS Low),Low,0.0,0.05,693.1317461708168,34.65658730854084,3635.3321579686003,0.35062893081761,0.4,0.1212121212121212,6405.0
32,all,R5,IF (PointsAjust IS Low) AND (TeamExp IS Medium) AND (Length IS Medium),Medium,0.0,0.05,3188.190719114156,159.4095359557078,3635.3321579686003,0.35062893081761,0.4,0.1212121212121212,6405.0
32,all,R6,IF (PointsAjust IS Low) AND (TeamExp IS Medium) AND (Length IS High),Medium,0.0,0.05,3188.190719114156,159.4095359557078,3635.3321579686003,0.35062893081761,0.4,0.1212121212121212,6405.0
32,all,R7,IF (PointsAjust IS Low) AND (TeamExp IS Low) AND (Length IS Medium),Medium,0.0,0.05,3188.190719114156,159.4095359557078,3635.3321579686003,0.35062893081761,0.4,0.1212121212121212,6405.0
32,all,R8,IF (PointsAjust IS Low) AND (TeamExp IS Low) AND (Length IS High),High,0.0,0.05,4052.531893107375,202.62659465536876,3635.3321579686003,0.35062893081761,0.4,0.1212121212121212,6405.0
32,all,R9,IF (PointsAjust IS Medium) AND (TeamExp IS High) AND (Length IS Low),Low,0.0,0.05,693.1317461708168,34.65658730854084,3635.3321579686003,0.35062893081761,0.4,0.1212121212121212,6405.0
32,all,R10,IF (PointsAjust IS Medium) AND (TeamExp IS High) AND (Length IS Medium),Medium,0.0,0.05,3188.190719114156,159.4095359557078,3635.3321579686003,0.35062893081761,0.4,0.1212121212121212,6405.0
32,all,R11,IF (PointsAjust IS Medium) AND (TeamExp IS High) AND (Length IS High),Medium,0.0,0.05,3188.190719114156,159.4095359557078,3635.3321579686003,0.35062893081761,0.4,0.1212121212121212,6405.0
32,all,R12,IF (PointsAjust IS Medium) AND (TeamExp IS Medium) AND (Length IS Low),Medium,0.0,0.05,3188.190719114156,159.4095359557078,3635.3321579686003,0.35062893081761,0.4,0.1212121212121212,6405.0
32,all,R13,IF (PointsAjust IS Medium) AND (TeamExp IS Medium) AND (Length IS Medium),Medium,0.0,0.05,3188.190719114156,159.4095359557078,3635.3321579686003,0.35062893081761,0.4,0.1212121212121212,6405.0
32,all,R14,IF (PointsAjust IS Medium) AND (TeamExp IS Medium) AND (Length IS High),High,0.0,0.05,4052.531893107375,202.62659465536876,3635.3321579686003,0.35062893081761,0.4,0.1212121212121212,6405.0
32,all,R15,IF (PointsAjust IS Medium) AND (TeamExp IS Low) AND (Length IS Medium),High,0.0,0.05,4052.531893107375,202.62659465536876,3635.3321579686003,0.35062893081761,0.4,0.1212121212121212,6405.0
32,all,R16,IF (PointsAjust IS Medium) AND (TeamExp IS Low) AND (Length IS High),High,0.0,0.05,4052.531893107375,202.62659465536876,3635.3321579686003,0.35062893081761,0.4,0.1212121212121212,6405.0
32,all,R17,IF (PointsAjust IS High) AND (TeamExp IS High) AND (Length IS Medium),Medium,0.0,0.05,3188.190719114156,159.4095359557078,3635.3321579686003,0.35062893081761,0.4,0.1212121212121212,6405.0
32,all,R18,IF (PointsAjust IS High) AND (TeamExp IS Medium) AND (Length IS Medium),High,0.0,0.05,4052.531893107375,202.62659465536876,3635.3321579686003,0.35062893081761,0.4,0.1212121212121212,6405.0
32,all,R19,IF (PointsAjust IS High) AND (TeamExp IS Low) AND (Length IS Medium),High,0.0,0.05,4052.531893107375,202.62659465536876,3635.3321579686003,0.35062893081761,0.4,0.1212121212121212,6405.0
32,all,R20,IF (PointsAjust IS High) AND (TeamExp IS Low) AND (Length IS High),Very_High,0.0,0.05,11818.151259903236,590.9075629951618,3635.3321579686003,0.35062893081761,0.4,0.1212121212121212,6405.0
33,all,R1,IF (PointsAjust IS Low) AND (TeamExp IS High) AND (Length IS Low),Very_Low,0.0,0.0,3624.413980688601,0.0,2266.297243906417,0.1855345911949685,0.6,0.0606060606060606,651.0
33,all,R2,IF (PointsAjust IS Low) AND (TeamExp IS High) AND (Length IS Medium),Low,0.0,0.0,934.7275232054089,0.0,2266.297243906417,0.1855345911949685,0.6,0.0606060606060606,651.0
33,all,R3,IF (PointsAjust IS Low) AND (TeamExp IS High) AND (Length IS High),Medium,0.0,0.0,3782.3305534931983,0.0,2266.297243906417,0.1855345911949685,0.6,0.0606060606060606,651.0
33,all,R4,IF (PointsAjust IS Low) AND (TeamExp IS Medium) AND (Length IS Low),Low,0.5876288659793814,0.5323892738776739,934.7275232054089,497.6389073528042,2266.297243906417,0.1855345911949685,0.6,0.0606060606060606,651.0
33,all,R5,IF (PointsAjust IS Low) AND (TeamExp IS Medium) AND (Length IS Medium),Medium,0.0,0.0,3782.3305534931983,0.0,2266.297243906417,0.1855345911949685,0.6,0.0606060606060606,651.0
33,all,R6,IF (PointsAjust IS Low) AND (TeamExp IS Medium) AND (Length IS High),Medium,0.0,0.0,3782.3305534931983,0.0,2266.297243906417,0.1855345911949685,0.6,0.0606060606060606,651.0
33,all,R7,IF (PointsAjust IS Low) AND (TeamExp IS Low) AND (Length IS Medium),Medium,0.0,0.0,3782.3305534931983,0.0,2266.297243906417,0.1855345911949685,0.6,0.0606060606060606,651.0
33,all,R8,IF (PointsAjust IS Low) AND (TeamExp IS Low) AND (Length IS High),High,0.0,0.0,3763.424362430819,0.0,2266.297243906417,0.1855345911949685,0.6,0.0606060606060606,651.0
33,all,R9,IF (PointsAjust IS Medium) AND (TeamExp IS High) AND (Length IS Low),Low,0.0,0.0,934.7275232054089,0.0,2266.297243906417,0.1855345911949685,0.6,0.0606060606060606,651.0
33,all,R10,IF (PointsAjust IS Medium) AND (TeamExp IS High) AND (Length IS Medium),Medium,0.0,0.0,3782.3305534931983,0.0,2266.297243906417,0.1855345911949685,0.6,0.0606060606060606,651.0
33,all,R11,IF (PointsAjust IS Medium) AND (TeamExp IS High) AND (Length IS High),Medium,0.0,0.0,3782.3305534931983,0.0,2266.297243906417,0.1855345911949685,0.6,0.0606060606060606,651.0
33,all,R12,IF (PointsAjust IS Medium) AND (TeamExp IS Medium) AND (Length IS Low),Medium,0.5161290322580646,0.467610726122326,3782.3305534931983,1768.6583365536137,2266.297243906417,0.1855345911949685,0.6,0.0606060606060606,651.0
33,all,R13,IF (PointsAjust IS Medium) AND (TeamExp IS Medium) AND (Length IS Medium),Medium,0.0,0.0,3782.3305534931983,0.0,2266.297243906417,0.1855345911949685,0.6,0.0606060606060606,651.0
33,all,R14,IF (PointsAjust IS Medium) AND (TeamExp IS Medium) AND (Length IS High),High,0.0,0.0,3763.424362430819,0.0,2266.297243906417,0.1855345911949685,0.6,0.0606060606060606,651.0
33,all,R15,IF (PointsAjust IS Medium) AND (TeamExp IS Low) AND (Length IS Medium),High,0.0,0.0,3763.424362430819,0.0,2266.297243906417,0.1855345911949685,0.6,0.0606060606060606,651.0
33,all,R16,IF (PointsAjust IS Medium) AND (TeamExp IS Low) AND (Length IS High),High,0.0,0.0,3763.424362430819,0.0,2266.297243906417,0.1855345911949685,0.6,0.0606060606060606,651.0
33,all,R17,IF (PointsAjust IS High) AND (TeamExp IS High) AND (Length IS Medium),Medium,0.0,0.0,3782.3305534931983,0.0,2266.297243906417,0.1855345911949685,0.6,0.0606060606060606,651.0
33,all,R18,IF (PointsAjust IS High) AND (TeamExp IS Medium) AND (Length IS Medium),High,0.0,0.0,3763.424362430819,0.0,2266.297243906417,0.1855345911949685,0.6,0.0606060606060606,651.0
33,all,R19,IF (PointsAjust IS High) AND (TeamExp IS Low) AND (Length IS Medium),High,0.0,0.0,3763.424362430819,0.0,2266.297243906417,0.1855345911949685,0.6,0.0606060606060606,651.0
33,all,R20,IF (PointsAjust IS High) AND (TeamExp IS Low) AND (Length IS High),Very_High,0.0,0.0,13954.20303104003,0.0,2266.297243906417,0.1855345911949685,0.6,0.0606060606060606,651.0
34,all,R1,IF (PointsAjust IS Low) AND (TeamExp IS High) AND (Length IS Low),Very_Low,0.0,0.0,8156.870153772594,0.0,10826.808297101075,0.5817610062893082,0.4,0.4848484848484848,9135.0
34,all,R2,IF (PointsAjust IS Low) AND (TeamExp IS High) AND (Length IS Medium),Low,0.0,0.0,2766.5323979058085,0.0,10826.808297101075,0.5817610062893082,0.4,0.4848484848484848,9135.0
34,all,R3,IF (PointsAjust IS Low) AND (TeamExp IS High) AND (Length IS High),Medium,0.0,0.0,2230.234726821821,0.0,10826.808297101075,0.5817610062893082,0.4,0.4848484848484848,9135.0
34,all,R4,IF (PointsAjust IS Low) AND (TeamExp IS Medium) AND (Length IS Low),Low,0.0,0.0,2766.5323979058085,0.0,10826.808297101075,0.5817610062893082,0.4,0.4848484848484848,9135.0
34,all,R5,IF (PointsAjust IS Low) AND (TeamExp IS Medium) AND (Length IS Medium),Medium,0.0,0.0,2230.234726821821,0.0,10826.808297101075,0.5817610062893082,0.4,0.4848484848484848,9135.0
34,all,R6,IF (PointsAjust IS Low) AND (TeamExp IS Medium) AND (Length IS High),Medium,0.0,0.0,2230.234726821821,0.0,10826.808297101075,0.5817610062893082,0.4,0.4848484848484848,9135.0
34,all,R7,IF (PointsAjust IS Low) AND (TeamExp IS Low) AND (Length IS Medium),Medium,0.0,0.0,2230.234726821821,0.0,10826.808297101075,0.5817610062893082,0.4,0.4848484848484848,9135.0
34,all,R8,IF (PointsAjust IS Low) AND (TeamExp IS Low) AND (Length IS High),High,0.0,0.0,6126.511828961462,0.0,10826.808297101075,0.5817610062893082,0.4,0.4848484848484848,9135.0
34,all,R9,IF (PointsAjust IS Medium) AND (TeamExp IS High) AND (Length IS Low),Low,0.0,0.0,2766.5323979058085,0.0,10826.808297101075,0.5817610062893082,0.4,0.4848484848484848,9135.0
34,all,R10,IF (PointsAjust IS Medium) AND (TeamExp IS High) AND (Length IS Medium),Medium,0.0,0.0,2230.234726821821,0.0,10826.808297101075,0.5817610062893082,0.4,0.4848484848484848,9135.0
34,all,R11,IF (PointsAjust IS Medium) AND (TeamExp IS High) AND (Length IS High),Medium,0.0,0.0,2230.234726821821,0.0,10826.808297101075,0.5817610062893082,0.4,0.4848484848484848,9135.0
34,all,R12,IF (PointsAjust IS Medium) AND (TeamExp IS Medium) AND (Length IS Low),Medium,0.0,0.0,2230.234726821821,0.0,10826.808297101075,0.5817610062893082,0.4,0.4848484848484848,9135.0
34,all,R13,IF (PointsAjust IS Medium) AND (TeamExp IS Medium) AND (Length IS Medium),Medium,0.0,0.0,2230.234726821821,0.0,10826.808297101075,0.5817610062893082,0.4,0.4848484848484848,9135.0
34,all,R14,IF (PointsAjust IS Medium) AND (TeamExp IS Medium) AND (Length IS High),High,0.0,0.0,6126.511828961462,0.0,10826.808297101075,0.5817610062893082,0.4,0.4848484848484848,9135.0
34,all,R15,IF (PointsAjust IS Medium) AND (TeamExp IS Low) AND (Length IS Medium),High,0.0,0.0,6126.511828961462,0.0,10826.808297101075,0.5817610062893082,0.4,0.4848484848484848,9135.0
34,all,R16,IF (PointsAjust IS Medium) AND (TeamExp IS Low) AND (Length IS High),High,0.0,0.0,6126.511828961462,0.0,10826.808297101075,0.5817610062893082,0.4,0.4848484848484848,9135.0
34,all,R17,IF (PointsAjust IS High) AND (TeamExp IS High) AND (Length IS Medium),Medium,0.0,0.0,2230.234726821821,0.0,10826.808297101075,0.5817610062893082,0.4,0.4848484848484848,9135.0
34,all,R18,IF (PointsAjust IS High) AND (TeamExp IS Medium) AND (Length IS Medium),High,0.0,0.0,6126.511828961462,0.0,10826.808297101075,0.5817610062893082,0.4,0.4848484848484848,9135.0
34,all,R19,IF (PointsAjust IS High) AND (TeamExp IS Low) AND (Length IS Medium),High,0.0,0.0,6126.511828961462,0.0,10826.808297101075,0.5817610062893082,0.4,0.4848484848484848,9135.0
34,all,R20,IF (PointsAjust IS High) AND (TeamExp IS Low) AND (Length IS High),Very_High,1.0,1.0,10826.808297101074,10826.808297101074,10826.808297101075,0.5817610062893082,0.4,0.4848484848484848,9135.0
35,all,R1,IF (PointsAjust IS Low) AND (TeamExp IS High) AND (Length IS Low),Very_Low,0.0,0.0,6302.0194490891645,0.0,5637.4904432779,0.4544025157232704,0.6,0.303030303030303,1435.0
35,all,R2,IF (PointsAjust IS Low) AND (TeamExp IS High) AND (Length IS Medium),Low,0.0,0.0,3751.764518553093,0.0,5637.4904432779,0.4544025157232704,0.6,0.303030303030303,1435.0
35,all,R3,IF (PointsAjust IS Low) AND (TeamExp IS High) AND (Length IS High),Medium,0.0,0.0,3334.0105442242666,0.0,5637.4904432779,0.4544025157232704,0.6,0.303030303030303,1435.0
35,all,R4,IF (PointsAjust IS Low) AND (TeamExp IS Medium) AND (Length IS Low),Low,0.0,0.0,3751.764518553093,0.0,5637.4904432779,0.4544025157232704,0.6,0.303030303030303,1435.0
35,all,R5,IF (PointsAjust IS Low) AND (TeamExp IS Medium) AND (Length IS Medium),Medium,0.0,0.0,3334.0105442242666,0.0,5637.4904432779,0.4544025157232704,0.6,0.303030303030303,1435.0
35,all,R6,IF (PointsAjust IS Low) AND (TeamExp IS Medium) AND (Length IS High),Medium,0.0,0.0,3334.0105442242666,0.0,5637.4904432779,0.4544025157232704,0.6,0.303030303030303,1435.0
35,all,R7,IF (PointsAjust IS Low) AND (TeamExp IS Low) AND (Length IS Medium),Medium,0.0,0.0,3334.0105442242666,0.0,5637.4904432779,0.4544025157232704,0.6,0.303030303030303,1435.0
35,all,R8,IF (PointsAjust IS Low) AND (TeamExp IS Low) AND (Length IS High),High,0.0,0.0,5637.4904432779,0.0,5637.4904432779,0.4544025157232704,0.6,0.303030303030303,1435.0
35,all,R9,IF (PointsAjust IS Medium) AND (TeamExp IS High) AND (Length IS Low),Low,0.0,0.0,3751.764518553093,0.0,5637.4904432779,0.4544025157232704,0.6,0.303030303030303,1435.0
35,all,R10,IF (PointsAjust IS Medium) AND (TeamExp IS High) AND (Length IS Medium),Medium,0.0,0.0,3334.0105442242666,0.0,5637.4904432779,0.4544025157232704,0.6,0.303030303030303,1435.0
35,all,R11,IF (PointsAjust IS Medium) AND (TeamExp IS High) AND (Length IS High),Medium,0.0,0.0,3334.0105442242666,0.0,5637.4904432779,0.4544025157232704,0.6,0.303030303030303,1435.0
35,all,R12,IF (PointsAjust IS Medium) AND (TeamExp IS Medium) AND (Length IS Low),Medium,0.0,0.0,3334.0105442242666,0.0,5637.4904432779,0.4544025157232704,0.6,0.303030303030303,1435.0
35,all,R13,IF (PointsAjust IS Medium) AND (TeamExp IS Medium) AND (Length IS Medium),Medium,0.0,0.0,3334.0105442242666,0.0,5637.4904432779,0.4544025157232704,0.6,0.303030303030303,1435.0
35,all,R14,IF (PointsAjust IS Medium) AND (TeamExp IS Medium) AND (Length IS High),High,0.0,0.0,5637.4904432779,0.0,5637.4904432779,0.4544025157232704,0.6,0.303030303030303,1435.0
35,all,R15,IF (PointsAjust IS Medium) AND (TeamExp IS Low) AND (Length IS Medium),High,0.0,0.0,5637.4904432779,0.0,5637.4904432779,0.4544025157232704,0.6,0.303030303030303,1435.0
35,all,R16,IF (PointsAjust IS Medium) AND (TeamExp IS Low) AND (Length IS High),High,0.0,0.0,5637.4904432779,0.0,5637.4904432779,0.4544025157232704,0.6,0.303030303030303,1435.0
35,all,R17,IF (PointsAjust IS High) AND (TeamExp IS High) AND (Length IS Medium),Medium,0.0,0.0,3334.0105442242666,0.0,5637.4904432779,0.4544025157232704,0.6,0.303030303030303,1435.0
35,all,R18,IF (PointsAjust IS High) AND (TeamExp IS Medium) AND (Length IS Medium),High,0.6153846153846156,1.0,5637.4904432779,5637.4904432779,5637.4904432779,0.4544025157232704,0.6,0.303030303030303,1435.0
35,all,R19,IF (PointsAjust IS High) AND (TeamExp IS Low) AND (Length IS Medium),High,0.0,0.0,5637.4904432779,0.0,5637.4904432779,0.4544025157232704,0.6,0.303030303030303,1435.0
35,all,R20,IF (PointsAjust IS High) AND (TeamExp IS Low) AND (Length IS High),Very_High,0.0,0.0,13920.811212177996,0.0,5637.4904432779,0.4544025157232704,0.6,0.303030303030303,1435.0
36,all,R1,IF (PointsAjust IS Low) AND (TeamExp IS High) AND (Length IS Low),Very_Low,0.0,0.0,8094.787009038983,0.0,3631.6013204463475,0.4685534591194968,0.0,0.2121212121212121,5922.0
36,all,R2,IF (PointsAjust IS Low) AND (TeamExp IS High) AND (Length IS Medium),Low,0.0,0.0,-2375.4185998162075,-0.0,3631.6013204463475,0.4685534591194968,0.0,0.2121212121212121,5922.0
36,all,R3,IF (PointsAjust IS Low) AND (TeamExp IS High) AND (Length IS High),Medium,0.0,0.0,1759.720841063152,0.0,3631.6013204463475,0.4685534591194968,0.0,0.2121212121212121,5922.0
36,all,R4,IF (PointsAjust IS Low) AND (TeamExp IS Medium) AND (Length IS Low),Low,0.0,0.0,-2375.4185998162075,-0.0,3631.6013204463475,0.4685534591194968,0.0,0.2121212121212121,5922.0
36,all,R5,IF (PointsAjust IS Low) AND (TeamExp IS Medium) AND (Length IS Medium),Medium,0.0,0.0,1759.720841063152,0.0,3631.6013204463475,0.4685534591194968,0.0,0.2121212121212121,5922.0
36,all,R6,IF (PointsAjust IS Low) AND (TeamExp IS Medium) AND (Length IS High),Medium,0.0,0.0,1759.720841063152,0.0,3631.6013204463475,0.4685534591194968,0.0,0.2121212121212121,5922.0
36,all,R7,IF (PointsAjust IS Low) AND (TeamExp IS Low) AND (Length IS Medium),Medium,0.0,0.0,1759.720841063152,0.0,3631.6013204463475,0.4685534591194968,0.0,0.2121212121212121,5922.0
36,all,R8,IF (PointsAjust IS Low) AND (TeamExp IS Low) AND (Length IS High),High,0.0,0.0,3631.6013204463475,0.0,3631.6013204463475,0.4685534591194968,0.0,0.2121212121212121,5922.0
36,all,R9,IF (PointsAjust IS Medium) AND (TeamExp IS High) AND (Length IS Low),Low,0.0,0.0,-2375.4185998162075,-0.0,3631.6013204463475,0.4685534591194968,0.0,0.2121212121212121,5922.0
36,all,R10,IF (PointsAjust IS Medium) AND (TeamExp IS High) AND (Length IS Medium),Medium,0.0,0.0,1759.720841063152,0.0,3631.6013204463475,0.4685534591194968,0.0,0.2121212121212121,5922.0
36,all,R11,IF (PointsAjust IS Medium) AND (TeamExp IS High) AND (Length IS High),Medium,0.0,0.0,1759.720841063152,0.0,3631.6013204463475,0.4685534591194968,0.0,0.2121212121212121,5922.0
36,all,R12,IF (PointsAjust IS Medium) AND (TeamExp IS Medium) AND (Length IS Low),Medium,0.0,0.0,1759.720841063152,0.0,3631.6013204463475,0.4685534591194968,0.0,0.2121212121212121,5922.0
36,all,R13,IF (PointsAjust IS Medium) AND (TeamExp IS Medium) AND (Length IS Medium),Medium,0.0,0.0,1759.720841063152,0.0,3631.6013204463475,0.4685534591194968,0.0,0.2121212121212121,5922.0
36,all,R14,IF (PointsAjust IS Medium) AND (TeamExp IS Medium) AND (Length IS High),High,0.0,0.0,3631.6013204463475,0.0,3631.6013204463475,0.4685534591194968,0.0,0.2121212121212121,5922.0
36,all,R15,IF (PointsAjust IS Medium) AND (TeamExp IS Low) AND (Length IS Medium),High,0.0,0.0,3631.6013204463475,0.0,3631.6013204463475,0.4685534591194968,0.0,0.2121212121212121,5922.0
36,all,R16,IF (PointsAjust IS Medium) AND (TeamExp IS Low) AND (Length IS High),High,0.0,0.0,3631.6013204463475,0.0,3631.6013204463475,0.4685534591194968,0.0,0.2121212121212121,5922.0
36,all,R17,IF (PointsAjust IS High) AND (TeamExp IS High) AND (Length IS Medium),Medium,0.0,0.0,1759.720841063152,0.0,3631.6013204463475,0.4685534591194968,0.0,0.2121212121212121,5922.0
36,all,R18,IF (PointsAjust IS High) AND (TeamExp IS Medium) AND (Length IS Medium),High,0.0,0.0,3631.6013204463475,0.0,3631.6013204463475,0.4685534591194968,0.0,0.2121212121212121,5922.0
36,all,R19,IF (PointsAjust IS High) AND (TeamExp IS Low) AND (Length IS Medium),High,0.888888888888889,1.0,3631.6013204463475,3631.6013204463475,3631.6013204463475,0.4685534591194968,0.0,0.2121212121212121,5922.0
36,all,R20,IF (PointsAjust IS High) AND (TeamExp IS Low) AND (Length IS High),Very_High,0.0,0.0,6573.508215342675,0.0,3631.6013204463475,0.4685534591194968,0.0,0.2121212121212121,5922.0
37,all,R1,IF (PointsAjust IS Low) AND (TeamExp IS High) AND (Length IS Low),Very_Low,0.0,0.05,4197.957002754521,209.8978501377261,2908.0799222268674,0.1855345911949685,0.4,0.0909090909090909,847.0
37,all,R2,IF (PointsAjust IS Low) AND (TeamExp IS High) AND (Length IS Medium),Low,0.0,0.05,-1302.5955823808554,-65.12977911904277,2908.0799222268674,0.1855345911949685,0.4,0.0909090909090909,847.0
37,all,R3,IF (PointsAjust IS Low) AND (TeamExp IS High) AND (Length IS High),Medium,0.0,0.05,3026.213106640125,151.31065533200623,2908.0799222268674,0.1855345911949685,0.4,0.0909090909090909,847.0
37,all,R4,IF (PointsAjust IS Low) AND (TeamExp IS Medium) AND (Length IS Low),Low,0.0,0.05,-1302.5955823808554,-65.12977911904277,2908.0799222268674,0.1855345911949685,0.4,0.0909090909090909,847.0
37,all,R5,IF (PointsAjust IS Low) AND (TeamExp IS Medium) AND (Length IS Medium),Medium,0.0,0.05,3026.213106640125,151.31065533200623,2908.0799222268674,0.1855345911949685,0.4,0.0909090909090909,847.0
37,all,R6,IF (PointsAjust IS Low) AND (TeamExp IS Medium) AND (Length IS High),Medium,0.0,0.05,3026.213106640125,151.31065533200623,2908.0799222268674,0.1855345911949685,0.4,0.0909090909090909,847.0
37,all,R7,IF (PointsAjust IS Low) AND (TeamExp IS Low) AND (Length IS Medium),Medium,0.0,0.05,3026.213106640125,151.31065533200623,2908.0799222268674,0.1855345911949685,0.4,0.0909090909090909,847.0
37,all,R8,IF (PointsAjust IS Low) AND (TeamExp IS Low) AND (Length IS High),High,0.0,0.05,3255.336720851191,162.76683604255956,2908.0799222268674,0.1855345911949685,0.4,0.0909090909090909,847.0
37,all,R9,IF (PointsAjust IS Medium) AND (TeamExp IS High) AND (Length IS Low),Low,0.0,0.05,-1302.5955823808554,-65.12977911904277,2908.0799222268674,0.1855345911949685,0.4,0.0909090909090909,847.0
37,all,R10,IF (PointsAjust IS Medium) AND (TeamExp IS High) AND (Length IS Medium),Medium,0.0,0.05,3026.213106640125,151.31065533200623,2908.0799222268674,0.1855345911949685,0.4,0.0909090909090909,847.0
37,all,R11,IF (PointsAjust IS Medium) AND (TeamExp IS High) AND (Length IS High),Medium,0.0,0.05,3026.213106640125,151.31065533200623,2908.0799222268674,0.1855345911949685,0.4,0.0909090909090909,847.0
37,all,R12,IF (PointsAjust IS Medium) AND (TeamExp IS Medium) AND (Length IS Low),Medium,0.0,0.05,3026.213106640125,151.31065533200623,2908.0799222268674,0.1855345911949685,0.4,0.0909090909090909,847.0
37,all,R13,IF (PointsAjust IS Medium) AND (TeamExp IS Medium) AND (Length IS Medium),Medium,0.0,0.05,3026.213106640125,151.31065533200623,2908.0799222268674,0.1855345911949685,0.4,0.0909090909090909,847.0
37,all,R14,IF (PointsAjust IS Medium) AND (TeamExp IS Medium) AND (Length IS High),High,0.0,0.05,3255.336720851191,162.76683604255956,2908.0799222268674,0.1855345911949685,0.4,0.0909090909090909,847.0
37,all,R15,IF (PointsAjust IS Medium) AND (TeamExp IS Low) AND (Length IS Medium),High,0.0,0.05,3255.336720851191,162.76683604255956,2908.0799222268674,0.1855345911949685,0.4,0.0909090909090909,847.0
37,all,R16,IF (PointsAjust IS Medium) AND (TeamExp IS Low) AND (Length IS High),High,0.0,0.05,3255.336720851191,162.76683604255956,2908.0799222268674,0.1855345911949685,0.4,0.0909090909090909,847.0
37,all,R17,IF (PointsAjust IS High) AND (TeamExp IS High) AND (Length IS Medium),Medium,0.0,0.05,3026.213106640125,151.31065533200623,2908.0799222268674,0.1855345911949685,0.4,0.0909090909090909,847.0
37,all,R18,IF (PointsAjust IS High) AND (TeamExp IS Medium) AND (Length IS Medium),High,0.0,0.05,3255.336720851191,162.76683604255956,2908.0799222268674,0.1855345911949685,0.4,0.0909090909090909,847.0
37,all,R19,IF (PointsAjust IS High) AND (TeamExp IS Low) AND (Length IS Medium),High,0.0,0.05,3255.336720851191,162.76683604255956,2908.0799222268674,0.1855345911949685,0.4,0.0909090909090909,847.0
37,all,R20,IF (PointsAjust IS High) AND (TeamExp IS Low) AND (Length IS High),Very_High,0.0,0.05,11103.489904057116,555.1744952028558,2908.0799222268674,0.1855345911949685,0.4,0.0909090909090909,847.0
38,all,R1,IF (PointsAjust IS Low) AND (TeamExp IS High) AND (Length IS Low),Very_Low,0.0,0.05,8399.813413813983,419.9906706906992,6714.648227680824,0.7248427672955975,0.8,0.4545454545454545,8050.0
38,all,R2,IF (PointsAjust IS Low) AND (TeamExp IS High) AND (Length IS Medium),Low,0.0,0.05,8961.744588059128,448.0872294029564,6714.648227680824,0.7248427672955975,0.8,0.4545454545454545,8050.0
38,all,R3,IF (PointsAjust IS Low) AND (TeamExp IS High) AND (Length IS High),Medium,0.0,0.05,3867.948021153186,193.3974010576593,6714.648227680824,0.7248427672955975,0.8,0.4545454545454545,8050.0
38,all,R4,IF (PointsAjust IS Low) AND (TeamExp IS Medium) AND (Length IS Low),Low,0.0,0.05,8961.744588059128,448.0872294029564,6714.648227680824,0.7248427672955975,0.8,0.4545454545454545,8050.0
38,all,R5,IF (PointsAjust IS Low) AND (TeamExp IS Medium) AND (Length IS Medium),Medium,0.0,0.05,3867.948021153186,193.3974010576593,6714.648227680824,0.7248427672955975,0.8,0.4545454545454545,8050.0
38,all,R6,IF (PointsAjust IS Low) AND (TeamExp IS Medium) AND (Length IS High),Medium,0.0,0.05,3867.948021153186,193.3974010576593,6714.648227680824,0.7248427672955975,0.8,0.4545454545454545,8050.0
38,all,R7,IF (PointsAjust IS Low) AND (TeamExp IS Low) AND (Length IS Medium),Medium,0.0,0.05,3867.948021153186,193.3974010576593,6714.648227680824,0.7248427672955975,0.8,0.4545454545454545,8050.0
38,all,R8,IF (PointsAjust IS Low) AND (TeamExp IS Low) AND (Length IS High),High,0.0,0.05,7845.638735556524,392.2819367778262,6714.648227680824,0.7248427672955975,0.8,0.4545454545454545,8050.0
38,all,R9,IF (PointsAjust IS Medium) AND (TeamExp IS High) AND (Length IS Low),Low,0.0,0.05,8961.744588059128,448.0872294029564,6714.648227680824,0.7248427672955975,0.8,0.4545454545454545,8050.0
38,all,R10,IF (PointsAjust IS Medium) AND (TeamExp IS High) AND (Length IS Medium),Medium,0.0,0.05,3867.948021153186,193.3974010576593,6714.648227680824,0.7248427672955975,0.8,0.4545454545454545,8050.0
38,all,R11,IF (PointsAjust IS Medium) AND (TeamExp IS High) AND (Length IS High),Medium,0.0,0.05,3867.948021153186,193.3974010576593,6714.648227680824,0.7248427672955975,0.8,0.4545454545454545,8050.0
38,all,R12,IF (PointsAjust IS Medium) AND (TeamExp IS Medium) AND (Length IS Low),Medium,0.0,0.05,3867.948021153186,193.3974010576593,6714.648227680824,0.7248427672955975,0.8,0.4545454545454545,8050.0
38,all,R13,IF (PointsAjust IS Medium) AND (TeamExp IS Medium) AND (Length IS Medium),Medium,0.0,0.05,3867.948021153186,193.3974010576593,6714.648227680824,0.7248427672955975,0.8,0.4545454545454545,8050.0
38,all,R14,IF (PointsAjust IS Medium) AND (TeamExp IS Medium) AND (Length IS High),High,0.0,0.05,7845.638735556524,392.2819367778262,6714.648227680824,0.7248427672955975,0.8,0.4545454545454545,8050.0
38,all,R15,IF (PointsAjust IS Medium) AND (TeamExp IS Low) AND (Length IS Medium),High,0.0,0.05,7845.638735556524,392.2819367778262,6714.648227680824,0.7248427672955975,0.8,0.4545454545454545,8050.0
38,all,R16,IF (PointsAjust IS Medium) AND (TeamExp IS Low) AND (Length IS High),High,0.0,0.05,7845.638735556524,392.2819367778262,6714.648227680824,0.7248427672955975,0.8,0.4545454545454545,8050.0
38,all,R17,IF (PointsAjust IS High) AND (TeamExp IS High) AND (Length IS Medium),Medium,0.0,0.05,3867.948021153186,193.3974010576593,6714.648227680824,0.7248427672955975,0.8,0.4545454545454545,8050.0
38,all,R18,IF (PointsAjust IS High) AND (TeamExp IS Medium) AND (Length IS Medium),High,0.0,0.05,7845.638735556524,392.2819367778262,6714.648227680824,0.7248427672955975,0.8,0.4545454545454545,8050.0
38,all,R19,IF (PointsAjust IS High) AND (TeamExp IS Low) AND (Length IS Medium),High,0.0,0.05,7845.638735556524,392.2819367778262,6714.648227680824,0.7248427672955975,0.8,0.4545454545454545,8050.0
38,all,R20,IF (PointsAjust IS High) AND (TeamExp IS Low) AND (Length IS High),Very_High,0.0,0.05,17122.552771907296,856.1276385953648,6714.648227680824,0.7248427672955975,0.8,0.4545454545454545,8050.0
39,all,R1,IF (PointsAjust IS Low) AND (TeamExp IS High) AND (Length IS Low),Very_Low,0.0,0.0,8556.201274047098,0.0,5618.977206009875,0.6320754716981132,0.4,0.2424242424242424,4620.0
39,all,R2,IF (PointsAjust IS Low) AND (TeamExp IS High) AND (Length IS Medium),Low,0.0,0.0,3939.3349713359075,0.0,5618.977206009875,0.6320754716981132,0.4,0.2424242424242424,4620.0
39,all,R3,IF (PointsAjust IS Low) AND (TeamExp IS High) AND (Length IS High),Medium,0.0,0.0,3207.7933078985543,0.0,5618.977206009875,0.6320754716981132,0.4,0.2424242424242424,4620.0
39,all,R4,IF (PointsAjust IS Low) AND (TeamExp IS Medium) AND (Length IS Low),Low,0.0,0.0,3939.3349713359075,0.0,5618.977206009875,0.6320754716981132,0.4,0.2424242424242424,4620.0
39,all,R5,IF (PointsAjust IS Low) AND (TeamExp IS Medium) AND (Length IS Medium),Medium,0.0,0.0,3207.7933078985543,0.0,5618.977206009875,0.6320754716981132,0.4,0.2424242424242424,4620.0
39,all,R6,IF (PointsAjust IS Low) AND (TeamExp IS Medium) AND (Length IS High),Medium,0.0,0.0,3207.7933078985543,0.0,5618.977206009875,0.6320754716981132,0.4,0.2424242424242424,4620.0
39,all,R7,IF (PointsAjust IS Low) AND (TeamExp IS Low) AND (Length IS Medium),Medium,0.0,0.0,3207.7933078985543,0.0,5618.977206009875,0.6320754716981132,0.4,0.2424242424242424,4620.0
39,all,R8,IF (PointsAjust IS Low) AND (TeamExp IS Low) AND (Length IS High),High,0.0,0.0,5618.977206009875,0.0,5618.977206009875,0.6320754716981132,0.4,0.2424242424242424,4620.0
39,all,R9,IF (PointsAjust IS Medium) AND (TeamExp IS High) AND (Length IS Low),Low,0.0,0.0,3939.3349713359075,0.0,5618.977206009875,0.6320754716981132,0.4,0.2424242424242424,4620.0
39,all,R10,IF (PointsAjust IS Medium) AND (TeamExp IS High) AND (Length IS Medium),Medium,0.0,0.0,3207.7933078985543,0.0,5618.977206009875,0.6320754716981132,0.4,0.2424242424242424,4620.0
39,all,R11,IF (PointsAjust IS Medium) AND (TeamExp IS High) AND (Length IS High),Medium,0.0,0.0,3207.7933078985543,0.0,5618.977206009875,0.6320754716981132,0.4,0.2424242424242424,4620.0
39,all,R12,IF (PointsAjust IS Medium) AND (TeamExp IS Medium) AND (Length IS Low),Medium,0.0,0.0,3207.7933078985543,0.0,5618.977206009875,0.6320754716981132,0.4,0.2424242424242424,4620.0
39,all,R13,IF (PointsAjust IS Medium) AND (TeamExp IS Medium) AND (Length IS Medium),Medium,0.0,0.0,3207.7933078985543,0.0,5618.977206009875,0.6320754716981132,0.4,0.2424242424242424,4620.0
39,all,R14,IF (PointsAjust IS Medium) AND (TeamExp IS Medium) AND (Length IS High),High,0.0,0.0,5618.977206009875,0.0,5618.977206009875,0.6320754716981132,0.4,0.2424242424242424,4620.0
39,all,R15,IF (PointsAjust IS Medium) AND (TeamExp IS Low) AND (Length IS Medium),High,0.0,0.0,5618.977206009875,0.0,5618.977206009875,0.6320754716981132,0.4,0.2424242424242424,4620.0
39,all,R16,IF (PointsAjust IS Medium) AND (TeamExp IS Low) AND (Length IS High),High,0.0,0.0,5618.977206009875,0.0,5618.977206009875,0.6320754716981132,0.4,0.2424242424242424,4620.0
39,all,R17,IF (PointsAjust IS High) AND (TeamExp IS High) AND (Length IS Medium),Medium,0.0,0.0,3207.7933078985543,0.0,5618.977206009875,0.6320754716981132,0.4,0.2424242424242424,4620.0
39,all,R18,IF (PointsAjust IS High) AND (TeamExp IS Medium) AND (Length IS Medium),High,0.0,0.0,5618.977206009875,0.0,5618.977206009875,0.6320754716981132,0.4,0.2424242424242424,4620.0
39,all,R19,IF (PointsAjust IS High) AND (TeamExp IS Low) AND (Length IS Medium),High,1.0,1.0,5618.977206009875,5618.977206009875,5618.977206009875,0.6320754716981132,0.4,0.2424242424242424,4620.0
39,all,R20,IF (PointsAjust IS High) AND (TeamExp IS Low) AND (Length IS High),Very_High,0.0,0.0,12605.17557354621,0.0,5618.977206009875,0.6320754716981132,0.4,0.2424242424242424,4620.0
40,all,R1,IF (PointsAjust IS Low) AND (TeamExp IS High) AND (Length IS Low),Very_Low,0.0,0.05,11808.007317848513,590.4003658924256,6336.8926574866855,1.0,0.6,1.0,2352.0
40,all,R2,IF (PointsAjust IS Low) AND (TeamExp IS High) AND (Length IS Medium),Low,0.0,0.05,9008.230867199925,450.4115433599963,6336.8926574866855,1.0,0.6,1.0,2352.0
40,all,R3,IF (PointsAjust IS Low) AND (TeamExp IS High) AND (Length IS High),Medium,0.0,0.05,1668.040623745037,83.40203118725185,6336.8926574866855,1.0,0.6,1.0,2352.0
40,all,R4,IF (PointsAjust IS Low) AND (TeamExp IS Medium) AND (Length IS Low),Low,0.0,0.05,9008.230867199925,450.4115433599963,6336.8926574866855,1.0,0.6,1.0,2352.0
40,all,R5,IF (PointsAjust IS Low) AND (TeamExp IS Medium) AND (Length IS Medium),Medium,0.0,0.05,1668.040623745037,83.40203118725185,6336.8926574866855,1.0,0.6,1.0,2352.0
40,all,R6,IF (PointsAjust IS Low) AND (TeamExp IS Medium) AND (Length IS High),Medium,0.0,0.05,1668.040623745037,83.40203118725185,6336.8926574866855,1.0,0.6,1.0,2352.0
40,all,R7,IF (PointsAjust IS Low) AND (TeamExp IS Low) AND (Length IS Medium),Medium,0.0,0.05,1668.040623745037,83.40203118725185,6336.8926574866855,1.0,0.6,1.0,2352.0
40,all,R8,IF (PointsAjust IS Low) AND (TeamExp IS Low) AND (Length IS High),High,0.0,0.05,10051.860907988454,502.5930453994227,6336.8926574866855,1.0,0.6,1.0,2352.0
40,all,R9,IF (PointsAjust IS Medium) AND (TeamExp IS High) AND (Length IS Low),Low,0.0,0.05,9008.230867199925,450.4115433599963,6336.8926574866855,1.0,0.6,1.0,2352.0
40,all,R10,IF (PointsAjust IS Medium) AND (TeamExp IS High) AND (Length IS Medium),Medium,0.0,0.05,1668.040623745037,83.40203118725185,6336.8926574866855,1.0,0.6,1.0,2352.0
40,all,R11,IF (PointsAjust IS Medium) AND (TeamExp IS High) AND (Length IS High),Medium,0.0,0.05,1668.040623745037,83.40203118725185,6336.8926574866855,1.0,0.6,1.0,2352.0
40,all,R12,IF (PointsAjust IS Medium) AND (TeamExp IS Medium) AND (Length IS Low),Medium,0.0,0.05,1668.040623745037,83.40203118725185,6336.8926574866855,1.0,0.6,1.0,2352.0
40,all,R13,IF (PointsAjust IS Medium) AND (TeamExp IS Medium) AND (Length IS Medium),Medium,0.0,0.05,1668.040623745037,83.40203118725185,6336.8926574866855,1.0,0.6,1.0,2352.0
40,all,R14,IF (PointsAjust IS Medium) AND (TeamExp IS Medium) AND (Length IS High),High,0.0,0.05,10051.860907988454,502.5930453994227,6336.8926574866855,1.0,0.6,1.0,2352.0
40,all,R15,IF (PointsAjust IS Medium) AND (TeamExp IS Low) AND (Length IS Medium),High,0.0,0.05,10051.860907988454,502.5930453994227,6336.8926574866855,1.0,0.6,1.0,2352.0
40,all,R16,IF (PointsAjust IS Medium) AND (TeamExp IS Low) AND (Length IS High),High,0.0,0.05,10051.860907988454,502.5930453994227,6336.8926574866855,1.0,0.6,1.0,2352.0
40,all,R17,IF (PointsAjust IS High) AND (TeamExp IS High) AND (Length IS Medium),Medium,0.0,0.05,1668.040623745037,83.40203118725185,6336.8926574866855,1.0,0.6,1.0,2352.0
40,all,R18,IF (PointsAjust IS High) AND (TeamExp IS Medium) AND (Length IS Medium),High,0.0,0.05,10051.860907988454,502.5930453994227,6336.8926574866855,1.0,0.6,1.0,2352.0
40,all,R19,IF (PointsAjust IS High) AND (TeamExp IS Low) AND (Length IS Medium),High,0.0,0.05,10051.860907988454,502.5930453994227,6336.8926574866855,1.0,0.6,1.0,2352.0
40,all,R20,IF (PointsAjust IS High) AND (TeamExp IS Low) AND (Length IS High),Very_High,0.0,0.05,12581.62216864937,629.0811084324686,6336.8926574866855,1.0,0.6,1.0,2352.0
41,all,R1,IF (PointsAjust IS Low) AND (TeamExp IS High) AND (Length IS Low),Very_Low,0.0,0.0,3140.5925077025663,0.0,2404.9403124788046,0.0691823899371069,0.4,0.2727272727272727,2174.0
41,all,R2,IF (PointsAjust IS Low) AND (TeamExp IS High) AND (Length IS Medium),Low,0.0,0.0,-3164.9166180637203,-0.0,2404.9403124788046,0.0691823899371069,0.4,0.2727272727272727,2174.0
41,all,R3,IF (PointsAjust IS Low) AND (TeamExp IS High) AND (Length IS High),Medium,0.0,0.0,2162.6898428010963,0.0,2404.9403124788046,0.0691823899371069,0.4,0.2727272727272727,2174.0
41,all,R4,IF (PointsAjust IS Low) AND (TeamExp IS Medium) AND (Length IS Low),Low,0.0,0.0,-3164.9166180637203,-0.0,2404.9403124788046,0.0691823899371069,0.4,0.2727272727272727,2174.0
41,all,R5,IF (PointsAjust IS Low) AND (TeamExp IS Medium) AND (Length IS Medium),Medium,0.0,0.0,2162.6898428010963,0.0,2404.9403124788046,0.0691823899371069,0.4,0.2727272727272727,2174.0
41,all,R6,IF (PointsAjust IS Low) AND (TeamExp IS Medium) AND (Length IS High),Medium,0.0,0.0,2162.6898428010963,0.0,2404.9403124788046,0.0691823899371069,0.4,0.2727272727272727,2174.0
41,all,R7,IF (PointsAjust IS Low) AND (TeamExp IS Low) AND (Length IS Medium),Medium,0.9230769230769231,0.7868852459016393,2162.6898428010963,1701.7887287615183,2404.9403124788046,0.0691823899371069,0.4,0.2727272727272727,2174.0
41,all,R8,IF (PointsAjust IS Low) AND (TeamExp IS Low) AND (Length IS High),High,0.25000000000000006,0.2131147540983607,3299.4035851349568,703.151583717286,2404.9403124788046,0.0691823899371069,0.4,0.2727272727272727,2174.0
41,all,R9,IF (PointsAjust IS Medium) AND (TeamExp IS High) AND (Length IS Low),Low,0.0,0.0,-3164.9166180637203,-0.0,2404.9403124788046,0.0691823899371069,0.4,0.2727272727272727,2174.0
41,all,R10,IF (PointsAjust IS Medium) AND (TeamExp IS High) AND (Length IS Medium),Medium,0.0,0.0,2162.6898428010963,0.0,2404.9403124788046,0.0691823899371069,0.4,0.2727272727272727,2174.0
41,all,R11,IF (PointsAjust IS Medium) AND (TeamExp IS High) AND (Length IS High),Medium,0.0,0.0,2162.6898428010963,0.0,2404.9403124788046,0.0691823899371069,0.4,0.2727272727272727,2174.0
41,all,R12,IF (PointsAjust IS Medium) AND (TeamExp IS Medium) AND (Length IS Low),Medium,0.0,0.0,2162.6898428010963,0.0,2404.9403124788046,0.0691823899371069,0.4,0.2727272727272727,2174.0
41,all,R13,IF (PointsAjust IS Medium) AND (TeamExp IS Medium) AND (Length IS Medium),Medium,0.0,0.0,2162.6898428010963,0.0,2404.9403124788046,0.0691823899371069,0.4,0.2727272727272727,2174.0
41,all,R14,IF (PointsAjust IS Medium) AND (TeamExp IS Medium) AND (Length IS High),High,0.0,0.0,3299.4035851349568,0.0,2404.9403124788046,0.0691823899371069,0.4,0.2727272727272727,2174.0
41,all,R15,IF (PointsAjust IS Medium) AND (TeamExp IS Low) AND (Length IS Medium),High,0.0,0.0,3299.4035851349568,0.0,2404.9403124788046,0.0691823899371069,0.4,0.2727272727272727,2174.0
41,all,R16,IF (PointsAjust IS Medium) AND (TeamExp IS Low) AND (Length IS High),High,0.0,0.0,3299.4035851349568,0.0,2404.9403124788046,0.0691823899371069,0.4,0.2727272727272727,2174.0
41,all,R17,IF (PointsAjust IS High) AND (TeamExp IS High) AND (Length IS Medium),Medium,0.0,0.0,2162.6898428010963,0.0,2404.9403124788046,0.0691823899371069,0.4,0.2727272727272727,2174.0
41,all,R18,IF (PointsAjust IS High) AND (TeamExp IS Medium) AND (Length IS Medium),High,0.0,0.0,3299.4035851349568,0.0,2404.9403124788046,0.0691823899371069,0.4,0.2727272727272727,2174.0
41,all,R19,IF (PointsAjust IS High) AND (TeamExp IS Low) AND (Length IS Medium),High,0.0,0.0,3299.4035851349568,0.0,2404.9403124788046,0.0691823899371069,0.4,0.2727272727272727,2174.0
41,all,R20,IF (PointsAjust IS High) AND (TeamExp IS Low) AND (Length IS High),Very_High,0.0,0.0,9339.917535988512,0.0,2404.9403124788046,0.0691823899371069,0.4,0.2727272727272727,2174.0
42,all,R1,IF (PointsAjust IS Low) AND (TeamExp IS High) AND (Length IS Low),Very_Low,0.0,0.0,5725.244872395151,0.0,5980.608007481563,0.3867924528301887,0.6,0.5151515151515151,6699.0
42,all,R2,IF (PointsAjust IS Low) AND (TeamExp IS High) AND (Length IS Medium),Low,0.0,0.0,2430.746535118671,0.0,5980.608007481563,0.3867924528301887,0.6,0.5151515151515151,6699.0
42,all,R3,IF (PointsAjust IS Low) AND (TeamExp IS High) AND (Length IS High),Medium,0.0,0.0,2439.540487372681,0.0,5980.608007481563,0.3867924528301887,0.6,0.5151515151515151,6699.0
42,all,R4,IF (PointsAjust IS Low) AND (TeamExp IS Medium) AND (Length IS Low),Low,0.0,0.0,2430.746535118671,0.0,5980.608007481563,0.3867924528301887,0.6,0.5151515151515151,6699.0
42,all,R5,IF (PointsAjust IS Low) AND (TeamExp IS Medium) AND (Length IS Medium),Medium,0.0,0.0,2439.540487372681,0.0,5980.608007481563,0.3867924528301887,0.6,0.5151515151515151,6699.0
42,all,R6,IF (PointsAjust IS Low) AND (TeamExp IS Medium) AND (Length IS High),Medium,0.0,0.0,2439.540487372681,0.0,5980.608007481563,0.3867924528301887,0.6,0.5151515151515151,6699.0
42,all,R7,IF (PointsAjust IS Low) AND (TeamExp IS Low) AND (Length IS Medium),Medium,0.0,0.0,2439.540487372681,0.0,5980.608007481563,0.3867924528301887,0.6,0.5151515151515151,6699.0
42,all,R8,IF (PointsAjust IS Low) AND (TeamExp IS Low) AND (Length IS High),High,0.0,0.0,5980.608007481562,0.0,5980.608007481563,0.3867924528301887,0.6,0.5151515151515151,6699.0
42,all,R9,IF (PointsAjust IS Medium) AND (TeamExp IS High) AND (Length IS Low),Low,0.0,0.0,2430.746535118671,0.0,5980.608007481563,0.3867924528301887,0.6,0.5151515151515151,6699.0
42,all,R10,IF (PointsAjust IS Medium) AND (TeamExp IS High) AND (Length IS Medium),Medium,0.0,0.0,2439.540487372681,0.0,5980.608007481563,0.3867924528301887,0.6,0.5151515151515151,6699.0
42,all,R11,IF (PointsAjust IS Medium) AND (TeamExp IS High) AND (Length IS High),Medium,0.0,0.0,2439.540487372681,0.0,5980.608007481563,0.3867924528301887,0.6,0.5151515151515151,6699.0
42,all,R12,IF (PointsAjust IS Medium) AND (TeamExp IS Medium) AND (Length IS Low),Medium,0.0,0.0,2439.540487372681,0.0,5980.608007481563,0.3867924528301887,0.6,0.5151515151515151,6699.0
42,all,R13,IF (PointsAjust IS Medium) AND (TeamExp IS Medium) AND (Length IS Medium),Medium,0.0,0.0,2439.540487372681,0.0,5980.608007481563,0.3867924528301887,0.6,0.5151515151515151,6699.0
42,all,R14,IF (PointsAjust IS Medium) AND (TeamExp IS Medium) AND (Length IS High),High,0.11965811965811962,1.0,5980.608007481562,5980.608007481562,5980.608007481563,0.3867924528301887,0.6,0.5151515151515151,6699.0
42,all,R15,IF (PointsAjust IS Medium) AND (TeamExp IS Low) AND (Length IS Medium),High,0.0,0.0,5980.608007481562,0.0,5980.608007481563,0.3867924528301887,0.6,0.5151515151515151,6699.0
42,all,R16,IF (PointsAjust IS Medium) AND (TeamExp IS Low) AND (Length IS High),High,0.0,0.0,5980.608007481562,0.0,5980.608007481563,0.3867924528301887,0.6,0.5151515151515151,6699.0
42,all,R17,IF (PointsAjust IS High) AND (TeamExp IS High) AND (Length IS Medium),Medium,0.0,0.0,2439.540487372681,0.0,5980.608007481563,0.3867924528301887,0.6,0.5151515151515151,6699.0
42,all,R18,IF (PointsAjust IS High) AND (TeamExp IS Medium) AND (Length IS Medium),High,0.0,0.0,5980.608007481562,0.0,5980.608007481563,0.3867924528301887,0.6,0.5151515151515151,6699.0
42,all,R19,IF (PointsAjust IS High) AND (TeamExp IS Low) AND (Length IS Medium),High,0.0,0.0,5980.608007481562,0.0,5980.608007481563,0.3867924528301887,0.6,0.5151515151515151,6699.0
42,all,R20,IF (PointsAjust IS High) AND (TeamExp IS Low) AND (Length IS High),Very_High,0.0,0.0,12235.800772068076,0.0,5980.608007481563,0.3867924528301887,0.6,0.5151515151515151,6699.0
43,all,R1,IF (PointsAjust IS Low) AND (TeamExp IS High) AND (Length IS Low),Very_Low,0.0,0.0,4613.288103721052,0.0,3341.2763816458055,0.2814465408805031,0.6,0.2424242424242424,4004.0
43,all,R2,IF (PointsAjust IS Low) AND (TeamExp IS High) AND (Length IS Medium),Low,0.0,0.0,1725.7480726703288,0.0,3341.2763816458055,0.2814465408805031,0.6,0.2424242424242424,4004.0
43,all,R3,IF (PointsAjust IS Low) AND (TeamExp IS High) AND (Length IS High),Medium,0.0,0.0,3270.7639753391613,0.0,3341.2763816458055,0.2814465408805031,0.6,0.2424242424242424,4004.0
43,all,R4,IF (PointsAjust IS Low) AND (TeamExp IS Medium) AND (Length IS Low),Low,0.0,0.0,1725.7480726703288,0.0,3341.2763816458055,0.2814465408805031,0.6,0.2424242424242424,4004.0
43,all,R5,IF (PointsAjust IS Low) AND (TeamExp IS Medium) AND (Length IS Medium),Medium,0.0,0.0,3270.7639753391613,0.0,3341.2763816458055,0.2814465408805031,0.6,0.2424242424242424,4004.0
43,all,R6,IF (PointsAjust IS Low) AND (TeamExp IS Medium) AND (Length IS High),Medium,0.0,0.0,3270.7639753391613,0.0,3341.2763816458055,0.2814465408805031,0.6,0.2424242424242424,4004.0
43,all,R7,IF (PointsAjust IS Low) AND (TeamExp IS Low) AND (Length IS Medium),Medium,0.0,0.0,3270.7639753391613,0.0,3341.2763816458055,0.2814465408805031,0.6,0.2424242424242424,4004.0
43,all,R8,IF (PointsAjust IS Low) AND (TeamExp IS Low) AND (Length IS High),High,0.0,0.0,4716.268304625382,0.0,3341.2763816458055,0.2814465408805031,0.6,0.2424242424242424,4004.0
43,all,R9,IF (PointsAjust IS Medium) AND (TeamExp IS High) AND (Length IS Low),Low,0.0,0.0,1725.7480726703288,0.0,3341.2763816458055,0.2814465408805031,0.6,0.2424242424242424,4004.0
43,all,R10,IF (PointsAjust IS Medium) AND (TeamExp IS High) AND (Length IS Medium),Medium,0.0,0.0,3270.7639753391613,0.0,3341.2763816458055,0.2814465408805031,0.6,0.2424242424242424,4004.0
43,all,R11,IF (PointsAjust IS Medium) AND (TeamExp IS High) AND (Length IS High),Medium,0.0,0.0,3270.7639753391613,0.0,3341.2763816458055,0.2814465408805031,0.6,0.2424242424242424,4004.0
43,all,R12,IF (PointsAjust IS Medium) AND (TeamExp IS Medium) AND (Length IS Low),Medium,0.0,0.0,3270.7639753391613,0.0,3341.2763816458055,0.2814465408805031,0.6,0.2424242424242424,4004.0
43,all,R13,IF (PointsAjust IS Medium) AND (TeamExp IS Medium) AND (Length IS Medium),Medium,1.0,0.9512195121951224,3270.7639753391613,3111.214513127496,3341.2763816458055,0.2814465408805031,0.6,0.2424242424242424,4004.0
43,all,R14,IF (PointsAjust IS Medium) AND (TeamExp IS Medium) AND (Length IS High),High,0.0,0.0,4716.268304625382,0.0,3341.2763816458055,0.2814465408805031,0.6,0.2424242424242424,4004.0
43,all,R15,IF (PointsAjust IS Medium) AND (TeamExp IS Low) AND (Length IS Medium),High,0.0,0.0,4716.268304625382,0.0,3341.2763816458055,0.2814465408805031,0.6,0.2424242424242424,4004.0
43,all,R16,IF (PointsAjust IS Medium) AND (TeamExp IS Low) AND (Length IS High),High,0.0,0.0,4716.268304625382,0.0,3341.2763816458055,0.2814465408805031,0.6,0.2424242424242424,4004.0
43,all,R17,IF (PointsAjust IS High) AND (TeamExp IS High) AND (Length IS Medium),Medium,0.0,0.0,3270.7639753391613,0.0,3341.2763816458055,0.2814465408805031,0.6,0.2424242424242424,4004.0
43,all,R18,IF (PointsAjust IS High) AND (TeamExp IS Medium) AND (Length IS Medium),High,0.05128205128205081,0.04878048780487762,4716.268304625382,230.06186851830932,3341.2763816458055,0.2814465408805031,0.6,0.2424242424242424,4004.0
43,all,R19,IF (PointsAjust IS High) AND (TeamExp IS Low) AND (Length IS Medium),High,0.0,0.0,4716.268304625382,0.0,3341.2763816458055,0.2814465408805031,0.6,0.2424242424242424,4004.0
43,all,R20,IF (PointsAjust IS High) AND (TeamExp IS Low) AND (Length IS High),Very_High,0.0,0.0,13351.082321955262,0.0,3341.2763816458055,0.2814465408805031,0.6,0.2424242424242424,4004.0
44,all,R1,IF (PointsAjust IS Low) AND (TeamExp IS High) AND (Length IS Low),Very_Low,0.0,0.0,2510.864613992508,0.0,1947.845314014766,0.0644654088050314,0.6,0.2121212121212121,2331.0
44,all,R2,IF (PointsAjust IS Low) AND (TeamExp IS High) AND (Length IS Medium),Low,0.0,0.0,-918.5738655841369,-0.0,1947.845314014766,0.0644654088050314,0.6,0.2121212121212121,2331.0
44,all,R3,IF (PointsAjust IS Low) AND (TeamExp IS High) AND (Length IS High),Medium,0.0,0.0,3022.7525063643548,0.0,1947.845314014766,0.0644654088050314,0.6,0.2121212121212121,2331.0
44,all,R4,IF (PointsAjust IS Low) AND (TeamExp IS Medium) AND (Length IS Low),Low,0.3333333333333333,0.2727272727272727,-918.5738655841369,-250.52014515931006,1947.845314014766,0.0644654088050314,0.6,0.2121212121212121,2331.0
44,all,R5,IF (PointsAjust IS Low) AND (TeamExp IS Medium) AND (Length IS Medium),Medium,0.888888888888889,0.7272727272727273,3022.7525063643548,2198.365459174076,1947.845314014766,0.0644654088050314,0.6,0.2121212121212121,2331.0
44,all,R6,IF (PointsAjust IS Low) AND (TeamExp IS Medium) AND (Length IS High),Medium,0.0,0.0,3022.7525063643548,0.0,1947.845314014766,0.0644654088050314,0.6,0.2121212121212121,2331.0
44,all,R7,IF (PointsAjust IS Low) AND (TeamExp IS Low) AND (Length IS Medium),Medium,0.0,0.0,3022.7525063643548,0.0,1947.845314014766,0.0644654088050314,0.6,0.2121212121212121,2331.0
44,all,R8,IF (PointsAjust IS Low) AND (TeamExp IS Low) AND (Length IS High),High,0.0,0.0,3696.9276244354473,0.0,1947.845314014766,0.0644654088050314,0.6,0.2121212121212121,2331.0
44,all,R9,IF (PointsAjust IS Medium) AND (TeamExp IS High) AND (Length IS Low),Low,0.0,0.0,-918.5738655841369,-0.0,1947.845314014766,0.0644654088050314,0.6,0.2121212121212121,2331.0
44,all,R10,IF (PointsAjust IS Medium) AND (TeamExp IS High) AND (Length IS Medium),Medium,0.0,0.0,3022.7525063643548,0.0,1947.845314014766,0.0644654088050314,0.6,0.2121212121212121,2331.0
44,all,R11,IF (PointsAjust IS Medium) AND (TeamExp IS High) AND (Length IS High),Medium,0.0,0.0,3022.7525063643548,0.0,1947.845314014766,0.0644654088050314,0.6,0.2121212121212121,2331.0
44,all,R12,IF (PointsAjust IS Medium) AND (TeamExp IS Medium) AND (Length IS Low),Medium,0.0,0.0,3022.7525063643548,0.0,1947.845314014766,0.0644654088050314,0.6,0.2121212121212121,2331.0
44,all,R13,IF (PointsAjust IS Medium) AND (TeamExp IS Medium) AND (Length IS Medium),Medium,0.0,0.0,3022.7525063643548,0.0,1947.845314014766,0.0644654088050314,0.6,0.2121212121212121,2331.0
44,all,R14,IF (PointsAjust IS Medium) AND (TeamExp IS Medium) AND (Length IS High),High,0.0,0.0,3696.9276244354473,0.0,1947.845314014766,0.0644654088050314,0.6,0.2121212121212121,2331.0
44,all,R15,IF (PointsAjust IS Medium) AND (TeamExp IS Low) AND (Length IS Medium),High,0.0,0.0,3696.9276244354473,0.0,1947.845314014766,0.0644654088050314,0.6,0.2121212121212121,2331.0
44,all,R16,IF (PointsAjust IS Medium) AND (TeamExp IS Low) AND (Length IS High),High,0.0,0.0,3696.9276244354473,0.0,1947.845314014766,0.0644654088050314,0.6,0.2121212121212121,2331.0
44,all,R17,IF (PointsAjust IS High) AND (TeamExp IS High) AND (Length IS Medium),Medium,0.0,0.0,3022.7525063643548,0.0,1947.845314014766,0.0644654088050314,0.6,0.2121212121212121,2331.0
44,all,R18,IF (PointsAjust IS High) AND (TeamExp IS Medium) AND (Length IS Medium),High,0.0,0.0,3696.9276244354473,0.0,1947.845314014766,0.0644654088050314,0.6,0.2121212121212121,2331.0
44,all,R19,IF (PointsAjust IS High) AND (TeamExp IS Low) AND (Length IS Medium),High,0.0,0.0,3696.9276244354473,0.0,1947.845314014766,0.0644654088050314,0.6,0.2121212121212121,2331.0
44,all,R20,IF (PointsAjust IS High) AND (TeamExp IS Low) AND (Length IS High),Very_High,0.0,0.0,12352.755005024203,0.0,1947.845314014766,0.0644654088050314,0.6,0.2121212121212121,2331.0
45,all,R1,IF (PointsAjust IS Low) AND (TeamExp IS High) AND (Length IS Low),Very_Low,0.0,0.0,3307.7491522593486,0.0,3437.7208252028286,0.2044025157232704,0.8,0.2424242424242424,5817.0
45,all,R2,IF (PointsAjust IS Low) AND (TeamExp IS High) AND (Length IS Medium),Low,0.4639175257731959,0.40877922991267657,2932.0236615285667,1198.5503744453938,3437.7208252028286,0.2044025157232704,0.8,0.2424242424242424,5817.0
45,all,R3,IF (PointsAjust IS Low) AND (TeamExp IS High) AND (Length IS High),Medium,0.0,0.0,3787.3677043293137,0.0,3437.7208252028286,0.2044025157232704,0.8,0.2424242424242424,5817.0
45,all,R4,IF (PointsAjust IS Low) AND (TeamExp IS Medium) AND (Length IS Low),Low,0.0,0.0,2932.0236615285667,0.0,3437.7208252028286,0.2044025157232704,0.8,0.2424242424242424,5817.0
45,all,R5,IF (PointsAjust IS Low) AND (TeamExp IS Medium) AND (Length IS Medium),Medium,0.0,0.0,3787.3677043293137,0.0,3437.7208252028286,0.2044025157232704,0.8,0.2424242424242424,5817.0
45,all,R6,IF (PointsAjust IS Low) AND (TeamExp IS Medium) AND (Length IS High),Medium,0.0,0.0,3787.3677043293137,0.0,3437.7208252028286,0.2044025157232704,0.8,0.2424242424242424,5817.0
45,all,R7,IF (PointsAjust IS Low) AND (TeamExp IS Low) AND (Length IS Medium),Medium,0.0,0.0,3787.3677043293137,0.0,3437.7208252028286,0.2044025157232704,0.8,0.2424242424242424,5817.0
45,all,R8,IF (PointsAjust IS Low) AND (TeamExp IS Low) AND (Length IS High),High,0.0,0.0,4984.872081437026,0.0,3437.7208252028286,0.2044025157232704,0.8,0.2424242424242424,5817.0
45,all,R9,IF (PointsAjust IS Medium) AND (TeamExp IS High) AND (Length IS Low),Low,0.0,0.0,2932.0236615285667,0.0,3437.7208252028286,0.2044025157232704,0.8,0.2424242424242424,5817.0
45,all,R10,IF (PointsAjust IS Medium) AND (TeamExp IS High) AND (Length IS Medium),Medium,0.6709677419354838,0.5912207700873233,3787.3677043293137,2239.1704507574345,3437.7208252028286,0.2044025157232704,0.8,0.2424242424242424,5817.0
45,all,R11,IF (PointsAjust IS Medium) AND (TeamExp IS High) AND (Length IS High),Medium,0.0,0.0,3787.3677043293137,0.0,3437.7208252028286,0.2044025157232704,0.8,0.2424242424242424,5817.0
45,all,R12,IF (PointsAjust IS Medium) AND (TeamExp IS Medium) AND (Length IS Low),Medium,0.0,0.0,3787.3677043293137,0.0,3437.7208252028286,0.2044025157232704,0.8,0.2424242424242424,5817.0
45,all,R13,IF (PointsAjust IS Medium) AND (TeamExp IS Medium) AND (Length IS Medium),Medium,0.0,0.0,3787.3677043293137,0.0,3437.7208252028286,0.2044025157232704,0.8,0.2424242424242424,5817.0
45,all,R14,IF (PointsAjust IS Medium) AND (TeamExp IS Medium) AND (Length IS High),High,0.0,0.0,4984.872081437026,0.0,3437.7208252028286,0.2044025157232704,0.8,0.2424242424242424,5817.0
45,all,R15,IF (PointsAjust IS Medium) AND (TeamExp IS Low) AND (Length IS Medium),High,0.0,0.0,4984.872081437026,0.0,3437.7208252028286,0.2044025157232704,0.8,0.2424242424242424,5817.0
45,all,R16,IF (PointsAjust IS Medium) AND (TeamExp IS Low) AND (Length IS High),High,0.0,0.0,4984.872081437026,0.0,3437.7208252028286,0.2044025157232704,0.8,0.2424242424242424,5817.0
45,all,R17,IF (PointsAjust IS High) AND (TeamExp IS High) AND (Length IS Medium),Medium,0.0,0.0,3787.3677043293137,0.0,3437.7208252028286,0.2044025157232704,0.8,0.2424242424242424,5817.0
45,all,R18,IF (PointsAjust IS High) AND (TeamExp IS Medium) AND (Length IS Medium),High,0.0,0.0,4984.872081437026,0.0,3437.7208252028286,0.2044025157232704,0.8,0.2424242424242424,5817.0
45,all,R19,IF (PointsAjust IS High) AND (TeamExp IS Low) AND (Length IS Medium),High,0.0,0.0,4984.872081437026,0.0,3437.7208252028286,0.2044025157232704,0.8,0.2424242424242424,5817.0
45,all,R20,IF (PointsAjust IS High) AND (TeamExp IS Low) AND (Length IS High),Very_High,0.0,0.0,15592.682319721258,0.0,3437.7208252028286,0.2044025157232704,0.8,0.2424242424242424,5817.0
46,all,R1,IF (PointsAjust IS Low) AND (TeamExp IS High) AND (Length IS Low),Very_Low,0.0,0.0,3303.4898357759757,0.0,1790.2424123832584,0.1477987421383647,0.6,0.1818181818181818,2989.0
46,all,R2,IF (PointsAjust IS Low) AND (TeamExp IS High) AND (Length IS Medium),Low,0.0,0.0,191.09117959271134,0.0,1790.2424123832584,0.1477987421383647,0.6,0.1818181818181818,2989.0
46,all,R3,IF (PointsAjust IS Low) AND (TeamExp IS High) AND (Length IS High),Medium,0.0,0.0,3272.694570469795,0.0,1790.2424123832584,0.1477987421383647,0.6,0.1818181818181818,2989.0
46,all,R4,IF (PointsAjust IS Low) AND (TeamExp IS Medium) AND (Length IS Low),Low,0.5567010309278351,0.4810652021201866,191.09117959271134,91.92731693415256,1790.2424123832584,0.1477987421383647,0.6,0.1818181818181818,2989.0
46,all,R5,IF (PointsAjust IS Low) AND (TeamExp IS Medium) AND (Length IS Medium),Medium,0.37113402061855677,0.3207101347467911,3272.694570469795,1049.5863166804597,1790.2424123832584,0.1477987421383647,0.6,0.1818181818181818,2989.0
46,all,R6,IF (PointsAjust IS Low) AND (TeamExp IS Medium) AND (Length IS High),Medium,0.0,0.0,3272.694570469795,0.0,1790.2424123832584,0.1477987421383647,0.6,0.1818181818181818,2989.0
46,all,R7,IF (PointsAjust IS Low) AND (TeamExp IS Low) AND (Length IS Medium),Medium,0.0,0.0,3272.694570469795,0.0,1790.2424123832584,0.1477987421383647,0.6,0.1818181818181818,2989.0
46,all,R8,IF (PointsAjust IS Low) AND (TeamExp IS Low) AND (Length IS High),High,0.0,0.0,3963.338217437825,0.0,1790.2424123832584,0.1477987421383647,0.6,0.1818181818181818,2989.0
46,all,R9,IF (PointsAjust IS Medium) AND (TeamExp IS High) AND (Length IS Low),Low,0.0,0.0,191.09117959271134,0.0,1790.2424123832584,0.1477987421383647,0.6,0.1818181818181818,2989.0
46,all,R10,IF (PointsAjust IS Medium) AND (TeamExp IS High) AND (Length IS Medium),Medium,0.0,0.0,3272.694570469795,0.0,1790.2424123832584,0.1477987421383647,0.6,0.1818181818181818,2989.0
46,all,R11,IF (PointsAjust IS Medium) AND (TeamExp IS High) AND (Length IS High),Medium,0.0,0.0,3272.694570469795,0.0,1790.2424123832584,0.1477987421383647,0.6,0.1818181818181818,2989.0
46,all,R12,IF (PointsAjust IS Medium) AND (TeamExp IS Medium) AND (Length IS Low),Medium,0.13763440860215037,0.11893479787981341,3272.694570469795,389.23726726118787,1790.2424123832584,0.1477987421383647,0.6,0.1818181818181818,2989.0
46,all,R13,IF (PointsAjust IS Medium) AND (TeamExp IS Medium) AND (Length IS Medium),Medium,0.0917562724014336,0.07928986525320895,3272.694570469795,259.4915115074586,1790.2424123832584,0.1477987421383647,0.6,0.1818181818181818,2989.0
46,all,R14,IF (PointsAjust IS Medium) AND (TeamExp IS Medium) AND (Length IS High),High,0.0,0.0,3963.338217437825,0.0,1790.2424123832584,0.1477987421383647,0.6,0.1818181818181818,2989.0
46,all,R15,IF (PointsAjust IS Medium) AND (TeamExp IS Low) AND (Length IS Medium),High,0.0,0.0,3963.338217437825,0.0,1790.2424123832584,0.1477987421383647,0.6,0.1818181818181818,2989.0
46,all,R16,IF (PointsAjust IS Medium) AND (TeamExp IS Low) AND (Length IS High),High,0.0,0.0,3963.338217437825,0.0,1790.2424123832584,0.1477987421383647,0.6,0.1818181818181818,2989.0
46,all,R17,IF (PointsAjust IS High) AND (TeamExp IS High) AND (Length IS Medium),Medium,0.0,0.0,3272.694570469795,0.0,1790.2424123832584,0.1477987421383647,0.6,0.1818181818181818,2989.0
46,all,R18,IF (PointsAjust IS High) AND (TeamExp IS Medium) AND (Length IS Medium),High,0.0,0.0,3963.338217437825,0.0,1790.2424123832584,0.1477987421383647,0.6,0.1818181818181818,2989.0
46,all,R19,IF (PointsAjust IS High) AND (TeamExp IS Low) AND (Length IS Medium),High,0.0,0.0,3963.338217437825,0.0,1790.2424123832584,0.1477987421383647,0.6,0.1818181818181818,2989.0
46,all,R20,IF (PointsAjust IS High) AND (TeamExp IS Low) AND (Length IS High),Very_High,0.0,0.0,12996.251887099901,0.0,1790.2424123832584,0.1477987421383647,0.6,0.1818181818181818,2989.0
47,all,R1,IF (PointsAjust IS Low) AND (TeamExp IS High) AND (Length IS Low),Very_Low,1.0,1.0,2351.013736287017,2351.013736287017,2351.013736287017,0.1084905660377358,0.8,0.1515151515151515,3136.0
47,all,R2,IF (PointsAjust IS Low) AND (TeamExp IS High) AND (Length IS Medium),Low,0.0,0.0,1937.0547323738283,0.0,2351.013736287017,0.1084905660377358,0.8,0.1515151515151515,3136.0
47,all,R3,IF (PointsAjust IS Low) AND (TeamExp IS High) AND (Length IS High),Medium,0.0,0.0,3963.6348533071305,0.0,2351.013736287017,0.1084905660377358,0.8,0.1515151515151515,3136.0
47,all,R4,IF (PointsAjust IS Low) AND (TeamExp IS Medium) AND (Length IS Low),Low,0.0,0.0,1937.0547323738283,0.0,2351.013736287017,0.1084905660377358,0.8,0.1515151515151515,3136.0
47,all,R5,IF (PointsAjust IS Low) AND (TeamExp IS Medium) AND (Length IS Medium),Medium,0.0,0.0,3963.6348533071305,0.0,2351.013736287017,0.1084905660377358,0.8,0.1515151515151515,3136.0
47,all,R6,IF (PointsAjust IS Low) AND (TeamExp IS Medium) AND (Length IS High),Medium,0.0,0.0,3963.6348533071305,0.0,2351.013736287017,0.1084905660377358,0.8,0.1515151515151515,3136.0
47,all,R7,IF (PointsAjust IS Low) AND (TeamExp IS Low) AND (Length IS Medium),Medium,0.0,0.0,3963.6348533071305,0.0,2351.013736287017,0.1084905660377358,0.8,0.1515151515151515,3136.0
47,all,R8,IF (PointsAjust IS Low) AND (TeamExp IS Low) AND (Length IS High),High,0.0,0.0,4303.133807552491,0.0,2351.013736287017,0.1084905660377358,0.8,0.1515151515151515,3136.0
47,all,R9,IF (PointsAjust IS Medium) AND (TeamExp IS High) AND (Length IS Low),Low,0.0,0.0,1937.0547323738283,0.0,2351.013736287017,0.1084905660377358,0.8,0.1515151515151515,3136.0
47,all,R10,IF (PointsAjust IS Medium) AND (TeamExp IS High) AND (Length IS Medium),Medium,0.0,0.0,3963.6348533071305,0.0,2351.013736287017,0.1084905660377358,0.8,0.1515151515151515,3136.0
47,all,R11,IF (PointsAjust IS Medium) AND (TeamExp IS High) AND (Length IS High),Medium,0.0,0.0,3963.6348533071305,0.0,2351.013736287017,0.1084905660377358,0.8,0.1515151515151515,3136.0
47,all,R12,IF (PointsAjust IS Medium) AND (TeamExp IS Medium) AND (Length IS Low),Medium,0.0,0.0,3963.6348533071305,0.0,2351.013736287017,0.1084905660377358,0.8,0.1515151515151515,3136.0
47,all,R13,IF (PointsAjust IS Medium) AND (TeamExp IS Medium) AND (Length IS Medium),Medium,0.0,0.0,3963.6348533071305,0.0,2351.013736287017,0.1084905660377358,0.8,0.1515151515151515,3136.0
47,all,R14,IF (PointsAjust IS Medium) AND (TeamExp IS Medium) AND (Length IS High),High,0.0,0.0,4303.133807552491,0.0,2351.013736287017,0.1084905660377358,0.8,0.1515151515151515,3136.0
47,all,R15,IF (PointsAjust IS Medium) AND (TeamExp IS Low) AND (Length IS Medium),High,0.0,0.0,4303.133807552491,0.0,2351.013736287017,0.1084905660377358,0.8,0.1515151515151515,3136.0
47,all,R16,IF (PointsAjust IS Medium) AND (TeamExp IS Low) AND (Length IS High),High,0.0,0.0,4303.133807552491,0.0,2351.013736287017,0.1084905660377358,0.8,0.1515151515151515,3136.0
47,all,R17,IF (PointsAjust IS High) AND (TeamExp IS High) AND (Length IS Medium),Medium,0.0,0.0,3963.6348533071305,0.0,2351.013736287017,0.1084905660377358,0.8,0.1515151515151515,3136.0
47,all,R18,IF (PointsAjust IS High) AND (TeamExp IS Medium) AND (Length IS Medium),High,0.0,0.0,4303.133807552491,0.0,2351.013736287017,0.1084905660377358,0.8,0.1515151515151515,3136.0
47,all,R19,IF (PointsAjust IS High) AND (TeamExp IS Low) AND (Length IS Medium),High,0.0,0.0,4303.133807552491,0.0,2351.013736287017,0.1084905660377358,0.8,0.1515151515151515,3136.0
47,all,R20,IF (PointsAjust IS High) AND (TeamExp IS Low) AND (Length IS High),Very_High,0.0,0.0,15632.066558715444,0.0,2351.013736287017,0.1084905660377358,0.8,0.1515151515151515,3136.0
48,all,R1,IF (PointsAjust IS Low) AND (TeamExp IS High) AND (Length IS Low),Very_Low,0.0,0.0,3525.794066735429,0.0,3164.6176924131855,0.1069182389937107,0.4,0.3333333333333333,2583.0
48,all,R2,IF (PointsAjust IS Low) AND (TeamExp IS High) AND (Length IS Medium),Low,0.0,0.0,-2829.177033830658,-0.0,3164.6176924131855,0.1069182389937107,0.4,0.3333333333333333,2583.0
48,all,R3,IF (PointsAjust IS Low) AND (TeamExp IS High) AND (Length IS High),Medium,0.0,0.0,2001.7269674720594,0.0,3164.6176924131855,0.1069182389937107,0.4,0.3333333333333333,2583.0
48,all,R4,IF (PointsAjust IS Low) AND (TeamExp IS Medium) AND (Length IS Low),Low,0.0,0.0,-2829.177033830658,-0.0,3164.6176924131855,0.1069182389937107,0.4,0.3333333333333333,2583.0
48,all,R5,IF (PointsAjust IS Low) AND (TeamExp IS Medium) AND (Length IS Medium),Medium,0.0,0.0,2001.7269674720594,0.0,3164.6176924131855,0.1069182389937107,0.4,0.3333333333333333,2583.0
48,all,R6,IF (PointsAjust IS Low) AND (TeamExp IS Medium) AND (Length IS High),Medium,0.0,0.0,2001.7269674720594,0.0,3164.6176924131855,0.1069182389937107,0.4,0.3333333333333333,2583.0
48,all,R7,IF (PointsAjust IS Low) AND (TeamExp IS Low) AND (Length IS Medium),Medium,0.30769230769230754,0.2909090909090908,2001.7269674720594,582.3205723555079,3164.6176924131855,0.1069182389937107,0.4,0.3333333333333333,2583.0
48,all,R8,IF (PointsAjust IS Low) AND (TeamExp IS Low) AND (Length IS High),High,0.7500000000000002,0.7090909090909093,3641.701066748006,2582.2971200576776,3164.6176924131855,0.1069182389937107,0.4,0.3333333333333333,2583.0
48,all,R9,IF (PointsAjust IS Medium) AND (TeamExp IS High) AND (Length IS Low),Low,0.0,0.0,-2829.177033830658,-0.0,3164.6176924131855,0.1069182389937107,0.4,0.3333333333333333,2583.0
48,all,R10,IF (PointsAjust IS Medium) AND (TeamExp IS High) AND (Length IS Medium),Medium,0.0,0.0,2001.7269674720594,0.0,3164.6176924131855,0.1069182389937107,0.4,0.3333333333333333,2583.0
48,all,R11,IF (PointsAjust IS Medium) AND (TeamExp IS High) AND (Length IS High),Medium,0.0,0.0,2001.7269674720594,0.0,3164.6176924131855,0.1069182389937107,0.4,0.3333333333333333,2583.0
48,all,R12,IF (PointsAjust IS Medium) AND (TeamExp IS Medium) AND (Length IS Low),Medium,0.0,0.0,2001.7269674720594,0.0,3164.6176924131855,0.1069182389937107,0.4,0.3333333333333333,2583.0
48,all,R13,IF (PointsAjust IS Medium) AND (TeamExp IS Medium) AND (Length IS Medium),Medium,0.0,0.0,2001.7269674720594,0.0,3164.6176924131855,0.1069182389937107,0.4,0.3333333333333333,2583.0
48,all,R14,IF (PointsAjust IS Medium) AND (TeamExp IS Medium) AND (Length IS High),High,0.0,0.0,3641.701066748006,0.0,3164.6176924131855,0.1069182389937107,0.4,0.3333333333333333,2583.0
48,all,R15,IF (PointsAjust IS Medium) AND (TeamExp IS Low) AND (Length IS Medium),High,0.0,0.0,3641.701066748006,0.0,3164.6176924131855,0.1069182389937107,0.4,0.3333333333333333,2583.0
48,all,R16,IF (PointsAjust IS Medium) AND (TeamExp IS Low) AND (Length IS High),High,0.0,0.0,3641.701066748006,0.0,3164.6176924131855,0.1069182389937107,0.4,0.3333333333333333,2583.0
48,all,R17,IF (PointsAjust IS High) AND (TeamExp IS High) AND (Length IS Medium),Medium,0.0,0.0,2001.7269674720594,0.0,3164.6176924131855,0.1069182389937107,0.4,0.3333333333333333,2583.0
48,all,R18,IF (PointsAjust IS High) AND (TeamExp IS Medium) AND (Length IS Medium),High,0.0,0.0,3641.701066748006,0.0,3164.6176924131855,0.1069182389937107,0.4,0.3333333333333333,2583.0
48,all,R19,IF (PointsAjust IS High) AND (TeamExp IS Low) AND (Length IS Medium),High,0.0,0.0,3641.701066748006,0.0,3164.6176924131855,0.1069182389937107,0.4,0.3333333333333333,2583.0
48,all,R20,IF (PointsAjust IS High) AND (TeamExp IS Low) AND (Length IS High),Very_High,0.0,0.0,9170.395739747471,0.0,3164.6176924131855,0.1069182389937107,0.4,0.3333333333333333,2583.0
49,all,R1,IF (PointsAjust IS Low) AND (TeamExp IS High) AND (Length IS Low),Very_Low,0.0,0.0,3904.727144158467,0.0,3397.381575504983,0.1462264150943396,0.4,0.3333333333333333,3647.0
49,all,R2,IF (PointsAjust IS Low) AND (TeamExp IS High) AND (Length IS Medium),Low,0.0,0.0,-2337.8174810255123,-0.0,3397.381575504983,0.1462264150943396,0.4,0.3333333333333333,3647.0
49,all,R3,IF (PointsAjust IS Low) AND (TeamExp IS High) AND (Length IS High),Medium,0.0,0.0,2066.9041314877986,0.0,3397.381575504983,0.1462264150943396,0.4,0.3333333333333333,3647.0
49,all,R4,IF (PointsAjust IS Low) AND (TeamExp IS Medium) AND (Length IS Low),Low,0.0,0.0,-2337.8174810255123,-0.0,3397.381575504983,0.1462264150943396,0.4,0.3333333333333333,3647.0
49,all,R5,IF (PointsAjust IS Low) AND (TeamExp IS Medium) AND (Length IS Medium),Medium,0.0,0.0,2066.9041314877986,0.0,3397.381575504983,0.1462264150943396,0.4,0.3333333333333333,3647.0
49,all,R6,IF (PointsAjust IS Low) AND (TeamExp IS Medium) AND (Length IS High),Medium,0.0,0.0,2066.9041314877986,0.0,3397.381575504983,0.1462264150943396,0.4,0.3333333333333333,3647.0
49,all,R7,IF (PointsAjust IS Low) AND (TeamExp IS Low) AND (Length IS Medium),Medium,0.26011102299762073,0.23671283901757637,2066.9041314877986,489.26274494163476,3397.381575504983,0.1462264150943396,0.4,0.3333333333333333,3647.0
49,all,R8,IF (PointsAjust IS Low) AND (TeamExp IS Low) AND (Length IS High),High,0.634020618556701,0.5769875451053428,3809.9931182129676,2198.3185761459504,3397.381575504983,0.1462264150943396,0.4,0.3333333333333333,3647.0
49,all,R9,IF (PointsAjust IS Medium) AND (TeamExp IS High) AND (Length IS Low),Low,0.0,0.0,-2337.8174810255123,-0.0,3397.381575504983,0.1462264150943396,0.4,0.3333333333333333,3647.0
49,all,R10,IF (PointsAjust IS Medium) AND (TeamExp IS High) AND (Length IS Medium),Medium,0.0,0.0,2066.9041314877986,0.0,3397.381575504983,0.1462264150943396,0.4,0.3333333333333333,3647.0
49,all,R11,IF (PointsAjust IS Medium) AND (TeamExp IS High) AND (Length IS High),Medium,0.0,0.0,2066.9041314877986,0.0,3397.381575504983,0.1462264150943396,0.4,0.3333333333333333,3647.0
49,all,R12,IF (PointsAjust IS Medium) AND (TeamExp IS Medium) AND (Length IS Low),Medium,0.0,0.0,2066.9041314877986,0.0,3397.381575504983,0.1462264150943396,0.4,0.3333333333333333,3647.0
49,all,R13,IF (PointsAjust IS Medium) AND (TeamExp IS Medium) AND (Length IS Medium),Medium,0.0,0.0,2066.9041314877986,0.0,3397.381575504983,0.1462264150943396,0.4,0.3333333333333333,3647.0
49,all,R14,IF (PointsAjust IS Medium) AND (TeamExp IS Medium) AND (Length IS High),High,0.0,0.0,3809.9931182129676,0.0,3397.381575504983,0.1462264150943396,0.4,0.3333333333333333,3647.0
49,all,R15,IF (PointsAjust IS Medium) AND (TeamExp IS Low) AND (Length IS Medium),High,0.05955334987593057,0.054196251891514426,3809.9931182129676,206.4873467396065,3397.381575504983,0.1462264150943396,0.4,0.3333333333333333,3647.0
49,all,R16,IF (PointsAjust IS Medium) AND (TeamExp IS Low) AND (Length IS High),High,0.14516129032258088,0.13210336398556652,3809.9931182129676,503.3129076777912,3397.381575504983,0.1462264150943396,0.4,0.3333333333333333,3647.0
49,all,R17,IF (PointsAjust IS High) AND (TeamExp IS High) AND (Length IS Medium),Medium,0.0,0.0,2066.9041314877986,0.0,3397.381575504983,0.1462264150943396,0.4,0.3333333333333333,3647.0
49,all,R18,IF (PointsAjust IS High) AND (TeamExp IS Medium) AND (Length IS Medium),High,0.0,0.0,3809.9931182129676,0.0,3397.381575504983,0.1462264150943396,0.4,0.3333333333333333,3647.0
49,all,R19,IF (PointsAjust IS High) AND (TeamExp IS Low) AND (Length IS Medium),High,0.0,0.0,3809.9931182129676,0.0,3397.381575504983,0.1462264150943396,0.4,0.3333333333333333,3647.0
49,all,R20,IF (PointsAjust IS High) AND (TeamExp IS Low) AND (Length IS High),Very_High,0.0,0.0,9385.294195114848,0.0,3397.381575504983,0.1462264150943396,0.4,0.3333333333333333,3647.0
50,all,R1,IF (PointsAjust IS Low) AND (TeamExp IS High) AND (Length IS Low),Very_Low,0.0,0.05,5745.4578109864415,287.2728905493221,5573.540501678613,0.4528301886792453,0.8,0.3636363636363636,8232.0
50,all,R2,IF (PointsAjust IS Low) AND (TeamExp IS High) AND (Length IS Medium),Low,0.0,0.05,5765.484862337335,288.2742431168667,5573.540501678613,0.4528301886792453,0.8,0.3636363636363636,8232.0
50,all,R3,IF (PointsAjust IS Low) AND (TeamExp IS High) AND (Length IS High),Medium,0.0,0.05,3752.2214753404915,187.61107376702458,5573.540501678613,0.4528301886792453,0.8,0.3636363636363636,8232.0
50,all,R4,IF (PointsAjust IS Low) AND (TeamExp IS Medium) AND (Length IS Low),Low,0.0,0.05,5765.484862337335,288.2742431168667,5573.540501678613,0.4528301886792453,0.8,0.3636363636363636,8232.0
50,all,R5,IF (PointsAjust IS Low) AND (TeamExp IS Medium) AND (Length IS Medium),Medium,0.0,0.05,3752.2214753404915,187.61107376702458,5573.540501678613,0.4528301886792453,0.8,0.3636363636363636,8232.0
50,all,R6,IF (PointsAjust IS Low) AND (TeamExp IS Medium) AND (Length IS High),Medium,0.0,0.05,3752.2214753404915,187.61107376702458,5573.540501678613,0.4528301886792453,0.8,0.3636363636363636,8232.0
50,all,R7,IF (PointsAjust IS Low) AND (TeamExp IS Low) AND (Length IS Medium),Medium,0.0,0.05,3752.2214753404915,187.61107376702458,5573.540501678613,0.4528301886792453,0.8,0.3636363636363636,8232.0
50,all,R8,IF (PointsAjust IS Low) AND (TeamExp IS Low) AND (Length IS High),High,0.0,0.05,6409.952071108957,320.4976035554479,5573.540501678613,0.4528301886792453,0.8,0.3636363636363636,8232.0
50,all,R9,IF (PointsAjust IS Medium) AND (TeamExp IS High) AND (Length IS Low),Low,0.0,0.05,5765.484862337335,288.2742431168667,5573.540501678613,0.4528301886792453,0.8,0.3636363636363636,8232.0
50,all,R10,IF (PointsAjust IS Medium) AND (TeamExp IS High) AND (Length IS Medium),Medium,0.0,0.05,3752.2214753404915,187.61107376702458,5573.540501678613,0.4528301886792453,0.8,0.3636363636363636,8232.0
50,all,R11,IF (PointsAjust IS Medium) AND (TeamExp IS High) AND (Length IS High),Medium,0.0,0.05,3752.2214753404915,187.61107376702458,5573.540501678613,0.4528301886792453,0.8,0.3636363636363636,8232.0
50,all,R12,IF (PointsAjust IS Medium) AND (TeamExp IS Medium) AND (Length IS Low),Medium,0.0,0.05,3752.2214753404915,187.61107376702458,5573.540501678613,0.4528301886792453,0.8,0.3636363636363636,8232.0
50,all,R13,IF (PointsAjust IS Medium) AND (TeamExp IS Medium) AND (Length IS Medium),Medium,0.0,0.05,3752.2214753404915,187.61107376702458,5573.540501678613,0.4528301886792453,0.8,0.3636363636363636,8232.0
50,all,R14,IF (PointsAjust IS Medium) AND (TeamExp IS Medium) AND (Length IS High),High,0.0,0.05,6409.952071108957,320.4976035554479,5573.540501678613,0.4528301886792453,0.8,0.3636363636363636,8232.0
50,all,R15,IF (PointsAjust IS Medium) AND (TeamExp IS Low) AND (Length IS Medium),High,0.0,0.05,6409.952071108957,320.4976035554479,5573.540501678613,0.4528301886792453,0.8,0.3636363636363636,8232.0
50,all,R16,IF (PointsAjust IS Medium) AND (TeamExp IS Low) AND (Length IS High),High,0.0,0.05,6409.952071108957,320.4976035554479,5573.540501678613,0.4528301886792453,0.8,0.3636363636363636,8232.0
50,all,R17,IF (PointsAjust IS High) AND (TeamExp IS High) AND (Length IS Medium),Medium,0.0,0.05,3752.2214753404915,187.61107376702458,5573.540501678613,0.4528301886792453,0.8,0.3636363636363636,8232.0
50,all,R18,IF (PointsAjust IS High) AND (TeamExp IS Medium) AND (Length IS Medium),High,0.0,0.05,6409.952071108957,320.4976035554479,5573.540501678613,0.4528301886792453,0.8,0.3636363636363636,8232.0
50,all,R19,IF (PointsAjust IS High) AND (TeamExp IS Low) AND (Length IS Medium),High,0.0,0.05,6409.952071108957,320.4976035554479,5573.540501678613,0.4528301886792453,0.8,0.3636363636363636,8232.0
50,all,R20,IF (PointsAjust IS High) AND (TeamExp IS Low) AND (Length IS High),Very_High,0.0,0.05,16199.191930855632,809.9595965427816,5573.540501678613,0.4528301886792453,0.8,0.3636363636363636,8232.0
51,all,R1,IF (PointsAjust IS Low) AND (TeamExp IS High) AND (Length IS Low),Very_Low,0.0,0.0,3510.636743638507,0.0,3159.085892681269,0.1053459119496855,0.4,0.3333333333333333,3276.0
51,all,R2,IF (PointsAjust IS Low) AND (TeamExp IS High) AND (Length IS Medium),Low,0.0,0.0,-2848.8314159428646,-0.0,3159.085892681269,0.1053459119496855,0.4,0.3333333333333333,3276.0
51,all,R3,IF (PointsAjust IS Low) AND (TeamExp IS High) AND (Length IS High),Medium,0.0,0.0,1999.1198809114298,0.0,3159.085892681269,0.1053459119496855,0.4,0.3333333333333333,3276.0
51,all,R4,IF (PointsAjust IS Low) AND (TeamExp IS Medium) AND (Length IS Low),Low,0.0,0.0,-2848.8314159428646,-0.0,3159.085892681269,0.1053459119496855,0.4,0.3333333333333333,3276.0
51,all,R5,IF (PointsAjust IS Low) AND (TeamExp IS Medium) AND (Length IS Medium),Medium,0.0,0.0,1999.1198809114298,0.0,3159.085892681269,0.1053459119496855,0.4,0.3333333333333333,3276.0
51,all,R6,IF (PointsAjust IS Low) AND (TeamExp IS Medium) AND (Length IS High),Medium,0.0,0.0,1999.1198809114298,0.0,3159.085892681269,0.1053459119496855,0.4,0.3333333333333333,3276.0
51,all,R7,IF (PointsAjust IS Low) AND (TeamExp IS Low) AND (Length IS Medium),Medium,0.30769230769230754,0.2909090909090908,1999.1198809114298,581.5621471742339,3159.085892681269,0.1053459119496855,0.4,0.3333333333333333,3276.0
51,all,R8,IF (PointsAjust IS Low) AND (TeamExp IS Low) AND (Length IS High),High,0.7500000000000002,0.7090909090909093,3634.969384689407,2577.523745507035,3159.085892681269,0.1053459119496855,0.4,0.3333333333333333,3276.0
51,all,R9,IF (PointsAjust IS Medium) AND (TeamExp IS High) AND (Length IS Low),Low,0.0,0.0,-2848.8314159428646,-0.0,3159.085892681269,0.1053459119496855,0.4,0.3333333333333333,3276.0
51,all,R10,IF (PointsAjust IS Medium) AND (TeamExp IS High) AND (Length IS Medium),Medium,0.0,0.0,1999.1198809114298,0.0,3159.085892681269,0.1053459119496855,0.4,0.3333333333333333,3276.0
51,all,R11,IF (PointsAjust IS Medium) AND (TeamExp IS High) AND (Length IS High),Medium,0.0,0.0,1999.1198809114298,0.0,3159.085892681269,0.1053459119496855,0.4,0.3333333333333333,3276.0
51,all,R12,IF (PointsAjust IS Medium) AND (TeamExp IS Medium) AND (Length IS Low),Medium,0.0,0.0,1999.1198809114298,0.0,3159.085892681269,0.1053459119496855,0.4,0.3333333333333333,3276.0
51,all,R13,IF (PointsAjust IS Medium) AND (TeamExp IS Medium) AND (Length IS Medium),Medium,0.0,0.0,1999.1198809114298,0.0,3159.085892681269,0.1053459119496855,0.4,0.3333333333333333,3276.0
51,all,R14,IF (PointsAjust IS Medium) AND (TeamExp IS Medium) AND (Length IS High),High,0.0,0.0,3634.969384689407,0.0,3159.085892681269,0.1053459119496855,0.4,0.3333333333333333,3276.0
51,all,R15,IF (PointsAjust IS Medium) AND (TeamExp IS Low) AND (Length IS Medium),High,0.0,0.0,3634.969384689407,0.0,3159.085892681269,0.1053459119496855,0.4,0.3333333333333333,3276.0
51,all,R16,IF (PointsAjust IS Medium) AND (TeamExp IS Low) AND (Length IS High),High,0.0,0.0,3634.969384689407,0.0,3159.085892681269,0.1053459119496855,0.4,0.3333333333333333,3276.0
51,all,R17,IF (PointsAjust IS High) AND (TeamExp IS High) AND (Length IS Medium),Medium,0.0,0.0,1999.1198809114298,0.0,3159.085892681269,0.1053459119496855,0.4,0.3333333333333333,3276.0
51,all,R18,IF (PointsAjust IS High) AND (TeamExp IS Medium) AND (Length IS Medium),High,0.0,0.0,3634.969384689407,0.0,3159.085892681269,0.1053459119496855,0.4,0.3333333333333333,3276.0
51,all,R19,IF (PointsAjust IS High) AND (TeamExp IS Low) AND (Length IS Medium),High,0.0,0.0,3634.969384689407,0.0,3159.085892681269,0.1053459119496855,0.4,0.3333333333333333,3276.0
51,all,R20,IF (PointsAjust IS High) AND (TeamExp IS Low) AND (Length IS High),Very_High,0.0,0.0,9161.799801532776,0.0,3159.085892681269,0.1053459119496855,0.4,0.3333333333333333,3276.0
52,all,R1,IF (PointsAjust IS Low) AND (TeamExp IS High) AND (Length IS Low),Very_Low,0.0,0.0,3619.358365194231,0.0,2472.256652086019,0.1210691823899371,0.4,0.2121212121212121,2723.0
52,all,R2,IF (PointsAjust IS Low) AND (TeamExp IS High) AND (Length IS Medium),Low,0.0,0.0,-2380.3564219010505,-0.0,2472.256652086019,0.1210691823899371,0.4,0.2121212121212121,2723.0
52,all,R3,IF (PointsAjust IS Low) AND (TeamExp IS High) AND (Length IS High),Medium,0.0,0.0,2472.256652086019,0.0,2472.256652086019,0.1210691823899371,0.4,0.2121212121212121,2723.0
52,all,R4,IF (PointsAjust IS Low) AND (TeamExp IS Medium) AND (Length IS Low),Low,0.0,0.0,-2380.3564219010505,-0.0,2472.256652086019,0.1210691823899371,0.4,0.2121212121212121,2723.0
52,all,R5,IF (PointsAjust IS Low) AND (TeamExp IS Medium) AND (Length IS Medium),Medium,0.0,0.0,2472.256652086019,0.0,2472.256652086019,0.1210691823899371,0.4,0.2121212121212121,2723.0
52,all,R6,IF (PointsAjust IS Low) AND (TeamExp IS Medium) AND (Length IS High),Medium,0.0,0.0,2472.256652086019,0.0,2472.256652086019,0.1210691823899371,0.4,0.2121212121212121,2723.0
52,all,R7,IF (PointsAjust IS Low) AND (TeamExp IS Low) AND (Length IS Medium),Medium,0.888888888888889,1.0,2472.256652086019,2472.256652086019,2472.256652086019,0.1210691823899371,0.4,0.2121212121212121,2723.0
52,all,R8,IF (PointsAjust IS Low) AND (TeamExp IS Low) AND (Length IS High),High,0.0,0.0,3340.811980862022,0.0,2472.256652086019,0.1210691823899371,0.4,0.2121212121212121,2723.0
52,all,R9,IF (PointsAjust IS Medium) AND (TeamExp IS High) AND (Length IS Low),Low,0.0,0.0,-2380.3564219010505,-0.0,2472.256652086019,0.1210691823899371,0.4,0.2121212121212121,2723.0
52,all,R10,IF (PointsAjust IS Medium) AND (TeamExp IS High) AND (Length IS Medium),Medium,0.0,0.0,2472.256652086019,0.0,2472.256652086019,0.1210691823899371,0.4,0.2121212121212121,2723.0
52,all,R11,IF (PointsAjust IS Medium) AND (TeamExp IS High) AND (Length IS High),Medium,0.0,0.0,2472.256652086019,0.0,2472.256652086019,0.1210691823899371,0.4,0.2121212121212121,2723.0
52,all,R12,IF (PointsAjust IS Medium) AND (TeamExp IS Medium) AND (Length IS Low),Medium,0.0,0.0,2472.256652086019,0.0,2472.256652086019,0.1210691823899371,0.4,0.2121212121212121,2723.0
52,all,R13,IF (PointsAjust IS Medium) AND (TeamExp IS Medium) AND (Length IS Medium),Medium,0.0,0.0,2472.256652086019,0.0,2472.256652086019,0.1210691823899371,0.4,0.2121212121212121,2723.0
52,all,R14,IF (PointsAjust IS Medium) AND (TeamExp IS Medium) AND (Length IS High),High,0.0,0.0,3340.811980862022,0.0,2472.256652086019,0.1210691823899371,0.4,0.2121212121212121,2723.0
52,all,R15,IF (PointsAjust IS Medium) AND (TeamExp IS Low) AND (Length IS Medium),High,0.0,0.0,3340.811980862022,0.0,2472.256652086019,0.1210691823899371,0.4,0.2121212121212121,2723.0
52,all,R16,IF (PointsAjust IS Medium) AND (TeamExp IS Low) AND (Length IS High),High,0.0,0.0,3340.811980862022,0.0,2472.256652086019,0.1210691823899371,0.4,0.2121212121212121,2723.0
52,all,R17,IF (PointsAjust IS High) AND (TeamExp IS High) AND (Length IS Medium),Medium,0.0,0.0,2472.256652086019,0.0,2472.256652086019,0.1210691823899371,0.4,0.2121212121212121,2723.0
52,all,R18,IF (PointsAjust IS High) AND (TeamExp IS Medium) AND (Length IS Medium),High,0.0,0.0,3340.811980862022,0.0,2472.256652086019,0.1210691823899371,0.4,0.2121212121212121,2723.0
52,all,R19,IF (PointsAjust IS High) AND (TeamExp IS Low) AND (Length IS Medium),High,0.0,0.0,3340.811980862022,0.0,2472.256652086019,0.1210691823899371,0.4,0.2121212121212121,2723.0
52,all,R20,IF (PointsAjust IS High) AND (TeamExp IS Low) AND (Length IS High),Very_High,0.0,0.0,9999.407810467172,0.0,2472.256652086019,0.1210691823899371,0.4,0.2121212121212121,2723.0
53,all,R1,IF (PointsAjust IS Low) AND (TeamExp IS High) AND (Length IS Low),Very_Low,0.4123711340206184,0.3592536794530072,3340.6841583304645,1200.1530757705918,3316.0427122472074,0.2122641509433962,0.8,0.1212121212121212,3472.0
53,all,R2,IF (PointsAjust IS Low) AND (TeamExp IS High) AND (Length IS Medium),Low,0.0,0.0,3302.2267450093514,0.0,3316.0427122472074,0.2122641509433962,0.8,0.1212121212121212,3472.0
53,all,R3,IF (PointsAjust IS Low) AND (TeamExp IS High) AND (Length IS High),Medium,0.0,0.0,4247.469042700755,0.0,3316.0427122472074,0.2122641509433962,0.8,0.1212121212121212,3472.0
53,all,R4,IF (PointsAjust IS Low) AND (TeamExp IS Medium) AND (Length IS Low),Low,0.0,0.0,3302.2267450093514,0.0,3316.0427122472074,0.2122641509433962,0.8,0.1212121212121212,3472.0
53,all,R5,IF (PointsAjust IS Low) AND (TeamExp IS Medium) AND (Length IS Medium),Medium,0.0,0.0,4247.469042700755,0.0,3316.0427122472074,0.2122641509433962,0.8,0.1212121212121212,3472.0
53,all,R6,IF (PointsAjust IS Low) AND (TeamExp IS Medium) AND (Length IS High),Medium,0.0,0.0,4247.469042700755,0.0,3316.0427122472074,0.2122641509433962,0.8,0.1212121212121212,3472.0
53,all,R7,IF (PointsAjust IS Low) AND (TeamExp IS Low) AND (Length IS Medium),Medium,0.0,0.0,4247.469042700755,0.0,3316.0427122472074,0.2122641509433962,0.8,0.1212121212121212,3472.0
53,all,R8,IF (PointsAjust IS Low) AND (TeamExp IS Low) AND (Length IS High),High,0.0,0.0,4657.05626731665,0.0,3316.0427122472074,0.2122641509433962,0.8,0.1212121212121212,3472.0
53,all,R9,IF (PointsAjust IS Medium) AND (TeamExp IS High) AND (Length IS Low),Low,0.735483870967742,0.6407463205469928,3302.2267450093514,2115.889636476614,3316.0427122472074,0.2122641509433962,0.8,0.1212121212121212,3472.0
53,all,R10,IF (PointsAjust IS Medium) AND (TeamExp IS High) AND (Length IS Medium),Medium,0.0,0.0,4247.469042700755,0.0,3316.0427122472074,0.2122641509433962,0.8,0.1212121212121212,3472.0
53,all,R11,IF (PointsAjust IS Medium) AND (TeamExp IS High) AND (Length IS High),Medium,0.0,0.0,4247.469042700755,0.0,3316.0427122472074,0.2122641509433962,0.8,0.1212121212121212,3472.0
53,all,R12,IF (PointsAjust IS Medium) AND (TeamExp IS Medium) AND (Length IS Low),Medium,0.0,0.0,4247.469042700755,0.0,3316.0427122472074,0.2122641509433962,0.8,0.1212121212121212,3472.0
53,all,R13,IF (PointsAjust IS Medium) AND (TeamExp IS Medium) AND (Length IS Medium),Medium,0.0,0.0,4247.469042700755,0.0,3316.0427122472074,0.2122641509433962,0.8,0.1212121212121212,3472.0
53,all,R14,IF (PointsAjust IS Medium) AND (TeamExp IS Medium) AND (Length IS High),High,0.0,0.0,4657.05626731665,0.0,3316.0427122472074,0.2122641509433962,0.8,0.1212121212121212,3472.0
53,all,R15,IF (PointsAjust IS Medium) AND (TeamExp IS Low) AND (Length IS Medium),High,0.0,0.0,4657.05626731665,0.0,3316.0427122472074,0.2122641509433962,0.8,0.1212121212121212,3472.0
53,all,R16,IF (PointsAjust IS Medium) AND (TeamExp IS Low) AND (Length IS High),High,0.0,0.0,4657.05626731665,0.0,3316.0427122472074,0.2122641509433962,0.8,0.1212121212121212,3472.0
53,all,R17,IF (PointsAjust IS High) AND (TeamExp IS High) AND (Length IS Medium),Medium,0.0,0.0,4247.469042700755,0.0,3316.0427122472074,0.2122641509433962,0.8,0.1212121212121212,3472.0
53,all,R18,IF (PointsAjust IS High) AND (TeamExp IS Medium) AND (Length IS Medium),High,0.0,0.0,4657.05626731665,0.0,3316.0427122472074,0.2122641509433962,0.8,0.1212121212121212,3472.0
53,all,R19,IF (PointsAjust IS High) AND (TeamExp IS Low) AND (Length IS Medium),High,0.0,0.0,4657.05626731665,0.0,3316.0427122472074,0.2122641509433962,0.8,0.1212121212121212,3472.0
53,all,R20,IF (PointsAjust IS High) AND (TeamExp IS Low) AND (Length IS High),Very_High,0.0,0.0,16387.31063758218,0.0,3316.0427122472074,0.2122641509433962,0.8,0.1212121212121212,3472.0
54,all,R1,IF (PointsAjust IS Low) AND (TeamExp IS High) AND (Length IS Low),Very_Low,0.0,0.05,2430.818682024528,121.5409341012264,1958.8318173642785,0.0,0.4,0.1515151515151515,1575.0
54,all,R2,IF (PointsAjust IS Low) AND (TeamExp IS High) AND (Length IS Medium),Low,0.0,0.05,-3757.7782580810217,-187.8889129040511,1958.8318173642785,0.0,0.4,0.1515151515151515,1575.0
54,all,R3,IF (PointsAjust IS Low) AND (TeamExp IS High) AND (Length IS High),Medium,0.0,0.05,2495.0439397016894,124.75219698508448,1958.8318173642785,0.0,0.4,0.1515151515151515,1575.0
54,all,R4,IF (PointsAjust IS Low) AND (TeamExp IS Medium) AND (Length IS Low),Low,0.0,0.05,-3757.7782580810217,-187.8889129040511,1958.8318173642785,0.0,0.4,0.1515151515151515,1575.0
54,all,R5,IF (PointsAjust IS Low) AND (TeamExp IS Medium) AND (Length IS Medium),Medium,0.0,0.05,2495.0439397016894,124.75219698508448,1958.8318173642785,0.0,0.4,0.1515151515151515,1575.0
54,all,R6,IF (PointsAjust IS Low) AND (TeamExp IS Medium) AND (Length IS High),Medium,0.0,0.05,2495.0439397016894,124.75219698508448,1958.8318173642785,0.0,0.4,0.1515151515151515,1575.0
54,all,R7,IF (PointsAjust IS Low) AND (TeamExp IS Low) AND (Length IS Medium),Medium,0.0,0.05,2495.0439397016894,124.75219698508448,1958.8318173642785,0.0,0.4,0.1515151515151515,1575.0
54,all,R8,IF (PointsAjust IS Low) AND (TeamExp IS Low) AND (Length IS High),High,0.0,0.05,2641.7353501432535,132.08676750716268,1958.8318173642785,0.0,0.4,0.1515151515151515,1575.0
54,all,R9,IF (PointsAjust IS Medium) AND (TeamExp IS High) AND (Length IS Low),Low,0.0,0.05,-3757.7782580810217,-187.8889129040511,1958.8318173642785,0.0,0.4,0.1515151515151515,1575.0
54,all,R10,IF (PointsAjust IS Medium) AND (TeamExp IS High) AND (Length IS Medium),Medium,0.0,0.05,2495.0439397016894,124.75219698508448,1958.8318173642785,0.0,0.4,0.1515151515151515,1575.0
54,all,R11,IF (PointsAjust IS Medium) AND (TeamExp IS High) AND (Length IS High),Medium,0.0,0.05,2495.0439397016894,124.75219698508448,1958.8318173642785,0.0,0.4,0.1515151515151515,1575.0
54,all,R12,IF (PointsAjust IS Medium) AND (TeamExp IS Medium) AND (Length IS Low),Medium,0.0,0.05,2495.0439397016894,124.75219698508448,1958.8318173642785,0.0,0.4,0.1515151515151515,1575.0
54,all,R13,IF (PointsAjust IS Medium) AND (TeamExp IS Medium) AND (Length IS Medium),Medium,0.0,0.05,2495.0439397016894,124.75219698508448,1958.8318173642785,0.0,0.4,0.1515151515151515,1575.0
54,all,R14,IF (PointsAjust IS Medium) AND (TeamExp IS Medium) AND (Length IS High),High,0.0,0.05,2641.7353501432535,132.08676750716268,1958.8318173642785,0.0,0.4,0.1515151515151515,1575.0
54,all,R15,IF (PointsAjust IS Medium) AND (TeamExp IS Low) AND (Length IS Medium),High,0.0,0.05,2641.7353501432535,132.08676750716268,1958.8318173642785,0.0,0.4,0.1515151515151515,1575.0
54,all,R16,IF (PointsAjust IS Medium) AND (TeamExp IS Low) AND (Length IS High),High,0.0,0.05,2641.7353501432535,132.08676750716268,1958.8318173642785,0.0,0.4,0.1515151515151515,1575.0
54,all,R17,IF (PointsAjust IS High) AND (TeamExp IS High) AND (Length IS Medium),Medium,0.0,0.05,2495.0439397016894,124.75219698508448,1958.8318173642785,0.0,0.4,0.1515151515151515,1575.0
54,all,R18,IF (PointsAjust IS High) AND (TeamExp IS Medium) AND (Length IS Medium),High,0.0,0.05,2641.7353501432535,132.08676750716268,1958.8318173642785,0.0,0.4,0.1515151515151515,1575.0
54,all,R19,IF (PointsAjust IS High) AND (TeamExp IS Low) AND (Length IS Medium),High,0.0,0.05,2641.7353501432535,132.08676750716268,1958.8318173642785,0.0,0.4,0.1515151515151515,1575.0
54,all,R20,IF (PointsAjust IS High) AND (TeamExp IS Low) AND (Length IS High),Very_High,0.0,0.05,9713.344881329376,485.6672440664688,1958.8318173642785,0.0,0.4,0.1515151515151515,1575.0
55,all,R1,IF (PointsAjust IS Low) AND (TeamExp IS High) AND (Length IS Low),Very_Low,0.0,0.0,4662.593299004544,0.0,3986.492431033253,0.2248427672955975,0.4,0.3333333333333333,2926.0
55,all,R2,IF (PointsAjust IS Low) AND (TeamExp IS High) AND (Length IS Medium),Low,0.0,0.0,-1355.0983754152203,-0.0,3986.492431033253,0.2248427672955975,0.4,0.3333333333333333,2926.0
55,all,R3,IF (PointsAjust IS Low) AND (TeamExp IS High) AND (Length IS High),Medium,0.0,0.0,2197.2584595192766,0.0,3986.492431033253,0.2248427672955975,0.4,0.3333333333333333,2926.0
55,all,R4,IF (PointsAjust IS Low) AND (TeamExp IS Medium) AND (Length IS Low),Low,0.0,0.0,-1355.0983754152203,-0.0,3986.492431033253,0.2248427672955975,0.4,0.3333333333333333,2926.0
55,all,R5,IF (PointsAjust IS Low) AND (TeamExp IS Medium) AND (Length IS Medium),Medium,0.0,0.0,2197.2584595192766,0.0,3986.492431033253,0.2248427672955975,0.4,0.3333333333333333,2926.0
55,all,R6,IF (PointsAjust IS Low) AND (TeamExp IS Medium) AND (Length IS High),Medium,0.0,0.0,2197.2584595192766,0.0,3986.492431033253,0.2248427672955975,0.4,0.3333333333333333,2926.0
55,all,R7,IF (PointsAjust IS Low) AND (TeamExp IS Low) AND (Length IS Medium),Medium,0.10150674068199829,0.0821234542350079,2197.2584595192766,180.44645454281527,3986.492431033253,0.2248427672955975,0.4,0.3333333333333333,2926.0
55,all,R8,IF (PointsAjust IS Low) AND (TeamExp IS Low) AND (Length IS High),High,0.24742268041237103,0.20017591969783194,4146.577221142892,830.0449088403586,3986.492431033253,0.2248427672955975,0.4,0.3333333333333333,2926.0
55,all,R9,IF (PointsAjust IS Medium) AND (TeamExp IS High) AND (Length IS Low),Low,0.0,0.0,-1355.0983754152203,-0.0,3986.492431033253,0.2248427672955975,0.4,0.3333333333333333,2926.0
55,all,R10,IF (PointsAjust IS Medium) AND (TeamExp IS High) AND (Length IS Medium),Medium,0.0,0.0,2197.2584595192766,0.0,3986.492431033253,0.2248427672955975,0.4,0.3333333333333333,2926.0
55,all,R11,IF (PointsAjust IS Medium) AND (TeamExp IS High) AND (Length IS High),Medium,0.0,0.0,2197.2584595192766,0.0,3986.492431033253,0.2248427672955975,0.4,0.3333333333333333,2926.0
55,all,R12,IF (PointsAjust IS Medium) AND (TeamExp IS Medium) AND (Length IS Low),Medium,0.0,0.0,2197.2584595192766,0.0,3986.492431033253,0.2248427672955975,0.4,0.3333333333333333,2926.0
55,all,R13,IF (PointsAjust IS Medium) AND (TeamExp IS Medium) AND (Length IS Medium),Medium,0.0,0.0,2197.2584595192766,0.0,3986.492431033253,0.2248427672955975,0.4,0.3333333333333333,2926.0
55,all,R14,IF (PointsAjust IS Medium) AND (TeamExp IS Medium) AND (Length IS High),High,0.0,0.0,4146.577221142892,0.0,3986.492431033253,0.2248427672955975,0.4,0.3333333333333333,2926.0
55,all,R15,IF (PointsAjust IS Medium) AND (TeamExp IS Low) AND (Length IS Medium),High,0.25806451612903225,0.20878563667408284,4146.577221142892,865.7457651345679,3986.492431033253,0.2248427672955975,0.4,0.3333333333333333,2926.0
55,all,R16,IF (PointsAjust IS Medium) AND (TeamExp IS Low) AND (Length IS High),High,0.6290322580645166,0.5089149893930773,4146.577221142892,2110.255302515511,3986.492431033253,0.2248427672955975,0.4,0.3333333333333333,2926.0
55,all,R17,IF (PointsAjust IS High) AND (TeamExp IS High) AND (Length IS Medium),Medium,0.0,0.0,2197.2584595192766,0.0,3986.492431033253,0.2248427672955975,0.4,0.3333333333333333,2926.0
55,all,R18,IF (PointsAjust IS High) AND (TeamExp IS Medium) AND (Length IS Medium),High,0.0,0.0,4146.577221142892,0.0,3986.492431033253,0.2248427672955975,0.4,0.3333333333333333,2926.0
55,all,R19,IF (PointsAjust IS High) AND (TeamExp IS Low) AND (Length IS Medium),High,0.0,0.0,4146.577221142892,0.0,3986.492431033253,0.2248427672955975,0.4,0.3333333333333333,2926.0
55,all,R20,IF (PointsAjust IS High) AND (TeamExp IS Low) AND (Length IS High),Very_High,0.0,0.0,9815.091105849602,0.0,3986.492431033253,0.2248427672955975,0.4,0.3333333333333333,2926.0
56,all,R1,IF (PointsAjust IS Low) AND (TeamExp IS High) AND (Length IS Low),Very_Low,1.0,1.0,2138.8112129301153,2138.8112129301153,2138.8112129301153,0.0864779874213836,0.8,0.1515151515151515,1876.0
56,all,R2,IF (PointsAjust IS Low) AND (TeamExp IS High) AND (Length IS Medium),Low,0.0,0.0,1661.8933828029476,0.0,2138.8112129301153,0.0864779874213836,0.8,0.1515151515151515,1876.0
56,all,R3,IF (PointsAjust IS Low) AND (TeamExp IS High) AND (Length IS High),Medium,0.0,0.0,3927.1356414583165,0.0,2138.8112129301153,0.0864779874213836,0.8,0.1515151515151515,1876.0
56,all,R4,IF (PointsAjust IS Low) AND (TeamExp IS Medium) AND (Length IS Low),Low,0.0,0.0,1661.8933828029476,0.0,2138.8112129301153,0.0864779874213836,0.8,0.1515151515151515,1876.0
56,all,R5,IF (PointsAjust IS Low) AND (TeamExp IS Medium) AND (Length IS Medium),Medium,0.0,0.0,3927.1356414583165,0.0,2138.8112129301153,0.0864779874213836,0.8,0.1515151515151515,1876.0
56,all,R6,IF (PointsAjust IS Low) AND (TeamExp IS Medium) AND (Length IS High),Medium,0.0,0.0,3927.1356414583165,0.0,2138.8112129301153,0.0864779874213836,0.8,0.1515151515151515,1876.0
56,all,R7,IF (PointsAjust IS Low) AND (TeamExp IS Low) AND (Length IS Medium),Medium,0.0,0.0,3927.1356414583165,0.0,2138.8112129301153,0.0864779874213836,0.8,0.1515151515151515,1876.0
56,all,R8,IF (PointsAjust IS Low) AND (TeamExp IS Low) AND (Length IS High),High,0.0,0.0,4208.890258732112,0.0,2138.8112129301153,0.0864779874213836,0.8,0.1515151515151515,1876.0
56,all,R9,IF (PointsAjust IS Medium) AND (TeamExp IS High) AND (Length IS Low),Low,0.0,0.0,1661.8933828029476,0.0,2138.8112129301153,0.0864779874213836,0.8,0.1515151515151515,1876.0
56,all,R10,IF (PointsAjust IS Medium) AND (TeamExp IS High) AND (Length IS Medium),Medium,0.0,0.0,3927.1356414583165,0.0,2138.8112129301153,0.0864779874213836,0.8,0.1515151515151515,1876.0
56,all,R11,IF (PointsAjust IS Medium) AND (TeamExp IS High) AND (Length IS High),Medium,0.0,0.0,3927.1356414583165,0.0,2138.8112129301153,0.0864779874213836,0.8,0.1515151515151515,1876.0
56,all,R12,IF (PointsAjust IS Medium) AND (TeamExp IS Medium) AND (Length IS Low),Medium,0.0,0.0,3927.1356414583165,0.0,2138.8112129301153,0.0864779874213836,0.8,0.1515151515151515,1876.0
56,all,R13,IF (PointsAjust IS Medium) AND (TeamExp IS Medium) AND (Length IS Medium),Medium,0.0,0.0,3927.1356414583165,0.0,2138.8112129301153,0.0864779874213836,0.8,0.1515151515151515,1876.0
56,all,R14,IF (PointsAjust IS Medium) AND (TeamExp IS Medium) AND (Length IS High),High,0.0,0.0,4208.890258732112,0.0,2138.8112129301153,0.0864779874213836,0.8,0.1515151515151515,1876.0
56,all,R15,IF (PointsAjust IS Medium) AND (TeamExp IS Low) AND (Length IS Medium),High,0.0,0.0,4208.890258732112,0.0,2138.8112129301153,0.0864779874213836,0.8,0.1515151515151515,1876.0
56,all,R16,IF (PointsAjust IS Medium) AND (TeamExp IS Low) AND (Length IS High),High,0.0,0.0,4208.890258732112,0.0,2138.8112129301153,0.0864779874213836,0.8,0.1515151515151515,1876.0
56,all,R17,IF (PointsAjust IS High) AND (TeamExp IS High) AND (Length IS Medium),Medium,0.0,0.0,3927.1356414583165,0.0,2138.8112129301153,0.0864779874213836,0.8,0.1515151515151515,1876.0
56,all,R18,IF (PointsAjust IS High) AND (TeamExp IS Medium) AND (Length IS Medium),High,0.0,0.0,4208.890258732112,0.0,2138.8112129301153,0.0864779874213836,0.8,0.1515151515151515,1876.0
56,all,R19,IF (PointsAjust IS High) AND (TeamExp IS Low) AND (Length IS Medium),High,0.0,0.0,4208.890258732112,0.0,2138.8112129301153,0.0864779874213836,0.8,0.1515151515151515,1876.0
56,all,R20,IF (PointsAjust IS High) AND (TeamExp IS Low) AND (Length IS High),Very_High,0.0,0.0,15511.723423709715,0.0,2138.8112129301153,0.0864779874213836,0.8,0.1515151515151515,1876.0
57,all,R1,IF (PointsAjust IS Low) AND (TeamExp IS High) AND (Length IS Low),Very_Low,0.0,0.05,3602.376981231033,180.11884906155166,2572.6976348887893,0.1226415094339622,0.4,0.1212121212121212,2520.0
57,all,R2,IF (PointsAjust IS Low) AND (TeamExp IS High) AND (Length IS Medium),Low,0.0,0.05,-2156.753660099029,-107.83768300495144,2572.6976348887893,0.1226415094339622,0.4,0.1212121212121212,2520.0
57,all,R3,IF (PointsAjust IS Low) AND (TeamExp IS High) AND (Length IS High),Medium,0.0,0.05,2810.1631678228687,140.50815839114344,2572.6976348887893,0.1226415094339622,0.4,0.1212121212121212,2520.0
57,all,R4,IF (PointsAjust IS Low) AND (TeamExp IS Medium) AND (Length IS Low),Low,0.0,0.05,-2156.753660099029,-107.83768300495144,2572.6976348887893,0.1226415094339622,0.4,0.1212121212121212,2520.0
57,all,R5,IF (PointsAjust IS Low) AND (TeamExp IS Medium) AND (Length IS Medium),Medium,0.0,0.05,2810.1631678228687,140.50815839114344,2572.6976348887893,0.1226415094339622,0.4,0.1212121212121212,2520.0
57,all,R6,IF (PointsAjust IS Low) AND (TeamExp IS Medium) AND (Length IS High),Medium,0.0,0.05,2810.1631678228687,140.50815839114344,2572.6976348887893,0.1226415094339622,0.4,0.1212121212121212,2520.0
57,all,R7,IF (PointsAjust IS Low) AND (TeamExp IS Low) AND (Length IS Medium),Medium,0.0,0.05,2810.1631678228687,140.50815839114344,2572.6976348887893,0.1226415094339622,0.4,0.1212121212121212,2520.0
57,all,R8,IF (PointsAjust IS Low) AND (TeamExp IS Low) AND (Length IS High),High,0.0,0.05,3076.4379946105933,153.82189973052968,2572.6976348887893,0.1226415094339622,0.4,0.1212121212121212,2520.0
57,all,R9,IF (PointsAjust IS Medium) AND (TeamExp IS High) AND (Length IS Low),Low,0.0,0.05,-2156.753660099029,-107.83768300495144,2572.6976348887893,0.1226415094339622,0.4,0.1212121212121212,2520.0
57,all,R10,IF (PointsAjust IS Medium) AND (TeamExp IS High) AND (Length IS Medium),Medium,0.0,0.05,2810.1631678228687,140.50815839114344,2572.6976348887893,0.1226415094339622,0.4,0.1212121212121212,2520.0
57,all,R11,IF (PointsAjust IS Medium) AND (TeamExp IS High) AND (Length IS High),Medium,0.0,0.05,2810.1631678228687,140.50815839114344,2572.6976348887893,0.1226415094339622,0.4,0.1212121212121212,2520.0
57,all,R12,IF (PointsAjust IS Medium) AND (TeamExp IS Medium) AND (Length IS Low),Medium,0.0,0.05,2810.1631678228687,140.50815839114344,2572.6976348887893,0.1226415094339622,0.4,0.1212121212121212,2520.0
57,all,R13,IF (PointsAjust IS Medium) AND (TeamExp IS Medium) AND (Length IS Medium),Medium,0.0,0.05,2810.1631678228687,140.50815839114344,2572.6976348887893,0.1226415094339622,0.4,0.1212121212121212,2520.0
57,all,R14,IF (PointsAjust IS Medium) AND (TeamExp IS Medium) AND (Length IS High),High,0.0,0.05,3076.4379946105933,153.82189973052968,2572.6976348887893,0.1226415094339622,0.4,0.1212121212121212,2520.0
57,all,R15,IF (PointsAjust IS Medium) AND (TeamExp IS Low) AND (Length IS Medium),High,0.0,0.05,3076.4379946105933,153.82189973052968,2572.6976348887893,0.1226415094339622,0.4,0.1212121212121212,2520.0
57,all,R16,IF (PointsAjust IS Medium) AND (TeamExp IS Low) AND (Length IS High),High,0.0,0.05,3076.4379946105933,153.82189973052968,2572.6976348887893,0.1226415094339622,0.4,0.1212121212121212,2520.0
57,all,R17,IF (PointsAjust IS High) AND (TeamExp IS High) AND (Length IS Medium),Medium,0.0,0.05,2810.1631678228687,140.50815839114344,2572.6976348887893,0.1226415094339622,0.4,0.1212121212121212,2520.0
57,all,R18,IF (PointsAjust IS High) AND (TeamExp IS Medium) AND (Length IS Medium),High,0.0,0.05,3076.4379946105933,153.82189973052968,2572.6976348887893,0.1226415094339622,0.4,0.1212121212121212,2520.0
57,all,R19,IF (PointsAjust IS High) AND (TeamExp IS Low) AND (Length IS Medium),High,0.0,0.05,3076.4379946105933,153.82189973052968,2572.6976348887893,0.1226415094339622,0.4,0.1212121212121212,2520.0
57,all,R20,IF (PointsAjust IS High) AND (TeamExp IS Low) AND (Length IS High),Very_High,0.0,0.05,10571.740218772451,528.5870109386226,2572.6976348887893,0.1226415094339622,0.4,0.1212121212121212,2520.0
58,all,R1,IF (PointsAjust IS Low) AND (TeamExp IS High) AND (Length IS Low),Very_Low,0.0,0.0,1590.3421173034928,0.0,3778.692930932284,0.080188679245283,1.0,0.3636363636363636,1603.0
58,all,R2,IF (PointsAjust IS Low) AND (TeamExp IS High) AND (Length IS Medium),Low,0.0,0.0,3276.736614100875,0.0,3778.692930932284,0.080188679245283,1.0,0.3636363636363636,1603.0
58,all,R3,IF (PointsAjust IS Low) AND (TeamExp IS High) AND (Length IS High),Medium,1.0,1.0,3778.6929309322845,3778.6929309322845,3778.692930932284,0.080188679245283,1.0,0.3636363636363636,1603.0
58,all,R4,IF (PointsAjust IS Low) AND (TeamExp IS Medium) AND (Length IS Low),Low,0.0,0.0,3276.736614100875,0.0,3778.692930932284,0.080188679245283,1.0,0.3636363636363636,1603.0
58,all,R5,IF (PointsAjust IS Low) AND (TeamExp IS Medium) AND (Length IS Medium),Medium,0.0,0.0,3778.6929309322845,0.0,3778.692930932284,0.080188679245283,1.0,0.3636363636363636,1603.0
58,all,R6,IF (PointsAjust IS Low) AND (TeamExp IS Medium) AND (Length IS High),Medium,0.0,0.0,3778.6929309322845,0.0,3778.692930932284,0.080188679245283,1.0,0.3636363636363636,1603.0
58,all,R7,IF (PointsAjust IS Low) AND (TeamExp IS Low) AND (Length IS Medium),Medium,0.0,0.0,3778.6929309322845,0.0,3778.692930932284,0.080188679245283,1.0,0.3636363636363636,1603.0
58,all,R8,IF (PointsAjust IS Low) AND (TeamExp IS Low) AND (Length IS High),High,0.0,0.0,5412.9996209040855,0.0,3778.692930932284,0.080188679245283,1.0,0.3636363636363636,1603.0
58,all,R9,IF (PointsAjust IS Medium) AND (TeamExp IS High) AND (Length IS Low),Low,0.0,0.0,3276.736614100875,0.0,3778.692930932284,0.080188679245283,1.0,0.3636363636363636,1603.0
58,all,R10,IF (PointsAjust IS Medium) AND (TeamExp IS High) AND (Length IS Medium),Medium,0.0,0.0,3778.6929309322845,0.0,3778.692930932284,0.080188679245283,1.0,0.3636363636363636,1603.0
58,all,R11,IF (PointsAjust IS Medium) AND (TeamExp IS High) AND (Length IS High),Medium,0.0,0.0,3778.6929309322845,0.0,3778.692930932284,0.080188679245283,1.0,0.3636363636363636,1603.0
58,all,R12,IF (PointsAjust IS Medium) AND (TeamExp IS Medium) AND (Length IS Low),Medium,0.0,0.0,3778.6929309322845,0.0,3778.692930932284,0.080188679245283,1.0,0.3636363636363636,1603.0
58,all,R13,IF (PointsAjust IS Medium) AND (TeamExp IS Medium) AND (Length IS Medium),Medium,0.0,0.0,3778.6929309322845,0.0,3778.692930932284,0.080188679245283,1.0,0.3636363636363636,1603.0
58,all,R14,IF (PointsAjust IS Medium) AND (TeamExp IS Medium) AND (Length IS High),High,0.0,0.0,5412.9996209040855,0.0,3778.692930932284,0.080188679245283,1.0,0.3636363636363636,1603.0
58,all,R15,IF (PointsAjust IS Medium) AND (TeamExp IS Low) AND (Length IS Medium),High,0.0,0.0,5412.9996209040855,0.0,3778.692930932284,0.080188679245283,1.0,0.3636363636363636,1603.0
58,all,R16,IF (PointsAjust IS Medium) AND (TeamExp IS Low) AND (Length IS High),High,0.0,0.0,5412.9996209040855,0.0,3778.692930932284,0.080188679245283,1.0,0.3636363636363636,1603.0
58,all,R17,IF (PointsAjust IS High) AND (TeamExp IS High) AND (Length IS Medium),Medium,0.0,0.0,3778.6929309322845,0.0,3778.692930932284,0.080188679245283,1.0,0.3636363636363636,1603.0
58,all,R18,IF (PointsAjust IS High) AND (TeamExp IS Medium) AND (Length IS Medium),High,0.0,0.0,5412.9996209040855,0.0,3778.692930932284,0.080188679245283,1.0,0.3636363636363636,1603.0
58,all,R19,IF (PointsAjust IS High) AND (TeamExp IS Low) AND (Length IS Medium),High,0.0,0.0,5412.9996209040855,0.0,3778.692930932284,0.080188679245283,1.0,0.3636363636363636,1603.0
58,all,R20,IF (PointsAjust IS High) AND (TeamExp IS Low) AND (Length IS High),Very_High,0.0,0.0,16824.755544258955,0.0,3778.692930932284,0.080188679245283,1.0,0.3636363636363636,1603.0
59,all,R1,IF (PointsAjust IS Low) AND (TeamExp IS High) AND (Length IS Low),Very_Low,0.0,0.0,5923.271475926303,0.0,4364.027653768993,0.360062893081761,0.4,0.2121212121212121,3626.0
59,all,R2,IF (PointsAjust IS Low) AND (TeamExp IS High) AND (Length IS Medium),Low,0.0,0.0,607.1096591542373,0.0,4364.027653768993,0.360062893081761,0.4,0.2121212121212121,3626.0
59,all,R3,IF (PointsAjust IS Low) AND (TeamExp IS High) AND (Length IS High),Medium,0.0,0.0,2868.533809301713,0.0,4364.027653768993,0.360062893081761,0.4,0.2121212121212121,3626.0
59,all,R4,IF (PointsAjust IS Low) AND (TeamExp IS Medium) AND (Length IS Low),Low,0.0,0.0,607.1096591542373,0.0,4364.027653768993,0.360062893081761,0.4,0.2121212121212121,3626.0
59,all,R5,IF (PointsAjust IS Low) AND (TeamExp IS Medium) AND (Length IS Medium),Medium,0.0,0.0,2868.533809301713,0.0,4364.027653768993,0.360062893081761,0.4,0.2121212121212121,3626.0
59,all,R6,IF (PointsAjust IS Low) AND (TeamExp IS Medium) AND (Length IS High),Medium,0.0,0.0,2868.533809301713,0.0,4364.027653768993,0.360062893081761,0.4,0.2121212121212121,3626.0
59,all,R7,IF (PointsAjust IS Low) AND (TeamExp IS Low) AND (Length IS Medium),Medium,0.0,0.0,2868.533809301713,0.0,4364.027653768993,0.360062893081761,0.4,0.2121212121212121,3626.0
59,all,R8,IF (PointsAjust IS Low) AND (TeamExp IS Low) AND (Length IS High),High,0.0,0.0,4364.027653768993,0.0,4364.027653768993,0.360062893081761,0.4,0.2121212121212121,3626.0
59,all,R9,IF (PointsAjust IS Medium) AND (TeamExp IS High) AND (Length IS Low),Low,0.0,0.0,607.1096591542373,0.0,4364.027653768993,0.360062893081761,0.4,0.2121212121212121,3626.0
59,all,R10,IF (PointsAjust IS Medium) AND (TeamExp IS High) AND (Length IS Medium),Medium,0.0,0.0,2868.533809301713,0.0,4364.027653768993,0.360062893081761,0.4,0.2121212121212121,3626.0
59,all,R11,IF (PointsAjust IS Medium) AND (TeamExp IS High) AND (Length IS High),Medium,0.0,0.0,2868.533809301713,0.0,4364.027653768993,0.360062893081761,0.4,0.2121212121212121,3626.0
59,all,R12,IF (PointsAjust IS Medium) AND (TeamExp IS Medium) AND (Length IS Low),Medium,0.0,0.0,2868.533809301713,0.0,4364.027653768993,0.360062893081761,0.4,0.2121212121212121,3626.0
59,all,R13,IF (PointsAjust IS Medium) AND (TeamExp IS Medium) AND (Length IS Medium),Medium,0.0,0.0,2868.533809301713,0.0,4364.027653768993,0.360062893081761,0.4,0.2121212121212121,3626.0
59,all,R14,IF (PointsAjust IS Medium) AND (TeamExp IS Medium) AND (Length IS High),High,0.0,0.0,4364.027653768993,0.0,4364.027653768993,0.360062893081761,0.4,0.2121212121212121,3626.0
59,all,R15,IF (PointsAjust IS Medium) AND (TeamExp IS Low) AND (Length IS Medium),High,0.36467236467236513,0.37209302325581434,4364.027653768993,1623.8242432628829,4364.027653768993,0.360062893081761,0.4,0.2121212121212121,3626.0
59,all,R16,IF (PointsAjust IS Medium) AND (TeamExp IS Low) AND (Length IS High),High,0.0,0.0,4364.027653768993,0.0,4364.027653768993,0.360062893081761,0.4,0.2121212121212121,3626.0
59,all,R17,IF (PointsAjust IS High) AND (TeamExp IS High) AND (Length IS Medium),Medium,0.0,0.0,2868.533809301713,0.0,4364.027653768993,0.360062893081761,0.4,0.2121212121212121,3626.0
59,all,R18,IF (PointsAjust IS High) AND (TeamExp IS Medium) AND (Length IS Medium),High,0.0,0.0,4364.027653768993,0.0,4364.027653768993,0.360062893081761,0.4,0.2121212121212121,3626.0
59,all,R19,IF (PointsAjust IS High) AND (TeamExp IS Low) AND (Length IS Medium),High,0.6153846153846151,0.6279069767441856,4364.027653768993,2740.2034105061102,4364.027653768993,0.360062893081761,0.4,0.2121212121212121,3626.0
59,all,R20,IF (PointsAjust IS High) AND (TeamExp IS Low) AND (Length IS High),Very_High,0.0,0.0,11305.990419100825,0.0,4364.027653768993,0.360062893081761,0.4,0.2121212121212121,3626.0
60,all,R1,IF (PointsAjust IS Low) AND (TeamExp IS High) AND (Length IS Low),Very_Low,0.0,0.0,5654.698976665089,0.0,5076.664325762327,0.3883647798742138,0.6,0.2727272727272727,6783.0
60,all,R2,IF (PointsAjust IS Low) AND (TeamExp IS High) AND (Length IS Medium),Low,0.0,0.0,2994.2632630703883,0.0,5076.664325762327,0.3883647798742138,0.6,0.2727272727272727,6783.0
60,all,R3,IF (PointsAjust IS Low) AND (TeamExp IS High) AND (Length IS High),Medium,0.0,0.0,3336.2793850698986,0.0,5076.664325762327,0.3883647798742138,0.6,0.2727272727272727,6783.0
60,all,R4,IF (PointsAjust IS Low) AND (TeamExp IS Medium) AND (Length IS Low),Low,0.0,0.0,2994.2632630703883,0.0,5076.664325762327,0.3883647798742138,0.6,0.2727272727272727,6783.0
60,all,R5,IF (PointsAjust IS Low) AND (TeamExp IS Medium) AND (Length IS Medium),Medium,0.0,0.0,3336.2793850698986,0.0,5076.664325762327,0.3883647798742138,0.6,0.2727272727272727,6783.0
60,all,R6,IF (PointsAjust IS Low) AND (TeamExp IS Medium) AND (Length IS High),Medium,0.0,0.0,3336.2793850698986,0.0,5076.664325762327,0.3883647798742138,0.6,0.2727272727272727,6783.0
60,all,R7,IF (PointsAjust IS Low) AND (TeamExp IS Low) AND (Length IS Medium),Medium,0.0,0.0,3336.2793850698986,0.0,5076.664325762327,0.3883647798742138,0.6,0.2727272727272727,6783.0
60,all,R8,IF (PointsAjust IS Low) AND (TeamExp IS Low) AND (Length IS High),High,0.0,0.0,5264.391240713421,0.0,5076.664325762327,0.3883647798742138,0.6,0.2727272727272727,6783.0
60,all,R9,IF (PointsAjust IS Medium) AND (TeamExp IS High) AND (Length IS Low),Low,0.0,0.0,2994.2632630703883,0.0,5076.664325762327,0.3883647798742138,0.6,0.2727272727272727,6783.0
60,all,R10,IF (PointsAjust IS Medium) AND (TeamExp IS High) AND (Length IS Medium),Medium,0.0,0.0,3336.2793850698986,0.0,5076.664325762327,0.3883647798742138,0.6,0.2727272727272727,6783.0
60,all,R11,IF (PointsAjust IS Medium) AND (TeamExp IS High) AND (Length IS High),Medium,0.0,0.0,3336.2793850698986,0.0,5076.664325762327,0.3883647798742138,0.6,0.2727272727272727,6783.0
60,all,R12,IF (PointsAjust IS Medium) AND (TeamExp IS Medium) AND (Length IS Low),Medium,0.0,0.0,3336.2793850698986,0.0,5076.664325762327,0.3883647798742138,0.6,0.2727272727272727,6783.0
60,all,R13,IF (PointsAjust IS Medium) AND (TeamExp IS Medium) AND (Length IS Medium),Medium,0.09467455621301829,0.09736308316430071,3336.2793850698986,324.8304472279026,5076.664325762327,0.3883647798742138,0.6,0.2727272727272727,6783.0
60,all,R14,IF (PointsAjust IS Medium) AND (TeamExp IS Medium) AND (Length IS High),High,0.025641025641025793,0.026369168356998117,5264.391240713421,138.8176189234784,5076.664325762327,0.3883647798742138,0.6,0.2727272727272727,6783.0
60,all,R15,IF (PointsAjust IS Medium) AND (TeamExp IS Low) AND (Length IS Medium),High,0.0,0.0,5264.391240713421,0.0,5076.664325762327,0.3883647798742138,0.6,0.2727272727272727,6783.0
60,all,R16,IF (PointsAjust IS Medium) AND (TeamExp IS Low) AND (Length IS High),High,0.0,0.0,5264.391240713421,0.0,5076.664325762327,0.3883647798742138,0.6,0.2727272727272727,6783.0
60,all,R17,IF (PointsAjust IS High) AND (TeamExp IS High) AND (Length IS Medium),Medium,0.0,0.0,3336.2793850698986,0.0,5076.664325762327,0.3883647798742138,0.6,0.2727272727272727,6783.0
60,all,R18,IF (PointsAjust IS High) AND (TeamExp IS Medium) AND (Length IS Medium),High,0.8520710059171595,0.8762677484787011,5264.391240713421,4613.016259610946,5076.664325762327,0.3883647798742138,0.6,0.2727272727272727,6783.0
60,all,R19,IF (PointsAjust IS High) AND (TeamExp IS Low) AND (Length IS Medium),High,0.0,0.0,5264.391240713421,0.0,5076.664325762327,0.3883647798742138,0.6,0.2727272727272727,6783.0
60,all,R20,IF (PointsAjust IS High) AND (TeamExp IS Low) AND (Length IS High),Very_High,0.0,0.0,13747.693963857666,0.0,5076.664325762327,0.3883647798742138,0.6,0.2727272727272727,6783.0
61,all,R1,IF (PointsAjust IS Low) AND (TeamExp IS High) AND (Length IS Low),Very_Low,0.0,0.05,2506.6052975091343,125.33026487545672,1995.474387125651,0.0078616352201257,0.4,0.1515151515151515,1267.0
61,all,R2,IF (PointsAjust IS Low) AND (TeamExp IS High) AND (Length IS Medium),Low,0.0,0.05,-3659.506347519994,-182.9753173759997,1995.474387125651,0.0078616352201257,0.4,0.1515151515151515,1267.0
61,all,R3,IF (PointsAjust IS Low) AND (TeamExp IS High) AND (Length IS High),Medium,0.0,0.05,2508.079372504837,125.40396862524186,1995.474387125651,0.0078616352201257,0.4,0.1515151515151515,1267.0
61,all,R4,IF (PointsAjust IS Low) AND (TeamExp IS Medium) AND (Length IS Low),Low,0.0,0.05,-3659.506347519994,-182.9753173759997,1995.474387125651,0.0078616352201257,0.4,0.1515151515151515,1267.0
61,all,R5,IF (PointsAjust IS Low) AND (TeamExp IS Medium) AND (Length IS Medium),Medium,0.0,0.05,2508.079372504837,125.40396862524186,1995.474387125651,0.0078616352201257,0.4,0.1515151515151515,1267.0
61,all,R6,IF (PointsAjust IS Low) AND (TeamExp IS Medium) AND (Length IS High),Medium,0.0,0.05,2508.079372504837,125.40396862524186,1995.474387125651,0.0078616352201257,0.4,0.1515151515151515,1267.0
61,all,R7,IF (PointsAjust IS Low) AND (TeamExp IS Low) AND (Length IS Medium),Medium,0.0,0.05,2508.079372504837,125.40396862524186,1995.474387125651,0.0078616352201257,0.4,0.1515151515151515,1267.0
61,all,R8,IF (PointsAjust IS Low) AND (TeamExp IS Low) AND (Length IS High),High,0.0,0.05,2675.3937604362454,133.76968802181227,1995.474387125651,0.0078616352201257,0.4,0.1515151515151515,1267.0
61,all,R9,IF (PointsAjust IS Medium) AND (TeamExp IS High) AND (Length IS Low),Low,0.0,0.05,-3659.506347519994,-182.9753173759997,1995.474387125651,0.0078616352201257,0.4,0.1515151515151515,1267.0
61,all,R10,IF (PointsAjust IS Medium) AND (TeamExp IS High) AND (Length IS Medium),Medium,0.0,0.05,2508.079372504837,125.40396862524186,1995.474387125651,0.0078616352201257,0.4,0.1515151515151515,1267.0
61,all,R11,IF (PointsAjust IS Medium) AND (TeamExp IS High) AND (Length IS High),Medium,0.0,0.05,2508.079372504837,125.40396862524186,1995.474387125651,0.0078616352201257,0.4,0.1515151515151515,1267.0
61,all,R12,IF (PointsAjust IS Medium) AND (TeamExp IS Medium) AND (Length IS Low),Medium,0.0,0.05,2508.079372504837,125.40396862524186,1995.474387125651,0.0078616352201257,0.4,0.1515151515151515,1267.0
61,all,R13,IF (PointsAjust IS Medium) AND (TeamExp IS Medium) AND (Length IS Medium),Medium,0.0,0.05,2508.079372504837,125.40396862524186,1995.474387125651,0.0078616352201257,0.4,0.1515151515151515,1267.0
61,all,R14,IF (PointsAjust IS Medium) AND (TeamExp IS Medium) AND (Length IS High),High,0.0,0.05,2675.3937604362454,133.76968802181227,1995.474387125651,0.0078616352201257,0.4,0.1515151515151515,1267.0
61,all,R15,IF (PointsAjust IS Medium) AND (TeamExp IS Low) AND (Length IS Medium),High,0.0,0.05,2675.3937604362454,133.76968802181227,1995.474387125651,0.0078616352201257,0.4,0.1515151515151515,1267.0
61,all,R16,IF (PointsAjust IS Medium) AND (TeamExp IS Low) AND (Length IS High),High,0.0,0.05,2675.3937604362454,133.76968802181227,1995.474387125651,0.0078616352201257,0.4,0.1515151515151515,1267.0
61,all,R17,IF (PointsAjust IS High) AND (TeamExp IS High) AND (Length IS Medium),Medium,0.0,0.05,2508.079372504837,125.40396862524186,1995.474387125651,0.0078616352201257,0.4,0.1515151515151515,1267.0
61,all,R18,IF (PointsAjust IS High) AND (TeamExp IS Medium) AND (Length IS Medium),High,0.0,0.05,2675.3937604362454,133.76968802181227,1995.474387125651,0.0078616352201257,0.4,0.1515151515151515,1267.0
61,all,R19,IF (PointsAjust IS High) AND (TeamExp IS Low) AND (Length IS Medium),High,0.0,0.05,2675.3937604362454,133.76968802181227,1995.474387125651,0.0078616352201257,0.4,0.1515151515151515,1267.0
61,all,R20,IF (PointsAjust IS High) AND (TeamExp IS Low) AND (Length IS High),Very_High,0.0,0.05,9756.32457240285,487.8162286201425,1995.474387125651,0.0078616352201257,0.4,0.1515151515151515,1267.0
62,all,R1,IF (PointsAjust IS Low) AND (TeamExp IS High) AND (Length IS Low),Very_Low,0.0,0.05,3071.8706728387797,153.593533641939,2316.19964655918,0.0676100628930817,0.4,0.1212121212121212,2548.0
62,all,R2,IF (PointsAjust IS Low) AND (TeamExp IS High) AND (Length IS Medium),Low,0.0,0.05,-2844.6570340262333,-142.23285170131166,2316.19964655918,0.0676100628930817,0.4,0.1212121212121212,2548.0
62,all,R3,IF (PointsAjust IS Low) AND (TeamExp IS High) AND (Length IS High),Medium,0.0,0.05,2718.915138200834,135.9457569100417,2316.19964655918,0.0676100628930817,0.4,0.1212121212121212,2548.0
62,all,R4,IF (PointsAjust IS Low) AND (TeamExp IS Medium) AND (Length IS Low),Low,0.0,0.05,-2844.6570340262333,-142.23285170131166,2316.19964655918,0.0676100628930817,0.4,0.1212121212121212,2548.0
62,all,R5,IF (PointsAjust IS Low) AND (TeamExp IS Medium) AND (Length IS Medium),Medium,0.0,0.05,2718.915138200834,135.9457569100417,2316.19964655918,0.0676100628930817,0.4,0.1212121212121212,2548.0
62,all,R6,IF (PointsAjust IS Low) AND (TeamExp IS Medium) AND (Length IS High),Medium,0.0,0.05,2718.915138200834,135.9457569100417,2316.19964655918,0.0676100628930817,0.4,0.1212121212121212,2548.0
62,all,R7,IF (PointsAjust IS Low) AND (TeamExp IS Low) AND (Length IS Medium),Medium,0.0,0.05,2718.915138200834,135.9457569100417,2316.19964655918,0.0676100628930817,0.4,0.1212121212121212,2548.0
62,all,R8,IF (PointsAjust IS Low) AND (TeamExp IS Low) AND (Length IS High),High,0.0,0.05,2840.829122559646,142.0414561279823,2316.19964655918,0.0676100628930817,0.4,0.1212121212121212,2548.0
62,all,R9,IF (PointsAjust IS Medium) AND (TeamExp IS High) AND (Length IS Low),Low,0.0,0.05,-2844.6570340262333,-142.23285170131166,2316.19964655918,0.0676100628930817,0.4,0.1212121212121212,2548.0
62,all,R10,IF (PointsAjust IS Medium) AND (TeamExp IS High) AND (Length IS Medium),Medium,0.0,0.05,2718.915138200834,135.9457569100417,2316.19964655918,0.0676100628930817,0.4,0.1212121212121212,2548.0
62,all,R11,IF (PointsAjust IS Medium) AND (TeamExp IS High) AND (Length IS High),Medium,0.0,0.05,2718.915138200834,135.9457569100417,2316.19964655918,0.0676100628930817,0.4,0.1212121212121212,2548.0
62,all,R12,IF (PointsAjust IS Medium) AND (TeamExp IS Medium) AND (Length IS Low),Medium,0.0,0.05,2718.915138200834,135.9457569100417,2316.19964655918,0.0676100628930817,0.4,0.1212121212121212,2548.0
62,all,R13,IF (PointsAjust IS Medium) AND (TeamExp IS Medium) AND (Length IS Medium),Medium,0.0,0.05,2718.915138200834,135.9457569100417,2316.19964655918,0.0676100628930817,0.4,0.1212121212121212,2548.0
62,all,R14,IF (PointsAjust IS Medium) AND (TeamExp IS Medium) AND (Length IS High),High,0.0,0.05,2840.829122559646,142.0414561279823,2316.19964655918,0.0676100628930817,0.4,0.1212121212121212,2548.0
62,all,R15,IF (PointsAjust IS Medium) AND (TeamExp IS Low) AND (Length IS Medium),High,0.0,0.05,2840.829122559646,142.0414561279823,2316.19964655918,0.0676100628930817,0.4,0.1212121212121212,2548.0
62,all,R16,IF (PointsAjust IS Medium) AND (TeamExp IS Low) AND (Length IS High),High,0.0,0.05,2840.829122559646,142.0414561279823,2316.19964655918,0.0676100628930817,0.4,0.1212121212121212,2548.0
62,all,R17,IF (PointsAjust IS High) AND (TeamExp IS High) AND (Length IS Medium),Medium,0.0,0.05,2718.915138200834,135.9457569100417,2316.19964655918,0.0676100628930817,0.4,0.1212121212121212,2548.0
62,all,R18,IF (PointsAjust IS High) AND (TeamExp IS Medium) AND (Length IS Medium),High,0.0,0.05,2840.829122559646,142.0414561279823,2316.19964655918,0.0676100628930817,0.4,0.1212121212121212,2548.0
62,all,R19,IF (PointsAjust IS High) AND (TeamExp IS Low) AND (Length IS Medium),High,0.0,0.05,2840.829122559646,142.0414561279823,2316.19964655918,0.0676100628930817,0.4,0.1212121212121212,2548.0
62,all,R20,IF (PointsAjust IS High) AND (TeamExp IS Low) AND (Length IS High),Very_High,0.0,0.05,10270.882381258125,513.5441190629062,2316.19964655918,0.0676100628930817,0.4,0.1212121212121212,2548.0
63,all,R1,IF (PointsAjust IS Low) AND (TeamExp IS High) AND (Length IS Low),Very_Low,0.0,0.0,2181.6628223436073,0.0,1835.3949613272712,0.0864779874213836,0.8,0.2727272727272727,1155.0
63,all,R2,IF (PointsAjust IS Low) AND (TeamExp IS High) AND (Length IS Medium),Low,0.9230769230769231,0.7868852459016393,1389.9622098831915,1093.7407553179212,1835.3949613272712,0.0864779874213836,0.8,0.2727272727272727,1155.0
63,all,R3,IF (PointsAjust IS Low) AND (TeamExp IS High) AND (Length IS High),Medium,0.25000000000000006,0.2131147540983607,3480.069735890023,741.6542060093493,1835.3949613272712,0.0864779874213836,0.8,0.2727272727272727,1155.0
63,all,R4,IF (PointsAjust IS Low) AND (TeamExp IS Medium) AND (Length IS Low),Low,0.0,0.0,1389.9622098831915,0.0,1835.3949613272712,0.0864779874213836,0.8,0.2727272727272727,1155.0
63,all,R5,IF (PointsAjust IS Low) AND (TeamExp IS Medium) AND (Length IS Medium),Medium,0.0,0.0,3480.069735890023,0.0,1835.3949613272712,0.0864779874213836,0.8,0.2727272727272727,1155.0
63,all,R6,IF (PointsAjust IS Low) AND (TeamExp IS Medium) AND (Length IS High),Medium,0.0,0.0,3480.069735890023,0.0,1835.3949613272712,0.0864779874213836,0.8,0.2727272727272727,1155.0
63,all,R7,IF (PointsAjust IS Low) AND (TeamExp IS Low) AND (Length IS Medium),Medium,0.0,0.0,3480.069735890023,0.0,1835.3949613272712,0.0864779874213836,0.8,0.2727272727272727,1155.0
63,all,R8,IF (PointsAjust IS Low) AND (TeamExp IS Low) AND (Length IS High),High,0.0,0.0,4570.364483145482,0.0,1835.3949613272712,0.0864779874213836,0.8,0.2727272727272727,1155.0
63,all,R9,IF (PointsAjust IS Medium) AND (TeamExp IS High) AND (Length IS Low),Low,0.0,0.0,1389.9622098831915,0.0,1835.3949613272712,0.0864779874213836,0.8,0.2727272727272727,1155.0
63,all,R10,IF (PointsAjust IS Medium) AND (TeamExp IS High) AND (Length IS Medium),Medium,0.0,0.0,3480.069735890023,0.0,1835.3949613272712,0.0864779874213836,0.8,0.2727272727272727,1155.0
63,all,R11,IF (PointsAjust IS Medium) AND (TeamExp IS High) AND (Length IS High),Medium,0.0,0.0,3480.069735890023,0.0,1835.3949613272712,0.0864779874213836,0.8,0.2727272727272727,1155.0
63,all,R12,IF (PointsAjust IS Medium) AND (TeamExp IS Medium) AND (Length IS Low),Medium,0.0,0.0,3480.069735890023,0.0,1835.3949613272712,0.0864779874213836,0.8,0.2727272727272727,1155.0
63,all,R13,IF (PointsAjust IS Medium) AND (TeamExp IS Medium) AND (Length IS Medium),Medium,0.0,0.0,3480.069735890023,0.0,1835.3949613272712,0.0864779874213836,0.8,0.2727272727272727,1155.0
63,all,R14,IF (PointsAjust IS Medium) AND (TeamExp IS Medium) AND (Length IS High),High,0.0,0.0,4570.364483145482,0.0,1835.3949613272712,0.0864779874213836,0.8,0.2727272727272727,1155.0
63,all,R15,IF (PointsAjust IS Medium) AND (TeamExp IS Low) AND (Length IS Medium),High,0.0,0.0,4570.364483145482,0.0,1835.3949613272712,0.0864779874213836,0.8,0.2727272727272727,1155.0
63,all,R16,IF (PointsAjust IS Medium) AND (TeamExp IS Low) AND (Length IS High),High,0.0,0.0,4570.364483145482,0.0,1835.3949613272712,0.0864779874213836,0.8,0.2727272727272727,1155.0
63,all,R17,IF (PointsAjust IS High) AND (TeamExp IS High) AND (Length IS Medium),Medium,0.0,0.0,3480.069735890023,0.0,1835.3949613272712,0.0864779874213836,0.8,0.2727272727272727,1155.0
63,all,R18,IF (PointsAjust IS High) AND (TeamExp IS Medium) AND (Length IS Medium),High,0.0,0.0,4570.364483145482,0.0,1835.3949613272712,0.0864779874213836,0.8,0.2727272727272727,1155.0
63,all,R19,IF (PointsAjust IS High) AND (TeamExp IS Low) AND (Length IS Medium),High,0.0,0.0,4570.364483145482,0.0,1835.3949613272712,0.0864779874213836,0.8,0.2727272727272727,1155.0
63,all,R20,IF (PointsAjust IS High) AND (TeamExp IS Low) AND (Length IS High),Very_High,0.0,0.0,14760.074796922268,0.0,1835.3949613272712,0.0864779874213836,0.8,0.2727272727272727,1155.0
64,all,R1,IF (PointsAjust IS Low) AND (TeamExp IS High) AND (Length IS Low),Very_Low,0.0,0.05,3554.4697563231716,177.72348781615858,1330.0924482039716,0.0581761006289308,0.2,0.1515151515151515,546.0
64,all,R2,IF (PointsAjust IS Low) AND (TeamExp IS High) AND (Length IS Medium),Low,0.0,0.05,-5199.906432285729,-259.99532161428647,1330.0924482039716,0.0581761006289308,0.2,0.1515151515151515,546.0
64,all,R3,IF (PointsAjust IS Low) AND (TeamExp IS High) AND (Length IS High),Medium,0.0,0.05,1947.1551719839827,97.35775859919914,1330.0924482039716,0.0581761006289308,0.2,0.1515151515151515,546.0
64,all,R4,IF (PointsAjust IS Low) AND (TeamExp IS Medium) AND (Length IS Low),Low,0.0,0.05,-5199.906432285729,-259.99532161428647,1330.0924482039716,0.0581761006289308,0.2,0.1515151515151515,546.0
64,all,R5,IF (PointsAjust IS Low) AND (TeamExp IS Medium) AND (Length IS Medium),Medium,0.0,0.05,1947.1551719839827,97.35775859919914,1330.0924482039716,0.0581761006289308,0.2,0.1515151515151515,546.0
64,all,R6,IF (PointsAjust IS Low) AND (TeamExp IS Medium) AND (Length IS High),Medium,0.0,0.05,1947.1551719839827,97.35775859919914,1330.0924482039716,0.0581761006289308,0.2,0.1515151515151515,546.0
64,all,R7,IF (PointsAjust IS Low) AND (TeamExp IS Low) AND (Length IS Medium),Medium,0.0,0.05,1947.1551719839827,97.35775859919914,1330.0924482039716,0.0581761006289308,0.2,0.1515151515151515,546.0
64,all,R8,IF (PointsAjust IS Low) AND (TeamExp IS Low) AND (Length IS High),High,0.0,0.05,2292.3513886284272,114.61756943142137,1330.0924482039716,0.0581761006289308,0.2,0.1515151515151515,546.0
64,all,R9,IF (PointsAjust IS Medium) AND (TeamExp IS High) AND (Length IS Low),Low,0.0,0.05,-5199.906432285729,-259.99532161428647,1330.0924482039716,0.0581761006289308,0.2,0.1515151515151515,546.0
64,all,R10,IF (PointsAjust IS Medium) AND (TeamExp IS High) AND (Length IS Medium),Medium,0.0,0.05,1947.1551719839827,97.35775859919914,1330.0924482039716,0.0581761006289308,0.2,0.1515151515151515,546.0
64,all,R11,IF (PointsAjust IS Medium) AND (TeamExp IS High) AND (Length IS High),Medium,0.0,0.05,1947.1551719839827,97.35775859919914,1330.0924482039716,0.0581761006289308,0.2,0.1515151515151515,546.0
64,all,R12,IF (PointsAjust IS Medium) AND (TeamExp IS Medium) AND (Length IS Low),Medium,0.0,0.05,1947.1551719839827,97.35775859919914,1330.0924482039716,0.0581761006289308,0.2,0.1515151515151515,546.0
64,all,R13,IF (PointsAjust IS Medium) AND (TeamExp IS Medium) AND (Length IS Medium),Medium,0.0,0.05,1947.1551719839827,97.35775859919914,1330.0924482039716,0.0581761006289308,0.2,0.1515151515151515,546.0
64,all,R14,IF (PointsAjust IS Medium) AND (TeamExp IS Medium) AND (Length IS High),High,0.0,0.05,2292.3513886284272,114.61756943142137,1330.0924482039716,0.0581761006289308,0.2,0.1515151515151515,546.0
64,all,R15,IF (PointsAjust IS Medium) AND (TeamExp IS Low) AND (Length IS Medium),High,0.0,0.05,2292.3513886284272,114.61756943142137,1330.0924482039716,0.0581761006289308,0.2,0.1515151515151515,546.0
64,all,R16,IF (PointsAjust IS Medium) AND (TeamExp IS Low) AND (Length IS High),High,0.0,0.05,2292.3513886284272,114.61756943142137,1330.0924482039716,0.0581761006289308,0.2,0.1515151515151515,546.0
64,all,R17,IF (PointsAjust IS High) AND (TeamExp IS High) AND (Length IS Medium),Medium,0.0,0.05,1947.1551719839827,97.35775859919914,1330.0924482039716,0.0581761006289308,0.2,0.1515151515151515,546.0
64,all,R18,IF (PointsAjust IS High) AND (TeamExp IS Medium) AND (Length IS Medium),High,0.0,0.05,2292.3513886284272,114.61756943142137,1330.0924482039716,0.0581761006289308,0.2,0.1515151515151515,546.0
64,all,R19,IF (PointsAjust IS High) AND (TeamExp IS Low) AND (Length IS Medium),High,0.0,0.05,2292.3513886284272,114.61756943142137,1330.0924482039716,0.0581761006289308,0.2,0.1515151515151515,546.0
64,all,R20,IF (PointsAjust IS High) AND (TeamExp IS Low) AND (Length IS High),Very_High,0.0,0.05,7368.593624987039,368.429681249352,1330.0924482039716,0.0581761006289308,0.2,0.1515151515151515,546.0
65,all,R1,IF (PointsAjust IS Low) AND (TeamExp IS High) AND (Length IS Low),Very_Low,0.0,0.0,3504.183157768508,0.0,3213.428930694432,0.1619496855345912,0.6,0.3636363636363636,2275.0
65,all,R2,IF (PointsAjust IS Low) AND (TeamExp IS High) AND (Length IS Medium),Low,0.0,0.0,-39.916140777068904,-0.0,3213.428930694432,0.1619496855345912,0.6,0.3636363636363636,2275.0
65,all,R3,IF (PointsAjust IS Low) AND (TeamExp IS High) AND (Length IS High),Medium,0.0,0.0,2625.559491163021,0.0,3213.428930694432,0.1619496855345912,0.6,0.3636363636363636,2275.0
65,all,R4,IF (PointsAjust IS Low) AND (TeamExp IS Medium) AND (Length IS Low),Low,0.0,0.0,-39.916140777068904,-0.0,3213.428930694432,0.1619496855345912,0.6,0.3636363636363636,2275.0
65,all,R5,IF (PointsAjust IS Low) AND (TeamExp IS Medium) AND (Length IS Medium),Medium,0.0,0.0,2625.559491163021,0.0,3213.428930694432,0.1619496855345912,0.6,0.3636363636363636,2275.0
65,all,R6,IF (PointsAjust IS Low) AND (TeamExp IS Medium) AND (Length IS High),Medium,0.7422680412371131,0.6970643347907554,2625.559491163021,1830.1838801611054,3213.428930694432,0.1619496855345912,0.6,0.3636363636363636,2275.0
65,all,R7,IF (PointsAjust IS Low) AND (TeamExp IS Low) AND (Length IS Medium),Medium,0.0,0.0,2625.559491163021,0.0,3213.428930694432,0.1619496855345912,0.6,0.3636363636363636,2275.0
65,all,R8,IF (PointsAjust IS Low) AND (TeamExp IS Low) AND (Length IS High),High,0.0,0.0,4566.134692585266,0.0,3213.428930694432,0.1619496855345912,0.6,0.3636363636363636,2275.0
65,all,R9,IF (PointsAjust IS Medium) AND (TeamExp IS High) AND (Length IS Low),Low,0.0,0.0,-39.916140777068904,-0.0,3213.428930694432,0.1619496855345912,0.6,0.3636363636363636,2275.0
65,all,R10,IF (PointsAjust IS Medium) AND (TeamExp IS High) AND (Length IS Medium),Medium,0.0,0.0,2625.559491163021,0.0,3213.428930694432,0.1619496855345912,0.6,0.3636363636363636,2275.0
65,all,R11,IF (PointsAjust IS Medium) AND (TeamExp IS High) AND (Length IS High),Medium,0.0,0.0,2625.559491163021,0.0,3213.428930694432,0.1619496855345912,0.6,0.3636363636363636,2275.0
65,all,R12,IF (PointsAjust IS Medium) AND (TeamExp IS Medium) AND (Length IS Low),Medium,0.0,0.0,2625.559491163021,0.0,3213.428930694432,0.1619496855345912,0.6,0.3636363636363636,2275.0
65,all,R13,IF (PointsAjust IS Medium) AND (TeamExp IS Medium) AND (Length IS Medium),Medium,0.0,0.0,2625.559491163021,0.0,3213.428930694432,0.1619496855345912,0.6,0.3636363636363636,2275.0
65,all,R14,IF (PointsAjust IS Medium) AND (TeamExp IS Medium) AND (Length IS High),High,0.3225806451612907,0.30293566520924453,4566.134692585266,1383.2450505333268,3213.428930694432,0.1619496855345912,0.6,0.3636363636363636,2275.0
65,all,R15,IF (PointsAjust IS Medium) AND (TeamExp IS Low) AND (Length IS Medium),High,0.0,0.0,4566.134692585266,0.0,3213.428930694432,0.1619496855345912,0.6,0.3636363636363636,2275.0
65,all,R16,IF (PointsAjust IS Medium) AND (TeamExp IS Low) AND (Length IS High),High,0.0,0.0,4566.134692585266,0.0,3213.428930694432,0.1619496855345912,0.6,0.3636363636363636,2275.0
65,all,R17,IF (PointsAjust IS High) AND (TeamExp IS High) AND (Length IS Medium),Medium,0.0,0.0,2625.559491163021,0.0,3213.428930694432,0.1619496855345912,0.6,0.3636363636363636,2275.0
65,all,R18,IF (PointsAjust IS High) AND (TeamExp IS Medium) AND (Length IS Medium),High,0.0,0.0,4566.134692585266,0.0,3213.428930694432,0.1619496855345912,0.6,0.3636363636363636,2275.0
65,all,R19,IF (PointsAjust IS High) AND (TeamExp IS Low) AND (Length IS Medium),High,0.0,0.0,4566.134692585266,0.0,3213.428930694432,0.1619496855345912,0.6,0.3636363636363636,2275.0
65,all,R20,IF (PointsAjust IS High) AND (TeamExp IS Low) AND (Length IS High),Very_High,0.0,0.0,11946.14239085099,0.0,3213.428930694432,0.1619496855345912,0.6,0.3636363636363636,2275.0
66,all,R1,IF (PointsAjust IS Low) AND (TeamExp IS High) AND (Length IS Low),Very_Low,0.0,0.05,9793.305735459591,489.6652867729796,8086.204022781829,0.9166666666666666,1.0,0.7575757575757576,9100.0
66,all,R2,IF (PointsAjust IS Low) AND (TeamExp IS High) AND (Length IS Medium),Low,0.0,0.05,12849.091585805172,642.4545792902586,8086.204022781829,0.9166666666666666,1.0,0.7575757575757576,9100.0
66,all,R3,IF (PointsAjust IS Low) AND (TeamExp IS High) AND (Length IS High),Medium,0.0,0.05,3712.698788090258,185.63493940451292,8086.204022781829,0.9166666666666666,1.0,0.7575757575757576,9100.0
66,all,R4,IF (PointsAjust IS Low) AND (TeamExp IS Medium) AND (Length IS Low),Low,0.0,0.05,12849.091585805172,642.4545792902586,8086.204022781829,0.9166666666666666,1.0,0.7575757575757576,9100.0
66,all,R5,IF (PointsAjust IS Low) AND (TeamExp IS Medium) AND (Length IS Medium),Medium,0.0,0.05,3712.698788090258,185.63493940451292,8086.204022781829,0.9166666666666666,1.0,0.7575757575757576,9100.0
66,all,R6,IF (PointsAjust IS Low) AND (TeamExp IS Medium) AND (Length IS High),Medium,0.0,0.05,3712.698788090258,185.63493940451292,8086.204022781829,0.9166666666666666,1.0,0.7575757575757576,9100.0
66,all,R7,IF (PointsAjust IS Low) AND (TeamExp IS Low) AND (Length IS Medium),Medium,0.0,0.05,3712.698788090258,185.63493940451292,8086.204022781829,0.9166666666666666,1.0,0.7575757575757576,9100.0
66,all,R8,IF (PointsAjust IS Low) AND (TeamExp IS Low) AND (Length IS High),High,0.0,0.05,10169.045705421935,508.4522852710968,8086.204022781829,0.9166666666666666,1.0,0.7575757575757576,9100.0
66,all,R9,IF (PointsAjust IS Medium) AND (TeamExp IS High) AND (Length IS Low),Low,0.0,0.05,12849.091585805172,642.4545792902586,8086.204022781829,0.9166666666666666,1.0,0.7575757575757576,9100.0
66,all,R10,IF (PointsAjust IS Medium) AND (TeamExp IS High) AND (Length IS Medium),Medium,0.0,0.05,3712.698788090258,185.63493940451292,8086.204022781829,0.9166666666666666,1.0,0.7575757575757576,9100.0
66,all,R11,IF (PointsAjust IS Medium) AND (TeamExp IS High) AND (Length IS High),Medium,0.0,0.05,3712.698788090258,185.63493940451292,8086.204022781829,0.9166666666666666,1.0,0.7575757575757576,9100.0
66,all,R12,IF (PointsAjust IS Medium) AND (TeamExp IS Medium) AND (Length IS Low),Medium,0.0,0.05,3712.698788090258,185.63493940451292,8086.204022781829,0.9166666666666666,1.0,0.7575757575757576,9100.0
66,all,R13,IF (PointsAjust IS Medium) AND (TeamExp IS Medium) AND (Length IS Medium),Medium,0.0,0.05,3712.698788090258,185.63493940451292,8086.204022781829,0.9166666666666666,1.0,0.7575757575757576,9100.0
66,all,R14,IF (PointsAjust IS Medium) AND (TeamExp IS Medium) AND (Length IS High),High,0.0,0.05,10169.045705421935,508.4522852710968,8086.204022781829,0.9166666666666666,1.0,0.7575757575757576,9100.0
66,all,R15,IF (PointsAjust IS Medium) AND (TeamExp IS Low) AND (Length IS Medium),High,0.0,0.05,10169.045705421935,508.4522852710968,8086.204022781829,0.9166666666666666,1.0,0.7575757575757576,9100.0
66,all,R16,IF (PointsAjust IS Medium) AND (TeamExp IS Low) AND (Length IS High),High,0.0,0.05,10169.045705421935,508.4522852710968,8086.204022781829,0.9166666666666666,1.0,0.7575757575757576,9100.0
66,all,R17,IF (PointsAjust IS High) AND (TeamExp IS High) AND (Length IS Medium),Medium,0.0,0.05,3712.698788090258,185.63493940451292,8086.204022781829,0.9166666666666666,1.0,0.7575757575757576,9100.0
66,all,R18,IF (PointsAjust IS High) AND (TeamExp IS Medium) AND (Length IS Medium),High,0.0,0.05,10169.045705421935,508.4522852710968,8086.204022781829,0.9166666666666666,1.0,0.7575757575757576,9100.0
66,all,R19,IF (PointsAjust IS High) AND (TeamExp IS Low) AND (Length IS Medium),High,0.0,0.05,10169.045705421935,508.4522852710968,8086.204022781829,0.9166666666666666,1.0,0.7575757575757576,9100.0
66,all,R20,IF (PointsAjust IS High) AND (TeamExp IS Low) AND (Length IS High),Very_High,0.0,0.05,18954.93663741753,947.7468318708766,8086.204022781829,0.9166666666666666,1.0,0.7575757575757576,9100.0
67,all,R1,IF (PointsAjust IS Low) AND (TeamExp IS High) AND (Length IS Low),Very_Low,0.0,0.05,5130.831358403009,256.5415679201505,2092.257899240525,0.2216981132075471,0.2,0.1515151515151515,595.0
67,all,R2,IF (PointsAjust IS Low) AND (TeamExp IS High) AND (Length IS Medium),Low,0.0,0.05,-3155.8506926163236,-157.7925346308162,2092.257899240525,0.2216981132075471,0.2,0.1515151515151515,595.0
67,all,R3,IF (PointsAjust IS Low) AND (TeamExp IS High) AND (Length IS High),Medium,0.0,0.05,2218.2921742894573,110.91460871447288,2092.257899240525,0.2216981132075471,0.2,0.1515151515151515,595.0
67,all,R4,IF (PointsAjust IS Low) AND (TeamExp IS Medium) AND (Length IS Low),Low,0.0,0.05,-3155.8506926163236,-157.7925346308162,2092.257899240525,0.2216981132075471,0.2,0.1515151515151515,595.0
67,all,R5,IF (PointsAjust IS Low) AND (TeamExp IS Medium) AND (Length IS Medium),Medium,0.0,0.05,2218.2921742894573,110.91460871447288,2092.257899240525,0.2216981132075471,0.2,0.1515151515151515,595.0
67,all,R6,IF (PointsAjust IS Low) AND (TeamExp IS Medium) AND (Length IS High),Medium,0.0,0.05,2218.2921742894573,110.91460871447288,2092.257899240525,0.2216981132075471,0.2,0.1515151515151515,595.0
67,all,R7,IF (PointsAjust IS Low) AND (TeamExp IS Low) AND (Length IS Medium),Medium,0.0,0.05,2218.2921742894573,110.91460871447288,2092.257899240525,0.2216981132075471,0.2,0.1515151515151515,595.0
67,all,R8,IF (PointsAjust IS Low) AND (TeamExp IS Low) AND (Length IS High),High,0.0,0.05,2992.4463227226697,149.6223161361335,2092.257899240525,0.2216981132075471,0.2,0.1515151515151515,595.0
67,all,R9,IF (PointsAjust IS Medium) AND (TeamExp IS High) AND (Length IS Low),Low,0.0,0.05,-3155.8506926163236,-157.7925346308162,2092.257899240525,0.2216981132075471,0.2,0.1515151515151515,595.0
67,all,R10,IF (PointsAjust IS Medium) AND (TeamExp IS High) AND (Length IS Medium),Medium,0.0,0.05,2218.2921742894573,110.91460871447288,2092.257899240525,0.2216981132075471,0.2,0.1515151515151515,595.0
67,all,R11,IF (PointsAjust IS Medium) AND (TeamExp IS High) AND (Length IS High),Medium,0.0,0.05,2218.2921742894573,110.91460871447288,2092.257899240525,0.2216981132075471,0.2,0.1515151515151515,595.0
67,all,R12,IF (PointsAjust IS Medium) AND (TeamExp IS Medium) AND (Length IS Low),Medium,0.0,0.05,2218.2921742894573,110.91460871447288,2092.257899240525,0.2216981132075471,0.2,0.1515151515151515,595.0
67,all,R13,IF (PointsAjust IS Medium) AND (TeamExp IS Medium) AND (Length IS Medium),Medium,0.0,0.05,2218.2921742894573,110.91460871447288,2092.257899240525,0.2216981132075471,0.2,0.1515151515151515,595.0
67,all,R14,IF (PointsAjust IS Medium) AND (TeamExp IS Medium) AND (Length IS High),High,0.0,0.05,2992.4463227226697,149.6223161361335,2092.257899240525,0.2216981132075471,0.2,0.1515151515151515,595.0
67,all,R15,IF (PointsAjust IS Medium) AND (TeamExp IS Low) AND (Length IS Medium),High,0.0,0.05,2992.4463227226697,149.6223161361335,2092.257899240525,0.2216981132075471,0.2,0.1515151515151515,595.0
67,all,R16,IF (PointsAjust IS Medium) AND (TeamExp IS Low) AND (Length IS High),High,0.0,0.05,2992.4463227226697,149.6223161361335,2092.257899240525,0.2216981132075471,0.2,0.1515151515151515,595.0
67,all,R17,IF (PointsAjust IS High) AND (TeamExp IS High) AND (Length IS Medium),Medium,0.0,0.05,2218.2921742894573,110.91460871447288,2092.257899240525,0.2216981132075471,0.2,0.1515151515151515,595.0
67,all,R18,IF (PointsAjust IS High) AND (TeamExp IS Medium) AND (Length IS Medium),High,0.0,0.05,2992.4463227226697,149.6223161361335,2092.257899240525,0.2216981132075471,0.2,0.1515151515151515,595.0
67,all,R19,IF (PointsAjust IS High) AND (TeamExp IS Low) AND (Length IS Medium),High,0.0,0.05,2992.4463227226697,149.6223161361335,2092.257899240525,0.2216981132075471,0.2,0.1515151515151515,595.0
67,all,R20,IF (PointsAjust IS High) AND (TeamExp IS Low) AND (Length IS High),Very_High,0.0,0.05,8262.571199315325,413.12855996576627,2092.257899240525,0.2216981132075471,0.2,0.1515151515151515,595.0
68,all,R1,IF (PointsAjust IS Low) AND (TeamExp IS High) AND (Length IS Low),Very_Low,0.0,0.0,5938.845366127681,0.0,4804.416399892676,0.2877358490566037,0.2,0.6363636363636364,3941.0
68,all,R2,IF (PointsAjust IS Low) AND (TeamExp IS High) AND (Length IS Medium),Low,0.0,0.0,-3418.0913355827006,-0.0,4804.416399892676,0.2877358490566037,0.2,0.6363636363636364,3941.0
68,all,R3,IF (PointsAjust IS Low) AND (TeamExp IS High) AND (Length IS High),Medium,0.0,0.0,539.5261875627243,0.0,4804.416399892676,0.2877358490566037,0.2,0.6363636363636364,3941.0
68,all,R4,IF (PointsAjust IS Low) AND (TeamExp IS Medium) AND (Length IS Low),Low,0.0,0.0,-3418.0913355827006,-0.0,4804.416399892676,0.2877358490566037,0.2,0.6363636363636364,3941.0
68,all,R5,IF (PointsAjust IS Low) AND (TeamExp IS Medium) AND (Length IS Medium),Medium,0.0,0.0,539.5261875627243,0.0,4804.416399892676,0.2877358490566037,0.2,0.6363636363636364,3941.0
68,all,R6,IF (PointsAjust IS Low) AND (TeamExp IS Medium) AND (Length IS High),Medium,0.0,0.0,539.5261875627243,0.0,4804.416399892676,0.2877358490566037,0.2,0.6363636363636364,3941.0
68,all,R7,IF (PointsAjust IS Low) AND (TeamExp IS Low) AND (Length IS Medium),Medium,0.0,0.0,539.5261875627243,0.0,4804.416399892676,0.2877358490566037,0.2,0.6363636363636364,3941.0
68,all,R8,IF (PointsAjust IS Low) AND (TeamExp IS Low) AND (Length IS High),High,0.0,0.0,4721.073866837285,0.0,4804.416399892676,0.2877358490566037,0.2,0.6363636363636364,3941.0
68,all,R9,IF (PointsAjust IS Medium) AND (TeamExp IS High) AND (Length IS Low),Low,0.0,0.0,-3418.0913355827006,-0.0,4804.416399892676,0.2877358490566037,0.2,0.6363636363636364,3941.0
68,all,R10,IF (PointsAjust IS Medium) AND (TeamExp IS High) AND (Length IS Medium),Medium,0.0,0.0,539.5261875627243,0.0,4804.416399892676,0.2877358490566037,0.2,0.6363636363636364,3941.0
68,all,R11,IF (PointsAjust IS Medium) AND (TeamExp IS High) AND (Length IS High),Medium,0.0,0.0,539.5261875627243,0.0,4804.416399892676,0.2877358490566037,0.2,0.6363636363636364,3941.0
68,all,R12,IF (PointsAjust IS Medium) AND (TeamExp IS Medium) AND (Length IS Low),Medium,0.0,0.0,539.5261875627243,0.0,4804.416399892676,0.2877358490566037,0.2,0.6363636363636364,3941.0
68,all,R13,IF (PointsAjust IS Medium) AND (TeamExp IS Medium) AND (Length IS Medium),Medium,0.0,0.0,539.5261875627243,0.0,4804.416399892676,0.2877358490566037,0.2,0.6363636363636364,3941.0
68,all,R14,IF (PointsAjust IS Medium) AND (TeamExp IS Medium) AND (Length IS High),High,0.0,0.0,4721.073866837285,0.0,4804.416399892676,0.2877358490566037,0.2,0.6363636363636364,3941.0
68,all,R15,IF (PointsAjust IS Medium) AND (TeamExp IS Low) AND (Length IS Medium),High,0.0,0.0,4721.073866837285,0.0,4804.416399892676,0.2877358490566037,0.2,0.6363636363636364,3941.0
68,all,R16,IF (PointsAjust IS Medium) AND (TeamExp IS Low) AND (Length IS High),High,1.0,0.906976744186047,4721.073866837285,4281.904204805912,4804.416399892676,0.2877358490566037,0.2,0.6363636363636364,3941.0
68,all,R17,IF (PointsAjust IS High) AND (TeamExp IS High) AND (Length IS Medium),Medium,0.0,0.0,539.5261875627243,0.0,4804.416399892676,0.2877358490566037,0.2,0.6363636363636364,3941.0
68,all,R18,IF (PointsAjust IS High) AND (TeamExp IS Medium) AND (Length IS Medium),High,0.0,0.0,4721.073866837285,0.0,4804.416399892676,0.2877358490566037,0.2,0.6363636363636364,3941.0
68,all,R19,IF (PointsAjust IS High) AND (TeamExp IS Low) AND (Length IS Medium),High,0.0,0.0,4721.073866837285,0.0,4804.416399892676,0.2877358490566037,0.2,0.6363636363636364,3941.0
68,all,R20,IF (PointsAjust IS High) AND (TeamExp IS Low) AND (Length IS High),Very_High,0.10256410256410206,0.09302325581395308,5617.006097182734,522.5121950867637,4804.416399892676,0.2877358490566037,0.2,0.6363636363636364,3941.0
69,all,R1,IF (PointsAjust IS Low) AND (TeamExp IS High) AND (Length IS Low),Very_Low,0.0,0.0,6141.9834671234985,0.0,4675.192462073856,0.5534591194968553,1.0,0.3333333333333333,1400.0
69,all,R2,IF (PointsAjust IS Low) AND (TeamExp IS High) AND (Length IS Medium),Low,0.0,0.0,9260.688423104772,0.0,4675.192462073856,0.5534591194968553,1.0,0.3333333333333333,1400.0
69,all,R3,IF (PointsAjust IS Low) AND (TeamExp IS High) AND (Length IS High),Medium,0.0,0.0,4675.192462073857,0.0,4675.192462073856,0.5534591194968553,1.0,0.3333333333333333,1400.0
69,all,R4,IF (PointsAjust IS Low) AND (TeamExp IS Medium) AND (Length IS Low),Low,0.0,0.0,9260.688423104772,0.0,4675.192462073856,0.5534591194968553,1.0,0.3333333333333333,1400.0
69,all,R5,IF (PointsAjust IS Low) AND (TeamExp IS Medium) AND (Length IS Medium),Medium,0.0,0.0,4675.192462073857,0.0,4675.192462073856,0.5534591194968553,1.0,0.3333333333333333,1400.0
69,all,R6,IF (PointsAjust IS Low) AND (TeamExp IS Medium) AND (Length IS High),Medium,0.0,0.0,4675.192462073857,0.0,4675.192462073856,0.5534591194968553,1.0,0.3333333333333333,1400.0
69,all,R7,IF (PointsAjust IS Low) AND (TeamExp IS Low) AND (Length IS Medium),Medium,0.0,0.0,4675.192462073857,0.0,4675.192462073856,0.5534591194968553,1.0,0.3333333333333333,1400.0
69,all,R8,IF (PointsAjust IS Low) AND (TeamExp IS Low) AND (Length IS High),High,0.0,0.0,7348.867364438889,0.0,4675.192462073856,0.5534591194968553,1.0,0.3333333333333333,1400.0
69,all,R9,IF (PointsAjust IS Medium) AND (TeamExp IS High) AND (Length IS Low),Low,0.0,0.0,9260.688423104772,0.0,4675.192462073856,0.5534591194968553,1.0,0.3333333333333333,1400.0
69,all,R10,IF (PointsAjust IS Medium) AND (TeamExp IS High) AND (Length IS Medium),Medium,0.0,0.0,4675.192462073857,0.0,4675.192462073856,0.5534591194968553,1.0,0.3333333333333333,1400.0
69,all,R11,IF (PointsAjust IS Medium) AND (TeamExp IS High) AND (Length IS High),Medium,0.0,0.0,4675.192462073857,0.0,4675.192462073856,0.5534591194968553,1.0,0.3333333333333333,1400.0
69,all,R12,IF (PointsAjust IS Medium) AND (TeamExp IS Medium) AND (Length IS Low),Medium,0.0,0.0,4675.192462073857,0.0,4675.192462073856,0.5534591194968553,1.0,0.3333333333333333,1400.0
69,all,R13,IF (PointsAjust IS Medium) AND (TeamExp IS Medium) AND (Length IS Medium),Medium,0.0,0.0,4675.192462073857,0.0,4675.192462073856,0.5534591194968553,1.0,0.3333333333333333,1400.0
69,all,R14,IF (PointsAjust IS Medium) AND (TeamExp IS Medium) AND (Length IS High),High,0.0,0.0,7348.867364438889,0.0,4675.192462073856,0.5534591194968553,1.0,0.3333333333333333,1400.0
69,all,R15,IF (PointsAjust IS Medium) AND (TeamExp IS Low) AND (Length IS Medium),High,0.0,0.0,7348.867364438889,0.0,4675.192462073856,0.5534591194968553,1.0,0.3333333333333333,1400.0
69,all,R16,IF (PointsAjust IS Medium) AND (TeamExp IS Low) AND (Length IS High),High,0.0,0.0,7348.867364438889,0.0,4675.192462073856,0.5534591194968553,1.0,0.3333333333333333,1400.0
69,all,R17,IF (PointsAjust IS High) AND (TeamExp IS High) AND (Length IS Medium),Medium,0.30769230769230754,1.0,4675.192462073857,4675.192462073857,4675.192462073856,0.5534591194968553,1.0,0.3333333333333333,1400.0
69,all,R18,IF (PointsAjust IS High) AND (TeamExp IS Medium) AND (Length IS Medium),High,0.0,0.0,7348.867364438889,0.0,4675.192462073856,0.5534591194968553,1.0,0.3333333333333333,1400.0
69,all,R19,IF (PointsAjust IS High) AND (TeamExp IS Low) AND (Length IS Medium),High,0.0,0.0,7348.867364438889,0.0,4675.192462073856,0.5534591194968553,1.0,0.3333333333333333,1400.0
69,all,R20,IF (PointsAjust IS High) AND (TeamExp IS Low) AND (Length IS High),Very_High,0.0,0.0,19600.045103579032,0.0,4675.192462073856,0.5534591194968553,1.0,0.3333333333333333,1400.0
70,all,R1,IF (PointsAjust IS Low) AND (TeamExp IS High) AND (Length IS Low),Very_Low,0.0,0.0,4368.57666478368,0.0,4370.163334480198,0.3694968553459119,1.0,0.3333333333333333,2800.0
70,all,R2,IF (PointsAjust IS Low) AND (TeamExp IS High) AND (Length IS Medium),Low,0.0,0.0,6961.1257159766865,0.0,4370.163334480198,0.3694968553459119,1.0,0.3333333333333333,2800.0
70,all,R3,IF (PointsAjust IS Low) AND (TeamExp IS High) AND (Length IS High),Medium,0.0,0.0,4370.163334480198,0.0,4370.163334480198,0.3694968553459119,1.0,0.3333333333333333,2800.0
70,all,R4,IF (PointsAjust IS Low) AND (TeamExp IS Medium) AND (Length IS Low),Low,0.0,0.0,6961.1257159766865,0.0,4370.163334480198,0.3694968553459119,1.0,0.3333333333333333,2800.0
70,all,R5,IF (PointsAjust IS Low) AND (TeamExp IS Medium) AND (Length IS Medium),Medium,0.0,0.0,4370.163334480198,0.0,4370.163334480198,0.3694968553459119,1.0,0.3333333333333333,2800.0
70,all,R6,IF (PointsAjust IS Low) AND (TeamExp IS Medium) AND (Length IS High),Medium,0.0,0.0,4370.163334480198,0.0,4370.163334480198,0.3694968553459119,1.0,0.3333333333333333,2800.0
70,all,R7,IF (PointsAjust IS Low) AND (TeamExp IS Low) AND (Length IS Medium),Medium,0.0,0.0,4370.163334480198,0.0,4370.163334480198,0.3694968553459119,1.0,0.3333333333333333,2800.0
70,all,R8,IF (PointsAjust IS Low) AND (TeamExp IS Low) AND (Length IS High),High,0.0,0.0,6561.260563582866,0.0,4370.163334480198,0.3694968553459119,1.0,0.3333333333333333,2800.0
70,all,R9,IF (PointsAjust IS Medium) AND (TeamExp IS High) AND (Length IS Low),Low,0.0,0.0,6961.1257159766865,0.0,4370.163334480198,0.3694968553459119,1.0,0.3333333333333333,2800.0
70,all,R10,IF (PointsAjust IS Medium) AND (TeamExp IS High) AND (Length IS Medium),Medium,0.09467455621301786,0.16842105263157905,4370.163334480198,736.0275089650863,4370.163334480198,0.3694968553459119,1.0,0.3333333333333333,2800.0
70,all,R11,IF (PointsAjust IS Medium) AND (TeamExp IS High) AND (Length IS High),Medium,0.23076923076923123,0.41052631578947424,4370.163334480198,1794.0670531023993,4370.163334480198,0.3694968553459119,1.0,0.3333333333333333,2800.0
70,all,R12,IF (PointsAjust IS Medium) AND (TeamExp IS Medium) AND (Length IS Low),Medium,0.0,0.0,4370.163334480198,0.0,4370.163334480198,0.3694968553459119,1.0,0.3333333333333333,2800.0
70,all,R13,IF (PointsAjust IS Medium) AND (TeamExp IS Medium) AND (Length IS Medium),Medium,0.0,0.0,4370.163334480198,0.0,4370.163334480198,0.3694968553459119,1.0,0.3333333333333333,2800.0
70,all,R14,IF (PointsAjust IS Medium) AND (TeamExp IS Medium) AND (Length IS High),High,0.0,0.0,6561.260563582866,0.0,4370.163334480198,0.3694968553459119,1.0,0.3333333333333333,2800.0
70,all,R15,IF (PointsAjust IS Medium) AND (TeamExp IS Low) AND (Length IS Medium),High,0.0,0.0,6561.260563582866,0.0,4370.163334480198,0.3694968553459119,1.0,0.3333333333333333,2800.0
70,all,R16,IF (PointsAjust IS Medium) AND (TeamExp IS Low) AND (Length IS High),High,0.0,0.0,6561.260563582866,0.0,4370.163334480198,0.3694968553459119,1.0,0.3333333333333333,2800.0
70,all,R17,IF (PointsAjust IS High) AND (TeamExp IS High) AND (Length IS Medium),Medium,0.23668639053254414,0.42105263157894673,4370.163334480198,1840.068772412712,4370.163334480198,0.3694968553459119,1.0,0.3333333333333333,2800.0
70,all,R18,IF (PointsAjust IS High) AND (TeamExp IS Medium) AND (Length IS Medium),High,0.0,0.0,6561.260563582866,0.0,4370.163334480198,0.3694968553459119,1.0,0.3333333333333333,2800.0
70,all,R19,IF (PointsAjust IS High) AND (TeamExp IS Low) AND (Length IS Medium),High,0.0,0.0,6561.260563582866,0.0,4370.163334480198,0.3694968553459119,1.0,0.3333333333333333,2800.0
70,all,R20,IF (PointsAjust IS High) AND (TeamExp IS Low) AND (Length IS High),Very_High,0.0,0.0,18594.32033245971,0.0,4370.163334480198,0.3694968553459119,1.0,0.3333333333333333,2800.0
71,all,R1,IF (PointsAjust IS Low) AND (TeamExp IS High) AND (Length IS Low),Very_Low,0.0,0.05,9347.474884039044,467.3737442019522,7965.489090612333,0.8726415094339622,1.0,0.696969696969697,9520.0
71,all,R2,IF (PointsAjust IS Low) AND (TeamExp IS High) AND (Length IS Medium),Low,0.0,0.05,12434.734473123286,621.7367236561644,7965.489090612333,0.8726415094339622,1.0,0.696969696969697,9520.0
71,all,R3,IF (PointsAjust IS Low) AND (TeamExp IS High) AND (Length IS High),Medium,0.0,0.05,3863.2333171767777,193.1616658588389,7965.489090612333,0.8726415094339622,1.0,0.696969696969697,9520.0
71,all,R4,IF (PointsAjust IS Low) AND (TeamExp IS Medium) AND (Length IS Low),Low,0.0,0.05,12434.734473123286,621.7367236561644,7965.489090612333,0.8726415094339622,1.0,0.696969696969697,9520.0
71,all,R5,IF (PointsAjust IS Low) AND (TeamExp IS Medium) AND (Length IS Medium),Medium,0.0,0.05,3863.2333171767777,193.1616658588389,7965.489090612333,0.8726415094339622,1.0,0.696969696969697,9520.0
71,all,R6,IF (PointsAjust IS Low) AND (TeamExp IS Medium) AND (Length IS High),Medium,0.0,0.05,3863.2333171767777,193.1616658588389,7965.489090612333,0.8726415094339622,1.0,0.696969696969697,9520.0
71,all,R7,IF (PointsAjust IS Low) AND (TeamExp IS Low) AND (Length IS Medium),Medium,0.0,0.05,3863.2333171767777,193.1616658588389,7965.489090612333,0.8726415094339622,1.0,0.696969696969697,9520.0
71,all,R8,IF (PointsAjust IS Low) AND (TeamExp IS Low) AND (Length IS High),High,0.0,0.05,9799.821495574493,489.9910747787247,7965.489090612333,0.8726415094339622,1.0,0.696969696969697,9520.0
71,all,R9,IF (PointsAjust IS Medium) AND (TeamExp IS High) AND (Length IS Low),Low,0.0,0.05,12434.734473123286,621.7367236561644,7965.489090612333,0.8726415094339622,1.0,0.696969696969697,9520.0
71,all,R10,IF (PointsAjust IS Medium) AND (TeamExp IS High) AND (Length IS Medium),Medium,0.0,0.05,3863.2333171767777,193.1616658588389,7965.489090612333,0.8726415094339622,1.0,0.696969696969697,9520.0
71,all,R11,IF (PointsAjust IS Medium) AND (TeamExp IS High) AND (Length IS High),Medium,0.0,0.05,3863.2333171767777,193.1616658588389,7965.489090612333,0.8726415094339622,1.0,0.696969696969697,9520.0
71,all,R12,IF (PointsAjust IS Medium) AND (TeamExp IS Medium) AND (Length IS Low),Medium,0.0,0.05,3863.2333171767777,193.1616658588389,7965.489090612333,0.8726415094339622,1.0,0.696969696969697,9520.0
71,all,R13,IF (PointsAjust IS Medium) AND (TeamExp IS Medium) AND (Length IS Medium),Medium,0.0,0.05,3863.2333171767777,193.1616658588389,7965.489090612333,0.8726415094339622,1.0,0.696969696969697,9520.0
71,all,R14,IF (PointsAjust IS Medium) AND (TeamExp IS Medium) AND (Length IS High),High,0.0,0.05,9799.821495574493,489.9910747787247,7965.489090612333,0.8726415094339622,1.0,0.696969696969697,9520.0
71,all,R15,IF (PointsAjust IS Medium) AND (TeamExp IS Low) AND (Length IS Medium),High,0.0,0.05,9799.821495574493,489.9910747787247,7965.489090612333,0.8726415094339622,1.0,0.696969696969697,9520.0
71,all,R16,IF (PointsAjust IS Medium) AND (TeamExp IS Low) AND (Length IS High),High,0.0,0.05,9799.821495574493,489.9910747787247,7965.489090612333,0.8726415094339622,1.0,0.696969696969697,9520.0
71,all,R17,IF (PointsAjust IS High) AND (TeamExp IS High) AND (Length IS Medium),Medium,0.0,0.05,3863.2333171767777,193.1616658588389,7965.489090612333,0.8726415094339622,1.0,0.696969696969697,9520.0
71,all,R18,IF (PointsAjust IS High) AND (TeamExp IS Medium) AND (Length IS Medium),High,0.0,0.05,9799.821495574493,489.9910747787247,7965.489090612333,0.8726415094339622,1.0,0.696969696969697,9520.0
71,all,R19,IF (PointsAjust IS High) AND (TeamExp IS Low) AND (Length IS Medium),High,0.0,0.05,9799.821495574493,489.9910747787247,7965.489090612333,0.8726415094339622,1.0,0.696969696969697,9520.0
71,all,R20,IF (PointsAjust IS High) AND (TeamExp IS Low) AND (Length IS High),Very_High,0.0,0.05,19090.074680799793,954.5037340399897,7965.489090612333,0.8726415094339622,1.0,0.696969696969697,9520.0
72,all,R1,IF (PointsAjust IS Low) AND (TeamExp IS High) AND (Length IS Low),Very_Low,0.0,0.0,10431.50590355229,0.0,5412.997958732023,0.9984276729559748,1.0,0.3333333333333333,5880.0
72,all,R2,IF (PointsAjust IS Low) AND (TeamExp IS High) AND (Length IS Medium),Low,0.0,0.0,14822.87856085902,0.0,5412.997958732023,0.9984276729559748,1.0,0.3333333333333333,5880.0
72,all,R3,IF (PointsAjust IS Low) AND (TeamExp IS High) AND (Length IS High),Medium,0.0,0.0,5412.997958732025,0.0,5412.997958732023,0.9984276729559748,1.0,0.3333333333333333,5880.0
72,all,R4,IF (PointsAjust IS Low) AND (TeamExp IS Medium) AND (Length IS Low),Low,0.0,0.0,14822.87856085902,0.0,5412.997958732023,0.9984276729559748,1.0,0.3333333333333333,5880.0
72,all,R5,IF (PointsAjust IS Low) AND (TeamExp IS Medium) AND (Length IS Medium),Medium,0.0,0.0,5412.997958732025,0.0,5412.997958732023,0.9984276729559748,1.0,0.3333333333333333,5880.0
72,all,R6,IF (PointsAjust IS Low) AND (TeamExp IS Medium) AND (Length IS High),Medium,0.0,0.0,5412.997958732025,0.0,5412.997958732023,0.9984276729559748,1.0,0.3333333333333333,5880.0
72,all,R7,IF (PointsAjust IS Low) AND (TeamExp IS Low) AND (Length IS Medium),Medium,0.0,0.0,5412.997958732025,0.0,5412.997958732023,0.9984276729559748,1.0,0.3333333333333333,5880.0
72,all,R8,IF (PointsAjust IS Low) AND (TeamExp IS Low) AND (Length IS High),High,0.0,0.0,9253.933387022264,0.0,5412.997958732023,0.9984276729559748,1.0,0.3333333333333333,5880.0
72,all,R9,IF (PointsAjust IS Medium) AND (TeamExp IS High) AND (Length IS Low),Low,0.0,0.0,14822.87856085902,0.0,5412.997958732023,0.9984276729559748,1.0,0.3333333333333333,5880.0
72,all,R10,IF (PointsAjust IS Medium) AND (TeamExp IS High) AND (Length IS Medium),Medium,0.0,0.0,5412.997958732025,0.0,5412.997958732023,0.9984276729559748,1.0,0.3333333333333333,5880.0
72,all,R11,IF (PointsAjust IS Medium) AND (TeamExp IS High) AND (Length IS High),Medium,0.0,0.0,5412.997958732025,0.0,5412.997958732023,0.9984276729559748,1.0,0.3333333333333333,5880.0
72,all,R12,IF (PointsAjust IS Medium) AND (TeamExp IS Medium) AND (Length IS Low),Medium,0.0,0.0,5412.997958732025,0.0,5412.997958732023,0.9984276729559748,1.0,0.3333333333333333,5880.0
72,all,R13,IF (PointsAjust IS Medium) AND (TeamExp IS Medium) AND (Length IS Medium),Medium,0.0,0.0,5412.997958732025,0.0,5412.997958732023,0.9984276729559748,1.0,0.3333333333333333,5880.0
72,all,R14,IF (PointsAjust IS Medium) AND (TeamExp IS Medium) AND (Length IS High),High,0.0,0.0,9253.933387022264,0.0,5412.997958732023,0.9984276729559748,1.0,0.3333333333333333,5880.0
72,all,R15,IF (PointsAjust IS Medium) AND (TeamExp IS Low) AND (Length IS Medium),High,0.0,0.0,9253.933387022264,0.0,5412.997958732023,0.9984276729559748,1.0,0.3333333333333333,5880.0
72,all,R16,IF (PointsAjust IS Medium) AND (TeamExp IS Low) AND (Length IS High),High,0.0,0.0,9253.933387022264,0.0,5412.997958732023,0.9984276729559748,1.0,0.3333333333333333,5880.0
72,all,R17,IF (PointsAjust IS High) AND (TeamExp IS High) AND (Length IS Medium),Medium,0.30769230769230754,1.0,5412.997958732025,5412.997958732025,5412.997958732023,0.9984276729559748,1.0,0.3333333333333333,5880.0
72,all,R18,IF (PointsAjust IS High) AND (TeamExp IS Medium) AND (Length IS Medium),High,0.0,0.0,9253.933387022264,0.0,5412.997958732023,0.9984276729559748,1.0,0.3333333333333333,5880.0
72,all,R19,IF (PointsAjust IS High) AND (TeamExp IS Low) AND (Length IS Medium),High,0.0,0.0,9253.933387022264,0.0,5412.997958732023,0.9984276729559748,1.0,0.3333333333333333,5880.0
72,all,R20,IF (PointsAjust IS High) AND (TeamExp IS Low) AND (Length IS High),Very_High,0.0,0.0,22032.695618337733,0.0,5412.997958732023,0.9984276729559748,1.0,0.3333333333333333,5880.0
