sample_index,split,rule_id,original_label,sugeno_output,firing_strength,normalized_firing_strength,rule_output,rule_contribution,PointsAjust,TeamExp,Length,actual,predicted
0,all,R1,Very_Low,R1_OUT,0.0,0.0,14766.372566099195,0.0,0.3773584905660377,0.4,0.3333333333333333,5152.0,21267.90904024269
0,all,R2,Low,R2_OUT,0.0,0.0,14135.877089144818,0.0,0.3773584905660377,0.4,0.3333333333333333,5152.0,21267.90904024269
0,all,R3,Low,R3_OUT,0.0,0.0,-2577.379807693558,-0.0,0.3773584905660377,0.4,0.3333333333333333,5152.0,21267.90904024269
0,all,R4,Low,R4_OUT,0.0,0.0,7592.463706990524,0.0,0.3773584905660377,0.4,0.3333333333333333,5152.0,21267.90904024269
0,all,R5,Medium,R5_OUT,0.0,0.0,-5955.8288456173605,-0.0,0.3773584905660377,0.4,0.3333333333333333,5152.0,21267.90904024269
0,all,R6,Medium,R6_OUT,0.0,0.0,1101.6976087258663,0.0,0.3773584905660377,0.4,0.3333333333333333,5152.0,21267.90904024269
0,all,R7,Medium,R7_OUT,0.0,0.0,8469.080785461458,0.0,0.3773584905660377,0.4,0.3333333333333333,5152.0,21267.90904024269
0,all,R8,Medium,R8_OUT,0.0,0.0,14718.68034400135,0.0,0.3773584905660377,0.4,0.3333333333333333,5152.0,21267.90904024269
0,all,R9,High,R9_OUT,0.0,0.0,-33759.520031137974,-0.0,0.3773584905660377,0.4,0.3333333333333333,5152.0,21267.90904024269
0,all,R10,High,R10_OUT,0.0,0.0,25871.987739755976,0.0,0.3773584905660377,0.4,0.3333333333333333,5152.0,21267.90904024269
0,all,R11,Medium,R11_OUT,0.0,0.0,10660.046844226898,0.0,0.3773584905660377,0.4,0.3333333333333333,5152.0,21267.90904024269
0,all,R12,Medium,R12_OUT,0.0,0.0,10373.016133327696,0.0,0.3773584905660377,0.4,0.3333333333333333,5152.0,21267.90904024269
0,all,R13,High,R13_OUT,0.0,0.0,4557.98294768392,0.0,0.3773584905660377,0.4,0.3333333333333333,5152.0,21267.90904024269
0,all,R14,High,R14_OUT,0.0,0.0,-2480.963440162808,-0.0,0.3773584905660377,0.4,0.3333333333333333,5152.0,21267.90904024269
0,all,R15,High,R15_OUT,0.06837606837606851,0.07950310559006223,3511.134654397614,279.14610916950016,0.3773584905660377,0.4,0.3333333333333333,5152.0,21267.90904024269
0,all,R16,High,R16_OUT,0.0,0.0,386.1494519587268,0.0,0.3773584905660377,0.4,0.3333333333333333,5152.0,21267.90904024269
0,all,R17,High,R17_OUT,0.0,0.0,17140.457679120525,0.0,0.3773584905660377,0.4,0.3333333333333333,5152.0,21267.90904024269
0,all,R18,Very_High,R18_OUT,0.0,0.0,1082.9248962916827,0.0,0.3773584905660377,0.4,0.3333333333333333,5152.0,21267.90904024269
0,all,R19,Very_High,R19_OUT,0.16666666666666713,0.1937888198757768,-13314.629875316368,-2580.22641062032,0.3773584905660377,0.4,0.3333333333333333,5152.0,21267.90904024269
0,all,R20,Very_High,R20_OUT,0.6249999999999999,0.726708074534161,32432.540888997075,23568.98934169351,0.3773584905660377,0.4,0.3333333333333333,5152.0,21267.90904024269
1,all,R1,Very_Low,R1_OUT,0.0,0.05,14714.156445906257,735.7078222953129,0.3977987421383648,0.2,0.0909090909090909,5635.0,5524.8054250495425
1,all,R2,Low,R2_OUT,0.0,0.05,13457.06844147417,672.8534220737085,0.3977987421383648,0.2,0.0909090909090909,5635.0,5524.8054250495425
1,all,R3,Low,R3_OUT,0.0,0.05,-5973.144930338774,-298.65724651693876,0.3977987421383648,0.2,0.0909090909090909,5635.0,5524.8054250495425
1,all,R4,Low,R4_OUT,0.0,0.05,8991.177442499116,449.5588721249558,0.3977987421383648,0.2,0.0909090909090909,5635.0,5524.8054250495425
1,all,R5,Medium,R5_OUT,0.0,0.05,2628.781832656001,131.43909163280006,0.3977987421383648,0.2,0.0909090909090909,5635.0,5524.8054250495425
1,all,R6,Medium,R6_OUT,0.0,0.05,2967.2819223086535,148.3640961154327,0.3977987421383648,0.2,0.0909090909090909,5635.0,5524.8054250495425
1,all,R7,Medium,R7_OUT,0.0,0.05,8815.959611475266,440.7979805737633,0.3977987421383648,0.2,0.0909090909090909,5635.0,5524.8054250495425
1,all,R8,Medium,R8_OUT,0.0,0.05,15031.63065154685,751.5815325773425,0.3977987421383648,0.2,0.0909090909090909,5635.0,5524.8054250495425
1,all,R9,High,R9_OUT,0.0,0.05,-5712.670524270114,-285.6335262135057,0.3977987421383648,0.2,0.0909090909090909,5635.0,5524.8054250495425
1,all,R10,High,R10_OUT,0.0,0.05,1884.936371069849,94.24681855349246,0.3977987421383648,0.2,0.0909090909090909,5635.0,5524.8054250495425
1,all,R11,Medium,R11_OUT,0.0,0.05,11339.479147620195,566.9739573810098,0.3977987421383648,0.2,0.0909090909090909,5635.0,5524.8054250495425
1,all,R12,Medium,R12_OUT,0.0,0.05,10853.586239625405,542.6793119812703,0.3977987421383648,0.2,0.0909090909090909,5635.0,5524.8054250495425
1,all,R13,High,R13_OUT,0.0,0.05,3283.2948195368253,164.16474097684127,0.3977987421383648,0.2,0.0909090909090909,5635.0,5524.8054250495425
1,all,R14,High,R14_OUT,0.0,0.05,4571.089403533638,228.5544701766819,0.3977987421383648,0.2,0.0909090909090909,5635.0,5524.8054250495425
1,all,R15,High,R15_OUT,0.0,0.05,-7600.806903009417,-380.04034515047084,0.3977987421383648,0.2,0.0909090909090909,5635.0,5524.8054250495425
1,all,R16,High,R16_OUT,0.0,0.05,-3221.777873614892,-161.0888936807446,0.3977987421383648,0.2,0.0909090909090909,5635.0,5524.8054250495425
1,all,R17,High,R17_OUT,0.0,0.05,12117.139015866753,605.8569507933377,0.3977987421383648,0.2,0.0909090909090909,5635.0,5524.8054250495425
1,all,R18,Very_High,R18_OUT,0.0,0.05,5586.52626954106,279.326313477053,0.3977987421383648,0.2,0.0909090909090909,5635.0,5524.8054250495425
1,all,R19,Very_High,R19_OUT,0.0,0.05,-13183.793178509259,-659.1896589254629,0.3977987421383648,0.2,0.0909090909090909,5635.0,5524.8054250495425
1,all,R20,Very_High,R20_OUT,0.0,0.05,29946.19429607326,1497.3097148036632,0.3977987421383648,0.2,0.0909090909090909,5635.0,5524.8054250495425
2,all,R1,Very_Low,R1_OUT,1.0,1.0,804.9847226523443,804.9847226523443,0.0330188679245283,1.0,0.0,805.0,804.9847226523443
2,all,R2,Low,R2_OUT,0.0,0.0,2995.07506588063,0.0,0.0330188679245283,1.0,0.0,805.0,804.9847226523443
2,all,R3,Low,R3_OUT,0.0,0.0,2821.6780800010088,0.0,0.0330188679245283,1.0,0.0,805.0,804.9847226523443
2,all,R4,Low,R4_OUT,0.0,0.0,-6889.683648678905,-0.0,0.0330188679245283,1.0,0.0,805.0,804.9847226523443
2,all,R5,Medium,R5_OUT,0.0,0.0,9802.64870913883,0.0,0.0330188679245283,1.0,0.0,805.0,804.9847226523443
2,all,R6,Medium,R6_OUT,0.0,0.0,-14735.282917292081,-0.0,0.0330188679245283,1.0,0.0,805.0,804.9847226523443
2,all,R7,Medium,R7_OUT,0.0,0.0,1343.8341717687579,0.0,0.0330188679245283,1.0,0.0,805.0,804.9847226523443
2,all,R8,Medium,R8_OUT,0.0,0.0,-6801.518623611367,-0.0,0.0330188679245283,1.0,0.0,805.0,804.9847226523443
2,all,R9,High,R9_OUT,0.0,0.0,49336.02537404639,0.0,0.0330188679245283,1.0,0.0,805.0,804.9847226523443
2,all,R10,High,R10_OUT,0.0,0.0,-5013.330819813097,-0.0,0.0330188679245283,1.0,0.0,805.0,804.9847226523443
2,all,R11,Medium,R11_OUT,0.0,0.0,-14452.578018240061,-0.0,0.0330188679245283,1.0,0.0,805.0,804.9847226523443
2,all,R12,Medium,R12_OUT,0.0,0.0,-3321.7620589207936,-0.0,0.0330188679245283,1.0,0.0,805.0,804.9847226523443
2,all,R13,High,R13_OUT,0.0,0.0,-940.5403127673103,-0.0,0.0330188679245283,1.0,0.0,805.0,804.9847226523443
2,all,R14,High,R14_OUT,0.0,0.0,14459.114624987045,0.0,0.0330188679245283,1.0,0.0,805.0,804.9847226523443
2,all,R15,High,R15_OUT,0.0,0.0,8025.254148781591,0.0,0.0330188679245283,1.0,0.0,805.0,804.9847226523443
2,all,R16,High,R16_OUT,0.0,0.0,9780.49430040287,0.0,0.0330188679245283,1.0,0.0,805.0,804.9847226523443
2,all,R17,High,R17_OUT,0.0,0.0,-5375.519426903409,-0.0,0.0330188679245283,1.0,0.0,805.0,804.9847226523443
2,all,R18,Very_High,R18_OUT,0.0,0.0,44940.434481110155,0.0,0.0330188679245283,1.0,0.0,805.0,804.9847226523443
2,all,R19,Very_High,R19_OUT,0.0,0.0,19442.445710207237,0.0,0.0330188679245283,1.0,0.0,805.0,804.9847226523443
2,all,R20,Very_High,R20_OUT,0.0,0.0,15726.568122383354,0.0,0.0330188679245283,1.0,0.0,805.0,804.9847226523443
3,all,R1,Very_Low,R1_OUT,0.0,0.0,13577.557946563084,0.0,0.3789308176100629,0.2,0.1212121212121212,3829.0,3829.573246856744
3,all,R2,Low,R2_OUT,0.0,0.0,13001.245689255667,0.0,0.3789308176100629,0.2,0.1212121212121212,3829.0,3829.573246856744
3,all,R3,Low,R3_OUT,0.0,0.0,-6429.813861877395,-0.0,0.3789308176100629,0.2,0.1212121212121212,3829.0,3829.573246856744
3,all,R4,Low,R4_OUT,0.0,0.0,8295.279638328373,0.0,0.3789308176100629,0.2,0.1212121212121212,3829.0,3829.573246856744
3,all,R5,Medium,R5_OUT,0.0,0.0,1464.6511148364798,0.0,0.3789308176100629,0.2,0.1212121212121212,3829.0,3829.573246856744
3,all,R6,Medium,R6_OUT,0.0,0.0,2260.385822798824,0.0,0.3789308176100629,0.2,0.1212121212121212,3829.0,3829.573246856744
3,all,R7,Medium,R7_OUT,0.0,0.0,8378.80733577084,0.0,0.3789308176100629,0.2,0.1212121212121212,3829.0,3829.573246856744
3,all,R8,Medium,R8_OUT,0.0,0.0,14574.372540679444,0.0,0.3789308176100629,0.2,0.1212121212121212,3829.0,3829.573246856744
3,all,R9,High,R9_OUT,0.0,0.0,-8231.901488313808,-0.0,0.3789308176100629,0.2,0.1212121212121212,3829.0,3829.573246856744
3,all,R10,High,R10_OUT,0.20512820512820507,1.0,3829.573246856744,3829.573246856744,0.3789308176100629,0.2,0.1212121212121212,3829.0,3829.573246856744
3,all,R11,Medium,R11_OUT,0.0,0.0,10455.134353078547,0.0,0.3789308176100629,0.2,0.1212121212121212,3829.0,3829.573246856744
3,all,R12,Medium,R12_OUT,0.0,0.0,10225.4053841081,0.0,0.3789308176100629,0.2,0.1212121212121212,3829.0,3829.573246856744
3,all,R13,High,R13_OUT,0.0,0.0,3262.56954514274,0.0,0.3789308176100629,0.2,0.1212121212121212,3829.0,3829.573246856744
3,all,R14,High,R14_OUT,0.0,0.0,3550.446212767649,0.0,0.3789308176100629,0.2,0.1212121212121212,3829.0,3829.573246856744
3,all,R15,High,R15_OUT,0.0,0.0,-5538.666689147166,-0.0,0.3789308176100629,0.2,0.1212121212121212,3829.0,3829.573246856744
3,all,R16,High,R16_OUT,0.0,0.0,-2358.347352394534,-0.0,0.3789308176100629,0.2,0.1212121212121212,3829.0,3829.573246856744
3,all,R17,High,R17_OUT,0.0,0.0,13771.247019116392,0.0,0.3789308176100629,0.2,0.1212121212121212,3829.0,3829.573246856744
3,all,R18,Very_High,R18_OUT,0.0,0.0,5513.850005368986,0.0,0.3789308176100629,0.2,0.1212121212121212,3829.0,3829.573246856744
3,all,R19,Very_High,R19_OUT,0.0,0.0,-10830.244813826444,-0.0,0.3789308176100629,0.2,0.1212121212121212,3829.0,3829.573246856744
3,all,R20,Very_High,R20_OUT,0.0,0.0,29536.21108030394,0.0,0.3789308176100629,0.2,0.1212121212121212,3829.0,3829.573246856744
4,all,R1,Very_Low,R1_OUT,0.0,0.0,5102.171022788044,0.0,0.2295597484276729,0.2,0.0909090909090909,2149.0,-2517.920604693296
4,all,R2,Low,R2_OUT,0.0,0.0,8262.03577572444,0.0,0.2295597484276729,0.2,0.0909090909090909,2149.0,-2517.920604693296
4,all,R3,Low,R3_OUT,0.0,0.0,-9677.422528668663,-0.0,0.2295597484276729,0.2,0.0909090909090909,2149.0,-2517.920604693296
4,all,R4,Low,R4_OUT,0.0,0.0,2813.277551536101,0.0,0.2295597484276729,0.2,0.0909090909090909,2149.0,-2517.920604693296
4,all,R5,Medium,R5_OUT,0.2989690721649486,0.2541414598292533,2765.694479073593,702.8776323534692,0.2295597484276729,0.2,0.0909090909090909,2149.0,-2517.920604693296
4,all,R6,Medium,R6_OUT,0.0,0.0,-3271.101818171619,-0.0,0.2295597484276729,0.2,0.0909090909090909,2149.0,-2517.920604693296
4,all,R7,Medium,R7_OUT,0.0,0.0,5002.312016428998,0.0,0.2295597484276729,0.2,0.0909090909090909,2149.0,-2517.920604693296
4,all,R8,Medium,R8_OUT,0.0,0.0,8507.237541528697,0.0,0.2295597484276729,0.2,0.0909090909090909,2149.0,-2517.920604693296
4,all,R9,High,R9_OUT,0.0,0.0,8386.899625256,0.0,0.2295597484276729,0.2,0.0909090909090909,2149.0,-2517.920604693296
4,all,R10,High,R10_OUT,0.8774193548387095,0.7458585401707468,-4318.242754597188,-3220.798237046763,0.2295597484276729,0.2,0.0909090909090909,2149.0,-2517.920604693296
4,all,R11,Medium,R11_OUT,0.0,0.0,1704.771903531535,0.0,0.2295597484276729,0.2,0.0909090909090909,2149.0,-2517.920604693296
4,all,R12,Medium,R12_OUT,0.0,0.0,4747.56029568985,0.0,0.2295597484276729,0.2,0.0909090909090909,2149.0,-2517.920604693296
4,all,R13,High,R13_OUT,0.0,0.0,1491.4064351879078,0.0,0.2295597484276729,0.2,0.0909090909090909,2149.0,-2517.920604693296
4,all,R14,High,R14_OUT,0.0,0.0,4994.403680831907,0.0,0.2295597484276729,0.2,0.0909090909090909,2149.0,-2517.920604693296
4,all,R15,High,R15_OUT,0.0,0.0,130.51417513319575,0.0,0.2295597484276729,0.2,0.0909090909090909,2149.0,-2517.920604693296
4,all,R16,High,R16_OUT,0.0,0.0,1912.5513417928432,0.0,0.2295597484276729,0.2,0.0909090909090909,2149.0,-2517.920604693296
4,all,R17,High,R17_OUT,0.0,0.0,15738.70506740154,0.0,0.2295597484276729,0.2,0.0909090909090909,2149.0,-2517.920604693296
4,all,R18,Very_High,R18_OUT,0.0,0.0,15363.5878646481,0.0,0.2295597484276729,0.2,0.0909090909090909,2149.0,-2517.920604693296
4,all,R19,Very_High,R19_OUT,0.0,0.0,7417.947309929506,0.0,0.2295597484276729,0.2,0.0909090909090909,2149.0,-2517.920604693296
4,all,R20,Very_High,R20_OUT,0.0,0.0,23077.788487052727,0.0,0.2295597484276729,0.2,0.0909090909090909,2149.0,-2517.920604693296
5,all,R1,Very_Low,R1_OUT,0.0,0.0,3664.8647912937313,0.0,0.2044025157232704,0.2,0.0909090909090909,2821.0,-1962.5109334112258
5,all,R2,Low,R2_OUT,0.0,0.0,7485.208461219807,0.0,0.2044025157232704,0.2,0.0909090909090909,2821.0,-1962.5109334112258
5,all,R3,Low,R3_OUT,0.0,0.0,-10231.333197577804,-0.0,0.2044025157232704,0.2,0.0909090909090909,2821.0,-1962.5109334112258
5,all,R4,Low,R4_OUT,0.0,0.0,1889.4794369995752,0.0,0.2044025157232704,0.2,0.0909090909090909,2821.0,-1962.5109334112258
5,all,R5,Medium,R5_OUT,0.4639175257731959,0.40877922991267657,2786.1673981640743,1138.927363429316,0.2044025157232704,0.2,0.0909090909090909,2821.0,-1962.5109334112258
5,all,R6,Medium,R6_OUT,0.0,0.0,-4203.944246654649,-0.0,0.2044025157232704,0.2,0.0909090909090909,2821.0,-1962.5109334112258
5,all,R7,Medium,R7_OUT,0.0,0.0,4432.0469554875,0.0,0.2044025157232704,0.2,0.0909090909090909,2821.0,-1962.5109334112258
5,all,R8,Medium,R8_OUT,0.0,0.0,7531.627356853086,0.0,0.2044025157232704,0.2,0.0909090909090909,2821.0,-1962.5109334112258
5,all,R9,High,R9_OUT,0.0,0.0,10495.24656350289,0.0,0.2044025157232704,0.2,0.0909090909090909,2821.0,-1962.5109334112258
5,all,R10,High,R10_OUT,0.6709677419354838,0.5912207700873233,-5245.820941612823,-3101.4382968405407,0.2044025157232704,0.2,0.0909090909090909,2821.0,-1962.5109334112258
5,all,R11,Medium,R11_OUT,0.0,0.0,264.0680165650083,0.0,0.2044025157232704,0.2,0.0909090909090909,2821.0,-1962.5109334112258
5,all,R12,Medium,R12_OUT,0.0,0.0,3834.5096872508902,0.0,0.2044025157232704,0.2,0.0909090909090909,2821.0,-1962.5109334112258
5,all,R13,High,R13_OUT,0.0,0.0,1223.4605085562944,0.0,0.2044025157232704,0.2,0.0909090909090909,2821.0,-1962.5109334112258
5,all,R14,High,R14_OUT,0.0,0.0,5057.703012016695,0.0,0.2044025157232704,0.2,0.0909090909090909,2821.0,-1962.5109334112258
5,all,R15,High,R15_OUT,0.0,0.0,1286.599569995642,0.0,0.2044025157232704,0.2,0.0909090909090909,2821.0,-1962.5109334112258
5,all,R16,High,R16_OUT,0.0,0.0,2680.3015048444677,0.0,0.2044025157232704,0.2,0.0909090909090909,2821.0,-1962.5109334112258
5,all,R17,High,R17_OUT,0.0,0.0,16280.247654546929,0.0,0.2044025157232704,0.2,0.0909090909090909,2821.0,-1962.5109334112258
5,all,R18,Very_High,R18_OUT,0.0,0.0,16825.57838354261,0.0,0.2044025157232704,0.2,0.0909090909090909,2821.0,-1962.5109334112258
5,all,R19,Very_High,R19_OUT,0.0,0.0,10498.581401658666,0.0,0.2044025157232704,0.2,0.0909090909090909,2821.0,-1962.5109334112258
5,all,R20,Very_High,R20_OUT,0.0,0.0,22050.73715112442,0.0,0.2044025157232704,0.2,0.0909090909090909,2821.0,-1962.5109334112258
6,all,R1,Very_Low,R1_OUT,0.0,0.0,2527.6396857901464,0.0,0.130503144654088,0.6,0.2424242424242424,2569.0,2569.1550995880416
6,all,R2,Low,R2_OUT,0.0,0.0,6428.464836014084,0.0,0.130503144654088,0.6,0.2424242424242424,2569.0,2569.1550995880416
6,all,R3,Low,R3_OUT,0.0,0.0,-3713.215476806208,-0.0,0.130503144654088,0.6,0.2424242424242424,2569.0,2569.1550995880416
6,all,R4,Low,R4_OUT,0.0,0.0,-2086.891658394944,-0.0,0.130503144654088,0.6,0.2424242424242424,2569.0,2569.1550995880416
6,all,R5,Medium,R5_OUT,0.0,0.0,-1381.8437735651924,-0.0,0.130503144654088,0.6,0.2424242424242424,2569.0,2569.1550995880416
6,all,R6,Medium,R6_OUT,0.0,0.0,-9079.561501581069,-0.0,0.130503144654088,0.6,0.2424242424242424,2569.0,2569.1550995880416
6,all,R7,Medium,R7_OUT,0.9484536082474225,0.9363099146421536,3093.804690955492,2896.760006108031,0.130503144654088,0.6,0.2424242424242424,2569.0,2569.1550995880416
6,all,R8,Medium,R8_OUT,0.0,0.0,2606.2935703430194,0.0,0.130503144654088,0.6,0.2424242424242424,2569.0,2569.1550995880416
6,all,R9,High,R9_OUT,0.0,0.0,2274.1557512337604,0.0,0.130503144654088,0.6,0.2424242424242424,2569.0,2569.1550995880416
6,all,R10,High,R10_OUT,0.0,0.0,12467.309748766627,0.0,0.130503144654088,0.6,0.2424242424242424,2569.0,2569.1550995880416
6,all,R11,Medium,R11_OUT,0.06451612903225815,0.06369008535784644,-5143.734769380866,-327.6049065199899,0.130503144654088,0.6,0.2424242424242424,2569.0,2569.1550995880416
6,all,R12,Medium,R12_OUT,0.0,0.0,1052.3124421482617,0.0,0.130503144654088,0.6,0.2424242424242424,2569.0,2569.1550995880416
6,all,R13,High,R13_OUT,0.0,0.0,1438.581859770621,0.0,0.130503144654088,0.6,0.2424242424242424,2569.0,2569.1550995880416
6,all,R14,High,R14_OUT,0.0,0.0,2785.9722775042246,0.0,0.130503144654088,0.6,0.2424242424242424,2569.0,2569.1550995880416
6,all,R15,High,R15_OUT,0.0,0.0,11882.006920697062,0.0,0.130503144654088,0.6,0.2424242424242424,2569.0,2569.1550995880416
6,all,R16,High,R16_OUT,0.0,0.0,7740.031356748897,0.0,0.130503144654088,0.6,0.2424242424242424,2569.0,2569.1550995880416
6,all,R17,High,R17_OUT,0.0,0.0,13310.197934886237,0.0,0.130503144654088,0.6,0.2424242424242424,2569.0,2569.1550995880416
6,all,R18,Very_High,R18_OUT,0.0,0.0,22598.09887986538,0.0,0.130503144654088,0.6,0.2424242424242424,2569.0,2569.1550995880416
6,all,R19,Very_High,R19_OUT,0.0,0.0,13806.43949869356,0.0,0.130503144654088,0.6,0.2424242424242424,2569.0,2569.1550995880416
6,all,R20,Very_High,R20_OUT,0.0,0.0,21712.067310620176,0.0,0.130503144654088,0.6,0.2424242424242424,2569.0,2569.1550995880416
7,all,R1,Very_Low,R1_OUT,0.0,0.0,6802.569467158042,0.0,0.2389937106918239,0.4,0.3636363636363636,3913.0,3915.5111383520307
7,all,R2,Low,R2_OUT,0.0,0.0,9990.124593029313,0.0,0.2389937106918239,0.4,0.3636363636363636,3913.0,3915.5111383520307
7,all,R3,Low,R3_OUT,0.0,0.0,-5665.124416550602,-0.0,0.2389937106918239,0.4,0.3636363636363636,3913.0,3915.5111383520307
7,all,R4,Low,R4_OUT,0.0,0.0,2508.524858771285,0.0,0.2389937106918239,0.4,0.3636363636363636,3913.0,3915.5111383520307
7,all,R5,Medium,R5_OUT,0.0,0.0,-7022.713197757096,-0.0,0.2389937106918239,0.4,0.3636363636363636,3913.0,3915.5111383520307
7,all,R6,Medium,R6_OUT,0.0,0.0,-4036.2000260783607,-0.0,0.2389937106918239,0.4,0.3636363636363636,3913.0,3915.5111383520307
7,all,R7,Medium,R7_OUT,0.0,0.0,5323.169470284918,0.0,0.2389937106918239,0.4,0.3636363636363636,3913.0,3915.5111383520307
7,all,R8,Medium,R8_OUT,0.0,0.0,9627.273855924792,0.0,0.2389937106918239,0.4,0.3636363636363636,3913.0,3915.5111383520307
7,all,R9,High,R9_OUT,0.0,0.0,-26264.10303850894,-0.0,0.2389937106918239,0.4,0.3636363636363636,3913.0,3915.5111383520307
7,all,R10,High,R10_OUT,0.0,0.0,23410.628227218614,0.0,0.2389937106918239,0.4,0.3636363636363636,3913.0,3915.5111383520307
7,all,R11,Medium,R11_OUT,0.0,0.0,2932.3585865942405,0.0,0.2389937106918239,0.4,0.3636363636363636,3913.0,3915.5111383520307
7,all,R12,Medium,R12_OUT,0.0,0.0,5407.844887725328,0.0,0.2389937106918239,0.4,0.3636363636363636,3913.0,3915.5111383520307
7,all,R13,High,R13_OUT,0.0,0.0,3264.5145217896697,0.0,0.2389937106918239,0.4,0.3636363636363636,3913.0,3915.5111383520307
7,all,R14,High,R14_OUT,0.0,0.0,-3200.9348078010535,-0.0,0.2389937106918239,0.4,0.3636363636363636,3913.0,3915.5111383520307
7,all,R15,High,R15_OUT,0.0,0.0,11064.680493856484,0.0,0.2389937106918239,0.4,0.3636363636363636,3913.0,3915.5111383520307
7,all,R16,High,R16_OUT,0.2371134020618555,0.1989286312147758,4896.393247674299,974.032806649119,0.2389937106918239,0.4,0.3636363636363636,3913.0,3915.5111383520307
7,all,R17,High,R17_OUT,0.0,0.0,21366.892971310757,0.0,0.2389937106918239,0.4,0.3636363636363636,3913.0,3915.5111383520307
7,all,R18,Very_High,R18_OUT,0.0,0.0,7954.703596868534,0.0,0.2389937106918239,0.4,0.3636363636363636,3913.0,3915.5111383520307
7,all,R19,Very_High,R19_OUT,0.9548387096774196,0.8010713687852242,3671.930425079958,2941.478331702912,0.2389937106918239,0.4,0.3636363636363636,3913.0,3915.5111383520307
7,all,R20,Very_High,R20_OUT,0.0,0.0,27144.06382756831,0.0,0.2389937106918239,0.4,0.3636363636363636,3913.0,3915.5111383520307
8,all,R1,Very_Low,R1_OUT,0.0,0.0,13203.588473460644,0.0,0.2908805031446541,0.8,0.3333333333333333,7854.0,7853.6200779936335
8,all,R2,Low,R2_OUT,0.0,0.0,12056.731138386918,0.0,0.2908805031446541,0.8,0.3333333333333333,7854.0,7853.6200779936335
8,all,R3,Low,R3_OUT,0.0,0.0,3869.96222790729,0.0,0.2908805031446541,0.8,0.3333333333333333,7854.0,7853.6200779936335
8,all,R4,Low,R4_OUT,0.0,0.0,3169.4396456694913,0.0,0.2908805031446541,0.8,0.3333333333333333,7854.0,7853.6200779936335
8,all,R5,Medium,R5_OUT,0.0,0.0,-4216.176522114478,-0.0,0.2908805031446541,0.8,0.3333333333333333,7854.0,7853.6200779936335
8,all,R6,Medium,R6_OUT,0.0,0.0,-4204.019469704281,-0.0,0.2908805031446541,0.8,0.3333333333333333,7854.0,7853.6200779936335
8,all,R7,Medium,R7_OUT,0.0,0.0,6892.97339045021,0.0,0.2908805031446541,0.8,0.3333333333333333,7854.0,7853.6200779936335
8,all,R8,Medium,R8_OUT,0.30769230769230754,0.28044943820224705,7933.293826956962,2224.8877968634347,0.2908805031446541,0.8,0.3333333333333333,7854.0,7853.6200779936335
8,all,R9,High,R9_OUT,0.0,0.0,-20423.981535639323,-0.0,0.2908805031446541,0.8,0.3333333333333333,7854.0,7853.6200779936335
8,all,R10,High,R10_OUT,0.0,0.0,29919.726756384527,0.0,0.2908805031446541,0.8,0.3333333333333333,7854.0,7853.6200779936335
8,all,R11,Medium,R11_OUT,0.0,0.0,3550.97651138153,0.0,0.2908805031446541,0.8,0.3333333333333333,7854.0,7853.6200779936335
8,all,R12,Medium,R12_OUT,0.0,0.0,6851.258079946011,0.0,0.2908805031446541,0.8,0.3333333333333333,7854.0,7853.6200779936335
8,all,R13,High,R13_OUT,0.0,0.0,3737.960482684317,0.0,0.2908805031446541,0.8,0.3333333333333333,7854.0,7853.6200779936335
8,all,R14,High,R14_OUT,0.03944773175542402,0.03595505617977524,619.5439366900227,22.275737049528885,0.2908805031446541,0.8,0.3333333333333333,7854.0,7853.6200779936335
8,all,R15,High,R15_OUT,0.0,0.0,8709.203863953166,0.0,0.2908805031446541,0.8,0.3333333333333333,7854.0,7853.6200779936335
8,all,R16,High,R16_OUT,0.0,0.0,4391.664890730755,0.0,0.2908805031446541,0.8,0.3333333333333333,7854.0,7853.6200779936335
8,all,R17,High,R17_OUT,0.7500000000000002,0.6835955056179778,8201.42393857954,5606.456544080668,0.2908805031446541,0.8,0.3333333333333333,7854.0,7853.6200779936335
8,all,R18,Very_High,R18_OUT,0.0,0.0,13432.286418776486,0.0,0.2908805031446541,0.8,0.3333333333333333,7854.0,7853.6200779936335
8,all,R19,Very_High,R19_OUT,0.0,0.0,-8681.818711846623,-0.0,0.2908805031446541,0.8,0.3333333333333333,7854.0,7853.6200779936335
8,all,R20,Very_High,R20_OUT,0.0,0.0,29778.81894964414,0.0,0.2908805031446541,0.8,0.3333333333333333,7854.0,7853.6200779936335
9,all,R1,Very_Low,R1_OUT,1.0,1.0,736.7829957913436,736.7829957913436,0.0644654088050314,0.8,0.0909090909090909,2422.0,736.7829957913436
9,all,R2,Low,R2_OUT,0.0,0.0,4050.9034385654495,0.0,0.0644654088050314,0.8,0.0909090909090909,2422.0,736.7829957913436
9,all,R3,Low,R3_OUT,0.0,0.0,-785.3463534208702,-0.0,0.0644654088050314,0.8,0.0909090909090909,2422.0,736.7829957913436
9,all,R4,Low,R4_OUT,0.0,0.0,-5120.3496390124365,-0.0,0.0644654088050314,0.8,0.0909090909090909,2422.0,736.7829957913436
9,all,R5,Medium,R5_OUT,0.0,0.0,5403.963006798906,0.0,0.0644654088050314,0.8,0.0909090909090909,2422.0,736.7829957913436
9,all,R6,Medium,R6_OUT,0.0,0.0,-12541.487100871102,-0.0,0.0644654088050314,0.8,0.0909090909090909,2422.0,736.7829957913436
9,all,R7,Medium,R7_OUT,0.0,0.0,1836.215681963147,0.0,0.0644654088050314,0.8,0.0909090909090909,2422.0,736.7829957913436
9,all,R8,Medium,R8_OUT,0.0,0.0,-3042.794056237961,-0.0,0.0644654088050314,0.8,0.0909090909090909,2422.0,736.7829957913436
9,all,R9,High,R9_OUT,0.0,0.0,31355.070250413686,0.0,0.0644654088050314,0.8,0.0909090909090909,2422.0,736.7829957913436
9,all,R10,High,R10_OUT,0.0,0.0,448.95894485490135,0.0,0.0644654088050314,0.8,0.0909090909090909,2422.0,736.7829957913436
9,all,R11,Medium,R11_OUT,0.0,0.0,-10984.8234367832,-0.0,0.0644654088050314,0.8,0.0909090909090909,2422.0,736.7829957913436
9,all,R12,Medium,R12_OUT,0.0,0.0,-1819.0542024999686,-0.0,0.0644654088050314,0.8,0.0909090909090909,2422.0,736.7829957913436
9,all,R13,High,R13_OUT,0.0,0.0,-115.42622163720398,-0.0,0.0644654088050314,0.8,0.0909090909090909,2422.0,736.7829957913436
9,all,R14,High,R14_OUT,0.0,0.0,9734.179430589758,0.0,0.0644654088050314,0.8,0.0909090909090909,2422.0,736.7829957913436
9,all,R15,High,R15_OUT,0.0,0.0,9553.363075991841,0.0,0.0644654088050314,0.8,0.0909090909090909,2422.0,736.7829957913436
9,all,R16,High,R16_OUT,0.0,0.0,9000.473166742231,0.0,0.0644654088050314,0.8,0.0909090909090909,2422.0,736.7829957913436
9,all,R17,High,R17_OUT,0.0,0.0,3091.6987197632707,0.0,0.0644654088050314,0.8,0.0909090909090909,2422.0,736.7829957913436
9,all,R18,Very_High,R18_OUT,0.0,0.0,35943.554315570706,0.0,0.0644654088050314,0.8,0.0909090909090909,2422.0,736.7829957913436
9,all,R19,Very_High,R19_OUT,0.0,0.0,18699.305746628255,0.0,0.0644654088050314,0.8,0.0909090909090909,2422.0,736.7829957913436
9,all,R20,Very_High,R20_OUT,0.0,0.0,17652.91463687415,0.0,0.0644654088050314,0.8,0.0909090909090909,2422.0,736.7829957913436
10,all,R1,Very_Low,R1_OUT,0.0,0.0,13466.680686336329,0.0,0.2751572327044025,1.0,0.6060606060606061,4067.0,14371.154429634149
10,all,R2,Low,R2_OUT,0.0,0.0,13007.99264118716,0.0,0.2751572327044025,1.0,0.6060606060606061,4067.0,14371.154429634149
10,all,R3,Low,R3_OUT,0.0,0.0,7328.349671116206,0.0,0.2751572327044025,1.0,0.6060606060606061,4067.0,14371.154429634149
10,all,R4,Low,R4_OUT,0.0,0.0,1940.8888383681497,0.0,0.2751572327044025,1.0,0.6060606060606061,4067.0,14371.154429634149
10,all,R5,Medium,R5_OUT,0.0,0.0,-13984.111279854687,-0.0,0.2751572327044025,1.0,0.6060606060606061,4067.0,14371.154429634149
10,all,R6,Medium,R6_OUT,0.0,0.0,-5901.960106094057,-0.0,0.2751572327044025,1.0,0.6060606060606061,4067.0,14371.154429634149
10,all,R7,Medium,R7_OUT,0.0,0.0,6643.565783364633,0.0,0.2751572327044025,1.0,0.6060606060606061,4067.0,14371.154429634149
10,all,R8,Medium,R8_OUT,0.0,0.0,8077.719956677447,0.0,0.2751572327044025,1.0,0.6060606060606061,4067.0,14371.154429634149
10,all,R9,High,R9_OUT,0.0,0.0,-52966.63726115735,-0.0,0.2751572327044025,1.0,0.6060606060606061,4067.0,14371.154429634149
10,all,R10,High,R10_OUT,0.0,0.0,56721.01955118471,0.0,0.2751572327044025,1.0,0.6060606060606061,4067.0,14371.154429634149
10,all,R11,Medium,R11_OUT,0.0,0.0,3337.8593074777073,0.0,0.2751572327044025,1.0,0.6060606060606061,4067.0,14371.154429634149
10,all,R12,Medium,R12_OUT,0.0,0.0,6598.492063542524,0.0,0.2751572327044025,1.0,0.6060606060606061,4067.0,14371.154429634149
10,all,R13,High,R13_OUT,0.0,0.0,5243.122642654465,0.0,0.2751572327044025,1.0,0.6060606060606061,4067.0,14371.154429634149
10,all,R14,High,R14_OUT,0.0,0.0,-7512.495220758152,-0.0,0.2751572327044025,1.0,0.6060606060606061,4067.0,14371.154429634149
10,all,R15,High,R15_OUT,0.0,0.0,20799.4555775389,0.0,0.2751572327044025,1.0,0.6060606060606061,4067.0,14371.154429634149
10,all,R16,High,R16_OUT,0.0,0.0,8143.256959663837,0.0,0.2751572327044025,1.0,0.6060606060606061,4067.0,14371.154429634149
10,all,R17,High,R17_OUT,1.0,1.0,14371.154429634149,14371.154429634149,0.2751572327044025,1.0,0.6060606060606061,4067.0,14371.154429634149
10,all,R18,Very_High,R18_OUT,0.0,0.0,7485.392669891429,0.0,0.2751572327044025,1.0,0.6060606060606061,4067.0,14371.154429634149
10,all,R19,Very_High,R19_OUT,0.0,0.0,-9347.201504967004,-0.0,0.2751572327044025,1.0,0.6060606060606061,4067.0,14371.154429634149
10,all,R20,Very_High,R20_OUT,0.0,0.0,32818.04295423142,0.0,0.2751572327044025,1.0,0.6060606060606061,4067.0,14371.154429634149
11,all,R1,Very_Low,R1_OUT,0.0,0.05,13377.475653028345,668.8737826514173,0.3286163522012578,0.6,0.4848484848484848,9051.0,5413.638473583057
11,all,R2,Low,R2_OUT,0.0,0.05,13560.361807017838,678.018090350892,0.3286163522012578,0.6,0.4848484848484848,9051.0,5413.638473583057
11,all,R3,Low,R3_OUT,0.0,0.05,318.9436019991672,15.94718009995836,0.3286163522012578,0.6,0.4848484848484848,9051.0,5413.638473583057
11,all,R4,Low,R4_OUT,0.0,0.05,5163.624747433392,258.1812373716696,0.3286163522012578,0.6,0.4848484848484848,9051.0,5413.638473583057
11,all,R5,Medium,R5_OUT,0.0,0.05,-10978.951268501787,-548.9475634250894,0.3286163522012578,0.6,0.4848484848484848,9051.0,5413.638473583057
11,all,R6,Medium,R6_OUT,0.0,0.05,-1791.5416024576607,-89.57708012288305,0.3286163522012578,0.6,0.4848484848484848,9051.0,5413.638473583057
11,all,R7,Medium,R7_OUT,0.0,0.05,7509.01420588337,375.4507102941685,0.3286163522012578,0.6,0.4848484848484848,9051.0,5413.638473583057
11,all,R8,Medium,R8_OUT,0.0,0.05,12484.81999577788,624.240999788894,0.3286163522012578,0.6,0.4848484848484848,9051.0,5413.638473583057
11,all,R9,High,R9_OUT,0.0,0.05,-47133.00572929148,-2356.650286464574,0.3286163522012578,0.6,0.4848484848484848,9051.0,5413.638473583057
11,all,R10,High,R10_OUT,0.0,0.05,40894.55209990367,2044.7276049951834,0.3286163522012578,0.6,0.4848484848484848,9051.0,5413.638473583057
11,all,R11,Medium,R11_OUT,0.0,0.05,7771.273305946517,388.5636652973259,0.3286163522012578,0.6,0.4848484848484848,9051.0,5413.638473583057
11,all,R12,Medium,R12_OUT,0.0,0.05,8695.44279010041,434.7721395050205,0.3286163522012578,0.6,0.4848484848484848,9051.0,5413.638473583057
11,all,R13,High,R13_OUT,0.0,0.05,4990.529396631577,249.52646983157885,0.3286163522012578,0.6,0.4848484848484848,9051.0,5413.638473583057
11,all,R14,High,R14_OUT,0.0,0.05,-6257.451468812622,-312.87257344063113,0.3286163522012578,0.6,0.4848484848484848,9051.0,5413.638473583057
11,all,R15,High,R15_OUT,0.0,0.05,12338.44377787864,616.922188893932,0.3286163522012578,0.6,0.4848484848484848,9051.0,5413.638473583057
11,all,R16,High,R16_OUT,0.0,0.05,3994.942014170497,199.74710070852484,0.3286163522012578,0.6,0.4848484848484848,9051.0,5413.638473583057
11,all,R17,High,R17_OUT,0.0,0.05,19029.158564241072,951.4579282120536,0.3286163522012578,0.6,0.4848484848484848,9051.0,5413.638473583057
11,all,R18,Very_High,R18_OUT,0.0,0.05,1731.5703168274922,86.57851584137461,0.3286163522012578,0.6,0.4848484848484848,9051.0,5413.638473583057
11,all,R19,Very_High,R19_OUT,0.0,0.05,-10108.971606586012,-505.4485803293006,0.3286163522012578,0.6,0.4848484848484848,9051.0,5413.638473583057
11,all,R20,Very_High,R20_OUT,0.0,0.05,32682.538870470824,1634.1269435235413,0.3286163522012578,0.6,0.4848484848484848,9051.0,5413.638473583057
12,all,R1,Very_Low,R1_OUT,0.0,0.0,-3930.0288486352856,-0.0,0.040880503144654,0.4,0.0606060606060606,2282.0,4933.36511145426
12,all,R2,Low,R2_OUT,0.0,0.0,2604.6321547056114,0.0,0.040880503144654,0.4,0.0606060606060606,2282.0,4933.36511145426
12,all,R3,Low,R3_OUT,0.0,0.0,-9614.81163564245,-0.0,0.040880503144654,0.4,0.0606060606060606,2282.0,4933.36511145426
12,all,R4,Low,R4_OUT,0.0,0.0,-4735.893110520354,-0.0,0.040880503144654,0.4,0.0606060606060606,2282.0,4933.36511145426
12,all,R5,Medium,R5_OUT,1.0,1.0,4933.36511145426,4933.36511145426,0.040880503144654,0.4,0.0606060606060606,2282.0,4933.36511145426
12,all,R6,Medium,R6_OUT,0.0,0.0,-11309.691368906659,-0.0,0.040880503144654,0.4,0.0606060606060606,2282.0,4933.36511145426
12,all,R7,Medium,R7_OUT,0.0,0.0,926.8669153536425,0.0,0.040880503144654,0.4,0.0606060606060606,2282.0,4933.36511145426
12,all,R8,Medium,R8_OUT,0.0,0.0,-800.1516247886789,-0.0,0.040880503144654,0.4,0.0606060606060606,2282.0,4933.36511145426
12,all,R9,High,R9_OUT,0.0,0.0,31344.040777474056,0.0,0.040880503144654,0.4,0.0606060606060606,2282.0,4933.36511145426
12,all,R10,High,R10_OUT,0.0,0.0,-10297.255156015657,-0.0,0.040880503144654,0.4,0.0606060606060606,2282.0,4933.36511145426
12,all,R11,Medium,R11_OUT,0.0,0.0,-10375.01573009964,-0.0,0.040880503144654,0.4,0.0606060606060606,2282.0,4933.36511145426
12,all,R12,Medium,R12_OUT,0.0,0.0,-2348.499661850655,-0.0,0.040880503144654,0.4,0.0606060606060606,2282.0,4933.36511145426
12,all,R13,High,R13_OUT,0.0,0.0,-647.9013562305356,-0.0,0.040880503144654,0.4,0.0606060606060606,2282.0,4933.36511145426
12,all,R14,High,R14_OUT,0.0,0.0,7978.724316824956,0.0,0.040880503144654,0.4,0.0606060606060606,2282.0,4933.36511145426
12,all,R15,High,R15_OUT,0.0,0.0,8218.091301244076,0.0,0.040880503144654,0.4,0.0606060606060606,2282.0,4933.36511145426
12,all,R16,High,R16_OUT,0.0,0.0,8066.246792389418,0.0,0.040880503144654,0.4,0.0606060606060606,2282.0,4933.36511145426
12,all,R17,High,R17_OUT,0.0,0.0,13152.030216174735,0.0,0.040880503144654,0.4,0.0606060606060606,2282.0,4933.36511145426
12,all,R18,Very_High,R18_OUT,0.0,0.0,31159.570466592337,0.0,0.040880503144654,0.4,0.0606060606060606,2282.0,4933.36511145426
12,all,R19,Very_High,R19_OUT,0.0,0.0,27501.195938587643,0.0,0.040880503144654,0.4,0.0606060606060606,2282.0,4933.36511145426
12,all,R20,Very_High,R20_OUT,0.0,0.0,15452.981695363846,0.0,0.040880503144654,0.4,0.0606060606060606,2282.0,4933.36511145426
13,all,R1,Very_Low,R1_OUT,0.07216494845360825,0.04932092186939678,10653.28295283017,525.4297361691134,0.2421383647798742,0.8,0.2121212121212121,4172.0,4172.0269049121125
13,all,R2,Low,R2_OUT,0.0,0.0,10044.437281894303,0.0,0.2421383647798742,0.8,0.2121212121212121,4172.0,4172.0269049121125
13,all,R3,Low,R3_OUT,0.19243986254295536,0.13152245831839143,2961.7040263228864,389.5305943534639,0.2421383647798742,0.8,0.2121212121212121,4172.0,4172.0269049121125
13,all,R4,Low,R4_OUT,0.32688172043010755,0.2234063508578759,1391.777671828374,310.9319708686474,0.2421383647798742,0.8,0.2121212121212121,4172.0,4172.0269049121125
13,all,R5,Medium,R5_OUT,0.0,0.0,541.4313871728555,0.0,0.2421383647798742,0.8,0.2121212121212121,4172.0,4172.0269049121125
13,all,R6,Medium,R6_OUT,0.0,0.0,-5982.344562299924,-0.0,0.2421383647798742,0.8,0.2121212121212121,4172.0,4172.0269049121125
13,all,R7,Medium,R7_OUT,0.0,0.0,5825.898754869267,0.0,0.2421383647798742,0.8,0.2121212121212121,4172.0,4172.0269049121125
13,all,R8,Medium,R8_OUT,0.8716845878136202,0.5957502689543359,4945.250983590757,2946.1346035208876,0.2421383647798742,0.8,0.2121212121212121,4172.0,4172.0269049121125
13,all,R9,High,R9_OUT,0.0,0.0,62.90532812952006,0.0,0.2421383647798742,0.8,0.2121212121212121,4172.0,4172.0269049121125
13,all,R10,High,R10_OUT,0.0,0.0,17561.26195484727,0.0,0.2421383647798742,0.8,0.2121212121212121,4172.0,4172.0269049121125
13,all,R11,Medium,R11_OUT,0.0,0.0,-25.11975234910642,-0.0,0.2421383647798742,0.8,0.2121212121212121,4172.0,4172.0269049121125
13,all,R12,Medium,R12_OUT,0.0,0.0,4855.79412284786,0.0,0.2421383647798742,0.8,0.2121212121212121,4172.0,4172.0269049121125
13,all,R13,High,R13_OUT,0.0,0.0,2497.8785675170666,0.0,0.2421383647798742,0.8,0.2121212121212121,4172.0,4172.0269049121125
13,all,R14,High,R14_OUT,0.0,0.0,5014.657147478872,0.0,0.2421383647798742,0.8,0.2121212121212121,4172.0,4172.0269049121125
13,all,R15,High,R15_OUT,0.0,0.0,6168.814645637485,0.0,0.2421383647798742,0.8,0.2121212121212121,4172.0,4172.0269049121125
13,all,R16,High,R16_OUT,0.0,0.0,4728.709235916707,0.0,0.2421383647798742,0.8,0.2121212121212121,4172.0,4172.0269049121125
13,all,R17,High,R17_OUT,0.0,0.0,4258.858449611347,0.0,0.2421383647798742,0.8,0.2121212121212121,4172.0,4172.0269049121125
13,all,R18,Very_High,R18_OUT,0.0,0.0,20941.569662506412,0.0,0.2421383647798742,0.8,0.2121212121212121,4172.0,4172.0269049121125
13,all,R19,Very_High,R19_OUT,0.0,0.0,-2885.3813426651614,-0.0,0.2421383647798742,0.8,0.2121212121212121,4172.0,4172.0269049121125
13,all,R20,Very_High,R20_OUT,0.0,0.0,26347.68584157542,0.0,0.2421383647798742,0.8,0.2121212121212121,4172.0,4172.0269049121125
14,all,R1,Very_Low,R1_OUT,0.0,0.0,21626.132670882333,0.0,0.4056603773584906,1.0,0.2424242424242424,4977.0,4976.551768575731
14,all,R2,Low,R2_OUT,0.0,0.0,15516.211531260273,0.0,0.4056603773584906,1.0,0.2424242424242424,4977.0,4976.551768575731
14,all,R3,Low,R3_OUT,0.0,0.0,10696.592424363555,0.0,0.4056603773584906,1.0,0.2424242424242424,4977.0,4976.551768575731
14,all,R4,Low,R4_OUT,0.0,0.0,6769.682176746577,0.0,0.4056603773584906,1.0,0.2424242424242424,4977.0,4976.551768575731
14,all,R5,Medium,R5_OUT,0.0,0.0,63.51033801202357,0.0,0.4056603773584906,1.0,0.2424242424242424,4977.0,4976.551768575731
14,all,R6,Medium,R6_OUT,0.0,0.0,-975.668670567642,-0.0,0.4056603773584906,1.0,0.2424242424242424,4977.0,4976.551768575731
14,all,R7,Medium,R7_OUT,0.0,0.0,9715.257546978275,0.0,0.4056603773584906,1.0,0.2424242424242424,4977.0,4976.551768575731
14,all,R8,Medium,R8_OUT,0.0,0.0,9845.303458010549,0.0,0.4056603773584906,1.0,0.2424242424242424,4977.0,4976.551768575731
14,all,R9,High,R9_OUT,0.0,0.0,-14697.792990566675,-0.0,0.4056603773584906,1.0,0.2424242424242424,4977.0,4976.551768575731
14,all,R10,High,R10_OUT,0.0,0.0,29848.985203744884,0.0,0.4056603773584906,1.0,0.2424242424242424,4977.0,4976.551768575731
14,all,R11,Medium,R11_OUT,0.0,0.0,8457.313272917612,0.0,0.4056603773584906,1.0,0.2424242424242424,4977.0,4976.551768575731
14,all,R12,Medium,R12_OUT,0.0,0.0,10655.656885076647,0.0,0.4056603773584906,1.0,0.2424242424242424,4977.0,4976.551768575731
14,all,R13,High,R13_OUT,0.0,0.0,4470.282090100465,0.0,0.4056603773584906,1.0,0.2424242424242424,4977.0,4976.551768575731
14,all,R14,High,R14_OUT,1.0,1.0,4976.551768575731,4976.551768575731,0.4056603773584906,1.0,0.2424242424242424,4977.0,4976.551768575731
14,all,R15,High,R15_OUT,0.0,0.0,461.3485791049461,0.0,0.4056603773584906,1.0,0.2424242424242424,4977.0,4976.551768575731
14,all,R16,High,R16_OUT,0.0,0.0,709.1382016538282,0.0,0.4056603773584906,1.0,0.2424242424242424,4977.0,4976.551768575731
14,all,R17,High,R17_OUT,0.0,0.0,-3413.51049586971,-0.0,0.4056603773584906,1.0,0.2424242424242424,4977.0,4976.551768575731
14,all,R18,Very_High,R18_OUT,0.0,0.0,13931.346693241598,0.0,0.4056603773584906,1.0,0.2424242424242424,4977.0,4976.551768575731
14,all,R19,Very_High,R19_OUT,0.0,0.0,-25844.864406443387,-0.0,0.4056603773584906,1.0,0.2424242424242424,4977.0,4976.551768575731
14,all,R20,Very_High,R20_OUT,0.0,0.0,33822.208325236614,0.0,0.4056603773584906,1.0,0.2424242424242424,4977.0,4976.551768575731
15,all,R1,Very_Low,R1_OUT,0.29209621993127144,0.23177332246544655,4904.05802685292,1136.6298224470434,0.1415094339622641,0.8,0.2121212121212121,1617.0,1617.2940662913106
15,all,R2,Low,R2_OUT,0.0,0.0,6937.128023875774,0.0,0.1415094339622641,0.8,0.2121212121212121,1617.0,1617.2940662913106
15,all,R3,Low,R3_OUT,0.7789232531500572,0.6180621932411908,746.0613506863174,461.1123146976705,0.1415094339622641,0.8,0.2121212121212121,1617.0,1617.2940662913106
15,all,R4,Low,R4_OUT,0.05161290322580646,0.04095395026182617,-2303.4147863177277,-94.33393459121118,0.1415094339622641,0.8,0.2121212121212121,1617.0,1617.2940662913106
15,all,R5,Medium,R5_OUT,0.0,0.0,623.3230635347791,0.0,0.1415094339622641,0.8,0.2121212121212121,1617.0,1617.2940662913106
15,all,R6,Medium,R6_OUT,0.0,0.0,-9713.714276232049,-0.0,0.1415094339622641,0.8,0.2121212121212121,1617.0,1617.2940662913106
15,all,R7,Medium,R7_OUT,0.0,0.0,3544.838511103275,0.0,0.1415094339622641,0.8,0.2121212121212121,1617.0,1617.2940662913106
15,all,R8,Medium,R8_OUT,0.13763440860215057,0.10921053403153645,1042.8102448883083,113.88586373780944,0.1415094339622641,0.8,0.2121212121212121,1617.0,1617.2940662913106
15,all,R9,High,R9_OUT,0.0,0.0,8496.293081117095,0.0,0.1415094339622641,0.8,0.2121212121212121,1617.0,1617.2940662913106
15,all,R10,High,R10_OUT,0.0,0.0,13850.949206784742,0.0,0.1415094339622641,0.8,0.2121212121212121,1617.0,1617.2940662913106
15,all,R11,Medium,R11_OUT,0.0,0.0,-5787.93530021522,-0.0,0.1415094339622641,0.8,0.2121212121212121,1617.0,1617.2940662913106
15,all,R12,Medium,R12_OUT,0.0,0.0,1203.5916890920125,0.0,0.1415094339622641,0.8,0.2121212121212121,1617.0,1617.2940662913106
15,all,R13,High,R13_OUT,0.0,0.0,1426.0948609906113,0.0,0.1415094339622641,0.8,0.2121212121212121,1617.0,1617.2940662913106
15,all,R14,High,R14_OUT,0.0,0.0,5267.854472218023,0.0,0.1415094339622641,0.8,0.2121212121212121,1617.0,1617.2940662913106
15,all,R15,High,R15_OUT,0.0,0.0,10793.156225087272,0.0,0.1415094339622641,0.8,0.2121212121212121,1617.0,1617.2940662913106
15,all,R16,High,R16_OUT,0.0,0.0,7799.709888123203,0.0,0.1415094339622641,0.8,0.2121212121212121,1617.0,1617.2940662913106
15,all,R17,High,R17_OUT,0.0,0.0,6425.028798192901,0.0,0.1415094339622641,0.8,0.2121212121212121,1617.0,1617.2940662913106
15,all,R18,Very_High,R18_OUT,0.0,0.0,26789.531738084454,0.0,0.1415094339622641,0.8,0.2121212121212121,1617.0,1617.2940662913106
15,all,R19,Very_High,R19_OUT,0.0,0.0,9437.155024251486,0.0,0.1415094339622641,0.8,0.2121212121212121,1617.0,1617.2940662913106
15,all,R20,Very_High,R20_OUT,0.0,0.0,22239.480497862205,0.0,0.1415094339622641,0.8,0.2121212121212121,1617.0,1617.2940662913106
16,all,R1,Very_Low,R1_OUT,0.3333333333333333,0.2727272727272727,2640.443929305137,720.1210716286737,0.0723270440251572,1.0,0.2121212121212121,3192.0,3191.7661561189943
16,all,R2,Low,R2_OUT,0.0,0.0,5096.4518804139225,0.0,0.0723270440251572,1.0,0.2121212121212121,3192.0,3191.7661561189943
16,all,R3,Low,R3_OUT,0.888888888888889,0.7272727272727273,3398.51199117419,2471.64508449032,0.0723270440251572,1.0,0.2121212121212121,3192.0,3191.7661561189943
16,all,R4,Low,R4_OUT,0.0,0.0,-5467.593622594037,-0.0,0.0723270440251572,1.0,0.2121212121212121,3192.0,3191.7661561189943
16,all,R5,Medium,R5_OUT,0.0,0.0,1514.26192309828,0.0,0.0723270440251572,1.0,0.2121212121212121,3192.0,3191.7661561189943
16,all,R6,Medium,R6_OUT,0.0,0.0,-13328.566569820248,-0.0,0.0723270440251572,1.0,0.2121212121212121,3192.0,3191.7661561189943
16,all,R7,Medium,R7_OUT,0.0,0.0,2168.698969501733,0.0,0.0723270440251572,1.0,0.2121212121212121,3192.0,3191.7661561189943
16,all,R8,Medium,R8_OUT,0.0,0.0,-3355.9810165806066,-0.0,0.0723270440251572,1.0,0.2121212121212121,3192.0,3191.7661561189943
16,all,R9,High,R9_OUT,0.0,0.0,17338.295108933533,0.0,0.0723270440251572,1.0,0.2121212121212121,3192.0,3191.7661561189943
16,all,R10,High,R10_OUT,0.0,0.0,14918.253709739147,0.0,0.0723270440251572,1.0,0.2121212121212121,3192.0,3191.7661561189943
16,all,R11,Medium,R11_OUT,0.0,0.0,-10828.196350072136,-0.0,0.0723270440251572,1.0,0.2121212121212121,3192.0,3191.7661561189943
16,all,R12,Medium,R12_OUT,0.0,0.0,-1498.8707775515077,-0.0,0.0723270440251572,1.0,0.2121212121212121,3192.0,3191.7661561189943
16,all,R13,High,R13_OUT,0.0,0.0,739.7643916519582,0.0,0.0723270440251572,1.0,0.2121212121212121,3192.0,3191.7661561189943
16,all,R14,High,R14_OUT,0.0,0.0,6883.385595928751,0.0,0.0723270440251572,1.0,0.2121212121212121,3192.0,3191.7661561189943
16,all,R15,High,R15_OUT,0.0,0.0,14584.403893316945,0.0,0.0723270440251572,1.0,0.2121212121212121,3192.0,3191.7661561189943
16,all,R16,High,R16_OUT,0.0,0.0,10594.209963156205,0.0,0.0723270440251572,1.0,0.2121212121212121,3192.0,3191.7661561189943
16,all,R17,High,R17_OUT,0.0,0.0,2513.977720916093,0.0,0.0723270440251572,1.0,0.2121212121212121,3192.0,3191.7661561189943
16,all,R18,Very_High,R18_OUT,0.0,0.0,34471.89022193682,0.0,0.0723270440251572,1.0,0.2121212121212121,3192.0,3191.7661561189943
16,all,R19,Very_High,R19_OUT,0.0,0.0,14930.464513082052,0.0,0.0723270440251572,1.0,0.2121212121212121,3192.0,3191.7661561189943
16,all,R20,Very_High,R20_OUT,0.0,0.0,19853.47283800968,0.0,0.0723270440251572,1.0,0.2121212121212121,3192.0,3191.7661561189943
17,all,R1,Very_Low,R1_OUT,0.0,0.05,21872.028379080504,1093.6014189540253,0.4150943396226415,1.0,0.3939393939393939,3437.0,6603.618688120432
17,all,R2,Low,R2_OUT,0.0,0.05,16441.510442499366,822.0755221249683,0.4150943396226415,1.0,0.3939393939393939,3437.0,6603.618688120432
17,all,R3,Low,R3_OUT,0.0,0.05,10698.129275920659,534.906463796033,0.4150943396226415,1.0,0.3939393939393939,3437.0,6603.618688120432
17,all,R4,Low,R4_OUT,0.0,0.05,7100.860378356021,355.0430189178011,0.4150943396226415,1.0,0.3939393939393939,3437.0,6603.618688120432
17,all,R5,Medium,R5_OUT,0.0,0.05,-5841.594042333816,-292.07970211669084,0.4150943396226415,1.0,0.3939393939393939,3437.0,6603.618688120432
17,all,R6,Medium,R6_OUT,0.0,0.05,-662.1741506242943,-33.10870753121471,0.4150943396226415,1.0,0.3939393939393939,3437.0,6603.618688120432
17,all,R7,Medium,R7_OUT,0.0,0.05,9881.839544839826,494.09197724199134,0.4150943396226415,1.0,0.3939393939393939,3437.0,6603.618688120432
17,all,R8,Medium,R8_OUT,0.0,0.05,11583.404915460414,579.1702457730207,0.4150943396226415,1.0,0.3939393939393939,3437.0,6603.618688120432
17,all,R9,High,R9_OUT,0.0,0.05,-35990.8789310536,-1799.5439465526802,0.4150943396226415,1.0,0.3939393939393939,3437.0,6603.618688120432
17,all,R10,High,R10_OUT,0.0,0.05,43398.429604118835,2169.921480205942,0.4150943396226415,1.0,0.3939393939393939,3437.0,6603.618688120432
17,all,R11,Medium,R11_OUT,0.0,0.05,9978.492833946288,498.9246416973144,0.4150943396226415,1.0,0.3939393939393939,3437.0,6603.618688120432
17,all,R12,Medium,R12_OUT,0.0,0.05,11281.086367300835,564.0543183650418,0.4150943396226415,1.0,0.3939393939393939,3437.0,6603.618688120432
17,all,R13,High,R13_OUT,0.0,0.05,5471.932665485443,273.59663327427216,0.4150943396226415,1.0,0.3939393939393939,3437.0,6603.618688120432
17,all,R14,High,R14_OUT,0.0,0.05,-387.7739263914682,-19.388696319573413,0.4150943396226415,1.0,0.3939393939393939,3437.0,6603.618688120432
17,all,R15,High,R15_OUT,0.0,0.05,6003.197394608618,300.1598697304309,0.4150943396226415,1.0,0.3939393939393939,3437.0,6603.618688120432
17,all,R16,High,R16_OUT,0.0,0.05,1859.3213851676828,92.96606925838415,0.4150943396226415,1.0,0.3939393939393939,3437.0,6603.618688120432
17,all,R17,High,R17_OUT,0.0,0.05,2623.1663484037526,131.15831742018764,0.4150943396226415,1.0,0.3939393939393939,3437.0,6603.618688120432
17,all,R18,Very_High,R18_OUT,0.0,0.05,7537.254481941396,376.8627240970698,0.4150943396226415,1.0,0.3939393939393939,3437.0,6603.618688120432
17,all,R19,Very_High,R19_OUT,0.0,0.05,-26784.73821141208,-1339.236910570604,0.4150943396226415,1.0,0.3939393939393939,3437.0,6603.618688120432
17,all,R20,Very_High,R20_OUT,0.0,0.05,36008.879007094256,1800.4439503547128,0.4150943396226415,1.0,0.3939393939393939,3437.0,6603.618688120432
18,all,R1,Very_Low,R1_OUT,0.0,0.05,21440.69329257646,1072.034664628823,0.4371069182389937,0.8,0.3939393939393939,4494.0,6286.34528903711
18,all,R2,Low,R2_OUT,0.0,0.05,16825.635371265034,841.2817685632517,0.4371069182389937,0.8,0.3939393939393939,4494.0,6286.34528903711
18,all,R3,Low,R3_OUT,0.0,0.05,7007.096131228149,350.3548065614075,0.4371069182389937,0.8,0.3939393939393939,4494.0,6286.34528903711
18,all,R4,Low,R4_OUT,0.0,0.05,8532.917749876346,426.6458874938173,0.4371069182389937,0.8,0.3939393939393939,4494.0,6286.34528903711
18,all,R5,Medium,R5_OUT,0.0,0.05,-6694.146178602663,-334.7073089301332,0.4371069182389937,0.8,0.3939393939393939,4494.0,6286.34528903711
18,all,R6,Medium,R6_OUT,0.0,0.05,1203.5985895582235,60.17992947791117,0.4371069182389937,0.8,0.3939393939393939,4494.0,6286.34528903711
18,all,R7,Medium,R7_OUT,0.0,0.05,10188.732097176062,509.4366048588031,0.4371069182389937,0.8,0.3939393939393939,4494.0,6286.34528903711
18,all,R8,Medium,R8_OUT,0.0,0.05,14152.927080662563,707.6463540331282,0.4371069182389937,0.8,0.3939393939393939,4494.0,6286.34528903711
18,all,R9,High,R9_OUT,0.0,0.05,-40879.73044965713,-2043.9865224828566,0.4371069182389937,0.8,0.3939393939393939,4494.0,6286.34528903711
18,all,R10,High,R10_OUT,0.0,0.05,40591.916000510115,2029.595800025506,0.4371069182389937,0.8,0.3939393939393939,4494.0,6286.34528903711
18,all,R11,Medium,R11_OUT,0.0,0.05,12317.43409574097,615.8717047870485,0.4371069182389937,0.8,0.3939393939393939,4494.0,6286.34528903711
18,all,R12,Medium,R12_OUT,0.0,0.05,12271.578943121305,613.5789471560653,0.4371069182389937,0.8,0.3939393939393939,4494.0,6286.34528903711
18,all,R13,High,R13_OUT,0.0,0.05,5655.864522389822,282.7932261194911,0.4371069182389937,0.8,0.3939393939393939,4494.0,6286.34528903711
18,all,R14,High,R14_OUT,0.0,0.05,-1884.6188041307196,-94.23094020653599,0.4371069182389937,0.8,0.3939393939393939,4494.0,6286.34528903711
18,all,R15,High,R15_OUT,0.0,0.05,4379.609841746029,218.98049208730146,0.4371069182389937,0.8,0.3939393939393939,4494.0,6286.34528903711
18,all,R16,High,R16_OUT,0.0,0.05,504.3528658564737,25.217643292823688,0.4371069182389937,0.8,0.3939393939393939,4494.0,6286.34528903711
18,all,R17,High,R17_OUT,0.0,0.05,7549.609776578163,377.48048882890816,0.4371069182389937,0.8,0.3939393939393939,4494.0,6286.34528903711
18,all,R18,Very_High,R18_OUT,0.0,0.05,2596.128221016239,129.80641105081196,0.4371069182389937,0.8,0.3939393939393939,4494.0,6286.34528903711
18,all,R19,Very_High,R19_OUT,0.0,0.05,-26501.858778250484,-1325.0929389125242,0.4371069182389937,0.8,0.3939393939393939,4494.0,6286.34528903711
18,all,R20,Very_High,R20_OUT,0.0,0.05,36469.165412081216,1823.458270604061,0.4371069182389937,0.8,0.3939393939393939,4494.0,6286.34528903711
19,all,R1,Very_Low,R1_OUT,1.0,1.0,840.0043381677704,840.0043381677704,0.0377358490566037,1.0,0.1212121212121212,840.0,840.0043381677704
19,all,R2,Low,R2_OUT,0.0,0.0,3647.9211219901354,0.0,0.0377358490566037,1.0,0.1212121212121212,840.0,840.0043381677704
19,all,R3,Low,R3_OUT,0.0,0.0,2760.592610994413,0.0,0.0377358490566037,1.0,0.1212121212121212,840.0,840.0043381677704
19,all,R4,Low,R4_OUT,0.0,0.0,-6728.668375276709,-0.0,0.0377358490566037,1.0,0.1212121212121212,840.0,840.0043381677704
19,all,R5,Medium,R5_OUT,0.0,0.0,5080.8684082598365,0.0,0.0377358490566037,1.0,0.1212121212121212,840.0,840.0043381677704
19,all,R6,Medium,R6_OUT,0.0,0.0,-14589.432074541746,-0.0,0.0377358490566037,1.0,0.1212121212121212,840.0,840.0043381677704
19,all,R7,Medium,R7_OUT,0.0,0.0,1412.944950702079,0.0,0.0377358490566037,1.0,0.1212121212121212,840.0,840.0043381677704
19,all,R8,Medium,R8_OUT,0.0,0.0,-5520.793603427482,-0.0,0.0377358490566037,1.0,0.1212121212121212,840.0,840.0043381677704
19,all,R9,High,R9_OUT,0.0,0.0,32538.745652209625,0.0,0.0377358490566037,1.0,0.1212121212121212,840.0,840.0043381677704
19,all,R10,High,R10_OUT,0.0,0.0,5721.872154446801,0.0,0.0377358490566037,1.0,0.1212121212121212,840.0,840.0043381677704
19,all,R11,Medium,R11_OUT,0.0,0.0,-13397.713556700855,-0.0,0.0377358490566037,1.0,0.1212121212121212,840.0,840.0043381677704
19,all,R12,Medium,R12_OUT,0.0,0.0,-2924.136666590828,-0.0,0.0377358490566037,1.0,0.1212121212121212,840.0,840.0043381677704
19,all,R13,High,R13_OUT,0.0,0.0,-169.36376920538487,-0.0,0.0377358490566037,1.0,0.1212121212121212,840.0,840.0043381677704
19,all,R14,High,R14_OUT,0.0,0.0,10174.775243771575,0.0,0.0377358490566037,1.0,0.1212121212121212,840.0,840.0043381677704
19,all,R15,High,R15_OUT,0.0,0.0,12588.792808106557,0.0,0.0377358490566037,1.0,0.1212121212121212,840.0,840.0043381677704
19,all,R16,High,R16_OUT,0.0,0.0,10787.012740557262,0.0,0.0377358490566037,1.0,0.1212121212121212,840.0,840.0043381677704
19,all,R17,High,R17_OUT,0.0,0.0,-485.25441043078354,-0.0,0.0377358490566037,1.0,0.1212121212121212,840.0,840.0043381677704
19,all,R18,Very_High,R18_OUT,0.0,0.0,39989.63464544563,0.0,0.0377358490566037,1.0,0.1212121212121212,840.0,840.0043381677704
19,all,R19,Very_High,R19_OUT,0.0,0.0,19037.11800155181,0.0,0.0377358490566037,1.0,0.1212121212121212,840.0,840.0043381677704
19,all,R20,Very_High,R20_OUT,0.0,0.0,17360.361392577535,0.0,0.0377358490566037,1.0,0.1212121212121212,840.0,840.0043381677704
20,all,R1,Very_Low,R1_OUT,0.0,0.05,11881.550595811597,594.0775297905799,0.3034591194968553,0.6,0.5151515151515151,5180.0,5284.886584950331
20,all,R2,Low,R2_OUT,0.0,0.05,12910.33222617318,645.516611308659,0.3034591194968553,0.6,0.5151515151515151,5180.0,5284.886584950331
20,all,R3,Low,R3_OUT,0.0,0.05,-276.2029967667395,-13.810149838336976,0.3034591194968553,0.6,0.5151515151515151,5180.0,5284.886584950331
20,all,R4,Low,R4_OUT,0.0,0.05,4236.777414628517,211.83887073142589,0.3034591194968553,0.6,0.5151515151515151,5180.0,5284.886584950331
20,all,R5,Medium,R5_OUT,0.0,0.05,-12137.963756548688,-606.8981878274344,0.3034591194968553,0.6,0.5151515151515151,5180.0,5284.886584950331
20,all,R6,Medium,R6_OUT,0.0,0.05,-2731.6483090882484,-136.58241545441243,0.3034591194968553,0.6,0.5151515151515151,5180.0,5284.886584950331
20,all,R7,Medium,R7_OUT,0.0,0.05,6929.295664943569,346.4647832471785,0.3034591194968553,0.6,0.5151515151515151,5180.0,5284.886584950331
20,all,R8,Medium,R8_OUT,0.0,0.05,11783.659338741569,589.1829669370785,0.3034591194968553,0.6,0.5151515151515151,5180.0,5284.886584950331
20,all,R9,High,R9_OUT,0.0,0.05,-49125.149958773465,-2456.257497938673,0.3034591194968553,0.6,0.5151515151515151,5180.0,5284.886584950331
20,all,R10,High,R10_OUT,0.0,0.05,42607.29442893665,2130.3647214468324,0.3034591194968553,0.6,0.5151515151515151,5180.0,5284.886584950331
20,all,R11,Medium,R11_OUT,0.0,0.05,6526.752539663234,326.3376269831617,0.3034591194968553,0.6,0.5151515151515151,5180.0,5284.886584950331
20,all,R12,Medium,R12_OUT,0.0,0.05,7838.999282473363,391.94996412366817,0.3034591194968553,0.6,0.5151515151515151,5180.0,5284.886584950331
20,all,R13,High,R13_OUT,0.0,0.05,4902.8176405795875,245.14088202897938,0.3034591194968553,0.6,0.5151515151515151,5180.0,5284.886584950331
20,all,R14,High,R14_OUT,0.0,0.05,-7262.269826782416,-363.11349133912086,0.3034591194968553,0.6,0.5151515151515151,5180.0,5284.886584950331
20,all,R15,High,R15_OUT,0.0,0.05,14689.605340456505,734.4802670228253,0.3034591194968553,0.6,0.5151515151515151,5180.0,5284.886584950331
20,all,R16,High,R16_OUT,0.0,0.05,5050.310076153763,252.51550380768813,0.3034591194968553,0.6,0.5151515151515151,5180.0,5284.886584950331
20,all,R17,High,R17_OUT,0.0,0.05,20818.652214277055,1040.932610713853,0.3034591194968553,0.6,0.5151515151515151,5180.0,5284.886584950331
20,all,R18,Very_High,R18_OUT,0.0,0.05,2024.3916823790496,101.21958411895248,0.3034591194968553,0.6,0.5151515151515151,5180.0,5284.886584950331
20,all,R19,Very_High,R19_OUT,0.0,0.05,-6985.264718970902,-349.2632359485451,0.3034591194968553,0.6,0.5151515151515151,5180.0,5284.886584950331
20,all,R20,Very_High,R20_OUT,0.0,0.05,32015.792820719427,1600.7896410359715,0.3034591194968553,0.6,0.5151515151515151,5180.0,5284.886584950331
21,all,R1,Very_Low,R1_OUT,0.0,0.0,29891.270108135042,0.0,0.6053459119496856,0.6,0.1212121212121212,5775.0,5775.124542623833
21,all,R2,Low,R2_OUT,0.0,0.0,20583.889462649127,0.0,0.6053459119496856,0.6,0.1212121212121212,5775.0,5775.124542623833
21,all,R3,Low,R3_OUT,0.0,0.0,6906.792118280904,0.0,0.6053459119496856,0.6,0.1212121212121212,5775.0,5775.124542623833
21,all,R4,Low,R4_OUT,0.0,0.0,15361.994626555375,0.0,0.6053459119496856,0.6,0.1212121212121212,5775.0,5775.124542623833
21,all,R5,Medium,R5_OUT,0.0,0.0,2949.6715071515036,0.0,0.6053459119496856,0.6,0.1212121212121212,5775.0,5775.124542623833
21,all,R6,Medium,R6_OUT,0.0,0.0,8556.896448626378,0.0,0.6053459119496856,0.6,0.1212121212121212,5775.0,5775.124542623833
21,all,R7,Medium,R7_OUT,0.0,0.0,13895.371636219468,0.0,0.6053459119496856,0.6,0.1212121212121212,5775.0,5775.124542623833
21,all,R8,Medium,R8_OUT,0.0,0.0,19923.137695537975,0.0,0.6053459119496856,0.6,0.1212121212121212,5775.0,5775.124542623833
21,all,R9,High,R9_OUT,0.0,0.0,-21118.928037260885,-0.0,0.6053459119496856,0.6,0.1212121212121212,5775.0,5775.124542623833
21,all,R10,High,R10_OUT,0.0,0.0,19414.065964492213,0.0,0.6053459119496856,0.6,0.1212121212121212,5775.0,5775.124542623833
21,all,R11,Medium,R11_OUT,0.0,0.0,21264.818614379372,0.0,0.6053459119496856,0.6,0.1212121212121212,5775.0,5775.124542623833
21,all,R12,Medium,R12_OUT,0.0,0.0,18059.714273186,0.0,0.6053459119496856,0.6,0.1212121212121212,5775.0,5775.124542623833
21,all,R13,High,R13_OUT,1.0,1.0,5775.124542623833,5775.124542623833,0.6053459119496856,0.6,0.1212121212121212,5775.0,5775.124542623833
21,all,R14,High,R14_OUT,0.0,0.0,5863.668158009677,0.0,0.6053459119496856,0.6,0.1212121212121212,5775.0,5775.124542623833
21,all,R15,High,R15_OUT,0.0,0.0,-14719.409578193288,-0.0,0.6053459119496856,0.6,0.1212121212121212,5775.0,5775.124542623833
21,all,R16,High,R16_OUT,0.0,0.0,-7901.724566577075,-0.0,0.6053459119496856,0.6,0.1212121212121212,5775.0,5775.124542623833
21,all,R17,High,R17_OUT,0.0,0.0,-1903.2226490453604,-0.0,0.6053459119496856,0.6,0.1212121212121212,5775.0,5775.124542623833
21,all,R18,Very_High,R18_OUT,0.0,0.0,-320.295550896677,-0.0,0.6053459119496856,0.6,0.1212121212121212,5775.0,5775.124542623833
21,all,R19,Very_High,R19_OUT,0.0,0.0,-44512.82016623815,-0.0,0.6053459119496856,0.6,0.1212121212121212,5775.0,5775.124542623833
21,all,R20,Very_High,R20_OUT,0.0,0.0,39656.440131559284,0.0,0.6053459119496856,0.6,0.1212121212121212,5775.0,5775.124542623833
22,all,R1,Very_Low,R1_OUT,0.0,0.05,27898.361827001892,1394.9180913500948,0.5267295597484277,1.0,0.5757575757575758,10577.0,6638.326908578842
22,all,R2,Low,R2_OUT,0.0,0.05,20649.46805257351,1032.4734026286756,0.5267295597484277,1.0,0.5757575757575758,10577.0,6638.326908578842
22,all,R3,Low,R3_OUT,0.0,0.05,12908.69229006439,645.4346145032196,0.5267295597484277,1.0,0.5757575757575758,10577.0,6638.326908578842
22,all,R4,Low,R4_OUT,0.0,0.05,11181.919202001758,559.095960100088,0.5267295597484277,1.0,0.5757575757575758,10577.0,6638.326908578842
22,all,R5,Medium,R5_OUT,0.0,0.05,-13009.355063622117,-650.4677531811059,0.5267295597484277,1.0,0.5757575757575758,10577.0,6638.326908578842
22,all,R6,Medium,R6_OUT,0.0,0.05,3433.7284568838113,171.6864228441906,0.5267295597484277,1.0,0.5757575757575758,10577.0,6638.326908578842
22,all,R7,Medium,R7_OUT,0.0,0.05,12355.669872777911,617.7834936388956,0.5267295597484277,1.0,0.5757575757575758,10577.0,6638.326908578842
22,all,R8,Medium,R8_OUT,0.0,0.05,17559.37227579426,877.968613789713,0.5267295597484277,1.0,0.5757575757575758,10577.0,6638.326908578842
22,all,R9,High,R9_OUT,0.0,0.05,-69949.61547589742,-3497.480773794871,0.5267295597484277,1.0,0.5757575757575758,10577.0,6638.326908578842
22,all,R10,High,R10_OUT,0.0,0.05,63356.480905292425,3167.8240452646214,0.5267295597484277,1.0,0.5757575757575758,10577.0,6638.326908578842
22,all,R11,Medium,R11_OUT,0.0,0.05,17548.715056459747,877.4357528229874,0.5267295597484277,1.0,0.5757575757575758,10577.0,6638.326908578842
22,all,R12,Medium,R12_OUT,0.0,0.05,15672.391047120225,783.6195523560114,0.5267295597484277,1.0,0.5757575757575758,10577.0,6638.326908578842
22,all,R13,High,R13_OUT,0.0,0.05,7742.347738390978,387.1173869195489,0.5267295597484277,1.0,0.5757575757575758,10577.0,6638.326908578842
22,all,R14,High,R14_OUT,0.0,0.05,-7077.370843451448,-353.86854217257246,0.5267295597484277,1.0,0.5757575757575758,10577.0,6638.326908578842
22,all,R15,High,R15_OUT,0.0,0.05,8043.52546119902,402.17627305995103,0.5267295597484277,1.0,0.5757575757575758,10577.0,6638.326908578842
22,all,R16,High,R16_OUT,0.0,0.05,178.13743021595474,8.906871510797737,0.5267295597484277,1.0,0.5757575757575758,10577.0,6638.326908578842
22,all,R17,High,R17_OUT,0.0,0.05,7707.777495289671,385.38887476448355,0.5267295597484277,1.0,0.5757575757575758,10577.0,6638.326908578842
22,all,R18,Very_High,R18_OUT,0.0,0.05,-5965.343365710716,-298.26716828553583,0.5267295597484277,1.0,0.5757575757575758,10577.0,6638.326908578842
22,all,R19,Very_High,R19_OUT,0.0,0.05,-40196.615218144565,-2009.8307609072283,0.5267295597484277,1.0,0.5757575757575758,10577.0,6638.326908578842
22,all,R20,Very_High,R20_OUT,0.0,0.05,42728.25102733755,2136.412551366878,0.5267295597484277,1.0,0.5757575757575758,10577.0,6638.326908578842
23,all,R1,Very_Low,R1_OUT,0.0,0.0,13294.046719089452,0.0,0.3474842767295597,0.4,0.2121212121212121,3983.0,3950.642804992918
23,all,R2,Low,R2_OUT,0.0,0.0,12706.203718530678,0.0,0.3474842767295597,0.4,0.2121212121212121,3983.0,3950.642804992918
23,all,R3,Low,R3_OUT,0.0,0.0,-3070.205007596105,-0.0,0.3474842767295597,0.4,0.2121212121212121,3983.0,3950.642804992918
23,all,R4,Low,R4_OUT,0.0,0.0,6507.6503190518015,0.0,0.3474842767295597,0.4,0.2121212121212121,3983.0,3950.642804992918
23,all,R5,Medium,R5_OUT,0.0,0.0,-1213.575625647888,-0.0,0.3474842767295597,0.4,0.2121212121212121,3983.0,3950.642804992918
23,all,R6,Medium,R6_OUT,0.0,0.0,23.004337492497143,0.0,0.3474842767295597,0.4,0.2121212121212121,3983.0,3950.642804992918
23,all,R7,Medium,R7_OUT,0.0,0.0,7829.704945586636,0.0,0.3474842767295597,0.4,0.2121212121212121,3983.0,3950.642804992918
23,all,R8,Medium,R8_OUT,0.0,0.0,12462.345139141851,0.0,0.3474842767295597,0.4,0.2121212121212121,3983.0,3950.642804992918
23,all,R9,High,R9_OUT,0.0,0.0,-14853.89337105432,-0.0,0.3474842767295597,0.4,0.2121212121212121,3983.0,3950.642804992918
23,all,R10,High,R10_OUT,0.18233618233618246,0.2727272727272727,14209.206578480444,3875.238157767393,0.3474842767295597,0.4,0.2121212121212121,3983.0,3950.642804992918
23,all,R11,Medium,R11_OUT,0.0,0.0,8164.47849572116,0.0,0.3474842767295597,0.4,0.2121212121212121,3983.0,3950.642804992918
23,all,R12,Medium,R12_OUT,0.0,0.0,9062.34013255877,0.0,0.3474842767295597,0.4,0.2121212121212121,3983.0,3950.642804992918
23,all,R13,High,R13_OUT,0.0,0.0,3518.8604774903797,0.0,0.3474842767295597,0.4,0.2121212121212121,3983.0,3950.642804992918
23,all,R14,High,R14_OUT,0.0,0.0,1866.6752722374513,0.0,0.3474842767295597,0.4,0.2121212121212121,3983.0,3950.642804992918
23,all,R15,High,R15_OUT,0.48622981956315325,0.7272727272727273,103.6813899350982,75.40464722552596,0.3474842767295597,0.4,0.2121212121212121,3983.0,3950.642804992918
23,all,R16,High,R16_OUT,0.0,0.0,147.38117485596194,0.0,0.3474842767295597,0.4,0.2121212121212121,3983.0,3950.642804992918
23,all,R17,High,R17_OUT,0.0,0.0,12791.735249793288,0.0,0.3474842767295597,0.4,0.2121212121212121,3983.0,3950.642804992918
23,all,R18,Very_High,R18_OUT,0.0,0.0,7495.715250850728,0.0,0.3474842767295597,0.4,0.2121212121212121,3983.0,3950.642804992918
23,all,R19,Very_High,R19_OUT,0.0,0.0,-9828.668074931771,-0.0,0.3474842767295597,0.4,0.2121212121212121,3983.0,3950.642804992918
23,all,R20,Very_High,R20_OUT,0.0,0.0,29771.696282874585,0.0,0.3474842767295597,0.4,0.2121212121212121,3983.0,3950.642804992918
24,all,R1,Very_Low,R1_OUT,0.0,0.0,20434.722147586195,0.0,0.389937106918239,1.0,0.3939393939393939,3164.0,3164.708935549139
24,all,R2,Low,R2_OUT,0.0,0.0,15664.683127994736,0.0,0.389937106918239,1.0,0.3939393939393939,3164.0,3164.708935549139
24,all,R3,Low,R3_OUT,0.0,0.0,10144.218607011519,0.0,0.389937106918239,1.0,0.3939393939393939,3164.0,3164.708935549139
24,all,R4,Low,R4_OUT,0.0,0.0,6177.062263819498,0.0,0.389937106918239,1.0,0.3939393939393939,3164.0,3164.708935549139
24,all,R5,Medium,R5_OUT,0.0,0.0,-5821.121123243334,-0.0,0.389937106918239,1.0,0.3939393939393939,3164.0,3164.708935549139
24,all,R6,Medium,R6_OUT,0.0,0.0,-1595.0165791073232,-0.0,0.389937106918239,1.0,0.3939393939393939,3164.0,3164.708935549139
24,all,R7,Medium,R7_OUT,0.0,0.0,9311.57448389833,0.0,0.389937106918239,1.0,0.3939393939393939,3164.0,3164.708935549139
24,all,R8,Medium,R8_OUT,0.0,0.0,10607.794730784804,0.0,0.389937106918239,1.0,0.3939393939393939,3164.0,3164.708935549139
24,all,R9,High,R9_OUT,0.0,0.0,-33882.531992806726,-0.0,0.389937106918239,1.0,0.3939393939393939,3164.0,3164.708935549139
24,all,R10,High,R10_OUT,0.0,0.0,42470.8514171032,0.0,0.389937106918239,1.0,0.3939393939393939,3164.0,3164.708935549139
24,all,R11,Medium,R11_OUT,0.0,0.0,8537.788946979765,0.0,0.389937106918239,1.0,0.3939393939393939,3164.0,3164.708935549139
24,all,R12,Medium,R12_OUT,0.0,0.0,10368.035758861875,0.0,0.389937106918239,1.0,0.3939393939393939,3164.0,3164.708935549139
24,all,R13,High,R13_OUT,0.0,0.0,5203.98673885383,0.0,0.389937106918239,1.0,0.3939393939393939,3164.0,3164.708935549139
24,all,R14,High,R14_OUT,0.0,0.0,-324.47459520668053,-0.0,0.389937106918239,1.0,0.3939393939393939,3164.0,3164.708935549139
24,all,R15,High,R15_OUT,0.0,0.0,7159.2827894710645,0.0,0.389937106918239,1.0,0.3939393939393939,3164.0,3164.708935549139
24,all,R16,High,R16_OUT,0.0,0.0,2627.0715482193045,0.0,0.389937106918239,1.0,0.3939393939393939,3164.0,3164.708935549139
24,all,R17,High,R17_OUT,0.08547008547008544,1.0,3164.708935549139,3164.708935549139,0.389937106918239,1.0,0.3939393939393939,3164.0,3164.708935549139
24,all,R18,Very_High,R18_OUT,0.0,0.0,8999.245000835908,0.0,0.389937106918239,1.0,0.3939393939393939,3164.0,3164.708935549139
24,all,R19,Very_High,R19_OUT,0.0,0.0,-23704.10411968293,-0.0,0.389937106918239,1.0,0.3939393939393939,3164.0,3164.708935549139
24,all,R20,Very_High,R20_OUT,0.0,0.0,34981.82767116596,0.0,0.389937106918239,1.0,0.3939393939393939,3164.0,3164.708935549139
25,all,R1,Very_Low,R1_OUT,0.0,0.0,17705.37995417934,0.0,0.3930817610062893,0.6,0.1515151515151515,3542.0,3541.8666900544804
25,all,R2,Low,R2_OUT,0.0,0.0,14156.206730176264,0.0,0.3930817610062893,0.6,0.1515151515151515,3542.0,3541.8666900544804
25,all,R3,Low,R3_OUT,0.0,0.0,2191.9349195032555,0.0,0.3930817610062893,0.6,0.1515151515151515,3542.0,3541.8666900544804
25,all,R4,Low,R4_OUT,0.0,0.0,7564.39881688509,0.0,0.3930817610062893,0.6,0.1515151515151515,3542.0,3541.8666900544804
25,all,R5,Medium,R5_OUT,0.0,0.0,1942.9263548400568,0.0,0.3930817610062893,0.6,0.1515151515151515,3542.0,3541.8666900544804
25,all,R6,Medium,R6_OUT,0.05128205128205187,0.05063291139240564,678.7741801532411,34.36831291915184,0.3930817610062893,0.6,0.1515151515151515,3542.0,3541.8666900544804
25,all,R7,Medium,R7_OUT,0.0,0.0,9074.30670452728,0.0,0.3930817610062893,0.6,0.1515151515151515,3542.0,3541.8666900544804
25,all,R8,Medium,R8_OUT,0.0,0.0,11965.876289976806,0.0,0.3930817610062893,0.6,0.1515151515151515,3542.0,3541.8666900544804
25,all,R9,High,R9_OUT,0.0,0.0,-7430.2419135315795,-0.0,0.3930817610062893,0.6,0.1515151515151515,3542.0,3541.8666900544804
25,all,R10,High,R10_OUT,0.0,0.0,14227.945527596428,0.0,0.3930817610062893,0.6,0.1515151515151515,3542.0,3541.8666900544804
25,all,R11,Medium,R11_OUT,0.0,0.0,9305.062688782535,0.0,0.3930817610062893,0.6,0.1515151515151515,3542.0,3541.8666900544804
25,all,R12,Medium,R12_OUT,0.0,0.0,10412.456865294174,0.0,0.3930817610062893,0.6,0.1515151515151515,3542.0,3541.8666900544804
25,all,R13,High,R13_OUT,0.9615384615384611,0.9493670886075943,3694.5649572492157,3507.498377135329,0.3930817610062893,0.6,0.1515151515151515,3542.0,3541.8666900544804
25,all,R14,High,R14_OUT,0.0,0.0,5329.638575726744,0.0,0.3930817610062893,0.6,0.1515151515151515,3542.0,3541.8666900544804
25,all,R15,High,R15_OUT,0.0,0.0,-3769.8628913259745,-0.0,0.3930817610062893,0.6,0.1515151515151515,3542.0,3541.8666900544804
25,all,R16,High,R16_OUT,0.0,0.0,-1136.2146668973546,-0.0,0.3930817610062893,0.6,0.1515151515151515,3542.0,3541.8666900544804
25,all,R17,High,R17_OUT,0.0,0.0,3913.9939928844533,0.0,0.3930817610062893,0.6,0.1515151515151515,3542.0,3541.8666900544804
25,all,R18,Very_High,R18_OUT,0.0,0.0,10846.080298932797,0.0,0.3930817610062893,0.6,0.1515151515151515,3542.0,3541.8666900544804
25,all,R19,Very_High,R19_OUT,0.0,0.0,-18476.897221387393,-0.0,0.3930817610062893,0.6,0.1515151515151515,3542.0,3541.8666900544804
25,all,R20,Very_High,R20_OUT,0.0,0.0,31350.999770841125,0.0,0.3930817610062893,0.6,0.1515151515151515,3542.0,3541.8666900544804
26,all,R1,Very_Low,R1_OUT,0.0,0.05,35005.27085230403,1750.2635426152015,0.6745283018867925,0.8,0.3939393939393939,4277.0,7016.226441075845
26,all,R2,Low,R2_OUT,0.0,0.05,24156.943151902502,1207.847157595125,0.6745283018867925,0.8,0.3939393939393939,4277.0,7016.226441075845
26,all,R3,Low,R3_OUT,0.0,0.05,12234.628069058173,611.7314034529087,0.6745283018867925,0.8,0.3939393939393939,4277.0,7016.226441075845
26,all,R4,Low,R4_OUT,0.0,0.05,17251.26245581481,862.5631227907405,0.6745283018867925,0.8,0.3939393939393939,4277.0,7016.226441075845
26,all,R5,Medium,R5_OUT,0.0,0.05,-6887.359352519079,-344.36796762595395,0.6745283018867925,0.8,0.3939393939393939,4277.0,7016.226441075845
26,all,R6,Medium,R6_OUT,0.0,0.05,10007.29900836683,500.36495041834155,0.6745283018867925,0.8,0.3939393939393939,4277.0,7016.226441075845
26,all,R7,Medium,R7_OUT,0.0,0.05,15570.608609811445,778.5304304905723,0.6745283018867925,0.8,0.3939393939393939,4277.0,7016.226441075845
26,all,R8,Medium,R8_OUT,0.0,0.05,23360.248198538648,1168.0124099269324,0.6745283018867925,0.8,0.3939393939393939,4277.0,7016.226441075845
26,all,R9,High,R9_OUT,0.0,0.05,-60777.25467936219,-3038.8627339681098,0.6745283018867925,0.8,0.3939393939393939,4277.0,7016.226441075845
26,all,R10,High,R10_OUT,0.0,0.05,49345.935140470145,2467.2967570235073,0.6745283018867925,0.8,0.3939393939393939,4277.0,7016.226441075845
26,all,R11,Medium,R11_OUT,0.0,0.05,25914.077028987584,1295.7038514493793,0.6745283018867925,0.8,0.3939393939393939,4277.0,7016.226441075845
26,all,R12,Medium,R12_OUT,0.0,0.05,20888.494060264,1044.4247030132,0.6745283018867925,0.8,0.3939393939393939,4277.0,7016.226441075845
26,all,R13,High,R13_OUT,0.0,0.05,8184.604204975675,409.2302102487838,0.6745283018867925,0.8,0.3939393939393939,4277.0,7016.226441075845
26,all,R14,High,R14_OUT,0.0,0.05,-2482.0062421871553,-124.10031210935777,0.6745283018867925,0.8,0.3939393939393939,4277.0,7016.226441075845
26,all,R15,High,R15_OUT,0.0,0.05,-6530.946072268309,-326.54730361341547,0.6745283018867925,0.8,0.3939393939393939,4277.0,7016.226441075845
26,all,R16,High,R16_OUT,0.0,0.05,-6741.289297943225,-337.0644648971613,0.6745283018867925,0.8,0.3939393939393939,4277.0,7016.226441075845
26,all,R17,High,R17_OUT,0.0,0.05,2438.801610393557,121.94008051967785,0.6745283018867925,0.8,0.3939393939393939,4277.0,7016.226441075845
26,all,R18,Very_High,R18_OUT,0.0,0.05,-11201.40730105069,-560.0703650525346,0.6745283018867925,0.8,0.3939393939393939,4277.0,7016.226441075845
26,all,R19,Very_High,R19_OUT,0.0,0.05,-55575.34301894444,-2778.767150947222,0.6745283018867925,0.8,0.3939393939393939,4277.0,7016.226441075845
26,all,R20,Very_High,R20_OUT,0.0,0.05,46161.96239490458,2308.098119745229,0.6745283018867925,0.8,0.3939393939393939,4277.0,7016.226441075845
27,all,R1,Very_Low,R1_OUT,0.0,0.0,16095.397441126779,0.0,0.3160377358490566,1.0,0.4545454545454545,7252.0,7251.392411069908
27,all,R2,Low,R2_OUT,0.0,0.0,13636.348358957322,0.0,0.3160377358490566,1.0,0.4545454545454545,7252.0,7251.392411069908
27,all,R3,Low,R3_OUT,0.0,0.0,8434.634157377384,0.0,0.3160377358490566,1.0,0.4545454545454545,7252.0,7251.392411069908
27,all,R4,Low,R4_OUT,0.0,0.0,3457.306865831755,0.0,0.3160377358490566,1.0,0.4545454545454545,7252.0,7251.392411069908
27,all,R5,Medium,R5_OUT,0.0,0.0,-8119.952737689806,-0.0,0.3160377358490566,1.0,0.4545454545454545,7252.0,7251.392411069908
27,all,R6,Medium,R6_OUT,0.0,0.0,-4349.769769071345,-0.0,0.3160377358490566,1.0,0.4545454545454545,7252.0,7251.392411069908
27,all,R7,Medium,R7_OUT,0.0,0.0,7617.5139073860755,0.0,0.3160377358490566,1.0,0.4545454545454545,7252.0,7251.392411069908
27,all,R8,Medium,R8_OUT,0.0,0.0,8290.8388685788,0.0,0.3160377358490566,1.0,0.4545454545454545,7252.0,7251.392411069908
27,all,R9,High,R9_OUT,0.0,0.0,-35890.24519716419,-0.0,0.3160377358490566,1.0,0.4545454545454545,7252.0,7251.392411069908
27,all,R10,High,R10_OUT,0.0,0.0,45026.73152484202,0.0,0.3160377358490566,1.0,0.4545454545454545,7252.0,7251.392411069908
27,all,R11,Medium,R11_OUT,0.0,0.0,4698.087520382078,0.0,0.3160377358490566,1.0,0.4545454545454545,7252.0,7251.392411069908
27,all,R12,Medium,R12_OUT,0.0,0.0,7799.163798196258,0.0,0.3160377358490566,1.0,0.4545454545454545,7252.0,7251.392411069908
27,all,R13,High,R13_OUT,0.0,0.0,4777.3639205327145,0.0,0.3160377358490566,1.0,0.4545454545454545,7252.0,7251.392411069908
27,all,R14,High,R14_OUT,0.0,0.0,-2274.768188160524,-0.0,0.3160377358490566,1.0,0.4545454545454545,7252.0,7251.392411069908
27,all,R15,High,R15_OUT,0.0,0.0,12945.435972310335,0.0,0.3160377358490566,1.0,0.4545454545454545,7252.0,7251.392411069908
27,all,R16,High,R16_OUT,0.0,0.0,5457.573450046735,0.0,0.3160377358490566,1.0,0.4545454545454545,7252.0,7251.392411069908
27,all,R17,High,R17_OUT,0.8888888888888892,1.0,7251.392411069908,7251.392411069908,0.3160377358490566,1.0,0.4545454545454545,7252.0,7251.392411069908
27,all,R18,Very_High,R18_OUT,0.0,0.0,10955.503843402621,0.0,0.3160377358490566,1.0,0.4545454545454545,7252.0,7251.392411069908
27,all,R19,Very_High,R19_OUT,0.0,0.0,-14568.595883456623,-0.0,0.3160377358490566,1.0,0.4545454545454545,7252.0,7251.392411069908
27,all,R20,Very_High,R20_OUT,0.0,0.0,32685.474944230376,0.0,0.3160377358490566,1.0,0.4545454545454545,7252.0,7251.392411069908
28,all,R1,Very_Low,R1_OUT,0.0,0.05,33999.29970731377,1699.9649853656883,0.6273584905660378,1.0,0.3939393939393939,3948.0,7256.161439943141
28,all,R2,Low,R2_OUT,0.0,0.05,22995.990908632204,1149.7995454316103,0.6273584905660378,1.0,0.3939393939393939,3948.0,7256.161439943141
28,all,R3,Low,R3_OUT,0.0,0.05,15371.750544841545,768.5875272420773,0.6273584905660378,1.0,0.3939393939393939,3948.0,7256.161439943141
28,all,R4,Low,R4_OUT,0.0,0.05,14895.406969757958,744.770348487898,0.6273584905660378,1.0,0.3939393939393939,3948.0,7256.161439943141
28,all,R5,Medium,R5_OUT,0.0,0.05,-6014.33429715975,-300.71671485798754,0.6273584905660378,1.0,0.3939393939393939,3948.0,7256.161439943141
28,all,R6,Medium,R6_OUT,0.0,0.05,7208.683839701283,360.4341919850642,0.6273584905660378,1.0,0.3939393939393939,3948.0,7256.161439943141
28,all,R7,Medium,R7_OUT,0.0,0.05,14693.450996533713,734.6725498266857,0.6273584905660378,1.0,0.3939393939393939,3948.0,7256.161439943141
28,all,R8,Medium,R8_OUT,0.0,0.05,19815.115848660887,990.7557924330445,0.6273584905660378,1.0,0.3939393939393939,3948.0,7256.161439943141
28,all,R9,High,R9_OUT,0.0,0.05,-53780.05622251178,-2689.0028111255892,0.6273584905660378,1.0,0.3939393939393939,3948.0,7256.161439943141
28,all,R10,High,R10_OUT,0.0,0.05,51224.87055706323,2561.2435278531616,0.6273584905660378,1.0,0.3939393939393939,3948.0,7256.161439943141
28,all,R11,Medium,R11_OUT,0.0,0.05,22134.43188022638,1106.721594011319,0.6273584905660378,1.0,0.3939393939393939,3948.0,7256.161439943141
28,all,R12,Medium,R12_OUT,0.0,0.05,18984.950876004572,949.2475438002286,0.6273584905660378,1.0,0.3939393939393939,3948.0,7256.161439943141
28,all,R13,High,R13_OUT,0.0,0.05,7732.7264214396855,386.6363210719843,0.6273584905660378,1.0,0.3939393939393939,3948.0,7256.161439943141
28,all,R14,High,R14_OUT,0.0,0.05,-921.8620332631162,-46.093101663155814,0.6273584905660378,1.0,0.3939393939393939,3948.0,7256.161439943141
28,all,R15,High,R15_OUT,0.0,0.05,-3751.2731245432733,-187.56365622716368,0.6273584905660378,1.0,0.3939393939393939,3948.0,7256.161439943141
28,all,R16,High,R16_OUT,0.0,0.05,-4618.570615580395,-230.92853077901975,0.6273584905660378,1.0,0.3939393939393939,3948.0,7256.161439943141
28,all,R17,High,R17_OUT,0.0,0.05,-1946.0992306354656,-97.30496153177329,0.6273584905660378,1.0,0.3939393939393939,3948.0,7256.161439943141
28,all,R18,Very_High,R18_OUT,0.0,0.05,-4798.290521231036,-239.9145260615518,0.6273584905660378,1.0,0.3939393939393939,3948.0,7256.161439943141
28,all,R19,Very_High,R19_OUT,0.0,0.05,-52777.588360376874,-2638.879418018844,0.6273584905660378,1.0,0.3939393939393939,3948.0,7256.161439943141
28,all,R20,Very_High,R20_OUT,0.0,0.05,44674.62465398932,2233.731232699466,0.6273584905660378,1.0,0.3939393939393939,3948.0,7256.161439943141
29,all,R1,Very_Low,R1_OUT,0.48453608247422664,0.4289078598763614,10123.876017158364,4342.209996173015,0.2012578616352201,1.0,0.1515151515151515,3927.0,3927.008963740921
29,all,R2,Low,R2_OUT,0.0,0.0,8824.096399930218,0.0,0.2012578616352201,1.0,0.1515151515151515,3927.0,3927.008963740921
29,all,R3,Low,R3_OUT,0.0,0.0,6319.7760290470715,0.0,0.2012578616352201,1.0,0.1515151515151515,3927.0,3927.008963740921
29,all,R4,Low,R4_OUT,0.6451612903225808,0.5710921401236387,-727.0298490576433,-415.2010324320956,0.2012578616352201,1.0,0.1515151515151515,3927.0,3927.008963740921
29,all,R5,Medium,R5_OUT,0.0,0.0,3768.309027034328,0.0,0.2012578616352201,1.0,0.1515151515151515,3927.0,3927.008963740921
29,all,R6,Medium,R6_OUT,0.0,0.0,-8533.220567549599,-0.0,0.2012578616352201,1.0,0.1515151515151515,3927.0,3927.008963740921
29,all,R7,Medium,R7_OUT,0.0,0.0,5110.214366823513,0.0,0.2012578616352201,1.0,0.1515151515151515,3927.0,3927.008963740921
29,all,R8,Medium,R8_OUT,0.0,0.0,1095.1221246032965,0.0,0.2012578616352201,1.0,0.1515151515151515,3927.0,3927.008963740921
29,all,R9,High,R9_OUT,0.0,0.0,14733.999385875948,0.0,0.2012578616352201,1.0,0.1515151515151515,3927.0,3927.008963740921
29,all,R10,High,R10_OUT,0.0,0.0,14391.450886097024,0.0,0.2012578616352201,1.0,0.1515151515151515,3927.0,3927.008963740921
29,all,R11,Medium,R11_OUT,0.0,0.0,-3836.955170735173,-0.0,0.2012578616352201,1.0,0.1515151515151515,3927.0,3927.008963740921
29,all,R12,Medium,R12_OUT,0.0,0.0,3067.2993890743383,0.0,0.2012578616352201,1.0,0.1515151515151515,3927.0,3927.008963740921
29,all,R13,High,R13_OUT,0.0,0.0,1752.5189244797298,0.0,0.2012578616352201,1.0,0.1515151515151515,3927.0,3927.008963740921
29,all,R14,High,R14_OUT,0.0,0.0,8695.211901915874,0.0,0.2012578616352201,1.0,0.1515151515151515,3927.0,3927.008963740921
29,all,R15,High,R15_OUT,0.0,0.0,6269.31390921607,0.0,0.2012578616352201,1.0,0.1515151515151515,3927.0,3927.008963740921
29,all,R16,High,R16_OUT,0.0,0.0,6084.254579653347,0.0,0.2012578616352201,1.0,0.1515151515151515,3927.0,3927.008963740921
29,all,R17,High,R17_OUT,0.0,0.0,-2757.330163985215,-0.0,0.2012578616352201,1.0,0.1515151515151515,3927.0,3927.008963740921
29,all,R18,Very_High,R18_OUT,0.0,0.0,29317.52711928836,0.0,0.2012578616352201,1.0,0.1515151515151515,3927.0,3927.008963740921
29,all,R19,Very_High,R19_OUT,0.0,0.0,-943.9307988017936,-0.0,0.2012578616352201,1.0,0.1515151515151515,3927.0,3927.008963740921
29,all,R20,Very_High,R20_OUT,0.0,0.0,24396.50036228842,0.0,0.2012578616352201,1.0,0.1515151515151515,3927.0,3927.008963740921
30,all,R1,Very_Low,R1_OUT,0.0,0.0,2904.789354501645,0.0,0.1666666666666666,0.4,0.2424242424242424,710.0,715.784736233989
30,all,R2,Low,R2_OUT,0.0,0.0,7249.555129188606,0.0,0.1666666666666666,0.4,0.2424242424242424,710.0,715.784736233989
30,all,R3,Low,R3_OUT,0.0,0.0,-7092.673870237328,-0.0,0.1666666666666666,0.4,0.2424242424242424,710.0,715.784736233989
30,all,R4,Low,R4_OUT,0.0,0.0,-135.19784744782646,-0.0,0.1666666666666666,0.4,0.2424242424242424,710.0,715.784736233989
30,all,R5,Medium,R5_OUT,0.0,0.0,-2245.911926822436,-0.0,0.1666666666666666,0.4,0.2424242424242424,710.0,715.784736233989
30,all,R6,Medium,R6_OUT,0.0,0.0,-6689.064895376848,-0.0,0.1666666666666666,0.4,0.2424242424242424,710.0,715.784736233989
30,all,R7,Medium,R7_OUT,0.0,0.0,3721.471340071319,0.0,0.1666666666666666,0.4,0.2424242424242424,710.0,715.784736233989
30,all,R8,Medium,R8_OUT,0.0,0.0,5724.596464425194,0.0,0.1666666666666666,0.4,0.2424242424242424,710.0,715.784736233989
30,all,R9,High,R9_OUT,0.711340206185567,0.6631735598685435,-3800.6409201336282,-2520.484568787075,0.1666666666666666,0.4,0.2424242424242424,710.0,715.784736233989
30,all,R10,High,R10_OUT,0.0,0.0,10182.558875354207,0.0,0.1666666666666666,0.4,0.2424242424242424,710.0,715.784736233989
30,all,R11,Medium,R11_OUT,0.0,0.0,-1994.3975711675175,-0.0,0.1666666666666666,0.4,0.2424242424242424,710.0,715.784736233989
30,all,R12,Medium,R12_OUT,0.0,0.0,2556.3959852156468,0.0,0.1666666666666666,0.4,0.2424242424242424,710.0,715.784736233989
30,all,R13,High,R13_OUT,0.0,0.0,1773.233300405281,0.0,0.1666666666666666,0.4,0.2424242424242424,710.0,715.784736233989
30,all,R14,High,R14_OUT,0.0,0.0,1253.5215259735342,0.0,0.1666666666666666,0.4,0.2424242424242424,710.0,715.784736233989
30,all,R15,High,R15_OUT,0.3612903225806451,0.3368264401314565,9608.12133322435,3236.2693050210614,0.1666666666666666,0.4,0.2424242424242424,710.0,715.784736233989
30,all,R16,High,R16_OUT,0.0,0.0,5953.203370721152,0.0,0.1666666666666666,0.4,0.2424242424242424,710.0,715.784736233989
30,all,R17,High,R17_OUT,0.0,0.0,17932.023657791367,0.0,0.1666666666666666,0.4,0.2424242424242424,710.0,715.784736233989
30,all,R18,Very_High,R18_OUT,0.0,0.0,16834.602952062065,0.0,0.1666666666666666,0.4,0.2424242424242424,710.0,715.784736233989
30,all,R19,Very_High,R19_OUT,0.0,0.0,12356.462255257517,0.0,0.1666666666666666,0.4,0.2424242424242424,710.0,715.784736233989
30,all,R20,Very_High,R20_OUT,0.0,0.0,22750.07009206681,0.0,0.1666666666666666,0.4,0.2424242424242424,710.0,715.784736233989
31,all,R1,Very_Low,R1_OUT,0.0,0.0,16865.055779057424,0.0,0.3223270440251572,1.0,0.2424242424242424,2429.0,6158.053045268145
31,all,R2,Low,R2_OUT,0.0,0.0,12942.971051963676,0.0,0.3223270440251572,1.0,0.2424242424242424,2429.0,6158.053045268145
31,all,R3,Low,R3_OUT,0.0,0.0,8861.763333602023,0.0,0.3223270440251572,1.0,0.2424242424242424,2429.0,6158.053045268145
31,all,R4,Low,R4_OUT,0.0,0.0,3709.6009223443343,0.0,0.3223270440251572,1.0,0.2424242424242424,2429.0,6158.053045268145
31,all,R5,Medium,R5_OUT,0.0,0.0,131.32688249924286,0.0,0.3223270440251572,1.0,0.2424242424242424,2429.0,6158.053045268145
31,all,R6,Medium,R6_OUT,0.0,0.0,-4065.709214917684,-0.0,0.3223270440251572,1.0,0.2424242424242424,2429.0,6158.053045268145
31,all,R7,Medium,R7_OUT,0.0,0.0,7826.254532609564,0.0,0.3223270440251572,1.0,0.2424242424242424,2429.0,6158.053045268145
31,all,R8,Medium,R8_OUT,0.8205128205128208,0.6808510638297874,6613.594721272584,4502.873001717506,0.3223270440251572,1.0,0.2424242424242424,2429.0,6158.053045268145
31,all,R9,High,R9_OUT,0.0,0.0,-7713.893757623846,-0.0,0.3223270440251572,1.0,0.2424242424242424,2429.0,6158.053045268145
31,all,R10,High,R10_OUT,0.0,0.0,26776.3824592556,0.0,0.3223270440251572,1.0,0.2424242424242424,2429.0,6158.053045268145
31,all,R11,Medium,R11_OUT,0.0,0.0,3684.981647340983,0.0,0.3223270440251572,1.0,0.2424242424242424,2429.0,6158.053045268145
31,all,R12,Medium,R12_OUT,0.0,0.0,7631.176744622586,0.0,0.3223270440251572,1.0,0.2424242424242424,2429.0,6158.053045268145
31,all,R13,High,R13_OUT,0.0,0.0,3582.711208133245,0.0,0.3223270440251572,1.0,0.2424242424242424,2429.0,6158.053045268145
31,all,R14,High,R14_OUT,0.3846153846153844,0.31914893617021256,5186.2308031253415,1655.1800435506398,0.3223270440251572,1.0,0.2424242424242424,2429.0,6158.053045268145
31,all,R15,High,R15_OUT,0.0,0.0,4290.881449586799,0.0,0.3223270440251572,1.0,0.2424242424242424,2429.0,6158.053045268145
31,all,R16,High,R16_OUT,0.0,0.0,3252.3106167623337,0.0,0.3223270440251572,1.0,0.2424242424242424,2429.0,6158.053045268145
31,all,R17,High,R17_OUT,0.0,0.0,-1619.6506759506092,-0.0,0.3223270440251572,1.0,0.2424242424242424,2429.0,6158.053045268145
31,all,R18,Very_High,R18_OUT,0.0,0.0,18774.19028707967,0.0,0.3223270440251572,1.0,0.2424242424242424,2429.0,6158.053045268145
31,all,R19,Very_High,R19_OUT,0.0,0.0,-15640.263977590537,-0.0,0.3223270440251572,1.0,0.2424242424242424,2429.0,6158.053045268145
31,all,R20,Very_High,R20_OUT,0.0,0.0,30420.100774974104,0.0,0.3223270440251572,1.0,0.2424242424242424,2429.0,6158.053045268145
32,all,R1,Very_Low,R1_OUT,0.0,0.0,13649.566475193551,0.0,0.35062893081761,0.4,0.1212121212121212,6405.0,6404.192303711545
32,all,R2,Low,R2_OUT,0.0,0.0,12422.913931863839,0.0,0.35062893081761,0.4,0.1212121212121212,6405.0,6404.192303711545
32,all,R3,Low,R3_OUT,0.0,0.0,-2877.258384412171,-0.0,0.35062893081761,0.4,0.1212121212121212,6405.0,6404.192303711545
32,all,R4,Low,R4_OUT,0.0,0.0,6632.272738173915,0.0,0.35062893081761,0.4,0.1212121212121212,6405.0,6404.192303711545
32,all,R5,Medium,R5_OUT,0.0,0.0,2322.3214808779485,0.0,0.35062893081761,0.4,0.1212121212121212,6405.0,6404.192303711545
32,all,R6,Medium,R6_OUT,0.0,0.0,161.40247549554624,0.0,0.35062893081761,0.4,0.1212121212121212,6405.0,6404.192303711545
32,all,R7,Medium,R7_OUT,0.0,0.0,7929.348518199228,0.0,0.35062893081761,0.4,0.1212121212121212,6405.0,6404.192303711545
32,all,R8,Medium,R8_OUT,0.0,0.0,11760.947829308392,0.0,0.35062893081761,0.4,0.1212121212121212,6405.0,6404.192303711545
32,all,R9,High,R9_OUT,0.0,0.0,-2815.9632351485634,-0.0,0.35062893081761,0.4,0.1212121212121212,6405.0,6404.192303711545
32,all,R10,High,R10_OUT,0.5128205128205139,1.0,6404.192303711545,6404.192303711545,0.35062893081761,0.4,0.1212121212121212,6405.0,6404.192303711545
32,all,R11,Medium,R11_OUT,0.0,0.0,7756.01711954223,0.0,0.35062893081761,0.4,0.1212121212121212,6405.0,6404.192303711545
32,all,R12,Medium,R12_OUT,0.0,0.0,9006.65015617789,0.0,0.35062893081761,0.4,0.1212121212121212,6405.0,6404.192303711545
32,all,R13,High,R13_OUT,0.0,0.0,3011.6512065804573,0.0,0.35062893081761,0.4,0.1212121212121212,6405.0,6404.192303711545
32,all,R14,High,R14_OUT,0.0,0.0,5063.115923303095,0.0,0.35062893081761,0.4,0.1212121212121212,6405.0,6404.192303711545
32,all,R15,High,R15_OUT,0.0,0.0,-3626.0577875689596,-0.0,0.35062893081761,0.4,0.1212121212121212,6405.0,6404.192303711545
32,all,R16,High,R16_OUT,0.0,0.0,-811.4412923204181,-0.0,0.35062893081761,0.4,0.1212121212121212,6405.0,6404.192303711545
32,all,R17,High,R17_OUT,0.0,0.0,8980.18923772833,0.0,0.35062893081761,0.4,0.1212121212121212,6405.0,6404.192303711545
32,all,R18,Very_High,R18_OUT,0.0,0.0,10820.473896017778,0.0,0.35062893081761,0.4,0.1212121212121212,6405.0,6404.192303711545
32,all,R19,Very_High,R19_OUT,0.0,0.0,-10342.965724055754,-0.0,0.35062893081761,0.4,0.1212121212121212,6405.0,6404.192303711545
32,all,R20,Very_High,R20_OUT,0.0,0.0,28819.1618413349,0.0,0.35062893081761,0.4,0.1212121212121212,6405.0,6404.192303711545
33,all,R1,Very_Low,R1_OUT,0.0,0.0,6023.460021518583,0.0,0.1855345911949685,0.6,0.0606060606060606,651.0,650.9893565610628
33,all,R2,Low,R2_OUT,0.5876288659793814,0.5323892738776739,7366.988184533133,3922.1054902289975,0.1855345911949685,0.6,0.0606060606060606,651.0,650.9893565610628
33,all,R3,Low,R3_OUT,0.0,0.0,-2254.120309426872,-0.0,0.1855345911949685,0.6,0.0606060606060606,651.0,650.9893565610628
33,all,R4,Low,R4_OUT,0.0,0.0,-47.787973236194375,-0.0,0.1855345911949685,0.6,0.0606060606060606,651.0,650.9893565610628
33,all,R5,Medium,R5_OUT,0.0,0.0,5650.28415874867,0.0,0.1855345911949685,0.6,0.0606060606060606,651.0,650.9893565610628
33,all,R6,Medium,R6_OUT,0.5161290322580646,0.467610726122326,-6995.383020389094,-3271.1161336679343,0.1855345911949685,0.6,0.0606060606060606,651.0,650.9893565610628
33,all,R7,Medium,R7_OUT,0.0,0.0,4397.980391754831,0.0,0.1855345911949685,0.6,0.0606060606060606,651.0,650.9893565610628
33,all,R8,Medium,R8_OUT,0.0,0.0,3093.7436834851032,0.0,0.1855345911949685,0.6,0.0606060606060606,651.0,650.9893565610628
33,all,R9,High,R9_OUT,0.0,0.0,22265.093830191894,0.0,0.1855345911949685,0.6,0.0606060606060606,651.0,650.9893565610628
33,all,R10,High,R10_OUT,0.0,0.0,-1345.5360634283825,-0.0,0.1855345911949685,0.6,0.0606060606060606,651.0,650.9893565610628
33,all,R11,Medium,R11_OUT,0.0,0.0,-3169.2937407410645,-0.0,0.1855345911949685,0.6,0.0606060606060606,651.0,650.9893565610628
33,all,R12,Medium,R12_OUT,0.0,0.0,2709.968043236996,0.0,0.1855345911949685,0.6,0.0606060606060606,651.0,650.9893565610628
33,all,R13,High,R13_OUT,0.0,0.0,943.3085507995281,0.0,0.1855345911949685,0.6,0.0606060606060606,651.0,650.9893565610628
33,all,R14,High,R14_OUT,0.0,0.0,9056.211125464986,0.0,0.1855345911949685,0.6,0.0606060606060606,651.0,650.9893565610628
33,all,R15,High,R15_OUT,0.0,0.0,2182.613113142954,0.0,0.1855345911949685,0.6,0.0606060606060606,651.0,650.9893565610628
33,all,R16,High,R16_OUT,0.0,0.0,4334.870481483616,0.0,0.1855345911949685,0.6,0.0606060606060606,651.0,650.9893565610628
33,all,R17,High,R17_OUT,0.0,0.0,4637.867148162122,0.0,0.1855345911949685,0.6,0.0606060606060606,651.0,650.9893565610628
33,all,R18,Very_High,R18_OUT,0.0,0.0,26415.00953984136,0.0,0.1855345911949685,0.6,0.0606060606060606,651.0,650.9893565610628
33,all,R19,Very_High,R19_OUT,0.0,0.0,6809.11564772034,0.0,0.1855345911949685,0.6,0.0606060606060606,651.0,650.9893565610628
33,all,R20,Very_High,R20_OUT,0.0,0.0,21796.910390901896,0.0,0.1855345911949685,0.6,0.0606060606060606,651.0,650.9893565610628
34,all,R1,Very_Low,R1_OUT,0.0,0.0,26151.391568378287,0.0,0.5817610062893082,0.4,0.4848484848484848,9135.0,42578.85942429908
34,all,R2,Low,R2_OUT,0.0,0.0,21081.587687794814,0.0,0.5817610062893082,0.4,0.4848484848484848,9135.0,42578.85942429908
34,all,R3,Low,R3_OUT,0.0,0.0,1716.9647279093952,0.0,0.5817610062893082,0.4,0.4848484848484848,9135.0,42578.85942429908
34,all,R4,Low,R4_OUT,0.0,0.0,15083.077296258041,0.0,0.5817610062893082,0.4,0.4848484848484848,9135.0,42578.85942429908
34,all,R5,Medium,R5_OUT,0.0,0.0,-12019.598348914427,-0.0,0.5817610062893082,0.4,0.4848484848484848,9135.0,42578.85942429908
34,all,R6,Medium,R6_OUT,0.0,0.0,8644.720949412707,0.0,0.5817610062893082,0.4,0.4848484848484848,9135.0,42578.85942429908
34,all,R7,Medium,R7_OUT,0.0,0.0,13055.217005619616,0.0,0.5817610062893082,0.4,0.4848484848484848,9135.0,42578.85942429908
34,all,R8,Medium,R8_OUT,0.0,0.0,24017.760732687206,0.0,0.5817610062893082,0.4,0.4848484848484848,9135.0,42578.85942429908
34,all,R9,High,R9_OUT,0.0,0.0,-71392.29474303834,-0.0,0.5817610062893082,0.4,0.4848484848484848,9135.0,42578.85942429908
34,all,R10,High,R10_OUT,0.0,0.0,46610.16308950107,0.0,0.5817610062893082,0.4,0.4848484848484848,9135.0,42578.85942429908
34,all,R11,Medium,R11_OUT,0.0,0.0,23346.681529246172,0.0,0.5817610062893082,0.4,0.4848484848484848,9135.0,42578.85942429908
34,all,R12,Medium,R12_OUT,0.0,0.0,18074.587830953835,0.0,0.5817610062893082,0.4,0.4848484848484848,9135.0,42578.85942429908
34,all,R13,High,R13_OUT,0.0,0.0,7636.214454463905,0.0,0.5817610062893082,0.4,0.4848484848484848,9135.0,42578.85942429908
34,all,R14,High,R14_OUT,0.0,0.0,-8335.85895181211,-0.0,0.5817610062893082,0.4,0.4848484848484848,9135.0,42578.85942429908
34,all,R15,High,R15_OUT,0.0,0.0,93.32165971732502,0.0,0.5817610062893082,0.4,0.4848484848484848,9135.0,42578.85942429908
34,all,R16,High,R16_OUT,0.0,0.0,-4413.7311281775055,-0.0,0.5817610062893082,0.4,0.4848484848484848,9135.0,42578.85942429908
34,all,R17,High,R17_OUT,0.0,0.0,18980.179473017226,0.0,0.5817610062893082,0.4,0.4848484848484848,9135.0,42578.85942429908
34,all,R18,Very_High,R18_OUT,0.0,0.0,-16641.593836440974,-0.0,0.5817610062893082,0.4,0.4848484848484848,9135.0,42578.85942429908
34,all,R19,Very_High,R19_OUT,0.0,0.0,-38129.417891186065,-0.0,0.5817610062893082,0.4,0.4848484848484848,9135.0,42578.85942429908
34,all,R20,Very_High,R20_OUT,1.0,1.0,42578.85942429908,42578.85942429908,0.5817610062893082,0.4,0.4848484848484848,9135.0,42578.85942429908
35,all,R1,Very_Low,R1_OUT,0.0,0.0,20915.71976483454,0.0,0.4544025157232704,0.6,0.303030303030303,1435.0,1436.63264241266
35,all,R2,Low,R2_OUT,0.0,0.0,16683.711977581166,0.0,0.4544025157232704,0.6,0.303030303030303,1435.0,1436.63264241266
35,all,R3,Low,R3_OUT,0.0,0.0,3335.912525685464,0.0,0.4544025157232704,0.6,0.303030303030303,1435.0,1436.63264241266
35,all,R4,Low,R4_OUT,0.0,0.0,9800.910629726119,0.0,0.4544025157232704,0.6,0.303030303030303,1435.0,1436.63264241266
35,all,R5,Medium,R5_OUT,0.0,0.0,-4004.4034211298995,-0.0,0.4544025157232704,0.6,0.303030303030303,1435.0,1436.63264241266
35,all,R6,Medium,R6_OUT,0.0,0.0,2916.2562088428404,0.0,0.4544025157232704,0.6,0.303030303030303,1435.0,1436.63264241266
35,all,R7,Medium,R7_OUT,0.0,0.0,10417.06039058067,0.0,0.4544025157232704,0.6,0.303030303030303,1435.0,1436.63264241266
35,all,R8,Medium,R8_OUT,0.0,0.0,15716.173753320121,0.0,0.4544025157232704,0.6,0.303030303030303,1435.0,1436.63264241266
35,all,R9,High,R9_OUT,0.0,0.0,-33071.79341415273,-0.0,0.4544025157232704,0.6,0.303030303030303,1435.0,1436.63264241266
35,all,R10,High,R10_OUT,0.0,0.0,29690.519938690115,0.0,0.4544025157232704,0.6,0.303030303030303,1435.0,1436.63264241266
35,all,R11,Medium,R11_OUT,0.0,0.0,13797.694016679678,0.0,0.4544025157232704,0.6,0.303030303030303,1435.0,1436.63264241266
35,all,R12,Medium,R12_OUT,0.0,0.0,12921.053227423723,0.0,0.4544025157232704,0.6,0.303030303030303,1435.0,1436.63264241266
35,all,R13,High,R13_OUT,0.0,0.0,5248.854006311897,0.0,0.4544025157232704,0.6,0.303030303030303,1435.0,1436.63264241266
35,all,R14,High,R14_OUT,0.0,0.0,-165.2419898090775,-0.0,0.4544025157232704,0.6,0.303030303030303,1435.0,1436.63264241266
35,all,R15,High,R15_OUT,0.0,0.0,-612.4402027261003,-0.0,0.4544025157232704,0.6,0.303030303030303,1435.0,1436.63264241266
35,all,R16,High,R16_OUT,0.0,0.0,-1569.516194677477,-0.0,0.4544025157232704,0.6,0.303030303030303,1435.0,1436.63264241266
35,all,R17,High,R17_OUT,0.0,0.0,8833.73925117055,0.0,0.4544025157232704,0.6,0.303030303030303,1435.0,1436.63264241266
35,all,R18,Very_High,R18_OUT,0.6153846153846156,1.0,1436.63264241266,1436.63264241266,0.4544025157232704,0.6,0.303030303030303,1435.0,1436.63264241266
35,all,R19,Very_High,R19_OUT,0.0,0.0,-25770.578840547496,-0.0,0.4544025157232704,0.6,0.303030303030303,1435.0,1436.63264241266
35,all,R20,Very_High,R20_OUT,0.0,0.0,35655.9638330509,0.0,0.4544025157232704,0.6,0.303030303030303,1435.0,1436.63264241266
36,all,R1,Very_Low,R1_OUT,0.0,0.05,16833.12688003268,841.656344001634,0.4685534591194968,0.0,0.2121212121212121,5922.0,5151.721222717966
36,all,R2,Low,R2_OUT,0.0,0.05,15853.487226732446,792.6743613366224,0.4685534591194968,0.0,0.2121212121212121,5922.0,5151.721222717966
36,all,R3,Low,R3_OUT,0.0,0.05,-8755.919873446885,-437.79599367234425,0.4685534591194968,0.0,0.2121212121212121,5922.0,5151.721222717966
36,all,R4,Low,R4_OUT,0.0,0.05,12200.896787860554,610.0448393930277,0.4685534591194968,0.0,0.2121212121212121,5922.0,5151.721222717966
36,all,R5,Medium,R5_OUT,0.0,0.05,-2981.378212900181,-149.06891064500905,0.4685534591194968,0.0,0.2121212121212121,5922.0,5151.721222717966
36,all,R6,Medium,R6_OUT,0.0,0.05,6611.379755086815,330.56898775434075,0.4685534591194968,0.0,0.2121212121212121,5922.0,5151.721222717966
36,all,R7,Medium,R7_OUT,0.0,0.05,10189.926799392442,509.4963399696221,0.4685534591194968,0.0,0.2121212121212121,5922.0,5151.721222717966
36,all,R8,Medium,R8_OUT,0.0,0.05,20589.1956601152,1029.45978300576,0.4685534591194968,0.0,0.2121212121212121,5922.0,5151.721222717966
36,all,R9,High,R9_OUT,0.0,0.05,-31088.40890664245,-1554.4204453321227,0.4685534591194968,0.0,0.2121212121212121,5922.0,5151.721222717966
36,all,R10,High,R10_OUT,0.0,0.05,11436.887568998387,571.8443784499194,0.4685534591194968,0.0,0.2121212121212121,5922.0,5151.721222717966
36,all,R11,Medium,R11_OUT,0.0,0.05,17254.516673145503,862.7258336572752,0.4685534591194968,0.0,0.2121212121212121,5922.0,5151.721222717966
36,all,R12,Medium,R12_OUT,0.0,0.05,13839.542772544024,691.9771386272013,0.4685534591194968,0.0,0.2121212121212121,5922.0,5151.721222717966
36,all,R13,High,R13_OUT,0.0,0.05,4707.308591608453,235.36542958042264,0.4685534591194968,0.0,0.2121212121212121,5922.0,5151.721222717966
36,all,R14,High,R14_OUT,0.0,0.05,-1320.8686849944606,-66.04343424972303,0.4685534591194968,0.0,0.2121212121212121,5922.0,5151.721222717966
36,all,R15,High,R15_OUT,0.0,0.05,-6684.005237556318,-334.20026187781593,0.4685534591194968,0.0,0.2121212121212121,5922.0,5151.721222717966
36,all,R16,High,R16_OUT,0.0,0.05,-4913.790738112049,-245.6895369056025,0.4685534591194968,0.0,0.2121212121212121,5922.0,5151.721222717966
36,all,R17,High,R17_OUT,0.0,0.05,20986.147933009364,1049.3073966504683,0.4685534591194968,0.0,0.2121212121212121,5922.0,5151.721222717966
36,all,R18,Very_High,R18_OUT,0.0,0.05,-6863.883235114019,-343.194161755701,0.4685534591194968,0.0,0.2121212121212121,5922.0,5151.721222717966
36,all,R19,Very_High,R19_OUT,0.0,0.05,-18697.351114529112,-934.8675557264556,0.4685534591194968,0.0,0.2121212121212121,5922.0,5151.721222717966
36,all,R20,Very_High,R20_OUT,0.0,0.05,33837.61380912893,1691.8806904564467,0.4685534591194968,0.0,0.2121212121212121,5922.0,5151.721222717966
37,all,R1,Very_Low,R1_OUT,0.0,0.0,4275.863156734571,0.0,0.1855345911949685,0.4,0.0909090909090909,847.0,849.4247186012399
37,all,R2,Low,R2_OUT,0.0,0.0,7198.186946767219,0.0,0.1855345911949685,0.4,0.0909090909090909,847.0,849.4247186012399
37,all,R3,Low,R3_OUT,0.0,0.0,-6471.061219271648,-0.0,0.1855345911949685,0.4,0.0909090909090909,847.0,849.4247186012399
37,all,R4,Low,R4_OUT,0.0,0.0,572.8968297963183,0.0,0.1855345911949685,0.4,0.0909090909090909,847.0,849.4247186012399
37,all,R5,Medium,R5_OUT,0.5876288659793814,0.5323892738776739,3636.1604195466125,1935.852805465159,0.1855345911949685,0.4,0.0909090909090909,847.0,849.4247186012399
37,all,R6,Medium,R6_OUT,0.0,0.0,-5953.111683276786,-0.0,0.1855345911949685,0.4,0.0909090909090909,847.0,849.4247186012399
37,all,R7,Medium,R7_OUT,0.0,0.0,4196.437535768952,0.0,0.1855345911949685,0.4,0.0909090909090909,847.0,849.4247186012399
37,all,R8,Medium,R8_OUT,0.0,0.0,5084.056464735391,0.0,0.1855345911949685,0.4,0.0909090909090909,847.0,849.4247186012399
37,all,R9,High,R9_OUT,0.0,0.0,15120.554714825543,0.0,0.1855345911949685,0.4,0.0909090909090909,847.0,849.4247186012399
37,all,R10,High,R10_OUT,0.5161290322580646,0.467610726122326,-2323.360064627155,-1086.4280868639185,0.1855345911949685,0.4,0.0909090909090909,847.0,849.4247186012399
37,all,R11,Medium,R11_OUT,0.0,0.0,-1894.785259358854,-0.0,0.1855345911949685,0.4,0.0909090909090909,847.0,849.4247186012399
37,all,R12,Medium,R12_OUT,0.0,0.0,2958.1484374852907,0.0,0.1855345911949685,0.4,0.0909090909090909,847.0,849.4247186012399
37,all,R13,High,R13_OUT,0.0,0.0,1073.0218924808685,0.0,0.1855345911949685,0.4,0.0909090909090909,847.0,849.4247186012399
37,all,R14,High,R14_OUT,0.0,0.0,6546.6354733578455,0.0,0.1855345911949685,0.4,0.0909090909090909,847.0,849.4247186012399
37,all,R15,High,R15_OUT,0.0,0.0,2765.676448500425,0.0,0.1855345911949685,0.4,0.0909090909090909,847.0,849.4247186012399
37,all,R16,High,R16_OUT,0.0,0.0,3939.3012537742215,0.0,0.1855345911949685,0.4,0.0909090909090909,847.0,849.4247186012399
37,all,R17,High,R17_OUT,0.0,0.0,11286.111402979344,0.0,0.1855345911949685,0.4,0.0909090909090909,847.0,849.4247186012399
37,all,R18,Very_High,R18_OUT,0.0,0.0,21583.95582960595,0.0,0.1855345911949685,0.4,0.0909090909090909,847.0,849.4247186012399
37,all,R19,Very_High,R19_OUT,0.0,0.0,9830.62270703091,0.0,0.1855345911949685,0.4,0.0909090909090909,847.0,849.4247186012399
37,all,R20,Very_High,R20_OUT,0.0,0.0,21718.8321631285,0.0,0.1855345911949685,0.4,0.0909090909090909,847.0,849.4247186012399
38,all,R1,Very_Low,R1_OUT,0.0,0.05,37762.645663847776,1888.132283192389,0.7248427672955975,0.8,0.4545454545454545,8050.0,7068.076264674495
38,all,R2,Low,R2_OUT,0.0,0.05,25964.19324823171,1298.2096624115857,0.7248427672955975,0.8,0.4545454545454545,8050.0,7068.076264674495
38,all,R3,Low,R3_OUT,0.0,0.05,13259.97754716293,662.9988773581465,0.7248427672955975,0.8,0.4545454545454545,8050.0,7068.076264674495
38,all,R4,Low,R4_OUT,0.0,0.05,19092.76024835116,954.638012417558,0.7248427672955975,0.8,0.4545454545454545,8050.0,7068.076264674495
38,all,R5,Medium,R5_OUT,0.0,0.05,-9287.2760049748,-464.36380024874,0.7248427672955975,0.8,0.4545454545454545,8050.0,7068.076264674495
38,all,R6,Medium,R6_OUT,0.0,0.05,11858.455309037778,592.922765451889,0.7248427672955975,0.8,0.4545454545454545,8050.0,7068.076264674495
38,all,R7,Medium,R7_OUT,0.0,0.05,16692.231771697836,834.6115885848918,0.7248427672955975,0.8,0.4545454545454545,8050.0,7068.076264674495
38,all,R8,Medium,R8_OUT,0.0,0.05,25860.367623168466,1293.0183811584234,0.7248427672955975,0.8,0.4545454545454545,8050.0,7068.076264674495
38,all,R9,High,R9_OUT,0.0,0.05,-73194.93089131372,-3659.7465445656862,0.7248427672955975,0.8,0.4545454545454545,8050.0,7068.076264674495
38,all,R10,High,R10_OUT,0.0,0.05,56481.73254659865,2824.0866273299325,0.7248427672955975,0.8,0.4545454545454545,8050.0,7068.076264674495
38,all,R11,Medium,R11_OUT,0.0,0.05,29187.85104428713,1459.3925522143566,0.7248427672955975,0.8,0.4545454545454545,8050.0,7068.076264674495
38,all,R12,Medium,R12_OUT,0.0,0.05,22827.809478765757,1141.3904739382879,0.7248427672955975,0.8,0.4545454545454545,8050.0,7068.076264674495
38,all,R13,High,R13_OUT,0.0,0.05,9080.964399398152,454.0482199699076,0.7248427672955975,0.8,0.4545454545454545,8050.0,7068.076264674495
38,all,R14,High,R14_OUT,0.0,0.05,-4744.840282865887,-237.24201414329437,0.7248427672955975,0.8,0.4545454545454545,8050.0,7068.076264674495
38,all,R15,High,R15_OUT,0.0,0.05,-6452.964526562364,-322.6482263281182,0.7248427672955975,0.8,0.4545454545454545,8050.0,7068.076264674495
38,all,R16,High,R16_OUT,0.0,0.05,-7701.55382618319,-385.0776913091595,0.7248427672955975,0.8,0.4545454545454545,8050.0,7068.076264674495
38,all,R17,High,R17_OUT,0.0,0.05,3851.61856188397,192.5809280941985,0.7248427672955975,0.8,0.4545454545454545,8050.0,7068.076264674495
38,all,R18,Very_High,R18_OUT,0.0,0.05,-16463.726645525625,-823.1863322762813,0.7248427672955975,0.8,0.4545454545454545,8050.0,7068.076264674495
38,all,R19,Very_High,R19_OUT,0.0,0.05,-61650.465610630876,-3082.523280531544,0.7248427672955975,0.8,0.4545454545454545,8050.0,7068.076264674495
38,all,R20,Very_High,R20_OUT,0.0,0.05,48936.675639115005,2446.8337819557505,0.7248427672955975,0.8,0.4545454545454545,8050.0,7068.076264674495
39,all,R1,Very_Low,R1_OUT,0.0,0.05,29494.954637146417,1474.747731857321,0.6320754716981132,0.4,0.2424242424242424,4620.0,6372.896334250116
39,all,R2,Low,R2_OUT,0.0,0.05,21620.860447524297,1081.0430223762148,0.6320754716981132,0.4,0.2424242424242424,4620.0,6372.896334250116
39,all,R3,Low,R3_OUT,0.0,0.05,3154.673504581795,157.73367522908976,0.6320754716981132,0.4,0.2424242424242424,4620.0,6372.896334250116
39,all,R4,Low,R4_OUT,0.0,0.05,16955.067271477896,847.7533635738948,0.6320754716981132,0.4,0.2424242424242424,4620.0,6372.896334250116
39,all,R5,Medium,R5_OUT,0.0,0.05,-2624.6609299963357,-131.2330464998168,0.6320754716981132,0.4,0.2424242424242424,4620.0,6372.896334250116
39,all,R6,Medium,R6_OUT,0.0,0.05,10568.520031559228,528.4260015779614,0.6320754716981132,0.4,0.2424242424242424,4620.0,6372.896334250116
39,all,R7,Medium,R7_OUT,0.0,0.05,14271.374967489024,713.5687483744513,0.6320754716981132,0.4,0.2424242424242424,4620.0,6372.896334250116
39,all,R8,Medium,R8_OUT,0.0,0.05,23773.384880924008,1188.6692440462004,0.6320754716981132,0.4,0.2424242424242424,4620.0,6372.896334250116
39,all,R9,High,R9_OUT,0.0,0.05,-42805.05927770116,-2140.2529638850583,0.6320754716981132,0.4,0.2424242424242424,4620.0,6372.896334250116
39,all,R10,High,R10_OUT,0.0,0.05,27342.755335143396,1367.1377667571699,0.6320754716981132,0.4,0.2424242424242424,4620.0,6372.896334250116
39,all,R11,Medium,R11_OUT,0.0,0.05,24658.624337713252,1232.9312168856627,0.6320754716981132,0.4,0.2424242424242424,4620.0,6372.896334250116
39,all,R12,Medium,R12_OUT,0.0,0.05,19447.832241336433,972.3916120668217,0.6320754716981132,0.4,0.2424242424242424,4620.0,6372.896334250116
39,all,R13,High,R13_OUT,0.0,0.05,6730.232943090135,336.5116471545068,0.6320754716981132,0.4,0.2424242424242424,4620.0,6372.896334250116
39,all,R14,High,R14_OUT,0.0,0.05,82.48389905495787,4.124194952747894,0.6320754716981132,0.4,0.2424242424242424,4620.0,6372.896334250116
39,all,R15,High,R15_OUT,0.0,0.05,-11779.45847173091,-588.9729235865456,0.6320754716981132,0.4,0.2424242424242424,4620.0,6372.896334250116
39,all,R16,High,R16_OUT,0.0,0.05,-8250.174645733894,-412.50873228669474,0.6320754716981132,0.4,0.2424242424242424,4620.0,6372.896334250116
39,all,R17,High,R17_OUT,0.0,0.05,7913.485795601677,395.6742897800839,0.6320754716981132,0.4,0.2424242424242424,4620.0,6372.896334250116
39,all,R18,Very_High,R18_OUT,0.0,0.05,-10212.221647486367,-510.61108237431836,0.6320754716981132,0.4,0.2424242424242424,4620.0,6372.896334250116
39,all,R19,Very_High,R19_OUT,0.0,0.05,-44635.268441731954,-2231.763422086598,0.6320754716981132,0.4,0.2424242424242424,4620.0,6372.896334250116
39,all,R20,Very_High,R20_OUT,0.0,0.05,41750.51980674043,2087.5259903370215,0.6320754716981132,0.4,0.2424242424242424,4620.0,6372.896334250116
40,all,R1,Very_Low,R1_OUT,0.0,0.05,50739.06566875134,2536.9532834375673,1.0,0.6,1.0,2352.0,6603.577726264315
40,all,R2,Low,R2_OUT,0.0,0.05,36447.502235079744,1822.3751117539873,1.0,0.6,1.0,2352.0,6603.577726264315
40,all,R3,Low,R3_OUT,0.0,0.05,14400.42377094689,720.0211885473445,1.0,0.6,1.0,2352.0,6603.577726264315
40,all,R4,Low,R4_OUT,0.0,0.05,29765.650218564966,1488.2825109282485,1.0,0.6,1.0,2352.0,6603.577726264315
40,all,R5,Medium,R5_OUT,0.0,0.05,-31576.574218064496,-1578.8287109032249,1.0,0.6,1.0,2352.0,6603.577726264315
40,all,R6,Medium,R6_OUT,0.0,0.05,22980.197979174758,1149.009898958738,1.0,0.6,1.0,2352.0,6603.577726264315
40,all,R7,Medium,R7_OUT,0.0,0.05,22567.253859788452,1128.3626929894226,1.0,0.6,1.0,2352.0,6603.577726264315
40,all,R8,Medium,R8_OUT,0.0,0.05,43187.0587691764,2159.35293845882,1.0,0.6,1.0,2352.0,6603.577726264315
40,all,R9,High,R9_OUT,0.0,0.05,-173107.86449514626,-8655.393224757314,1.0,0.6,1.0,2352.0,6603.577726264315
40,all,R10,High,R10_OUT,0.0,0.05,110534.74373870983,5526.737186935492,1.0,0.6,1.0,2352.0,6603.577726264315
40,all,R11,Medium,R11_OUT,0.0,0.05,49555.17134098094,2477.758567049047,1.0,0.6,1.0,2352.0,6603.577726264315
40,all,R12,Medium,R12_OUT,0.0,0.05,34024.801616617755,1701.2400808308878,1.0,0.6,1.0,2352.0,6603.577726264315
40,all,R13,High,R13_OUT,0.0,0.05,15205.31721346639,760.2658606733195,1.0,0.6,1.0,2352.0,6603.577726264315
40,all,R14,High,R14_OUT,0.0,0.05,-26104.75308543452,-1305.2376542717261,1.0,0.6,1.0,2352.0,6603.577726264315
40,all,R15,High,R15_OUT,0.0,0.05,1801.7096536492063,90.08548268246032,1.0,0.6,1.0,2352.0,6603.577726264315
40,all,R16,High,R16_OUT,0.0,0.05,-11604.886180431797,-580.2443090215899,1.0,0.6,1.0,2352.0,6603.577726264315
40,all,R17,High,R17_OUT,0.0,0.05,25791.90883893865,1289.5954419469326,1.0,0.6,1.0,2352.0,6603.577726264315
40,all,R18,Very_High,R18_OUT,0.0,0.05,-57161.17726299995,-2858.0588631499977,1.0,0.6,1.0,2352.0,6603.577726264315
40,all,R19,Very_High,R19_OUT,0.0,0.05,-91591.1563995469,-4579.557819977345,1.0,0.6,1.0,2352.0,6603.577726264315
40,all,R20,Very_High,R20_OUT,0.0,0.05,66217.16126306486,3310.858063153243,1.0,0.6,1.0,2352.0,6603.577726264315
41,all,R1,Very_Low,R1_OUT,0.0,0.0,-2723.3911182612487,-0.0,0.0691823899371069,0.4,0.2727272727272727,2174.0,2175.480020749739
41,all,R2,Low,R2_OUT,0.0,0.0,4366.147019143131,0.0,0.0691823899371069,0.4,0.2727272727272727,2174.0,2175.480020749739
41,all,R3,Low,R3_OUT,0.0,0.0,-9280.313642117017,-0.0,0.0691823899371069,0.4,0.2727272727272727,2174.0,2175.480020749739
41,all,R4,Low,R4_OUT,0.0,0.0,-3717.964759545211,-0.0,0.0691823899371069,0.4,0.2727272727272727,2174.0,2175.480020749739
41,all,R5,Medium,R5_OUT,0.0,0.0,-3346.064772484203,-0.0,0.0691823899371069,0.4,0.2727272727272727,2174.0,2175.480020749739
41,all,R6,Medium,R6_OUT,0.0,0.0,-10311.093583896149,-0.0,0.0691823899371069,0.4,0.2727272727272727,2174.0,2175.480020749739
41,all,R7,Medium,R7_OUT,0.0,0.0,1502.2407489247148,0.0,0.0691823899371069,0.4,0.2727272727272727,2174.0,2175.480020749739
41,all,R8,Medium,R8_OUT,0.0,0.0,2218.5565264465054,0.0,0.0691823899371069,0.4,0.2727272727272727,2174.0,2175.480020749739
41,all,R9,High,R9_OUT,0.9230769230769231,0.7868852459016393,268.712297844213,211.4457425659381,0.0691823899371069,0.4,0.2727272727272727,2174.0,2175.480020749739
41,all,R10,High,R10_OUT,0.0,0.0,9228.513916717253,0.0,0.0691823899371069,0.4,0.2727272727272727,2174.0,2175.480020749739
41,all,R11,Medium,R11_OUT,0.0,0.0,-7380.942012479565,-0.0,0.0691823899371069,0.4,0.2727272727272727,2174.0,2175.480020749739
41,all,R12,Medium,R12_OUT,0.0,0.0,-925.0680216734108,-0.0,0.0691823899371069,0.4,0.2727272727272727,2174.0,2175.480020749739
41,all,R13,High,R13_OUT,0.0,0.0,915.1770052874033,0.0,0.0691823899371069,0.4,0.2727272727272727,2174.0,2175.480020749739
41,all,R14,High,R14_OUT,0.0,0.0,430.6887451600069,0.0,0.0691823899371069,0.4,0.2727272727272727,2174.0,2175.480020749739
41,all,R15,High,R15_OUT,0.0,0.0,15283.028406031746,0.0,0.0691823899371069,0.4,0.2727272727272727,2174.0,2175.480020749739
41,all,R16,High,R16_OUT,0.25000000000000006,0.2131147540983607,9215.853151477835,1964.0342781838012,0.0691823899371069,0.4,0.2727272727272727,2174.0,2175.480020749739
41,all,R17,High,R17_OUT,0.0,0.0,21278.452245870343,0.0,0.0691823899371069,0.4,0.2727272727272727,2174.0,2175.480020749739
41,all,R18,Very_High,R18_OUT,0.0,0.0,21330.647059435338,0.0,0.0691823899371069,0.4,0.2727272727272727,2174.0,2175.480020749739
41,all,R19,Very_High,R19_OUT,0.0,0.0,24336.992156593955,0.0,0.0691823899371069,0.4,0.2727272727272727,2174.0,2175.480020749739
41,all,R20,Very_High,R20_OUT,0.0,0.0,19130.55145152154,0.0,0.0691823899371069,0.4,0.2727272727272727,2174.0,2175.480020749739
42,all,R1,Very_Low,R1_OUT,0.0,0.05,16642.62748763651,832.1313743818255,0.3867924528301887,0.6,0.5151515151515151,6699.0,5541.0700356659145
42,all,R2,Low,R2_OUT,0.0,0.05,15483.572705469775,774.1786352734888,0.3867924528301887,0.6,0.5151515151515151,6699.0,5541.0700356659145
42,all,R3,Low,R3_OUT,0.0,0.05,1558.6260939947942,77.93130469973971,0.3867924528301887,0.6,0.5151515151515151,6699.0,5541.0700356659145
42,all,R4,Low,R4_OUT,0.0,0.05,7296.85866903076,364.84293345153804,0.3867924528301887,0.6,0.5151515151515151,6699.0,5541.0700356659145
42,all,R5,Medium,R5_OUT,0.0,0.05,-12205.780301035906,-610.2890150517953,0.3867924528301887,0.6,0.5151515151515151,6699.0,5541.0700356659145
42,all,R6,Medium,R6_OUT,0.0,0.05,358.3922352617956,17.91961176308978,0.3867924528301887,0.6,0.5151515151515151,6699.0,5541.0700356659145
42,all,R7,Medium,R7_OUT,0.0,0.05,8818.298679312282,440.9149339656141,0.3867924528301887,0.6,0.5151515151515151,6699.0,5541.0700356659145
42,all,R8,Medium,R8_OUT,0.0,0.05,15015.368075479537,750.7684037739768,0.3867924528301887,0.6,0.5151515151515151,6699.0,5541.0700356659145
42,all,R9,High,R9_OUT,0.0,0.05,-56109.04919171631,-2805.4524595858156,0.3867924528301887,0.6,0.5151515151515151,6699.0,5541.0700356659145
42,all,R10,High,R10_OUT,0.0,0.05,45679.89717342593,2283.9948586712967,0.3867924528301887,0.6,0.5151515151515151,6699.0,5541.0700356659145
42,all,R11,Medium,R11_OUT,0.0,0.05,11299.084165239863,564.9542082619931,0.3867924528301887,0.6,0.5151515151515151,6699.0,5541.0700356659145
42,all,R12,Medium,R12_OUT,0.0,0.05,10863.479422927427,543.1739711463714,0.3867924528301887,0.6,0.5151515151515151,6699.0,5541.0700356659145
42,all,R13,High,R13_OUT,0.0,0.05,5790.388522546809,289.51942612734047,0.3867924528301887,0.6,0.5151515151515151,6699.0,5541.0700356659145
42,all,R14,High,R14_OUT,0.0,0.05,-7471.9488613320245,-373.5974430666013,0.3867924528301887,0.6,0.5151515151515151,6699.0,5541.0700356659145
42,all,R15,High,R15_OUT,0.0,0.05,10860.072469974646,543.0036234987323,0.3867924528301887,0.6,0.5151515151515151,6699.0,5541.0700356659145
42,all,R16,High,R16_OUT,0.0,0.05,2507.137661045257,125.35688305226286,0.3867924528301887,0.6,0.5151515151515151,6699.0,5541.0700356659145
42,all,R17,High,R17_OUT,0.0,0.05,19024.79239435795,951.2396197178977,0.3867924528301887,0.6,0.5151515151515151,6699.0,5541.0700356659145
42,all,R18,Very_High,R18_OUT,0.0,0.05,-2818.451911459022,-140.9225955729511,0.3867924528301887,0.6,0.5151515151515151,6699.0,5541.0700356659145
42,all,R19,Very_High,R19_OUT,0.0,0.05,-17189.86514782376,-859.493257391188,0.3867924528301887,0.6,0.5151515151515151,6699.0,5541.0700356659145
42,all,R20,Very_High,R20_OUT,0.0,0.05,35417.90037098194,1770.895018549097,0.3867924528301887,0.6,0.5151515151515151,6699.0,5541.0700356659145
43,all,R1,Very_Low,R1_OUT,0.0,0.0,11151.477074756018,0.0,0.2814465408805031,0.6,0.2424242424242424,4004.0,4004.1796360319586
43,all,R2,Low,R2_OUT,0.0,0.0,11089.428723041876,0.0,0.2814465408805031,0.6,0.2424242424242424,4004.0,4004.1796360319586
43,all,R3,Low,R3_OUT,0.0,0.0,-389.7514633513574,-0.0,0.2814465408805031,0.6,0.2424242424242424,4004.0,4004.1796360319586
43,all,R4,Low,R4_OUT,0.0,0.0,3455.897028824207,0.0,0.2814465408805031,0.6,0.2424242424242424,4004.0,4004.1796360319586
43,all,R5,Medium,R5_OUT,0.0,0.0,-1504.6812881080796,-0.0,0.2814465408805031,0.6,0.2424242424242424,4004.0,4004.1796360319586
43,all,R6,Medium,R6_OUT,0.0,0.0,-3482.5069306828827,-0.0,0.2814465408805031,0.6,0.2424242424242424,4004.0,4004.1796360319586
43,all,R7,Medium,R7_OUT,0.0,0.0,6515.395056604479,0.0,0.2814465408805031,0.6,0.2424242424242424,4004.0,4004.1796360319586
43,all,R8,Medium,R8_OUT,0.0,0.0,8459.954678396687,0.0,0.2814465408805031,0.6,0.2424242424242424,4004.0,4004.1796360319586
43,all,R9,High,R9_OUT,0.0,0.0,-10375.925878247603,-0.0,0.2814465408805031,0.6,0.2424242424242424,4004.0,4004.1796360319586
43,all,R10,High,R10_OUT,0.0,0.0,18032.778870860417,0.0,0.2814465408805031,0.6,0.2424242424242424,4004.0,4004.1796360319586
43,all,R11,Medium,R11_OUT,1.0,0.9512195121951224,3500.4885524183046,3329.73301327595,0.2814465408805031,0.6,0.2424242424242424,4004.0,4004.1796360319586
43,all,R12,Medium,R12_OUT,0.0,0.0,6530.616092782028,0.0,0.2814465408805031,0.6,0.2424242424242424,4004.0,4004.1796360319586
43,all,R13,High,R13_OUT,0.0,0.0,3046.257419560303,0.0,0.2814465408805031,0.6,0.2424242424242424,4004.0,4004.1796360319586
43,all,R14,High,R14_OUT,0.0,0.0,2406.1762903954987,0.0,0.2814465408805031,0.6,0.2424242424242424,4004.0,4004.1796360319586
43,all,R15,High,R15_OUT,0.0,0.0,4945.494551522384,0.0,0.2814465408805031,0.6,0.2424242424242424,4004.0,4004.1796360319586
43,all,R16,High,R16_OUT,0.0,0.0,3133.5303784391526,0.0,0.2814465408805031,0.6,0.2424242424242424,4004.0,4004.1796360319586
43,all,R17,High,R17_OUT,0.0,0.0,10060.942412013905,0.0,0.2814465408805031,0.6,0.2424242424242424,4004.0,4004.1796360319586
43,all,R18,Very_High,R18_OUT,0.05128205128205081,0.04878048780487762,13826.155766498327,674.44662275601,0.2814465408805031,0.6,0.2424242424242424,4004.0,4004.1796360319586
43,all,R19,Very_High,R19_OUT,0.0,0.0,-4677.365051681401,-0.0,0.2814465408805031,0.6,0.2424242424242424,4004.0,4004.1796360319586
43,all,R20,Very_High,R20_OUT,0.0,0.0,27874.37532619,0.0,0.2814465408805031,0.6,0.2424242424242424,4004.0,4004.1796360319586
44,all,R1,Very_Low,R1_OUT,0.0,0.0,-1186.6703461599836,-0.0,0.0644654088050314,0.6,0.2121212121212121,2331.0,2330.725935745206
44,all,R2,Low,R2_OUT,0.3333333333333333,0.2727272727272727,4262.495401779452,1162.4987459398503,0.0644654088050314,0.6,0.2121212121212121,2331.0,2330.725935745206
44,all,R3,Low,R3_OUT,0.0,0.0,-5125.99505283594,-0.0,0.0644654088050314,0.6,0.2121212121212121,2331.0,2330.725935745206
44,all,R4,Low,R4_OUT,0.0,0.0,-4508.812490784973,-0.0,0.0644654088050314,0.6,0.2121212121212121,2331.0,2330.725935745206
44,all,R5,Medium,R5_OUT,0.0,0.0,-148.6169538152999,-0.0,0.0644654088050314,0.6,0.2121212121212121,2331.0,2330.725935745206
44,all,R6,Medium,R6_OUT,0.0,0.0,-11521.008598201468,-0.0,0.0644654088050314,0.6,0.2121212121212121,2331.0,2330.725935745206
44,all,R7,Medium,R7_OUT,0.888888888888889,0.7272727272727273,1606.3123859823631,1168.227189805355,0.0644654088050314,0.6,0.2121212121212121,2331.0,2330.725935745206
44,all,R8,Medium,R8_OUT,0.0,0.0,-229.13269206976383,-0.0,0.0644654088050314,0.6,0.2121212121212121,2331.0,2330.725935745206
44,all,R9,High,R9_OUT,0.0,0.0,11909.057631860727,0.0,0.0644654088050314,0.6,0.2121212121212121,2331.0,2330.725935745206
44,all,R10,High,R10_OUT,0.0,0.0,7392.096491801978,0.0,0.0644654088050314,0.6,0.2121212121212121,2331.0,2330.725935745206
44,all,R11,Medium,R11_OUT,0.0,0.0,-9121.765593351249,-0.0,0.0644654088050314,0.6,0.2121212121212121,2331.0,2330.725935745206
44,all,R12,Medium,R12_OUT,0.0,0.0,-1401.0525058159274,-0.0,0.0644654088050314,0.6,0.2121212121212121,2331.0,2330.725935745206
44,all,R13,High,R13_OUT,0.0,0.0,554.9896317830103,0.0,0.0644654088050314,0.6,0.2121212121212121,2331.0,2330.725935745206
44,all,R14,High,R14_OUT,0.0,0.0,4020.2507110188744,0.0,0.0644654088050314,0.6,0.2121212121212121,2331.0,2330.725935745206
44,all,R15,High,R15_OUT,0.0,0.0,13721.654914495566,0.0,0.0644654088050314,0.6,0.2121212121212121,2331.0,2330.725935745206
44,all,R16,High,R16_OUT,0.0,0.0,9467.757635827767,0.0,0.0644654088050314,0.6,0.2121212121212121,2331.0,2330.725935745206
44,all,R17,High,R17_OUT,0.0,0.0,13483.796163252286,0.0,0.0644654088050314,0.6,0.2121212121212121,2331.0,2330.725935745206
44,all,R18,Very_High,R18_OUT,0.0,0.0,27604.993145306424,0.0,0.0644654088050314,0.6,0.2121212121212121,2331.0,2330.725935745206
44,all,R19,Very_High,R19_OUT,0.0,0.0,21850.03119359666,0.0,0.0644654088050314,0.6,0.2121212121212121,2331.0,2330.725935745206
44,all,R20,Very_High,R20_OUT,0.0,0.0,18655.752267631473,0.0,0.0644654088050314,0.6,0.2121212121212121,2331.0,2330.725935745206
45,all,R1,Very_Low,R1_OUT,0.0,0.0,8438.70477986626,0.0,0.2044025157232704,0.8,0.2424242424242424,5817.0,3074.9797832835247
45,all,R2,Low,R2_OUT,0.0,0.0,9005.994043797326,0.0,0.2044025157232704,0.8,0.2424242424242424,5817.0,3074.9797832835247
45,all,R3,Low,R3_OUT,0.4639175257731959,0.40877922991267657,2089.6020931024077,854.1859344423193,0.2044025157232704,0.8,0.2424242424242424,5817.0,3074.9797832835247
45,all,R4,Low,R4_OUT,0.0,0.0,3.0312817552357956,0.0,0.2044025157232704,0.8,0.2424242424242424,5817.0,3074.9797832835247
45,all,R5,Medium,R5_OUT,0.0,0.0,-607.3446413288038,-0.0,0.2044025157232704,0.8,0.2424242424242424,5817.0,3074.9797832835247
45,all,R6,Medium,R6_OUT,0.0,0.0,-7388.872483172028,-0.0,0.2044025157232704,0.8,0.2424242424242424,5817.0,3074.9797832835247
45,all,R7,Medium,R7_OUT,0.0,0.0,4961.047683458718,0.0,0.2044025157232704,0.8,0.2424242424242424,5817.0,3074.9797832835247
45,all,R8,Medium,R8_OUT,0.6709677419354838,0.5912207700873233,3756.2852342166407,2220.7938488412037,0.2044025157232704,0.8,0.2424242424242424,5817.0,3074.9797832835247
45,all,R9,High,R9_OUT,0.0,0.0,-875.0654322290065,-0.0,0.2044025157232704,0.8,0.2424242424242424,5817.0,3074.9797832835247
45,all,R10,High,R10_OUT,0.0,0.0,18810.21519037244,0.0,0.2044025157232704,0.8,0.2424242424242424,5817.0,3074.9797832835247
45,all,R11,Medium,R11_OUT,0.0,0.0,-1989.9924621156515,-0.0,0.2044025157232704,0.8,0.2424242424242424,5817.0,3074.9797832835247
45,all,R12,Medium,R12_OUT,0.0,0.0,3542.825311001333,0.0,0.2044025157232704,0.8,0.2424242424242424,5817.0,3074.9797832835247
45,all,R13,High,R13_OUT,0.0,0.0,2276.1938481492707,0.0,0.2044025157232704,0.8,0.2424242424242424,5817.0,3074.9797832835247
45,all,R14,High,R14_OUT,0.0,0.0,4041.488455101473,0.0,0.2044025157232704,0.8,0.2424242424242424,5817.0,3074.9797832835247
45,all,R15,High,R15_OUT,0.0,0.0,9098.018905646572,0.0,0.2044025157232704,0.8,0.2424242424242424,5817.0,3074.9797832835247
45,all,R16,High,R16_OUT,0.0,0.0,6167.952379425786,0.0,0.2044025157232704,0.8,0.2424242424242424,5817.0,3074.9797832835247
45,all,R17,High,R17_OUT,0.0,0.0,6319.1233932200275,0.0,0.2044025157232704,0.8,0.2424242424242424,5817.0,3074.9797832835247
45,all,R18,Very_High,R18_OUT,0.0,0.0,21965.386287505225,0.0,0.2044025157232704,0.8,0.2424242424242424,5817.0,3074.9797832835247
45,all,R19,Very_High,R19_OUT,0.0,0.0,1778.6425908145284,0.0,0.2044025157232704,0.8,0.2424242424242424,5817.0,3074.9797832835247
45,all,R20,Very_High,R20_OUT,0.0,0.0,25167.414123859875,0.0,0.2044025157232704,0.8,0.2424242424242424,5817.0,3074.9797832835247
46,all,R1,Very_Low,R1_OUT,0.0,0.0,3633.025371387359,0.0,0.1477987421383647,0.6,0.1818181818181818,2989.0,2989.1587133724815
46,all,R2,Low,R2_OUT,0.5567010309278351,0.4810652021201866,6708.938147416073,3227.436685898543,0.1477987421383647,0.6,0.1818181818181818,2989.0,2989.1587133724815
46,all,R3,Low,R3_OUT,0.0,0.0,-3249.930032217644,-0.0,0.1477987421383647,0.6,0.1818181818181818,2989.0,2989.1587133724815
46,all,R4,Low,R4_OUT,0.0,0.0,-1445.6820181143848,-0.0,0.1477987421383647,0.6,0.1818181818181818,2989.0,2989.1587133724815
46,all,R5,Medium,R5_OUT,0.0,0.0,963.0519088348656,0.0,0.1477987421383647,0.6,0.1818181818181818,2989.0,2989.1587133724815
46,all,R6,Medium,R6_OUT,0.13763440860215037,0.11893479787981341,-8423.70377570387,-1001.8715059627609,0.1477987421383647,0.6,0.1818181818181818,2989.0,2989.1587133724815
46,all,R7,Medium,R7_OUT,0.37113402061855677,0.3207101347467911,3504.768880349375,1124.0148998732084,0.1477987421383647,0.6,0.1818181818181818,2989.0,2989.1587133724815
46,all,R8,Medium,R8_OUT,0.0,0.0,2728.1265170288953,0.0,0.1477987421383647,0.6,0.1818181818181818,2989.0,2989.1587133724815
46,all,R9,High,R9_OUT,0.0,0.0,9025.64956664676,0.0,0.1477987421383647,0.6,0.1818181818181818,2989.0,2989.1587133724815
46,all,R10,High,R10_OUT,0.0,0.0,7824.378720242639,0.0,0.1477987421383647,0.6,0.1818181818181818,2989.0,2989.1587133724815
46,all,R11,Medium,R11_OUT,0.0917562724014336,0.07928986525320895,-4545.617088457873,-360.4213664365088,0.1477987421383647,0.6,0.1818181818181818,2989.0,2989.1587133724815
46,all,R12,Medium,R12_OUT,0.0,0.0,1566.820533826215,0.0,0.1477987421383647,0.6,0.1818181818181818,2989.0,2989.1587133724815
46,all,R13,High,R13_OUT,0.0,0.0,1262.3263431706057,0.0,0.1477987421383647,0.6,0.1818181818181818,2989.0,2989.1587133724815
46,all,R14,High,R14_OUT,0.0,0.0,4878.689365623845,0.0,0.1477987421383647,0.6,0.1818181818181818,2989.0,2989.1587133724815
46,all,R15,High,R15_OUT,0.0,0.0,8697.045876298296,0.0,0.1477987421383647,0.6,0.1818181818181818,2989.0,2989.1587133724815
46,all,R16,High,R16_OUT,0.0,0.0,6636.967321787622,0.0,0.1477987421383647,0.6,0.1818181818181818,2989.0,2989.1587133724815
46,all,R17,High,R17_OUT,0.0,0.0,10441.98528044259,0.0,0.1477987421383647,0.6,0.1818181818181818,2989.0,2989.1587133724815
46,all,R18,Very_High,R18_OUT,0.0,0.0,23931.318704811318,0.0,0.1477987421383647,0.6,0.1818181818181818,2989.0,2989.1587133724815
46,all,R19,Very_High,R19_OUT,0.0,0.0,11602.357968857872,0.0,0.1477987421383647,0.6,0.1818181818181818,2989.0,2989.1587133724815
46,all,R20,Very_High,R20_OUT,0.0,0.0,21697.55453171707,0.0,0.1477987421383647,0.6,0.1818181818181818,2989.0,2989.1587133724815
47,all,R1,Very_Low,R1_OUT,1.0,1.0,3134.831249461512,3134.831249461512,0.1084905660377358,0.8,0.1515151515151515,3136.0,3134.831249461512
47,all,R2,Low,R2_OUT,0.0,0.0,5663.9467062685,0.0,0.1084905660377358,0.8,0.1515151515151515,3136.0,3134.831249461512
47,all,R3,Low,R3_OUT,0.0,0.0,101.52545745659836,0.0,0.1084905660377358,0.8,0.1515151515151515,3136.0,3134.831249461512
47,all,R4,Low,R4_OUT,0.0,0.0,-3509.8013751102176,-0.0,0.1084905660377358,0.8,0.1515151515151515,3136.0,3134.831249461512
47,all,R5,Medium,R5_OUT,0.0,0.0,3009.1645841158015,0.0,0.1084905660377358,0.8,0.1515151515151515,3136.0,3134.831249461512
47,all,R6,Medium,R6_OUT,0.0,0.0,-10923.541407320912,-0.0,0.1084905660377358,0.8,0.1515151515151515,3136.0,3134.831249461512
47,all,R7,Medium,R7_OUT,0.0,0.0,2815.2725786141636,0.0,0.1084905660377358,0.8,0.1515151515151515,3136.0,3134.831249461512
47,all,R8,Medium,R8_OUT,0.0,0.0,-786.5771777770369,-0.0,0.1084905660377358,0.8,0.1515151515151515,3136.0,3134.831249461512
47,all,R9,High,R9_OUT,0.0,0.0,19464.480773023886,0.0,0.1084905660377358,0.8,0.1515151515151515,3136.0,3134.831249461512
47,all,R10,High,R10_OUT,0.0,0.0,7352.861804229491,0.0,0.1084905660377358,0.8,0.1515151515151515,3136.0,3134.831249461512
47,all,R11,Medium,R11_OUT,0.0,0.0,-8071.225393225282,-0.0,0.1084905660377358,0.8,0.1515151515151515,3136.0,3134.831249461512
47,all,R12,Medium,R12_OUT,0.0,0.0,-108.00143610795476,-0.0,0.1084905660377358,0.8,0.1515151515151515,3136.0,3134.831249461512
47,all,R13,High,R13_OUT,0.0,0.0,713.9474911273692,0.0,0.1084905660377358,0.8,0.1515151515151515,3136.0,3134.831249461512
47,all,R14,High,R14_OUT,0.0,0.0,7487.170222707218,0.0,0.1084905660377358,0.8,0.1515151515151515,3136.0,3134.831249461512
47,all,R15,High,R15_OUT,0.0,0.0,9920.365970413397,0.0,0.1084905660377358,0.8,0.1515151515151515,3136.0,3134.831249461512
47,all,R16,High,R16_OUT,0.0,0.0,8232.146179265175,0.0,0.1084905660377358,0.8,0.1515151515151515,3136.0,3134.831249461512
47,all,R17,High,R17_OUT,0.0,0.0,4639.9013180400325,0.0,0.1084905660377358,0.8,0.1515151515151515,3136.0,3134.831249461512
47,all,R18,Very_High,R18_OUT,0.0,0.0,31046.732600819407,0.0,0.1084905660377358,0.8,0.1515151515151515,3136.0,3134.831249461512
47,all,R19,Very_High,R19_OUT,0.0,0.0,13394.341677874118,0.0,0.1084905660377358,0.8,0.1515151515151515,3136.0,3134.831249461512
47,all,R20,Very_High,R20_OUT,0.0,0.0,20170.865047102492,0.0,0.1084905660377358,0.8,0.1515151515151515,3136.0,3134.831249461512
48,all,R1,Very_Low,R1_OUT,0.0,0.0,-684.6694224646562,-0.0,0.1069182389937107,0.4,0.3333333333333333,2583.0,2898.58977029167
48,all,R2,Low,R2_OUT,0.0,0.0,5784.983458220024,0.0,0.1069182389937107,0.4,0.3333333333333333,2583.0,2898.58977029167
48,all,R3,Low,R3_OUT,0.0,0.0,-8531.919498466832,-0.0,0.1069182389937107,0.4,0.3333333333333333,2583.0,2898.58977029167
48,all,R4,Low,R4_OUT,0.0,0.0,-2338.366024277122,-0.0,0.1069182389937107,0.4,0.3333333333333333,2583.0,2898.58977029167
48,all,R5,Medium,R5_OUT,0.0,0.0,-5735.744965394689,-0.0,0.1069182389937107,0.4,0.3333333333333333,2583.0,2898.58977029167
48,all,R6,Medium,R6_OUT,0.0,0.0,-8926.358497466716,-0.0,0.1069182389937107,0.4,0.3333333333333333,2583.0,2898.58977029167
48,all,R7,Medium,R7_OUT,0.0,0.0,2338.7313803403576,0.0,0.1069182389937107,0.4,0.3333333333333333,2583.0,2898.58977029167
48,all,R8,Medium,R8_OUT,0.0,0.0,4230.870858738528,0.0,0.1069182389937107,0.4,0.3333333333333333,2583.0,2898.58977029167
48,all,R9,High,R9_OUT,0.30769230769230754,0.2909090909090908,-11094.790444983868,-3227.575402177124,0.1069182389937107,0.4,0.3333333333333333,2583.0,2898.58977029167
48,all,R10,High,R10_OUT,0.0,0.0,15900.522229337941,0.0,0.1069182389937107,0.4,0.3333333333333333,2583.0,2898.58977029167
48,all,R11,Medium,R11_OUT,0.0,0.0,-4827.519940663278,-0.0,0.1069182389937107,0.4,0.3333333333333333,2583.0,2898.58977029167
48,all,R12,Medium,R12_OUT,0.0,0.0,557.7220926088639,0.0,0.1069182389937107,0.4,0.3333333333333333,2583.0,2898.58977029167
48,all,R13,High,R13_OUT,0.0,0.0,1677.5642363940735,0.0,0.1069182389937107,0.4,0.3333333333333333,2583.0,2898.58977029167
48,all,R14,High,R14_OUT,0.0,0.0,-1800.4956299263376,-0.0,0.1069182389937107,0.4,0.3333333333333333,2583.0,2898.58977029167
48,all,R15,High,R15_OUT,0.0,0.0,15939.05264916891,0.0,0.1069182389937107,0.4,0.3333333333333333,2583.0,2898.58977029167
48,all,R16,High,R16_OUT,0.7500000000000002,0.7090909090909093,8639.463704763682,6126.165172468795,0.1069182389937107,0.4,0.3333333333333333,2583.0,2898.58977029167
48,all,R17,High,R17_OUT,0.0,0.0,22962.040490933454,0.0,0.1069182389937107,0.4,0.3333333333333333,2583.0,2898.58977029167
48,all,R18,Very_High,R18_OUT,0.0,0.0,16799.322974407663,0.0,0.1069182389937107,0.4,0.3333333333333333,2583.0,2898.58977029167
48,all,R19,Very_High,R19_OUT,0.0,0.0,19802.186610772103,0.0,0.1069182389937107,0.4,0.3333333333333333,2583.0,2898.58977029167
48,all,R20,Very_High,R20_OUT,0.0,0.0,21391.73902776781,0.0,0.1069182389937107,0.4,0.3333333333333333,2583.0,2898.58977029167
49,all,R1,Very_Low,R1_OUT,0.0,0.0,1561.1215642452044,0.0,0.1462264150943396,0.4,0.3333333333333333,3647.0,3632.617404193741
49,all,R2,Low,R2_OUT,0.0,0.0,6998.776137133509,0.0,0.1462264150943396,0.4,0.3333333333333333,3647.0,3632.617404193741
49,all,R3,Low,R3_OUT,0.0,0.0,-7666.434078296299,-0.0,0.1462264150943396,0.4,0.3333333333333333,3647.0,3632.617404193741
49,all,R4,Low,R4_OUT,0.0,0.0,-894.9314703138025,-0.0,0.1462264150943396,0.4,0.3333333333333333,3647.0,3632.617404193741
49,all,R5,Medium,R5_OUT,0.0,0.0,-5767.733901473565,-0.0,0.1462264150943396,0.4,0.3333333333333333,3647.0,3632.617404193741
49,all,R6,Medium,R6_OUT,0.0,0.0,-7468.79220296198,-0.0,0.1462264150943396,0.4,0.3333333333333333,3647.0,3632.617404193741
49,all,R7,Medium,R7_OUT,0.0,0.0,3229.770538061447,0.0,0.1462264150943396,0.4,0.3333333333333333,3647.0,3632.617404193741
49,all,R8,Medium,R8_OUT,0.0,0.0,5755.261772294169,0.0,0.1462264150943396,0.4,0.3333333333333333,3647.0,3632.617404193741
49,all,R9,High,R9_OUT,0.26011102299762073,0.2367128390175763,-14389.08253599464,-3406.0805779535176,0.1462264150943396,0.4,0.3333333333333333,3647.0,3632.617404193741
49,all,R10,High,R10_OUT,0.0,0.0,17349.863146549862,0.0,0.1462264150943396,0.4,0.3333333333333333,3647.0,3632.617404193741
49,all,R11,Medium,R11_OUT,0.0,0.0,-2576.4201172780813,-0.0,0.1462264150943396,0.4,0.3333333333333333,3647.0,3632.617404193741
49,all,R12,Medium,R12_OUT,0.0,0.0,1984.36366829474,0.0,0.1462264150943396,0.4,0.3333333333333333,3647.0,3632.617404193741
49,all,R13,High,R13_OUT,0.0,0.0,2096.2297467559692,0.0,0.1462264150943396,0.4,0.3333333333333333,3647.0,3632.617404193741
49,all,R14,High,R14_OUT,0.0,0.0,-1899.400834902568,-0.0,0.1462264150943396,0.4,0.3333333333333333,3647.0,3632.617404193741
49,all,R15,High,R15_OUT,0.05955334987593057,0.05419625189151441,14132.669219696341,765.9377009301154,0.1462264150943396,0.4,0.3333333333333333,3647.0,3632.617404193741
49,all,R16,High,R16_OUT,0.634020618556701,0.5769875451053427,7439.854074995522,4292.703138673646,0.1462264150943396,0.4,0.3333333333333333,3647.0,3632.617404193741
49,all,R17,High,R17_OUT,0.0,0.0,22115.880198518782,0.0,0.1462264150943396,0.4,0.3333333333333333,3647.0,3632.617404193741
49,all,R18,Very_High,R18_OUT,0.0,0.0,14514.962788634992,0.0,0.1462264150943396,0.4,0.3333333333333333,3647.0,3632.617404193741
49,all,R19,Very_High,R19_OUT,0.14516129032258088,0.1321033639855665,14988.695842445297,1980.0571425434982,0.1462264150943396,0.4,0.3333333333333333,3647.0,3632.617404193741
49,all,R20,Very_High,R20_OUT,0.0,0.0,22996.506740155783,0.0,0.1462264150943396,0.4,0.3333333333333333,3647.0,3632.617404193741
50,all,R1,Very_Low,R1_OUT,0.0,0.05,22397.628512982843,1119.881425649142,0.4528301886792453,0.8,0.3636363636363636,8232.0,6386.095277588827
50,all,R2,Low,R2_OUT,0.0,0.05,17184.35470917046,859.2177354585231,0.4528301886792453,0.8,0.3636363636363636,8232.0,6386.095277588827
50,all,R3,Low,R3_OUT,0.0,0.05,7394.526229153127,369.7263114576564,0.4528301886792453,0.8,0.3636363636363636,8232.0,6386.095277588827
50,all,R4,Low,R4_OUT,0.0,0.05,9113.340789730024,455.6670394865012,0.4528301886792453,0.8,0.3636363636363636,8232.0,6386.095277588827
50,all,R5,Medium,R5_OUT,0.0,0.05,-5527.456345896831,-276.3728172948416,0.4528301886792453,0.8,0.3636363636363636,8232.0,6386.095277588827
50,all,R6,Medium,R6_OUT,0.0,0.05,1793.8893855076785,89.69446927538394,0.4528301886792453,0.8,0.3636363636363636,8232.0,6386.095277588827
50,all,R7,Medium,R7_OUT,0.0,0.05,10554.601240262798,527.7300620131399,0.4528301886792453,0.8,0.3636363636363636,8232.0,6386.095277588827
50,all,R8,Medium,R8_OUT,0.0,0.05,14488.233918445518,724.411695922276,0.4528301886792453,0.8,0.3636363636363636,8232.0,6386.095277588827
50,all,R9,High,R9_OUT,0.0,0.05,-38096.95611833257,-1904.8478059166287,0.4528301886792453,0.8,0.3636363636363636,8232.0,6386.095277588827
50,all,R10,High,R10_OUT,0.0,0.05,38531.33185134627,1926.5665925673138,0.4528301886792453,0.8,0.3636363636363636,8232.0,6386.095277588827
50,all,R11,Medium,R11_OUT,0.0,0.05,13021.690904411804,651.0845452205903,0.4528301886792453,0.8,0.3636363636363636,8232.0,6386.095277588827
50,all,R12,Medium,R12_OUT,0.0,0.05,12785.62847258374,639.281423629187,0.4528301886792453,0.8,0.3636363636363636,8232.0,6386.095277588827
50,all,R13,High,R13_OUT,0.0,0.05,5643.096555954956,282.1548277977478,0.4528301886792453,0.8,0.3636363636363636,8232.0,6386.095277588827
50,all,R14,High,R14_OUT,0.0,0.05,-856.0631969666301,-42.80315984833151,0.4528301886792453,0.8,0.3636363636363636,8232.0,6386.095277588827
50,all,R15,High,R15_OUT,0.0,0.05,2461.9803022415817,123.09901511207909,0.4528301886792453,0.8,0.3636363636363636,8232.0,6386.095277588827
50,all,R16,High,R16_OUT,0.0,0.05,-263.10888498243366,-13.155444249121684,0.4528301886792453,0.8,0.3636363636363636,8232.0,6386.095277588827
50,all,R17,High,R17_OUT,0.0,0.05,5963.194596721698,298.1597298360849,0.4528301886792453,0.8,0.3636363636363636,8232.0,6386.095277588827
50,all,R18,Very_High,R18_OUT,0.0,0.05,2851.5533000501237,142.5776650025062,0.4528301886792453,0.8,0.3636363636363636,8232.0,6386.095277588827
50,all,R19,Very_High,R19_OUT,0.0,0.05,-28470.327881467158,-1423.516394073358,0.4528301886792453,0.8,0.3636363636363636,8232.0,6386.095277588827
50,all,R20,Very_High,R20_OUT,0.0,0.05,36750.7672108595,1837.5383605429752,0.4528301886792453,0.8,0.3636363636363636,8232.0,6386.095277588827
51,all,R1,Very_Low,R1_OUT,0.0,0.0,-774.5010619330533,-0.0,0.1053459119496855,0.4,0.3333333333333333,3276.0,2970.9486423041308
51,all,R2,Low,R2_OUT,0.0,0.0,5736.431751063483,0.0,0.1053459119496855,0.4,0.3333333333333333,3276.0,2970.9486423041308
51,all,R3,Low,R3_OUT,0.0,0.0,-8566.538915273653,-0.0,0.1053459119496855,0.4,0.3333333333333333,3276.0,2970.9486423041308
51,all,R4,Low,R4_OUT,0.0,0.0,-2396.103406435657,-0.0,0.1053459119496855,0.4,0.3333333333333333,3276.0,2970.9486423041308
51,all,R5,Medium,R5_OUT,0.0,0.0,-5734.465407951534,-0.0,0.1053459119496855,0.4,0.3333333333333333,3276.0,2970.9486423041308
51,all,R6,Medium,R6_OUT,0.0,0.0,-8984.661149246906,-0.0,0.1053459119496855,0.4,0.3333333333333333,3276.0,2970.9486423041308
51,all,R7,Medium,R7_OUT,0.0,0.0,2303.089814031513,0.0,0.1053459119496855,0.4,0.3333333333333333,3276.0,2970.9486423041308
51,all,R8,Medium,R8_OUT,0.0,0.0,4169.895222196301,0.0,0.1053459119496855,0.4,0.3333333333333333,3276.0,2970.9486423041308
51,all,R9,High,R9_OUT,0.30769230769230754,0.2909090909090908,-10963.01876134344,-3189.241821481726,0.1053459119496855,0.4,0.3333333333333333,3276.0,2970.9486423041308
51,all,R10,High,R10_OUT,0.0,0.0,15842.548592649458,0.0,0.1053459119496855,0.4,0.3333333333333333,3276.0,2970.9486423041308
51,all,R11,Medium,R11_OUT,0.0,0.0,-4917.563933598689,-0.0,0.1053459119496855,0.4,0.3333333333333333,3276.0,2970.9486423041308
51,all,R12,Medium,R12_OUT,0.0,0.0,500.6564295814269,0.0,0.1053459119496855,0.4,0.3333333333333333,3276.0,2970.9486423041308
51,all,R13,High,R13_OUT,0.0,0.0,1660.817615979597,0.0,0.1053459119496855,0.4,0.3333333333333333,3276.0,2970.9486423041308
51,all,R14,High,R14_OUT,0.0,0.0,-1796.5394217272878,-0.0,0.1053459119496855,0.4,0.3333333333333333,3276.0,2970.9486423041308
51,all,R15,High,R15_OUT,0.0,0.0,16011.307986347816,0.0,0.1053459119496855,0.4,0.3333333333333333,3276.0,2970.9486423041308
51,all,R16,High,R16_OUT,0.7500000000000002,0.7090909090909093,8687.44808995441,6160.190463785857,0.1053459119496855,0.4,0.3333333333333333,3276.0,2970.9486423041308
51,all,R17,High,R17_OUT,0.0,0.0,22995.886902630038,0.0,0.1053459119496855,0.4,0.3333333333333333,3276.0,2970.9486423041308
51,all,R18,Very_High,R18_OUT,0.0,0.0,16890.69738183857,0.0,0.1053459119496855,0.4,0.3333333333333333,3276.0,2970.9486423041308
51,all,R19,Very_High,R19_OUT,0.0,0.0,19994.72624150518,0.0,0.1053459119496855,0.4,0.3333333333333333,3276.0,2970.9486423041308
51,all,R20,Very_High,R20_OUT,0.0,0.0,21327.54831927229,0.0,0.1053459119496855,0.4,0.3333333333333333,3276.0,2970.9486423041308
52,all,R1,Very_Low,R1_OUT,0.0,0.0,358.29063564064563,0.0,0.1210691823899371,0.4,0.2121212121212121,2723.0,2716.534047621928
52,all,R2,Low,R2_OUT,0.0,0.0,5714.75788798899,0.0,0.1210691823899371,0.4,0.2121212121212121,2723.0,2716.534047621928
52,all,R3,Low,R3_OUT,0.0,0.0,-8055.401027778382,-0.0,0.1210691823899371,0.4,0.2121212121212121,2723.0,2716.534047621928
52,all,R4,Low,R4_OUT,0.0,0.0,-1806.5327117769266,-0.0,0.1210691823899371,0.4,0.2121212121212121,2723.0,2716.534047621928
52,all,R5,Medium,R5_OUT,0.3333333333333333,0.2727272727272727,-1029.3193538335572,-280.72346013642465,0.1210691823899371,0.4,0.2121212121212121,2723.0,2716.534047621928
52,all,R6,Medium,R6_OUT,0.0,0.0,-8372.577518854781,-0.0,0.1210691823899371,0.4,0.2121212121212121,2723.0,2716.534047621928
52,all,R7,Medium,R7_OUT,0.0,0.0,2697.3193971131577,0.0,0.1210691823899371,0.4,0.2121212121212121,2723.0,2716.534047621928
52,all,R8,Medium,R8_OUT,0.0,0.0,3681.8534770613483,0.0,0.1210691823899371,0.4,0.2121212121212121,2723.0,2716.534047621928
52,all,R9,High,R9_OUT,0.888888888888889,0.7272727272727273,4121.229073167728,2997.2575077583474,0.1210691823899371,0.4,0.2121212121212121,2723.0,2716.534047621928
52,all,R10,High,R10_OUT,0.0,0.0,5861.00289533976,0.0,0.1210691823899371,0.4,0.2121212121212121,2723.0,2716.534047621928
52,all,R11,Medium,R11_OUT,0.0,0.0,-4801.856486977595,-0.0,0.1210691823899371,0.4,0.2121212121212121,2723.0,2716.534047621928
52,all,R12,Medium,R12_OUT,0.0,0.0,844.8846566081156,0.0,0.1210691823899371,0.4,0.2121212121212121,2723.0,2716.534047621928
52,all,R13,High,R13_OUT,0.0,0.0,1107.3471378058568,0.0,0.1210691823899371,0.4,0.2121212121212121,2723.0,2716.534047621928
52,all,R14,High,R14_OUT,0.0,0.0,2436.369252900542,0.0,0.1210691823899371,0.4,0.2121212121212121,2723.0,2716.534047621928
52,all,R15,High,R15_OUT,0.0,0.0,10508.449943697115,0.0,0.1210691823899371,0.4,0.2121212121212121,2723.0,2716.534047621928
52,all,R16,High,R16_OUT,0.0,0.0,7057.1326423205755,0.0,0.1210691823899371,0.4,0.2121212121212121,2723.0,2716.534047621928
52,all,R17,High,R17_OUT,0.0,0.0,17665.618534101784,0.0,0.1210691823899371,0.4,0.2121212121212121,2723.0,2716.534047621928
52,all,R18,Very_High,R18_OUT,0.0,0.0,20653.629920901316,0.0,0.1210691823899371,0.4,0.2121212121212121,2723.0,2716.534047621928
52,all,R19,Very_High,R19_OUT,0.0,0.0,17897.03875063067,0.0,0.1210691823899371,0.4,0.2121212121212121,2723.0,2716.534047621928
52,all,R20,Very_High,R20_OUT,0.0,0.0,20528.23425951985,0.0,0.1210691823899371,0.4,0.2121212121212121,2723.0,2716.534047621928
53,all,R1,Very_Low,R1_OUT,0.4123711340206184,0.3592536794530072,9122.338280097989,3277.2335923402197,0.2122641509433962,0.8,0.1212121212121212,3472.0,3471.9660523958664
53,all,R2,Low,R2_OUT,0.0,0.0,8741.561644940135,0.0,0.2122641509433962,0.8,0.1212121212121212,3472.0,3471.9660523958664
53,all,R3,Low,R3_OUT,0.0,0.0,2427.6428965635732,0.0,0.2122641509433962,0.8,0.1212121212121212,3472.0,3471.9660523958664
53,all,R4,Low,R4_OUT,0.735483870967742,0.6407463205469928,303.9150656213005,194.73246005564616,0.2122641509433962,0.8,0.1212121212121212,3472.0,3471.9660523958664
53,all,R5,Medium,R5_OUT,0.0,0.0,4104.199200004948,0.0,0.2122641509433962,0.8,0.1212121212121212,3472.0,3471.9660523958664
53,all,R6,Medium,R6_OUT,0.0,0.0,-7068.30211168085,-0.0,0.2122641509433962,0.8,0.1212121212121212,3472.0,3471.9660523958664
53,all,R7,Medium,R7_OUT,0.0,0.0,5177.069434996144,0.0,0.2122641509433962,0.8,0.1212121212121212,3472.0,3471.9660523958664
53,all,R8,Medium,R8_OUT,0.0,0.0,2963.3653063705606,0.0,0.2122641509433962,0.8,0.1212121212121212,3472.0,3471.9660523958664
53,all,R9,High,R9_OUT,0.0,0.0,14868.040820484312,0.0,0.2122641509433962,0.8,0.1212121212121212,3472.0,3471.9660523958664
53,all,R10,High,R10_OUT,0.0,0.0,8538.801309620358,0.0,0.2122641509433962,0.8,0.1212121212121212,3472.0,3471.9660523958664
53,all,R11,Medium,R11_OUT,0.0,0.0,-2324.5049801715977,-0.0,0.2122641509433962,0.8,0.1212121212121212,3472.0,3471.9660523958664
53,all,R12,Medium,R12_OUT,0.0,0.0,3601.7252228908455,0.0,0.2122641509433962,0.8,0.1212121212121212,3472.0,3471.9660523958664
53,all,R13,High,R13_OUT,0.0,0.0,1638.9902679031516,0.0,0.2122641509433962,0.8,0.1212121212121212,3472.0,3471.9660523958664
53,all,R14,High,R14_OUT,0.0,0.0,8294.17817072455,0.0,0.2122641509433962,0.8,0.1212121212121212,3472.0,3471.9660523958664
53,all,R15,High,R15_OUT,0.0,0.0,3956.437548890386,0.0,0.2122641509433962,0.8,0.1212121212121212,3472.0,3471.9660523958664
53,all,R16,High,R16_OUT,0.0,0.0,4777.558857745583,0.0,0.2122641509433962,0.8,0.1212121212121212,3472.0,3471.9660523958664
53,all,R17,High,R17_OUT,0.0,0.0,1158.087083174708,0.0,0.2122641509433962,0.8,0.1212121212121212,3472.0,3471.9660523958664
53,all,R18,Very_High,R18_OUT,0.0,0.0,26185.190863722506,0.0,0.2122641509433962,0.8,0.1212121212121212,3472.0,3471.9660523958664
53,all,R19,Very_High,R19_OUT,0.0,0.0,643.6532536053783,0.0,0.2122641509433962,0.8,0.1212121212121212,3472.0,3471.9660523958664
53,all,R20,Very_High,R20_OUT,0.0,0.0,24047.14652162984,0.0,0.2122641509433962,0.8,0.1212121212121212,3472.0,3471.9660523958664
54,all,R1,Very_Low,R1_OUT,0.0,0.0,-6441.507951980852,-0.0,0.0,0.4,0.1515151515151515,1575.0,1428.177383564147
54,all,R2,Low,R2_OUT,0.0,0.0,1722.6809696155033,0.0,0.0,0.4,0.1515151515151515,1575.0,1428.177383564147
54,all,R3,Low,R3_OUT,0.0,0.0,-10638.624262190096,-0.0,0.0,0.4,0.1515151515151515,1575.0,1428.177383564147
54,all,R4,Low,R4_OUT,0.0,0.0,-6246.212701447255,-0.0,0.0,0.4,0.1515151515151515,1575.0,1428.177383564147
54,all,R5,Medium,R5_OUT,1.0,1.0,1428.177383564147,1428.177383564147,0.0,0.4,0.1515151515151515,1575.0,1428.177383564147
54,all,R6,Medium,R6_OUT,0.0,0.0,-12847.353149634253,-0.0,0.0,0.4,0.1515151515151515,1575.0,1428.177383564147
54,all,R7,Medium,R7_OUT,0.0,0.0,-28.17424867119516,-0.0,0.0,0.4,0.1515151515151515,1575.0,1428.177383564147
54,all,R8,Medium,R8_OUT,0.0,0.0,-1562.1695919686363,-0.0,0.0,0.4,0.1515151515151515,1575.0,1428.177383564147
54,all,R9,High,R9_OUT,0.0,0.0,22468.63104893865,0.0,0.0,0.4,0.1515151515151515,1575.0,1428.177383564147
54,all,R10,High,R10_OUT,0.0,0.0,-3883.608161770204,-0.0,0.0,0.4,0.1515151515151515,1575.0,1428.177383564147
54,all,R11,Medium,R11_OUT,0.0,0.0,-12127.610184370504,-0.0,0.0,0.4,0.1515151515151515,1575.0,1428.177383564147
54,all,R12,Medium,R12_OUT,0.0,0.0,-3662.3855981282168,-0.0,0.0,0.4,0.1515151515151515,1575.0,1428.177383564147
54,all,R13,High,R13_OUT,0.0,0.0,-542.610975268033,-0.0,0.0,0.4,0.1515151515151515,1575.0,1428.177383564147
54,all,R14,High,R14_OUT,0.0,0.0,4877.232662536495,0.0,0.0,0.4,0.1515151515151515,1575.0,1428.177383564147
54,all,R15,High,R15_OUT,0.0,0.0,13681.9585710418,0.0,0.0,0.4,0.1515151515151515,1575.0,1428.177383564147
54,all,R16,High,R16_OUT,0.0,0.0,10176.694504143232,0.0,0.0,0.4,0.1515151515151515,1575.0,1428.177383564147
54,all,R17,High,R17_OUT,0.0,0.0,17775.890108957778,0.0,0.0,0.4,0.1515151515151515,1575.0,1428.177383564147
54,all,R18,Very_High,R18_OUT,0.0,0.0,30027.79759976705,0.0,0.0,0.4,0.1515151515151515,1575.0,1428.177383564147
54,all,R19,Very_High,R19_OUT,0.0,0.0,32636.44472530536,0.0,0.0,0.4,0.1515151515151515,1575.0,1428.177383564147
54,all,R20,Very_High,R20_OUT,0.0,0.0,14864.939133011078,0.0,0.0,0.4,0.1515151515151515,1575.0,1428.177383564147
55,all,R1,Very_Low,R1_OUT,0.0,0.0,6052.703537664931,0.0,0.2248427672955975,0.4,0.3333333333333333,2926.0,4211.316548570507
55,all,R2,Low,R2_OUT,0.0,0.0,9426.361494960487,0.0,0.2248427672955975,0.4,0.3333333333333333,2926.0,4211.316548570507
55,all,R3,Low,R3_OUT,0.0,0.0,-5935.4632379552295,-0.0,0.2248427672955975,0.4,0.3333333333333333,2926.0,4211.316548570507
55,all,R4,Low,R4_OUT,0.0,0.0,1991.9376376128403,0.0,0.2248427672955975,0.4,0.3333333333333333,2926.0,4211.316548570507
55,all,R5,Medium,R5_OUT,0.0,0.0,-5831.7117736313185,-0.0,0.2248427672955975,0.4,0.3333333333333333,2926.0,4211.316548570507
55,all,R6,Medium,R6_OUT,0.0,0.0,-4553.659613952508,-0.0,0.2248427672955975,0.4,0.3333333333333333,2926.0,4211.316548570507
55,all,R7,Medium,R7_OUT,0.0,0.0,5011.848853503628,0.0,0.2248427672955975,0.4,0.3333333333333333,2926.0,4211.316548570507
55,all,R8,Medium,R8_OUT,0.0,0.0,8804.043599405457,0.0,0.2248427672955975,0.4,0.3333333333333333,2926.0,4211.316548570507
55,all,R9,High,R9_OUT,0.10150674068199829,0.0821234542350079,-20977.66671801619,-1722.758452674251,0.2248427672955975,0.4,0.3333333333333333,2926.0,4211.316548570507
55,all,R10,High,R10_OUT,0.0,0.0,20248.54498097371,0.0,0.2248427672955975,0.4,0.3333333333333333,2926.0,4211.316548570507
55,all,R11,Medium,R11_OUT,0.0,0.0,1925.7795294923217,0.0,0.2248427672955975,0.4,0.3333333333333333,2926.0,4211.316548570507
55,all,R12,Medium,R12_OUT,0.0,0.0,4837.646819666495,0.0,0.2248427672955975,0.4,0.3333333333333333,2926.0,4211.316548570507
55,all,R13,High,R13_OUT,0.0,0.0,2933.560767479763,0.0,0.2248427672955975,0.4,0.3333333333333333,2926.0,4211.316548570507
55,all,R14,High,R14_OUT,0.0,0.0,-2097.2112448550306,-0.0,0.2248427672955975,0.4,0.3333333333333333,2926.0,4211.316548570507
55,all,R15,High,R15_OUT,0.25806451612903225,0.20878563667408284,10519.902360751194,2196.4045121386253,0.2248427672955975,0.4,0.3333333333333333,2926.0,4211.316548570507
55,all,R16,High,R16_OUT,0.24742268041237103,0.20017591969783194,5040.634815459196,1009.0137100454559,0.2248427672955975,0.4,0.3333333333333333,2926.0,4211.316548570507
55,all,R17,High,R17_OUT,0.0,0.0,20423.559613689442,0.0,0.2248427672955975,0.4,0.3333333333333333,2926.0,4211.316548570507
55,all,R18,Very_High,R18_OUT,0.0,0.0,9946.242417089648,0.0,0.2248427672955975,0.4,0.3333333333333333,2926.0,4211.316548570507
55,all,R19,Very_High,R19_OUT,0.6290322580645166,0.5089149893930773,5361.7143057916655,2728.6567790606764,0.2248427672955975,0.4,0.3333333333333333,2926.0,4211.316548570507
55,all,R20,Very_High,R20_OUT,0.0,0.0,26206.042164931736,0.0,0.2248427672955975,0.4,0.3333333333333333,2926.0,4211.316548570507
56,all,R1,Very_Low,R1_OUT,1.0,1.0,1877.1882969039898,1877.1882969039898,0.0864779874213836,0.8,0.1515151515151515,1876.0,1877.1882969039898
56,all,R2,Low,R2_OUT,0.0,0.0,4984.222806076947,0.0,0.0864779874213836,0.8,0.1515151515151515,1876.0,1877.1882969039898
56,all,R3,Low,R3_OUT,0.0,0.0,-383.14637783890043,-0.0,0.0864779874213836,0.8,0.1515151515151515,1876.0,1877.1882969039898
56,all,R4,Low,R4_OUT,0.0,0.0,-4318.124725329677,-0.0,0.0864779874213836,0.8,0.1515151515151515,1876.0,1877.1882969039898
56,all,R5,Medium,R5_OUT,0.0,0.0,3027.078388319972,0.0,0.0864779874213836,0.8,0.1515151515151515,1876.0,1877.1882969039898
56,all,R6,Medium,R6_OUT,0.0,0.0,-11739.778532243565,-0.0,0.0864779874213836,0.8,0.1515151515151515,1876.0,1877.1882969039898
56,all,R7,Medium,R7_OUT,0.0,0.0,2316.2906502903534,0.0,0.0864779874213836,0.8,0.1515151515151515,1876.0,1877.1882969039898
56,all,R8,Medium,R8_OUT,0.0,0.0,-1640.2360893681962,-0.0,0.0864779874213836,0.8,0.1515151515151515,1876.0,1877.1882969039898
56,all,R9,High,R9_OUT,0.0,0.0,21309.28434398992,0.0,0.0864779874213836,0.8,0.1515151515151515,1876.0,1877.1882969039898
56,all,R10,High,R10_OUT,0.0,0.0,6541.230890590814,0.0,0.0864779874213836,0.8,0.1515151515151515,1876.0,1877.1882969039898
56,all,R11,Medium,R11_OUT,0.0,0.0,-9331.841294320993,-0.0,0.0864779874213836,0.8,0.1515151515151515,1876.0,1877.1882969039898
56,all,R12,Medium,R12_OUT,0.0,0.0,-906.920718492046,-0.0,0.0864779874213836,0.8,0.1515151515151515,1876.0,1877.1882969039898
56,all,R13,High,R13_OUT,0.0,0.0,479.49480532470716,0.0,0.0864779874213836,0.8,0.1515151515151515,1876.0,1877.1882969039898
56,all,R14,High,R14_OUT,0.0,0.0,7542.557137493908,0.0,0.0864779874213836,0.8,0.1515151515151515,1876.0,1877.1882969039898
56,all,R15,High,R15_OUT,0.0,0.0,10931.940690918036,0.0,0.0864779874213836,0.8,0.1515151515151515,1876.0,1877.1882969039898
56,all,R16,High,R16_OUT,0.0,0.0,8903.927571935346,0.0,0.0864779874213836,0.8,0.1515151515151515,1876.0,1877.1882969039898
56,all,R17,High,R17_OUT,0.0,0.0,5113.7510817922475,0.0,0.0864779874213836,0.8,0.1515151515151515,1876.0,1877.1882969039898
56,all,R18,Very_High,R18_OUT,0.0,0.0,32325.9743048521,0.0,0.0864779874213836,0.8,0.1515151515151515,1876.0,1877.1882969039898
56,all,R19,Very_High,R19_OUT,0.0,0.0,16089.896508137132,0.0,0.0864779874213836,0.8,0.1515151515151515,1876.0,1877.1882969039898
56,all,R20,Very_High,R20_OUT,0.0,0.0,19272.19512816523,0.0,0.0864779874213836,0.8,0.1515151515151515,1876.0,1877.1882969039898
57,all,R1,Very_Low,R1_OUT,0.0,0.0,623.9787522763527,0.0,0.1226415094339622,0.4,0.1212121212121212,2520.0,2507.857310135433
57,all,R2,Low,R2_OUT,0.0,0.0,5382.916394165612,0.0,0.1226415094339622,0.4,0.1212121212121212,2520.0,2507.857310135433
57,all,R3,Low,R3_OUT,0.0,0.0,-7897.073821401268,-0.0,0.1226415094339622,0.4,0.1212121212121212,2520.0,2507.857310135433
57,all,R4,Low,R4_OUT,0.0,0.0,-1739.6476748133464,-0.0,0.1226415094339622,0.4,0.1212121212121212,2520.0,2507.857310135433
57,all,R5,Medium,R5_OUT,1.0,1.0,2507.857310135433,2507.857310135433,0.1226415094339622,0.4,0.1212121212121212,2520.0,2507.857310135433
57,all,R6,Medium,R6_OUT,0.0,0.0,-8292.482032631922,-0.0,0.1226415094339622,0.4,0.1212121212121212,2520.0,2507.857310135433
57,all,R7,Medium,R7_OUT,0.0,0.0,2761.3214034169064,0.0,0.1226415094339622,0.4,0.1212121212121212,2520.0,2507.857310135433
57,all,R8,Medium,R8_OUT,0.0,0.0,2919.4805306856647,0.0,0.1226415094339622,0.4,0.1212121212121212,2520.0,2507.857310135433
57,all,R9,High,R9_OUT,0.0,0.0,16290.930892713914,0.0,0.1226415094339622,0.4,0.1212121212121212,2520.0,2507.857310135433
57,all,R10,High,R10_OUT,0.0,0.0,-2001.9850161176182,-0.0,0.1226415094339622,0.4,0.1212121212121212,2520.0,2507.857310135433
57,all,R11,Medium,R11_OUT,0.0,0.0,-5300.361856091929,-0.0,0.1226415094339622,0.4,0.1212121212121212,2520.0,2507.857310135433
57,all,R12,Medium,R12_OUT,0.0,0.0,732.1290171998007,0.0,0.1226415094339622,0.4,0.1212121212121212,2520.0,2507.857310135433
57,all,R13,High,R13_OUT,0.0,0.0,583.3912464814584,0.0,0.1226415094339622,0.4,0.1212121212121212,2520.0,2507.857310135433
57,all,R14,High,R14_OUT,0.0,0.0,5636.7661121652345,0.0,0.1226415094339622,0.4,0.1212121212121212,2520.0,2507.857310135433
57,all,R15,High,R15_OUT,0.0,0.0,6850.966103371959,0.0,0.1226415094339622,0.4,0.1212121212121212,2520.0,2507.857310135433
57,all,R16,High,R16_OUT,0.0,0.0,6146.294560334924,0.0,0.1226415094339622,0.4,0.1212121212121212,2520.0,2507.857310135433
57,all,R17,High,R17_OUT,0.0,0.0,13887.918933733414,0.0,0.1226415094339622,0.4,0.1212121212121212,2520.0,2507.857310135433
57,all,R18,Very_High,R18_OUT,0.0,0.0,24069.762973499273,0.0,0.1226415094339622,0.4,0.1212121212121212,2520.0,2507.857310135433
57,all,R19,Very_High,R19_OUT,0.0,0.0,17575.280732239764,0.0,0.1226415094339622,0.4,0.1212121212121212,2520.0,2507.857310135433
57,all,R20,Very_High,R20_OUT,0.0,0.0,19511.509109484647,0.0,0.1226415094339622,0.4,0.1212121212121212,2520.0,2507.857310135433
58,all,R1,Very_Low,R1_OUT,0.0,0.05,2796.5079980349187,139.82539990174595,0.080188679245283,1.0,0.3636363636363636,1603.0,5625.464723661302
58,all,R2,Low,R2_OUT,0.0,0.05,5973.199084496481,298.65995422482405,0.080188679245283,1.0,0.3636363636363636,1603.0,5625.464723661302
58,all,R3,Low,R3_OUT,0.0,0.05,3365.4294259244743,168.27147129622372,0.080188679245283,1.0,0.3636363636363636,1603.0,5625.464723661302
58,all,R4,Low,R4_OUT,0.0,0.05,-5194.152803143122,-259.7076401571561,0.080188679245283,1.0,0.3636363636363636,1603.0,5625.464723661302
58,all,R5,Medium,R5_OUT,0.0,0.05,-4389.562899804403,-219.47814499022016,0.080188679245283,1.0,0.3636363636363636,1603.0,5625.464723661302
58,all,R6,Medium,R6_OUT,0.0,0.05,-13073.374701657089,-653.6687350828545,0.080188679245283,1.0,0.3636363636363636,1603.0,5625.464723661302
58,all,R7,Medium,R7_OUT,0.0,0.05,2299.639401054441,114.98197005272205,0.080188679245283,1.0,0.3636363636363636,1603.0,5625.464723661302
58,all,R8,Medium,R8_OUT,0.0,0.05,-1678.8551956729643,-83.94275978364823,0.080188679245283,1.0,0.3636363636363636,1603.0,5625.464723661302
58,all,R9,High,R9_OUT,0.0,0.05,-3823.0191479129644,-191.15095739564822,0.080188679245283,1.0,0.3636363636363636,1603.0,5625.464723661302
58,all,R10,High,R10_OUT,0.0,0.05,28409.724473424616,1420.4862236712308,0.080188679245283,1.0,0.3636363636363636,1603.0,5625.464723661302
58,all,R11,Medium,R11_OUT,0.0,0.05,-9397.060781978864,-469.8530390989432,0.080188679245283,1.0,0.3636363636363636,1603.0,5625.464723661302
58,all,R12,Medium,R12_OUT,0.0,0.05,-930.5069583547529,-46.52534791773765,0.080188679245283,1.0,0.3636363636363636,1603.0,5625.464723661302
58,all,R13,High,R13_OUT,0.0,0.05,1724.6683466224613,86.23341733112306,0.080188679245283,1.0,0.3636363636363636,1603.0,5625.464723661302
58,all,R14,High,R14_OUT,0.0,0.05,1523.0161091606024,76.15080545803012,0.080188679245283,1.0,0.3636363636363636,1603.0,5625.464723661302
58,all,R15,High,R15_OUT,0.0,0.05,20198.508045999515,1009.9254022999758,0.080188679245283,1.0,0.3636363636363636,1603.0,5625.464723661302
58,all,R16,High,R16_OUT,0.0,0.05,11792.377531860784,589.6188765930392,0.080188679245283,1.0,0.3636363636363636,1603.0,5625.464723661302
58,all,R17,High,R17_OUT,0.0,0.05,8584.50097688614,429.225048844307,0.080188679245283,1.0,0.3636363636363636,1603.0,5625.464723661302
58,all,R18,Very_High,R18_OUT,0.0,0.05,28169.172418067512,1408.4586209033757,0.080188679245283,1.0,0.3636363636363636,1603.0,5625.464723661302
58,all,R19,Very_High,R19_OUT,0.0,0.05,14183.130338846417,709.1565169423209,0.080188679245283,1.0,0.3636363636363636,1603.0,5625.464723661302
58,all,R20,Very_High,R20_OUT,0.0,0.05,21975.952811371808,1098.7976405685904,0.080188679245283,1.0,0.3636363636363636,1603.0,5625.464723661302
59,all,R1,Very_Low,R1_OUT,0.0,0.0,14012.699834836607,0.0,0.360062893081761,0.4,0.2121212121212121,3626.0,3656.736050545068
59,all,R2,Low,R2_OUT,0.0,0.0,13094.617375782995,0.0,0.360062893081761,0.4,0.2121212121212121,3626.0,3656.736050545068
59,all,R3,Low,R3_OUT,0.0,0.0,-2793.249673141535,-0.0,0.360062893081761,0.4,0.2121212121212121,3626.0,3656.736050545068
59,all,R4,Low,R4_OUT,0.0,0.0,6969.549376320063,0.0,0.360062893081761,0.4,0.2121212121212121,3626.0,3656.736050545068
59,all,R5,Medium,R5_OUT,0.0,0.0,-1223.812085193128,-0.0,0.360062893081761,0.4,0.2121212121212121,3626.0,3656.736050545068
59,all,R6,Medium,R6_OUT,0.0,0.0,489.4255517340116,0.0,0.360062893081761,0.4,0.2121212121212121,3626.0,3656.736050545068
59,all,R7,Medium,R7_OUT,0.0,0.0,8114.837476057385,0.0,0.360062893081761,0.4,0.2121212121212121,3626.0,3656.736050545068
59,all,R8,Medium,R8_OUT,0.0,0.0,12950.150231479656,0.0,0.360062893081761,0.4,0.2121212121212121,3626.0,3656.736050545068
59,all,R9,High,R9_OUT,0.0,0.0,-15908.066840177766,-0.0,0.360062893081761,0.4,0.2121212121212121,3626.0,3656.736050545068
59,all,R10,High,R10_OUT,0.1367521367521369,0.2727272727272727,14672.995671988261,4001.7260923604344,0.360062893081761,0.4,0.2121212121212121,3626.0,3656.736050545068
59,all,R11,Medium,R11_OUT,0.0,0.0,8884.830439204423,0.0,0.360062893081761,0.4,0.2121212121212121,3626.0,3656.736050545068
59,all,R12,Medium,R12_OUT,0.0,0.0,9518.865436778247,0.0,0.360062893081761,0.4,0.2121212121212121,3626.0,3656.736050545068
59,all,R13,High,R13_OUT,0.0,0.0,3652.8334408061874,0.0,0.360062893081761,0.4,0.2121212121212121,3626.0,3656.736050545068
59,all,R14,High,R14_OUT,0.0,0.0,1835.0256066450584,0.0,0.360062893081761,0.4,0.2121212121212121,3626.0,3656.736050545068
59,all,R15,High,R15_OUT,0.36467236467236513,0.7272727272727273,-474.36130749612494,-344.9900418153636,0.360062893081761,0.4,0.2121212121212121,3626.0,3656.736050545068
59,all,R16,High,R16_OUT,0.0,0.0,-236.49390666984982,-0.0,0.360062893081761,0.4,0.2121212121212121,3626.0,3656.736050545068
59,all,R17,High,R17_OUT,0.0,0.0,12520.963956220596,0.0,0.360062893081761,0.4,0.2121212121212121,3626.0,3656.736050545068
59,all,R18,Very_High,R18_OUT,0.0,0.0,6764.719991403475,0.0,0.360062893081761,0.4,0.2121212121212121,3626.0,3656.736050545068
59,all,R19,Very_High,R19_OUT,0.0,0.0,-11368.985120796355,-0.0,0.360062893081761,0.4,0.2121212121212121,3626.0,3656.736050545068
59,all,R20,Very_High,R20_OUT,0.0,0.0,30285.221950838735,0.0,0.360062893081761,0.4,0.2121212121212121,3626.0,3656.736050545068
60,all,R1,Very_Low,R1_OUT,0.0,0.0,17201.409732884404,0.0,0.3883647798742138,0.6,0.2727272727272727,6783.0,6781.14053633927
60,all,R2,Low,R2_OUT,0.0,0.0,14517.742543346536,0.0,0.3883647798742138,0.6,0.2727272727272727,6783.0,6781.14053633927
60,all,R3,Low,R3_OUT,0.0,0.0,1923.1329496557319,0.0,0.3883647798742138,0.6,0.2727272727272727,6783.0,6781.14053633927
60,all,R4,Low,R4_OUT,0.0,0.0,7378.989797336091,0.0,0.3883647798742138,0.6,0.2727272727272727,6783.0,6781.14053633927
60,all,R5,Medium,R5_OUT,0.0,0.0,-2771.176601380005,-0.0,0.3883647798742138,0.6,0.2727272727272727,6783.0,6781.14053633927
60,all,R6,Medium,R6_OUT,0.0,0.0,474.8091122224432,0.0,0.3883647798742138,0.6,0.2727272727272727,6783.0,6781.14053633927
60,all,R7,Medium,R7_OUT,0.0,0.0,8929.568085607541,0.0,0.3883647798742138,0.6,0.2727272727272727,6783.0,6781.14053633927
60,all,R8,Medium,R8_OUT,0.0,0.0,12880.747490907337,0.0,0.3883647798742138,0.6,0.2727272727272727,6783.0,6781.14053633927
60,all,R9,High,R9_OUT,0.0,0.0,-23436.89153352577,-0.0,0.3883647798742138,0.6,0.2727272727272727,6783.0,6781.14053633927
60,all,R10,High,R10_OUT,0.0,0.0,24615.306681725473,0.0,0.3883647798742138,0.6,0.2727272727272727,6783.0,6781.14053633927
60,all,R11,Medium,R11_OUT,0.09467455621301829,0.10000000000000055,9819.663192709297,981.9663192709351,0.3883647798742138,0.6,0.2727272727272727,6783.0,6781.14053633927
60,all,R12,Medium,R12_OUT,0.0,0.0,10467.688279459533,0.0,0.3883647798742138,0.6,0.2727272727272727,6783.0,6781.14053633927
60,all,R13,High,R13_OUT,0.0,0.0,4365.261778324288,0.0,0.3883647798742138,0.6,0.2727272727272727,6783.0,6781.14053633927
60,all,R14,High,R14_OUT,0.0,0.0,1069.0364437055705,0.0,0.3883647798742138,0.6,0.2727272727272727,6783.0,6781.14053633927
60,all,R15,High,R15_OUT,0.0,0.0,1227.2077910724038,0.0,0.3883647798742138,0.6,0.2727272727272727,6783.0,6781.14053633927
60,all,R16,High,R16_OUT,0.0,0.0,158.21008440139303,0.0,0.3883647798742138,0.6,0.2727272727272727,6783.0,6781.14053633927
60,all,R17,High,R17_OUT,0.0,0.0,9007.337479536598,0.0,0.3883647798742138,0.6,0.2727272727272727,6783.0,6781.14053633927
60,all,R18,Very_High,R18_OUT,0.8520710059171595,0.8999999999999995,6443.526907853702,5799.174217068328,0.3883647798742138,0.6,0.2727272727272727,6783.0,6781.14053633927
60,all,R19,Very_High,R19_OUT,0.0,0.0,-17726.987145644387,-0.0,0.3883647798742138,0.6,0.2727272727272727,6783.0,6781.14053633927
60,all,R20,Very_High,R20_OUT,0.0,0.0,32599.648790062194,0.0,0.3883647798742138,0.6,0.2727272727272727,6783.0,6781.14053633927
61,all,R1,Very_Low,R1_OUT,0.0,0.0,-5992.349754638884,-0.0,0.0078616352201257,0.4,0.1515151515151515,1267.0,1421.7795963483713
61,all,R2,Low,R2_OUT,0.0,0.0,1965.4395053981982,0.0,0.0078616352201257,0.4,0.1515151515151515,1267.0,1421.7795963483713
61,all,R3,Low,R3_OUT,0.0,0.0,-10465.527178155993,-0.0,0.0078616352201257,0.4,0.1515151515151515,1267.0,1421.7795963483713
61,all,R4,Low,R4_OUT,0.0,0.0,-5957.525790654594,-0.0,0.0078616352201257,0.4,0.1515151515151515,1267.0,1421.7795963483713
61,all,R5,Medium,R5_OUT,1.0,1.0,1421.7795963483713,1421.7795963483713,0.0078616352201257,0.4,0.1515151515151515,1267.0,1421.7795963483713
61,all,R6,Medium,R6_OUT,0.0,0.0,-12555.839890733308,-0.0,0.0078616352201257,0.4,0.1515151515151515,1267.0,1421.7795963483713
61,all,R7,Medium,R7_OUT,0.0,0.0,150.0335828730209,0.0,0.0078616352201257,0.4,0.1515151515151515,1267.0,1421.7795963483713
61,all,R8,Medium,R8_OUT,0.0,0.0,-1257.291409257511,-0.0,0.0078616352201257,0.4,0.1515151515151515,1267.0,1421.7795963483713
61,all,R9,High,R9_OUT,0.0,0.0,21809.7726307365,0.0,0.0078616352201257,0.4,0.1515151515151515,1267.0,1421.7795963483713
61,all,R10,High,R10_OUT,0.0,0.0,-3593.7399783278215,-0.0,0.0078616352201257,0.4,0.1515151515151515,1267.0,1421.7795963483713
61,all,R11,Medium,R11_OUT,0.0,0.0,-11677.390219693469,-0.0,0.0078616352201257,0.4,0.1515151515151515,1267.0,1421.7795963483713
61,all,R12,Medium,R12_OUT,0.0,0.0,-3377.0572829910443,-0.0,0.0078616352201257,0.4,0.1515151515151515,1267.0,1421.7795963483713
61,all,R13,High,R13_OUT,0.0,0.0,-458.87787319565473,-0.0,0.0078616352201257,0.4,0.1515151515151515,1267.0,1421.7795963483713
61,all,R14,High,R14_OUT,0.0,0.0,4857.451621541249,0.0,0.0078616352201257,0.4,0.1515151515151515,1267.0,1421.7795963483713
61,all,R15,High,R15_OUT,0.0,0.0,13320.681885147289,0.0,0.0078616352201257,0.4,0.1515151515151515,1267.0,1421.7795963483713
61,all,R16,High,R16_OUT,0.0,0.0,9936.7725781896,0.0,0.0078616352201257,0.4,0.1515151515151515,1267.0,1421.7795963483713
61,all,R17,High,R17_OUT,0.0,0.0,17606.658050474845,0.0,0.0078616352201257,0.4,0.1515151515151515,1267.0,1421.7795963483713
61,all,R18,Very_High,R18_OUT,0.0,0.0,29570.925562612523,0.0,0.0078616352201257,0.4,0.1515151515151515,1267.0,1421.7795963483713
61,all,R19,Very_High,R19_OUT,0.0,0.0,31673.746571640007,0.0,0.0078616352201257,0.4,0.1515151515151515,1267.0,1421.7795963483713
61,all,R20,Very_High,R20_OUT,0.0,0.0,15185.892675488667,0.0,0.0078616352201257,0.4,0.1515151515151515,1267.0,1421.7795963483713
62,all,R1,Very_Low,R1_OUT,0.0,0.0,-2520.128629117454,-0.0,0.0676100628930817,0.4,0.1212121212121212,2548.0,2552.64182064586
62,all,R2,Low,R2_OUT,0.0,0.0,3683.606643686728,0.0,0.0676100628930817,0.4,0.1212121212121212,2548.0,2552.64182064586
62,all,R3,Low,R3_OUT,0.0,0.0,-9108.753409640016,-0.0,0.0676100628930817,0.4,0.1212121212121212,2548.0,2552.64182064586
62,all,R4,Low,R4_OUT,0.0,0.0,-3760.4560503619946,-0.0,0.0676100628930817,0.4,0.1212121212121212,2548.0,2552.64182064586
62,all,R5,Medium,R5_OUT,1.0,1.0,2552.64182064586,2552.64182064586,0.0676100628930817,0.4,0.1212121212121212,2548.0,2552.64182064586
62,all,R6,Medium,R6_OUT,0.0,0.0,-10333.074844938552,-0.0,0.0676100628930817,0.4,0.1212121212121212,2548.0,2552.64182064586
62,all,R7,Medium,R7_OUT,0.0,0.0,1513.8665826073805,0.0,0.0676100628930817,0.4,0.1212121212121212,2548.0,2552.64182064586
62,all,R8,Medium,R8_OUT,0.0,0.0,785.3332517077647,0.0,0.0676100628930817,0.4,0.1212121212121212,2548.0,2552.64182064586
62,all,R9,High,R9_OUT,0.0,0.0,20902.93982012899,0.0,0.0676100628930817,0.4,0.1212121212121212,2548.0,2552.64182064586
62,all,R10,High,R10_OUT,0.0,0.0,-4031.062300214311,-0.0,0.0676100628930817,0.4,0.1212121212121212,2548.0,2552.64182064586
62,all,R11,Medium,R11_OUT,0.0,0.0,-8451.90160883121,-0.0,0.0676100628930817,0.4,0.1212121212121212,2548.0,2552.64182064586
62,all,R12,Medium,R12_OUT,0.0,0.0,-1265.169188760426,-0.0,0.0676100628930817,0.4,0.1212121212121212,2548.0,2552.64182064586
62,all,R13,High,R13_OUT,0.0,0.0,-2.740468025196378,-0.0,0.0676100628930817,0.4,0.1212121212121212,2548.0,2552.64182064586
62,all,R14,High,R14_OUT,0.0,0.0,5775.233399131957,0.0,0.0676100628930817,0.4,0.1212121212121212,2548.0,2552.64182064586
62,all,R15,High,R15_OUT,0.0,0.0,9379.90290463356,0.0,0.0676100628930817,0.4,0.1212121212121212,2548.0,2552.64182064586
62,all,R16,High,R16_OUT,0.0,0.0,7825.748042010351,0.0,0.0676100628930817,0.4,0.1212121212121212,2548.0,2552.64182064586
62,all,R17,High,R17_OUT,0.0,0.0,15072.54334311395,0.0,0.0676100628930817,0.4,0.1212121212121212,2548.0,2552.64182064586
62,all,R18,Very_High,R18_OUT,0.0,0.0,27267.86723358101,0.0,0.0676100628930817,0.4,0.1212121212121212,2548.0,2552.64182064586
62,all,R19,Very_High,R19_OUT,0.0,0.0,24314.167807897302,0.0,0.0676100628930817,0.4,0.1212121212121212,2548.0,2552.64182064586
62,all,R20,Very_High,R20_OUT,0.0,0.0,17264.834312141484,0.0,0.0676100628930817,0.4,0.1212121212121212,2548.0,2552.64182064586
63,all,R1,Very_Low,R1_OUT,0.0,0.0,1642.7129940142368,0.0,0.0864779874213836,0.8,0.2727272727272727,1155.0,-548.0900972659588
63,all,R2,Low,R2_OUT,0.0,0.0,5491.4137407168355,0.0,0.0864779874213836,0.8,0.2727272727272727,1155.0,-548.0900972659588
63,all,R3,Low,R3_OUT,0.9230769230769231,1.0,-548.0900972659588,-548.0900972659588,0.0864779874213836,0.8,0.2727272727272727,1155.0,-548.0900972659588
63,all,R4,Low,R4_OUT,0.0,0.0,-4330.321598403078,-0.0,0.0864779874213836,0.8,0.2727272727272727,1155.0,-548.0900972659588
63,all,R5,Medium,R5_OUT,0.0,0.0,-1690.8632402295552,-0.0,0.0864779874213836,0.8,0.2727272727272727,1155.0,-548.0900972659588
63,all,R6,Medium,R6_OUT,0.0,0.0,-11768.835644833795,-0.0,0.0864779874213836,0.8,0.2727272727272727,1155.0,-548.0900972659588
63,all,R7,Medium,R7_OUT,0.0,0.0,2278.476730297145,0.0,0.0864779874213836,0.8,0.2727272727272727,1155.0,-548.0900972659588
63,all,R8,Medium,R8_OUT,0.0,0.0,-542.4379788109854,-0.0,0.0864779874213836,0.8,0.2727272727272727,1155.0,-548.0900972659588
63,all,R9,High,R9_OUT,0.0,0.0,4907.3196730744385,0.0,0.0864779874213836,0.8,0.2727272727272727,1155.0,-548.0900972659588
63,all,R10,High,R10_OUT,0.0,0.0,17102.512954785285,0.0,0.0864779874213836,0.8,0.2727272727272727,1155.0,-548.0900972659588
63,all,R11,Medium,R11_OUT,0.0,0.0,-8547.108811588007,-0.0,0.0864779874213836,0.8,0.2727272727272727,1155.0,-548.0900972659588
63,all,R12,Medium,R12_OUT,0.0,0.0,-680.492315244383,-0.0,0.0864779874213836,0.8,0.2727272727272727,1155.0,-548.0900972659588
63,all,R13,High,R13_OUT,0.0,0.0,1200.4314876432063,0.0,0.0864779874213836,0.8,0.2727272727272727,1155.0,-548.0900972659588
63,all,R14,High,R14_OUT,0.0,0.0,3270.0863808755857,0.0,0.0864779874213836,0.8,0.2727272727272727,1155.0,-548.0900972659588
63,all,R15,High,R15_OUT,0.0,0.0,15712.245361779707,0.0,0.0864779874213836,0.8,0.2727272727272727,1155.0,-548.0900972659588
63,all,R16,High,R16_OUT,0.0,0.0,10054.399167661915,0.0,0.0864779874213836,0.8,0.2727272727272727,1155.0,-548.0900972659588
63,all,R17,High,R17_OUT,0.0,0.0,10105.555333354632,0.0,0.0864779874213836,0.8,0.2727272727272727,1155.0,-548.0900972659588
63,all,R18,Very_High,R18_OUT,0.0,0.0,27649.297691480286,0.0,0.0864779874213836,0.8,0.2727272727272727,1155.0,-548.0900972659588
63,all,R19,Very_High,R19_OUT,0.0,0.0,16262.187691680916,0.0,0.0864779874213836,0.8,0.2727272727272727,1155.0,-548.0900972659588
63,all,R20,Very_High,R20_OUT,0.0,0.0,20713.416272872855,0.0,0.0864779874213836,0.8,0.2727272727272727,1155.0,-548.0900972659588
64,all,R1,Very_Low,R1_OUT,0.0,0.0,-4806.715330711831,-0.0,0.0581761006289308,0.2,0.1515151515151515,546.0,546.1954261027322
64,all,R2,Low,R2_OUT,0.0,0.0,3223.4951629815787,0.0,0.0581761006289308,0.2,0.1515151515151515,546.0,546.1954261027322
64,all,R3,Low,R3_OUT,0.0,0.0,-13533.410820325718,-0.0,0.0581761006289308,0.2,0.1515151515151515,546.0,546.1954261027322
64,all,R4,Low,R4_OUT,0.0,0.0,-3486.1955402806775,-0.0,0.0581761006289308,0.2,0.1515151515151515,546.0,546.1954261027322
64,all,R5,Medium,R5_OUT,1.0,1.0,546.1954261027322,546.1954261027322,0.0581761006289308,0.2,0.1515151515151515,546.0,546.1954261027322
64,all,R6,Medium,R6_OUT,0.0,0.0,-9640.619418507382,-0.0,0.0581761006289308,0.2,0.1515151515151515,546.0,546.1954261027322
64,all,R7,Medium,R7_OUT,0.0,0.0,1098.4743287684419,0.0,0.0581761006289308,0.2,0.1515151515151515,546.0,546.1954261027322
64,all,R8,Medium,R8_OUT,0.0,0.0,2409.7922137047008,0.0,0.0581761006289308,0.2,0.1515151515151515,546.0,546.1954261027322
64,all,R9,High,R9_OUT,0.0,0.0,14549.030806605224,0.0,0.0581761006289308,0.2,0.1515151515151515,546.0,546.1954261027322
64,all,R10,High,R10_OUT,0.0,0.0,-5356.728121543947,-0.0,0.0581761006289308,0.2,0.1515151515151515,546.0,546.1954261027322
64,all,R11,Medium,R11_OUT,0.0,0.0,-7717.657085061443,-0.0,0.0581761006289308,0.2,0.1515151515151515,546.0,546.1954261027322
64,all,R12,Medium,R12_OUT,0.0,0.0,-1359.3827726767408,-0.0,0.0581761006289308,0.2,0.1515151515151515,546.0,546.1954261027322
64,all,R13,High,R13_OUT,0.0,0.0,26.493151169289376,0.0,0.0581761006289308,0.2,0.1515151515151515,546.0,546.1954261027322
64,all,R14,High,R14_OUT,0.0,0.0,3289.3949962191136,0.0,0.0581761006289308,0.2,0.1515151515151515,546.0,546.1954261027322
64,all,R15,High,R15_OUT,0.0,0.0,10396.498263064446,0.0,0.0581761006289308,0.2,0.1515151515151515,546.0,546.1954261027322
64,all,R16,High,R16_OUT,0.0,0.0,7718.0851254453155,0.0,0.0581761006289308,0.2,0.1515151515151515,546.0,546.1954261027322
64,all,R17,High,R17_OUT,0.0,0.0,21923.866068110692,0.0,0.0581761006289308,0.2,0.1515151515151515,546.0,546.1954261027322
64,all,R18,Very_High,R18_OUT,0.0,0.0,22985.05996793104,0.0,0.0581761006289308,0.2,0.1515151515151515,546.0,546.1954261027322
64,all,R19,Very_High,R19_OUT,0.0,0.0,28490.912651606304,0.0,0.0581761006289308,0.2,0.1515151515151515,546.0,546.1954261027322
64,all,R20,Very_High,R20_OUT,0.0,0.0,16801.61183339497,0.0,0.0581761006289308,0.2,0.1515151515151515,546.0,546.1954261027322
65,all,R1,Very_Low,R1_OUT,0.0,0.05,4089.797172268284,204.4898586134142,0.1619496855345912,0.6,0.3636363636363636,2275.0,5106.925525818694
65,all,R2,Low,R2_OUT,0.0,0.05,7906.689913784763,395.33449568923817,0.1619496855345912,0.6,0.3636363636363636,2275.0,5106.925525818694
65,all,R3,Low,R3_OUT,0.0,0.05,-3185.770860096838,-159.28854300484193,0.1619496855345912,0.6,0.3636363636363636,2275.0,5106.925525818694
65,all,R4,Low,R4_OUT,0.0,0.05,-944.3408882976864,-47.21704441488433,0.1619496855345912,0.6,0.3636363636363636,2275.0,5106.925525818694
65,all,R5,Medium,R5_OUT,0.0,0.05,-6125.376550977821,-306.26882754889107,0.1619496855345912,0.6,0.3636363636363636,2275.0,5106.925525818694
65,all,R6,Medium,R6_OUT,0.0,0.05,-7942.565578567509,-397.1282789283755,0.1619496855345912,0.6,0.3636363636363636,2275.0,5106.925525818694
65,all,R7,Medium,R7_OUT,0.0,0.05,3768.822097139157,188.44110485695785,0.1619496855345912,0.6,0.3636363636363636,2275.0,5106.925525818694
65,all,R8,Medium,R8_OUT,0.0,0.05,4923.604411744745,246.18022058723727,0.1619496855345912,0.6,0.3636363636363636,2275.0,5106.925525818694
65,all,R9,High,R9_OUT,0.0,0.05,-16763.242592490336,-838.1621296245169,0.1619496855345912,0.6,0.3636363636363636,2275.0,5106.925525818694
65,all,R10,High,R10_OUT,0.0,0.05,24188.06454673064,1209.403227336532,0.1619496855345912,0.6,0.3636363636363636,2275.0,5106.925525818694
65,all,R11,Medium,R11_OUT,0.0,0.05,-2558.1224279397156,-127.90612139698578,0.1619496855345912,0.6,0.3636363636363636,2275.0,5106.925525818694
65,all,R12,Medium,R12_OUT,0.0,0.05,2420.0541059446277,121.00270529723139,0.1619496855345912,0.6,0.3636363636363636,2275.0,5106.925525818694
65,all,R13,High,R13_OUT,0.0,0.05,2494.4509503786376,124.72254751893189,0.1619496855345912,0.6,0.3636363636363636,2275.0,5106.925525818694
65,all,R14,High,R14_OUT,0.0,0.05,-1565.622643095081,-78.28113215475406,0.1619496855345912,0.6,0.3636363636363636,2275.0,5106.925525818694
65,all,R15,High,R15_OUT,0.0,0.05,15217.204847980673,760.8602423990337,0.1619496855345912,0.6,0.3636363636363636,2275.0,5106.925525818694
65,all,R16,High,R16_OUT,0.0,0.05,7930.815248660934,396.5407624330467,0.1619496855345912,0.6,0.3636363636363636,2275.0,5106.925525818694
65,all,R17,High,R17_OUT,0.0,0.05,17625.073952516883,881.2536976258442,0.1619496855345912,0.6,0.3636363636363636,2275.0,5106.925525818694
65,all,R18,Very_High,R18_OUT,0.0,0.05,16093.934117875433,804.6967058937717,0.1619496855345912,0.6,0.3636363636363636,2275.0,5106.925525818694
65,all,R19,Very_High,R19_OUT,0.0,0.05,10127.938067575891,506.3969033787946,0.1619496855345912,0.6,0.3636363636363636,2275.0,5106.925525818694
65,all,R20,Very_High,R20_OUT,0.0,0.05,24437.102625238185,1221.8551312619093,0.1619496855345912,0.6,0.3636363636363636,2275.0,5106.925525818694
66,all,R1,Very_Low,R1_OUT,0.0,0.05,49824.89546082909,2491.2447730414547,0.9166666666666666,1.0,0.7575757575757576,9100.0,7528.591181427026
66,all,R2,Low,R2_OUT,0.0,0.05,33451.077829355134,1672.5538914677568,0.9166666666666666,1.0,0.7575757575757576,9100.0,7528.591181427026
66,all,R3,Low,R3_OUT,0.0,0.05,21246.8920790155,1062.344603950775,0.9166666666666666,1.0,0.7575757575757576,9100.0,7528.591181427026
66,all,R4,Low,R4_OUT,0.0,0.05,25482.494667707793,1274.1247333853898,0.9166666666666666,1.0,0.7575757575757576,9100.0,7528.591181427026
66,all,R5,Medium,R5_OUT,0.0,0.05,-20403.597752348862,-1020.1798876174431,0.9166666666666666,1.0,0.7575757575757576,9100.0,7528.591181427026
66,all,R6,Medium,R6_OUT,0.0,0.05,17849.20042948545,892.4600214742725,0.9166666666666666,1.0,0.7575757575757576,9100.0,7528.591181427026
66,all,R7,Medium,R7_OUT,0.0,0.05,21138.05743738131,1056.9028718690656,0.9166666666666666,1.0,0.7575757575757576,9100.0,7528.591181427026
66,all,R8,Medium,R8_OUT,0.0,0.05,34328.02730410204,1716.4013652051021,0.9166666666666666,1.0,0.7575757575757576,9100.0,7528.591181427026
66,all,R9,High,R9_OUT,0.0,0.05,-127231.94002509749,-6361.597001254875,0.9166666666666666,1.0,0.7575757575757576,9100.0,7528.591181427026
66,all,R10,High,R10_OUT,0.0,0.05,93575.8659003264,4678.79329501632,0.9166666666666666,1.0,0.7575757575757576,9100.0,7528.591181427026
66,all,R11,Medium,R11_OUT,0.0,0.05,41056.72402854041,2052.8362014270206,0.9166666666666666,1.0,0.7575757575757576,9100.0,7528.591181427026
66,all,R12,Medium,R12_OUT,0.0,0.05,30164.318082795617,1508.2159041397808,0.9166666666666666,1.0,0.7575757575757576,9100.0,7528.591181427026
66,all,R13,High,R13_OUT,0.0,0.05,12976.914624658739,648.8457312329369,0.9166666666666666,1.0,0.7575757575757576,9100.0,7528.591181427026
66,all,R14,High,R14_OUT,0.0,0.05,-14467.216611743144,-723.3608305871572,0.9166666666666666,1.0,0.7575757575757576,9100.0,7528.591181427026
66,all,R15,High,R15_OUT,0.0,0.05,-2705.34115287639,-135.2670576438195,0.9166666666666666,1.0,0.7575757575757576,9100.0,7528.591181427026
66,all,R16,High,R16_OUT,0.0,0.05,-9996.282703494364,-499.8141351747182,0.9166666666666666,1.0,0.7575757575757576,9100.0,7528.591181427026
66,all,R17,High,R17_OUT,0.0,0.05,6801.573771879721,340.07868859398604,0.9166666666666666,1.0,0.7575757575757576,9100.0,7528.591181427026
66,all,R18,Very_High,R18_OUT,0.0,0.05,-35641.21132863334,-1782.0605664316672,0.9166666666666666,1.0,0.7575757575757576,9100.0,7528.591181427026
66,all,R19,Very_High,R19_OUT,0.0,0.05,-87688.00686463086,-4384.400343231543,0.9166666666666666,1.0,0.7575757575757576,9100.0,7528.591181427026
66,all,R20,Very_High,R20_OUT,0.0,0.05,60809.378451287695,3040.468922564385,0.9166666666666666,1.0,0.7575757575757576,9100.0,7528.591181427026
67,all,R1,Very_Low,R1_OUT,0.0,0.0,4535.7751740011945,0.0,0.2216981132075471,0.2,0.1515151515151515,595.0,594.3753065223882
67,all,R2,Low,R2_OUT,0.0,0.0,8272.872707261686,0.0,0.2216981132075471,0.2,0.1515151515151515,595.0,594.3753065223882
67,all,R3,Low,R3_OUT,0.0,0.0,-9932.991472416299,-0.0,0.2216981132075471,0.2,0.1515151515151515,595.0,594.3753065223882
67,all,R4,Low,R4_OUT,0.0,0.0,2518.4922042067346,0.0,0.2216981132075471,0.2,0.1515151515151515,595.0,594.3753065223882
67,all,R5,Medium,R5_OUT,0.3505154639175261,0.30128058541047364,413.121452014605,124.46547290858508,0.2216981132075471,0.2,0.1515151515151515,595.0,594.3753065223882
67,all,R6,Medium,R6_OUT,0.0,0.0,-3577.143633367681,-0.0,0.2216981132075471,0.2,0.1515151515151515,595.0,594.3753065223882
67,all,R7,Medium,R7_OUT,0.0,0.0,4805.197224888174,0.0,0.2216981132075471,0.2,0.1515151515151515,595.0,594.3753065223882
67,all,R8,Medium,R8_OUT,0.0,0.0,8751.258414096172,0.0,0.2216981132075471,0.2,0.1515151515151515,595.0,594.3753065223882
67,all,R9,High,R9_OUT,0.0,0.0,844.7757080004158,0.0,0.2216981132075471,0.2,0.1515151515151515,595.0,594.3753065223882
67,all,R10,High,R10_OUT,0.8129032258064512,0.6987194145895264,672.5300940576562,469.90983361380466,0.2216981132075471,0.2,0.1515151515151515,595.0,594.3753065223882
67,all,R11,Medium,R11_OUT,0.0,0.0,1646.9181802209878,0.0,0.2216981132075471,0.2,0.1515151515151515,595.0,594.3753065223882
67,all,R12,Medium,R12_OUT,0.0,0.0,4575.446182176506,0.0,0.2216981132075471,0.2,0.1515151515151515,595.0,594.3753065223882
67,all,R13,High,R13_OUT,0.0,0.0,1768.1416742747779,0.0,0.2216981132075471,0.2,0.1515151515151515,595.0,594.3753065223882
67,all,R14,High,R14_OUT,0.0,0.0,2877.949343517993,0.0,0.2216981132075471,0.2,0.1515151515151515,595.0,594.3753065223882
67,all,R15,High,R15_OUT,0.0,0.0,2881.9431964585474,0.0,0.2216981132075471,0.2,0.1515151515151515,595.0,594.3753065223882
67,all,R16,High,R16_OUT,0.0,0.0,2727.7090656097616,0.0,0.2216981132075471,0.2,0.1515151515151515,595.0,594.3753065223882
67,all,R17,High,R17_OUT,0.0,0.0,18403.839251665668,0.0,0.2216981132075471,0.2,0.1515151515151515,595.0,594.3753065223882
67,all,R18,Very_High,R18_OUT,0.0,0.0,13482.121595116729,0.0,0.2216981132075471,0.2,0.1515151515151515,595.0,594.3753065223882
67,all,R19,Very_High,R19_OUT,0.0,0.0,8466.791055366764,0.0,0.2216981132075471,0.2,0.1515151515151515,595.0,594.3753065223882
67,all,R20,Very_High,R20_OUT,0.0,0.0,23477.445516928943,0.0,0.2216981132075471,0.2,0.1515151515151515,595.0,594.3753065223882
68,all,R1,Very_Low,R1_OUT,0.0,0.0,7370.802820114751,0.0,0.2877358490566037,0.2,0.6363636363636364,3941.0,3940.8306991080353
68,all,R2,Low,R2_OUT,0.0,0.0,12340.8081463959,0.0,0.2877358490566037,0.2,0.6363636363636364,3941.0,3940.8306991080353
68,all,R3,Low,R3_OUT,0.0,0.0,-9138.750844238035,-0.0,0.2877358490566037,0.2,0.6363636363636364,3941.0,3940.8306991080353
68,all,R4,Low,R4_OUT,0.0,0.0,4894.674762571514,0.0,0.2877358490566037,0.2,0.6363636363636364,3941.0,3940.8306991080353
68,all,R5,Medium,R5_OUT,0.0,0.0,-18512.386474796018,-0.0,0.2877358490566037,0.2,0.6363636363636364,3941.0,3940.8306991080353
68,all,R6,Medium,R6_OUT,0.0,0.0,-1244.6607089606441,-0.0,0.2877358490566037,0.2,0.6363636363636364,3941.0,3940.8306991080353
68,all,R7,Medium,R7_OUT,0.0,0.0,6150.887329886775,0.0,0.2877358490566037,0.2,0.6363636363636364,3941.0,3940.8306991080353
68,all,R8,Medium,R8_OUT,0.0,0.0,15703.427591098496,0.0,0.2877358490566037,0.2,0.6363636363636364,3941.0,3940.8306991080353
68,all,R9,High,R9_OUT,0.0,0.0,-70297.4936885596,-0.0,0.2877358490566037,0.2,0.6363636363636364,3941.0,3940.8306991080353
68,all,R10,High,R10_OUT,0.0,0.0,45352.55109175157,0.0,0.2877358490566037,0.2,0.6363636363636364,3941.0,3940.8306991080353
68,all,R11,Medium,R11_OUT,0.0,0.0,8567.695814440072,0.0,0.2877358490566037,0.2,0.6363636363636364,3941.0,3940.8306991080353
68,all,R12,Medium,R12_OUT,0.0,0.0,7877.917642319432,0.0,0.2877358490566037,0.2,0.6363636363636364,3941.0,3940.8306991080353
68,all,R13,High,R13_OUT,0.0,0.0,5355.246460956759,0.0,0.2877358490566037,0.2,0.6363636363636364,3941.0,3940.8306991080353
68,all,R14,High,R14_OUT,0.0,0.0,-14378.094427315365,-0.0,0.2877358490566037,0.2,0.6363636363636364,3941.0,3940.8306991080353
68,all,R15,High,R15_OUT,0.0,0.0,18968.437718391313,0.0,0.2877358490566037,0.2,0.6363636363636364,3941.0,3940.8306991080353
68,all,R16,High,R16_OUT,0.0,0.0,5314.251270505526,0.0,0.2877358490566037,0.2,0.6363636363636364,3941.0,3940.8306991080353
68,all,R17,High,R17_OUT,0.0,0.0,36949.50696665856,0.0,0.2877358490566037,0.2,0.6363636363636364,3941.0,3940.8306991080353
68,all,R18,Very_High,R18_OUT,0.0,0.0,-9062.309970468617,-0.0,0.2877358490566037,0.2,0.6363636363636364,3941.0,3940.8306991080353
68,all,R19,Very_High,R19_OUT,1.0,0.906976744186047,1069.2912987528543,969.8223407293335,0.2877358490566037,0.2,0.6363636363636364,3941.0,3940.8306991080353
68,all,R20,Very_High,R20_OUT,0.10256410256410206,0.09302325581395308,31938.339852571255,2971.0083583787086,0.2877358490566037,0.2,0.6363636363636364,3941.0,3940.8306991080353
69,all,R1,Very_Low,R1_OUT,0.0,0.0,29894.450303744103,0.0,0.5534591194968553,1.0,0.3333333333333333,1400.0,1400.3151304013609
69,all,R2,Low,R2_OUT,0.0,0.0,20460.4652049549,0.0,0.5534591194968553,1.0,0.3333333333333333,1400.0,1400.3151304013609
69,all,R3,Low,R3_OUT,0.0,0.0,13827.109814634468,0.0,0.5534591194968553,1.0,0.3333333333333333,1400.0,1400.3151304013609
69,all,R4,Low,R4_OUT,0.0,0.0,12187.848444843614,0.0,0.5534591194968553,1.0,0.3333333333333333,1400.0,1400.3151304013609
69,all,R5,Medium,R5_OUT,0.0,0.0,-3595.2242830566975,-0.0,0.5534591194968553,1.0,0.3333333333333333,1400.0,1400.3151304013609
69,all,R6,Medium,R6_OUT,0.0,0.0,4482.9877623274915,0.0,0.5534591194968553,1.0,0.3333333333333333,1400.0,1400.3151304013609
69,all,R7,Medium,R7_OUT,0.0,0.0,13037.204340014669,0.0,0.5534591194968553,1.0,0.3333333333333333,1400.0,1400.3151304013609
69,all,R8,Medium,R8_OUT,0.0,0.0,16400.361875897674,0.0,0.5534591194968553,1.0,0.3333333333333333,1400.0,1400.3151304013609
69,all,R9,High,R9_OUT,0.0,0.0,-39385.80475595379,-0.0,0.5534591194968553,1.0,0.3333333333333333,1400.0,1400.3151304013609
69,all,R10,High,R10_OUT,0.0,0.0,43219.46860060758,0.0,0.5534591194968553,1.0,0.3333333333333333,1400.0,1400.3151304013609
69,all,R11,Medium,R11_OUT,0.0,0.0,17509.997970895703,0.0,0.5534591194968553,1.0,0.3333333333333333,1400.0,1400.3151304013609
69,all,R12,Medium,R12_OUT,0.0,0.0,16189.650512091292,0.0,0.5534591194968553,1.0,0.3333333333333333,1400.0,1400.3151304013609
69,all,R13,High,R13_OUT,0.0,0.0,6585.166920800069,0.0,0.5534591194968553,1.0,0.3333333333333333,1400.0,1400.3151304013609
69,all,R14,High,R14_OUT,0.30769230769230754,1.0,1400.3151304013609,1400.3151304013609,0.5534591194968553,1.0,0.3333333333333333,1400.0,1400.3151304013609
69,all,R15,High,R15_OUT,0.0,0.0,-2745.4246125656737,-0.0,0.5534591194968553,1.0,0.3333333333333333,1400.0,1400.3151304013609
69,all,R16,High,R16_OUT,0.0,0.0,-2938.540309479533,-0.0,0.5534591194968553,1.0,0.3333333333333333,1400.0,1400.3151304013609
69,all,R17,High,R17_OUT,0.0,0.0,-2851.2200066770783,-0.0,0.5534591194968553,1.0,0.3333333333333333,1400.0,1400.3151304013609
69,all,R18,Very_High,R18_OUT,0.0,0.0,1834.6449347075031,0.0,0.5534591194968553,1.0,0.3333333333333333,1400.0,1400.3151304013609
69,all,R19,Very_High,R19_OUT,0.0,0.0,-43814.37130769437,-0.0,0.5534591194968553,1.0,0.3333333333333333,1400.0,1400.3151304013609
69,all,R20,Very_High,R20_OUT,0.0,0.0,40937.05078234611,0.0,0.5534591194968553,1.0,0.3333333333333333,1400.0,1400.3151304013609
70,all,R1,Very_Low,R1_OUT,0.0,0.0,19384.148485941943,0.0,0.3694968553459119,1.0,0.3333333333333333,2800.0,2800.32267690569
70,all,R2,Low,R2_OUT,0.0,0.0,14779.915467639777,0.0,0.3694968553459119,1.0,0.3333333333333333,2800.0,2800.32267690569
70,all,R3,Low,R3_OUT,0.0,0.0,9776.63804823637,0.0,0.3694968553459119,1.0,0.3333333333333333,2800.0,2800.32267690569
70,all,R4,Low,R4_OUT,0.0,0.0,5432.574732295268,0.0,0.3694968553459119,1.0,0.3333333333333333,2800.0,2800.32267690569
70,all,R5,Medium,R5_OUT,0.0,0.0,-3445.5160622075546,-0.0,0.3694968553459119,1.0,0.3333333333333333,2800.0,2800.32267690569
70,all,R6,Medium,R6_OUT,0.0,0.0,-2338.4224959546736,-0.0,0.3694968553459119,1.0,0.3333333333333333,2800.0,2800.32267690569
70,all,R7,Medium,R7_OUT,0.0,0.0,8867.141081879967,0.0,0.3694968553459119,1.0,0.3333333333333333,2800.0,2800.32267690569
70,all,R8,Medium,R8_OUT,0.09467455621301786,0.16842105263157905,9266.212400457262,1560.6252463928029,0.3694968553459119,1.0,0.3333333333333333,2800.0,2800.32267690569
70,all,R9,High,R9_OUT,0.0,0.0,-23968.517770023383,-0.0,0.3694968553459119,1.0,0.3333333333333333,2800.0,2800.32267690569
70,all,R10,High,R10_OUT,0.0,0.0,36436.55310805577,0.0,0.3694968553459119,1.0,0.3333333333333333,2800.0,2800.32267690569
70,all,R11,Medium,R11_OUT,0.0,0.0,6974.850797452966,0.0,0.3694968553459119,1.0,0.3333333333333333,2800.0,2800.32267690569
70,all,R12,Medium,R12_OUT,0.0,0.0,9512.967937881387,0.0,0.3694968553459119,1.0,0.3333333333333333,2800.0,2800.32267690569
70,all,R13,High,R13_OUT,0.0,0.0,4625.812332306394,0.0,0.3694968553459119,1.0,0.3333333333333333,2800.0,2800.32267690569
70,all,R14,High,R14_OUT,0.23668639053254414,0.42105263157894673,1863.1914896901217,784.5016798695237,0.3694968553459119,1.0,0.3333333333333333,2800.0,2800.32267690569
70,all,R15,High,R15_OUT,0.0,0.0,5708.449837365968,0.0,0.3694968553459119,1.0,0.3333333333333333,2800.0,2800.32267690569
70,all,R16,High,R16_OUT,0.0,0.0,2675.6327578354667,0.0,0.3694968553459119,1.0,0.3333333333333333,2800.0,2800.32267690569
70,all,R17,High,R17_OUT,0.23076923076923123,0.41052631578947424,1108.810161823576,455.1957506433634,0.3694968553459119,1.0,0.3333333333333333,2800.0,2800.32267690569
70,all,R18,Very_High,R18_OUT,0.0,0.0,12525.450604123602,0.0,0.3694968553459119,1.0,0.3333333333333333,2800.0,2800.32267690569
70,all,R19,Very_High,R19_OUT,0.0,0.0,-21287.234511924875,-0.0,0.3694968553459119,1.0,0.3333333333333333,2800.0,2800.32267690569
70,all,R20,Very_High,R20_OUT,0.0,0.0,33426.73788837039,0.0,0.3694968553459119,1.0,0.3333333333333333,2800.0,2800.32267690569
71,all,R1,Very_Low,R1_OUT,0.0,0.05,47426.84720715892,2371.3423603579463,0.8726415094339622,1.0,0.696969696969697,9520.0,7496.075957882379
71,all,R2,Low,R2_OUT,0.0,0.05,31838.03456165209,1591.9017280826047,0.8726415094339622,1.0,0.696969696969697,9520.0,7496.075957882379
71,all,R3,Low,R3_OUT,0.0,0.05,20360.02026813803,1018.0010134069015,0.8726415094339622,1.0,0.696969696969697,9520.0,7496.075957882379
71,all,R4,Low,R4_OUT,0.0,0.05,23871.946403805578,1193.5973201902789,0.8726415094339622,1.0,0.696969696969697,9520.0,7496.075957882379
71,all,R5,Medium,R5_OUT,0.0,0.05,-18008.79932966576,-900.439966483288,0.8726415094339622,1.0,0.696969696969697,9520.0,7496.075957882379
71,all,R6,Medium,R6_OUT,0.0,0.05,16231.254735935257,811.5627367967629,0.8726415094339622,1.0,0.696969696969697,9520.0,7496.075957882379
71,all,R7,Medium,R7_OUT,0.0,0.05,20159.000540730296,1007.9500270365148,0.8726415094339622,1.0,0.696969696969697,9520.0,7496.075957882379
71,all,R8,Medium,R8_OUT,0.0,0.05,32071.81042564112,1603.5905212820562,0.8726415094339622,1.0,0.696969696969697,9520.0,7496.075957882379
71,all,R9,High,R9_OUT,0.0,0.05,-115341.35054770767,-5767.067527385384,0.8726415094339622,1.0,0.696969696969697,9520.0,7496.075957882379
71,all,R10,High,R10_OUT,0.0,0.05,86671.96304095183,4333.598152047592,0.8726415094339622,1.0,0.696969696969697,9520.0,7496.075957882379
71,all,R11,Medium,R11_OUT,0.0,0.05,38143.12598498249,1907.1562992491247,0.8726415094339622,1.0,0.696969696969697,9520.0,7496.075957882379
71,all,R12,Medium,R12_OUT,0.0,0.05,28453.265316403602,1422.6632658201802,0.8726415094339622,1.0,0.696969696969697,9520.0,7496.075957882379
71,all,R13,High,R13_OUT,0.0,0.05,12147.540911894164,607.3770455947082,0.8726415094339622,1.0,0.696969696969697,9520.0,7496.075957882379
71,all,R14,High,R14_OUT,0.0,0.05,-12220.207403860604,-611.0103701930302,0.8726415094339622,1.0,0.696969696969697,9520.0,7496.075957882379
71,all,R15,High,R15_OUT,0.0,0.05,-3072.3440472979382,-153.6172023648969,0.8726415094339622,1.0,0.696969696969697,9520.0,7496.075957882379
71,all,R16,High,R16_OUT,0.0,0.05,-9227.955716017304,-461.3977858008652,0.8726415094339622,1.0,0.696969696969697,9520.0,7496.075957882379
71,all,R17,High,R17_OUT,0.0,0.05,5253.371173602962,262.6685586801481,0.8726415094339622,1.0,0.696969696969697,9520.0,7496.075957882379
71,all,R18,Very_High,R18_OUT,0.0,0.05,-30744.389613882035,-1537.2194806941018,0.8726415094339622,1.0,0.696969696969697,9520.0,7496.075957882379
71,all,R19,Very_High,R19_OUT,0.0,0.05,-82383.04279587672,-4119.152139793837,0.8726415094339622,1.0,0.696969696969697,9520.0,7496.075957882379
71,all,R20,Very_High,R20_OUT,0.0,0.05,58291.42804105936,2914.571402052968,0.8726415094339622,1.0,0.696969696969697,9520.0,7496.075957882379
72,all,R1,Very_Low,R1_OUT,0.0,0.0,55316.804273299735,0.0,0.9984276729559748,1.0,0.3333333333333333,5880.0,280.7082100704247
72,all,R2,Low,R2_OUT,0.0,0.0,34200.598330255576,0.0,0.9984276729559748,1.0,0.3333333333333333,5880.0,280.7082100704247
72,all,R3,Low,R3_OUT,0.0,0.0,23624.404770964913,0.0,0.9984276729559748,1.0,0.3333333333333333,5880.0,280.7082100704247
72,all,R4,Low,R4_OUT,0.0,0.0,28527.527595708405,0.0,0.9984276729559748,1.0,0.3333333333333333,5880.0,280.7082100704247
72,all,R5,Medium,R5_OUT,0.0,0.0,-3957.3390394695816,-0.0,0.9984276729559748,1.0,0.3333333333333333,5880.0,280.7082100704247
72,all,R6,Medium,R6_OUT,0.0,0.0,20982.6382161211,0.0,0.9984276729559748,1.0,0.3333333333333333,5880.0,280.7082100704247
72,all,R7,Medium,R7_OUT,0.0,0.0,23123.767605417404,0.0,0.9984276729559748,1.0,0.3333333333333333,5880.0,280.7082100704247
72,all,R8,Medium,R8_OUT,0.0,0.0,33656.467017347546,0.0,0.9984276729559748,1.0,0.3333333333333333,5880.0,280.7082100704247
72,all,R9,High,R9_OUT,0.0,0.0,-76677.19122619572,-0.0,0.9984276729559748,1.0,0.3333333333333333,5880.0,280.7082100704247
72,all,R10,High,R10_OUT,0.0,0.0,59626.00778344656,0.0,0.9984276729559748,1.0,0.3333333333333333,5880.0,280.7082100704247
72,all,R11,Medium,R11_OUT,0.0,0.0,42992.447971616166,0.0,0.9984276729559748,1.0,0.3333333333333333,5880.0,280.7082100704247
72,all,R12,Medium,R12_OUT,0.0,0.0,32339.23314885542,0.0,0.9984276729559748,1.0,0.3333333333333333,5880.0,280.7082100704247
72,all,R13,High,R13_OUT,0.0,0.0,11324.460498096736,0.0,0.9984276729559748,1.0,0.3333333333333333,5880.0,280.7082100704247
72,all,R14,High,R14_OUT,0.30769230769230754,1.0,280.7082100704247,280.7082100704247,0.9984276729559748,1.0,0.3333333333333333,5880.0,280.7082100704247
72,all,R15,High,R15_OUT,0.0,0.0,-23193.685034195194,-0.0,0.9984276729559748,1.0,0.3333333333333333,5880.0,280.7082100704247
72,all,R16,High,R16_OUT,0.0,0.0,-16518.12131845513,-0.0,0.9984276729559748,1.0,0.3333333333333333,5880.0,280.7082100704247
72,all,R17,High,R17_OUT,0.0,0.0,-12429.75451681114,-0.0,0.9984276729559748,1.0,0.3333333333333333,5880.0,280.7082100704247
72,all,R18,Very_High,R18_OUT,0.0,0.0,-24024.312368239138,-0.0,0.9984276729559748,1.0,0.3333333333333333,5880.0,280.7082100704247
72,all,R19,Very_High,R19_OUT,0.0,0.0,-98303.08680515389,-0.0,0.9984276729559748,1.0,0.3333333333333333,5880.0,280.7082100704247
72,all,R20,Very_High,R20_OUT,0.0,0.0,59103.02128657798,0.0,0.9984276729559748,1.0,0.3333333333333333,5880.0,280.7082100704247
