sample_index,split,rule_id,original_label,sugeno_output,firing_strength,normalized_firing_strength,rule_output,rule_contribution,PointsAjust,TeamExp,Length,actual,predicted
0,all,R1,Very_Low,R1_OUT,0.0,0.0,14762.17066466728,0.0,0.3773584905660377,0.4,0.3333333333333333,5152.0,5094.618573432491
0,all,R2,Low,R2_OUT,0.0,0.0,-3714.262979136188,-0.0,0.3773584905660377,0.4,0.3333333333333333,5152.0,5094.618573432491
0,all,R3,Medium,R3_OUT,0.0,0.0,2445.113399668953,0.0,0.3773584905660377,0.4,0.3333333333333333,5152.0,5094.618573432491
0,all,R4,Low,R4_OUT,0.0,0.0,9973.473958165598,0.0,0.3773584905660377,0.4,0.3333333333333333,5152.0,5094.618573432491
0,all,R5,Medium,R5_OUT,0.0,0.0,5666.205290049056,0.0,0.3773584905660377,0.4,0.3333333333333333,5152.0,5094.618573432491
0,all,R6,Medium,R6_OUT,0.0,0.0,-15393.169541389581,-0.0,0.3773584905660377,0.4,0.3333333333333333,5152.0,5094.618573432491
0,all,R7,Medium,R7_OUT,0.0,0.0,-11373.083822171917,-0.0,0.3773584905660377,0.4,0.3333333333333333,5152.0,5094.618573432491
0,all,R8,High,R8_OUT,0.0,0.0,-7243.3116368428255,-0.0,0.3773584905660377,0.4,0.3333333333333333,5152.0,5094.618573432491
0,all,R9,Low,R9_OUT,0.0,0.0,5119.3994032715445,0.0,0.3773584905660377,0.4,0.3333333333333333,5152.0,5094.618573432491
0,all,R10,Medium,R10_OUT,0.0,0.0,10170.721790587615,0.0,0.3773584905660377,0.4,0.3333333333333333,5152.0,5094.618573432491
0,all,R11,Medium,R11_OUT,0.0,0.0,16179.286225038835,0.0,0.3773584905660377,0.4,0.3333333333333333,5152.0,5094.618573432491
0,all,R12,Medium,R12_OUT,0.0,0.0,2414.5308529504146,0.0,0.3773584905660377,0.4,0.3333333333333333,5152.0,5094.618573432491
0,all,R13,Medium,R13_OUT,0.0,0.0,6955.088847355701,0.0,0.3773584905660377,0.4,0.3333333333333333,5152.0,5094.618573432491
0,all,R14,High,R14_OUT,0.0,0.0,19734.8513278805,0.0,0.3773584905660377,0.4,0.3333333333333333,5152.0,5094.618573432491
0,all,R15,High,R15_OUT,0.06837606837606851,0.06124401913875609,15590.679387086831,954.835866768956,0.3773584905660377,0.4,0.3333333333333333,5152.0,5094.618573432491
0,all,R16,High,R16_OUT,0.16666666666666713,0.14928229665071807,-12857.887103997025,-1919.4549169603263,0.3773584905660377,0.4,0.3333333333333333,5152.0,5094.618573432491
0,all,R17,Medium,R17_OUT,0.0,0.0,-9200.002679890278,-0.0,0.3773584905660377,0.4,0.3333333333333333,5152.0,5094.618573432491
0,all,R18,High,R18_OUT,0.0,0.0,-1007.1970261570386,-0.0,0.3773584905660377,0.4,0.3333333333333333,5152.0,5094.618573432491
0,all,R19,High,R19_OUT,0.25641025641025617,0.22966507177033466,1437.3266996561874,330.10373963395654,0.3773584905660377,0.4,0.3333333333333333,5152.0,5094.618573432491
0,all,R20,Very_High,R20_OUT,0.6249999999999999,0.5598086124401912,10234.09386114436,5729.133883989903,0.3773584905660377,0.4,0.3333333333333333,5152.0,5094.618573432491
1,all,R1,Very_Low,R1_OUT,0.0,0.05,14710.987157032636,735.5493578516318,0.3977987421383648,0.2,0.0909090909090909,5635.0,3262.288103824653
1,all,R2,Low,R2_OUT,0.0,0.05,-6793.6850499023385,-339.68425249511694,0.3977987421383648,0.2,0.0909090909090909,5635.0,3262.288103824653
1,all,R3,Medium,R3_OUT,0.0,0.05,657.0025489180189,32.850127445900945,0.3977987421383648,0.2,0.0909090909090909,5635.0,3262.288103824653
1,all,R4,Low,R4_OUT,0.0,0.05,6081.778624622565,304.08893123112824,0.3977987421383648,0.2,0.0909090909090909,5635.0,3262.288103824653
1,all,R5,Medium,R5_OUT,0.0,0.05,5070.63942256717,253.53197112835852,0.3977987421383648,0.2,0.0909090909090909,5635.0,3262.288103824653
1,all,R6,Medium,R6_OUT,0.0,0.05,-13887.028815279533,-694.3514407639767,0.3977987421383648,0.2,0.0909090909090909,5635.0,3262.288103824653
1,all,R7,Medium,R7_OUT,0.0,0.05,-1246.1047859896335,-62.30523929948168,0.3977987421383648,0.2,0.0909090909090909,5635.0,3262.288103824653
1,all,R8,High,R8_OUT,0.0,0.05,-10921.56203325551,-546.0781016627756,0.3977987421383648,0.2,0.0909090909090909,5635.0,3262.288103824653
1,all,R9,Low,R9_OUT,0.0,0.05,7762.75682627051,388.13784131352554,0.3977987421383648,0.2,0.0909090909090909,5635.0,3262.288103824653
1,all,R10,Medium,R10_OUT,0.0,0.05,8874.412183136128,443.7206091568064,0.3977987421383648,0.2,0.0909090909090909,5635.0,3262.288103824653
1,all,R11,Medium,R11_OUT,0.0,0.05,11839.386867071391,591.9693433535696,0.3977987421383648,0.2,0.0909090909090909,5635.0,3262.288103824653
1,all,R12,Medium,R12_OUT,0.0,0.05,1403.9616485544811,70.19808242772406,0.3977987421383648,0.2,0.0909090909090909,5635.0,3262.288103824653
1,all,R13,Medium,R13_OUT,0.0,0.05,6015.229240567016,300.7614620283508,0.3977987421383648,0.2,0.0909090909090909,5635.0,3262.288103824653
1,all,R14,High,R14_OUT,0.0,0.05,40125.08902773833,2006.2544513869166,0.3977987421383648,0.2,0.0909090909090909,5635.0,3262.288103824653
1,all,R15,High,R15_OUT,0.0,0.05,450.92632160961875,22.54631608048094,0.3977987421383648,0.2,0.0909090909090909,5635.0,3262.288103824653
1,all,R16,High,R16_OUT,0.0,0.05,-15360.436379865998,-768.0218189932999,0.3977987421383648,0.2,0.0909090909090909,5635.0,3262.288103824653
1,all,R17,Medium,R17_OUT,0.0,0.05,-2795.3188049715723,-139.76594024857863,0.3977987421383648,0.2,0.0909090909090909,5635.0,3262.288103824653
1,all,R18,High,R18_OUT,0.0,0.05,1259.8898871659112,62.99449435829556,0.3977987421383648,0.2,0.0909090909090909,5635.0,3262.288103824653
1,all,R19,High,R19_OUT,0.0,0.05,3704.3666949826006,185.21833474913004,0.3977987421383648,0.2,0.0909090909090909,5635.0,3262.288103824653
1,all,R20,Very_High,R20_OUT,0.0,0.05,8293.471495521242,414.67357477606214,0.3977987421383648,0.2,0.0909090909090909,5635.0,3262.288103824653
2,all,R1,Very_Low,R1_OUT,1.0,1.0,805.02502101309,805.02502101309,0.0330188679245283,1.0,0.0,805.0,805.02502101309
2,all,R2,Low,R2_OUT,0.0,0.0,3299.5342452221867,0.0,0.0330188679245283,1.0,0.0,805.0,805.02502101309
2,all,R3,Medium,R3_OUT,0.0,0.0,391.6402414428276,0.0,0.0330188679245283,1.0,0.0,805.0,805.02502101309
2,all,R4,Low,R4_OUT,0.0,0.0,5942.525914748501,0.0,0.0330188679245283,1.0,0.0,805.0,805.02502101309
2,all,R5,Medium,R5_OUT,0.0,0.0,6591.428273611538,0.0,0.0330188679245283,1.0,0.0,805.0,805.02502101309
2,all,R6,Medium,R6_OUT,0.0,0.0,-22634.10369734461,-0.0,0.0330188679245283,1.0,0.0,805.0,805.02502101309
2,all,R7,Medium,R7_OUT,0.0,0.0,26012.10303018112,0.0,0.0330188679245283,1.0,0.0,805.0,805.02502101309
2,all,R8,High,R8_OUT,0.0,0.0,15947.4984692458,0.0,0.0330188679245283,1.0,0.0,805.0,805.02502101309
2,all,R9,Low,R9_OUT,0.0,0.0,-5017.824845375134,-0.0,0.0330188679245283,1.0,0.0,805.0,805.02502101309
2,all,R10,Medium,R10_OUT,0.0,0.0,-2342.1287190137423,-0.0,0.0330188679245283,1.0,0.0,805.0,805.02502101309
2,all,R11,Medium,R11_OUT,0.0,0.0,-1962.7699257242177,-0.0,0.0330188679245283,1.0,0.0,805.0,805.02502101309
2,all,R12,Medium,R12_OUT,0.0,0.0,-8841.061355527927,-0.0,0.0330188679245283,1.0,0.0,805.0,805.02502101309
2,all,R13,Medium,R13_OUT,0.0,0.0,-5900.095009922535,-0.0,0.0330188679245283,1.0,0.0,805.0,805.02502101309
2,all,R14,High,R14_OUT,0.0,0.0,72615.2188052016,0.0,0.0330188679245283,1.0,0.0,805.0,805.02502101309
2,all,R15,High,R15_OUT,0.0,0.0,-15975.804770719657,-0.0,0.0330188679245283,1.0,0.0,805.0,805.02502101309
2,all,R16,High,R16_OUT,0.0,0.0,21458.749599546554,0.0,0.0330188679245283,1.0,0.0,805.0,805.02502101309
2,all,R17,Medium,R17_OUT,0.0,0.0,14531.441373022908,0.0,0.0330188679245283,1.0,0.0,805.0,805.02502101309
2,all,R18,High,R18_OUT,0.0,0.0,43270.00053682163,0.0,0.0330188679245283,1.0,0.0,805.0,805.02502101309
2,all,R19,High,R19_OUT,0.0,0.0,-6835.839842022488,-0.0,0.0330188679245283,1.0,0.0,805.0,805.02502101309
2,all,R20,Very_High,R20_OUT,0.0,0.0,-505.04243082929065,-0.0,0.0330188679245283,1.0,0.0,805.0,805.02502101309
3,all,R1,Very_Low,R1_OUT,0.0,0.05,13574.906939595505,678.7453469797753,0.3789308176100629,0.2,0.1212121212121212,3829.0,2940.09987354824
3,all,R2,Low,R2_OUT,0.0,0.05,-7268.405783900032,-363.4202891950016,0.3789308176100629,0.2,0.1212121212121212,3829.0,2940.09987354824
3,all,R3,Medium,R3_OUT,0.0,0.05,148.9942272248827,7.449711361244136,0.3789308176100629,0.2,0.1212121212121212,3829.0,2940.09987354824
3,all,R4,Low,R4_OUT,0.0,0.05,5923.707542556304,296.18537712781523,0.3789308176100629,0.2,0.1212121212121212,3829.0,2940.09987354824
3,all,R5,Medium,R5_OUT,0.0,0.05,4503.281738615216,225.16408693076085,0.3789308176100629,0.2,0.1212121212121212,3829.0,2940.09987354824
3,all,R6,Medium,R6_OUT,0.0,0.05,-14504.33713538519,-725.2168567692596,0.3789308176100629,0.2,0.1212121212121212,3829.0,2940.09987354824
3,all,R7,Medium,R7_OUT,0.0,0.05,-2418.086575985444,-120.90432879927221,0.3789308176100629,0.2,0.1212121212121212,3829.0,2940.09987354824
3,all,R8,High,R8_OUT,0.0,0.05,-9987.551827585723,-499.3775913792862,0.3789308176100629,0.2,0.1212121212121212,3829.0,2940.09987354824
3,all,R9,Low,R9_OUT,0.0,0.05,6986.637985837466,349.3318992918733,0.3789308176100629,0.2,0.1212121212121212,3829.0,2940.09987354824
3,all,R10,Medium,R10_OUT,0.0,0.05,8573.71029081344,428.68551454067205,0.3789308176100629,0.2,0.1212121212121212,3829.0,2940.09987354824
3,all,R11,Medium,R11_OUT,0.0,0.05,13419.853362174714,670.9926681087358,0.3789308176100629,0.2,0.1212121212121212,3829.0,2940.09987354824
3,all,R12,Medium,R12_OUT,0.0,0.05,759.8223321550013,37.991116607750065,0.3789308176100629,0.2,0.1212121212121212,3829.0,2940.09987354824
3,all,R13,Medium,R13_OUT,0.0,0.05,5223.538660643251,261.1769330321626,0.3789308176100629,0.2,0.1212121212121212,3829.0,2940.09987354824
3,all,R14,High,R14_OUT,0.0,0.05,36375.47487012462,1818.773743506231,0.3789308176100629,0.2,0.1212121212121212,3829.0,2940.09987354824
3,all,R15,High,R15_OUT,0.0,0.05,1735.7963256385556,86.78981628192778,0.3789308176100629,0.2,0.1212121212121212,3829.0,2940.09987354824
3,all,R16,High,R16_OUT,0.0,0.05,-12690.606586678114,-634.5303293339057,0.3789308176100629,0.2,0.1212121212121212,3829.0,2940.09987354824
3,all,R17,Medium,R17_OUT,0.0,0.05,-4045.1946595508066,-202.25973297754035,0.3789308176100629,0.2,0.1212121212121212,3829.0,2940.09987354824
3,all,R18,High,R18_OUT,0.0,0.05,1134.0842157458792,56.70421078729396,0.3789308176100629,0.2,0.1212121212121212,3829.0,2940.09987354824
3,all,R19,High,R19_OUT,0.0,0.05,3426.721117996321,171.33605589981607,0.3789308176100629,0.2,0.1212121212121212,3829.0,2940.09987354824
3,all,R20,Very_High,R20_OUT,0.0,0.05,7929.650430928943,396.4825215464472,0.3789308176100629,0.2,0.1212121212121212,3829.0,2940.09987354824
4,all,R1,Very_Low,R1_OUT,0.0,0.05,5103.545650159666,255.17728250798334,0.2295597484276729,0.2,0.0909090909090909,2149.0,2116.317321635181
4,all,R2,Low,R2_OUT,0.0,0.05,-10153.430600787251,-507.67153003936255,0.2295597484276729,0.2,0.0909090909090909,2149.0,2116.317321635181
4,all,R3,Medium,R3_OUT,0.0,0.05,-3836.6580773520427,-191.83290386760214,0.2295597484276729,0.2,0.0909090909090909,2149.0,2116.317321635181
4,all,R4,Low,R4_OUT,0.0,0.05,2294.2422162040893,114.71211081020448,0.2295597484276729,0.2,0.0909090909090909,2149.0,2116.317321635181
4,all,R5,Medium,R5_OUT,0.0,0.05,1375.7522381995618,68.7876119099781,0.2295597484276729,0.2,0.0909090909090909,2149.0,2116.317321635181
4,all,R6,Medium,R6_OUT,0.0,0.05,-18225.57621594879,-911.2788107974395,0.2295597484276729,0.2,0.0909090909090909,2149.0,2116.317321635181
4,all,R7,Medium,R7_OUT,0.0,0.05,3523.7343144803363,176.18671572401684,0.2295597484276729,0.2,0.0909090909090909,2149.0,2116.317321635181
4,all,R8,High,R8_OUT,0.0,0.05,-2923.951159361548,-146.1975579680774,0.2295597484276729,0.2,0.0909090909090909,2149.0,2116.317321635181
4,all,R9,Low,R9_OUT,0.0,0.05,2524.872960863385,126.24364804316924,0.2295597484276729,0.2,0.0909090909090909,2149.0,2116.317321635181
4,all,R10,Medium,R10_OUT,0.0,0.05,4072.5472243565478,203.6273612178274,0.2295597484276729,0.2,0.0909090909090909,2149.0,2116.317321635181
4,all,R11,Medium,R11_OUT,0.0,0.05,16146.95240394264,807.3476201971321,0.2295597484276729,0.2,0.0909090909090909,2149.0,2116.317321635181
4,all,R12,Medium,R12_OUT,0.0,0.05,-5164.443052836064,-258.22215264180323,0.2295597484276729,0.2,0.0909090909090909,2149.0,2116.317321635181
4,all,R13,Medium,R13_OUT,0.0,0.05,-1721.5721399704053,-86.07860699852027,0.2295597484276729,0.2,0.0909090909090909,2149.0,2116.317321635181
4,all,R14,High,R14_OUT,0.0,0.05,37060.3566968456,1853.01783484228,0.2295597484276729,0.2,0.0909090909090909,2149.0,2116.317321635181
4,all,R15,High,R15_OUT,0.0,0.05,-5258.467634748924,-262.9233817374462,0.2295597484276729,0.2,0.0909090909090909,2149.0,2116.317321635181
4,all,R16,High,R16_OUT,0.0,0.05,6084.687595490406,304.23437977452033,0.2295597484276729,0.2,0.0909090909090909,2149.0,2116.317321635181
4,all,R17,Medium,R17_OUT,0.0,0.05,-2938.0138681192648,-146.90069340596324,0.2295597484276729,0.2,0.0909090909090909,2149.0,2116.317321635181
4,all,R18,High,R18_OUT,0.0,0.05,9583.644552078204,479.1822276039102,0.2295597484276729,0.2,0.0909090909090909,2149.0,2116.317321635181
4,all,R19,High,R19_OUT,0.0,0.05,1708.880582860173,85.44402914300866,0.2295597484276729,0.2,0.0909090909090909,2149.0,2116.317321635181
4,all,R20,Very_High,R20_OUT,0.0,0.05,3069.242746347296,153.4621373173648,0.2295597484276729,0.2,0.0909090909090909,2149.0,2116.317321635181
5,all,R1,Very_Low,R1_OUT,0.0,0.05,3666.918882776793,183.34594413883966,0.2044025157232704,0.2,0.0909090909090909,2821.0,1944.9572046722697
5,all,R2,Low,R2_OUT,0.0,0.05,-10655.8224588635,-532.7911229431751,0.2044025157232704,0.2,0.0909090909090909,2821.0,1944.9572046722697
5,all,R3,Medium,R3_OUT,0.0,0.05,-4508.607329878407,-225.43036649392036,0.2044025157232704,0.2,0.0909090909090909,2821.0,1944.9572046722697
5,all,R4,Low,R4_OUT,0.0,0.05,1727.881631767682,86.3940815883841,0.2044025157232704,0.2,0.0909090909090909,2821.0,1944.9572046722697
5,all,R5,Medium,R5_OUT,0.0,0.05,823.245743340854,41.162287167042706,0.2044025157232704,0.2,0.0909090909090909,2821.0,1944.9572046722697
5,all,R6,Medium,R6_OUT,0.0,0.05,-18874.330967450733,-943.7165483725366,0.2044025157232704,0.2,0.0909090909090909,2821.0,1944.9572046722697
5,all,R7,Medium,R7_OUT,0.0,0.05,4236.98128277491,211.84906413874552,0.2044025157232704,0.2,0.0909090909090909,2821.0,1944.9572046722697
5,all,R8,High,R8_OUT,0.0,0.05,-1728.046729620397,-86.40233648101986,0.2044025157232704,0.2,0.0909090909090909,2821.0,1944.9572046722697
5,all,R9,Low,R9_OUT,0.0,0.05,1741.6379903352172,87.08189951676087,0.2044025157232704,0.2,0.0909090909090909,2821.0,1944.9572046722697
5,all,R10,Medium,R10_OUT,0.0,0.05,3354.511342669882,167.7255671334941,0.2044025157232704,0.2,0.0909090909090909,2821.0,1944.9572046722697
5,all,R11,Medium,R11_OUT,0.0,0.05,16791.07435338133,839.5537176690665,0.2044025157232704,0.2,0.0909090909090909,2821.0,1944.9572046722697
5,all,R12,Medium,R12_OUT,0.0,0.05,-6146.634410053342,-307.33172050266717,0.2044025157232704,0.2,0.0909090909090909,2821.0,1944.9572046722697
5,all,R13,Medium,R13_OUT,0.0,0.05,-2878.4770193031036,-143.9238509651552,0.2044025157232704,0.2,0.0909090909090909,2821.0,1944.9572046722697
5,all,R14,High,R14_OUT,0.0,0.05,36602.07896512333,1830.1039482561664,0.2044025157232704,0.2,0.0909090909090909,2821.0,1944.9572046722697
5,all,R15,High,R15_OUT,0.0,0.05,-6112.208787101601,-305.6104393550801,0.2044025157232704,0.2,0.0909090909090909,2821.0,1944.9572046722697
5,all,R16,High,R16_OUT,0.0,0.05,9291.435105824068,464.57175529120343,0.2044025157232704,0.2,0.0909090909090909,2821.0,1944.9572046722697
5,all,R17,Medium,R17_OUT,0.0,0.05,-2959.3514476553682,-147.96757238276842,0.2044025157232704,0.2,0.0909090909090909,2821.0,1944.9572046722697
5,all,R18,High,R18_OUT,0.0,0.05,10828.318146831443,541.4159073415722,0.2044025157232704,0.2,0.0909090909090909,2821.0,1944.9572046722697
5,all,R19,High,R19_OUT,0.0,0.05,1410.4901361876605,70.52450680938303,0.2044025157232704,0.2,0.0909090909090909,2821.0,1944.9572046722697
5,all,R20,Very_High,R20_OUT,0.0,0.05,2288.0496623586696,114.40248311793349,0.2044025157232704,0.2,0.0909090909090909,2821.0,1944.9572046722697
6,all,R1,Very_Low,R1_OUT,0.0,0.0,2528.4248267558087,0.0,0.130503144654088,0.6,0.2424242424242424,2569.0,2569.1267543104204
6,all,R2,Low,R2_OUT,0.0,0.0,-4079.1723862107065,-0.0,0.130503144654088,0.6,0.2424242424242424,2569.0,2569.1267543104204
6,all,R3,Medium,R3_OUT,0.0,0.0,-1769.808817035408,-0.0,0.130503144654088,0.6,0.2424242424242424,2569.0,2569.1267543104204
6,all,R4,Low,R4_OUT,0.0,0.0,5834.231112909456,0.0,0.130503144654088,0.6,0.2424242424242424,2569.0,2569.1267543104204
6,all,R5,Medium,R5_OUT,0.9484536082474225,0.9363099146421536,2971.9686446897203,2782.683708028589,0.130503144654088,0.6,0.2424242424242424,2569.0,2569.1267543104204
6,all,R6,Medium,R6_OUT,0.0,0.0,-21299.938209745935,-0.0,0.130503144654088,0.6,0.2424242424242424,2569.0,2569.1267543104204
6,all,R7,Medium,R7_OUT,0.0,0.0,3695.247034681117,0.0,0.130503144654088,0.6,0.2424242424242424,2569.0,2569.1267543104204
6,all,R8,High,R8_OUT,0.0,0.0,6790.177910237052,0.0,0.130503144654088,0.6,0.2424242424242424,2569.0,2569.1267543104204
6,all,R9,Low,R9_OUT,0.0,0.0,-2497.4540165748417,-0.0,0.130503144654088,0.6,0.2424242424242424,2569.0,2569.1267543104204
6,all,R10,Medium,R10_OUT,0.0,0.0,2388.633254493706,0.0,0.130503144654088,0.6,0.2424242424242424,2569.0,2569.1267543104204
6,all,R11,Medium,R11_OUT,0.0,0.0,14245.157764687152,0.0,0.130503144654088,0.6,0.2424242424242424,2569.0,2569.1267543104204
6,all,R12,Medium,R12_OUT,0.0,0.0,-6432.168374257421,-0.0,0.130503144654088,0.6,0.2424242424242424,2569.0,2569.1267543104204
6,all,R13,Medium,R13_OUT,0.06451612903225815,0.06369008535784644,-3353.0643351832096,-213.55695371816924,0.130503144654088,0.6,0.2424242424242424,2569.0,2569.1267543104204
6,all,R14,High,R14_OUT,0.0,0.0,32685.078489564243,0.0,0.130503144654088,0.6,0.2424242424242424,2569.0,2569.1267543104204
6,all,R15,High,R15_OUT,0.0,0.0,1869.827530162067,0.0,0.130503144654088,0.6,0.2424242424242424,2569.0,2569.1267543104204
6,all,R16,High,R16_OUT,0.0,0.0,15592.929000060998,0.0,0.130503144654088,0.6,0.2424242424242424,2569.0,2569.1267543104204
6,all,R17,Medium,R17_OUT,0.0,0.0,-2224.125401435198,-0.0,0.130503144654088,0.6,0.2424242424242424,2569.0,2569.1267543104204
6,all,R18,High,R18_OUT,0.0,0.0,19580.19795563372,0.0,0.130503144654088,0.6,0.2424242424242424,2569.0,2569.1267543104204
6,all,R19,High,R19_OUT,0.0,0.0,-2922.847153921992,-0.0,0.130503144654088,0.6,0.2424242424242424,2569.0,2569.1267543104204
6,all,R20,Very_High,R20_OUT,0.0,0.0,2701.167238478965,0.0,0.130503144654088,0.6,0.2424242424242424,2569.0,2569.1267543104204
7,all,R1,Very_Low,R1_OUT,0.0,0.0,6802.113302161497,0.0,0.2389937106918239,0.4,0.3636363636363636,3913.0,3915.5212185806704
7,all,R2,Low,R2_OUT,0.0,0.0,-6575.345038996059,-0.0,0.2389937106918239,0.4,0.3636363636363636,3913.0,3915.5212185806704
7,all,R3,Medium,R3_OUT,0.0,0.0,-1254.6538715244096,-0.0,0.2389937106918239,0.4,0.3636363636363636,3913.0,3915.5212185806704
7,all,R4,Low,R4_OUT,0.0,0.0,7125.190100026404,0.0,0.2389937106918239,0.4,0.3636363636363636,3913.0,3915.5212185806704
7,all,R5,Medium,R5_OUT,0.0,0.0,2474.441755518244,0.0,0.2389937106918239,0.4,0.3636363636363636,3913.0,3915.5212185806704
7,all,R6,Medium,R6_OUT,0.0,0.0,-19092.062931129476,-0.0,0.2389937106918239,0.4,0.3636363636363636,3913.0,3915.5212185806704
7,all,R7,Medium,R7_OUT,0.0,0.0,-9157.1425127685,-0.0,0.2389937106918239,0.4,0.3636363636363636,3913.0,3915.5212185806704
7,all,R8,High,R8_OUT,0.2371134020618555,0.1989286312147758,-628.7553899025625,-125.07744908222942,0.2389937106918239,0.4,0.3636363636363636,3913.0,3915.5212185806704
7,all,R9,Low,R9_OUT,0.0,0.0,622.9144528297065,0.0,0.2389937106918239,0.4,0.3636363636363636,3913.0,3915.5212185806704
7,all,R10,Medium,R10_OUT,0.0,0.0,6459.349460253263,0.0,0.2389937106918239,0.4,0.3636363636363636,3913.0,3915.5212185806704
7,all,R11,Medium,R11_OUT,0.0,0.0,20819.33197997594,0.0,0.2389937106918239,0.4,0.3636363636363636,3913.0,3915.5212185806704
7,all,R12,Medium,R12_OUT,0.0,0.0,-2895.017410231132,-0.0,0.2389937106918239,0.4,0.3636363636363636,3913.0,3915.5212185806704
7,all,R13,Medium,R13_OUT,0.0,0.0,668.1000906016161,0.0,0.2389937106918239,0.4,0.3636363636363636,3913.0,3915.5212185806704
7,all,R14,High,R14_OUT,0.0,0.0,13808.41794458597,0.0,0.2389937106918239,0.4,0.3636363636363636,3913.0,3915.5212185806704
7,all,R15,High,R15_OUT,0.0,0.0,12820.278917440544,0.0,0.2389937106918239,0.4,0.3636363636363636,3913.0,3915.5212185806704
7,all,R16,High,R16_OUT,0.9548387096774196,0.8010713687852242,5043.993363275757,4040.5986676628972,0.2389937106918239,0.4,0.3636363636363636,3913.0,3915.5212185806704
7,all,R17,Medium,R17_OUT,0.0,0.0,-10551.232037266003,-0.0,0.2389937106918239,0.4,0.3636363636363636,3913.0,3915.5212185806704
7,all,R18,High,R18_OUT,0.0,0.0,4779.196877500821,0.0,0.2389937106918239,0.4,0.3636363636363636,3913.0,3915.5212185806704
7,all,R19,High,R19_OUT,0.0,0.0,-257.6734990245259,-0.0,0.2389937106918239,0.4,0.3636363636363636,3913.0,3915.5212185806704
7,all,R20,Very_High,R20_OUT,0.0,0.0,6159.605647606083,0.0,0.2389937106918239,0.4,0.3636363636363636,3913.0,3915.5212185806704
8,all,R1,Very_Low,R1_OUT,0.0,0.0,13198.413934454748,0.0,0.2908805031446541,0.8,0.3333333333333333,7854.0,7853.468531906882
8,all,R2,Low,R2_OUT,0.0,0.0,3100.825366681015,0.0,0.2908805031446541,0.8,0.3333333333333333,7854.0,7853.468531906882
8,all,R3,Medium,R3_OUT,0.0,0.0,4868.169197740578,0.0,0.2908805031446541,0.8,0.3333333333333333,7854.0,7853.468531906882
8,all,R4,Low,R4_OUT,0.0,0.0,12463.14636578394,0.0,0.2908805031446541,0.8,0.3333333333333333,7854.0,7853.468531906882
8,all,R5,Medium,R5_OUT,0.0,0.0,8303.564008008181,0.0,0.2908805031446541,0.8,0.3333333333333333,7854.0,7853.468531906882
8,all,R6,Medium,R6_OUT,0.0,0.0,-17489.442877039754,-0.0,0.2908805031446541,0.8,0.3333333333333333,7854.0,7853.468531906882
8,all,R7,Medium,R7_OUT,0.0,0.0,-3023.6095050347176,-0.0,0.2908805031446541,0.8,0.3333333333333333,7854.0,7853.468531906882
8,all,R8,High,R8_OUT,0.0,0.0,1687.455801065571,0.0,0.2908805031446541,0.8,0.3333333333333333,7854.0,7853.468531906882
8,all,R9,Low,R9_OUT,0.0,0.0,1432.1529737819874,0.0,0.2908805031446541,0.8,0.3333333333333333,7854.0,7853.468531906882
8,all,R10,Medium,R10_OUT,0.30769230769230754,0.28044943820224705,7656.700666856559,2147.317400502692,0.2908805031446541,0.8,0.3333333333333333,7854.0,7853.468531906882
8,all,R11,Medium,R11_OUT,0.7500000000000002,0.6835955056179778,8468.555445942475,5789.066441922925,0.2908805031446541,0.8,0.3333333333333333,7854.0,7853.468531906882
8,all,R12,Medium,R12_OUT,0.0,0.0,1175.3802025703008,0.0,0.2908805031446541,0.8,0.3333333333333333,7854.0,7853.468531906882
8,all,R13,Medium,R13_OUT,0.0,0.0,5522.10869393047,0.0,0.2908805031446541,0.8,0.3333333333333333,7854.0,7853.468531906882
8,all,R14,High,R14_OUT,0.0,0.0,32618.241280570306,0.0,0.2908805031446541,0.8,0.3333333333333333,7854.0,7853.468531906882
8,all,R15,High,R15_OUT,0.0,0.0,13519.96578670695,0.0,0.2908805031446541,0.8,0.3333333333333333,7854.0,7853.468531906882
8,all,R16,High,R16_OUT,0.0,0.0,-6276.865256781413,-0.0,0.2908805031446541,0.8,0.3333333333333333,7854.0,7853.468531906882
8,all,R17,Medium,R17_OUT,0.03944773175542402,0.03595505617977524,-2306.0820738023776,-82.91531051873709,0.2908805031446541,0.8,0.3333333333333333,7854.0,7853.468531906882
8,all,R18,High,R18_OUT,0.0,0.0,13663.57391744665,0.0,0.2908805031446541,0.8,0.3333333333333333,7854.0,7853.468531906882
8,all,R19,High,R19_OUT,0.0,0.0,-2775.9421038802457,-0.0,0.2908805031446541,0.8,0.3333333333333333,7854.0,7853.468531906882
8,all,R20,Very_High,R20_OUT,0.0,0.0,9146.246153274493,0.0,0.2908805031446541,0.8,0.3333333333333333,7854.0,7853.468531906882
9,all,R1,Very_Low,R1_OUT,1.0,1.0,737.6541632087005,737.6541632087005,0.0644654088050314,0.8,0.0909090909090909,2422.0,737.6541632087005
9,all,R2,Low,R2_OUT,0.0,0.0,-637.286632481173,-0.0,0.0644654088050314,0.8,0.0909090909090909,2422.0,737.6541632087005
9,all,R3,Medium,R3_OUT,0.0,0.0,-1147.0030166098043,-0.0,0.0644654088050314,0.8,0.0909090909090909,2422.0,737.6541632087005
9,all,R4,Low,R4_OUT,0.0,0.0,5232.306255767903,0.0,0.0644654088050314,0.8,0.0909090909090909,2422.0,737.6541632087005
9,all,R5,Medium,R5_OUT,0.0,0.0,4554.82805674319,0.0,0.0644654088050314,0.8,0.0909090909090909,2422.0,737.6541632087005
9,all,R6,Medium,R6_OUT,0.0,0.0,-22282.29758872366,-0.0,0.0644654088050314,0.8,0.0909090909090909,2422.0,737.6541632087005
9,all,R7,Medium,R7_OUT,0.0,0.0,17050.94933935038,0.0,0.0644654088050314,0.8,0.0909090909090909,2422.0,737.6541632087005
9,all,R8,High,R8_OUT,0.0,0.0,12153.940601824545,0.0,0.0644654088050314,0.8,0.0909090909090909,2422.0,737.6541632087005
9,all,R9,Low,R9_OUT,0.0,0.0,-4107.420860676188,-0.0,0.0644654088050314,0.8,0.0909090909090909,2422.0,737.6541632087005
9,all,R10,Medium,R10_OUT,0.0,0.0,-708.222419861911,-0.0,0.0644654088050314,0.8,0.0909090909090909,2422.0,737.6541632087005
9,all,R11,Medium,R11_OUT,0.0,0.0,5486.65272669626,0.0,0.0644654088050314,0.8,0.0909090909090909,2422.0,737.6541632087005
9,all,R12,Medium,R12_OUT,0.0,0.0,-8404.375624493032,-0.0,0.0644654088050314,0.8,0.0909090909090909,2422.0,737.6541632087005
9,all,R13,Medium,R13_OUT,0.0,0.0,-5497.939856669858,-0.0,0.0644654088050314,0.8,0.0909090909090909,2422.0,737.6541632087005
9,all,R14,High,R14_OUT,0.0,0.0,55740.988565645865,0.0,0.0644654088050314,0.8,0.0909090909090909,2422.0,737.6541632087005
9,all,R15,High,R15_OUT,0.0,0.0,-9565.111530814705,-0.0,0.0644654088050314,0.8,0.0909090909090909,2422.0,737.6541632087005
9,all,R16,High,R16_OUT,0.0,0.0,20465.709052720544,0.0,0.0644654088050314,0.8,0.0909090909090909,2422.0,737.6541632087005
9,all,R17,Medium,R17_OUT,0.0,0.0,7372.86106978994,0.0,0.0644654088050314,0.8,0.0909090909090909,2422.0,737.6541632087005
9,all,R18,High,R18_OUT,0.0,0.0,33340.123210105485,0.0,0.0644654088050314,0.8,0.0909090909090909,2422.0,737.6541632087005
9,all,R19,High,R19_OUT,0.0,0.0,-5030.634188077698,-0.0,0.0644654088050314,0.8,0.0909090909090909,2422.0,737.6541632087005
9,all,R20,Very_High,R20_OUT,0.0,0.0,338.9184101834853,0.0,0.0644654088050314,0.8,0.0909090909090909,2422.0,737.6541632087005
10,all,R1,Very_Low,R1_OUT,0.0,0.0,13460.354819073702,0.0,0.2751572327044025,1.0,0.6060606060606061,4067.0,13785.056971414473
10,all,R2,Low,R2_OUT,0.0,0.0,6176.519070395956,0.0,0.2751572327044025,1.0,0.6060606060606061,4067.0,13785.056971414473
10,all,R3,Medium,R3_OUT,0.0,0.0,6778.224151041846,0.0,0.2751572327044025,1.0,0.6060606060606061,4067.0,13785.056971414473
10,all,R4,Low,R4_OUT,0.0,0.0,16727.73366516985,0.0,0.2751572327044025,1.0,0.6060606060606061,4067.0,13785.056971414473
10,all,R5,Medium,R5_OUT,0.0,0.0,8849.747030468156,0.0,0.2751572327044025,1.0,0.6060606060606061,4067.0,13785.056971414473
10,all,R6,Medium,R6_OUT,0.0,0.0,-19004.684343722387,-0.0,0.2751572327044025,1.0,0.6060606060606061,4067.0,13785.056971414473
10,all,R7,Medium,R7_OUT,0.0,0.0,-14991.239363988981,-0.0,0.2751572327044025,1.0,0.6060606060606061,4067.0,13785.056971414473
10,all,R8,High,R8_OUT,0.0,0.0,5178.556000265711,0.0,0.2751572327044025,1.0,0.6060606060606061,4067.0,13785.056971414473
10,all,R9,Low,R9_OUT,0.0,0.0,-1253.0405047798604,-0.0,0.2751572327044025,1.0,0.6060606060606061,4067.0,13785.056971414473
10,all,R10,Medium,R10_OUT,0.0,0.0,9325.467021066608,0.0,0.2751572327044025,1.0,0.6060606060606061,4067.0,13785.056971414473
10,all,R11,Medium,R11_OUT,1.0,1.0,13785.056971414473,13785.056971414473,0.2751572327044025,1.0,0.6060606060606061,4067.0,13785.056971414473
10,all,R12,Medium,R12_OUT,0.0,0.0,2462.614487957955,0.0,0.2751572327044025,1.0,0.6060606060606061,4067.0,13785.056971414473
10,all,R13,Medium,R13_OUT,0.0,0.0,6754.876045169791,0.0,0.2751572327044025,1.0,0.6060606060606061,4067.0,13785.056971414473
10,all,R14,High,R14_OUT,0.0,0.0,8908.024796588375,0.0,0.2751572327044025,1.0,0.6060606060606061,4067.0,13785.056971414473
10,all,R15,High,R15_OUT,0.0,0.0,30744.971186543742,0.0,0.2751572327044025,1.0,0.6060606060606061,4067.0,13785.056971414473
10,all,R16,High,R16_OUT,0.0,0.0,-4110.81197866239,-0.0,0.2751572327044025,1.0,0.6060606060606061,4067.0,13785.056971414473
10,all,R17,Medium,R17_OUT,0.0,0.0,-9940.637822485223,-0.0,0.2751572327044025,1.0,0.6060606060606061,4067.0,13785.056971414473
10,all,R18,High,R18_OUT,0.0,0.0,10103.799837622515,0.0,0.2751572327044025,1.0,0.6060606060606061,4067.0,13785.056971414473
10,all,R19,High,R19_OUT,0.0,0.0,-5040.886632437457,-0.0,0.2751572327044025,1.0,0.6060606060606061,4067.0,13785.056971414473
10,all,R20,Very_High,R20_OUT,0.0,0.0,11455.415970544651,0.0,0.2751572327044025,1.0,0.6060606060606061,4067.0,13785.056971414473
11,all,R1,Very_Low,R1_OUT,0.0,0.0,13372.979484696116,0.0,0.3286163522012578,0.6,0.4848484848484848,9051.0,9046.76875630112
11,all,R2,Low,R2_OUT,0.0,0.0,-906.2512273842985,-0.0,0.3286163522012578,0.6,0.4848484848484848,9051.0,9046.76875630112
11,all,R3,Medium,R3_OUT,0.0,0.0,3489.420488222813,0.0,0.3286163522012578,0.6,0.4848484848484848,9051.0,9046.76875630112
11,all,R4,Low,R4_OUT,0.0,0.0,12427.915565434534,0.0,0.3286163522012578,0.6,0.4848484848484848,9051.0,9046.76875630112
11,all,R5,Medium,R5_OUT,0.0,0.0,6099.134789238664,0.0,0.3286163522012578,0.6,0.4848484848484848,9051.0,9046.76875630112
11,all,R6,Medium,R6_OUT,0.0,0.0,-17236.93259350172,-0.0,0.3286163522012578,0.6,0.4848484848484848,9051.0,9046.76875630112
11,all,R7,Medium,R7_OUT,0.0,0.0,-15576.908970372584,-0.0,0.3286163522012578,0.6,0.4848484848484848,9051.0,9046.76875630112
11,all,R8,High,R8_OUT,0.0,0.0,-2330.914407063121,-0.0,0.3286163522012578,0.6,0.4848484848484848,9051.0,9046.76875630112
11,all,R9,Low,R9_OUT,0.0,0.0,2160.9804760391426,0.0,0.3286163522012578,0.6,0.4848484848484848,9051.0,9046.76875630112
11,all,R10,Medium,R10_OUT,0.0,0.0,9945.765974314676,0.0,0.3286163522012578,0.6,0.4848484848484848,9051.0,9046.76875630112
11,all,R11,Medium,R11_OUT,0.0,0.0,17951.697677051896,0.0,0.3286163522012578,0.6,0.4848484848484848,9051.0,9046.76875630112
11,all,R12,Medium,R12_OUT,0.0,0.0,2042.6221759364726,0.0,0.3286163522012578,0.6,0.4848484848484848,9051.0,9046.76875630112
11,all,R13,Medium,R13_OUT,0.0,0.0,6365.4662261678295,0.0,0.3286163522012578,0.6,0.4848484848484848,9051.0,9046.76875630112
11,all,R14,High,R14_OUT,0.7521367521367531,1.0,9046.76875630112,9046.76875630112,0.3286163522012578,0.6,0.4848484848484848,9051.0,9046.76875630112
11,all,R15,High,R15_OUT,0.0,0.0,23994.446051286955,0.0,0.3286163522012578,0.6,0.4848484848484848,9051.0,9046.76875630112
11,all,R16,High,R16_OUT,0.0,0.0,-7542.054360315582,-0.0,0.3286163522012578,0.6,0.4848484848484848,9051.0,9046.76875630112
11,all,R17,Medium,R17_OUT,0.0,0.0,-11927.073322005632,-0.0,0.3286163522012578,0.6,0.4848484848484848,9051.0,9046.76875630112
11,all,R18,High,R18_OUT,0.0,0.0,1303.906457072284,0.0,0.3286163522012578,0.6,0.4848484848484848,9051.0,9046.76875630112
11,all,R19,High,R19_OUT,0.0,0.0,-1003.8443222311166,-0.0,0.3286163522012578,0.6,0.4848484848484848,9051.0,9046.76875630112
11,all,R20,Very_High,R20_OUT,0.0,0.0,10629.652762082764,0.0,0.3286163522012578,0.6,0.4848484848484848,9051.0,9046.76875630112
12,all,R1,Very_Low,R1_OUT,0.0,0.05,-3925.221071978863,-196.26105359894316,0.040880503144654,0.4,0.0606060606060606,2282.0,2445.7730645060205
12,all,R2,Low,R2_OUT,0.0,0.05,-9552.412516941456,-477.62062584707286,0.040880503144654,0.4,0.0606060606060606,2282.0,2445.7730645060205
12,all,R3,Medium,R3_OUT,0.0,0.05,-6505.79041218591,-325.28952060929555,0.040880503144654,0.4,0.0606060606060606,2282.0,2445.7730645060205
12,all,R4,Low,R4_OUT,0.0,0.05,-1.893065020767608,-0.0946532510383804,0.040880503144654,0.4,0.0606060606060606,2282.0,2445.7730645060205
12,all,R5,Medium,R5_OUT,0.0,0.05,-346.7687634148581,-17.338438170742904,0.040880503144654,0.4,0.0606060606060606,2282.0,2445.7730645060205
12,all,R6,Medium,R6_OUT,0.0,0.05,-22893.584034415297,-1144.679201720765,0.040880503144654,0.4,0.0606060606060606,2282.0,2445.7730645060205
12,all,R7,Medium,R7_OUT,0.0,0.05,13528.847524718685,676.4423762359343,0.040880503144654,0.4,0.0606060606060606,2282.0,2445.7730645060205
12,all,R8,High,R8_OUT,0.0,0.05,8418.173160669765,420.9086580334883,0.040880503144654,0.4,0.0606060606060606,2282.0,2445.7730645060205
12,all,R9,Low,R9_OUT,0.0,0.05,-3658.1348147104486,-182.90674073552245,0.040880503144654,0.4,0.0606060606060606,2282.0,2445.7730645060205
12,all,R10,Medium,R10_OUT,0.0,0.05,-1573.4332974523286,-78.67166487261643,0.040880503144654,0.4,0.0606060606060606,2282.0,2445.7730645060205
12,all,R11,Medium,R11_OUT,0.0,0.05,14918.04200156259,745.9021000781295,0.040880503144654,0.4,0.0606060606060606,2282.0,2445.7730645060205
12,all,R12,Medium,R12_OUT,0.0,0.05,-11554.81636345199,-577.7408181725995,0.040880503144654,0.4,0.0606060606060606,2282.0,2445.7730645060205
12,all,R13,Medium,R13_OUT,0.0,0.05,-9202.406629900937,-460.1203314950469,0.040880503144654,0.4,0.0606060606060606,2282.0,2445.7730645060205
12,all,R14,High,R14_OUT,0.0,0.05,44258.539395493106,2212.9269697746554,0.040880503144654,0.4,0.0606060606060606,2282.0,2445.7730645060205
12,all,R15,High,R15_OUT,0.0,0.05,-13154.691340271236,-657.7345670135619,0.040880503144654,0.4,0.0606060606060606,2282.0,2445.7730645060205
12,all,R16,High,R16_OUT,0.0,0.05,27649.43840277709,1382.4719201388546,0.040880503144654,0.4,0.0606060606060606,2282.0,2445.7730645060205
12,all,R17,Medium,R17_OUT,0.0,0.05,1619.4612231587435,80.97306115793718,0.040880503144654,0.4,0.0606060606060606,2282.0,2445.7730645060205
12,all,R18,High,R18_OUT,0.0,0.05,25174.110111032176,1258.705505551609,0.040880503144654,0.4,0.0606060606060606,2282.0,2445.7730645060205
12,all,R19,High,R19_OUT,0.0,0.05,-2068.970846751612,-103.4485423375806,0.040880503144654,0.4,0.0606060606060606,2282.0,2445.7730645060205
12,all,R20,Very_High,R20_OUT,0.0,0.05,-2213.0273727960594,-110.65136863980297,0.040880503144654,0.4,0.0606060606060606,2282.0,2445.7730645060205
13,all,R1,Very_Low,R1_OUT,0.07216494845360825,0.04932092186939678,10649.390140250336,525.2377390640113,0.2421383647798742,0.8,0.2121212121212121,4172.0,4172.051516424659
13,all,R2,Low,R2_OUT,0.19243986254295536,0.13152245831839143,2519.148503420308,331.3246040389356,0.2421383647798742,0.8,0.2121212121212121,4172.0,4172.051516424659
13,all,R3,Medium,R3_OUT,0.0,0.0,3582.453050164195,0.0,0.2421383647798742,0.8,0.2121212121212121,4172.0,4172.051516424659
13,all,R4,Low,R4_OUT,0.0,0.0,10299.025308394215,0.0,0.2421383647798742,0.8,0.2121212121212121,4172.0,4172.051516424659
13,all,R5,Medium,R5_OUT,0.0,0.0,7844.993925451124,0.0,0.2421383647798742,0.8,0.2121212121212121,4172.0,4172.051516424659
13,all,R6,Medium,R6_OUT,0.0,0.0,-18223.436182157973,-0.0,0.2421383647798742,0.8,0.2121212121212121,4172.0,4172.051516424659
13,all,R7,Medium,R7_OUT,0.0,0.0,5185.9745609029815,0.0,0.2421383647798742,0.8,0.2121212121212121,4172.0,4172.051516424659
13,all,R8,High,R8_OUT,0.0,0.0,3856.193100233355,0.0,0.2421383647798742,0.8,0.2121212121212121,4172.0,4172.051516424659
13,all,R9,Low,R9_OUT,0.32688172043010755,0.2234063508578759,669.4056685313317,149.54947765016166,0.2421383647798742,0.8,0.2121212121212121,4172.0,4172.051516424659
13,all,R10,Medium,R10_OUT,0.8716845878136202,0.5957502689543359,5314.206070319406,3165.9396956715505,0.2421383647798742,0.8,0.2121212121212121,4172.0,4172.051516424659
13,all,R11,Medium,R11_OUT,0.0,0.0,5327.041590882722,0.0,0.2421383647798742,0.8,0.2121212121212121,4172.0,4172.051516424659
13,all,R12,Medium,R12_OUT,0.0,0.0,-1097.6323580920925,-0.0,0.2421383647798742,0.8,0.2121212121212121,4172.0,4172.051516424659
13,all,R13,Medium,R13_OUT,0.0,0.0,2976.653171920345,0.0,0.2421383647798742,0.8,0.2121212121212121,4172.0,4172.051516424659
13,all,R14,High,R14_OUT,0.0,0.0,45353.95161064642,0.0,0.2421383647798742,0.8,0.2121212121212121,4172.0,4172.051516424659
13,all,R15,High,R15_OUT,0.0,0.0,4165.138830849861,0.0,0.2421383647798742,0.8,0.2121212121212121,4172.0,4172.051516424659
13,all,R16,High,R16_OUT,0.0,0.0,-1122.8685972604508,-0.0,0.2421383647798742,0.8,0.2121212121212121,4172.0,4172.051516424659
13,all,R17,Medium,R17_OUT,0.0,0.0,2588.067045555048,0.0,0.2421383647798742,0.8,0.2121212121212121,4172.0,4172.051516424659
13,all,R18,High,R18_OUT,0.0,0.0,20312.372477220895,0.0,0.2421383647798742,0.8,0.2121212121212121,4172.0,4172.051516424659
13,all,R19,High,R19_OUT,0.0,0.0,-3138.6626263806584,-0.0,0.2421383647798742,0.8,0.2121212121212121,4172.0,4172.051516424659
13,all,R20,Very_High,R20_OUT,0.0,0.0,6744.3895594498445,0.0,0.2421383647798742,0.8,0.2121212121212121,4172.0,4172.051516424659
14,all,R1,Very_Low,R1_OUT,0.0,0.0,21616.177877672086,0.0,0.4056603773584906,1.0,0.2424242424242424,4977.0,4976.522910484191
14,all,R2,Low,R2_OUT,0.0,0.0,9957.798919452567,0.0,0.4056603773584906,1.0,0.2424242424242424,4977.0,4976.522910484191
14,all,R3,Medium,R3_OUT,0.0,0.0,10312.517486102699,0.0,0.4056603773584906,1.0,0.2424242424242424,4977.0,4976.522910484191
14,all,R4,Low,R4_OUT,0.0,0.0,16465.336921801158,0.0,0.4056603773584906,1.0,0.2424242424242424,4977.0,4976.522910484191
14,all,R5,Medium,R5_OUT,0.0,0.0,13551.608226242766,0.0,0.4056603773584906,1.0,0.2424242424242424,4977.0,4976.522910484191
14,all,R6,Medium,R6_OUT,0.0,0.0,-14070.361992555652,-0.0,0.4056603773584906,1.0,0.2424242424242424,4977.0,4976.522910484191
14,all,R7,Medium,R7_OUT,0.0,0.0,1791.7961825838029,0.0,0.4056603773584906,1.0,0.2424242424242424,4977.0,4976.522910484191
14,all,R8,High,R8_OUT,0.0,0.0,-1470.180829383622,-0.0,0.4056603773584906,1.0,0.2424242424242424,4977.0,4976.522910484191
14,all,R9,Low,R9_OUT,0.0,0.0,5074.302255278018,0.0,0.4056603773584906,1.0,0.2424242424242424,4977.0,4976.522910484191
14,all,R10,Medium,R10_OUT,0.0,0.0,10196.377930008473,0.0,0.4056603773584906,1.0,0.2424242424242424,4977.0,4976.522910484191
14,all,R11,Medium,R11_OUT,0.0,0.0,-2724.8260375903938,-0.0,0.4056603773584906,1.0,0.2424242424242424,4977.0,4976.522910484191
14,all,R12,Medium,R12_OUT,0.0,0.0,6447.681735360831,0.0,0.4056603773584906,1.0,0.2424242424242424,4977.0,4976.522910484191
14,all,R13,Medium,R13_OUT,0.0,0.0,11844.463151799102,0.0,0.4056603773584906,1.0,0.2424242424242424,4977.0,4976.522910484191
14,all,R14,High,R14_OUT,0.0,0.0,52156.21083576178,0.0,0.4056603773584906,1.0,0.2424242424242424,4977.0,4976.522910484191
14,all,R15,High,R15_OUT,0.0,0.0,12071.642994851947,0.0,0.4056603773584906,1.0,0.2424242424242424,4977.0,4976.522910484191
14,all,R16,High,R16_OUT,0.0,0.0,-23923.04461376983,-0.0,0.4056603773584906,1.0,0.2424242424242424,4977.0,4976.522910484191
14,all,R17,Medium,R17_OUT,1.0,1.0,4976.522910484191,4976.522910484191,0.4056603773584906,1.0,0.2424242424242424,4977.0,4976.522910484191
14,all,R18,High,R18_OUT,0.0,0.0,16358.785974659597,0.0,0.4056603773584906,1.0,0.2424242424242424,4977.0,4976.522910484191
14,all,R19,High,R19_OUT,0.0,0.0,-2846.7532865410576,-0.0,0.4056603773584906,1.0,0.2424242424242424,4977.0,4976.522910484191
14,all,R20,Very_High,R20_OUT,0.0,0.0,12842.97011294561,0.0,0.4056603773584906,1.0,0.2424242424242424,4977.0,4976.522910484191
15,all,R1,Very_Low,R1_OUT,0.29209621993127144,0.23177332246544655,4902.883070718841,1136.3574989600966,0.1415094339622641,0.8,0.2121212121212121,1617.0,1617.1177902784966
15,all,R2,Low,R2_OUT,0.7789232531500572,0.6180621932411908,509.5810711153131,314.95279444772564,0.1415094339622641,0.8,0.2121212121212121,1617.0,1617.1177902784966
15,all,R3,Medium,R3_OUT,0.0,0.0,894.6560400587382,0.0,0.1415094339622641,0.8,0.2121212121212121,1617.0,1617.1177902784966
15,all,R4,Low,R4_OUT,0.0,0.0,8033.582970648586,0.0,0.1415094339622641,0.8,0.2121212121212121,1617.0,1617.1177902784966
15,all,R5,Medium,R5_OUT,0.0,0.0,5634.967946016293,0.0,0.1415094339622641,0.8,0.2121212121212121,1617.0,1617.1177902784966
15,all,R6,Medium,R6_OUT,0.0,0.0,-20818.455188165753,-0.0,0.1415094339622641,0.8,0.2121212121212121,1617.0,1617.1177902784966
15,all,R7,Medium,R7_OUT,0.0,0.0,8038.962434081281,0.0,0.1415094339622641,0.8,0.2121212121212121,1617.0,1617.1177902784966
15,all,R8,High,R8_OUT,0.0,0.0,8639.810819197966,0.0,0.1415094339622641,0.8,0.2121212121212121,1617.0,1617.1177902784966
15,all,R9,Low,R9_OUT,0.05161290322580646,0.04095395026182617,-2463.534213581342,-100.89145765131732,0.1415094339622641,0.8,0.2121212121212121,1617.0,1617.1177902784966
15,all,R10,Medium,R10_OUT,0.13763440860215057,0.10921053403153645,2442.0625435727416,266.69895452199137,0.1415094339622641,0.8,0.2121212121212121,1617.0,1617.1177902784966
15,all,R11,Medium,R11_OUT,0.0,0.0,7903.5293886374875,0.0,0.1415094339622641,0.8,0.2121212121212121,1617.0,1617.1177902784966
15,all,R12,Medium,R12_OUT,0.0,0.0,-5026.397786961203,-0.0,0.1415094339622641,0.8,0.2121212121212121,1617.0,1617.1177902784966
15,all,R13,Medium,R13_OUT,0.0,0.0,-1650.9663454104493,-0.0,0.1415094339622641,0.8,0.2121212121212121,1617.0,1617.1177902784966
15,all,R14,High,R14_OUT,0.0,0.0,43520.84068375731,0.0,0.1415094339622641,0.8,0.2121212121212121,1617.0,1617.1177902784966
15,all,R15,High,R15_OUT,0.0,0.0,750.1742214391452,0.0,0.1415094339622641,0.8,0.2121212121212121,1617.0,1617.1177902784966
15,all,R16,High,R16_OUT,0.0,0.0,11704.121444074213,0.0,0.1415094339622641,0.8,0.2121212121212121,1617.0,1617.1177902784966
15,all,R17,Medium,R17_OUT,0.0,0.0,2502.716727410634,0.0,0.1415094339622641,0.8,0.2121212121212121,1617.0,1617.1177902784966
15,all,R18,High,R18_OUT,0.0,0.0,25291.066856233854,0.0,0.1415094339622641,0.8,0.2121212121212121,1617.0,1617.1177902784966
15,all,R19,High,R19_OUT,0.0,0.0,-4332.2244130707095,-0.0,0.1415094339622641,0.8,0.2121212121212121,1617.0,1617.1177902784966
15,all,R20,Very_High,R20_OUT,0.0,0.0,3619.6172234953365,0.0,0.1415094339622641,0.8,0.2121212121212121,1617.0,1617.1177902784966
16,all,R1,Very_Low,R1_OUT,0.3333333333333333,0.2727272727272727,2639.483351748988,719.8590959315421,0.0723270440251572,1.0,0.2121212121212121,3192.0,3191.8835616644756
16,all,R2,Low,R2_OUT,0.888888888888889,0.7272727272727273,3399.033640382782,2472.024465732932,0.0723270440251572,1.0,0.2121212121212121,3192.0,3191.8835616644756
16,all,R3,Medium,R3_OUT,0.0,0.0,1413.2362724267387,0.0,0.0723270440251572,1.0,0.2121212121212121,3192.0,3191.8835616644756
16,all,R4,Low,R4_OUT,0.0,0.0,8694.359821757711,0.0,0.0723270440251572,1.0,0.2121212121212121,3192.0,3191.8835616644756
16,all,R5,Medium,R5_OUT,0.0,0.0,6383.874982172812,0.0,0.0723270440251572,1.0,0.2121212121212121,3192.0,3191.8835616644756
16,all,R6,Medium,R6_OUT,0.0,0.0,-22535.62019347722,-0.0,0.0723270440251572,1.0,0.2121212121212121,3192.0,3191.8835616644756
16,all,R7,Medium,R7_OUT,0.0,0.0,12949.235528703659,0.0,0.0723270440251572,1.0,0.2121212121212121,3192.0,3191.8835616644756
16,all,R8,High,R8_OUT,0.0,0.0,14338.470981322727,0.0,0.0723270440251572,1.0,0.2121212121212121,3192.0,3191.8835616644756
16,all,R9,Low,R9_OUT,0.0,0.0,-5114.868491683293,-0.0,0.0723270440251572,1.0,0.2121212121212121,3192.0,3191.8835616644756
16,all,R10,Medium,R10_OUT,0.0,0.0,444.57747871783886,0.0,0.0723270440251572,1.0,0.2121212121212121,3192.0,3191.8835616644756
16,all,R11,Medium,R11_OUT,0.0,0.0,4712.41475944796,0.0,0.0723270440251572,1.0,0.2121212121212121,3192.0,3191.8835616644756
16,all,R12,Medium,R12_OUT,0.0,0.0,-6658.857949281577,-0.0,0.0723270440251572,1.0,0.2121212121212121,3192.0,3191.8835616644756
16,all,R13,Medium,R13_OUT,0.0,0.0,-3560.514578934908,-0.0,0.0723270440251572,1.0,0.2121212121212121,3192.0,3191.8835616644756
16,all,R14,High,R14_OUT,0.0,0.0,49489.936749263616,0.0,0.0723270440251572,1.0,0.2121212121212121,3192.0,3191.8835616644756
16,all,R15,High,R15_OUT,0.0,0.0,-1165.6031421144944,-0.0,0.0723270440251572,1.0,0.2121212121212121,3192.0,3191.8835616644756
16,all,R16,High,R16_OUT,0.0,0.0,18301.59073771361,0.0,0.0723270440251572,1.0,0.2121212121212121,3192.0,3191.8835616644756
16,all,R17,Medium,R17_OUT,0.0,0.0,5927.672651557978,0.0,0.0723270440251572,1.0,0.2121212121212121,3192.0,3191.8835616644756
16,all,R18,High,R18_OUT,0.0,0.0,33910.021972624985,0.0,0.0723270440251572,1.0,0.2121212121212121,3192.0,3191.8835616644756
16,all,R19,High,R19_OUT,0.0,0.0,-6746.573962969953,-0.0,0.0723270440251572,1.0,0.2121212121212121,3192.0,3191.8835616644756
16,all,R20,Very_High,R20_OUT,0.0,0.0,2270.088001697131,0.0,0.0723270440251572,1.0,0.2121212121212121,3192.0,3191.8835616644756
17,all,R1,Very_Low,R1_OUT,0.0,0.05,21861.862205940775,1093.0931102970387,0.4150943396226415,1.0,0.3939393939393939,3437.0,7127.370668848149
17,all,R2,Low,R2_OUT,0.0,0.05,9656.561664028628,482.8280832014314,0.4150943396226415,1.0,0.3939393939393939,3437.0,7127.370668848149
17,all,R3,Medium,R3_OUT,0.0,0.05,10544.266544308275,527.2133272154138,0.4150943396226415,1.0,0.3939393939393939,3437.0,7127.370668848149
17,all,R4,Low,R4_OUT,0.0,0.05,18011.21892227004,900.560946113502,0.4150943396226415,1.0,0.3939393939393939,3437.0,7127.370668848149
17,all,R5,Medium,R5_OUT,0.0,0.05,12993.90909777517,649.6954548887585,0.4150943396226415,1.0,0.3939393939393939,3437.0,7127.370668848149
17,all,R6,Medium,R6_OUT,0.0,0.05,-14480.790243138423,-724.0395121569212,0.4150943396226415,1.0,0.3939393939393939,3437.0,7127.370668848149
17,all,R7,Medium,R7_OUT,0.0,0.05,-7010.2565116103615,-350.5128255805181,0.4150943396226415,1.0,0.3939393939393939,3437.0,7127.370668848149
17,all,R8,High,R8_OUT,0.0,0.05,-1733.2355737169273,-86.66177868584637,0.4150943396226415,1.0,0.3939393939393939,3437.0,7127.370668848149
17,all,R9,Low,R9_OUT,0.0,0.05,4424.552306541492,221.2276153270746,0.4150943396226415,1.0,0.3939393939393939,3437.0,7127.370668848149
17,all,R10,Medium,R10_OUT,0.0,0.05,11654.766480352519,582.7383240176259,0.4150943396226415,1.0,0.3939393939393939,3437.0,7127.370668848149
17,all,R11,Medium,R11_OUT,0.0,0.05,2520.50339649162,126.02516982458101,0.4150943396226415,1.0,0.3939393939393939,3437.0,7127.370668848149
17,all,R12,Medium,R12_OUT,0.0,0.05,7278.524501884705,363.9262250942353,0.4150943396226415,1.0,0.3939393939393939,3437.0,7127.370668848149
17,all,R13,Medium,R13_OUT,0.0,0.05,12658.242879427633,632.9121439713817,0.4150943396226415,1.0,0.3939393939393939,3437.0,7127.370668848149
17,all,R14,High,R14_OUT,0.0,0.05,35298.5356910476,1764.92678455238,0.4150943396226415,1.0,0.3939393939393939,3437.0,7127.370668848149
17,all,R15,High,R15_OUT,0.0,0.05,22017.675268451414,1100.8837634225708,0.4150943396226415,1.0,0.3939393939393939,3437.0,7127.370668848149
17,all,R16,High,R16_OUT,0.0,0.05,-23801.7291279568,-1190.08645639784,0.4150943396226415,1.0,0.3939393939393939,3437.0,7127.370668848149
17,all,R17,Medium,R17_OUT,0.0,0.05,-1184.8388468255525,-59.24194234127763,0.4150943396226415,1.0,0.3939393939393939,3437.0,7127.370668848149
17,all,R18,High,R18_OUT,0.0,0.05,10595.479039202342,529.7739519601172,0.4150943396226415,1.0,0.3939393939393939,3437.0,7127.370668848149
17,all,R19,High,R19_OUT,0.0,0.05,-3004.120578948341,-150.20602894741705,0.4150943396226415,1.0,0.3939393939393939,3437.0,7127.370668848149
17,all,R20,Very_High,R20_OUT,0.0,0.05,14246.286261437195,712.3143130718598,0.4150943396226415,1.0,0.3939393939393939,3437.0,7127.370668848149
18,all,R1,Very_Low,R1_OUT,0.0,0.05,21431.586736067748,1071.5793368033874,0.4371069182389937,0.8,0.3939393939393939,4494.0,5856.3222936522525
18,all,R2,Low,R2_OUT,0.0,0.05,5825.124360868197,291.2562180434099,0.4371069182389937,0.8,0.3939393939393939,4494.0,5856.3222936522525
18,all,R3,Medium,R3_OUT,0.0,0.05,8765.781463453344,438.28907317266726,0.4371069182389937,0.8,0.3939393939393939,4494.0,5856.3222936522525
18,all,R4,Low,R4_OUT,0.0,0.05,16288.51597534265,814.4257987671326,0.4371069182389937,0.8,0.3939393939393939,4494.0,5856.3222936522525
18,all,R5,Medium,R5_OUT,0.0,0.05,11209.052383758575,560.4526191879288,0.4371069182389937,0.8,0.3939393939393939,4494.0,5856.3222936522525
18,all,R6,Medium,R6_OUT,0.0,0.05,-13980.0403968931,-699.002019844655,0.4371069182389937,0.8,0.3939393939393939,4494.0,5856.3222936522525
18,all,R7,Medium,R7_OUT,0.0,0.05,-10583.191540680415,-529.1595770340208,0.4371069182389937,0.8,0.3939393939393939,4494.0,5856.3222936522525
18,all,R8,High,R8_OUT,0.0,0.05,-5189.574930077029,-259.4787465038515,0.4371069182389937,0.8,0.3939393939393939,4494.0,5856.3222936522525
18,all,R9,Low,R9_OUT,0.0,0.05,5607.321014903131,280.36605074515654,0.4371069182389937,0.8,0.3939393939393939,4494.0,5856.3222936522525
18,all,R10,Medium,R10_OUT,0.0,0.05,12305.934267044924,615.2967133522462,0.4371069182389937,0.8,0.3939393939393939,4494.0,5856.3222936522525
18,all,R11,Medium,R11_OUT,0.0,0.05,6919.3466808786925,345.96733404393467,0.4371069182389937,0.8,0.3939393939393939,4494.0,5856.3222936522525
18,all,R12,Medium,R12_OUT,0.0,0.05,7069.3758694226835,353.4687934711342,0.4371069182389937,0.8,0.3939393939393939,4494.0,5856.3222936522525
18,all,R13,Medium,R13_OUT,0.0,0.05,12398.594464203288,619.9297232101644,0.4371069182389937,0.8,0.3939393939393939,4494.0,5856.3222936522525
18,all,R14,High,R14_OUT,0.0,0.05,28470.168878562028,1423.5084439281015,0.4371069182389937,0.8,0.3939393939393939,4494.0,5856.3222936522525
18,all,R15,High,R15_OUT,0.0,0.05,22332.68797134378,1116.634398567189,0.4371069182389937,0.8,0.3939393939393939,4494.0,5856.3222936522525
18,all,R16,High,R16_OUT,0.0,0.05,-24386.546839720584,-1219.3273419860293,0.4371069182389937,0.8,0.3939393939393939,4494.0,5856.3222936522525
18,all,R17,Medium,R17_OUT,0.0,0.05,-4649.80273260309,-232.4901366301545,0.4371069182389937,0.8,0.3939393939393939,4494.0,5856.3222936522525
18,all,R18,High,R18_OUT,0.0,0.05,4310.286912973526,215.51434564867634,0.4371069182389937,0.8,0.3939393939393939,4494.0,5856.3222936522525
18,all,R19,High,R19_OUT,0.0,0.05,-1149.2531165600576,-57.46265582800288,0.4371069182389937,0.8,0.3939393939393939,4494.0,5856.3222936522525
18,all,R20,Very_High,R20_OUT,0.0,0.05,14131.078450756726,706.5539225378363,0.4371069182389937,0.8,0.3939393939393939,4494.0,5856.3222936522525
19,all,R1,Very_Low,R1_OUT,1.0,1.0,839.951972297466,839.951972297466,0.0377358490566037,1.0,0.1212121212121212,840.0,839.951972297466
19,all,R2,Low,R2_OUT,0.0,0.0,3002.0253568494572,0.0,0.0377358490566037,1.0,0.1212121212121212,840.0,839.951972297466
19,all,R3,Medium,R3_OUT,0.0,0.0,501.4451970980723,0.0,0.0377358490566037,1.0,0.1212121212121212,840.0,839.951972297466
19,all,R4,Low,R4_OUT,0.0,0.0,7115.5159493745105,0.0,0.0377358490566037,1.0,0.1212121212121212,840.0,839.951972297466
19,all,R5,Medium,R5_OUT,0.0,0.0,6083.111990165856,0.0,0.0377358490566037,1.0,0.1212121212121212,840.0,839.951972297466
19,all,R6,Medium,R6_OUT,0.0,0.0,-23035.431207354795,-0.0,0.0377358490566037,1.0,0.1212121212121212,840.0,839.951972297466
19,all,R7,Medium,R7_OUT,0.0,0.0,19050.701158758922,0.0,0.0377358490566037,1.0,0.1212121212121212,840.0,839.951972297466
19,all,R8,High,R8_OUT,0.0,0.0,15871.59392212504,0.0,0.0377358490566037,1.0,0.1212121212121212,840.0,839.951972297466
19,all,R9,Low,R9_OUT,0.0,0.0,-5625.738738548774,-0.0,0.0377358490566037,1.0,0.1212121212121212,840.0,839.951972297466
19,all,R10,Medium,R10_OUT,0.0,0.0,-1256.1969154282565,-0.0,0.0377358490566037,1.0,0.1212121212121212,840.0,839.951972297466
19,all,R11,Medium,R11_OUT,0.0,0.0,2305.9573408532483,0.0,0.0377358490566037,1.0,0.1212121212121212,840.0,839.951972297466
19,all,R12,Medium,R12_OUT,0.0,0.0,-8286.883669995774,-0.0,0.0377358490566037,1.0,0.1212121212121212,840.0,839.951972297466
19,all,R13,Medium,R13_OUT,0.0,0.0,-5379.223026744636,-0.0,0.0377358490566037,1.0,0.1212121212121212,840.0,839.951972297466
19,all,R14,High,R14_OUT,0.0,0.0,59077.5224446115,0.0,0.0377358490566037,1.0,0.1212121212121212,840.0,839.951972297466
19,all,R15,High,R15_OUT,0.0,0.0,-8115.024831479757,-0.0,0.0377358490566037,1.0,0.1212121212121212,840.0,839.951972297466
19,all,R16,High,R16_OUT,0.0,0.0,21916.56108310952,0.0,0.0377358490566037,1.0,0.1212121212121212,840.0,839.951972297466
19,all,R17,Medium,R17_OUT,0.0,0.0,9599.951489477302,0.0,0.0377358490566037,1.0,0.1212121212121212,840.0,839.951972297466
19,all,R18,High,R18_OUT,0.0,0.0,38799.380767865565,0.0,0.0377358490566037,1.0,0.1212121212121212,840.0,839.951972297466
19,all,R19,High,R19_OUT,0.0,0.0,-6995.302601198973,-0.0,0.0377358490566037,1.0,0.1212121212121212,840.0,839.951972297466
19,all,R20,Very_High,R20_OUT,0.0,0.0,529.7262660152564,0.0,0.0377358490566037,1.0,0.1212121212121212,840.0,839.951972297466
20,all,R1,Very_Low,R1_OUT,0.0,0.0,11877.742575413271,0.0,0.3034591194968553,0.6,0.5151515151515151,5180.0,5182.585165756835
20,all,R2,Low,R2_OUT,0.0,0.0,-1506.5699259010526,-0.0,0.3034591194968553,0.6,0.5151515151515151,5180.0,5182.585165756835
20,all,R3,Medium,R3_OUT,0.0,0.0,2813.424853398088,0.0,0.3034591194968553,0.6,0.5151515151515151,5180.0,5182.585165756835
20,all,R4,Low,R4_OUT,0.0,0.0,12128.254337259172,0.0,0.3034591194968553,0.6,0.5151515151515151,5180.0,5182.585165756835
20,all,R5,Medium,R5_OUT,0.0,0.0,5393.650481572035,0.0,0.3034591194968553,0.6,0.5151515151515151,5180.0,5182.585165756835
20,all,R6,Medium,R6_OUT,0.0,0.0,-18016.42960148286,-0.0,0.3034591194968553,0.6,0.5151515151515151,5180.0,5182.585165756835
20,all,R7,Medium,R7_OUT,0.0,0.0,-16570.57901829476,-0.0,0.3034591194968553,0.6,0.5151515151515151,5180.0,5182.585165756835
20,all,R8,High,R8_OUT,0.0,0.0,-1097.9280939580458,-0.0,0.3034591194968553,0.6,0.5151515151515151,5180.0,5182.585165756835
20,all,R9,Low,R9_OUT,0.0,0.0,1189.0528929740585,0.0,0.3034591194968553,0.6,0.5151515151515151,5180.0,5182.585165756835
20,all,R10,Medium,R10_OUT,0.0,0.0,9465.55511157032,0.0,0.3034591194968553,0.6,0.5151515151515151,5180.0,5182.585165756835
20,all,R11,Medium,R11_OUT,0.0,0.0,19693.19465951489,0.0,0.3034591194968553,0.6,0.5151515151515151,5180.0,5182.585165756835
20,all,R12,Medium,R12_OUT,0.0,0.0,1152.935020232675,0.0,0.3034591194968553,0.6,0.5151515151515151,5180.0,5182.585165756835
20,all,R13,Medium,R13_OUT,0.0,0.0,5284.5494264108875,0.0,0.3034591194968553,0.6,0.5151515151515151,5180.0,5182.585165756835
20,all,R14,High,R14_OUT,1.0,1.0,5182.585165756835,5182.585165756835,0.3034591194968553,0.6,0.5151515151515151,5180.0,5182.585165756835
20,all,R15,High,R15_OUT,0.0,0.0,25065.880767227725,0.0,0.3034591194968553,0.6,0.5151515151515151,5180.0,5182.585165756835
20,all,R16,High,R16_OUT,0.0,0.0,-4070.5376895442823,-0.0,0.3034591194968553,0.6,0.5151515151515151,5180.0,5182.585165756835
20,all,R17,Medium,R17_OUT,0.0,0.0,-13182.283571468895,-0.0,0.3034591194968553,0.6,0.5151515151515151,5180.0,5182.585165756835
20,all,R18,High,R18_OUT,0.0,0.0,1489.2691843405628,0.0,0.3034591194968553,0.6,0.5151515151515151,5180.0,5182.585165756835
20,all,R19,High,R19_OUT,0.0,0.0,-1356.0875108855244,-0.0,0.3034591194968553,0.6,0.5151515151515151,5180.0,5182.585165756835
20,all,R20,Very_High,R20_OUT,0.0,0.0,10070.533426493308,0.0,0.3034591194968553,0.6,0.5151515151515151,5180.0,5182.585165756835
21,all,R1,Very_Low,R1_OUT,0.0,0.05,29879.19562870746,1493.959781435373,0.6053459119496856,0.6,0.1212121212121212,5775.0,7324.317881291336
21,all,R2,Low,R2_OUT,0.0,0.05,5795.181296740508,289.7590648370254,0.6053459119496856,0.6,0.1212121212121212,5775.0,7324.317881291336
21,all,R3,Medium,R3_OUT,0.0,0.05,10929.418853593159,546.4709426796579,0.6053459119496856,0.6,0.1212121212121212,5775.0,7324.317881291336
21,all,R4,Low,R4_OUT,0.0,0.05,15457.489719102463,772.8744859551232,0.6053459119496856,0.6,0.1212121212121212,5775.0,7324.317881291336
21,all,R5,Medium,R5_OUT,0.0,0.05,14012.439986379517,700.6219993189759,0.6053459119496856,0.6,0.1212121212121212,5775.0,7324.317881291336
21,all,R6,Medium,R6_OUT,0.0,0.05,-8531.723249229928,-426.58616246149643,0.6053459119496856,0.6,0.1212121212121212,5775.0,7324.317881291336
21,all,R7,Medium,R7_OUT,0.0,0.05,-2939.621427012018,-146.9810713506009,0.6053459119496856,0.6,0.1212121212121212,5775.0,7324.317881291336
21,all,R8,High,R8_OUT,0.0,0.05,-15930.845734582914,-796.5422867291458,0.6053459119496856,0.6,0.1212121212121212,5775.0,7324.317881291336
21,all,R9,Low,R9_OUT,0.0,0.05,13040.876502291998,652.0438251145999,0.6053459119496856,0.6,0.1212121212121212,5775.0,7324.317881291336
21,all,R10,Medium,R10_OUT,0.0,0.05,14990.260445560292,749.5130222780147,0.6053459119496856,0.6,0.1212121212121212,5775.0,7324.317881291336
21,all,R11,Medium,R11_OUT,0.0,0.05,-2302.1441630653662,-115.10720815326832,0.6053459119496856,0.6,0.1212121212121212,5775.0,7324.317881291336
21,all,R12,Medium,R12_OUT,0.0,0.05,11736.676687164781,586.8338343582391,0.6053459119496856,0.6,0.1212121212121212,5775.0,7324.317881291336
21,all,R13,Medium,R13_OUT,0.0,0.05,18179.56294391845,908.9781471959225,0.6053459119496856,0.6,0.1212121212121212,5775.0,7324.317881291336
21,all,R14,High,R14_OUT,0.0,0.05,54958.69411111024,2747.934705555512,0.6053459119496856,0.6,0.1212121212121212,5775.0,7324.317881291336
21,all,R15,High,R15_OUT,0.0,0.05,10283.488307645111,514.1744153822556,0.6053459119496856,0.6,0.1212121212121212,5775.0,7324.317881291336
21,all,R16,High,R16_OUT,0.0,0.05,-45993.50689923745,-2299.6753449618727,0.6053459119496856,0.6,0.1212121212121212,5775.0,7324.317881291336
21,all,R17,Medium,R17_OUT,0.0,0.05,3114.1120920173807,155.70560460086904,0.6053459119496856,0.6,0.1212121212121212,5775.0,7324.317881291336
21,all,R18,High,R18_OUT,0.0,0.05,324.2273246061595,16.211366230307977,0.6053459119496856,0.6,0.1212121212121212,5775.0,7324.317881291336
21,all,R19,High,R19_OUT,0.0,0.05,2924.683494949262,146.2341747474631,0.6053459119496856,0.6,0.1212121212121212,5775.0,7324.317881291336
21,all,R20,Very_High,R20_OUT,0.0,0.05,16557.891705167618,827.894585258381,0.6053459119496856,0.6,0.1212121212121212,5775.0,7324.317881291336
22,all,R1,Very_Low,R1_OUT,0.0,0.05,27885.232634802414,1394.2616317401207,0.5267295597484277,1.0,0.5757575757575758,10577.0,6725.7723325456955
22,all,R2,Low,R2_OUT,0.0,0.05,11298.364491598946,564.9182245799474,0.5267295597484277,1.0,0.5757575757575758,10577.0,6725.7723325456955
22,all,R3,Medium,R3_OUT,0.0,0.05,13501.763058603847,675.0881529301923,0.5267295597484277,1.0,0.5757575757575758,10577.0,6725.7723325456955
22,all,R4,Low,R4_OUT,0.0,0.05,22124.640153272878,1106.232007663644,0.5267295597484277,1.0,0.5757575757575758,10577.0,6725.7723325456955
22,all,R5,Medium,R5_OUT,0.0,0.05,14527.789791863153,726.3894895931577,0.5267295597484277,1.0,0.5757575757575758,10577.0,6725.7723325456955
22,all,R6,Medium,R6_OUT,0.0,0.05,-12386.394572223739,-619.319728611187,0.5267295597484277,1.0,0.5757575757575758,10577.0,6725.7723325456955
22,all,R7,Medium,R7_OUT,0.0,0.05,-20416.792030717992,-1020.8396015358996,0.5267295597484277,1.0,0.5757575757575758,10577.0,6725.7723325456955
22,all,R8,High,R8_OUT,0.0,0.05,-6817.570180509745,-340.8785090254873,0.5267295597484277,1.0,0.5757575757575758,10577.0,6725.7723325456955
22,all,R9,Low,R9_OUT,0.0,0.05,6768.001813038737,338.40009065193686,0.5267295597484277,1.0,0.5757575757575758,10577.0,6725.7723325456955
22,all,R10,Medium,R10_OUT,0.0,0.05,16268.00081899096,813.400040949548,0.5267295597484277,1.0,0.5757575757575758,10577.0,6725.7723325456955
22,all,R11,Medium,R11_OUT,0.0,0.05,6246.4624440032585,312.32312220016297,0.5267295597484277,1.0,0.5757575757575758,10577.0,6725.7723325456955
22,all,R12,Medium,R12_OUT,0.0,0.05,12192.023858617253,609.6011929308627,0.5267295597484277,1.0,0.5757575757575758,10577.0,6725.7723325456955
22,all,R13,Medium,R13_OUT,0.0,0.05,18247.936758921023,912.3968379460512,0.5267295597484277,1.0,0.5757575757575758,10577.0,6725.7723325456955
22,all,R14,High,R14_OUT,0.0,0.05,16896.707972633158,844.8353986316579,0.5267295597484277,1.0,0.5757575757575758,10577.0,6725.7723325456955
22,all,R15,High,R15_OUT,0.0,0.05,37357.2068417771,1867.860342088855,0.5267295597484277,1.0,0.5757575757575758,10577.0,6725.7723325456955
22,all,R16,High,R16_OUT,0.0,0.05,-36443.05624243668,-1822.1528121218341,0.5267295597484277,1.0,0.5757575757575758,10577.0,6725.7723325456955
22,all,R17,Medium,R17_OUT,0.0,0.05,-8493.389357197033,-424.6694678598517,0.5267295597484277,1.0,0.5757575757575758,10577.0,6725.7723325456955
22,all,R18,High,R18_OUT,0.0,0.05,-1283.625242424925,-64.18126212124626,0.5267295597484277,1.0,0.5757575757575758,10577.0,6725.7723325456955
22,all,R19,High,R19_OUT,0.0,0.05,-2003.1294237304364,-100.15647118652183,0.5267295597484277,1.0,0.5757575757575758,10577.0,6725.7723325456955
22,all,R20,Very_High,R20_OUT,0.0,0.05,19045.273062031752,952.2636531015877,0.5267295597484277,1.0,0.5757575757575758,10577.0,6725.7723325456955
23,all,R1,Very_Low,R1_OUT,0.0,0.0,13290.616946000024,0.0,0.3474842767295597,0.4,0.2121212121212121,3983.0,3982.4335545164176
23,all,R2,Low,R2_OUT,0.0,0.0,-3919.1459488397077,-0.0,0.3474842767295597,0.4,0.2121212121212121,3983.0,3982.4335545164176
23,all,R3,Medium,R3_OUT,0.0,0.0,1663.3591914873414,0.0,0.3474842767295597,0.4,0.2121212121212121,3983.0,3982.4335545164176
23,all,R4,Low,R4_OUT,0.0,0.0,8234.12333910318,0.0,0.3474842767295597,0.4,0.2121212121212121,3983.0,3982.4335545164176
23,all,R5,Medium,R5_OUT,0.0,0.0,5622.015078636031,0.0,0.3474842767295597,0.4,0.2121212121212121,3983.0,3982.4335545164176
23,all,R6,Medium,R6_OUT,0.0,0.0,-15640.596782881343,-0.0,0.3474842767295597,0.4,0.2121212121212121,3983.0,3982.4335545164176
23,all,R7,Medium,R7_OUT,0.0,0.0,-3698.4349824551464,-0.0,0.3474842767295597,0.4,0.2121212121212121,3983.0,3982.4335545164176
23,all,R8,High,R8_OUT,0.0,0.0,-5971.50265998091,-0.0,0.3474842767295597,0.4,0.2121212121212121,3983.0,3982.4335545164176
23,all,R9,Low,R9_OUT,0.0,0.0,4944.078325917016,0.0,0.3474842767295597,0.4,0.2121212121212121,3983.0,3982.4335545164176
23,all,R10,Medium,R10_OUT,0.0,0.0,8366.754105315462,0.0,0.3474842767295597,0.4,0.2121212121212121,3983.0,3982.4335545164176
23,all,R11,Medium,R11_OUT,0.0,0.0,12554.680907900061,0.0,0.3474842767295597,0.4,0.2121212121212121,3983.0,3982.4335545164176
23,all,R12,Medium,R12_OUT,0.0,0.0,878.1618102009797,0.0,0.3474842767295597,0.4,0.2121212121212121,3983.0,3982.4335545164176
23,all,R13,Medium,R13_OUT,0.0,0.0,5277.311984845101,0.0,0.3474842767295597,0.4,0.2121212121212121,3983.0,3982.4335545164176
23,all,R14,High,R14_OUT,0.0,0.0,32814.26995674832,0.0,0.3474842767295597,0.4,0.2121212121212121,3983.0,3982.4335545164176
23,all,R15,High,R15_OUT,0.48622981956315325,0.48120300751879735,6876.158295494253,3308.828051967162,0.3474842767295597,0.4,0.2121212121212121,3983.0,3982.4335545164176
23,all,R16,High,R16_OUT,0.0,0.0,-10108.951077226317,-0.0,0.3474842767295597,0.4,0.2121212121212121,3983.0,3982.4335545164176
23,all,R17,Medium,R17_OUT,0.0,0.0,-4289.8503758807765,-0.0,0.3474842767295597,0.4,0.2121212121212121,3983.0,3982.4335545164176
23,all,R18,High,R18_OUT,0.0,0.0,4708.09633755227,0.0,0.3474842767295597,0.4,0.2121212121212121,3983.0,3982.4335545164176
23,all,R19,High,R19_OUT,0.524216524216524,0.5187969924812028,1298.3990121601591,673.6055025492552,0.3474842767295597,0.4,0.2121212121212121,3983.0,3982.4335545164176
23,all,R20,Very_High,R20_OUT,0.0,0.0,8418.132080311185,0.0,0.3474842767295597,0.4,0.2121212121212121,3983.0,3982.4335545164176
24,all,R1,Very_Low,R1_OUT,0.0,0.0,20425.235438557906,0.0,0.389937106918239,1.0,0.3939393939393939,3164.0,3164.62534593031
24,all,R2,Low,R2_OUT,0.0,0.0,9154.169805952382,0.0,0.389937106918239,1.0,0.3939393939393939,3164.0,3164.62534593031
24,all,R3,Medium,R3_OUT,0.0,0.0,9872.317291781914,0.0,0.389937106918239,1.0,0.3939393939393939,3164.0,3164.62534593031
24,all,R4,Low,R4_OUT,0.0,0.0,17444.858337833633,0.0,0.389937106918239,1.0,0.3939393939393939,3164.0,3164.62534593031
24,all,R5,Medium,R5_OUT,0.0,0.0,12441.402602916463,0.0,0.389937106918239,1.0,0.3939393939393939,3164.0,3164.62534593031
24,all,R6,Medium,R6_OUT,0.0,0.0,-15129.544994640366,-0.0,0.389937106918239,1.0,0.3939393939393939,3164.0,3164.62534593031
24,all,R7,Medium,R7_OUT,0.0,0.0,-6297.009543315788,-0.0,0.389937106918239,1.0,0.3939393939393939,3164.0,3164.62534593031
24,all,R8,High,R8_OUT,0.0,0.0,-537.3311439757781,-0.0,0.389937106918239,1.0,0.3939393939393939,3164.0,3164.62534593031
24,all,R9,Low,R9_OUT,0.0,0.0,3641.317336013327,0.0,0.389937106918239,1.0,0.3939393939393939,3164.0,3164.62534593031
24,all,R10,Medium,R10_OUT,0.0,0.0,10936.730598665854,0.0,0.389937106918239,1.0,0.3939393939393939,3164.0,3164.62534593031
24,all,R11,Medium,R11_OUT,0.08547008547008544,1.0,3164.62534593031,3164.62534593031,0.389937106918239,1.0,0.3939393939393939,3164.0,3164.62534593031
24,all,R12,Medium,R12_OUT,0.0,0.0,6296.333144667431,0.0,0.389937106918239,1.0,0.3939393939393939,3164.0,3164.62534593031
24,all,R13,Medium,R13_OUT,0.0,0.0,11501.338000094938,0.0,0.389937106918239,1.0,0.3939393939393939,3164.0,3164.62534593031
24,all,R14,High,R14_OUT,0.0,0.0,34840.257959325325,0.0,0.389937106918239,1.0,0.3939393939393939,3164.0,3164.62534593031
24,all,R15,High,R15_OUT,0.0,0.0,21163.93411609874,0.0,0.389937106918239,1.0,0.3939393939393939,3164.0,3164.62534593031
24,all,R16,High,R16_OUT,0.0,0.0,-20594.98161762314,-0.0,0.389937106918239,1.0,0.3939393939393939,3164.0,3164.62534593031
24,all,R17,Medium,R17_OUT,0.0,0.0,-1206.176426361655,-0.0,0.389937106918239,1.0,0.3939393939393939,3164.0,3164.62534593031
24,all,R18,High,R18_OUT,0.0,0.0,11840.152633955571,0.0,0.389937106918239,1.0,0.3939393939393939,3164.0,3164.62534593031
24,all,R19,High,R19_OUT,0.0,0.0,-3302.5110256208527,-0.0,0.389937106918239,1.0,0.3939393939393939,3164.0,3164.62534593031
24,all,R20,Very_High,R20_OUT,0.0,0.0,13465.093177448569,0.0,0.389937106918239,1.0,0.3939393939393939,3164.0,3164.62534593031
25,all,R1,Very_Low,R1_OUT,0.0,0.0,17699.04713701448,0.0,0.3930817610062893,0.6,0.1515151515151515,3542.0,3541.941312157476
25,all,R2,Low,R2_OUT,0.0,0.0,1458.3231537816555,0.0,0.3930817610062893,0.6,0.1515151515151515,3542.0,3541.941312157476
25,all,R3,Medium,R3_OUT,0.0,0.0,5255.800653103601,0.0,0.3930817610062893,0.6,0.1515151515151515,3542.0,3541.941312157476
25,all,R4,Low,R4_OUT,0.0,0.0,10945.52164418132,0.0,0.3930817610062893,0.6,0.1515151515151515,3542.0,3541.941312157476
25,all,R5,Medium,R5_OUT,0.0,0.0,9197.688623201248,0.0,0.3930817610062893,0.6,0.1515151515151515,3542.0,3541.941312157476
25,all,R6,Medium,R6_OUT,0.0,0.0,-14136.333721506788,-0.0,0.3930817610062893,0.6,0.1515151515151515,3542.0,3541.941312157476
25,all,R7,Medium,R7_OUT,0.0,0.0,1371.4828517567184,0.0,0.3930817610062893,0.6,0.1515151515151515,3542.0,3541.941312157476
25,all,R8,High,R8_OUT,0.0,0.0,-5803.320225278005,-0.0,0.3930817610062893,0.6,0.1515151515151515,3542.0,3541.941312157476
25,all,R9,Low,R9_OUT,0.0,0.0,6243.638825923665,0.0,0.3930817610062893,0.6,0.1515151515151515,3542.0,3541.941312157476
25,all,R10,Medium,R10_OUT,0.0,0.0,9169.657712771354,0.0,0.3930817610062893,0.6,0.1515151515151515,3542.0,3541.941312157476
25,all,R11,Medium,R11_OUT,0.0,0.0,4230.009818347897,0.0,0.3930817610062893,0.6,0.1515151515151515,3542.0,3541.941312157476
25,all,R12,Medium,R12_OUT,0.05128205128205187,1.0,3541.941312157476,3541.941312157476,0.3930817610062893,0.6,0.1515151515151515,3542.0,3541.941312157476
25,all,R13,Medium,R13_OUT,0.0,0.0,8494.166104124566,0.0,0.3930817610062893,0.6,0.1515151515151515,3542.0,3541.941312157476
25,all,R14,High,R14_OUT,0.0,0.0,47686.069890881525,0.0,0.3930817610062893,0.6,0.1515151515151515,3542.0,3541.941312157476
25,all,R15,High,R15_OUT,0.0,0.0,5005.223202962821,0.0,0.3930817610062893,0.6,0.1515151515151515,3542.0,3541.941312157476
25,all,R16,High,R16_OUT,0.0,0.0,-18671.805620359526,-0.0,0.3930817610062893,0.6,0.1515151515151515,3542.0,3541.941312157476
25,all,R17,Medium,R17_OUT,0.0,0.0,1700.2035947543518,0.0,0.3930817610062893,0.6,0.1515151515151515,3542.0,3541.941312157476
25,all,R18,High,R18_OUT,0.0,0.0,9766.849912851656,0.0,0.3930817610062893,0.6,0.1515151515151515,3542.0,3541.941312157476
25,all,R19,High,R19_OUT,0.0,0.0,353.16135916804296,0.0,0.3930817610062893,0.6,0.1515151515151515,3542.0,3541.941312157476
25,all,R20,Very_High,R20_OUT,0.0,0.0,10188.648807412746,0.0,0.3930817610062893,0.6,0.1515151515151515,3542.0,3541.941312157476
26,all,R1,Very_Low,R1_OUT,0.0,0.05,34989.75185324361,1749.4875926621805,0.6745283018867925,0.8,0.3939393939393939,4277.0,7473.533397489731
26,all,R2,Low,R2_OUT,0.0,0.05,10566.447521462793,528.3223760731397,0.6745283018867925,0.8,0.3939393939393939,4277.0,7473.533397489731
26,all,R3,Medium,R3_OUT,0.0,0.05,15107.302534170904,755.3651267085452,0.6745283018867925,0.8,0.3939393939393939,4277.0,7473.533397489731
26,all,R4,Low,R4_OUT,0.0,0.05,21633.543990961247,1081.6771995480624,0.6745283018867925,0.8,0.3939393939393939,4277.0,7473.533397489731
26,all,R5,Medium,R5_OUT,0.0,0.05,16423.332428987625,821.1666214493813,0.6745283018867925,0.8,0.3939393939393939,4277.0,7473.533397489731
26,all,R6,Medium,R6_OUT,0.0,0.05,-7857.417429593497,-392.87087147967486,0.6745283018867925,0.8,0.3939393939393939,4277.0,7473.533397489731
26,all,R7,Medium,R7_OUT,0.0,0.05,-17314.459803960464,-865.7229901980232,0.6745283018867925,0.8,0.3939393939393939,4277.0,7473.533397489731
26,all,R8,High,R8_OUT,0.0,0.05,-16475.92298575916,-823.7961492879581,0.6745283018867925,0.8,0.3939393939393939,4277.0,7473.533397489731
26,all,R9,Low,R9_OUT,0.0,0.05,12999.101049262717,649.9550524631359,0.6745283018867925,0.8,0.3939393939393939,4277.0,7473.533397489731
26,all,R10,Medium,R10_OUT,0.0,0.05,19082.397900462838,954.1198950231419,0.6745283018867925,0.8,0.3939393939393939,4277.0,7473.533397489731
26,all,R11,Medium,R11_OUT,0.0,0.05,840.4457830510455,42.022289152552275,0.6745283018867925,0.8,0.3939393939393939,4277.0,7473.533397489731
26,all,R12,Medium,R12_OUT,0.0,0.05,16338.806803160742,816.9403401580371,0.6745283018867925,0.8,0.3939393939393939,4277.0,7473.533397489731
26,all,R13,Medium,R13_OUT,0.0,0.05,23316.884262905627,1165.8442131452814,0.6745283018867925,0.8,0.3939393939393939,4277.0,7473.533397489731
26,all,R14,High,R14_OUT,0.0,0.05,32795.16497169102,1639.758248584551,0.6745283018867925,0.8,0.3939393939393939,4277.0,7473.533397489731
26,all,R15,High,R15_OUT,0.0,0.05,30389.870096672188,1519.4935048336094,0.6745283018867925,0.8,0.3939393939393939,4277.0,7473.533397489731
26,all,R16,High,R16_OUT,0.0,0.05,-54650.226468494555,-2732.511323424728,0.6745283018867925,0.8,0.3939393939393939,4277.0,7473.533397489731
26,all,R17,Medium,R17_OUT,0.0,0.05,-4448.429325731113,-222.42146628655564,0.6745283018867925,0.8,0.3939393939393939,4277.0,7473.533397489731
26,all,R18,High,R18_OUT,0.0,0.05,-7436.320137510178,-371.81600687550895,0.6745283018867925,0.8,0.3939393939393939,4277.0,7473.533397489731
26,all,R19,High,R19_OUT,0.0,0.05,1666.806723911779,83.34033619558896,0.6745283018867925,0.8,0.3939393939393939,4277.0,7473.533397489731
26,all,R20,Very_High,R20_OUT,0.0,0.05,21503.588180899395,1075.1794090449698,0.6745283018867925,0.8,0.3939393939393939,4277.0,7473.533397489731
27,all,R1,Very_Low,R1_OUT,0.0,0.0,16087.92402557076,0.0,0.3160377358490566,1.0,0.4545454545454545,7252.0,7251.483638455076
27,all,R2,Low,R2_OUT,0.0,0.0,7482.54004197239,0.0,0.3160377358490566,1.0,0.4545454545454545,7252.0,7251.483638455076
27,all,R3,Medium,R3_OUT,0.0,0.0,7890.373597888996,0.0,0.3160377358490566,1.0,0.4545454545454545,7252.0,7251.483638455076
27,all,R4,Low,R4_OUT,0.0,0.0,16314.572833573777,0.0,0.3160377358490566,1.0,0.4545454545454545,7252.0,7251.483638455076
27,all,R5,Medium,R5_OUT,0.0,0.0,10512.459148653164,0.0,0.3160377358490566,1.0,0.4545454545454545,7252.0,7251.483638455076
27,all,R6,Medium,R6_OUT,0.0,0.0,-17296.74659013573,-0.0,0.3160377358490566,1.0,0.4545454545454545,7252.0,7251.483638455076
27,all,R7,Medium,R7_OUT,0.0,0.0,-7615.680606383958,-0.0,0.3160377358490566,1.0,0.4545454545454545,7252.0,7251.483638455076
27,all,R8,High,R8_OUT,0.0,0.0,3049.8018851167126,0.0,0.3160377358490566,1.0,0.4545454545454545,7252.0,7251.483638455076
27,all,R9,Low,R9_OUT,0.0,0.0,963.179385012998,0.0,0.3160377358490566,1.0,0.4545454545454545,7252.0,7251.483638455076
27,all,R10,Medium,R10_OUT,0.0,0.0,9303.150234095892,0.0,0.3160377358490566,1.0,0.4545454545454545,7252.0,7251.483638455076
27,all,R11,Medium,R11_OUT,0.8888888888888892,1.0,7251.483638455076,7251.483638455076,0.3160377358490566,1.0,0.4545454545454545,7252.0,7251.483638455076
27,all,R12,Medium,R12_OUT,0.0,0.0,3596.1544358686333,0.0,0.3160377358490566,1.0,0.4545454545454545,7252.0,7251.483638455076
27,all,R13,Medium,R13_OUT,0.0,0.0,8254.90607620665,0.0,0.3160377358490566,1.0,0.4545454545454545,7252.0,7251.483638455076
27,all,R14,High,R14_OUT,0.0,0.0,26682.255404747128,0.0,0.3160377358490566,1.0,0.4545454545454545,7252.0,7251.483638455076
27,all,R15,High,R15_OUT,0.0,0.0,22506.421217649622,0.0,0.3160377358490566,1.0,0.4545454545454545,7252.0,7251.483638455076
27,all,R16,High,R16_OUT,0.0,0.0,-10645.62248514274,-0.0,0.3160377358490566,1.0,0.4545454545454545,7252.0,7251.483638455076
27,all,R17,Medium,R17_OUT,0.0,0.0,-3736.600906103271,-0.0,0.3160377358490566,1.0,0.4545454545454545,7252.0,7251.483638455076
27,all,R18,High,R18_OUT,0.0,0.0,13377.759583573301,0.0,0.3160377358490566,1.0,0.4545454545454545,7252.0,7251.483638455076
27,all,R19,High,R19_OUT,0.0,0.0,-4286.738446685149,-0.0,0.3160377358490566,1.0,0.4545454545454545,7252.0,7251.483638455076
27,all,R20,Very_High,R20_OUT,0.0,0.0,11614.485990030318,0.0,0.3160377358490566,1.0,0.4545454545454545,7252.0,7251.483638455076
28,all,R1,Very_Low,R1_OUT,0.0,0.05,33983.40055573377,1699.1700277866887,0.6273584905660378,1.0,0.3939393939393939,3948.0,8573.221655722715
28,all,R2,Low,R2_OUT,0.0,0.05,13895.492966546977,694.7746483273489,0.6273584905660378,1.0,0.3939393939393939,3948.0,8573.221655722715
28,all,R3,Medium,R3_OUT,0.0,0.05,16213.838362499473,810.6919181249737,0.6273584905660378,1.0,0.3939393939393939,3948.0,8573.221655722715
28,all,R4,Low,R4_OUT,0.0,0.05,22789.886353452224,1139.4943176726113,0.6273584905660378,1.0,0.3939393939393939,3948.0,8573.221655722715
28,all,R5,Medium,R5_OUT,0.0,0.05,17655.682648145514,882.7841324072757,0.6273584905660378,1.0,0.3939393939393939,3948.0,8573.221655722715
28,all,R6,Medium,R6_OUT,0.0,0.05,-9006.922027340763,-450.34610136703816,0.6273584905660378,1.0,0.3939393939393939,3948.0,8573.221655722715
28,all,R7,Medium,R7_OUT,0.0,0.05,-13028.277806595837,-651.4138903297919,0.6273584905660378,1.0,0.3939393939393939,3948.0,8573.221655722715
28,all,R8,High,R8_OUT,0.0,0.05,-11823.679199657905,-591.1839599828953,0.6273584905660378,1.0,0.3939393939393939,3948.0,8573.221655722715
28,all,R9,Low,R9_OUT,0.0,0.05,11033.09737037291,551.6548685186456,0.6273584905660378,1.0,0.3939393939393939,3948.0,8573.221655722715
28,all,R10,Medium,R10_OUT,0.0,0.05,17713.194232083766,885.6597116041884,0.6273584905660378,1.0,0.3939393939393939,3948.0,8573.221655722715
28,all,R11,Medium,R11_OUT,0.0,0.05,-2914.275551897337,-145.71377759486685,0.6273584905660378,1.0,0.3939393939393939,3948.0,8573.221655722715
28,all,R12,Medium,R12_OUT,0.0,0.05,15565.764078405486,778.2882039202743,0.6273584905660378,1.0,0.3939393939393939,3948.0,8573.221655722715
28,all,R13,Medium,R13_OUT,0.0,0.05,22419.62779879728,1120.981389939864,0.6273584905660378,1.0,0.3939393939393939,3948.0,8573.221655722715
28,all,R14,High,R14_OUT,0.0,0.05,39165.25405245431,1958.2627026227156,0.6273584905660378,1.0,0.3939393939393939,3948.0,8573.221655722715
28,all,R15,High,R15_OUT,0.0,0.05,29221.116241427146,1461.0558120713574,0.6273584905660378,1.0,0.3939393939393939,3948.0,8573.221655722715
28,all,R16,High,R16_OUT,0.0,0.05,-50858.6612463971,-2542.9330623198553,0.6273584905660378,1.0,0.3939393939393939,3948.0,8573.221655722715
28,all,R17,Medium,R17_OUT,0.0,0.05,-1004.8030194896783,-50.24015097448392,0.6273584905660378,1.0,0.3939393939393939,3948.0,8573.221655722715
28,all,R18,High,R18_OUT,0.0,0.05,93.54558347187412,4.677279173593706,0.6273584905660378,1.0,0.3939393939393939,3948.0,8573.221655722715
28,all,R19,High,R19_OUT,0.0,0.05,-486.45118514901696,-24.32255925745085,0.6273584905660378,1.0,0.3939393939393939,3948.0,8573.221655722715
28,all,R20,Very_High,R20_OUT,0.0,0.05,20837.602907591237,1041.880145379562,0.6273584905660378,1.0,0.3939393939393939,3948.0,8573.221655722715
29,all,R1,Very_Low,R1_OUT,0.48453608247422664,0.4289078598763614,10119.41581838617,4340.29698186301,0.2012578616352201,1.0,0.1515151515151515,3927.0,3927.166618970446
29,all,R2,Low,R2_OUT,0.0,0.0,6169.645593904567,0.0,0.2012578616352201,1.0,0.1515151515151515,3927.0,3927.166618970446
29,all,R3,Medium,R3_OUT,0.0,0.0,4865.068956221077,0.0,0.2012578616352201,1.0,0.1515151515151515,3927.0,3927.166618970446
29,all,R4,Low,R4_OUT,0.0,0.0,11063.559104472206,0.0,0.2012578616352201,1.0,0.1515151515151515,3927.0,3927.166618970446
29,all,R5,Medium,R5_OUT,0.0,0.0,9521.426393939533,0.0,0.2012578616352201,1.0,0.1515151515151515,3927.0,3927.166618970446
29,all,R6,Medium,R6_OUT,0.0,0.0,-18949.267579071355,-0.0,0.2012578616352201,1.0,0.1515151515151515,3927.0,3927.166618970446
29,all,R7,Medium,R7_OUT,0.0,0.0,12707.678848627449,0.0,0.2012578616352201,1.0,0.1515151515151515,3927.0,3927.166618970446
29,all,R8,High,R8_OUT,0.0,0.0,8135.297012171468,0.0,0.2012578616352201,1.0,0.1515151515151515,3927.0,3927.166618970446
29,all,R9,Low,R9_OUT,0.6451612903225808,0.5710921401236387,-723.4040426525971,-413.1303628925637,0.2012578616352201,1.0,0.1515151515151515,3927.0,3927.166618970446
29,all,R10,Medium,R10_OUT,0.0,0.0,3648.8613344773835,0.0,0.2012578616352201,1.0,0.1515151515151515,3927.0,3927.166618970446
29,all,R11,Medium,R11_OUT,0.0,0.0,-783.4602974739419,-0.0,0.2012578616352201,1.0,0.1515151515151515,3927.0,3927.166618970446
29,all,R12,Medium,R12_OUT,0.0,0.0,-1810.1356465699882,-0.0,0.2012578616352201,1.0,0.1515151515151515,3927.0,3927.166618970446
29,all,R13,Medium,R13_OUT,0.0,0.0,2216.6467684936597,0.0,0.2012578616352201,1.0,0.1515151515151515,3927.0,3927.166618970446
29,all,R14,High,R14_OUT,0.0,0.0,58650.421841984295,0.0,0.2012578616352201,1.0,0.1515151515151515,3927.0,3927.166618970446
29,all,R15,High,R15_OUT,0.0,0.0,-640.5314728939011,-0.0,0.2012578616352201,1.0,0.1515151515151515,3927.0,3927.166618970446
29,all,R16,High,R16_OUT,0.0,0.0,1337.4714263783135,0.0,0.2012578616352201,1.0,0.1515151515151515,3927.0,3927.166618970446
29,all,R17,Medium,R17_OUT,0.0,0.0,8504.77308653482,0.0,0.2012578616352201,1.0,0.1515151515151515,3927.0,3927.166618970446
29,all,R18,High,R18_OUT,0.0,0.0,29649.691534484547,0.0,0.2012578616352201,1.0,0.1515151515151515,3927.0,3927.166618970446
29,all,R19,High,R19_OUT,0.0,0.0,-5109.617439809536,-0.0,0.2012578616352201,1.0,0.1515151515151515,3927.0,3927.166618970446
29,all,R20,Very_High,R20_OUT,0.0,0.0,5829.5550603405045,0.0,0.2012578616352201,1.0,0.1515151515151515,3927.0,3927.166618970446
30,all,R1,Very_Low,R1_OUT,0.0,0.0,2906.2519135356415,0.0,0.1666666666666666,0.4,0.2424242424242424,710.0,712.7138310690771
30,all,R2,Low,R2_OUT,0.0,0.0,-7628.0142692032505,-0.0,0.1666666666666666,0.4,0.2424242424242424,710.0,712.7138310690771
30,all,R3,Medium,R3_OUT,0.0,0.0,-3170.322443344261,-0.0,0.1666666666666666,0.4,0.2424242424242424,710.0,712.7138310690771
30,all,R4,Low,R4_OUT,0.0,0.0,4430.105994727546,0.0,0.1666666666666666,0.4,0.2424242424242424,710.0,712.7138310690771
30,all,R5,Medium,R5_OUT,0.0,0.0,1497.8968340311467,0.0,0.1666666666666666,0.4,0.2424242424242424,710.0,712.7138310690771
30,all,R6,Medium,R6_OUT,0.0,0.0,-20434.26381578077,-0.0,0.1666666666666666,0.4,0.2424242424242424,710.0,712.7138310690771
30,all,R7,Medium,R7_OUT,0.711340206185567,0.6631735598685435,-278.88941405463265,-184.95208552826296,0.1666666666666666,0.4,0.2424242424242424,710.0,712.7138310690771
30,all,R8,High,R8_OUT,0.0,0.0,2661.1423121475527,0.0,0.1666666666666666,0.4,0.2424242424242424,710.0,712.7138310690771
30,all,R9,Low,R9_OUT,0.0,0.0,-874.1156372911114,-0.0,0.1666666666666666,0.4,0.2424242424242424,710.0,712.7138310690771
30,all,R10,Medium,R10_OUT,0.0,0.0,3443.6962246348585,0.0,0.1666666666666666,0.4,0.2424242424242424,710.0,712.7138310690771
30,all,R11,Medium,R11_OUT,0.0,0.0,18281.68245251496,0.0,0.1666666666666666,0.4,0.2424242424242424,710.0,712.7138310690771
30,all,R12,Medium,R12_OUT,0.0,0.0,-6088.834368284725,-0.0,0.1666666666666666,0.4,0.2424242424242424,710.0,712.7138310690771
30,all,R13,Medium,R13_OUT,0.0,0.0,-2961.9537557829135,-0.0,0.1666666666666666,0.4,0.2424242424242424,710.0,712.7138310690771
30,all,R14,High,R14_OUT,0.0,0.0,26114.492901172453,0.0,0.1666666666666666,0.4,0.2424242424242424,710.0,712.7138310690771
30,all,R15,High,R15_OUT,0.3612903225806451,0.3368264401314565,2665.06963125282,897.6659165973408,0.1666666666666666,0.4,0.2424242424242424,710.0,712.7138310690771
30,all,R16,High,R16_OUT,0.0,0.0,13204.315813734534,0.0,0.1666666666666666,0.4,0.2424242424242424,710.0,712.7138310690771
30,all,R17,Medium,R17_OUT,0.0,0.0,-5677.086898723677,-0.0,0.1666666666666666,0.4,0.2424242424242424,710.0,712.7138310690771
30,all,R18,High,R18_OUT,0.0,0.0,12594.876932356223,0.0,0.1666666666666666,0.4,0.2424242424242424,710.0,712.7138310690771
30,all,R19,High,R19_OUT,0.0,0.0,-900.1350652804197,-0.0,0.1666666666666666,0.4,0.2424242424242424,710.0,712.7138310690771
30,all,R20,Very_High,R20_OUT,0.0,0.0,3025.380537542098,0.0,0.1666666666666666,0.4,0.2424242424242424,710.0,712.7138310690771
31,all,R1,Very_Low,R1_OUT,0.0,0.0,16857.351710716313,0.0,0.3223270440251572,1.0,0.2424242424242424,2429.0,6888.508999479731
31,all,R2,Low,R2_OUT,0.0,0.0,8293.625889574994,0.0,0.3223270440251572,1.0,0.2424242424242424,2429.0,6888.508999479731
31,all,R3,Medium,R3_OUT,0.0,0.0,8086.6855871091175,0.0,0.3223270440251572,1.0,0.2424242424242424,2429.0,6888.508999479731
31,all,R4,Low,R4_OUT,0.0,0.0,14589.267485855555,0.0,0.3223270440251572,1.0,0.2424242424242424,2429.0,6888.508999479731
31,all,R5,Medium,R5_OUT,0.0,0.0,11721.430462023298,0.0,0.3223270440251572,1.0,0.2424242424242424,2429.0,6888.508999479731
31,all,R6,Medium,R6_OUT,0.0,0.0,-16219.362106905844,-0.0,0.3223270440251572,1.0,0.2424242424242424,2429.0,6888.508999479731
31,all,R7,Medium,R7_OUT,0.0,0.0,4154.426765059583,0.0,0.3223270440251572,1.0,0.2424242424242424,2429.0,6888.508999479731
31,all,R8,High,R8_OUT,0.0,0.0,2491.2525941339463,0.0,0.3223270440251572,1.0,0.2424242424242424,2429.0,6888.508999479731
31,all,R9,Low,R9_OUT,0.0,0.0,2479.83641540346,0.0,0.3223270440251572,1.0,0.2424242424242424,2429.0,6888.508999479731
31,all,R10,Medium,R10_OUT,0.8205128205128208,0.6808510638297874,7817.884071921391,5322.81468726563,0.3223270440251572,1.0,0.2424242424242424,2429.0,6888.508999479731
31,all,R11,Medium,R11_OUT,0.0,0.0,-591.172080074728,-0.0,0.3223270440251572,1.0,0.2424242424242424,2429.0,6888.508999479731
31,all,R12,Medium,R12_OUT,0.0,0.0,3194.172864578599,0.0,0.3223270440251572,1.0,0.2424242424242424,2429.0,6888.508999479731
31,all,R13,Medium,R13_OUT,0.0,0.0,8012.215739009536,0.0,0.3223270440251572,1.0,0.2424242424242424,2429.0,6888.508999479731
31,all,R14,High,R14_OUT,0.0,0.0,50638.16584943174,0.0,0.3223270440251572,1.0,0.2424242424242424,2429.0,6888.508999479731
31,all,R15,High,R15_OUT,0.0,0.0,9243.625427683699,0.0,0.3223270440251572,1.0,0.2424242424242424,2429.0,6888.508999479731
31,all,R16,High,R16_OUT,0.0,0.0,-13300.693485789561,-0.0,0.3223270440251572,1.0,0.2424242424242424,2429.0,6888.508999479731
31,all,R17,Medium,R17_OUT,0.3846153846153844,0.31914893617021256,4905.842178270848,1565.6943122140995,0.3223270440251572,1.0,0.2424242424242424,2429.0,6888.508999479731
31,all,R18,High,R18_OUT,0.0,0.0,20481.767257279702,0.0,0.3223270440251572,1.0,0.2424242424242424,2429.0,6888.508999479731
31,all,R19,High,R19_OUT,0.0,0.0,-3835.1716411437556,-0.0,0.3223270440251572,1.0,0.2424242424242424,2429.0,6888.508999479731
31,all,R20,Very_High,R20_OUT,0.0,0.0,10255.268022233282,0.0,0.3223270440251572,1.0,0.2424242424242424,2429.0,6888.508999479731
32,all,R1,Very_Low,R1_OUT,0.0,0.05,13646.025717622811,682.3012858811406,0.35062893081761,0.4,0.1212121212121212,6405.0,4168.308219503411
32,all,R2,Low,R2_OUT,0.0,0.05,-3562.5664452586598,-178.128322262933,0.35062893081761,0.4,0.1212121212121212,6405.0,4168.308219503411
32,all,R3,Medium,R3_OUT,0.0,0.05,1759.491994948221,87.97459974741105,0.35062893081761,0.4,0.1212121212121212,6405.0,4168.308219503411
32,all,R4,Low,R4_OUT,0.0,0.05,7504.820343374591,375.24101716872957,0.35062893081761,0.4,0.1212121212121212,6405.0,4168.308219503411
32,all,R5,Medium,R5_OUT,0.0,0.05,6150.011828917134,307.50059144585674,0.35062893081761,0.4,0.1212121212121212,6405.0,4168.308219503411
32,all,R6,Medium,R6_OUT,0.0,0.05,-15167.275669506002,-758.3637834753001,0.35062893081761,0.4,0.1212121212121212,6405.0,4168.308219503411
32,all,R7,Medium,R7_OUT,0.0,0.05,1333.160195158256,66.65800975791281,0.35062893081761,0.4,0.1212121212121212,6405.0,4168.308219503411
32,all,R8,High,R8_OUT,0.0,0.05,-6232.236363790327,-311.6118181895164,0.35062893081761,0.4,0.1212121212121212,6405.0,4168.308219503411
32,all,R9,Low,R9_OUT,0.0,0.05,5608.060534843785,280.40302674218924,0.35062893081761,0.4,0.1212121212121212,6405.0,4168.308219503411
32,all,R10,Medium,R10_OUT,0.0,0.05,7743.033533699367,387.1516766849684,0.35062893081761,0.4,0.1212121212121212,6405.0,4168.308219503411
32,all,R11,Medium,R11_OUT,0.0,0.05,9182.040565147314,459.1020282573657,0.35062893081761,0.4,0.1212121212121212,6405.0,4168.308219503411
32,all,R12,Medium,R12_OUT,0.0,0.05,723.4231253126982,36.17115626563491,0.35062893081761,0.4,0.1212121212121212,6405.0,4168.308219503411
32,all,R13,Medium,R13_OUT,0.0,0.05,5193.960856034419,259.69804280172093,0.35062893081761,0.4,0.1212121212121212,6405.0,4168.308219503411
32,all,R14,High,R14_OUT,0.0,0.05,43089.27224967963,2154.4636124839813,0.35062893081761,0.4,0.1212121212121212,6405.0,4168.308219503411
32,all,R15,High,R15_OUT,0.0,0.05,1207.348334658007,60.36741673290035,0.35062893081761,0.4,0.1212121212121212,6405.0,4168.308219503411
32,all,R16,High,R16_OUT,0.0,0.05,-11304.101997330908,-565.2050998665454,0.35062893081761,0.4,0.1212121212121212,6405.0,4168.308219503411
32,all,R17,Medium,R17_OUT,0.0,0.05,-585.5651686572951,-29.278258432864757,0.35062893081761,0.4,0.1212121212121212,6405.0,4168.308219503411
32,all,R18,High,R18_OUT,0.0,0.05,7730.444740662995,386.5222370331498,0.35062893081761,0.4,0.1212121212121212,6405.0,4168.308219503411
32,all,R19,High,R19_OUT,0.0,0.05,1497.2560439399076,74.86280219699539,0.35062893081761,0.4,0.1212121212121212,6405.0,4168.308219503411
32,all,R20,Very_High,R20_OUT,0.0,0.05,7849.559970612249,392.47799853061247,0.35062893081761,0.4,0.1212121212121212,6405.0,4168.308219503411
33,all,R1,Very_Low,R1_OUT,0.0,0.0,6022.70673180571,0.0,0.1855345911949685,0.6,0.0606060606060606,651.0,651.134577997098
33,all,R2,Low,R2_OUT,0.0,0.0,-2392.6291540258762,-0.0,0.1855345911949685,0.6,0.0606060606060606,651.0,651.134577997098
33,all,R3,Medium,R3_OUT,0.0,0.0,-275.64153334381626,-0.0,0.1855345911949685,0.6,0.0606060606060606,651.0,651.134577997098
33,all,R4,Low,R4_OUT,0.5876288659793814,0.5323892738776739,5472.94875379782,2913.7392130041417,0.1855345911949685,0.6,0.0606060606060606,651.0,651.134577997098
33,all,R5,Medium,R5_OUT,0.0,0.0,5098.443479040676,0.0,0.1855345911949685,0.6,0.0606060606060606,651.0,651.134577997098
33,all,R6,Medium,R6_OUT,0.0,0.0,-19096.33365196023,-0.0,0.1855345911949685,0.6,0.0606060606060606,651.0,651.134577997098
33,all,R7,Medium,R7_OUT,0.0,0.0,12376.52138883718,0.0,0.1855345911949685,0.6,0.0606060606060606,651.0,651.134577997098
33,all,R8,High,R8_OUT,0.0,0.0,3951.6456699947266,0.0,0.1855345911949685,0.6,0.0606060606060606,651.0,651.134577997098
33,all,R9,Low,R9_OUT,0.0,0.0,348.02815667702816,0.0,0.1855345911949685,0.6,0.0606060606060606,651.0,651.134577997098
33,all,R10,Medium,R10_OUT,0.0,0.0,2532.386632029431,0.0,0.1855345911949685,0.6,0.0606060606060606,651.0,651.134577997098
33,all,R11,Medium,R11_OUT,0.0,0.0,6251.890802144187,0.0,0.1855345911949685,0.6,0.0606060606060606,651.0,651.134577997098
33,all,R12,Medium,R12_OUT,0.5161290322580646,0.467610726122326,-4838.649989425501,-2262.6046350070437,0.1855345911949685,0.6,0.0606060606060606,651.0,651.134577997098
33,all,R13,Medium,R13_OUT,0.0,0.0,-1278.263389097463,-0.0,0.1855345911949685,0.6,0.0606060606060606,651.0,651.134577997098
33,all,R14,High,R14_OUT,0.0,0.0,54122.99618063876,0.0,0.1855345911949685,0.6,0.0606060606060606,651.0,651.134577997098
33,all,R15,High,R15_OUT,0.0,0.0,-7813.668908827109,-0.0,0.1855345911949685,0.6,0.0606060606060606,651.0,651.134577997098
33,all,R16,High,R16_OUT,0.0,0.0,6989.55385858033,0.0,0.1855345911949685,0.6,0.0606060606060606,651.0,651.134577997098
33,all,R17,Medium,R17_OUT,0.0,0.0,5225.786573362966,0.0,0.1855345911949685,0.6,0.0606060606060606,651.0,651.134577997098
33,all,R18,High,R18_OUT,0.0,0.0,23213.33967202076,0.0,0.1855345911949685,0.6,0.0606060606060606,651.0,651.134577997098
33,all,R19,High,R19_OUT,0.0,0.0,-1947.0015999345,-0.0,0.1855345911949685,0.6,0.0606060606060606,651.0,651.134577997098
33,all,R20,Very_High,R20_OUT,0.0,0.0,3077.5846193090642,0.0,0.1855345911949685,0.6,0.0606060606060606,651.0,651.134577997098
34,all,R1,Very_Low,R1_OUT,0.0,0.0,26141.71244015324,0.0,0.5817610062893082,0.4,0.4848484848484848,9135.0,17691.656410547806
34,all,R2,Low,R2_OUT,0.0,0.0,-121.96333446919743,-0.0,0.5817610062893082,0.4,0.4848484848484848,9135.0,17691.656410547806
34,all,R3,Medium,R3_OUT,0.0,0.0,7884.469164953851,0.0,0.5817610062893082,0.4,0.4848484848484848,9135.0,17691.656410547806
34,all,R4,Low,R4_OUT,0.0,0.0,15908.65048801664,0.0,0.5817610062893082,0.4,0.4848484848484848,9135.0,17691.656410547806
34,all,R5,Medium,R5_OUT,0.0,0.0,9390.431496736444,0.0,0.5817610062893082,0.4,0.4848484848484848,9135.0,17691.656410547806
34,all,R6,Medium,R6_OUT,0.0,0.0,-10775.748467832278,-0.0,0.5817610062893082,0.4,0.4848484848484848,9135.0,17691.656410547806
34,all,R7,Medium,R7_OUT,0.0,0.0,-25702.80052064904,-0.0,0.5817610062893082,0.4,0.4848484848484848,9135.0,17691.656410547806
34,all,R8,High,R8_OUT,0.0,0.0,-16774.625711670065,-0.0,0.5817610062893082,0.4,0.4848484848484848,9135.0,17691.656410547806
34,all,R9,Low,R9_OUT,0.0,0.0,10539.720476128325,0.0,0.5817610062893082,0.4,0.4848484848484848,9135.0,17691.656410547806
34,all,R10,Medium,R10_OUT,0.0,0.0,17193.888424003322,0.0,0.5817610062893082,0.4,0.4848484848484848,9135.0,17691.656410547806
34,all,R11,Medium,R11_OUT,0.0,0.0,16432.670550970994,0.0,0.5817610062893082,0.4,0.4848484848484848,9135.0,17691.656410547806
34,all,R12,Medium,R12_OUT,0.0,0.0,10857.35663790819,0.0,0.5817610062893082,0.4,0.4848484848484848,9135.0,17691.656410547806
34,all,R13,Medium,R13_OUT,0.0,0.0,16734.881389812654,0.0,0.5817610062893082,0.4,0.4848484848484848,9135.0,17691.656410547806
34,all,R14,High,R14_OUT,0.0,0.0,6428.828604013972,0.0,0.5817610062893082,0.4,0.4848484848484848,9135.0,17691.656410547806
34,all,R15,High,R15_OUT,0.0,0.0,32153.20559141957,0.0,0.5817610062893082,0.4,0.4848484848484848,9135.0,17691.656410547806
34,all,R16,High,R16_OUT,0.0,0.0,-37588.864823269905,-0.0,0.5817610062893082,0.4,0.4848484848484848,9135.0,17691.656410547806
34,all,R17,Medium,R17_OUT,0.0,0.0,-15195.998195795219,-0.0,0.5817610062893082,0.4,0.4848484848484848,9135.0,17691.656410547806
34,all,R18,High,R18_OUT,0.0,0.0,-16416.724320951907,-0.0,0.5817610062893082,0.4,0.4848484848484848,9135.0,17691.656410547806
34,all,R19,High,R19_OUT,0.0,0.0,3592.485368960876,0.0,0.5817610062893082,0.4,0.4848484848484848,9135.0,17691.656410547806
34,all,R20,Very_High,R20_OUT,1.0,1.0,17691.656410547806,17691.656410547806,0.5817610062893082,0.4,0.4848484848484848,9135.0,17691.656410547806
35,all,R1,Very_Low,R1_OUT,0.0,0.0,20907.774173010348,0.0,0.4544025157232704,0.6,0.303030303030303,1435.0,1436.4036882158398
35,all,R2,Low,R2_OUT,0.0,0.0,2193.26910563998,0.0,0.4544025157232704,0.6,0.303030303030303,1435.0,1436.4036882158398
35,all,R3,Medium,R3_OUT,0.0,0.0,6873.4450446448045,0.0,0.4544025157232704,0.6,0.303030303030303,1435.0,1436.4036882158398
35,all,R4,Low,R4_OUT,0.0,0.0,13659.522350050294,0.0,0.4544025157232704,0.6,0.303030303030303,1435.0,1436.4036882158398
35,all,R5,Medium,R5_OUT,0.0,0.0,9779.534140379737,0.0,0.4544025157232704,0.6,0.303030303030303,1435.0,1436.4036882158398
35,all,R6,Medium,R6_OUT,0.0,0.0,-13208.705297116796,-0.0,0.4544025157232704,0.6,0.303030303030303,1435.0,1436.4036882158398
35,all,R7,Medium,R7_OUT,0.0,0.0,-8901.64171454501,-0.0,0.4544025157232704,0.6,0.303030303030303,1435.0,1436.4036882158398
35,all,R8,High,R8_OUT,0.0,0.0,-8532.927855952441,-0.0,0.4544025157232704,0.6,0.303030303030303,1435.0,1436.4036882158398
35,all,R9,Low,R9_OUT,0.0,0.0,7209.311003901486,0.0,0.4544025157232704,0.6,0.303030303030303,1435.0,1436.4036882158398
35,all,R10,Medium,R10_OUT,0.0,0.0,12108.99526909415,0.0,0.4544025157232704,0.6,0.303030303030303,1435.0,1436.4036882158398
35,all,R11,Medium,R11_OUT,0.0,0.0,8146.837731712611,0.0,0.4544025157232704,0.6,0.303030303030303,1435.0,1436.4036882158398
35,all,R12,Medium,R12_OUT,0.0,0.0,6398.553752941985,0.0,0.4544025157232704,0.6,0.303030303030303,1435.0,1436.4036882158398
35,all,R13,Medium,R13_OUT,0.0,0.0,11694.06214537679,0.0,0.4544025157232704,0.6,0.303030303030303,1435.0,1436.4036882158398
35,all,R14,High,R14_OUT,0.0,0.0,31773.592567844542,0.0,0.4544025157232704,0.6,0.303030303030303,1435.0,1436.4036882158398
35,all,R15,High,R15_OUT,0.0,0.0,16712.09660328969,0.0,0.4544025157232704,0.6,0.303030303030303,1435.0,1436.4036882158398
35,all,R16,High,R16_OUT,0.0,0.0,-25164.406874609682,-0.0,0.4544025157232704,0.6,0.303030303030303,1435.0,1436.4036882158398
35,all,R17,Medium,R17_OUT,0.0,0.0,-4417.149404762176,-0.0,0.4544025157232704,0.6,0.303030303030303,1435.0,1436.4036882158398
35,all,R18,High,R18_OUT,0.6153846153846156,1.0,1436.4036882158398,1436.4036882158398,0.4544025157232704,0.6,0.303030303030303,1435.0,1436.4036882158398
35,all,R19,High,R19_OUT,0.0,0.0,811.2243630228163,0.0,0.4544025157232704,0.6,0.303030303030303,1435.0,1436.4036882158398
35,all,R20,Very_High,R20_OUT,0.0,0.0,13203.175691630877,0.0,0.4544025157232704,0.6,0.303030303030303,1435.0,1436.4036882158398
36,all,R1,Very_Low,R1_OUT,0.0,0.0,16829.735481364005,0.0,0.4685534591194968,0.0,0.2121212121212121,5922.0,5921.954679871297
36,all,R2,Low,R2_OUT,0.0,0.0,-10043.445489802069,-0.0,0.4685534591194968,0.0,0.2121212121212121,5922.0,5921.954679871297
36,all,R3,Medium,R3_OUT,0.0,0.0,164.23361563946673,0.0,0.4685534591194968,0.0,0.2121212121212121,5922.0,5921.954679871297
36,all,R4,Low,R4_OUT,0.0,0.0,6523.196735084899,0.0,0.4685534591194968,0.0,0.2121212121212121,5922.0,5921.954679871297
36,all,R5,Medium,R5_OUT,0.0,0.0,3744.352791107628,0.0,0.4685534591194968,0.0,0.2121212121212121,5922.0,5921.954679871297
36,all,R6,Medium,R6_OUT,0.0,0.0,-12652.285663915995,-0.0,0.4685534591194968,0.0,0.2121212121212121,5922.0,5921.954679871297
36,all,R7,Medium,R7_OUT,0.0,0.0,-13028.623880997387,-0.0,0.4685534591194968,0.0,0.2121212121212121,5922.0,5921.954679871297
36,all,R8,High,R8_OUT,0.0,0.0,-16546.638688783394,-0.0,0.4685534591194968,0.0,0.2121212121212121,5922.0,5921.954679871297
36,all,R9,Low,R9_OUT,0.0,0.0,9708.272839882802,0.0,0.4685534591194968,0.0,0.2121212121212121,5922.0,5921.954679871297
36,all,R10,Medium,R10_OUT,0.0,0.0,11868.074566365683,0.0,0.4685534591194968,0.0,0.2121212121212121,5922.0,5921.954679871297
36,all,R11,Medium,R11_OUT,0.0,0.0,19379.74400651822,0.0,0.4685534591194968,0.0,0.2121212121212121,5922.0,5921.954679871297
36,all,R12,Medium,R12_OUT,0.0,0.0,3467.8255767548508,0.0,0.4685534591194968,0.0,0.2121212121212121,5922.0,5921.954679871297
36,all,R13,Medium,R13_OUT,0.0,0.0,8301.036347352789,0.0,0.4685534591194968,0.0,0.2121212121212121,5922.0,5921.954679871297
36,all,R14,High,R14_OUT,0.0,0.0,20561.01188517665,0.0,0.4685534591194968,0.0,0.2121212121212121,5922.0,5921.954679871297
36,all,R15,High,R15_OUT,0.0,0.0,10120.765980359072,0.0,0.4685534591194968,0.0,0.2121212121212121,5922.0,5921.954679871297
36,all,R16,High,R16_OUT,0.0,0.0,-21099.25075115072,-0.0,0.4685534591194968,0.0,0.2121212121212121,5922.0,5921.954679871297
36,all,R17,Medium,R17_OUT,0.0,0.0,-11154.431810106535,-0.0,0.4685534591194968,0.0,0.2121212121212121,5922.0,5921.954679871297
36,all,R18,High,R18_OUT,0.0,0.0,-11674.100798837128,-0.0,0.4685534591194968,0.0,0.2121212121212121,5922.0,5921.954679871297
36,all,R19,High,R19_OUT,0.888888888888889,1.0,5921.954679871297,5921.954679871297,0.4685534591194968,0.0,0.2121212121212121,5922.0,5921.954679871297
36,all,R20,Very_High,R20_OUT,0.0,0.0,10580.120278665416,0.0,0.4685534591194968,0.0,0.2121212121212121,5922.0,5921.954679871297
37,all,R1,Very_Low,R1_OUT,0.0,0.05,4276.772698572686,213.8386349286343,0.1855345911949685,0.4,0.0909090909090909,847.0,3237.425594488533
37,all,R2,Low,R2_OUT,0.0,0.05,-6761.586173443533,-338.0793086721767,0.1855345911949685,0.4,0.0909090909090909,847.0,3237.425594488533
37,all,R3,Medium,R3_OUT,0.0,0.05,-2646.1285924576787,-132.30642962288394,0.1855345911949685,0.4,0.0909090909090909,847.0,3237.425594488533
37,all,R4,Low,R4_OUT,0.0,0.05,3521.379651749622,176.06898258748112,0.1855345911949685,0.4,0.0909090909090909,847.0,3237.425594488533
37,all,R5,Medium,R5_OUT,0.0,0.05,2677.165769214789,133.85828846073946,0.1855345911949685,0.4,0.0909090909090909,847.0,3237.425594488533
37,all,R6,Medium,R6_OUT,0.0,0.05,-19293.98646975831,-964.6993234879155,0.1855345911949685,0.4,0.0909090909090909,847.0,3237.425594488533
37,all,R7,Medium,R7_OUT,0.0,0.05,7720.760440808141,386.03802204040704,0.1855345911949685,0.4,0.0909090909090909,847.0,3237.425594488533
37,all,R8,High,R8_OUT,0.0,0.05,1578.8045730220601,78.94022865110301,0.1855345911949685,0.4,0.0909090909090909,847.0,3237.425594488533
37,all,R9,Low,R9_OUT,0.0,0.05,656.7736532896015,32.838682664480075,0.1855345911949685,0.4,0.0909090909090909,847.0,3237.425594488533
37,all,R10,Medium,R10_OUT,0.0,0.05,2793.098041188311,139.65490205941555,0.1855345911949685,0.4,0.0909090909090909,847.0,3237.425594488533
37,all,R11,Medium,R11_OUT,0.0,0.05,12311.715825314419,615.585791265721,0.1855345911949685,0.4,0.0909090909090909,847.0,3237.425594488533
37,all,R12,Medium,R12_OUT,0.0,0.05,-5814.711857939162,-290.7355928969581,0.1855345911949685,0.4,0.0909090909090909,847.0,3237.425594488533
37,all,R13,Medium,R13_OUT,0.0,0.05,-2474.2154941621666,-123.71077470810833,0.1855345911949685,0.4,0.0909090909090909,847.0,3237.425594488533
37,all,R14,High,R14_OUT,0.0,0.05,43487.73049407419,2174.3865247037097,0.1855345911949685,0.4,0.0909090909090909,847.0,3237.425594488533
37,all,R15,High,R15_OUT,0.0,0.05,-6320.503845949888,-316.0251922974944,0.1855345911949685,0.4,0.0909090909090909,847.0,3237.425594488533
37,all,R16,High,R16_OUT,0.0,0.05,9475.40937879614,473.77046893980696,0.1855345911949685,0.4,0.0909090909090909,847.0,3237.425594488533
37,all,R17,Medium,R17_OUT,0.0,0.05,508.2796355641826,25.413981778209134,0.1855345911949685,0.4,0.0909090909090909,847.0,3237.425594488533
37,all,R18,High,R18_OUT,0.0,0.05,16957.926073716088,847.8963036858045,0.1855345911949685,0.4,0.0909090909090909,847.0,3237.425594488533
37,all,R19,High,R19_OUT,0.0,0.05,-407.0785203665596,-20.353926018327982,0.1855345911949685,0.4,0.0909090909090909,847.0,3237.425594488533
37,all,R20,Very_High,R20_OUT,0.0,0.05,2500.9066085377162,125.04533042688581,0.1855345911949685,0.4,0.0909090909090909,847.0,3237.425594488533
38,all,R1,Very_Low,R1_OUT,0.0,0.05,37745.785104209404,1887.2892552104704,0.7248427672955975,0.8,0.4545454545454545,8050.0,7428.9173463070965
38,all,R2,Low,R2_OUT,0.0,0.05,11375.377556734276,568.7688778367138,0.7248427672955975,0.8,0.4545454545454545,8050.0,7428.9173463070965
38,all,R3,Medium,R3_OUT,0.0,0.05,16443.108274626906,822.1554137313453,0.7248427672955975,0.8,0.4545454545454545,8050.0,7428.9173463070965
38,all,R4,Low,R4_OUT,0.0,0.05,23299.663872356155,1164.9831936178077,0.7248427672955975,0.8,0.4545454545454545,8050.0,7428.9173463070965
38,all,R5,Medium,R5_OUT,0.0,0.05,17222.389793089198,861.1194896544599,0.7248427672955975,0.8,0.4545454545454545,8050.0,7428.9173463070965
38,all,R6,Medium,R6_OUT,0.0,0.05,-6821.392439548006,-341.06962197740035,0.7248427672955975,0.8,0.4545454545454545,8050.0,7428.9173463070965
38,all,R7,Medium,R7_OUT,0.0,0.05,-22154.787772983098,-1107.739388649155,0.7248427672955975,0.8,0.4545454545454545,8050.0,7428.9173463070965
38,all,R8,High,R8_OUT,0.0,0.05,-18793.568078513614,-939.6784039256808,0.7248427672955975,0.8,0.4545454545454545,8050.0,7428.9173463070965
38,all,R9,Low,R9_OUT,0.0,0.05,14188.185765245216,709.4092882622608,0.7248427672955975,0.8,0.4545454545454545,8050.0,7428.9173463070965
38,all,R10,Medium,R10_OUT,0.0,0.05,20994.119701720785,1049.7059850860394,0.7248427672955975,0.8,0.4545454545454545,8050.0,7428.9173463070965
38,all,R11,Medium,R11_OUT,0.0,0.05,1746.951950222272,87.3475975111136,0.7248427672955975,0.8,0.4545454545454545,8050.0,7428.9173463070965
38,all,R12,Medium,R12_OUT,0.0,0.05,18488.197920622253,924.4098960311127,0.7248427672955975,0.8,0.4545454545454545,8050.0,7428.9173463070965
38,all,R13,Medium,R13_OUT,0.0,0.05,25782.670180722533,1289.1335090361267,0.7248427672955975,0.8,0.4545454545454545,8050.0,7428.9173463070965
38,all,R14,High,R14_OUT,0.0,0.05,26899.908717491562,1344.995435874578,0.7248427672955975,0.8,0.4545454545454545,8050.0,7428.9173463070965
38,all,R15,High,R15_OUT,0.0,0.05,35947.70413796443,1797.3852068982214,0.7248427672955975,0.8,0.4545454545454545,8050.0,7428.9173463070965
38,all,R16,High,R16_OUT,0.0,0.05,-60534.18316828662,-3026.709158414331,0.7248427672955975,0.8,0.4545454545454545,8050.0,7428.9173463070965
38,all,R17,Medium,R17_OUT,0.0,0.05,-6873.499506513217,-343.67497532566085,0.7248427672955975,0.8,0.4545454545454545,8050.0,7428.9173463070965
38,all,R18,High,R18_OUT,0.0,0.05,-12044.289061986572,-602.2144530993286,0.7248427672955975,0.8,0.4545454545454545,8050.0,7428.9173463070965
38,all,R19,High,R19_OUT,0.0,0.05,2155.882133293014,107.7941066646507,0.7248427672955975,0.8,0.4545454545454545,8050.0,7428.9173463070965
38,all,R20,Very_High,R20_OUT,0.0,0.05,23510.121845674985,1175.5060922837492,0.7248427672955975,0.8,0.4545454545454545,8050.0,7428.9173463070965
39,all,R1,Very_Low,R1_OUT,0.0,0.0,29483.847110118804,0.0,0.6320754716981132,0.4,0.2424242424242424,4620.0,4620.088198161062
39,all,R2,Low,R2_OUT,0.0,0.0,1666.2351052073445,0.0,0.6320754716981132,0.4,0.2424242424242424,4620.0,4620.088198161062
39,all,R3,Medium,R3_OUT,0.0,0.0,9260.738728393473,0.0,0.6320754716981132,0.4,0.2424242424242424,4620.0,4620.088198161062
39,all,R4,Low,R4_OUT,0.0,0.0,14907.776806801085,0.0,0.6320754716981132,0.4,0.2424242424242424,4620.0,4620.088198161062
39,all,R5,Medium,R5_OUT,0.0,0.0,11719.266988917238,0.0,0.6320754716981132,0.4,0.2424242424242424,4620.0,4620.088198161062
39,all,R6,Medium,R6_OUT,0.0,0.0,-8432.300912994793,-0.0,0.6320754716981132,0.4,0.2424242424242424,4620.0,4620.088198161062
39,all,R7,Medium,R7_OUT,0.0,0.0,-13473.958327504264,-0.0,0.6320754716981132,0.4,0.2424242424242424,4620.0,4620.088198161062
39,all,R8,High,R8_OUT,0.0,0.0,-19463.08963806377,-0.0,0.6320754716981132,0.4,0.2424242424242424,4620.0,4620.088198161062
39,all,R9,Low,R9_OUT,0.0,0.0,13615.731317479997,0.0,0.6320754716981132,0.4,0.2424242424242424,4620.0,4620.088198161062
39,all,R10,Medium,R10_OUT,0.0,0.0,16727.36003583818,0.0,0.6320754716981132,0.4,0.2424242424242424,4620.0,4620.088198161062
39,all,R11,Medium,R11_OUT,0.0,0.0,6365.426387899173,0.0,0.6320754716981132,0.4,0.2424242424242424,4620.0,4620.088198161062
39,all,R12,Medium,R12_OUT,0.0,0.0,12081.70574023491,0.0,0.6320754716981132,0.4,0.2424242424242424,4620.0,4620.088198161062
39,all,R13,Medium,R13_OUT,0.0,0.0,18440.786511872007,0.0,0.6320754716981132,0.4,0.2424242424242424,4620.0,4620.088198161062
39,all,R14,High,R14_OUT,0.0,0.0,34592.63093803458,0.0,0.6320754716981132,0.4,0.2424242424242424,4620.0,4620.088198161062
39,all,R15,High,R15_OUT,0.0,0.0,18459.28094977738,0.0,0.6320754716981132,0.4,0.2424242424242424,4620.0,4620.088198161062
39,all,R16,High,R16_OUT,0.0,0.0,-46120.51312743827,-0.0,0.6320754716981132,0.4,0.2424242424242424,4620.0,4620.088198161062
39,all,R17,Medium,R17_OUT,0.0,0.0,-5282.341677305763,-0.0,0.6320754716981132,0.4,0.2424242424242424,4620.0,4620.088198161062
39,all,R18,High,R18_OUT,0.0,0.0,-10431.584570578707,-0.0,0.6320754716981132,0.4,0.2424242424242424,4620.0,4620.088198161062
39,all,R19,High,R19_OUT,1.0,1.0,4620.088198161062,4620.088198161062,0.6320754716981132,0.4,0.2424242424242424,4620.0,4620.088198161062
39,all,R20,Very_High,R20_OUT,0.0,0.0,17477.452591331697,0.0,0.6320754716981132,0.4,0.2424242424242424,4620.0,4620.088198161062
40,all,R1,Very_Low,R1_OUT,0.0,0.05,50716.58392692695,2535.8291963463475,1.0,0.6,1.0,2352.0,4396.1535820743675
40,all,R2,Low,R2_OUT,0.0,0.05,10836.575197536979,541.828759876849,1.0,0.6,1.0,2352.0,4396.1535820743675
40,all,R3,Medium,R3_OUT,0.0,0.05,21353.277665948,1067.6638832974002,1.0,0.6,1.0,2352.0,4396.1535820743675
40,all,R4,Low,R4_OUT,0.0,0.05,32076.552719018946,1603.8276359509473,1.0,0.6,1.0,2352.0,4396.1535820743675
40,all,R5,Medium,R5_OUT,0.0,0.05,18243.529053045742,912.1764526522871,1.0,0.6,1.0,2352.0,4396.1535820743675
40,all,R6,Medium,R6_OUT,0.0,0.05,-2145.9085229399607,-107.29542614699804,1.0,0.6,1.0,2352.0,4396.1535820743675
40,all,R7,Medium,R7_OUT,0.0,0.05,-63629.27671241864,-3181.4638356209325,1.0,0.6,1.0,2352.0,4396.1535820743675
40,all,R8,High,R8_OUT,0.0,0.05,-33616.22185859341,-1680.8110929296706,1.0,0.6,1.0,2352.0,4396.1535820743675
40,all,R9,Low,R9_OUT,0.0,0.05,19855.789338882038,992.789466944102,1.0,0.6,1.0,2352.0,4396.1535820743675
40,all,R10,Medium,R10_OUT,0.0,0.05,33151.373888846836,1657.568694442342,1.0,0.6,1.0,2352.0,4396.1535820743675
40,all,R11,Medium,R11_OUT,0.0,0.05,19417.068712820004,970.8534356410003,1.0,0.6,1.0,2352.0,4396.1535820743675
40,all,R12,Medium,R12_OUT,0.0,0.05,29827.425447401714,1491.3712723700858,1.0,0.6,1.0,2352.0,4396.1535820743675
40,all,R13,Medium,R13_OUT,0.0,0.05,38532.16254614706,1926.6081273073532,1.0,0.6,1.0,2352.0,4396.1535820743675
40,all,R14,High,R14_OUT,0.0,0.05,-36623.34387833473,-1831.1671939167366,1.0,0.6,1.0,2352.0,4396.1535820743675
40,all,R15,High,R15_OUT,0.0,0.05,79506.65281568762,3975.332640784381,1.0,0.6,1.0,2352.0,4396.1535820743675
40,all,R16,High,R16_OUT,0.0,0.05,-88621.05281490559,-4431.05264074528,1.0,0.6,1.0,2352.0,4396.1535820743675
40,all,R17,Medium,R17_OUT,0.0,0.05,-32333.46205689753,-1616.6731028448767,1.0,0.6,1.0,2352.0,4396.1535820743675
40,all,R18,High,R18_OUT,0.0,0.05,-49921.60485014911,-2496.0802425074558,1.0,0.6,1.0,2352.0,4396.1535820743675
40,all,R19,High,R19_OUT,0.0,0.05,6043.954109649345,302.19770548246726,1.0,0.6,1.0,2352.0,4396.1535820743675
40,all,R20,Very_High,R20_OUT,0.0,0.05,35252.99691381514,1762.6498456907573,1.0,0.6,1.0,2352.0,4396.1535820743675
41,all,R1,Very_Low,R1_OUT,0.0,0.0,-2719.286951972967,-0.0,0.0691823899371069,0.4,0.2727272727272727,2174.0,2174.84963343647
41,all,R2,Low,R2_OUT,0.0,0.0,-9672.709559689218,-0.0,0.0691823899371069,0.4,0.2727272727272727,2174.0,2174.84963343647
41,all,R3,Medium,R3_OUT,0.0,0.0,-5778.172179182281,-0.0,0.0691823899371069,0.4,0.2727272727272727,2174.0,2174.84963343647
41,all,R4,Low,R4_OUT,0.0,0.0,2502.1580862975156,0.0,0.0691823899371069,0.4,0.2727272727272727,2174.0,2174.84963343647
41,all,R5,Medium,R5_OUT,0.0,0.0,-796.0436463542658,-0.0,0.0691823899371069,0.4,0.2727272727272727,2174.0,2174.84963343647
41,all,R6,Medium,R6_OUT,0.0,0.0,-23078.930734330002,-0.0,0.0691823899371069,0.4,0.2727272727272727,2174.0,2174.84963343647
41,all,R7,Medium,R7_OUT,0.9230769230769231,0.7868852459016393,778.025571870101,612.216843438768,0.0691823899371069,0.4,0.2727272727272727,2174.0,2174.84963343647
41,all,R8,High,R8_OUT,0.25000000000000006,0.2131147540983607,7332.353860758442,1562.6327899977011,0.0691823899371069,0.4,0.2727272727272727,2174.0,2174.84963343647
41,all,R9,Low,R9_OUT,0.0,0.0,-4097.843760624677,-0.0,0.0691823899371069,0.4,0.2727272727272727,2174.0,2174.84963343647
41,all,R10,Medium,R10_OUT,0.0,0.0,899.132202041339,0.0,0.0691823899371069,0.4,0.2727272727272727,2174.0,2174.84963343647
41,all,R11,Medium,R11_OUT,0.0,0.0,21875.03003961419,0.0,0.0691823899371069,0.4,0.2727272727272727,2174.0,2174.84963343647
41,all,R12,Medium,R12_OUT,0.0,0.0,-9802.321675988194,-0.0,0.0691823899371069,0.4,0.2727272727272727,2174.0,2174.84963343647
41,all,R13,Medium,R13_OUT,0.0,0.0,-7368.972083621362,-0.0,0.0691823899371069,0.4,0.2727272727272727,2174.0,2174.84963343647
41,all,R14,High,R14_OUT,0.0,0.0,20932.760831926622,0.0,0.0691823899371069,0.4,0.2727272727272727,2174.0,2174.84963343647
41,all,R15,High,R15_OUT,0.0,0.0,1281.998534179631,0.0,0.0691823899371069,0.4,0.2727272727272727,2174.0,2174.84963343647
41,all,R16,High,R16_OUT,0.0,0.0,25895.231576715112,0.0,0.0691823899371069,0.4,0.2727272727272727,2174.0,2174.84963343647
41,all,R17,Medium,R17_OUT,0.0,0.0,-6993.642689353233,-0.0,0.0691823899371069,0.4,0.2727272727272727,2174.0,2174.84963343647
41,all,R18,High,R18_OUT,0.0,0.0,16358.676244540065,0.0,0.0691823899371069,0.4,0.2727272727272727,2174.0,2174.84963343647
41,all,R19,High,R19_OUT,0.0,0.0,-2110.2507881183,-0.0,0.0691823899371069,0.4,0.2727272727272727,2174.0,2174.84963343647
41,all,R20,Very_High,R20_OUT,0.0,0.0,220.33108548534074,0.0,0.0691823899371069,0.4,0.2727272727272727,2174.0,2174.84963343647
42,all,R1,Very_Low,R1_OUT,0.0,0.0,16636.56874236904,0.0,0.3867924528301887,0.6,0.5151515151515151,6699.0,6700.63015208688
42,all,R2,Low,R2_OUT,0.0,0.0,157.6031039765221,0.0,0.3867924528301887,0.6,0.5151515151515151,6699.0,6700.63015208688
42,all,R3,Medium,R3_OUT,0.0,0.0,5039.256752391671,0.0,0.3867924528301887,0.6,0.5151515151515151,6699.0,6700.63015208688
42,all,R4,Low,R4_OUT,0.0,0.0,14004.323773204775,0.0,0.3867924528301887,0.6,0.5151515151515151,6699.0,6700.63015208688
42,all,R5,Medium,R5_OUT,0.0,0.0,7223.828245791507,0.0,0.3867924528301887,0.6,0.5151515151515151,6699.0,6700.63015208688
42,all,R6,Medium,R6_OUT,0.0,0.0,-15867.429487132667,-0.0,0.3867924528301887,0.6,0.5151515151515151,6699.0,6700.63015208688
42,all,R7,Medium,R7_OUT,0.0,0.0,-18933.209600770533,-0.0,0.3867924528301887,0.6,0.5151515151515151,6699.0,6700.63015208688
42,all,R8,High,R8_OUT,0.0,0.0,-5059.361517475614,-0.0,0.3867924528301887,0.6,0.5151515151515151,6699.0,6700.63015208688
42,all,R9,Low,R9_OUT,0.0,0.0,3783.518732848617,0.0,0.3867924528301887,0.6,0.5151515151515151,6699.0,6700.63015208688
42,all,R10,Medium,R10_OUT,0.0,0.0,11844.048969657404,0.0,0.3867924528301887,0.6,0.5151515151515151,6699.0,6700.63015208688
42,all,R11,Medium,R11_OUT,0.0,0.0,17559.540701999227,0.0,0.3867924528301887,0.6,0.5151515151515151,6699.0,6700.63015208688
42,all,R12,Medium,R12_OUT,0.0,0.0,4406.443891014911,0.0,0.3867924528301887,0.6,0.5151515151515151,6699.0,6700.63015208688
42,all,R13,Medium,R13_OUT,0.0,0.0,9116.796839200453,0.0,0.3867924528301887,0.6,0.5151515151515151,6699.0,6700.63015208688
42,all,R14,High,R14_OUT,0.11965811965811962,1.0,6700.63015208688,6700.63015208688,0.3867924528301887,0.6,0.5151515151515151,6699.0,6700.63015208688
42,all,R15,High,R15_OUT,0.0,0.0,27893.898334395977,0.0,0.3867924528301887,0.6,0.5151515151515151,6699.0,6700.63015208688
42,all,R16,High,R16_OUT,0.0,0.0,-14692.88881752456,-0.0,0.3867924528301887,0.6,0.5151515151515151,6699.0,6700.63015208688
42,all,R17,Medium,R17_OUT,0.0,0.0,-13111.602839255549,-0.0,0.3867924528301887,0.6,0.5151515151515151,6699.0,6700.63015208688
42,all,R18,High,R18_OUT,0.0,0.0,-2633.712098279546,-0.0,0.3867924528301887,0.6,0.5151515151515151,6699.0,6700.63015208688
42,all,R19,High,R19_OUT,0.0,0.0,-367.6691562828255,-0.0,0.3867924528301887,0.6,0.5151515151515151,6699.0,6700.63015208688
42,all,R20,Very_High,R20_OUT,0.0,0.0,12658.235517205638,0.0,0.3867924528301887,0.6,0.5151515151515151,6699.0,6700.63015208688
43,all,R1,Very_Low,R1_OUT,0.0,0.0,11148.18543105305,0.0,0.2814465408805031,0.6,0.2424242424242424,4004.0,4004.159645510599
43,all,R2,Low,R2_OUT,0.0,0.0,-1064.8212377532163,-0.0,0.2814465408805031,0.6,0.2424242424242424,4004.0,4004.159645510599
43,all,R3,Medium,R3_OUT,0.0,0.0,2261.8866981227748,0.0,0.2814465408805031,0.6,0.2424242424242424,4004.0,4004.159645510599
43,all,R4,Low,R4_OUT,0.0,0.0,9232.3946195279,0.0,0.2814465408805031,0.6,0.2424242424242424,4004.0,4004.159645510599
43,all,R5,Medium,R5_OUT,0.0,0.0,6287.007613841965,0.0,0.2814465408805031,0.6,0.2424242424242424,4004.0,4004.159645510599
43,all,R6,Medium,R6_OUT,0.0,0.0,-17407.409700734268,-0.0,0.2814465408805031,0.6,0.2424242424242424,4004.0,4004.159645510599
43,all,R7,Medium,R7_OUT,0.0,0.0,-584.2347750863337,-0.0,0.2814465408805031,0.6,0.2424242424242424,4004.0,4004.159645510599
43,all,R8,High,R8_OUT,0.0,0.0,-385.24866820986426,-0.0,0.2814465408805031,0.6,0.2424242424242424,4004.0,4004.159645510599
43,all,R9,Low,R9_OUT,0.0,0.0,2201.9558065941656,0.0,0.2814465408805031,0.6,0.2424242424242424,4004.0,4004.159645510599
43,all,R10,Medium,R10_OUT,0.0,0.0,6696.848544613701,0.0,0.2814465408805031,0.6,0.2424242424242424,4004.0,4004.159645510599
43,all,R11,Medium,R11_OUT,0.0,0.0,10380.426068055005,0.0,0.2814465408805031,0.6,0.2424242424242424,4004.0,4004.159645510599
43,all,R12,Medium,R12_OUT,0.0,0.0,-539.0202309537563,-0.0,0.2814465408805031,0.6,0.2424242424242424,4004.0,4004.159645510599
43,all,R13,Medium,R13_OUT,1.0,0.9512195121951224,3588.3649408129804,3413.322748578202,0.2814465408805031,0.6,0.2424242424242424,4004.0,4004.159645510599
43,all,R14,High,R14_OUT,0.0,0.0,35434.7448798979,0.0,0.2814465408805031,0.6,0.2424242424242424,4004.0,4004.159645510599
43,all,R15,High,R15_OUT,0.0,0.0,6992.27444427814,0.0,0.2814465408805031,0.6,0.2424242424242424,4004.0,4004.159645510599
43,all,R16,High,R16_OUT,0.0,0.0,-3647.556061940988,-0.0,0.2814465408805031,0.6,0.2424242424242424,4004.0,4004.159645510599
43,all,R17,Medium,R17_OUT,0.0,0.0,-2096.099924218577,-0.0,0.2814465408805031,0.6,0.2424242424242424,4004.0,4004.159645510599
43,all,R18,High,R18_OUT,0.05128205128205081,0.04878048780487762,12112.156387114283,590.8368969323989,0.2814465408805031,0.6,0.2424242424242424,4004.0,4004.159645510599
43,all,R19,High,R19_OUT,0.0,0.0,-1132.504473886917,-0.0,0.2814465408805031,0.6,0.2424242424242424,4004.0,4004.159645510599
43,all,R20,Very_High,R20_OUT,0.0,0.0,7388.325742410725,0.0,0.2814465408805031,0.6,0.2424242424242424,4004.0,4004.159645510599
44,all,R1,Very_Low,R1_OUT,0.0,0.0,-1184.110295724256,-0.0,0.0644654088050314,0.6,0.2121212121212121,2331.0,2330.858266859709
44,all,R2,Low,R2_OUT,0.0,0.0,-5300.024173220352,-0.0,0.0644654088050314,0.6,0.2121212121212121,2331.0,2330.858266859709
44,all,R3,Medium,R3_OUT,0.0,0.0,-3529.6292226187516,-0.0,0.0644654088050314,0.6,0.2121212121212121,2331.0,2330.858266859709
44,all,R4,Low,R4_OUT,0.3333333333333333,0.2727272727272727,4080.835222502841,1112.955060682593,0.0644654088050314,0.6,0.2121212121212121,2331.0,2330.858266859709
44,all,R5,Medium,R5_OUT,0.888888888888889,0.7272727272727273,1674.6169084935354,1217.9032061771168,0.0644654088050314,0.6,0.2121212121212121,2331.0,2330.858266859709
44,all,R6,Medium,R6_OUT,0.0,0.0,-22872.17717595934,-0.0,0.0644654088050314,0.6,0.2121212121212121,2331.0,2330.858266859709
44,all,R7,Medium,R7_OUT,0.0,0.0,7274.437342671114,0.0,0.0644654088050314,0.6,0.2121212121212121,2331.0,2330.858266859709
44,all,R8,High,R8_OUT,0.0,0.0,9892.34515494365,0.0,0.0644654088050314,0.6,0.2121212121212121,2331.0,2330.858266859709
44,all,R9,Low,R9_OUT,0.0,0.0,-4364.753201674364,-0.0,0.0644654088050314,0.6,0.2121212121212121,2331.0,2330.858266859709
44,all,R10,Medium,R10_OUT,0.0,0.0,265.9640461238987,0.0,0.0644654088050314,0.6,0.2121212121212121,2331.0,2330.858266859709
44,all,R11,Medium,R11_OUT,0.0,0.0,14838.60284893941,0.0,0.0644654088050314,0.6,0.2121212121212121,2331.0,2330.858266859709
44,all,R12,Medium,R12_OUT,0.0,0.0,-9102.924888466254,-0.0,0.0644654088050314,0.6,0.2121212121212121,2331.0,2330.858266859709
44,all,R13,Medium,R13_OUT,0.0,0.0,-6465.927723007297,-0.0,0.0644654088050314,0.6,0.2121212121212121,2331.0,2330.858266859709
44,all,R14,High,R14_OUT,0.0,0.0,34888.005302615275,0.0,0.0644654088050314,0.6,0.2121212121212121,2331.0,2330.858266859709
44,all,R15,High,R15_OUT,0.0,0.0,-2296.4188630571607,-0.0,0.0644654088050314,0.6,0.2121212121212121,2331.0,2330.858266859709
44,all,R16,High,R16_OUT,0.0,0.0,23745.872054249237,0.0,0.0644654088050314,0.6,0.2121212121212121,2331.0,2330.858266859709
44,all,R17,Medium,R17_OUT,0.0,0.0,-1046.263877790312,-0.0,0.0644654088050314,0.6,0.2121212121212121,2331.0,2330.858266859709
44,all,R18,High,R18_OUT,0.0,0.0,23906.777009345933,0.0,0.0644654088050314,0.6,0.2121212121212121,2331.0,2330.858266859709
44,all,R19,High,R19_OUT,0.0,0.0,-3652.2693344554414,-0.0,0.0644654088050314,0.6,0.2121212121212121,2331.0,2330.858266859709
44,all,R20,Very_High,R20_OUT,0.0,0.0,428.4616446096493,0.0,0.0644654088050314,0.6,0.2121212121212121,2331.0,2330.858266859709
45,all,R1,Very_Low,R1_OUT,0.0,0.0,8435.83984727605,0.0,0.2044025157232704,0.8,0.2424242424242424,5817.0,3327.3935973129537
45,all,R2,Low,R2_OUT,0.4639175257731959,0.40877922991267657,1667.6338758654283,681.6940915525619,0.2044025157232704,0.8,0.2424242424242424,5817.0,3327.3935973129537
45,all,R3,Medium,R3_OUT,0.0,0.0,2570.4827890762863,0.0,0.2044025157232704,0.8,0.2424242424242424,5817.0,3327.3935973129537
45,all,R4,Low,R4_OUT,0.0,0.0,9716.18378800065,0.0,0.2044025157232704,0.8,0.2424242424242424,5817.0,3327.3935973129537
45,all,R5,Medium,R5_OUT,0.0,0.0,6863.25637035514,0.0,0.2044025157232704,0.8,0.2424242424242424,5817.0,3327.3935973129537
45,all,R6,Medium,R6_OUT,0.0,0.0,-19327.31056589009,-0.0,0.2044025157232704,0.8,0.2424242424242424,5817.0,3327.3935973129537
45,all,R7,Medium,R7_OUT,0.0,0.0,4548.927997128103,0.0,0.2044025157232704,0.8,0.2424242424242424,5817.0,3327.3935973129537
45,all,R8,High,R8_OUT,0.0,0.0,5687.131628209008,0.0,0.2044025157232704,0.8,0.2424242424242424,5817.0,3327.3935973129537
45,all,R9,Low,R9_OUT,0.0,0.0,-694.1393997978394,-0.0,0.2044025157232704,0.8,0.2424242424242424,5817.0,3327.3935973129537
45,all,R10,Medium,R10_OUT,0.6709677419354838,0.5912207700873233,4474.977266731716,2645.6995057603904,0.2044025157232704,0.8,0.2424242424242424,5817.0,3327.3935973129537
45,all,R11,Medium,R11_OUT,0.0,0.0,7390.5995480650645,0.0,0.2044025157232704,0.8,0.2424242424242424,5817.0,3327.3935973129537
45,all,R12,Medium,R12_OUT,0.0,0.0,-2478.415192404529,-0.0,0.2044025157232704,0.8,0.2424242424242424,5817.0,3327.3935973129537
45,all,R13,Medium,R13_OUT,0.0,0.0,1317.2839324970519,0.0,0.2044025157232704,0.8,0.2424242424242424,5817.0,3327.3935973129537
45,all,R14,High,R14_OUT,0.0,0.0,41260.629154241,0.0,0.2044025157232704,0.8,0.2424242424242424,5817.0,3327.3935973129537
45,all,R15,High,R15_OUT,0.0,0.0,4809.702970614286,0.0,0.2044025157232704,0.8,0.2424242424242424,5817.0,3327.3935973129537
45,all,R16,High,R16_OUT,0.0,0.0,3952.0218286776762,0.0,0.2044025157232704,0.8,0.2424242424242424,5817.0,3327.3935973129537
45,all,R17,Medium,R17_OUT,0.0,0.0,1322.188006323735,0.0,0.2044025157232704,0.8,0.2424242424242424,5817.0,3327.3935973129537
45,all,R18,High,R18_OUT,0.0,0.0,21120.072001865796,0.0,0.2044025157232704,0.8,0.2424242424242424,5817.0,3327.3935973129537
45,all,R19,High,R19_OUT,0.0,0.0,-3640.101038371323,-0.0,0.2044025157232704,0.8,0.2424242424242424,5817.0,3327.3935973129537
45,all,R20,Very_High,R20_OUT,0.0,0.0,5794.673681866075,0.0,0.2044025157232704,0.8,0.2424242424242424,5817.0,3327.3935973129537
46,all,R1,Very_Low,R1_OUT,0.0,0.0,3633.3260131314864,0.0,0.1477987421383647,0.6,0.1818181818181818,2989.0,2988.8941487108204
46,all,R2,Low,R2_OUT,0.0,0.0,-3537.9243029022737,-0.0,0.1477987421383647,0.6,0.1818181818181818,2989.0,2988.8941487108204
46,all,R3,Medium,R3_OUT,0.0,0.0,-1299.7509413268108,-0.0,0.1477987421383647,0.6,0.1818181818181818,2989.0,2988.8941487108204
46,all,R4,Low,R4_OUT,0.5567010309278351,0.4810652021201866,5690.2053021873935,2737.359763802136,0.1477987421383647,0.6,0.1818181818181818,2989.0,2988.8941487108204
46,all,R5,Medium,R5_OUT,0.37113402061855677,0.3207101347467911,3657.7724855209253,1173.084706704521,0.1477987421383647,0.6,0.1818181818181818,2989.0,2988.8941487108204
46,all,R6,Medium,R6_OUT,0.0,0.0,-20592.43480512995,-0.0,0.1477987421383647,0.6,0.1818181818181818,2989.0,2988.8941487108204
46,all,R7,Medium,R7_OUT,0.0,0.0,6618.72377641208,0.0,0.1477987421383647,0.6,0.1818181818181818,2989.0,2988.8941487108204
46,all,R8,High,R8_OUT,0.0,0.0,5893.829848062161,0.0,0.1477987421383647,0.6,0.1818181818181818,2989.0,2988.8941487108204
46,all,R9,Low,R9_OUT,0.0,0.0,-1581.594749262893,-0.0,0.1477987421383647,0.6,0.1818181818181818,2989.0,2988.8941487108204
46,all,R10,Medium,R10_OUT,0.0,0.0,2406.6328852686693,0.0,0.1477987421383647,0.6,0.1818181818181818,2989.0,2988.8941487108204
46,all,R11,Medium,R11_OUT,0.0,0.0,11607.573858399443,0.0,0.1477987421383647,0.6,0.1818181818181818,2989.0,2988.8941487108204
46,all,R12,Medium,R12_OUT,0.13763440860215037,0.11893479787981341,-5941.920219197503,-706.7010802882315,0.1477987421383647,0.6,0.1818181818181818,2989.0,2988.8941487108204
46,all,R13,Medium,R13_OUT,0.0917562724014336,0.07928986525320895,-2709.6683897934918,-214.84924150760565,0.1477987421383647,0.6,0.1818181818181818,2989.0,2988.8941487108204
46,all,R14,High,R14_OUT,0.0,0.0,39811.95614776731,0.0,0.1477987421383647,0.6,0.1818181818181818,2989.0,2988.8941487108204
46,all,R15,High,R15_OUT,0.0,0.0,-1393.5771641823558,-0.0,0.1477987421383647,0.6,0.1818181818181818,2989.0,2988.8941487108204
46,all,R16,High,R16_OUT,0.0,0.0,12858.751765831352,0.0,0.1477987421383647,0.6,0.1818181818181818,2989.0,2988.8941487108204
46,all,R17,Medium,R17_OUT,0.0,0.0,258.2895243501862,0.0,0.1477987421383647,0.6,0.1818181818181818,2989.0,2988.8941487108204
46,all,R18,High,R18_OUT,0.0,0.0,20843.10659421079,0.0,0.1477987421383647,0.6,0.1818181818181818,2989.0,2988.8941487108204
46,all,R19,High,R19_OUT,0.0,0.0,-2609.998237870849,-0.0,0.1477987421383647,0.6,0.1818181818181818,2989.0,2988.8941487108204
46,all,R20,Very_High,R20_OUT,0.0,0.0,2794.0899869228037,0.0,0.1477987421383647,0.6,0.1818181818181818,2989.0,2988.8941487108204
47,all,R1,Very_Low,R1_OUT,1.0,1.0,3134.5307223287746,3134.5307223287746,0.1084905660377358,0.8,0.1515151515151515,3136.0,3134.5307223287746
47,all,R2,Low,R2_OUT,0.0,0.0,46.04543827124962,0.0,0.1084905660377358,0.8,0.1515151515151515,3136.0,3134.5307223287746
47,all,R3,Medium,R3_OUT,0.0,0.0,20.815410714609243,0.0,0.1084905660377358,0.8,0.1515151515151515,3136.0,3134.5307223287746
47,all,R4,Low,R4_OUT,0.0,0.0,6756.835991053708,0.0,0.1084905660377358,0.8,0.1515151515151515,3136.0,3134.5307223287746
47,all,R5,Medium,R5_OUT,0.0,0.0,5215.758797130084,0.0,0.1084905660377358,0.8,0.1515151515151515,3136.0,3134.5307223287746
47,all,R6,Medium,R6_OUT,0.0,0.0,-21408.461286553655,-0.0,0.1084905660377358,0.8,0.1515151515151515,3136.0,3134.5307223287746
47,all,R7,Medium,R7_OUT,0.0,0.0,12388.933112401395,0.0,0.1084905660377358,0.8,0.1515151515151515,3136.0,3134.5307223287746
47,all,R8,High,R8_OUT,0.0,0.0,10135.271616505379,0.0,0.1084905660377358,0.8,0.1515151515151515,3136.0,3134.5307223287746
47,all,R9,Low,R9_OUT,0.0,0.0,-3114.1448873257277,-0.0,0.1084905660377358,0.8,0.1515151515151515,3136.0,3134.5307223287746
47,all,R10,Medium,R10_OUT,0.0,0.0,1023.9904109743729,0.0,0.1084905660377358,0.8,0.1515151515151515,3136.0,3134.5307223287746
47,all,R11,Medium,R11_OUT,0.0,0.0,6554.18938122716,0.0,0.1084905660377358,0.8,0.1515151515151515,3136.0,3134.5307223287746
47,all,R12,Medium,R12_OUT,0.0,0.0,-6500.532346335838,-0.0,0.1084905660377358,0.8,0.1515151515151515,3136.0,3134.5307223287746
47,all,R13,Medium,R13_OUT,0.0,0.0,-3321.3801586861264,-0.0,0.1084905660377358,0.8,0.1515151515151515,3136.0,3134.5307223287746
47,all,R14,High,R14_OUT,0.0,0.0,49731.16287851584,0.0,0.1084905660377358,0.8,0.1515151515151515,3136.0,3134.5307223287746
47,all,R15,High,R15_OUT,0.0,0.0,-4220.712777610634,-0.0,0.1084905660377358,0.8,0.1515151515151515,3136.0,3134.5307223287746
47,all,R16,High,R16_OUT,0.0,0.0,15383.439230511889,0.0,0.1084905660377358,0.8,0.1515151515151515,3136.0,3134.5307223287746
47,all,R17,Medium,R17_OUT,0.0,0.0,4942.4564941238095,0.0,0.1084905660377358,0.8,0.1515151515151515,3136.0,3134.5307223287746
47,all,R18,High,R18_OUT,0.0,0.0,29043.322684317398,0.0,0.1084905660377358,0.8,0.1515151515151515,3136.0,3134.5307223287746
47,all,R19,High,R19_OUT,0.0,0.0,-4616.156390364591,-0.0,0.1084905660377358,0.8,0.1515151515151515,3136.0,3134.5307223287746
47,all,R20,Very_High,R20_OUT,0.0,0.0,2150.1538039619227,0.0,0.1084905660377358,0.8,0.1515151515151515,3136.0,3134.5307223287746
48,all,R1,Very_Low,R1_OUT,0.0,0.0,-681.5670846986104,-0.0,0.1069182389937107,0.4,0.3333333333333333,2583.0,2901.8711949822573
48,all,R2,Low,R2_OUT,0.0,0.0,-9114.975453455858,-0.0,0.1069182389937107,0.4,0.3333333333333333,2583.0,2901.8711949822573
48,all,R3,Medium,R3_OUT,0.0,0.0,-4778.341064989458,-0.0,0.1069182389937107,0.4,0.3333333333333333,2583.0,2901.8711949822573
48,all,R4,Low,R4_OUT,0.0,0.0,3885.0976754742196,0.0,0.1069182389937107,0.4,0.3333333333333333,2583.0,2901.8711949822573
48,all,R5,Medium,R5_OUT,0.0,0.0,-273.2395296820482,-0.0,0.1069182389937107,0.4,0.3333333333333333,2583.0,2901.8711949822573
48,all,R6,Medium,R6_OUT,0.0,0.0,-22367.283120035485,-0.0,0.1069182389937107,0.4,0.3333333333333333,2583.0,2901.8711949822573
48,all,R7,Medium,R7_OUT,0.30769230769230754,0.2909090909090908,-3705.678913005242,-1078.0156837833426,0.1069182389937107,0.4,0.3333333333333333,2583.0,2901.8711949822573
48,all,R8,High,R8_OUT,0.7500000000000002,0.7090909090909093,5612.660982874563,3979.8868787656006,0.1069182389937107,0.4,0.3333333333333333,2583.0,2901.8711949822573
48,all,R9,Low,R9_OUT,0.0,0.0,-3300.3765299062593,-0.0,0.1069182389937107,0.4,0.3333333333333333,2583.0,2901.8711949822573
48,all,R10,Medium,R10_OUT,0.0,0.0,2451.836062455958,0.0,0.1069182389937107,0.4,0.3333333333333333,2583.0,2901.8711949822573
48,all,R11,Medium,R11_OUT,0.0,0.0,23103.597181504763,0.0,0.1069182389937107,0.4,0.3333333333333333,2583.0,2901.8711949822573
48,all,R12,Medium,R12_OUT,0.0,0.0,-8144.026237135319,-0.0,0.1069182389937107,0.4,0.3333333333333333,2583.0,2901.8711949822573
48,all,R13,Medium,R13_OUT,0.0,0.0,-5481.638605470804,-0.0,0.1069182389937107,0.4,0.3333333333333333,2583.0,2901.8711949822573
48,all,R14,High,R14_OUT,0.0,0.0,14808.365711866027,0.0,0.1069182389937107,0.4,0.3333333333333333,2583.0,2901.8711949822573
48,all,R15,High,R15_OUT,0.0,0.0,6412.961999295538,0.0,0.1069182389937107,0.4,0.3333333333333333,2583.0,2901.8711949822573
48,all,R16,High,R16_OUT,0.0,0.0,21614.64863208987,0.0,0.1069182389937107,0.4,0.3333333333333333,2583.0,2901.8711949822573
48,all,R17,Medium,R17_OUT,0.0,0.0,-9429.38165990339,-0.0,0.1069182389937107,0.4,0.3333333333333333,2583.0,2901.8711949822573
48,all,R18,High,R18_OUT,0.0,0.0,12373.044117440284,0.0,0.1069182389937107,0.4,0.3333333333333333,2583.0,2901.8711949822573
48,all,R19,High,R19_OUT,0.0,0.0,-1770.3706020733214,-0.0,0.1069182389937107,0.4,0.3333333333333333,2583.0,2901.8711949822573
48,all,R20,Very_High,R20_OUT,0.0,0.0,1836.2682082666224,0.0,0.1069182389937107,0.4,0.3333333333333333,2583.0,2901.8711949822573
49,all,R1,Very_Low,R1_OUT,0.0,0.0,1563.162239337128,0.0,0.1462264150943396,0.4,0.3333333333333333,3647.0,3632.6030697897368
49,all,R2,Low,R2_OUT,0.0,0.0,-8329.98817521172,-0.0,0.1462264150943396,0.4,0.3333333333333333,3647.0,3632.6030697897368
49,all,R3,Medium,R3_OUT,0.0,0.0,-3728.4203579170157,-0.0,0.1462264150943396,0.4,0.3333333333333333,3647.0,3632.6030697897368
49,all,R4,Low,R4_OUT,0.0,0.0,4770.036088656105,0.0,0.1462264150943396,0.4,0.3333333333333333,3647.0,3632.6030697897368
49,all,R5,Medium,R5_OUT,0.0,0.0,590.0518685346815,0.0,0.1462264150943396,0.4,0.3333333333333333,3647.0,3632.6030697897368
49,all,R6,Medium,R6_OUT,0.0,0.0,-21353.603820813696,-0.0,0.1462264150943396,0.4,0.3333333333333333,3647.0,3632.6030697897368
49,all,R7,Medium,R7_OUT,0.26011102299762073,0.23671283901757637,-4820.127300965512,-1140.9860178376741,0.1462264150943396,0.4,0.3333333333333333,3647.0,3632.6030697897368
49,all,R8,High,R8_OUT,0.634020618556701,0.5769875451053428,3744.060311404014,2160.276167803347,0.1462264150943396,0.4,0.3333333333333333,3647.0,3632.6030697897368
49,all,R9,Low,R9_OUT,0.0,0.0,-2076.5718884559983,-0.0,0.1462264150943396,0.4,0.3333333333333333,3647.0,3632.6030697897368
49,all,R10,Medium,R10_OUT,0.0,0.0,3573.7671275913726,0.0,0.1462264150943396,0.4,0.3333333333333333,3647.0,3632.6030697897368
49,all,R11,Medium,R11_OUT,0.0,0.0,22097.15663550681,0.0,0.1462264150943396,0.4,0.3333333333333333,3647.0,3632.6030697897368
49,all,R12,Medium,R12_OUT,0.0,0.0,-6609.352241483324,-0.0,0.1462264150943396,0.4,0.3333333333333333,3647.0,3632.6030697897368
49,all,R13,Medium,R13_OUT,0.0,0.0,-3673.9747315134637,-0.0,0.1462264150943396,0.4,0.3333333333333333,3647.0,3632.6030697897368
49,all,R14,High,R14_OUT,0.0,0.0,15524.424667682084,0.0,0.1462264150943396,0.4,0.3333333333333333,3647.0,3632.6030697897368
49,all,R15,High,R15_OUT,0.05955334987593057,0.054196251891514426,7746.932549846595,419.8547078580582,0.1462264150943396,0.4,0.3333333333333333,3647.0,3632.6030697897368
49,all,R16,High,R16_OUT,0.14516129032258088,0.13210336398556652,16604.105647193523,2193.4582119660063,0.1462264150943396,0.4,0.3333333333333333,3647.0,3632.6030697897368
49,all,R17,Medium,R17_OUT,0.0,0.0,-9396.04169187823,-0.0,0.1462264150943396,0.4,0.3333333333333333,3647.0,3632.6030697897368
49,all,R18,High,R18_OUT,0.0,0.0,10428.241625638351,0.0,0.1462264150943396,0.4,0.3333333333333333,3647.0,3632.6030697897368
49,all,R19,High,R19_OUT,0.0,0.0,-1304.135529147521,-0.0,0.1462264150943396,0.4,0.3333333333333333,3647.0,3632.6030697897368
49,all,R20,Very_High,R20_OUT,0.0,0.0,3056.8824019988506,0.0,0.1462264150943396,0.4,0.3333333333333333,3647.0,3632.6030697897368
50,all,R1,Very_Low,R1_OUT,0.0,0.05,22388.088607582016,1119.4044303791009,0.4528301886792453,0.8,0.3636363636363636,8232.0,6157.090509308304
50,all,R2,Low,R2_OUT,0.0,0.05,6237.046112606359,311.85230563031797,0.4528301886792453,0.8,0.3636363636363636,8232.0,6157.090509308304
50,all,R3,Medium,R3_OUT,0.0,0.05,9189.796128580683,459.48980642903416,0.4528301886792453,0.8,0.3636363636363636,8232.0,6157.090509308304
50,all,R4,Low,R4_OUT,0.0,0.05,16375.791984354359,818.789599217718,0.4528301886792453,0.8,0.3636363636363636,8232.0,6157.090509308304
50,all,R5,Medium,R5_OUT,0.0,0.05,11707.346755853188,585.3673377926594,0.4528301886792453,0.8,0.3636363636363636,8232.0,6157.090509308304
50,all,R6,Medium,R6_OUT,0.0,0.05,-13443.826420725185,-672.1913210362593,0.4528301886792453,0.8,0.3636363636363636,8232.0,6157.090509308304
50,all,R7,Medium,R7_OUT,0.0,0.05,-9322.053879647781,-466.1026939823891,0.4528301886792453,0.8,0.3636363636363636,8232.0,6157.090509308304
50,all,R8,High,R8_OUT,0.0,0.05,-5974.097082029173,-298.7048541014587,0.4528301886792453,0.8,0.3636363636363636,8232.0,6157.090509308304
50,all,R9,Low,R9_OUT,0.0,0.05,6285.535484020153,314.27677420100764,0.4528301886792453,0.8,0.3636363636363636,8232.0,6157.090509308304
50,all,R10,Medium,R10_OUT,0.0,0.05,12516.881674156783,625.8440837078392,0.4528301886792453,0.8,0.3636363636363636,8232.0,6157.090509308304
50,all,R11,Medium,R11_OUT,0.0,0.05,5419.395429455204,270.9697714727602,0.4528301886792453,0.8,0.3636363636363636,8232.0,6157.090509308304
50,all,R12,Medium,R12_OUT,0.0,0.05,7590.7412661700055,379.5370633085003,0.4528301886792453,0.8,0.3636363636363636,8232.0,6157.090509308304
50,all,R13,Medium,R13_OUT,0.0,0.05,13045.67193421047,652.2835967105235,0.4528301886792453,0.8,0.3636363636363636,8232.0,6157.090509308304
50,all,R14,High,R14_OUT,0.0,0.05,32162.49831971046,1608.124915985523,0.4528301886792453,0.8,0.3636363636363636,8232.0,6157.090509308304
50,all,R15,High,R15_OUT,0.0,0.05,20941.100323270766,1047.0550161635383,0.4528301886792453,0.8,0.3636363636363636,8232.0,6157.090509308304
50,all,R16,High,R16_OUT,0.0,0.05,-26655.533194116753,-1332.7766597058378,0.4528301886792453,0.8,0.3636363636363636,8232.0,6157.090509308304
50,all,R17,Medium,R17_OUT,0.0,0.05,-3402.5940754658677,-170.1297037732934,0.4528301886792453,0.8,0.3636363636363636,8232.0,6157.090509308304
50,all,R18,High,R18_OUT,0.0,0.05,4591.676783737712,229.5838391868856,0.4528301886792453,0.8,0.3636363636363636,8232.0,6157.090509308304
50,all,R19,High,R19_OUT,0.0,0.05,-908.9063454078414,-45.445317270392074,0.4528301886792453,0.8,0.3636363636363636,8232.0,6157.090509308304
50,all,R20,Very_High,R20_OUT,0.0,0.05,14397.250379850448,719.8625189925224,0.4528301886792453,0.8,0.3636363636363636,8232.0,6157.090509308304
51,all,R1,Very_Low,R1_OUT,0.0,0.0,-771.3562576600416,-0.0,0.1053459119496855,0.4,0.3333333333333333,3276.0,2967.83963163296
51,all,R2,Low,R2_OUT,0.0,0.0,-9146.374944585623,-0.0,0.1053459119496855,0.4,0.3333333333333333,3276.0,2967.83963163296
51,all,R3,Medium,R3_OUT,0.0,0.0,-4820.337893272357,-0.0,0.1053459119496855,0.4,0.3333333333333333,3276.0,2967.83963163296
51,all,R4,Low,R4_OUT,0.0,0.0,3849.7001389469433,0.0,0.1053459119496855,0.4,0.3333333333333333,3276.0,2967.83963163296
51,all,R5,Medium,R5_OUT,0.0,0.0,-307.7711856107185,-0.0,0.1053459119496855,0.4,0.3333333333333333,3276.0,2967.83963163296
51,all,R6,Medium,R6_OUT,0.0,0.0,-22407.830292004357,-0.0,0.1053459119496855,0.4,0.3333333333333333,3276.0,2967.83963163296
51,all,R7,Medium,R7_OUT,0.30769230769230754,0.2909090909090908,-3661.100977486829,-1065.047557087077,0.1053459119496855,0.4,0.3333333333333333,3276.0,2967.83963163296
51,all,R8,High,R8_OUT,0.7500000000000002,0.7090909090909093,5687.4050097333875,4032.88718872004,0.1053459119496855,0.4,0.3333333333333333,3276.0,2967.83963163296
51,all,R9,Low,R9_OUT,0.0,0.0,-3349.328715564271,-0.0,0.1053459119496855,0.4,0.3333333333333333,3276.0,2967.83963163296
51,all,R10,Medium,R10_OUT,0.0,0.0,2406.9588198505407,0.0,0.1053459119496855,0.4,0.3333333333333333,3276.0,2967.83963163296
51,all,R11,Medium,R11_OUT,0.0,0.0,23143.854803344682,0.0,0.1053459119496855,0.4,0.3333333333333333,3276.0,2967.83963163296
51,all,R12,Medium,R12_OUT,0.0,0.0,-8205.4131969614,-0.0,0.1053459119496855,0.4,0.3333333333333333,3276.0,2967.83963163296
51,all,R13,Medium,R13_OUT,0.0,0.0,-5553.945160429099,-0.0,0.1053459119496855,0.4,0.3333333333333333,3276.0,2967.83963163296
51,all,R14,High,R14_OUT,0.0,0.0,14779.72335363338,0.0,0.1053459119496855,0.4,0.3333333333333333,3276.0,2967.83963163296
51,all,R15,High,R15_OUT,0.0,0.0,6359.603177273493,0.0,0.1053459119496855,0.4,0.3333333333333333,3276.0,2967.83963163296
51,all,R16,High,R16_OUT,0.0,0.0,21815.07035148573,0.0,0.1053459119496855,0.4,0.3333333333333333,3276.0,2967.83963163296
51,all,R17,Medium,R17_OUT,0.0,0.0,-9430.715258624397,-0.0,0.1053459119496855,0.4,0.3333333333333333,3276.0,2967.83963163296
51,all,R18,High,R18_OUT,0.0,0.0,12450.836217112366,0.0,0.1053459119496855,0.4,0.3333333333333333,3276.0,2967.83963163296
51,all,R19,High,R19_OUT,0.0,0.0,-1789.0200049903538,-0.0,0.1053459119496855,0.4,0.3333333333333333,3276.0,2967.83963163296
51,all,R20,Very_High,R20_OUT,0.0,0.0,1787.443640517332,0.0,0.1053459119496855,0.4,0.3333333333333333,3276.0,2967.83963163296
52,all,R1,Very_Low,R1_OUT,0.0,0.0,360.97603955416434,0.0,0.1210691823899371,0.4,0.2121212121212121,2723.0,2720.7877321960223
52,all,R2,Low,R2_OUT,0.0,0.0,-8440.672671525943,-0.0,0.1210691823899371,0.4,0.2121212121212121,2723.0,2720.7877321960223
52,all,R3,Medium,R3_OUT,0.0,0.0,-4384.184081249932,-0.0,0.1210691823899371,0.4,0.2121212121212121,2723.0,2720.7877321960223
52,all,R4,Low,R4_OUT,0.0,0.0,3136.8780791755134,0.0,0.1210691823899371,0.4,0.2121212121212121,2723.0,2720.7877321960223
52,all,R5,Medium,R5_OUT,0.0,0.0,649.4566249076629,0.0,0.1210691823899371,0.4,0.2121212121212121,2723.0,2720.7877321960223
52,all,R6,Medium,R6_OUT,0.0,0.0,-21479.389546398845,-0.0,0.1210691823899371,0.4,0.2121212121212121,2723.0,2720.7877321960223
52,all,R7,Medium,R7_OUT,0.888888888888889,1.0,2720.7877321960223,2720.7877321960223,0.1210691823899371,0.4,0.2121212121212121,2723.0,2720.7877321960223
52,all,R8,High,R8_OUT,0.0,0.0,4791.637207689464,0.0,0.1210691823899371,0.4,0.2121212121212121,2723.0,2720.7877321960223
52,all,R9,Low,R9_OUT,0.0,0.0,-2105.0364088364963,-0.0,0.1210691823899371,0.4,0.2121212121212121,2723.0,2720.7877321960223
52,all,R10,Medium,R10_OUT,0.0,0.0,1904.431170135469,0.0,0.1210691823899371,0.4,0.2121212121212121,2723.0,2720.7877321960223
52,all,R11,Medium,R11_OUT,0.0,0.0,18351.77845284828,0.0,0.1210691823899371,0.4,0.2121212121212121,2723.0,2720.7877321960223
52,all,R12,Medium,R12_OUT,0.0,0.0,-7961.5604047545185,-0.0,0.1210691823899371,0.4,0.2121212121212121,2723.0,2720.7877321960223
52,all,R13,Medium,R13_OUT,0.0,0.0,-5134.8319291491825,-0.0,0.1210691823899371,0.4,0.2121212121212121,2723.0,2720.7877321960223
52,all,R14,High,R14_OUT,0.0,0.0,28689.770371247832,0.0,0.1210691823899371,0.4,0.2121212121212121,2723.0,2720.7877321960223
52,all,R15,High,R15_OUT,0.0,0.0,-807.5120756798533,-0.0,0.1210691823899371,0.4,0.2121212121212121,2723.0,2720.7877321960223
52,all,R16,High,R16_OUT,0.0,0.0,18751.77651577667,0.0,0.1210691823899371,0.4,0.2121212121212121,2723.0,2720.7877321960223
52,all,R17,Medium,R17_OUT,0.0,0.0,-4481.888591705707,-0.0,0.1210691823899371,0.4,0.2121212121212121,2723.0,2720.7877321960223
52,all,R18,High,R18_OUT,0.0,0.0,15910.158690331427,0.0,0.1210691823899371,0.4,0.2121212121212121,2723.0,2720.7877321960223
52,all,R19,High,R19_OUT,0.0,0.0,-1387.115007892453,-0.0,0.1210691823899371,0.4,0.2121212121212121,2723.0,2720.7877321960223
52,all,R20,Very_High,R20_OUT,0.0,0.0,1387.3943244135426,0.0,0.1210691823899371,0.4,0.2121212121212121,2723.0,2720.7877321960223
53,all,R1,Very_Low,R1_OUT,0.4123711340206184,0.3592536794530072,9119.226279683106,3276.1155947407137,0.2122641509433962,0.8,0.1212121212121212,3472.0,3471.794381378785
53,all,R2,Low,R2_OUT,0.0,0.0,2216.3386932762805,0.0,0.2122641509433962,0.8,0.1212121212121212,3472.0,3471.794381378785
53,all,R3,Medium,R3_OUT,0.0,0.0,2796.652459684222,0.0,0.2122641509433962,0.8,0.1212121212121212,3472.0,3471.794381378785
53,all,R4,Low,R4_OUT,0.0,0.0,8826.374045592844,0.0,0.2122641509433962,0.8,0.1212121212121212,3472.0,3471.794381378785
53,all,R5,Medium,R5_OUT,0.0,0.0,7647.825901230175,0.0,0.2122641509433962,0.8,0.1212121212121212,3472.0,3471.794381378785
53,all,R6,Medium,R6_OUT,0.0,0.0,-18601.605680128934,-0.0,0.2122641509433962,0.8,0.1212121212121212,3472.0,3471.794381378785
53,all,R7,Medium,R7_OUT,0.0,0.0,11153.706384403013,0.0,0.2122641509433962,0.8,0.1212121212121212,3472.0,3471.794381378785
53,all,R8,High,R8_OUT,0.0,0.0,5165.0839604591965,0.0,0.2122641509433962,0.8,0.1212121212121212,3472.0,3471.794381378785
53,all,R9,Low,R9_OUT,0.735483870967742,0.6407463205469928,305.39197863988284,195.67878663807073,0.2122641509433962,0.8,0.1212121212121212,3472.0,3471.794381378785
53,all,R10,Medium,R10_OUT,0.0,0.0,3748.0634039895613,0.0,0.2122641509433962,0.8,0.1212121212121212,3472.0,3471.794381378785
53,all,R11,Medium,R11_OUT,0.0,0.0,2799.8113067682543,0.0,0.2122641509433962,0.8,0.1212121212121212,3472.0,3471.794381378785
53,all,R12,Medium,R12_OUT,0.0,0.0,-2541.497199328047,-0.0,0.2122641509433962,0.8,0.1212121212121212,3472.0,3471.794381378785
53,all,R13,Medium,R13_OUT,0.0,0.0,1374.8643889855011,0.0,0.2122641509433962,0.8,0.1212121212121212,3472.0,3471.794381378785
53,all,R14,High,R14_OUT,0.0,0.0,55027.46438069224,0.0,0.2122641509433962,0.8,0.1212121212121212,3472.0,3471.794381378785
53,all,R15,High,R15_OUT,0.0,0.0,-2624.2063924492722,-0.0,0.2122641509433962,0.8,0.1212121212121212,3472.0,3471.794381378785
53,all,R16,High,R16_OUT,0.0,0.0,1890.8365899478886,0.0,0.2122641509433962,0.8,0.1212121212121212,3472.0,3471.794381378785
53,all,R17,Medium,R17_OUT,0.0,0.0,6264.346679637392,0.0,0.2122641509433962,0.8,0.1212121212121212,3472.0,3471.794381378785
53,all,R18,High,R18_OUT,0.0,0.0,24968.35497344524,0.0,0.2122641509433962,0.8,0.1212121212121212,3472.0,3471.794381378785
53,all,R19,High,R19_OUT,0.0,0.0,-3331.443055858582,-0.0,0.2122641509433962,0.8,0.1212121212121212,3472.0,3471.794381378785
53,all,R20,Very_High,R20_OUT,0.0,0.0,5150.501527015839,0.0,0.2122641509433962,0.8,0.1212121212121212,3472.0,3471.794381378785
54,all,R1,Very_Low,R1_OUT,0.0,0.05,-6435.569994675959,-321.77849973379796,0.0,0.4,0.1515151515151515,1575.0,1586.308446778603
54,all,R2,Low,R2_OUT,0.0,0.05,-10662.579807636877,-533.1289903818439,0.0,0.4,0.1515151515151515,1575.0,1586.308446778603
54,all,R3,Medium,R3_OUT,0.0,0.05,-7609.847094436334,-380.49235472181675,0.0,0.4,0.1515151515151515,1575.0,1586.308446778603
54,all,R4,Low,R4_OUT,0.0,0.05,-122.13094594678932,-6.106547297339467,0.0,0.4,0.1515151515151515,1575.0,1586.308446778603
54,all,R5,Medium,R5_OUT,0.0,0.05,-1703.5252559840224,-85.17626279920113,0.0,0.4,0.1515151515151515,1575.0,1586.308446778603
54,all,R6,Medium,R6_OUT,0.0,0.05,-24340.037275043553,-1217.0018637521778,0.0,0.4,0.1515151515151515,1575.0,1586.308446778603
54,all,R7,Medium,R7_OUT,0.0,0.05,9567.122799547145,478.3561399773573,0.0,0.4,0.1515151515151515,1575.0,1586.308446778603
54,all,R8,High,R8_OUT,0.0,0.05,10472.76350909091,523.6381754545455,0.0,0.4,0.1515151515151515,1575.0,1586.308446778603
54,all,R9,Low,R9_OUT,0.0,0.05,-5496.96947942947,-274.84847397147354,0.0,0.4,0.1515151515151515,1575.0,1586.308446778603
54,all,R10,Medium,R10_OUT,0.0,0.05,-2026.7665483662295,-101.33832741831148,0.0,0.4,0.1515151515151515,1575.0,1586.308446778603
54,all,R11,Medium,R11_OUT,0.0,0.05,19256.865268473375,962.8432634236688,0.0,0.4,0.1515151515151515,1575.0,1586.308446778603
54,all,R12,Medium,R12_OUT,0.0,0.05,-12873.364714389623,-643.6682357194812,0.0,0.4,0.1515151515151515,1575.0,1586.308446778603
54,all,R13,Medium,R13_OUT,0.0,0.05,-10854.412820089303,-542.7206410044652,0.0,0.4,0.1515151515151515,1575.0,1586.308446778603
54,all,R14,High,R14_OUT,0.0,0.05,33296.12050497839,1664.8060252489195,0.0,0.4,0.1515151515151515,1575.0,1586.308446778603
54,all,R15,High,R15_OUT,0.0,0.05,-8766.493107964008,-438.32465539820043,0.0,0.4,0.1515151515151515,1575.0,1586.308446778603
54,all,R16,High,R16_OUT,0.0,0.05,33654.71058838217,1682.7355294191086,0.0,0.4,0.1515151515151515,1575.0,1586.308446778603
54,all,R17,Medium,R17_OUT,0.0,0.05,-2116.8303533688927,-105.84151766844464,0.0,0.4,0.1515151515151515,1575.0,1586.308446778603
54,all,R18,High,R18_OUT,0.0,0.05,24018.772100051312,1200.9386050025657,0.0,0.4,0.1515151515151515,1575.0,1586.308446778603
54,all,R19,High,R19_OUT,0.0,0.05,-2715.413548540129,-135.77067742700646,0.0,0.4,0.1515151515151515,1575.0,1586.308446778603
54,all,R20,Very_High,R20_OUT,0.0,0.05,-2816.2448890800647,-140.81224445400323,0.0,0.4,0.1515151515151515,1575.0,1586.308446778603
55,all,R1,Very_Low,R1_OUT,0.0,0.0,6052.62088740861,0.0,0.2248427672955975,0.4,0.3333333333333333,2926.0,4947.156209532934
55,all,R2,Low,R2_OUT,0.0,0.0,-6760.013618723443,-0.0,0.2248427672955975,0.4,0.3333333333333333,2926.0,4947.156209532934
55,all,R3,Medium,R3_OUT,0.0,0.0,-1628.5789437721278,-0.0,0.2248427672955975,0.4,0.3333333333333333,2926.0,4947.156209532934
55,all,R4,Low,R4_OUT,0.0,0.0,6539.912915019879,0.0,0.2248427672955975,0.4,0.3333333333333333,2926.0,4947.156209532934
55,all,R5,Medium,R5_OUT,0.0,0.0,2316.6346649681427,0.0,0.2248427672955975,0.4,0.3333333333333333,2926.0,4947.156209532934
55,all,R6,Medium,R6_OUT,0.0,0.0,-19326.24522237012,-0.0,0.2248427672955975,0.4,0.3333333333333333,2926.0,4947.156209532934
55,all,R7,Medium,R7_OUT,0.10150674068199829,0.0821234542350079,-7049.02407688606,-578.8902061796211,0.2248427672955975,0.4,0.3333333333333333,2926.0,4947.156209532934
55,all,R8,High,R8_OUT,0.24742268041237103,0.20017591969783194,6.8589684629096155,1.373000320241357,0.2248427672955975,0.4,0.3333333333333333,2926.0,4947.156209532934
55,all,R9,Low,R9_OUT,0.0,0.0,371.0373944445282,0.0,0.2248427672955975,0.4,0.3333333333333333,2926.0,4947.156209532934
55,all,R10,Medium,R10_OUT,0.0,0.0,5817.629257862205,0.0,0.2248427672955975,0.4,0.3333333333333333,2926.0,4947.156209532934
55,all,R11,Medium,R11_OUT,0.0,0.0,20084.2755435109,0.0,0.2248427672955975,0.4,0.3333333333333333,2926.0,4947.156209532934
55,all,R12,Medium,R12_OUT,0.0,0.0,-3540.0042501793305,-0.0,0.2248427672955975,0.4,0.3333333333333333,2926.0,4947.156209532934
55,all,R13,Medium,R13_OUT,0.0,0.0,-58.646983598780935,-0.0,0.2248427672955975,0.4,0.3333333333333333,2926.0,4947.156209532934
55,all,R14,High,R14_OUT,0.0,0.0,16956.5425793142,0.0,0.2248427672955975,0.4,0.3333333333333333,2926.0,4947.156209532934
55,all,R15,High,R15_OUT,0.25806451612903225,0.20878563667408284,10414.873650948717,2174.4760260934577,0.2248427672955975,0.4,0.3333333333333333,2926.0,4947.156209532934
55,all,R16,High,R16_OUT,0.6290322580645166,0.5089149893930773,6583.0196774008145,3350.197389298855,0.2248427672955975,0.4,0.3333333333333333,2926.0,4947.156209532934
55,all,R17,Medium,R17_OUT,0.0,0.0,-9329.361755827906,-0.0,0.2248427672955975,0.4,0.3333333333333333,2926.0,4947.156209532934
55,all,R18,High,R18_OUT,0.0,0.0,6538.636642034475,0.0,0.2248427672955975,0.4,0.3333333333333333,2926.0,4947.156209532934
55,all,R19,High,R19_OUT,0.0,0.0,-371.6653832959196,-0.0,0.2248427672955975,0.4,0.3333333333333333,2926.0,4947.156209532934
55,all,R20,Very_High,R20_OUT,0.0,0.0,5498.1107894633105,0.0,0.2248427672955975,0.4,0.3333333333333333,2926.0,4947.156209532934
56,all,R1,Very_Low,R1_OUT,1.0,1.0,1877.4823008687608,1877.4823008687608,0.0864779874213836,0.8,0.1515151515151515,1876.0,1877.4823008687608
56,all,R2,Low,R2_OUT,0.0,0.0,-393.5474375454678,-0.0,0.0864779874213836,0.8,0.1515151515151515,1876.0,1877.4823008687608
56,all,R3,Medium,R3_OUT,0.0,0.0,-567.140185245959,-0.0,0.0864779874213836,0.8,0.1515151515151515,1876.0,1877.4823008687608
56,all,R4,Low,R4_OUT,0.0,0.0,6261.270479671852,0.0,0.0864779874213836,0.8,0.1515151515151515,1876.0,1877.4823008687608
56,all,R5,Medium,R5_OUT,0.0,0.0,4732.3156141287145,0.0,0.0864779874213836,0.8,0.1515151515151515,1876.0,1877.4823008687608
56,all,R6,Medium,R6_OUT,0.0,0.0,-21976.121694117857,-0.0,0.0864779874213836,0.8,0.1515151515151515,1876.0,1877.4823008687608
56,all,R7,Medium,R7_OUT,0.0,0.0,13013.024209659146,0.0,0.0864779874213836,0.8,0.1515151515151515,1876.0,1877.4823008687608
56,all,R8,High,R8_OUT,0.0,0.0,11181.687992528887,0.0,0.0864779874213836,0.8,0.1515151515151515,1876.0,1877.4823008687608
56,all,R9,Low,R9_OUT,0.0,0.0,-3799.4754865378745,-0.0,0.0864779874213836,0.8,0.1515151515151515,1876.0,1877.4823008687608
56,all,R10,Medium,R10_OUT,0.0,0.0,395.7090144985409,0.0,0.0864779874213836,0.8,0.1515151515151515,1876.0,1877.4823008687608
56,all,R11,Medium,R11_OUT,0.0,0.0,7117.796086986014,0.0,0.0864779874213836,0.8,0.1515151515151515,1876.0,1877.4823008687608
56,all,R12,Medium,R12_OUT,0.0,0.0,-7359.949783900956,-0.0,0.0864779874213836,0.8,0.1515151515151515,1876.0,1877.4823008687608
56,all,R13,Medium,R13_OUT,0.0,0.0,-4333.671928102236,-0.0,0.0864779874213836,0.8,0.1515151515151515,1876.0,1877.4823008687608
56,all,R14,High,R14_OUT,0.0,0.0,49330.169863258845,0.0,0.0864779874213836,0.8,0.1515151515151515,1876.0,1877.4823008687608
56,all,R15,High,R15_OUT,0.0,0.0,-4967.736285919227,-0.0,0.0864779874213836,0.8,0.1515151515151515,1876.0,1877.4823008687608
56,all,R16,High,R16_OUT,0.0,0.0,18189.343302053847,0.0,0.0864779874213836,0.8,0.1515151515151515,1876.0,1877.4823008687608
56,all,R17,Medium,R17_OUT,0.0,0.0,4923.786112029719,0.0,0.0864779874213836,0.8,0.1515151515151515,1876.0,1877.4823008687608
56,all,R18,High,R18_OUT,0.0,0.0,30132.412079726484,0.0,0.0864779874213836,0.8,0.1515151515151515,1876.0,1877.4823008687608
56,all,R19,High,R19_OUT,0.0,0.0,-4877.248031203039,-0.0,0.0864779874213836,0.8,0.1515151515151515,1876.0,1877.4823008687608
56,all,R20,Very_High,R20_OUT,0.0,0.0,1466.6098554718742,0.0,0.0864779874213836,0.8,0.1515151515151515,1876.0,1877.4823008687608
57,all,R1,Very_Low,R1_OUT,0.0,0.05,626.5956382155218,31.32978191077609,0.1226415094339622,0.4,0.1212121212121212,2520.0,2615.357159527025
57,all,R2,Low,R2_OUT,0.0,0.05,-8115.492659074661,-405.7746329537331,0.1226415094339622,0.4,0.1212121212121212,2520.0,2615.357159527025
57,all,R3,Medium,R3_OUT,0.0,0.05,-4330.04810607195,-216.50240530359753,0.1226415094339622,0.4,0.1212121212121212,2520.0,2615.357159527025
57,all,R4,Low,R4_OUT,0.0,0.05,2372.177546919649,118.60887734598246,0.1226415094339622,0.4,0.1212121212121212,2520.0,2615.357159527025
57,all,R5,Medium,R5_OUT,0.0,0.05,1142.9217192600972,57.146085963004865,0.1226415094339622,0.4,0.1212121212121212,2520.0,2615.357159527025
57,all,R6,Medium,R6_OUT,0.0,0.05,-21046.615604992374,-1052.3307802496188,0.1226415094339622,0.4,0.1212121212121212,2520.0,2615.357159527025
57,all,R7,Medium,R7_OUT,0.0,0.05,7796.960845327836,389.8480422663918,0.1226415094339622,0.4,0.1212121212121212,2520.0,2615.357159527025
57,all,R8,High,R8_OUT,0.0,0.05,4605.647530738868,230.28237653694342,0.1226415094339622,0.4,0.1212121212121212,2520.0,2615.357159527025
57,all,R9,Low,R9_OUT,0.0,0.05,-1490.0063855677363,-74.50031927838681,0.1226415094339622,0.4,0.1212121212121212,2520.0,2615.357159527025
57,all,R10,Medium,R10_OUT,0.0,0.05,1235.8333559139555,61.79166779569778,0.1226415094339622,0.4,0.1212121212121212,2520.0,2615.357159527025
57,all,R11,Medium,R11_OUT,0.0,0.05,15019.395731935452,750.9697865967727,0.1226415094339622,0.4,0.1212121212121212,2520.0,2615.357159527025
57,all,R12,Medium,R12_OUT,0.0,0.05,-8177.686049468877,-408.8843024734439,0.1226415094339622,0.4,0.1212121212121212,2520.0,2615.357159527025
57,all,R13,Medium,R13_OUT,0.0,0.05,-5290.489612918157,-264.5244806459079,0.1226415094339622,0.4,0.1212121212121212,2520.0,2615.357159527025
57,all,R14,High,R14_OUT,0.0,0.05,38936.13030594649,1946.8065152973247,0.1226415094339622,0.4,0.1212121212121212,2520.0,2615.357159527025
57,all,R15,High,R15_OUT,0.0,0.05,-6529.680858538142,-326.48404292690714,0.1226415094339622,0.4,0.1212121212121212,2520.0,2615.357159527025
57,all,R16,High,R16_OUT,0.0,0.05,17757.04731506793,887.8523657533966,0.1226415094339622,0.4,0.1212121212121212,2520.0,2615.357159527025
57,all,R17,Medium,R17_OUT,0.0,0.05,-778.936983203233,-38.946849160161655,0.1226415094339622,0.4,0.1212121212121212,2520.0,2615.357159527025
57,all,R18,High,R18_OUT,0.0,0.05,19010.29919311423,950.5149596557117,0.1226415094339622,0.4,0.1212121212121212,2520.0,2615.357159527025
57,all,R19,High,R19_OUT,0.0,0.05,-1206.9073790297364,-60.34536895148682,0.1226415094339622,0.4,0.1212121212121212,2520.0,2615.357159527025
57,all,R20,Very_High,R20_OUT,0.0,0.05,769.9976469653193,38.49988234826597,0.1226415094339622,0.4,0.1212121212121212,2520.0,2615.357159527025
58,all,R1,Very_Low,R1_OUT,0.0,0.0,2795.378507056251,0.0,0.080188679245283,1.0,0.3636363636363636,1603.0,1602.9885023494194
58,all,R2,Low,R2_OUT,0.0,0.0,3066.3968938290795,0.0,0.080188679245283,1.0,0.3636363636363636,1603.0,1602.9885023494194
58,all,R3,Medium,R3_OUT,1.0,1.0,1602.9885023494194,1602.9885023494194,0.080188679245283,1.0,0.3636363636363636,1603.0,1602.9885023494194
58,all,R4,Low,R4_OUT,0.0,0.0,10204.844285699319,0.0,0.080188679245283,1.0,0.3636363636363636,1603.0,1602.9885023494194
58,all,R5,Medium,R5_OUT,0.0,0.0,5791.644197776549,0.0,0.080188679245283,1.0,0.3636363636363636,1603.0,1602.9885023494194
58,all,R6,Medium,R6_OUT,0.0,0.0,-22986.59561602886,-0.0,0.080188679245283,1.0,0.3636363636363636,1603.0,1602.9885023494194
58,all,R7,Medium,R7_OUT,0.0,0.0,4191.7607700279,0.0,0.080188679245283,1.0,0.3636363636363636,1603.0,1602.9885023494194
58,all,R8,High,R8_OUT,0.0,0.0,14150.160263848244,0.0,0.080188679245283,1.0,0.3636363636363636,1603.0,1602.9885023494194
58,all,R9,Low,R9_OUT,0.0,0.0,-5813.570626077825,-0.0,0.080188679245283,1.0,0.3636363636363636,1603.0,1602.9885023494194
58,all,R10,Medium,R10_OUT,0.0,0.0,1858.0887864564706,0.0,0.080188679245283,1.0,0.3636363636363636,1603.0,1602.9885023494194
58,all,R11,Medium,R11_OUT,0.0,0.0,9998.001815369891,0.0,0.080188679245283,1.0,0.3636363636363636,1603.0,1602.9885023494194
58,all,R12,Medium,R12_OUT,0.0,0.0,-5889.402142583782,-0.0,0.080188679245283,1.0,0.3636363636363636,1603.0,1602.9885023494194
58,all,R13,Medium,R13_OUT,0.0,0.0,-2819.0414062646632,-0.0,0.080188679245283,1.0,0.3636363636363636,1603.0,1602.9885023494194
58,all,R14,High,R14_OUT,0.0,0.0,32603.619246316797,0.0,0.080188679245283,1.0,0.3636363636363636,1603.0,1602.9885023494194
58,all,R15,High,R15_OUT,0.0,0.0,8727.070309462932,0.0,0.080188679245283,1.0,0.3636363636363636,1603.0,1602.9885023494194
58,all,R16,High,R16_OUT,0.0,0.0,18623.327942922486,0.0,0.080188679245283,1.0,0.3636363636363636,1603.0,1602.9885023494194
58,all,R17,Medium,R17_OUT,0.0,0.0,-235.0227044727726,-0.0,0.080188679245283,1.0,0.3636363636363636,1603.0,1602.9885023494194
58,all,R18,High,R18_OUT,0.0,0.0,28224.5071368398,0.0,0.080188679245283,1.0,0.3636363636363636,1603.0,1602.9885023494194
58,all,R19,High,R19_OUT,0.0,0.0,-6922.590658294268,-0.0,0.080188679245283,1.0,0.3636363636363636,1603.0,1602.9885023494194
58,all,R20,Very_High,R20_OUT,0.0,0.0,3624.5795824394295,0.0,0.080188679245283,1.0,0.3636363636363636,1603.0,1602.9885023494194
59,all,R1,Very_Low,R1_OUT,0.0,0.0,14008.930329691462,0.0,0.360062893081761,0.4,0.2121212121212121,3626.0,3626.3606117472737
59,all,R2,Low,R2_OUT,0.0,0.0,-3667.950019801584,-0.0,0.360062893081761,0.4,0.2121212121212121,3626.0,3626.3606117472737
59,all,R3,Medium,R3_OUT,0.0,0.0,1999.333817750523,0.0,0.360062893081761,0.4,0.2121212121212121,3626.0,3626.3606117472737
59,all,R4,Low,R4_OUT,0.0,0.0,8517.303631321383,0.0,0.360062893081761,0.4,0.2121212121212121,3626.0,3626.3606117472737
59,all,R5,Medium,R5_OUT,0.0,0.0,5898.268326065384,0.0,0.360062893081761,0.4,0.2121212121212121,3626.0,3626.3606117472737
59,all,R6,Medium,R6_OUT,0.0,0.0,-15316.21940713037,-0.0,0.360062893081761,0.4,0.2121212121212121,3626.0,3626.3606117472737
59,all,R7,Medium,R7_OUT,0.0,0.0,-4055.058466602437,-0.0,0.360062893081761,0.4,0.2121212121212121,3626.0,3626.3606117472737
59,all,R8,High,R8_OUT,0.0,0.0,-6569.454874851488,-0.0,0.360062893081761,0.4,0.2121212121212121,3626.0,3626.3606117472737
59,all,R9,Low,R9_OUT,0.0,0.0,5335.695811181099,0.0,0.360062893081761,0.4,0.2121212121212121,3626.0,3626.3606117472737
59,all,R10,Medium,R10_OUT,0.0,0.0,8725.772046158796,0.0,0.360062893081761,0.4,0.2121212121212121,3626.0,3626.3606117472737
59,all,R11,Medium,R11_OUT,0.0,0.0,12232.619933180717,0.0,0.360062893081761,0.4,0.2121212121212121,3626.0,3626.3606117472737
59,all,R12,Medium,R12_OUT,0.0,0.0,1369.257488809617,0.0,0.360062893081761,0.4,0.2121212121212121,3626.0,3626.3606117472737
59,all,R13,Medium,R13_OUT,0.0,0.0,5855.764424511448,0.0,0.360062893081761,0.4,0.2121212121212121,3626.0,3626.3606117472737
59,all,R14,High,R14_OUT,0.0,0.0,33043.40882260946,0.0,0.360062893081761,0.4,0.2121212121212121,3626.0,3626.3606117472737
59,all,R15,High,R15_OUT,0.36467236467236513,0.37209302325581434,7303.0288716705945,2717.40609178441,0.360062893081761,0.4,0.2121212121212121,3626.0,3626.3606117472737
59,all,R16,High,R16_OUT,0.0,0.0,-11712.324832393148,-0.0,0.360062893081761,0.4,0.2121212121212121,3626.0,3626.3606117472737
59,all,R17,Medium,R17_OUT,0.0,0.0,-4279.181586112723,-0.0,0.360062893081761,0.4,0.2121212121212121,3626.0,3626.3606117472737
59,all,R18,High,R18_OUT,0.0,0.0,4085.759540175648,0.0,0.360062893081761,0.4,0.2121212121212121,3626.0,3626.3606117472737
59,all,R19,High,R19_OUT,0.6153846153846151,0.6279069767441856,1447.5942354964154,908.9545199628649,0.360062893081761,0.4,0.2121212121212121,3626.0,3626.3606117472737
59,all,R20,Very_High,R20_OUT,0.0,0.0,8808.728622305498,0.0,0.360062893081761,0.4,0.2121212121212121,3626.0,3626.3606117472737
60,all,R1,Very_Low,R1_OUT,0.0,0.0,17195.239050530286,0.0,0.3883647798742138,0.6,0.2727272727272727,6783.0,6781.340439811553
60,all,R2,Low,R2_OUT,0.0,0.0,972.4173186303342,0.0,0.3883647798742138,0.6,0.2727272727272727,6783.0,6781.340439811553
60,all,R3,Medium,R3_OUT,0.0,0.0,5113.6246390614615,0.0,0.3883647798742138,0.6,0.2727272727272727,6783.0,6781.340439811553
60,all,R4,Low,R4_OUT,0.0,0.0,11906.12645964368,0.0,0.3883647798742138,0.6,0.2727272727272727,6783.0,6781.340439811553
60,all,R5,Medium,R5_OUT,0.0,0.0,8482.182404183552,0.0,0.3883647798742138,0.6,0.2727272727272727,6783.0,6781.340439811553
60,all,R6,Medium,R6_OUT,0.0,0.0,-14780.9442633302,-0.0,0.3883647798742138,0.6,0.2727272727272727,6783.0,6781.340439811553
60,all,R7,Medium,R7_OUT,0.0,0.0,-5322.4514065550175,-0.0,0.3883647798742138,0.6,0.2727272727272727,6783.0,6781.340439811553
60,all,R8,High,R8_OUT,0.0,0.0,-5430.76061124584,-0.0,0.3883647798742138,0.6,0.2727272727272727,6783.0,6781.340439811553
60,all,R9,Low,R9_OUT,0.0,0.0,5342.011818801964,0.0,0.3883647798742138,0.6,0.2727272727272727,6783.0,6781.340439811553
60,all,R10,Medium,R10_OUT,0.0,0.0,9986.326060724343,0.0,0.3883647798742138,0.6,0.2727272727272727,6783.0,6781.340439811553
60,all,R11,Medium,R11_OUT,0.0,0.0,8740.28281596487,0.0,0.3883647798742138,0.6,0.2727272727272727,6783.0,6781.340439811553
60,all,R12,Medium,R12_OUT,0.0,0.0,3727.797238733154,0.0,0.3883647798742138,0.6,0.2727272727272727,6783.0,6781.340439811553
60,all,R13,Medium,R13_OUT,0.09467455621301829,0.09736308316430071,8581.198757552704,835.4919682809979,0.3883647798742138,0.6,0.2727272727272727,6783.0,6781.340439811553
60,all,R14,High,R14_OUT,0.025641025641025793,0.026369168356998117,33976.519380895574,895.9325597396448,0.3883647798742138,0.6,0.2727272727272727,6783.0,6781.340439811553
60,all,R15,High,R15_OUT,0.0,0.0,12545.850210070465,0.0,0.3883647798742138,0.6,0.2727272727272727,6783.0,6781.340439811553
60,all,R16,High,R16_OUT,0.0,0.0,-17011.463820421435,-0.0,0.3883647798742138,0.6,0.2727272727272727,6783.0,6781.340439811553
60,all,R17,Medium,R17_OUT,0.0,0.0,-3239.2878811172923,-0.0,0.3883647798742138,0.6,0.2727272727272727,6783.0,6781.340439811553
60,all,R18,High,R18_OUT,0.8520710059171595,0.8762677484787011,5762.9827419280555,5049.9159117909085,0.3883647798742138,0.6,0.2727272727272727,6783.0,6781.340439811553
60,all,R19,High,R19_OUT,0.0,0.0,81.80218248936626,0.0,0.3883647798742138,0.6,0.2727272727272727,6783.0,6781.340439811553
60,all,R20,Very_High,R20_OUT,0.0,0.0,10930.470097761561,0.0,0.3883647798742138,0.6,0.2727272727272727,6783.0,6781.340439811553
61,all,R1,Very_Low,R1_OUT,0.0,0.05,-5986.6241298688155,-299.3312064934408,0.0078616352201257,0.4,0.1515151515151515,1267.0,1639.8584833295122
61,all,R2,Low,R2_OUT,0.0,0.05,-10505.58235198805,-525.2791175994025,0.0078616352201257,0.4,0.1515151515151515,1267.0,1639.8584833295122
61,all,R3,Medium,R3_OUT,0.0,0.05,-7399.862953021848,-369.9931476510924,0.0078616352201257,0.4,0.1515151515151515,1267.0,1639.8584833295122
61,all,R4,Low,R4_OUT,0.0,0.05,54.856736689586114,2.7428368344793057,0.0078616352201257,0.4,0.1515151515151515,1267.0,1639.8584833295122
61,all,R5,Medium,R5_OUT,0.0,0.05,-1530.866976340678,-76.5433488170339,0.0078616352201257,0.4,0.1515151515151515,1267.0,1639.8584833295122
61,all,R6,Medium,R6_OUT,0.0,0.05,-24137.301415199196,-1206.8650707599597,0.0078616352201257,0.4,0.1515151515151515,1267.0,1639.8584833295122
61,all,R7,Medium,R7_OUT,0.0,0.05,9344.233121955094,467.2116560977547,0.0078616352201257,0.4,0.1515151515151515,1267.0,1639.8584833295122
61,all,R8,High,R8_OUT,0.0,0.05,10099.043374796804,504.9521687398402,0.0078616352201257,0.4,0.1515151515151515,1267.0,1639.8584833295122
61,all,R9,Low,R9_OUT,0.0,0.05,-5252.20855113942,-262.610427556971,0.0078616352201257,0.4,0.1515151515151515,1267.0,1639.8584833295122
61,all,R10,Medium,R10_OUT,0.0,0.05,-1802.3803353391488,-90.11901676695744,0.0078616352201257,0.4,0.1515151515151515,1267.0,1639.8584833295122
61,all,R11,Medium,R11_OUT,0.0,0.05,19055.577159273784,952.7788579636892,0.0078616352201257,0.4,0.1515151515151515,1267.0,1639.8584833295122
61,all,R12,Medium,R12_OUT,0.0,0.05,-12566.429915259228,-628.3214957629615,0.0078616352201257,0.4,0.1515151515151515,1267.0,1639.8584833295122
61,all,R13,Medium,R13_OUT,0.0,0.05,-10492.880045297838,-524.6440022648919,0.0078616352201257,0.4,0.1515151515151515,1267.0,1639.8584833295122
61,all,R14,High,R14_OUT,0.0,0.05,33439.3322961416,1671.96661480708,0.0078616352201257,0.4,0.1515151515151515,1267.0,1639.8584833295122
61,all,R15,High,R15_OUT,0.0,0.05,-8499.698997853799,-424.98494989268994,0.0078616352201257,0.4,0.1515151515151515,1267.0,1639.8584833295122
61,all,R16,High,R16_OUT,0.0,0.05,32652.601991402913,1632.6300995701458,0.0078616352201257,0.4,0.1515151515151515,1267.0,1639.8584833295122
61,all,R17,Medium,R17_OUT,0.0,0.05,-2110.1623597638604,-105.50811798819302,0.0078616352201257,0.4,0.1515151515151515,1267.0,1639.8584833295122
61,all,R18,High,R18_OUT,0.0,0.05,23629.811601690926,1181.4905800845463,0.0078616352201257,0.4,0.1515151515151515,1267.0,1639.8584833295122
61,all,R19,High,R19_OUT,0.0,0.05,-2622.1665339549695,-131.10832669774848,0.0078616352201257,0.4,0.1515151515151515,1267.0,1639.8584833295122
61,all,R20,Very_High,R20_OUT,0.0,0.05,-2572.1220503336217,-128.6061025166811,0.0078616352201257,0.4,0.1515151515151515,1267.0,1639.8584833295122
62,all,R1,Very_Low,R1_OUT,0.0,0.05,-2516.0254154345125,-125.80127077172563,0.0676100628930817,0.4,0.1212121212121212,2548.0,2240.5069036706564
62,all,R2,Low,R2_OUT,0.0,0.05,-9214.474848616454,-460.7237424308227,0.0676100628930817,0.4,0.1212121212121212,2548.0,2240.5069036706564
62,all,R3,Medium,R3_OUT,0.0,0.05,-5799.9370959733715,-289.9968547986686,0.0676100628930817,0.4,0.1212121212121212,2548.0,2240.5069036706564
62,all,R4,Low,R4_OUT,0.0,0.05,1133.263768465008,56.6631884232504,0.0676100628930817,0.4,0.1212121212121212,2548.0,2240.5069036706564
62,all,R5,Medium,R5_OUT,0.0,0.05,-65.68623824332496,-3.2843119121662485,0.0676100628930817,0.4,0.1212121212121212,2548.0,2240.5069036706564
62,all,R6,Medium,R6_OUT,0.0,0.05,-22465.766623902877,-1123.2883311951439,0.0676100628930817,0.4,0.1212121212121212,2548.0,2240.5069036706564
62,all,R7,Medium,R7_OUT,0.0,0.05,9357.188588472218,467.8594294236109,0.0676100628930817,0.4,0.1212121212121212,2548.0,2240.5069036706564
62,all,R8,High,R8_OUT,0.0,0.05,7221.688470797641,361.08442353988204,0.0676100628930817,0.4,0.1212121212121212,2548.0,2240.5069036706564
62,all,R9,Low,R9_OUT,0.0,0.05,-3203.3328835981038,-160.1666441799052,0.0676100628930817,0.4,0.1212121212121212,2548.0,2240.5069036706564
62,all,R10,Medium,R10_OUT,0.0,0.05,-334.8701352756261,-16.74350676378131,0.0676100628930817,0.4,0.1212121212121212,2548.0,2240.5069036706564
62,all,R11,Medium,R11_OUT,0.0,0.05,16428.41249633259,821.4206248166295,0.0676100628930817,0.4,0.1212121212121212,2548.0,2240.5069036706564
62,all,R12,Medium,R12_OUT,0.0,0.05,-10326.229643381672,-516.3114821690837,0.0676100628930817,0.4,0.1212121212121212,2548.0,2240.5069036706564
62,all,R13,Medium,R13_OUT,0.0,0.05,-7821.219036458434,-391.0609518229217,0.0676100628930817,0.4,0.1212121212121212,2548.0,2240.5069036706564
62,all,R14,High,R14_OUT,0.0,0.05,37933.64776780401,1896.6823883902007,0.0676100628930817,0.4,0.1212121212121212,2548.0,2240.5069036706564
62,all,R15,High,R15_OUT,0.0,0.05,-8397.239629309628,-419.86198146548145,0.0676100628930817,0.4,0.1212121212121212,2548.0,2240.5069036706564
62,all,R16,High,R16_OUT,0.0,0.05,24771.807493922825,1238.5903746961412,0.0676100628930817,0.4,0.1212121212121212,2548.0,2240.5069036706564
62,all,R17,Medium,R17_OUT,0.0,0.05,-825.612938438459,-41.28064692192295,0.0676100628930817,0.4,0.1212121212121212,2548.0,2240.5069036706564
62,all,R18,High,R18_OUT,0.0,0.05,21733.02268163694,1086.651134081847,0.0676100628930817,0.4,0.1212121212121212,2548.0,2240.5069036706564
62,all,R19,High,R19_OUT,0.0,0.05,-1859.6364811258572,-92.98182405629287,0.0676100628930817,0.4,0.1212121212121212,2548.0,2240.5069036706564
62,all,R20,Very_High,R20_OUT,0.0,0.05,-938.8622242598017,-46.94311121299009,0.0676100628930817,0.4,0.1212121212121212,2548.0,2240.5069036706564
63,all,R1,Very_Low,R1_OUT,0.0,0.0,1643.041733268852,0.0,0.0864779874213836,0.8,0.2727272727272727,1155.0,-742.2207320405228
63,all,R2,Low,R2_OUT,0.9230769230769231,0.7868852459016393,-785.2547993074921,-617.9054158485184,0.0864779874213836,0.8,0.2727272727272727,1155.0,-742.2207320405228
63,all,R3,Medium,R3_OUT,0.25000000000000006,0.2131147540983607,-583.3257144394056,-124.3153161920045,0.0864779874213836,0.8,0.2727272727272727,1155.0,-742.2207320405228
63,all,R4,Low,R4_OUT,0.0,0.0,7328.0679047160365,0.0,0.0864779874213836,0.8,0.2727272727272727,1155.0,-742.2207320405228
63,all,R5,Medium,R5_OUT,0.0,0.0,4120.404362897027,0.0,0.0864779874213836,0.8,0.2727272727272727,1155.0,-742.2207320405228
63,all,R6,Medium,R6_OUT,0.0,0.0,-22499.090720034656,-0.0,0.0864779874213836,0.8,0.2727272727272727,1155.0,-742.2207320405228
63,all,R7,Medium,R7_OUT,0.0,0.0,6185.356144792182,0.0,0.0864779874213836,0.8,0.2727272727272727,1155.0,-742.2207320405228
63,all,R8,High,R8_OUT,0.0,0.0,11330.015525984589,0.0,0.0864779874213836,0.8,0.2727272727272727,1155.0,-742.2207320405228
63,all,R9,Low,R9_OUT,0.0,0.0,-4554.245936685543,-0.0,0.0864779874213836,0.8,0.2727272727272727,1155.0,-742.2207320405228
63,all,R10,Medium,R10_OUT,0.0,0.0,1347.0090902677784,0.0,0.0864779874213836,0.8,0.2727272727272727,1155.0,-742.2207320405228
63,all,R11,Medium,R11_OUT,0.0,0.0,11507.296219083233,0.0,0.0864779874213836,0.8,0.2727272727272727,1155.0,-742.2207320405228
63,all,R12,Medium,R12_OUT,0.0,0.0,-6989.932977847039,-0.0,0.0864779874213836,0.8,0.2727272727272727,1155.0,-742.2207320405228
63,all,R13,Medium,R13_OUT,0.0,0.0,-4029.7196097992155,-0.0,0.0864779874213836,0.8,0.2727272727272727,1155.0,-742.2207320405228
63,all,R14,High,R14_OUT,0.0,0.0,35706.546427970825,0.0,0.0864779874213836,0.8,0.2727272727272727,1155.0,-742.2207320405228
63,all,R15,High,R15_OUT,0.0,0.0,2732.9671872545478,0.0,0.0864779874213836,0.8,0.2727272727272727,1155.0,-742.2207320405228
63,all,R16,High,R16_OUT,0.0,0.0,19248.419943804365,0.0,0.0864779874213836,0.8,0.2727272727272727,1155.0,-742.2207320405228
63,all,R17,Medium,R17_OUT,0.0,0.0,-11.704567678905732,-0.0,0.0864779874213836,0.8,0.2727272727272727,1155.0,-742.2207320405228
63,all,R18,High,R18_OUT,0.0,0.0,25895.168609786648,0.0,0.0864779874213836,0.8,0.2727272727272727,1155.0,-742.2207320405228
63,all,R19,High,R19_OUT,0.0,0.0,-5092.65899913062,-0.0,0.0864779874213836,0.8,0.2727272727272727,1155.0,-742.2207320405228
63,all,R20,Very_High,R20_OUT,0.0,0.0,2354.9048490685564,0.0,0.0864779874213836,0.8,0.2727272727272727,1155.0,-742.2207320405228
64,all,R1,Very_Low,R1_OUT,0.0,0.05,-4800.694486436112,-240.0347243218056,0.0581761006289308,0.2,0.1515151515151515,546.0,561.5902397168893
64,all,R2,Low,R2_OUT,0.0,0.05,-13771.828814812705,-688.5914407406353,0.0581761006289308,0.2,0.1515151515151515,546.0,561.5902397168893
64,all,R3,Medium,R3_OUT,0.0,0.05,-8422.405124784618,-421.1202562392309,0.0581761006289308,0.2,0.1515151515151515,546.0,561.5902397168893
64,all,R4,Low,R4_OUT,0.0,0.05,-1030.6905527468434,-51.53452763734217,0.0581761006289308,0.2,0.1515151515151515,546.0,561.5902397168893
64,all,R5,Medium,R5_OUT,0.0,0.05,-2694.1538836412274,-134.70769418206137,0.0581761006289308,0.2,0.1515151515151515,546.0,561.5902397168893
64,all,R6,Medium,R6_OUT,0.0,0.05,-22906.702473514186,-1145.3351236757094,0.0581761006289308,0.2,0.1515151515151515,546.0,561.5902397168893
64,all,R7,Medium,R7_OUT,0.0,0.05,4968.895253553643,248.44476267768215,0.0581761006289308,0.2,0.1515151515151515,546.0,561.5902397168893
64,all,R8,High,R8_OUT,0.0,0.05,5297.311534977904,264.8655767488952,0.0581761006289308,0.2,0.1515151515151515,546.0,561.5902397168893
64,all,R9,Low,R9_OUT,0.0,0.05,-3188.3005009335925,-159.41502504667963,0.0581761006289308,0.2,0.1515151515151515,546.0,561.5902397168893
64,all,R10,Medium,R10_OUT,0.0,0.05,-343.422181749243,-17.171109087462153,0.0581761006289308,0.2,0.1515151515151515,546.0,561.5902397168893
64,all,R11,Medium,R11_OUT,0.0,0.05,22729.783250542332,1136.4891625271166,0.0581761006289308,0.2,0.1515151515151515,546.0,561.5902397168893
64,all,R12,Medium,R12_OUT,0.0,0.05,-11670.613270851809,-583.5306635425904,0.0581761006289308,0.2,0.1515151515151515,546.0,561.5902397168893
64,all,R13,Medium,R13_OUT,0.0,0.05,-9451.010471272899,-472.55052356364496,0.0581761006289308,0.2,0.1515151515151515,546.0,561.5902397168893
64,all,R14,High,R14_OUT,0.0,0.05,27126.52793184358,1356.326396592179,0.0581761006289308,0.2,0.1515151515151515,546.0,561.5902397168893
64,all,R15,High,R15_OUT,0.0,0.05,-7224.227498564662,-361.2113749282331,0.0581761006289308,0.2,0.1515151515151515,546.0,561.5902397168893
64,all,R16,High,R16_OUT,0.0,0.05,28460.193330513754,1423.0096665256879,0.0581761006289308,0.2,0.1515151515151515,546.0,561.5902397168893
64,all,R17,Medium,R17_OUT,0.0,0.05,-5551.121468563282,-277.5560734281641,0.0581761006289308,0.2,0.1515151515151515,546.0,561.5902397168893
64,all,R18,High,R18_OUT,0.0,0.05,15944.36168136473,797.2180840682365,0.0581761006289308,0.2,0.1515151515151515,546.0,561.5902397168893
64,all,R19,High,R19_OUT,0.0,0.05,-431.6098190601077,-21.580490953005388,0.0581761006289308,0.2,0.1515151515151515,546.0,561.5902397168893
64,all,R20,Very_High,R20_OUT,0.0,0.05,-1808.4876415268827,-90.42438207634414,0.0581761006289308,0.2,0.1515151515151515,546.0,561.5902397168893
65,all,R1,Very_Low,R1_OUT,0.0,0.0,4089.7677183844944,0.0,0.1619496855345912,0.6,0.3636363636363636,2275.0,-8698.760162694425
65,all,R2,Low,R2_OUT,0.0,0.0,-3842.889925377419,-0.0,0.1619496855345912,0.6,0.3636363636363636,2275.0,-8698.760162694425
65,all,R3,Medium,R3_OUT,0.0,0.0,-946.057780570899,-0.0,0.1619496855345912,0.6,0.3636363636363636,2275.0,-8698.760162694425
65,all,R4,Low,R4_OUT,0.0,0.0,7608.979268499152,0.0,0.1619496855345912,0.6,0.3636363636363636,2275.0,-8698.760162694425
65,all,R5,Medium,R5_OUT,0.0,0.0,3050.6905120314173,0.0,0.1619496855345912,0.6,0.3636363636363636,2275.0,-8698.760162694425
65,all,R6,Medium,R6_OUT,0.7422680412371131,0.6970643347907554,-21011.9637962853,-14646.690566305047,0.1619496855345912,0.6,0.3636363636363636,2275.0,-8698.760162694425
65,all,R7,Medium,R7_OUT,0.0,0.0,-4023.9797405540667,-0.0,0.1619496855345912,0.6,0.3636363636363636,2275.0,-8698.760162694425
65,all,R8,High,R8_OUT,0.0,0.0,5443.62490651631,0.0,0.1619496855345912,0.6,0.3636363636363636,2275.0,-8698.760162694425
65,all,R9,Low,R9_OUT,0.0,0.0,-2273.180753562299,-0.0,0.1619496855345912,0.6,0.3636363636363636,2275.0,-8698.760162694425
65,all,R10,Medium,R10_OUT,0.0,0.0,4237.478182371277,0.0,0.1619496855345912,0.6,0.3636363636363636,2275.0,-8698.760162694425
65,all,R11,Medium,R11_OUT,0.0,0.0,17829.505459986,0.0,0.1619496855345912,0.6,0.3636363636363636,2275.0,-8698.760162694425
65,all,R12,Medium,R12_OUT,0.0,0.0,-4834.412371681906,-0.0,0.1619496855345912,0.6,0.3636363636363636,2275.0,-8698.760162694425
65,all,R13,Medium,R13_OUT,0.0,0.0,-1602.9809177143143,-0.0,0.1619496855345912,0.6,0.3636363636363636,2275.0,-8698.760162694425
65,all,R14,High,R14_OUT,0.3225806451612907,0.30293566520924453,19634.302218929064,5947.930403610622,0.1619496855345912,0.6,0.3636363636363636,2275.0,-8698.760162694425
65,all,R15,High,R15_OUT,0.0,0.0,10637.707443776686,0.0,0.1619496855345912,0.6,0.3636363636363636,2275.0,-8698.760162694425
65,all,R16,High,R16_OUT,0.0,0.0,12643.571253894428,0.0,0.1619496855345912,0.6,0.3636363636363636,2275.0,-8698.760162694425
65,all,R17,Medium,R17_OUT,0.0,0.0,-7132.944106723693,-0.0,0.1619496855345912,0.6,0.3636363636363636,2275.0,-8698.760162694425
65,all,R18,High,R18_OUT,0.0,0.0,13787.11249225233,0.0,0.1619496855345912,0.6,0.3636363636363636,2275.0,-8698.760162694425
65,all,R19,High,R19_OUT,0.0,0.0,-2765.2700635089304,-0.0,0.1619496855345912,0.6,0.3636363636363636,2275.0,-8698.760162694425
65,all,R20,Very_High,R20_OUT,0.0,0.0,4565.953587061431,0.0,0.1619496855345912,0.6,0.3636363636363636,2275.0,-8698.760162694425
66,all,R1,Very_Low,R1_OUT,0.0,0.05,49801.28667783709,2490.0643338918544,0.9166666666666666,1.0,0.7575757575757576,9100.0,8219.845290145451
66,all,R2,Low,R2_OUT,0.0,0.05,18497.87724913776,924.8938624568881,0.9166666666666666,1.0,0.7575757575757576,9100.0,8219.845290145451
66,all,R3,Medium,R3_OUT,0.0,0.05,23892.698178972314,1194.6349089486157,0.9166666666666666,1.0,0.7575757575757576,9100.0,8219.845290145451
66,all,R4,Low,R4_OUT,0.0,0.05,32503.425349603465,1625.1712674801734,0.9166666666666666,1.0,0.7575757575757576,9100.0,8219.845290145451
66,all,R5,Medium,R5_OUT,0.0,0.05,22173.773585325587,1108.6886792662795,0.9166666666666666,1.0,0.7575757575757576,9100.0,8219.845290145451
66,all,R6,Medium,R6_OUT,0.0,0.05,-3115.1494628187975,-155.75747314093988,0.9166666666666666,1.0,0.7575757575757576,9100.0,8219.845290145451
66,all,R7,Medium,R7_OUT,0.0,0.05,-41713.62213658434,-2085.681106829217,0.9166666666666666,1.0,0.7575757575757576,9100.0,8219.845290145451
66,all,R8,High,R8_OUT,0.0,0.05,-25131.59754131405,-1256.5798770657027,0.9166666666666666,1.0,0.7575757575757576,9100.0,8219.845290145451
66,all,R9,Low,R9_OUT,0.0,0.05,17775.988181003835,888.7994090501918,0.9166666666666666,1.0,0.7575757575757576,9100.0,8219.845290145451
66,all,R10,Medium,R10_OUT,0.0,0.05,28824.507098788137,1441.225354939407,0.9166666666666666,1.0,0.7575757575757576,9100.0,8219.845290145451
66,all,R11,Medium,R11_OUT,0.0,0.05,2846.822425849372,142.3411212924686,0.9166666666666666,1.0,0.7575757575757576,9100.0,8219.845290145451
66,all,R12,Medium,R12_OUT,0.0,0.05,27971.015104565926,1398.5507552282963,0.9166666666666666,1.0,0.7575757575757576,9100.0,8219.845290145451
66,all,R13,Medium,R13_OUT,0.0,0.05,36635.89086603237,1831.7945433016187,0.9166666666666666,1.0,0.7575757575757576,9100.0,8219.845290145451
66,all,R14,High,R14_OUT,0.0,0.05,3564.5776613964117,178.2288830698206,0.9166666666666666,1.0,0.7575757575757576,9100.0,8219.845290145451
66,all,R15,High,R15_OUT,0.0,0.05,62141.24991300426,3107.0624956502134,0.9166666666666666,1.0,0.7575757575757576,9100.0,8219.845290145451
66,all,R16,High,R16_OUT,0.0,0.05,-84559.0276899827,-4227.951384499135,0.9166666666666666,1.0,0.7575757575757576,9100.0,8219.845290145451
66,all,R17,Medium,R17_OUT,0.0,0.05,-15565.892893950364,-778.2946446975183,0.9166666666666666,1.0,0.7575757575757576,9100.0,8219.845290145451
66,all,R18,High,R18_OUT,0.0,0.05,-26931.93116600989,-1346.5965583004945,0.9166666666666666,1.0,0.7575757575757576,9100.0,8219.845290145451
66,all,R19,High,R19_OUT,0.0,0.05,2298.8060478021343,114.94030239010672,0.9166666666666666,1.0,0.7575757575757576,9100.0,8219.845290145451
66,all,R20,Very_High,R20_OUT,0.0,0.05,32486.20835425049,1624.3104177125247,0.9166666666666666,1.0,0.7575757575757576,9100.0,8219.845290145451
67,all,R1,Very_Low,R1_OUT,0.0,0.05,4537.37950155256,226.86897507762802,0.2216981132075471,0.2,0.1515151515151515,595.0,1675.4309999758134
67,all,R2,Low,R2_OUT,0.0,0.05,-10506.281737317091,-525.3140868658546,0.2216981132075471,0.2,0.1515151515151515,595.0,1675.4309999758134
67,all,R3,Medium,R3_OUT,0.0,0.05,-4054.734983363255,-202.73674916816276,0.2216981132075471,0.2,0.1515151515151515,595.0,1675.4309999758134
67,all,R4,Low,R4_OUT,0.0,0.05,2650.6532460898034,132.53266230449017,0.2216981132075471,0.2,0.1515151515151515,595.0,1675.4309999758134
67,all,R5,Medium,R5_OUT,0.0,0.05,897.1383329403702,44.856916647018515,0.2216981132075471,0.2,0.1515151515151515,595.0,1675.4309999758134
67,all,R6,Medium,R6_OUT,0.0,0.05,-18689.796588751546,-934.4898294375773,0.2216981132075471,0.2,0.1515151515151515,595.0,1675.4309999758134
67,all,R7,Medium,R7_OUT,0.0,0.05,332.78995963890884,16.639497981945443,0.2216981132075471,0.2,0.1515151515151515,595.0,1675.4309999758134
67,all,R8,High,R8_OUT,0.0,0.05,-2476.067258339588,-123.80336291697941,0.2216981132075471,0.2,0.1515151515151515,595.0,1675.4309999758134
67,all,R9,Low,R9_OUT,0.0,0.05,1902.7268074994972,95.13634037497486,0.2216981132075471,0.2,0.1515151515151515,595.0,1675.4309999758134
67,all,R10,Medium,R10_OUT,0.0,0.05,4323.811049214084,216.19055246070423,0.2216981132075471,0.2,0.1515151515151515,595.0,1675.4309999758134
67,all,R11,Medium,R11_OUT,0.0,0.05,18542.99057919084,927.149528959542,0.2216981132075471,0.2,0.1515151515151515,595.0,1675.4309999758134
67,all,R12,Medium,R12_OUT,0.0,0.05,-5286.369448939506,-264.3184724469753,0.2216981132075471,0.2,0.1515151515151515,595.0,1675.4309999758134
67,all,R13,Medium,R13_OUT,0.0,0.05,-1931.1287556103634,-96.55643778051818,0.2216981132075471,0.2,0.1515151515151515,595.0,1675.4309999758134
67,all,R14,High,R14_OUT,0.0,0.05,30105.333188038378,1505.266659401919,0.2216981132075471,0.2,0.1515151515151515,595.0,1675.4309999758134
67,all,R15,High,R15_OUT,0.0,0.05,-1674.9100082722507,-83.74550041361255,0.2216981132075471,0.2,0.1515151515151515,595.0,1675.4309999758134
67,all,R16,High,R16_OUT,0.0,0.05,7616.334513344937,380.8167256672468,0.2216981132075471,0.2,0.1515151515151515,595.0,1675.4309999758134
67,all,R17,Medium,R17_OUT,0.0,0.05,-5412.427201578608,-270.6213600789304,0.2216981132075471,0.2,0.1515151515151515,595.0,1675.4309999758134
67,all,R18,High,R18_OUT,0.0,0.05,7853.983315468675,392.6991657734338,0.2216981132075471,0.2,0.1515151515151515,595.0,1675.4309999758134
67,all,R19,High,R19_OUT,0.0,0.05,1507.9280843112224,75.39640421556112,0.2216981132075471,0.2,0.1515151515151515,595.0,1675.4309999758134
67,all,R20,Very_High,R20_OUT,0.0,0.05,3269.26740439919,163.46337021995953,0.2216981132075471,0.2,0.1515151515151515,595.0,1675.4309999758134
68,all,R1,Very_Low,R1_OUT,0.0,0.0,7370.762495532969,0.0,0.2877358490566037,0.2,0.6363636363636364,3941.0,3940.8033176778627
68,all,R2,Low,R2_OUT,0.0,0.0,-10754.332556915037,-0.0,0.2877358490566037,0.2,0.6363636363636364,3941.0,3940.8033176778627
68,all,R3,Medium,R3_OUT,0.0,0.0,-2355.610312255337,-0.0,0.2877358490566037,0.2,0.6363636363636364,3941.0,3940.8033176778627
68,all,R4,Low,R4_OUT,0.0,0.0,8404.539480412113,0.0,0.2877358490566037,0.2,0.6363636363636364,3941.0,3940.8033176778627
68,all,R5,Medium,R5_OUT,0.0,0.0,-100.17712298227661,-0.0,0.2877358490566037,0.2,0.6363636363636364,3941.0,3940.8033176778627
68,all,R6,Medium,R6_OUT,0.0,0.0,-19078.691469726138,-0.0,0.2877358490566037,0.2,0.6363636363636364,3941.0,3940.8033176778627
68,all,R7,Medium,R7_OUT,0.0,0.0,-28850.15559160221,-0.0,0.2877358490566037,0.2,0.6363636363636364,3941.0,3940.8033176778627
68,all,R8,High,R8_OUT,0.0,0.0,-5022.006252587307,-0.0,0.2877358490566037,0.2,0.6363636363636364,3941.0,3940.8033176778627
68,all,R9,Low,R9_OUT,0.0,0.0,939.6368045452637,0.0,0.2877358490566037,0.2,0.6363636363636364,3941.0,3940.8033176778627
68,all,R10,Medium,R10_OUT,0.0,0.0,10013.855541718536,0.0,0.2877358490566037,0.2,0.6363636363636364,3941.0,3940.8033176778627
68,all,R11,Medium,R11_OUT,0.0,0.0,34410.17099030315,0.0,0.2877358490566037,0.2,0.6363636363636364,3941.0,3940.8033176778627
68,all,R12,Medium,R12_OUT,0.0,0.0,-1228.0499120284858,-0.0,0.2877358490566037,0.2,0.6363636363636364,3941.0,3940.8033176778627
68,all,R13,Medium,R13_OUT,0.0,0.0,2321.555825850053,0.0,0.2877358490566037,0.2,0.6363636363636364,3941.0,3940.8033176778627
68,all,R14,High,R14_OUT,0.0,0.0,-23186.181507342742,-0.0,0.2877358490566037,0.2,0.6363636363636364,3941.0,3940.8033176778627
68,all,R15,High,R15_OUT,0.0,0.0,31368.97440934863,0.0,0.2877358490566037,0.2,0.6363636363636364,3941.0,3940.8033176778627
68,all,R16,High,R16_OUT,1.0,0.906976744186047,3434.9288657211328,3115.4005991424247,0.2877358490566037,0.2,0.6363636363636364,3941.0,3940.8033176778627
68,all,R17,Medium,R17_OUT,0.0,0.0,-25098.37877413084,-0.0,0.2877358490566037,0.2,0.6363636363636364,3941.0,3940.8033176778627
68,all,R18,High,R18_OUT,0.0,0.0,-12362.258750517925,-0.0,0.2877358490566037,0.2,0.6363636363636364,3941.0,3940.8033176778627
68,all,R19,High,R19_OUT,0.0,0.0,1429.5591351162466,0.0,0.2877358490566037,0.2,0.6363636363636364,3941.0,3940.8033176778627
68,all,R20,Very_High,R20_OUT,0.10256410256410206,0.09302325581395308,8873.079224256062,825.402718535444,0.2877358490566037,0.2,0.6363636363636364,3941.0,3940.8033176778627
69,all,R1,Very_Low,R1_OUT,0.0,0.0,29880.529710346535,0.0,0.5534591194968553,1.0,0.3333333333333333,1400.0,1400.26318047733
69,all,R2,Low,R2_OUT,0.0,0.0,12615.570564329008,0.0,0.5534591194968553,1.0,0.3333333333333333,1400.0,1400.26318047733
69,all,R3,Medium,R3_OUT,0.0,0.0,14248.080197800002,0.0,0.5534591194968553,1.0,0.3333333333333333,1400.0,1400.26318047733
69,all,R4,Low,R4_OUT,0.0,0.0,20592.803424148187,0.0,0.5534591194968553,1.0,0.3333333333333333,1400.0,1400.26318047733
69,all,R5,Medium,R5_OUT,0.0,0.0,16338.650445113904,0.0,0.5534591194968553,1.0,0.3333333333333333,1400.0,1400.26318047733
69,all,R6,Medium,R6_OUT,0.0,0.0,-10651.154596919327,-0.0,0.5534591194968553,1.0,0.3333333333333333,1400.0,1400.26318047733
69,all,R7,Medium,R7_OUT,0.0,0.0,-7519.280804797043,-0.0,0.5534591194968553,1.0,0.3333333333333333,1400.0,1400.26318047733
69,all,R8,High,R8_OUT,0.0,0.0,-8384.873704021116,-0.0,0.5534591194968553,1.0,0.3333333333333333,1400.0,1400.26318047733
69,all,R9,Low,R9_OUT,0.0,0.0,9109.729869520252,0.0,0.5534591194968553,1.0,0.3333333333333333,1400.0,1400.26318047733
69,all,R10,Medium,R10_OUT,0.0,0.0,15128.313791744564,0.0,0.5534591194968553,1.0,0.3333333333333333,1400.0,1400.26318047733
69,all,R11,Medium,R11_OUT,0.0,0.0,-3216.9173914697913,-0.0,0.5534591194968553,1.0,0.3333333333333333,1400.0,1400.26318047733
69,all,R12,Medium,R12_OUT,0.0,0.0,12495.568563552773,0.0,0.5534591194968553,1.0,0.3333333333333333,1400.0,1400.26318047733
69,all,R13,Medium,R13_OUT,0.0,0.0,18869.243556605965,0.0,0.5534591194968553,1.0,0.3333333333333333,1400.0,1400.26318047733
69,all,R14,High,R14_OUT,0.0,0.0,44630.87493316413,0.0,0.5534591194968553,1.0,0.3333333333333333,1400.0,1400.26318047733
69,all,R15,High,R15_OUT,0.0,0.0,22862.899869804263,0.0,0.5534591194968553,1.0,0.3333333333333333,1400.0,1400.26318047733
69,all,R16,High,R16_OUT,0.0,0.0,-41968.378755667225,-0.0,0.5534591194968553,1.0,0.3333333333333333,1400.0,1400.26318047733
69,all,R17,Medium,R17_OUT,0.30769230769230754,1.0,1400.26318047733,1400.26318047733,0.5534591194968553,1.0,0.3333333333333333,1400.0,1400.26318047733
69,all,R18,High,R18_OUT,0.0,0.0,5868.39600302944,0.0,0.5534591194968553,1.0,0.3333333333333333,1400.0,1400.26318047733
69,all,R19,High,R19_OUT,0.0,0.0,-1255.2676382857326,-0.0,0.5534591194968553,1.0,0.3333333333333333,1400.0,1400.26318047733
69,all,R20,Very_High,R20_OUT,0.0,0.0,18098.700726576302,0.0,0.5534591194968553,1.0,0.3333333333333333,1400.0,1400.26318047733
70,all,R1,Very_Low,R1_OUT,0.0,0.0,19375.196473859272,0.0,0.3694968553459119,1.0,0.3333333333333333,2800.0,2800.5037674061177
70,all,R2,Low,R2_OUT,0.0,0.0,8941.830102146441,0.0,0.3694968553459119,1.0,0.3333333333333333,2800.0,2800.5037674061177
70,all,R3,Medium,R3_OUT,0.0,0.0,9334.451288700966,0.0,0.3694968553459119,1.0,0.3333333333333333,2800.0,2800.5037674061177
70,all,R4,Low,R4_OUT,0.0,0.0,16451.29165045696,0.0,0.3694968553459119,1.0,0.3333333333333333,2800.0,2800.5037674061177
70,all,R5,Medium,R5_OUT,0.0,0.0,12298.446701459607,0.0,0.3694968553459119,1.0,0.3333333333333333,2800.0,2800.5037674061177
70,all,R6,Medium,R6_OUT,0.0,0.0,-15395.173717277297,-0.0,0.3694968553459119,1.0,0.3333333333333333,2800.0,2800.5037674061177
70,all,R7,Medium,R7_OUT,0.0,0.0,-2303.6623491429673,-0.0,0.3694968553459119,1.0,0.3333333333333333,2800.0,2800.5037674061177
70,all,R8,High,R8_OUT,0.0,0.0,360.1774384610653,0.0,0.3694968553459119,1.0,0.3333333333333333,2800.0,2800.5037674061177
70,all,R9,Low,R9_OUT,0.0,0.0,3382.3241475330224,0.0,0.3694968553459119,1.0,0.3333333333333333,2800.0,2800.5037674061177
70,all,R10,Medium,R10_OUT,0.09467455621301786,0.16842105263157905,9877.676406910818,1663.6086580060335,0.3694968553459119,1.0,0.3333333333333333,2800.0,2800.5037674061177
70,all,R11,Medium,R11_OUT,0.23076923076923123,0.41052631578947424,1493.2243638006385,613.0078967181577,0.3694968553459119,1.0,0.3333333333333333,2800.0,2800.5037674061177
70,all,R12,Medium,R12_OUT,0.0,0.0,5313.294263901431,0.0,0.3694968553459119,1.0,0.3333333333333333,2800.0,2800.5037674061177
70,all,R13,Medium,R13_OUT,0.0,0.0,10409.376626485611,0.0,0.3694968553459119,1.0,0.3333333333333333,2800.0,2800.5037674061177
70,all,R14,High,R14_OUT,0.0,0.0,41279.71901994498,0.0,0.3694968553459119,1.0,0.3333333333333333,2800.0,2800.5037674061177
70,all,R15,High,R15_OUT,0.0,0.0,16619.917693225296,0.0,0.3694968553459119,1.0,0.3333333333333333,2800.0,2800.5037674061177
70,all,R16,High,R16_OUT,0.0,0.0,-18519.037586352293,-0.0,0.3694968553459119,1.0,0.3333333333333333,2800.0,2800.5037674061177
70,all,R17,Medium,R17_OUT,0.23668639053254414,0.42105263157894673,1244.2321301195734,523.8872126819249,0.3694968553459119,1.0,0.3333333333333333,2800.0,2800.5037674061177
70,all,R18,High,R18_OUT,0.0,0.0,14970.0716646625,0.0,0.3694968553459119,1.0,0.3333333333333333,2800.0,2800.5037674061177
70,all,R19,High,R19_OUT,0.0,0.0,-3437.24777957848,-0.0,0.3694968553459119,1.0,0.3333333333333333,2800.0,2800.5037674061177
70,all,R20,Very_High,R20_OUT,0.0,0.0,12386.226299909467,0.0,0.3694968553459119,1.0,0.3333333333333333,2800.0,2800.5037674061177
71,all,R1,Very_Low,R1_OUT,0.0,0.05,47404.41011871701,2370.2205059358507,0.8726415094339622,1.0,0.696969696969697,9520.0,8307.301370568814
71,all,R2,Low,R2_OUT,0.0,0.05,17814.545178385335,890.7272589192668,0.8726415094339622,1.0,0.696969696969697,9520.0,8307.301370568814
71,all,R3,Medium,R3_OUT,0.0,0.05,22724.879751647903,1136.2439875823952,0.8726415094339622,1.0,0.696969696969697,9520.0,8307.301370568814
71,all,R4,Low,R4_OUT,0.0,0.05,30978.895614317662,1548.944780715883,0.8726415094339622,1.0,0.696969696969697,9520.0,8307.301370568814
71,all,R5,Medium,R5_OUT,0.0,0.05,21512.842844938692,1075.6421422469346,0.8726415094339622,1.0,0.696969696969697,9520.0,8307.301370568814
71,all,R6,Medium,R6_OUT,0.0,0.05,-3988.9857649888,-199.44928824944,0.8726415094339622,1.0,0.696969696969697,9520.0,8307.301370568814
71,all,R7,Medium,R7_OUT,0.0,0.05,-37051.60590963536,-1852.580295481768,0.8726415094339622,1.0,0.696969696969697,9520.0,8307.301370568814
71,all,R8,High,R8_OUT,0.0,0.05,-23112.928555994888,-1155.6464277997445,0.8726415094339622,1.0,0.696969696969697,9520.0,8307.301370568814
71,all,R9,Low,R9_OUT,0.0,0.05,16782.712207653374,839.1356103826688,0.8726415094339622,1.0,0.696969696969697,9520.0,8307.301370568814
71,all,R10,Medium,R10_OUT,0.0,0.05,27092.294267951853,1354.6147133975928,0.8726415094339622,1.0,0.696969696969697,9520.0,8307.301370568814
71,all,R11,Medium,R11_OUT,0.0,0.05,1779.2857713184749,88.96428856592375,0.8726415094339622,1.0,0.696969696969697,9520.0,8307.301370568814
71,all,R12,Medium,R12_OUT,0.0,0.05,26067.17182640873,1303.3585913204365,0.8726415094339622,1.0,0.696969696969697,9520.0,8307.301370568814
71,all,R13,Medium,R13_OUT,0.0,0.05,34459.33116804864,1722.966558402432,0.8726415094339622,1.0,0.696969696969697,9520.0,8307.301370568814
71,all,R14,High,R14_OUT,0.0,0.05,9574.403348526437,478.7201674263219,0.8726415094339622,1.0,0.696969696969697,9520.0,8307.301370568814
71,all,R15,High,R15_OUT,0.0,0.05,56796.8511598002,2839.8425579900104,0.8726415094339622,1.0,0.696969696969697,9520.0,8307.301370568814
71,all,R16,High,R16_OUT,0.0,0.05,-79476.75786777405,-3973.837893388703,0.8726415094339622,1.0,0.696969696969697,9520.0,8307.301370568814
71,all,R17,Medium,R17_OUT,0.0,0.05,-13135.488318284235,-656.7744159142118,0.8726415094339622,1.0,0.696969696969697,9520.0,8307.301370568814
71,all,R18,High,R18_OUT,0.0,0.05,-22635.130640221803,-1131.7565320110903,0.8726415094339622,1.0,0.696969696969697,9520.0,8307.301370568814
71,all,R19,High,R19_OUT,0.0,0.05,1884.3282500890273,94.21641250445137,0.8726415094339622,1.0,0.696969696969697,9520.0,8307.301370568814
71,all,R20,Very_High,R20_OUT,0.0,0.05,30674.972960472052,1533.7486480236028,0.8726415094339622,1.0,0.696969696969697,9520.0,8307.301370568814
72,all,R1,Very_Low,R1_OUT,0.0,0.0,55290.8656584311,0.0,0.9984276729559748,1.0,0.3333333333333333,5880.0,1777.6716185221612
72,all,R2,Low,R2_OUT,0.0,0.0,21501.62655405265,0.0,0.9984276729559748,1.0,0.3333333333333333,5880.0,1777.6716185221612
72,all,R3,Medium,R3_OUT,0.0,0.0,26133.182601860062,0.0,0.9984276729559748,1.0,0.3333333333333333,5880.0,1777.6716185221612
72,all,R4,Low,R4_OUT,0.0,0.0,30610.306261367143,0.0,0.9984276729559748,1.0,0.3333333333333333,5880.0,1777.6716185221612
72,all,R5,Medium,R5_OUT,0.0,0.0,26111.109072927295,0.0,0.9984276729559748,1.0,0.3333333333333333,5880.0,1777.6716185221612
72,all,R6,Medium,R6_OUT,0.0,0.0,823.6950702713184,0.0,0.9984276729559748,1.0,0.3333333333333333,5880.0,1777.6716185221612
72,all,R7,Medium,R7_OUT,0.0,0.0,-20134.83655650732,-0.0,0.9984276729559748,1.0,0.3333333333333333,5880.0,1777.6716185221612
72,all,R8,High,R8_OUT,0.0,0.0,-29537.433305067756,-0.0,0.9984276729559748,1.0,0.3333333333333333,5880.0,1777.6716185221612
72,all,R9,Low,R9_OUT,0.0,0.0,22963.19841073722,0.0,0.9984276729559748,1.0,0.3333333333333333,5880.0,1777.6716185221612
72,all,R10,Medium,R10_OUT,0.0,0.0,27828.573449077467,0.0,0.9984276729559748,1.0,0.3333333333333333,5880.0,1777.6716185221612
72,all,R11,Medium,R11_OUT,0.0,0.0,-14609.82437216664,-0.0,0.9984276729559748,1.0,0.3333333333333333,5880.0,1777.6716185221612
72,all,R12,Medium,R12_OUT,0.0,0.0,29868.078194333368,0.0,0.9984276729559748,1.0,0.3333333333333333,5880.0,1777.6716185221612
72,all,R13,Medium,R13_OUT,0.0,0.0,39331.99860980306,0.0,0.9984276729559748,1.0,0.3333333333333333,5880.0,1777.6716185221612
72,all,R14,High,R14_OUT,0.0,0.0,52736.66231300191,0.0,0.9984276729559748,1.0,0.3333333333333333,5880.0,1777.6716185221612
72,all,R15,High,R15_OUT,0.0,0.0,37963.44650204227,0.0,0.9984276729559748,1.0,0.3333333333333333,5880.0,1777.6716185221612
72,all,R16,High,R16_OUT,0.0,0.0,-98687.72534469393,-0.0,0.9984276729559748,1.0,0.3333333333333333,5880.0,1777.6716185221612
72,all,R17,Medium,R17_OUT,0.30769230769230754,1.0,1777.6716185221612,1777.6716185221612,0.9984276729559748,1.0,0.3333333333333333,5880.0,1777.6716185221612
72,all,R18,High,R18_OUT,0.0,0.0,-16146.76820416849,-0.0,0.9984276729559748,1.0,0.3333333333333333,5880.0,1777.6716185221612
72,all,R19,High,R19_OUT,0.0,0.0,4022.5133872343304,0.0,0.9984276729559748,1.0,0.3333333333333333,5880.0,1777.6716185221612
72,all,R20,Very_High,R20_OUT,0.0,0.0,31916.05339962514,0.0,0.9984276729559748,1.0,0.3333333333333333,5880.0,1777.6716185221612
