sample_index,split,rule_id,original_label,sugeno_output,firing_strength,normalized_firing_strength,rule_output,rule_contribution,PointsAjust,TeamExp,Length,actual,predicted
0,all,R1,Very_Low,R1_OUT,0.0,0.0,14759.800845115635,0.0,0.3773584905660377,0.4,0.3333333333333333,5152.0,8573.321853912024
0,all,R2,Low,R2_OUT,0.0,0.0,13880.627794695347,0.0,0.3773584905660377,0.4,0.3333333333333333,5152.0,8573.321853912024
0,all,R3,Low,R3_OUT,0.0,0.0,-3607.2741904212266,-0.0,0.3773584905660377,0.4,0.3333333333333333,5152.0,8573.321853912024
0,all,R4,Low,R4_OUT,0.0,0.0,3684.76065605165,0.0,0.3773584905660377,0.4,0.3333333333333333,5152.0,8573.321853912024
0,all,R5,Medium,R5_OUT,0.0,0.0,-6105.00614279226,-0.0,0.3773584905660377,0.4,0.3333333333333333,5152.0,8573.321853912024
0,all,R6,Medium,R6_OUT,0.0,0.0,-987.799704029283,-0.0,0.3773584905660377,0.4,0.3333333333333333,5152.0,8573.321853912024
0,all,R7,Medium,R7_OUT,0.0,0.0,10485.658379781411,0.0,0.3773584905660377,0.4,0.3333333333333333,5152.0,8573.321853912024
0,all,R8,Medium,R8_OUT,0.0,0.0,22231.93269757065,0.0,0.3773584905660377,0.4,0.3333333333333333,5152.0,8573.321853912024
0,all,R9,High,R9_OUT,0.0,0.0,-52016.3830296795,-0.0,0.3773584905660377,0.4,0.3333333333333333,5152.0,8573.321853912024
0,all,R10,High,R10_OUT,0.0,0.0,22424.69683634499,0.0,0.3773584905660377,0.4,0.3333333333333333,5152.0,8573.321853912024
0,all,R11,Medium,R11_OUT,0.0,0.0,12131.766557292987,0.0,0.3773584905660377,0.4,0.3333333333333333,5152.0,8573.321853912024
0,all,R12,Medium,R12_OUT,0.0,0.0,5658.158303291905,0.0,0.3773584905660377,0.4,0.3333333333333333,5152.0,8573.321853912024
0,all,R13,High,R13_OUT,0.0,0.0,3481.2505904111813,0.0,0.3773584905660377,0.4,0.3333333333333333,5152.0,8573.321853912024
0,all,R14,High,R14_OUT,0.0,0.0,-3173.841264620025,-0.0,0.3773584905660377,0.4,0.3333333333333333,5152.0,8573.321853912024
0,all,R15,High,R15_OUT,0.013888888888888909,0.5302019597920598,16773.40614358676,8893.292809717876,0.3773584905660377,0.4,0.3333333333333333,5152.0,8573.321853912024
0,all,R16,High,R16_OUT,0.0,0.0,36476.622765566746,0.0,0.3773584905660377,0.4,0.3333333333333333,5152.0,8573.321853912024
0,all,R17,High,R17_OUT,0.0,0.0,11997.901326104857,0.0,0.3773584905660377,0.4,0.3333333333333333,5152.0,8573.321853912024
0,all,R18,Very_High,R18_OUT,0.0,0.0,354.41694933889084,0.0,0.3773584905660377,0.4,0.3333333333333333,5152.0,8573.321853912024
0,all,R19,Very_High,R19_OUT,0.006666666666666681,0.25449694070018886,-9596.344416265998,-2442.240295845036,0.3773584905660377,0.4,0.3333333333333333,5152.0,8573.321853912024
0,all,R20,Very_High,R20_OUT,0.005639913232104119,0.2153010995077514,9857.2155223145,2122.269340039186,0.3773584905660377,0.4,0.3333333333333333,5152.0,8573.321853912024
1,all,R1,Very_Low,R1_OUT,0.0,0.05,14709.322513808635,735.4661256904318,0.3977987421383648,0.2,0.0909090909090909,5635.0,5524.770888272652
1,all,R2,Low,R2_OUT,0.0,0.05,13464.24777410137,673.2123887050685,0.3977987421383648,0.2,0.0909090909090909,5635.0,5524.770888272652
1,all,R3,Low,R3_OUT,0.0,0.05,-4827.5509914015465,-241.37754957007735,0.3977987421383648,0.2,0.0909090909090909,5635.0,5524.770888272652
1,all,R4,Low,R4_OUT,0.0,0.05,6230.921200978627,311.5460600489314,0.3977987421383648,0.2,0.0909090909090909,5635.0,5524.770888272652
1,all,R5,Medium,R5_OUT,0.0,0.05,2611.0326905566844,130.55163452783424,0.3977987421383648,0.2,0.0909090909090909,5635.0,5524.770888272652
1,all,R6,Medium,R6_OUT,0.0,0.05,353.48502697249205,17.674251348624605,0.3977987421383648,0.2,0.0909090909090909,5635.0,5524.770888272652
1,all,R7,Medium,R7_OUT,0.0,0.05,12444.07035553039,622.2035177765196,0.3977987421383648,0.2,0.0909090909090909,5635.0,5524.770888272652
1,all,R8,Medium,R8_OUT,0.0,0.05,23980.75706000332,1199.037853000166,0.3977987421383648,0.2,0.0909090909090909,5635.0,5524.770888272652
1,all,R9,High,R9_OUT,0.0,0.05,-17669.816909759815,-883.4908454879908,0.3977987421383648,0.2,0.0909090909090909,5635.0,5524.770888272652
1,all,R10,High,R10_OUT,0.0,0.05,2310.7477728560552,115.53738864280277,0.3977987421383648,0.2,0.0909090909090909,5635.0,5524.770888272652
1,all,R11,Medium,R11_OUT,0.0,0.05,13440.916314125041,672.0458157062521,0.3977987421383648,0.2,0.0909090909090909,5635.0,5524.770888272652
1,all,R12,Medium,R12_OUT,0.0,0.05,7184.513205545113,359.22566027725566,0.3977987421383648,0.2,0.0909090909090909,5635.0,5524.770888272652
1,all,R13,High,R13_OUT,0.0,0.05,3377.007381289093,168.85036906445464,0.3977987421383648,0.2,0.0909090909090909,5635.0,5524.770888272652
1,all,R14,High,R14_OUT,0.0,0.05,3885.586504434665,194.27932522173327,0.3977987421383648,0.2,0.0909090909090909,5635.0,5524.770888272652
1,all,R15,High,R15_OUT,0.0,0.05,-14539.20026413469,-726.9600132067345,0.3977987421383648,0.2,0.0909090909090909,5635.0,5524.770888272652
1,all,R16,High,R16_OUT,0.0,0.05,31174.76157438101,1558.7380787190505,0.3977987421383648,0.2,0.0909090909090909,5635.0,5524.770888272652
1,all,R17,High,R17_OUT,0.0,0.05,6822.2679660725535,341.1133983036277,0.3977987421383648,0.2,0.0909090909090909,5635.0,5524.770888272652
1,all,R18,Very_High,R18_OUT,0.0,0.05,4255.947240990321,212.79736204951607,0.3977987421383648,0.2,0.0909090909090909,5635.0,5524.770888272652
1,all,R19,Very_High,R19_OUT,0.0,0.05,-9532.412892540127,-476.6206446270064,0.3977987421383648,0.2,0.0909090909090909,5635.0,5524.770888272652
1,all,R20,Very_High,R20_OUT,0.0,0.05,10818.814241643857,540.9407120821928,0.3977987421383648,0.2,0.0909090909090909,5635.0,5524.770888272652
2,all,R1,Very_Low,R1_OUT,0.88,1.0,805.0534974797981,805.0534974797981,0.0330188679245283,1.0,0.0,805.0,805.0534974797981
2,all,R2,Low,R2_OUT,0.0,0.0,7753.0081820324785,0.0,0.0330188679245283,1.0,0.0,805.0,805.0534974797981
2,all,R3,Low,R3_OUT,0.0,0.0,4393.878212743996,0.0,0.0330188679245283,1.0,0.0,805.0,805.0534974797981
2,all,R4,Low,R4_OUT,0.0,0.0,-2169.0650644314264,-0.0,0.0330188679245283,1.0,0.0,805.0,805.0534974797981
2,all,R5,Medium,R5_OUT,0.0,0.0,9847.97627927176,0.0,0.0330188679245283,1.0,0.0,805.0,805.0534974797981
2,all,R6,Medium,R6_OUT,0.0,0.0,-11927.589744323834,-0.0,0.0330188679245283,1.0,0.0,805.0,805.0534974797981
2,all,R7,Medium,R7_OUT,0.0,0.0,3055.4958592758776,0.0,0.0330188679245283,1.0,0.0,805.0,805.0534974797981
2,all,R8,Medium,R8_OUT,0.0,0.0,-9891.640524371354,-0.0,0.0330188679245283,1.0,0.0,805.0,805.0534974797981
2,all,R9,High,R9_OUT,0.0,0.0,64485.742433683365,0.0,0.0330188679245283,1.0,0.0,805.0,805.0534974797981
2,all,R10,High,R10_OUT,0.0,0.0,-2403.69654010021,-0.0,0.0330188679245283,1.0,0.0,805.0,805.0534974797981
2,all,R11,Medium,R11_OUT,0.0,0.0,-16616.53741292846,-0.0,0.0330188679245283,1.0,0.0,805.0,805.0534974797981
2,all,R12,Medium,R12_OUT,0.0,0.0,-128.98268056222548,-0.0,0.0330188679245283,1.0,0.0,805.0,805.0534974797981
2,all,R13,High,R13_OUT,0.0,0.0,4439.627600136096,0.0,0.0330188679245283,1.0,0.0,805.0,805.0534974797981
2,all,R14,High,R14_OUT,0.0,0.0,14470.430164357414,0.0,0.0330188679245283,1.0,0.0,805.0,805.0534974797981
2,all,R15,High,R15_OUT,0.0,0.0,-15151.487031306353,-0.0,0.0330188679245283,1.0,0.0,805.0,805.0534974797981
2,all,R16,High,R16_OUT,0.0,0.0,49124.85386530996,0.0,0.0330188679245283,1.0,0.0,805.0,805.0534974797981
2,all,R17,High,R17_OUT,0.0,0.0,-66.46092781306697,-0.0,0.0330188679245283,1.0,0.0,805.0,805.0534974797981
2,all,R18,Very_High,R18_OUT,0.0,0.0,29024.399473310903,0.0,0.0330188679245283,1.0,0.0,805.0,805.0534974797981
2,all,R19,Very_High,R19_OUT,0.0,0.0,-10597.612265279084,-0.0,0.0330188679245283,1.0,0.0,805.0,805.0534974797981
2,all,R20,Very_High,R20_OUT,0.0,0.0,3496.890006379236,0.0,0.0330188679245283,1.0,0.0,805.0,805.0534974797981
3,all,R1,Very_Low,R1_OUT,0.0,0.0,13573.539594894672,0.0,0.3789308176100629,0.2,0.1212121212121212,3829.0,3829.8341541223417
3,all,R2,Low,R2_OUT,0.0,0.0,12990.95551689327,0.0,0.3789308176100629,0.2,0.1212121212121212,3829.0,3829.8341541223417
3,all,R3,Low,R3_OUT,0.0,0.0,-5310.422307969999,-0.0,0.3789308176100629,0.2,0.1212121212121212,3829.0,3829.8341541223417
3,all,R4,Low,R4_OUT,0.0,0.0,5520.672757267089,0.0,0.3789308176100629,0.2,0.1212121212121212,3829.0,3829.8341541223417
3,all,R5,Medium,R5_OUT,0.0,0.0,1433.9740912409043,0.0,0.3789308176100629,0.2,0.1212121212121212,3829.0,3829.8341541223417
3,all,R6,Medium,R6_OUT,0.0,0.0,-187.21283982989917,-0.0,0.3789308176100629,0.2,0.1212121212121212,3829.0,3829.8341541223417
3,all,R7,Medium,R7_OUT,0.0,0.0,11591.600155817654,0.0,0.3789308176100629,0.2,0.1212121212121212,3829.0,3829.8341541223417
3,all,R8,Medium,R8_OUT,0.0,0.0,24166.009756588814,0.0,0.3789308176100629,0.2,0.1212121212121212,3829.0,3829.8341541223417
3,all,R9,High,R9_OUT,0.0,0.0,-20289.07498821024,-0.0,0.3789308176100629,0.2,0.1212121212121212,3829.0,3829.8341541223417
3,all,R10,High,R10_OUT,0.05128205128205125,1.0,3829.8341541223417,3829.8341541223417,0.3789308176100629,0.2,0.1212121212121212,3829.0,3829.8341541223417
3,all,R11,Medium,R11_OUT,0.0,0.0,12270.707832448605,0.0,0.3789308176100629,0.2,0.1212121212121212,3829.0,3829.8341541223417
3,all,R12,Medium,R12_OUT,0.0,0.0,6552.940674233915,0.0,0.3789308176100629,0.2,0.1212121212121212,3829.0,3829.8341541223417
3,all,R13,High,R13_OUT,0.0,0.0,3219.10235990845,0.0,0.3789308176100629,0.2,0.1212121212121212,3829.0,3829.8341541223417
3,all,R14,High,R14_OUT,0.0,0.0,2830.643938414938,0.0,0.3789308176100629,0.2,0.1212121212121212,3829.0,3829.8341541223417
3,all,R15,High,R15_OUT,0.0,0.0,-9996.95511679047,-0.0,0.3789308176100629,0.2,0.1212121212121212,3829.0,3829.8341541223417
3,all,R16,High,R16_OUT,0.0,0.0,31699.92414683796,0.0,0.3789308176100629,0.2,0.1212121212121212,3829.0,3829.8341541223417
3,all,R17,High,R17_OUT,0.0,0.0,8361.748570964544,0.0,0.3789308176100629,0.2,0.1212121212121212,3829.0,3829.8341541223417
3,all,R18,Very_High,R18_OUT,0.0,0.0,3957.10200592818,0.0,0.3789308176100629,0.2,0.1212121212121212,3829.0,3829.8341541223417
3,all,R19,Very_High,R19_OUT,0.0,0.0,-8136.79272607233,-0.0,0.3789308176100629,0.2,0.1212121212121212,3829.0,3829.8341541223417
3,all,R20,Very_High,R20_OUT,0.0,0.0,10228.77589496702,0.0,0.3789308176100629,0.2,0.1212121212121212,3829.0,3829.8341541223417
4,all,R1,Very_Low,R1_OUT,0.0,0.0,5104.541610676344,0.0,0.2295597484276729,0.2,0.0909090909090909,2149.0,-2216.9365890573426
4,all,R2,Low,R2_OUT,0.0,0.0,9194.593126751497,0.0,0.2295597484276729,0.2,0.0909090909090909,2149.0,-2216.9365890573426
4,all,R3,Low,R3_OUT,0.0,0.0,-7067.448702276313,-0.0,0.2295597484276729,0.2,0.0909090909090909,2149.0,-2216.9365890573426
4,all,R4,Low,R4_OUT,0.0,0.0,2116.0508028622235,0.0,0.2295597484276729,0.2,0.0909090909090909,2149.0,-2216.9365890573426
4,all,R5,Medium,R5_OUT,0.06904761904761911,0.19119146333174764,2772.254574270462,530.0314087829007,0.2295597484276729,0.2,0.0909090909090909,2149.0,-2216.9365890573426
4,all,R6,Medium,R6_OUT,0.0,0.0,-4254.712717752345,-0.0,0.2295597484276729,0.2,0.0909090909090909,2149.0,-2216.9365890573426
4,all,R7,Medium,R7_OUT,0.0,0.0,6845.940283192283,0.0,0.2295597484276729,0.2,0.0909090909090909,2149.0,-2216.9365890573426
4,all,R8,Medium,R8_OUT,0.0,0.0,20343.959783846254,0.0,0.2295597484276729,0.2,0.0909090909090909,2149.0,-2216.9365890573426
4,all,R9,High,R9_OUT,0.0,0.0,5133.272499035593,0.0,0.2295597484276729,0.2,0.0909090909090909,2149.0,-2216.9365890573426
4,all,R10,High,R10_OUT,0.29209621993127133,0.8088085366682523,-3396.3142985061786,-2746.967997840244,0.2295597484276729,0.2,0.0909090909090909,2149.0,-2216.9365890573426
4,all,R11,Medium,R11_OUT,0.0,0.0,1710.4792862102786,0.0,0.2295597484276729,0.2,0.0909090909090909,2149.0,-2216.9365890573426
4,all,R12,Medium,R12_OUT,0.0,0.0,3027.0077198625195,0.0,0.2295597484276729,0.2,0.0909090909090909,2149.0,-2216.9365890573426
4,all,R13,High,R13_OUT,0.0,0.0,2506.557322692206,0.0,0.2295597484276729,0.2,0.0909090909090909,2149.0,-2216.9365890573426
4,all,R14,High,R14_OUT,0.0,0.0,4224.342249473442,0.0,0.2295597484276729,0.2,0.0909090909090909,2149.0,-2216.9365890573426
4,all,R15,High,R15_OUT,0.0,0.0,-8633.537180448104,-0.0,0.2295597484276729,0.2,0.0909090909090909,2149.0,-2216.9365890573426
4,all,R16,High,R16_OUT,0.0,0.0,33871.756772969646,0.0,0.2295597484276729,0.2,0.0909090909090909,2149.0,-2216.9365890573426
4,all,R17,High,R17_OUT,0.0,0.0,11510.750958707416,0.0,0.2295597484276729,0.2,0.0909090909090909,2149.0,-2216.9365890573426
4,all,R18,Very_High,R18_OUT,0.0,0.0,9590.787154952655,0.0,0.2295597484276729,0.2,0.0909090909090909,2149.0,-2216.9365890573426
4,all,R19,Very_High,R19_OUT,0.0,0.0,-965.7730880509389,-0.0,0.2295597484276729,0.2,0.0909090909090909,2149.0,-2216.9365890573426
4,all,R20,Very_High,R20_OUT,0.0,0.0,6516.188825635356,0.0,0.2295597484276729,0.2,0.0909090909090909,2149.0,-2216.9365890573426
5,all,R1,Very_Low,R1_OUT,0.0,0.0,3668.312690581797,0.0,0.2044025157232704,0.2,0.0909090909090909,2821.0,-1965.55581865157
5,all,R2,Low,R2_OUT,0.0,0.0,8556.140095372077,0.0,0.2044025157232704,0.2,0.0909090909090909,2821.0,-1965.55581865157
5,all,R3,Low,R3_OUT,0.0,0.0,-7402.386677734223,-0.0,0.2044025157232704,0.2,0.0909090909090909,2821.0,-1965.55581865157
5,all,R4,Low,R4_OUT,0.0,0.0,1500.7430797793959,0.0,0.2044025157232704,0.2,0.0909090909090909,2821.0,-1965.55581865157
5,all,R5,Medium,R5_OUT,0.10714285714285719,0.32417378388414425,2796.3625194986903,906.5074190576895,0.2044025157232704,0.2,0.0909090909090909,2821.0,-1965.55581865157
5,all,R6,Medium,R6_OUT,0.0,0.0,-4943.789016028955,-0.0,0.2044025157232704,0.2,0.0909090909090909,2821.0,-1965.55581865157
5,all,R7,Medium,R7_OUT,0.0,0.0,6008.8367209735015,0.0,0.2044025157232704,0.2,0.0909090909090909,2821.0,-1965.55581865157
5,all,R8,Medium,R8_OUT,0.0,0.0,19800.13963040221,0.0,0.2044025157232704,0.2,0.0909090909090909,2821.0,-1965.55581865157
5,all,R9,High,R9_OUT,0.0,0.0,8543.080261098454,0.0,0.2044025157232704,0.2,0.0909090909090909,2821.0,-1965.55581865157
5,all,R10,High,R10_OUT,0.22336769759450165,0.6758262161158557,-4249.706757775297,-2872.06323770926,0.2044025157232704,0.2,0.0909090909090909,2821.0,-1965.55581865157
5,all,R11,Medium,R11_OUT,0.0,0.0,-43.60475534706893,-0.0,0.2044025157232704,0.2,0.0909090909090909,2821.0,-1965.55581865157
5,all,R12,Medium,R12_OUT,0.0,0.0,2405.3246565828795,0.0,0.2044025157232704,0.2,0.0909090909090909,2821.0,-1965.55581865157
5,all,R13,High,R13_OUT,0.0,0.0,2376.396566266503,0.0,0.2044025157232704,0.2,0.0909090909090909,2821.0,-1965.55581865157
5,all,R14,High,R14_OUT,0.0,0.0,4274.997314152139,0.0,0.2044025157232704,0.2,0.0909090909090909,2821.0,-1965.55581865157
5,all,R15,High,R15_OUT,0.0,0.0,-7750.447373541699,-0.0,0.2044025157232704,0.2,0.0909090909090909,2821.0,-1965.55581865157
5,all,R16,High,R16_OUT,0.0,0.0,34275.04577462776,0.0,0.2044025157232704,0.2,0.0909090909090909,2821.0,-1965.55581865157
5,all,R17,High,R17_OUT,0.0,0.0,12211.832527699546,0.0,0.2044025157232704,0.2,0.0909090909090909,2821.0,-1965.55581865157
5,all,R18,Very_High,R18_OUT,0.0,0.0,10388.52022619936,0.0,0.2044025157232704,0.2,0.0909090909090909,2821.0,-1965.55581865157
5,all,R19,Very_High,R19_OUT,0.0,0.0,315.21977991006133,0.0,0.2044025157232704,0.2,0.0909090909090909,2821.0,-1965.55581865157
5,all,R20,Very_High,R20_OUT,0.0,0.0,5872.805585858384,0.0,0.2044025157232704,0.2,0.0909090909090909,2821.0,-1965.55581865157
6,all,R1,Very_Low,R1_OUT,0.0,0.0,2528.9424128452765,0.0,0.130503144654088,0.6,0.2424242424242424,2569.0,2568.9852703410616
6,all,R2,Low,R2_OUT,0.0,0.0,8489.907853283414,0.0,0.130503144654088,0.6,0.2424242424242424,2569.0,2568.9852703410616
6,all,R3,Low,R3_OUT,0.0,0.0,-2853.0929838368565,-0.0,0.130503144654088,0.6,0.2424242424242424,2569.0,2568.9852703410616
6,all,R4,Low,R4_OUT,0.0,0.0,-1662.7252312271612,-0.0,0.130503144654088,0.6,0.2424242424242424,2569.0,2568.9852703410616
6,all,R5,Medium,R5_OUT,0.0,0.0,-1457.5383284806903,-0.0,0.130503144654088,0.6,0.2424242424242424,2569.0,2568.9852703410616
6,all,R6,Medium,R6_OUT,0.0,0.0,-8267.974045476294,-0.0,0.130503144654088,0.6,0.2424242424242424,2569.0,2568.9852703410616
6,all,R7,Medium,R7_OUT,0.5257142857142859,0.9107051739973466,3464.3821525985295,3155.030751075546,0.130503144654088,0.6,0.2424242424242424,2569.0,2568.9852703410616
6,all,R8,Medium,R8_OUT,0.0,0.0,9064.431025787751,0.0,0.130503144654088,0.6,0.2424242424242424,2569.0,2568.9852703410616
6,all,R9,High,R9_OUT,0.0,0.0,1268.0736089397833,0.0,0.130503144654088,0.6,0.2424242424242424,2569.0,2568.9852703410616
6,all,R10,High,R10_OUT,0.0,0.0,11107.675783512463,0.0,0.130503144654088,0.6,0.2424242424242424,2569.0,2568.9852703410616
6,all,R11,Medium,R11_OUT,0.05154639175257737,0.08929482600265339,-6563.039617962522,-586.0454807344842,0.130503144654088,0.6,0.2424242424242424,2569.0,2568.9852703410616
6,all,R12,Medium,R12_OUT,0.0,0.0,355.06840388810383,0.0,0.130503144654088,0.6,0.2424242424242424,2569.0,2568.9852703410616
6,all,R13,High,R13_OUT,0.0,0.0,3077.1759863769694,0.0,0.130503144654088,0.6,0.2424242424242424,2569.0,2568.9852703410616
6,all,R14,High,R14_OUT,0.0,0.0,2244.8990582497754,0.0,0.130503144654088,0.6,0.2424242424242424,2569.0,2568.9852703410616
6,all,R15,High,R15_OUT,0.0,0.0,13354.61509965729,0.0,0.130503144654088,0.6,0.2424242424242424,2569.0,2568.9852703410616
6,all,R16,High,R16_OUT,0.0,0.0,42958.430938328485,0.0,0.130503144654088,0.6,0.2424242424242424,2569.0,2568.9852703410616
6,all,R17,High,R17_OUT,0.0,0.0,12332.90509743949,0.0,0.130503144654088,0.6,0.2424242424242424,2569.0,2568.9852703410616
6,all,R18,Very_High,R18_OUT,0.0,0.0,13501.079722376642,0.0,0.130503144654088,0.6,0.2424242424242424,2569.0,2568.9852703410616
6,all,R19,Very_High,R19_OUT,0.0,0.0,-2914.970798810412,-0.0,0.130503144654088,0.6,0.2424242424242424,2569.0,2568.9852703410616
6,all,R20,Very_High,R20_OUT,0.0,0.0,4287.677730277571,0.0,0.130503144654088,0.6,0.2424242424242424,2569.0,2568.9852703410616
7,all,R1,Very_Low,R1_OUT,0.0,0.0,6801.930555752572,0.0,0.2389937106918239,0.4,0.3636363636363636,3913.0,3914.263369838387
7,all,R2,Low,R2_OUT,0.0,0.0,10374.683638435004,0.0,0.2389937106918239,0.4,0.3636363636363636,3913.0,3914.263369838387
7,all,R3,Low,R3_OUT,0.0,0.0,-5681.100890414746,-0.0,0.2389937106918239,0.4,0.3636363636363636,3913.0,3914.263369838387
7,all,R4,Low,R4_OUT,0.0,0.0,51.80052769668646,0.0,0.2389937106918239,0.4,0.3636363636363636,3913.0,3914.263369838387
7,all,R5,Medium,R5_OUT,0.0,0.0,-7167.552002273956,-0.0,0.2389937106918239,0.4,0.3636363636363636,3913.0,3914.263369838387
7,all,R6,Medium,R6_OUT,0.0,0.0,-4801.609987645574,-0.0,0.2389937106918239,0.4,0.3636363636363636,3913.0,3914.263369838387
7,all,R7,Medium,R7_OUT,0.0,0.0,5656.946259529464,0.0,0.2389937106918239,0.4,0.3636363636363636,3913.0,3914.263369838387
7,all,R8,Medium,R8_OUT,0.0,0.0,19834.039665296914,0.0,0.2389937106918239,0.4,0.3636363636363636,3913.0,3914.263369838387
7,all,R9,High,R9_OUT,0.0,0.0,-38439.05423833132,-0.0,0.2389937106918239,0.4,0.3636363636363636,3913.0,3914.263369838387
7,all,R10,High,R10_OUT,0.0,0.0,19890.169036082956,0.0,0.2389937106918239,0.4,0.3636363636363636,3913.0,3914.263369838387
7,all,R11,Medium,R11_OUT,0.0,0.0,2629.658878219154,0.0,0.2389937106918239,0.4,0.3636363636363636,3913.0,3914.263369838387
7,all,R12,Medium,R12_OUT,0.0,0.0,2073.591221402416,0.0,0.2389937106918239,0.4,0.3636363636363636,3913.0,3914.263369838387
7,all,R13,High,R13_OUT,0.0,0.0,2705.081976008451,0.0,0.2389937106918239,0.4,0.3636363636363636,3913.0,3914.263369838387
7,all,R14,High,R14_OUT,0.0,0.0,-3988.172273415945,-0.0,0.2389937106918239,0.4,0.3636363636363636,3913.0,3914.263369838387
7,all,R15,High,R15_OUT,0.0,0.0,25510.327873736398,0.0,0.2389937106918239,0.4,0.3636363636363636,3913.0,3914.263369838387
7,all,R16,High,R16_OUT,0.007009523809523806,0.14696001580923518,38917.40809589973,5719.3029090278815,0.2389937106918239,0.4,0.3636363636363636,3913.0,3914.263369838387
7,all,R17,High,R17_OUT,0.0,0.0,16867.51938370946,0.0,0.2389937106918239,0.4,0.3636363636363636,3913.0,3914.263369838387
7,all,R18,Very_High,R18_OUT,0.0,0.0,3844.8038026985923,0.0,0.2389937106918239,0.4,0.3636363636363636,3913.0,3914.263369838387
7,all,R19,Very_High,R19_OUT,0.04068728522336769,0.8530399841907648,-2116.0081269834545,-1805.0395391894958,0.2389937106918239,0.4,0.3636363636363636,3913.0,3914.263369838387
7,all,R20,Very_High,R20_OUT,0.0,0.0,6211.10678669705,0.0,0.2389937106918239,0.4,0.3636363636363636,3913.0,3914.263369838387
8,all,R1,Very_Low,R1_OUT,0.0,0.0,13195.3722515471,0.0,0.2908805031446541,0.8,0.3333333333333333,7854.0,7853.375401821533
8,all,R2,Low,R2_OUT,0.0,0.0,13467.43145528464,0.0,0.2908805031446541,0.8,0.3333333333333333,7854.0,7853.375401821533
8,all,R3,Low,R3_OUT,0.0,0.0,1932.8896906222917,0.0,0.2908805031446541,0.8,0.3333333333333333,7854.0,7853.375401821533
8,all,R4,Low,R4_OUT,0.0,0.0,1457.4767405007724,0.0,0.2908805031446541,0.8,0.3333333333333333,7854.0,7853.375401821533
8,all,R5,Medium,R5_OUT,0.0,0.0,-4371.155226972771,-0.0,0.2908805031446541,0.8,0.3333333333333333,7854.0,7853.375401821533
8,all,R6,Medium,R6_OUT,0.0,0.0,-4537.069667140265,-0.0,0.2908805031446541,0.8,0.3333333333333333,7854.0,7853.375401821533
8,all,R7,Medium,R7_OUT,0.0,0.0,8645.86467054029,0.0,0.2908805031446541,0.8,0.3333333333333333,7854.0,7853.375401821533
8,all,R8,Medium,R8_OUT,0.10897435897435893,0.6645039410671404,8258.72495789153,5487.955282708475,0.2908805031446541,0.8,0.3333333333333333,7854.0,7853.375401821533
8,all,R9,High,R9_OUT,0.0,0.0,-31703.41630081892,-0.0,0.2908805031446541,0.8,0.3333333333333333,7854.0,7853.375401821533
8,all,R10,High,R10_OUT,0.0,0.0,26559.729519407556,0.0,0.2908805031446541,0.8,0.3333333333333333,7854.0,7853.375401821533
8,all,R11,Medium,R11_OUT,0.0,0.0,4008.516926440985,0.0,0.2908805031446541,0.8,0.3333333333333333,7854.0,7853.375401821533
8,all,R12,Medium,R12_OUT,0.0,0.0,4123.611688214659,0.0,0.2908805031446541,0.8,0.3333333333333333,7854.0,7853.375401821533
8,all,R13,High,R13_OUT,0.0,0.0,4418.371902615626,0.0,0.2908805031446541,0.8,0.3333333333333333,7854.0,7853.375401821533
8,all,R14,High,R14_OUT,0.002711496746203903,0.016534167220631918,286.0573344607001,4.729719802661449,0.2908805031446541,0.8,0.3333333333333333,7854.0,7853.375401821533
8,all,R15,High,R15_OUT,0.0,0.0,18920.374559416876,0.0,0.2908805031446541,0.8,0.3333333333333333,7854.0,7853.375401821533
8,all,R16,High,R16_OUT,0.0,0.0,44248.1733240297,0.0,0.2908805031446541,0.8,0.3333333333333333,7854.0,7853.375401821533
8,all,R17,High,R17_OUT,0.052307692307692326,0.31896189171222766,7401.167539601396,2360.690399310395,0.2908805031446541,0.8,0.3333333333333333,7854.0,7853.375401821533
8,all,R18,Very_High,R18_OUT,0.0,0.0,8351.568173625368,0.0,0.2908805031446541,0.8,0.3333333333333333,7854.0,7853.375401821533
8,all,R19,Very_High,R19_OUT,0.0,0.0,-14360.416138491215,-0.0,0.2908805031446541,0.8,0.3333333333333333,7854.0,7853.375401821533
8,all,R20,Very_High,R20_OUT,0.0,0.0,8487.900631065735,0.0,0.2908805031446541,0.8,0.3333333333333333,7854.0,7853.375401821533
9,all,R1,Very_Low,R1_OUT,0.2392857142857144,1.0,738.2018014405876,738.2018014405876,0.0644654088050314,0.8,0.0909090909090909,2422.0,738.2018014405876
9,all,R2,Low,R2_OUT,0.0,0.0,7676.974042258127,0.0,0.0644654088050314,0.8,0.0909090909090909,2422.0,738.2018014405876
9,all,R3,Low,R3_OUT,0.0,0.0,771.7905913012793,0.0,0.0644654088050314,0.8,0.0909090909090909,2422.0,738.2018014405876
9,all,R4,Low,R4_OUT,0.0,0.0,-2090.151556049319,-0.0,0.0644654088050314,0.8,0.0909090909090909,2422.0,738.2018014405876
9,all,R5,Medium,R5_OUT,0.0,0.0,5406.932745976893,0.0,0.0644654088050314,0.8,0.0909090909090909,2422.0,738.2018014405876
9,all,R6,Medium,R6_OUT,0.0,0.0,-10547.631206870303,-0.0,0.0644654088050314,0.8,0.0909090909090909,2422.0,738.2018014405876
9,all,R7,Medium,R7_OUT,0.0,0.0,2909.0728349604387,0.0,0.0644654088050314,0.8,0.0909090909090909,2422.0,738.2018014405876
9,all,R8,Medium,R8_OUT,0.0,0.0,-1380.5989164531138,-0.0,0.0644654088050314,0.8,0.0909090909090909,2422.0,738.2018014405876
9,all,R9,High,R9_OUT,0.0,0.0,40397.76475772736,0.0,0.0644654088050314,0.8,0.0909090909090909,2422.0,738.2018014405876
9,all,R10,High,R10_OUT,0.0,0.0,1606.1515802404829,0.0,0.0644654088050314,0.8,0.0909090909090909,2422.0,738.2018014405876
9,all,R11,Medium,R11_OUT,0.0,0.0,-12941.075843507744,-0.0,0.0644654088050314,0.8,0.0909090909090909,2422.0,738.2018014405876
9,all,R12,Medium,R12_OUT,0.0,0.0,-149.05401049034367,-0.0,0.0644654088050314,0.8,0.0909090909090909,2422.0,738.2018014405876
9,all,R13,High,R13_OUT,0.0,0.0,3729.200727275228,0.0,0.0644654088050314,0.8,0.0909090909090909,2422.0,738.2018014405876
9,all,R14,High,R14_OUT,0.0,0.0,9485.423832798946,0.0,0.0644654088050314,0.8,0.0909090909090909,2422.0,738.2018014405876
9,all,R15,High,R15_OUT,0.0,0.0,-4171.239515740792,-0.0,0.0644654088050314,0.8,0.0909090909090909,2422.0,738.2018014405876
9,all,R16,High,R16_OUT,0.0,0.0,46096.20776924582,0.0,0.0644654088050314,0.8,0.0909090909090909,2422.0,738.2018014405876
9,all,R17,High,R17_OUT,0.0,0.0,5601.546235347406,0.0,0.0644654088050314,0.8,0.0909090909090909,2422.0,738.2018014405876
9,all,R18,Very_High,R18_OUT,0.0,0.0,22708.326122823048,0.0,0.0644654088050314,0.8,0.0909090909090909,2422.0,738.2018014405876
9,all,R19,Very_High,R19_OUT,0.0,0.0,-6310.484450818608,-0.0,0.0644654088050314,0.8,0.0909090909090909,2422.0,738.2018014405876
9,all,R20,Very_High,R20_OUT,0.0,0.0,3557.458807825842,0.0,0.0644654088050314,0.8,0.0909090909090909,2422.0,738.2018014405876
10,all,R1,Very_Low,R1_OUT,0.0,0.0,13456.532276528776,0.0,0.2751572327044025,1.0,0.6060606060606061,4067.0,13459.017533595574
10,all,R2,Low,R2_OUT,0.0,0.0,14009.06893558873,0.0,0.2751572327044025,1.0,0.6060606060606061,4067.0,13459.017533595574
10,all,R3,Low,R3_OUT,0.0,0.0,2984.2995270259485,0.0,0.2751572327044025,1.0,0.6060606060606061,4067.0,13459.017533595574
10,all,R4,Low,R4_OUT,0.0,0.0,-1222.0812577475917,-0.0,0.2751572327044025,1.0,0.6060606060606061,4067.0,13459.017533595574
10,all,R5,Medium,R5_OUT,0.0,0.0,-14286.853858288963,-0.0,0.2751572327044025,1.0,0.6060606060606061,4067.0,13459.017533595574
10,all,R6,Medium,R6_OUT,0.0,0.0,-5773.043235310104,-0.0,0.2751572327044025,1.0,0.6060606060606061,4067.0,13459.017533595574
10,all,R7,Medium,R7_OUT,0.0,0.0,6619.767084658686,0.0,0.2751572327044025,1.0,0.6060606060606061,4067.0,13459.017533595574
10,all,R8,Medium,R8_OUT,0.0,0.0,7204.984685898144,0.0,0.2751572327044025,1.0,0.6060606060606061,4067.0,13459.017533595574
10,all,R9,High,R9_OUT,0.0,0.0,-71865.93527612297,-0.0,0.2751572327044025,1.0,0.6060606060606061,4067.0,13459.017533595574
10,all,R10,High,R10_OUT,0.0,0.0,48992.820394727576,0.0,0.2751572327044025,1.0,0.6060606060606061,4067.0,13459.017533595574
10,all,R11,Medium,R11_OUT,0.0,0.0,3173.6124768925147,0.0,0.2751572327044025,1.0,0.6060606060606061,4067.0,13459.017533595574
10,all,R12,Medium,R12_OUT,0.0,0.0,2548.512126474914,0.0,0.2751572327044025,1.0,0.6060606060606061,4067.0,13459.017533595574
10,all,R13,High,R13_OUT,0.0,0.0,4486.735799506168,0.0,0.2751572327044025,1.0,0.6060606060606061,4067.0,13459.017533595574
10,all,R14,High,R14_OUT,0.0,0.0,-7875.8021237499925,-0.0,0.2751572327044025,1.0,0.6060606060606061,4067.0,13459.017533595574
10,all,R15,High,R15_OUT,0.0,0.0,53947.32942050779,0.0,0.2751572327044025,1.0,0.6060606060606061,4067.0,13459.017533595574
10,all,R16,High,R16_OUT,0.0,0.0,49697.1136486179,0.0,0.2751572327044025,1.0,0.6060606060606061,4067.0,13459.017533595574
10,all,R17,High,R17_OUT,0.48000000000000004,1.0,13459.017533595574,13459.017533595574,0.2751572327044025,1.0,0.6060606060606061,4067.0,13459.017533595574
10,all,R18,Very_High,R18_OUT,0.0,0.0,3403.3178926180044,0.0,0.2751572327044025,1.0,0.6060606060606061,4067.0,13459.017533595574
10,all,R19,Very_High,R19_OUT,0.0,0.0,-14229.658309462728,-0.0,0.2751572327044025,1.0,0.6060606060606061,4067.0,13459.017533595574
10,all,R20,Very_High,R20_OUT,0.0,0.0,7539.435352350456,0.0,0.2751572327044025,1.0,0.6060606060606061,4067.0,13459.017533595574
11,all,R1,Very_Low,R1_OUT,0.0,0.05,13370.35532784542,668.517766392271,0.3286163522012578,0.6,0.4848484848484848,9051.0,5413.602407392427
11,all,R2,Low,R2_OUT,0.0,0.05,13562.105606008077,678.1052803004039,0.3286163522012578,0.6,0.4848484848484848,9051.0,5413.602407392427
11,all,R3,Low,R3_OUT,0.0,0.05,-2068.7991069059926,-103.43995534529964,0.3286163522012578,0.6,0.4848484848484848,9051.0,5413.602407392427
11,all,R4,Low,R4_OUT,0.0,0.05,1192.6818768547487,59.634093842737435,0.3286163522012578,0.6,0.4848484848484848,9051.0,5413.602407392427
11,all,R5,Medium,R5_OUT,0.0,0.05,-11208.504863048598,-560.42524315243,0.3286163522012578,0.6,0.4848484848484848,9051.0,5413.602407392427
11,all,R6,Medium,R6_OUT,0.0,0.05,-3032.623341307446,-151.6311670653723,0.3286163522012578,0.6,0.4848484848484848,9051.0,5413.602407392427
11,all,R7,Medium,R7_OUT,0.0,0.05,8259.43248068225,412.9716240341125,0.3286163522012578,0.6,0.4848484848484848,9051.0,5413.602407392427
11,all,R8,Medium,R8_OUT,0.0,0.05,18091.95722750784,904.597861375392,0.3286163522012578,0.6,0.4848484848484848,9051.0,5413.602407392427
11,all,R9,High,R9_OUT,0.0,0.05,-66997.07371728576,-3349.8536858642883,0.3286163522012578,0.6,0.4848484848484848,9051.0,5413.602407392427
11,all,R10,High,R10_OUT,0.0,0.05,35101.18720600178,1755.0593603000889,0.3286163522012578,0.6,0.4848484848484848,9051.0,5413.602407392427
11,all,R11,Medium,R11_OUT,0.0,0.05,8413.208605234191,420.66043026170956,0.3286163522012578,0.6,0.4848484848484848,9051.0,5413.602407392427
11,all,R12,Medium,R12_OUT,0.0,0.05,3928.340656403511,196.41703282017556,0.3286163522012578,0.6,0.4848484848484848,9051.0,5413.602407392427
11,all,R13,High,R13_OUT,0.0,0.05,3619.9163107384516,180.99581553692258,0.3286163522012578,0.6,0.4848484848484848,9051.0,5413.602407392427
11,all,R14,High,R14_OUT,0.0,0.05,-6897.480492324936,-344.8740246162468,0.3286163522012578,0.6,0.4848484848484848,9051.0,5413.602407392427
11,all,R15,High,R15_OUT,0.0,0.05,37439.705207584666,1871.9852603792333,0.3286163522012578,0.6,0.4848484848484848,9051.0,5413.602407392427
11,all,R16,High,R16_OUT,0.0,0.05,41564.096619977754,2078.2048309988877,0.3286163522012578,0.6,0.4848484848484848,9051.0,5413.602407392427
11,all,R17,High,R17_OUT,0.0,0.05,14921.243166809627,746.0621583404813,0.3286163522012578,0.6,0.4848484848484848,9051.0,5413.602407392427
11,all,R18,Very_High,R18_OUT,0.0,0.05,41.771478331502294,2.0885739165751147,0.3286163522012578,0.6,0.4848484848484848,9051.0,5413.602407392427
11,all,R19,Very_High,R19_OUT,0.0,0.05,-9523.785510026893,-476.1892755013447,0.3286163522012578,0.6,0.4848484848484848,9051.0,5413.602407392427
11,all,R20,Very_High,R20_OUT,0.0,0.05,8494.31340876837,424.71567043841856,0.3286163522012578,0.6,0.4848484848484848,9051.0,5413.602407392427
12,all,R1,Very_Low,R1_OUT,0.0,0.0,-3922.2599015614746,-0.0,0.040880503144654,0.4,0.0606060606060606,2282.0,4973.693648767854
12,all,R2,Low,R2_OUT,0.0,0.0,5291.390853057404,0.0,0.040880503144654,0.4,0.0606060606060606,2282.0,4973.693648767854
12,all,R3,Low,R3_OUT,0.0,0.0,-6002.05909739557,-0.0,0.040880503144654,0.4,0.0606060606060606,2282.0,4973.693648767854
12,all,R4,Low,R4_OUT,0.0,0.0,-2306.0712775863894,-0.0,0.040880503144654,0.4,0.0606060606060606,2282.0,4973.693648767854
12,all,R5,Medium,R5_OUT,0.21285714285714288,1.0,4973.693648767854,4973.693648767854,0.040880503144654,0.4,0.0606060606060606,2282.0,4973.693648767854
12,all,R6,Medium,R6_OUT,0.0,0.0,-9989.179405624562,-0.0,0.040880503144654,0.4,0.0606060606060606,2282.0,4973.693648767854
12,all,R7,Medium,R7_OUT,0.0,0.0,1311.180987543037,0.0,0.040880503144654,0.4,0.0606060606060606,2282.0,4973.693648767854
12,all,R8,Medium,R8_OUT,0.0,0.0,9620.277840239769,0.0,0.040880503144654,0.4,0.0606060606060606,2282.0,4973.693648767854
12,all,R9,High,R9_OUT,0.0,0.0,40179.32088788938,0.0,0.040880503144654,0.4,0.0606060606060606,2282.0,4973.693648767854
12,all,R10,High,R10_OUT,0.0,0.0,-8421.60383784261,-0.0,0.040880503144654,0.4,0.0606060606060606,2282.0,4973.693648767854
12,all,R11,Medium,R11_OUT,0.0,0.0,-12637.298443960712,-0.0,0.040880503144654,0.4,0.0606060606060606,2282.0,4973.693648767854
12,all,R12,Medium,R12_OUT,0.0,0.0,-1169.0605634100534,-0.0,0.040880503144654,0.4,0.0606060606060606,2282.0,4973.693648767854
12,all,R13,High,R13_OUT,0.0,0.0,2282.9105597697,0.0,0.040880503144654,0.4,0.0606060606060606,2282.0,4973.693648767854
12,all,R14,High,R14_OUT,0.0,0.0,7340.0750062162615,0.0,0.040880503144654,0.4,0.0606060606060606,2282.0,4973.693648767854
12,all,R15,High,R15_OUT,0.0,0.0,-6334.6178185198005,-0.0,0.040880503144654,0.4,0.0606060606060606,2282.0,4973.693648767854
12,all,R16,High,R16_OUT,0.0,0.0,39866.35077182374,0.0,0.040880503144654,0.4,0.0606060606060606,2282.0,4973.693648767854
12,all,R17,High,R17_OUT,0.0,0.0,12251.842458043538,0.0,0.040880503144654,0.4,0.0606060606060606,2282.0,4973.693648767854
12,all,R18,Very_High,R18_OUT,0.0,0.0,19098.402123738073,0.0,0.040880503144654,0.4,0.0606060606060606,2282.0,4973.693648767854
12,all,R19,Very_High,R19_OUT,0.0,0.0,3623.0555532389353,0.0,0.040880503144654,0.4,0.0606060606060606,2282.0,4973.693648767854
12,all,R20,Very_High,R20_OUT,0.0,0.0,2219.4729418944607,0.0,0.040880503144654,0.4,0.0606060606060606,2282.0,4973.693648767854
13,all,R1,Very_Low,R1_OUT,0.007500000000000008,0.020970957745802224,10647.123634236123,223.28037984789793,0.2421383647798742,0.8,0.2121212121212121,4172.0,4172.161248247974
13,all,R2,Low,R2_OUT,0.0,0.0,12208.23864168115,0.0,0.2421383647798742,0.8,0.2121212121212121,4172.0,4172.161248247974
13,all,R3,Low,R3_OUT,0.040000000000000036,0.11184510797761182,2210.618703072677,247.24688754249175,0.2421383647798742,0.8,0.2121212121212121,4172.0,4172.161248247974
13,all,R4,Low,R4_OUT,0.048969072164948474,0.13692377909630307,1260.3886326254697,172.57717470910129,0.2421383647798742,0.8,0.2121212121212121,4172.0,4172.161248247974
13,all,R5,Medium,R5_OUT,0.0,0.0,456.11214985472543,0.0,0.2421383647798742,0.8,0.2121212121212121,4172.0,4172.161248247974
13,all,R6,Medium,R6_OUT,0.0,0.0,-5776.59242267147,-0.0,0.2421383647798742,0.8,0.2121212121212121,4172.0,4172.161248247974
13,all,R7,Medium,R7_OUT,0.0,0.0,7922.546630935993,0.0,0.2421383647798742,0.8,0.2121212121212121,4172.0,4172.161248247974
13,all,R8,Medium,R8_OUT,0.2611683848797251,0.7302601551802828,4832.602163919579,3529.056806148482,0.2421383647798742,0.8,0.2121212121212121,4172.0,4172.161248247974
13,all,R9,High,R9_OUT,0.0,0.0,-4390.4581618318625,-0.0,0.2421383647798742,0.8,0.2121212121212121,4172.0,4172.161248247974
13,all,R10,High,R10_OUT,0.0,0.0,16269.758726701137,0.0,0.2421383647798742,0.8,0.2121212121212121,4172.0,4172.161248247974
13,all,R11,Medium,R11_OUT,0.0,0.0,28.560897957318957,0.0,0.2421383647798742,0.8,0.2121212121212121,4172.0,4172.161248247974
13,all,R12,Medium,R12_OUT,0.0,0.0,3580.341688516235,0.0,0.2421383647798742,0.8,0.2121212121212121,4172.0,4172.161248247974
13,all,R13,High,R13_OUT,0.0,0.0,4407.32325328629,0.0,0.2421383647798742,0.8,0.2121212121212121,4172.0,4172.161248247974
13,all,R14,High,R14_OUT,0.0,0.0,4755.936980390666,0.0,0.2421383647798742,0.8,0.2121212121212121,4172.0,4172.161248247974
13,all,R15,High,R15_OUT,0.0,0.0,5111.64989164038,0.0,0.2421383647798742,0.8,0.2121212121212121,4172.0,4172.161248247974
13,all,R16,High,R16_OUT,0.0,0.0,44138.76247988884,0.0,0.2421383647798742,0.8,0.2121212121212121,4172.0,4172.161248247974
13,all,R17,High,R17_OUT,0.0,0.0,4704.835366932071,0.0,0.2421383647798742,0.8,0.2121212121212121,4172.0,4172.161248247974
13,all,R18,Very_High,R18_OUT,0.0,0.0,13485.756153154529,0.0,0.2421383647798742,0.8,0.2121212121212121,4172.0,4172.161248247974
13,all,R19,Very_High,R19_OUT,0.0,0.0,-13617.994518804973,-0.0,0.2421383647798742,0.8,0.2121212121212121,4172.0,4172.161248247974
13,all,R20,Very_High,R20_OUT,0.0,0.0,7671.34927137428,0.0,0.2421383647798742,0.8,0.2121212121212121,4172.0,4172.161248247974
14,all,R1,Very_Low,R1_OUT,0.0,0.0,21610.304545635867,0.0,0.4056603773584906,1.0,0.2424242424242424,4977.0,4976.631102574251
14,all,R2,Low,R2_OUT,0.0,0.0,17254.47383995187,0.0,0.4056603773584906,1.0,0.2424242424242424,4977.0,4976.631102574251
14,all,R3,Low,R3_OUT,0.0,0.0,7501.804294414104,0.0,0.4056603773584906,1.0,0.2424242424242424,4977.0,4976.631102574251
14,all,R4,Low,R4_OUT,0.0,0.0,4955.0393725375925,0.0,0.4056603773584906,1.0,0.2424242424242424,4977.0,4976.631102574251
14,all,R5,Medium,R5_OUT,0.0,0.0,-70.23912531698261,-0.0,0.4056603773584906,1.0,0.2424242424242424,4977.0,4976.631102574251
14,all,R6,Medium,R6_OUT,0.0,0.0,-1911.7722208609957,-0.0,0.4056603773584906,1.0,0.2424242424242424,4977.0,4976.631102574251
14,all,R7,Medium,R7_OUT,0.0,0.0,13657.952150252397,0.0,0.4056603773584906,1.0,0.2424242424242424,4977.0,4976.631102574251
14,all,R8,Medium,R8_OUT,0.0,0.0,2908.6379918668135,0.0,0.4056603773584906,1.0,0.2424242424242424,4977.0,4976.631102574251
14,all,R9,High,R9_OUT,0.0,0.0,-27434.946241853308,-0.0,0.4056603773584906,1.0,0.2424242424242424,4977.0,4976.631102574251
14,all,R10,High,R10_OUT,0.0,0.0,27510.225068568616,0.0,0.4056603773584906,1.0,0.2424242424242424,4977.0,4976.631102574251
14,all,R11,Medium,R11_OUT,0.0,0.0,10528.668848572346,0.0,0.4056603773584906,1.0,0.2424242424242424,4977.0,4976.631102574251
14,all,R12,Medium,R12_OUT,0.0,0.0,7757.215823455683,0.0,0.4056603773584906,1.0,0.2424242424242424,4977.0,4976.631102574251
14,all,R13,High,R13_OUT,0.0,0.0,5885.35817220089,0.0,0.4056603773584906,1.0,0.2424242424242424,4977.0,4976.631102574251
14,all,R14,High,R14_OUT,0.18004338394793928,1.0,4976.631102574251,4976.631102574251,0.4056603773584906,1.0,0.2424242424242424,4977.0,4976.631102574251
14,all,R15,High,R15_OUT,0.0,0.0,2807.167541207835,0.0,0.4056603773584906,1.0,0.2424242424242424,4977.0,4976.631102574251
14,all,R16,High,R16_OUT,0.0,0.0,44932.70209795606,0.0,0.4056603773584906,1.0,0.2424242424242424,4977.0,4976.631102574251
14,all,R17,High,R17_OUT,0.0,0.0,-2341.8762433258244,-0.0,0.4056603773584906,1.0,0.2424242424242424,4977.0,4976.631102574251
14,all,R18,Very_High,R18_OUT,0.0,0.0,10030.818047491754,0.0,0.4056603773584906,1.0,0.2424242424242424,4977.0,4976.631102574251
14,all,R19,Very_High,R19_OUT,0.0,0.0,-26093.314997975,-0.0,0.4056603773584906,1.0,0.2424242424242424,4977.0,4976.631102574251
14,all,R20,Very_High,R20_OUT,0.0,0.0,12166.996910822778,0.0,0.4056603773584906,1.0,0.2424242424242424,4977.0,4976.631102574251
15,all,R1,Very_Low,R1_OUT,0.030357142857142885,0.1258426394647809,4902.207953857931,616.9067881187249,0.1415094339622641,0.8,0.2121212121212121,1617.0,1617.1634402943969
15,all,R2,Low,R2_OUT,0.0,0.0,9654.426516163467,0.0,0.1415094339622641,0.8,0.2121212121212121,1617.0,1617.1634402943969
15,all,R3,Low,R3_OUT,0.161904761904762,0.6711607438121645,870.8668012410408,584.4916100822574,0.1415094339622641,0.8,0.2121212121212121,1617.0,1617.1634402943969
15,all,R4,Low,R4_OUT,0.007731958762886602,0.03205209737732441,-1200.8422597058373,-38.489513042897784,0.1415094339622641,0.8,0.2121212121212121,1617.0,1617.1634402943969
15,all,R5,Medium,R5_OUT,0.0,0.0,552.5439307676388,0.0,0.1415094339622641,0.8,0.2121212121212121,1617.0,1617.1634402943969
15,all,R6,Medium,R6_OUT,0.0,0.0,-8532.897615777913,-0.0,0.1415094339622641,0.8,0.2121212121212121,1617.0,1617.1634402943969
15,all,R7,Medium,R7_OUT,0.0,0.0,4574.132382060864,0.0,0.1415094339622641,0.8,0.2121212121212121,1617.0,1617.1634402943969
15,all,R8,Medium,R8_OUT,0.04123711340206186,0.17094451934573013,2657.3215501433897,454.25455513631226,0.1415094339622641,0.8,0.2121212121212121,1617.0,1617.1634402943969
15,all,R9,High,R9_OUT,0.0,0.0,9248.772886419596,0.0,0.1415094339622641,0.8,0.2121212121212121,1617.0,1617.1634402943969
15,all,R10,High,R10_OUT,0.0,0.0,12856.18888962466,0.0,0.1415094339622641,0.8,0.2121212121212121,1617.0,1617.1634402943969
15,all,R11,Medium,R11_OUT,0.0,0.0,-6987.7752682720675,-0.0,0.1415094339622641,0.8,0.2121212121212121,1617.0,1617.1634402943969
15,all,R12,Medium,R12_OUT,0.0,0.0,1093.6094353976744,0.0,0.1415094339622641,0.8,0.2121212121212121,1617.0,1617.1634402943969
15,all,R13,High,R13_OUT,0.0,0.0,3886.6802275834793,0.0,0.1415094339622641,0.8,0.2121212121212121,1617.0,1617.1634402943969
15,all,R14,High,R14_OUT,0.0,0.0,4958.557239105448,0.0,0.1415094339622641,0.8,0.2121212121212121,1617.0,1617.1634402943969
15,all,R15,High,R15_OUT,0.0,0.0,8644.009119266,0.0,0.1415094339622641,0.8,0.2121212121212121,1617.0,1617.1634402943969
15,all,R16,High,R16_OUT,0.0,0.0,45751.9184865213,0.0,0.1415094339622641,0.8,0.2121212121212121,1617.0,1617.1634402943969
15,all,R17,High,R17_OUT,0.0,0.0,7509.161642900587,0.0,0.1415094339622641,0.8,0.2121212121212121,1617.0,1617.1634402943969
15,all,R18,Very_High,R18_OUT,0.0,0.0,16676.688438141347,0.0,0.1415094339622641,0.8,0.2121212121212121,1617.0,1617.1634402943969
15,all,R19,Very_High,R19_OUT,0.0,0.0,-8494.023046960974,-0.0,0.1415094339622641,0.8,0.2121212121212121,1617.0,1617.1634402943969
15,all,R20,Very_High,R20_OUT,0.0,0.0,5097.816312266391,0.0,0.1415094339622641,0.8,0.2121212121212121,1617.0,1617.1634402943969
16,all,R1,Very_Low,R1_OUT,0.09214285714285717,0.15789473684210528,2638.8825832261628,416.66567103571,0.0723270440251572,1.0,0.2121212121212121,3192.0,3191.860580148832
16,all,R2,Low,R2_OUT,0.0,0.0,8789.423657848089,0.0,0.0723270440251572,1.0,0.2121212121212121,3192.0,3191.860580148832
16,all,R3,Low,R3_OUT,0.49142857142857144,0.8421052631578947,3295.543954571831,2775.1949091131205,0.0723270440251572,1.0,0.2121212121212121,3192.0,3191.860580148832
16,all,R4,Low,R4_OUT,0.0,0.0,-2949.0203069104405,-0.0,0.0723270440251572,1.0,0.2121212121212121,3192.0,3191.860580148832
16,all,R5,Medium,R5_OUT,0.0,0.0,1444.3307071939944,0.0,0.0723270440251572,1.0,0.2121212121212121,3192.0,3191.860580148832
16,all,R6,Medium,R6_OUT,0.0,0.0,-11018.142529931158,-0.0,0.0723270440251572,1.0,0.2121212121212121,3192.0,3191.860580148832
16,all,R7,Medium,R7_OUT,0.0,0.0,2790.9724789021857,0.0,0.0723270440251572,1.0,0.2121212121212121,3192.0,3191.860580148832
16,all,R8,Medium,R8_OUT,0.0,0.0,-4890.096852935341,-0.0,0.0723270440251572,1.0,0.2121212121212121,3192.0,3191.860580148832
16,all,R9,High,R9_OUT,0.0,0.0,22921.6205054772,0.0,0.0723270440251572,1.0,0.2121212121212121,3192.0,3191.860580148832
16,all,R10,High,R10_OUT,0.0,0.0,14043.644257534666,0.0,0.0723270440251572,1.0,0.2121212121212121,3192.0,3191.860580148832
16,all,R11,Medium,R11_OUT,0.0,0.0,-12858.29925155408,-0.0,0.0723270440251572,1.0,0.2121212121212121,3192.0,3191.860580148832
16,all,R12,Medium,R12_OUT,0.0,0.0,-314.7745311480769,-0.0,0.0723270440251572,1.0,0.2121212121212121,3192.0,3191.860580148832
16,all,R13,High,R13_OUT,0.0,0.0,4221.012603621695,0.0,0.0723270440251572,1.0,0.2121212121212121,3192.0,3191.860580148832
16,all,R14,High,R14_OUT,0.0,0.0,6740.744574095716,0.0,0.0723270440251572,1.0,0.2121212121212121,3192.0,3191.860580148832
16,all,R15,High,R15_OUT,0.0,0.0,10628.179690553292,0.0,0.0723270440251572,1.0,0.2121212121212121,3192.0,3191.860580148832
16,all,R16,High,R16_OUT,0.0,0.0,50053.58554871271,0.0,0.0723270440251572,1.0,0.2121212121212121,3192.0,3191.860580148832
16,all,R17,High,R17_OUT,0.0,0.0,5933.78511767199,0.0,0.0723270440251572,1.0,0.2121212121212121,3192.0,3191.860580148832
16,all,R18,Very_High,R18_OUT,0.0,0.0,21497.92628000775,0.0,0.0723270440251572,1.0,0.2121212121212121,3192.0,3191.860580148832
16,all,R19,Very_High,R19_OUT,0.0,0.0,-9555.035012988803,-0.0,0.0723270440251572,1.0,0.2121212121212121,3192.0,3191.860580148832
16,all,R20,Very_High,R20_OUT,0.0,0.0,3749.6699006220074,0.0,0.0723270440251572,1.0,0.2121212121212121,3192.0,3191.860580148832
17,all,R1,Very_Low,R1_OUT,0.0,0.05,21855.834246456063,1092.7917123228033,0.4150943396226415,1.0,0.3939393939393939,3437.0,6603.549065912244
17,all,R2,Low,R2_OUT,0.0,0.05,17521.631308351483,876.0815654175742,0.4150943396226415,1.0,0.3939393939393939,3437.0,6603.549065912244
17,all,R3,Low,R3_OUT,0.0,0.05,6469.0668603357135,323.4533430167857,0.4150943396226415,1.0,0.3939393939393939,3437.0,6603.549065912244
17,all,R4,Low,R4_OUT,0.0,0.05,3941.9415116965592,197.09707558482796,0.4150943396226415,1.0,0.3939393939393939,3437.0,6603.549065912244
17,all,R5,Medium,R5_OUT,0.0,0.05,-6054.9773959623235,-302.7488697981162,0.4150943396226415,1.0,0.3939393939393939,3437.0,6603.549065912244
17,all,R6,Medium,R6_OUT,0.0,0.05,-1772.821824481931,-88.64109122409656,0.4150943396226415,1.0,0.3939393939393939,3437.0,6603.549065912244
17,all,R7,Medium,R7_OUT,0.0,0.05,12848.653345841198,642.4326672920599,0.4150943396226415,1.0,0.3939393939393939,3437.0,6603.549065912244
17,all,R8,Medium,R8_OUT,0.0,0.05,6078.159607750964,303.9079803875482,0.4150943396226415,1.0,0.3939393939393939,3437.0,6603.549065912244
17,all,R9,High,R9_OUT,0.0,0.05,-54596.69365261469,-2729.8346826307347,0.4150943396226415,1.0,0.3939393939393939,3437.0,6603.549065912244
17,all,R10,High,R10_OUT,0.0,0.05,38625.900869385165,1931.2950434692584,0.4150943396226415,1.0,0.3939393939393939,3437.0,6603.549065912244
17,all,R11,Medium,R11_OUT,0.0,0.05,11913.223111614225,595.6611555807112,0.4150943396226415,1.0,0.3939393939393939,3437.0,6603.549065912244
17,all,R12,Medium,R12_OUT,0.0,0.05,7163.795802928198,358.1897901464099,0.4150943396226415,1.0,0.3939393939393939,3437.0,6603.549065912244
17,all,R13,High,R13_OUT,0.0,0.05,5632.746185553699,281.637309277685,0.4150943396226415,1.0,0.3939393939393939,3437.0,6603.549065912244
17,all,R14,High,R14_OUT,0.0,0.05,-507.033869324001,-25.35169346620005,0.4150943396226415,1.0,0.3939393939393939,3437.0,6603.549065912244
17,all,R15,High,R15_OUT,0.0,0.05,21875.647824440006,1093.7823912220003,0.4150943396226415,1.0,0.3939393939393939,3437.0,6603.549065912244
17,all,R16,High,R16_OUT,0.0,0.05,45894.94782840109,2294.7473914200546,0.4150943396226415,1.0,0.3939393939393939,3437.0,6603.549065912244
17,all,R17,High,R17_OUT,0.0,0.05,2463.565309041598,123.17826545207991,0.4150943396226415,1.0,0.3939393939393939,3437.0,6603.549065912244
17,all,R18,Very_High,R18_OUT,0.0,0.05,5245.942953288395,262.29714766441975,0.4150943396226415,1.0,0.3939393939393939,3437.0,6603.549065912244
17,all,R19,Very_High,R19_OUT,0.0,0.05,-24399.30974597513,-1219.9654872987564,0.4150943396226415,1.0,0.3939393939393939,3437.0,6603.549065912244
17,all,R20,Very_High,R20_OUT,0.0,0.05,11870.761041518608,593.5380520759304,0.4150943396226415,1.0,0.3939393939393939,3437.0,6603.549065912244
18,all,R1,Very_Low,R1_OUT,0.0,0.05,21426.230391910558,1071.311519595528,0.4371069182389937,0.8,0.3939393939393939,4494.0,6286.300128015052
18,all,R2,Low,R2_OUT,0.0,0.05,17189.534732830456,859.4767366415228,0.4371069182389937,0.8,0.3939393939393939,4494.0,6286.300128015052
18,all,R3,Low,R3_OUT,0.0,0.05,3416.3810030213454,170.81905015106727,0.4371069182389937,0.8,0.3939393939393939,4494.0,6286.300128015052
18,all,R4,Low,R4_OUT,0.0,0.05,4536.417578120865,226.82087890604328,0.4371069182389937,0.8,0.3939393939393939,4494.0,6286.300128015052
18,all,R5,Medium,R5_OUT,0.0,0.05,-6901.561775085751,-345.0780887542876,0.4371069182389937,0.8,0.3939393939393939,4494.0,6286.300128015052
18,all,R6,Medium,R6_OUT,0.0,0.05,-579.5949695973304,-28.979748479866522,0.4371069182389937,0.8,0.3939393939393939,4494.0,6286.300128015052
18,all,R7,Medium,R7_OUT,0.0,0.05,13062.244069839662,653.1122034919831,0.4371069182389937,0.8,0.3939393939393939,4494.0,6286.300128015052
18,all,R8,Medium,R8_OUT,0.0,0.05,12605.915223122109,630.2957611561055,0.4371069182389937,0.8,0.3939393939393939,4494.0,6286.300128015052
18,all,R9,High,R9_OUT,0.0,0.05,-61876.151717804445,-3093.8075858902225,0.4371069182389937,0.8,0.3939393939393939,4494.0,6286.300128015052
18,all,R10,High,R10_OUT,0.0,0.05,35838.334640345565,1791.9167320172783,0.4371069182389937,0.8,0.3939393939393939,4494.0,6286.300128015052
18,all,R11,Medium,R11_OUT,0.0,0.05,14494.839516976219,724.741975848811,0.4371069182389937,0.8,0.3939393939393939,4494.0,6286.300128015052
18,all,R12,Medium,R12_OUT,0.0,0.05,7406.524025824628,370.3262012912314,0.4371069182389937,0.8,0.3939393939393939,4494.0,6286.300128015052
18,all,R13,High,R13_OUT,0.0,0.05,5054.362391217292,252.71811956086458,0.4371069182389937,0.8,0.3939393939393939,4494.0,6286.300128015052
18,all,R14,High,R14_OUT,0.0,0.05,-2194.242958041714,-109.71214790208569,0.4371069182389937,0.8,0.3939393939393939,4494.0,6286.300128015052
18,all,R15,High,R15_OUT,0.0,0.05,21547.270641102226,1077.3635320551114,0.4371069182389937,0.8,0.3939393939393939,4494.0,6286.300128015052
18,all,R16,High,R16_OUT,0.0,0.05,42349.44764431864,2117.472382215932,0.4371069182389937,0.8,0.3939393939393939,4494.0,6286.300128015052
18,all,R17,High,R17_OUT,0.0,0.05,5353.469776130434,267.67348880652173,0.4371069182389937,0.8,0.3939393939393939,4494.0,6286.300128015052
18,all,R18,Very_High,R18_OUT,0.0,0.05,1920.4546200095647,96.02273100047825,0.4371069182389937,0.8,0.3939393939393939,4494.0,6286.300128015052
18,all,R19,Very_High,R19_OUT,0.0,0.05,-20936.43615252043,-1046.8218076260216,0.4371069182389937,0.8,0.3939393939393939,4494.0,6286.300128015052
18,all,R20,Very_High,R20_OUT,0.0,0.05,12012.563878581172,600.6281939290586,0.4371069182389937,0.8,0.3939393939393939,4494.0,6286.300128015052
19,all,R1,Very_Low,R1_OUT,0.43142857142857155,1.0,839.9015046253139,839.9015046253139,0.0377358490566037,1.0,0.1212121212121212,840.0,839.9015046253139
19,all,R2,Low,R2_OUT,0.0,0.0,7894.908190721984,0.0,0.0377358490566037,1.0,0.1212121212121212,840.0,839.9015046253139
19,all,R3,Low,R3_OUT,0.0,0.0,3530.007743242269,0.0,0.0377358490566037,1.0,0.1212121212121212,840.0,839.9015046253139
19,all,R4,Low,R4_OUT,0.0,0.0,-3048.7654719510724,-0.0,0.0377358490566037,1.0,0.1212121212121212,840.0,839.9015046253139
19,all,R5,Medium,R5_OUT,0.0,0.0,5062.897806593662,0.0,0.0377358490566037,1.0,0.1212121212121212,840.0,839.9015046253139
19,all,R6,Medium,R6_OUT,0.0,0.0,-11893.950510776702,-0.0,0.0377358490566037,1.0,0.1212121212121212,840.0,839.9015046253139
19,all,R7,Medium,R7_OUT,0.0,0.0,2313.882664997304,0.0,0.0377358490566037,1.0,0.1212121212121212,840.0,839.9015046253139
19,all,R8,Medium,R8_OUT,0.0,0.0,-7417.202998926488,-0.0,0.0377358490566037,1.0,0.1212121212121212,840.0,839.9015046253139
19,all,R9,High,R9_OUT,0.0,0.0,43139.94787830634,0.0,0.0377358490566037,1.0,0.1212121212121212,840.0,839.9015046253139
19,all,R10,High,R10_OUT,0.0,0.0,6392.83744888525,0.0,0.0377358490566037,1.0,0.1212121212121212,840.0,839.9015046253139
19,all,R11,Medium,R11_OUT,0.0,0.0,-15706.22845717016,-0.0,0.0377358490566037,1.0,0.1212121212121212,840.0,839.9015046253139
19,all,R12,Medium,R12_OUT,0.0,0.0,-673.6580416031737,-0.0,0.0377358490566037,1.0,0.1212121212121212,840.0,839.9015046253139
19,all,R13,High,R13_OUT,0.0,0.0,4222.894925720451,0.0,0.0377358490566037,1.0,0.1212121212121212,840.0,839.9015046253139
19,all,R14,High,R14_OUT,0.0,0.0,10089.196881615168,0.0,0.0377358490566037,1.0,0.1212121212121212,840.0,839.9015046253139
19,all,R15,High,R15_OUT,0.0,0.0,202.64479855635545,0.0,0.0377358490566037,1.0,0.1212121212121212,840.0,839.9015046253139
19,all,R16,High,R16_OUT,0.0,0.0,49940.02046235252,0.0,0.0377358490566037,1.0,0.1212121212121212,840.0,839.9015046253139
19,all,R17,High,R17_OUT,0.0,0.0,3856.763990592486,0.0,0.0377358490566037,1.0,0.1212121212121212,840.0,839.9015046253139
19,all,R18,Very_High,R18_OUT,0.0,0.0,25286.244368463475,0.0,0.0377358490566037,1.0,0.1212121212121212,840.0,839.9015046253139
19,all,R19,Very_High,R19_OUT,0.0,0.0,-9098.296366033574,-0.0,0.0377358490566037,1.0,0.1212121212121212,840.0,839.9015046253139
19,all,R20,Very_High,R20_OUT,0.0,0.0,3187.5206964609897,0.0,0.0377358490566037,1.0,0.1212121212121212,840.0,839.9015046253139
20,all,R1,Very_Low,R1_OUT,0.0,0.05,11875.515178907823,593.7757589453912,0.3034591194968553,0.6,0.5151515151515151,5180.0,5284.849266008438
20,all,R2,Low,R2_OUT,0.0,0.05,12929.200090955124,646.4600045477563,0.3034591194968553,0.6,0.5151515151515151,5180.0,5284.849266008438
20,all,R3,Low,R3_OUT,0.0,0.05,-2635.4049173389226,-131.77024586694614,0.3034591194968553,0.6,0.5151515151515151,5180.0,5284.849266008438
20,all,R4,Low,R4_OUT,0.0,0.05,328.60650237250456,16.43032511862523,0.3034591194968553,0.6,0.5151515151515151,5180.0,5284.849266008438
20,all,R5,Medium,R5_OUT,0.0,0.05,-12379.536476057321,-618.9768238028661,0.3034591194968553,0.6,0.5151515151515151,5180.0,5284.849266008438
20,all,R6,Medium,R6_OUT,0.0,0.05,-3745.590282678988,-187.27951413394942,0.3034591194968553,0.6,0.5151515151515151,5180.0,5284.849266008438
20,all,R7,Medium,R7_OUT,0.0,0.05,7197.6863904148195,359.884319520741,0.3034591194968553,0.6,0.5151515151515151,5180.0,5284.849266008438
20,all,R8,Medium,R8_OUT,0.0,0.05,18141.25488573232,907.0627442866161,0.3034591194968553,0.6,0.5151515151515151,5180.0,5284.849266008438
20,all,R9,High,R9_OUT,0.0,0.05,-68763.87985522047,-3438.1939927610238,0.3034591194968553,0.6,0.5151515151515151,5180.0,5284.849266008438
20,all,R10,High,R10_OUT,0.0,0.05,36406.92547245078,1820.346273622539,0.3034591194968553,0.6,0.5151515151515151,5180.0,5284.849266008438
20,all,R11,Medium,R11_OUT,0.0,0.05,6804.479113168418,340.2239556584209,0.3034591194968553,0.6,0.5151515151515151,5180.0,5284.849266008438
20,all,R12,Medium,R12_OUT,0.0,0.05,3141.347359272401,157.06736796362006,0.3034591194968553,0.6,0.5151515151515151,5180.0,5284.849266008438
20,all,R13,High,R13_OUT,0.0,0.05,3429.471100251383,171.47355501256916,0.3034591194968553,0.6,0.5151515151515151,5180.0,5284.849266008438
20,all,R14,High,R14_OUT,0.0,0.05,-7939.759292174993,-396.9879646087497,0.3034591194968553,0.6,0.5151515151515151,5180.0,5284.849266008438
20,all,R15,High,R15_OUT,0.0,0.05,42202.722806655496,2110.136140332775,0.3034591194968553,0.6,0.5151515151515151,5180.0,5284.849266008438
20,all,R16,High,R16_OUT,0.0,0.05,42190.08144284923,2109.5040721424616,0.3034591194968553,0.6,0.5151515151515151,5180.0,5284.849266008438
20,all,R17,High,R17_OUT,0.0,0.05,16635.99416394965,831.7997081974826,0.3034591194968553,0.6,0.5151515151515151,5180.0,5284.849266008438
20,all,R18,Very_High,R18_OUT,0.0,0.05,-57.640488918965275,-2.882024445948264,0.3034591194968553,0.6,0.5151515151515151,5180.0,5284.849266008438
20,all,R19,Very_High,R19_OUT,0.0,0.05,-7807.917126568845,-390.3958563284423,0.3034591194968553,0.6,0.5151515151515151,5180.0,5284.849266008438
20,all,R20,Very_High,R20_OUT,0.0,0.05,7743.429252147293,387.1714626073647,0.3034591194968553,0.6,0.5151515151515151,5180.0,5284.849266008438
21,all,R1,Very_Low,R1_OUT,0.0,0.0,29872.208195002073,0.0,0.6053459119496856,0.6,0.1212121212121212,5775.0,5775.0980801575715
21,all,R2,Low,R2_OUT,0.0,0.0,20518.5187552641,0.0,0.6053459119496856,0.6,0.1212121212121212,5775.0,5775.0980801575715
21,all,R3,Low,R3_OUT,0.0,0.0,4395.53264283126,0.0,0.6053459119496856,0.6,0.1212121212121212,5775.0,5775.0980801575715
21,all,R4,Low,R4_OUT,0.0,0.0,10946.278647558865,0.0,0.6053459119496856,0.6,0.1212121212121212,5775.0,5775.0980801575715
21,all,R5,Medium,R5_OUT,0.0,0.0,2867.9824382843035,0.0,0.6053459119496856,0.6,0.1212121212121212,5775.0,5775.0980801575715
21,all,R6,Medium,R6_OUT,0.0,0.0,4833.903656874463,0.0,0.6053459119496856,0.6,0.1212121212121212,5775.0,5775.0980801575715
21,all,R7,Medium,R7_OUT,0.0,0.0,20163.28200167263,0.0,0.6053459119496856,0.6,0.1212121212121212,5775.0,5775.0980801575715
21,all,R8,Medium,R8_OUT,0.0,0.0,16956.565175370037,0.0,0.6053459119496856,0.6,0.1212121212121212,5775.0,5775.0980801575715
21,all,R9,High,R9_OUT,0.0,0.0,-42385.592300006516,-0.0,0.6053459119496856,0.6,0.1212121212121212,5775.0,5775.0980801575715
21,all,R10,High,R10_OUT,0.0,0.0,18578.93554934458,0.0,0.6053459119496856,0.6,0.1212121212121212,5775.0,5775.0980801575715
21,all,R11,Medium,R11_OUT,0.0,0.0,25963.878468466108,0.0,0.6053459119496856,0.6,0.1212121212121212,5775.0,5775.0980801575715
21,all,R12,Medium,R12_OUT,0.0,0.0,12750.57715869719,0.0,0.6053459119496856,0.6,0.1212121212121212,5775.0,5775.0980801575715
21,all,R13,High,R13_OUT,0.22776572668112802,1.0,5775.0980801575715,5775.0980801575715,0.6053459119496856,0.6,0.1212121212121212,5775.0,5775.0980801575715
21,all,R14,High,R14_OUT,0.0,0.0,5660.520170554386,0.0,0.6053459119496856,0.6,0.1212121212121212,5775.0,5775.0980801575715
21,all,R15,High,R15_OUT,0.0,0.0,-18833.416174358765,-0.0,0.6053459119496856,0.6,0.1212121212121212,5775.0,5775.0980801575715
21,all,R16,High,R16_OUT,0.0,0.0,34455.56774717813,0.0,0.6053459119496856,0.6,0.1212121212121212,5775.0,5775.0980801575715
21,all,R17,High,R17_OUT,0.0,0.0,-4954.687229878518,-0.0,0.6053459119496856,0.6,0.1212121212121212,5775.0,5775.0980801575715
21,all,R18,Very_High,R18_OUT,0.0,0.0,2032.4481565837777,0.0,0.6053459119496856,0.6,0.1212121212121212,5775.0,5775.0980801575715
21,all,R19,Very_High,R19_OUT,0.0,0.0,-28833.213243562474,-0.0,0.6053459119496856,0.6,0.1212121212121212,5775.0,5775.0980801575715
21,all,R20,Very_High,R20_OUT,0.0,0.0,16861.540048444345,0.0,0.6053459119496856,0.6,0.1212121212121212,5775.0,5775.0980801575715
22,all,R1,Very_Low,R1_OUT,0.0,0.05,27877.432706317304,1393.8716353158652,0.5267295597484277,1.0,0.5757575757575758,10577.0,6638.305157087385
22,all,R2,Low,R2_OUT,0.0,0.05,20388.05173305646,1019.4025866528232,0.5267295597484277,1.0,0.5757575757575758,10577.0,6638.305157087385
22,all,R3,Low,R3_OUT,0.0,0.05,6565.347116580059,328.267355829003,0.5267295597484277,1.0,0.5757575757575758,10577.0,6638.305157087385
22,all,R4,Low,R4_OUT,0.0,0.05,5179.763624480093,258.9881812240047,0.5267295597484277,1.0,0.5757575757575758,10577.0,6638.305157087385
22,all,R5,Medium,R5_OUT,0.0,0.05,-13332.793752334295,-666.6396876167148,0.5267295597484277,1.0,0.5757575757575758,10577.0,6638.305157087385
22,all,R6,Medium,R6_OUT,0.0,0.05,1141.6103905509353,57.08051952754677,0.5267295597484277,1.0,0.5757575757575758,10577.0,6638.305157087385
22,all,R7,Medium,R7_OUT,0.0,0.05,15215.445234895156,760.7722617447579,0.5267295597484277,1.0,0.5757575757575758,10577.0,6638.305157087385
22,all,R8,Medium,R8_OUT,0.0,0.05,12050.06840867009,602.5034204335045,0.5267295597484277,1.0,0.5757575757575758,10577.0,6638.305157087385
22,all,R9,High,R9_OUT,0.0,0.05,-100787.39899675405,-5039.369949837703,0.5267295597484277,1.0,0.5757575757575758,10577.0,6638.305157087385
22,all,R10,High,R10_OUT,0.0,0.05,55367.61426170064,2768.3807130850323,0.5267295597484277,1.0,0.5757575757575758,10577.0,6638.305157087385
22,all,R11,Medium,R11_OUT,0.0,0.05,20569.09834297441,1028.4549171487204,0.5267295597484277,1.0,0.5757575757575758,10577.0,6638.305157087385
22,all,R12,Medium,R12_OUT,0.0,0.05,8930.652993122783,446.5326496561392,0.5267295597484277,1.0,0.5757575757575758,10577.0,6638.305157087385
22,all,R13,High,R13_OUT,0.0,0.05,5848.627817824561,292.4313908912281,0.5267295597484277,1.0,0.5757575757575758,10577.0,6638.305157087385
22,all,R14,High,R14_OUT,0.0,0.05,-7289.418906008203,-364.47094530041016,0.5267295597484277,1.0,0.5757575757575758,10577.0,6638.305157087385
22,all,R15,High,R15_OUT,0.0,0.05,41236.503559279336,2061.825177963967,0.5267295597484277,1.0,0.5757575757575758,10577.0,6638.305157087385
22,all,R16,High,R16_OUT,0.0,0.05,45441.52781082339,2272.0763905411695,0.5267295597484277,1.0,0.5757575757575758,10577.0,6638.305157087385
22,all,R17,High,R17_OUT,0.0,0.05,5434.532415526392,271.7266207763196,0.5267295597484277,1.0,0.5757575757575758,10577.0,6638.305157087385
22,all,R18,Very_High,R18_OUT,0.0,0.05,-3676.867781351866,-183.8433890675933,0.5267295597484277,1.0,0.5757575757575758,10577.0,6638.305157087385
22,all,R19,Very_High,R19_OUT,0.0,0.05,-27474.462504569776,-1373.723125228489,0.5267295597484277,1.0,0.5757575757575758,10577.0,6638.305157087385
22,all,R20,Very_High,R20_OUT,0.0,0.05,14080.768666964283,704.0384333482142,0.5267295597484277,1.0,0.5757575757575758,10577.0,6638.305157087385
23,all,R1,Very_Low,R1_OUT,0.0,0.0,13288.723917875566,0.0,0.3474842767295597,0.4,0.2121212121212121,3983.0,3955.901952334658
23,all,R2,Low,R2_OUT,0.0,0.0,13100.274754626418,0.0,0.3474842767295597,0.4,0.2121212121212121,3983.0,3955.901952334658
23,all,R3,Low,R3_OUT,0.0,0.0,-3078.341696377409,-0.0,0.3474842767295597,0.4,0.2121212121212121,3983.0,3955.901952334658
23,all,R4,Low,R4_OUT,0.0,0.0,3949.153340488467,0.0,0.3474842767295597,0.4,0.2121212121212121,3983.0,3955.901952334658
23,all,R5,Medium,R5_OUT,0.0,0.0,-1295.819724885935,-0.0,0.3474842767295597,0.4,0.2121212121212121,3983.0,3955.901952334658
23,all,R6,Medium,R6_OUT,0.0,0.0,-1710.5152358530286,-0.0,0.3474842767295597,0.4,0.2121212121212121,3983.0,3955.901952334658
23,all,R7,Medium,R7_OUT,0.0,0.0,10390.1680118412,0.0,0.3474842767295597,0.4,0.2121212121212121,3983.0,3955.901952334658
23,all,R8,Medium,R8_OUT,0.0,0.0,19213.67501868173,0.0,0.3474842767295597,0.4,0.2121212121212121,3983.0,3955.901952334658
23,all,R9,High,R9_OUT,0.0,0.0,-27260.780712239582,-0.0,0.3474842767295597,0.4,0.2121212121212121,3983.0,3955.901952334658
23,all,R10,High,R10_OUT,0.017094017094017106,0.15789473684210528,12774.770388090405,2017.0690086458535,0.3474842767295597,0.4,0.2121212121212121,3983.0,3955.901952334658
23,all,R11,Medium,R11_OUT,0.0,0.0,9467.373559977332,0.0,0.3474842767295597,0.4,0.2121212121212121,3983.0,3955.901952334658
23,all,R12,Medium,R12_OUT,0.0,0.0,5581.150601053212,0.0,0.3474842767295597,0.4,0.2121212121212121,3983.0,3955.901952334658
23,all,R13,High,R13_OUT,0.0,0.0,3567.822508401123,0.0,0.3474842767295597,0.4,0.2121212121212121,3983.0,3955.901952334658
23,all,R14,High,R14_OUT,0.0,0.0,1258.0470828009184,0.0,0.3474842767295597,0.4,0.2121212121212121,3983.0,3955.901952334658
23,all,R15,High,R15_OUT,0.09116809116809121,0.8421052631578947,2302.3641206304583,1938.8329436888068,0.3474842767295597,0.4,0.2121212121212121,3983.0,3955.901952334658
23,all,R16,High,R16_OUT,0.0,0.0,36064.745170182294,0.0,0.3474842767295597,0.4,0.2121212121212121,3983.0,3955.901952334658
23,all,R17,High,R17_OUT,0.0,0.0,8775.757976691435,0.0,0.3474842767295597,0.4,0.2121212121212121,3983.0,3955.901952334658
23,all,R18,Very_High,R18_OUT,0.0,0.0,4890.305125433024,0.0,0.3474842767295597,0.4,0.2121212121212121,3983.0,3955.901952334658
23,all,R19,Very_High,R19_OUT,0.0,0.0,-9814.667447550506,-0.0,0.3474842767295597,0.4,0.2121212121212121,3983.0,3955.901952334658
23,all,R20,Very_High,R20_OUT,0.0,0.0,9523.201592455773,0.0,0.3474842767295597,0.4,0.2121212121212121,3983.0,3955.901952334658
24,all,R1,Very_Low,R1_OUT,0.0,0.0,20419.605326361518,0.0,0.389937106918239,1.0,0.3939393939393939,3164.0,3164.6468780337254
24,all,R2,Low,R2_OUT,0.0,0.0,16883.178276972067,0.0,0.389937106918239,1.0,0.3939393939393939,3164.0,3164.6468780337254
24,all,R3,Low,R3_OUT,0.0,0.0,6134.128884877806,0.0,0.389937106918239,1.0,0.3939393939393939,3164.0,3164.6468780337254
24,all,R4,Low,R4_OUT,0.0,0.0,3326.6337886137335,0.0,0.389937106918239,1.0,0.3939393939393939,3164.0,3164.6468780337254
24,all,R5,Medium,R5_OUT,0.0,0.0,-6030.869450734095,-0.0,0.389937106918239,1.0,0.3939393939393939,3164.0,3164.6468780337254
24,all,R6,Medium,R6_OUT,0.0,0.0,-2461.898122758541,-0.0,0.389937106918239,1.0,0.3939393939393939,3164.0,3164.6468780337254
24,all,R7,Medium,R7_OUT,0.0,0.0,12011.549783622419,0.0,0.389937106918239,1.0,0.3939393939393939,3164.0,3164.6468780337254
24,all,R8,Medium,R8_OUT,0.0,0.0,5534.339454306919,0.0,0.389937106918239,1.0,0.3939393939393939,3164.0,3164.6468780337254
24,all,R9,High,R9_OUT,0.0,0.0,-51186.88589055184,-0.0,0.389937106918239,1.0,0.3939393939393939,3164.0,3164.6468780337254
24,all,R10,High,R10_OUT,0.0,0.0,37772.50841011605,0.0,0.389937106918239,1.0,0.3939393939393939,3164.0,3164.6468780337254
24,all,R11,Medium,R11_OUT,0.0,0.0,10159.139070056885,0.0,0.389937106918239,1.0,0.3939393939393939,3164.0,3164.6468780337254
24,all,R12,Medium,R12_OUT,0.0,0.0,6542.112739648559,0.0,0.389937106918239,1.0,0.3939393939393939,3164.0,3164.6468780337254
24,all,R13,High,R13_OUT,0.0,0.0,5502.5854291279975,0.0,0.389937106918239,1.0,0.3939393939393939,3164.0,3164.6468780337254
24,all,R14,High,R14_OUT,0.0,0.0,-456.3788046453046,-0.0,0.389937106918239,1.0,0.3939393939393939,3164.0,3164.6468780337254
24,all,R15,High,R15_OUT,0.0,0.0,22758.737631346412,0.0,0.389937106918239,1.0,0.3939393939393939,3164.0,3164.6468780337254
24,all,R16,High,R16_OUT,0.0,0.0,46298.236830059206,0.0,0.389937106918239,1.0,0.3939393939393939,3164.0,3164.6468780337254
24,all,R17,High,R17_OUT,0.012820512820512815,1.0,3164.6468780337254,3164.6468780337254,0.389937106918239,1.0,0.3939393939393939,3164.0,3164.6468780337254
24,all,R18,Very_High,R18_OUT,0.0,0.0,6043.6760245351,0.0,0.389937106918239,1.0,0.3939393939393939,3164.0,3164.6468780337254
24,all,R19,Very_High,R19_OUT,0.0,0.0,-23118.31687801413,-0.0,0.389937106918239,1.0,0.3939393939393939,3164.0,3164.6468780337254
24,all,R20,Very_High,R20_OUT,0.0,0.0,11227.377801741637,0.0,0.389937106918239,1.0,0.3939393939393939,3164.0,3164.6468780337254
25,all,R1,Very_Low,R1_OUT,0.0,0.0,17695.41545286127,0.0,0.3930817610062893,0.6,0.1515151515151515,3542.0,3541.8747037413914
25,all,R2,Low,R2_OUT,0.0,0.0,15137.11881932671,0.0,0.3930817610062893,0.6,0.1515151515151515,3542.0,3541.8747037413914
25,all,R3,Low,R3_OUT,0.0,0.0,1337.8256399301313,0.0,0.3930817610062893,0.6,0.1515151515151515,3542.0,3541.8747037413914
25,all,R4,Low,R4_OUT,0.0,0.0,5505.852082648096,0.0,0.3930817610062893,0.6,0.1515151515151515,3542.0,3541.8747037413914
25,all,R5,Medium,R5_OUT,0.0,0.0,1876.2536679105297,0.0,0.3930817610062893,0.6,0.1515151515151515,3542.0,3541.8747037413914
25,all,R6,Medium,R6_OUT,0.014423076923077087,0.19120696806304613,-1004.0682529293717,-191.9848463709849,0.3930817610062893,0.6,0.1515151515151515,3542.0,3541.8747037413914
25,all,R7,Medium,R7_OUT,0.0,0.0,12875.57816740301,0.0,0.3930817610062893,0.6,0.1515151515151515,3542.0,3541.8747037413914
25,all,R8,Medium,R8_OUT,0.0,0.0,12961.200442354413,0.0,0.3930817610062893,0.6,0.1515151515151515,3542.0,3541.8747037413914
25,all,R9,High,R9_OUT,0.0,0.0,-18791.953207598657,-0.0,0.3930817610062893,0.6,0.1515151515151515,3542.0,3541.8747037413914
25,all,R10,High,R10_OUT,0.0,0.0,13537.567399979514,0.0,0.3930817610062893,0.6,0.1515151515151515,3542.0,3541.8747037413914
25,all,R11,Medium,R11_OUT,0.0,0.0,11309.148917317561,0.0,0.3930817610062893,0.6,0.1515151515151515,3542.0,3541.8747037413914
25,all,R12,Medium,R12_OUT,0.0,0.0,7339.816078423755,0.0,0.3930817610062893,0.6,0.1515151515151515,3542.0,3541.8747037413914
25,all,R13,High,R13_OUT,0.06100867678958785,0.8087930319369537,4616.582243754338,3733.859550112376,0.3930817610062893,0.6,0.1515151515151515,3542.0,3541.8747037413914
25,all,R14,High,R14_OUT,0.0,0.0,4994.988414252134,0.0,0.3930817610062893,0.6,0.1515151515151515,3542.0,3541.8747037413914
25,all,R15,High,R15_OUT,0.0,0.0,-7502.4181364215565,-0.0,0.3930817610062893,0.6,0.1515151515151515,3542.0,3541.8747037413914
25,all,R16,High,R16_OUT,0.0,0.0,38081.01451988183,0.0,0.3930817610062893,0.6,0.1515151515151515,3542.0,3541.8747037413914
25,all,R17,High,R17_OUT,0.0,0.0,1974.3579366404638,0.0,0.3930817610062893,0.6,0.1515151515151515,3542.0,3541.8747037413914
25,all,R18,Very_High,R18_OUT,0.0,0.0,7866.175906730674,0.0,0.3930817610062893,0.6,0.1515151515151515,3542.0,3541.8747037413914
25,all,R19,Very_High,R19_OUT,0.0,0.0,-17589.960404644495,-0.0,0.3930817610062893,0.6,0.1515151515151515,3542.0,3541.8747037413914
25,all,R20,Very_High,R20_OUT,0.0,0.0,11325.493045982035,0.0,0.3930817610062893,0.6,0.1515151515151515,3542.0,3541.8747037413914
26,all,R1,Very_Low,R1_OUT,0.0,0.05,34980.64082530285,1749.0320412651427,0.6745283018867925,0.8,0.3939393939393939,4277.0,7016.231360717697
26,all,R2,Low,R2_OUT,0.0,0.05,23214.935216473732,1160.7467608236866,0.6745283018867925,0.8,0.3939393939393939,4277.0,7016.231360717697
26,all,R3,Low,R3_OUT,0.0,0.05,6577.358146405361,328.8679073202681,0.6745283018867925,0.8,0.3939393939393939,4277.0,7016.231360717697
26,all,R4,Low,R4_OUT,0.0,0.05,10343.38421471504,517.169210735752,0.6745283018867925,0.8,0.3939393939393939,4277.0,7016.231360717697
26,all,R5,Medium,R5_OUT,0.0,0.05,-7129.080508177158,-356.4540254088579,0.6745283018867925,0.8,0.3939393939393939,4277.0,7016.231360717697
26,all,R6,Medium,R6_OUT,0.0,0.05,5923.5625953881845,296.1781297694092,0.6745283018867925,0.8,0.3939393939393939,4277.0,7016.231360717697
26,all,R7,Medium,R7_OUT,0.0,0.05,20962.40893827942,1048.120446913971,0.6745283018867925,0.8,0.3939393939393939,4277.0,7016.231360717697
26,all,R8,Medium,R8_OUT,0.0,0.05,17738.217921250307,886.9108960625153,0.6745283018867925,0.8,0.3939393939393939,4277.0,7016.231360717697
26,all,R9,High,R9_OUT,0.0,0.05,-94056.21247227273,-4702.810623613636,0.6745283018867925,0.8,0.3939393939393939,4277.0,7016.231360717697
26,all,R10,High,R10_OUT,0.0,0.05,43892.225974697874,2194.611298734894,0.6745283018867925,0.8,0.3939393939393939,4277.0,7016.231360717697
26,all,R11,Medium,R11_OUT,0.0,0.05,31049.007659173676,1552.4503829586838,0.6745283018867925,0.8,0.3939393939393939,4277.0,7016.231360717697
26,all,R12,Medium,R12_OUT,0.0,0.05,13273.657935526227,663.6828967763114,0.6745283018867925,0.8,0.3939393939393939,4277.0,7016.231360717697
26,all,R13,High,R13_OUT,0.0,0.05,6282.754529984861,314.13772649924306,0.6745283018867925,0.8,0.3939393939393939,4277.0,7016.231360717697
26,all,R14,High,R14_OUT,0.0,0.05,-2672.3001309469037,-133.6150065473452,0.6745283018867925,0.8,0.3939393939393939,4277.0,7016.231360717697
26,all,R15,High,R15_OUT,0.0,0.05,13213.110588423027,660.6555294211514,0.6745283018867925,0.8,0.3939393939393939,4277.0,7016.231360717697
26,all,R16,High,R16_OUT,0.0,0.05,38543.4076911702,1927.17038455851,0.6745283018867925,0.8,0.3939393939393939,4277.0,7016.231360717697
26,all,R17,High,R17_OUT,0.0,0.05,-1262.9875312327822,-63.149376561639116,0.6745283018867925,0.8,0.3939393939393939,4277.0,7016.231360717697
26,all,R18,Very_High,R18_OUT,0.0,0.05,-5608.151239881205,-280.40756199406025,0.6745283018867925,0.8,0.3939393939393939,4277.0,7016.231360717697
26,all,R19,Very_High,R19_OUT,0.0,0.05,-33025.80634390236,-1651.2903171951182,0.6745283018867925,0.8,0.3939393939393939,4277.0,7016.231360717697
26,all,R20,Very_High,R20_OUT,0.0,0.05,18084.493203976344,904.2246601988172,0.6745283018867925,0.8,0.3939393939393939,4277.0,7016.231360717697
27,all,R1,Very_Low,R1_OUT,0.0,0.0,16083.460415897678,0.0,0.3160377358490566,1.0,0.4545454545454545,7252.0,7251.41284324389
27,all,R2,Low,R2_OUT,0.0,0.0,15018.817529947952,0.0,0.3160377358490566,1.0,0.4545454545454545,7252.0,7251.41284324389
27,all,R3,Low,R3_OUT,0.0,0.0,4686.912912020156,0.0,0.3160377358490566,1.0,0.4545454545454545,7252.0,7251.41284324389
27,all,R4,Low,R4_OUT,0.0,0.0,1021.6320492590944,0.0,0.3160377358490566,1.0,0.4545454545454545,7252.0,7251.41284324389
27,all,R5,Medium,R5_OUT,0.0,0.0,-8350.331478100074,-0.0,0.3160377358490566,1.0,0.4545454545454545,7252.0,7251.41284324389
27,all,R6,Medium,R6_OUT,0.0,0.0,-4533.841035135949,-0.0,0.3160377358490566,1.0,0.4545454545454545,7252.0,7251.41284324389
27,all,R7,Medium,R7_OUT,0.0,0.0,9103.273013507449,0.0,0.3160377358490566,1.0,0.4545454545454545,7252.0,7251.41284324389
27,all,R8,Medium,R8_OUT,0.0,0.0,5123.103376902083,0.0,0.3160377358490566,1.0,0.4545454545454545,7252.0,7251.41284324389
27,all,R9,High,R9_OUT,0.0,0.0,-51523.80338948729,-0.0,0.3160377358490566,1.0,0.4545454545454545,7252.0,7251.41284324389
27,all,R10,High,R10_OUT,0.0,0.0,39583.92951244926,0.0,0.3160377358490566,1.0,0.4545454545454545,7252.0,7251.41284324389
27,all,R11,Medium,R11_OUT,0.0,0.0,5297.226296965324,0.0,0.3160377358490566,1.0,0.4545454545454545,7252.0,7251.41284324389
27,all,R12,Medium,R12_OUT,0.0,0.0,4385.298273561677,0.0,0.3160377358490566,1.0,0.4545454545454545,7252.0,7251.41284324389
27,all,R13,High,R13_OUT,0.0,0.0,4999.669299004764,0.0,0.3160377358490566,1.0,0.4545454545454545,7252.0,7251.41284324389
27,all,R14,High,R14_OUT,0.0,0.0,-2493.44728120913,-0.0,0.3160377358490566,1.0,0.4545454545454545,7252.0,7251.41284324389
27,all,R15,High,R15_OUT,0.0,0.0,33112.6695234628,0.0,0.3160377358490566,1.0,0.4545454545454545,7252.0,7251.41284324389
27,all,R16,High,R16_OUT,0.0,0.0,47928.28991485664,0.0,0.3160377358490566,1.0,0.4545454545454545,7252.0,7251.41284324389
27,all,R17,High,R17_OUT,0.18666666666666668,1.0,7251.41284324389,7251.41284324389,0.3160377358490566,1.0,0.4545454545454545,7252.0,7251.41284324389
27,all,R18,Very_High,R18_OUT,0.0,0.0,6592.726844327961,0.0,0.3160377358490566,1.0,0.4545454545454545,7252.0,7251.41284324389
27,all,R19,Very_High,R19_OUT,0.0,0.0,-18485.649297384596,-0.0,0.3160377358490566,1.0,0.4545454545454545,7252.0,7251.41284324389
27,all,R20,Very_High,R20_OUT,0.0,0.0,9122.437701208568,0.0,0.3160377358490566,1.0,0.4545454545454545,7252.0,7251.41284324389
28,all,R1,Very_Low,R1_OUT,0.0,0.05,33974.015759753805,1698.7007879876903,0.6273584905660378,1.0,0.3939393939393939,3948.0,7256.136591838449
28,all,R2,Low,R2_OUT,0.0,0.05,22908.578760615343,1145.428938030767,0.6273584905660378,1.0,0.3939393939393939,3948.0,7256.136591838449
28,all,R3,Low,R3_OUT,0.0,0.05,9295.10602826182,464.75530141309105,0.6273584905660378,1.0,0.3939393939393939,3948.0,7256.136591838449
28,all,R4,Low,R4_OUT,0.0,0.05,9133.60042520791,456.6800212603955,0.6273584905660378,1.0,0.3939393939393939,3948.0,7256.136591838449
28,all,R5,Medium,R5_OUT,0.0,0.05,-6258.388183825502,-312.9194091912751,0.6273584905660378,1.0,0.3939393939393939,3948.0,7256.136591838449
28,all,R6,Medium,R6_OUT,0.0,0.05,4041.259442226974,202.0629721113487,0.6273584905660378,1.0,0.3939393939393939,3948.0,7256.136591838449
28,all,R7,Medium,R7_OUT,0.0,0.05,19911.714652062168,995.5857326031085,0.6273584905660378,1.0,0.3939393939393939,3948.0,7256.136591838449
28,all,R8,Medium,R8_OUT,0.0,0.05,10666.642152435114,533.3321076217557,0.6273584905660378,1.0,0.3939393939393939,3948.0,7256.136591838449
28,all,R9,High,R9_OUT,0.0,0.05,-83366.94664502013,-4168.347332251006,0.6273584905660378,1.0,0.3939393939393939,3948.0,7256.136591838449
28,all,R10,High,R10_OUT,0.0,0.05,45826.399744468355,2291.3199872234177,0.6273584905660378,1.0,0.3939393939393939,3948.0,7256.136591838449
28,all,R11,Medium,R11_OUT,0.0,0.05,26713.307212254338,1335.665360612717,0.6273584905660378,1.0,0.3939393939393939,3948.0,7256.136591838449
28,all,R12,Medium,R12_OUT,0.0,0.05,12409.246649350162,620.4623324675081,0.6273584905660378,1.0,0.3939393939393939,3948.0,7256.136591838449
28,all,R13,High,R13_OUT,0.0,0.05,6730.977567895567,336.54887839477834,0.6273584905660378,1.0,0.3939393939393939,3948.0,7256.136591838449
28,all,R14,High,R14_OUT,0.0,0.05,-934.4359775504945,-46.721798877524726,0.6273584905660378,1.0,0.3939393939393939,3948.0,7256.136591838449
28,all,R15,High,R15_OUT,0.0,0.05,14424.577578667211,721.2288789333606,0.6273584905660378,1.0,0.3939393939393939,3948.0,7256.136591838449
28,all,R16,High,R16_OUT,0.0,0.05,42492.196876910755,2124.609843845538,0.6273584905660378,1.0,0.3939393939393939,3948.0,7256.136591838449
28,all,R17,High,R17_OUT,0.0,0.05,-3451.810429329489,-172.59052146647446,0.6273584905660378,1.0,0.3939393939393939,3948.0,7256.136591838449
28,all,R18,Very_High,R18_OUT,0.0,0.05,-1484.929835355666,-74.2464917677833,0.6273584905660378,1.0,0.3939393939393939,3948.0,7256.136591838449
28,all,R19,Very_High,R19_OUT,0.0,0.05,-35207.68706939607,-1760.3843534698035,0.6273584905660378,1.0,0.3939393939393939,3948.0,7256.136591838449
28,all,R20,Very_High,R20_OUT,0.0,0.05,17299.30712713681,864.9653563568405,0.6273584905660378,1.0,0.3939393939393939,3948.0,7256.136591838449
29,all,R1,Very_Low,R1_OUT,0.10071428571428576,0.3425501540311068,10116.778256396825,3465.503950027284,0.2012578616352201,1.0,0.1515151515151515,3927.0,3927.0120964709668
29,all,R2,Low,R2_OUT,0.0,0.0,12050.400411014682,0.0,0.2012578616352201,1.0,0.1515151515151515,3927.0,3927.0120964709668
29,all,R3,Low,R3_OUT,0.0,0.0,5475.436748743657,0.0,0.2012578616352201,1.0,0.1515151515151515,3927.0,3927.0120964709668
29,all,R4,Low,R4_OUT,0.193298969072165,0.6574498459688931,701.9670766878826,461.50814644368256,0.2012578616352201,1.0,0.1515151515151515,3927.0,3927.0120964709668
29,all,R5,Medium,R5_OUT,0.0,0.0,3711.056604373227,0.0,0.2012578616352201,1.0,0.1515151515151515,3927.0,3927.0120964709668
29,all,R6,Medium,R6_OUT,0.0,0.0,-7438.845215073662,-0.0,0.2012578616352201,1.0,0.1515151515151515,3927.0,3927.0120964709668
29,all,R7,Medium,R7_OUT,0.0,0.0,7530.41329137074,0.0,0.2012578616352201,1.0,0.1515151515151515,3927.0,3927.0120964709668
29,all,R8,Medium,R8_OUT,0.0,0.0,-3289.2541898716536,-0.0,0.2012578616352201,1.0,0.1515151515151515,3927.0,3927.0120964709668
29,all,R9,High,R9_OUT,0.0,0.0,15799.583524900154,0.0,0.2012578616352201,1.0,0.1515151515151515,3927.0,3927.0120964709668
29,all,R10,High,R10_OUT,0.0,0.0,14099.01915985265,0.0,0.2012578616352201,1.0,0.1515151515151515,3927.0,3927.0120964709668
29,all,R11,Medium,R11_OUT,0.0,0.0,-4159.327637555827,-0.0,0.2012578616352201,1.0,0.1515151515151515,3927.0,3927.0120964709668
29,all,R12,Medium,R12_OUT,0.0,0.0,3201.971635863018,0.0,0.2012578616352201,1.0,0.1515151515151515,3927.0,3927.0120964709668
29,all,R13,High,R13_OUT,0.0,0.0,5008.655388426153,0.0,0.2012578616352201,1.0,0.1515151515151515,3927.0,3927.0120964709668
29,all,R14,High,R14_OUT,0.0,0.0,8667.005096674897,0.0,0.2012578616352201,1.0,0.1515151515151515,3927.0,3927.0120964709668
29,all,R15,High,R15_OUT,0.0,0.0,-1657.5111541708666,-0.0,0.2012578616352201,1.0,0.1515151515151515,3927.0,3927.0120964709668
29,all,R16,High,R16_OUT,0.0,0.0,47541.337772788145,0.0,0.2012578616352201,1.0,0.1515151515151515,3927.0,3927.0120964709668
29,all,R17,High,R17_OUT,0.0,0.0,313.4032202915414,0.0,0.2012578616352201,1.0,0.1515151515151515,3927.0,3927.0120964709668
29,all,R18,Very_High,R18_OUT,0.0,0.0,19203.834366862728,0.0,0.2012578616352201,1.0,0.1515151515151515,3927.0,3927.0120964709668
29,all,R19,Very_High,R19_OUT,0.0,0.0,-16989.874492283023,-0.0,0.2012578616352201,1.0,0.1515151515151515,3927.0,3927.0120964709668
29,all,R20,Very_High,R20_OUT,0.0,0.0,7262.010838167202,0.0,0.2012578616352201,1.0,0.1515151515151515,3927.0,3927.0120964709668
30,all,R1,Very_Low,R1_OUT,0.0,0.0,2907.217325852952,0.0,0.1666666666666666,0.4,0.2424242424242424,710.0,717.9389682383808
30,all,R2,Low,R2_OUT,0.0,0.0,8516.941107913304,0.0,0.1666666666666666,0.4,0.2424242424242424,710.0,717.9389682383808
30,all,R3,Low,R3_OUT,0.0,0.0,-5717.376229956151,-0.0,0.1666666666666666,0.4,0.2424242424242424,710.0,717.9389682383808
30,all,R4,Low,R4_OUT,0.0,0.0,-722.1385705687676,-0.0,0.1666666666666666,0.4,0.2424242424242424,710.0,717.9389682383808
30,all,R5,Medium,R5_OUT,0.0,0.0,-2317.6834267949953,-0.0,0.1666666666666666,0.4,0.2424242424242424,710.0,717.9389682383808
30,all,R6,Medium,R6_OUT,0.0,0.0,-6687.141772811102,-0.0,0.1666666666666666,0.4,0.2424242424242424,710.0,717.9389682383808
30,all,R7,Medium,R7_OUT,0.0,0.0,4148.843630345058,0.0,0.1666666666666666,0.4,0.2424242424242424,710.0,717.9389682383808
30,all,R8,Medium,R8_OUT,0.0,0.0,15898.08547747117,0.0,0.1666666666666666,0.4,0.2424242424242424,710.0,717.9389682383808
30,all,R9,High,R9_OUT,0.13142857142857148,0.5773311481066163,-7929.401322410318,-4577.890369265271,0.1666666666666666,0.4,0.2424242424242424,710.0,717.9389682383808
30,all,R10,High,R10_OUT,0.0,0.0,8800.142812811737,0.0,0.1666666666666666,0.4,0.2424242424242424,710.0,717.9389682383808
30,all,R11,Medium,R11_OUT,0.0,0.0,-2994.750939224523,-0.0,0.1666666666666666,0.4,0.2424242424242424,710.0,717.9389682383808
30,all,R12,Medium,R12_OUT,0.0,0.0,947.493349879328,0.0,0.1666666666666666,0.4,0.2424242424242424,710.0,717.9389682383808
30,all,R13,High,R13_OUT,0.0,0.0,2572.0076175300187,0.0,0.1666666666666666,0.4,0.2424242424242424,710.0,717.9389682383808
30,all,R14,High,R14_OUT,0.0,0.0,529.1964956502943,0.0,0.1666666666666666,0.4,0.2424242424242424,710.0,717.9389682383808
30,all,R15,High,R15_OUT,0.0962199312714776,0.42266885189338366,12529.49989993466,5295.829337503648,0.1666666666666666,0.4,0.2424242424242424,710.0,717.9389682383808
30,all,R16,High,R16_OUT,0.0,0.0,39186.08069081335,0.0,0.1666666666666666,0.4,0.2424242424242424,710.0,717.9389682383808
30,all,R17,High,R17_OUT,0.0,0.0,14828.451181970257,0.0,0.1666666666666666,0.4,0.2424242424242424,710.0,717.9389682383808
30,all,R18,Very_High,R18_OUT,0.0,0.0,9726.866536521542,0.0,0.1666666666666666,0.4,0.2424242424242424,710.0,717.9389682383808
30,all,R19,Very_High,R19_OUT,0.0,0.0,-172.6556935837716,-0.0,0.1666666666666666,0.4,0.2424242424242424,710.0,717.9389682383808
30,all,R20,Very_High,R20_OUT,0.0,0.0,4791.38363971468,0.0,0.1666666666666666,0.4,0.2424242424242424,710.0,717.9389682383808
31,all,R1,Very_Low,R1_OUT,0.0,0.0,16852.796247822676,0.0,0.3223270440251572,1.0,0.2424242424242424,2429.0,1493.331081692335
31,all,R2,Low,R2_OUT,0.0,0.0,15139.59817350754,0.0,0.3223270440251572,1.0,0.2424242424242424,2429.0,1493.331081692335
31,all,R3,Low,R3_OUT,0.0,0.0,6392.32225070978,0.0,0.3223270440251572,1.0,0.2424242424242424,2429.0,1493.331081692335
31,all,R4,Low,R4_OUT,0.0,0.0,2916.8325398257293,0.0,0.3223270440251572,1.0,0.2424242424242424,2429.0,1493.331081692335
31,all,R5,Medium,R5_OUT,0.0,0.0,9.618443251523786,0.0,0.3223270440251572,1.0,0.2424242424242424,2429.0,1493.331081692335
31,all,R6,Medium,R6_OUT,0.0,0.0,-4194.33745890227,-0.0,0.3223270440251572,1.0,0.2424242424242424,2429.0,1493.331081692335
31,all,R7,Medium,R7_OUT,0.0,0.0,10885.046600402682,0.0,0.3223270440251572,1.0,0.2424242424242424,2429.0,1493.331081692335
31,all,R8,Medium,R8_OUT,0.6153846153846155,0.9043648847474253,1107.2337335834054,1001.3433078606178,0.3223270440251572,1.0,0.2424242424242424,2429.0,1493.331081692335
31,all,R9,High,R9_OUT,0.0,0.0,-16139.958030020061,-0.0,0.3223270440251572,1.0,0.2424242424242424,2429.0,1493.331081692335
31,all,R10,High,R10_OUT,0.0,0.0,24683.36254723966,0.0,0.3223270440251572,1.0,0.2424242424242424,2429.0,1493.331081692335
31,all,R11,Medium,R11_OUT,0.0,0.0,4718.265460913633,0.0,0.3223270440251572,1.0,0.2424242424242424,2429.0,1493.331081692335
31,all,R12,Medium,R12_OUT,0.0,0.0,5697.890676341876,0.0,0.3223270440251572,1.0,0.2424242424242424,2429.0,1493.331081692335
31,all,R13,High,R13_OUT,0.0,0.0,5454.20066654075,0.0,0.3223270440251572,1.0,0.2424242424242424,2429.0,1493.331081692335
31,all,R14,High,R14_OUT,0.06507592190889369,0.09563511525257475,5144.426004322429,491.98777383171813,0.3223270440251572,1.0,0.2424242424242424,2429.0,1493.331081692335
31,all,R15,High,R15_OUT,0.0,0.0,5732.402526585303,0.0,0.3223270440251572,1.0,0.2424242424242424,2429.0,1493.331081692335
31,all,R16,High,R16_OUT,0.0,0.0,46268.59691594857,0.0,0.3223270440251572,1.0,0.2424242424242424,2429.0,1493.331081692335
31,all,R17,High,R17_OUT,0.0,0.0,-19.54354603939737,-0.0,0.3223270440251572,1.0,0.2424242424242424,2429.0,1493.331081692335
31,all,R18,Very_High,R18_OUT,0.0,0.0,12673.30884599646,0.0,0.3223270440251572,1.0,0.2424242424242424,2429.0,1493.331081692335
31,all,R19,Very_High,R19_OUT,0.0,0.0,-21850.02612285419,-0.0,0.3223270440251572,1.0,0.2424242424242424,2429.0,1493.331081692335
31,all,R20,Very_High,R20_OUT,0.0,0.0,10035.789929061559,0.0,0.3223270440251572,1.0,0.2424242424242424,2429.0,1493.331081692335
32,all,R1,Very_Low,R1_OUT,0.0,0.0,13644.086219416538,0.0,0.35062893081761,0.4,0.1212121212121212,6405.0,6404.052268344665
32,all,R2,Low,R2_OUT,0.0,0.0,13163.438834569444,0.0,0.35062893081761,0.4,0.1212121212121212,6405.0,6404.052268344665
32,all,R3,Low,R3_OUT,0.0,0.0,-2341.4709445201083,-0.0,0.35062893081761,0.4,0.1212121212121212,6405.0,6404.052268344665
32,all,R4,Low,R4_OUT,0.0,0.0,4772.369760072075,0.0,0.35062893081761,0.4,0.1212121212121212,6405.0,6404.052268344665
32,all,R5,Medium,R5_OUT,0.0,0.0,2286.585456671389,0.0,0.35062893081761,0.4,0.1212121212121212,6405.0,6404.052268344665
32,all,R6,Medium,R6_OUT,0.0,0.0,-1552.7087692836558,-0.0,0.35062893081761,0.4,0.1212121212121212,6405.0,6404.052268344665
32,all,R7,Medium,R7_OUT,0.0,0.0,11168.73354126449,0.0,0.35062893081761,0.4,0.1212121212121212,6405.0,6404.052268344665
32,all,R8,Medium,R8_OUT,0.0,0.0,17502.299102856654,0.0,0.35062893081761,0.4,0.1212121212121212,6405.0,6404.052268344665
32,all,R9,High,R9_OUT,0.0,0.0,-12157.164982504757,-0.0,0.35062893081761,0.4,0.1212121212121212,6405.0,6404.052268344665
32,all,R10,High,R10_OUT,0.06410256410256421,1.0,6404.052268344665,6404.052268344665,0.35062893081761,0.4,0.1212121212121212,6405.0,6404.052268344665
32,all,R11,Medium,R11_OUT,0.0,0.0,9250.570416697272,0.0,0.35062893081761,0.4,0.1212121212121212,6405.0,6404.052268344665
32,all,R12,Medium,R12_OUT,0.0,0.0,6154.791685517574,0.0,0.35062893081761,0.4,0.1212121212121212,6405.0,6404.052268344665
32,all,R13,High,R13_OUT,0.0,0.0,3764.9459651384323,0.0,0.35062893081761,0.4,0.1212121212121212,6405.0,6404.052268344665
32,all,R14,High,R14_OUT,0.0,0.0,4530.516793302325,0.0,0.35062893081761,0.4,0.1212121212121212,6405.0,6404.052268344665
32,all,R15,High,R15_OUT,0.0,0.0,-9447.805481726084,-0.0,0.35062893081761,0.4,0.1212121212121212,6405.0,6404.052268344665
32,all,R16,High,R16_OUT,0.0,0.0,35346.24658133494,0.0,0.35062893081761,0.4,0.1212121212121212,6405.0,6404.052268344665
32,all,R17,High,R17_OUT,0.0,0.0,5647.114496123739,0.0,0.35062893081761,0.4,0.1212121212121212,6405.0,6404.052268344665
32,all,R18,Very_High,R18_OUT,0.0,0.0,7482.023607018695,0.0,0.35062893081761,0.4,0.1212121212121212,6405.0,6404.052268344665
32,all,R19,Very_High,R19_OUT,0.0,0.0,-11279.418102536774,-0.0,0.35062893081761,0.4,0.1212121212121212,6405.0,6404.052268344665
32,all,R20,Very_High,R20_OUT,0.0,0.0,9926.127247960212,0.0,0.35062893081761,0.4,0.1212121212121212,6405.0,6404.052268344665
33,all,R1,Very_Low,R1_OUT,0.0,0.0,6022.3605486104125,0.0,0.1855345911949685,0.6,0.0606060606060606,651.0,651.0995786707063
33,all,R2,Low,R2_OUT,0.24428571428571438,0.44129619283262833,9853.238761467095,4348.196752506311,0.1855345911949685,0.6,0.0606060606060606,651.0,651.0995786707063
33,all,R3,Low,R3_OUT,0.0,0.0,-730.409152672554,-0.0,0.1855345911949685,0.6,0.0606060606060606,651.0,651.0995786707063
33,all,R4,Low,R4_OUT,0.0,0.0,1175.866321413033,0.0,0.1855345911949685,0.6,0.0606060606060606,651.0,651.0995786707063
33,all,R5,Medium,R5_OUT,0.0,0.0,5660.562890754267,0.0,0.1855345911949685,0.6,0.0606060606060606,651.0,651.0995786707063
33,all,R6,Medium,R6_OUT,0.30927835051546393,0.5587038071673716,-6617.275784426614,-3697.0971738356043,0.1855345911949685,0.6,0.0606060606060606,651.0,651.0995786707063
33,all,R7,Medium,R7_OUT,0.0,0.0,6643.401363244004,0.0,0.1855345911949685,0.6,0.0606060606060606,651.0,651.0995786707063
33,all,R8,Medium,R8_OUT,0.0,0.0,6695.330741435442,0.0,0.1855345911949685,0.6,0.0606060606060606,651.0,651.0995786707063
33,all,R9,High,R9_OUT,0.0,0.0,24868.80252941265,0.0,0.1855345911949685,0.6,0.0606060606060606,651.0,651.0995786707063
33,all,R10,High,R10_OUT,0.0,0.0,19.687433854905976,0.0,0.1855345911949685,0.6,0.0606060606060606,651.0,651.0995786707063
33,all,R11,Medium,R11_OUT,0.0,0.0,-3598.1080740052785,-0.0,0.1855345911949685,0.6,0.0606060606060606,651.0,651.0995786707063
33,all,R12,Medium,R12_OUT,0.0,0.0,2706.8615079211354,0.0,0.1855345911949685,0.6,0.0606060606060606,651.0,651.0995786707063
33,all,R13,High,R13_OUT,0.0,0.0,3723.6093654263886,0.0,0.1855345911949685,0.6,0.0606060606060606,651.0,651.0995786707063
33,all,R14,High,R14_OUT,0.0,0.0,8691.694291437616,0.0,0.1855345911949685,0.6,0.0606060606060606,651.0,651.0995786707063
33,all,R15,High,R15_OUT,0.0,0.0,-11856.710605936956,-0.0,0.1855345911949685,0.6,0.0606060606060606,651.0,651.0995786707063
33,all,R16,High,R16_OUT,0.0,0.0,40740.06131992118,0.0,0.1855345911949685,0.6,0.0606060606060606,651.0,651.0995786707063
33,all,R17,High,R17_OUT,0.0,0.0,4717.272596381845,0.0,0.1855345911949685,0.6,0.0606060606060606,651.0,651.0995786707063
33,all,R18,Very_High,R18_OUT,0.0,0.0,17138.90886000749,0.0,0.1855345911949685,0.6,0.0606060606060606,651.0,651.0995786707063
33,all,R19,Very_High,R19_OUT,0.0,0.0,-8326.39579045739,-0.0,0.1855345911949685,0.6,0.0606060606060606,651.0,651.0995786707063
33,all,R20,Very_High,R20_OUT,0.0,0.0,6340.084068354337,0.0,0.1855345911949685,0.6,0.0606060606060606,651.0,651.0995786707063
34,all,R1,Very_Low,R1_OUT,0.0,0.0,26136.104676668572,0.0,0.5817610062893082,0.4,0.4848484848484848,9135.0,14547.199761281863
34,all,R2,Low,R2_OUT,0.0,0.0,19095.796256285466,0.0,0.5817610062893082,0.4,0.4848484848484848,9135.0,14547.199761281863
34,all,R3,Low,R3_OUT,0.0,0.0,-2044.2423147008212,-0.0,0.5817610062893082,0.4,0.4848484848484848,9135.0,14547.199761281863
34,all,R4,Low,R4_OUT,0.0,0.0,7440.297649102522,0.0,0.5817610062893082,0.4,0.4848484848484848,9135.0,14547.199761281863
34,all,R5,Medium,R5_OUT,0.0,0.0,-12276.580988956372,-0.0,0.5817610062893082,0.4,0.4848484848484848,9135.0,14547.199761281863
34,all,R6,Medium,R6_OUT,0.0,0.0,4491.492003993517,0.0,0.5817610062893082,0.4,0.4848484848484848,9135.0,14547.199761281863
34,all,R7,Medium,R7_OUT,0.0,0.0,16163.912182565773,0.0,0.5817610062893082,0.4,0.4848484848484848,9135.0,14547.199761281863
34,all,R8,Medium,R8_OUT,0.0,0.0,29616.060502646164,0.0,0.5817610062893082,0.4,0.4848484848484848,9135.0,14547.199761281863
34,all,R9,High,R9_OUT,0.0,0.0,-105604.1405964281,-0.0,0.5817610062893082,0.4,0.4848484848484848,9135.0,14547.199761281863
34,all,R10,High,R10_OUT,0.0,0.0,40154.16419649721,0.0,0.5817610062893082,0.4,0.4848484848484848,9135.0,14547.199761281863
34,all,R11,Medium,R11_OUT,0.0,0.0,27110.47214240431,0.0,0.5817610062893082,0.4,0.4848484848484848,9135.0,14547.199761281863
34,all,R12,Medium,R12_OUT,0.0,0.0,9882.78202318163,0.0,0.5817610062893082,0.4,0.4848484848484848,9135.0,14547.199761281863
34,all,R13,High,R13_OUT,0.0,0.0,4237.384466063187,0.0,0.5817610062893082,0.4,0.4848484848484848,9135.0,14547.199761281863
34,all,R14,High,R14_OUT,0.0,0.0,-9050.082987778169,-0.0,0.5817610062893082,0.4,0.4848484848484848,9135.0,14547.199761281863
34,all,R15,High,R15_OUT,0.0,0.0,28997.940423294287,0.0,0.5817610062893082,0.4,0.4848484848484848,9135.0,14547.199761281863
34,all,R16,High,R16_OUT,0.0,0.0,34313.378733161386,0.0,0.5817610062893082,0.4,0.4848484848484848,9135.0,14547.199761281863
34,all,R17,High,R17_OUT,0.0,0.0,11369.96071878328,0.0,0.5817610062893082,0.4,0.4848484848484848,9135.0,14547.199761281863
34,all,R18,Very_High,R18_OUT,0.0,0.0,-10612.889447026417,-0.0,0.5817610062893082,0.4,0.4848484848484848,9135.0,14547.199761281863
34,all,R19,Very_High,R19_OUT,0.0,0.0,-17830.033890963874,-0.0,0.5817610062893082,0.4,0.4848484848484848,9135.0,14547.199761281863
34,all,R20,Very_High,R20_OUT,0.04511930585683296,1.0,14547.199761281863,14547.199761281863,0.5817610062893082,0.4,0.4848484848484848,9135.0,14547.199761281863
35,all,R1,Very_Low,R1_OUT,0.0,0.0,20903.167301376474,0.0,0.4544025157232704,0.6,0.303030303030303,1435.0,1435.9763530809942
35,all,R2,Low,R2_OUT,0.0,0.0,16721.08566494638,0.0,0.4544025157232704,0.6,0.303030303030303,1435.0,1435.9763530809942
35,all,R3,Low,R3_OUT,0.0,0.0,995.8977802336794,0.0,0.4544025157232704,0.6,0.303030303030303,1435.0,1435.9763530809942
35,all,R4,Low,R4_OUT,0.0,0.0,5761.8264006653935,0.0,0.4544025157232704,0.6,0.303030303030303,1435.0,1435.9763530809942
35,all,R5,Medium,R5_OUT,0.0,0.0,-4158.207239768031,-0.0,0.4544025157232704,0.6,0.303030303030303,1435.0,1435.9763530809942
35,all,R6,Medium,R6_OUT,0.0,0.0,556.1020086452027,0.0,0.4544025157232704,0.6,0.303030303030303,1435.0,1435.9763530809942
35,all,R7,Medium,R7_OUT,0.0,0.0,13792.805460068048,0.0,0.4544025157232704,0.6,0.303030303030303,1435.0,1435.9763530809942
35,all,R8,Medium,R8_OUT,0.0,0.0,17252.351124716915,0.0,0.4544025157232704,0.6,0.303030303030303,1435.0,1435.9763530809942
35,all,R9,High,R9_OUT,0.0,0.0,-52986.429127614705,-0.0,0.4544025157232704,0.6,0.303030303030303,1435.0,1435.9763530809942
35,all,R10,High,R10_OUT,0.0,0.0,26413.36514803862,0.0,0.4544025157232704,0.6,0.303030303030303,1435.0,1435.9763530809942
35,all,R11,Medium,R11_OUT,0.0,0.0,16311.501516071468,0.0,0.4544025157232704,0.6,0.303030303030303,1435.0,1435.9763530809942
35,all,R12,Medium,R12_OUT,0.0,0.0,8028.6173759105295,0.0,0.4544025157232704,0.6,0.303030303030303,1435.0,1435.9763530809942
35,all,R13,High,R13_OUT,0.0,0.0,4632.42681723516,0.0,0.4544025157232704,0.6,0.303030303030303,1435.0,1435.9763530809942
35,all,R14,High,R14_OUT,0.0,0.0,-593.1526285459258,-0.0,0.4544025157232704,0.6,0.303030303030303,1435.0,1435.9763530809942
35,all,R15,High,R15_OUT,0.0,0.0,9744.689420066155,0.0,0.4544025157232704,0.6,0.303030303030303,1435.0,1435.9763530809942
35,all,R16,High,R16_OUT,0.0,0.0,38211.476684406996,0.0,0.4544025157232704,0.6,0.303030303030303,1435.0,1435.9763530809942
35,all,R17,High,R17_OUT,0.0,0.0,5333.818752961619,0.0,0.4544025157232704,0.6,0.303030303030303,1435.0,1435.9763530809942
35,all,R18,Very_High,R18_OUT,0.12364425162689804,1.0,1435.9763530809942,1435.9763530809942,0.4544025157232704,0.6,0.303030303030303,1435.0,1435.9763530809942
35,all,R19,Very_High,R19_OUT,0.0,0.0,-18538.002942814186,-0.0,0.4544025157232704,0.6,0.303030303030303,1435.0,1435.9763530809942
35,all,R20,Very_High,R20_OUT,0.0,0.0,12356.235108717869,0.0,0.4544025157232704,0.6,0.303030303030303,1435.0,1435.9763530809942
36,all,R1,Very_Low,R1_OUT,0.0,0.05,16827.967276574098,841.398363828705,0.4685534591194968,0.0,0.2121212121212121,5922.0,5151.737643824606
36,all,R2,Low,R2_OUT,0.0,0.05,14391.344012183827,719.5672006091913,0.4685534591194968,0.0,0.2121212121212121,5922.0,5151.737643824606
36,all,R3,Low,R3_OUT,0.0,0.05,-8157.965861166303,-407.8982930583152,0.4685534591194968,0.0,0.2121212121212121,5922.0,5151.737643824606
36,all,R4,Low,R4_OUT,0.0,0.05,7022.485375278232,351.12426876391163,0.4685534591194968,0.0,0.2121212121212121,5922.0,5151.737643824606
36,all,R5,Medium,R5_OUT,0.0,0.05,-3062.8190653942393,-153.14095326971196,0.4685534591194968,0.0,0.2121212121212121,5922.0,5151.737643824606
36,all,R6,Medium,R6_OUT,0.0,0.05,2786.234637388294,139.3117318694147,0.4685534591194968,0.0,0.2121212121212121,5922.0,5151.737643824606
36,all,R7,Medium,R7_OUT,0.0,0.05,13380.979119133146,669.0489559566573,0.4685534591194968,0.0,0.2121212121212121,5922.0,5151.737643824606
36,all,R8,Medium,R8_OUT,0.0,0.05,33934.635469346416,1696.7317734673209,0.4685534591194968,0.0,0.2121212121212121,5922.0,5151.737643824606
36,all,R9,High,R9_OUT,0.0,0.05,-52262.2331139366,-2613.11165569683,0.4685534591194968,0.0,0.2121212121212121,5922.0,5151.737643824606
36,all,R10,High,R10_OUT,0.0,0.05,9813.152336522871,490.65761682614357,0.4685534591194968,0.0,0.2121212121212121,5922.0,5151.737643824606
36,all,R11,Medium,R11_OUT,0.0,0.05,20002.488747970685,1000.1244373985343,0.4685534591194968,0.0,0.2121212121212121,5922.0,5151.737643824606
36,all,R12,Medium,R12_OUT,0.0,0.05,7970.511428139963,398.52557140699815,0.4685534591194968,0.0,0.2121212121212121,5922.0,5151.737643824606
36,all,R13,High,R13_OUT,0.0,0.05,2809.67223628202,140.483611814101,0.4685534591194968,0.0,0.2121212121212121,5922.0,5151.737643824606
36,all,R14,High,R14_OUT,0.0,0.05,-2271.5022302130137,-113.57511151065069,0.4685534591194968,0.0,0.2121212121212121,5922.0,5151.737643824606
36,all,R15,High,R15_OUT,0.0,0.05,-1058.852779695966,-52.94263898479831,0.4685534591194968,0.0,0.2121212121212121,5922.0,5151.737643824606
36,all,R16,High,R16_OUT,0.0,0.05,27738.672234439426,1386.9336117219714,0.4685534591194968,0.0,0.2121212121212121,5922.0,5151.737643824606
36,all,R17,High,R17_OUT,0.0,0.05,12408.50460583072,620.4252302915361,0.4685534591194968,0.0,0.2121212121212121,5922.0,5151.737643824606
36,all,R18,Very_High,R18_OUT,0.0,0.05,-4203.72907181767,-210.1864535908835,0.4685534591194968,0.0,0.2121212121212121,5922.0,5151.737643824606
36,all,R19,Very_High,R19_OUT,0.0,0.05,-6811.960918771663,-340.5980459385832,0.4685534591194968,0.0,0.2121212121212121,5922.0,5151.737643824606
36,all,R20,Very_High,R20_OUT,0.0,0.05,11777.168438397874,588.8584219198937,0.4685534591194968,0.0,0.2121212121212121,5922.0,5151.737643824606
37,all,R1,Very_Low,R1_OUT,0.0,0.0,4277.445160139124,0.0,0.1855345911949685,0.4,0.0909090909090909,847.0,848.9844759794469
37,all,R2,Low,R2_OUT,0.0,0.0,8968.043299815537,0.0,0.1855345911949685,0.4,0.0909090909090909,847.0,848.9844759794469
37,all,R3,Low,R3_OUT,0.0,0.0,-4307.833573487614,-0.0,0.1855345911949685,0.4,0.0909090909090909,847.0,848.9844759794469
37,all,R4,Low,R4_OUT,0.0,0.0,983.1804787404453,0.0,0.1855345911949685,0.4,0.0909090909090909,847.0,848.9844759794469
37,all,R5,Medium,R5_OUT,0.06785714285714287,0.4412961928326284,3639.933405468589,1606.2887539975923,0.1855345911949685,0.4,0.0909090909090909,847.0,848.9844759794469
37,all,R6,Medium,R6_OUT,0.0,0.0,-6050.881333628981,-0.0,0.1855345911949685,0.4,0.0909090909090909,847.0,848.9844759794469
37,all,R7,Medium,R7_OUT,0.0,0.0,5899.883942252385,0.0,0.1855345911949685,0.4,0.0909090909090909,847.0,848.9844759794469
37,all,R8,Medium,R8_OUT,0.0,0.0,13340.36153421157,0.0,0.1855345911949685,0.4,0.0909090909090909,847.0,848.9844759794469
37,all,R9,High,R9_OUT,0.0,0.0,15396.31235603035,0.0,0.1855345911949685,0.4,0.0909090909090909,847.0,848.9844759794469
37,all,R10,High,R10_OUT,0.08591065292096217,0.5587038071673716,-1355.4664713270504,-757.304278018146,0.1855345911949685,0.4,0.0909090909090909,847.0,848.9844759794469
37,all,R11,Medium,R11_OUT,0.0,0.0,-2405.960655514389,-0.0,0.1855345911949685,0.4,0.0909090909090909,847.0,848.9844759794469
37,all,R12,Medium,R12_OUT,0.0,0.0,2240.3068165964078,0.0,0.1855345911949685,0.4,0.0909090909090909,847.0,848.9844759794469
37,all,R13,High,R13_OUT,0.0,0.0,2971.050455156125,0.0,0.1855345911949685,0.4,0.0909090909090909,847.0,848.9844759794469
37,all,R14,High,R14_OUT,0.0,0.0,5955.874519785014,0.0,0.1855345911949685,0.4,0.0909090909090909,847.0,848.9844759794469
37,all,R15,High,R15_OUT,0.0,0.0,-7532.456416067218,-0.0,0.1855345911949685,0.4,0.0909090909090909,847.0,848.9844759794469
37,all,R16,High,R16_OUT,0.0,0.0,37770.13483350295,0.0,0.1855345911949685,0.4,0.0909090909090909,847.0,848.9844759794469
37,all,R17,High,R17_OUT,0.0,0.0,9234.29286448669,0.0,0.1855345911949685,0.4,0.0909090909090909,847.0,848.9844759794469
37,all,R18,Very_High,R18_OUT,0.0,0.0,13614.291925572355,0.0,0.1855345911949685,0.4,0.0909090909090909,847.0,848.9844759794469
37,all,R19,Very_High,R19_OUT,0.0,0.0,-3307.777922039765,-0.0,0.1855345911949685,0.4,0.0909090909090909,847.0,848.9844759794469
37,all,R20,Very_High,R20_OUT,0.0,0.0,5811.425653767943,0.0,0.1855345911949685,0.4,0.0909090909090909,847.0,848.9844759794469
38,all,R1,Very_Low,R1_OUT,0.0,0.05,37735.876207805835,1886.7938103902918,0.7248427672955975,0.8,0.4545454545454545,8050.0,7068.099905055474
38,all,R2,Low,R2_OUT,0.0,0.05,24502.936311885504,1225.1468155942753,0.7248427672955975,0.8,0.4545454545454545,8050.0,7068.099905055474
38,all,R3,Low,R3_OUT,0.0,0.05,6783.898427371138,339.1949213685569,0.7248427672955975,0.8,0.4545454545454545,8050.0,7068.099905055474
38,all,R4,Low,R4_OUT,0.0,0.05,11076.464358081856,553.8232179040928,0.7248427672955975,0.8,0.4545454545454545,8050.0,7068.099905055474
38,all,R5,Medium,R5_OUT,0.0,0.05,-9567.575515107512,-478.3787757553756,0.7248427672955975,0.8,0.4545454545454545,8050.0,7068.099905055474
38,all,R6,Medium,R6_OUT,0.0,0.05,7253.933905751541,362.6966952875771,0.7248427672955975,0.8,0.4545454545454545,8050.0,7068.099905055474
38,all,R7,Medium,R7_OUT,0.0,0.05,22187.331006619686,1109.3665503309844,0.7248427672955975,0.8,0.4545454545454545,8050.0,7068.099905055474
38,all,R8,Medium,R8_OUT,0.0,0.05,20012.093851475453,1000.6046925737727,0.7248427672955975,0.8,0.4545454545454545,8050.0,7068.099905055474
38,all,R9,High,R9_OUT,0.0,0.05,-111229.05579639356,-5561.452789819678,0.7248427672955975,0.8,0.4545454545454545,8050.0,7068.099905055474
38,all,R10,High,R10_OUT,0.0,0.05,49917.272344672354,2495.863617233618,0.7248427672955975,0.8,0.4545454545454545,8050.0,7068.099905055474
38,all,R11,Medium,R11_OUT,0.0,0.05,34847.88484127153,1742.3942420635767,0.7248427672955975,0.8,0.4545454545454545,8050.0,7068.099905055474
38,all,R12,Medium,R12_OUT,0.0,0.05,14186.403594382571,709.3201797191286,0.7248427672955975,0.8,0.4545454545454545,8050.0,7068.099905055474
38,all,R13,High,R13_OUT,0.0,0.05,6422.5071347135345,321.12535673567675,0.7248427672955975,0.8,0.4545454545454545,8050.0,7068.099905055474
38,all,R14,High,R14_OUT,0.0,0.05,-4959.477989361789,-247.97389946808946,0.7248427672955975,0.8,0.4545454545454545,8050.0,7068.099905055474
38,all,R15,High,R15_OUT,0.0,0.05,19206.786558939042,960.3393279469522,0.7248427672955975,0.8,0.4545454545454545,8050.0,7068.099905055474
38,all,R16,High,R16_OUT,0.0,0.05,38182.22133028069,1909.1110665140347,0.7248427672955975,0.8,0.4545454545454545,8050.0,7068.099905055474
38,all,R17,High,R17_OUT,0.0,0.05,-637.8118129212507,-31.890590646062538,0.7248427672955975,0.8,0.4545454545454545,8050.0,7068.099905055474
38,all,R18,Very_High,R18_OUT,0.0,0.05,-8997.907459368944,-449.8953729684472,0.7248427672955975,0.8,0.4545454545454545,8050.0,7068.099905055474
38,all,R19,Very_High,R19_OUT,0.0,0.05,-34718.04104883026,-1735.902052441513,0.7248427672955975,0.8,0.4545454545454545,8050.0,7068.099905055474
38,all,R20,Very_High,R20_OUT,0.0,0.05,19156.257849842077,957.8128924921039,0.7248427672955975,0.8,0.4545454545454545,8050.0,7068.099905055474
39,all,R1,Very_Low,R1_OUT,0.0,0.05,29477.452347602084,1473.8726173801042,0.6320754716981132,0.4,0.2424242424242424,4620.0,6372.911665917062
39,all,R2,Low,R2_OUT,0.0,0.05,20328.322188432576,1016.4161094216288,0.6320754716981132,0.4,0.2424242424242424,4620.0,6372.911665917062
39,all,R3,Low,R3_OUT,0.0,0.05,478.97631601516514,23.948815800758258,0.6320754716981132,0.4,0.2424242424242424,4620.0,6372.911665917062
39,all,R4,Low,R4_OUT,0.0,0.05,10661.054306463524,533.0527153231762,0.6320754716981132,0.4,0.2424242424242424,4620.0,6372.911665917062
39,all,R5,Medium,R5_OUT,0.0,0.05,-2763.6804135172215,-138.1840206758611,0.6320754716981132,0.4,0.2424242424242424,4620.0,6372.911665917062
39,all,R6,Medium,R6_OUT,0.0,0.05,6060.769745306199,303.03848726531,0.6320754716981132,0.4,0.2424242424242424,4620.0,6372.911665917062
39,all,R7,Medium,R7_OUT,0.0,0.05,19635.25953139252,981.7629765696261,0.6320754716981132,0.4,0.2424242424242424,4620.0,6372.911665917062
39,all,R8,Medium,R8_OUT,0.0,0.05,25958.758316186046,1297.9379158093025,0.6320754716981132,0.4,0.2424242424242424,4620.0,6372.911665917062
39,all,R9,High,R9_OUT,0.0,0.05,-71010.84492057329,-3550.5422460286645,0.6320754716981132,0.4,0.2424242424242424,4620.0,6372.911665917062
39,all,R10,High,R10_OUT,0.0,0.05,24587.90330929044,1229.395165464522,0.6320754716981132,0.4,0.2424242424242424,4620.0,6372.911665917062
39,all,R11,Medium,R11_OUT,0.0,0.05,29455.803829586395,1472.79019147932,0.6320754716981132,0.4,0.2424242424242424,4620.0,6372.911665917062
39,all,R12,Medium,R12_OUT,0.0,0.05,12448.630020552668,622.4315010276334,0.6320754716981132,0.4,0.2424242424242424,4620.0,6372.911665917062
39,all,R13,High,R13_OUT,0.0,0.05,4979.981611405518,248.99908057027594,0.6320754716981132,0.4,0.2424242424242424,4620.0,6372.911665917062
39,all,R14,High,R14_OUT,0.0,0.05,-407.92220090557385,-20.396110045278693,0.6320754716981132,0.4,0.2424242424242424,4620.0,6372.911665917062
39,all,R15,High,R15_OUT,0.0,0.05,-3807.661527833836,-190.38307639169182,0.6320754716981132,0.4,0.2424242424242424,4620.0,6372.911665917062
39,all,R16,High,R16_OUT,0.0,0.05,31725.234160138243,1586.2617080069122,0.6320754716981132,0.4,0.2424242424242424,4620.0,6372.911665917062
39,all,R17,High,R17_OUT,0.0,0.05,1858.4421556158723,92.92210778079362,0.6320754716981132,0.4,0.2424242424242424,4620.0,6372.911665917062
39,all,R18,Very_High,R18_OUT,0.0,0.05,-5031.1952815424775,-251.55976407712387,0.6320754716981132,0.4,0.2424242424242424,4620.0,6372.911665917062
39,all,R19,Very_High,R19_OUT,0.0,0.05,-23871.023750862267,-1193.5511875431134,0.6320754716981132,0.4,0.2424242424242424,4620.0,6372.911665917062
39,all,R20,Very_High,R20_OUT,0.0,0.05,16693.97357558866,834.6986787794331,0.6320754716981132,0.4,0.2424242424242424,4620.0,6372.911665917062
40,all,R1,Very_Low,R1_OUT,0.0,0.05,50703.32374253678,2535.166187126839,1.0,0.6,1.0,2352.0,6603.752193660277
40,all,R2,Low,R2_OUT,0.0,0.05,30695.128658496284,1534.7564329248144,1.0,0.6,1.0,2352.0,6603.752193660277
40,all,R3,Low,R3_OUT,0.0,0.05,2931.5049185515945,146.57524592757974,1.0,0.6,1.0,2352.0,6603.752193660277
40,all,R4,Low,R4_OUT,0.0,0.05,13384.656662837568,669.2328331418785,1.0,0.6,1.0,2352.0,6603.752193660277
40,all,R5,Medium,R5_OUT,0.0,0.05,-32169.258141355112,-1608.4629070677556,1.0,0.6,1.0,2352.0,6603.752193660277
40,all,R6,Medium,R6_OUT,0.0,0.05,14950.959436335754,747.5479718167877,1.0,0.6,1.0,2352.0,6603.752193660277
40,all,R7,Medium,R7_OUT,0.0,0.05,26780.71082056897,1339.0355410284485,1.0,0.6,1.0,2352.0,6603.752193660277
40,all,R8,Medium,R8_OUT,0.0,0.05,42688.16037091082,2134.408018545541,1.0,0.6,1.0,2352.0,6603.752193660277
40,all,R9,High,R9_OUT,0.0,0.05,-245998.75466729706,-12299.937733364854,1.0,0.6,1.0,2352.0,6603.752193660277
40,all,R10,High,R10_OUT,0.0,0.05,94581.32079995453,4729.066039997727,1.0,0.6,1.0,2352.0,6603.752193660277
40,all,R11,Medium,R11_OUT,0.0,0.05,57696.353805652674,2884.817690282634,1.0,0.6,1.0,2352.0,6603.752193660277
40,all,R12,Medium,R12_OUT,0.0,0.05,17709.233432203917,885.4616716101959,1.0,0.6,1.0,2352.0,6603.752193660277
40,all,R13,High,R13_OUT,0.0,0.05,6068.745778806173,303.43728894030863,1.0,0.6,1.0,2352.0,6603.752193660277
40,all,R14,High,R14_OUT,0.0,0.05,-26829.213227926346,-1341.4606613963174,1.0,0.6,1.0,2352.0,6603.752193660277
40,all,R15,High,R15_OUT,0.0,0.05,79831.01845256504,3991.550922628252,1.0,0.6,1.0,2352.0,6603.752193660277
40,all,R16,High,R16_OUT,0.0,0.05,34587.150348854026,1729.3575174427015,1.0,0.6,1.0,2352.0,6603.752193660277
40,all,R17,High,R17_OUT,0.0,0.05,13443.509072846386,672.1754536423193,1.0,0.6,1.0,2352.0,6603.752193660277
40,all,R18,Very_High,R18_OUT,0.0,0.05,-36499.19551501678,-1824.959775750839,1.0,0.6,1.0,2352.0,6603.752193660277
40,all,R19,Very_High,R19_OUT,0.0,0.05,-36317.39891028624,-1815.8699455143121,1.0,0.6,1.0,2352.0,6603.752193660277
40,all,R20,Very_High,R20_OUT,0.0,0.05,23837.088033966495,1191.8544016983249,1.0,0.6,1.0,2352.0,6603.752193660277
41,all,R1,Very_Low,R1_OUT,0.0,0.0,-2716.780968356469,-0.0,0.0691823899371069,0.4,0.2727272727272727,2174.0,2176.0800600346192
41,all,R2,Low,R2_OUT,0.0,0.0,6048.483127644519,0.0,0.0691823899371069,0.4,0.2727272727272727,2174.0,2176.0800600346192
41,all,R3,Low,R3_OUT,0.0,0.0,-7246.928719830568,-0.0,0.0691823899371069,0.4,0.2727272727272727,2174.0,2176.0800600346192
41,all,R4,Low,R4_OUT,0.0,0.0,-3355.2236489141374,-0.0,0.0691823899371069,0.4,0.2727272727272727,2174.0,2176.0800600346192
41,all,R5,Medium,R5_OUT,0.0,0.0,-3419.40469727256,-0.0,0.0691823899371069,0.4,0.2727272727272727,2174.0,2176.0800600346192
41,all,R6,Medium,R6_OUT,0.0,0.0,-9381.2030717279,-0.0,0.0691823899371069,0.4,0.2727272727272727,2174.0,2176.0800600346192
41,all,R7,Medium,R7_OUT,0.0,0.0,680.4247986986311,0.0,0.0691823899371069,0.4,0.2727272727272727,2174.0,2176.0800600346192
41,all,R8,Medium,R8_OUT,0.0,0.0,14383.900194544014,0.0,0.0691823899371069,0.4,0.2727272727272727,2174.0,2176.0800600346192
41,all,R9,High,R9_OUT,0.1871428571428571,0.949367088607595,106.98985558569984,101.57264770794289,0.0691823899371069,0.4,0.2727272727272727,2174.0,2176.0800600346192
41,all,R10,High,R10_OUT,0.0,0.0,7652.377758862029,0.0,0.0691823899371069,0.4,0.2727272727272727,2174.0,2176.0800600346192
41,all,R11,Medium,R11_OUT,0.0,0.0,-9646.472050767663,-0.0,0.0691823899371069,0.4,0.2727272727272727,2174.0,2176.0800600346192
41,all,R12,Medium,R12_OUT,0.0,0.0,-1626.838754180745,-0.0,0.0691823899371069,0.4,0.2727272727272727,2174.0,2176.0800600346192
41,all,R13,High,R13_OUT,0.0,0.0,2007.3502323190553,0.0,0.0691823899371069,0.4,0.2727272727272727,2174.0,2176.0800600346192
41,all,R14,High,R14_OUT,0.0,0.0,-367.44899324850667,-0.0,0.0691823899371069,0.4,0.2727272727272727,2174.0,2176.0800600346192
41,all,R15,High,R15_OUT,0.0,0.0,19831.400693861393,0.0,0.0691823899371069,0.4,0.2727272727272727,2174.0,2176.0800600346192
41,all,R16,High,R16_OUT,0.00998095238095238,0.05063291139240507,40971.52139345191,2074.5074123266795,0.0691823899371069,0.4,0.2727272727272727,2174.0,2176.0800600346192
41,all,R17,High,R17_OUT,0.0,0.0,18558.811689962648,0.0,0.0691823899371069,0.4,0.2727272727272727,2174.0,2176.0800600346192
41,all,R18,Very_High,R18_OUT,0.0,0.0,11920.93714910535,0.0,0.0691823899371069,0.4,0.2727272727272727,2174.0,2176.0800600346192
41,all,R19,Very_High,R19_OUT,0.0,0.0,5226.067185262147,0.0,0.0691823899371069,0.4,0.2727272727272727,2174.0,2176.0800600346192
41,all,R20,Very_High,R20_OUT,0.0,0.0,2190.772668734809,0.0,0.0691823899371069,0.4,0.2727272727272727,2174.0,2176.0800600346192
42,all,R1,Very_Low,R1_OUT,0.0,0.05,16633.023476721017,831.6511738360509,0.3867924528301887,0.6,0.5151515151515151,6699.0,5541.050294705392
42,all,R2,Low,R2_OUT,0.0,0.05,15044.075757399456,752.2037878699729,0.3867924528301887,0.6,0.5151515151515151,6699.0,5541.050294705392
42,all,R3,Low,R3_OUT,0.0,0.05,-1525.922873634598,-76.2961436817299,0.3867924528301887,0.6,0.5151515151515151,6699.0,5541.050294705392
42,all,R4,Low,R4_OUT,0.0,0.05,2366.8133350843696,118.34066675421849,0.3867924528301887,0.6,0.5151515151515151,6699.0,5541.050294705392
42,all,R5,Medium,R5_OUT,0.0,0.05,-12459.394044625828,-622.9697022312914,0.3867924528301887,0.6,0.5151515151515151,6699.0,5541.050294705392
42,all,R6,Medium,R6_OUT,0.0,0.05,-1463.0250446377122,-73.1512522318856,0.3867924528301887,0.6,0.5151515151515151,6699.0,5541.050294705392
42,all,R7,Medium,R7_OUT,0.0,0.05,9970.591940264538,498.5295970132269,0.3867924528301887,0.6,0.5151515151515151,6699.0,5541.050294705392
42,all,R8,Medium,R8_OUT,0.0,0.05,19942.659144015728,997.1329572007864,0.3867924528301887,0.6,0.5151515151515151,6699.0,5541.050294705392
42,all,R9,High,R9_OUT,0.0,0.05,-80058.86806705373,-4002.943403352687,0.3867924528301887,0.6,0.5151515151515151,6699.0,5541.050294705392
42,all,R10,High,R10_OUT,0.0,0.05,39233.78799377974,1961.6893996889871,0.3867924528301887,0.6,0.5151515151515151,6699.0,5541.050294705392
42,all,R11,Medium,R11_OUT,0.0,0.05,12614.882500827134,630.7441250413567,0.3867924528301887,0.6,0.5151515151515151,6699.0,5541.050294705392
42,all,R12,Medium,R12_OUT,0.0,0.05,5200.67250638621,260.03362531931054,0.3867924528301887,0.6,0.5151515151515151,6699.0,5541.050294705392
42,all,R13,High,R13_OUT,0.0,0.05,3860.6286059115237,193.0314302955762,0.3867924528301887,0.6,0.5151515151515151,6699.0,5541.050294705392
42,all,R14,High,R14_OUT,0.0,0.05,-8107.55419392317,-405.3777096961585,0.3867924528301887,0.6,0.5151515151515151,6699.0,5541.050294705392
42,all,R15,High,R15_OUT,0.0,0.05,39277.487821278024,1963.8743910639014,0.3867924528301887,0.6,0.5151515151515151,6699.0,5541.050294705392
42,all,R16,High,R16_OUT,0.0,0.05,40854.18662485673,2042.7093312428367,0.3867924528301887,0.6,0.5151515151515151,6699.0,5541.050294705392
42,all,R17,High,R17_OUT,0.0,0.05,14313.661466663221,715.6830733331611,0.3867924528301887,0.6,0.5151515151515151,6699.0,5541.050294705392
42,all,R18,Very_High,R18_OUT,0.0,0.05,-2700.131287423672,-135.0065643711836,0.3867924528301887,0.6,0.5151515151515151,6699.0,5541.050294705392
42,all,R19,Very_High,R19_OUT,0.0,0.05,-12051.206001689663,-602.5603000844832,0.3867924528301887,0.6,0.5151515151515151,6699.0,5541.050294705392
42,all,R20,Very_High,R20_OUT,0.0,0.05,9874.636233908514,493.7318116954257,0.3867924528301887,0.6,0.5151515151515151,6699.0,5541.050294705392
43,all,R1,Very_Low,R1_OUT,0.0,0.0,11146.315933412563,0.0,0.2814465408805031,0.6,0.2424242424242424,4004.0,4004.542642158787
43,all,R2,Low,R2_OUT,0.0,0.0,12320.626041559932,0.0,0.2814465408805031,0.6,0.2424242424242424,4004.0,4004.542642158787
43,all,R3,Low,R3_OUT,0.0,0.0,-843.4651310894028,-0.0,0.2814465408805031,0.6,0.2424242424242424,4004.0,4004.542642158787
43,all,R4,Low,R4_OUT,0.0,0.0,2029.1211072697974,0.0,0.2814465408805031,0.6,0.2424242424242424,4004.0,4004.542642158787
43,all,R5,Medium,R5_OUT,0.0,0.0,-1602.1859998500604,-0.0,0.2814465408805031,0.6,0.2424242424242424,4004.0,4004.542642158787
43,all,R6,Medium,R6_OUT,0.0,0.0,-4133.516255816631,-0.0,0.2814465408805031,0.6,0.2424242424242424,4004.0,4004.542642158787
43,all,R7,Medium,R7_OUT,0.0,0.0,8487.00352591122,0.0,0.2814465408805031,0.6,0.2424242424242424,4004.0,4004.542642158787
43,all,R8,Medium,R8_OUT,0.0,0.0,12327.351946452036,0.0,0.2814465408805031,0.6,0.2424242424242424,4004.0,4004.542642158787
43,all,R9,High,R9_OUT,0.0,0.0,-19190.772963437405,-0.0,0.2814465408805031,0.6,0.2424242424242424,4004.0,4004.542642158787
43,all,R10,High,R10_OUT,0.0,0.0,16228.030539127172,0.0,0.2814465408805031,0.6,0.2424242424242424,4004.0,4004.542642158787
43,all,R11,Medium,R11_OUT,0.9487179487179492,0.9909370824376925,3961.464631381561,3925.562204001353,0.2814465408805031,0.6,0.2424242424242424,4004.0,4004.542642158787
43,all,R12,Medium,R12_OUT,0.0,0.0,4085.166783565943,0.0,0.2814465408805031,0.6,0.2424242424242424,4004.0,4004.542642158787
43,all,R13,High,R13_OUT,0.0,0.0,3858.1405249311856,0.0,0.2814465408805031,0.6,0.2424242424242424,4004.0,4004.542642158787
43,all,R14,High,R14_OUT,0.0,0.0,1940.9686701776009,0.0,0.2814465408805031,0.6,0.2424242424242424,4004.0,4004.542642158787
43,all,R15,High,R15_OUT,0.0,0.0,8056.076258218862,0.0,0.2814465408805031,0.6,0.2424242424242424,4004.0,4004.542642158787
43,all,R16,High,R16_OUT,0.0,0.0,40538.6969283798,0.0,0.2814465408805031,0.6,0.2424242424242424,4004.0,4004.542642158787
43,all,R17,High,R17_OUT,0.0,0.0,8126.415683486717,0.0,0.2814465408805031,0.6,0.2424242424242424,4004.0,4004.542642158787
43,all,R18,Very_High,R18_OUT,0.008676789587852417,0.009062917562307473,8714.68129489642,78.98043815742919,0.2814465408805031,0.6,0.2424242424242424,4004.0,4004.542642158787
43,all,R19,Very_High,R19_OUT,0.0,0.0,-10600.928006576409,-0.0,0.2814465408805031,0.6,0.2424242424242424,4004.0,4004.542642158787
43,all,R20,Very_High,R20_OUT,0.0,0.0,8147.977168939402,0.0,0.2814465408805031,0.6,0.2424242424242424,4004.0,4004.542642158787
44,all,R1,Very_Low,R1_OUT,0.0,0.0,-1182.5472735598578,-0.0,0.0644654088050314,0.6,0.2121212121212121,2331.0,2331.1215087328374
44,all,R2,Low,R2_OUT,0.09571428571428577,0.15789473684210534,6808.4211295859695,1075.0138625662062,0.0644654088050314,0.6,0.2121212121212121,2331.0,2331.1215087328374
44,all,R3,Low,R3_OUT,0.0,0.0,-3500.637334438846,-0.0,0.0644654088050314,0.6,0.2121212121212121,2331.0,2331.1215087328374
44,all,R4,Low,R4_OUT,0.0,0.0,-3029.1403529201616,-0.0,0.0644654088050314,0.6,0.2121212121212121,2331.0,2331.1215087328374
44,all,R5,Medium,R5_OUT,0.0,0.0,-199.1154140196395,-0.0,0.0644654088050314,0.6,0.2121212121212121,2331.0,2331.1215087328374
44,all,R6,Medium,R6_OUT,0.0,0.0,-10052.908685357464,-0.0,0.0644654088050314,0.6,0.2121212121212121,2331.0,2331.1215087328374
44,all,R7,Medium,R7_OUT,0.5104761904761905,0.8421052631578947,1491.6278298228756,1256.107646166632,0.0644654088050314,0.6,0.2121212121212121,2331.0,2331.1215087328374
44,all,R8,Medium,R8_OUT,0.0,0.0,7043.785311328601,0.0,0.0644654088050314,0.6,0.2121212121212121,2331.0,2331.1215087328374
44,all,R9,High,R9_OUT,0.0,0.0,15395.432884352362,0.0,0.0644654088050314,0.6,0.2121212121212121,2331.0,2331.1215087328374
44,all,R10,High,R10_OUT,0.0,0.0,6708.389852212898,0.0,0.0644654088050314,0.6,0.2121212121212121,2331.0,2331.1215087328374
44,all,R11,Medium,R11_OUT,0.0,0.0,-11312.864776542132,-0.0,0.0644654088050314,0.6,0.2121212121212121,2331.0,2331.1215087328374
44,all,R12,Medium,R12_OUT,0.0,0.0,-1111.5394033694809,-0.0,0.0644654088050314,0.6,0.2121212121212121,2331.0,2331.1215087328374
44,all,R13,High,R13_OUT,0.0,0.0,2795.788454820866,0.0,0.0644654088050314,0.6,0.2121212121212121,2331.0,2331.1215087328374
44,all,R14,High,R14_OUT,0.0,0.0,3470.802467560099,0.0,0.0644654088050314,0.6,0.2121212121212121,2331.0,2331.1215087328374
44,all,R15,High,R15_OUT,0.0,0.0,11792.79805062219,0.0,0.0644654088050314,0.6,0.2121212121212121,2331.0,2331.1215087328374
44,all,R16,High,R16_OUT,0.0,0.0,43794.36874646767,0.0,0.0644654088050314,0.6,0.2121212121212121,2331.0,2331.1215087328374
44,all,R17,High,R17_OUT,0.0,0.0,13159.574787895934,0.0,0.0644654088050314,0.6,0.2121212121212121,2331.0,2331.1215087328374
44,all,R18,Very_High,R18_OUT,0.0,0.0,16492.27407289641,0.0,0.0644654088050314,0.6,0.2121212121212121,2331.0,2331.1215087328374
44,all,R19,Very_High,R19_OUT,0.0,0.0,12.759964090161702,0.0,0.0644654088050314,0.6,0.2121212121212121,2331.0,2331.1215087328374
44,all,R20,Very_High,R20_OUT,0.0,0.0,2706.297642707127,0.0,0.0644654088050314,0.6,0.2121212121212121,2331.0,2331.1215087328374
45,all,R1,Very_Low,R1_OUT,0.0,0.0,8434.169025251249,0.0,0.2044025157232704,0.8,0.2424242424242424,5817.0,3594.208750707474
45,all,R2,Low,R2_OUT,0.0,0.0,11256.106610938485,0.0,0.2044025157232704,0.8,0.2424242424242424,5817.0,3594.208750707474
45,all,R3,Low,R3_OUT,0.12857142857142867,0.32417378388414425,1476.5439049107922,478.6568247260016,0.2044025157232704,0.8,0.2424242424242424,5817.0,3594.208750707474
45,all,R4,Low,R4_OUT,0.0,0.0,88.65939660181039,0.0,0.2044025157232704,0.8,0.2424242424242424,5817.0,3594.208750707474
45,all,R5,Medium,R5_OUT,0.0,0.0,-702.8654905398835,-0.0,0.2044025157232704,0.8,0.2424242424242424,5817.0,3594.208750707474
45,all,R6,Medium,R6_OUT,0.0,0.0,-6834.097513181318,-0.0,0.2044025157232704,0.8,0.2424242424242424,5817.0,3594.208750707474
45,all,R7,Medium,R7_OUT,0.0,0.0,6442.248759559172,0.0,0.2044025157232704,0.8,0.2424242424242424,5817.0,3594.208750707474
45,all,R8,Medium,R8_OUT,0.26804123711340205,0.6758262161158557,4609.989745422035,3115.551925981471,0.2044025157232704,0.8,0.2424242424242424,5817.0,3594.208750707474
45,all,R9,High,R9_OUT,0.0,0.0,-4452.36041873513,-0.0,0.2044025157232704,0.8,0.2424242424242424,5817.0,3594.208750707474
45,all,R10,High,R10_OUT,0.0,0.0,17148.800763515585,0.0,0.2044025157232704,0.8,0.2424242424242424,5817.0,3594.208750707474
45,all,R11,Medium,R11_OUT,0.0,0.0,-2457.2106148871244,-0.0,0.2044025157232704,0.8,0.2424242424242424,5817.0,3594.208750707474
45,all,R12,Medium,R12_OUT,0.0,0.0,2482.5068597453046,0.0,0.2044025157232704,0.8,0.2424242424242424,5817.0,3594.208750707474
45,all,R13,High,R13_OUT,0.0,0.0,4151.79766458637,0.0,0.2044025157232704,0.8,0.2424242424242424,5817.0,3594.208750707474
45,all,R14,High,R14_OUT,0.0,0.0,3738.9857128799613,0.0,0.2044025157232704,0.8,0.2424242424242424,5817.0,3594.208750707474
45,all,R15,High,R15_OUT,0.0,0.0,10316.212394164402,0.0,0.2044025157232704,0.8,0.2424242424242424,5817.0,3594.208750707474
45,all,R16,High,R16_OUT,0.0,0.0,44966.39180358938,0.0,0.2044025157232704,0.8,0.2424242424242424,5817.0,3594.208750707474
45,all,R17,High,R17_OUT,0.0,0.0,6770.127148568159,0.0,0.2044025157232704,0.8,0.2424242424242424,5817.0,3594.208750707474
45,all,R18,Very_High,R18_OUT,0.0,0.0,13785.210721527419,0.0,0.2044025157232704,0.8,0.2424242424242424,5817.0,3594.208750707474
45,all,R19,Very_High,R19_OUT,0.0,0.0,-11261.629701366423,-0.0,0.2044025157232704,0.8,0.2424242424242424,5817.0,3594.208750707474
45,all,R20,Very_High,R20_OUT,0.0,0.0,6598.773494864714,0.0,0.2044025157232704,0.8,0.2424242424242424,5817.0,3594.208750707474
46,all,R1,Very_Low,R1_OUT,0.0,0.0,3633.5722530963803,0.0,0.1477987421383647,0.6,0.1818181818181818,2989.0,2988.7846570933107
46,all,R2,Low,R2_OUT,0.11571428571428582,0.3159693829676003,8917.74927970383,2817.7357373677814,0.1477987421383647,0.6,0.1818181818181818,2989.0,2988.7846570933107
46,all,R3,Low,R3_OUT,0.0,0.0,-2159.487455759502,-0.0,0.1477987421383647,0.6,0.1818181818181818,2989.0,2988.7846570933107
46,all,R4,Low,R4_OUT,0.0,0.0,-742.1658688088814,-0.0,0.1477987421383647,0.6,0.1818181818181818,2989.0,2988.7846570933107
46,all,R5,Medium,R5_OUT,0.0,0.0,916.1665756488055,0.0,0.1477987421383647,0.6,0.1818181818181818,2989.0,2988.7846570933107
46,all,R6,Medium,R6_OUT,0.04123711340206181,0.11260204560382832,-7746.4528042212605,-872.2664319288261,0.1477987421383647,0.6,0.1818181818181818,2989.0,2988.7846570933107
46,all,R7,Medium,R7_OUT,0.1542857142857144,0.42129251062346695,4489.175907721236,1891.2561887942609,0.1477987421383647,0.6,0.1818181818181818,2989.0,2988.7846570933107
46,all,R8,Medium,R8_OUT,0.0,0.0,8252.071757943479,0.0,0.1477987421383647,0.6,0.1818181818181818,2989.0,2988.7846570933107
46,all,R9,High,R9_OUT,0.0,0.0,9277.058572516697,0.0,0.1477987421383647,0.6,0.1818181818181818,2989.0,2988.7846570933107
46,all,R10,High,R10_OUT,0.0,0.0,7376.121647823729,0.0,0.1477987421383647,0.6,0.1818181818181818,2989.0,2988.7846570933107
46,all,R11,Medium,R11_OUT,0.05498281786941574,0.1501360608051044,-5647.815938374999,-847.9408371399065,0.1477987421383647,0.6,0.1818181818181818,2989.0,2988.7846570933107
46,all,R12,Medium,R12_OUT,0.0,0.0,1113.095977595795,0.0,0.1477987421383647,0.6,0.1818181818181818,2989.0,2988.7846570933107
46,all,R13,High,R13_OUT,0.0,0.0,3287.2304145423714,0.0,0.1477987421383647,0.6,0.1818181818181818,2989.0,2988.7846570933107
46,all,R14,High,R14_OUT,0.0,0.0,4395.941430340668,0.0,0.1477987421383647,0.6,0.1818181818181818,2989.0,2988.7846570933107
46,all,R15,High,R15_OUT,0.0,0.0,4987.635273080308,0.0,0.1477987421383647,0.6,0.1818181818181818,2989.0,2988.7846570933107
46,all,R16,High,R16_OUT,0.0,0.0,42235.77810726181,0.0,0.1477987421383647,0.6,0.1818181818181818,2989.0,2988.7846570933107
46,all,R17,High,R17_OUT,0.0,0.0,9823.572662461615,0.0,0.1477987421383647,0.6,0.1818181818181818,2989.0,2988.7846570933107
46,all,R18,Very_High,R18_OUT,0.0,0.0,14746.928312888871,0.0,0.1477987421383647,0.6,0.1818181818181818,2989.0,2988.7846570933107
46,all,R19,Very_High,R19_OUT,0.0,0.0,-4665.404426527695,-0.0,0.1477987421383647,0.6,0.1818181818181818,2989.0,2988.7846570933107
46,all,R20,Very_High,R20_OUT,0.0,0.0,4945.005541312452,0.0,0.1477987421383647,0.6,0.1818181818181818,2989.0,2988.7846570933107
47,all,R1,Very_Low,R1_OUT,0.11357142857142864,1.0,3134.379953919941,3134.379953919941,0.1084905660377358,0.8,0.1515151515151515,3136.0,3134.379953919941
47,all,R2,Low,R2_OUT,0.0,0.0,8805.361879825046,0.0,0.1084905660377358,0.8,0.1515151515151515,3136.0,3134.379953919941
47,all,R3,Low,R3_OUT,0.0,0.0,894.5963784025778,0.0,0.1084905660377358,0.8,0.1515151515151515,3136.0,3134.379953919941
47,all,R4,Low,R4_OUT,0.0,0.0,-1510.89834345321,-0.0,0.1084905660377358,0.8,0.1515151515151515,3136.0,3134.379953919941
47,all,R5,Medium,R5_OUT,0.0,0.0,2974.4647253535913,0.0,0.1084905660377358,0.8,0.1515151515151515,3136.0,3134.379953919941
47,all,R6,Medium,R6_OUT,0.0,0.0,-9389.528971076099,-0.0,0.1084905660377358,0.8,0.1515151515151515,3136.0,3134.379953919941
47,all,R7,Medium,R7_OUT,0.0,0.0,3924.71901274601,0.0,0.1084905660377358,0.8,0.1515151515151515,3136.0,3134.379953919941
47,all,R8,Medium,R8_OUT,0.0,0.0,757.3219754110232,0.0,0.1084905660377358,0.8,0.1515151515151515,3136.0,3134.379953919941
47,all,R9,High,R9_OUT,0.0,0.0,24077.373374122224,0.0,0.1084905660377358,0.8,0.1515151515151515,3136.0,3134.379953919941
47,all,R10,High,R10_OUT,0.0,0.0,7417.84983539769,0.0,0.1084905660377358,0.8,0.1515151515151515,3136.0,3134.379953919941
47,all,R11,Medium,R11_OUT,0.0,0.0,-9580.719671799237,-0.0,0.1084905660377358,0.8,0.1515151515151515,3136.0,3134.379953919941
47,all,R12,Medium,R12_OUT,0.0,0.0,608.2708825460866,0.0,0.1084905660377358,0.8,0.1515151515151515,3136.0,3134.379953919941
47,all,R13,High,R13_OUT,0.0,0.0,3836.413142897476,0.0,0.1084905660377358,0.8,0.1515151515151515,3136.0,3134.379953919941
47,all,R14,High,R14_OUT,0.0,0.0,7210.909740553733,0.0,0.1084905660377358,0.8,0.1515151515151515,3136.0,3134.379953919941
47,all,R15,High,R15_OUT,0.0,0.0,2043.2089065018263,0.0,0.1084905660377358,0.8,0.1515151515151515,3136.0,3134.379953919941
47,all,R16,High,R16_OUT,0.0,0.0,45835.84365877085,0.0,0.1084905660377358,0.8,0.1515151515151515,3136.0,3134.379953919941
47,all,R17,High,R17_OUT,0.0,0.0,6401.992345906969,0.0,0.1084905660377358,0.8,0.1515151515151515,3136.0,3134.379953919941
47,all,R18,Very_High,R18_OUT,0.0,0.0,19518.003171146982,0.0,0.1084905660377358,0.8,0.1515151515151515,3136.0,3134.379953919941
47,all,R19,Very_High,R19_OUT,0.0,0.0,-7682.47093875626,-0.0,0.1084905660377358,0.8,0.1515151515151515,3136.0,3134.379953919941
47,all,R20,Very_High,R20_OUT,0.0,0.0,4468.37764374733,0.0,0.1084905660377358,0.8,0.1515151515151515,3136.0,3134.379953919941
48,all,R1,Very_Low,R1_OUT,0.0,0.0,-679.6600459007504,-0.0,0.1069182389937107,0.4,0.3333333333333333,2583.0,2857.2976949487784
48,all,R2,Low,R2_OUT,0.0,0.0,7017.2577073665825,0.0,0.1069182389937107,0.4,0.3333333333333333,2583.0,2857.2976949487784
48,all,R3,Low,R3_OUT,0.0,0.0,-7207.857426593747,-0.0,0.1069182389937107,0.4,0.3333333333333333,2583.0,2857.2976949487784
48,all,R4,Low,R4_OUT,0.0,0.0,-2929.7973670887345,-0.0,0.1069182389937107,0.4,0.3333333333333333,2583.0,2857.2976949487784
48,all,R5,Medium,R5_OUT,0.0,0.0,-5845.845731588805,-0.0,0.1069182389937107,0.4,0.3333333333333333,2583.0,2857.2976949487784
48,all,R6,Medium,R6_OUT,0.0,0.0,-8395.369910502846,-0.0,0.1069182389937107,0.4,0.3333333333333333,2583.0,2857.2976949487784
48,all,R7,Medium,R7_OUT,0.0,0.0,1486.795085929508,0.0,0.1069182389937107,0.4,0.3333333333333333,2583.0,2857.2976949487784
48,all,R8,Medium,R8_OUT,0.0,0.0,16385.86604804714,0.0,0.1069182389937107,0.4,0.3333333333333333,2583.0,2857.2976949487784
48,all,R9,High,R9_OUT,0.05095238095238091,0.6756756756756755,-15360.949587503717,-10379.019991556564,0.1069182389937107,0.4,0.3333333333333333,2583.0,2857.2976949487784
48,all,R10,High,R10_OUT,0.0,0.0,13250.727899201964,0.0,0.1069182389937107,0.4,0.3333333333333333,2583.0,2857.2976949487784
48,all,R11,Medium,R11_OUT,0.0,0.0,-6724.636889448491,-0.0,0.1069182389937107,0.4,0.3333333333333333,2583.0,2857.2976949487784
48,all,R12,Medium,R12_OUT,0.0,0.0,-1024.9346269642242,-0.0,0.1069182389937107,0.4,0.3333333333333333,2583.0,2857.2976949487784
48,all,R13,High,R13_OUT,0.0,0.0,2082.022458834878,0.0,0.1069182389937107,0.4,0.3333333333333333,2583.0,2857.2976949487784
48,all,R14,High,R14_OUT,0.0,0.0,-2629.2993193240472,-0.0,0.1069182389937107,0.4,0.3333333333333333,2583.0,2857.2976949487784
48,all,R15,High,R15_OUT,0.0,0.0,26266.621567830614,0.0,0.1069182389937107,0.4,0.3333333333333333,2583.0,2857.2976949487784
48,all,R16,High,R16_OUT,0.024457142857142854,0.3243243243243245,40811.979533391466,13236.317686505348,0.1069182389937107,0.4,0.3333333333333333,2583.0,2857.2976949487784
48,all,R17,High,R17_OUT,0.0,0.0,19534.52819277024,0.0,0.1069182389937107,0.4,0.3333333333333333,2583.0,2857.2976949487784
48,all,R18,Very_High,R18_OUT,0.0,0.0,8930.047465240956,0.0,0.1069182389937107,0.4,0.3333333333333333,2583.0,2857.2976949487784
48,all,R19,Very_High,R19_OUT,0.0,0.0,4174.328914314745,0.0,0.1069182389937107,0.4,0.3333333333333333,2583.0,2857.2976949487784
48,all,R20,Very_High,R20_OUT,0.0,0.0,2940.845694712054,0.0,0.1069182389937107,0.4,0.3333333333333333,2583.0,2857.2976949487784
49,all,R1,Very_Low,R1_OUT,0.0,0.0,1564.4476417469778,0.0,0.1462264150943396,0.4,0.3333333333333333,3647.0,3635.3302917493784
49,all,R2,Low,R2_OUT,0.0,0.0,8014.840568896925,0.0,0.1462264150943396,0.4,0.3333333333333333,3647.0,3635.3302917493784
49,all,R3,Low,R3_OUT,0.0,0.0,-6684.516839940765,-0.0,0.1462264150943396,0.4,0.3333333333333333,3647.0,3635.3302917493784
49,all,R4,Low,R4_OUT,0.0,0.0,-1968.3790497718187,-0.0,0.1462264150943396,0.4,0.3333333333333333,3647.0,3635.3302917493784
49,all,R5,Medium,R5_OUT,0.0,0.0,-5883.514396007912,-0.0,0.1462264150943396,0.4,0.3333333333333333,3647.0,3635.3302917493784
49,all,R6,Medium,R6_OUT,0.0,0.0,-7318.688194445644,-0.0,0.1462264150943396,0.4,0.3333333333333333,3647.0,3635.3302917493784
49,all,R7,Medium,R7_OUT,0.0,0.0,2794.769401896354,0.0,0.1462264150943396,0.4,0.3333333333333333,3647.0,3635.3302917493784
49,all,R8,Medium,R8_OUT,0.0,0.0,17235.585037803467,0.0,0.1462264150943396,0.4,0.3333333333333333,3647.0,3635.3302917493784
49,all,R9,High,R9_OUT,0.03904761904761902,0.5080181798208074,-20688.774215726946,-10510.273419797257,0.1462264150943396,0.4,0.3333333333333333,3647.0,3635.3302917493784
49,all,R10,High,R10_OUT,0.0,0.0,14584.15361680996,0.0,0.1462264150943396,0.4,0.3333333333333333,3647.0,3635.3302917493784
49,all,R11,Medium,R11_OUT,0.0,0.0,-3983.8805745151385,-0.0,0.1462264150943396,0.4,0.3333333333333333,3647.0,3635.3302917493784
49,all,R12,Medium,R12_OUT,0.0,0.0,-53.554840589787545,-0.0,0.1462264150943396,0.4,0.3333333333333333,3647.0,3635.3302917493784
49,all,R13,High,R13_OUT,0.0,0.0,2285.398640750038,0.0,0.1462264150943396,0.4,0.3333333333333333,3647.0,3635.3302917493784
49,all,R14,High,R14_OUT,0.0,0.0,-2708.4478578845083,-0.0,0.1462264150943396,0.4,0.3333333333333333,3647.0,3635.3302917493784
49,all,R15,High,R15_OUT,0.012886597938144333,0.16765749585486808,24886.793744539358,4172.457519066064,0.1462264150943396,0.4,0.3333333333333333,3647.0,3635.3302917493784
49,all,R16,High,R16_OUT,0.018742857142857144,0.24384872631398777,40181.84046830067,9798.290619146966,0.1462264150943396,0.4,0.3333333333333333,3647.0,3635.3302917493784
49,all,R17,High,R17_OUT,0.0,0.0,18439.08824122004,0.0,0.1462264150943396,0.4,0.3333333333333333,3647.0,3635.3302917493784
49,all,R18,Very_High,R18_OUT,0.0,0.0,7683.589541417983,0.0,0.1462264150943396,0.4,0.3333333333333333,3647.0,3635.3302917493784
49,all,R19,Very_High,R19_OUT,0.006185567010309284,0.08047559801033674,2172.7775581256847,174.85557333360367,0.1462264150943396,0.4,0.3333333333333333,3647.0,3635.3302917493784
49,all,R20,Very_High,R20_OUT,0.0,0.0,3946.1320068635714,0.0,0.1462264150943396,0.4,0.3333333333333333,3647.0,3635.3302917493784
50,all,R1,Very_Low,R1_OUT,0.0,0.05,22382.484695812702,1119.1242347906352,0.4528301886792453,0.8,0.3636363636363636,8232.0,6386.049379357878
50,all,R2,Low,R2_OUT,0.0,0.05,17583.020361116123,879.1510180558062,0.4528301886792453,0.8,0.3636363636363636,8232.0,6386.049379357878
50,all,R3,Low,R3_OUT,0.0,0.05,3857.3850726575597,192.86925363287799,0.4528301886792453,0.8,0.3636363636363636,8232.0,6386.049379357878
50,all,R4,Low,R4_OUT,0.0,0.05,5169.752556447051,258.4876278223525,0.4528301886792453,0.8,0.3636363636363636,8232.0,6386.049379357878
50,all,R5,Medium,R5_OUT,0.0,0.05,-5721.489682616442,-286.0744841308221,0.4528301886792453,0.8,0.3636363636363636,8232.0,6386.049379357878
50,all,R6,Medium,R6_OUT,0.0,0.05,-125.03164007951455,-6.251582003975727,0.4528301886792453,0.8,0.3636363636363636,8232.0,6386.049379357878
50,all,R7,Medium,R7_OUT,0.0,0.05,13810.076324275049,690.5038162137525,0.4528301886792453,0.8,0.3636363636363636,8232.0,6386.049379357878
50,all,R8,Medium,R8_OUT,0.0,0.05,12352.68500735611,617.6342503678056,0.4528301886792453,0.8,0.3636363636363636,8232.0,6386.049379357878
50,all,R9,High,R9_OUT,0.0,0.05,-58830.66766909616,-2941.5333834548082,0.4528301886792453,0.8,0.3636363636363636,8232.0,6386.049379357878
50,all,R10,High,R10_OUT,0.0,0.05,34212.574201670635,1710.6287100835318,0.4528301886792453,0.8,0.3636363636363636,8232.0,6386.049379357878
50,all,R11,Medium,R11_OUT,0.0,0.05,15445.787493457985,772.2893746728993,0.4528301886792453,0.8,0.3636363636363636,8232.0,6386.049379357878
50,all,R12,Medium,R12_OUT,0.0,0.05,7960.386174225873,398.01930871129366,0.4528301886792453,0.8,0.3636363636363636,8232.0,6386.049379357878
50,all,R13,High,R13_OUT,0.0,0.05,5195.997318044721,259.7998659022361,0.4528301886792453,0.8,0.3636363636363636,8232.0,6386.049379357878
50,all,R14,High,R14_OUT,0.0,0.05,-1132.9685089371487,-56.64842544685744,0.4528301886792453,0.8,0.3636363636363636,8232.0,6386.049379357878
50,all,R15,High,R15_OUT,0.0,0.05,17115.4117196213,855.7705859810651,0.4528301886792453,0.8,0.3636363636363636,8232.0,6386.049379357878
50,all,R16,High,R16_OUT,0.0,0.05,41874.69619706896,2093.734809853448,0.4528301886792453,0.8,0.3636363636363636,8232.0,6386.049379357878
50,all,R17,High,R17_OUT,0.0,0.05,3901.6243673624595,195.081218368123,0.4528301886792453,0.8,0.3636363636363636,8232.0,6386.049379357878
50,all,R18,Very_High,R18_OUT,0.0,0.05,2319.0164889775406,115.95082444887703,0.4528301886792453,0.8,0.3636363636363636,8232.0,6386.049379357878
50,all,R19,Very_High,R19_OUT,0.0,0.05,-22171.9322104931,-1108.596610524655,0.4528301886792453,0.8,0.3636363636363636,8232.0,6386.049379357878
50,all,R20,Very_High,R20_OUT,0.0,0.05,12522.179320285884,626.1089660142943,0.4528301886792453,0.8,0.3636363636363636,8232.0,6386.049379357878
51,all,R1,Very_Low,R1_OUT,0.0,0.0,-769.4243534066618,-0.0,0.1053459119496855,0.4,0.3333333333333333,3276.0,3009.467732231671
51,all,R2,Low,R2_OUT,0.0,0.0,6977.3543929053685,0.0,0.1053459119496855,0.4,0.3333333333333333,3276.0,3009.467732231671
51,all,R3,Low,R3_OUT,0.0,0.0,-7228.791050059866,-0.0,0.1053459119496855,0.4,0.3333333333333333,3276.0,3009.467732231671
51,all,R4,Low,R4_OUT,0.0,0.0,-2968.254099781412,-0.0,0.1053459119496855,0.4,0.3333333333333333,3276.0,3009.467732231671
51,all,R5,Medium,R5_OUT,0.0,0.0,-5844.338985012041,-0.0,0.1053459119496855,0.4,0.3333333333333333,3276.0,3009.467732231671
51,all,R6,Medium,R6_OUT,0.0,0.0,-8438.437179145138,-0.0,0.1053459119496855,0.4,0.3333333333333333,3276.0,3009.467732231671
51,all,R7,Medium,R7_OUT,0.0,0.0,1434.4761132908332,0.0,0.1053459119496855,0.4,0.3333333333333333,3276.0,3009.467732231671
51,all,R8,Medium,R8_OUT,0.0,0.0,16351.877288456888,0.0,0.1053459119496855,0.4,0.3333333333333333,3276.0,3009.467732231671
51,all,R9,High,R9_OUT,0.051428571428571386,0.6756756756756755,-15147.836602374788,-10235.024731334313,0.1053459119496855,0.4,0.3333333333333333,3276.0,3009.467732231671
51,all,R10,High,R10_OUT,0.0,0.0,13197.390870497642,0.0,0.1053459119496855,0.4,0.3333333333333333,3276.0,3009.467732231671
51,all,R11,Medium,R11_OUT,0.0,0.0,-6834.267142045828,-0.0,0.1053459119496855,0.4,0.3333333333333333,3276.0,3009.467732231671
51,all,R12,Medium,R12_OUT,0.0,0.0,-1063.7898184192027,-0.0,0.1053459119496855,0.4,0.3333333333333333,3276.0,3009.467732231671
51,all,R13,High,R13_OUT,0.0,0.0,2073.887411558271,0.0,0.1053459119496855,0.4,0.3333333333333333,3276.0,3009.467732231671
51,all,R14,High,R14_OUT,0.0,0.0,-2626.133377781629,-0.0,0.1053459119496855,0.4,0.3333333333333333,3276.0,3009.467732231671
51,all,R15,High,R15_OUT,0.0,0.0,26321.814680762265,0.0,0.1053459119496855,0.4,0.3333333333333333,3276.0,3009.467732231671
51,all,R16,High,R16_OUT,0.024685714285714283,0.3243243243243245,40837.1850959951,13244.492463565985,0.1053459119496855,0.4,0.3333333333333333,3276.0,3009.467732231671
51,all,R17,High,R17_OUT,0.0,0.0,19578.345790832253,0.0,0.1053459119496855,0.4,0.3333333333333333,3276.0,3009.467732231671
51,all,R18,Very_High,R18_OUT,0.0,0.0,8979.905782193877,0.0,0.1053459119496855,0.4,0.3333333333333333,3276.0,3009.467732231671
51,all,R19,Very_High,R19_OUT,0.0,0.0,4254.390968562309,0.0,0.1053459119496855,0.4,0.3333333333333333,3276.0,3009.467732231671
51,all,R20,Very_High,R20_OUT,0.0,0.0,2900.6342422259922,0.0,0.1053459119496855,0.4,0.3333333333333333,3276.0,3009.467732231671
52,all,R1,Very_Low,R1_OUT,0.0,0.0,362.6636370246397,0.0,0.1210691823899371,0.4,0.2121212121212121,2723.0,2715.9621940906873
52,all,R2,Low,R2_OUT,0.0,0.0,7354.197472211639,0.0,0.1210691823899371,0.4,0.2121212121212121,2723.0,2715.9621940906873
52,all,R3,Low,R3_OUT,0.0,0.0,-6092.783475498589,-0.0,0.1210691823899371,0.4,0.2121212121212121,2723.0,2715.9621940906873
52,all,R4,Low,R4_OUT,0.0,0.0,-1588.6161672569708,-0.0,0.1210691823899371,0.4,0.2121212121212121,2723.0,2715.9621940906873
52,all,R5,Medium,R5_OUT,0.023333333333333334,0.15789473684210528,-1078.84821783188,-170.34445544713896,0.1210691823899371,0.4,0.2121212121212121,2723.0,2715.9621940906873
52,all,R6,Medium,R6_OUT,0.0,0.0,-7912.201920342524,-0.0,0.1210691823899371,0.4,0.2121212121212121,2723.0,2715.9621940906873
52,all,R7,Medium,R7_OUT,0.0,0.0,2856.235951872165,0.0,0.1210691823899371,0.4,0.2121212121212121,2723.0,2715.9621940906873
52,all,R8,Medium,R8_OUT,0.0,0.0,14319.293637685309,0.0,0.1210691823899371,0.4,0.2121212121212121,2723.0,2715.9621940906873
52,all,R9,High,R9_OUT,0.12444444444444443,0.8421052631578947,3427.489146326181,2886.3066495378366,0.1210691823899371,0.4,0.2121212121212121,2723.0,2715.9621940906873
52,all,R10,High,R10_OUT,0.0,0.0,5094.238254668337,0.0,0.1210691823899371,0.4,0.2121212121212121,2723.0,2715.9621940906873
52,all,R11,Medium,R11_OUT,0.0,0.0,-6319.382814038787,-0.0,0.1210691823899371,0.4,0.2121212121212121,2723.0,2715.9621940906873
52,all,R12,Medium,R12_OUT,0.0,0.0,-13.996968463548,-0.0,0.1210691823899371,0.4,0.2121212121212121,2723.0,2715.9621940906873
52,all,R13,High,R13_OUT,0.0,0.0,2396.3757005697985,0.0,0.1210691823899371,0.4,0.2121212121212121,2723.0,2715.9621940906873
52,all,R14,High,R14_OUT,0.0,0.0,1713.9426649091793,0.0,0.1210691823899371,0.4,0.2121212121212121,2723.0,2715.9621940906873
52,all,R15,High,R15_OUT,0.0,0.0,10250.172382788103,0.0,0.1210691823899371,0.4,0.2121212121212121,2723.0,2715.9621940906873
52,all,R16,High,R16_OUT,0.0,0.0,39694.34618510532,0.0,0.1210691823899371,0.4,0.2121212121212121,2723.0,2715.9621940906873
52,all,R17,High,R17_OUT,0.0,0.0,15085.492097620594,0.0,0.1210691823899371,0.4,0.2121212121212121,2723.0,2715.9621940906873
52,all,R18,Very_High,R18_OUT,0.0,0.0,12069.90276665336,0.0,0.1210691823899371,0.4,0.2121212121212121,2723.0,2715.9621940906873
52,all,R19,Very_High,R19_OUT,0.0,0.0,1714.2683640984883,0.0,0.1210691823899371,0.4,0.2121212121212121,2723.0,2715.9621940906873
52,all,R20,Very_High,R20_OUT,0.0,0.0,3732.7524344630265,0.0,0.1210691823899371,0.4,0.2121212121212121,2723.0,2715.9621940906873
53,all,R1,Very_Low,R1_OUT,0.05714285714285717,0.2800433056658247,9117.435478153002,2553.2767704968355,0.2122641509433962,0.8,0.1212121212121212,3472.0,3471.9513511527084
53,all,R2,Low,R2_OUT,0.0,0.0,11433.433117938686,0.0,0.2122641509433962,0.8,0.1212121212121212,3472.0,3471.9513511527084
53,all,R3,Low,R3_OUT,0.0,0.0,2507.8833621414733,0.0,0.2122641509433962,0.8,0.1212121212121212,3472.0,3471.9513511527084
53,all,R4,Low,R4_OUT,0.1469072164948454,0.7199566943341754,1276.0136656628683,918.6745806558724,0.2122641509433962,0.8,0.1212121212121212,3472.0,3471.9513511527084
53,all,R5,Medium,R5_OUT,0.0,0.0,4070.1590095241,0.0,0.2122641509433962,0.8,0.1212121212121212,3472.0,3471.9513511527084
53,all,R6,Medium,R6_OUT,0.0,0.0,-6523.198597590147,-0.0,0.2122641509433962,0.8,0.1212121212121212,3472.0,3471.9513511527084
53,all,R7,Medium,R7_OUT,0.0,0.0,7602.413734947133,0.0,0.2122641509433962,0.8,0.1212121212121212,3472.0,3471.9513511527084
53,all,R8,Medium,R8_OUT,0.0,0.0,2407.462296699192,0.0,0.2122641509433962,0.8,0.1212121212121212,3472.0,3471.9513511527084
53,all,R9,High,R9_OUT,0.0,0.0,15188.530255610473,0.0,0.2122641509433962,0.8,0.1212121212121212,3472.0,3471.9513511527084
53,all,R10,High,R10_OUT,0.0,0.0,8778.963004164681,0.0,0.2122641509433962,0.8,0.1212121212121212,3472.0,3471.9513511527084
53,all,R11,Medium,R11_OUT,0.0,0.0,-2490.477549866753,-0.0,0.2122641509433962,0.8,0.1212121212121212,3472.0,3471.9513511527084
53,all,R12,Medium,R12_OUT,0.0,0.0,3338.023752426072,0.0,0.2122641509433962,0.8,0.1212121212121212,3472.0,3471.9513511527084
53,all,R13,High,R13_OUT,0.0,0.0,4433.610717214866,0.0,0.2122641509433962,0.8,0.1212121212121212,3472.0,3471.9513511527084
53,all,R14,High,R14_OUT,0.0,0.0,8094.891463282861,0.0,0.2122641509433962,0.8,0.1212121212121212,3472.0,3471.9513511527084
53,all,R15,High,R15_OUT,0.0,0.0,-5479.464339151508,-0.0,0.2122641509433962,0.8,0.1212121212121212,3472.0,3471.9513511527084
53,all,R16,High,R16_OUT,0.0,0.0,43949.58070571776,0.0,0.2122641509433962,0.8,0.1212121212121212,3472.0,3471.9513511527084
53,all,R17,High,R17_OUT,0.0,0.0,2496.3614456665423,0.0,0.2122641509433962,0.8,0.1212121212121212,3472.0,3471.9513511527084
53,all,R18,Very_High,R18_OUT,0.0,0.0,17124.499290751497,0.0,0.2122641509433962,0.8,0.1212121212121212,3472.0,3471.9513511527084
53,all,R19,Very_High,R19_OUT,0.0,0.0,-13401.442034592434,-0.0,0.2122641509433962,0.8,0.1212121212121212,3472.0,3471.9513511527084
53,all,R20,Very_High,R20_OUT,0.0,0.0,7229.834424671444,0.0,0.2122641509433962,0.8,0.1212121212121212,3472.0,3471.9513511527084
54,all,R1,Very_Low,R1_OUT,0.0,0.0,-6431.965583244266,-0.0,0.0,0.4,0.1515151515151515,1575.0,1427.4503850528718
54,all,R2,Low,R2_OUT,0.0,0.0,4270.547226045248,0.0,0.0,0.4,0.1515151515151515,1575.0,1427.4503850528718
54,all,R3,Low,R3_OUT,0.0,0.0,-7241.336812439733,-0.0,0.0,0.4,0.1515151515151515,1575.0,1427.4503850528718
54,all,R4,Low,R4_OUT,0.0,0.0,-4052.2492817942357,-0.0,0.0,0.4,0.1515151515151515,1575.0,1427.4503850528718
54,all,R5,Medium,R5_OUT,0.12499999999999999,1.0,1427.4503850528718,1427.4503850528718,0.0,0.4,0.1515151515151515,1575.0,1427.4503850528718
54,all,R6,Medium,R6_OUT,0.0,0.0,-11180.600319608848,-0.0,0.0,0.4,0.1515151515151515,1575.0,1427.4503850528718
54,all,R7,Medium,R7_OUT,0.0,0.0,-723.0398852084252,-0.0,0.0,0.4,0.1515151515151515,1575.0,1427.4503850528718
54,all,R8,Medium,R8_OUT,0.0,0.0,10515.923525898776,0.0,0.0,0.4,0.1515151515151515,1575.0,1427.4503850528718
54,all,R9,High,R9_OUT,0.0,0.0,30190.41680124883,0.0,0.0,0.4,0.1515151515151515,1575.0,1427.4503850528718
54,all,R10,High,R10_OUT,0.0,0.0,-3330.974407000549,-0.0,0.0,0.4,0.1515151515151515,1575.0,1427.4503850528718
54,all,R11,Medium,R11_OUT,0.0,0.0,-15051.621363016668,-0.0,0.0,0.4,0.1515151515151515,1575.0,1427.4503850528718
54,all,R12,Medium,R12_OUT,0.0,0.0,-2675.2262427938754,-0.0,0.0,0.4,0.1515151515151515,1575.0,1427.4503850528718
54,all,R13,High,R13_OUT,0.0,0.0,1890.5459683938361,0.0,0.0,0.4,0.1515151515151515,1575.0,1427.4503850528718
54,all,R14,High,R14_OUT,0.0,0.0,4143.587892732899,0.0,0.0,0.4,0.1515151515151515,1575.0,1427.4503850528718
54,all,R15,High,R15_OUT,0.0,0.0,6740.186494196347,0.0,0.0,0.4,0.1515151515151515,1575.0,1427.4503850528718
54,all,R16,High,R16_OUT,0.0,0.0,41189.78286315827,0.0,0.0,0.4,0.1515151515151515,1575.0,1427.4503850528718
54,all,R17,High,R17_OUT,0.0,0.0,16432.108292099427,0.0,0.0,0.4,0.1515151515151515,1575.0,1427.4503850528718
54,all,R18,Very_High,R18_OUT,0.0,0.0,17703.283249022457,0.0,0.0,0.4,0.1515151515151515,1575.0,1427.4503850528718
54,all,R19,Very_High,R19_OUT,0.0,0.0,7009.295510166701,0.0,0.0,0.4,0.1515151515151515,1575.0,1427.4503850528718
54,all,R20,Very_High,R20_OUT,0.0,0.0,851.4724267245634,0.0,0.0,0.4,0.1515151515151515,1575.0,1427.4503850528718
55,all,R1,Very_Low,R1_OUT,0.0,0.0,6052.6630170424405,0.0,0.2248427672955975,0.4,0.3333333333333333,2926.0,9445.158422506818
55,all,R2,Low,R2_OUT,0.0,0.0,10010.006291957614,0.0,0.2248427672955975,0.4,0.3333333333333333,2926.0,9445.158422506818
55,all,R3,Low,R3_OUT,0.0,0.0,-5637.835666634799,-0.0,0.2248427672955975,0.4,0.3333333333333333,2926.0,9445.158422506818
55,all,R4,Low,R4_OUT,0.0,0.0,-45.542415137985245,-0.0,0.2248427672955975,0.4,0.3333333333333333,2926.0,9445.158422506818
55,all,R5,Medium,R5_OUT,0.0,0.0,-5958.851724846126,-0.0,0.2248427672955975,0.4,0.3333333333333333,2926.0,9445.158422506818
55,all,R6,Medium,R6_OUT,0.0,0.0,-5165.3247623312345,-0.0,0.2248427672955975,0.4,0.3333333333333333,2926.0,9445.158422506818
55,all,R7,Medium,R7_OUT,0.0,0.0,5410.718033830048,0.0,0.2248427672955975,0.4,0.3333333333333333,2926.0,9445.158422506818
55,all,R8,Medium,R8_OUT,0.0,0.0,18935.02301731611,0.0,0.2248427672955975,0.4,0.3333333333333333,2926.0,9445.158422506818
55,all,R9,High,R9_OUT,0.015238095238095222,0.14485097709077258,-31344.42347217339,-4540.270366291262,0.2248427672955975,0.4,0.3333333333333333,2926.0,9445.158422506818
55,all,R10,High,R10_OUT,0.0,0.0,17251.005052025957,0.0,0.2248427672955975,0.4,0.3333333333333333,2926.0,9445.158422506818
55,all,R11,Medium,R11_OUT,0.0,0.0,1497.6320553515725,0.0,0.2248427672955975,0.4,0.3333333333333333,2926.0,9445.158422506818
55,all,R12,Medium,R12_OUT,0.0,0.0,1889.204732159088,0.0,0.2248427672955975,0.4,0.3333333333333333,2926.0,9445.158422506818
55,all,R13,High,R13_OUT,0.0,0.0,2692.151004580359,0.0,0.2248427672955975,0.4,0.3333333333333333,2926.0,9445.158422506818
55,all,R14,High,R14_OUT,0.0,0.0,-2866.744935005432,-0.0,0.2248427672955975,0.4,0.3333333333333333,2926.0,9445.158422506818
55,all,R15,High,R15_OUT,0.0558419243986254,0.530824698584903,22127.13809795684,11745.631411394463,0.2248427672955975,0.4,0.3333333333333333,2926.0,9445.158422506818
55,all,R16,High,R16_OUT,0.007314285714285712,0.06952846900357089,38921.56233811906,2706.156640596463,0.2248427672955975,0.4,0.3333333333333333,2926.0,9445.158422506818
55,all,R17,High,R17_OUT,0.0,0.0,16248.208338119637,0.0,0.2248427672955975,0.4,0.3333333333333333,2926.0,9445.158422506818
55,all,R18,Very_High,R18_OUT,0.0,0.0,5190.673693772031,0.0,0.2248427672955975,0.4,0.3333333333333333,2926.0,9445.158422506818
55,all,R19,Very_High,R19_OUT,0.026804123711340208,0.2547958553207536,-1830.3251542524413,-466.35926319284107,0.2248427672955975,0.4,0.3333333333333333,2926.0,9445.158422506818
55,all,R20,Very_High,R20_OUT,0.0,0.0,5956.704631166609,0.0,0.2248427672955975,0.4,0.3333333333333333,2926.0,9445.158422506818
56,all,R1,Very_Low,R1_OUT,0.12857142857142864,1.0,1877.679648837212,1877.679648837212,0.0864779874213836,0.8,0.1515151515151515,1876.0,1877.679648837212
56,all,R2,Low,R2_OUT,0.0,0.0,8246.715477368052,0.0,0.0864779874213836,0.8,0.1515151515151515,1876.0,1877.679648837212
56,all,R3,Low,R3_OUT,0.0,0.0,601.5256498769077,0.0,0.0864779874213836,0.8,0.1515151515151515,1876.0,1877.679648837212
56,all,R4,Low,R4_OUT,0.0,0.0,-2049.2926011506825,-0.0,0.0864779874213836,0.8,0.1515151515151515,1876.0,1877.679648837212
56,all,R5,Medium,R5_OUT,0.0,0.0,2995.559177428291,0.0,0.0864779874213836,0.8,0.1515151515151515,1876.0,1877.679648837212
56,all,R6,Medium,R6_OUT,0.0,0.0,-9992.470732068134,-0.0,0.0864779874213836,0.8,0.1515151515151515,1876.0,1877.679648837212
56,all,R7,Medium,R7_OUT,0.0,0.0,3192.253395804576,0.0,0.0864779874213836,0.8,0.1515151515151515,1876.0,1877.679648837212
56,all,R8,Medium,R8_OUT,0.0,0.0,281.47934114748205,0.0,0.0864779874213836,0.8,0.1515151515151515,1876.0,1877.679648837212
56,all,R9,High,R9_OUT,0.0,0.0,27060.955165927233,0.0,0.0864779874213836,0.8,0.1515151515151515,1876.0,1877.679648837212
56,all,R10,High,R10_OUT,0.0,0.0,6671.131433537212,0.0,0.0864779874213836,0.8,0.1515151515151515,1876.0,1877.679648837212
56,all,R11,Medium,R11_OUT,0.0,0.0,-11115.543208161915,-0.0,0.0864779874213836,0.8,0.1515151515151515,1876.0,1877.679648837212
56,all,R12,Medium,R12_OUT,0.0,0.0,64.29820217640167,0.0,0.0864779874213836,0.8,0.1515151515151515,1876.0,1877.679648837212
56,all,R13,High,R13_OUT,0.0,0.0,3722.5224810249865,0.0,0.0864779874213836,0.8,0.1515151515151515,1876.0,1877.679648837212
56,all,R14,High,R14_OUT,0.0,0.0,7255.232922147592,0.0,0.0864779874213836,0.8,0.1515151515151515,1876.0,1877.679648837212
56,all,R15,High,R15_OUT,0.0,0.0,2815.9124875449306,0.0,0.0864779874213836,0.8,0.1515151515151515,1876.0,1877.679648837212
56,all,R16,High,R16_OUT,0.0,0.0,46188.721535221695,0.0,0.0864779874213836,0.8,0.1515151515151515,1876.0,1877.679648837212
56,all,R17,High,R17_OUT,0.0,0.0,7015.438718775081,0.0,0.0864779874213836,0.8,0.1515151515151515,1876.0,1877.679648837212
56,all,R18,Very_High,R18_OUT,0.0,0.0,20216.019608487848,0.0,0.0864779874213836,0.8,0.1515151515151515,1876.0,1877.679648837212
56,all,R19,Very_High,R19_OUT,0.0,0.0,-6561.602179290385,-0.0,0.0864779874213836,0.8,0.1515151515151515,1876.0,1877.679648837212
56,all,R20,Very_High,R20_OUT,0.0,0.0,3905.417308942479,0.0,0.0864779874213836,0.8,0.1515151515151515,1876.0,1877.679648837212
57,all,R1,Very_Low,R1_OUT,0.0,0.0,628.2616310597014,0.0,0.1226415094339622,0.4,0.1212121212121212,2520.0,2505.063710302209
57,all,R2,Low,R2_OUT,0.0,0.0,7377.458237693452,0.0,0.1226415094339622,0.4,0.1212121212121212,2520.0,2505.063710302209
57,all,R3,Low,R3_OUT,0.0,0.0,-5376.846347107407,-0.0,0.1226415094339622,0.4,0.1212121212121212,2520.0,2505.063710302209
57,all,R4,Low,R4_OUT,0.0,0.0,-803.8564803660399,-0.0,0.1226415094339622,0.4,0.1212121212121212,2520.0,2505.063710302209
57,all,R5,Medium,R5_OUT,0.09238095238095241,1.0,2505.063710302209,2505.063710302209,0.1226415094339622,0.4,0.1212121212121212,2520.0,2505.063710302209
57,all,R6,Medium,R6_OUT,0.0,0.0,-7797.462722415441,-0.0,0.1226415094339622,0.4,0.1212121212121212,2520.0,2505.063710302209
57,all,R7,Medium,R7_OUT,0.0,0.0,3582.4825086567816,0.0,0.1226415094339622,0.4,0.1212121212121212,2520.0,2505.063710302209
57,all,R8,Medium,R8_OUT,0.0,0.0,12573.928962269978,0.0,0.1226415094339622,0.4,0.1212121212121212,2520.0,2505.063710302209
57,all,R9,High,R9_OUT,0.0,0.0,18744.217861189944,0.0,0.1226415094339622,0.4,0.1212121212121212,2520.0,2505.063710302209
57,all,R10,High,R10_OUT,0.0,0.0,-1329.8168937817227,-0.0,0.1226415094339622,0.4,0.1212121212121212,2520.0,2505.063710302209
57,all,R11,Medium,R11_OUT,0.0,0.0,-6645.816209916182,-0.0,0.1226415094339622,0.4,0.1212121212121212,2520.0,2505.063710302209
57,all,R12,Medium,R12_OUT,0.0,0.0,520.7889245458373,0.0,0.1226415094339622,0.4,0.1212121212121212,2520.0,2505.063710302209
57,all,R13,High,R13_OUT,0.0,0.0,2585.364110030502,0.0,0.1226415094339622,0.4,0.1212121212121212,2520.0,2505.063710302209
57,all,R14,High,R14_OUT,0.0,0.0,4989.578316953004,0.0,0.1226415094339622,0.4,0.1212121212121212,2520.0,2505.063710302209
57,all,R15,High,R15_OUT,0.0,0.0,-1444.8041066367878,-0.0,0.1226415094339622,0.4,0.1212121212121212,2520.0,2505.063710302209
57,all,R16,High,R16_OUT,0.0,0.0,39001.0531588616,0.0,0.1226415094339622,0.4,0.1212121212121212,2520.0,2505.063710302209
57,all,R17,High,R17_OUT,0.0,0.0,12000.666215114907,0.0,0.1226415094339622,0.4,0.1212121212121212,2520.0,2505.063710302209
57,all,R18,Very_High,R18_OUT,0.0,0.0,14711.479565191948,0.0,0.1226415094339622,0.4,0.1212121212121212,2520.0,2505.063710302209
57,all,R19,Very_High,R19_OUT,0.0,0.0,329.5797633597831,0.0,0.1226415094339622,0.4,0.1212121212121212,2520.0,2505.063710302209
57,all,R20,Very_High,R20_OUT,0.0,0.0,4095.466637481406,0.0,0.1226415094339622,0.4,0.1212121212121212,2520.0,2505.063710302209
58,all,R1,Very_Low,R1_OUT,0.0,0.05,2794.64797654045,139.7323988270225,0.080188679245283,1.0,0.3636363636363636,1603.0,5625.320404058449
58,all,R2,Low,R2_OUT,0.0,0.05,9016.67781178649,450.83389058932454,0.080188679245283,1.0,0.3636363636363636,1603.0,5625.320404058449
58,all,R3,Low,R3_OUT,0.0,0.05,2241.872897027323,112.09364485136615,0.080188679245283,1.0,0.3636363636363636,1603.0,5625.320404058449
58,all,R4,Low,R4_OUT,0.0,0.05,-4000.5749004441495,-200.0287450222075,0.080188679245283,1.0,0.3636363636363636,1603.0,5625.320404058449
58,all,R5,Medium,R5_OUT,0.0,0.05,-4538.900816874582,-226.94504084372912,0.080188679245283,1.0,0.3636363636363636,1603.0,5625.320404058449
58,all,R6,Medium,R6_OUT,0.0,0.05,-10922.259402194379,-546.112970109719,0.080188679245283,1.0,0.3636363636363636,1603.0,5625.320404058449
58,all,R7,Medium,R7_OUT,0.0,0.05,1929.354701852314,96.46773509261571,0.080188679245283,1.0,0.3636363636363636,1603.0,5625.320404058449
58,all,R8,Medium,R8_OUT,0.0,0.05,-1754.56399664144,-87.72819983207201,0.080188679245283,1.0,0.3636363636363636,1603.0,5625.320404058449
58,all,R9,High,R9_OUT,0.0,0.05,-4027.0139201552665,-201.35069600776333,0.080188679245283,1.0,0.3636363636363636,1603.0,5625.320404058449
58,all,R10,High,R10_OUT,0.0,0.05,25105.983029646894,1255.2991514823448,0.080188679245283,1.0,0.3636363636363636,1603.0,5625.320404058449
58,all,R11,Medium,R11_OUT,0.0,0.05,-11583.37524110953,-579.1687620554766,0.080188679245283,1.0,0.3636363636363636,1603.0,5625.320404058449
58,all,R12,Medium,R12_OUT,0.0,0.05,-947.0497431305378,-47.35248715652689,0.080188679245283,1.0,0.3636363636363636,1603.0,5625.320404058449
58,all,R13,High,R13_OUT,0.0,0.05,3960.2655696978986,198.01327848489495,0.080188679245283,1.0,0.3636363636363636,1603.0,5625.320404058449
58,all,R14,High,R14_OUT,0.0,0.05,1260.2455437398858,63.01227718699429,0.080188679245283,1.0,0.3636363636363636,1603.0,5625.320404058449
58,all,R15,High,R15_OUT,0.0,0.05,29751.853086717107,1487.5926543358555,0.080188679245283,1.0,0.3636363636363636,1603.0,5625.320404058449
58,all,R16,High,R16_OUT,0.0,0.05,51041.036841761364,2552.0518420880685,0.080188679245283,1.0,0.3636363636363636,1603.0,5625.320404058449
58,all,R17,High,R17_OUT,0.0,0.05,10783.044268101417,539.1522134050709,0.080188679245283,1.0,0.3636363636363636,1603.0,5625.320404058449
58,all,R18,Very_High,R18_OUT,0.0,0.05,16762.909502757313,838.1454751378657,0.080188679245283,1.0,0.3636363636363636,1603.0,5625.320404058449
58,all,R19,Very_High,R19_OUT,0.0,0.05,-7780.967706741373,-389.0483853370687,0.080188679245283,1.0,0.3636363636363636,1603.0,5625.320404058449
58,all,R20,Very_High,R20_OUT,0.0,0.05,3413.222578831778,170.6611289415889,0.080188679245283,1.0,0.3636363636363636,1603.0,5625.320404058449
59,all,R1,Very_Low,R1_OUT,0.0,0.0,14006.838377922839,0.0,0.360062893081761,0.4,0.2121212121212121,3626.0,3651.4477541058404
59,all,R2,Low,R2_OUT,0.0,0.0,13419.501270316128,0.0,0.360062893081761,0.4,0.2121212121212121,3626.0,3651.4477541058404
59,all,R3,Low,R3_OUT,0.0,0.0,-2910.872708648455,-0.0,0.360062893081761,0.4,0.2121212121212121,3626.0,3651.4477541058404
59,all,R4,Low,R4_OUT,0.0,0.0,4256.8072020298805,0.0,0.360062893081761,0.4,0.2121212121212121,3626.0,3651.4477541058404
59,all,R5,Medium,R5_OUT,0.0,0.0,-1307.8736975000493,-0.0,0.360062893081761,0.4,0.2121212121212121,3626.0,3651.4477541058404
59,all,R6,Medium,R6_OUT,0.0,0.0,-1365.9770867147236,-0.0,0.360062893081761,0.4,0.2121212121212121,3626.0,3651.4477541058404
59,all,R7,Medium,R7_OUT,0.0,0.0,10808.719792950591,0.0,0.360062893081761,0.4,0.2121212121212121,3626.0,3651.4477541058404
59,all,R8,Medium,R8_OUT,0.0,0.0,19485.585095403756,0.0,0.360062893081761,0.4,0.2121212121212121,3626.0,3651.4477541058404
59,all,R9,High,R9_OUT,0.0,0.0,-28965.68459327102,-0.0,0.360062893081761,0.4,0.2121212121212121,3626.0,3651.4477541058404
59,all,R10,High,R10_OUT,0.012820512820512834,0.1578947368421053,13201.466617724964,2084.442097535521,0.360062893081761,0.4,0.2121212121212121,3626.0,3651.4477541058404
59,all,R11,Medium,R11_OUT,0.0,0.0,10344.415580756006,0.0,0.360062893081761,0.4,0.2121212121212121,3626.0,3651.4477541058404
59,all,R12,Medium,R12_OUT,0.0,0.0,5891.992132693031,0.0,0.360062893081761,0.4,0.2121212121212121,3626.0,3651.4477541058404
59,all,R13,High,R13_OUT,0.0,0.0,3632.9028866139743,0.0,0.360062893081761,0.4,0.2121212121212121,3626.0,3651.4477541058404
59,all,R14,High,R14_OUT,0.0,0.0,1232.7195504615702,0.0,0.360062893081761,0.4,0.2121212121212121,3626.0,3651.4477541058404
59,all,R15,High,R15_OUT,0.06837606837606842,0.8421052631578947,1860.8192171772553,1567.00565657032,0.360062893081761,0.4,0.2121212121212121,3626.0,3651.4477541058404
59,all,R16,High,R16_OUT,0.0,0.0,35863.10066935324,0.0,0.360062893081761,0.4,0.2121212121212121,3626.0,3651.4477541058404
59,all,R17,High,R17_OUT,0.0,0.0,8425.21719219537,0.0,0.360062893081761,0.4,0.2121212121212121,3626.0,3651.4477541058404
59,all,R18,Very_High,R18_OUT,0.0,0.0,4491.438589809673,0.0,0.360062893081761,0.4,0.2121212121212121,3626.0,3651.4477541058404
59,all,R19,Very_High,R19_OUT,0.0,0.0,-10455.163881531007,-0.0,0.360062893081761,0.4,0.2121212121212121,3626.0,3651.4477541058404
59,all,R20,Very_High,R20_OUT,0.0,0.0,9844.89321234426,0.0,0.360062893081761,0.4,0.2121212121212121,3626.0,3651.4477541058404
60,all,R1,Very_Low,R1_OUT,0.0,0.0,17191.67761497134,0.0,0.3883647798742138,0.6,0.2727272727272727,6783.0,6781.506499194039
60,all,R2,Low,R2_OUT,0.0,0.0,15039.598941248936,0.0,0.3883647798742138,0.6,0.2727272727272727,6783.0,6781.506499194039
60,all,R3,Low,R3_OUT,0.0,0.0,348.3534296316893,0.0,0.3883647798742138,0.6,0.2727272727272727,6783.0,6781.506499194039
60,all,R4,Low,R4_OUT,0.0,0.0,4395.411278972393,0.0,0.3883647798742138,0.6,0.2727272727272727,6783.0,6781.506499194039
60,all,R5,Medium,R5_OUT,0.0,0.0,-2899.7843253069805,-0.0,0.3883647798742138,0.6,0.2727272727272727,6783.0,6781.506499194039
60,all,R6,Medium,R6_OUT,0.0,0.0,-1228.8326312359677,-0.0,0.3883647798742138,0.6,0.2727272727272727,6783.0,6781.506499194039
60,all,R7,Medium,R7_OUT,0.0,0.0,11820.051137292396,0.0,0.3883647798742138,0.6,0.2727272727272727,6783.0,6781.506499194039
60,all,R8,Medium,R8_OUT,0.0,0.0,15231.705410257764,0.0,0.3883647798742138,0.6,0.2727272727272727,6783.0,6781.506499194039
60,all,R9,High,R9_OUT,0.0,0.0,-38859.069852202134,-0.0,0.3883647798742138,0.6,0.2727272727272727,6783.0,6781.506499194039
60,all,R10,High,R10_OUT,0.0,0.0,22014.079216739057,0.0,0.3883647798742138,0.6,0.2727272727272727,6783.0,6781.506499194039
60,all,R11,Medium,R11_OUT,0.057692307692308,0.3299928418038667,11561.676357491859,3815.2704372253165,0.3883647798742138,0.6,0.2727272727272727,6783.0,6781.506499194039
60,all,R12,Medium,R12_OUT,0.0,0.0,6562.009568652944,0.0,0.3883647798742138,0.6,0.2727272727272727,6783.0,6781.506499194039
60,all,R13,High,R13_OUT,0.0,0.0,4351.039285679057,0.0,0.3883647798742138,0.6,0.2727272727272727,6783.0,6781.506499194039
60,all,R14,High,R14_OUT,0.0,0.0,632.750780764396,0.0,0.3883647798742138,0.6,0.2727272727272727,6783.0,6781.506499194039
60,all,R15,High,R15_OUT,0.0,0.0,8182.872371031055,0.0,0.3883647798742138,0.6,0.2727272727272727,6783.0,6781.506499194039
60,all,R16,High,R16_OUT,0.0,0.0,39047.41449254619,0.0,0.3883647798742138,0.6,0.2727272727272727,6783.0,6781.506499194039
60,all,R17,High,R17_OUT,0.0,0.0,6160.488443418062,0.0,0.3883647798742138,0.6,0.2727272727272727,6783.0,6781.506499194039
60,all,R18,Very_High,R18_OUT,0.11713665943600864,0.6700071581961333,4427.170703600757,2966.2360619687197,0.3883647798742138,0.6,0.2727272727272727,6783.0,6781.506499194039
60,all,R19,Very_High,R19_OUT,0.0,0.0,-15610.27217991361,-0.0,0.3883647798742138,0.6,0.2727272727272727,6783.0,6781.506499194039
60,all,R20,Very_High,R20_OUT,0.0,0.0,10774.855021147425,0.0,0.3883647798742138,0.6,0.2727272727272727,6783.0,6781.506499194039
61,all,R1,Very_Low,R1_OUT,0.0,0.0,-5983.144045714725,-0.0,0.0078616352201257,0.4,0.1515151515151515,1267.0,1419.9166521690504
61,all,R2,Low,R2_OUT,0.0,0.0,4470.063798351314,0.0,0.0078616352201257,0.4,0.1515151515151515,1267.0,1419.9166521690504
61,all,R3,Low,R3_OUT,0.0,0.0,-7136.668695109138,-0.0,0.0078616352201257,0.4,0.1515151515151515,1267.0,1419.9166521690504
61,all,R4,Low,R4_OUT,0.0,0.0,-3859.965618330855,-0.0,0.0078616352201257,0.4,0.1515151515151515,1267.0,1419.9166521690504
61,all,R5,Medium,R5_OUT,0.12142857142857147,1.0,1419.9166521690504,1419.9166521690504,0.0078616352201257,0.4,0.1515151515151515,1267.0,1419.9166521690504
61,all,R6,Medium,R6_OUT,0.0,0.0,-10965.26397639741,-0.0,0.0078616352201257,0.4,0.1515151515151515,1267.0,1419.9166521690504
61,all,R7,Medium,R7_OUT,0.0,0.0,-461.44502201505884,-0.0,0.0078616352201257,0.4,0.1515151515151515,1267.0,1419.9166521690504
61,all,R8,Medium,R8_OUT,0.0,0.0,10685.86732385004,0.0,0.0078616352201257,0.4,0.1515151515151515,1267.0,1419.9166521690504
61,all,R9,High,R9_OUT,0.0,0.0,29124.851875604196,0.0,0.0078616352201257,0.4,0.1515151515151515,1267.0,1419.9166521690504
61,all,R10,High,R10_OUT,0.0,0.0,-3064.289263478953,-0.0,0.0078616352201257,0.4,0.1515151515151515,1267.0,1419.9166521690504
61,all,R11,Medium,R11_OUT,0.0,0.0,-14503.470100030005,-0.0,0.0078616352201257,0.4,0.1515151515151515,1267.0,1419.9166521690504
61,all,R12,Medium,R12_OUT,0.0,0.0,-2480.9502855189903,-0.0,0.0078616352201257,0.4,0.1515151515151515,1267.0,1419.9166521690504
61,all,R13,High,R13_OUT,0.0,0.0,1931.2212047768678,0.0,0.0078616352201257,0.4,0.1515151515151515,1267.0,1419.9166521690504
61,all,R14,High,R14_OUT,0.0,0.0,4127.758185020806,0.0,0.0078616352201257,0.4,0.1515151515151515,1267.0,1419.9166521690504
61,all,R15,High,R15_OUT,0.0,0.0,6464.2209295381,0.0,0.0078616352201257,0.4,0.1515151515151515,1267.0,1419.9166521690504
61,all,R16,High,R16_OUT,0.0,0.0,41063.755050140106,0.0,0.0078616352201257,0.4,0.1515151515151515,1267.0,1419.9166521690504
61,all,R17,High,R17_OUT,0.0,0.0,16213.020301789387,0.0,0.0078616352201257,0.4,0.1515151515151515,1267.0,1419.9166521690504
61,all,R18,Very_High,R18_OUT,0.0,0.0,17453.99166425787,0.0,0.0078616352201257,0.4,0.1515151515151515,1267.0,1419.9166521690504
61,all,R19,Very_High,R19_OUT,0.0,0.0,6608.985238928893,0.0,0.0078616352201257,0.4,0.1515151515151515,1267.0,1419.9166521690504
61,all,R20,Very_High,R20_OUT,0.0,0.0,1052.5296891548649,0.0,0.0078616352201257,0.4,0.1515151515151515,1267.0,1419.9166521690504
62,all,R1,Very_Low,R1_OUT,0.0,0.0,-2513.4891316471203,-0.0,0.0676100628930817,0.4,0.1212121212121212,2548.0,2557.7998404889586
62,all,R2,Low,R2_OUT,0.0,0.0,5980.8422315509715,0.0,0.0676100628930817,0.4,0.1212121212121212,2548.0,2557.7998404889586
62,all,R3,Low,R3_OUT,0.0,0.0,-6109.523168421583,-0.0,0.0676100628930817,0.4,0.1212121212121212,2548.0,2557.7998404889586
62,all,R4,Low,R4_OUT,0.0,0.0,-2149.8421246097228,-0.0,0.0676100628930817,0.4,0.1212121212121212,2548.0,2557.7998404889586
62,all,R5,Medium,R5_OUT,0.12571428571428572,1.0,2557.7998404889586,2557.7998404889586,0.0676100628930817,0.4,0.1212121212121212,2548.0,2557.7998404889586
62,all,R6,Medium,R6_OUT,0.0,0.0,-9304.817124895526,-0.0,0.0676100628930817,0.4,0.1212121212121212,2548.0,2557.7998404889586
62,all,R7,Medium,R7_OUT,0.0,0.0,1751.3184663031973,0.0,0.0676100628930817,0.4,0.1212121212121212,2548.0,2557.7998404889586
62,all,R8,Medium,R8_OUT,0.0,0.0,11384.322376611126,0.0,0.0676100628930817,0.4,0.1212121212121212,2548.0,2557.7998404889586
62,all,R9,High,R9_OUT,0.0,0.0,26203.172340702455,0.0,0.0676100628930817,0.4,0.1212121212121212,2548.0,2557.7998404889586
62,all,R10,High,R10_OUT,0.0,0.0,-3196.612898432919,-0.0,0.0676100628930817,0.4,0.1212121212121212,2548.0,2557.7998404889586
62,all,R11,Medium,R11_OUT,0.0,0.0,-10482.875050822877,-0.0,0.0676100628930817,0.4,0.1212121212121212,2548.0,2557.7998404889586
62,all,R12,Medium,R12_OUT,0.0,0.0,-839.1427763783748,-0.0,0.0676100628930817,0.4,0.1212121212121212,2548.0,2557.7998404889586
62,all,R13,High,R13_OUT,0.0,0.0,2300.6374553492774,0.0,0.0676100628930817,0.4,0.1212121212121212,2548.0,2557.7998404889586
62,all,R14,High,R14_OUT,0.0,0.0,5100.386270937651,0.0,0.0676100628930817,0.4,0.1212121212121212,2548.0,2557.7998404889586
62,all,R15,High,R15_OUT,0.0,0.0,486.9548459709713,0.0,0.0676100628930817,0.4,0.1212121212121212,2548.0,2557.7998404889586
62,all,R16,High,R16_OUT,0.0,0.0,39883.24784998872,0.0,0.0676100628930817,0.4,0.1212121212121212,2548.0,2557.7998404889586
62,all,R17,High,R17_OUT,0.0,0.0,13534.282147285187,0.0,0.0676100628930817,0.4,0.1212121212121212,2548.0,2557.7998404889586
62,all,R18,Very_High,R18_OUT,0.0,0.0,16456.520658544112,0.0,0.0676100628930817,0.4,0.1212121212121212,2548.0,2557.7998404889586
62,all,R19,Very_High,R19_OUT,0.0,0.0,3131.7516620244687,0.0,0.0676100628930817,0.4,0.1212121212121212,2548.0,2557.7998404889586
62,all,R20,Very_High,R20_OUT,0.0,0.0,2688.0658004692805,0.0,0.0676100628930817,0.4,0.1212121212121212,2548.0,2557.7998404889586
63,all,R1,Very_Low,R1_OUT,0.0,0.0,1643.234733465004,0.0,0.0864779874213836,0.8,0.2727272727272727,1155.0,-325.1456900231765
63,all,R2,Low,R2_OUT,0.0,0.0,8268.90554267392,0.0,0.0864779874213836,0.8,0.2727272727272727,1155.0,-325.1456900231765
63,all,R3,Low,R3_OUT,0.2571428571428572,1.0,-325.1456900231765,-325.1456900231765,0.0864779874213836,0.8,0.2727272727272727,1155.0,-325.1456900231765
63,all,R4,Low,R4_OUT,0.0,0.0,-3044.363206748357,-0.0,0.0864779874213836,0.8,0.2727272727272727,1155.0,-325.1456900231765
63,all,R5,Medium,R5_OUT,0.0,0.0,-1784.9990555195127,-0.0,0.0864779874213836,0.8,0.2727272727272727,1155.0,-325.1456900231765
63,all,R6,Medium,R6_OUT,0.0,0.0,-10088.033304447863,-0.0,0.0864779874213836,0.8,0.2727272727272727,1155.0,-325.1456900231765
63,all,R7,Medium,R7_OUT,0.0,0.0,2293.683283609983,0.0,0.0864779874213836,0.8,0.2727272727272727,1155.0,-325.1456900231765
63,all,R8,Medium,R8_OUT,0.0,0.0,2653.9505878215914,0.0,0.0864779874213836,0.8,0.2727272727272727,1155.0,-325.1456900231765
63,all,R9,High,R9_OUT,0.0,0.0,6354.499565936974,0.0,0.0864779874213836,0.8,0.2727272727272727,1155.0,-325.1456900231765
63,all,R10,High,R10_OUT,0.0,0.0,15307.654336409716,0.0,0.0864779874213836,0.8,0.2727272727272727,1155.0,-325.1456900231765
63,all,R11,Medium,R11_OUT,0.0,0.0,-10534.125010195612,-0.0,0.0864779874213836,0.8,0.2727272727272727,1155.0,-325.1456900231765
63,all,R12,Medium,R12_OUT,0.0,0.0,-596.9427332294774,-0.0,0.0864779874213836,0.8,0.2727272727272727,1155.0,-325.1456900231765
63,all,R13,High,R13_OUT,0.0,0.0,3481.384664779523,0.0,0.0864779874213836,0.8,0.2727272727272727,1155.0,-325.1456900231765
63,all,R14,High,R14_OUT,0.0,0.0,2883.4974640326,0.0,0.0864779874213836,0.8,0.2727272727272727,1155.0,-325.1456900231765
63,all,R15,High,R15_OUT,0.0,0.0,18335.62365620259,0.0,0.0864779874213836,0.8,0.2727272727272727,1155.0,-325.1456900231765
63,all,R16,High,R16_OUT,0.0,0.0,47079.504820075155,0.0,0.0864779874213836,0.8,0.2727272727272727,1155.0,-325.1456900231765
63,all,R17,High,R17_OUT,0.0,0.0,11070.116431366656,0.0,0.0864779874213836,0.8,0.2727272727272727,1155.0,-325.1456900231765
63,all,R18,Very_High,R18_OUT,0.0,0.0,16627.439454499174,0.0,0.0864779874213836,0.8,0.2727272727272727,1155.0,-325.1456900231765
63,all,R19,Very_High,R19_OUT,0.0,0.0,-4822.1001173021905,-0.0,0.0864779874213836,0.8,0.2727272727272727,1155.0,-325.1456900231765
63,all,R20,Very_High,R20_OUT,0.0,0.0,3475.4136415660523,0.0,0.0864779874213836,0.8,0.2727272727272727,1155.0,-325.1456900231765
64,all,R1,Very_Low,R1_OUT,0.0,0.0,-4796.990365153863,-0.0,0.0581761006289308,0.2,0.1515151515151515,546.0,546.2108346638661
64,all,R2,Low,R2_OUT,0.0,0.0,4856.226883132132,0.0,0.0581761006289308,0.2,0.1515151515151515,546.0,546.2108346638661
64,all,R3,Low,R3_OUT,0.0,0.0,-9812.54933003336,-0.0,0.0581761006289308,0.2,0.1515151515151515,546.0,546.2108346638661
64,all,R4,Low,R4_OUT,0.0,0.0,-2573.268363438369,-0.0,0.0581761006289308,0.2,0.1515151515151515,546.0,546.2108346638661
64,all,R5,Medium,R5_OUT,0.19714285714285718,1.0,546.2108346638661,546.2108346638661,0.0581761006289308,0.2,0.1515151515151515,546.0,546.2108346638661
64,all,R6,Medium,R6_OUT,0.0,0.0,-8996.826285951618,-0.0,0.0581761006289308,0.2,0.1515151515151515,546.0,546.2108346638661
64,all,R7,Medium,R7_OUT,0.0,0.0,693.8872094795369,0.0,0.0581761006289308,0.2,0.1515151515151515,546.0,546.2108346638661
64,all,R8,Medium,R8_OUT,0.0,0.0,17825.420611845737,0.0,0.0581761006289308,0.2,0.1515151515151515,546.0,546.2108346638661
64,all,R9,High,R9_OUT,0.0,0.0,18009.360078093712,0.0,0.0581761006289308,0.2,0.1515151515151515,546.0,546.2108346638661
64,all,R10,High,R10_OUT,0.0,0.0,-4891.788975840798,-0.0,0.0581761006289308,0.2,0.1515151515151515,546.0,546.2108346638661
64,all,R11,Medium,R11_OUT,0.0,0.0,-9948.509147915993,-0.0,0.0581761006289308,0.2,0.1515151515151515,546.0,546.2108346638661
64,all,R12,Medium,R12_OUT,0.0,0.0,-1538.8286164329666,-0.0,0.0581761006289308,0.2,0.1515151515151515,546.0,546.2108346638661
64,all,R13,High,R13_OUT,0.0,0.0,1499.2682614193752,0.0,0.0581761006289308,0.2,0.1515151515151515,546.0,546.2108346638661
64,all,R14,High,R14_OUT,0.0,0.0,2383.5621485395613,0.0,0.0581761006289308,0.2,0.1515151515151515,546.0,546.2108346638661
64,all,R15,High,R15_OUT,0.0,0.0,5142.367713430607,0.0,0.0581761006289308,0.2,0.1515151515151515,546.0,546.2108346638661
64,all,R16,High,R16_OUT,0.0,0.0,37064.554739192274,0.0,0.0581761006289308,0.2,0.1515151515151515,546.0,546.2108346638661
64,all,R17,High,R17_OUT,0.0,0.0,18314.20800376208,0.0,0.0581761006289308,0.2,0.1515151515151515,546.0,546.2108346638661
64,all,R18,Very_High,R18_OUT,0.0,0.0,13231.053625826487,0.0,0.0581761006289308,0.2,0.1515151515151515,546.0,546.2108346638661
64,all,R19,Very_High,R19_OUT,0.0,0.0,8630.741855927467,0.0,0.0581761006289308,0.2,0.1515151515151515,546.0,546.2108346638661
64,all,R20,Very_High,R20_OUT,0.0,0.0,1918.1386709665223,0.0,0.0581761006289308,0.2,0.1515151515151515,546.0,546.2108346638661
65,all,R1,Very_Low,R1_OUT,0.0,0.05,4089.7836475912563,204.48918237956283,0.1619496855345912,0.6,0.3636363636363636,2275.0,5106.8380884287235
65,all,R2,Low,R2_OUT,0.0,0.05,9310.164207813556,465.5082103906778,0.1619496855345912,0.6,0.3636363636363636,2275.0,5106.8380884287235
65,all,R3,Low,R3_OUT,0.0,0.05,-3361.091854414554,-168.0545927207277,0.1619496855345912,0.6,0.3636363636363636,2275.0,5106.8380884287235
65,all,R4,Low,R4_OUT,0.0,0.05,-1888.6611829713006,-94.43305914856504,0.1619496855345912,0.6,0.3636363636363636,2275.0,5106.8380884287235
65,all,R5,Medium,R5_OUT,0.0,0.05,-6268.23149296378,-313.411574648189,0.1619496855345912,0.6,0.3636363636363636,2275.0,5106.8380884287235
65,all,R6,Medium,R6_OUT,0.0,0.05,-7502.19124501026,-375.109562250513,0.1619496855345912,0.6,0.3636363636363636,2275.0,5106.8380884287235
65,all,R7,Medium,R7_OUT,0.0,0.05,3612.1914931774154,180.60957465887077,0.1619496855345912,0.6,0.3636363636363636,2275.0,5106.8380884287235
65,all,R8,Medium,R8_OUT,0.0,0.05,12116.67746426692,605.833873213346,0.1619496855345912,0.6,0.3636363636363636,2275.0,5106.8380884287235
65,all,R9,High,R9_OUT,0.0,0.05,-23700.641693629055,-1185.0320846814527,0.1619496855345912,0.6,0.3636363636363636,2275.0,5106.8380884287235
65,all,R10,High,R10_OUT,0.0,0.05,20810.93926047136,1040.5469630235682,0.1619496855345912,0.6,0.3636363636363636,2275.0,5106.8380884287235
65,all,R11,Medium,R11_OUT,0.0,0.05,-3789.0163680495334,-189.45081840247667,0.1619496855345912,0.6,0.3636363636363636,2275.0,5106.8380884287235
65,all,R12,Medium,R12_OUT,0.0,0.05,470.9312975817761,23.546564879088805,0.1619496855345912,0.6,0.3636363636363636,2275.0,5106.8380884287235
65,all,R13,High,R13_OUT,0.0,0.05,2998.739115663635,149.93695578318176,0.1619496855345912,0.6,0.3636363636363636,2275.0,5106.8380884287235
65,all,R14,High,R14_OUT,0.0,0.05,-2190.1552307135844,-109.50776153567922,0.1619496855345912,0.6,0.3636363636363636,2275.0,5106.8380884287235
65,all,R15,High,R15_OUT,0.0,0.05,27770.464009681935,1388.5232004840968,0.1619496855345912,0.6,0.3636363636363636,2275.0,5106.8380884287235
65,all,R16,High,R16_OUT,0.0,0.05,43345.1029711093,2167.255148555465,0.1619496855345912,0.6,0.3636363636363636,2275.0,5106.8380884287235
65,all,R17,High,R17_OUT,0.0,0.05,15511.230848790903,775.5615424395452,0.1619496855345912,0.6,0.3636363636363636,2275.0,5106.8380884287235
65,all,R18,Very_High,R18_OUT,0.0,0.05,8915.333229329586,445.7666614664793,0.1619496855345912,0.6,0.3636363636363636,2275.0,5106.8380884287235
65,all,R19,Very_High,R19_OUT,0.0,0.05,-2776.70982177347,-138.8354910886735,0.1619496855345912,0.6,0.3636363636363636,2275.0,5106.8380884287235
65,all,R20,Very_High,R20_OUT,0.0,0.05,4661.903112622361,233.09515563111805,0.1619496855345912,0.6,0.3636363636363636,2275.0,5106.8380884287235
66,all,R1,Very_Low,R1_OUT,0.0,0.05,49787.31359472448,2489.365679736224,0.9166666666666666,1.0,0.7575757575757576,9100.0,7528.6760044768835
66,all,R2,Low,R2_OUT,0.0,0.05,30317.35881739627,1515.8679408698135,0.9166666666666666,1.0,0.7575757575757576,9100.0,7528.6760044768835
66,all,R3,Low,R3_OUT,0.0,0.05,10366.878726327519,518.343936316376,0.9166666666666666,1.0,0.7575757575757576,9100.0,7528.6760044768835
66,all,R4,Low,R4_OUT,0.0,0.05,13224.42742386739,661.2213711933696,0.9166666666666666,1.0,0.7575757575757576,9100.0,7528.6760044768835
66,all,R5,Medium,R5_OUT,0.0,0.05,-20877.30425279354,-1043.865212639677,0.9166666666666666,1.0,0.7575757575757576,9100.0,7528.6760044768835
66,all,R6,Medium,R6_OUT,0.0,0.05,11678.949155268803,583.9474577634402,0.9166666666666666,1.0,0.7575757575757576,9100.0,7528.6760044768835
66,all,R7,Medium,R7_OUT,0.0,0.05,26842.69528099438,1342.134764049719,0.9166666666666666,1.0,0.7575757575757576,9100.0,7528.6760044768835
66,all,R8,Medium,R8_OUT,0.0,0.05,24037.98765706398,1201.899382853199,0.9166666666666666,1.0,0.7575757575757576,9100.0,7528.6760044768835
66,all,R9,High,R9_OUT,0.0,0.05,-184699.1027087138,-9234.95513543569,0.9166666666666666,1.0,0.7575757575757576,9100.0,7528.6760044768835
66,all,R10,High,R10_OUT,0.0,0.05,81549.98173468074,4077.499086734037,0.9166666666666666,1.0,0.7575757575757576,9100.0,7528.6760044768835
66,all,R11,Medium,R11_OUT,0.0,0.05,48629.52828406274,2431.476414203137,0.9166666666666666,1.0,0.7575757575757576,9100.0,7528.6760044768835
66,all,R12,Medium,R12_OUT,0.0,0.05,17574.87907084838,878.743953542419,0.9166666666666666,1.0,0.7575757575757576,9100.0,7528.6760044768835
66,all,R13,High,R13_OUT,0.0,0.05,7504.412818054757,375.22064090273784,0.9166666666666666,1.0,0.7575757575757576,9100.0,7528.6760044768835
66,all,R14,High,R14_OUT,0.0,0.05,-14632.175595700472,-731.6087797850237,0.9166666666666666,1.0,0.7575757575757576,9100.0,7528.6760044768835
66,all,R15,High,R15_OUT,0.0,0.05,50828.178305216534,2541.4089152608267,0.9166666666666666,1.0,0.7575757575757576,9100.0,7528.6760044768835
66,all,R16,High,R16_OUT,0.0,0.05,40526.72321240281,2026.3361606201406,0.9166666666666666,1.0,0.7575757575757576,9100.0,7528.6760044768835
66,all,R17,High,R17_OUT,0.0,0.05,649.7846650357569,32.489233251787844,0.9166666666666666,1.0,0.7575757575757576,9100.0,7528.6760044768835
66,all,R18,Very_High,R18_OUT,0.0,0.05,-21424.600616658783,-1071.2300308329393,0.9166666666666666,1.0,0.7575757575757576,9100.0,7528.6760044768835
66,all,R19,Very_High,R19_OUT,0.0,0.05,-44720.59886498297,-2236.0299432491483,0.9166666666666666,1.0,0.7575757575757576,9100.0,7528.6760044768835
66,all,R20,Very_High,R20_OUT,0.0,0.05,23408.2033824427,1170.4101691221351,0.9166666666666666,1.0,0.7575757575757576,9100.0,7528.6760044768835
67,all,R1,Very_Low,R1_OUT,0.0,0.0,4538.497615460694,0.0,0.2216981132075471,0.2,0.1515151515151515,595.0,594.0700247568475
67,all,R2,Low,R2_OUT,0.0,0.0,9006.17158709836,0.0,0.2216981132075471,0.2,0.1515151515151515,595.0,594.0700247568475
67,all,R3,Low,R3_OUT,0.0,0.0,-7635.452489556952,-0.0,0.2216981132075471,0.2,0.1515151515151515,595.0,594.0700247568475
67,all,R4,Low,R4_OUT,0.0,0.0,1426.2318366000018,0.0,0.2216981132075471,0.2,0.1515151515151515,595.0,594.0700247568475
67,all,R5,Medium,R5_OUT,0.04857142857142865,0.23025902394749742,389.50919068038183,89.68800606464438,0.2216981132075471,0.2,0.1515151515151515,595.0,594.0700247568475
67,all,R6,Medium,R6_OUT,0.0,0.0,-4517.830347153651,-0.0,0.2216981132075471,0.2,0.1515151515151515,595.0,594.0700247568475
67,all,R7,Medium,R7_OUT,0.0,0.0,6135.060363901617,0.0,0.2216981132075471,0.2,0.1515151515151515,595.0,594.0700247568475
67,all,R8,Medium,R8_OUT,0.0,0.0,21360.251609232044,0.0,0.2216981132075471,0.2,0.1515151515151515,595.0,594.0700247568475
67,all,R9,High,R9_OUT,0.0,0.0,-4154.390375314892,-0.0,0.2216981132075471,0.2,0.1515151515151515,595.0,594.0700247568475
67,all,R10,High,R10_OUT,0.16237113402061845,0.7697409760525026,655.2620094084705,504.3820186922002,0.2216981132075471,0.2,0.1515151515151515,595.0,594.0700247568475
67,all,R11,Medium,R11_OUT,0.0,0.0,1453.037122206757,0.0,0.2216981132075471,0.2,0.1515151515151515,595.0,594.0700247568475
67,all,R12,Medium,R12_OUT,0.0,0.0,2502.111294884692,0.0,0.2216981132075471,0.2,0.1515151515151515,595.0,594.0700247568475
67,all,R13,High,R13_OUT,0.0,0.0,2345.313178186442,0.0,0.2216981132075471,0.2,0.1515151515151515,595.0,594.0700247568475
67,all,R14,High,R14_OUT,0.0,0.0,2054.3042281280395,0.0,0.2216981132075471,0.2,0.1515151515151515,595.0,594.0700247568475
67,all,R15,High,R15_OUT,0.0,0.0,-597.716031461021,-0.0,0.2216981132075471,0.2,0.1515151515151515,595.0,594.0700247568475
67,all,R16,High,R16_OUT,0.0,0.0,34443.17622841454,0.0,0.2216981132075471,0.2,0.1515151515151515,595.0,594.0700247568475
67,all,R17,High,R17_OUT,0.0,0.0,13757.177805313246,0.0,0.2216981132075471,0.2,0.1515151515151515,595.0,594.0700247568475
67,all,R18,Very_High,R18_OUT,0.0,0.0,8045.7886627229145,0.0,0.2216981132075471,0.2,0.1515151515151515,595.0,594.0700247568475
67,all,R19,Very_High,R19_OUT,0.0,0.0,304.2882141809732,0.0,0.2216981132075471,0.2,0.1515151515151515,595.0,594.0700247568475
67,all,R20,Very_High,R20_OUT,0.0,0.0,6100.129729516837,0.0,0.2216981132075471,0.2,0.1515151515151515,595.0,594.0700247568475
68,all,R1,Very_Low,R1_OUT,0.0,0.0,7370.818869220046,0.0,0.2877358490566037,0.2,0.6363636363636364,3941.0,3940.841970370475
68,all,R2,Low,R2_OUT,0.0,0.0,10770.871055692804,0.0,0.2877358490566037,0.2,0.6363636363636364,3941.0,3940.841970370475
68,all,R3,Low,R3_OUT,0.0,0.0,-10462.925663580278,-0.0,0.2877358490566037,0.2,0.6363636363636364,3941.0,3940.841970370475
68,all,R4,Low,R4_OUT,0.0,0.0,-938.8678126982741,-0.0,0.2877358490566037,0.2,0.6363636363636364,3941.0,3940.841970370475
68,all,R5,Medium,R5_OUT,0.0,0.0,-18796.00709733494,-0.0,0.2877358490566037,0.2,0.6363636363636364,3941.0,3940.841970370475
68,all,R6,Medium,R6_OUT,0.0,0.0,-3091.255353696466,-0.0,0.2877358490566037,0.2,0.6363636363636364,3941.0,3940.841970370475
68,all,R7,Medium,R7_OUT,0.0,0.0,4738.176765947546,0.0,0.2877358490566037,0.2,0.6363636363636364,3941.0,3940.841970370475
68,all,R8,Medium,R8_OUT,0.0,0.0,32277.664498719103,0.0,0.2877358490566037,0.2,0.6363636363636364,3941.0,3940.841970370475
68,all,R9,High,R9_OUT,0.0,0.0,-95930.95815069093,-0.0,0.2877358490566037,0.2,0.6363636363636364,3941.0,3940.841970370475
68,all,R10,High,R10_OUT,0.0,0.0,37441.50882647993,0.0,0.2877358490566037,0.2,0.6363636363636364,3941.0,3940.841970370475
68,all,R11,Medium,R11_OUT,0.0,0.0,8383.180523160006,0.0,0.2877358490566037,0.2,0.6363636363636364,3941.0,3940.841970370475
68,all,R12,Medium,R12_OUT,0.0,0.0,1489.0655943702313,0.0,0.2877358490566037,0.2,0.6363636363636364,3941.0,3940.841970370475
68,all,R13,High,R13_OUT,0.0,0.0,1722.433898822059,0.0,0.2877358490566037,0.2,0.6363636363636364,3941.0,3940.841970370475
68,all,R14,High,R14_OUT,0.0,0.0,-15565.607149113508,-0.0,0.2877358490566037,0.2,0.6363636363636364,3941.0,3940.841970370475
68,all,R15,High,R15_OUT,0.0,0.0,59163.01790004031,0.0,0.2877358490566037,0.2,0.6363636363636364,3941.0,3940.841970370475
68,all,R16,High,R16_OUT,0.0,0.0,36947.67573847582,0.0,0.2877358490566037,0.2,0.6363636363636364,3941.0,3940.841970370475
68,all,R17,High,R17_OUT,0.0,0.0,28135.54953707521,0.0,0.2877358490566037,0.2,0.6363636363636364,3941.0,3940.841970370475
68,all,R18,Very_High,R18_OUT,0.0,0.0,-8402.58126525438,-0.0,0.2877358490566037,0.2,0.6363636363636364,3941.0,3940.841970370475
68,all,R19,Very_High,R19_OUT,0.3111111111111113,0.9810299750714417,3899.6901837361274,3825.712963736999,0.2877358490566037,0.2,0.6363636363636364,3941.0,3940.841970370475
68,all,R20,Very_High,R20_OUT,0.0060159074475777015,0.018970024928558305,6068.996064425682,115.12900663347743,0.2877358490566037,0.2,0.6363636363636364,3941.0,3940.841970370475
69,all,R1,Very_Low,R1_OUT,0.0,0.0,29872.315764662177,0.0,0.5534591194968553,1.0,0.3333333333333333,1400.0,1400.2310040006705
69,all,R2,Low,R2_OUT,0.0,0.0,21022.027948285362,0.0,0.5534591194968553,1.0,0.3333333333333333,1400.0,1400.2310040006705
69,all,R3,Low,R3_OUT,0.0,0.0,8774.561395304256,0.0,0.5534591194968553,1.0,0.3333333333333333,1400.0,1400.2310040006705
69,all,R4,Low,R4_OUT,0.0,0.0,7823.669291450944,0.0,0.5534591194968553,1.0,0.3333333333333333,1400.0,1400.2310040006705
69,all,R5,Medium,R5_OUT,0.0,0.0,-3797.2919782436784,-0.0,0.5534591194968553,1.0,0.3333333333333333,1400.0,1400.2310040006705
69,all,R6,Medium,R6_OUT,0.0,0.0,2064.8791022292935,0.0,0.5534591194968553,1.0,0.3333333333333333,1400.0,1400.2310040006705
69,all,R7,Medium,R7_OUT,0.0,0.0,17902.007994141793,0.0,0.5534591194968553,1.0,0.3333333333333333,1400.0,1400.2310040006705
69,all,R8,Medium,R8_OUT,0.0,0.0,7882.93482835617,0.0,0.5534591194968553,1.0,0.3333333333333333,1400.0,1400.2310040006705
69,all,R9,High,R9_OUT,0.0,0.0,-62997.40854396531,-0.0,0.5534591194968553,1.0,0.3333333333333333,1400.0,1400.2310040006705
69,all,R10,High,R10_OUT,0.0,0.0,39001.29794392907,0.0,0.5534591194968553,1.0,0.3333333333333333,1400.0,1400.2310040006705
69,all,R11,Medium,R11_OUT,0.0,0.0,21269.976241196484,0.0,0.5534591194968553,1.0,0.3333333333333333,1400.0,1400.2310040006705
69,all,R12,Medium,R12_OUT,0.0,0.0,10913.673118669158,0.0,0.5534591194968553,1.0,0.3333333333333333,1400.0,1400.2310040006705
69,all,R13,High,R13_OUT,0.0,0.0,6469.199254017796,0.0,0.5534591194968553,1.0,0.3333333333333333,1400.0,1400.2310040006705
69,all,R14,High,R14_OUT,0.09598698481561815,1.0,1400.2310040006705,1400.2310040006705,0.5534591194968553,1.0,0.3333333333333333,1400.0,1400.2310040006705
69,all,R15,High,R15_OUT,0.0,0.0,9258.798302125952,0.0,0.5534591194968553,1.0,0.3333333333333333,1400.0,1400.2310040006705
69,all,R16,High,R16_OUT,0.0,0.0,43231.46667685473,0.0,0.5534591194968553,1.0,0.3333333333333333,1400.0,1400.2310040006705
69,all,R17,High,R17_OUT,0.0,0.0,-3419.7221767108986,-0.0,0.5534591194968553,1.0,0.3333333333333333,1400.0,1400.2310040006705
69,all,R18,Very_High,R18_OUT,0.0,0.0,2652.701138425866,0.0,0.5534591194968553,1.0,0.3333333333333333,1400.0,1400.2310040006705
69,all,R19,Very_High,R19_OUT,0.0,0.0,-32314.521550754722,-0.0,0.5534591194968553,1.0,0.3333333333333333,1400.0,1400.2310040006705
69,all,R20,Very_High,R20_OUT,0.0,0.0,15624.370693980167,0.0,0.5534591194968553,1.0,0.3333333333333333,1400.0,1400.2310040006705
70,all,R1,Very_Low,R1_OUT,0.0,0.0,19369.8917864708,0.0,0.3694968553459119,1.0,0.3333333333333333,2800.0,2800.5053773321424
70,all,R2,Low,R2_OUT,0.0,0.0,16353.340156323353,0.0,0.3694968553459119,1.0,0.3333333333333333,2800.0,2800.5053773321424
70,all,R3,Low,R3_OUT,0.0,0.0,6325.327449768296,0.0,0.3694968553459119,1.0,0.3333333333333333,2800.0,2800.5053773321424
70,all,R4,Low,R4_OUT,0.0,0.0,3324.2315664077732,0.0,0.3694968553459119,1.0,0.3333333333333333,2800.0,2800.5053773321424
70,all,R5,Medium,R5_OUT,0.0,0.0,-3621.002628762257,-0.0,0.3694968553459119,1.0,0.3333333333333333,2800.0,2800.5053773321424
70,all,R6,Medium,R6_OUT,0.0,0.0,-2973.9913289184224,-0.0,0.3694968553459119,1.0,0.3333333333333333,2800.0,2800.5053773321424
70,all,R7,Medium,R7_OUT,0.0,0.0,11780.688195416953,0.0,0.3694968553459119,1.0,0.3333333333333333,2800.0,2800.5053773321424
70,all,R8,Medium,R8_OUT,0.05769230769230774,0.4892388674279408,3906.249956296575,1911.0893045089797,0.3694968553459119,1.0,0.3333333333333333,2800.0,2800.5053773321424
70,all,R9,High,R9_OUT,0.0,0.0,-38063.18928388062,-0.0,0.3694968553459119,1.0,0.3333333333333333,2800.0,2800.5053773321424
70,all,R10,High,R10_OUT,0.0,0.0,32760.865585523636,0.0,0.3694968553459119,1.0,0.3333333333333333,2800.0,2800.5053773321424
70,all,R11,Medium,R11_OUT,0.0,0.0,8443.236687308385,0.0,0.3694968553459119,1.0,0.3333333333333333,2800.0,2800.5053773321424
70,all,R12,Medium,R12_OUT,0.0,0.0,6367.615718436791,0.0,0.3694968553459119,1.0,0.3333333333333333,2800.0,2800.5053773321424
70,all,R13,High,R13_OUT,0.0,0.0,5517.398722654845,0.0,0.3694968553459119,1.0,0.3333333333333333,2800.0,2800.5053773321424
70,all,R14,High,R14_OUT,0.032537960954446825,0.2759264762066473,1770.646164463631,488.5681567692654,0.3694968553459119,1.0,0.3333333333333333,2800.0,2800.5053773321424
70,all,R15,High,R15_OUT,0.0,0.0,15716.39251512904,0.0,0.3694968553459119,1.0,0.3333333333333333,2800.0,2800.5053773321424
70,all,R16,High,R16_OUT,0.0,0.0,46180.51750147969,0.0,0.3694968553459119,1.0,0.3333333333333333,2800.0,2800.5053773321424
70,all,R17,High,R17_OUT,0.027692307692307735,0.2348346563654118,1706.9367965440433,400.8479160538972,0.3694968553459119,1.0,0.3333333333333333,2800.0,2800.5053773321424
70,all,R18,Very_High,R18_OUT,0.0,0.0,8486.124221917387,0.0,0.3694968553459119,1.0,0.3333333333333333,2800.0,2800.5053773321424
70,all,R19,Very_High,R19_OUT,0.0,0.0,-22947.261203789916,-0.0,0.3694968553459119,1.0,0.3333333333333333,2800.0,2800.5053773321424
70,all,R20,Very_High,R20_OUT,0.0,0.0,10919.63075311106,0.0,0.3694968553459119,1.0,0.3333333333333333,2800.0,2800.5053773321424
71,all,R1,Very_Low,R1_OUT,0.0,0.05,47391.135442245126,2369.5567721122566,0.8726415094339622,1.0,0.696969696969697,9520.0,7496.143386833218
71,all,R2,Low,R2_OUT,0.0,0.05,29188.970979829355,1459.4485489914678,0.8726415094339622,1.0,0.696969696969697,9520.0,7496.143386833218
71,all,R3,Low,R3_OUT,0.0,0.05,10244.072939226222,512.2036469613112,0.8726415094339622,1.0,0.696969696969697,9520.0,7496.143386833218
71,all,R4,Low,R4_OUT,0.0,0.05,12645.17421127128,632.258710563564,0.8726415094339622,1.0,0.696969696969697,9520.0,7496.143386833218
71,all,R5,Medium,R5_OUT,0.0,0.05,-18444.83623217024,-922.2418116085121,0.8726415094339622,1.0,0.696969696969697,9520.0,7496.143386833218
71,all,R6,Medium,R6_OUT,0.0,0.05,10520.846919474605,526.0423459737302,0.8726415094339622,1.0,0.696969696969697,9520.0,7496.143386833218
71,all,R7,Medium,R7_OUT,0.0,0.05,25827.049103208807,1291.3524551604405,0.8726415094339622,1.0,0.696969696969697,9520.0,7496.143386833218
71,all,R8,Medium,R8_OUT,0.0,0.05,21900.06676519985,1095.0033382599925,0.8726415094339622,1.0,0.696969696969697,9520.0,7496.143386833218
71,all,R9,High,R9_OUT,0.0,0.05,-168378.71132510868,-8418.935566255435,0.8726415094339622,1.0,0.696969696969697,9520.0,7496.143386833218
71,all,R10,High,R10_OUT,0.0,0.05,75738.28347952352,3786.9141739761762,0.8726415094339622,1.0,0.696969696969697,9520.0,7496.143386833218
71,all,R11,Medium,R11_OUT,0.0,0.05,45269.17211235423,2263.458605617712,0.8726415094339622,1.0,0.696969696969697,9520.0,7496.143386833218
71,all,R12,Medium,R12_OUT,0.0,0.05,16817.554177811955,840.8777088905978,0.8726415094339622,1.0,0.696969696969697,9520.0,7496.143386833218
71,all,R13,High,R13_OUT,0.0,0.05,7397.200402432509,369.86002012162544,0.8726415094339622,1.0,0.696969696969697,9520.0,7496.143386833218
71,all,R14,High,R14_OUT,0.0,0.05,-12357.66150345526,-617.883075172763,0.8726415094339622,1.0,0.696969696969697,9520.0,7496.143386833218
71,all,R15,High,R15_OUT,0.0,0.05,44613.72988297392,2230.686494148696,0.8726415094339622,1.0,0.696969696969697,9520.0,7496.143386833218
71,all,R16,High,R16_OUT,0.0,0.05,40787.087322877785,2039.3543661438894,0.8726415094339622,1.0,0.696969696969697,9520.0,7496.143386833218
71,all,R17,High,R17_OUT,0.0,0.05,-150.66144552380138,-7.533072276190069,0.8726415094339622,1.0,0.696969696969697,9520.0,7496.143386833218
71,all,R18,Very_High,R18_OUT,0.0,0.05,-18234.277664982714,-911.7138832491357,0.8726415094339622,1.0,0.696969696969697,9520.0,7496.143386833218
71,all,R19,Very_High,R19_OUT,0.0,0.05,-43348.61237704531,-2167.4306188522655,0.8726415094339622,1.0,0.696969696969697,9520.0,7496.143386833218
71,all,R20,Very_High,R20_OUT,0.0,0.05,22497.284546521216,1124.864227326061,0.8726415094339622,1.0,0.696969696969697,9520.0,7496.143386833218
72,all,R1,Very_Low,R1_OUT,0.0,0.0,55275.614788834486,0.0,0.9984276729559748,1.0,0.3333333333333333,5880.0,504.2695474962402
72,all,R2,Low,R2_OUT,0.0,0.0,32314.665940808853,0.0,0.9984276729559748,1.0,0.3333333333333333,5880.0,504.2695474962402
72,all,R3,Low,R3_OUT,0.0,0.0,14698.776836216019,0.0,0.9984276729559748,1.0,0.3333333333333333,5880.0,504.2695474962402
72,all,R4,Low,R4_OUT,0.0,0.0,18706.924643478436,0.0,0.9984276729559748,1.0,0.3333333333333333,5880.0,504.2695474962402
72,all,R5,Medium,R5_OUT,0.0,0.0,-4223.701259467967,-0.0,0.9984276729559748,1.0,0.3333333333333333,5880.0,504.2695474962402
72,all,R6,Medium,R6_OUT,0.0,0.0,14252.916127996841,0.0,0.9984276729559748,1.0,0.3333333333333333,5880.0,504.2695474962402
72,all,R7,Medium,R7_OUT,0.0,0.0,32708.27725088649,0.0,0.9984276729559748,1.0,0.3333333333333333,5880.0,504.2695474962402
72,all,R8,Medium,R8_OUT,0.0,0.0,17501.753792397754,0.0,0.9984276729559748,1.0,0.3333333333333333,5880.0,504.2695474962402
72,all,R9,High,R9_OUT,0.0,0.0,-123308.3833354522,-0.0,0.9984276729559748,1.0,0.3333333333333333,5880.0,504.2695474962402
72,all,R10,High,R10_OUT,0.0,0.0,54095.67706725161,0.0,0.9984276729559748,1.0,0.3333333333333333,5880.0,504.2695474962402
72,all,R11,Medium,R11_OUT,0.0,0.0,52295.33772624205,0.0,0.9984276729559748,1.0,0.3333333333333333,5880.0,504.2695474962402
72,all,R12,Medium,R12_OUT,0.0,0.0,21909.69230042779,0.0,0.9984276729559748,1.0,0.3333333333333333,5880.0,504.2695474962402
72,all,R13,High,R13_OUT,0.0,0.0,8771.417633297411,0.0,0.9984276729559748,1.0,0.3333333333333333,5880.0,504.2695474962402
72,all,R14,High,R14_OUT,0.24945770065075903,1.0,504.2695474962402,504.2695474962402,0.9984276729559748,1.0,0.3333333333333333,5880.0,504.2695474962402
72,all,R15,High,R15_OUT,0.0,0.0,-6360.852657531088,-0.0,0.9984276729559748,1.0,0.3333333333333333,5880.0,504.2695474962402
72,all,R16,High,R16_OUT,0.0,0.0,36098.292460026845,0.0,0.9984276729559748,1.0,0.3333333333333333,5880.0,504.2695474962402
72,all,R17,High,R17_OUT,0.0,0.0,-15820.102428259175,-0.0,0.9984276729559748,1.0,0.3333333333333333,5880.0,504.2695474962402
72,all,R18,Very_High,R18_OUT,0.0,0.0,-11457.20255925021,-0.0,0.9984276729559748,1.0,0.3333333333333333,5880.0,504.2695474962402
72,all,R19,Very_High,R19_OUT,0.0,0.0,-54972.0829028149,-0.0,0.9984276729559748,1.0,0.3333333333333333,5880.0,504.2695474962402
72,all,R20,Very_High,R20_OUT,0.0,0.0,27004.211747535355,0.0,0.9984276729559748,1.0,0.3333333333333333,5880.0,504.2695474962402
