sample_index,split,rule_id,antecedent,consequent_label,firing_strength,normalized_firing_strength,label_equation_output,rule_contribution,predicted,PointsAjust,TeamExp,Length,actual
0,all,R1,IF (PointsAjust IS Low) AND (TeamExp IS High) AND (Length IS Low),Very_Low,0.0,0.0,6218.838374528622,0.0,6194.115216007871,0.3773584905660377,0.4,0.3333333333333333,5152.0
0,all,R2,IF (PointsAjust IS Low) AND (TeamExp IS High) AND (Length IS Medium),Low,0.0,0.0,-1660.1725484127192,-0.0,6194.115216007871,0.3773584905660377,0.4,0.3333333333333333,5152.0
0,all,R3,IF (PointsAjust IS Low) AND (TeamExp IS High) AND (Length IS High),Medium,0.0,0.0,2911.6354456108793,0.0,6194.115216007871,0.3773584905660377,0.4,0.3333333333333333,5152.0
0,all,R4,IF (PointsAjust IS Low) AND (TeamExp IS Medium) AND (Length IS Low),Low,0.0,0.0,-1660.1725484127192,-0.0,6194.115216007871,0.3773584905660377,0.4,0.3333333333333333,5152.0
0,all,R5,IF (PointsAjust IS Low) AND (TeamExp IS Medium) AND (Length IS Medium),Medium,0.0,0.0,2911.6354456108793,0.0,6194.115216007871,0.3773584905660377,0.4,0.3333333333333333,5152.0
0,all,R6,IF (PointsAjust IS Low) AND (TeamExp IS Medium) AND (Length IS High),Medium,0.0,0.0,2911.6354456108793,0.0,6194.115216007871,0.3773584905660377,0.4,0.3333333333333333,5152.0
0,all,R7,IF (PointsAjust IS Low) AND (TeamExp IS Low) AND (Length IS Medium),Medium,0.0,0.0,2911.6354456108793,0.0,6194.115216007871,0.3773584905660377,0.4,0.3333333333333333,5152.0
0,all,R8,IF (PointsAjust IS Low) AND (TeamExp IS Low) AND (Length IS High),High,0.0,0.0,4779.057456964034,0.0,6194.115216007871,0.3773584905660377,0.4,0.3333333333333333,5152.0
0,all,R9,IF (PointsAjust IS Medium) AND (TeamExp IS High) AND (Length IS Low),Low,0.0,0.0,-1660.1725484127192,-0.0,6194.115216007871,0.3773584905660377,0.4,0.3333333333333333,5152.0
0,all,R10,IF (PointsAjust IS Medium) AND (TeamExp IS High) AND (Length IS Medium),Medium,0.0,0.0,2911.6354456108793,0.0,6194.115216007871,0.3773584905660377,0.4,0.3333333333333333,5152.0
0,all,R11,IF (PointsAjust IS Medium) AND (TeamExp IS High) AND (Length IS High),Medium,0.0,0.0,2911.6354456108793,0.0,6194.115216007871,0.3773584905660377,0.4,0.3333333333333333,5152.0
0,all,R12,IF (PointsAjust IS Medium) AND (TeamExp IS Medium) AND (Length IS Low),Medium,0.0,0.0,2911.6354456108793,0.0,6194.115216007871,0.3773584905660377,0.4,0.3333333333333333,5152.0
0,all,R13,IF (PointsAjust IS Medium) AND (TeamExp IS Medium) AND (Length IS Medium),Medium,0.0,0.0,2911.6354456108793,0.0,6194.115216007871,0.3773584905660377,0.4,0.3333333333333333,5152.0
0,all,R14,IF (PointsAjust IS Medium) AND (TeamExp IS Medium) AND (Length IS High),High,0.0,0.0,4779.057456964034,0.0,6194.115216007871,0.3773584905660377,0.4,0.3333333333333333,5152.0
0,all,R15,IF (PointsAjust IS Medium) AND (TeamExp IS Low) AND (Length IS Medium),High,0.013888888888888909,0.36602407342712906,4779.057456964034,1749.2500775402723,6194.115216007871,0.3773584905660377,0.4,0.3333333333333333,5152.0
0,all,R16,IF (PointsAjust IS Medium) AND (TeamExp IS Low) AND (Length IS High),High,0.006666666666666681,0.17569155524502206,4779.057456964034,839.6400372193311,6194.115216007871,0.3773584905660377,0.4,0.3333333333333333,5152.0
0,all,R17,IF (PointsAjust IS High) AND (TeamExp IS High) AND (Length IS Medium),Medium,0.0,0.0,2911.6354456108793,0.0,6194.115216007871,0.3773584905660377,0.4,0.3333333333333333,5152.0
0,all,R18,IF (PointsAjust IS High) AND (TeamExp IS Medium) AND (Length IS Medium),High,0.0,0.0,4779.057456964034,0.0,6194.115216007871,0.3773584905660377,0.4,0.3333333333333333,5152.0
0,all,R19,IF (PointsAjust IS High) AND (TeamExp IS Low) AND (Length IS Medium),High,0.011749819233550238,0.3096516022485465,4779.057456964034,1479.8427987867772,6194.115216007871,0.3773584905660377,0.4,0.3333333333333333,5152.0
0,all,R20,IF (PointsAjust IS High) AND (TeamExp IS Low) AND (Length IS High),Very_High,0.005639913232104119,0.14863276907930245,14299.553965300212,2125.3823024614903,6194.115216007871,0.3773584905660377,0.4,0.3333333333333333,5152.0
1,all,R1,IF (PointsAjust IS Low) AND (TeamExp IS High) AND (Length IS Low),Very_Low,0.0,0.05,6966.390273332295,348.31951366661474,3039.318523594819,0.3977987421383648,0.2,0.0909090909090909,5635.0
1,all,R2,IF (PointsAjust IS Low) AND (TeamExp IS High) AND (Length IS Medium),Low,0.0,0.05,-2482.3995731163295,-124.11997865581648,3039.318523594819,0.3977987421383648,0.2,0.0909090909090909,5635.0
1,all,R3,IF (PointsAjust IS Low) AND (TeamExp IS High) AND (Length IS High),Medium,0.0,0.05,3023.3544747090205,151.16772373545103,3039.318523594819,0.3977987421383648,0.2,0.0909090909090909,5635.0
1,all,R4,IF (PointsAjust IS Low) AND (TeamExp IS Medium) AND (Length IS Low),Low,0.0,0.05,-2482.3995731163295,-124.11997865581648,3039.318523594819,0.3977987421383648,0.2,0.0909090909090909,5635.0
1,all,R5,IF (PointsAjust IS Low) AND (TeamExp IS Medium) AND (Length IS Medium),Medium,0.0,0.05,3023.3544747090205,151.16772373545103,3039.318523594819,0.3977987421383648,0.2,0.0909090909090909,5635.0
1,all,R6,IF (PointsAjust IS Low) AND (TeamExp IS Medium) AND (Length IS High),Medium,0.0,0.05,3023.3544747090205,151.16772373545103,3039.318523594819,0.3977987421383648,0.2,0.0909090909090909,5635.0
1,all,R7,IF (PointsAjust IS Low) AND (TeamExp IS Low) AND (Length IS Medium),Medium,0.0,0.05,3023.3544747090205,151.16772373545103,3039.318523594819,0.3977987421383648,0.2,0.0909090909090909,5635.0
1,all,R8,IF (PointsAjust IS Low) AND (TeamExp IS Low) AND (Length IS High),High,0.0,0.05,3565.9925854403973,178.29962927201987,3039.318523594819,0.3977987421383648,0.2,0.0909090909090909,5635.0
1,all,R9,IF (PointsAjust IS Medium) AND (TeamExp IS High) AND (Length IS Low),Low,0.0,0.05,-2482.3995731163295,-124.11997865581648,3039.318523594819,0.3977987421383648,0.2,0.0909090909090909,5635.0
1,all,R10,IF (PointsAjust IS Medium) AND (TeamExp IS High) AND (Length IS Medium),Medium,0.0,0.05,3023.3544747090205,151.16772373545103,3039.318523594819,0.3977987421383648,0.2,0.0909090909090909,5635.0
1,all,R11,IF (PointsAjust IS Medium) AND (TeamExp IS High) AND (Length IS High),Medium,0.0,0.05,3023.3544747090205,151.16772373545103,3039.318523594819,0.3977987421383648,0.2,0.0909090909090909,5635.0
1,all,R12,IF (PointsAjust IS Medium) AND (TeamExp IS Medium) AND (Length IS Low),Medium,0.0,0.05,3023.3544747090205,151.16772373545103,3039.318523594819,0.3977987421383648,0.2,0.0909090909090909,5635.0
1,all,R13,IF (PointsAjust IS Medium) AND (TeamExp IS Medium) AND (Length IS Medium),Medium,0.0,0.05,3023.3544747090205,151.16772373545103,3039.318523594819,0.3977987421383648,0.2,0.0909090909090909,5635.0
1,all,R14,IF (PointsAjust IS Medium) AND (TeamExp IS Medium) AND (Length IS High),High,0.0,0.05,3565.9925854403973,178.29962927201987,3039.318523594819,0.3977987421383648,0.2,0.0909090909090909,5635.0
1,all,R15,IF (PointsAjust IS Medium) AND (TeamExp IS Low) AND (Length IS Medium),High,0.0,0.05,3565.9925854403973,178.29962927201987,3039.318523594819,0.3977987421383648,0.2,0.0909090909090909,5635.0
1,all,R16,IF (PointsAjust IS Medium) AND (TeamExp IS Low) AND (Length IS High),High,0.0,0.05,3565.9925854403973,178.29962927201987,3039.318523594819,0.3977987421383648,0.2,0.0909090909090909,5635.0
1,all,R17,IF (PointsAjust IS High) AND (TeamExp IS High) AND (Length IS Medium),Medium,0.0,0.05,3023.3544747090205,151.16772373545103,3039.318523594819,0.3977987421383648,0.2,0.0909090909090909,5635.0
1,all,R18,IF (PointsAjust IS High) AND (TeamExp IS Medium) AND (Length IS Medium),High,0.0,0.05,3565.9925854403973,178.29962927201987,3039.318523594819,0.3977987421383648,0.2,0.0909090909090909,5635.0
1,all,R19,IF (PointsAjust IS High) AND (TeamExp IS Low) AND (Length IS Medium),High,0.0,0.05,3565.9925854403973,178.29962927201987,3039.318523594819,0.3977987421383648,0.2,0.0909090909090909,5635.0
1,all,R20,IF (PointsAjust IS High) AND (TeamExp IS Low) AND (Length IS High),Very_High,0.0,0.05,12661.033132889504,633.0516566444753,3039.318523594819,0.3977987421383648,0.2,0.0909090909090909,5635.0
2,all,R1,IF (PointsAjust IS Low) AND (TeamExp IS High) AND (Length IS Low),Very_Low,0.88,1.0,1011.5994377334628,1011.5994377334628,1011.5994377334629,0.0330188679245283,1.0,0.0,805.0
2,all,R2,IF (PointsAjust IS Low) AND (TeamExp IS High) AND (Length IS Medium),Low,0.0,0.0,4222.521011409093,0.0,1011.5994377334629,0.0330188679245283,1.0,0.0,805.0
2,all,R3,IF (PointsAjust IS Low) AND (TeamExp IS High) AND (Length IS High),Medium,0.0,0.0,4429.202771541266,0.0,1011.5994377334629,0.0330188679245283,1.0,0.0,805.0
2,all,R4,IF (PointsAjust IS Low) AND (TeamExp IS Medium) AND (Length IS Low),Low,0.0,0.0,4222.521011409093,0.0,1011.5994377334629,0.0330188679245283,1.0,0.0,805.0
2,all,R5,IF (PointsAjust IS Low) AND (TeamExp IS Medium) AND (Length IS Medium),Medium,0.0,0.0,4429.202771541266,0.0,1011.5994377334629,0.0330188679245283,1.0,0.0,805.0
2,all,R6,IF (PointsAjust IS Low) AND (TeamExp IS Medium) AND (Length IS High),Medium,0.0,0.0,4429.202771541266,0.0,1011.5994377334629,0.0330188679245283,1.0,0.0,805.0
2,all,R7,IF (PointsAjust IS Low) AND (TeamExp IS Low) AND (Length IS Medium),Medium,0.0,0.0,4429.202771541266,0.0,1011.5994377334629,0.0330188679245283,1.0,0.0,805.0
2,all,R8,IF (PointsAjust IS Low) AND (TeamExp IS Low) AND (Length IS High),High,0.0,0.0,4248.991563743459,0.0,1011.5994377334629,0.0330188679245283,1.0,0.0,805.0
2,all,R9,IF (PointsAjust IS Medium) AND (TeamExp IS High) AND (Length IS Low),Low,0.0,0.0,4222.521011409093,0.0,1011.5994377334629,0.0330188679245283,1.0,0.0,805.0
2,all,R10,IF (PointsAjust IS Medium) AND (TeamExp IS High) AND (Length IS Medium),Medium,0.0,0.0,4429.202771541266,0.0,1011.5994377334629,0.0330188679245283,1.0,0.0,805.0
2,all,R11,IF (PointsAjust IS Medium) AND (TeamExp IS High) AND (Length IS High),Medium,0.0,0.0,4429.202771541266,0.0,1011.5994377334629,0.0330188679245283,1.0,0.0,805.0
2,all,R12,IF (PointsAjust IS Medium) AND (TeamExp IS Medium) AND (Length IS Low),Medium,0.0,0.0,4429.202771541266,0.0,1011.5994377334629,0.0330188679245283,1.0,0.0,805.0
2,all,R13,IF (PointsAjust IS Medium) AND (TeamExp IS Medium) AND (Length IS Medium),Medium,0.0,0.0,4429.202771541266,0.0,1011.5994377334629,0.0330188679245283,1.0,0.0,805.0
2,all,R14,IF (PointsAjust IS Medium) AND (TeamExp IS Medium) AND (Length IS High),High,0.0,0.0,4248.991563743459,0.0,1011.5994377334629,0.0330188679245283,1.0,0.0,805.0
2,all,R15,IF (PointsAjust IS Medium) AND (TeamExp IS Low) AND (Length IS Medium),High,0.0,0.0,4248.991563743459,0.0,1011.5994377334629,0.0330188679245283,1.0,0.0,805.0
2,all,R16,IF (PointsAjust IS Medium) AND (TeamExp IS Low) AND (Length IS High),High,0.0,0.0,4248.991563743459,0.0,1011.5994377334629,0.0330188679245283,1.0,0.0,805.0
2,all,R17,IF (PointsAjust IS High) AND (TeamExp IS High) AND (Length IS Medium),Medium,0.0,0.0,4429.202771541266,0.0,1011.5994377334629,0.0330188679245283,1.0,0.0,805.0
2,all,R18,IF (PointsAjust IS High) AND (TeamExp IS Medium) AND (Length IS Medium),High,0.0,0.0,4248.991563743459,0.0,1011.5994377334629,0.0330188679245283,1.0,0.0,805.0
2,all,R19,IF (PointsAjust IS High) AND (TeamExp IS Low) AND (Length IS Medium),High,0.0,0.0,4248.991563743459,0.0,1011.5994377334629,0.0330188679245283,1.0,0.0,805.0
2,all,R20,IF (PointsAjust IS High) AND (TeamExp IS Low) AND (Length IS High),Very_High,0.0,0.0,21095.646187442155,0.0,1011.5994377334629,0.0330188679245283,1.0,0.0,805.0
3,all,R1,IF (PointsAjust IS Low) AND (TeamExp IS High) AND (Length IS Low),Very_Low,0.0,0.05,6795.832655507979,339.79163277539897,2914.017424203389,0.3789308176100629,0.2,0.1212121212121212,3829.0
3,all,R2,IF (PointsAjust IS Low) AND (TeamExp IS High) AND (Length IS Medium),Low,0.0,0.05,-2898.6146040919666,-144.93073020459835,2914.017424203389,0.3789308176100629,0.2,0.1212121212121212,3829.0
3,all,R3,IF (PointsAjust IS Low) AND (TeamExp IS High) AND (Length IS High),Medium,0.0,0.05,2914.669118438318,145.73345592191592,2914.017424203389,0.3789308176100629,0.2,0.1212121212121212,3829.0
3,all,R4,IF (PointsAjust IS Low) AND (TeamExp IS Medium) AND (Length IS Low),Low,0.0,0.05,-2898.6146040919666,-144.93073020459835,2914.017424203389,0.3789308176100629,0.2,0.1212121212121212,3829.0
3,all,R5,IF (PointsAjust IS Low) AND (TeamExp IS Medium) AND (Length IS Medium),Medium,0.0,0.05,2914.669118438318,145.73345592191592,2914.017424203389,0.3789308176100629,0.2,0.1212121212121212,3829.0
3,all,R6,IF (PointsAjust IS Low) AND (TeamExp IS Medium) AND (Length IS High),Medium,0.0,0.05,2914.669118438318,145.73345592191592,2914.017424203389,0.3789308176100629,0.2,0.1212121212121212,3829.0
3,all,R7,IF (PointsAjust IS Low) AND (TeamExp IS Low) AND (Length IS Medium),Medium,0.0,0.05,2914.669118438318,145.73345592191592,2914.017424203389,0.3789308176100629,0.2,0.1212121212121212,3829.0
3,all,R8,IF (PointsAjust IS Low) AND (TeamExp IS Low) AND (Length IS High),High,0.0,0.05,3583.5364255299423,179.17682127649712,2914.017424203389,0.3789308176100629,0.2,0.1212121212121212,3829.0
3,all,R9,IF (PointsAjust IS Medium) AND (TeamExp IS High) AND (Length IS Low),Low,0.0,0.05,-2898.6146040919666,-144.93073020459835,2914.017424203389,0.3789308176100629,0.2,0.1212121212121212,3829.0
3,all,R10,IF (PointsAjust IS Medium) AND (TeamExp IS High) AND (Length IS Medium),Medium,0.0,0.05,2914.669118438318,145.73345592191592,2914.017424203389,0.3789308176100629,0.2,0.1212121212121212,3829.0
3,all,R11,IF (PointsAjust IS Medium) AND (TeamExp IS High) AND (Length IS High),Medium,0.0,0.05,2914.669118438318,145.73345592191592,2914.017424203389,0.3789308176100629,0.2,0.1212121212121212,3829.0
3,all,R12,IF (PointsAjust IS Medium) AND (TeamExp IS Medium) AND (Length IS Low),Medium,0.0,0.05,2914.669118438318,145.73345592191592,2914.017424203389,0.3789308176100629,0.2,0.1212121212121212,3829.0
3,all,R13,IF (PointsAjust IS Medium) AND (TeamExp IS Medium) AND (Length IS Medium),Medium,0.0,0.05,2914.669118438318,145.73345592191592,2914.017424203389,0.3789308176100629,0.2,0.1212121212121212,3829.0
3,all,R14,IF (PointsAjust IS Medium) AND (TeamExp IS Medium) AND (Length IS High),High,0.0,0.05,3583.5364255299423,179.17682127649712,2914.017424203389,0.3789308176100629,0.2,0.1212121212121212,3829.0
3,all,R15,IF (PointsAjust IS Medium) AND (TeamExp IS Low) AND (Length IS Medium),High,0.0,0.05,3583.5364255299423,179.17682127649712,2914.017424203389,0.3789308176100629,0.2,0.1212121212121212,3829.0
3,all,R16,IF (PointsAjust IS Medium) AND (TeamExp IS Low) AND (Length IS High),High,0.0,0.05,3583.5364255299423,179.17682127649712,2914.017424203389,0.3789308176100629,0.2,0.1212121212121212,3829.0
3,all,R17,IF (PointsAjust IS High) AND (TeamExp IS High) AND (Length IS Medium),Medium,0.0,0.05,2914.669118438318,145.73345592191592,2914.017424203389,0.3789308176100629,0.2,0.1212121212121212,3829.0
3,all,R18,IF (PointsAjust IS High) AND (TeamExp IS Medium) AND (Length IS Medium),High,0.0,0.05,3583.5364255299423,179.17682127649712,2914.017424203389,0.3789308176100629,0.2,0.1212121212121212,3829.0
3,all,R19,IF (PointsAjust IS High) AND (TeamExp IS Low) AND (Length IS Medium),High,0.0,0.05,3583.5364255299423,179.17682127649712,2914.017424203389,0.3789308176100629,0.2,0.1212121212121212,3829.0
3,all,R20,IF (PointsAjust IS High) AND (TeamExp IS Low) AND (Length IS High),Very_High,0.0,0.05,12447.119021711182,622.3559510855591,2914.017424203389,0.3789308176100629,0.2,0.1212121212121212,3829.0
4,all,R1,IF (PointsAjust IS Low) AND (TeamExp IS High) AND (Length IS Low),Very_Low,0.0,0.05,5373.142464210352,268.6571232105176,2264.568715367544,0.2295597484276729,0.2,0.0909090909090909,2149.0
4,all,R2,IF (PointsAjust IS Low) AND (TeamExp IS High) AND (Length IS Medium),Low,0.0,0.05,-4471.08616483747,-223.5543082418735,2264.568715367544,0.2295597484276729,0.2,0.0909090909090909,2149.0
4,all,R3,IF (PointsAjust IS Low) AND (TeamExp IS High) AND (Length IS High),Medium,0.0,0.05,2675.3792296778092,133.76896148389048,2264.568715367544,0.2295597484276729,0.2,0.0909090909090909,2149.0
4,all,R4,IF (PointsAjust IS Low) AND (TeamExp IS Medium) AND (Length IS Low),Low,0.0,0.05,-4471.08616483747,-223.5543082418735,2264.568715367544,0.2295597484276729,0.2,0.0909090909090909,2149.0
4,all,R5,IF (PointsAjust IS Low) AND (TeamExp IS Medium) AND (Length IS Medium),Medium,0.0,0.05,2675.3792296778092,133.76896148389048,2264.568715367544,0.2295597484276729,0.2,0.0909090909090909,2149.0
4,all,R6,IF (PointsAjust IS Low) AND (TeamExp IS Medium) AND (Length IS High),Medium,0.0,0.05,2675.3792296778092,133.76896148389048,2264.568715367544,0.2295597484276729,0.2,0.0909090909090909,2149.0
4,all,R7,IF (PointsAjust IS Low) AND (TeamExp IS Low) AND (Length IS Medium),Medium,0.0,0.05,2675.3792296778092,133.76896148389048,2264.568715367544,0.2295597484276729,0.2,0.0909090909090909,2149.0
4,all,R8,IF (PointsAjust IS Low) AND (TeamExp IS Low) AND (Length IS High),High,0.0,0.05,2931.977263443157,146.59886317215785,2264.568715367544,0.2295597484276729,0.2,0.0909090909090909,2149.0
4,all,R9,IF (PointsAjust IS Medium) AND (TeamExp IS High) AND (Length IS Low),Low,0.0,0.05,-4471.08616483747,-223.5543082418735,2264.568715367544,0.2295597484276729,0.2,0.0909090909090909,2149.0
4,all,R10,IF (PointsAjust IS Medium) AND (TeamExp IS High) AND (Length IS Medium),Medium,0.0,0.05,2675.3792296778092,133.76896148389048,2264.568715367544,0.2295597484276729,0.2,0.0909090909090909,2149.0
4,all,R11,IF (PointsAjust IS Medium) AND (TeamExp IS High) AND (Length IS High),Medium,0.0,0.05,2675.3792296778092,133.76896148389048,2264.568715367544,0.2295597484276729,0.2,0.0909090909090909,2149.0
4,all,R12,IF (PointsAjust IS Medium) AND (TeamExp IS Medium) AND (Length IS Low),Medium,0.0,0.05,2675.3792296778092,133.76896148389048,2264.568715367544,0.2295597484276729,0.2,0.0909090909090909,2149.0
4,all,R13,IF (PointsAjust IS Medium) AND (TeamExp IS Medium) AND (Length IS Medium),Medium,0.0,0.05,2675.3792296778092,133.76896148389048,2264.568715367544,0.2295597484276729,0.2,0.0909090909090909,2149.0
4,all,R14,IF (PointsAjust IS Medium) AND (TeamExp IS Medium) AND (Length IS High),High,0.0,0.05,2931.977263443157,146.59886317215785,2264.568715367544,0.2295597484276729,0.2,0.0909090909090909,2149.0
4,all,R15,IF (PointsAjust IS Medium) AND (TeamExp IS Low) AND (Length IS Medium),High,0.0,0.05,2931.977263443157,146.59886317215785,2264.568715367544,0.2295597484276729,0.2,0.0909090909090909,2149.0
4,all,R16,IF (PointsAjust IS Medium) AND (TeamExp IS Low) AND (Length IS High),High,0.0,0.05,2931.977263443157,146.59886317215785,2264.568715367544,0.2295597484276729,0.2,0.0909090909090909,2149.0
4,all,R17,IF (PointsAjust IS High) AND (TeamExp IS High) AND (Length IS Medium),Medium,0.0,0.05,2675.3792296778092,133.76896148389048,2264.568715367544,0.2295597484276729,0.2,0.0909090909090909,2149.0
4,all,R18,IF (PointsAjust IS High) AND (TeamExp IS Medium) AND (Length IS Medium),High,0.0,0.05,2931.977263443157,146.59886317215785,2264.568715367544,0.2295597484276729,0.2,0.0909090909090909,2149.0
4,all,R19,IF (PointsAjust IS High) AND (TeamExp IS Low) AND (Length IS Medium),High,0.0,0.05,2931.977263443157,146.59886317215785,2264.568715367544,0.2295597484276729,0.2,0.0909090909090909,2149.0
4,all,R20,IF (PointsAjust IS High) AND (TeamExp IS Low) AND (Length IS High),Very_High,0.0,0.05,11661.213689893717,583.0606844946859,2264.568715367544,0.2295597484276729,0.2,0.0909090909090909,2149.0
5,all,R1,IF (PointsAjust IS Low) AND (TeamExp IS High) AND (Length IS Low),Very_Low,0.0,0.05,5134.89980116408,256.744990058204,2148.71827675412,0.2044025157232704,0.2,0.0909090909090909,2821.0
5,all,R2,IF (PointsAjust IS Low) AND (TeamExp IS High) AND (Length IS Medium),Low,0.0,0.05,-4768.459860795771,-238.4229930397886,2148.71827675412,0.2044025157232704,0.2,0.0909090909090909,2821.0
5,all,R3,IF (PointsAjust IS Low) AND (TeamExp IS High) AND (Length IS High),Medium,0.0,0.05,2623.345548177815,131.16727740889075,2148.71827675412,0.2044025157232704,0.2,0.0909090909090909,2821.0
5,all,R4,IF (PointsAjust IS Low) AND (TeamExp IS Medium) AND (Length IS Low),Low,0.0,0.05,-4768.459860795771,-238.4229930397886,2148.71827675412,0.2044025157232704,0.2,0.0909090909090909,2821.0
5,all,R5,IF (PointsAjust IS Low) AND (TeamExp IS Medium) AND (Length IS Medium),Medium,0.0,0.05,2623.345548177815,131.16727740889075,2148.71827675412,0.2044025157232704,0.2,0.0909090909090909,2821.0
5,all,R6,IF (PointsAjust IS Low) AND (TeamExp IS Medium) AND (Length IS High),Medium,0.0,0.05,2623.345548177815,131.16727740889075,2148.71827675412,0.2044025157232704,0.2,0.0909090909090909,2821.0
5,all,R7,IF (PointsAjust IS Low) AND (TeamExp IS Low) AND (Length IS Medium),Medium,0.0,0.05,2623.345548177815,131.16727740889075,2148.71827675412,0.2044025157232704,0.2,0.0909090909090909,2821.0
5,all,R8,IF (PointsAjust IS Low) AND (TeamExp IS Low) AND (Length IS High),High,0.0,0.05,2837.171233985626,141.8585616992813,2148.71827675412,0.2044025157232704,0.2,0.0909090909090909,2821.0
5,all,R9,IF (PointsAjust IS Medium) AND (TeamExp IS High) AND (Length IS Low),Low,0.0,0.05,-4768.459860795771,-238.4229930397886,2148.71827675412,0.2044025157232704,0.2,0.0909090909090909,2821.0
5,all,R10,IF (PointsAjust IS Medium) AND (TeamExp IS High) AND (Length IS Medium),Medium,0.0,0.05,2623.345548177815,131.16727740889075,2148.71827675412,0.2044025157232704,0.2,0.0909090909090909,2821.0
5,all,R11,IF (PointsAjust IS Medium) AND (TeamExp IS High) AND (Length IS High),Medium,0.0,0.05,2623.345548177815,131.16727740889075,2148.71827675412,0.2044025157232704,0.2,0.0909090909090909,2821.0
5,all,R12,IF (PointsAjust IS Medium) AND (TeamExp IS Medium) AND (Length IS Low),Medium,0.0,0.05,2623.345548177815,131.16727740889075,2148.71827675412,0.2044025157232704,0.2,0.0909090909090909,2821.0
5,all,R13,IF (PointsAjust IS Medium) AND (TeamExp IS Medium) AND (Length IS Medium),Medium,0.0,0.05,2623.345548177815,131.16727740889075,2148.71827675412,0.2044025157232704,0.2,0.0909090909090909,2821.0
5,all,R14,IF (PointsAjust IS Medium) AND (TeamExp IS Medium) AND (Length IS High),High,0.0,0.05,2837.171233985626,141.8585616992813,2148.71827675412,0.2044025157232704,0.2,0.0909090909090909,2821.0
5,all,R15,IF (PointsAjust IS Medium) AND (TeamExp IS Low) AND (Length IS Medium),High,0.0,0.05,2837.171233985626,141.8585616992813,2148.71827675412,0.2044025157232704,0.2,0.0909090909090909,2821.0
5,all,R16,IF (PointsAjust IS Medium) AND (TeamExp IS Low) AND (Length IS High),High,0.0,0.05,2837.171233985626,141.8585616992813,2148.71827675412,0.2044025157232704,0.2,0.0909090909090909,2821.0
5,all,R17,IF (PointsAjust IS High) AND (TeamExp IS High) AND (Length IS Medium),Medium,0.0,0.05,2623.345548177815,131.16727740889075,2148.71827675412,0.2044025157232704,0.2,0.0909090909090909,2821.0
5,all,R18,IF (PointsAjust IS High) AND (TeamExp IS Medium) AND (Length IS Medium),High,0.0,0.05,2837.171233985626,141.8585616992813,2148.71827675412,0.2044025157232704,0.2,0.0909090909090909,2821.0
5,all,R19,IF (PointsAjust IS High) AND (TeamExp IS Low) AND (Length IS Medium),High,0.0,0.05,2837.171233985626,141.8585616992813,2148.71827675412,0.2044025157232704,0.2,0.0909090909090909,2821.0
5,all,R20,IF (PointsAjust IS High) AND (TeamExp IS Low) AND (Length IS High),Very_High,0.0,0.05,11511.707978791543,575.5853989395772,2148.71827675412,0.2044025157232704,0.2,0.0909090909090909,2821.0
6,all,R1,IF (PointsAjust IS Low) AND (TeamExp IS High) AND (Length IS Low),Very_Low,0.0,0.0,3237.7343342442337,0.0,3097.874329615567,0.130503144654088,0.6,0.2424242424242424,2569.0
6,all,R2,IF (PointsAjust IS Low) AND (TeamExp IS High) AND (Length IS Medium),Low,0.0,0.0,-1389.2764382578052,-0.0,3097.874329615567,0.130503144654088,0.6,0.2424242424242424,2569.0
6,all,R3,IF (PointsAjust IS Low) AND (TeamExp IS High) AND (Length IS High),Medium,0.0,0.0,3097.874329615567,0.0,3097.874329615567,0.130503144654088,0.6,0.2424242424242424,2569.0
6,all,R4,IF (PointsAjust IS Low) AND (TeamExp IS Medium) AND (Length IS Low),Low,0.0,0.0,-1389.2764382578052,-0.0,3097.874329615567,0.130503144654088,0.6,0.2424242424242424,2569.0
6,all,R5,IF (PointsAjust IS Low) AND (TeamExp IS Medium) AND (Length IS Medium),Medium,0.5257142857142859,0.9107051739973466,3097.874329615567,2821.2501803744585,3097.874329615567,0.130503144654088,0.6,0.2424242424242424,2569.0
6,all,R6,IF (PointsAjust IS Low) AND (TeamExp IS Medium) AND (Length IS High),Medium,0.0,0.0,3097.874329615567,0.0,3097.874329615567,0.130503144654088,0.6,0.2424242424242424,2569.0
6,all,R7,IF (PointsAjust IS Low) AND (TeamExp IS Low) AND (Length IS Medium),Medium,0.0,0.0,3097.874329615567,0.0,3097.874329615567,0.130503144654088,0.6,0.2424242424242424,2569.0
6,all,R8,IF (PointsAjust IS Low) AND (TeamExp IS Low) AND (Length IS High),High,0.0,0.0,4163.736079360266,0.0,3097.874329615567,0.130503144654088,0.6,0.2424242424242424,2569.0
6,all,R9,IF (PointsAjust IS Medium) AND (TeamExp IS High) AND (Length IS Low),Low,0.0,0.0,-1389.2764382578052,-0.0,3097.874329615567,0.130503144654088,0.6,0.2424242424242424,2569.0
6,all,R10,IF (PointsAjust IS Medium) AND (TeamExp IS High) AND (Length IS Medium),Medium,0.0,0.0,3097.874329615567,0.0,3097.874329615567,0.130503144654088,0.6,0.2424242424242424,2569.0
6,all,R11,IF (PointsAjust IS Medium) AND (TeamExp IS High) AND (Length IS High),Medium,0.0,0.0,3097.874329615567,0.0,3097.874329615567,0.130503144654088,0.6,0.2424242424242424,2569.0
6,all,R12,IF (PointsAjust IS Medium) AND (TeamExp IS Medium) AND (Length IS Low),Medium,0.0,0.0,3097.874329615567,0.0,3097.874329615567,0.130503144654088,0.6,0.2424242424242424,2569.0
6,all,R13,IF (PointsAjust IS Medium) AND (TeamExp IS Medium) AND (Length IS Medium),Medium,0.05154639175257737,0.08929482600265339,3097.874329615567,276.62414924110857,3097.874329615567,0.130503144654088,0.6,0.2424242424242424,2569.0
6,all,R14,IF (PointsAjust IS Medium) AND (TeamExp IS Medium) AND (Length IS High),High,0.0,0.0,4163.736079360266,0.0,3097.874329615567,0.130503144654088,0.6,0.2424242424242424,2569.0
6,all,R15,IF (PointsAjust IS Medium) AND (TeamExp IS Low) AND (Length IS Medium),High,0.0,0.0,4163.736079360266,0.0,3097.874329615567,0.130503144654088,0.6,0.2424242424242424,2569.0
6,all,R16,IF (PointsAjust IS Medium) AND (TeamExp IS Low) AND (Length IS High),High,0.0,0.0,4163.736079360266,0.0,3097.874329615567,0.130503144654088,0.6,0.2424242424242424,2569.0
6,all,R17,IF (PointsAjust IS High) AND (TeamExp IS High) AND (Length IS Medium),Medium,0.0,0.0,3097.874329615567,0.0,3097.874329615567,0.130503144654088,0.6,0.2424242424242424,2569.0
6,all,R18,IF (PointsAjust IS High) AND (TeamExp IS Medium) AND (Length IS Medium),High,0.0,0.0,4163.736079360266,0.0,3097.874329615567,0.130503144654088,0.6,0.2424242424242424,2569.0
6,all,R19,IF (PointsAjust IS High) AND (TeamExp IS Low) AND (Length IS Medium),High,0.0,0.0,4163.736079360266,0.0,3097.874329615567,0.130503144654088,0.6,0.2424242424242424,2569.0
6,all,R20,IF (PointsAjust IS High) AND (TeamExp IS Low) AND (Length IS High),Very_High,0.0,0.0,15712.156504159984,0.0,3097.874329615567,0.130503144654088,0.6,0.2424242424242424,2569.0
7,all,R1,IF (PointsAjust IS Low) AND (TeamExp IS High) AND (Length IS Low),Very_Low,0.0,0.0,4916.6281072345155,0.0,4346.272657130306,0.2389937106918239,0.4,0.3636363636363636,3913.0
7,all,R2,IF (PointsAjust IS Low) AND (TeamExp IS High) AND (Length IS Medium),Low,0.0,0.0,-3488.912635190287,-0.0,4346.272657130306,0.2389937106918239,0.4,0.3636363636363636,3913.0
7,all,R3,IF (PointsAjust IS Low) AND (TeamExp IS High) AND (Length IS High),Medium,0.0,0.0,2555.790102215204,0.0,4346.272657130306,0.2389937106918239,0.4,0.3636363636363636,3913.0
7,all,R4,IF (PointsAjust IS Low) AND (TeamExp IS Medium) AND (Length IS Low),Low,0.0,0.0,-3488.912635190287,-0.0,4346.272657130306,0.2389937106918239,0.4,0.3636363636363636,3913.0
7,all,R5,IF (PointsAjust IS Low) AND (TeamExp IS Medium) AND (Length IS Medium),Medium,0.0,0.0,2555.790102215204,0.0,4346.272657130306,0.2389937106918239,0.4,0.3636363636363636,3913.0
7,all,R6,IF (PointsAjust IS Low) AND (TeamExp IS Medium) AND (Length IS High),Medium,0.0,0.0,2555.790102215204,0.0,4346.272657130306,0.2389937106918239,0.4,0.3636363636363636,3913.0
7,all,R7,IF (PointsAjust IS Low) AND (TeamExp IS Low) AND (Length IS Medium),Medium,0.0,0.0,2555.790102215204,0.0,4346.272657130306,0.2389937106918239,0.4,0.3636363636363636,3913.0
7,all,R8,IF (PointsAjust IS Low) AND (TeamExp IS Low) AND (Length IS High),High,0.007009523809523806,0.14696001580923518,4346.272657130306,638.7282984031162,4346.272657130306,0.2389937106918239,0.4,0.3636363636363636,3913.0
7,all,R9,IF (PointsAjust IS Medium) AND (TeamExp IS High) AND (Length IS Low),Low,0.0,0.0,-3488.912635190287,-0.0,4346.272657130306,0.2389937106918239,0.4,0.3636363636363636,3913.0
7,all,R10,IF (PointsAjust IS Medium) AND (TeamExp IS High) AND (Length IS Medium),Medium,0.0,0.0,2555.790102215204,0.0,4346.272657130306,0.2389937106918239,0.4,0.3636363636363636,3913.0
7,all,R11,IF (PointsAjust IS Medium) AND (TeamExp IS High) AND (Length IS High),Medium,0.0,0.0,2555.790102215204,0.0,4346.272657130306,0.2389937106918239,0.4,0.3636363636363636,3913.0
7,all,R12,IF (PointsAjust IS Medium) AND (TeamExp IS Medium) AND (Length IS Low),Medium,0.0,0.0,2555.790102215204,0.0,4346.272657130306,0.2389937106918239,0.4,0.3636363636363636,3913.0
7,all,R13,IF (PointsAjust IS Medium) AND (TeamExp IS Medium) AND (Length IS Medium),Medium,0.0,0.0,2555.790102215204,0.0,4346.272657130306,0.2389937106918239,0.4,0.3636363636363636,3913.0
7,all,R14,IF (PointsAjust IS Medium) AND (TeamExp IS Medium) AND (Length IS High),High,0.0,0.0,4346.272657130306,0.0,4346.272657130306,0.2389937106918239,0.4,0.3636363636363636,3913.0
7,all,R15,IF (PointsAjust IS Medium) AND (TeamExp IS Low) AND (Length IS Medium),High,0.0,0.0,4346.272657130306,0.0,4346.272657130306,0.2389937106918239,0.4,0.3636363636363636,3913.0
7,all,R16,IF (PointsAjust IS Medium) AND (TeamExp IS Low) AND (Length IS High),High,0.04068728522336769,0.8530399841907648,4346.272657130306,3707.544358727189,4346.272657130306,0.2389937106918239,0.4,0.3636363636363636,3913.0
7,all,R17,IF (PointsAjust IS High) AND (TeamExp IS High) AND (Length IS Medium),Medium,0.0,0.0,2555.790102215204,0.0,4346.272657130306,0.2389937106918239,0.4,0.3636363636363636,3913.0
7,all,R18,IF (PointsAjust IS High) AND (TeamExp IS Medium) AND (Length IS Medium),High,0.0,0.0,4346.272657130306,0.0,4346.272657130306,0.2389937106918239,0.4,0.3636363636363636,3913.0
7,all,R19,IF (PointsAjust IS High) AND (TeamExp IS Low) AND (Length IS Medium),High,0.0,0.0,4346.272657130306,0.0,4346.272657130306,0.2389937106918239,0.4,0.3636363636363636,3913.0
7,all,R20,IF (PointsAjust IS High) AND (TeamExp IS Low) AND (Length IS High),Very_High,0.0,0.0,13375.487726386564,0.0,4346.272657130306,0.2389937106918239,0.4,0.3636363636363636,3913.0
8,all,R1,IF (PointsAjust IS Low) AND (TeamExp IS High) AND (Length IS Low),Very_Low,0.0,0.0,4161.929678783699,0.0,3708.4478620271684,0.2908805031446541,0.8,0.3333333333333333,7854.0
8,all,R2,IF (PointsAjust IS Low) AND (TeamExp IS High) AND (Length IS Medium),Low,0.0,0.0,2536.24782118065,0.0,3708.4478620271684,0.2908805031446541,0.8,0.3333333333333333,7854.0
8,all,R3,IF (PointsAjust IS Low) AND (TeamExp IS High) AND (Length IS High),Medium,0.0,0.0,3708.4478620271693,0.0,3708.4478620271684,0.2908805031446541,0.8,0.3333333333333333,7854.0
8,all,R4,IF (PointsAjust IS Low) AND (TeamExp IS Medium) AND (Length IS Low),Low,0.0,0.0,2536.24782118065,0.0,3708.4478620271684,0.2908805031446541,0.8,0.3333333333333333,7854.0
8,all,R5,IF (PointsAjust IS Low) AND (TeamExp IS Medium) AND (Length IS Medium),Medium,0.0,0.0,3708.4478620271693,0.0,3708.4478620271684,0.2908805031446541,0.8,0.3333333333333333,7854.0
8,all,R6,IF (PointsAjust IS Low) AND (TeamExp IS Medium) AND (Length IS High),Medium,0.0,0.0,3708.4478620271693,0.0,3708.4478620271684,0.2908805031446541,0.8,0.3333333333333333,7854.0
8,all,R7,IF (PointsAjust IS Low) AND (TeamExp IS Low) AND (Length IS Medium),Medium,0.0,0.0,3708.4478620271693,0.0,3708.4478620271684,0.2908805031446541,0.8,0.3333333333333333,7854.0
8,all,R8,IF (PointsAjust IS Low) AND (TeamExp IS Low) AND (Length IS High),High,0.0,0.0,5614.977476696442,0.0,3708.4478620271684,0.2908805031446541,0.8,0.3333333333333333,7854.0
8,all,R9,IF (PointsAjust IS Medium) AND (TeamExp IS High) AND (Length IS Low),Low,0.0,0.0,2536.24782118065,0.0,3708.4478620271684,0.2908805031446541,0.8,0.3333333333333333,7854.0
8,all,R10,IF (PointsAjust IS Medium) AND (TeamExp IS High) AND (Length IS Medium),Medium,0.10897435897435893,0.6645039410671404,3708.4478620271693,2464.278219559065,3708.4478620271684,0.2908805031446541,0.8,0.3333333333333333,7854.0
8,all,R11,IF (PointsAjust IS Medium) AND (TeamExp IS High) AND (Length IS High),Medium,0.052307692307692326,0.31896189171222766,3708.4478620271693,1182.8535453883521,3708.4478620271684,0.2908805031446541,0.8,0.3333333333333333,7854.0
8,all,R12,IF (PointsAjust IS Medium) AND (TeamExp IS Medium) AND (Length IS Low),Medium,0.0,0.0,3708.4478620271693,0.0,3708.4478620271684,0.2908805031446541,0.8,0.3333333333333333,7854.0
8,all,R13,IF (PointsAjust IS Medium) AND (TeamExp IS Medium) AND (Length IS Medium),Medium,0.0,0.0,3708.4478620271693,0.0,3708.4478620271684,0.2908805031446541,0.8,0.3333333333333333,7854.0
8,all,R14,IF (PointsAjust IS Medium) AND (TeamExp IS Medium) AND (Length IS High),High,0.0,0.0,5614.977476696442,0.0,3708.4478620271684,0.2908805031446541,0.8,0.3333333333333333,7854.0
8,all,R15,IF (PointsAjust IS Medium) AND (TeamExp IS Low) AND (Length IS Medium),High,0.0,0.0,5614.977476696442,0.0,3708.4478620271684,0.2908805031446541,0.8,0.3333333333333333,7854.0
8,all,R16,IF (PointsAjust IS Medium) AND (TeamExp IS Low) AND (Length IS High),High,0.0,0.0,5614.977476696442,0.0,3708.4478620271684,0.2908805031446541,0.8,0.3333333333333333,7854.0
8,all,R17,IF (PointsAjust IS High) AND (TeamExp IS High) AND (Length IS Medium),Medium,0.002711496746203903,0.016534167220631918,3708.4478620271693,61.31609707975214,3708.4478620271684,0.2908805031446541,0.8,0.3333333333333333,7854.0
8,all,R18,IF (PointsAjust IS High) AND (TeamExp IS Medium) AND (Length IS Medium),High,0.0,0.0,5614.977476696442,0.0,3708.4478620271684,0.2908805031446541,0.8,0.3333333333333333,7854.0
8,all,R19,IF (PointsAjust IS High) AND (TeamExp IS Low) AND (Length IS Medium),High,0.0,0.0,5614.977476696442,0.0,3708.4478620271684,0.2908805031446541,0.8,0.3333333333333333,7854.0
8,all,R20,IF (PointsAjust IS High) AND (TeamExp IS Low) AND (Length IS High),Very_High,0.0,0.0,18934.17377437604,0.0,3708.4478620271684,0.2908805031446541,0.8,0.3333333333333333,7854.0
9,all,R1,IF (PointsAjust IS Low) AND (TeamExp IS High) AND (Length IS Low),Very_Low,0.2392857142857144,1.0,1952.7506756841483,1952.7506756841483,1952.750675684148,0.0644654088050314,0.8,0.0909090909090909,2422.0
9,all,R2,IF (PointsAjust IS Low) AND (TeamExp IS High) AND (Length IS Medium),Low,0.0,0.0,1405.3626296112234,0.0,1952.750675684148,0.0644654088050314,0.8,0.0909090909090909,2422.0
9,all,R3,IF (PointsAjust IS Low) AND (TeamExp IS High) AND (Length IS High),Medium,0.0,0.0,3797.4254896928774,0.0,1952.750675684148,0.0644654088050314,0.8,0.0909090909090909,2422.0
9,all,R4,IF (PointsAjust IS Low) AND (TeamExp IS Medium) AND (Length IS Low),Low,0.0,0.0,1405.3626296112234,0.0,1952.750675684148,0.0644654088050314,0.8,0.0909090909090909,2422.0
9,all,R5,IF (PointsAjust IS Low) AND (TeamExp IS Medium) AND (Length IS Medium),Medium,0.0,0.0,3797.4254896928774,0.0,1952.750675684148,0.0644654088050314,0.8,0.0909090909090909,2422.0
9,all,R6,IF (PointsAjust IS Low) AND (TeamExp IS Medium) AND (Length IS High),Medium,0.0,0.0,3797.4254896928774,0.0,1952.750675684148,0.0644654088050314,0.8,0.0909090909090909,2422.0
9,all,R7,IF (PointsAjust IS Low) AND (TeamExp IS Low) AND (Length IS Medium),Medium,0.0,0.0,3797.4254896928774,0.0,1952.750675684148,0.0644654088050314,0.8,0.0909090909090909,2422.0
9,all,R8,IF (PointsAjust IS Low) AND (TeamExp IS Low) AND (Length IS High),High,0.0,0.0,4052.536314117116,0.0,1952.750675684148,0.0644654088050314,0.8,0.0909090909090909,2422.0
9,all,R9,IF (PointsAjust IS Medium) AND (TeamExp IS High) AND (Length IS Low),Low,0.0,0.0,1405.3626296112234,0.0,1952.750675684148,0.0644654088050314,0.8,0.0909090909090909,2422.0
9,all,R10,IF (PointsAjust IS Medium) AND (TeamExp IS High) AND (Length IS Medium),Medium,0.0,0.0,3797.4254896928774,0.0,1952.750675684148,0.0644654088050314,0.8,0.0909090909090909,2422.0
9,all,R11,IF (PointsAjust IS Medium) AND (TeamExp IS High) AND (Length IS High),Medium,0.0,0.0,3797.4254896928774,0.0,1952.750675684148,0.0644654088050314,0.8,0.0909090909090909,2422.0
9,all,R12,IF (PointsAjust IS Medium) AND (TeamExp IS Medium) AND (Length IS Low),Medium,0.0,0.0,3797.4254896928774,0.0,1952.750675684148,0.0644654088050314,0.8,0.0909090909090909,2422.0
9,all,R13,IF (PointsAjust IS Medium) AND (TeamExp IS Medium) AND (Length IS Medium),Medium,0.0,0.0,3797.4254896928774,0.0,1952.750675684148,0.0644654088050314,0.8,0.0909090909090909,2422.0
9,all,R14,IF (PointsAjust IS Medium) AND (TeamExp IS Medium) AND (Length IS High),High,0.0,0.0,4052.536314117116,0.0,1952.750675684148,0.0644654088050314,0.8,0.0909090909090909,2422.0
9,all,R15,IF (PointsAjust IS Medium) AND (TeamExp IS Low) AND (Length IS Medium),High,0.0,0.0,4052.536314117116,0.0,1952.750675684148,0.0644654088050314,0.8,0.0909090909090909,2422.0
9,all,R16,IF (PointsAjust IS Medium) AND (TeamExp IS Low) AND (Length IS High),High,0.0,0.0,4052.536314117116,0.0,1952.750675684148,0.0644654088050314,0.8,0.0909090909090909,2422.0
9,all,R17,IF (PointsAjust IS High) AND (TeamExp IS High) AND (Length IS Medium),Medium,0.0,0.0,3797.4254896928774,0.0,1952.750675684148,0.0644654088050314,0.8,0.0909090909090909,2422.0
9,all,R18,IF (PointsAjust IS High) AND (TeamExp IS Medium) AND (Length IS Medium),High,0.0,0.0,4052.536314117116,0.0,1952.750675684148,0.0644654088050314,0.8,0.0909090909090909,2422.0
9,all,R19,IF (PointsAjust IS High) AND (TeamExp IS Low) AND (Length IS Medium),High,0.0,0.0,4052.536314117116,0.0,1952.750675684148,0.0644654088050314,0.8,0.0909090909090909,2422.0
9,all,R20,IF (PointsAjust IS High) AND (TeamExp IS Low) AND (Length IS High),Very_High,0.0,0.0,18402.900997270022,0.0,1952.750675684148,0.0644654088050314,0.8,0.0909090909090909,2422.0
10,all,R1,IF (PointsAjust IS Low) AND (TeamExp IS High) AND (Length IS Low),Very_Low,0.0,0.0,3467.172658761591,0.0,3536.825053064569,0.2751572327044025,1.0,0.6060606060606061,4067.0
10,all,R2,IF (PointsAjust IS Low) AND (TeamExp IS High) AND (Length IS Medium),Low,0.0,0.0,3221.047654869528,0.0,3536.825053064569,0.2751572327044025,1.0,0.6060606060606061,4067.0
10,all,R3,IF (PointsAjust IS Low) AND (TeamExp IS High) AND (Length IS High),Medium,0.0,0.0,3536.825053064569,0.0,3536.825053064569,0.2751572327044025,1.0,0.6060606060606061,4067.0
10,all,R4,IF (PointsAjust IS Low) AND (TeamExp IS Medium) AND (Length IS Low),Low,0.0,0.0,3221.047654869528,0.0,3536.825053064569,0.2751572327044025,1.0,0.6060606060606061,4067.0
10,all,R5,IF (PointsAjust IS Low) AND (TeamExp IS Medium) AND (Length IS Medium),Medium,0.0,0.0,3536.825053064569,0.0,3536.825053064569,0.2751572327044025,1.0,0.6060606060606061,4067.0
10,all,R6,IF (PointsAjust IS Low) AND (TeamExp IS Medium) AND (Length IS High),Medium,0.0,0.0,3536.825053064569,0.0,3536.825053064569,0.2751572327044025,1.0,0.6060606060606061,4067.0
10,all,R7,IF (PointsAjust IS Low) AND (TeamExp IS Low) AND (Length IS Medium),Medium,0.0,0.0,3536.825053064569,0.0,3536.825053064569,0.2751572327044025,1.0,0.6060606060606061,4067.0
10,all,R8,IF (PointsAjust IS Low) AND (TeamExp IS Low) AND (Length IS High),High,0.0,0.0,6934.466840926059,0.0,3536.825053064569,0.2751572327044025,1.0,0.6060606060606061,4067.0
10,all,R9,IF (PointsAjust IS Medium) AND (TeamExp IS High) AND (Length IS Low),Low,0.0,0.0,3221.047654869528,0.0,3536.825053064569,0.2751572327044025,1.0,0.6060606060606061,4067.0
10,all,R10,IF (PointsAjust IS Medium) AND (TeamExp IS High) AND (Length IS Medium),Medium,0.0,0.0,3536.825053064569,0.0,3536.825053064569,0.2751572327044025,1.0,0.6060606060606061,4067.0
10,all,R11,IF (PointsAjust IS Medium) AND (TeamExp IS High) AND (Length IS High),Medium,0.48000000000000004,1.0,3536.825053064569,3536.825053064569,3536.825053064569,0.2751572327044025,1.0,0.6060606060606061,4067.0
10,all,R12,IF (PointsAjust IS Medium) AND (TeamExp IS Medium) AND (Length IS Low),Medium,0.0,0.0,3536.825053064569,0.0,3536.825053064569,0.2751572327044025,1.0,0.6060606060606061,4067.0
10,all,R13,IF (PointsAjust IS Medium) AND (TeamExp IS Medium) AND (Length IS Medium),Medium,0.0,0.0,3536.825053064569,0.0,3536.825053064569,0.2751572327044025,1.0,0.6060606060606061,4067.0
10,all,R14,IF (PointsAjust IS Medium) AND (TeamExp IS Medium) AND (Length IS High),High,0.0,0.0,6934.466840926059,0.0,3536.825053064569,0.2751572327044025,1.0,0.6060606060606061,4067.0
10,all,R15,IF (PointsAjust IS Medium) AND (TeamExp IS Low) AND (Length IS Medium),High,0.0,0.0,6934.466840926059,0.0,3536.825053064569,0.2751572327044025,1.0,0.6060606060606061,4067.0
10,all,R16,IF (PointsAjust IS Medium) AND (TeamExp IS Low) AND (Length IS High),High,0.0,0.0,6934.466840926059,0.0,3536.825053064569,0.2751572327044025,1.0,0.6060606060606061,4067.0
10,all,R17,IF (PointsAjust IS High) AND (TeamExp IS High) AND (Length IS Medium),Medium,0.0,0.0,3536.825053064569,0.0,3536.825053064569,0.2751572327044025,1.0,0.6060606060606061,4067.0
10,all,R18,IF (PointsAjust IS High) AND (TeamExp IS Medium) AND (Length IS Medium),High,0.0,0.0,6934.466840926059,0.0,3536.825053064569,0.2751572327044025,1.0,0.6060606060606061,4067.0
10,all,R19,IF (PointsAjust IS High) AND (TeamExp IS Low) AND (Length IS Medium),High,0.0,0.0,6934.466840926059,0.0,3536.825053064569,0.2751572327044025,1.0,0.6060606060606061,4067.0
10,all,R20,IF (PointsAjust IS High) AND (TeamExp IS Low) AND (Length IS High),Very_High,0.0,0.0,20498.942099766708,0.0,3536.825053064569,0.2751572327044025,1.0,0.6060606060606061,4067.0
11,all,R1,IF (PointsAjust IS Low) AND (TeamExp IS High) AND (Length IS Low),Very_Low,0.0,0.0,5178.890341416729,0.0,5619.520458799869,0.3286163522012578,0.6,0.4848484848484848,9051.0
11,all,R2,IF (PointsAjust IS Low) AND (TeamExp IS High) AND (Length IS Medium),Low,0.0,0.0,-592.9366546414694,-0.0,5619.520458799869,0.3286163522012578,0.6,0.4848484848484848,9051.0
11,all,R3,IF (PointsAjust IS Low) AND (TeamExp IS High) AND (Length IS High),Medium,0.0,0.0,2950.3588102623653,0.0,5619.520458799869,0.3286163522012578,0.6,0.4848484848484848,9051.0
11,all,R4,IF (PointsAjust IS Low) AND (TeamExp IS Medium) AND (Length IS Low),Low,0.0,0.0,-592.9366546414694,-0.0,5619.520458799869,0.3286163522012578,0.6,0.4848484848484848,9051.0
11,all,R5,IF (PointsAjust IS Low) AND (TeamExp IS Medium) AND (Length IS Medium),Medium,0.0,0.0,2950.3588102623653,0.0,5619.520458799869,0.3286163522012578,0.6,0.4848484848484848,9051.0
11,all,R6,IF (PointsAjust IS Low) AND (TeamExp IS Medium) AND (Length IS High),Medium,0.0,0.0,2950.3588102623653,0.0,5619.520458799869,0.3286163522012578,0.6,0.4848484848484848,9051.0
11,all,R7,IF (PointsAjust IS Low) AND (TeamExp IS Low) AND (Length IS Medium),Medium,0.0,0.0,2950.3588102623653,0.0,5619.520458799869,0.3286163522012578,0.6,0.4848484848484848,9051.0
11,all,R8,IF (PointsAjust IS Low) AND (TeamExp IS Low) AND (Length IS High),High,0.0,0.0,5619.520458799869,0.0,5619.520458799869,0.3286163522012578,0.6,0.4848484848484848,9051.0
11,all,R9,IF (PointsAjust IS Medium) AND (TeamExp IS High) AND (Length IS Low),Low,0.0,0.0,-592.9366546414694,-0.0,5619.520458799869,0.3286163522012578,0.6,0.4848484848484848,9051.0
11,all,R10,IF (PointsAjust IS Medium) AND (TeamExp IS High) AND (Length IS Medium),Medium,0.0,0.0,2950.3588102623653,0.0,5619.520458799869,0.3286163522012578,0.6,0.4848484848484848,9051.0
11,all,R11,IF (PointsAjust IS Medium) AND (TeamExp IS High) AND (Length IS High),Medium,0.0,0.0,2950.3588102623653,0.0,5619.520458799869,0.3286163522012578,0.6,0.4848484848484848,9051.0
11,all,R12,IF (PointsAjust IS Medium) AND (TeamExp IS Medium) AND (Length IS Low),Medium,0.0,0.0,2950.3588102623653,0.0,5619.520458799869,0.3286163522012578,0.6,0.4848484848484848,9051.0
11,all,R13,IF (PointsAjust IS Medium) AND (TeamExp IS Medium) AND (Length IS Medium),Medium,0.0,0.0,2950.3588102623653,0.0,5619.520458799869,0.3286163522012578,0.6,0.4848484848484848,9051.0
11,all,R14,IF (PointsAjust IS Medium) AND (TeamExp IS Medium) AND (Length IS High),High,0.1805128205128207,1.0,5619.520458799869,5619.520458799869,5619.520458799869,0.3286163522012578,0.6,0.4848484848484848,9051.0
11,all,R15,IF (PointsAjust IS Medium) AND (TeamExp IS Low) AND (Length IS Medium),High,0.0,0.0,5619.520458799869,0.0,5619.520458799869,0.3286163522012578,0.6,0.4848484848484848,9051.0
11,all,R16,IF (PointsAjust IS Medium) AND (TeamExp IS Low) AND (Length IS High),High,0.0,0.0,5619.520458799869,0.0,5619.520458799869,0.3286163522012578,0.6,0.4848484848484848,9051.0
11,all,R17,IF (PointsAjust IS High) AND (TeamExp IS High) AND (Length IS Medium),Medium,0.0,0.0,2950.3588102623653,0.0,5619.520458799869,0.3286163522012578,0.6,0.4848484848484848,9051.0
11,all,R18,IF (PointsAjust IS High) AND (TeamExp IS Medium) AND (Length IS Medium),High,0.0,0.0,5619.520458799869,0.0,5619.520458799869,0.3286163522012578,0.6,0.4848484848484848,9051.0
11,all,R19,IF (PointsAjust IS High) AND (TeamExp IS Low) AND (Length IS Medium),High,0.0,0.0,5619.520458799869,0.0,5619.520458799869,0.3286163522012578,0.6,0.4848484848484848,9051.0
11,all,R20,IF (PointsAjust IS High) AND (TeamExp IS Low) AND (Length IS High),Very_High,0.0,0.0,16075.235356276055,0.0,5619.520458799869,0.3286163522012578,0.6,0.4848484848484848,9051.0
12,all,R1,IF (PointsAjust IS Low) AND (TeamExp IS High) AND (Length IS Low),Very_Low,0.0,0.05,2959.2233411412435,147.96116705706217,2317.0667397713487,0.040880503144654,0.4,0.0606060606060606,2282.0
12,all,R2,IF (PointsAjust IS Low) AND (TeamExp IS High) AND (Length IS Medium),Low,0.0,0.05,-3898.8829007928043,-194.94414503964023,2317.0667397713487,0.040880503144654,0.4,0.0606060606060606,2282.0
12,all,R3,IF (PointsAjust IS Low) AND (TeamExp IS High) AND (Length IS High),Medium,0.0,0.05,2842.62581185982,142.131290592991,2317.0667397713487,0.040880503144654,0.4,0.0606060606060606,2282.0
12,all,R4,IF (PointsAjust IS Low) AND (TeamExp IS Medium) AND (Length IS Low),Low,0.0,0.05,-3898.8829007928043,-194.94414503964023,2317.0667397713487,0.040880503144654,0.4,0.0606060606060606,2282.0
12,all,R5,IF (PointsAjust IS Low) AND (TeamExp IS Medium) AND (Length IS Medium),Medium,0.0,0.05,2842.62581185982,142.131290592991,2317.0667397713487,0.040880503144654,0.4,0.0606060606060606,2282.0
12,all,R6,IF (PointsAjust IS Low) AND (TeamExp IS Medium) AND (Length IS High),Medium,0.0,0.05,2842.62581185982,142.131290592991,2317.0667397713487,0.040880503144654,0.4,0.0606060606060606,2282.0
12,all,R7,IF (PointsAjust IS Low) AND (TeamExp IS Low) AND (Length IS Medium),Medium,0.0,0.05,2842.62581185982,142.131290592991,2317.0667397713487,0.040880503144654,0.4,0.0606060606060606,2282.0
12,all,R8,IF (PointsAjust IS Low) AND (TeamExp IS Low) AND (Length IS High),High,0.0,0.05,2713.191553325316,135.6595776662658,2317.0667397713487,0.040880503144654,0.4,0.0606060606060606,2282.0
12,all,R9,IF (PointsAjust IS Medium) AND (TeamExp IS High) AND (Length IS Low),Low,0.0,0.05,-3898.8829007928043,-194.94414503964023,2317.0667397713487,0.040880503144654,0.4,0.0606060606060606,2282.0
12,all,R10,IF (PointsAjust IS Medium) AND (TeamExp IS High) AND (Length IS Medium),Medium,0.0,0.05,2842.62581185982,142.131290592991,2317.0667397713487,0.040880503144654,0.4,0.0606060606060606,2282.0
12,all,R11,IF (PointsAjust IS Medium) AND (TeamExp IS High) AND (Length IS High),Medium,0.0,0.05,2842.62581185982,142.131290592991,2317.0667397713487,0.040880503144654,0.4,0.0606060606060606,2282.0
12,all,R12,IF (PointsAjust IS Medium) AND (TeamExp IS Medium) AND (Length IS Low),Medium,0.0,0.05,2842.62581185982,142.131290592991,2317.0667397713487,0.040880503144654,0.4,0.0606060606060606,2282.0
12,all,R13,IF (PointsAjust IS Medium) AND (TeamExp IS Medium) AND (Length IS Medium),Medium,0.0,0.05,2842.62581185982,142.131290592991,2317.0667397713487,0.040880503144654,0.4,0.0606060606060606,2282.0
12,all,R14,IF (PointsAjust IS Medium) AND (TeamExp IS Medium) AND (Length IS High),High,0.0,0.05,2713.191553325316,135.6595776662658,2317.0667397713487,0.040880503144654,0.4,0.0606060606060606,2282.0
12,all,R15,IF (PointsAjust IS Medium) AND (TeamExp IS Low) AND (Length IS Medium),High,0.0,0.05,2713.191553325316,135.6595776662658,2317.0667397713487,0.040880503144654,0.4,0.0606060606060606,2282.0
12,all,R16,IF (PointsAjust IS Medium) AND (TeamExp IS Low) AND (Length IS High),High,0.0,0.05,2713.191553325316,135.6595776662658,2317.0667397713487,0.040880503144654,0.4,0.0606060606060606,2282.0
12,all,R17,IF (PointsAjust IS High) AND (TeamExp IS High) AND (Length IS Medium),Medium,0.0,0.05,2842.62581185982,142.131290592991,2317.0667397713487,0.040880503144654,0.4,0.0606060606060606,2282.0
12,all,R18,IF (PointsAjust IS High) AND (TeamExp IS Medium) AND (Length IS Medium),High,0.0,0.05,2713.191553325316,135.6595776662658,2317.0667397713487,0.040880503144654,0.4,0.0606060606060606,2282.0
12,all,R19,IF (PointsAjust IS High) AND (TeamExp IS Low) AND (Length IS Medium),High,0.0,0.05,2713.191553325316,135.6595776662658,2317.0667397713487,0.040880503144654,0.4,0.0606060606060606,2282.0
12,all,R20,IF (PointsAjust IS High) AND (TeamExp IS Low) AND (Length IS High),Very_High,0.0,0.05,13215.97852997388,660.7989264986941,2317.0667397713487,0.040880503144654,0.4,0.0606060606060606,2282.0
13,all,R1,IF (PointsAjust IS Low) AND (TeamExp IS High) AND (Length IS Low),Very_Low,0.007500000000000008,0.020970957745802224,3667.837001289995,76.91805477254242,3594.750281399748,0.2421383647798742,0.8,0.2121212121212121,4172.0
13,all,R2,IF (PointsAjust IS Low) AND (TeamExp IS High) AND (Length IS Medium),Low,0.040000000000000036,0.11184510797761182,2732.825321289083,305.65314314352923,3594.750281399748,0.2421383647798742,0.8,0.2121212121212121,4172.0
13,all,R3,IF (PointsAjust IS Low) AND (TeamExp IS High) AND (Length IS High),Medium,0.0,0.0,3886.272984703758,0.0,3594.750281399748,0.2421383647798742,0.8,0.2121212121212121,4172.0
13,all,R4,IF (PointsAjust IS Low) AND (TeamExp IS Medium) AND (Length IS Low),Low,0.0,0.0,2732.825321289083,0.0,3594.750281399748,0.2421383647798742,0.8,0.2121212121212121,4172.0
13,all,R5,IF (PointsAjust IS Low) AND (TeamExp IS Medium) AND (Length IS Medium),Medium,0.0,0.0,3886.272984703758,0.0,3594.750281399748,0.2421383647798742,0.8,0.2121212121212121,4172.0
13,all,R6,IF (PointsAjust IS Low) AND (TeamExp IS Medium) AND (Length IS High),Medium,0.0,0.0,3886.272984703758,0.0,3594.750281399748,0.2421383647798742,0.8,0.2121212121212121,4172.0
13,all,R7,IF (PointsAjust IS Low) AND (TeamExp IS Low) AND (Length IS Medium),Medium,0.0,0.0,3886.272984703758,0.0,3594.750281399748,0.2421383647798742,0.8,0.2121212121212121,4172.0
13,all,R8,IF (PointsAjust IS Low) AND (TeamExp IS Low) AND (Length IS High),High,0.0,0.0,5076.697345891704,0.0,3594.750281399748,0.2421383647798742,0.8,0.2121212121212121,4172.0
13,all,R9,IF (PointsAjust IS Medium) AND (TeamExp IS High) AND (Length IS Low),Low,0.048969072164948474,0.13692377909630307,2732.825321289083,374.1887706009699,3594.750281399748,0.2421383647798742,0.8,0.2121212121212121,4172.0
13,all,R10,IF (PointsAjust IS Medium) AND (TeamExp IS High) AND (Length IS Medium),Medium,0.2611683848797251,0.7302601551802828,3886.272984703758,2837.990312882707,3594.750281399748,0.2421383647798742,0.8,0.2121212121212121,4172.0
13,all,R11,IF (PointsAjust IS Medium) AND (TeamExp IS High) AND (Length IS High),Medium,0.0,0.0,3886.272984703758,0.0,3594.750281399748,0.2421383647798742,0.8,0.2121212121212121,4172.0
13,all,R12,IF (PointsAjust IS Medium) AND (TeamExp IS Medium) AND (Length IS Low),Medium,0.0,0.0,3886.272984703758,0.0,3594.750281399748,0.2421383647798742,0.8,0.2121212121212121,4172.0
13,all,R13,IF (PointsAjust IS Medium) AND (TeamExp IS Medium) AND (Length IS Medium),Medium,0.0,0.0,3886.272984703758,0.0,3594.750281399748,0.2421383647798742,0.8,0.2121212121212121,4172.0
13,all,R14,IF (PointsAjust IS Medium) AND (TeamExp IS Medium) AND (Length IS High),High,0.0,0.0,5076.697345891704,0.0,3594.750281399748,0.2421383647798742,0.8,0.2121212121212121,4172.0
13,all,R15,IF (PointsAjust IS Medium) AND (TeamExp IS Low) AND (Length IS Medium),High,0.0,0.0,5076.697345891704,0.0,3594.750281399748,0.2421383647798742,0.8,0.2121212121212121,4172.0
13,all,R16,IF (PointsAjust IS Medium) AND (TeamExp IS Low) AND (Length IS High),High,0.0,0.0,5076.697345891704,0.0,3594.750281399748,0.2421383647798742,0.8,0.2121212121212121,4172.0
13,all,R17,IF (PointsAjust IS High) AND (TeamExp IS High) AND (Length IS Medium),Medium,0.0,0.0,3886.272984703758,0.0,3594.750281399748,0.2421383647798742,0.8,0.2121212121212121,4172.0
13,all,R18,IF (PointsAjust IS High) AND (TeamExp IS Medium) AND (Length IS Medium),High,0.0,0.0,5076.697345891704,0.0,3594.750281399748,0.2421383647798742,0.8,0.2121212121212121,4172.0
13,all,R19,IF (PointsAjust IS High) AND (TeamExp IS Low) AND (Length IS Medium),High,0.0,0.0,5076.697345891704,0.0,3594.750281399748,0.2421383647798742,0.8,0.2121212121212121,4172.0
13,all,R20,IF (PointsAjust IS High) AND (TeamExp IS Low) AND (Length IS High),Very_High,0.0,0.0,19051.64577052235,0.0,3594.750281399748,0.2421383647798742,0.8,0.2121212121212121,4172.0
14,all,R1,IF (PointsAjust IS Low) AND (TeamExp IS High) AND (Length IS Low),Very_Low,0.0,0.0,4605.563919789468,0.0,4642.670917594272,0.4056603773584906,1.0,0.2424242424242424,4977.0
14,all,R2,IF (PointsAjust IS Low) AND (TeamExp IS High) AND (Length IS Medium),Low,0.0,0.0,7081.890810736142,0.0,4642.670917594272,0.4056603773584906,1.0,0.2424242424242424,4977.0
14,all,R3,IF (PointsAjust IS Low) AND (TeamExp IS High) AND (Length IS High),Medium,0.0,0.0,4642.670917594273,0.0,4642.670917594272,0.4056603773584906,1.0,0.2424242424242424,4977.0
14,all,R4,IF (PointsAjust IS Low) AND (TeamExp IS Medium) AND (Length IS Low),Low,0.0,0.0,7081.890810736142,0.0,4642.670917594272,0.4056603773584906,1.0,0.2424242424242424,4977.0
14,all,R5,IF (PointsAjust IS Low) AND (TeamExp IS Medium) AND (Length IS Medium),Medium,0.0,0.0,4642.670917594273,0.0,4642.670917594272,0.4056603773584906,1.0,0.2424242424242424,4977.0
14,all,R6,IF (PointsAjust IS Low) AND (TeamExp IS Medium) AND (Length IS High),Medium,0.0,0.0,4642.670917594273,0.0,4642.670917594272,0.4056603773584906,1.0,0.2424242424242424,4977.0
14,all,R7,IF (PointsAjust IS Low) AND (TeamExp IS Low) AND (Length IS Medium),Medium,0.0,0.0,4642.670917594273,0.0,4642.670917594272,0.4056603773584906,1.0,0.2424242424242424,4977.0
14,all,R8,IF (PointsAjust IS Low) AND (TeamExp IS Low) AND (Length IS High),High,0.0,0.0,6362.492772544685,0.0,4642.670917594272,0.4056603773584906,1.0,0.2424242424242424,4977.0
14,all,R9,IF (PointsAjust IS Medium) AND (TeamExp IS High) AND (Length IS Low),Low,0.0,0.0,7081.890810736142,0.0,4642.670917594272,0.4056603773584906,1.0,0.2424242424242424,4977.0
14,all,R10,IF (PointsAjust IS Medium) AND (TeamExp IS High) AND (Length IS Medium),Medium,0.0,0.0,4642.670917594273,0.0,4642.670917594272,0.4056603773584906,1.0,0.2424242424242424,4977.0
14,all,R11,IF (PointsAjust IS Medium) AND (TeamExp IS High) AND (Length IS High),Medium,0.0,0.0,4642.670917594273,0.0,4642.670917594272,0.4056603773584906,1.0,0.2424242424242424,4977.0
14,all,R12,IF (PointsAjust IS Medium) AND (TeamExp IS Medium) AND (Length IS Low),Medium,0.0,0.0,4642.670917594273,0.0,4642.670917594272,0.4056603773584906,1.0,0.2424242424242424,4977.0
14,all,R13,IF (PointsAjust IS Medium) AND (TeamExp IS Medium) AND (Length IS Medium),Medium,0.0,0.0,4642.670917594273,0.0,4642.670917594272,0.4056603773584906,1.0,0.2424242424242424,4977.0
14,all,R14,IF (PointsAjust IS Medium) AND (TeamExp IS Medium) AND (Length IS High),High,0.0,0.0,6362.492772544685,0.0,4642.670917594272,0.4056603773584906,1.0,0.2424242424242424,4977.0
14,all,R15,IF (PointsAjust IS Medium) AND (TeamExp IS Low) AND (Length IS Medium),High,0.0,0.0,6362.492772544685,0.0,4642.670917594272,0.4056603773584906,1.0,0.2424242424242424,4977.0
14,all,R16,IF (PointsAjust IS Medium) AND (TeamExp IS Low) AND (Length IS High),High,0.0,0.0,6362.492772544685,0.0,4642.670917594272,0.4056603773584906,1.0,0.2424242424242424,4977.0
14,all,R17,IF (PointsAjust IS High) AND (TeamExp IS High) AND (Length IS Medium),Medium,0.18004338394793928,1.0,4642.670917594273,4642.670917594273,4642.670917594272,0.4056603773584906,1.0,0.2424242424242424,4977.0
14,all,R18,IF (PointsAjust IS High) AND (TeamExp IS Medium) AND (Length IS Medium),High,0.0,0.0,6362.492772544685,0.0,4642.670917594272,0.4056603773584906,1.0,0.2424242424242424,4977.0
14,all,R19,IF (PointsAjust IS High) AND (TeamExp IS Low) AND (Length IS Medium),High,0.0,0.0,6362.492772544685,0.0,4642.670917594272,0.4056603773584906,1.0,0.2424242424242424,4977.0
14,all,R20,IF (PointsAjust IS High) AND (TeamExp IS Low) AND (Length IS High),Very_High,0.0,0.0,22495.920910329558,0.0,4642.670917594272,0.4056603773584906,1.0,0.2424242424242424,4977.0
15,all,R1,IF (PointsAjust IS Low) AND (TeamExp IS High) AND (Length IS Low),Very_Low,0.030357142857142885,0.1258426394647809,2714.8663491049074,341.6459471654748,2055.693376025583,0.1415094339622641,0.8,0.2121212121212121,1617.0
15,all,R2,IF (PointsAjust IS Low) AND (TeamExp IS High) AND (Length IS Medium),Low,0.161904761904762,0.6711607438121645,1543.3305374558768,1035.822871466914,2055.693376025583,0.1415094339622641,0.8,0.2121212121212121,1617.0
15,all,R3,IF (PointsAjust IS Low) AND (TeamExp IS High) AND (Length IS High),Medium,0.0,0.0,3678.1382587037815,0.0,2055.693376025583,0.1415094339622641,0.8,0.2121212121212121,1617.0
15,all,R4,IF (PointsAjust IS Low) AND (TeamExp IS Medium) AND (Length IS Low),Low,0.0,0.0,1543.3305374558768,0.0,2055.693376025583,0.1415094339622641,0.8,0.2121212121212121,1617.0
15,all,R5,IF (PointsAjust IS Low) AND (TeamExp IS Medium) AND (Length IS Medium),Medium,0.0,0.0,3678.1382587037815,0.0,2055.693376025583,0.1415094339622641,0.8,0.2121212121212121,1617.0
15,all,R6,IF (PointsAjust IS Low) AND (TeamExp IS Medium) AND (Length IS High),Medium,0.0,0.0,3678.1382587037815,0.0,2055.693376025583,0.1415094339622641,0.8,0.2121212121212121,1617.0
15,all,R7,IF (PointsAjust IS Low) AND (TeamExp IS Low) AND (Length IS Medium),Medium,0.0,0.0,3678.1382587037815,0.0,2055.693376025583,0.1415094339622641,0.8,0.2121212121212121,1617.0
15,all,R8,IF (PointsAjust IS Low) AND (TeamExp IS Low) AND (Length IS High),High,0.0,0.0,4697.473228061578,0.0,2055.693376025583,0.1415094339622641,0.8,0.2121212121212121,1617.0
15,all,R9,IF (PointsAjust IS Medium) AND (TeamExp IS High) AND (Length IS Low),Low,0.007731958762886602,0.03205209737732441,1543.3305374558768,49.46698067193418,2055.693376025583,0.1415094339622641,0.8,0.2121212121212121,1617.0
15,all,R10,IF (PointsAjust IS Medium) AND (TeamExp IS High) AND (Length IS Medium),Medium,0.04123711340206186,0.17094451934573013,3678.1382587037815,628.7575767212587,2055.693376025583,0.1415094339622641,0.8,0.2121212121212121,1617.0
15,all,R11,IF (PointsAjust IS Medium) AND (TeamExp IS High) AND (Length IS High),Medium,0.0,0.0,3678.1382587037815,0.0,2055.693376025583,0.1415094339622641,0.8,0.2121212121212121,1617.0
15,all,R12,IF (PointsAjust IS Medium) AND (TeamExp IS Medium) AND (Length IS Low),Medium,0.0,0.0,3678.1382587037815,0.0,2055.693376025583,0.1415094339622641,0.8,0.2121212121212121,1617.0
15,all,R13,IF (PointsAjust IS Medium) AND (TeamExp IS Medium) AND (Length IS Medium),Medium,0.0,0.0,3678.1382587037815,0.0,2055.693376025583,0.1415094339622641,0.8,0.2121212121212121,1617.0
15,all,R14,IF (PointsAjust IS Medium) AND (TeamExp IS Medium) AND (Length IS High),High,0.0,0.0,4697.473228061578,0.0,2055.693376025583,0.1415094339622641,0.8,0.2121212121212121,1617.0
15,all,R15,IF (PointsAjust IS Medium) AND (TeamExp IS Low) AND (Length IS Medium),High,0.0,0.0,4697.473228061578,0.0,2055.693376025583,0.1415094339622641,0.8,0.2121212121212121,1617.0
15,all,R16,IF (PointsAjust IS Medium) AND (TeamExp IS Low) AND (Length IS High),High,0.0,0.0,4697.473228061578,0.0,2055.693376025583,0.1415094339622641,0.8,0.2121212121212121,1617.0
15,all,R17,IF (PointsAjust IS High) AND (TeamExp IS High) AND (Length IS Medium),Medium,0.0,0.0,3678.1382587037815,0.0,2055.693376025583,0.1415094339622641,0.8,0.2121212121212121,1617.0
15,all,R18,IF (PointsAjust IS High) AND (TeamExp IS Medium) AND (Length IS Medium),High,0.0,0.0,4697.473228061578,0.0,2055.693376025583,0.1415094339622641,0.8,0.2121212121212121,1617.0
15,all,R19,IF (PointsAjust IS High) AND (TeamExp IS Low) AND (Length IS Medium),High,0.0,0.0,4697.473228061578,0.0,2055.693376025583,0.1415094339622641,0.8,0.2121212121212121,1617.0
15,all,R20,IF (PointsAjust IS High) AND (TeamExp IS Low) AND (Length IS High),Very_High,0.0,0.0,18453.622926113654,0.0,2055.693376025583,0.1415094339622641,0.8,0.2121212121212121,1617.0
16,all,R1,IF (PointsAjust IS Low) AND (TeamExp IS High) AND (Length IS Low),Very_Low,0.09214285714285717,0.15789473684210528,1440.7242549659786,227.4827770998914,3035.797807243522,0.0723270440251572,1.0,0.2121212121212121,3192.0
16,all,R2,IF (PointsAjust IS Low) AND (TeamExp IS High) AND (Length IS Medium),Low,0.49142857142857144,0.8421052631578947,3334.874098295564,2808.3150301436326,3035.797807243522,0.0723270440251572,1.0,0.2121212121212121,3192.0
16,all,R3,IF (PointsAjust IS Low) AND (TeamExp IS High) AND (Length IS High),Medium,0.0,0.0,4022.8847328650572,0.0,3035.797807243522,0.0723270440251572,1.0,0.2121212121212121,3192.0
16,all,R4,IF (PointsAjust IS Low) AND (TeamExp IS Medium) AND (Length IS Low),Low,0.0,0.0,3334.874098295564,0.0,3035.797807243522,0.0723270440251572,1.0,0.2121212121212121,3192.0
16,all,R5,IF (PointsAjust IS Low) AND (TeamExp IS Medium) AND (Length IS Medium),Medium,0.0,0.0,4022.8847328650572,0.0,3035.797807243522,0.0723270440251572,1.0,0.2121212121212121,3192.0
16,all,R6,IF (PointsAjust IS Low) AND (TeamExp IS Medium) AND (Length IS High),Medium,0.0,0.0,4022.8847328650572,0.0,3035.797807243522,0.0723270440251572,1.0,0.2121212121212121,3192.0
16,all,R7,IF (PointsAjust IS Low) AND (TeamExp IS Low) AND (Length IS Medium),Medium,0.0,0.0,4022.8847328650572,0.0,3035.797807243522,0.0723270440251572,1.0,0.2121212121212121,3192.0
16,all,R8,IF (PointsAjust IS Low) AND (TeamExp IS Low) AND (Length IS High),High,0.0,0.0,5017.664520049703,0.0,3035.797807243522,0.0723270440251572,1.0,0.2121212121212121,3192.0
16,all,R9,IF (PointsAjust IS Medium) AND (TeamExp IS High) AND (Length IS Low),Low,0.0,0.0,3334.874098295564,0.0,3035.797807243522,0.0723270440251572,1.0,0.2121212121212121,3192.0
16,all,R10,IF (PointsAjust IS Medium) AND (TeamExp IS High) AND (Length IS Medium),Medium,0.0,0.0,4022.8847328650572,0.0,3035.797807243522,0.0723270440251572,1.0,0.2121212121212121,3192.0
16,all,R11,IF (PointsAjust IS Medium) AND (TeamExp IS High) AND (Length IS High),Medium,0.0,0.0,4022.8847328650572,0.0,3035.797807243522,0.0723270440251572,1.0,0.2121212121212121,3192.0
16,all,R12,IF (PointsAjust IS Medium) AND (TeamExp IS Medium) AND (Length IS Low),Medium,0.0,0.0,4022.8847328650572,0.0,3035.797807243522,0.0723270440251572,1.0,0.2121212121212121,3192.0
16,all,R13,IF (PointsAjust IS Medium) AND (TeamExp IS Medium) AND (Length IS Medium),Medium,0.0,0.0,4022.8847328650572,0.0,3035.797807243522,0.0723270440251572,1.0,0.2121212121212121,3192.0
16,all,R14,IF (PointsAjust IS Medium) AND (TeamExp IS Medium) AND (Length IS High),High,0.0,0.0,5017.664520049703,0.0,3035.797807243522,0.0723270440251572,1.0,0.2121212121212121,3192.0
16,all,R15,IF (PointsAjust IS Medium) AND (TeamExp IS Low) AND (Length IS Medium),High,0.0,0.0,5017.664520049703,0.0,3035.797807243522,0.0723270440251572,1.0,0.2121212121212121,3192.0
16,all,R16,IF (PointsAjust IS Medium) AND (TeamExp IS Low) AND (Length IS High),High,0.0,0.0,5017.664520049703,0.0,3035.797807243522,0.0723270440251572,1.0,0.2121212121212121,3192.0
16,all,R17,IF (PointsAjust IS High) AND (TeamExp IS High) AND (Length IS Medium),Medium,0.0,0.0,4022.8847328650572,0.0,3035.797807243522,0.0723270440251572,1.0,0.2121212121212121,3192.0
16,all,R18,IF (PointsAjust IS High) AND (TeamExp IS Medium) AND (Length IS Medium),High,0.0,0.0,5017.664520049703,0.0,3035.797807243522,0.0723270440251572,1.0,0.2121212121212121,3192.0
16,all,R19,IF (PointsAjust IS High) AND (TeamExp IS Low) AND (Length IS Medium),High,0.0,0.0,5017.664520049703,0.0,3035.797807243522,0.0723270440251572,1.0,0.2121212121212121,3192.0
16,all,R20,IF (PointsAjust IS High) AND (TeamExp IS Low) AND (Length IS High),Very_High,0.0,0.0,20616.75506607745,0.0,3035.797807243522,0.0723270440251572,1.0,0.2121212121212121,3192.0
17,all,R1,IF (PointsAjust IS Low) AND (TeamExp IS High) AND (Length IS Low),Very_Low,0.0,0.05,4735.5268157337605,236.77634078668802,6266.685170120425,0.4150943396226415,1.0,0.3939393939393939,3437.0
17,all,R2,IF (PointsAjust IS Low) AND (TeamExp IS High) AND (Length IS Medium),Low,0.0,0.05,6227.482151685956,311.3741075842978,6266.685170120425,0.4150943396226415,1.0,0.3939393939393939,3437.0
17,all,R3,IF (PointsAjust IS Low) AND (TeamExp IS High) AND (Length IS High),Medium,0.0,0.05,4313.883072428236,215.69415362141183,6266.685170120425,0.4150943396226415,1.0,0.3939393939393939,3437.0
17,all,R4,IF (PointsAjust IS Low) AND (TeamExp IS Medium) AND (Length IS Low),Low,0.0,0.05,6227.482151685956,311.3741075842978,6266.685170120425,0.4150943396226415,1.0,0.3939393939393939,3437.0
17,all,R5,IF (PointsAjust IS Low) AND (TeamExp IS Medium) AND (Length IS Medium),Medium,0.0,0.05,4313.883072428236,215.69415362141183,6266.685170120425,0.4150943396226415,1.0,0.3939393939393939,3437.0
17,all,R6,IF (PointsAjust IS Low) AND (TeamExp IS Medium) AND (Length IS High),Medium,0.0,0.05,4313.883072428236,215.69415362141183,6266.685170120425,0.4150943396226415,1.0,0.3939393939393939,3437.0
17,all,R7,IF (PointsAjust IS Low) AND (TeamExp IS Low) AND (Length IS Medium),Medium,0.0,0.05,4313.883072428236,215.69415362141183,6266.685170120425,0.4150943396226415,1.0,0.3939393939393939,3437.0
17,all,R8,IF (PointsAjust IS Low) AND (TeamExp IS Low) AND (Length IS High),High,0.0,0.05,6841.286844504725,342.06434222523626,6266.685170120425,0.4150943396226415,1.0,0.3939393939393939,3437.0
17,all,R9,IF (PointsAjust IS Medium) AND (TeamExp IS High) AND (Length IS Low),Low,0.0,0.05,6227.482151685956,311.3741075842978,6266.685170120425,0.4150943396226415,1.0,0.3939393939393939,3437.0
17,all,R10,IF (PointsAjust IS Medium) AND (TeamExp IS High) AND (Length IS Medium),Medium,0.0,0.05,4313.883072428236,215.69415362141183,6266.685170120425,0.4150943396226415,1.0,0.3939393939393939,3437.0
17,all,R11,IF (PointsAjust IS Medium) AND (TeamExp IS High) AND (Length IS High),Medium,0.0,0.05,4313.883072428236,215.69415362141183,6266.685170120425,0.4150943396226415,1.0,0.3939393939393939,3437.0
17,all,R12,IF (PointsAjust IS Medium) AND (TeamExp IS Medium) AND (Length IS Low),Medium,0.0,0.05,4313.883072428236,215.69415362141183,6266.685170120425,0.4150943396226415,1.0,0.3939393939393939,3437.0
17,all,R13,IF (PointsAjust IS Medium) AND (TeamExp IS Medium) AND (Length IS Medium),Medium,0.0,0.05,4313.883072428236,215.69415362141183,6266.685170120425,0.4150943396226415,1.0,0.3939393939393939,3437.0
17,all,R14,IF (PointsAjust IS Medium) AND (TeamExp IS Medium) AND (Length IS High),High,0.0,0.05,6841.286844504725,342.06434222523626,6266.685170120425,0.4150943396226415,1.0,0.3939393939393939,3437.0
17,all,R15,IF (PointsAjust IS Medium) AND (TeamExp IS Low) AND (Length IS Medium),High,0.0,0.05,6841.286844504725,342.06434222523626,6266.685170120425,0.4150943396226415,1.0,0.3939393939393939,3437.0
17,all,R16,IF (PointsAjust IS Medium) AND (TeamExp IS Low) AND (Length IS High),High,0.0,0.05,6841.286844504725,342.06434222523626,6266.685170120425,0.4150943396226415,1.0,0.3939393939393939,3437.0
17,all,R17,IF (PointsAjust IS High) AND (TeamExp IS High) AND (Length IS Medium),Medium,0.0,0.05,4313.883072428236,215.69415362141183,6266.685170120425,0.4150943396226415,1.0,0.3939393939393939,3437.0
17,all,R18,IF (PointsAjust IS High) AND (TeamExp IS Medium) AND (Length IS Medium),High,0.0,0.05,6841.286844504725,342.06434222523626,6266.685170120425,0.4150943396226415,1.0,0.3939393939393939,3437.0
17,all,R19,IF (PointsAjust IS High) AND (TeamExp IS Low) AND (Length IS Medium),High,0.0,0.05,6841.286844504725,342.06434222523626,6266.685170120425,0.4150943396226415,1.0,0.3939393939393939,3437.0
17,all,R20,IF (PointsAjust IS High) AND (TeamExp IS Low) AND (Length IS High),Very_High,0.0,0.05,22043.061412734405,1102.1530706367203,6266.685170120425,0.4150943396226415,1.0,0.3939393939393939,3437.0
18,all,R1,IF (PointsAjust IS Low) AND (TeamExp IS High) AND (Length IS Low),Very_Low,0.0,0.05,5562.96391666093,278.14819583304654,5485.091260334047,0.4371069182389937,0.8,0.3939393939393939,4494.0
18,all,R2,IF (PointsAjust IS Low) AND (TeamExp IS High) AND (Length IS Medium),Low,0.0,0.05,3878.362910924454,193.91814554622272,5485.091260334047,0.4371069182389937,0.8,0.3939393939393939,4494.0
18,all,R3,IF (PointsAjust IS Low) AND (TeamExp IS High) AND (Length IS High),Medium,0.0,0.05,3871.5734454544718,193.5786722727236,5485.091260334047,0.4371069182389937,0.8,0.3939393939393939,4494.0
18,all,R4,IF (PointsAjust IS Low) AND (TeamExp IS Medium) AND (Length IS Low),Low,0.0,0.05,3878.362910924454,193.91814554622272,5485.091260334047,0.4371069182389937,0.8,0.3939393939393939,4494.0
18,all,R5,IF (PointsAjust IS Low) AND (TeamExp IS Medium) AND (Length IS Medium),Medium,0.0,0.05,3871.5734454544718,193.5786722727236,5485.091260334047,0.4371069182389937,0.8,0.3939393939393939,4494.0
18,all,R6,IF (PointsAjust IS Low) AND (TeamExp IS Medium) AND (Length IS High),Medium,0.0,0.05,3871.5734454544718,193.5786722727236,5485.091260334047,0.4371069182389937,0.8,0.3939393939393939,4494.0
18,all,R7,IF (PointsAjust IS Low) AND (TeamExp IS Low) AND (Length IS Medium),Medium,0.0,0.05,3871.5734454544718,193.5786722727236,5485.091260334047,0.4371069182389937,0.8,0.3939393939393939,4494.0
18,all,R8,IF (PointsAjust IS Low) AND (TeamExp IS Low) AND (Length IS High),High,0.0,0.05,6343.334247283729,317.1667123641865,5485.091260334047,0.4371069182389937,0.8,0.3939393939393939,4494.0
18,all,R9,IF (PointsAjust IS Medium) AND (TeamExp IS High) AND (Length IS Low),Low,0.0,0.05,3878.362910924454,193.91814554622272,5485.091260334047,0.4371069182389937,0.8,0.3939393939393939,4494.0
18,all,R10,IF (PointsAjust IS Medium) AND (TeamExp IS High) AND (Length IS Medium),Medium,0.0,0.05,3871.5734454544718,193.5786722727236,5485.091260334047,0.4371069182389937,0.8,0.3939393939393939,4494.0
18,all,R11,IF (PointsAjust IS Medium) AND (TeamExp IS High) AND (Length IS High),Medium,0.0,0.05,3871.5734454544718,193.5786722727236,5485.091260334047,0.4371069182389937,0.8,0.3939393939393939,4494.0
18,all,R12,IF (PointsAjust IS Medium) AND (TeamExp IS Medium) AND (Length IS Low),Medium,0.0,0.05,3871.5734454544718,193.5786722727236,5485.091260334047,0.4371069182389937,0.8,0.3939393939393939,4494.0
18,all,R13,IF (PointsAjust IS Medium) AND (TeamExp IS Medium) AND (Length IS Medium),Medium,0.0,0.05,3871.5734454544718,193.5786722727236,5485.091260334047,0.4371069182389937,0.8,0.3939393939393939,4494.0
18,all,R14,IF (PointsAjust IS Medium) AND (TeamExp IS Medium) AND (Length IS High),High,0.0,0.05,6343.334247283729,317.1667123641865,5485.091260334047,0.4371069182389937,0.8,0.3939393939393939,4494.0
18,all,R15,IF (PointsAjust IS Medium) AND (TeamExp IS Low) AND (Length IS Medium),High,0.0,0.05,6343.334247283729,317.1667123641865,5485.091260334047,0.4371069182389937,0.8,0.3939393939393939,4494.0
18,all,R16,IF (PointsAjust IS Medium) AND (TeamExp IS Low) AND (Length IS High),High,0.0,0.05,6343.334247283729,317.1667123641865,5485.091260334047,0.4371069182389937,0.8,0.3939393939393939,4494.0
18,all,R17,IF (PointsAjust IS High) AND (TeamExp IS High) AND (Length IS Medium),Medium,0.0,0.05,3871.5734454544718,193.5786722727236,5485.091260334047,0.4371069182389937,0.8,0.3939393939393939,4494.0
18,all,R18,IF (PointsAjust IS High) AND (TeamExp IS Medium) AND (Length IS Medium),High,0.0,0.05,6343.334247283729,317.1667123641865,5485.091260334047,0.4371069182389937,0.8,0.3939393939393939,4494.0
18,all,R19,IF (PointsAjust IS High) AND (TeamExp IS Low) AND (Length IS Medium),High,0.0,0.05,6343.334247283729,317.1667123641865,5485.091260334047,0.4371069182389937,0.8,0.3939393939393939,4494.0
18,all,R20,IF (PointsAjust IS High) AND (TeamExp IS Low) AND (Length IS High),Very_High,0.0,0.05,19599.606064454038,979.9803032227019,5485.091260334047,0.4371069182389937,0.8,0.3939393939393939,4494.0
19,all,R1,IF (PointsAjust IS Low) AND (TeamExp IS High) AND (Length IS Low),Very_Low,0.43142857142857155,1.0,1088.7674548961909,1088.7674548961909,1088.7674548961907,0.0377358490566037,1.0,0.1212121212121212,840.0
19,all,R2,IF (PointsAjust IS Low) AND (TeamExp IS High) AND (Length IS Medium),Low,0.0,0.0,3505.5395433736303,0.0,1088.7674548961907,0.0377358490566037,1.0,0.1212121212121212,840.0
19,all,R3,IF (PointsAjust IS Low) AND (TeamExp IS High) AND (Length IS High),Medium,0.0,0.0,4160.318706239686,0.0,1088.7674548961907,0.0377358490566037,1.0,0.1212121212121212,840.0
19,all,R4,IF (PointsAjust IS Low) AND (TeamExp IS Medium) AND (Length IS Low),Low,0.0,0.0,3505.5395433736303,0.0,1088.7674548961907,0.0377358490566037,1.0,0.1212121212121212,840.0
19,all,R5,IF (PointsAjust IS Low) AND (TeamExp IS Medium) AND (Length IS Medium),Medium,0.0,0.0,4160.318706239686,0.0,1088.7674548961907,0.0377358490566037,1.0,0.1212121212121212,840.0
19,all,R6,IF (PointsAjust IS Low) AND (TeamExp IS Medium) AND (Length IS High),Medium,0.0,0.0,4160.318706239686,0.0,1088.7674548961907,0.0377358490566037,1.0,0.1212121212121212,840.0
19,all,R7,IF (PointsAjust IS Low) AND (TeamExp IS Low) AND (Length IS Medium),Medium,0.0,0.0,4160.318706239686,0.0,1088.7674548961907,0.0377358490566037,1.0,0.1212121212121212,840.0
19,all,R8,IF (PointsAjust IS Low) AND (TeamExp IS Low) AND (Length IS High),High,0.0,0.0,4621.361142997518,0.0,1088.7674548961907,0.0377358490566037,1.0,0.1212121212121212,840.0
19,all,R9,IF (PointsAjust IS Medium) AND (TeamExp IS High) AND (Length IS Low),Low,0.0,0.0,3505.5395433736303,0.0,1088.7674548961907,0.0377358490566037,1.0,0.1212121212121212,840.0
19,all,R10,IF (PointsAjust IS Medium) AND (TeamExp IS High) AND (Length IS Medium),Medium,0.0,0.0,4160.318706239686,0.0,1088.7674548961907,0.0377358490566037,1.0,0.1212121212121212,840.0
19,all,R11,IF (PointsAjust IS Medium) AND (TeamExp IS High) AND (Length IS High),Medium,0.0,0.0,4160.318706239686,0.0,1088.7674548961907,0.0377358490566037,1.0,0.1212121212121212,840.0
19,all,R12,IF (PointsAjust IS Medium) AND (TeamExp IS Medium) AND (Length IS Low),Medium,0.0,0.0,4160.318706239686,0.0,1088.7674548961907,0.0377358490566037,1.0,0.1212121212121212,840.0
19,all,R13,IF (PointsAjust IS Medium) AND (TeamExp IS Medium) AND (Length IS Medium),Medium,0.0,0.0,4160.318706239686,0.0,1088.7674548961907,0.0377358490566037,1.0,0.1212121212121212,840.0
19,all,R14,IF (PointsAjust IS Medium) AND (TeamExp IS Medium) AND (Length IS High),High,0.0,0.0,4621.361142997518,0.0,1088.7674548961907,0.0377358490566037,1.0,0.1212121212121212,840.0
19,all,R15,IF (PointsAjust IS Medium) AND (TeamExp IS Low) AND (Length IS Medium),High,0.0,0.0,4621.361142997518,0.0,1088.7674548961907,0.0377358490566037,1.0,0.1212121212121212,840.0
19,all,R16,IF (PointsAjust IS Medium) AND (TeamExp IS Low) AND (Length IS High),High,0.0,0.0,4621.361142997518,0.0,1088.7674548961907,0.0377358490566037,1.0,0.1212121212121212,840.0
19,all,R17,IF (PointsAjust IS High) AND (TeamExp IS High) AND (Length IS Medium),Medium,0.0,0.0,4160.318706239686,0.0,1088.7674548961907,0.0377358490566037,1.0,0.1212121212121212,840.0
19,all,R18,IF (PointsAjust IS High) AND (TeamExp IS Medium) AND (Length IS Medium),High,0.0,0.0,4621.361142997518,0.0,1088.7674548961907,0.0377358490566037,1.0,0.1212121212121212,840.0
19,all,R19,IF (PointsAjust IS High) AND (TeamExp IS Low) AND (Length IS Medium),High,0.0,0.0,4621.361142997518,0.0,1088.7674548961907,0.0377358490566037,1.0,0.1212121212121212,840.0
19,all,R20,IF (PointsAjust IS High) AND (TeamExp IS Low) AND (Length IS High),Very_High,0.0,0.0,20716.539196867037,0.0,1088.7674548961907,0.0377358490566037,1.0,0.1212121212121212,840.0
20,all,R1,IF (PointsAjust IS Low) AND (TeamExp IS High) AND (Length IS Low),Very_Low,0.0,0.0,4948.772057830845,0.0,5613.362791525031,0.3034591194968553,0.6,0.5151515151515151,5180.0
20,all,R2,IF (PointsAjust IS Low) AND (TeamExp IS High) AND (Length IS Medium),Low,0.0,0.0,-1083.4951096066807,-0.0,5613.362791525031,0.3034591194968553,0.6,0.5151515151515151,5180.0
20,all,R3,IF (PointsAjust IS Low) AND (TeamExp IS High) AND (Length IS High),Medium,0.0,0.0,2828.665033616664,0.0,5613.362791525031,0.3034591194968553,0.6,0.5151515151515151,5180.0
20,all,R4,IF (PointsAjust IS Low) AND (TeamExp IS Medium) AND (Length IS Low),Low,0.0,0.0,-1083.4951096066807,-0.0,5613.362791525031,0.3034591194968553,0.6,0.5151515151515151,5180.0
20,all,R5,IF (PointsAjust IS Low) AND (TeamExp IS Medium) AND (Length IS Medium),Medium,0.0,0.0,2828.665033616664,0.0,5613.362791525031,0.3034591194968553,0.6,0.5151515151515151,5180.0
20,all,R6,IF (PointsAjust IS Low) AND (TeamExp IS Medium) AND (Length IS High),Medium,0.0,0.0,2828.665033616664,0.0,5613.362791525031,0.3034591194968553,0.6,0.5151515151515151,5180.0
20,all,R7,IF (PointsAjust IS Low) AND (TeamExp IS Low) AND (Length IS Medium),Medium,0.0,0.0,2828.665033616664,0.0,5613.362791525031,0.3034591194968553,0.6,0.5151515151515151,5180.0
20,all,R8,IF (PointsAjust IS Low) AND (TeamExp IS Low) AND (Length IS High),High,0.0,0.0,5613.362791525031,0.0,5613.362791525031,0.3034591194968553,0.6,0.5151515151515151,5180.0
20,all,R9,IF (PointsAjust IS Medium) AND (TeamExp IS High) AND (Length IS Low),Low,0.0,0.0,-1083.4951096066807,-0.0,5613.362791525031,0.3034591194968553,0.6,0.5151515151515151,5180.0
20,all,R10,IF (PointsAjust IS Medium) AND (TeamExp IS High) AND (Length IS Medium),Medium,0.0,0.0,2828.665033616664,0.0,5613.362791525031,0.3034591194968553,0.6,0.5151515151515151,5180.0
20,all,R11,IF (PointsAjust IS Medium) AND (TeamExp IS High) AND (Length IS High),Medium,0.0,0.0,2828.665033616664,0.0,5613.362791525031,0.3034591194968553,0.6,0.5151515151515151,5180.0
20,all,R12,IF (PointsAjust IS Medium) AND (TeamExp IS Medium) AND (Length IS Low),Medium,0.0,0.0,2828.665033616664,0.0,5613.362791525031,0.3034591194968553,0.6,0.5151515151515151,5180.0
20,all,R13,IF (PointsAjust IS Medium) AND (TeamExp IS Medium) AND (Length IS Medium),Medium,0.0,0.0,2828.665033616664,0.0,5613.362791525031,0.3034591194968553,0.6,0.5151515151515151,5180.0
20,all,R14,IF (PointsAjust IS Medium) AND (TeamExp IS Medium) AND (Length IS High),High,0.2769230769230771,1.0,5613.362791525031,5613.362791525031,5613.362791525031,0.3034591194968553,0.6,0.5151515151515151,5180.0
20,all,R15,IF (PointsAjust IS Medium) AND (TeamExp IS Low) AND (Length IS Medium),High,0.0,0.0,5613.362791525031,0.0,5613.362791525031,0.3034591194968553,0.6,0.5151515151515151,5180.0
20,all,R16,IF (PointsAjust IS Medium) AND (TeamExp IS Low) AND (Length IS High),High,0.0,0.0,5613.362791525031,0.0,5613.362791525031,0.3034591194968553,0.6,0.5151515151515151,5180.0
20,all,R17,IF (PointsAjust IS High) AND (TeamExp IS High) AND (Length IS Medium),Medium,0.0,0.0,2828.665033616664,0.0,5613.362791525031,0.3034591194968553,0.6,0.5151515151515151,5180.0
20,all,R18,IF (PointsAjust IS High) AND (TeamExp IS Medium) AND (Length IS Medium),High,0.0,0.0,5613.362791525031,0.0,5613.362791525031,0.3034591194968553,0.6,0.5151515151515151,5180.0
20,all,R19,IF (PointsAjust IS High) AND (TeamExp IS Low) AND (Length IS Medium),High,0.0,0.0,5613.362791525031,0.0,5613.362791525031,0.3034591194968553,0.6,0.5151515151515151,5180.0
20,all,R20,IF (PointsAjust IS High) AND (TeamExp IS Low) AND (Length IS High),Very_High,0.0,0.0,15823.944817322186,0.0,5613.362791525031,0.3034591194968553,0.6,0.5151515151515151,5180.0
21,all,R1,IF (PointsAjust IS Low) AND (TeamExp IS High) AND (Length IS Low),Very_Low,0.0,0.05,7702.067081401063,385.1033540700532,5722.597458870456,0.6053459119496856,0.6,0.1212121212121212,5775.0
21,all,R2,IF (PointsAjust IS Low) AND (TeamExp IS High) AND (Length IS Medium),Low,0.0,0.05,4996.391108982774,249.81955544913873,5722.597458870456,0.6053459119496856,0.6,0.1212121212121212,5775.0
21,all,R3,IF (PointsAjust IS Low) AND (TeamExp IS High) AND (Length IS High),Medium,0.0,0.05,4358.650448510785,217.93252242553928,5722.597458870456,0.6053459119496856,0.6,0.1212121212121212,5775.0
21,all,R4,IF (PointsAjust IS Low) AND (TeamExp IS Medium) AND (Length IS Low),Low,0.0,0.05,4996.391108982774,249.81955544913873,5722.597458870456,0.6053459119496856,0.6,0.1212121212121212,5775.0
21,all,R5,IF (PointsAjust IS Low) AND (TeamExp IS Medium) AND (Length IS Medium),Medium,0.0,0.05,4358.650448510785,217.93252242553928,5722.597458870456,0.6053459119496856,0.6,0.1212121212121212,5775.0
21,all,R6,IF (PointsAjust IS Low) AND (TeamExp IS Medium) AND (Length IS High),Medium,0.0,0.05,4358.650448510785,217.93252242553928,5722.597458870456,0.6053459119496856,0.6,0.1212121212121212,5775.0
21,all,R7,IF (PointsAjust IS Low) AND (TeamExp IS Low) AND (Length IS Medium),Medium,0.0,0.05,4358.650448510785,217.93252242553928,5722.597458870456,0.6053459119496856,0.6,0.1212121212121212,5775.0
21,all,R8,IF (PointsAjust IS Low) AND (TeamExp IS Low) AND (Length IS High),High,0.0,0.05,5598.606436640394,279.93032183201973,5722.597458870456,0.6053459119496856,0.6,0.1212121212121212,5775.0
21,all,R9,IF (PointsAjust IS Medium) AND (TeamExp IS High) AND (Length IS Low),Low,0.0,0.05,4996.391108982774,249.81955544913873,5722.597458870456,0.6053459119496856,0.6,0.1212121212121212,5775.0
21,all,R10,IF (PointsAjust IS Medium) AND (TeamExp IS High) AND (Length IS Medium),Medium,0.0,0.05,4358.650448510785,217.93252242553928,5722.597458870456,0.6053459119496856,0.6,0.1212121212121212,5775.0
21,all,R11,IF (PointsAjust IS Medium) AND (TeamExp IS High) AND (Length IS High),Medium,0.0,0.05,4358.650448510785,217.93252242553928,5722.597458870456,0.6053459119496856,0.6,0.1212121212121212,5775.0
21,all,R12,IF (PointsAjust IS Medium) AND (TeamExp IS Medium) AND (Length IS Low),Medium,0.0,0.05,4358.650448510785,217.93252242553928,5722.597458870456,0.6053459119496856,0.6,0.1212121212121212,5775.0
21,all,R13,IF (PointsAjust IS Medium) AND (TeamExp IS Medium) AND (Length IS Medium),Medium,0.0,0.05,4358.650448510785,217.93252242553928,5722.597458870456,0.6053459119496856,0.6,0.1212121212121212,5775.0
21,all,R14,IF (PointsAjust IS Medium) AND (TeamExp IS Medium) AND (Length IS High),High,0.0,0.05,5598.606436640394,279.93032183201973,5722.597458870456,0.6053459119496856,0.6,0.1212121212121212,5775.0
21,all,R15,IF (PointsAjust IS Medium) AND (TeamExp IS Low) AND (Length IS Medium),High,0.0,0.05,5598.606436640394,279.93032183201973,5722.597458870456,0.6053459119496856,0.6,0.1212121212121212,5775.0
21,all,R16,IF (PointsAjust IS Medium) AND (TeamExp IS Low) AND (Length IS High),High,0.0,0.05,5598.606436640394,279.93032183201973,5722.597458870456,0.6053459119496856,0.6,0.1212121212121212,5775.0
21,all,R17,IF (PointsAjust IS High) AND (TeamExp IS High) AND (Length IS Medium),Medium,0.0,0.05,4358.650448510785,217.93252242553928,5722.597458870456,0.6053459119496856,0.6,0.1212121212121212,5775.0
21,all,R18,IF (PointsAjust IS High) AND (TeamExp IS Medium) AND (Length IS Medium),High,0.0,0.05,5598.606436640394,279.93032183201973,5722.597458870456,0.6053459119496856,0.6,0.1212121212121212,5775.0
21,all,R19,IF (PointsAjust IS High) AND (TeamExp IS Low) AND (Length IS Medium),High,0.0,0.05,5598.606436640394,279.93032183201973,5722.597458870456,0.6053459119496856,0.6,0.1212121212121212,5775.0
21,all,R20,IF (PointsAjust IS High) AND (TeamExp IS Low) AND (Length IS High),Very_High,0.0,0.05,18941.216112620292,947.0608056310147,5722.597458870456,0.6053459119496856,0.6,0.1212121212121212,5775.0
22,all,R1,IF (PointsAjust IS Low) AND (TeamExp IS High) AND (Length IS Low),Very_Low,0.0,0.05,5841.4749097639215,292.0737454881961,6550.2918688793225,0.5267295597484277,1.0,0.5757575757575758,10577.0
22,all,R2,IF (PointsAjust IS Low) AND (TeamExp IS High) AND (Length IS Medium),Low,0.0,0.05,6387.969373459449,319.3984686729725,6550.2918688793225,0.5267295597484277,1.0,0.5757575757575758,10577.0
22,all,R3,IF (PointsAjust IS Low) AND (TeamExp IS High) AND (Length IS High),Medium,0.0,0.05,4126.821963210218,206.3410981605109,6550.2918688793225,0.5267295597484277,1.0,0.5757575757575758,10577.0
22,all,R4,IF (PointsAjust IS Low) AND (TeamExp IS Medium) AND (Length IS Low),Low,0.0,0.05,6387.969373459449,319.3984686729725,6550.2918688793225,0.5267295597484277,1.0,0.5757575757575758,10577.0
22,all,R5,IF (PointsAjust IS Low) AND (TeamExp IS Medium) AND (Length IS Medium),Medium,0.0,0.05,4126.821963210218,206.3410981605109,6550.2918688793225,0.5267295597484277,1.0,0.5757575757575758,10577.0
22,all,R6,IF (PointsAjust IS Low) AND (TeamExp IS Medium) AND (Length IS High),Medium,0.0,0.05,4126.821963210218,206.3410981605109,6550.2918688793225,0.5267295597484277,1.0,0.5757575757575758,10577.0
22,all,R7,IF (PointsAjust IS Low) AND (TeamExp IS Low) AND (Length IS Medium),Medium,0.0,0.05,4126.821963210218,206.3410981605109,6550.2918688793225,0.5267295597484277,1.0,0.5757575757575758,10577.0
22,all,R8,IF (PointsAjust IS Low) AND (TeamExp IS Low) AND (Length IS High),High,0.0,0.05,7793.878773318679,389.69393866593396,6550.2918688793225,0.5267295597484277,1.0,0.5757575757575758,10577.0
22,all,R9,IF (PointsAjust IS Medium) AND (TeamExp IS High) AND (Length IS Low),Low,0.0,0.05,6387.969373459449,319.3984686729725,6550.2918688793225,0.5267295597484277,1.0,0.5757575757575758,10577.0
22,all,R10,IF (PointsAjust IS Medium) AND (TeamExp IS High) AND (Length IS Medium),Medium,0.0,0.05,4126.821963210218,206.3410981605109,6550.2918688793225,0.5267295597484277,1.0,0.5757575757575758,10577.0
22,all,R11,IF (PointsAjust IS Medium) AND (TeamExp IS High) AND (Length IS High),Medium,0.0,0.05,4126.821963210218,206.3410981605109,6550.2918688793225,0.5267295597484277,1.0,0.5757575757575758,10577.0
22,all,R12,IF (PointsAjust IS Medium) AND (TeamExp IS Medium) AND (Length IS Low),Medium,0.0,0.05,4126.821963210218,206.3410981605109,6550.2918688793225,0.5267295597484277,1.0,0.5757575757575758,10577.0
22,all,R13,IF (PointsAjust IS Medium) AND (TeamExp IS Medium) AND (Length IS Medium),Medium,0.0,0.05,4126.821963210218,206.3410981605109,6550.2918688793225,0.5267295597484277,1.0,0.5757575757575758,10577.0
22,all,R14,IF (PointsAjust IS Medium) AND (TeamExp IS Medium) AND (Length IS High),High,0.0,0.05,7793.878773318679,389.69393866593396,6550.2918688793225,0.5267295597484277,1.0,0.5757575757575758,10577.0
22,all,R15,IF (PointsAjust IS Medium) AND (TeamExp IS Low) AND (Length IS Medium),High,0.0,0.05,7793.878773318679,389.69393866593396,6550.2918688793225,0.5267295597484277,1.0,0.5757575757575758,10577.0
22,all,R16,IF (PointsAjust IS Medium) AND (TeamExp IS Low) AND (Length IS High),High,0.0,0.05,7793.878773318679,389.69393866593396,6550.2918688793225,0.5267295597484277,1.0,0.5757575757575758,10577.0
22,all,R17,IF (PointsAjust IS High) AND (TeamExp IS High) AND (Length IS Medium),Medium,0.0,0.05,4126.821963210218,206.3410981605109,6550.2918688793225,0.5267295597484277,1.0,0.5757575757575758,10577.0
22,all,R18,IF (PointsAjust IS High) AND (TeamExp IS Medium) AND (Length IS Medium),High,0.0,0.05,7793.878773318679,389.69393866593396,6550.2918688793225,0.5267295597484277,1.0,0.5757575757575758,10577.0
22,all,R19,IF (PointsAjust IS High) AND (TeamExp IS Low) AND (Length IS Medium),High,0.0,0.05,7793.878773318679,389.69393866593396,6550.2918688793225,0.5267295597484277,1.0,0.5757575757575758,10577.0
22,all,R20,IF (PointsAjust IS High) AND (TeamExp IS Low) AND (Length IS High),Very_High,0.0,0.05,22095.784038640144,1104.7892019320072,6550.2918688793225,0.5267295597484277,1.0,0.5757575757575758,10577.0
23,all,R1,IF (PointsAjust IS Low) AND (TeamExp IS High) AND (Length IS Low),Very_Low,0.0,0.0,5903.427694319621,0.0,4311.881848252443,0.3474842767295597,0.4,0.2121212121212121,3983.0
23,all,R2,IF (PointsAjust IS Low) AND (TeamExp IS High) AND (Length IS Medium),Low,0.0,0.0,-1240.5647763355591,-0.0,4311.881848252443,0.3474842767295597,0.4,0.2121212121212121,3983.0
23,all,R3,IF (PointsAjust IS Low) AND (TeamExp IS High) AND (Length IS High),Medium,0.0,0.0,3128.485829412464,0.0,4311.881848252443,0.3474842767295597,0.4,0.2121212121212121,3983.0
23,all,R4,IF (PointsAjust IS Low) AND (TeamExp IS Medium) AND (Length IS Low),Low,0.0,0.0,-1240.5647763355591,-0.0,4311.881848252443,0.3474842767295597,0.4,0.2121212121212121,3983.0
23,all,R5,IF (PointsAjust IS Low) AND (TeamExp IS Medium) AND (Length IS Medium),Medium,0.0,0.0,3128.485829412464,0.0,4311.881848252443,0.3474842767295597,0.4,0.2121212121212121,3983.0
23,all,R6,IF (PointsAjust IS Low) AND (TeamExp IS Medium) AND (Length IS High),Medium,0.0,0.0,3128.485829412464,0.0,4311.881848252443,0.3474842767295597,0.4,0.2121212121212121,3983.0
23,all,R7,IF (PointsAjust IS Low) AND (TeamExp IS Low) AND (Length IS Medium),Medium,0.0,0.0,3128.485829412464,0.0,4311.881848252443,0.3474842767295597,0.4,0.2121212121212121,3983.0
23,all,R8,IF (PointsAjust IS Low) AND (TeamExp IS Low) AND (Length IS High),High,0.0,0.0,4311.881848252444,0.0,4311.881848252443,0.3474842767295597,0.4,0.2121212121212121,3983.0
23,all,R9,IF (PointsAjust IS Medium) AND (TeamExp IS High) AND (Length IS Low),Low,0.0,0.0,-1240.5647763355591,-0.0,4311.881848252443,0.3474842767295597,0.4,0.2121212121212121,3983.0
23,all,R10,IF (PointsAjust IS Medium) AND (TeamExp IS High) AND (Length IS Medium),Medium,0.0,0.0,3128.485829412464,0.0,4311.881848252443,0.3474842767295597,0.4,0.2121212121212121,3983.0
23,all,R11,IF (PointsAjust IS Medium) AND (TeamExp IS High) AND (Length IS High),Medium,0.0,0.0,3128.485829412464,0.0,4311.881848252443,0.3474842767295597,0.4,0.2121212121212121,3983.0
23,all,R12,IF (PointsAjust IS Medium) AND (TeamExp IS Medium) AND (Length IS Low),Medium,0.0,0.0,3128.485829412464,0.0,4311.881848252443,0.3474842767295597,0.4,0.2121212121212121,3983.0
23,all,R13,IF (PointsAjust IS Medium) AND (TeamExp IS Medium) AND (Length IS Medium),Medium,0.0,0.0,3128.485829412464,0.0,4311.881848252443,0.3474842767295597,0.4,0.2121212121212121,3983.0
23,all,R14,IF (PointsAjust IS Medium) AND (TeamExp IS Medium) AND (Length IS High),High,0.0,0.0,4311.881848252444,0.0,4311.881848252443,0.3474842767295597,0.4,0.2121212121212121,3983.0
23,all,R15,IF (PointsAjust IS Medium) AND (TeamExp IS Low) AND (Length IS Medium),High,0.09116809116809121,0.804362050163577,4311.881848252444,3468.3141235234493,4311.881848252443,0.3474842767295597,0.4,0.2121212121212121,3983.0
23,all,R16,IF (PointsAjust IS Medium) AND (TeamExp IS Low) AND (Length IS High),High,0.0,0.0,4311.881848252444,0.0,4311.881848252443,0.3474842767295597,0.4,0.2121212121212121,3983.0
23,all,R17,IF (PointsAjust IS High) AND (TeamExp IS High) AND (Length IS Medium),Medium,0.0,0.0,3128.485829412464,0.0,4311.881848252443,0.3474842767295597,0.4,0.2121212121212121,3983.0
23,all,R18,IF (PointsAjust IS High) AND (TeamExp IS Medium) AND (Length IS Medium),High,0.0,0.0,4311.881848252444,0.0,4311.881848252443,0.3474842767295597,0.4,0.2121212121212121,3983.0
23,all,R19,IF (PointsAjust IS High) AND (TeamExp IS Low) AND (Length IS Medium),High,0.022174017835623033,0.195637949836423,4311.881848252444,843.5677247289944,4311.881848252443,0.3474842767295597,0.4,0.2121212121212121,3983.0
23,all,R20,IF (PointsAjust IS High) AND (TeamExp IS Low) AND (Length IS High),Very_High,0.0,0.0,14529.155244773156,0.0,4311.881848252443,0.3474842767295597,0.4,0.2121212121212121,3983.0
24,all,R1,IF (PointsAjust IS Low) AND (TeamExp IS High) AND (Length IS Low),Very_Low,0.0,0.0,4497.284152687489,0.0,4261.8493909282415,0.389937106918239,1.0,0.3939393939393939,3164.0
24,all,R2,IF (PointsAjust IS Low) AND (TeamExp IS High) AND (Length IS Medium),Low,0.0,0.0,5930.108455727652,0.0,4261.8493909282415,0.389937106918239,1.0,0.3939393939393939,3164.0
24,all,R3,IF (PointsAjust IS Low) AND (TeamExp IS High) AND (Length IS High),Medium,0.0,0.0,4261.849390928242,0.0,4261.8493909282415,0.389937106918239,1.0,0.3939393939393939,3164.0
24,all,R4,IF (PointsAjust IS Low) AND (TeamExp IS Medium) AND (Length IS Low),Low,0.0,0.0,5930.108455727652,0.0,4261.8493909282415,0.389937106918239,1.0,0.3939393939393939,3164.0
24,all,R5,IF (PointsAjust IS Low) AND (TeamExp IS Medium) AND (Length IS Medium),Medium,0.0,0.0,4261.849390928242,0.0,4261.8493909282415,0.389937106918239,1.0,0.3939393939393939,3164.0
24,all,R6,IF (PointsAjust IS Low) AND (TeamExp IS Medium) AND (Length IS High),Medium,0.0,0.0,4261.849390928242,0.0,4261.8493909282415,0.389937106918239,1.0,0.3939393939393939,3164.0
24,all,R7,IF (PointsAjust IS Low) AND (TeamExp IS Low) AND (Length IS Medium),Medium,0.0,0.0,4261.849390928242,0.0,4261.8493909282415,0.389937106918239,1.0,0.3939393939393939,3164.0
24,all,R8,IF (PointsAjust IS Low) AND (TeamExp IS Low) AND (Length IS High),High,0.0,0.0,6746.4808150471945,0.0,4261.8493909282415,0.389937106918239,1.0,0.3939393939393939,3164.0
24,all,R9,IF (PointsAjust IS Medium) AND (TeamExp IS High) AND (Length IS Low),Low,0.0,0.0,5930.108455727652,0.0,4261.8493909282415,0.389937106918239,1.0,0.3939393939393939,3164.0
24,all,R10,IF (PointsAjust IS Medium) AND (TeamExp IS High) AND (Length IS Medium),Medium,0.0,0.0,4261.849390928242,0.0,4261.8493909282415,0.389937106918239,1.0,0.3939393939393939,3164.0
24,all,R11,IF (PointsAjust IS Medium) AND (TeamExp IS High) AND (Length IS High),Medium,0.012820512820512815,1.0,4261.849390928242,4261.849390928242,4261.8493909282415,0.389937106918239,1.0,0.3939393939393939,3164.0
24,all,R12,IF (PointsAjust IS Medium) AND (TeamExp IS Medium) AND (Length IS Low),Medium,0.0,0.0,4261.849390928242,0.0,4261.8493909282415,0.389937106918239,1.0,0.3939393939393939,3164.0
24,all,R13,IF (PointsAjust IS Medium) AND (TeamExp IS Medium) AND (Length IS Medium),Medium,0.0,0.0,4261.849390928242,0.0,4261.8493909282415,0.389937106918239,1.0,0.3939393939393939,3164.0
24,all,R14,IF (PointsAjust IS Medium) AND (TeamExp IS Medium) AND (Length IS High),High,0.0,0.0,6746.4808150471945,0.0,4261.8493909282415,0.389937106918239,1.0,0.3939393939393939,3164.0
24,all,R15,IF (PointsAjust IS Medium) AND (TeamExp IS Low) AND (Length IS Medium),High,0.0,0.0,6746.4808150471945,0.0,4261.8493909282415,0.389937106918239,1.0,0.3939393939393939,3164.0
24,all,R16,IF (PointsAjust IS Medium) AND (TeamExp IS Low) AND (Length IS High),High,0.0,0.0,6746.4808150471945,0.0,4261.8493909282415,0.389937106918239,1.0,0.3939393939393939,3164.0
24,all,R17,IF (PointsAjust IS High) AND (TeamExp IS High) AND (Length IS Medium),Medium,0.0,0.0,4261.849390928242,0.0,4261.8493909282415,0.389937106918239,1.0,0.3939393939393939,3164.0
24,all,R18,IF (PointsAjust IS High) AND (TeamExp IS Medium) AND (Length IS Medium),High,0.0,0.0,6746.4808150471945,0.0,4261.8493909282415,0.389937106918239,1.0,0.3939393939393939,3164.0
24,all,R19,IF (PointsAjust IS High) AND (TeamExp IS Low) AND (Length IS Medium),High,0.0,0.0,6746.4808150471945,0.0,4261.8493909282415,0.389937106918239,1.0,0.3939393939393939,3164.0
24,all,R20,IF (PointsAjust IS High) AND (TeamExp IS Low) AND (Length IS High),Very_High,0.0,0.0,21893.555701632235,0.0,4261.8493909282415,0.389937106918239,1.0,0.3939393939393939,3164.0
25,all,R1,IF (PointsAjust IS Low) AND (TeamExp IS High) AND (Length IS Low),Very_Low,0.0,0.0,5700.018991408531,0.0,3849.956165708877,0.3930817610062893,0.6,0.1515151515151515,3542.0
25,all,R2,IF (PointsAjust IS Low) AND (TeamExp IS High) AND (Length IS Medium),Low,0.0,0.0,2294.1157903276944,0.0,3849.956165708877,0.3930817610062893,0.6,0.1515151515151515,3542.0
25,all,R3,IF (PointsAjust IS Low) AND (TeamExp IS High) AND (Length IS High),Medium,0.0,0.0,3849.956165708877,0.0,3849.956165708877,0.3930817610062893,0.6,0.1515151515151515,3542.0
25,all,R4,IF (PointsAjust IS Low) AND (TeamExp IS Medium) AND (Length IS Low),Low,0.0,0.0,2294.1157903276944,0.0,3849.956165708877,0.3930817610062893,0.6,0.1515151515151515,3542.0
25,all,R5,IF (PointsAjust IS Low) AND (TeamExp IS Medium) AND (Length IS Medium),Medium,0.0,0.0,3849.956165708877,0.0,3849.956165708877,0.3930817610062893,0.6,0.1515151515151515,3542.0
25,all,R6,IF (PointsAjust IS Low) AND (TeamExp IS Medium) AND (Length IS High),Medium,0.0,0.0,3849.956165708877,0.0,3849.956165708877,0.3930817610062893,0.6,0.1515151515151515,3542.0
25,all,R7,IF (PointsAjust IS Low) AND (TeamExp IS Low) AND (Length IS Medium),Medium,0.0,0.0,3849.956165708877,0.0,3849.956165708877,0.3930817610062893,0.6,0.1515151515151515,3542.0
25,all,R8,IF (PointsAjust IS Low) AND (TeamExp IS Low) AND (Length IS High),High,0.0,0.0,4887.328925275168,0.0,3849.956165708877,0.3930817610062893,0.6,0.1515151515151515,3542.0
25,all,R9,IF (PointsAjust IS Medium) AND (TeamExp IS High) AND (Length IS Low),Low,0.0,0.0,2294.1157903276944,0.0,3849.956165708877,0.3930817610062893,0.6,0.1515151515151515,3542.0
25,all,R10,IF (PointsAjust IS Medium) AND (TeamExp IS High) AND (Length IS Medium),Medium,0.0,0.0,3849.956165708877,0.0,3849.956165708877,0.3930817610062893,0.6,0.1515151515151515,3542.0
25,all,R11,IF (PointsAjust IS Medium) AND (TeamExp IS High) AND (Length IS High),Medium,0.0,0.0,3849.956165708877,0.0,3849.956165708877,0.3930817610062893,0.6,0.1515151515151515,3542.0
25,all,R12,IF (PointsAjust IS Medium) AND (TeamExp IS Medium) AND (Length IS Low),Medium,0.014423076923077087,1.0,3849.956165708877,3849.956165708877,3849.956165708877,0.3930817610062893,0.6,0.1515151515151515,3542.0
25,all,R13,IF (PointsAjust IS Medium) AND (TeamExp IS Medium) AND (Length IS Medium),Medium,0.0,0.0,3849.956165708877,0.0,3849.956165708877,0.3930817610062893,0.6,0.1515151515151515,3542.0
25,all,R14,IF (PointsAjust IS Medium) AND (TeamExp IS Medium) AND (Length IS High),High,0.0,0.0,4887.328925275168,0.0,3849.956165708877,0.3930817610062893,0.6,0.1515151515151515,3542.0
25,all,R15,IF (PointsAjust IS Medium) AND (TeamExp IS Low) AND (Length IS Medium),High,0.0,0.0,4887.328925275168,0.0,3849.956165708877,0.3930817610062893,0.6,0.1515151515151515,3542.0
25,all,R16,IF (PointsAjust IS Medium) AND (TeamExp IS Low) AND (Length IS High),High,0.0,0.0,4887.328925275168,0.0,3849.956165708877,0.3930817610062893,0.6,0.1515151515151515,3542.0
25,all,R17,IF (PointsAjust IS High) AND (TeamExp IS High) AND (Length IS Medium),Medium,0.0,0.0,3849.956165708877,0.0,3849.956165708877,0.3930817610062893,0.6,0.1515151515151515,3542.0
25,all,R18,IF (PointsAjust IS High) AND (TeamExp IS Medium) AND (Length IS Medium),High,0.0,0.0,4887.328925275168,0.0,3849.956165708877,0.3930817610062893,0.6,0.1515151515151515,3542.0
25,all,R19,IF (PointsAjust IS High) AND (TeamExp IS Low) AND (Length IS Medium),High,0.0,0.0,4887.328925275168,0.0,3849.956165708877,0.3930817610062893,0.6,0.1515151515151515,3542.0
25,all,R20,IF (PointsAjust IS High) AND (TeamExp IS Low) AND (Length IS High),Very_High,0.0,0.0,17577.976847344005,0.0,3849.956165708877,0.3930817610062893,0.6,0.1515151515151515,3542.0
26,all,R1,IF (PointsAjust IS Low) AND (TeamExp IS High) AND (Length IS Low),Very_Low,0.0,0.05,7811.37904916012,390.56895245800604,6578.429774748238,0.6745283018867925,0.8,0.3939393939393939,4277.0
26,all,R2,IF (PointsAjust IS Low) AND (TeamExp IS High) AND (Length IS Medium),Low,0.0,0.05,6684.827166530922,334.2413583265461,6578.429774748238,0.6745283018867925,0.8,0.3939393939393939,4277.0
26,all,R3,IF (PointsAjust IS Low) AND (TeamExp IS High) AND (Length IS High),Medium,0.0,0.05,4362.641314610666,218.13206573053333,6578.429774748238,0.6745283018867925,0.8,0.3939393939393939,4277.0
26,all,R4,IF (PointsAjust IS Low) AND (TeamExp IS Medium) AND (Length IS Low),Low,0.0,0.05,6684.827166530922,334.2413583265461,6578.429774748238,0.6745283018867925,0.8,0.3939393939393939,4277.0
26,all,R5,IF (PointsAjust IS Low) AND (TeamExp IS Medium) AND (Length IS Medium),Medium,0.0,0.05,4362.641314610666,218.13206573053333,6578.429774748238,0.6745283018867925,0.8,0.3939393939393939,4277.0
26,all,R6,IF (PointsAjust IS Low) AND (TeamExp IS Medium) AND (Length IS High),Medium,0.0,0.05,4362.641314610666,218.13206573053333,6578.429774748238,0.6745283018867925,0.8,0.3939393939393939,4277.0
26,all,R7,IF (PointsAjust IS Low) AND (TeamExp IS Low) AND (Length IS Medium),Medium,0.0,0.05,4362.641314610666,218.13206573053333,6578.429774748238,0.6745283018867925,0.8,0.3939393939393939,4277.0
26,all,R8,IF (PointsAjust IS Low) AND (TeamExp IS Low) AND (Length IS High),High,0.0,0.05,7238.06615028918,361.903307514459,6578.429774748238,0.6745283018867925,0.8,0.3939393939393939,4277.0
26,all,R9,IF (PointsAjust IS Medium) AND (TeamExp IS High) AND (Length IS Low),Low,0.0,0.05,6684.827166530922,334.2413583265461,6578.429774748238,0.6745283018867925,0.8,0.3939393939393939,4277.0
26,all,R10,IF (PointsAjust IS Medium) AND (TeamExp IS High) AND (Length IS Medium),Medium,0.0,0.05,4362.641314610666,218.13206573053333,6578.429774748238,0.6745283018867925,0.8,0.3939393939393939,4277.0
26,all,R11,IF (PointsAjust IS Medium) AND (TeamExp IS High) AND (Length IS High),Medium,0.0,0.05,4362.641314610666,218.13206573053333,6578.429774748238,0.6745283018867925,0.8,0.3939393939393939,4277.0
26,all,R12,IF (PointsAjust IS Medium) AND (TeamExp IS Medium) AND (Length IS Low),Medium,0.0,0.05,4362.641314610666,218.13206573053333,6578.429774748238,0.6745283018867925,0.8,0.3939393939393939,4277.0
26,all,R13,IF (PointsAjust IS Medium) AND (TeamExp IS Medium) AND (Length IS Medium),Medium,0.0,0.05,4362.641314610666,218.13206573053333,6578.429774748238,0.6745283018867925,0.8,0.3939393939393939,4277.0
26,all,R14,IF (PointsAjust IS Medium) AND (TeamExp IS Medium) AND (Length IS High),High,0.0,0.05,7238.06615028918,361.903307514459,6578.429774748238,0.6745283018867925,0.8,0.3939393939393939,4277.0
26,all,R15,IF (PointsAjust IS Medium) AND (TeamExp IS Low) AND (Length IS Medium),High,0.0,0.05,7238.06615028918,361.903307514459,6578.429774748238,0.6745283018867925,0.8,0.3939393939393939,4277.0
26,all,R16,IF (PointsAjust IS Medium) AND (TeamExp IS Low) AND (Length IS High),High,0.0,0.05,7238.06615028918,361.903307514459,6578.429774748238,0.6745283018867925,0.8,0.3939393939393939,4277.0
26,all,R17,IF (PointsAjust IS High) AND (TeamExp IS High) AND (Length IS Medium),Medium,0.0,0.05,4362.641314610666,218.13206573053333,6578.429774748238,0.6745283018867925,0.8,0.3939393939393939,4277.0
26,all,R18,IF (PointsAjust IS High) AND (TeamExp IS Medium) AND (Length IS Medium),High,0.0,0.05,7238.06615028918,361.903307514459,6578.429774748238,0.6745283018867925,0.8,0.3939393939393939,4277.0
26,all,R19,IF (PointsAjust IS High) AND (TeamExp IS Low) AND (Length IS Medium),High,0.0,0.05,7238.06615028918,361.903307514459,6578.429774748238,0.6745283018867925,0.8,0.3939393939393939,4277.0
26,all,R20,IF (PointsAjust IS High) AND (TeamExp IS Low) AND (Length IS High),Very_High,0.0,0.05,21010.566212980804,1050.5283106490403,6578.429774748238,0.6745283018867925,0.8,0.3939393939393939,4277.0
27,all,R1,IF (PointsAjust IS Low) AND (TeamExp IS High) AND (Length IS Low),Very_Low,0.0,0.0,3813.6950889098416,0.0,3969.6802612305946,0.3160377358490566,1.0,0.4545454545454545,7252.0
27,all,R2,IF (PointsAjust IS Low) AND (TeamExp IS High) AND (Length IS Medium),Low,0.0,0.0,4670.203705836322,0.0,3969.6802612305946,0.3160377358490566,1.0,0.4545454545454545,7252.0
27,all,R3,IF (PointsAjust IS Low) AND (TeamExp IS High) AND (Length IS High),Medium,0.0,0.0,3969.6802612305955,0.0,3969.6802612305946,0.3160377358490566,1.0,0.4545454545454545,7252.0
27,all,R4,IF (PointsAjust IS Low) AND (TeamExp IS Medium) AND (Length IS Low),Low,0.0,0.0,4670.203705836322,0.0,3969.6802612305946,0.3160377358490566,1.0,0.4545454545454545,7252.0
27,all,R5,IF (PointsAjust IS Low) AND (TeamExp IS Medium) AND (Length IS Medium),Medium,0.0,0.0,3969.6802612305955,0.0,3969.6802612305946,0.3160377358490566,1.0,0.4545454545454545,7252.0
27,all,R6,IF (PointsAjust IS Low) AND (TeamExp IS Medium) AND (Length IS High),Medium,0.0,0.0,3969.6802612305955,0.0,3969.6802612305946,0.3160377358490566,1.0,0.4545454545454545,7252.0
27,all,R7,IF (PointsAjust IS Low) AND (TeamExp IS Low) AND (Length IS Medium),Medium,0.0,0.0,3969.6802612305955,0.0,3969.6802612305946,0.3160377358490566,1.0,0.4545454545454545,7252.0
27,all,R8,IF (PointsAjust IS Low) AND (TeamExp IS Low) AND (Length IS High),High,0.0,0.0,6645.284827881082,0.0,3969.6802612305946,0.3160377358490566,1.0,0.4545454545454545,7252.0
27,all,R9,IF (PointsAjust IS Medium) AND (TeamExp IS High) AND (Length IS Low),Low,0.0,0.0,4670.203705836322,0.0,3969.6802612305946,0.3160377358490566,1.0,0.4545454545454545,7252.0
27,all,R10,IF (PointsAjust IS Medium) AND (TeamExp IS High) AND (Length IS Medium),Medium,0.0,0.0,3969.6802612305955,0.0,3969.6802612305946,0.3160377358490566,1.0,0.4545454545454545,7252.0
27,all,R11,IF (PointsAjust IS Medium) AND (TeamExp IS High) AND (Length IS High),Medium,0.18666666666666668,1.0,3969.6802612305955,3969.6802612305955,3969.6802612305946,0.3160377358490566,1.0,0.4545454545454545,7252.0
27,all,R12,IF (PointsAjust IS Medium) AND (TeamExp IS Medium) AND (Length IS Low),Medium,0.0,0.0,3969.6802612305955,0.0,3969.6802612305946,0.3160377358490566,1.0,0.4545454545454545,7252.0
27,all,R13,IF (PointsAjust IS Medium) AND (TeamExp IS Medium) AND (Length IS Medium),Medium,0.0,0.0,3969.6802612305955,0.0,3969.6802612305946,0.3160377358490566,1.0,0.4545454545454545,7252.0
27,all,R14,IF (PointsAjust IS Medium) AND (TeamExp IS Medium) AND (Length IS High),High,0.0,0.0,6645.284827881082,0.0,3969.6802612305946,0.3160377358490566,1.0,0.4545454545454545,7252.0
27,all,R15,IF (PointsAjust IS Medium) AND (TeamExp IS Low) AND (Length IS Medium),High,0.0,0.0,6645.284827881082,0.0,3969.6802612305946,0.3160377358490566,1.0,0.4545454545454545,7252.0
27,all,R16,IF (PointsAjust IS Medium) AND (TeamExp IS Low) AND (Length IS High),High,0.0,0.0,6645.284827881082,0.0,3969.6802612305946,0.3160377358490566,1.0,0.4545454545454545,7252.0
27,all,R17,IF (PointsAjust IS High) AND (TeamExp IS High) AND (Length IS Medium),Medium,0.0,0.0,3969.6802612305955,0.0,3969.6802612305946,0.3160377358490566,1.0,0.4545454545454545,7252.0
27,all,R18,IF (PointsAjust IS High) AND (TeamExp IS Medium) AND (Length IS Medium),High,0.0,0.0,6645.284827881082,0.0,3969.6802612305946,0.3160377358490566,1.0,0.4545454545454545,7252.0
27,all,R19,IF (PointsAjust IS High) AND (TeamExp IS Low) AND (Length IS Medium),High,0.0,0.0,6645.284827881082,0.0,3969.6802612305946,0.3160377358490566,1.0,0.4545454545454545,7252.0
27,all,R20,IF (PointsAjust IS High) AND (TeamExp IS Low) AND (Length IS High),Very_High,0.0,0.0,21250.81301956621,0.0,3969.6802612305946,0.3160377358490566,1.0,0.4545454545454545,7252.0
28,all,R1,IF (PointsAjust IS Low) AND (TeamExp IS High) AND (Length IS Low),Very_Low,0.0,0.05,6745.699285186679,337.28496425933395,7244.173245921192,0.6273584905660378,1.0,0.3939393939393939,3948.0
28,all,R2,IF (PointsAjust IS Low) AND (TeamExp IS High) AND (Length IS Medium),Low,0.0,0.05,8736.572711334122,436.8286355667061,7244.173245921192,0.6273584905660378,1.0,0.3939393939393939,3948.0
28,all,R3,IF (PointsAjust IS Low) AND (TeamExp IS High) AND (Length IS High),Medium,0.0,0.05,4752.917260084437,237.64586300422184,7244.173245921192,0.6273584905660378,1.0,0.3939393939393939,3948.0
28,all,R4,IF (PointsAjust IS Low) AND (TeamExp IS Medium) AND (Length IS Low),Low,0.0,0.05,8736.572711334122,436.8286355667061,7244.173245921192,0.6273584905660378,1.0,0.3939393939393939,3948.0
28,all,R5,IF (PointsAjust IS Low) AND (TeamExp IS Medium) AND (Length IS Medium),Medium,0.0,0.05,4752.917260084437,237.64586300422184,7244.173245921192,0.6273584905660378,1.0,0.3939393939393939,3948.0
28,all,R6,IF (PointsAjust IS Low) AND (TeamExp IS Medium) AND (Length IS High),Medium,0.0,0.05,4752.917260084437,237.64586300422184,7244.173245921192,0.6273584905660378,1.0,0.3939393939393939,3948.0
28,all,R7,IF (PointsAjust IS Low) AND (TeamExp IS Low) AND (Length IS Medium),Medium,0.0,0.05,4752.917260084437,237.64586300422184,7244.173245921192,0.6273584905660378,1.0,0.3939393939393939,3948.0
28,all,R8,IF (PointsAjust IS Low) AND (TeamExp IS Low) AND (Length IS High),High,0.0,0.05,7641.212718052645,382.06063590263227,7244.173245921192,0.6273584905660378,1.0,0.3939393939393939,3948.0
28,all,R9,IF (PointsAjust IS Medium) AND (TeamExp IS High) AND (Length IS Low),Low,0.0,0.05,8736.572711334122,436.8286355667061,7244.173245921192,0.6273584905660378,1.0,0.3939393939393939,3948.0
28,all,R10,IF (PointsAjust IS Medium) AND (TeamExp IS High) AND (Length IS Medium),Medium,0.0,0.05,4752.917260084437,237.64586300422184,7244.173245921192,0.6273584905660378,1.0,0.3939393939393939,3948.0
28,all,R11,IF (PointsAjust IS Medium) AND (TeamExp IS High) AND (Length IS High),Medium,0.0,0.05,4752.917260084437,237.64586300422184,7244.173245921192,0.6273584905660378,1.0,0.3939393939393939,3948.0
28,all,R12,IF (PointsAjust IS Medium) AND (TeamExp IS Medium) AND (Length IS Low),Medium,0.0,0.05,4752.917260084437,237.64586300422184,7244.173245921192,0.6273584905660378,1.0,0.3939393939393939,3948.0
28,all,R13,IF (PointsAjust IS Medium) AND (TeamExp IS Medium) AND (Length IS Medium),Medium,0.0,0.05,4752.917260084437,237.64586300422184,7244.173245921192,0.6273584905660378,1.0,0.3939393939393939,3948.0
28,all,R14,IF (PointsAjust IS Medium) AND (TeamExp IS Medium) AND (Length IS High),High,0.0,0.05,7641.212718052645,382.06063590263227,7244.173245921192,0.6273584905660378,1.0,0.3939393939393939,3948.0
28,all,R15,IF (PointsAjust IS Medium) AND (TeamExp IS Low) AND (Length IS Medium),High,0.0,0.05,7641.212718052645,382.06063590263227,7244.173245921192,0.6273584905660378,1.0,0.3939393939393939,3948.0
28,all,R16,IF (PointsAjust IS Medium) AND (TeamExp IS Low) AND (Length IS High),High,0.0,0.05,7641.212718052645,382.06063590263227,7244.173245921192,0.6273584905660378,1.0,0.3939393939393939,3948.0
28,all,R17,IF (PointsAjust IS High) AND (TeamExp IS High) AND (Length IS Medium),Medium,0.0,0.05,4752.917260084437,237.64586300422184,7244.173245921192,0.6273584905660378,1.0,0.3939393939393939,3948.0
28,all,R18,IF (PointsAjust IS High) AND (TeamExp IS Medium) AND (Length IS Medium),High,0.0,0.05,7641.212718052645,382.06063590263227,7244.173245921192,0.6273584905660378,1.0,0.3939393939393939,3948.0
28,all,R19,IF (PointsAjust IS High) AND (TeamExp IS Low) AND (Length IS Medium),High,0.0,0.05,7641.212718052645,382.06063590263227,7244.173245921192,0.6273584905660378,1.0,0.3939393939393939,3948.0
28,all,R20,IF (PointsAjust IS High) AND (TeamExp IS Low) AND (Length IS High),Very_High,0.0,0.05,23304.515850159,1165.22579250795,7244.173245921192,0.6273584905660378,1.0,0.3939393939393939,3948.0
29,all,R1,IF (PointsAjust IS Low) AND (TeamExp IS High) AND (Length IS Low),Very_Low,0.10071428571428576,0.3425501540311068,2645.469144157346,906.2058628156391,4354.716894511273,0.2012578616352201,1.0,0.1515151515151515,3927.0
29,all,R2,IF (PointsAjust IS Low) AND (TeamExp IS High) AND (Length IS Medium),Low,0.0,0.0,5245.283808095679,0.0,4354.716894511273,0.2012578616352201,1.0,0.1515151515151515,3927.0
29,all,R3,IF (PointsAjust IS Low) AND (TeamExp IS High) AND (Length IS High),Medium,0.0,0.0,4428.8775408439415,0.0,4354.716894511273,0.2012578616352201,1.0,0.1515151515151515,3927.0
29,all,R4,IF (PointsAjust IS Low) AND (TeamExp IS Medium) AND (Length IS Low),Low,0.0,0.0,5245.283808095679,0.0,4354.716894511273,0.2012578616352201,1.0,0.1515151515151515,3927.0
29,all,R5,IF (PointsAjust IS Low) AND (TeamExp IS Medium) AND (Length IS Medium),Medium,0.0,0.0,4428.8775408439415,0.0,4354.716894511273,0.2012578616352201,1.0,0.1515151515151515,3927.0
29,all,R6,IF (PointsAjust IS Low) AND (TeamExp IS Medium) AND (Length IS High),Medium,0.0,0.0,4428.8775408439415,0.0,4354.716894511273,0.2012578616352201,1.0,0.1515151515151515,3927.0
29,all,R7,IF (PointsAjust IS Low) AND (TeamExp IS Low) AND (Length IS Medium),Medium,0.0,0.0,4428.8775408439415,0.0,4354.716894511273,0.2012578616352201,1.0,0.1515151515151515,3927.0
29,all,R8,IF (PointsAjust IS Low) AND (TeamExp IS Low) AND (Length IS High),High,0.0,0.0,5326.248696654165,0.0,4354.716894511273,0.2012578616352201,1.0,0.1515151515151515,3927.0
29,all,R9,IF (PointsAjust IS Medium) AND (TeamExp IS High) AND (Length IS Low),Low,0.193298969072165,0.6574498459688931,5245.283808095679,3448.5110316956334,4354.716894511273,0.2012578616352201,1.0,0.1515151515151515,3927.0
29,all,R10,IF (PointsAjust IS Medium) AND (TeamExp IS High) AND (Length IS Medium),Medium,0.0,0.0,4428.8775408439415,0.0,4354.716894511273,0.2012578616352201,1.0,0.1515151515151515,3927.0
29,all,R11,IF (PointsAjust IS Medium) AND (TeamExp IS High) AND (Length IS High),Medium,0.0,0.0,4428.8775408439415,0.0,4354.716894511273,0.2012578616352201,1.0,0.1515151515151515,3927.0
29,all,R12,IF (PointsAjust IS Medium) AND (TeamExp IS Medium) AND (Length IS Low),Medium,0.0,0.0,4428.8775408439415,0.0,4354.716894511273,0.2012578616352201,1.0,0.1515151515151515,3927.0
29,all,R13,IF (PointsAjust IS Medium) AND (TeamExp IS Medium) AND (Length IS Medium),Medium,0.0,0.0,4428.8775408439415,0.0,4354.716894511273,0.2012578616352201,1.0,0.1515151515151515,3927.0
29,all,R14,IF (PointsAjust IS Medium) AND (TeamExp IS Medium) AND (Length IS High),High,0.0,0.0,5326.248696654165,0.0,4354.716894511273,0.2012578616352201,1.0,0.1515151515151515,3927.0
29,all,R15,IF (PointsAjust IS Medium) AND (TeamExp IS Low) AND (Length IS Medium),High,0.0,0.0,5326.248696654165,0.0,4354.716894511273,0.2012578616352201,1.0,0.1515151515151515,3927.0
29,all,R16,IF (PointsAjust IS Medium) AND (TeamExp IS Low) AND (Length IS High),High,0.0,0.0,5326.248696654165,0.0,4354.716894511273,0.2012578616352201,1.0,0.1515151515151515,3927.0
29,all,R17,IF (PointsAjust IS High) AND (TeamExp IS High) AND (Length IS Medium),Medium,0.0,0.0,4428.8775408439415,0.0,4354.716894511273,0.2012578616352201,1.0,0.1515151515151515,3927.0
29,all,R18,IF (PointsAjust IS High) AND (TeamExp IS Medium) AND (Length IS Medium),High,0.0,0.0,5326.248696654165,0.0,4354.716894511273,0.2012578616352201,1.0,0.1515151515151515,3927.0
29,all,R19,IF (PointsAjust IS High) AND (TeamExp IS Low) AND (Length IS Medium),High,0.0,0.0,5326.248696654165,0.0,4354.716894511273,0.2012578616352201,1.0,0.1515151515151515,3927.0
29,all,R20,IF (PointsAjust IS High) AND (TeamExp IS Low) AND (Length IS High),Very_High,0.0,0.0,21586.541491179476,0.0,4354.716894511273,0.2012578616352201,1.0,0.1515151515151515,3927.0
30,all,R1,IF (PointsAjust IS Low) AND (TeamExp IS High) AND (Length IS Low),Very_Low,0.0,0.0,4199.182933134931,0.0,3121.9908384791265,0.1666666666666666,0.4,0.2424242424242424,710.0
30,all,R2,IF (PointsAjust IS Low) AND (TeamExp IS High) AND (Length IS Medium),Low,0.0,0.0,-3571.122975042762,-0.0,3121.9908384791265,0.1666666666666666,0.4,0.2424242424242424,710.0
30,all,R3,IF (PointsAjust IS Low) AND (TeamExp IS High) AND (Length IS High),Medium,0.0,0.0,2684.833648485549,0.0,3121.9908384791265,0.1666666666666666,0.4,0.2424242424242424,710.0
30,all,R4,IF (PointsAjust IS Low) AND (TeamExp IS Medium) AND (Length IS Low),Low,0.0,0.0,-3571.122975042762,-0.0,3121.9908384791265,0.1666666666666666,0.4,0.2424242424242424,710.0
30,all,R5,IF (PointsAjust IS Low) AND (TeamExp IS Medium) AND (Length IS Medium),Medium,0.0,0.0,2684.833648485549,0.0,3121.9908384791265,0.1666666666666666,0.4,0.2424242424242424,710.0
30,all,R6,IF (PointsAjust IS Low) AND (TeamExp IS Medium) AND (Length IS High),Medium,0.0,0.0,2684.833648485549,0.0,3121.9908384791265,0.1666666666666666,0.4,0.2424242424242424,710.0
30,all,R7,IF (PointsAjust IS Low) AND (TeamExp IS Low) AND (Length IS Medium),Medium,0.13142857142857148,0.5773311481066163,2684.833648485549,1550.0380927554377,3121.9908384791265,0.1666666666666666,0.4,0.2424242424242424,710.0
30,all,R8,IF (PointsAjust IS Low) AND (TeamExp IS Low) AND (Length IS High),High,0.0,0.0,3719.1118737091306,0.0,3121.9908384791265,0.1666666666666666,0.4,0.2424242424242424,710.0
30,all,R9,IF (PointsAjust IS Medium) AND (TeamExp IS High) AND (Length IS Low),Low,0.0,0.0,-3571.122975042762,-0.0,3121.9908384791265,0.1666666666666666,0.4,0.2424242424242424,710.0
30,all,R10,IF (PointsAjust IS Medium) AND (TeamExp IS High) AND (Length IS Medium),Medium,0.0,0.0,2684.833648485549,0.0,3121.9908384791265,0.1666666666666666,0.4,0.2424242424242424,710.0
30,all,R11,IF (PointsAjust IS Medium) AND (TeamExp IS High) AND (Length IS High),Medium,0.0,0.0,2684.833648485549,0.0,3121.9908384791265,0.1666666666666666,0.4,0.2424242424242424,710.0
30,all,R12,IF (PointsAjust IS Medium) AND (TeamExp IS Medium) AND (Length IS Low),Medium,0.0,0.0,2684.833648485549,0.0,3121.9908384791265,0.1666666666666666,0.4,0.2424242424242424,710.0
30,all,R13,IF (PointsAjust IS Medium) AND (TeamExp IS Medium) AND (Length IS Medium),Medium,0.0,0.0,2684.833648485549,0.0,3121.9908384791265,0.1666666666666666,0.4,0.2424242424242424,710.0
30,all,R14,IF (PointsAjust IS Medium) AND (TeamExp IS Medium) AND (Length IS High),High,0.0,0.0,3719.1118737091306,0.0,3121.9908384791265,0.1666666666666666,0.4,0.2424242424242424,710.0
30,all,R15,IF (PointsAjust IS Medium) AND (TeamExp IS Low) AND (Length IS Medium),High,0.0962199312714776,0.42266885189338366,3719.1118737091306,1571.952745723689,3121.9908384791265,0.1666666666666666,0.4,0.2424242424242424,710.0
30,all,R16,IF (PointsAjust IS Medium) AND (TeamExp IS Low) AND (Length IS High),High,0.0,0.0,3719.1118737091306,0.0,3121.9908384791265,0.1666666666666666,0.4,0.2424242424242424,710.0
30,all,R17,IF (PointsAjust IS High) AND (TeamExp IS High) AND (Length IS Medium),Medium,0.0,0.0,2684.833648485549,0.0,3121.9908384791265,0.1666666666666666,0.4,0.2424242424242424,710.0
30,all,R18,IF (PointsAjust IS High) AND (TeamExp IS Medium) AND (Length IS Medium),High,0.0,0.0,3719.1118737091306,0.0,3121.9908384791265,0.1666666666666666,0.4,0.2424242424242424,710.0
30,all,R19,IF (PointsAjust IS High) AND (TeamExp IS Low) AND (Length IS Medium),High,0.0,0.0,3719.1118737091306,0.0,3121.9908384791265,0.1666666666666666,0.4,0.2424242424242424,710.0
30,all,R20,IF (PointsAjust IS High) AND (TeamExp IS Low) AND (Length IS High),Very_High,0.0,0.0,13352.798118374587,0.0,3121.9908384791265,0.1666666666666666,0.4,0.2424242424242424,710.0
31,all,R1,IF (PointsAjust IS Low) AND (TeamExp IS High) AND (Length IS Low),Very_Low,0.0,0.0,3816.385098448693,0.0,4470.309347625542,0.3223270440251572,1.0,0.2424242424242424,2429.0
31,all,R2,IF (PointsAjust IS Low) AND (TeamExp IS High) AND (Length IS Medium),Low,0.0,0.0,6096.840442874272,0.0,4470.309347625542,0.3223270440251572,1.0,0.2424242424242424,2429.0
31,all,R3,IF (PointsAjust IS Low) AND (TeamExp IS High) AND (Length IS High),Medium,0.0,0.0,4470.309347625543,0.0,4470.309347625542,0.3223270440251572,1.0,0.2424242424242424,2429.0
31,all,R4,IF (PointsAjust IS Low) AND (TeamExp IS Medium) AND (Length IS Low),Low,0.0,0.0,6096.840442874272,0.0,4470.309347625542,0.3223270440251572,1.0,0.2424242424242424,2429.0
31,all,R5,IF (PointsAjust IS Low) AND (TeamExp IS Medium) AND (Length IS Medium),Medium,0.0,0.0,4470.309347625543,0.0,4470.309347625542,0.3223270440251572,1.0,0.2424242424242424,2429.0
31,all,R6,IF (PointsAjust IS Low) AND (TeamExp IS Medium) AND (Length IS High),Medium,0.0,0.0,4470.309347625543,0.0,4470.309347625542,0.3223270440251572,1.0,0.2424242424242424,2429.0
31,all,R7,IF (PointsAjust IS Low) AND (TeamExp IS Low) AND (Length IS Medium),Medium,0.0,0.0,4470.309347625543,0.0,4470.309347625542,0.3223270440251572,1.0,0.2424242424242424,2429.0
31,all,R8,IF (PointsAjust IS Low) AND (TeamExp IS Low) AND (Length IS High),High,0.0,0.0,6048.447799966613,0.0,4470.309347625542,0.3223270440251572,1.0,0.2424242424242424,2429.0
31,all,R9,IF (PointsAjust IS Medium) AND (TeamExp IS High) AND (Length IS Low),Low,0.0,0.0,6096.840442874272,0.0,4470.309347625542,0.3223270440251572,1.0,0.2424242424242424,2429.0
31,all,R10,IF (PointsAjust IS Medium) AND (TeamExp IS High) AND (Length IS Medium),Medium,0.6153846153846155,0.9043648847474253,4470.309347625543,4042.7907979507117,4470.309347625542,0.3223270440251572,1.0,0.2424242424242424,2429.0
31,all,R11,IF (PointsAjust IS Medium) AND (TeamExp IS High) AND (Length IS High),Medium,0.0,0.0,4470.309347625543,0.0,4470.309347625542,0.3223270440251572,1.0,0.2424242424242424,2429.0
31,all,R12,IF (PointsAjust IS Medium) AND (TeamExp IS Medium) AND (Length IS Low),Medium,0.0,0.0,4470.309347625543,0.0,4470.309347625542,0.3223270440251572,1.0,0.2424242424242424,2429.0
31,all,R13,IF (PointsAjust IS Medium) AND (TeamExp IS Medium) AND (Length IS Medium),Medium,0.0,0.0,4470.309347625543,0.0,4470.309347625542,0.3223270440251572,1.0,0.2424242424242424,2429.0
31,all,R14,IF (PointsAjust IS Medium) AND (TeamExp IS Medium) AND (Length IS High),High,0.0,0.0,6048.447799966613,0.0,4470.309347625542,0.3223270440251572,1.0,0.2424242424242424,2429.0
31,all,R15,IF (PointsAjust IS Medium) AND (TeamExp IS Low) AND (Length IS Medium),High,0.0,0.0,6048.447799966613,0.0,4470.309347625542,0.3223270440251572,1.0,0.2424242424242424,2429.0
31,all,R16,IF (PointsAjust IS Medium) AND (TeamExp IS Low) AND (Length IS High),High,0.0,0.0,6048.447799966613,0.0,4470.309347625542,0.3223270440251572,1.0,0.2424242424242424,2429.0
31,all,R17,IF (PointsAjust IS High) AND (TeamExp IS High) AND (Length IS Medium),Medium,0.06507592190889369,0.09563511525257475,4470.309347625543,427.518549674831,4470.309347625542,0.3223270440251572,1.0,0.2424242424242424,2429.0
31,all,R18,IF (PointsAjust IS High) AND (TeamExp IS Medium) AND (Length IS Medium),High,0.0,0.0,6048.447799966613,0.0,4470.309347625542,0.3223270440251572,1.0,0.2424242424242424,2429.0
31,all,R19,IF (PointsAjust IS High) AND (TeamExp IS Low) AND (Length IS Medium),High,0.0,0.0,6048.447799966613,0.0,4470.309347625542,0.3223270440251572,1.0,0.2424242424242424,2429.0
31,all,R20,IF (PointsAjust IS High) AND (TeamExp IS Low) AND (Length IS High),Very_High,0.0,0.0,22000.68324230361,0.0,4470.309347625542,0.3223270440251572,1.0,0.2424242424242424,2429.0
32,all,R1,IF (PointsAjust IS Low) AND (TeamExp IS High) AND (Length IS Low),Very_Low,0.0,0.05,5908.834888819241,295.44174444096205,3666.64872433641,0.35062893081761,0.4,0.1212121212121212,6405.0
32,all,R2,IF (PointsAjust IS Low) AND (TeamExp IS High) AND (Length IS Medium),Low,0.0,0.05,-623.8387873200409,-31.191939366002046,3666.64872433641,0.35062893081761,0.4,0.1212121212121212,6405.0
32,all,R3,IF (PointsAjust IS Low) AND (TeamExp IS High) AND (Length IS High),Medium,0.0,0.05,3343.970325037084,167.19851625185422,3666.64872433641,0.35062893081761,0.4,0.1212121212121212,6405.0
32,all,R4,IF (PointsAjust IS Low) AND (TeamExp IS Medium) AND (Length IS Low),Low,0.0,0.05,-623.8387873200409,-31.191939366002046,3666.64872433641,0.35062893081761,0.4,0.1212121212121212,6405.0
32,all,R5,IF (PointsAjust IS Low) AND (TeamExp IS Medium) AND (Length IS Medium),Medium,0.0,0.05,3343.970325037084,167.19851625185422,3666.64872433641,0.35062893081761,0.4,0.1212121212121212,6405.0
32,all,R6,IF (PointsAjust IS Low) AND (TeamExp IS Medium) AND (Length IS High),Medium,0.0,0.05,3343.970325037084,167.19851625185422,3666.64872433641,0.35062893081761,0.4,0.1212121212121212,6405.0
32,all,R7,IF (PointsAjust IS Low) AND (TeamExp IS Low) AND (Length IS Medium),Medium,0.0,0.05,3343.970325037084,167.19851625185422,3666.64872433641,0.35062893081761,0.4,0.1212121212121212,6405.0
32,all,R8,IF (PointsAjust IS Low) AND (TeamExp IS Low) AND (Length IS High),High,0.0,0.05,4057.787515386555,202.88937576932776,3666.64872433641,0.35062893081761,0.4,0.1212121212121212,6405.0
32,all,R9,IF (PointsAjust IS Medium) AND (TeamExp IS High) AND (Length IS Low),Low,0.0,0.05,-623.8387873200409,-31.191939366002046,3666.64872433641,0.35062893081761,0.4,0.1212121212121212,6405.0
32,all,R10,IF (PointsAjust IS Medium) AND (TeamExp IS High) AND (Length IS Medium),Medium,0.0,0.05,3343.970325037084,167.19851625185422,3666.64872433641,0.35062893081761,0.4,0.1212121212121212,6405.0
32,all,R11,IF (PointsAjust IS Medium) AND (TeamExp IS High) AND (Length IS High),Medium,0.0,0.05,3343.970325037084,167.19851625185422,3666.64872433641,0.35062893081761,0.4,0.1212121212121212,6405.0
32,all,R12,IF (PointsAjust IS Medium) AND (TeamExp IS Medium) AND (Length IS Low),Medium,0.0,0.05,3343.970325037084,167.19851625185422,3666.64872433641,0.35062893081761,0.4,0.1212121212121212,6405.0
32,all,R13,IF (PointsAjust IS Medium) AND (TeamExp IS Medium) AND (Length IS Medium),Medium,0.0,0.05,3343.970325037084,167.19851625185422,3666.64872433641,0.35062893081761,0.4,0.1212121212121212,6405.0
32,all,R14,IF (PointsAjust IS Medium) AND (TeamExp IS Medium) AND (Length IS High),High,0.0,0.05,4057.787515386555,202.88937576932776,3666.64872433641,0.35062893081761,0.4,0.1212121212121212,6405.0
32,all,R15,IF (PointsAjust IS Medium) AND (TeamExp IS Low) AND (Length IS Medium),High,0.0,0.05,4057.787515386555,202.88937576932776,3666.64872433641,0.35062893081761,0.4,0.1212121212121212,6405.0
32,all,R16,IF (PointsAjust IS Medium) AND (TeamExp IS Low) AND (Length IS High),High,0.0,0.05,4057.787515386555,202.88937576932776,3666.64872433641,0.35062893081761,0.4,0.1212121212121212,6405.0
32,all,R17,IF (PointsAjust IS High) AND (TeamExp IS High) AND (Length IS Medium),Medium,0.0,0.05,3343.970325037084,167.19851625185422,3666.64872433641,0.35062893081761,0.4,0.1212121212121212,6405.0
32,all,R18,IF (PointsAjust IS High) AND (TeamExp IS Medium) AND (Length IS Medium),High,0.0,0.05,4057.787515386555,202.88937576932776,3666.64872433641,0.35062893081761,0.4,0.1212121212121212,6405.0
32,all,R19,IF (PointsAjust IS High) AND (TeamExp IS Low) AND (Length IS Medium),High,0.0,0.05,4057.787515386555,202.88937576932776,3666.64872433641,0.35062893081761,0.4,0.1212121212121212,6405.0
32,all,R20,IF (PointsAjust IS High) AND (TeamExp IS Low) AND (Length IS High),Very_High,0.0,0.05,14853.19794221601,742.6598971108006,3666.64872433641,0.35062893081761,0.4,0.1212121212121212,6405.0
33,all,R1,IF (PointsAjust IS Low) AND (TeamExp IS High) AND (Length IS Low),Very_Low,0.0,0.0,3710.1438828956248,0.0,2213.3972178865693,0.1855345911949685,0.6,0.0606060606060606,651.0
33,all,R2,IF (PointsAjust IS Low) AND (TeamExp IS High) AND (Length IS Medium),Low,0.0,0.0,420.33707569244143,0.0,2213.3972178865693,0.1855345911949685,0.6,0.0606060606060606,651.0
33,all,R3,IF (PointsAjust IS Low) AND (TeamExp IS High) AND (Length IS High),Medium,0.0,0.0,3629.658578771046,0.0,2213.3972178865693,0.1855345911949685,0.6,0.0606060606060606,651.0
33,all,R4,IF (PointsAjust IS Low) AND (TeamExp IS Medium) AND (Length IS Low),Low,0.24428571428571438,0.44129619283262833,420.33707569244143,185.49315120947472,2213.3972178865693,0.1855345911949685,0.6,0.0606060606060606,651.0
33,all,R5,IF (PointsAjust IS Low) AND (TeamExp IS Medium) AND (Length IS Medium),Medium,0.0,0.0,3629.658578771046,0.0,2213.3972178865693,0.1855345911949685,0.6,0.0606060606060606,651.0
33,all,R6,IF (PointsAjust IS Low) AND (TeamExp IS Medium) AND (Length IS High),Medium,0.0,0.0,3629.658578771046,0.0,2213.3972178865693,0.1855345911949685,0.6,0.0606060606060606,651.0
33,all,R7,IF (PointsAjust IS Low) AND (TeamExp IS Low) AND (Length IS Medium),Medium,0.0,0.0,3629.658578771046,0.0,2213.3972178865693,0.1855345911949685,0.6,0.0606060606060606,651.0
33,all,R8,IF (PointsAjust IS Low) AND (TeamExp IS Low) AND (Length IS High),High,0.0,0.0,3839.2340957024558,0.0,2213.3972178865693,0.1855345911949685,0.6,0.0606060606060606,651.0
33,all,R9,IF (PointsAjust IS Medium) AND (TeamExp IS High) AND (Length IS Low),Low,0.0,0.0,420.33707569244143,0.0,2213.3972178865693,0.1855345911949685,0.6,0.0606060606060606,651.0
33,all,R10,IF (PointsAjust IS Medium) AND (TeamExp IS High) AND (Length IS Medium),Medium,0.0,0.0,3629.658578771046,0.0,2213.3972178865693,0.1855345911949685,0.6,0.0606060606060606,651.0
33,all,R11,IF (PointsAjust IS Medium) AND (TeamExp IS High) AND (Length IS High),Medium,0.0,0.0,3629.658578771046,0.0,2213.3972178865693,0.1855345911949685,0.6,0.0606060606060606,651.0
33,all,R12,IF (PointsAjust IS Medium) AND (TeamExp IS Medium) AND (Length IS Low),Medium,0.30927835051546393,0.5587038071673716,3629.658578771046,2027.9040666770943,2213.3972178865693,0.1855345911949685,0.6,0.0606060606060606,651.0
33,all,R13,IF (PointsAjust IS Medium) AND (TeamExp IS Medium) AND (Length IS Medium),Medium,0.0,0.0,3629.658578771046,0.0,2213.3972178865693,0.1855345911949685,0.6,0.0606060606060606,651.0
33,all,R14,IF (PointsAjust IS Medium) AND (TeamExp IS Medium) AND (Length IS High),High,0.0,0.0,3839.2340957024558,0.0,2213.3972178865693,0.1855345911949685,0.6,0.0606060606060606,651.0
33,all,R15,IF (PointsAjust IS Medium) AND (TeamExp IS Low) AND (Length IS Medium),High,0.0,0.0,3839.2340957024558,0.0,2213.3972178865693,0.1855345911949685,0.6,0.0606060606060606,651.0
33,all,R16,IF (PointsAjust IS Medium) AND (TeamExp IS Low) AND (Length IS High),High,0.0,0.0,3839.2340957024558,0.0,2213.3972178865693,0.1855345911949685,0.6,0.0606060606060606,651.0
33,all,R17,IF (PointsAjust IS High) AND (TeamExp IS High) AND (Length IS Medium),Medium,0.0,0.0,3629.658578771046,0.0,2213.3972178865693,0.1855345911949685,0.6,0.0606060606060606,651.0
33,all,R18,IF (PointsAjust IS High) AND (TeamExp IS Medium) AND (Length IS Medium),High,0.0,0.0,3839.2340957024558,0.0,2213.3972178865693,0.1855345911949685,0.6,0.0606060606060606,651.0
33,all,R19,IF (PointsAjust IS High) AND (TeamExp IS Low) AND (Length IS Medium),High,0.0,0.0,3839.2340957024558,0.0,2213.3972178865693,0.1855345911949685,0.6,0.0606060606060606,651.0
33,all,R20,IF (PointsAjust IS High) AND (TeamExp IS Low) AND (Length IS High),Very_High,0.0,0.0,16649.90921430615,0.0,2213.3972178865693,0.1855345911949685,0.6,0.0606060606060606,651.0
34,all,R1,IF (PointsAjust IS Low) AND (TeamExp IS High) AND (Length IS Low),Very_Low,0.0,0.0,8195.18190908152,0.0,15005.363728746908,0.5817610062893082,0.4,0.4848484848484848,9135.0
34,all,R2,IF (PointsAjust IS Low) AND (TeamExp IS High) AND (Length IS Medium),Low,0.0,0.0,-209.93506378607708,-0.0,15005.363728746908,0.5817610062893082,0.4,0.4848484848484848,9135.0
34,all,R3,IF (PointsAjust IS Low) AND (TeamExp IS High) AND (Length IS High),Medium,0.0,0.0,2986.108632069797,0.0,15005.363728746908,0.5817610062893082,0.4,0.4848484848484848,9135.0
34,all,R4,IF (PointsAjust IS Low) AND (TeamExp IS Medium) AND (Length IS Low),Low,0.0,0.0,-209.93506378607708,-0.0,15005.363728746908,0.5817610062893082,0.4,0.4848484848484848,9135.0
34,all,R5,IF (PointsAjust IS Low) AND (TeamExp IS Medium) AND (Length IS Medium),Medium,0.0,0.0,2986.108632069797,0.0,15005.363728746908,0.5817610062893082,0.4,0.4848484848484848,9135.0
34,all,R6,IF (PointsAjust IS Low) AND (TeamExp IS Medium) AND (Length IS High),Medium,0.0,0.0,2986.108632069797,0.0,15005.363728746908,0.5817610062893082,0.4,0.4848484848484848,9135.0
34,all,R7,IF (PointsAjust IS Low) AND (TeamExp IS Low) AND (Length IS Medium),Medium,0.0,0.0,2986.108632069797,0.0,15005.363728746908,0.5817610062893082,0.4,0.4848484848484848,9135.0
34,all,R8,IF (PointsAjust IS Low) AND (TeamExp IS Low) AND (Length IS High),High,0.0,0.0,5992.598257219941,0.0,15005.363728746908,0.5817610062893082,0.4,0.4848484848484848,9135.0
34,all,R9,IF (PointsAjust IS Medium) AND (TeamExp IS High) AND (Length IS Low),Low,0.0,0.0,-209.93506378607708,-0.0,15005.363728746908,0.5817610062893082,0.4,0.4848484848484848,9135.0
34,all,R10,IF (PointsAjust IS Medium) AND (TeamExp IS High) AND (Length IS Medium),Medium,0.0,0.0,2986.108632069797,0.0,15005.363728746908,0.5817610062893082,0.4,0.4848484848484848,9135.0
34,all,R11,IF (PointsAjust IS Medium) AND (TeamExp IS High) AND (Length IS High),Medium,0.0,0.0,2986.108632069797,0.0,15005.363728746908,0.5817610062893082,0.4,0.4848484848484848,9135.0
34,all,R12,IF (PointsAjust IS Medium) AND (TeamExp IS Medium) AND (Length IS Low),Medium,0.0,0.0,2986.108632069797,0.0,15005.363728746908,0.5817610062893082,0.4,0.4848484848484848,9135.0
34,all,R13,IF (PointsAjust IS Medium) AND (TeamExp IS Medium) AND (Length IS Medium),Medium,0.0,0.0,2986.108632069797,0.0,15005.363728746908,0.5817610062893082,0.4,0.4848484848484848,9135.0
34,all,R14,IF (PointsAjust IS Medium) AND (TeamExp IS Medium) AND (Length IS High),High,0.0,0.0,5992.598257219941,0.0,15005.363728746908,0.5817610062893082,0.4,0.4848484848484848,9135.0
34,all,R15,IF (PointsAjust IS Medium) AND (TeamExp IS Low) AND (Length IS Medium),High,0.0,0.0,5992.598257219941,0.0,15005.363728746908,0.5817610062893082,0.4,0.4848484848484848,9135.0
34,all,R16,IF (PointsAjust IS Medium) AND (TeamExp IS Low) AND (Length IS High),High,0.0,0.0,5992.598257219941,0.0,15005.363728746908,0.5817610062893082,0.4,0.4848484848484848,9135.0
34,all,R17,IF (PointsAjust IS High) AND (TeamExp IS High) AND (Length IS Medium),Medium,0.0,0.0,2986.108632069797,0.0,15005.363728746908,0.5817610062893082,0.4,0.4848484848484848,9135.0
34,all,R18,IF (PointsAjust IS High) AND (TeamExp IS Medium) AND (Length IS Medium),High,0.0,0.0,5992.598257219941,0.0,15005.363728746908,0.5817610062893082,0.4,0.4848484848484848,9135.0
34,all,R19,IF (PointsAjust IS High) AND (TeamExp IS Low) AND (Length IS Medium),High,0.0,0.0,5992.598257219941,0.0,15005.363728746908,0.5817610062893082,0.4,0.4848484848484848,9135.0
34,all,R20,IF (PointsAjust IS High) AND (TeamExp IS Low) AND (Length IS High),Very_High,0.04511930585683296,1.0,15005.36372874691,15005.36372874691,15005.363728746908,0.5817610062893082,0.4,0.4848484848484848,9135.0
35,all,R1,IF (PointsAjust IS Low) AND (TeamExp IS High) AND (Length IS Low),Very_Low,0.0,0.0,6321.35737988576,0.0,5561.660432991366,0.4544025157232704,0.6,0.303030303030303,1435.0
35,all,R2,IF (PointsAjust IS Low) AND (TeamExp IS High) AND (Length IS Medium),Low,0.0,0.0,2053.0403791915014,0.0,5561.660432991366,0.4544025157232704,0.6,0.303030303030303,1435.0
35,all,R3,IF (PointsAjust IS Low) AND (TeamExp IS High) AND (Length IS High),Medium,0.0,0.0,3628.4877886365784,0.0,5561.660432991366,0.4544025157232704,0.6,0.303030303030303,1435.0
35,all,R4,IF (PointsAjust IS Low) AND (TeamExp IS Medium) AND (Length IS Low),Low,0.0,0.0,2053.0403791915014,0.0,5561.660432991366,0.4544025157232704,0.6,0.303030303030303,1435.0
35,all,R5,IF (PointsAjust IS Low) AND (TeamExp IS Medium) AND (Length IS Medium),Medium,0.0,0.0,3628.4877886365784,0.0,5561.660432991366,0.4544025157232704,0.6,0.303030303030303,1435.0
35,all,R6,IF (PointsAjust IS Low) AND (TeamExp IS Medium) AND (Length IS High),Medium,0.0,0.0,3628.4877886365784,0.0,5561.660432991366,0.4544025157232704,0.6,0.303030303030303,1435.0
35,all,R7,IF (PointsAjust IS Low) AND (TeamExp IS Low) AND (Length IS Medium),Medium,0.0,0.0,3628.4877886365784,0.0,5561.660432991366,0.4544025157232704,0.6,0.303030303030303,1435.0
35,all,R8,IF (PointsAjust IS Low) AND (TeamExp IS Low) AND (Length IS High),High,0.0,0.0,5561.660432991366,0.0,5561.660432991366,0.4544025157232704,0.6,0.303030303030303,1435.0
35,all,R9,IF (PointsAjust IS Medium) AND (TeamExp IS High) AND (Length IS Low),Low,0.0,0.0,2053.0403791915014,0.0,5561.660432991366,0.4544025157232704,0.6,0.303030303030303,1435.0
35,all,R10,IF (PointsAjust IS Medium) AND (TeamExp IS High) AND (Length IS Medium),Medium,0.0,0.0,3628.4877886365784,0.0,5561.660432991366,0.4544025157232704,0.6,0.303030303030303,1435.0
35,all,R11,IF (PointsAjust IS Medium) AND (TeamExp IS High) AND (Length IS High),Medium,0.0,0.0,3628.4877886365784,0.0,5561.660432991366,0.4544025157232704,0.6,0.303030303030303,1435.0
35,all,R12,IF (PointsAjust IS Medium) AND (TeamExp IS Medium) AND (Length IS Low),Medium,0.0,0.0,3628.4877886365784,0.0,5561.660432991366,0.4544025157232704,0.6,0.303030303030303,1435.0
35,all,R13,IF (PointsAjust IS Medium) AND (TeamExp IS Medium) AND (Length IS Medium),Medium,0.0,0.0,3628.4877886365784,0.0,5561.660432991366,0.4544025157232704,0.6,0.303030303030303,1435.0
35,all,R14,IF (PointsAjust IS Medium) AND (TeamExp IS Medium) AND (Length IS High),High,0.0,0.0,5561.660432991366,0.0,5561.660432991366,0.4544025157232704,0.6,0.303030303030303,1435.0
35,all,R15,IF (PointsAjust IS Medium) AND (TeamExp IS Low) AND (Length IS Medium),High,0.0,0.0,5561.660432991366,0.0,5561.660432991366,0.4544025157232704,0.6,0.303030303030303,1435.0
35,all,R16,IF (PointsAjust IS Medium) AND (TeamExp IS Low) AND (Length IS High),High,0.0,0.0,5561.660432991366,0.0,5561.660432991366,0.4544025157232704,0.6,0.303030303030303,1435.0
35,all,R17,IF (PointsAjust IS High) AND (TeamExp IS High) AND (Length IS Medium),Medium,0.0,0.0,3628.4877886365784,0.0,5561.660432991366,0.4544025157232704,0.6,0.303030303030303,1435.0
35,all,R18,IF (PointsAjust IS High) AND (TeamExp IS Medium) AND (Length IS Medium),High,0.12364425162689804,1.0,5561.660432991366,5561.660432991366,5561.660432991366,0.4544025157232704,0.6,0.303030303030303,1435.0
35,all,R19,IF (PointsAjust IS High) AND (TeamExp IS Low) AND (Length IS Medium),High,0.0,0.0,5561.660432991366,0.0,5561.660432991366,0.4544025157232704,0.6,0.303030303030303,1435.0
35,all,R20,IF (PointsAjust IS High) AND (TeamExp IS Low) AND (Length IS High),Very_High,0.0,0.0,17433.472878897086,0.0,5561.660432991366,0.4544025157232704,0.6,0.303030303030303,1435.0
36,all,R1,IF (PointsAjust IS Low) AND (TeamExp IS High) AND (Length IS Low),Very_Low,0.0,0.0,8287.920051753168,0.0,3606.3201190241402,0.4685534591194968,0.0,0.2121212121212121,5922.0
36,all,R2,IF (PointsAjust IS Low) AND (TeamExp IS High) AND (Length IS Medium),Low,0.0,0.0,-5028.096313986265,-0.0,3606.3201190241402,0.4685534591194968,0.0,0.2121212121212121,5922.0
36,all,R3,IF (PointsAjust IS Low) AND (TeamExp IS High) AND (Length IS High),Medium,0.0,0.0,2403.219725058666,0.0,3606.3201190241402,0.4685534591194968,0.0,0.2121212121212121,5922.0
36,all,R4,IF (PointsAjust IS Low) AND (TeamExp IS Medium) AND (Length IS Low),Low,0.0,0.0,-5028.096313986265,-0.0,3606.3201190241402,0.4685534591194968,0.0,0.2121212121212121,5922.0
36,all,R5,IF (PointsAjust IS Low) AND (TeamExp IS Medium) AND (Length IS Medium),Medium,0.0,0.0,2403.219725058666,0.0,3606.3201190241402,0.4685534591194968,0.0,0.2121212121212121,5922.0
36,all,R6,IF (PointsAjust IS Low) AND (TeamExp IS Medium) AND (Length IS High),Medium,0.0,0.0,2403.219725058666,0.0,3606.3201190241402,0.4685534591194968,0.0,0.2121212121212121,5922.0
36,all,R7,IF (PointsAjust IS Low) AND (TeamExp IS Low) AND (Length IS Medium),Medium,0.0,0.0,2403.219725058666,0.0,3606.3201190241402,0.4685534591194968,0.0,0.2121212121212121,5922.0
36,all,R8,IF (PointsAjust IS Low) AND (TeamExp IS Low) AND (Length IS High),High,0.0,0.0,3606.3201190241402,0.0,3606.3201190241402,0.4685534591194968,0.0,0.2121212121212121,5922.0
36,all,R9,IF (PointsAjust IS Medium) AND (TeamExp IS High) AND (Length IS Low),Low,0.0,0.0,-5028.096313986265,-0.0,3606.3201190241402,0.4685534591194968,0.0,0.2121212121212121,5922.0
36,all,R10,IF (PointsAjust IS Medium) AND (TeamExp IS High) AND (Length IS Medium),Medium,0.0,0.0,2403.219725058666,0.0,3606.3201190241402,0.4685534591194968,0.0,0.2121212121212121,5922.0
36,all,R11,IF (PointsAjust IS Medium) AND (TeamExp IS High) AND (Length IS High),Medium,0.0,0.0,2403.219725058666,0.0,3606.3201190241402,0.4685534591194968,0.0,0.2121212121212121,5922.0
36,all,R12,IF (PointsAjust IS Medium) AND (TeamExp IS Medium) AND (Length IS Low),Medium,0.0,0.0,2403.219725058666,0.0,3606.3201190241402,0.4685534591194968,0.0,0.2121212121212121,5922.0
36,all,R13,IF (PointsAjust IS Medium) AND (TeamExp IS Medium) AND (Length IS Medium),Medium,0.0,0.0,2403.219725058666,0.0,3606.3201190241402,0.4685534591194968,0.0,0.2121212121212121,5922.0
36,all,R14,IF (PointsAjust IS Medium) AND (TeamExp IS Medium) AND (Length IS High),High,0.0,0.0,3606.3201190241402,0.0,3606.3201190241402,0.4685534591194968,0.0,0.2121212121212121,5922.0
36,all,R15,IF (PointsAjust IS Medium) AND (TeamExp IS Low) AND (Length IS Medium),High,0.0,0.0,3606.3201190241402,0.0,3606.3201190241402,0.4685534591194968,0.0,0.2121212121212121,5922.0
36,all,R16,IF (PointsAjust IS Medium) AND (TeamExp IS Low) AND (Length IS High),High,0.0,0.0,3606.3201190241402,0.0,3606.3201190241402,0.4685534591194968,0.0,0.2121212121212121,5922.0
36,all,R17,IF (PointsAjust IS High) AND (TeamExp IS High) AND (Length IS Medium),Medium,0.0,0.0,2403.219725058666,0.0,3606.3201190241402,0.4685534591194968,0.0,0.2121212121212121,5922.0
36,all,R18,IF (PointsAjust IS High) AND (TeamExp IS Medium) AND (Length IS Medium),High,0.0,0.0,3606.3201190241402,0.0,3606.3201190241402,0.4685534591194968,0.0,0.2121212121212121,5922.0
36,all,R19,IF (PointsAjust IS High) AND (TeamExp IS Low) AND (Length IS Medium),High,0.1778741865509761,1.0,3606.3201190241402,3606.3201190241402,3606.3201190241402,0.4685534591194968,0.0,0.2121212121212121,5922.0
36,all,R20,IF (PointsAjust IS High) AND (TeamExp IS Low) AND (Length IS High),Very_High,0.0,0.0,10100.105788462823,0.0,3606.3201190241402,0.4685534591194968,0.0,0.2121212121212121,5922.0
37,all,R1,IF (PointsAjust IS Low) AND (TeamExp IS High) AND (Length IS Low),Very_Low,0.0,0.05,4337.243033117695,216.86215165588476,2944.793491367176,0.1855345911949685,0.4,0.0909090909090909,847.0
37,all,R2,IF (PointsAjust IS Low) AND (TeamExp IS High) AND (Length IS Medium),Low,0.0,0.05,-2382.1689080394826,-119.10844540197414,2944.793491367176,0.1855345911949685,0.4,0.0909090909090909,847.0
37,all,R3,IF (PointsAjust IS Low) AND (TeamExp IS High) AND (Length IS High),Medium,0.0,0.05,3072.1593853390796,153.607969266954,2944.793491367176,0.1855345911949685,0.4,0.0909090909090909,847.0
37,all,R4,IF (PointsAjust IS Low) AND (TeamExp IS Medium) AND (Length IS Low),Low,0.0,0.05,-2382.1689080394826,-119.10844540197414,2944.793491367176,0.1855345911949685,0.4,0.0909090909090909,847.0
37,all,R5,IF (PointsAjust IS Low) AND (TeamExp IS Medium) AND (Length IS Medium),Medium,0.0,0.05,3072.1593853390796,153.607969266954,2944.793491367176,0.1855345911949685,0.4,0.0909090909090909,847.0
37,all,R6,IF (PointsAjust IS Low) AND (TeamExp IS Medium) AND (Length IS High),Medium,0.0,0.05,3072.1593853390796,153.607969266954,2944.793491367176,0.1855345911949685,0.4,0.0909090909090909,847.0
37,all,R7,IF (PointsAjust IS Low) AND (TeamExp IS Low) AND (Length IS Medium),Medium,0.0,0.05,3072.1593853390796,153.607969266954,2944.793491367176,0.1855345911949685,0.4,0.0909090909090909,847.0
37,all,R8,IF (PointsAjust IS Low) AND (TeamExp IS Low) AND (Length IS High),High,0.0,0.05,3346.9745848888133,167.34872924444068,2944.793491367176,0.1855345911949685,0.4,0.0909090909090909,847.0
37,all,R9,IF (PointsAjust IS Medium) AND (TeamExp IS High) AND (Length IS Low),Low,0.0,0.05,-2382.1689080394826,-119.10844540197414,2944.793491367176,0.1855345911949685,0.4,0.0909090909090909,847.0
37,all,R10,IF (PointsAjust IS Medium) AND (TeamExp IS High) AND (Length IS Medium),Medium,0.0,0.05,3072.1593853390796,153.607969266954,2944.793491367176,0.1855345911949685,0.4,0.0909090909090909,847.0
37,all,R11,IF (PointsAjust IS Medium) AND (TeamExp IS High) AND (Length IS High),Medium,0.0,0.05,3072.1593853390796,153.607969266954,2944.793491367176,0.1855345911949685,0.4,0.0909090909090909,847.0
37,all,R12,IF (PointsAjust IS Medium) AND (TeamExp IS Medium) AND (Length IS Low),Medium,0.0,0.05,3072.1593853390796,153.607969266954,2944.793491367176,0.1855345911949685,0.4,0.0909090909090909,847.0
37,all,R13,IF (PointsAjust IS Medium) AND (TeamExp IS Medium) AND (Length IS Medium),Medium,0.0,0.05,3072.1593853390796,153.607969266954,2944.793491367176,0.1855345911949685,0.4,0.0909090909090909,847.0
37,all,R14,IF (PointsAjust IS Medium) AND (TeamExp IS Medium) AND (Length IS High),High,0.0,0.05,3346.9745848888133,167.34872924444068,2944.793491367176,0.1855345911949685,0.4,0.0909090909090909,847.0
37,all,R15,IF (PointsAjust IS Medium) AND (TeamExp IS Low) AND (Length IS Medium),High,0.0,0.05,3346.9745848888133,167.34872924444068,2944.793491367176,0.1855345911949685,0.4,0.0909090909090909,847.0
37,all,R16,IF (PointsAjust IS Medium) AND (TeamExp IS Low) AND (Length IS High),High,0.0,0.05,3346.9745848888133,167.34872924444068,2944.793491367176,0.1855345911949685,0.4,0.0909090909090909,847.0
37,all,R17,IF (PointsAjust IS High) AND (TeamExp IS High) AND (Length IS Medium),Medium,0.0,0.05,3072.1593853390796,153.607969266954,2944.793491367176,0.1855345911949685,0.4,0.0909090909090909,847.0
37,all,R18,IF (PointsAjust IS High) AND (TeamExp IS Medium) AND (Length IS Medium),High,0.0,0.05,3346.9745848888133,167.34872924444068,2944.793491367176,0.1855345911949685,0.4,0.0909090909090909,847.0
37,all,R19,IF (PointsAjust IS High) AND (TeamExp IS Low) AND (Length IS Medium),High,0.0,0.05,3346.9745848888133,167.34872924444068,2944.793491367176,0.1855345911949685,0.4,0.0909090909090909,847.0
37,all,R20,IF (PointsAjust IS High) AND (TeamExp IS Low) AND (Length IS High),Very_High,0.0,0.05,13973.851540959686,698.6925770479843,2944.793491367176,0.1855345911949685,0.4,0.0909090909090909,847.0
38,all,R1,IF (PointsAjust IS Low) AND (TeamExp IS High) AND (Length IS Low),Very_Low,0.0,0.05,8304.11313417344,415.205656708672,6733.304111112362,0.7248427672955975,0.8,0.4545454545454545,8050.0
38,all,R2,IF (PointsAjust IS Low) AND (TeamExp IS High) AND (Length IS Medium),Low,0.0,0.05,6893.205040433704,344.6602520216852,6733.304111112362,0.7248427672955975,0.8,0.4545454545454545,8050.0
38,all,R3,IF (PointsAjust IS Low) AND (TeamExp IS High) AND (Length IS High),Medium,0.0,0.05,4327.388487319241,216.36942436596206,6733.304111112362,0.7248427672955975,0.8,0.4545454545454545,8050.0
38,all,R4,IF (PointsAjust IS Low) AND (TeamExp IS Medium) AND (Length IS Low),Low,0.0,0.05,6893.205040433704,344.6602520216852,6733.304111112362,0.7248427672955975,0.8,0.4545454545454545,8050.0
38,all,R5,IF (PointsAjust IS Low) AND (TeamExp IS Medium) AND (Length IS Medium),Medium,0.0,0.05,4327.388487319241,216.36942436596206,6733.304111112362,0.7248427672955975,0.8,0.4545454545454545,8050.0
38,all,R6,IF (PointsAjust IS Low) AND (TeamExp IS Medium) AND (Length IS High),Medium,0.0,0.05,4327.388487319241,216.36942436596206,6733.304111112362,0.7248427672955975,0.8,0.4545454545454545,8050.0
38,all,R7,IF (PointsAjust IS Low) AND (TeamExp IS Low) AND (Length IS Medium),Medium,0.0,0.05,4327.388487319241,216.36942436596206,6733.304111112362,0.7248427672955975,0.8,0.4545454545454545,8050.0
38,all,R8,IF (PointsAjust IS Low) AND (TeamExp IS Low) AND (Length IS High),High,0.0,0.05,7604.974933569629,380.24874667848144,6733.304111112362,0.7248427672955975,0.8,0.4545454545454545,8050.0
38,all,R9,IF (PointsAjust IS Medium) AND (TeamExp IS High) AND (Length IS Low),Low,0.0,0.05,6893.205040433704,344.6602520216852,6733.304111112362,0.7248427672955975,0.8,0.4545454545454545,8050.0
38,all,R10,IF (PointsAjust IS Medium) AND (TeamExp IS High) AND (Length IS Medium),Medium,0.0,0.05,4327.388487319241,216.36942436596206,6733.304111112362,0.7248427672955975,0.8,0.4545454545454545,8050.0
38,all,R11,IF (PointsAjust IS Medium) AND (TeamExp IS High) AND (Length IS High),Medium,0.0,0.05,4327.388487319241,216.36942436596206,6733.304111112362,0.7248427672955975,0.8,0.4545454545454545,8050.0
38,all,R12,IF (PointsAjust IS Medium) AND (TeamExp IS Medium) AND (Length IS Low),Medium,0.0,0.05,4327.388487319241,216.36942436596206,6733.304111112362,0.7248427672955975,0.8,0.4545454545454545,8050.0
38,all,R13,IF (PointsAjust IS Medium) AND (TeamExp IS Medium) AND (Length IS Medium),Medium,0.0,0.05,4327.388487319241,216.36942436596206,6733.304111112362,0.7248427672955975,0.8,0.4545454545454545,8050.0
38,all,R14,IF (PointsAjust IS Medium) AND (TeamExp IS Medium) AND (Length IS High),High,0.0,0.05,7604.974933569629,380.24874667848144,6733.304111112362,0.7248427672955975,0.8,0.4545454545454545,8050.0
38,all,R15,IF (PointsAjust IS Medium) AND (TeamExp IS Low) AND (Length IS Medium),High,0.0,0.05,7604.974933569629,380.24874667848144,6733.304111112362,0.7248427672955975,0.8,0.4545454545454545,8050.0
38,all,R16,IF (PointsAjust IS Medium) AND (TeamExp IS Low) AND (Length IS High),High,0.0,0.05,7604.974933569629,380.24874667848144,6733.304111112362,0.7248427672955975,0.8,0.4545454545454545,8050.0
38,all,R17,IF (PointsAjust IS High) AND (TeamExp IS High) AND (Length IS Medium),Medium,0.0,0.05,4327.388487319241,216.36942436596206,6733.304111112362,0.7248427672955975,0.8,0.4545454545454545,8050.0
38,all,R18,IF (PointsAjust IS High) AND (TeamExp IS Medium) AND (Length IS Medium),High,0.0,0.05,7604.974933569629,380.24874667848144,6733.304111112362,0.7248427672955975,0.8,0.4545454545454545,8050.0
38,all,R19,IF (PointsAjust IS High) AND (TeamExp IS Low) AND (Length IS Medium),High,0.0,0.05,7604.974933569629,380.24874667848144,6733.304111112362,0.7248427672955975,0.8,0.4545454545454545,8050.0
38,all,R20,IF (PointsAjust IS High) AND (TeamExp IS Low) AND (Length IS High),Very_High,0.0,0.05,21106.007979481765,1055.3003989740882,6733.304111112362,0.7248427672955975,0.8,0.4545454545454545,8050.0
39,all,R1,IF (PointsAjust IS Low) AND (TeamExp IS High) AND (Length IS Low),Very_Low,0.0,0.0,8606.672199490959,0.0,5473.023418673458,0.6320754716981132,0.4,0.2424242424242424,4620.0
39,all,R2,IF (PointsAjust IS Low) AND (TeamExp IS High) AND (Length IS Medium),Low,0.0,0.0,1930.2904001858114,0.0,5473.023418673458,0.6320754716981132,0.4,0.2424242424242424,4620.0
39,all,R3,IF (PointsAjust IS Low) AND (TeamExp IS High) AND (Length IS High),Medium,0.0,0.0,3647.456756235441,0.0,5473.023418673458,0.6320754716981132,0.4,0.2424242424242424,4620.0
39,all,R4,IF (PointsAjust IS Low) AND (TeamExp IS Medium) AND (Length IS Low),Low,0.0,0.0,1930.2904001858114,0.0,5473.023418673458,0.6320754716981132,0.4,0.2424242424242424,4620.0
39,all,R5,IF (PointsAjust IS Low) AND (TeamExp IS Medium) AND (Length IS Medium),Medium,0.0,0.0,3647.456756235441,0.0,5473.023418673458,0.6320754716981132,0.4,0.2424242424242424,4620.0
39,all,R6,IF (PointsAjust IS Low) AND (TeamExp IS Medium) AND (Length IS High),Medium,0.0,0.0,3647.456756235441,0.0,5473.023418673458,0.6320754716981132,0.4,0.2424242424242424,4620.0
39,all,R7,IF (PointsAjust IS Low) AND (TeamExp IS Low) AND (Length IS Medium),Medium,0.0,0.0,3647.456756235441,0.0,5473.023418673458,0.6320754716981132,0.4,0.2424242424242424,4620.0
39,all,R8,IF (PointsAjust IS Low) AND (TeamExp IS Low) AND (Length IS High),High,0.0,0.0,5473.023418673459,0.0,5473.023418673458,0.6320754716981132,0.4,0.2424242424242424,4620.0
39,all,R9,IF (PointsAjust IS Medium) AND (TeamExp IS High) AND (Length IS Low),Low,0.0,0.0,1930.2904001858114,0.0,5473.023418673458,0.6320754716981132,0.4,0.2424242424242424,4620.0
39,all,R10,IF (PointsAjust IS Medium) AND (TeamExp IS High) AND (Length IS Medium),Medium,0.0,0.0,3647.456756235441,0.0,5473.023418673458,0.6320754716981132,0.4,0.2424242424242424,4620.0
39,all,R11,IF (PointsAjust IS Medium) AND (TeamExp IS High) AND (Length IS High),Medium,0.0,0.0,3647.456756235441,0.0,5473.023418673458,0.6320754716981132,0.4,0.2424242424242424,4620.0
39,all,R12,IF (PointsAjust IS Medium) AND (TeamExp IS Medium) AND (Length IS Low),Medium,0.0,0.0,3647.456756235441,0.0,5473.023418673458,0.6320754716981132,0.4,0.2424242424242424,4620.0
39,all,R13,IF (PointsAjust IS Medium) AND (TeamExp IS Medium) AND (Length IS Medium),Medium,0.0,0.0,3647.456756235441,0.0,5473.023418673458,0.6320754716981132,0.4,0.2424242424242424,4620.0
39,all,R14,IF (PointsAjust IS Medium) AND (TeamExp IS Medium) AND (Length IS High),High,0.0,0.0,5473.023418673459,0.0,5473.023418673458,0.6320754716981132,0.4,0.2424242424242424,4620.0
39,all,R15,IF (PointsAjust IS Medium) AND (TeamExp IS Low) AND (Length IS Medium),High,0.0,0.0,5473.023418673459,0.0,5473.023418673458,0.6320754716981132,0.4,0.2424242424242424,4620.0
39,all,R16,IF (PointsAjust IS Medium) AND (TeamExp IS Low) AND (Length IS High),High,0.0,0.0,5473.023418673459,0.0,5473.023418673458,0.6320754716981132,0.4,0.2424242424242424,4620.0
39,all,R17,IF (PointsAjust IS High) AND (TeamExp IS High) AND (Length IS Medium),Medium,0.0,0.0,3647.456756235441,0.0,5473.023418673458,0.6320754716981132,0.4,0.2424242424242424,4620.0
39,all,R18,IF (PointsAjust IS High) AND (TeamExp IS Medium) AND (Length IS Medium),High,0.0,0.0,5473.023418673459,0.0,5473.023418673458,0.6320754716981132,0.4,0.2424242424242424,4620.0
39,all,R19,IF (PointsAjust IS High) AND (TeamExp IS Low) AND (Length IS Medium),High,0.16413593637020965,1.0,5473.023418673459,5473.023418673459,5473.023418673458,0.6320754716981132,0.4,0.2424242424242424,4620.0
39,all,R20,IF (PointsAjust IS High) AND (TeamExp IS Low) AND (Length IS High),Very_High,0.0,0.0,16118.653773764807,0.0,5473.023418673458,0.6320754716981132,0.4,0.2424242424242424,4620.0
40,all,R1,IF (PointsAjust IS Low) AND (TeamExp IS High) AND (Length IS Low),Very_Low,0.0,0.05,11675.105862290706,583.7552931145353,6426.016372109047,1.0,0.6,1.0,2352.0
40,all,R2,IF (PointsAjust IS Low) AND (TeamExp IS High) AND (Length IS Medium),Low,0.0,0.05,4059.0829531282125,202.95414765641064,6426.016372109047,1.0,0.6,1.0,2352.0
40,all,R3,IF (PointsAjust IS Low) AND (TeamExp IS High) AND (Length IS High),Medium,0.0,0.05,3154.7860678164407,157.73930339082204,6426.016372109047,1.0,0.6,1.0,2352.0
40,all,R4,IF (PointsAjust IS Low) AND (TeamExp IS Medium) AND (Length IS Low),Low,0.0,0.05,4059.0829531282125,202.95414765641064,6426.016372109047,1.0,0.6,1.0,2352.0
40,all,R5,IF (PointsAjust IS Low) AND (TeamExp IS Medium) AND (Length IS Medium),Medium,0.0,0.05,3154.7860678164407,157.73930339082204,6426.016372109047,1.0,0.6,1.0,2352.0
40,all,R6,IF (PointsAjust IS Low) AND (TeamExp IS Medium) AND (Length IS High),Medium,0.0,0.05,3154.7860678164407,157.73930339082204,6426.016372109047,1.0,0.6,1.0,2352.0
40,all,R7,IF (PointsAjust IS Low) AND (TeamExp IS Low) AND (Length IS Medium),Medium,0.0,0.05,3154.7860678164407,157.73930339082204,6426.016372109047,1.0,0.6,1.0,2352.0
40,all,R8,IF (PointsAjust IS Low) AND (TeamExp IS Low) AND (Length IS High),High,0.0,0.05,9656.678527053518,482.8339263526759,6426.016372109047,1.0,0.6,1.0,2352.0
40,all,R9,IF (PointsAjust IS Medium) AND (TeamExp IS High) AND (Length IS Low),Low,0.0,0.05,4059.0829531282125,202.95414765641064,6426.016372109047,1.0,0.6,1.0,2352.0
40,all,R10,IF (PointsAjust IS Medium) AND (TeamExp IS High) AND (Length IS Medium),Medium,0.0,0.05,3154.7860678164407,157.73930339082204,6426.016372109047,1.0,0.6,1.0,2352.0
40,all,R11,IF (PointsAjust IS Medium) AND (TeamExp IS High) AND (Length IS High),Medium,0.0,0.05,3154.7860678164407,157.73930339082204,6426.016372109047,1.0,0.6,1.0,2352.0
40,all,R12,IF (PointsAjust IS Medium) AND (TeamExp IS Medium) AND (Length IS Low),Medium,0.0,0.05,3154.7860678164407,157.73930339082204,6426.016372109047,1.0,0.6,1.0,2352.0
40,all,R13,IF (PointsAjust IS Medium) AND (TeamExp IS Medium) AND (Length IS Medium),Medium,0.0,0.05,3154.7860678164407,157.73930339082204,6426.016372109047,1.0,0.6,1.0,2352.0
40,all,R14,IF (PointsAjust IS Medium) AND (TeamExp IS Medium) AND (Length IS High),High,0.0,0.05,9656.678527053518,482.8339263526759,6426.016372109047,1.0,0.6,1.0,2352.0
40,all,R15,IF (PointsAjust IS Medium) AND (TeamExp IS Low) AND (Length IS Medium),High,0.0,0.05,9656.678527053518,482.8339263526759,6426.016372109047,1.0,0.6,1.0,2352.0
40,all,R16,IF (PointsAjust IS Medium) AND (TeamExp IS Low) AND (Length IS High),High,0.0,0.05,9656.678527053518,482.8339263526759,6426.016372109047,1.0,0.6,1.0,2352.0
40,all,R17,IF (PointsAjust IS High) AND (TeamExp IS High) AND (Length IS Medium),Medium,0.0,0.05,3154.7860678164407,157.73930339082204,6426.016372109047,1.0,0.6,1.0,2352.0
40,all,R18,IF (PointsAjust IS High) AND (TeamExp IS Medium) AND (Length IS Medium),High,0.0,0.05,9656.678527053518,482.8339263526759,6426.016372109047,1.0,0.6,1.0,2352.0
40,all,R19,IF (PointsAjust IS High) AND (TeamExp IS Low) AND (Length IS Medium),High,0.0,0.05,9656.678527053518,482.8339263526759,6426.016372109047,1.0,0.6,1.0,2352.0
40,all,R20,IF (PointsAjust IS High) AND (TeamExp IS Low) AND (Length IS High),Very_High,0.0,0.05,18334.826947836533,916.7413473918267,6426.016372109047,1.0,0.6,1.0,2352.0
41,all,R1,IF (PointsAjust IS Low) AND (TeamExp IS High) AND (Length IS Low),Very_Low,0.0,0.0,3284.1169932910166,0.0,2465.5351303990874,0.0691823899371069,0.4,0.2727272727272727,2174.0
41,all,R2,IF (PointsAjust IS Low) AND (TeamExp IS High) AND (Length IS Medium),Low,0.0,0.0,-4916.6308058880895,-0.0,2465.5351303990874,0.0691823899371069,0.4,0.2727272727272727,2174.0
41,all,R3,IF (PointsAjust IS Low) AND (TeamExp IS High) AND (Length IS High),Medium,0.0,0.0,2413.5430375273645,0.0,2465.5351303990874,0.0691823899371069,0.4,0.2727272727272727,2174.0
41,all,R4,IF (PointsAjust IS Low) AND (TeamExp IS Medium) AND (Length IS Low),Low,0.0,0.0,-4916.6308058880895,-0.0,2465.5351303990874,0.0691823899371069,0.4,0.2727272727272727,2174.0
41,all,R5,IF (PointsAjust IS Low) AND (TeamExp IS Medium) AND (Length IS Medium),Medium,0.0,0.0,2413.5430375273645,0.0,2465.5351303990874,0.0691823899371069,0.4,0.2727272727272727,2174.0
41,all,R6,IF (PointsAjust IS Low) AND (TeamExp IS Medium) AND (Length IS High),Medium,0.0,0.0,2413.5430375273645,0.0,2465.5351303990874,0.0691823899371069,0.4,0.2727272727272727,2174.0
41,all,R7,IF (PointsAjust IS Low) AND (TeamExp IS Low) AND (Length IS Medium),Medium,0.1871428571428571,0.949367088607595,2413.5430375273645,2291.3383267664854,2465.5351303990874,0.0691823899371069,0.4,0.2727272727272727,2174.0
41,all,R8,IF (PointsAjust IS Low) AND (TeamExp IS Low) AND (Length IS High),High,0.00998095238095238,0.05063291139240507,3440.386871743891,174.1968036326021,2465.5351303990874,0.0691823899371069,0.4,0.2727272727272727,2174.0
41,all,R9,IF (PointsAjust IS Medium) AND (TeamExp IS High) AND (Length IS Low),Low,0.0,0.0,-4916.6308058880895,-0.0,2465.5351303990874,0.0691823899371069,0.4,0.2727272727272727,2174.0
41,all,R10,IF (PointsAjust IS Medium) AND (TeamExp IS High) AND (Length IS Medium),Medium,0.0,0.0,2413.5430375273645,0.0,2465.5351303990874,0.0691823899371069,0.4,0.2727272727272727,2174.0
41,all,R11,IF (PointsAjust IS Medium) AND (TeamExp IS High) AND (Length IS High),Medium,0.0,0.0,2413.5430375273645,0.0,2465.5351303990874,0.0691823899371069,0.4,0.2727272727272727,2174.0
41,all,R12,IF (PointsAjust IS Medium) AND (TeamExp IS Medium) AND (Length IS Low),Medium,0.0,0.0,2413.5430375273645,0.0,2465.5351303990874,0.0691823899371069,0.4,0.2727272727272727,2174.0
41,all,R13,IF (PointsAjust IS Medium) AND (TeamExp IS Medium) AND (Length IS Medium),Medium,0.0,0.0,2413.5430375273645,0.0,2465.5351303990874,0.0691823899371069,0.4,0.2727272727272727,2174.0
41,all,R14,IF (PointsAjust IS Medium) AND (TeamExp IS Medium) AND (Length IS High),High,0.0,0.0,3440.386871743891,0.0,2465.5351303990874,0.0691823899371069,0.4,0.2727272727272727,2174.0
41,all,R15,IF (PointsAjust IS Medium) AND (TeamExp IS Low) AND (Length IS Medium),High,0.0,0.0,3440.386871743891,0.0,2465.5351303990874,0.0691823899371069,0.4,0.2727272727272727,2174.0
41,all,R16,IF (PointsAjust IS Medium) AND (TeamExp IS Low) AND (Length IS High),High,0.0,0.0,3440.386871743891,0.0,2465.5351303990874,0.0691823899371069,0.4,0.2727272727272727,2174.0
41,all,R17,IF (PointsAjust IS High) AND (TeamExp IS High) AND (Length IS Medium),Medium,0.0,0.0,2413.5430375273645,0.0,2465.5351303990874,0.0691823899371069,0.4,0.2727272727272727,2174.0
41,all,R18,IF (PointsAjust IS High) AND (TeamExp IS Medium) AND (Length IS Medium),High,0.0,0.0,3440.386871743891,0.0,2465.5351303990874,0.0691823899371069,0.4,0.2727272727272727,2174.0
41,all,R19,IF (PointsAjust IS High) AND (TeamExp IS Low) AND (Length IS Medium),High,0.0,0.0,3440.386871743891,0.0,2465.5351303990874,0.0691823899371069,0.4,0.2727272727272727,2174.0
41,all,R20,IF (PointsAjust IS High) AND (TeamExp IS Low) AND (Length IS High),Very_High,0.0,0.0,12671.67866000197,0.0,2465.5351303990874,0.0691823899371069,0.4,0.2727272727272727,2174.0
42,all,R1,IF (PointsAjust IS Low) AND (TeamExp IS High) AND (Length IS Low),Very_Low,0.0,0.0,5737.950879171621,0.0,5927.407764103104,0.3867924528301887,0.6,0.5151515151515151,6699.0
42,all,R2,IF (PointsAjust IS Low) AND (TeamExp IS High) AND (Length IS Medium),Low,0.0,0.0,-98.4447417448082,-0.0,5927.407764103104,0.3867924528301887,0.6,0.5151515151515151,6699.0
42,all,R3,IF (PointsAjust IS Low) AND (TeamExp IS High) AND (Length IS High),Medium,0.0,0.0,3001.0266035853947,0.0,5927.407764103104,0.3867924528301887,0.6,0.5151515151515151,6699.0
42,all,R4,IF (PointsAjust IS Low) AND (TeamExp IS Medium) AND (Length IS Low),Low,0.0,0.0,-98.4447417448082,-0.0,5927.407764103104,0.3867924528301887,0.6,0.5151515151515151,6699.0
42,all,R5,IF (PointsAjust IS Low) AND (TeamExp IS Medium) AND (Length IS Medium),Medium,0.0,0.0,3001.0266035853947,0.0,5927.407764103104,0.3867924528301887,0.6,0.5151515151515151,6699.0
42,all,R6,IF (PointsAjust IS Low) AND (TeamExp IS Medium) AND (Length IS High),Medium,0.0,0.0,3001.0266035853947,0.0,5927.407764103104,0.3867924528301887,0.6,0.5151515151515151,6699.0
42,all,R7,IF (PointsAjust IS Low) AND (TeamExp IS Low) AND (Length IS Medium),Medium,0.0,0.0,3001.0266035853947,0.0,5927.407764103104,0.3867924528301887,0.6,0.5151515151515151,6699.0
42,all,R8,IF (PointsAjust IS Low) AND (TeamExp IS Low) AND (Length IS High),High,0.0,0.0,5927.407764103104,0.0,5927.407764103104,0.3867924528301887,0.6,0.5151515151515151,6699.0
42,all,R9,IF (PointsAjust IS Medium) AND (TeamExp IS High) AND (Length IS Low),Low,0.0,0.0,-98.4447417448082,-0.0,5927.407764103104,0.3867924528301887,0.6,0.5151515151515151,6699.0
42,all,R10,IF (PointsAjust IS Medium) AND (TeamExp IS High) AND (Length IS Medium),Medium,0.0,0.0,3001.0266035853947,0.0,5927.407764103104,0.3867924528301887,0.6,0.5151515151515151,6699.0
42,all,R11,IF (PointsAjust IS Medium) AND (TeamExp IS High) AND (Length IS High),Medium,0.0,0.0,3001.0266035853947,0.0,5927.407764103104,0.3867924528301887,0.6,0.5151515151515151,6699.0
42,all,R12,IF (PointsAjust IS Medium) AND (TeamExp IS Medium) AND (Length IS Low),Medium,0.0,0.0,3001.0266035853947,0.0,5927.407764103104,0.3867924528301887,0.6,0.5151515151515151,6699.0
42,all,R13,IF (PointsAjust IS Medium) AND (TeamExp IS Medium) AND (Length IS Medium),Medium,0.0,0.0,3001.0266035853947,0.0,5927.407764103104,0.3867924528301887,0.6,0.5151515151515151,6699.0
42,all,R14,IF (PointsAjust IS Medium) AND (TeamExp IS Medium) AND (Length IS High),High,0.032307692307692294,1.0,5927.407764103104,5927.407764103104,5927.407764103104,0.3867924528301887,0.6,0.5151515151515151,6699.0
42,all,R15,IF (PointsAjust IS Medium) AND (TeamExp IS Low) AND (Length IS Medium),High,0.0,0.0,5927.407764103104,0.0,5927.407764103104,0.3867924528301887,0.6,0.5151515151515151,6699.0
42,all,R16,IF (PointsAjust IS Medium) AND (TeamExp IS Low) AND (Length IS High),High,0.0,0.0,5927.407764103104,0.0,5927.407764103104,0.3867924528301887,0.6,0.5151515151515151,6699.0
42,all,R17,IF (PointsAjust IS High) AND (TeamExp IS High) AND (Length IS Medium),Medium,0.0,0.0,3001.0266035853947,0.0,5927.407764103104,0.3867924528301887,0.6,0.5151515151515151,6699.0
42,all,R18,IF (PointsAjust IS High) AND (TeamExp IS Medium) AND (Length IS Medium),High,0.0,0.0,5927.407764103104,0.0,5927.407764103104,0.3867924528301887,0.6,0.5151515151515151,6699.0
42,all,R19,IF (PointsAjust IS High) AND (TeamExp IS Low) AND (Length IS Medium),High,0.0,0.0,5927.407764103104,0.0,5927.407764103104,0.3867924528301887,0.6,0.5151515151515151,6699.0
42,all,R20,IF (PointsAjust IS High) AND (TeamExp IS Low) AND (Length IS High),Very_High,0.0,0.0,16319.18248534814,0.0,5927.407764103104,0.3867924528301887,0.6,0.5151515151515151,6699.0
43,all,R1,IF (PointsAjust IS Low) AND (TeamExp IS High) AND (Length IS Low),Very_Low,0.0,0.0,4667.190312521864,0.0,3422.062089367198,0.2814465408805031,0.6,0.2424242424242424,4004.0
43,all,R2,IF (PointsAjust IS Low) AND (TeamExp IS High) AND (Length IS Medium),Low,0.0,0.0,394.9657374920007,0.0,3422.062089367198,0.2814465408805031,0.6,0.2424242424242424,4004.0
43,all,R3,IF (PointsAjust IS Low) AND (TeamExp IS High) AND (Length IS High),Medium,0.0,0.0,3410.076418615532,0.0,3422.062089367198,0.2814465408805031,0.6,0.2424242424242424,4004.0
43,all,R4,IF (PointsAjust IS Low) AND (TeamExp IS Medium) AND (Length IS Low),Low,0.0,0.0,394.9657374920007,0.0,3422.062089367198,0.2814465408805031,0.6,0.2424242424242424,4004.0
43,all,R5,IF (PointsAjust IS Low) AND (TeamExp IS Medium) AND (Length IS Medium),Medium,0.0,0.0,3410.076418615532,0.0,3422.062089367198,0.2814465408805031,0.6,0.2424242424242424,4004.0
43,all,R6,IF (PointsAjust IS Low) AND (TeamExp IS Medium) AND (Length IS High),Medium,0.0,0.0,3410.076418615532,0.0,3422.062089367198,0.2814465408805031,0.6,0.2424242424242424,4004.0
43,all,R7,IF (PointsAjust IS Low) AND (TeamExp IS Low) AND (Length IS Medium),Medium,0.0,0.0,3410.076418615532,0.0,3422.062089367198,0.2814465408805031,0.6,0.2424242424242424,4004.0
43,all,R8,IF (PointsAjust IS Low) AND (TeamExp IS Low) AND (Length IS High),High,0.0,0.0,4732.572256105453,0.0,3422.062089367198,0.2814465408805031,0.6,0.2424242424242424,4004.0
43,all,R9,IF (PointsAjust IS Medium) AND (TeamExp IS High) AND (Length IS Low),Low,0.0,0.0,394.9657374920007,0.0,3422.062089367198,0.2814465408805031,0.6,0.2424242424242424,4004.0
43,all,R10,IF (PointsAjust IS Medium) AND (TeamExp IS High) AND (Length IS Medium),Medium,0.0,0.0,3410.076418615532,0.0,3422.062089367198,0.2814465408805031,0.6,0.2424242424242424,4004.0
43,all,R11,IF (PointsAjust IS Medium) AND (TeamExp IS High) AND (Length IS High),Medium,0.0,0.0,3410.076418615532,0.0,3422.062089367198,0.2814465408805031,0.6,0.2424242424242424,4004.0
43,all,R12,IF (PointsAjust IS Medium) AND (TeamExp IS Medium) AND (Length IS Low),Medium,0.0,0.0,3410.076418615532,0.0,3422.062089367198,0.2814465408805031,0.6,0.2424242424242424,4004.0
43,all,R13,IF (PointsAjust IS Medium) AND (TeamExp IS Medium) AND (Length IS Medium),Medium,0.9487179487179492,0.9909370824376925,3410.076418615532,3379.1711771524506,3422.062089367198,0.2814465408805031,0.6,0.2424242424242424,4004.0
43,all,R14,IF (PointsAjust IS Medium) AND (TeamExp IS Medium) AND (Length IS High),High,0.0,0.0,4732.572256105453,0.0,3422.062089367198,0.2814465408805031,0.6,0.2424242424242424,4004.0
43,all,R15,IF (PointsAjust IS Medium) AND (TeamExp IS Low) AND (Length IS Medium),High,0.0,0.0,4732.572256105453,0.0,3422.062089367198,0.2814465408805031,0.6,0.2424242424242424,4004.0
43,all,R16,IF (PointsAjust IS Medium) AND (TeamExp IS Low) AND (Length IS High),High,0.0,0.0,4732.572256105453,0.0,3422.062089367198,0.2814465408805031,0.6,0.2424242424242424,4004.0
43,all,R17,IF (PointsAjust IS High) AND (TeamExp IS High) AND (Length IS Medium),Medium,0.0,0.0,3410.076418615532,0.0,3422.062089367198,0.2814465408805031,0.6,0.2424242424242424,4004.0
43,all,R18,IF (PointsAjust IS High) AND (TeamExp IS Medium) AND (Length IS Medium),High,0.008676789587852417,0.009062917562307473,4732.572256105453,42.89091221474721,3422.062089367198,0.2814465408805031,0.6,0.2424242424242424,4004.0
43,all,R19,IF (PointsAjust IS High) AND (TeamExp IS Low) AND (Length IS Medium),High,0.0,0.0,4732.572256105453,0.0,3422.062089367198,0.2814465408805031,0.6,0.2424242424242424,4004.0
43,all,R20,IF (PointsAjust IS High) AND (TeamExp IS Low) AND (Length IS High),Very_High,0.0,0.0,16609.190770773028,0.0,3422.062089367198,0.2814465408805031,0.6,0.2424242424242424,4004.0
44,all,R1,IF (PointsAjust IS Low) AND (TeamExp IS High) AND (Length IS Low),Very_Low,0.0,0.0,2604.222964287382,0.0,2240.2654357766482,0.0644654088050314,0.6,0.2121212121212121,2331.0
44,all,R2,IF (PointsAjust IS Low) AND (TeamExp IS High) AND (Length IS Medium),Low,0.0,0.0,-1976.6976311414346,-0.0,2240.2654357766482,0.0644654088050314,0.6,0.2121212121212121,2331.0
44,all,R3,IF (PointsAjust IS Low) AND (TeamExp IS High) AND (Length IS High),Medium,0.0,0.0,3030.946010823789,0.0,2240.2654357766482,0.0644654088050314,0.6,0.2121212121212121,2331.0
44,all,R4,IF (PointsAjust IS Low) AND (TeamExp IS Medium) AND (Length IS Low),Low,0.09571428571428577,0.15789473684210534,-1976.6976311414346,-312.11015228548985,2240.2654357766482,0.0644654088050314,0.6,0.2121212121212121,2331.0
44,all,R5,IF (PointsAjust IS Low) AND (TeamExp IS Medium) AND (Length IS Medium),Medium,0.5104761904761905,0.8421052631578947,3030.946010823789,2552.375588062138,2240.2654357766482,0.0644654088050314,0.6,0.2121212121212121,2331.0
44,all,R6,IF (PointsAjust IS Low) AND (TeamExp IS Medium) AND (Length IS High),Medium,0.0,0.0,3030.946010823789,0.0,2240.2654357766482,0.0644654088050314,0.6,0.2121212121212121,2331.0
44,all,R7,IF (PointsAjust IS Low) AND (TeamExp IS Low) AND (Length IS Medium),Medium,0.0,0.0,3030.946010823789,0.0,2240.2654357766482,0.0644654088050314,0.6,0.2121212121212121,2331.0
44,all,R8,IF (PointsAjust IS Low) AND (TeamExp IS Low) AND (Length IS High),High,0.0,0.0,3826.221889851553,0.0,2240.2654357766482,0.0644654088050314,0.6,0.2121212121212121,2331.0
44,all,R9,IF (PointsAjust IS Medium) AND (TeamExp IS High) AND (Length IS Low),Low,0.0,0.0,-1976.6976311414346,-0.0,2240.2654357766482,0.0644654088050314,0.6,0.2121212121212121,2331.0
44,all,R10,IF (PointsAjust IS Medium) AND (TeamExp IS High) AND (Length IS Medium),Medium,0.0,0.0,3030.946010823789,0.0,2240.2654357766482,0.0644654088050314,0.6,0.2121212121212121,2331.0
44,all,R11,IF (PointsAjust IS Medium) AND (TeamExp IS High) AND (Length IS High),Medium,0.0,0.0,3030.946010823789,0.0,2240.2654357766482,0.0644654088050314,0.6,0.2121212121212121,2331.0
44,all,R12,IF (PointsAjust IS Medium) AND (TeamExp IS Medium) AND (Length IS Low),Medium,0.0,0.0,3030.946010823789,0.0,2240.2654357766482,0.0644654088050314,0.6,0.2121212121212121,2331.0
44,all,R13,IF (PointsAjust IS Medium) AND (TeamExp IS Medium) AND (Length IS Medium),Medium,0.0,0.0,3030.946010823789,0.0,2240.2654357766482,0.0644654088050314,0.6,0.2121212121212121,2331.0
44,all,R14,IF (PointsAjust IS Medium) AND (TeamExp IS Medium) AND (Length IS High),High,0.0,0.0,3826.221889851553,0.0,2240.2654357766482,0.0644654088050314,0.6,0.2121212121212121,2331.0
44,all,R15,IF (PointsAjust IS Medium) AND (TeamExp IS Low) AND (Length IS Medium),High,0.0,0.0,3826.221889851553,0.0,2240.2654357766482,0.0644654088050314,0.6,0.2121212121212121,2331.0
44,all,R16,IF (PointsAjust IS Medium) AND (TeamExp IS Low) AND (Length IS High),High,0.0,0.0,3826.221889851553,0.0,2240.2654357766482,0.0644654088050314,0.6,0.2121212121212121,2331.0
44,all,R17,IF (PointsAjust IS High) AND (TeamExp IS High) AND (Length IS Medium),Medium,0.0,0.0,3030.946010823789,0.0,2240.2654357766482,0.0644654088050314,0.6,0.2121212121212121,2331.0
44,all,R18,IF (PointsAjust IS High) AND (TeamExp IS Medium) AND (Length IS Medium),High,0.0,0.0,3826.221889851553,0.0,2240.2654357766482,0.0644654088050314,0.6,0.2121212121212121,2331.0
44,all,R19,IF (PointsAjust IS High) AND (TeamExp IS Low) AND (Length IS Medium),High,0.0,0.0,3826.221889851553,0.0,2240.2654357766482,0.0644654088050314,0.6,0.2121212121212121,2331.0
44,all,R20,IF (PointsAjust IS High) AND (TeamExp IS Low) AND (Length IS High),Very_High,0.0,0.0,15421.48884036847,0.0,2240.2654357766482,0.0644654088050314,0.6,0.2121212121212121,2331.0
45,all,R1,IF (PointsAjust IS Low) AND (TeamExp IS High) AND (Length IS Low),Very_Low,0.0,0.0,3318.5973861809753,0.0,3205.302214821986,0.2044025157232704,0.8,0.2424242424242424,5817.0
45,all,R2,IF (PointsAjust IS Low) AND (TeamExp IS High) AND (Length IS Medium),Low,0.12857142857142867,0.32417378388414425,2093.580018344719,678.6837564110438,3205.302214821986,0.2044025157232704,0.8,0.2424242424242424,5817.0
45,all,R3,IF (PointsAjust IS Low) AND (TeamExp IS High) AND (Length IS High),Medium,0.0,0.0,3738.56236730806,0.0,3205.302214821986,0.2044025157232704,0.8,0.2424242424242424,5817.0
45,all,R4,IF (PointsAjust IS Low) AND (TeamExp IS Medium) AND (Length IS Low),Low,0.0,0.0,2093.580018344719,0.0,3205.302214821986,0.2044025157232704,0.8,0.2424242424242424,5817.0
45,all,R5,IF (PointsAjust IS Low) AND (TeamExp IS Medium) AND (Length IS Medium),Medium,0.0,0.0,3738.56236730806,0.0,3205.302214821986,0.2044025157232704,0.8,0.2424242424242424,5817.0
45,all,R6,IF (PointsAjust IS Low) AND (TeamExp IS Medium) AND (Length IS High),Medium,0.0,0.0,3738.56236730806,0.0,3205.302214821986,0.2044025157232704,0.8,0.2424242424242424,5817.0
45,all,R7,IF (PointsAjust IS Low) AND (TeamExp IS Low) AND (Length IS Medium),Medium,0.0,0.0,3738.56236730806,0.0,3205.302214821986,0.2044025157232704,0.8,0.2424242424242424,5817.0
45,all,R8,IF (PointsAjust IS Low) AND (TeamExp IS Low) AND (Length IS High),High,0.0,0.0,5023.136663888099,0.0,3205.302214821986,0.2044025157232704,0.8,0.2424242424242424,5817.0
45,all,R9,IF (PointsAjust IS Medium) AND (TeamExp IS High) AND (Length IS Low),Low,0.0,0.0,2093.580018344719,0.0,3205.302214821986,0.2044025157232704,0.8,0.2424242424242424,5817.0
45,all,R10,IF (PointsAjust IS Medium) AND (TeamExp IS High) AND (Length IS Medium),Medium,0.26804123711340205,0.6758262161158557,3738.56236730806,2526.618458410942,3205.302214821986,0.2044025157232704,0.8,0.2424242424242424,5817.0
45,all,R11,IF (PointsAjust IS Medium) AND (TeamExp IS High) AND (Length IS High),Medium,0.0,0.0,3738.56236730806,0.0,3205.302214821986,0.2044025157232704,0.8,0.2424242424242424,5817.0
45,all,R12,IF (PointsAjust IS Medium) AND (TeamExp IS Medium) AND (Length IS Low),Medium,0.0,0.0,3738.56236730806,0.0,3205.302214821986,0.2044025157232704,0.8,0.2424242424242424,5817.0
45,all,R13,IF (PointsAjust IS Medium) AND (TeamExp IS Medium) AND (Length IS Medium),Medium,0.0,0.0,3738.56236730806,0.0,3205.302214821986,0.2044025157232704,0.8,0.2424242424242424,5817.0
45,all,R14,IF (PointsAjust IS Medium) AND (TeamExp IS Medium) AND (Length IS High),High,0.0,0.0,5023.136663888099,0.0,3205.302214821986,0.2044025157232704,0.8,0.2424242424242424,5817.0
45,all,R15,IF (PointsAjust IS Medium) AND (TeamExp IS Low) AND (Length IS Medium),High,0.0,0.0,5023.136663888099,0.0,3205.302214821986,0.2044025157232704,0.8,0.2424242424242424,5817.0
45,all,R16,IF (PointsAjust IS Medium) AND (TeamExp IS Low) AND (Length IS High),High,0.0,0.0,5023.136663888099,0.0,3205.302214821986,0.2044025157232704,0.8,0.2424242424242424,5817.0
45,all,R17,IF (PointsAjust IS High) AND (TeamExp IS High) AND (Length IS Medium),Medium,0.0,0.0,3738.56236730806,0.0,3205.302214821986,0.2044025157232704,0.8,0.2424242424242424,5817.0
45,all,R18,IF (PointsAjust IS High) AND (TeamExp IS Medium) AND (Length IS Medium),High,0.0,0.0,5023.136663888099,0.0,3205.302214821986,0.2044025157232704,0.8,0.2424242424242424,5817.0
45,all,R19,IF (PointsAjust IS High) AND (TeamExp IS Low) AND (Length IS Medium),High,0.0,0.0,5023.136663888099,0.0,3205.302214821986,0.2044025157232704,0.8,0.2424242424242424,5817.0
45,all,R20,IF (PointsAjust IS High) AND (TeamExp IS Low) AND (Length IS High),Very_High,0.0,0.0,18725.602376017396,0.0,3205.302214821986,0.2044025157232704,0.8,0.2424242424242424,5817.0
46,all,R1,IF (PointsAjust IS Low) AND (TeamExp IS High) AND (Length IS Low),Very_Low,0.0,0.0,3385.277406167769,0.0,1986.5203941013294,0.1477987421383647,0.6,0.1818181818181818,2989.0
46,all,R2,IF (PointsAjust IS Low) AND (TeamExp IS High) AND (Length IS Medium),Low,0.0,0.0,-798.462504272653,-0.0,1986.5203941013294,0.1477987421383647,0.6,0.1818181818181818,2989.0
46,all,R3,IF (PointsAjust IS Low) AND (TeamExp IS High) AND (Length IS High),Medium,0.0,0.0,3272.967675938227,0.0,1986.5203941013294,0.1477987421383647,0.6,0.1818181818181818,2989.0
46,all,R4,IF (PointsAjust IS Low) AND (TeamExp IS Medium) AND (Length IS Low),Low,0.11571428571428582,0.3159693829676003,-798.462504272653,-252.28970479779508,1986.5203941013294,0.1477987421383647,0.6,0.1818181818181818,2989.0
46,all,R5,IF (PointsAjust IS Low) AND (TeamExp IS Medium) AND (Length IS Medium),Medium,0.1542857142857144,0.42129251062346695,3272.967675938227,1378.8767693854693,1986.5203941013294,0.1477987421383647,0.6,0.1818181818181818,2989.0
46,all,R6,IF (PointsAjust IS Low) AND (TeamExp IS Medium) AND (Length IS High),Medium,0.0,0.0,3272.967675938227,0.0,1986.5203941013294,0.1477987421383647,0.6,0.1818181818181818,2989.0
46,all,R7,IF (PointsAjust IS Low) AND (TeamExp IS Low) AND (Length IS Medium),Medium,0.0,0.0,3272.967675938227,0.0,1986.5203941013294,0.1477987421383647,0.6,0.1818181818181818,2989.0
46,all,R8,IF (PointsAjust IS Low) AND (TeamExp IS Low) AND (Length IS High),High,0.0,0.0,4051.6185002469315,0.0,1986.5203941013294,0.1477987421383647,0.6,0.1818181818181818,2989.0
46,all,R9,IF (PointsAjust IS Medium) AND (TeamExp IS High) AND (Length IS Low),Low,0.0,0.0,-798.462504272653,-0.0,1986.5203941013294,0.1477987421383647,0.6,0.1818181818181818,2989.0
46,all,R10,IF (PointsAjust IS Medium) AND (TeamExp IS High) AND (Length IS Medium),Medium,0.0,0.0,3272.967675938227,0.0,1986.5203941013294,0.1477987421383647,0.6,0.1818181818181818,2989.0
46,all,R11,IF (PointsAjust IS Medium) AND (TeamExp IS High) AND (Length IS High),Medium,0.0,0.0,3272.967675938227,0.0,1986.5203941013294,0.1477987421383647,0.6,0.1818181818181818,2989.0
46,all,R12,IF (PointsAjust IS Medium) AND (TeamExp IS Medium) AND (Length IS Low),Medium,0.04123711340206181,0.11260204560382832,3272.967675938227,368.54285550585223,1986.5203941013294,0.1477987421383647,0.6,0.1818181818181818,2989.0
46,all,R13,IF (PointsAjust IS Medium) AND (TeamExp IS Medium) AND (Length IS Medium),Medium,0.05498281786941574,0.1501360608051044,3272.967675938227,491.3904740078028,1986.5203941013294,0.1477987421383647,0.6,0.1818181818181818,2989.0
46,all,R14,IF (PointsAjust IS Medium) AND (TeamExp IS Medium) AND (Length IS High),High,0.0,0.0,4051.6185002469315,0.0,1986.5203941013294,0.1477987421383647,0.6,0.1818181818181818,2989.0
46,all,R15,IF (PointsAjust IS Medium) AND (TeamExp IS Low) AND (Length IS Medium),High,0.0,0.0,4051.6185002469315,0.0,1986.5203941013294,0.1477987421383647,0.6,0.1818181818181818,2989.0
46,all,R16,IF (PointsAjust IS Medium) AND (TeamExp IS Low) AND (Length IS High),High,0.0,0.0,4051.6185002469315,0.0,1986.5203941013294,0.1477987421383647,0.6,0.1818181818181818,2989.0
46,all,R17,IF (PointsAjust IS High) AND (TeamExp IS High) AND (Length IS Medium),Medium,0.0,0.0,3272.967675938227,0.0,1986.5203941013294,0.1477987421383647,0.6,0.1818181818181818,2989.0
46,all,R18,IF (PointsAjust IS High) AND (TeamExp IS Medium) AND (Length IS Medium),High,0.0,0.0,4051.6185002469315,0.0,1986.5203941013294,0.1477987421383647,0.6,0.1818181818181818,2989.0
46,all,R19,IF (PointsAjust IS High) AND (TeamExp IS Low) AND (Length IS Medium),High,0.0,0.0,4051.6185002469315,0.0,1986.5203941013294,0.1477987421383647,0.6,0.1818181818181818,2989.0
46,all,R20,IF (PointsAjust IS High) AND (TeamExp IS Low) AND (Length IS High),Very_High,0.0,0.0,16018.511336246116,0.0,1986.5203941013294,0.1477987421383647,0.6,0.1818181818181818,2989.0
47,all,R1,IF (PointsAjust IS Low) AND (TeamExp IS High) AND (Length IS Low),Very_Low,0.11357142857142864,1.0,2385.9240949359,2385.9240949359,2385.9240949359,0.1084905660377358,0.8,0.1515151515151515,3136.0
47,all,R2,IF (PointsAjust IS Low) AND (TeamExp IS High) AND (Length IS Medium),Low,0.0,0.0,1539.3970795244277,0.0,2385.9240949359,0.1084905660377358,0.8,0.1515151515151515,3136.0
47,all,R3,IF (PointsAjust IS Low) AND (TeamExp IS High) AND (Length IS High),Medium,0.0,0.0,3749.1642420264534,0.0,2385.9240949359,0.1084905660377358,0.8,0.1515151515151515,3136.0
47,all,R4,IF (PointsAjust IS Low) AND (TeamExp IS Medium) AND (Length IS Low),Low,0.0,0.0,1539.3970795244277,0.0,2385.9240949359,0.1084905660377358,0.8,0.1515151515151515,3136.0
47,all,R5,IF (PointsAjust IS Low) AND (TeamExp IS Medium) AND (Length IS Medium),Medium,0.0,0.0,3749.1642420264534,0.0,2385.9240949359,0.1084905660377358,0.8,0.1515151515151515,3136.0
47,all,R6,IF (PointsAjust IS Low) AND (TeamExp IS Medium) AND (Length IS High),Medium,0.0,0.0,3749.1642420264534,0.0,2385.9240949359,0.1084905660377358,0.8,0.1515151515151515,3136.0
47,all,R7,IF (PointsAjust IS Low) AND (TeamExp IS Low) AND (Length IS Medium),Medium,0.0,0.0,3749.1642420264534,0.0,2385.9240949359,0.1084905660377358,0.8,0.1515151515151515,3136.0
47,all,R8,IF (PointsAjust IS Low) AND (TeamExp IS Low) AND (Length IS High),High,0.0,0.0,4395.743590033182,0.0,2385.9240949359,0.1084905660377358,0.8,0.1515151515151515,3136.0
47,all,R9,IF (PointsAjust IS Medium) AND (TeamExp IS High) AND (Length IS Low),Low,0.0,0.0,1539.3970795244277,0.0,2385.9240949359,0.1084905660377358,0.8,0.1515151515151515,3136.0
47,all,R10,IF (PointsAjust IS Medium) AND (TeamExp IS High) AND (Length IS Medium),Medium,0.0,0.0,3749.1642420264534,0.0,2385.9240949359,0.1084905660377358,0.8,0.1515151515151515,3136.0
47,all,R11,IF (PointsAjust IS Medium) AND (TeamExp IS High) AND (Length IS High),Medium,0.0,0.0,3749.1642420264534,0.0,2385.9240949359,0.1084905660377358,0.8,0.1515151515151515,3136.0
47,all,R12,IF (PointsAjust IS Medium) AND (TeamExp IS Medium) AND (Length IS Low),Medium,0.0,0.0,3749.1642420264534,0.0,2385.9240949359,0.1084905660377358,0.8,0.1515151515151515,3136.0
47,all,R13,IF (PointsAjust IS Medium) AND (TeamExp IS Medium) AND (Length IS Medium),Medium,0.0,0.0,3749.1642420264534,0.0,2385.9240949359,0.1084905660377358,0.8,0.1515151515151515,3136.0
47,all,R14,IF (PointsAjust IS Medium) AND (TeamExp IS Medium) AND (Length IS High),High,0.0,0.0,4395.743590033182,0.0,2385.9240949359,0.1084905660377358,0.8,0.1515151515151515,3136.0
47,all,R15,IF (PointsAjust IS Medium) AND (TeamExp IS Low) AND (Length IS Medium),High,0.0,0.0,4395.743590033182,0.0,2385.9240949359,0.1084905660377358,0.8,0.1515151515151515,3136.0
47,all,R16,IF (PointsAjust IS Medium) AND (TeamExp IS Low) AND (Length IS High),High,0.0,0.0,4395.743590033182,0.0,2385.9240949359,0.1084905660377358,0.8,0.1515151515151515,3136.0
47,all,R17,IF (PointsAjust IS High) AND (TeamExp IS High) AND (Length IS Medium),Medium,0.0,0.0,3749.1642420264534,0.0,2385.9240949359,0.1084905660377358,0.8,0.1515151515151515,3136.0
47,all,R18,IF (PointsAjust IS High) AND (TeamExp IS Medium) AND (Length IS Medium),High,0.0,0.0,4395.743590033182,0.0,2385.9240949359,0.1084905660377358,0.8,0.1515151515151515,3136.0
47,all,R19,IF (PointsAjust IS High) AND (TeamExp IS Low) AND (Length IS Medium),High,0.0,0.0,4395.743590033182,0.0,2385.9240949359,0.1084905660377358,0.8,0.1515151515151515,3136.0
47,all,R20,IF (PointsAjust IS High) AND (TeamExp IS Low) AND (Length IS High),Very_High,0.0,0.0,18460.966335995436,0.0,2385.9240949359,0.1084905660377358,0.8,0.1515151515151515,3136.0
48,all,R1,IF (PointsAjust IS Low) AND (TeamExp IS High) AND (Length IS Low),Very_Low,0.0,0.0,3657.7297467812004,0.0,2808.7985383971745,0.1069182389937107,0.4,0.3333333333333333,2583.0
48,all,R2,IF (PointsAjust IS Low) AND (TeamExp IS High) AND (Length IS Medium),Low,0.0,0.0,-4856.9397799644585,-0.0,2808.7985383971745,0.1069182389937107,0.4,0.3333333333333333,2583.0
48,all,R3,IF (PointsAjust IS Low) AND (TeamExp IS High) AND (Length IS High),Medium,0.0,0.0,2352.2733694859417,0.0,2808.7985383971745,0.1069182389937107,0.4,0.3333333333333333,2583.0
48,all,R4,IF (PointsAjust IS Low) AND (TeamExp IS Medium) AND (Length IS Low),Low,0.0,0.0,-4856.9397799644585,-0.0,2808.7985383971745,0.1069182389937107,0.4,0.3333333333333333,2583.0
48,all,R5,IF (PointsAjust IS Low) AND (TeamExp IS Medium) AND (Length IS Medium),Medium,0.0,0.0,2352.2733694859417,0.0,2808.7985383971745,0.1069182389937107,0.4,0.3333333333333333,2583.0
48,all,R6,IF (PointsAjust IS Low) AND (TeamExp IS Medium) AND (Length IS High),Medium,0.0,0.0,2352.2733694859417,0.0,2808.7985383971745,0.1069182389937107,0.4,0.3333333333333333,2583.0
48,all,R7,IF (PointsAjust IS Low) AND (TeamExp IS Low) AND (Length IS Medium),Medium,0.05095238095238091,0.6756756756756755,2352.2733694859417,1589.3738983013116,2808.7985383971745,0.1069182389937107,0.4,0.3333333333333333,2583.0
48,all,R8,IF (PointsAjust IS Low) AND (TeamExp IS Low) AND (Length IS High),High,0.024457142857142854,0.3243243243243245,3759.892640295574,1219.4246400958625,2808.7985383971745,0.1069182389937107,0.4,0.3333333333333333,2583.0
48,all,R9,IF (PointsAjust IS Medium) AND (TeamExp IS High) AND (Length IS Low),Low,0.0,0.0,-4856.9397799644585,-0.0,2808.7985383971745,0.1069182389937107,0.4,0.3333333333333333,2583.0
48,all,R10,IF (PointsAjust IS Medium) AND (TeamExp IS High) AND (Length IS Medium),Medium,0.0,0.0,2352.2733694859417,0.0,2808.7985383971745,0.1069182389937107,0.4,0.3333333333333333,2583.0
48,all,R11,IF (PointsAjust IS Medium) AND (TeamExp IS High) AND (Length IS High),Medium,0.0,0.0,2352.2733694859417,0.0,2808.7985383971745,0.1069182389937107,0.4,0.3333333333333333,2583.0
48,all,R12,IF (PointsAjust IS Medium) AND (TeamExp IS Medium) AND (Length IS Low),Medium,0.0,0.0,2352.2733694859417,0.0,2808.7985383971745,0.1069182389937107,0.4,0.3333333333333333,2583.0
48,all,R13,IF (PointsAjust IS Medium) AND (TeamExp IS Medium) AND (Length IS Medium),Medium,0.0,0.0,2352.2733694859417,0.0,2808.7985383971745,0.1069182389937107,0.4,0.3333333333333333,2583.0
48,all,R14,IF (PointsAjust IS Medium) AND (TeamExp IS Medium) AND (Length IS High),High,0.0,0.0,3759.892640295574,0.0,2808.7985383971745,0.1069182389937107,0.4,0.3333333333333333,2583.0
48,all,R15,IF (PointsAjust IS Medium) AND (TeamExp IS Low) AND (Length IS Medium),High,0.0,0.0,3759.892640295574,0.0,2808.7985383971745,0.1069182389937107,0.4,0.3333333333333333,2583.0
48,all,R16,IF (PointsAjust IS Medium) AND (TeamExp IS Low) AND (Length IS High),High,0.0,0.0,3759.892640295574,0.0,2808.7985383971745,0.1069182389937107,0.4,0.3333333333333333,2583.0
48,all,R17,IF (PointsAjust IS High) AND (TeamExp IS High) AND (Length IS Medium),Medium,0.0,0.0,2352.2733694859417,0.0,2808.7985383971745,0.1069182389937107,0.4,0.3333333333333333,2583.0
48,all,R18,IF (PointsAjust IS High) AND (TeamExp IS Medium) AND (Length IS Medium),High,0.0,0.0,3759.892640295574,0.0,2808.7985383971745,0.1069182389937107,0.4,0.3333333333333333,2583.0
48,all,R19,IF (PointsAjust IS High) AND (TeamExp IS Low) AND (Length IS Medium),High,0.0,0.0,3759.892640295574,0.0,2808.7985383971745,0.1069182389937107,0.4,0.3333333333333333,2583.0
48,all,R20,IF (PointsAjust IS High) AND (TeamExp IS Low) AND (Length IS High),Very_High,0.0,0.0,12692.367570951843,0.0,2808.7985383971745,0.1069182389937107,0.4,0.3333333333333333,2583.0
49,all,R1,IF (PointsAjust IS Low) AND (TeamExp IS High) AND (Length IS Low),Very_Low,0.0,0.0,4029.9839077909996,0.0,3158.979115304236,0.1462264150943396,0.4,0.3333333333333333,3647.0
49,all,R2,IF (PointsAjust IS Low) AND (TeamExp IS High) AND (Length IS Medium),Low,0.0,0.0,-4392.293380029613,-0.0,3158.979115304236,0.1462264150943396,0.4,0.3333333333333333,3647.0
49,all,R3,IF (PointsAjust IS Low) AND (TeamExp IS High) AND (Length IS High),Medium,0.0,0.0,2433.5759968296825,0.0,3158.979115304236,0.1462264150943396,0.4,0.3333333333333333,3647.0
49,all,R4,IF (PointsAjust IS Low) AND (TeamExp IS Medium) AND (Length IS Low),Low,0.0,0.0,-4392.293380029613,-0.0,3158.979115304236,0.1462264150943396,0.4,0.3333333333333333,3647.0
49,all,R5,IF (PointsAjust IS Low) AND (TeamExp IS Medium) AND (Length IS Medium),Medium,0.0,0.0,2433.5759968296825,0.0,3158.979115304236,0.1462264150943396,0.4,0.3333333333333333,3647.0
49,all,R6,IF (PointsAjust IS Low) AND (TeamExp IS Medium) AND (Length IS High),Medium,0.0,0.0,2433.5759968296825,0.0,3158.979115304236,0.1462264150943396,0.4,0.3333333333333333,3647.0
49,all,R7,IF (PointsAjust IS Low) AND (TeamExp IS Low) AND (Length IS Medium),Medium,0.03904761904761902,0.5080181798208074,2433.5759968296825,1236.3008483650224,3158.979115304236,0.1462264150943396,0.4,0.3333333333333333,3647.0
49,all,R8,IF (PointsAjust IS Low) AND (TeamExp IS Low) AND (Length IS High),High,0.018742857142857144,0.24384872631398777,3908.0270613229663,952.9674213042019,3158.979115304236,0.1462264150943396,0.4,0.3333333333333333,3647.0
49,all,R9,IF (PointsAjust IS Medium) AND (TeamExp IS High) AND (Length IS Low),Low,0.0,0.0,-4392.293380029613,-0.0,3158.979115304236,0.1462264150943396,0.4,0.3333333333333333,3647.0
49,all,R10,IF (PointsAjust IS Medium) AND (TeamExp IS High) AND (Length IS Medium),Medium,0.0,0.0,2433.5759968296825,0.0,3158.979115304236,0.1462264150943396,0.4,0.3333333333333333,3647.0
49,all,R11,IF (PointsAjust IS Medium) AND (TeamExp IS High) AND (Length IS High),Medium,0.0,0.0,2433.5759968296825,0.0,3158.979115304236,0.1462264150943396,0.4,0.3333333333333333,3647.0
49,all,R12,IF (PointsAjust IS Medium) AND (TeamExp IS Medium) AND (Length IS Low),Medium,0.0,0.0,2433.5759968296825,0.0,3158.979115304236,0.1462264150943396,0.4,0.3333333333333333,3647.0
49,all,R13,IF (PointsAjust IS Medium) AND (TeamExp IS Medium) AND (Length IS Medium),Medium,0.0,0.0,2433.5759968296825,0.0,3158.979115304236,0.1462264150943396,0.4,0.3333333333333333,3647.0
49,all,R14,IF (PointsAjust IS Medium) AND (TeamExp IS Medium) AND (Length IS High),High,0.0,0.0,3908.0270613229663,0.0,3158.979115304236,0.1462264150943396,0.4,0.3333333333333333,3647.0
49,all,R15,IF (PointsAjust IS Medium) AND (TeamExp IS Low) AND (Length IS Medium),High,0.012886597938144333,0.16765749585486808,3908.0270613229663,655.2100308344675,3158.979115304236,0.1462264150943396,0.4,0.3333333333333333,3647.0
49,all,R16,IF (PointsAjust IS Medium) AND (TeamExp IS Low) AND (Length IS High),High,0.006185567010309284,0.08047559801033674,3908.0270613229663,314.5008148005447,3158.979115304236,0.1462264150943396,0.4,0.3333333333333333,3647.0
49,all,R17,IF (PointsAjust IS High) AND (TeamExp IS High) AND (Length IS Medium),Medium,0.0,0.0,2433.5759968296825,0.0,3158.979115304236,0.1462264150943396,0.4,0.3333333333333333,3647.0
49,all,R18,IF (PointsAjust IS High) AND (TeamExp IS Medium) AND (Length IS Medium),High,0.0,0.0,3908.0270613229663,0.0,3158.979115304236,0.1462264150943396,0.4,0.3333333333333333,3647.0
49,all,R19,IF (PointsAjust IS High) AND (TeamExp IS Low) AND (Length IS Medium),High,0.0,0.0,3908.0270613229663,0.0,3158.979115304236,0.1462264150943396,0.4,0.3333333333333333,3647.0
49,all,R20,IF (PointsAjust IS High) AND (TeamExp IS Low) AND (Length IS High),Very_High,0.0,0.0,12925.97024454899,0.0,3158.979115304236,0.1462264150943396,0.4,0.3333333333333333,3647.0
50,all,R1,IF (PointsAjust IS Low) AND (TeamExp IS High) AND (Length IS Low),Very_Low,0.0,0.05,5703.741201604462,285.1870600802231,5595.911054898799,0.4528301886792453,0.8,0.3636363636363636,8232.0
50,all,R2,IF (PointsAjust IS Low) AND (TeamExp IS High) AND (Length IS Medium),Low,0.0,0.05,4257.406229905302,212.87031149526513,5595.911054898799,0.4528301886792453,0.8,0.3636363636363636,8232.0
50,all,R3,IF (PointsAjust IS Low) AND (TeamExp IS High) AND (Length IS High),Medium,0.0,0.05,3973.7545915376745,198.68772957688373,5595.911054898799,0.4528301886792453,0.8,0.3636363636363636,8232.0
50,all,R4,IF (PointsAjust IS Low) AND (TeamExp IS Medium) AND (Length IS Low),Low,0.0,0.05,4257.406229905302,212.87031149526513,5595.911054898799,0.4528301886792453,0.8,0.3636363636363636,8232.0
50,all,R5,IF (PointsAjust IS Low) AND (TeamExp IS Medium) AND (Length IS Medium),Medium,0.0,0.05,3973.7545915376745,198.68772957688373,5595.911054898799,0.4528301886792453,0.8,0.3636363636363636,8232.0
50,all,R6,IF (PointsAjust IS Low) AND (TeamExp IS Medium) AND (Length IS High),Medium,0.0,0.05,3973.7545915376745,198.68772957688373,5595.911054898799,0.4528301886792453,0.8,0.3636363636363636,8232.0
50,all,R7,IF (PointsAjust IS Low) AND (TeamExp IS Low) AND (Length IS Medium),Medium,0.0,0.05,3973.7545915376745,198.68772957688373,5595.911054898799,0.4528301886792453,0.8,0.3636363636363636,8232.0
50,all,R8,IF (PointsAjust IS Low) AND (TeamExp IS Low) AND (Length IS High),High,0.0,0.05,6313.939653511993,315.69698267559966,5595.911054898799,0.4528301886792453,0.8,0.3636363636363636,8232.0
50,all,R9,IF (PointsAjust IS Medium) AND (TeamExp IS High) AND (Length IS Low),Low,0.0,0.05,4257.406229905302,212.87031149526513,5595.911054898799,0.4528301886792453,0.8,0.3636363636363636,8232.0
50,all,R10,IF (PointsAjust IS Medium) AND (TeamExp IS High) AND (Length IS Medium),Medium,0.0,0.05,3973.7545915376745,198.68772957688373,5595.911054898799,0.4528301886792453,0.8,0.3636363636363636,8232.0
50,all,R11,IF (PointsAjust IS Medium) AND (TeamExp IS High) AND (Length IS High),Medium,0.0,0.05,3973.7545915376745,198.68772957688373,5595.911054898799,0.4528301886792453,0.8,0.3636363636363636,8232.0
50,all,R12,IF (PointsAjust IS Medium) AND (TeamExp IS Medium) AND (Length IS Low),Medium,0.0,0.05,3973.7545915376745,198.68772957688373,5595.911054898799,0.4528301886792453,0.8,0.3636363636363636,8232.0
50,all,R13,IF (PointsAjust IS Medium) AND (TeamExp IS Medium) AND (Length IS Medium),Medium,0.0,0.05,3973.7545915376745,198.68772957688373,5595.911054898799,0.4528301886792453,0.8,0.3636363636363636,8232.0
50,all,R14,IF (PointsAjust IS Medium) AND (TeamExp IS Medium) AND (Length IS High),High,0.0,0.05,6313.939653511993,315.69698267559966,5595.911054898799,0.4528301886792453,0.8,0.3636363636363636,8232.0
50,all,R15,IF (PointsAjust IS Medium) AND (TeamExp IS Low) AND (Length IS Medium),High,0.0,0.05,6313.939653511993,315.69698267559966,5595.911054898799,0.4528301886792453,0.8,0.3636363636363636,8232.0
50,all,R16,IF (PointsAjust IS Medium) AND (TeamExp IS Low) AND (Length IS High),High,0.0,0.05,6313.939653511993,315.69698267559966,5595.911054898799,0.4528301886792453,0.8,0.3636363636363636,8232.0
50,all,R17,IF (PointsAjust IS High) AND (TeamExp IS High) AND (Length IS Medium),Medium,0.0,0.05,3973.7545915376745,198.68772957688373,5595.911054898799,0.4528301886792453,0.8,0.3636363636363636,8232.0
50,all,R18,IF (PointsAjust IS High) AND (TeamExp IS Medium) AND (Length IS Medium),High,0.0,0.05,6313.939653511993,315.69698267559966,5595.911054898799,0.4528301886792453,0.8,0.3636363636363636,8232.0
50,all,R19,IF (PointsAjust IS High) AND (TeamExp IS Low) AND (Length IS Medium),High,0.0,0.05,6313.939653511993,315.69698267559966,5595.911054898799,0.4528301886792453,0.8,0.3636363636363636,8232.0
50,all,R20,IF (PointsAjust IS High) AND (TeamExp IS Low) AND (Length IS High),Very_High,0.0,0.05,19794.83196174459,989.7415980872295,5595.911054898799,0.4528301886792453,0.8,0.3636363636363636,8232.0
51,all,R1,IF (PointsAjust IS Low) AND (TeamExp IS High) AND (Length IS Low),Very_Low,0.0,0.0,3642.839580340808,0.0,2804.6794262502312,0.1053459119496855,0.4,0.3333333333333333,3276.0
51,all,R2,IF (PointsAjust IS Low) AND (TeamExp IS High) AND (Length IS Medium),Low,0.0,0.0,-4875.525635961853,-0.0,2804.6794262502312,0.1053459119496855,0.4,0.3333333333333333,3276.0
51,all,R3,IF (PointsAjust IS Low) AND (TeamExp IS High) AND (Length IS High),Medium,0.0,0.0,2349.0212643921923,0.0,2804.6794262502312,0.1053459119496855,0.4,0.3333333333333333,3276.0
51,all,R4,IF (PointsAjust IS Low) AND (TeamExp IS Medium) AND (Length IS Low),Low,0.0,0.0,-4875.525635961853,-0.0,2804.6794262502312,0.1053459119496855,0.4,0.3333333333333333,3276.0
51,all,R5,IF (PointsAjust IS Low) AND (TeamExp IS Medium) AND (Length IS Medium),Medium,0.0,0.0,2349.0212643921923,0.0,2804.6794262502312,0.1053459119496855,0.4,0.3333333333333333,3276.0
51,all,R6,IF (PointsAjust IS Low) AND (TeamExp IS Medium) AND (Length IS High),Medium,0.0,0.0,2349.0212643921923,0.0,2804.6794262502312,0.1053459119496855,0.4,0.3333333333333333,3276.0
51,all,R7,IF (PointsAjust IS Low) AND (TeamExp IS Low) AND (Length IS Medium),Medium,0.051428571428571386,0.6756756756756755,2349.0212643921923,1587.1765299947242,2804.6794262502312,0.1053459119496855,0.4,0.3333333333333333,3276.0
51,all,R8,IF (PointsAjust IS Low) AND (TeamExp IS Low) AND (Length IS High),High,0.024685714285714283,0.3243243243243245,3753.9672634544777,1217.502896255507,2804.6794262502312,0.1053459119496855,0.4,0.3333333333333333,3276.0
51,all,R9,IF (PointsAjust IS Medium) AND (TeamExp IS High) AND (Length IS Low),Low,0.0,0.0,-4875.525635961853,-0.0,2804.6794262502312,0.1053459119496855,0.4,0.3333333333333333,3276.0
51,all,R10,IF (PointsAjust IS Medium) AND (TeamExp IS High) AND (Length IS Medium),Medium,0.0,0.0,2349.0212643921923,0.0,2804.6794262502312,0.1053459119496855,0.4,0.3333333333333333,3276.0
51,all,R11,IF (PointsAjust IS Medium) AND (TeamExp IS High) AND (Length IS High),Medium,0.0,0.0,2349.0212643921923,0.0,2804.6794262502312,0.1053459119496855,0.4,0.3333333333333333,3276.0
51,all,R12,IF (PointsAjust IS Medium) AND (TeamExp IS Medium) AND (Length IS Low),Medium,0.0,0.0,2349.0212643921923,0.0,2804.6794262502312,0.1053459119496855,0.4,0.3333333333333333,3276.0
51,all,R13,IF (PointsAjust IS Medium) AND (TeamExp IS Medium) AND (Length IS Medium),Medium,0.0,0.0,2349.0212643921923,0.0,2804.6794262502312,0.1053459119496855,0.4,0.3333333333333333,3276.0
51,all,R14,IF (PointsAjust IS Medium) AND (TeamExp IS Medium) AND (Length IS High),High,0.0,0.0,3753.9672634544777,0.0,2804.6794262502312,0.1053459119496855,0.4,0.3333333333333333,3276.0
51,all,R15,IF (PointsAjust IS Medium) AND (TeamExp IS Low) AND (Length IS Medium),High,0.0,0.0,3753.9672634544777,0.0,2804.6794262502312,0.1053459119496855,0.4,0.3333333333333333,3276.0
51,all,R16,IF (PointsAjust IS Medium) AND (TeamExp IS Low) AND (Length IS High),High,0.0,0.0,3753.9672634544777,0.0,2804.6794262502312,0.1053459119496855,0.4,0.3333333333333333,3276.0
51,all,R17,IF (PointsAjust IS High) AND (TeamExp IS High) AND (Length IS Medium),Medium,0.0,0.0,2349.0212643921923,0.0,2804.6794262502312,0.1053459119496855,0.4,0.3333333333333333,3276.0
51,all,R18,IF (PointsAjust IS High) AND (TeamExp IS Medium) AND (Length IS Medium),High,0.0,0.0,3753.9672634544777,0.0,2804.6794262502312,0.1053459119496855,0.4,0.3333333333333333,3276.0
51,all,R19,IF (PointsAjust IS High) AND (TeamExp IS Low) AND (Length IS Medium),High,0.0,0.0,3753.9672634544777,0.0,2804.6794262502312,0.1053459119496855,0.4,0.3333333333333333,3276.0
51,all,R20,IF (PointsAjust IS High) AND (TeamExp IS Low) AND (Length IS High),Very_High,0.0,0.0,12683.023464007958,0.0,2804.6794262502312,0.1053459119496855,0.4,0.3333333333333333,3276.0
52,all,R1,IF (PointsAjust IS Low) AND (TeamExp IS High) AND (Length IS Low),Very_Low,0.0,0.0,3759.2437269031757,0.0,2660.1826959125165,0.1210691823899371,0.4,0.2121212121212121,2723.0
52,all,R2,IF (PointsAjust IS Low) AND (TeamExp IS High) AND (Length IS Medium),Low,0.0,0.0,-3916.928039960272,-0.0,2660.1826959125165,0.1210691823899371,0.4,0.2121212121212121,2723.0
52,all,R3,IF (PointsAjust IS Low) AND (TeamExp IS High) AND (Length IS High),Medium,0.0,0.0,2660.1826959125165,0.0,2660.1826959125165,0.1210691823899371,0.4,0.2121212121212121,2723.0
52,all,R4,IF (PointsAjust IS Low) AND (TeamExp IS Medium) AND (Length IS Low),Low,0.0,0.0,-3916.928039960272,-0.0,2660.1826959125165,0.1210691823899371,0.4,0.2121212121212121,2723.0
52,all,R5,IF (PointsAjust IS Low) AND (TeamExp IS Medium) AND (Length IS Medium),Medium,0.0,0.0,2660.1826959125165,0.0,2660.1826959125165,0.1210691823899371,0.4,0.2121212121212121,2723.0
52,all,R6,IF (PointsAjust IS Low) AND (TeamExp IS Medium) AND (Length IS High),Medium,0.0,0.0,2660.1826959125165,0.0,2660.1826959125165,0.1210691823899371,0.4,0.2121212121212121,2723.0
52,all,R7,IF (PointsAjust IS Low) AND (TeamExp IS Low) AND (Length IS Medium),Medium,0.12444444444444443,1.0,2660.1826959125165,2660.1826959125165,2660.1826959125165,0.1210691823899371,0.4,0.2121212121212121,2723.0
52,all,R8,IF (PointsAjust IS Low) AND (TeamExp IS Low) AND (Length IS High),High,0.0,0.0,3458.6275831346625,0.0,2660.1826959125165,0.1210691823899371,0.4,0.2121212121212121,2723.0
52,all,R9,IF (PointsAjust IS Medium) AND (TeamExp IS High) AND (Length IS Low),Low,0.0,0.0,-3916.928039960272,-0.0,2660.1826959125165,0.1210691823899371,0.4,0.2121212121212121,2723.0
52,all,R10,IF (PointsAjust IS Medium) AND (TeamExp IS High) AND (Length IS Medium),Medium,0.0,0.0,2660.1826959125165,0.0,2660.1826959125165,0.1210691823899371,0.4,0.2121212121212121,2723.0
52,all,R11,IF (PointsAjust IS Medium) AND (TeamExp IS High) AND (Length IS High),Medium,0.0,0.0,2660.1826959125165,0.0,2660.1826959125165,0.1210691823899371,0.4,0.2121212121212121,2723.0
52,all,R12,IF (PointsAjust IS Medium) AND (TeamExp IS Medium) AND (Length IS Low),Medium,0.0,0.0,2660.1826959125165,0.0,2660.1826959125165,0.1210691823899371,0.4,0.2121212121212121,2723.0
52,all,R13,IF (PointsAjust IS Medium) AND (TeamExp IS Medium) AND (Length IS Medium),Medium,0.0,0.0,2660.1826959125165,0.0,2660.1826959125165,0.1210691823899371,0.4,0.2121212121212121,2723.0
52,all,R14,IF (PointsAjust IS Medium) AND (TeamExp IS Medium) AND (Length IS High),High,0.0,0.0,3458.6275831346625,0.0,2660.1826959125165,0.1210691823899371,0.4,0.2121212121212121,2723.0
52,all,R15,IF (PointsAjust IS Medium) AND (TeamExp IS Low) AND (Length IS Medium),High,0.0,0.0,3458.6275831346625,0.0,2660.1826959125165,0.1210691823899371,0.4,0.2121212121212121,2723.0
52,all,R16,IF (PointsAjust IS Medium) AND (TeamExp IS Low) AND (Length IS High),High,0.0,0.0,3458.6275831346625,0.0,2660.1826959125165,0.1210691823899371,0.4,0.2121212121212121,2723.0
52,all,R17,IF (PointsAjust IS High) AND (TeamExp IS High) AND (Length IS Medium),Medium,0.0,0.0,2660.1826959125165,0.0,2660.1826959125165,0.1210691823899371,0.4,0.2121212121212121,2723.0
52,all,R18,IF (PointsAjust IS High) AND (TeamExp IS Medium) AND (Length IS Medium),High,0.0,0.0,3458.6275831346625,0.0,2660.1826959125165,0.1210691823899371,0.4,0.2121212121212121,2723.0
52,all,R19,IF (PointsAjust IS High) AND (TeamExp IS Low) AND (Length IS Medium),High,0.0,0.0,3458.6275831346625,0.0,2660.1826959125165,0.1210691823899371,0.4,0.2121212121212121,2723.0
52,all,R20,IF (PointsAjust IS High) AND (TeamExp IS Low) AND (Length IS High),Very_High,0.0,0.0,13183.603844853591,0.0,2660.1826959125165,0.1210691823899371,0.4,0.2121212121212121,2723.0
53,all,R1,IF (PointsAjust IS Low) AND (TeamExp IS High) AND (Length IS Low),Very_Low,0.05714285714285717,0.2800433056658247,3360.550700541383,941.0997270372118,3071.630375556471,0.2122641509433962,0.8,0.1212121212121212,3472.0
53,all,R2,IF (PointsAjust IS Low) AND (TeamExp IS High) AND (Length IS Medium),Low,0.0,0.0,2959.248334359332,0.0,3071.630375556471,0.2122641509433962,0.8,0.1212121212121212,3472.0
53,all,R3,IF (PointsAjust IS Low) AND (TeamExp IS High) AND (Length IS High),Medium,0.0,0.0,4033.463273359636,0.0,3071.630375556471,0.2122641509433962,0.8,0.1212121212121212,3472.0
53,all,R4,IF (PointsAjust IS Low) AND (TeamExp IS Medium) AND (Length IS Low),Low,0.0,0.0,2959.248334359332,0.0,3071.630375556471,0.2122641509433962,0.8,0.1212121212121212,3472.0
53,all,R5,IF (PointsAjust IS Low) AND (TeamExp IS Medium) AND (Length IS Medium),Medium,0.0,0.0,4033.463273359636,0.0,3071.630375556471,0.2122641509433962,0.8,0.1212121212121212,3472.0
53,all,R6,IF (PointsAjust IS Low) AND (TeamExp IS Medium) AND (Length IS High),Medium,0.0,0.0,4033.463273359636,0.0,3071.630375556471,0.2122641509433962,0.8,0.1212121212121212,3472.0
53,all,R7,IF (PointsAjust IS Low) AND (TeamExp IS Low) AND (Length IS Medium),Medium,0.0,0.0,4033.463273359636,0.0,3071.630375556471,0.2122641509433962,0.8,0.1212121212121212,3472.0
53,all,R8,IF (PointsAjust IS Low) AND (TeamExp IS Low) AND (Length IS High),High,0.0,0.0,4698.170099362806,0.0,3071.630375556471,0.2122641509433962,0.8,0.1212121212121212,3472.0
53,all,R9,IF (PointsAjust IS Medium) AND (TeamExp IS High) AND (Length IS Low),Low,0.1469072164948454,0.7199566943341754,2959.248334359332,2130.5306485192596,3071.630375556471,0.2122641509433962,0.8,0.1212121212121212,3472.0
53,all,R10,IF (PointsAjust IS Medium) AND (TeamExp IS High) AND (Length IS Medium),Medium,0.0,0.0,4033.463273359636,0.0,3071.630375556471,0.2122641509433962,0.8,0.1212121212121212,3472.0
53,all,R11,IF (PointsAjust IS Medium) AND (TeamExp IS High) AND (Length IS High),Medium,0.0,0.0,4033.463273359636,0.0,3071.630375556471,0.2122641509433962,0.8,0.1212121212121212,3472.0
53,all,R12,IF (PointsAjust IS Medium) AND (TeamExp IS Medium) AND (Length IS Low),Medium,0.0,0.0,4033.463273359636,0.0,3071.630375556471,0.2122641509433962,0.8,0.1212121212121212,3472.0
53,all,R13,IF (PointsAjust IS Medium) AND (TeamExp IS Medium) AND (Length IS Medium),Medium,0.0,0.0,4033.463273359636,0.0,3071.630375556471,0.2122641509433962,0.8,0.1212121212121212,3472.0
53,all,R14,IF (PointsAjust IS Medium) AND (TeamExp IS Medium) AND (Length IS High),High,0.0,0.0,4698.170099362806,0.0,3071.630375556471,0.2122641509433962,0.8,0.1212121212121212,3472.0
53,all,R15,IF (PointsAjust IS Medium) AND (TeamExp IS Low) AND (Length IS Medium),High,0.0,0.0,4698.170099362806,0.0,3071.630375556471,0.2122641509433962,0.8,0.1212121212121212,3472.0
53,all,R16,IF (PointsAjust IS Medium) AND (TeamExp IS Low) AND (Length IS High),High,0.0,0.0,4698.170099362806,0.0,3071.630375556471,0.2122641509433962,0.8,0.1212121212121212,3472.0
53,all,R17,IF (PointsAjust IS High) AND (TeamExp IS High) AND (Length IS Medium),Medium,0.0,0.0,4033.463273359636,0.0,3071.630375556471,0.2122641509433962,0.8,0.1212121212121212,3472.0
53,all,R18,IF (PointsAjust IS High) AND (TeamExp IS Medium) AND (Length IS Medium),High,0.0,0.0,4698.170099362806,0.0,3071.630375556471,0.2122641509433962,0.8,0.1212121212121212,3472.0
53,all,R19,IF (PointsAjust IS High) AND (TeamExp IS Low) AND (Length IS Medium),High,0.0,0.0,4698.170099362806,0.0,3071.630375556471,0.2122641509433962,0.8,0.1212121212121212,3472.0
53,all,R20,IF (PointsAjust IS High) AND (TeamExp IS Low) AND (Length IS High),Very_High,0.0,0.0,19179.4622221436,0.0,3071.630375556471,0.2122641509433962,0.8,0.1212121212121212,3472.0
54,all,R1,IF (PointsAjust IS Low) AND (TeamExp IS High) AND (Length IS Low),Very_Low,0.0,0.05,2596.452152072217,129.82260760361086,2013.5699657304485,0.0,0.4,0.1515151515151515,1575.0
54,all,R2,IF (PointsAjust IS Low) AND (TeamExp IS High) AND (Length IS Medium),Low,0.0,0.05,-4961.669433745775,-248.08347168728875,2013.5699657304485,0.0,0.4,0.1515151515151515,1575.0
54,all,R3,IF (PointsAjust IS Low) AND (TeamExp IS High) AND (Length IS High),Medium,0.0,0.05,2549.0907939852086,127.45453969926044,2013.5699657304485,0.0,0.4,0.1515151515151515,1575.0
54,all,R4,IF (PointsAjust IS Low) AND (TeamExp IS Medium) AND (Length IS Low),Low,0.0,0.05,-4961.669433745775,-248.08347168728875,2013.5699657304485,0.0,0.4,0.1515151515151515,1575.0
54,all,R5,IF (PointsAjust IS Low) AND (TeamExp IS Medium) AND (Length IS Medium),Medium,0.0,0.05,2549.0907939852086,127.45453969926044,2013.5699657304485,0.0,0.4,0.1515151515151515,1575.0
54,all,R6,IF (PointsAjust IS Low) AND (TeamExp IS Medium) AND (Length IS High),Medium,0.0,0.05,2549.0907939852086,127.45453969926044,2013.5699657304485,0.0,0.4,0.1515151515151515,1575.0
54,all,R7,IF (PointsAjust IS Low) AND (TeamExp IS Low) AND (Length IS Medium),Medium,0.0,0.05,2549.0907939852086,127.45453969926044,2013.5699657304485,0.0,0.4,0.1515151515151515,1575.0
54,all,R8,IF (PointsAjust IS Low) AND (TeamExp IS Low) AND (Length IS High),High,0.0,0.05,2825.076842004907,141.25384210024535,2013.5699657304485,0.0,0.4,0.1515151515151515,1575.0
54,all,R9,IF (PointsAjust IS Medium) AND (TeamExp IS High) AND (Length IS Low),Low,0.0,0.05,-4961.669433745775,-248.08347168728875,2013.5699657304485,0.0,0.4,0.1515151515151515,1575.0
54,all,R10,IF (PointsAjust IS Medium) AND (TeamExp IS High) AND (Length IS Medium),Medium,0.0,0.05,2549.0907939852086,127.45453969926044,2013.5699657304485,0.0,0.4,0.1515151515151515,1575.0
54,all,R11,IF (PointsAjust IS Medium) AND (TeamExp IS High) AND (Length IS High),Medium,0.0,0.05,2549.0907939852086,127.45453969926044,2013.5699657304485,0.0,0.4,0.1515151515151515,1575.0
54,all,R12,IF (PointsAjust IS Medium) AND (TeamExp IS Medium) AND (Length IS Low),Medium,0.0,0.05,2549.0907939852086,127.45453969926044,2013.5699657304485,0.0,0.4,0.1515151515151515,1575.0
54,all,R13,IF (PointsAjust IS Medium) AND (TeamExp IS Medium) AND (Length IS Medium),Medium,0.0,0.05,2549.0907939852086,127.45453969926044,2013.5699657304485,0.0,0.4,0.1515151515151515,1575.0
54,all,R14,IF (PointsAjust IS Medium) AND (TeamExp IS Medium) AND (Length IS High),High,0.0,0.05,2825.076842004907,141.25384210024535,2013.5699657304485,0.0,0.4,0.1515151515151515,1575.0
54,all,R15,IF (PointsAjust IS Medium) AND (TeamExp IS Low) AND (Length IS Medium),High,0.0,0.05,2825.076842004907,141.25384210024535,2013.5699657304485,0.0,0.4,0.1515151515151515,1575.0
54,all,R16,IF (PointsAjust IS Medium) AND (TeamExp IS Low) AND (Length IS High),High,0.0,0.05,2825.076842004907,141.25384210024535,2013.5699657304485,0.0,0.4,0.1515151515151515,1575.0
54,all,R17,IF (PointsAjust IS High) AND (TeamExp IS High) AND (Length IS Medium),Medium,0.0,0.05,2549.0907939852086,127.45453969926044,2013.5699657304485,0.0,0.4,0.1515151515151515,1575.0
54,all,R18,IF (PointsAjust IS High) AND (TeamExp IS Medium) AND (Length IS Medium),High,0.0,0.05,2825.076842004907,141.25384210024535,2013.5699657304485,0.0,0.4,0.1515151515151515,1575.0
54,all,R19,IF (PointsAjust IS High) AND (TeamExp IS Low) AND (Length IS Medium),High,0.0,0.05,2825.076842004907,141.25384210024535,2013.5699657304485,0.0,0.4,0.1515151515151515,1575.0
54,all,R20,IF (PointsAjust IS High) AND (TeamExp IS Low) AND (Length IS High),Very_High,0.0,0.05,12667.677265877766,633.3838632938883,2013.5699657304485,0.0,0.4,0.1515151515151515,1575.0
55,all,R1,IF (PointsAjust IS Low) AND (TeamExp IS High) AND (Length IS Low),Very_Low,0.0,0.0,4774.492229810599,0.0,3971.358924781758,0.2248427672955975,0.4,0.3333333333333333,2926.0
55,all,R2,IF (PointsAjust IS Low) AND (TeamExp IS High) AND (Length IS Medium),Low,0.0,0.0,-3463.000580159921,-0.0,3971.358924781758,0.2248427672955975,0.4,0.3333333333333333,2926.0
55,all,R3,IF (PointsAjust IS Low) AND (TeamExp IS High) AND (Length IS High),Medium,0.0,0.0,2596.1812515171646,0.0,3971.358924781758,0.2248427672955975,0.4,0.3333333333333333,2926.0
55,all,R4,IF (PointsAjust IS Low) AND (TeamExp IS Medium) AND (Length IS Low),Low,0.0,0.0,-3463.000580159921,-0.0,3971.358924781758,0.2248427672955975,0.4,0.3333333333333333,2926.0
55,all,R5,IF (PointsAjust IS Low) AND (TeamExp IS Medium) AND (Length IS Medium),Medium,0.0,0.0,2596.1812515171646,0.0,3971.358924781758,0.2248427672955975,0.4,0.3333333333333333,2926.0
55,all,R6,IF (PointsAjust IS Low) AND (TeamExp IS Medium) AND (Length IS High),Medium,0.0,0.0,2596.1812515171646,0.0,3971.358924781758,0.2248427672955975,0.4,0.3333333333333333,2926.0
55,all,R7,IF (PointsAjust IS Low) AND (TeamExp IS Low) AND (Length IS Medium),Medium,0.015238095238095222,0.1448509770907726,2596.1812515171646,376.05939098700617,3971.358924781758,0.2248427672955975,0.4,0.3333333333333333,2926.0
55,all,R8,IF (PointsAjust IS Low) AND (TeamExp IS Low) AND (Length IS High),High,0.007314285714285712,0.0695284690035709,4204.2959033777515,292.31825739984015,3971.358924781758,0.2248427672955975,0.4,0.3333333333333333,2926.0
55,all,R9,IF (PointsAjust IS Medium) AND (TeamExp IS High) AND (Length IS Low),Low,0.0,0.0,-3463.000580159921,-0.0,3971.358924781758,0.2248427672955975,0.4,0.3333333333333333,2926.0
55,all,R10,IF (PointsAjust IS Medium) AND (TeamExp IS High) AND (Length IS Medium),Medium,0.0,0.0,2596.1812515171646,0.0,3971.358924781758,0.2248427672955975,0.4,0.3333333333333333,2926.0
55,all,R11,IF (PointsAjust IS Medium) AND (TeamExp IS High) AND (Length IS High),Medium,0.0,0.0,2596.1812515171646,0.0,3971.358924781758,0.2248427672955975,0.4,0.3333333333333333,2926.0
55,all,R12,IF (PointsAjust IS Medium) AND (TeamExp IS Medium) AND (Length IS Low),Medium,0.0,0.0,2596.1812515171646,0.0,3971.358924781758,0.2248427672955975,0.4,0.3333333333333333,2926.0
55,all,R13,IF (PointsAjust IS Medium) AND (TeamExp IS Medium) AND (Length IS Medium),Medium,0.0,0.0,2596.1812515171646,0.0,3971.358924781758,0.2248427672955975,0.4,0.3333333333333333,2926.0
55,all,R14,IF (PointsAjust IS Medium) AND (TeamExp IS Medium) AND (Length IS High),High,0.0,0.0,4204.2959033777515,0.0,3971.358924781758,0.2248427672955975,0.4,0.3333333333333333,2926.0
55,all,R15,IF (PointsAjust IS Medium) AND (TeamExp IS Low) AND (Length IS Medium),High,0.0558419243986254,0.530824698584903,4204.2959033777515,2231.7441056722373,3971.358924781758,0.2248427672955975,0.4,0.3333333333333333,2926.0
55,all,R16,IF (PointsAjust IS Medium) AND (TeamExp IS Low) AND (Length IS High),High,0.026804123711340208,0.2547958553207536,4204.2959033777515,1071.2371707226746,3971.358924781758,0.2248427672955975,0.4,0.3333333333333333,2926.0
55,all,R17,IF (PointsAjust IS High) AND (TeamExp IS High) AND (Length IS Medium),Medium,0.0,0.0,2596.1812515171646,0.0,3971.358924781758,0.2248427672955975,0.4,0.3333333333333333,2926.0
55,all,R18,IF (PointsAjust IS High) AND (TeamExp IS Medium) AND (Length IS Medium),High,0.0,0.0,4204.2959033777515,0.0,3971.358924781758,0.2248427672955975,0.4,0.3333333333333333,2926.0
55,all,R19,IF (PointsAjust IS High) AND (TeamExp IS Low) AND (Length IS Medium),High,0.0,0.0,4204.2959033777515,0.0,3971.358924781758,0.2248427672955975,0.4,0.3333333333333333,2926.0
55,all,R20,IF (PointsAjust IS High) AND (TeamExp IS Low) AND (Length IS High),Very_High,0.0,0.0,13393.175591743286,0.0,3971.358924781758,0.2248427672955975,0.4,0.3333333333333333,2926.0
56,all,R1,IF (PointsAjust IS Low) AND (TeamExp IS High) AND (Length IS Low),Very_Low,0.12857142857142864,1.0,2177.461764770412,2177.461764770412,2177.461764770412,0.0864779874213836,0.8,0.1515151515151515,1876.0
56,all,R2,IF (PointsAjust IS Low) AND (TeamExp IS High) AND (Length IS Medium),Low,0.0,0.0,1279.1950955609136,0.0,2177.461764770412,0.0864779874213836,0.8,0.1515151515151515,1876.0
56,all,R3,IF (PointsAjust IS Low) AND (TeamExp IS High) AND (Length IS High),Medium,0.0,0.0,3703.6347707139585,0.0,2177.461764770412,0.0864779874213836,0.8,0.1515151515151515,1876.0
56,all,R4,IF (PointsAjust IS Low) AND (TeamExp IS Medium) AND (Length IS Low),Low,0.0,0.0,1279.1950955609136,0.0,2177.461764770412,0.0864779874213836,0.8,0.1515151515151515,1876.0
56,all,R5,IF (PointsAjust IS Low) AND (TeamExp IS Medium) AND (Length IS Medium),Medium,0.0,0.0,3703.6347707139585,0.0,2177.461764770412,0.0864779874213836,0.8,0.1515151515151515,1876.0
56,all,R6,IF (PointsAjust IS Low) AND (TeamExp IS Medium) AND (Length IS High),Medium,0.0,0.0,3703.6347707139585,0.0,2177.461764770412,0.0864779874213836,0.8,0.1515151515151515,1876.0
56,all,R7,IF (PointsAjust IS Low) AND (TeamExp IS Low) AND (Length IS Medium),Medium,0.0,0.0,3703.6347707139585,0.0,2177.461764770412,0.0864779874213836,0.8,0.1515151515151515,1876.0
56,all,R8,IF (PointsAjust IS Low) AND (TeamExp IS Low) AND (Length IS High),High,0.0,0.0,4312.788314257842,0.0,2177.461764770412,0.0864779874213836,0.8,0.1515151515151515,1876.0
56,all,R9,IF (PointsAjust IS Medium) AND (TeamExp IS High) AND (Length IS Low),Low,0.0,0.0,1279.1950955609136,0.0,2177.461764770412,0.0864779874213836,0.8,0.1515151515151515,1876.0
56,all,R10,IF (PointsAjust IS Medium) AND (TeamExp IS High) AND (Length IS Medium),Medium,0.0,0.0,3703.6347707139585,0.0,2177.461764770412,0.0864779874213836,0.8,0.1515151515151515,1876.0
56,all,R11,IF (PointsAjust IS Medium) AND (TeamExp IS High) AND (Length IS High),Medium,0.0,0.0,3703.6347707139585,0.0,2177.461764770412,0.0864779874213836,0.8,0.1515151515151515,1876.0
56,all,R12,IF (PointsAjust IS Medium) AND (TeamExp IS Medium) AND (Length IS Low),Medium,0.0,0.0,3703.6347707139585,0.0,2177.461764770412,0.0864779874213836,0.8,0.1515151515151515,1876.0
56,all,R13,IF (PointsAjust IS Medium) AND (TeamExp IS Medium) AND (Length IS Medium),Medium,0.0,0.0,3703.6347707139585,0.0,2177.461764770412,0.0864779874213836,0.8,0.1515151515151515,1876.0
56,all,R14,IF (PointsAjust IS Medium) AND (TeamExp IS Medium) AND (Length IS High),High,0.0,0.0,4312.788314257842,0.0,2177.461764770412,0.0864779874213836,0.8,0.1515151515151515,1876.0
56,all,R15,IF (PointsAjust IS Medium) AND (TeamExp IS Low) AND (Length IS Medium),High,0.0,0.0,4312.788314257842,0.0,2177.461764770412,0.0864779874213836,0.8,0.1515151515151515,1876.0
56,all,R16,IF (PointsAjust IS Medium) AND (TeamExp IS Low) AND (Length IS High),High,0.0,0.0,4312.788314257842,0.0,2177.461764770412,0.0864779874213836,0.8,0.1515151515151515,1876.0
56,all,R17,IF (PointsAjust IS High) AND (TeamExp IS High) AND (Length IS Medium),Medium,0.0,0.0,3703.6347707139585,0.0,2177.461764770412,0.0864779874213836,0.8,0.1515151515151515,1876.0
56,all,R18,IF (PointsAjust IS High) AND (TeamExp IS Medium) AND (Length IS Medium),High,0.0,0.0,4312.788314257842,0.0,2177.461764770412,0.0864779874213836,0.8,0.1515151515151515,1876.0
56,all,R19,IF (PointsAjust IS High) AND (TeamExp IS Low) AND (Length IS Medium),High,0.0,0.0,4312.788314257842,0.0,2177.461764770412,0.0864779874213836,0.8,0.1515151515151515,1876.0
56,all,R20,IF (PointsAjust IS High) AND (TeamExp IS Low) AND (Length IS High),Very_High,0.0,0.0,18330.148838781035,0.0,2177.461764770412,0.0864779874213836,0.8,0.1515151515151515,1876.0
57,all,R1,IF (PointsAjust IS Low) AND (TeamExp IS High) AND (Length IS Low),Very_Low,0.0,0.05,3749.7607549624026,187.48803774812015,2616.754124402253,0.1226415094339622,0.4,0.1212121212121212,2520.0
57,all,R2,IF (PointsAjust IS Low) AND (TeamExp IS High) AND (Length IS Medium),Low,0.0,0.05,-3318.787906942147,-165.93939534710736,2616.754124402253,0.1226415094339622,0.4,0.1212121212121212,2520.0
57,all,R3,IF (PointsAjust IS Low) AND (TeamExp IS High) AND (Length IS High),Medium,0.0,0.05,2872.415086443387,143.62075432216935,2616.754124402253,0.1226415094339622,0.4,0.1212121212121212,2520.0
57,all,R4,IF (PointsAjust IS Low) AND (TeamExp IS Medium) AND (Length IS Low),Low,0.0,0.05,-3318.787906942147,-165.93939534710736,2616.754124402253,0.1226415094339622,0.4,0.1212121212121212,2520.0
57,all,R5,IF (PointsAjust IS Low) AND (TeamExp IS Medium) AND (Length IS Medium),Medium,0.0,0.05,2872.415086443387,143.62075432216935,2616.754124402253,0.1226415094339622,0.4,0.1212121212121212,2520.0
57,all,R6,IF (PointsAjust IS Low) AND (TeamExp IS Medium) AND (Length IS High),Medium,0.0,0.05,2872.415086443387,143.62075432216935,2616.754124402253,0.1226415094339622,0.4,0.1212121212121212,2520.0
57,all,R7,IF (PointsAjust IS Low) AND (TeamExp IS Low) AND (Length IS Medium),Medium,0.0,0.05,2872.415086443387,143.62075432216935,2616.754124402253,0.1226415094339622,0.4,0.1212121212121212,2520.0
57,all,R8,IF (PointsAjust IS Low) AND (TeamExp IS Low) AND (Length IS High),High,0.0,0.05,3198.6078734276784,159.93039367138394,2616.754124402253,0.1226415094339622,0.4,0.1212121212121212,2520.0
57,all,R9,IF (PointsAjust IS Medium) AND (TeamExp IS High) AND (Length IS Low),Low,0.0,0.05,-3318.787906942147,-165.93939534710736,2616.754124402253,0.1226415094339622,0.4,0.1212121212121212,2520.0
57,all,R10,IF (PointsAjust IS Medium) AND (TeamExp IS High) AND (Length IS Medium),Medium,0.0,0.05,2872.415086443387,143.62075432216935,2616.754124402253,0.1226415094339622,0.4,0.1212121212121212,2520.0
57,all,R11,IF (PointsAjust IS Medium) AND (TeamExp IS High) AND (Length IS High),Medium,0.0,0.05,2872.415086443387,143.62075432216935,2616.754124402253,0.1226415094339622,0.4,0.1212121212121212,2520.0
57,all,R12,IF (PointsAjust IS Medium) AND (TeamExp IS Medium) AND (Length IS Low),Medium,0.0,0.05,2872.415086443387,143.62075432216935,2616.754124402253,0.1226415094339622,0.4,0.1212121212121212,2520.0
57,all,R13,IF (PointsAjust IS Medium) AND (TeamExp IS Medium) AND (Length IS Medium),Medium,0.0,0.05,2872.415086443387,143.62075432216935,2616.754124402253,0.1226415094339622,0.4,0.1212121212121212,2520.0
57,all,R14,IF (PointsAjust IS Medium) AND (TeamExp IS Medium) AND (Length IS High),High,0.0,0.05,3198.6078734276784,159.93039367138394,2616.754124402253,0.1226415094339622,0.4,0.1212121212121212,2520.0
57,all,R15,IF (PointsAjust IS Medium) AND (TeamExp IS Low) AND (Length IS Medium),High,0.0,0.05,3198.6078734276784,159.93039367138394,2616.754124402253,0.1226415094339622,0.4,0.1212121212121212,2520.0
57,all,R16,IF (PointsAjust IS Medium) AND (TeamExp IS Low) AND (Length IS High),High,0.0,0.05,3198.6078734276784,159.93039367138394,2616.754124402253,0.1226415094339622,0.4,0.1212121212121212,2520.0
57,all,R17,IF (PointsAjust IS High) AND (TeamExp IS High) AND (Length IS Medium),Medium,0.0,0.05,2872.415086443387,143.62075432216935,2616.754124402253,0.1226415094339622,0.4,0.1212121212121212,2520.0
57,all,R18,IF (PointsAjust IS High) AND (TeamExp IS Medium) AND (Length IS Medium),High,0.0,0.05,3198.6078734276784,159.93039367138394,2616.754124402253,0.1226415094339622,0.4,0.1212121212121212,2520.0
57,all,R19,IF (PointsAjust IS High) AND (TeamExp IS Low) AND (Length IS Medium),High,0.0,0.05,3198.6078734276784,159.93039367138394,2616.754124402253,0.1226415094339622,0.4,0.1212121212121212,2520.0
57,all,R20,IF (PointsAjust IS High) AND (TeamExp IS Low) AND (Length IS High),Very_High,0.0,0.05,13498.302435352558,674.915121767628,2616.754124402253,0.1226415094339622,0.4,0.1212121212121212,2520.0
58,all,R1,IF (PointsAjust IS Low) AND (TeamExp IS High) AND (Length IS Low),Very_Low,0.0,0.0,1555.7969844698796,0.0,3690.84478260527,0.080188679245283,1.0,0.3636363636363636,1603.0
58,all,R2,IF (PointsAjust IS Low) AND (TeamExp IS High) AND (Length IS Medium),Low,0.0,0.0,2461.879583247979,0.0,3690.84478260527,0.080188679245283,1.0,0.3636363636363636,1603.0
58,all,R3,IF (PointsAjust IS Low) AND (TeamExp IS High) AND (Length IS High),Medium,0.11337142857142857,1.0,3690.8447826052707,3690.8447826052707,3690.84478260527,0.080188679245283,1.0,0.3636363636363636,1603.0
58,all,R4,IF (PointsAjust IS Low) AND (TeamExp IS Medium) AND (Length IS Low),Low,0.0,0.0,2461.879583247979,0.0,3690.84478260527,0.080188679245283,1.0,0.3636363636363636,1603.0
58,all,R5,IF (PointsAjust IS Low) AND (TeamExp IS Medium) AND (Length IS Medium),Medium,0.0,0.0,3690.8447826052707,0.0,3690.84478260527,0.080188679245283,1.0,0.3636363636363636,1603.0
58,all,R6,IF (PointsAjust IS Low) AND (TeamExp IS Medium) AND (Length IS High),Medium,0.0,0.0,3690.8447826052707,0.0,3690.84478260527,0.080188679245283,1.0,0.3636363636363636,1603.0
58,all,R7,IF (PointsAjust IS Low) AND (TeamExp IS Low) AND (Length IS Medium),Medium,0.0,0.0,3690.8447826052707,0.0,3690.84478260527,0.080188679245283,1.0,0.3636363636363636,1603.0
58,all,R8,IF (PointsAjust IS Low) AND (TeamExp IS Low) AND (Length IS High),High,0.0,0.0,5490.533215168647,0.0,3690.84478260527,0.080188679245283,1.0,0.3636363636363636,1603.0
58,all,R9,IF (PointsAjust IS Medium) AND (TeamExp IS High) AND (Length IS Low),Low,0.0,0.0,2461.879583247979,0.0,3690.84478260527,0.080188679245283,1.0,0.3636363636363636,1603.0
58,all,R10,IF (PointsAjust IS Medium) AND (TeamExp IS High) AND (Length IS Medium),Medium,0.0,0.0,3690.8447826052707,0.0,3690.84478260527,0.080188679245283,1.0,0.3636363636363636,1603.0
58,all,R11,IF (PointsAjust IS Medium) AND (TeamExp IS High) AND (Length IS High),Medium,0.0,0.0,3690.8447826052707,0.0,3690.84478260527,0.080188679245283,1.0,0.3636363636363636,1603.0
58,all,R12,IF (PointsAjust IS Medium) AND (TeamExp IS Medium) AND (Length IS Low),Medium,0.0,0.0,3690.8447826052707,0.0,3690.84478260527,0.080188679245283,1.0,0.3636363636363636,1603.0
58,all,R13,IF (PointsAjust IS Medium) AND (TeamExp IS Medium) AND (Length IS Medium),Medium,0.0,0.0,3690.8447826052707,0.0,3690.84478260527,0.080188679245283,1.0,0.3636363636363636,1603.0
58,all,R14,IF (PointsAjust IS Medium) AND (TeamExp IS Medium) AND (Length IS High),High,0.0,0.0,5490.533215168647,0.0,3690.84478260527,0.080188679245283,1.0,0.3636363636363636,1603.0
58,all,R15,IF (PointsAjust IS Medium) AND (TeamExp IS Low) AND (Length IS Medium),High,0.0,0.0,5490.533215168647,0.0,3690.84478260527,0.080188679245283,1.0,0.3636363636363636,1603.0
58,all,R16,IF (PointsAjust IS Medium) AND (TeamExp IS Low) AND (Length IS High),High,0.0,0.0,5490.533215168647,0.0,3690.84478260527,0.080188679245283,1.0,0.3636363636363636,1603.0
58,all,R17,IF (PointsAjust IS High) AND (TeamExp IS High) AND (Length IS Medium),Medium,0.0,0.0,3690.8447826052707,0.0,3690.84478260527,0.080188679245283,1.0,0.3636363636363636,1603.0
58,all,R18,IF (PointsAjust IS High) AND (TeamExp IS Medium) AND (Length IS Medium),High,0.0,0.0,5490.533215168647,0.0,3690.84478260527,0.080188679245283,1.0,0.3636363636363636,1603.0
58,all,R19,IF (PointsAjust IS High) AND (TeamExp IS Low) AND (Length IS Medium),High,0.0,0.0,5490.533215168647,0.0,3690.84478260527,0.080188679245283,1.0,0.3636363636363636,1603.0
58,all,R20,IF (PointsAjust IS High) AND (TeamExp IS Low) AND (Length IS High),Very_High,0.0,0.0,20154.55146153841,0.0,3690.84478260527,0.080188679245283,1.0,0.3636363636363636,1603.0
59,all,R1,IF (PointsAjust IS Low) AND (TeamExp IS High) AND (Length IS Low),Very_Low,0.0,0.0,6022.549025842757,0.0,4359.284862981209,0.360062893081761,0.4,0.2121212121212121,3626.0
59,all,R2,IF (PointsAjust IS Low) AND (TeamExp IS High) AND (Length IS Medium),Low,0.0,0.0,-1091.877928356409,-0.0,4359.284862981209,0.360062893081761,0.4,0.2121212121212121,3626.0
59,all,R3,IF (PointsAjust IS Low) AND (TeamExp IS High) AND (Length IS High),Medium,0.0,0.0,3154.502670162461,0.0,4359.284862981209,0.360062893081761,0.4,0.2121212121212121,3626.0
59,all,R4,IF (PointsAjust IS Low) AND (TeamExp IS Medium) AND (Length IS Low),Low,0.0,0.0,-1091.877928356409,-0.0,4359.284862981209,0.360062893081761,0.4,0.2121212121212121,3626.0
59,all,R5,IF (PointsAjust IS Low) AND (TeamExp IS Medium) AND (Length IS Medium),Medium,0.0,0.0,3154.502670162461,0.0,4359.284862981209,0.360062893081761,0.4,0.2121212121212121,3626.0
59,all,R6,IF (PointsAjust IS Low) AND (TeamExp IS Medium) AND (Length IS High),Medium,0.0,0.0,3154.502670162461,0.0,4359.284862981209,0.360062893081761,0.4,0.2121212121212121,3626.0
59,all,R7,IF (PointsAjust IS Low) AND (TeamExp IS Low) AND (Length IS Medium),Medium,0.0,0.0,3154.502670162461,0.0,4359.284862981209,0.360062893081761,0.4,0.2121212121212121,3626.0
59,all,R8,IF (PointsAjust IS Low) AND (TeamExp IS Low) AND (Length IS High),High,0.0,0.0,4359.284862981209,0.0,4359.284862981209,0.360062893081761,0.4,0.2121212121212121,3626.0
59,all,R9,IF (PointsAjust IS Medium) AND (TeamExp IS High) AND (Length IS Low),Low,0.0,0.0,-1091.877928356409,-0.0,4359.284862981209,0.360062893081761,0.4,0.2121212121212121,3626.0
59,all,R10,IF (PointsAjust IS Medium) AND (TeamExp IS High) AND (Length IS Medium),Medium,0.0,0.0,3154.502670162461,0.0,4359.284862981209,0.360062893081761,0.4,0.2121212121212121,3626.0
59,all,R11,IF (PointsAjust IS Medium) AND (TeamExp IS High) AND (Length IS High),Medium,0.0,0.0,3154.502670162461,0.0,4359.284862981209,0.360062893081761,0.4,0.2121212121212121,3626.0
59,all,R12,IF (PointsAjust IS Medium) AND (TeamExp IS Medium) AND (Length IS Low),Medium,0.0,0.0,3154.502670162461,0.0,4359.284862981209,0.360062893081761,0.4,0.2121212121212121,3626.0
59,all,R13,IF (PointsAjust IS Medium) AND (TeamExp IS Medium) AND (Length IS Medium),Medium,0.0,0.0,3154.502670162461,0.0,4359.284862981209,0.360062893081761,0.4,0.2121212121212121,3626.0
59,all,R14,IF (PointsAjust IS Medium) AND (TeamExp IS Medium) AND (Length IS High),High,0.0,0.0,4359.284862981209,0.0,4359.284862981209,0.360062893081761,0.4,0.2121212121212121,3626.0
59,all,R15,IF (PointsAjust IS Medium) AND (TeamExp IS Low) AND (Length IS Medium),High,0.06837606837606842,0.7242733699921449,4359.284862981209,3157.3139384671454,4359.284862981209,0.360062893081761,0.4,0.2121212121212121,3626.0
59,all,R16,IF (PointsAjust IS Medium) AND (TeamExp IS Low) AND (Length IS High),High,0.0,0.0,4359.284862981209,0.0,4359.284862981209,0.360062893081761,0.4,0.2121212121212121,3626.0
59,all,R17,IF (PointsAjust IS High) AND (TeamExp IS High) AND (Length IS Medium),Medium,0.0,0.0,3154.502670162461,0.0,4359.284862981209,0.360062893081761,0.4,0.2121212121212121,3626.0
59,all,R18,IF (PointsAjust IS High) AND (TeamExp IS Medium) AND (Length IS Medium),High,0.0,0.0,4359.284862981209,0.0,4359.284862981209,0.360062893081761,0.4,0.2121212121212121,3626.0
59,all,R19,IF (PointsAjust IS High) AND (TeamExp IS Low) AND (Length IS Medium),High,0.02603036876355747,0.2757266300078552,4359.284862981209,1201.9709245140634,4359.284862981209,0.360062893081761,0.4,0.2121212121212121,3626.0
59,all,R20,IF (PointsAjust IS High) AND (TeamExp IS Low) AND (Length IS High),Very_High,0.0,0.0,14603.908100324243,0.0,4359.284862981209,0.360062893081761,0.4,0.2121212121212121,3626.0
60,all,R1,IF (PointsAjust IS Low) AND (TeamExp IS High) AND (Length IS Low),Very_Low,0.0,0.0,5687.846009928908,0.0,4684.993393629165,0.3883647798742138,0.6,0.2727272727272727,6783.0
60,all,R2,IF (PointsAjust IS Low) AND (TeamExp IS High) AND (Length IS Medium),Low,0.0,0.0,1465.6191863078711,0.0,4684.993393629165,0.3883647798742138,0.6,0.2727272727272727,6783.0
60,all,R3,IF (PointsAjust IS Low) AND (TeamExp IS High) AND (Length IS High),Medium,0.0,0.0,3561.5594698448003,0.0,4684.993393629165,0.3883647798742138,0.6,0.2727272727272727,6783.0
60,all,R4,IF (PointsAjust IS Low) AND (TeamExp IS Medium) AND (Length IS Low),Low,0.0,0.0,1465.6191863078711,0.0,4684.993393629165,0.3883647798742138,0.6,0.2727272727272727,6783.0
60,all,R5,IF (PointsAjust IS Low) AND (TeamExp IS Medium) AND (Length IS Medium),Medium,0.0,0.0,3561.5594698448003,0.0,4684.993393629165,0.3883647798742138,0.6,0.2727272727272727,6783.0
60,all,R6,IF (PointsAjust IS Low) AND (TeamExp IS Medium) AND (Length IS High),Medium,0.0,0.0,3561.5594698448003,0.0,4684.993393629165,0.3883647798742138,0.6,0.2727272727272727,6783.0
60,all,R7,IF (PointsAjust IS Low) AND (TeamExp IS Low) AND (Length IS Medium),Medium,0.0,0.0,3561.5594698448003,0.0,4684.993393629165,0.3883647798742138,0.6,0.2727272727272727,6783.0
60,all,R8,IF (PointsAjust IS Low) AND (TeamExp IS Low) AND (Length IS High),High,0.0,0.0,5224.1462434826535,0.0,4684.993393629165,0.3883647798742138,0.6,0.2727272727272727,6783.0
60,all,R9,IF (PointsAjust IS Medium) AND (TeamExp IS High) AND (Length IS Low),Low,0.0,0.0,1465.6191863078711,0.0,4684.993393629165,0.3883647798742138,0.6,0.2727272727272727,6783.0
60,all,R10,IF (PointsAjust IS Medium) AND (TeamExp IS High) AND (Length IS Medium),Medium,0.0,0.0,3561.5594698448003,0.0,4684.993393629165,0.3883647798742138,0.6,0.2727272727272727,6783.0
60,all,R11,IF (PointsAjust IS Medium) AND (TeamExp IS High) AND (Length IS High),Medium,0.0,0.0,3561.5594698448003,0.0,4684.993393629165,0.3883647798742138,0.6,0.2727272727272727,6783.0
60,all,R12,IF (PointsAjust IS Medium) AND (TeamExp IS Medium) AND (Length IS Low),Medium,0.0,0.0,3561.5594698448003,0.0,4684.993393629165,0.3883647798742138,0.6,0.2727272727272727,6783.0
60,all,R13,IF (PointsAjust IS Medium) AND (TeamExp IS Medium) AND (Length IS Medium),Medium,0.057692307692308,0.32428554010073374,3561.5594698448003,1154.962236279504,4684.993393629165,0.3883647798742138,0.6,0.2727272727272727,6783.0
60,all,R14,IF (PointsAjust IS Medium) AND (TeamExp IS Medium) AND (Length IS High),High,0.003076923076923094,0.01729522880537247,5224.1462434826535,90.35280459375957,4684.993393629165,0.3883647798742138,0.6,0.2727272727272727,6783.0
60,all,R15,IF (PointsAjust IS Medium) AND (TeamExp IS Low) AND (Length IS Medium),High,0.0,0.0,5224.1462434826535,0.0,4684.993393629165,0.3883647798742138,0.6,0.2727272727272727,6783.0
60,all,R16,IF (PointsAjust IS Medium) AND (TeamExp IS Low) AND (Length IS High),High,0.0,0.0,5224.1462434826535,0.0,4684.993393629165,0.3883647798742138,0.6,0.2727272727272727,6783.0
60,all,R17,IF (PointsAjust IS High) AND (TeamExp IS High) AND (Length IS Medium),Medium,0.0,0.0,3561.5594698448003,0.0,4684.993393629165,0.3883647798742138,0.6,0.2727272727272727,6783.0
60,all,R18,IF (PointsAjust IS High) AND (TeamExp IS Medium) AND (Length IS Medium),High,0.11713665943600864,0.6584192310938938,5224.1462434826535,3439.6783527559023,4684.993393629165,0.3883647798742138,0.6,0.2727272727272727,6783.0
60,all,R19,IF (PointsAjust IS High) AND (TeamExp IS Low) AND (Length IS Medium),High,0.0,0.0,5224.1462434826535,0.0,4684.993393629165,0.3883647798742138,0.6,0.2727272727272727,6783.0
60,all,R20,IF (PointsAjust IS High) AND (TeamExp IS Low) AND (Length IS High),Very_High,0.0,0.0,17142.805215105574,0.0,4684.993393629165,0.3883647798742138,0.6,0.2727272727272727,6783.0
61,all,R1,IF (PointsAjust IS Low) AND (TeamExp IS High) AND (Length IS Low),Very_Low,0.0,0.05,2670.902984274176,133.5451492137088,2049.773227797143,0.0078616352201257,0.4,0.1515151515151515,1267.0
61,all,R2,IF (PointsAjust IS Low) AND (TeamExp IS High) AND (Length IS Medium),Low,0.0,0.05,-4868.740153758807,-243.43700768794034,2049.773227797143,0.0078616352201257,0.4,0.1515151515151515,1267.0
61,all,R3,IF (PointsAjust IS Low) AND (TeamExp IS High) AND (Length IS High),Medium,0.0,0.05,2565.3513194539564,128.26756597269784,2049.773227797143,0.0078616352201257,0.4,0.1515151515151515,1267.0
61,all,R4,IF (PointsAjust IS Low) AND (TeamExp IS Medium) AND (Length IS Low),Low,0.0,0.05,-4868.740153758807,-243.43700768794034,2049.773227797143,0.0078616352201257,0.4,0.1515151515151515,1267.0
61,all,R5,IF (PointsAjust IS Low) AND (TeamExp IS Medium) AND (Length IS Medium),Medium,0.0,0.05,2565.3513194539564,128.26756597269784,2049.773227797143,0.0078616352201257,0.4,0.1515151515151515,1267.0
61,all,R6,IF (PointsAjust IS Low) AND (TeamExp IS Medium) AND (Length IS High),Medium,0.0,0.05,2565.3513194539564,128.26756597269784,2049.773227797143,0.0078616352201257,0.4,0.1515151515151515,1267.0
61,all,R7,IF (PointsAjust IS Low) AND (TeamExp IS Low) AND (Length IS Medium),Medium,0.0,0.05,2565.3513194539564,128.26756597269784,2049.773227797143,0.0078616352201257,0.4,0.1515151515151515,1267.0
61,all,R8,IF (PointsAjust IS Low) AND (TeamExp IS Low) AND (Length IS High),High,0.0,0.05,2854.703726210385,142.73518631051925,2049.773227797143,0.0078616352201257,0.4,0.1515151515151515,1267.0
61,all,R9,IF (PointsAjust IS Medium) AND (TeamExp IS High) AND (Length IS Low),Low,0.0,0.05,-4868.740153758807,-243.43700768794034,2049.773227797143,0.0078616352201257,0.4,0.1515151515151515,1267.0
61,all,R10,IF (PointsAjust IS Medium) AND (TeamExp IS High) AND (Length IS Medium),Medium,0.0,0.05,2565.3513194539564,128.26756597269784,2049.773227797143,0.0078616352201257,0.4,0.1515151515151515,1267.0
61,all,R11,IF (PointsAjust IS Medium) AND (TeamExp IS High) AND (Length IS High),Medium,0.0,0.05,2565.3513194539564,128.26756597269784,2049.773227797143,0.0078616352201257,0.4,0.1515151515151515,1267.0
61,all,R12,IF (PointsAjust IS Medium) AND (TeamExp IS Medium) AND (Length IS Low),Medium,0.0,0.05,2565.3513194539564,128.26756597269784,2049.773227797143,0.0078616352201257,0.4,0.1515151515151515,1267.0
61,all,R13,IF (PointsAjust IS Medium) AND (TeamExp IS Medium) AND (Length IS Medium),Medium,0.0,0.05,2565.3513194539564,128.26756597269784,2049.773227797143,0.0078616352201257,0.4,0.1515151515151515,1267.0
61,all,R14,IF (PointsAjust IS Medium) AND (TeamExp IS Medium) AND (Length IS High),High,0.0,0.05,2854.703726210385,142.73518631051925,2049.773227797143,0.0078616352201257,0.4,0.1515151515151515,1267.0
61,all,R15,IF (PointsAjust IS Medium) AND (TeamExp IS Low) AND (Length IS Medium),High,0.0,0.05,2854.703726210385,142.73518631051925,2049.773227797143,0.0078616352201257,0.4,0.1515151515151515,1267.0
61,all,R16,IF (PointsAjust IS Medium) AND (TeamExp IS Low) AND (Length IS High),High,0.0,0.05,2854.703726210385,142.73518631051925,2049.773227797143,0.0078616352201257,0.4,0.1515151515151515,1267.0
61,all,R17,IF (PointsAjust IS High) AND (TeamExp IS High) AND (Length IS Medium),Medium,0.0,0.05,2565.3513194539564,128.26756597269784,2049.773227797143,0.0078616352201257,0.4,0.1515151515151515,1267.0
61,all,R18,IF (PointsAjust IS High) AND (TeamExp IS Medium) AND (Length IS Medium),High,0.0,0.05,2854.703726210385,142.73518631051925,2049.773227797143,0.0078616352201257,0.4,0.1515151515151515,1267.0
61,all,R19,IF (PointsAjust IS High) AND (TeamExp IS Low) AND (Length IS Medium),High,0.0,0.05,2854.703726210385,142.73518631051925,2049.773227797143,0.0078616352201257,0.4,0.1515151515151515,1267.0
61,all,R20,IF (PointsAjust IS High) AND (TeamExp IS Low) AND (Length IS High),Very_High,0.0,0.05,12714.397800597195,635.7198900298598,2049.773227797143,0.0078616352201257,0.4,0.1515151515151515,1267.0
62,all,R1,IF (PointsAjust IS Low) AND (TeamExp IS High) AND (Length IS Low),Very_Low,0.0,0.05,3228.6049295486837,161.4302464774342,2363.3312899353878,0.0676100628930817,0.4,0.1212121212121212,2548.0
62,all,R2,IF (PointsAjust IS Low) AND (TeamExp IS High) AND (Length IS Medium),Low,0.0,0.05,-3969.292866850931,-198.46464334254657,2363.3312899353878,0.0676100628930817,0.4,0.1212121212121212,2548.0
62,all,R3,IF (PointsAjust IS Low) AND (TeamExp IS High) AND (Length IS High),Medium,0.0,0.05,2758.5914081621495,137.92957040810748,2363.3312899353878,0.0676100628930817,0.4,0.1212121212121212,2548.0
62,all,R4,IF (PointsAjust IS Low) AND (TeamExp IS Medium) AND (Length IS Low),Low,0.0,0.05,-3969.292866850931,-198.46464334254657,2363.3312899353878,0.0676100628930817,0.4,0.1212121212121212,2548.0
62,all,R5,IF (PointsAjust IS Low) AND (TeamExp IS Medium) AND (Length IS Medium),Medium,0.0,0.05,2758.5914081621495,137.92957040810748,2363.3312899353878,0.0676100628930817,0.4,0.1212121212121212,2548.0
62,all,R6,IF (PointsAjust IS Low) AND (TeamExp IS Medium) AND (Length IS High),Medium,0.0,0.05,2758.5914081621495,137.92957040810748,2363.3312899353878,0.0676100628930817,0.4,0.1212121212121212,2548.0
62,all,R7,IF (PointsAjust IS Low) AND (TeamExp IS Low) AND (Length IS Medium),Medium,0.0,0.05,2758.5914081621495,137.92957040810748,2363.3312899353878,0.0676100628930817,0.4,0.1212121212121212,2548.0
62,all,R8,IF (PointsAjust IS Low) AND (TeamExp IS Low) AND (Length IS High),High,0.0,0.05,2991.219683989329,149.56098419946645,2363.3312899353878,0.0676100628930817,0.4,0.1212121212121212,2548.0
62,all,R9,IF (PointsAjust IS Medium) AND (TeamExp IS High) AND (Length IS Low),Low,0.0,0.05,-3969.292866850931,-198.46464334254657,2363.3312899353878,0.0676100628930817,0.4,0.1212121212121212,2548.0
62,all,R10,IF (PointsAjust IS Medium) AND (TeamExp IS High) AND (Length IS Medium),Medium,0.0,0.05,2758.5914081621495,137.92957040810748,2363.3312899353878,0.0676100628930817,0.4,0.1212121212121212,2548.0
62,all,R11,IF (PointsAjust IS Medium) AND (TeamExp IS High) AND (Length IS High),Medium,0.0,0.05,2758.5914081621495,137.92957040810748,2363.3312899353878,0.0676100628930817,0.4,0.1212121212121212,2548.0
62,all,R12,IF (PointsAjust IS Medium) AND (TeamExp IS Medium) AND (Length IS Low),Medium,0.0,0.05,2758.5914081621495,137.92957040810748,2363.3312899353878,0.0676100628930817,0.4,0.1212121212121212,2548.0
62,all,R13,IF (PointsAjust IS Medium) AND (TeamExp IS Medium) AND (Length IS Medium),Medium,0.0,0.05,2758.5914081621495,137.92957040810748,2363.3312899353878,0.0676100628930817,0.4,0.1212121212121212,2548.0
62,all,R14,IF (PointsAjust IS Medium) AND (TeamExp IS Medium) AND (Length IS High),High,0.0,0.05,2991.219683989329,149.56098419946645,2363.3312899353878,0.0676100628930817,0.4,0.1212121212121212,2548.0
62,all,R15,IF (PointsAjust IS Medium) AND (TeamExp IS Low) AND (Length IS Medium),High,0.0,0.05,2991.219683989329,149.56098419946645,2363.3312899353878,0.0676100628930817,0.4,0.1212121212121212,2548.0
62,all,R16,IF (PointsAjust IS Medium) AND (TeamExp IS Low) AND (Length IS High),High,0.0,0.05,2991.219683989329,149.56098419946645,2363.3312899353878,0.0676100628930817,0.4,0.1212121212121212,2548.0
62,all,R17,IF (PointsAjust IS High) AND (TeamExp IS High) AND (Length IS Medium),Medium,0.0,0.05,2758.5914081621495,137.92957040810748,2363.3312899353878,0.0676100628930817,0.4,0.1212121212121212,2548.0
62,all,R18,IF (PointsAjust IS High) AND (TeamExp IS Medium) AND (Length IS Medium),High,0.0,0.05,2991.219683989329,149.56098419946645,2363.3312899353878,0.0676100628930817,0.4,0.1212121212121212,2548.0
62,all,R19,IF (PointsAjust IS High) AND (TeamExp IS Low) AND (Length IS Medium),High,0.0,0.05,2991.219683989329,149.56098419946645,2363.3312899353878,0.0676100628930817,0.4,0.1212121212121212,2548.0
62,all,R20,IF (PointsAjust IS High) AND (TeamExp IS Low) AND (Length IS High),Very_High,0.0,0.05,13171.25869231655,658.5629346158275,2363.3312899353878,0.0676100628930817,0.4,0.1212121212121212,2548.0
63,all,R1,IF (PointsAjust IS Low) AND (TeamExp IS High) AND (Length IS Low),Very_Low,0.0,0.0,2209.959282611964,0.0,654.2301522217715,0.0864779874213836,0.8,0.2727272727272727,1155.0
63,all,R2,IF (PointsAjust IS Low) AND (TeamExp IS High) AND (Length IS Medium),Low,0.2571428571428572,0.9493670886075949,506.4560595332714,480.81271474677663,654.2301522217715,0.0864779874213836,0.8,0.2727272727272727,1155.0
63,all,R3,IF (PointsAjust IS Low) AND (TeamExp IS High) AND (Length IS High),Medium,0.013714285714285719,0.05063291139240507,3424.9943901311303,173.41743747499396,654.2301522217715,0.0864779874213836,0.8,0.2727272727272727,1155.0
63,all,R4,IF (PointsAjust IS Low) AND (TeamExp IS Medium) AND (Length IS Low),Low,0.0,0.0,506.4560595332714,0.0,654.2301522217715,0.0864779874213836,0.8,0.2727272727272727,1155.0
63,all,R5,IF (PointsAjust IS Low) AND (TeamExp IS Medium) AND (Length IS Medium),Medium,0.0,0.0,3424.9943901311303,0.0,654.2301522217715,0.0864779874213836,0.8,0.2727272727272727,1155.0
63,all,R6,IF (PointsAjust IS Low) AND (TeamExp IS Medium) AND (Length IS High),Medium,0.0,0.0,3424.9943901311303,0.0,654.2301522217715,0.0864779874213836,0.8,0.2727272727272727,1155.0
63,all,R7,IF (PointsAjust IS Low) AND (TeamExp IS Low) AND (Length IS Medium),Medium,0.0,0.0,3424.9943901311303,0.0,654.2301522217715,0.0864779874213836,0.8,0.2727272727272727,1155.0
63,all,R8,IF (PointsAjust IS Low) AND (TeamExp IS Low) AND (Length IS High),High,0.0,0.0,4667.381762988615,0.0,654.2301522217715,0.0864779874213836,0.8,0.2727272727272727,1155.0
63,all,R9,IF (PointsAjust IS Medium) AND (TeamExp IS High) AND (Length IS Low),Low,0.0,0.0,506.4560595332714,0.0,654.2301522217715,0.0864779874213836,0.8,0.2727272727272727,1155.0
63,all,R10,IF (PointsAjust IS Medium) AND (TeamExp IS High) AND (Length IS Medium),Medium,0.0,0.0,3424.9943901311303,0.0,654.2301522217715,0.0864779874213836,0.8,0.2727272727272727,1155.0
63,all,R11,IF (PointsAjust IS Medium) AND (TeamExp IS High) AND (Length IS High),Medium,0.0,0.0,3424.9943901311303,0.0,654.2301522217715,0.0864779874213836,0.8,0.2727272727272727,1155.0
63,all,R12,IF (PointsAjust IS Medium) AND (TeamExp IS Medium) AND (Length IS Low),Medium,0.0,0.0,3424.9943901311303,0.0,654.2301522217715,0.0864779874213836,0.8,0.2727272727272727,1155.0
63,all,R13,IF (PointsAjust IS Medium) AND (TeamExp IS Medium) AND (Length IS Medium),Medium,0.0,0.0,3424.9943901311303,0.0,654.2301522217715,0.0864779874213836,0.8,0.2727272727272727,1155.0
63,all,R14,IF (PointsAjust IS Medium) AND (TeamExp IS Medium) AND (Length IS High),High,0.0,0.0,4667.381762988615,0.0,654.2301522217715,0.0864779874213836,0.8,0.2727272727272727,1155.0
63,all,R15,IF (PointsAjust IS Medium) AND (TeamExp IS Low) AND (Length IS Medium),High,0.0,0.0,4667.381762988615,0.0,654.2301522217715,0.0864779874213836,0.8,0.2727272727272727,1155.0
63,all,R16,IF (PointsAjust IS Medium) AND (TeamExp IS Low) AND (Length IS High),High,0.0,0.0,4667.381762988615,0.0,654.2301522217715,0.0864779874213836,0.8,0.2727272727272727,1155.0
63,all,R17,IF (PointsAjust IS High) AND (TeamExp IS High) AND (Length IS Medium),Medium,0.0,0.0,3424.9943901311303,0.0,654.2301522217715,0.0864779874213836,0.8,0.2727272727272727,1155.0
63,all,R18,IF (PointsAjust IS High) AND (TeamExp IS Medium) AND (Length IS Medium),High,0.0,0.0,4667.381762988615,0.0,654.2301522217715,0.0864779874213836,0.8,0.2727272727272727,1155.0
63,all,R19,IF (PointsAjust IS High) AND (TeamExp IS Low) AND (Length IS Medium),High,0.0,0.0,4667.381762988615,0.0,654.2301522217715,0.0864779874213836,0.8,0.2727272727272727,1155.0
63,all,R20,IF (PointsAjust IS High) AND (TeamExp IS Low) AND (Length IS High),Very_High,0.0,0.0,17923.009527374263,0.0,654.2301522217715,0.0864779874213836,0.8,0.2727272727272727,1155.0
64,all,R1,IF (PointsAjust IS Low) AND (TeamExp IS High) AND (Length IS Low),Very_Low,0.0,0.05,3766.363081128402,188.3181540564201,1398.5110614508676,0.0581761006289308,0.2,0.1515151515151515,546.0
64,all,R2,IF (PointsAjust IS Low) AND (TeamExp IS High) AND (Length IS Medium),Low,0.0,0.05,-6883.313986567218,-344.1656993283609,1398.5110614508676,0.0581761006289308,0.2,0.1515151515151515,546.0
64,all,R3,IF (PointsAjust IS Low) AND (TeamExp IS High) AND (Length IS High),Medium,0.0,0.05,2181.579584167685,109.07897920838425,1398.5110614508676,0.0581761006289308,0.2,0.1515151515151515,546.0
64,all,R4,IF (PointsAjust IS Low) AND (TeamExp IS Medium) AND (Length IS Low),Low,0.0,0.05,-6883.313986567218,-344.1656993283609,1398.5110614508676,0.0581761006289308,0.2,0.1515151515151515,546.0
64,all,R5,IF (PointsAjust IS Low) AND (TeamExp IS Medium) AND (Length IS Medium),Medium,0.0,0.05,2181.579584167685,109.07897920838425,1398.5110614508676,0.0581761006289308,0.2,0.1515151515151515,546.0
64,all,R6,IF (PointsAjust IS Low) AND (TeamExp IS Medium) AND (Length IS High),Medium,0.0,0.05,2181.579584167685,109.07897920838425,1398.5110614508676,0.0581761006289308,0.2,0.1515151515151515,546.0
64,all,R7,IF (PointsAjust IS Low) AND (TeamExp IS Low) AND (Length IS Medium),Medium,0.0,0.05,2181.579584167685,109.07897920838425,1398.5110614508676,0.0581761006289308,0.2,0.1515151515151515,546.0
64,all,R8,IF (PointsAjust IS Low) AND (TeamExp IS Low) AND (Length IS High),High,0.0,0.05,2463.407912129112,123.1703956064556,1398.5110614508676,0.0581761006289308,0.2,0.1515151515151515,546.0
64,all,R9,IF (PointsAjust IS Medium) AND (TeamExp IS High) AND (Length IS Low),Low,0.0,0.05,-6883.313986567218,-344.1656993283609,1398.5110614508676,0.0581761006289308,0.2,0.1515151515151515,546.0
64,all,R10,IF (PointsAjust IS Medium) AND (TeamExp IS High) AND (Length IS Medium),Medium,0.0,0.05,2181.579584167685,109.07897920838425,1398.5110614508676,0.0581761006289308,0.2,0.1515151515151515,546.0
64,all,R11,IF (PointsAjust IS Medium) AND (TeamExp IS High) AND (Length IS High),Medium,0.0,0.05,2181.579584167685,109.07897920838425,1398.5110614508676,0.0581761006289308,0.2,0.1515151515151515,546.0
64,all,R12,IF (PointsAjust IS Medium) AND (TeamExp IS Medium) AND (Length IS Low),Medium,0.0,0.05,2181.579584167685,109.07897920838425,1398.5110614508676,0.0581761006289308,0.2,0.1515151515151515,546.0
64,all,R13,IF (PointsAjust IS Medium) AND (TeamExp IS Medium) AND (Length IS Medium),Medium,0.0,0.05,2181.579584167685,109.07897920838425,1398.5110614508676,0.0581761006289308,0.2,0.1515151515151515,546.0
64,all,R14,IF (PointsAjust IS Medium) AND (TeamExp IS Medium) AND (Length IS High),High,0.0,0.05,2463.407912129112,123.1703956064556,1398.5110614508676,0.0581761006289308,0.2,0.1515151515151515,546.0
64,all,R15,IF (PointsAjust IS Medium) AND (TeamExp IS Low) AND (Length IS Medium),High,0.0,0.05,2463.407912129112,123.1703956064556,1398.5110614508676,0.0581761006289308,0.2,0.1515151515151515,546.0
64,all,R16,IF (PointsAjust IS Medium) AND (TeamExp IS Low) AND (Length IS High),High,0.0,0.05,2463.407912129112,123.1703956064556,1398.5110614508676,0.0581761006289308,0.2,0.1515151515151515,546.0
64,all,R17,IF (PointsAjust IS High) AND (TeamExp IS High) AND (Length IS Medium),Medium,0.0,0.05,2181.579584167685,109.07897920838425,1398.5110614508676,0.0581761006289308,0.2,0.1515151515151515,546.0
64,all,R18,IF (PointsAjust IS High) AND (TeamExp IS Medium) AND (Length IS Medium),High,0.0,0.05,2463.407912129112,123.1703956064556,1398.5110614508676,0.0581761006289308,0.2,0.1515151515151515,546.0
64,all,R19,IF (PointsAjust IS High) AND (TeamExp IS Low) AND (Length IS Medium),High,0.0,0.05,2463.407912129112,123.1703956064556,1398.5110614508676,0.0581761006289308,0.2,0.1515151515151515,546.0
64,all,R20,IF (PointsAjust IS High) AND (TeamExp IS Low) AND (Length IS High),Very_High,0.0,0.05,10439.13637730677,521.9568188653385,1398.5110614508676,0.0581761006289308,0.2,0.1515151515151515,546.0
65,all,R1,IF (PointsAjust IS Low) AND (TeamExp IS High) AND (Length IS Low),Very_Low,0.0,0.0,3568.0351808936266,0.0,3559.287445948919,0.1619496855345912,0.6,0.3636363636363636,2275.0
65,all,R2,IF (PointsAjust IS Low) AND (TeamExp IS High) AND (Length IS Medium),Low,0.0,0.0,-1790.2983543375722,-0.0,3559.287445948919,0.1619496855345912,0.6,0.3636363636363636,2275.0
65,all,R3,IF (PointsAjust IS Low) AND (TeamExp IS High) AND (Length IS High),Medium,0.0,0.0,2884.2760509077316,0.0,3559.287445948919,0.1619496855345912,0.6,0.3636363636363636,2275.0
65,all,R4,IF (PointsAjust IS Low) AND (TeamExp IS Medium) AND (Length IS Low),Low,0.0,0.0,-1790.2983543375722,-0.0,3559.287445948919,0.1619496855345912,0.6,0.3636363636363636,2275.0
65,all,R5,IF (PointsAjust IS Low) AND (TeamExp IS Medium) AND (Length IS Medium),Medium,0.0,0.0,2884.2760509077316,0.0,3559.287445948919,0.1619496855345912,0.6,0.3636363636363636,2275.0
65,all,R6,IF (PointsAjust IS Low) AND (TeamExp IS Medium) AND (Length IS High),Medium,0.06582857142857142,0.6148428558852009,2884.2760509077316,1773.3765243013988,3559.287445948919,0.1619496855345912,0.6,0.3636363636363636,2275.0
65,all,R7,IF (PointsAjust IS Low) AND (TeamExp IS Low) AND (Length IS Medium),Medium,0.0,0.0,2884.2760509077316,0.0,3559.287445948919,0.1619496855345912,0.6,0.3636363636363636,2275.0
65,all,R8,IF (PointsAjust IS Low) AND (TeamExp IS Low) AND (Length IS High),High,0.0,0.0,4636.837064912952,0.0,3559.287445948919,0.1619496855345912,0.6,0.3636363636363636,2275.0
65,all,R9,IF (PointsAjust IS Medium) AND (TeamExp IS High) AND (Length IS Low),Low,0.0,0.0,-1790.2983543375722,-0.0,3559.287445948919,0.1619496855345912,0.6,0.3636363636363636,2275.0
65,all,R10,IF (PointsAjust IS Medium) AND (TeamExp IS High) AND (Length IS Medium),Medium,0.0,0.0,2884.2760509077316,0.0,3559.287445948919,0.1619496855345912,0.6,0.3636363636363636,2275.0
65,all,R11,IF (PointsAjust IS Medium) AND (TeamExp IS High) AND (Length IS High),Medium,0.0,0.0,2884.2760509077316,0.0,3559.287445948919,0.1619496855345912,0.6,0.3636363636363636,2275.0
65,all,R12,IF (PointsAjust IS Medium) AND (TeamExp IS Medium) AND (Length IS Low),Medium,0.0,0.0,2884.2760509077316,0.0,3559.287445948919,0.1619496855345912,0.6,0.3636363636363636,2275.0
65,all,R13,IF (PointsAjust IS Medium) AND (TeamExp IS Medium) AND (Length IS Medium),Medium,0.0,0.0,2884.2760509077316,0.0,3559.287445948919,0.1619496855345912,0.6,0.3636363636363636,2275.0
65,all,R14,IF (PointsAjust IS Medium) AND (TeamExp IS Medium) AND (Length IS High),High,0.04123711340206189,0.38515714411479907,4636.837064912952,1785.9109216475197,3559.287445948919,0.1619496855345912,0.6,0.3636363636363636,2275.0
65,all,R15,IF (PointsAjust IS Medium) AND (TeamExp IS Low) AND (Length IS Medium),High,0.0,0.0,4636.837064912952,0.0,3559.287445948919,0.1619496855345912,0.6,0.3636363636363636,2275.0
65,all,R16,IF (PointsAjust IS Medium) AND (TeamExp IS Low) AND (Length IS High),High,0.0,0.0,4636.837064912952,0.0,3559.287445948919,0.1619496855345912,0.6,0.3636363636363636,2275.0
65,all,R17,IF (PointsAjust IS High) AND (TeamExp IS High) AND (Length IS Medium),Medium,0.0,0.0,2884.2760509077316,0.0,3559.287445948919,0.1619496855345912,0.6,0.3636363636363636,2275.0
65,all,R18,IF (PointsAjust IS High) AND (TeamExp IS Medium) AND (Length IS Medium),High,0.0,0.0,4636.837064912952,0.0,3559.287445948919,0.1619496855345912,0.6,0.3636363636363636,2275.0
65,all,R19,IF (PointsAjust IS High) AND (TeamExp IS Low) AND (Length IS Medium),High,0.0,0.0,4636.837064912952,0.0,3559.287445948919,0.1619496855345912,0.6,0.3636363636363636,2275.0
65,all,R20,IF (PointsAjust IS High) AND (TeamExp IS Low) AND (Length IS High),Very_High,0.0,0.0,15491.899331630928,0.0,3559.287445948919,0.1619496855345912,0.6,0.3636363636363636,2275.0
66,all,R1,IF (PointsAjust IS Low) AND (TeamExp IS High) AND (Length IS Low),Very_Low,0.0,0.05,9582.98246374346,479.149123187173,8115.494044799226,0.9166666666666666,1.0,0.7575757575757576,9100.0
66,all,R2,IF (PointsAjust IS Low) AND (TeamExp IS High) AND (Length IS Medium),Low,0.0,0.05,9838.153106771655,491.9076553385828,8115.494044799226,0.9166666666666666,1.0,0.7575757575757576,9100.0
66,all,R3,IF (PointsAjust IS Low) AND (TeamExp IS High) AND (Length IS High),Medium,0.0,0.05,4515.383455585886,225.7691727792943,8115.494044799226,0.9166666666666666,1.0,0.7575757575757576,9100.0
66,all,R4,IF (PointsAjust IS Low) AND (TeamExp IS Medium) AND (Length IS Low),Low,0.0,0.05,9838.153106771655,491.9076553385828,8115.494044799226,0.9166666666666666,1.0,0.7575757575757576,9100.0
66,all,R5,IF (PointsAjust IS Low) AND (TeamExp IS Medium) AND (Length IS Medium),Medium,0.0,0.05,4515.383455585886,225.7691727792943,8115.494044799226,0.9166666666666666,1.0,0.7575757575757576,9100.0
66,all,R6,IF (PointsAjust IS Low) AND (TeamExp IS Medium) AND (Length IS High),Medium,0.0,0.05,4515.383455585886,225.7691727792943,8115.494044799226,0.9166666666666666,1.0,0.7575757575757576,9100.0
66,all,R7,IF (PointsAjust IS Low) AND (TeamExp IS Low) AND (Length IS Medium),Medium,0.0,0.05,4515.383455585886,225.7691727792943,8115.494044799226,0.9166666666666666,1.0,0.7575757575757576,9100.0
66,all,R8,IF (PointsAjust IS Low) AND (TeamExp IS Low) AND (Length IS High),High,0.0,0.05,9795.26240300657,489.7631201503286,8115.494044799226,0.9166666666666666,1.0,0.7575757575757576,9100.0
66,all,R9,IF (PointsAjust IS Medium) AND (TeamExp IS High) AND (Length IS Low),Low,0.0,0.05,9838.153106771655,491.9076553385828,8115.494044799226,0.9166666666666666,1.0,0.7575757575757576,9100.0
66,all,R10,IF (PointsAjust IS Medium) AND (TeamExp IS High) AND (Length IS Medium),Medium,0.0,0.05,4515.383455585886,225.7691727792943,8115.494044799226,0.9166666666666666,1.0,0.7575757575757576,9100.0
66,all,R11,IF (PointsAjust IS Medium) AND (TeamExp IS High) AND (Length IS High),Medium,0.0,0.05,4515.383455585886,225.7691727792943,8115.494044799226,0.9166666666666666,1.0,0.7575757575757576,9100.0
66,all,R12,IF (PointsAjust IS Medium) AND (TeamExp IS Medium) AND (Length IS Low),Medium,0.0,0.05,4515.383455585886,225.7691727792943,8115.494044799226,0.9166666666666666,1.0,0.7575757575757576,9100.0
66,all,R13,IF (PointsAjust IS Medium) AND (TeamExp IS Medium) AND (Length IS Medium),Medium,0.0,0.05,4515.383455585886,225.7691727792943,8115.494044799226,0.9166666666666666,1.0,0.7575757575757576,9100.0
66,all,R14,IF (PointsAjust IS Medium) AND (TeamExp IS Medium) AND (Length IS High),High,0.0,0.05,9795.26240300657,489.7631201503286,8115.494044799226,0.9166666666666666,1.0,0.7575757575757576,9100.0
66,all,R15,IF (PointsAjust IS Medium) AND (TeamExp IS Low) AND (Length IS Medium),High,0.0,0.05,9795.26240300657,489.7631201503286,8115.494044799226,0.9166666666666666,1.0,0.7575757575757576,9100.0
66,all,R16,IF (PointsAjust IS Medium) AND (TeamExp IS Low) AND (Length IS High),High,0.0,0.05,9795.26240300657,489.7631201503286,8115.494044799226,0.9166666666666666,1.0,0.7575757575757576,9100.0
66,all,R17,IF (PointsAjust IS High) AND (TeamExp IS High) AND (Length IS Medium),Medium,0.0,0.05,4515.383455585886,225.7691727792943,8115.494044799226,0.9166666666666666,1.0,0.7575757575757576,9100.0
66,all,R18,IF (PointsAjust IS High) AND (TeamExp IS Medium) AND (Length IS Medium),High,0.0,0.05,9795.26240300657,489.7631201503286,8115.494044799226,0.9166666666666666,1.0,0.7575757575757576,9100.0
66,all,R19,IF (PointsAjust IS High) AND (TeamExp IS Low) AND (Length IS Medium),High,0.0,0.05,9795.26240300657,489.7631201503286,8115.494044799226,0.9166666666666666,1.0,0.7575757575757576,9100.0
66,all,R20,IF (PointsAjust IS High) AND (TeamExp IS Low) AND (Length IS High),Very_High,0.0,0.05,23802.413593613677,1190.120679680684,8115.494044799226,0.9166666666666666,1.0,0.7575757575757576,9100.0
67,all,R1,IF (PointsAjust IS Low) AND (TeamExp IS High) AND (Length IS Low),Very_Low,0.0,0.05,5314.940390929168,265.7470195464584,2151.5389124381245,0.2216981132075471,0.2,0.1515151515151515,595.0
67,all,R2,IF (PointsAjust IS Low) AND (TeamExp IS High) AND (Length IS Medium),Low,0.0,0.05,-4950.38496283826,-247.51924814191304,2151.5389124381245,0.2216981132075471,0.2,0.1515151515151515,595.0
67,all,R3,IF (PointsAjust IS Low) AND (TeamExp IS High) AND (Length IS High),Medium,0.0,0.05,2519.798513917647,125.98992569588236,2151.5389124381245,0.2216981132075471,0.2,0.1515151515151515,595.0
67,all,R4,IF (PointsAjust IS Low) AND (TeamExp IS Medium) AND (Length IS Low),Low,0.0,0.05,-4950.38496283826,-247.51924814191304,2151.5389124381245,0.2216981132075471,0.2,0.1515151515151515,595.0
67,all,R5,IF (PointsAjust IS Low) AND (TeamExp IS Medium) AND (Length IS Medium),Medium,0.0,0.05,2519.798513917647,125.98992569588236,2151.5389124381245,0.2216981132075471,0.2,0.1515151515151515,595.0
67,all,R6,IF (PointsAjust IS Low) AND (TeamExp IS Medium) AND (Length IS High),Medium,0.0,0.05,2519.798513917647,125.98992569588236,2151.5389124381245,0.2216981132075471,0.2,0.1515151515151515,595.0
67,all,R7,IF (PointsAjust IS Low) AND (TeamExp IS Low) AND (Length IS Medium),Medium,0.0,0.05,2519.798513917647,125.98992569588236,2151.5389124381245,0.2216981132075471,0.2,0.1515151515151515,595.0
67,all,R8,IF (PointsAjust IS Low) AND (TeamExp IS Low) AND (Length IS High),High,0.0,0.05,3079.647103603065,153.98235518015326,2151.5389124381245,0.2216981132075471,0.2,0.1515151515151515,595.0
67,all,R9,IF (PointsAjust IS Medium) AND (TeamExp IS High) AND (Length IS Low),Low,0.0,0.05,-4950.38496283826,-247.51924814191304,2151.5389124381245,0.2216981132075471,0.2,0.1515151515151515,595.0
67,all,R10,IF (PointsAjust IS Medium) AND (TeamExp IS High) AND (Length IS Medium),Medium,0.0,0.05,2519.798513917647,125.98992569588236,2151.5389124381245,0.2216981132075471,0.2,0.1515151515151515,595.0
67,all,R11,IF (PointsAjust IS Medium) AND (TeamExp IS High) AND (Length IS High),Medium,0.0,0.05,2519.798513917647,125.98992569588236,2151.5389124381245,0.2216981132075471,0.2,0.1515151515151515,595.0
67,all,R12,IF (PointsAjust IS Medium) AND (TeamExp IS Medium) AND (Length IS Low),Medium,0.0,0.05,2519.798513917647,125.98992569588236,2151.5389124381245,0.2216981132075471,0.2,0.1515151515151515,595.0
67,all,R13,IF (PointsAjust IS Medium) AND (TeamExp IS Medium) AND (Length IS Medium),Medium,0.0,0.05,2519.798513917647,125.98992569588236,2151.5389124381245,0.2216981132075471,0.2,0.1515151515151515,595.0
67,all,R14,IF (PointsAjust IS Medium) AND (TeamExp IS Medium) AND (Length IS High),High,0.0,0.05,3079.647103603065,153.98235518015326,2151.5389124381245,0.2216981132075471,0.2,0.1515151515151515,595.0
67,all,R15,IF (PointsAjust IS Medium) AND (TeamExp IS Low) AND (Length IS Medium),High,0.0,0.05,3079.647103603065,153.98235518015326,2151.5389124381245,0.2216981132075471,0.2,0.1515151515151515,595.0
67,all,R16,IF (PointsAjust IS Medium) AND (TeamExp IS Low) AND (Length IS High),High,0.0,0.05,3079.647103603065,153.98235518015326,2151.5389124381245,0.2216981132075471,0.2,0.1515151515151515,595.0
67,all,R17,IF (PointsAjust IS High) AND (TeamExp IS High) AND (Length IS Medium),Medium,0.0,0.05,2519.798513917647,125.98992569588236,2151.5389124381245,0.2216981132075471,0.2,0.1515151515151515,595.0
67,all,R18,IF (PointsAjust IS High) AND (TeamExp IS Medium) AND (Length IS Medium),High,0.0,0.05,3079.647103603065,153.98235518015326,2151.5389124381245,0.2216981132075471,0.2,0.1515151515151515,595.0
67,all,R19,IF (PointsAjust IS High) AND (TeamExp IS Low) AND (Length IS Medium),High,0.0,0.05,3079.647103603065,153.98235518015326,2151.5389124381245,0.2216981132075471,0.2,0.1515151515151515,595.0
67,all,R20,IF (PointsAjust IS High) AND (TeamExp IS Low) AND (Length IS High),Very_High,0.0,0.05,11410.9234994709,570.546174973545,2151.5389124381245,0.2216981132075471,0.2,0.1515151515151515,595.0
68,all,R1,IF (PointsAjust IS Low) AND (TeamExp IS High) AND (Length IS Low),Very_Low,0.0,0.0,6070.317452791842,0.0,4849.8547315751675,0.2877358490566037,0.2,0.6363636363636364,3941.0
68,all,R2,IF (PointsAjust IS Low) AND (TeamExp IS High) AND (Length IS Medium),Low,0.0,0.0,-7260.735155058292,-0.0,4849.8547315751675,0.2877358490566037,0.2,0.6363636363636364,3941.0
68,all,R3,IF (PointsAjust IS Low) AND (TeamExp IS High) AND (Length IS High),Medium,0.0,0.0,1541.8254055238199,0.0,4849.8547315751675,0.2877358490566037,0.2,0.6363636363636364,3941.0
68,all,R4,IF (PointsAjust IS Low) AND (TeamExp IS Medium) AND (Length IS Low),Low,0.0,0.0,-7260.735155058292,-0.0,4849.8547315751675,0.2877358490566037,0.2,0.6363636363636364,3941.0
68,all,R5,IF (PointsAjust IS Low) AND (TeamExp IS Medium) AND (Length IS Medium),Medium,0.0,0.0,1541.8254055238199,0.0,4849.8547315751675,0.2877358490566037,0.2,0.6363636363636364,3941.0
68,all,R6,IF (PointsAjust IS Low) AND (TeamExp IS Medium) AND (Length IS High),Medium,0.0,0.0,1541.8254055238199,0.0,4849.8547315751675,0.2877358490566037,0.2,0.6363636363636364,3941.0
68,all,R7,IF (PointsAjust IS Low) AND (TeamExp IS Low) AND (Length IS Medium),Medium,0.0,0.0,1541.8254055238199,0.0,4849.8547315751675,0.2877358490566037,0.2,0.6363636363636364,3941.0
68,all,R8,IF (PointsAjust IS Low) AND (TeamExp IS Low) AND (Length IS High),High,0.0,0.0,4746.886725852175,0.0,4849.8547315751675,0.2877358490566037,0.2,0.6363636363636364,3941.0
68,all,R9,IF (PointsAjust IS Medium) AND (TeamExp IS High) AND (Length IS Low),Low,0.0,0.0,-7260.735155058292,-0.0,4849.8547315751675,0.2877358490566037,0.2,0.6363636363636364,3941.0
68,all,R10,IF (PointsAjust IS Medium) AND (TeamExp IS High) AND (Length IS Medium),Medium,0.0,0.0,1541.8254055238199,0.0,4849.8547315751675,0.2877358490566037,0.2,0.6363636363636364,3941.0
68,all,R11,IF (PointsAjust IS Medium) AND (TeamExp IS High) AND (Length IS High),Medium,0.0,0.0,1541.8254055238199,0.0,4849.8547315751675,0.2877358490566037,0.2,0.6363636363636364,3941.0
68,all,R12,IF (PointsAjust IS Medium) AND (TeamExp IS Medium) AND (Length IS Low),Medium,0.0,0.0,1541.8254055238199,0.0,4849.8547315751675,0.2877358490566037,0.2,0.6363636363636364,3941.0
68,all,R13,IF (PointsAjust IS Medium) AND (TeamExp IS Medium) AND (Length IS Medium),Medium,0.0,0.0,1541.8254055238199,0.0,4849.8547315751675,0.2877358490566037,0.2,0.6363636363636364,3941.0
68,all,R14,IF (PointsAjust IS Medium) AND (TeamExp IS Medium) AND (Length IS High),High,0.0,0.0,4746.886725852175,0.0,4849.8547315751675,0.2877358490566037,0.2,0.6363636363636364,3941.0
68,all,R15,IF (PointsAjust IS Medium) AND (TeamExp IS Low) AND (Length IS Medium),High,0.0,0.0,4746.886725852175,0.0,4849.8547315751675,0.2877358490566037,0.2,0.6363636363636364,3941.0
68,all,R16,IF (PointsAjust IS Medium) AND (TeamExp IS Low) AND (Length IS High),High,0.3111111111111113,0.9810299750714417,4746.886725852175,4656.838166329717,4849.8547315751675,0.2877358490566037,0.2,0.6363636363636364,3941.0
68,all,R17,IF (PointsAjust IS High) AND (TeamExp IS High) AND (Length IS Medium),Medium,0.0,0.0,1541.8254055238199,0.0,4849.8547315751675,0.2877358490566037,0.2,0.6363636363636364,3941.0
68,all,R18,IF (PointsAjust IS High) AND (TeamExp IS Medium) AND (Length IS Medium),High,0.0,0.0,4746.886725852175,0.0,4849.8547315751675,0.2877358490566037,0.2,0.6363636363636364,3941.0
68,all,R19,IF (PointsAjust IS High) AND (TeamExp IS Low) AND (Length IS Medium),High,0.0,0.0,4746.886725852175,0.0,4849.8547315751675,0.2877358490566037,0.2,0.6363636363636364,3941.0
68,all,R20,IF (PointsAjust IS High) AND (TeamExp IS Low) AND (Length IS High),Very_High,0.0060159074475777015,0.018970024928558305,10174.81874548701,193.01656524545092,4849.8547315751675,0.2877358490566037,0.2,0.6363636363636364,3941.0
69,all,R1,IF (PointsAjust IS Low) AND (TeamExp IS High) AND (Length IS Low),Very_Low,0.0,0.0,6029.612703567478,0.0,4739.3885109696175,0.5534591194968553,1.0,0.3333333333333333,1400.0
69,all,R2,IF (PointsAjust IS Low) AND (TeamExp IS High) AND (Length IS Medium),Low,0.0,0.0,8249.406997470434,0.0,4739.3885109696175,0.5534591194968553,1.0,0.3333333333333333,1400.0
69,all,R3,IF (PointsAjust IS Low) AND (TeamExp IS High) AND (Length IS High),Medium,0.0,0.0,4739.388510969618,0.0,4739.3885109696175,0.5534591194968553,1.0,0.3333333333333333,1400.0
69,all,R4,IF (PointsAjust IS Low) AND (TeamExp IS Medium) AND (Length IS Low),Low,0.0,0.0,8249.406997470434,0.0,4739.3885109696175,0.5534591194968553,1.0,0.3333333333333333,1400.0
69,all,R5,IF (PointsAjust IS Low) AND (TeamExp IS Medium) AND (Length IS Medium),Medium,0.0,0.0,4739.388510969618,0.0,4739.3885109696175,0.5534591194968553,1.0,0.3333333333333333,1400.0
69,all,R6,IF (PointsAjust IS Low) AND (TeamExp IS Medium) AND (Length IS High),Medium,0.0,0.0,4739.388510969618,0.0,4739.3885109696175,0.5534591194968553,1.0,0.3333333333333333,1400.0
69,all,R7,IF (PointsAjust IS Low) AND (TeamExp IS Low) AND (Length IS Medium),Medium,0.0,0.0,4739.388510969618,0.0,4739.3885109696175,0.5534591194968553,1.0,0.3333333333333333,1400.0
69,all,R8,IF (PointsAjust IS Low) AND (TeamExp IS Low) AND (Length IS High),High,0.0,0.0,7185.423282155761,0.0,4739.3885109696175,0.5534591194968553,1.0,0.3333333333333333,1400.0
69,all,R9,IF (PointsAjust IS Medium) AND (TeamExp IS High) AND (Length IS Low),Low,0.0,0.0,8249.406997470434,0.0,4739.3885109696175,0.5534591194968553,1.0,0.3333333333333333,1400.0
69,all,R10,IF (PointsAjust IS Medium) AND (TeamExp IS High) AND (Length IS Medium),Medium,0.0,0.0,4739.388510969618,0.0,4739.3885109696175,0.5534591194968553,1.0,0.3333333333333333,1400.0
69,all,R11,IF (PointsAjust IS Medium) AND (TeamExp IS High) AND (Length IS High),Medium,0.0,0.0,4739.388510969618,0.0,4739.3885109696175,0.5534591194968553,1.0,0.3333333333333333,1400.0
69,all,R12,IF (PointsAjust IS Medium) AND (TeamExp IS Medium) AND (Length IS Low),Medium,0.0,0.0,4739.388510969618,0.0,4739.3885109696175,0.5534591194968553,1.0,0.3333333333333333,1400.0
69,all,R13,IF (PointsAjust IS Medium) AND (TeamExp IS Medium) AND (Length IS Medium),Medium,0.0,0.0,4739.388510969618,0.0,4739.3885109696175,0.5534591194968553,1.0,0.3333333333333333,1400.0
69,all,R14,IF (PointsAjust IS Medium) AND (TeamExp IS Medium) AND (Length IS High),High,0.0,0.0,7185.423282155761,0.0,4739.3885109696175,0.5534591194968553,1.0,0.3333333333333333,1400.0
69,all,R15,IF (PointsAjust IS Medium) AND (TeamExp IS Low) AND (Length IS Medium),High,0.0,0.0,7185.423282155761,0.0,4739.3885109696175,0.5534591194968553,1.0,0.3333333333333333,1400.0
69,all,R16,IF (PointsAjust IS Medium) AND (TeamExp IS Low) AND (Length IS High),High,0.0,0.0,7185.423282155761,0.0,4739.3885109696175,0.5534591194968553,1.0,0.3333333333333333,1400.0
69,all,R17,IF (PointsAjust IS High) AND (TeamExp IS High) AND (Length IS Medium),Medium,0.09598698481561815,1.0,4739.388510969618,4739.388510969618,4739.3885109696175,0.5534591194968553,1.0,0.3333333333333333,1400.0
69,all,R18,IF (PointsAjust IS High) AND (TeamExp IS Medium) AND (Length IS Medium),High,0.0,0.0,7185.423282155761,0.0,4739.3885109696175,0.5534591194968553,1.0,0.3333333333333333,1400.0
69,all,R19,IF (PointsAjust IS High) AND (TeamExp IS Low) AND (Length IS Medium),High,0.0,0.0,7185.423282155761,0.0,4739.3885109696175,0.5534591194968553,1.0,0.3333333333333333,1400.0
69,all,R20,IF (PointsAjust IS High) AND (TeamExp IS Low) AND (Length IS High),Very_High,0.0,0.0,23068.912479499748,0.0,4739.3885109696175,0.5534591194968553,1.0,0.3333333333333333,1400.0
70,all,R1,IF (PointsAjust IS Low) AND (TeamExp IS High) AND (Length IS Low),Very_Low,0.0,0.0,4287.463230041616,0.0,4358.89221500091,0.3694968553459119,1.0,0.3333333333333333,2800.0
70,all,R2,IF (PointsAjust IS Low) AND (TeamExp IS High) AND (Length IS Medium),Low,0.0,0.0,6074.861845775356,0.0,4358.89221500091,0.3694968553459119,1.0,0.3333333333333333,2800.0
70,all,R3,IF (PointsAjust IS Low) AND (TeamExp IS High) AND (Length IS High),Medium,0.0,0.0,4358.892215000911,0.0,4358.89221500091,0.3694968553459119,1.0,0.3333333333333333,2800.0
70,all,R4,IF (PointsAjust IS Low) AND (TeamExp IS Medium) AND (Length IS Low),Low,0.0,0.0,6074.861845775356,0.0,4358.89221500091,0.3694968553459119,1.0,0.3333333333333333,2800.0
70,all,R5,IF (PointsAjust IS Low) AND (TeamExp IS Medium) AND (Length IS Medium),Medium,0.0,0.0,4358.892215000911,0.0,4358.89221500091,0.3694968553459119,1.0,0.3333333333333333,2800.0
70,all,R6,IF (PointsAjust IS Low) AND (TeamExp IS Medium) AND (Length IS High),Medium,0.0,0.0,4358.892215000911,0.0,4358.89221500091,0.3694968553459119,1.0,0.3333333333333333,2800.0
70,all,R7,IF (PointsAjust IS Low) AND (TeamExp IS Low) AND (Length IS Medium),Medium,0.0,0.0,4358.892215000911,0.0,4358.89221500091,0.3694968553459119,1.0,0.3333333333333333,2800.0
70,all,R8,IF (PointsAjust IS Low) AND (TeamExp IS Low) AND (Length IS High),High,0.0,0.0,6492.154191747563,0.0,4358.89221500091,0.3694968553459119,1.0,0.3333333333333333,2800.0
70,all,R9,IF (PointsAjust IS Medium) AND (TeamExp IS High) AND (Length IS Low),Low,0.0,0.0,6074.861845775356,0.0,4358.89221500091,0.3694968553459119,1.0,0.3333333333333333,2800.0
70,all,R10,IF (PointsAjust IS Medium) AND (TeamExp IS High) AND (Length IS Medium),Medium,0.05769230769230774,0.4892388674279408,4358.892215000911,2132.539490507514,4358.89221500091,0.3694968553459119,1.0,0.3333333333333333,2800.0
70,all,R11,IF (PointsAjust IS Medium) AND (TeamExp IS High) AND (Length IS High),Medium,0.027692307692307735,0.2348346563654118,4358.892215000911,1023.6189554436077,4358.89221500091,0.3694968553459119,1.0,0.3333333333333333,2800.0
70,all,R12,IF (PointsAjust IS Medium) AND (TeamExp IS Medium) AND (Length IS Low),Medium,0.0,0.0,4358.892215000911,0.0,4358.89221500091,0.3694968553459119,1.0,0.3333333333333333,2800.0
70,all,R13,IF (PointsAjust IS Medium) AND (TeamExp IS Medium) AND (Length IS Medium),Medium,0.0,0.0,4358.892215000911,0.0,4358.89221500091,0.3694968553459119,1.0,0.3333333333333333,2800.0
70,all,R14,IF (PointsAjust IS Medium) AND (TeamExp IS Medium) AND (Length IS High),High,0.0,0.0,6492.154191747563,0.0,4358.89221500091,0.3694968553459119,1.0,0.3333333333333333,2800.0
70,all,R15,IF (PointsAjust IS Medium) AND (TeamExp IS Low) AND (Length IS Medium),High,0.0,0.0,6492.154191747563,0.0,4358.89221500091,0.3694968553459119,1.0,0.3333333333333333,2800.0
70,all,R16,IF (PointsAjust IS Medium) AND (TeamExp IS Low) AND (Length IS High),High,0.0,0.0,6492.154191747563,0.0,4358.89221500091,0.3694968553459119,1.0,0.3333333333333333,2800.0
70,all,R17,IF (PointsAjust IS High) AND (TeamExp IS High) AND (Length IS Medium),Medium,0.032537960954446825,0.2759264762066473,4358.892215000911,1202.733769049789,4358.89221500091,0.3694968553459119,1.0,0.3333333333333333,2800.0
70,all,R18,IF (PointsAjust IS High) AND (TeamExp IS Medium) AND (Length IS Medium),High,0.0,0.0,6492.154191747563,0.0,4358.89221500091,0.3694968553459119,1.0,0.3333333333333333,2800.0
70,all,R19,IF (PointsAjust IS High) AND (TeamExp IS Low) AND (Length IS Medium),High,0.0,0.0,6492.154191747563,0.0,4358.89221500091,0.3694968553459119,1.0,0.3333333333333333,2800.0
70,all,R20,IF (PointsAjust IS High) AND (TeamExp IS Low) AND (Length IS High),Very_High,0.0,0.0,21975.651967065103,0.0,4358.89221500091,0.3694968553459119,1.0,0.3333333333333333,2800.0
71,all,R1,IF (PointsAjust IS Low) AND (TeamExp IS High) AND (Length IS Low),Very_Low,0.0,0.05,9149.809044491709,457.49045222458545,7989.582318088458,0.8726415094339622,1.0,0.696969696969697,9520.0
71,all,R2,IF (PointsAjust IS Low) AND (TeamExp IS High) AND (Length IS Medium),Low,0.0,0.05,9704.11865685845,485.20593284292255,7989.582318088458,0.8726415094339622,1.0,0.696969696969697,9520.0
71,all,R3,IF (PointsAjust IS Low) AND (TeamExp IS High) AND (Length IS High),Medium,0.0,0.05,4563.644703252309,228.18223516261548,7989.582318088458,0.8726415094339622,1.0,0.696969696969697,9520.0
71,all,R4,IF (PointsAjust IS Low) AND (TeamExp IS Medium) AND (Length IS Low),Low,0.0,0.05,9704.11865685845,485.20593284292255,7989.582318088458,0.8726415094339622,1.0,0.696969696969697,9520.0
71,all,R5,IF (PointsAjust IS Low) AND (TeamExp IS Medium) AND (Length IS Medium),Medium,0.0,0.05,4563.644703252309,228.18223516261548,7989.582318088458,0.8726415094339622,1.0,0.696969696969697,9520.0
71,all,R6,IF (PointsAjust IS Low) AND (TeamExp IS Medium) AND (Length IS High),Medium,0.0,0.05,4563.644703252309,228.18223516261548,7989.582318088458,0.8726415094339622,1.0,0.696969696969697,9520.0
71,all,R7,IF (PointsAjust IS Low) AND (TeamExp IS Low) AND (Length IS Medium),Medium,0.0,0.05,4563.644703252309,228.18223516261548,7989.582318088458,0.8726415094339622,1.0,0.696969696969697,9520.0
71,all,R8,IF (PointsAjust IS Low) AND (TeamExp IS Low) AND (Length IS High),High,0.0,0.05,9452.055127090505,472.6027563545253,7989.582318088458,0.8726415094339622,1.0,0.696969696969697,9520.0
71,all,R9,IF (PointsAjust IS Medium) AND (TeamExp IS High) AND (Length IS Low),Low,0.0,0.05,9704.11865685845,485.20593284292255,7989.582318088458,0.8726415094339622,1.0,0.696969696969697,9520.0
71,all,R10,IF (PointsAjust IS Medium) AND (TeamExp IS High) AND (Length IS Medium),Medium,0.0,0.05,4563.644703252309,228.18223516261548,7989.582318088458,0.8726415094339622,1.0,0.696969696969697,9520.0
71,all,R11,IF (PointsAjust IS Medium) AND (TeamExp IS High) AND (Length IS High),Medium,0.0,0.05,4563.644703252309,228.18223516261548,7989.582318088458,0.8726415094339622,1.0,0.696969696969697,9520.0
71,all,R12,IF (PointsAjust IS Medium) AND (TeamExp IS Medium) AND (Length IS Low),Medium,0.0,0.05,4563.644703252309,228.18223516261548,7989.582318088458,0.8726415094339622,1.0,0.696969696969697,9520.0
71,all,R13,IF (PointsAjust IS Medium) AND (TeamExp IS Medium) AND (Length IS Medium),Medium,0.0,0.05,4563.644703252309,228.18223516261548,7989.582318088458,0.8726415094339622,1.0,0.696969696969697,9520.0
71,all,R14,IF (PointsAjust IS Medium) AND (TeamExp IS Medium) AND (Length IS High),High,0.0,0.05,9452.055127090505,472.6027563545253,7989.582318088458,0.8726415094339622,1.0,0.696969696969697,9520.0
71,all,R15,IF (PointsAjust IS Medium) AND (TeamExp IS Low) AND (Length IS Medium),High,0.0,0.05,9452.055127090505,472.6027563545253,7989.582318088458,0.8726415094339622,1.0,0.696969696969697,9520.0
71,all,R16,IF (PointsAjust IS Medium) AND (TeamExp IS Low) AND (Length IS High),High,0.0,0.05,9452.055127090505,472.6027563545253,7989.582318088458,0.8726415094339622,1.0,0.696969696969697,9520.0
71,all,R17,IF (PointsAjust IS High) AND (TeamExp IS High) AND (Length IS Medium),Medium,0.0,0.05,4563.644703252309,228.18223516261548,7989.582318088458,0.8726415094339622,1.0,0.696969696969697,9520.0
71,all,R18,IF (PointsAjust IS High) AND (TeamExp IS Medium) AND (Length IS Medium),High,0.0,0.05,9452.055127090505,472.6027563545253,7989.582318088458,0.8726415094339622,1.0,0.696969696969697,9520.0
71,all,R19,IF (PointsAjust IS High) AND (TeamExp IS Low) AND (Length IS Medium),High,0.0,0.05,9452.055127090505,472.6027563545253,7989.582318088458,0.8726415094339622,1.0,0.696969696969697,9520.0
71,all,R20,IF (PointsAjust IS High) AND (TeamExp IS Low) AND (Length IS High),Very_High,0.0,0.05,23744.34825488826,1187.217412744413,7989.582318088458,0.8726415094339622,1.0,0.696969696969697,9520.0
72,all,R1,IF (PointsAjust IS Low) AND (TeamExp IS High) AND (Length IS Low),Very_Low,0.0,0.0,10243.52980619841,0.0,5659.734252500764,0.9984276729559748,1.0,0.3333333333333333,5880.0
72,all,R2,IF (PointsAjust IS Low) AND (TeamExp IS High) AND (Length IS Medium),Low,0.0,0.0,13509.204244732888,0.0,5659.734252500764,0.9984276729559748,1.0,0.3333333333333333,5880.0
72,all,R3,IF (PointsAjust IS Low) AND (TeamExp IS High) AND (Length IS High),Medium,0.0,0.0,5659.734252500764,0.0,5659.734252500764,0.9984276729559748,1.0,0.3333333333333333,5880.0
72,all,R4,IF (PointsAjust IS Low) AND (TeamExp IS Medium) AND (Length IS Low),Low,0.0,0.0,13509.204244732888,0.0,5659.734252500764,0.9984276729559748,1.0,0.3333333333333333,5880.0
72,all,R5,IF (PointsAjust IS Low) AND (TeamExp IS Medium) AND (Length IS Medium),Medium,0.0,0.0,5659.734252500764,0.0,5659.734252500764,0.9984276729559748,1.0,0.3333333333333333,5880.0
72,all,R6,IF (PointsAjust IS Low) AND (TeamExp IS Medium) AND (Length IS High),Medium,0.0,0.0,5659.734252500764,0.0,5659.734252500764,0.9984276729559748,1.0,0.3333333333333333,5880.0
72,all,R7,IF (PointsAjust IS Low) AND (TeamExp IS Low) AND (Length IS Medium),Medium,0.0,0.0,5659.734252500764,0.0,5659.734252500764,0.9984276729559748,1.0,0.3333333333333333,5880.0
72,all,R8,IF (PointsAjust IS Low) AND (TeamExp IS Low) AND (Length IS High),High,0.0,0.0,8862.304928185844,0.0,5659.734252500764,0.9984276729559748,1.0,0.3333333333333333,5880.0
72,all,R9,IF (PointsAjust IS Medium) AND (TeamExp IS High) AND (Length IS Low),Low,0.0,0.0,13509.204244732888,0.0,5659.734252500764,0.9984276729559748,1.0,0.3333333333333333,5880.0
72,all,R10,IF (PointsAjust IS Medium) AND (TeamExp IS High) AND (Length IS Medium),Medium,0.0,0.0,5659.734252500764,0.0,5659.734252500764,0.9984276729559748,1.0,0.3333333333333333,5880.0
72,all,R11,IF (PointsAjust IS Medium) AND (TeamExp IS High) AND (Length IS High),Medium,0.0,0.0,5659.734252500764,0.0,5659.734252500764,0.9984276729559748,1.0,0.3333333333333333,5880.0
72,all,R12,IF (PointsAjust IS Medium) AND (TeamExp IS Medium) AND (Length IS Low),Medium,0.0,0.0,5659.734252500764,0.0,5659.734252500764,0.9984276729559748,1.0,0.3333333333333333,5880.0
72,all,R13,IF (PointsAjust IS Medium) AND (TeamExp IS Medium) AND (Length IS Medium),Medium,0.0,0.0,5659.734252500764,0.0,5659.734252500764,0.9984276729559748,1.0,0.3333333333333333,5880.0
72,all,R14,IF (PointsAjust IS Medium) AND (TeamExp IS Medium) AND (Length IS High),High,0.0,0.0,8862.304928185844,0.0,5659.734252500764,0.9984276729559748,1.0,0.3333333333333333,5880.0
72,all,R15,IF (PointsAjust IS Medium) AND (TeamExp IS Low) AND (Length IS Medium),High,0.0,0.0,8862.304928185844,0.0,5659.734252500764,0.9984276729559748,1.0,0.3333333333333333,5880.0
72,all,R16,IF (PointsAjust IS Medium) AND (TeamExp IS Low) AND (Length IS High),High,0.0,0.0,8862.304928185844,0.0,5659.734252500764,0.9984276729559748,1.0,0.3333333333333333,5880.0
72,all,R17,IF (PointsAjust IS High) AND (TeamExp IS High) AND (Length IS Medium),Medium,0.24945770065075903,1.0,5659.734252500764,5659.734252500764,5659.734252500764,0.9984276729559748,1.0,0.3333333333333333,5880.0
72,all,R18,IF (PointsAjust IS High) AND (TeamExp IS Medium) AND (Length IS Medium),High,0.0,0.0,8862.304928185844,0.0,5659.734252500764,0.9984276729559748,1.0,0.3333333333333333,5880.0
72,all,R19,IF (PointsAjust IS High) AND (TeamExp IS Low) AND (Length IS Medium),High,0.0,0.0,8862.304928185844,0.0,5659.734252500764,0.9984276729559748,1.0,0.3333333333333333,5880.0
72,all,R20,IF (PointsAjust IS High) AND (TeamExp IS Low) AND (Length IS High),Very_High,0.0,0.0,25713.294744619452,0.0,5659.734252500764,0.9984276729559748,1.0,0.3333333333333333,5880.0
