sample_index,split,rule_id,original_label,sugeno_output,firing_strength,normalized_firing_strength,rule_output,rule_contribution,PointsAjust,TeamExp,Length,actual,predicted
0,all,R1,Very_Low,R1_OUT,0.0,0.0,3583.060262753688,0.0,0.3773584905660377,0.4,0.3333333333333333,5152.0,-6400.843701333331
0,all,R2,Low,R2_OUT,0.0,0.0,-28364.660189312795,-0.0,0.3773584905660377,0.4,0.3333333333333333,5152.0,-6400.843701333331
0,all,R3,Medium,R3_OUT,0.0,0.0,0.0,0.0,0.3773584905660377,0.4,0.3333333333333333,5152.0,-6400.843701333331
0,all,R4,Low,R4_OUT,0.0,0.0,-6117.55827360777,-0.0,0.3773584905660377,0.4,0.3333333333333333,5152.0,-6400.843701333331
0,all,R5,Medium,R5_OUT,0.0,0.0,5936.834543924077,0.0,0.3773584905660377,0.4,0.3333333333333333,5152.0,-6400.843701333331
0,all,R6,Medium,R6_OUT,0.0,0.0,-5936.4437994910895,-0.0,0.3773584905660377,0.4,0.3333333333333333,5152.0,-6400.843701333331
0,all,R7,Medium,R7_OUT,0.0,0.0,-12395.733238939058,-0.0,0.3773584905660377,0.4,0.3333333333333333,5152.0,-6400.843701333331
0,all,R8,High,R8_OUT,0.0,0.0,-32898.53719502705,-0.0,0.3773584905660377,0.4,0.3333333333333333,5152.0,-6400.843701333331
0,all,R9,Low,R9_OUT,0.0,0.0,-6109.273817374351,-0.0,0.3773584905660377,0.4,0.3333333333333333,5152.0,-6400.843701333331
0,all,R10,Medium,R10_OUT,0.0,0.0,11161.57792924401,0.0,0.3773584905660377,0.4,0.3333333333333333,5152.0,-6400.843701333331
0,all,R11,Medium,R11_OUT,0.0,0.0,-192861.07253607534,-0.0,0.3773584905660377,0.4,0.3333333333333333,5152.0,-6400.843701333331
0,all,R12,Medium,R12_OUT,0.047769306007164,0.1338170357623071,5852.769497199041,783.2002651152243,0.3773584905660377,0.4,0.3333333333333333,5152.0,-6400.843701333331
0,all,R13,Medium,R13_OUT,0.3092054673095486,0.8661829642376929,-8293.910482032006,-7184.043966448556,0.3773584905660377,0.4,0.3333333333333333,5152.0,-6400.843701333331
0,all,R14,High,R14_OUT,0.0,0.0,-208941.7549974675,-0.0,0.3773584905660377,0.4,0.3333333333333333,5152.0,-6400.843701333331
0,all,R15,High,R15_OUT,0.0,0.0,-6333.468499766921,-0.0,0.3773584905660377,0.4,0.3333333333333333,5152.0,-6400.843701333331
0,all,R16,High,R16_OUT,0.0,0.0,-38826.91656964501,-0.0,0.3773584905660377,0.4,0.3333333333333333,5152.0,-6400.843701333331
0,all,R17,Medium,R17_OUT,0.0,0.0,-140202.42424303197,-0.0,0.3773584905660377,0.4,0.3333333333333333,5152.0,-6400.843701333331
0,all,R18,High,R18_OUT,0.0,0.0,202839.29357122487,0.0,0.3773584905660377,0.4,0.3333333333333333,5152.0,-6400.843701333331
0,all,R19,High,R19_OUT,0.0,0.0,0.0,0.0,0.3773584905660377,0.4,0.3333333333333333,5152.0,-6400.843701333331
0,all,R20,Very_High,R20_OUT,0.0,0.0,0.0,0.0,0.3773584905660377,0.4,0.3333333333333333,5152.0,-6400.843701333331
1,all,R1,Very_Low,R1_OUT,0.0,0.0,8223.453914284533,0.0,0.3977987421383648,0.2,0.0909090909090909,5635.0,5693.443033174571
1,all,R2,Low,R2_OUT,0.0,0.0,-14713.196997686005,-0.0,0.3977987421383648,0.2,0.0909090909090909,5635.0,5693.443033174571
1,all,R3,Medium,R3_OUT,0.0,0.0,0.0,0.0,0.3977987421383648,0.2,0.0909090909090909,5635.0,5693.443033174571
1,all,R4,Low,R4_OUT,0.0,0.0,-3522.0434101776555,-0.0,0.3977987421383648,0.2,0.0909090909090909,5635.0,5693.443033174571
1,all,R5,Medium,R5_OUT,0.0,0.0,30947.95564589409,0.0,0.3977987421383648,0.2,0.0909090909090909,5635.0,5693.443033174571
1,all,R6,Medium,R6_OUT,0.0,0.0,-5138.01616158041,-0.0,0.3977987421383648,0.2,0.0909090909090909,5635.0,5693.443033174571
1,all,R7,Medium,R7_OUT,0.0,0.0,6941.35080922214,0.0,0.3977987421383648,0.2,0.0909090909090909,5635.0,5693.443033174571
1,all,R8,High,R8_OUT,0.0,0.0,-28473.817239209242,-0.0,0.3977987421383648,0.2,0.0909090909090909,5635.0,5693.443033174571
1,all,R9,Low,R9_OUT,0.0,0.0,-21818.174461158324,-0.0,0.3977987421383648,0.2,0.0909090909090909,5635.0,5693.443033174571
1,all,R10,Medium,R10_OUT,0.0,0.0,5168.522992469791,0.0,0.3977987421383648,0.2,0.0909090909090909,5635.0,5693.443033174571
1,all,R11,Medium,R11_OUT,0.0,0.0,-150936.6149021539,-0.0,0.3977987421383648,0.2,0.0909090909090909,5635.0,5693.443033174571
1,all,R12,Medium,R12_OUT,0.10730143356630023,0.863042954018651,10606.60650481733,9153.957010030988,0.3977987421383648,0.2,0.0909090909090909,5635.0,5693.443033174571
1,all,R13,Medium,R13_OUT,0.002602919619115085,0.020935707590207943,-25618.551642490682,-536.3425060718263,0.3977987421383648,0.2,0.0909090909090909,5635.0,5693.443033174571
1,all,R14,High,R14_OUT,0.0,0.0,-172565.91294988475,-0.0,0.3977987421383648,0.2,0.0909090909090909,5635.0,5693.443033174571
1,all,R15,High,R15_OUT,0.014424839314986419,0.116021338391141,-25203.73847891993,-2924.1714707845904,0.3977987421383648,0.2,0.0909090909090909,5635.0,5693.443033174571
1,all,R16,High,R16_OUT,0.0,0.0,-33604.85360868751,-0.0,0.3977987421383648,0.2,0.0909090909090909,5635.0,5693.443033174571
1,all,R17,Medium,R17_OUT,0.0,0.0,-204723.04970611364,-0.0,0.3977987421383648,0.2,0.0909090909090909,5635.0,5693.443033174571
1,all,R18,High,R18_OUT,0.0,0.0,230446.21981031785,0.0,0.3977987421383648,0.2,0.0909090909090909,5635.0,5693.443033174571
1,all,R19,High,R19_OUT,0.0,0.0,0.0,0.0,0.3977987421383648,0.2,0.0909090909090909,5635.0,5693.443033174571
1,all,R20,Very_High,R20_OUT,0.0,0.0,0.0,0.0,0.3977987421383648,0.2,0.0909090909090909,5635.0,5693.443033174571
2,all,R1,Very_Low,R1_OUT,1.0,0.9845744895995822,650.8042462616598,640.7652585923145,0.0330188679245283,1.0,0.0,805.0,997.4297024308582
2,all,R2,Low,R2_OUT,0.0038659201394728076,0.003806286348154185,46064.988906899045,175.33653840420382,0.0330188679245283,1.0,0.0,805.0,997.4297024308582
2,all,R3,Medium,R3_OUT,0.0,0.0,0.0,0.0,0.0330188679245283,1.0,0.0,805.0,997.4297024308582
2,all,R4,Low,R4_OUT,0.0038659201394728076,0.003806286348154185,6999.625508979117,26.642579017019,0.0330188679245283,1.0,0.0,805.0,997.4297024308582
2,all,R5,Medium,R5_OUT,1.4945338524781453e-05,1.471479904992967e-05,20007.51590547103,0.2944065760372779,0.0330188679245283,1.0,0.0,805.0,997.4297024308582
2,all,R6,Medium,R6_OUT,0.0,0.0,-5126.100532087611,-0.0,0.0330188679245283,1.0,0.0,805.0,997.4297024308582
2,all,R7,Medium,R7_OUT,0.0,0.0,13910.389064397225,0.0,0.0330188679245283,1.0,0.0,805.0,997.4297024308582
2,all,R8,High,R8_OUT,0.0,0.0,-28407.783297973296,-0.0,0.0330188679245283,1.0,0.0,805.0,997.4297024308582
2,all,R9,Low,R9_OUT,0.007859513140454005,0.00773827613876371,20033.046173645675,155.02124319227397,0.0330188679245283,1.0,0.0,805.0,997.4297024308582
2,all,R10,Medium,R10_OUT,3.038425013613231e-05,2.9915557569648503e-05,-12534.850146193101,-0.37498703117535664,0.0330188679245283,1.0,0.0,805.0,997.4297024308582
2,all,R11,Medium,R11_OUT,0.0,0.0,-161826.74187162635,-0.0,0.0330188679245283,1.0,0.0,805.0,997.4297024308582
2,all,R12,Medium,R12_OUT,3.038425013613231e-05,2.9915557569648503e-05,-8893.341559844474,-0.26604927142007495,0.0330188679245283,1.0,0.0,805.0,997.4297024308582
2,all,R13,Medium,R13_OUT,1.1746308452405329e-07,1.1565115649206234e-07,92631.59949337412,0.010712951609118252,0.0330188679245283,1.0,0.0,805.0,997.4297024308582
2,all,R14,High,R14_OUT,0.0,0.0,-175101.335910203,-0.0,0.0330188679245283,1.0,0.0,805.0,997.4297024308582
2,all,R15,High,R15_OUT,0.0,0.0,-85564.87923066651,-0.0,0.0330188679245283,1.0,0.0,805.0,997.4297024308582
2,all,R16,High,R16_OUT,0.0,0.0,-33526.92022467754,-0.0,0.0330188679245283,1.0,0.0,805.0,997.4297024308582
2,all,R17,Medium,R17_OUT,0.0,0.0,-5353.585306522578,-0.0,0.0330188679245283,1.0,0.0,805.0,997.4297024308582
2,all,R18,High,R18_OUT,0.0,0.0,-43388.820183622534,-0.0,0.0330188679245283,1.0,0.0,805.0,997.4297024308582
2,all,R19,High,R19_OUT,0.0,0.0,0.0,0.0,0.0330188679245283,1.0,0.0,805.0,997.4297024308582
2,all,R20,Very_High,R20_OUT,0.0,0.0,0.0,0.0,0.0330188679245283,1.0,0.0,805.0,997.4297024308582
3,all,R1,Very_Low,R1_OUT,0.0,0.0,7872.965284504751,0.0,0.3789308176100629,0.2,0.1212121212121212,3829.0,3793.1985494363616
3,all,R2,Low,R2_OUT,0.0,0.0,-20642.77123072791,-0.0,0.3789308176100629,0.2,0.1212121212121212,3829.0,3793.1985494363616
3,all,R3,Medium,R3_OUT,0.0,0.0,0.0,0.0,0.3789308176100629,0.2,0.1212121212121212,3829.0,3793.1985494363616
3,all,R4,Low,R4_OUT,0.0,0.0,-3822.984546730515,-0.0,0.3789308176100629,0.2,0.1212121212121212,3829.0,3793.1985494363616
3,all,R5,Medium,R5_OUT,0.0,0.0,28118.745671245313,0.0,0.3789308176100629,0.2,0.1212121212121212,3829.0,3793.1985494363616
3,all,R6,Medium,R6_OUT,0.0,0.0,-5196.735378773653,-0.0,0.3789308176100629,0.2,0.1212121212121212,3829.0,3793.1985494363616
3,all,R7,Medium,R7_OUT,0.0,0.0,4367.170922008877,0.0,0.3789308176100629,0.2,0.1212121212121212,3829.0,3793.1985494363616
3,all,R8,High,R8_OUT,0.0,0.0,-28799.22693168652,-0.0,0.3789308176100629,0.2,0.1212121212121212,3829.0,3793.1985494363616
3,all,R9,Low,R9_OUT,0.0,0.0,-19768.291803806103,-0.0,0.3789308176100629,0.2,0.1212121212121212,3829.0,3793.1985494363616
3,all,R10,Medium,R10_OUT,0.0,0.0,6332.513239756852,0.0,0.3789308176100629,0.2,0.1212121212121212,3829.0,3793.1985494363616
3,all,R11,Medium,R11_OUT,0.0,0.0,-152338.35574533654,-0.0,0.3789308176100629,0.2,0.1212121212121212,3829.0,3793.1985494363616
3,all,R12,Medium,R12_OUT,0.09771231200141363,0.7875531486112113,10207.263774592917,8038.762724385809,0.3789308176100629,0.2,0.1212121212121212,3829.0,3793.1985494363616
3,all,R13,Medium,R13_OUT,0.004029238544775844,0.03247532923382227,-23768.803132315436,-771.8997072158498,0.3789308176100629,0.2,0.1212121212121212,3829.0,3793.1985494363616
3,all,R14,High,R14_OUT,0.0,0.0,-173820.02359048673,-0.0,0.3789308176100629,0.2,0.1212121212121212,3829.0,3793.1985494363616
3,all,R15,High,R15_OUT,0.022329202232491803,0.17997152215496645,-19301.189577885314,-3473.6644677335944,0.3789308176100629,0.2,0.1212121212121212,3829.0,3793.1985494363616
3,all,R16,High,R16_OUT,0.0,0.0,-33988.90275055796,-0.0,0.3789308176100629,0.2,0.1212121212121212,3829.0,3793.1985494363616
3,all,R17,Medium,R17_OUT,0.0,0.0,-202573.66641382998,-0.0,0.3789308176100629,0.2,0.1212121212121212,3829.0,3793.1985494363616
3,all,R18,High,R18_OUT,0.0,0.0,228880.63518088122,0.0,0.3789308176100629,0.2,0.1212121212121212,3829.0,3793.1985494363616
3,all,R19,High,R19_OUT,0.0,0.0,0.0,0.0,0.3789308176100629,0.2,0.1212121212121212,3829.0,3793.1985494363616
3,all,R20,Very_High,R20_OUT,0.0,0.0,0.0,0.0,0.3789308176100629,0.2,0.1212121212121212,3829.0,3793.1985494363616
4,all,R1,Very_Low,R1_OUT,0.0,0.0,7995.51233070365,0.0,0.2295597484276729,0.2,0.0909090909090909,2149.0,1208.8124306013397
4,all,R2,Low,R2_OUT,0.0,0.0,-31146.802605911107,-0.0,0.2295597484276729,0.2,0.0909090909090909,2149.0,1208.8124306013397
4,all,R3,Medium,R3_OUT,0.0,0.0,0.0,0.0,0.2295597484276729,0.2,0.0909090909090909,2149.0,1208.8124306013397
4,all,R4,Low,R4_OUT,0.08149907779814887,0.6504241457031678,-1672.586110998649,-1087.89039236128,0.2295597484276729,0.2,0.0909090909090909,2149.0,1208.8124306013397
4,all,R5,Medium,R5_OUT,0.001977005725739092,0.015777997677457488,29179.19135315779,460.3892134002112,0.2295597484276729,0.2,0.0909090909090909,2149.0,1208.8124306013397
4,all,R6,Medium,R6_OUT,0.0,0.0,-4932.851939925732,-0.0,0.2295597484276729,0.2,0.0909090909090909,2149.0,1208.8124306013397
4,all,R7,Medium,R7_OUT,0.010956154661544936,0.08743838247564813,5910.776456393898,516.8287325222258,0.2295597484276729,0.2,0.0909090909090909,2149.0,1208.8124306013397
4,all,R8,High,R8_OUT,0.0,0.0,-27336.839781751136,-0.0,0.2295597484276729,0.2,0.0909090909090909,2149.0,1208.8124306013397
4,all,R9,Low,R9_OUT,0.0,0.0,-12765.704987544057,-0.0,0.2295597484276729,0.2,0.0909090909090909,2149.0,1208.8124306013397
4,all,R10,Medium,R10_OUT,0.0,0.0,5001.614721326046,0.0,0.2295597484276729,0.2,0.0909090909090909,2149.0,1208.8124306013397
4,all,R11,Medium,R11_OUT,0.0,0.0,-131721.7735290441,-0.0,0.2295597484276729,0.2,0.0909090909090909,2149.0,1208.8124306013397
4,all,R12,Medium,R12_OUT,0.026641441457435248,0.21261880831548333,8027.621957569636,1706.8234142256636,0.2295597484276729,0.2,0.0909090909090909,2149.0,1208.8124306013397
4,all,R13,Medium,R13_OUT,0.0006462684453159374,0.005157709912750455,-5343.3384333781505,-27.559389605014974,0.2295597484276729,0.2,0.0909090909090909,2149.0,1208.8124306013397
4,all,R14,High,R14_OUT,0.0,0.0,-154897.70329895645,-0.0,0.2295597484276729,0.2,0.0909090909090909,2149.0,1208.8124306013397
4,all,R15,High,R15_OUT,0.0035814853480561166,0.02858295591549286,-12587.191774152823,-359.7791475804645,0.2295597484276729,0.2,0.0909090909090909,2149.0,1208.8124306013397
4,all,R16,High,R16_OUT,0.0,0.0,-32262.99063689742,-0.0,0.2295597484276729,0.2,0.0909090909090909,2149.0,1208.8124306013397
4,all,R17,Medium,R17_OUT,0.0,0.0,-201777.80733584773,-0.0,0.2295597484276729,0.2,0.0909090909090909,2149.0,1208.8124306013397
4,all,R18,High,R18_OUT,0.0,0.0,191533.38766655102,0.0,0.2295597484276729,0.2,0.0909090909090909,2149.0,1208.8124306013397
4,all,R19,High,R19_OUT,0.0,0.0,0.0,0.0,0.2295597484276729,0.2,0.0909090909090909,2149.0,1208.8124306013397
4,all,R20,Very_High,R20_OUT,0.0,0.0,0.0,0.0,0.2295597484276729,0.2,0.0909090909090909,2149.0,1208.8124306013397
5,all,R1,Very_Low,R1_OUT,0.0,0.0,7961.427607925201,0.0,0.2044025157232704,0.2,0.0909090909090909,2821.0,930.5261895220492
5,all,R2,Low,R2_OUT,0.0,0.0,-33604.16419218775,-0.0,0.2044025157232704,0.2,0.0909090909090909,2821.0,930.5261895220492
5,all,R3,Medium,R3_OUT,0.0,0.0,0.0,0.0,0.2044025157232704,0.2,0.0909090909090909,2821.0,930.5261895220492
5,all,R4,Low,R4_OUT,0.09852238386564732,0.7209702556774801,-1396.031748504592,-1006.4973666532353,0.2044025157232704,0.2,0.0909090909090909,2821.0,930.5261895220492
5,all,R5,Medium,R5_OUT,0.002389957313360834,0.01748930616236163,28914.70323461778,505.6980974640585,0.2044025157232704,0.2,0.0909090909090909,2821.0,930.5261895220492
5,all,R6,Medium,R6_OUT,0.0,0.0,-4902.173177809144,-0.0,0.2044025157232704,0.2,0.0909090909090909,2821.0,930.5261895220492
5,all,R7,Medium,R7_OUT,0.013244646496854586,0.0969220982737977,5756.67188027005,557.9487177095416,0.2044025157232704,0.2,0.0909090909090909,2821.0,930.5261895220492
5,all,R8,High,R8_OUT,0.0,0.0,-27166.82446100974,-0.0,0.2044025157232704,0.2,0.0909090909090909,2821.0,930.5261895220492
5,all,R9,Low,R9_OUT,0.0,0.0,-11412.064692424166,-0.0,0.2044025157232704,0.2,0.0909090909090909,2821.0,930.5261895220492
5,all,R10,Medium,R10_OUT,0.0,0.0,4976.65647517371,0.0,0.2044025157232704,0.2,0.0909090909090909,2821.0,930.5261895220492
5,all,R11,Medium,R11_OUT,0.0,0.0,-128848.52622091553,-0.0,0.2044025157232704,0.2,0.0909090909090909,2821.0,930.5261895220492
5,all,R12,Medium,R12_OUT,0.019414588622167446,0.14207269834117095,7641.979408448486,1085.7166352259417,0.2044025157232704,0.2,0.0909090909090909,2821.0,930.5261895220492
5,all,R13,Medium,R13_OUT,0.0004709593520058932,0.00344640142784631,-2311.5308507071204,-7.966463224387815,0.2044025157232704,0.2,0.0909090909090909,2821.0,930.5261895220492
5,all,R14,High,R14_OUT,0.0,0.0,-152255.72802405126,-0.0,0.2044025157232704,0.2,0.0909090909090909,2821.0,930.5261895220492
5,all,R15,High,R15_OUT,0.0026099588042156783,0.0190992401173433,-10700.605351010081,-204.37343099987015,0.2044025157232704,0.2,0.0909090909090909,2821.0,930.5261895220492
5,all,R16,High,R16_OUT,0.0,0.0,-32062.33822990077,-0.0,0.2044025157232704,0.2,0.0909090909090909,2821.0,930.5261895220492
5,all,R17,Medium,R17_OUT,0.0,0.0,-201337.3972617893,-0.0,0.2044025157232704,0.2,0.0909090909090909,2821.0,930.5261895220492
5,all,R18,High,R18_OUT,0.0,0.0,185714.64641140832,0.0,0.2044025157232704,0.2,0.0909090909090909,2821.0,930.5261895220492
5,all,R19,High,R19_OUT,0.0,0.0,0.0,0.0,0.2044025157232704,0.2,0.0909090909090909,2821.0,930.5261895220492
5,all,R20,Very_High,R20_OUT,0.0,0.0,0.0,0.0,0.2044025157232704,0.2,0.0909090909090909,2821.0,930.5261895220492
6,all,R1,Very_Low,R1_OUT,0.0,0.0,2210.080070872188,0.0,0.130503144654088,0.6,0.2424242424242424,2569.0,2233.2553023961354
6,all,R2,Low,R2_OUT,0.0,0.0,-19180.294180750876,-0.0,0.130503144654088,0.6,0.2424242424242424,2569.0,2233.2553023961354
6,all,R3,Medium,R3_OUT,0.0,0.0,0.0,0.0,0.130503144654088,0.6,0.2424242424242424,2569.0,2233.2553023961354
6,all,R4,Low,R4_OUT,0.43069966369010143,0.6692437292876621,-632.1578819339447,-423.06769840406275,0.130503144654088,0.6,0.2424242424242424,2569.0,2233.2553023961354
6,all,R5,Medium,R5_OUT,0.18331274873598588,0.2848409644413262,7484.603118275507,2131.921570670153,0.130503144654088,0.6,0.2424242424242424,2569.0,2233.2553023961354
6,all,R6,Medium,R6_OUT,0.0,0.0,-5559.751401764968,-0.0,0.130503144654088,0.6,0.2424242424242424,2569.0,2233.2553023961354
6,all,R7,Medium,R7_OUT,0.0,0.0,-6075.1424658907545,-0.0,0.130503144654088,0.6,0.2424242424242424,2569.0,2233.2553023961354
6,all,R8,High,R8_OUT,0.0,0.0,-30810.986250805676,-0.0,0.130503144654088,0.6,0.2424242424242424,2569.0,2233.2553023961354
6,all,R9,Low,R9_OUT,0.0,0.0,10401.21268635328,0.0,0.130503144654088,0.6,0.2424242424242424,2569.0,2233.2553023961354
6,all,R10,Medium,R10_OUT,0.0,0.0,3920.210399732755,0.0,0.130503144654088,0.6,0.2424242424242424,2569.0,2233.2553023961354
6,all,R11,Medium,R11_OUT,0.0,0.0,-169802.86482977006,-0.0,0.130503144654088,0.6,0.2424242424242424,2569.0,2233.2553023961354
6,all,R12,Medium,R12_OUT,0.02072741246048133,0.03220734071321934,-1160.6314502905375,-37.380852561985236,0.130503144654088,0.6,0.2424242424242424,2569.0,2233.2553023961354
6,all,R13,Medium,R13_OUT,0.008821922264256184,0.013707965557792363,40982.17786757427,561.7822826920285,0.130503144654088,0.6,0.2424242424242424,2569.0,2233.2553023961354
6,all,R14,High,R14_OUT,0.0,0.0,-185948.30650631443,-0.0,0.130503144654088,0.6,0.2424242424242424,2569.0,2233.2553023961354
6,all,R15,High,R15_OUT,0.0,0.0,-19847.62063278233,-0.0,0.130503144654088,0.6,0.2424242424242424,2569.0,2233.2553023961354
6,all,R16,High,R16_OUT,0.0,0.0,-36363.184949335395,-0.0,0.130503144654088,0.6,0.2424242424242424,2569.0,2233.2553023961354
6,all,R17,Medium,R17_OUT,0.0,0.0,-91727.9412175621,-0.0,0.130503144654088,0.6,0.2424242424242424,2569.0,2233.2553023961354
6,all,R18,High,R18_OUT,0.0,0.0,92080.51160472348,0.0,0.130503144654088,0.6,0.2424242424242424,2569.0,2233.2553023961354
6,all,R19,High,R19_OUT,0.0,0.0,0.0,0.0,0.130503144654088,0.6,0.2424242424242424,2569.0,2233.2553023961354
6,all,R20,Very_High,R20_OUT,0.0,0.0,0.0,0.0,0.130503144654088,0.6,0.2424242424242424,2569.0,2233.2553023961354
7,all,R1,Very_Low,R1_OUT,0.0,0.0,3070.6691997762705,0.0,0.2389937106918239,0.4,0.3636363636363636,3913.0,3584.7596211336386
7,all,R2,Low,R2_OUT,0.0,0.0,-45966.70195716877,-0.0,0.2389937106918239,0.4,0.3636363636363636,3913.0,3584.7596211336386
7,all,R3,Medium,R3_OUT,0.0,0.0,0.0,0.0,0.2389937106918239,0.4,0.3636363636363636,3913.0,3584.7596211336386
7,all,R4,Low,R4_OUT,0.0,0.0,-5104.866188313859,-0.0,0.2389937106918239,0.4,0.3636363636363636,3913.0,3584.7596211336386
7,all,R5,Medium,R5_OUT,0.2939998949004695,0.7160887556878411,1851.3060062102595,1325.6994143845313,0.2389937106918239,0.4,0.3636363636363636,3913.0,3584.7596211336386
7,all,R6,Medium,R6_OUT,0.0,0.0,-5849.438896630541,-0.0,0.2389937106918239,0.4,0.3636363636363636,3913.0,3584.7596211336386
7,all,R7,Medium,R7_OUT,0.0,0.0,-15701.909862740602,-0.0,0.2389937106918239,0.4,0.3636363636363636,3913.0,3584.7596211336386
7,all,R8,High,R8_OUT,0.0,0.0,-32416.37411398269,-0.0,0.2389937106918239,0.4,0.3636363636363636,3913.0,3584.7596211336386
7,all,R9,Low,R9_OUT,0.0,0.0,2370.4002417973443,0.0,0.2389937106918239,0.4,0.3636363636363636,3913.0,3584.7596211336386
7,all,R10,Medium,R10_OUT,0.0,0.0,12207.016507307479,0.0,0.2389937106918239,0.4,0.3636363636363636,3913.0,3584.7596211336386
7,all,R11,Medium,R11_OUT,0.0,0.0,-180614.8886656473,-0.0,0.2389937106918239,0.4,0.3636363636363636,3913.0,3584.7596211336386
7,all,R12,Medium,R12_OUT,0.0,0.0,3621.6246586491643,0.0,0.2389937106918239,0.4,0.3636363636363636,3913.0,3584.7596211336386
7,all,R13,Medium,R13_OUT,0.11656358981458798,0.2839112443121588,7956.924045830638,2259.060206749113,0.2389937106918239,0.4,0.3636363636363636,3913.0,3584.7596211336386
7,all,R14,High,R14_OUT,0.0,0.0,-197646.48308226993,-0.0,0.2389937106918239,0.4,0.3636363636363636,3913.0,3584.7596211336386
7,all,R15,High,R15_OUT,0.0,0.0,8530.36591119572,0.0,0.2389937106918239,0.4,0.3636363636363636,3913.0,3584.7596211336386
7,all,R16,High,R16_OUT,0.0,0.0,-38257.86677828137,-0.0,0.2389937106918239,0.4,0.3636363636363636,3913.0,3584.7596211336386
7,all,R17,Medium,R17_OUT,0.0,0.0,-135961.09309897068,-0.0,0.2389937106918239,0.4,0.3636363636363636,3913.0,3584.7596211336386
7,all,R18,High,R18_OUT,0.0,0.0,173634.6879798604,0.0,0.2389937106918239,0.4,0.3636363636363636,3913.0,3584.7596211336386
7,all,R19,High,R19_OUT,0.0,0.0,0.0,0.0,0.2389937106918239,0.4,0.3636363636363636,3913.0,3584.7596211336386
7,all,R20,Very_High,R20_OUT,0.0,0.0,0.0,0.0,0.2389937106918239,0.4,0.3636363636363636,3913.0,3584.7596211336386
8,all,R1,Very_Low,R1_OUT,0.012316561844863728,0.04618701112828673,-560.7041972088268,-25.897250996161162,0.2908805031446541,0.8,0.3333333333333333,7854.0,7537.055306328108
8,all,R2,Low,R2_OUT,0.07972375106971209,0.298963446473588,5263.2942456578385,1573.5325874864711,0.2908805031446541,0.8,0.3333333333333333,7854.0,7537.055306328108
8,all,R3,Medium,R3_OUT,0.0,0.0,0.0,0.0,0.2908805031446541,0.8,0.3333333333333333,7854.0,7537.055306328108
8,all,R4,Low,R4_OUT,0.0033337307715517765,0.012501464465798525,-2673.6226836730802,-33.4241989748919,0.2908805031446541,0.8,0.3333333333333333,7854.0,7537.055306328108
8,all,R5,Medium,R5_OUT,0.021578872863409364,0.0809206054117938,-2471.290202969336,-199.97829937251345,0.2908805031446541,0.8,0.3333333333333333,7854.0,7537.055306328108
8,all,R6,Medium,R6_OUT,0.0,0.0,-6170.041198485204,-0.0,0.2908805031446541,0.8,0.3333333333333333,7854.0,7537.055306328108
8,all,R7,Medium,R7_OUT,0.0,0.0,-12011.592597559906,-0.0,0.2908805031446541,0.8,0.3333333333333333,7854.0,7537.055306328108
8,all,R8,High,R8_OUT,0.0,0.0,-34193.08540928565,-0.0,0.2908805031446541,0.8,0.3333333333333333,7854.0,7537.055306328108
8,all,R9,Low,R9_OUT,0.01576673355817621,0.05912512822008841,11207.56152890152,662.6485124308325,0.2908805031446541,0.8,0.3333333333333333,7854.0,7537.055306328108
8,all,R10,Medium,R10_OUT,0.102056333350748,0.38271045633963535,4179.108071220317,1599.3883570293806,0.2908805031446541,0.8,0.3333333333333333,7854.0,7537.055306328108
8,all,R11,Medium,R11_OUT,0.0,0.0,-214595.40586947033,-0.0,0.2908805031446541,0.8,0.3333333333333333,7854.0,7537.055306328108
8,all,R12,Medium,R12_OUT,0.004267590703623965,0.016003431948133404,-2592.108544182801,-41.4826326890046,0.2908805031446541,0.8,0.3333333333333333,7854.0,7537.055306328108
8,all,R13,Medium,R13_OUT,0.02762364556022726,0.10358845601267559,38636.237911725046,4002.268231413999,0.2908805031446541,0.8,0.3333333333333333,7854.0,7537.055306328108
8,all,R14,High,R14_OUT,0.0,0.0,-225135.38535837387,-0.0,0.2908805031446541,0.8,0.3333333333333333,7854.0,7537.055306328108
8,all,R15,High,R15_OUT,0.0,0.0,-36975.23598835559,-0.0,0.2908805031446541,0.8,0.3333333333333333,7854.0,7537.055306328108
8,all,R16,High,R16_OUT,0.0,0.0,-40354.74484999164,-0.0,0.2908805031446541,0.8,0.3333333333333333,7854.0,7537.055306328108
8,all,R17,Medium,R17_OUT,0.0,0.0,-39468.14184547457,-0.0,0.2908805031446541,0.8,0.3333333333333333,7854.0,7537.055306328108
8,all,R18,High,R18_OUT,0.0,0.0,92303.43157736678,0.0,0.2908805031446541,0.8,0.3333333333333333,7854.0,7537.055306328108
8,all,R19,High,R19_OUT,0.0,0.0,0.0,0.0,0.2908805031446541,0.8,0.3333333333333333,7854.0,7537.055306328108
8,all,R20,Very_High,R20_OUT,0.0,0.0,0.0,0.0,0.2908805031446541,0.8,0.3333333333333333,7854.0,7537.055306328108
9,all,R1,Very_Low,R1_OUT,0.5000000000000001,0.757166178931305,1731.9339993526842,1311.361848451085,0.0644654088050314,0.8,0.0909090909090909,2422.0,2635.3331002684954
9,all,R2,Low,R2_OUT,0.012129006727141133,0.018367347355643087,15839.464315843314,290.92894301640774,0.0644654088050314,0.8,0.0909090909090909,2422.0,2635.3331002684954
9,all,R3,Medium,R3_OUT,0.0,0.0,0.0,0.0,0.0644654088050314,0.8,0.0909090909090909,2422.0,2635.3331002684954
9,all,R4,Low,R4_OUT,0.13533528323661262,0.20494259856570368,3882.2218461606535,795.6326333607078,0.0644654088050314,0.8,0.0909090909090909,2422.0,2635.3331002684954
9,all,R5,Medium,R5_OUT,0.003282965121592849,0.004971500313362408,16195.067816120787,80.51378472276994,0.0644654088050314,0.8,0.0909090909090909,2422.0,2635.3331002684954
9,all,R6,Medium,R6_OUT,0.0,0.0,-5240.106029190453,-0.0,0.0644654088050314,0.8,0.0909090909090909,2422.0,2635.3331002684954
9,all,R7,Medium,R7_OUT,0.0,0.0,6270.277858288464,0.0,0.0644654088050314,0.8,0.0909090909090909,2422.0,2635.3331002684954
9,all,R8,High,R8_OUT,0.0,0.0,-29039.578058346444,-0.0,0.0644654088050314,0.8,0.0909090909090909,2422.0,2635.3331002684954
9,all,R9,Low,R9_OUT,0.0073836368683391105,0.01118128022843326,15113.1046968821,168.98385873748967,0.0644654088050314,0.8,0.0909090909090909,2422.0,2635.3331002684954
9,all,R10,Medium,R10_OUT,0.00017911236249370467,0.0002712356462174342,-5507.187599361219,-1.4937455873533805,0.0644654088050314,0.8,0.0909090909090909,2422.0,2635.3331002684954
9,all,R11,Medium,R11_OUT,0.0,0.0,-160282.76950208077,-0.0,0.0644654088050314,0.8,0.0909090909090909,2422.0,2635.3331002684954
9,all,R12,Medium,R12_OUT,0.0019985331737859373,0.003026443453325903,-5182.004939204746,-15.683044923358697,0.0644654088050314,0.8,0.0909090909090909,2422.0,2635.3331002684954
9,all,R13,Medium,R13_OUT,4.848044461852869e-05,7.341550600940422e-05,69315.36357038855,5.088822490745899,0.0644654088050314,0.8,0.0909090909090909,2422.0,2635.3331002684954
9,all,R14,High,R14_OUT,0.0,0.0,-175472.87110998057,-0.0,0.0644654088050314,0.8,0.0909090909090909,2422.0,2635.3331002684954
9,all,R15,High,R15_OUT,0.0,0.0,-55896.83084949134,-0.0,0.0644654088050314,0.8,0.0909090909090909,2422.0,2635.3331002684954
9,all,R16,High,R16_OUT,0.0,0.0,-34272.56561007834,-0.0,0.0644654088050314,0.8,0.0909090909090909,2422.0,2635.3331002684954
9,all,R17,Medium,R17_OUT,0.0,0.0,-50057.05707286695,-0.0,0.0644654088050314,0.8,0.0909090909090909,2422.0,2635.3331002684954
9,all,R18,High,R18_OUT,0.0,0.0,17546.98978571946,0.0,0.0644654088050314,0.8,0.0909090909090909,2422.0,2635.3331002684954
9,all,R19,High,R19_OUT,0.0,0.0,0.0,0.0,0.0644654088050314,0.8,0.0909090909090909,2422.0,2635.3331002684954
9,all,R20,Very_High,R20_OUT,0.0,0.0,0.0,0.0,0.0644654088050314,0.8,0.0909090909090909,2422.0,2635.3331002684954
10,all,R1,Very_Low,R1_OUT,0.0,0.0,-5519.632050914658,-0.0,0.2751572327044025,1.0,0.6060606060606061,4067.0,-3397.5800271622393
10,all,R2,Low,R2_OUT,0.2914454628650566,0.5228353866210412,-12013.966691876507,-6281.326920199565,0.2751572327044025,1.0,0.6060606060606061,4067.0,-3397.5800271622393
10,all,R3,Medium,R3_OUT,0.005669906613302876,0.01017146668584091,0.0,0.0,0.2751572327044025,1.0,0.6060606060606061,4067.0,-3397.5800271622393
10,all,R4,Low,R4_OUT,0.0,0.0,-5829.348398494234,-0.0,0.2751572327044025,1.0,0.6060606060606061,4067.0,-3397.5800271622393
10,all,R5,Medium,R5_OUT,0.0011267048844479965,0.002021239850767335,-30063.66366845688,-60.76587506675113,0.2751572327044025,1.0,0.6060606060606061,4067.0,-3397.5800271622393
10,all,R6,Medium,R6_OUT,2.1919406165297645e-05,3.9322077908769104e-05,-7055.949393073426,-0.27745459175476533,0.2751572327044025,1.0,0.6060606060606061,4067.0,-3397.5800271622393
10,all,R7,Medium,R7_OUT,0.0,0.0,-33778.383492818255,-0.0,0.2751572327044025,1.0,0.6060606060606061,4067.0,-3397.5800271622393
10,all,R8,High,R8_OUT,0.0,0.0,-39102.60442077581,-0.0,0.2751572327044025,1.0,0.6060606060606061,4067.0,-3397.5800271622393
10,all,R9,Low,R9_OUT,0.0,0.0,27697.30705336282,0.0,0.2751572327044025,1.0,0.6060606060606061,4067.0,-3397.5800271622393
10,all,R10,Medium,R10_OUT,0.2532437754746591,0.4543038891669789,11359.551611049414,5160.68847609277,0.2751572327044025,1.0,0.6060606060606061,4067.0,-3397.5800271622393
10,all,R11,Medium,R11_OUT,0.004926714395297983,0.008838225170208706,-260615.27369794494,-2303.376471738008,0.2751572327044025,1.0,0.6060606060606061,4067.0,-3397.5800271622393
10,all,R12,Medium,R12_OUT,0.0,0.0,-7383.748392224423,-0.0,0.2751572327044025,1.0,0.6060606060606061,4067.0,-3397.5800271622393
10,all,R13,Medium,R13_OUT,0.0009790202118036143,0.0017563025545714456,54968.30797360487,96.54097971451219,0.2751572327044025,1.0,0.6060606060606061,4067.0,-3397.5800271622393
10,all,R14,High,R14_OUT,1.9046284402213067e-05,3.416787268270532e-05,-265242.18986678217,-9.062761373450165,0.2751572327044025,1.0,0.6060606060606061,4067.0,-3397.5800271622393
10,all,R15,High,R15_OUT,0.0,0.0,-13971.091879864282,-0.0,0.2751572327044025,1.0,0.6060606060606061,4067.0,-3397.5800271622393
10,all,R16,High,R16_OUT,0.0,0.0,-46148.96858437895,-0.0,0.2751572327044025,1.0,0.6060606060606061,4067.0,-3397.5800271622393
10,all,R17,Medium,R17_OUT,0.0,0.0,26788.982465460922,0.0,0.2751572327044025,1.0,0.6060606060606061,4067.0,-3397.5800271622393
10,all,R18,High,R18_OUT,0.0,0.0,68585.99063553347,0.0,0.2751572327044025,1.0,0.6060606060606061,4067.0,-3397.5800271622393
10,all,R19,High,R19_OUT,0.0,0.0,0.0,0.0,0.2751572327044025,1.0,0.6060606060606061,4067.0,-3397.5800271622393
10,all,R20,Very_High,R20_OUT,0.0,0.0,0.0,0.0,0.2751572327044025,1.0,0.6060606060606061,4067.0,-3397.5800271622393
11,all,R1,Very_Low,R1_OUT,0.0,0.0,-120.90343881507852,-0.0,0.3286163522012578,0.6,0.4848484848484848,9051.0,9421.554417496183
11,all,R2,Low,R2_OUT,0.0,0.0,-32520.996035497585,-0.0,0.3286163522012578,0.6,0.4848484848484848,9051.0,9421.554417496183
11,all,R3,Medium,R3_OUT,0.0,0.0,0.0,0.0,0.3286163522012578,0.6,0.4848484848484848,9051.0,9421.554417496183
11,all,R4,Low,R4_OUT,0.0,0.0,-6876.878753961864,-0.0,0.3286163522012578,0.6,0.4848484848484848,9051.0,9421.554417496183
11,all,R5,Medium,R5_OUT,0.08517778652831547,0.17037500527899535,-11479.30403417212,-1955.7864854212678,0.3286163522012578,0.6,0.4848484848484848,9051.0,9421.554417496183
11,all,R6,Medium,R6_OUT,0.0,0.0,-6455.1729636785585,-0.0,0.3286163522012578,0.6,0.4848484848484848,9051.0,9421.554417496183
11,all,R7,Medium,R7_OUT,0.0,0.0,-24530.380569878456,-0.0,0.3286163522012578,0.6,0.4848484848484848,9051.0,9421.554417496183
11,all,R8,High,R8_OUT,0.0,0.0,-35773.22636591081,-0.0,0.3286163522012578,0.6,0.4848484848484848,9051.0,9421.554417496183
11,all,R9,Low,R9_OUT,0.0,0.0,8018.51485038258,0.0,0.3286163522012578,0.6,0.4848484848484848,9051.0,9421.554417496183
11,all,R10,Medium,R10_OUT,0.0,0.0,13578.428043392909,0.0,0.3286163522012578,0.6,0.4848484848484848,9051.0,9421.554417496183
11,all,R11,Medium,R11_OUT,0.0,0.0,-220883.09797551497,-0.0,0.3286163522012578,0.6,0.4848484848484848,9051.0,9421.554417496183
11,all,R12,Medium,R12_OUT,0.0,0.0,995.4170769701127,0.0,0.3286163522012578,0.6,0.4848484848484848,9051.0,9421.554417496183
11,all,R13,Medium,R13_OUT,0.4147651856748765,0.8296249947210046,13713.835739415677,11377.340902917456,0.3286163522012578,0.6,0.4848484848484848,9051.0,9421.554417496183
11,all,R14,High,R14_OUT,0.0,0.0,-232638.59857043938,-0.0,0.3286163522012578,0.6,0.4848484848484848,9051.0,9421.554417496183
11,all,R15,High,R15_OUT,0.0,0.0,1196.3839543890135,0.0,0.3286163522012578,0.6,0.4848484848484848,9051.0,9421.554417496183
11,all,R16,High,R16_OUT,0.0,0.0,-42219.63023137747,-0.0,0.3286163522012578,0.6,0.4848484848484848,9051.0,9421.554417496183
11,all,R17,Medium,R17_OUT,0.0,0.0,-80643.56465685397,-0.0,0.3286163522012578,0.6,0.4848484848484848,9051.0,9421.554417496183
11,all,R18,High,R18_OUT,0.0,0.0,160290.86948433524,0.0,0.3286163522012578,0.6,0.4848484848484848,9051.0,9421.554417496183
11,all,R19,High,R19_OUT,0.0,0.0,0.0,0.0,0.3286163522012578,0.6,0.4848484848484848,9051.0,9421.554417496183
11,all,R20,Very_High,R20_OUT,0.0,0.0,0.0,0.0,0.3286163522012578,0.6,0.4848484848484848,9051.0,9421.554417496183
12,all,R1,Very_Low,R1_OUT,0.0,0.0,6051.502884855427,0.0,0.040880503144654,0.4,0.0606060606060606,2282.0,2476.8271560145076
12,all,R2,Low,R2_OUT,0.0,0.0,-24452.89401575325,-0.0,0.040880503144654,0.4,0.0606060606060606,2282.0,2476.8271560145076
12,all,R3,Medium,R3_OUT,0.0,0.0,0.0,0.0,0.040880503144654,0.4,0.0606060606060606,2282.0,2476.8271560145076
12,all,R4,Low,R4_OUT,0.8007374029168082,0.9774539560263354,2156.5685005608657,2107.9464123150005,0.040880503144654,0.4,0.0606060606060606,2282.0,2476.8271560145076
12,all,R5,Medium,R5_OUT,0.010969893039401366,0.013390863608331577,26076.900930145435,349.19222368355236,0.040880503144654,0.4,0.0606060606060606,2282.0,2476.8271560145076
12,all,R6,Medium,R6_OUT,0.0,0.0,-4790.560757155585,-0.0,0.040880503144654,0.4,0.0606060606060606,2282.0,2476.8271560145076
12,all,R7,Medium,R7_OUT,0.0,0.0,7670.5311514878495,0.0,0.040880503144654,0.4,0.0606060606060606,2282.0,2476.8271560145076
12,all,R8,High,R8_OUT,0.0,0.0,-26548.291632810895,-0.0,0.040880503144654,0.4,0.0606060606060606,2282.0,2476.8271560145076
12,all,R9,Low,R9_OUT,0.0,0.0,2683.7932057434423,0.0,0.040880503144654,0.4,0.0606060606060606,2282.0,2476.8271560145076
12,all,R10,Medium,R10_OUT,0.0,0.0,183.3809998446941,0.0,0.040880503144654,0.4,0.0606060606060606,2282.0,2476.8271560145076
12,all,R11,Medium,R11_OUT,0.0,0.0,-122421.30287134426,-0.0,0.040880503144654,0.4,0.0606060606060606,2282.0,2476.8271560145076
12,all,R12,Medium,R12_OUT,0.007398631151621302,0.009031451836755609,1685.7977681556144,15.225201349607529,0.040880503144654,0.4,0.0606060606060606,2282.0,2476.8271560145076
12,all,R13,Medium,R13_OUT,0.00010135931214855577,0.00012372852857731094,36073.480527645304,4.463318666347832,0.040880503144654,0.4,0.0606060606060606,2282.0,2476.8271560145076
12,all,R14,High,R14_OUT,0.0,0.0,-144485.00682458325,-0.0,0.040880503144654,0.4,0.0606060606060606,2282.0,2476.8271560145076
12,all,R15,High,R15_OUT,0.0,0.0,-21488.856843330723,-0.0,0.040880503144654,0.4,0.0606060606060606,2282.0,2476.8271560145076
12,all,R16,High,R16_OUT,0.0,0.0,-31332.344602003428,-0.0,0.040880503144654,0.4,0.0606060606060606,2282.0,2476.8271560145076
12,all,R17,Medium,R17_OUT,0.0,0.0,-150683.62113315842,-0.0,0.040880503144654,0.4,0.0606060606060606,2282.0,2476.8271560145076
12,all,R18,High,R18_OUT,0.0,0.0,99827.38747640785,0.0,0.040880503144654,0.4,0.0606060606060606,2282.0,2476.8271560145076
12,all,R19,High,R19_OUT,0.0,0.0,0.0,0.0,0.040880503144654,0.4,0.0606060606060606,2282.0,2476.8271560145076
12,all,R20,Very_High,R20_OUT,0.0,0.0,0.0,0.0,0.040880503144654,0.4,0.0606060606060606,2282.0,2476.8271560145076
13,all,R1,Very_Low,R1_OUT,0.18589789403468657,0.44960262905461934,672.9570031917062,302.563237875709,0.2421383647798742,0.8,0.2121212121212121,4172.0,4458.382887856962
13,all,R2,Low,R2_OUT,0.042755214771487644,0.10340545850115418,16848.36834558449,1742.2132537714967,0.2421383647798742,0.8,0.2121212121212121,4172.0,4458.382887856962
13,all,R3,Medium,R3_OUT,0.0,0.0,0.0,0.0,0.2421383647798742,0.8,0.2121212121212121,4172.0,4458.382887856962
13,all,R4,Low,R4_OUT,0.0503170882845482,0.12169419829406514,-104.37097264723434,-12.701341841476983,0.2421383647798742,0.8,0.2121212121212121,4172.0,4458.382887856962
13,all,R5,Medium,R5_OUT,0.011572578201882965,0.02798881402893098,7539.639610334496,211.02557089881384,0.2421383647798742,0.8,0.2121212121212121,4172.0,4458.382887856962
13,all,R6,Medium,R6_OUT,0.0,0.0,-5783.687941761584,-0.0,0.2421383647798742,0.8,0.2121212121212121,4172.0,4458.382887856962
13,all,R7,Medium,R7_OUT,0.0,0.0,-2475.7643933183554,-0.0,0.2421383647798742,0.8,0.2121212121212121,4172.0,4458.382887856962
13,all,R8,High,R8_OUT,0.0,0.0,-32051.99599321588,-0.0,0.2421383647798742,0.8,0.2121212121212121,4172.0,4458.382887856962
13,all,R9,Low,R9_OUT,0.07865347721045689,0.19022706159065297,9691.629856647092,1843.6102696542177,0.2421383647798742,0.8,0.2121212121212121,4172.0,4458.382887856962
13,all,R10,Medium,R10_OUT,0.018089749365476523,0.043750893015172126,-600.0842583050926,-26.254222185195022,0.2421383647798742,0.8,0.2121212121212121,4172.0,4458.382887856962
13,all,R11,Medium,R11_OUT,0.0,0.0,-194801.78391285503,-0.0,0.2421383647798742,0.8,0.2121212121212121,4172.0,4458.382887856962
13,all,R12,Medium,R12_OUT,0.02128918123164327,0.051488866519279135,-2898.8477095708254,-149.25838277781028,0.2421383647798742,0.8,0.2121212121212121,4172.0,4458.382887856962
13,all,R13,Medium,R13_OUT,0.004896362708112196,0.01184207899612611,46206.79381046229,547.1845024612054,0.2421383647798742,0.8,0.2121212121212121,4172.0,4458.382887856962
13,all,R14,High,R14_OUT,0.0,0.0,-207074.1898761217,-0.0,0.2421383647798742,0.8,0.2121212121212121,4172.0,4458.382887856962
13,all,R15,High,R15_OUT,0.0,0.0,-51270.41112822674,-0.0,0.2421383647798742,0.8,0.2121212121212121,4172.0,4458.382887856962
13,all,R16,High,R16_OUT,0.0,0.0,-37827.8270229639,-0.0,0.2421383647798742,0.8,0.2121212121212121,4172.0,4458.382887856962
13,all,R17,Medium,R17_OUT,0.0,0.0,-45891.15027394554,-0.0,0.2421383647798742,0.8,0.2121212121212121,4172.0,4458.382887856962
13,all,R18,High,R18_OUT,0.0,0.0,69835.73514784628,0.0,0.2421383647798742,0.8,0.2121212121212121,4172.0,4458.382887856962
13,all,R19,High,R19_OUT,0.0,0.0,0.0,0.0,0.2421383647798742,0.8,0.2121212121212121,4172.0,4458.382887856962
13,all,R20,Very_High,R20_OUT,0.0,0.0,0.0,0.0,0.2421383647798742,0.8,0.2121212121212121,4172.0,4458.382887856962
14,all,R1,Very_Low,R1_OUT,0.0,0.0,-1443.7164991501122,-0.0,0.4056603773584906,1.0,0.2424242424242424,4977.0,5007.282443584576
14,all,R2,Low,R2_OUT,0.0,0.0,49772.23305694659,0.0,0.4056603773584906,1.0,0.2424242424242424,4977.0,5007.282443584576
14,all,R3,Medium,R3_OUT,0.0,0.0,0.0,0.0,0.4056603773584906,1.0,0.2424242424242424,4977.0,5007.282443584576
14,all,R4,Low,R4_OUT,0.0,0.0,-1163.6912528513221,-0.0,0.4056603773584906,1.0,0.2424242424242424,4977.0,5007.282443584576
14,all,R5,Medium,R5_OUT,0.0,0.0,2878.4950753947087,0.0,0.4056603773584906,1.0,0.2424242424242424,4977.0,5007.282443584576
14,all,R6,Medium,R6_OUT,0.0,0.0,-6234.356006185027,-0.0,0.4056603773584906,1.0,0.2424242424242424,4977.0,5007.282443584576
14,all,R7,Medium,R7_OUT,0.0,0.0,-3475.7485427312713,-0.0,0.4056603773584906,1.0,0.2424242424242424,4977.0,5007.282443584576
14,all,R8,High,R8_OUT,0.0,0.0,-34549.50470072188,-0.0,0.4056603773584906,1.0,0.2424242424242424,4977.0,5007.282443584576
14,all,R9,Low,R9_OUT,0.4413579599518801,0.6987497592342061,8259.468790280735,5771.301828611103,0.4056603773584906,1.0,0.2424242424242424,4977.0,5007.282443584576
14,all,R10,Medium,R10_OUT,0.18784909215415704,0.2973992084098636,-2703.4846698511174,-804.0142007619238,0.4056603773584906,1.0,0.2424242424242424,4977.0,5007.282443584576
14,all,R11,Medium,R11_OUT,0.0,0.0,-232840.1282175132,-0.0,0.4056603773584906,1.0,0.2424242424242424,4977.0,5007.282443584576
14,all,R12,Medium,R12_OUT,0.001706254626094606,0.002701310766675293,-4061.8978480558426,-10.97244839008845,0.4056603773584906,1.0,0.2424242424242424,4977.0,5007.282443584576
14,all,R13,Medium,R13_OUT,0.000726209588540439,0.0011497215892549626,44330.09226043523,50.96726412548671,0.4056603773584906,1.0,0.2424242424242424,4977.0,5007.282443584576
14,all,R14,High,R14_OUT,0.0,0.0,-240120.33144398255,-0.0,0.4056603773584906,1.0,0.2424242424242424,4977.0,5007.282443584576
14,all,R15,High,R15_OUT,0.0,0.0,-77609.06795404796,-0.0,0.4056603773584906,1.0,0.2424242424242424,4977.0,5007.282443584576
14,all,R16,High,R16_OUT,0.0,0.0,-40775.39158025887,-0.0,0.4056603773584906,1.0,0.2424242424242424,4977.0,5007.282443584576
14,all,R17,Medium,R17_OUT,0.0,0.0,2675.446365405044,0.0,0.4056603773584906,1.0,0.2424242424242424,4977.0,5007.282443584576
14,all,R18,High,R18_OUT,0.0,0.0,65189.05515354173,0.0,0.4056603773584906,1.0,0.2424242424242424,4977.0,5007.282443584576
14,all,R19,High,R19_OUT,0.0,0.0,0.0,0.0,0.4056603773584906,1.0,0.2424242424242424,4977.0,5007.282443584576
14,all,R20,Very_High,R20_OUT,0.0,0.0,0.0,0.0,0.4056603773584906,1.0,0.2424242424242424,4977.0,5007.282443584576
15,all,R1,Very_Low,R1_OUT,0.3446969696969698,0.6050375724721454,536.6181120779074,324.6741198762028,0.1415094339622641,0.8,0.2121212121212121,1617.0,2314.0841391731137
15,all,R2,Low,R2_OUT,0.07927789094654851,0.13915440780108737,7018.922000477891,976.7139343785244,0.1415094339622641,0.8,0.2121212121212121,1617.0,2314.0841391731137
15,all,R3,Medium,R3_OUT,0.0,0.0,0.0,0.0,0.1415094339622641,0.8,0.2121212121212121,1617.0,2314.0841391731137
15,all,R4,Low,R4_OUT,0.09329932404948295,0.16376586247862063,1001.8464773289934,164.06825243095045,0.1415094339622641,0.8,0.2121212121212121,1617.0,2314.0841391731137
15,all,R5,Medium,R5_OUT,0.021458191651304855,0.037665002386766504,6481.687136174463,244.13276145428492,0.1415094339622641,0.8,0.2121212121212121,1617.0,2314.0841391731137
15,all,R6,Medium,R6_OUT,0.0,0.0,-5660.972893295234,-0.0,0.1415094339622641,0.8,0.2121212121212121,1617.0,2314.0841391731137
15,all,R7,Medium,R7_OUT,0.0,0.0,-3092.1826978137524,-0.0,0.1415094339622641,0.8,0.2121212121212121,1617.0,2314.0841391731137
15,all,R8,High,R8_OUT,0.0,0.0,-31371.934710250287,-0.0,0.1415094339622641,0.8,0.2121212121212121,1617.0,2314.0841391731137
15,all,R9,Low,R9_OUT,0.01982147596985448,0.03479211817312691,15106.191037126653,525.5763837095411,0.1415094339622641,0.8,0.2121212121212121,1617.0,2314.0841391731137
15,all,R10,Medium,R10_OUT,0.004558800768452388,0.008001943715238966,-699.9172429144346,-5.600698383126545,0.1415094339622641,0.8,0.2121212121212121,1617.0,2314.0841391731137
15,all,R11,Medium,R11_OUT,0.0,0.0,-183308.79468034074,-0.0,0.1415094339622641,0.8,0.2121212121212121,1617.0,2314.0841391731137
15,all,R12,Medium,R12_OUT,0.005365090129095932,0.009417202334723653,-4441.417906055427,-41.82573107438861,0.1415094339622641,0.8,0.2121212121212121,1617.0,2314.0841391731137
15,all,R13,Medium,R13_OUT,0.001233933186435582,0.002165890638290595,58334.02414114641,126.34511678112658,0.1415094339622641,0.8,0.2121212121212121,1617.0,2314.0841391731137
15,all,R14,High,R14_OUT,0.0,0.0,-196506.28877650102,-0.0,0.1415094339622641,0.8,0.2121212121212121,1617.0,2314.0841391731137
15,all,R15,High,R15_OUT,0.0,0.0,-43724.065435655764,-0.0,0.1415094339622641,0.8,0.2121212121212121,1617.0,2314.0841391731137
15,all,R16,High,R16_OUT,0.0,0.0,-37025.217394977306,-0.0,0.1415094339622641,0.8,0.2121212121212121,1617.0,2314.0841391731137
15,all,R17,Medium,R17_OUT,0.0,0.0,-44129.509977711736,-0.0,0.1415094339622641,0.8,0.2121212121212121,1617.0,2314.0841391731137
15,all,R18,High,R18_OUT,0.0,0.0,46560.77012727548,0.0,0.1415094339622641,0.8,0.2121212121212121,1617.0,2314.0841391731137
15,all,R19,High,R19_OUT,0.0,0.0,0.0,0.0,0.1415094339622641,0.8,0.2121212121212121,1617.0,2314.0841391731137
15,all,R20,Very_High,R20_OUT,0.0,0.0,0.0,0.0,0.1415094339622641,0.8,0.2121212121212121,1617.0,2314.0841391731137
16,all,R1,Very_Low,R1_OUT,0.6893939393939394,0.7962101400700217,-1570.4139882686259,-1250.379541567284,0.0723270440251572,1.0,0.2121212121212121,3192.0,2991.867554868293
16,all,R2,Low,R2_OUT,0.158555781893097,0.18312276058155957,21298.745082115405,3900.2849963598887,0.0723270440251572,1.0,0.2121212121212121,3192.0,2991.867554868293
16,all,R3,Medium,R3_OUT,0.0,0.0,0.0,0.0,0.0723270440251572,1.0,0.2121212121212121,3192.0,2991.867554868293
16,all,R4,Low,R4_OUT,0.0026651419143335266,0.003078084815749162,3009.0109586183353,9.261990942145927,0.0723270440251572,1.0,0.2121212121212121,3192.0,2991.867554868293
16,all,R5,Medium,R5_OUT,0.0006129639904503815,0.0007079379681281082,2004.8713904833749,1.4193245785369755,0.0723270440251572,1.0,0.2121212121212121,3192.0,2991.867554868293
16,all,R6,Medium,R6_OUT,0.0,0.0,-5746.134119359561,-0.0,0.0723270440251572,1.0,0.2121212121212121,3192.0,2991.867554868293
16,all,R7,Medium,R7_OUT,0.0,0.0,-3059.0327212518932,-0.0,0.0723270440251572,1.0,0.2121212121212121,3192.0,2991.867554868293
16,all,R8,High,R8_OUT,0.0,0.0,-31843.880517865022,-0.0,0.0723270440251572,1.0,0.2121212121212121,3192.0,2991.867554868293
16,all,R9,Low,R9_OUT,0.011837542332490649,0.01367167696153966,25160.550264606976,343.98691539228776,0.0723270440251572,1.0,0.2121212121212121,3192.0,2991.867554868293
16,all,R10,Medium,R10_OUT,0.002722551900979462,0.0031443900309487084,-4216.890363270877,-13.259548019872623,0.0723270440251572,1.0,0.2121212121212121,3192.0,2991.867554868293
16,all,R11,Medium,R11_OUT,0.0,0.0,-191212.92506053063,-0.0,0.0723270440251572,1.0,0.2121212121212121,3192.0,2991.867554868293
16,all,R12,Medium,R12_OUT,4.576299330503752e-05,5.285361130598258e-05,-9061.550805527535,-0.47893568410476567,0.0723270440251572,1.0,0.2121212121212121,3192.0,2991.867554868293
16,all,R13,Medium,R13_OUT,1.052516822475648e-05,1.2155960747002138e-05,84925.64990765444,1.032352866691093,0.0723270440251572,1.0,0.2121212121212121,3192.0,2991.867554868293
16,all,R14,High,R14_OUT,0.0,0.0,-201878.56695470825,-0.0,0.0723270440251572,1.0,0.2121212121212121,3192.0,2991.867554868293
16,all,R15,High,R15_OUT,0.0,0.0,-57099.40693108415,-0.0,0.0723270440251572,1.0,0.2121212121212121,3192.0,2991.867554868293
16,all,R16,High,R16_OUT,0.0,0.0,-37582.20874043534,-0.0,0.0723270440251572,1.0,0.2121212121212121,3192.0,2991.867554868293
16,all,R17,Medium,R17_OUT,0.0,0.0,6691.804109939723,0.0,0.0723270440251572,1.0,0.2121212121212121,3192.0,2991.867554868293
16,all,R18,High,R18_OUT,0.0,0.0,-14707.737789019448,-0.0,0.0723270440251572,1.0,0.2121212121212121,3192.0,2991.867554868293
16,all,R19,High,R19_OUT,0.0,0.0,0.0,0.0,0.0723270440251572,1.0,0.2121212121212121,3192.0,2991.867554868293
16,all,R20,Very_High,R20_OUT,0.0,0.0,0.0,0.0,0.0723270440251572,1.0,0.2121212121212121,3192.0,2991.867554868293
17,all,R1,Very_Low,R1_OUT,0.0,0.0,-3055.560166587917,-0.0,0.4150943396226415,1.0,0.3939393939393939,3437.0,3365.1932653707736
17,all,R2,Low,R2_OUT,0.0,0.0,30260.978435128258,0.0,0.4150943396226415,1.0,0.3939393939393939,3437.0,3365.1932653707736
17,all,R3,Medium,R3_OUT,0.0,0.0,0.0,0.0,0.4150943396226415,1.0,0.3939393939393939,3437.0,3365.1932653707736
17,all,R4,Low,R4_OUT,0.0,0.0,-3809.1836809036067,-0.0,0.4150943396226415,1.0,0.3939393939393939,3437.0,3365.1932653707736
17,all,R5,Medium,R5_OUT,0.0,0.0,-10176.541308871667,-0.0,0.4150943396226415,1.0,0.3939393939393939,3437.0,3365.1932653707736
17,all,R6,Medium,R6_OUT,0.0,0.0,-6654.501985882162,-0.0,0.4150943396226415,1.0,0.3939393939393939,3437.0,3365.1932653707736
17,all,R7,Medium,R7_OUT,0.0,0.0,-15710.96660228671,-0.0,0.4150943396226415,1.0,0.3939393939393939,3437.0,3365.1932653707736
17,all,R8,High,R8_OUT,0.0,0.0,-36877.86636116654,-0.0,0.4150943396226415,1.0,0.3939393939393939,3437.0,3365.1932653707736
17,all,R9,Low,R9_OUT,0.0,0.0,12925.1158596723,0.0,0.4150943396226415,1.0,0.3939393939393939,3437.0,3365.1932653707736
17,all,R10,Medium,R10_OUT,0.6635348835062584,0.9961489676440697,3219.419331962581,3207.0212439478855,0.4150943396226415,1.0,0.3939393939393939,3437.0,3365.1932653707736
17,all,R11,Medium,R11_OUT,0.0,0.0,-251700.9775794567,-0.0,0.4150943396226415,1.0,0.3939393939393939,3437.0,3365.1932653707736
17,all,R12,Medium,R12_OUT,0.0,0.0,-4467.835984053168,-0.0,0.4150943396226415,1.0,0.3939393939393939,3437.0,3365.1932653707736
17,all,R13,Medium,R13_OUT,0.0025651728693895878,0.003851032355930255,41072.62853279346,158.17202142289182,0.4150943396226415,1.0,0.3939393939393939,3437.0,3365.1932653707736
17,all,R14,High,R14_OUT,0.0,0.0,-257289.03265597622,-0.0,0.4150943396226415,1.0,0.3939393939393939,3437.0,3365.1932653707736
17,all,R15,High,R15_OUT,0.0,0.0,-55878.4924443387,-0.0,0.4150943396226415,1.0,0.3939393939393939,3437.0,3365.1932653707736
17,all,R16,High,R16_OUT,0.0,0.0,-43523.328468472275,-0.0,0.4150943396226415,1.0,0.3939393939393939,3437.0,3365.1932653707736
17,all,R17,Medium,R17_OUT,0.0,0.0,11605.67127133215,0.0,0.4150943396226415,1.0,0.3939393939393939,3437.0,3365.1932653707736
17,all,R18,High,R18_OUT,0.0,0.0,81363.4396838221,0.0,0.4150943396226415,1.0,0.3939393939393939,3437.0,3365.1932653707736
17,all,R19,High,R19_OUT,0.0,0.0,0.0,0.0,0.4150943396226415,1.0,0.3939393939393939,3437.0,3365.1932653707736
17,all,R20,Very_High,R20_OUT,0.0,0.0,0.0,0.0,0.4150943396226415,1.0,0.3939393939393939,3437.0,3365.1932653707736
18,all,R1,Very_Low,R1_OUT,0.0,0.0,-1012.436921450977,-0.0,0.4371069182389937,0.8,0.3939393939393939,4494.0,9560.18168702032
18,all,R2,Low,R2_OUT,0.0,0.0,11373.602379222037,0.0,0.4371069182389937,0.8,0.3939393939393939,4494.0,9560.18168702032
18,all,R3,Medium,R3_OUT,0.0,0.0,0.0,0.0,0.4371069182389937,0.8,0.3939393939393939,4494.0,9560.18168702032
18,all,R4,Low,R4_OUT,0.0,0.0,-5297.8087325165925,-0.0,0.4371069182389937,0.8,0.3939393939393939,4494.0,9560.18168702032
18,all,R5,Medium,R5_OUT,0.0,0.0,-6195.640785443091,-0.0,0.4371069182389937,0.8,0.3939393939393939,4494.0,9560.18168702032
18,all,R6,Medium,R6_OUT,0.0,0.0,-6511.818080849234,-0.0,0.4371069182389937,0.8,0.3939393939393939,4494.0,9560.18168702032
18,all,R7,Medium,R7_OUT,0.0,0.0,-16033.062659080784,-0.0,0.4371069182389937,0.8,0.3939393939393939,4494.0,9560.18168702032
18,all,R8,High,R8_OUT,0.0,0.0,-36087.141827161686,-0.0,0.4371069182389937,0.8,0.3939393939393939,4494.0,9560.18168702032
18,all,R9,Low,R9_OUT,0.0,0.0,5408.832185541767,0.0,0.4371069182389937,0.8,0.3939393939393939,4494.0,9560.18168702032
18,all,R10,Medium,R10_OUT,0.3566420875703638,0.7869860421615987,6689.595740783394,5264.618475700211,0.4371069182389937,0.8,0.3939393939393939,4494.0,9560.18168702032
18,all,R11,Medium,R11_OUT,0.0,0.0,-238409.50849652576,-0.0,0.4371069182389937,0.8,0.3939393939393939,4494.0,9560.18168702032
18,all,R12,Medium,R12_OUT,0.0,0.0,-570.7828641832166,-0.0,0.4371069182389937,0.8,0.3939393939393939,4494.0,9560.18168702032
18,all,R13,Medium,R13_OUT,0.09653251587086395,0.21301395783840138,20165.641983793612,4295.563211320109,0.4371069182389937,0.8,0.3939393939393939,4494.0,9560.18168702032
18,all,R14,High,R14_OUT,0.0,0.0,-246963.05083732185,-0.0,0.4371069182389937,0.8,0.3939393939393939,4494.0,9560.18168702032
18,all,R15,High,R15_OUT,0.0,0.0,-38965.801405517675,-0.0,0.4371069182389937,0.8,0.3939393939393939,4494.0,9560.18168702032
18,all,R16,High,R16_OUT,0.0,0.0,-42590.11385989553,-0.0,0.4371069182389937,0.8,0.3939393939393939,4494.0,9560.18168702032
18,all,R17,Medium,R17_OUT,0.0,0.0,-38389.87392745972,-0.0,0.4371069182389937,0.8,0.3939393939393939,4494.0,9560.18168702032
18,all,R18,High,R18_OUT,0.0,0.0,131721.80774672446,0.0,0.4371069182389937,0.8,0.3939393939393939,4494.0,9560.18168702032
18,all,R19,High,R19_OUT,0.0,0.0,0.0,0.0,0.4371069182389937,0.8,0.3939393939393939,4494.0,9560.18168702032
18,all,R20,Very_High,R20_OUT,0.0,0.0,0.0,0.0,0.4371069182389937,0.8,0.3939393939393939,4494.0,9560.18168702032
19,all,R1,Very_Low,R1_OUT,1.0,0.948481533775129,-642.5052190011602,-609.4043355767456,0.0377358490566037,1.0,0.1212121212121212,840.0,784.1390530710582
19,all,R2,Low,R2_OUT,0.041235730300983486,0.03911132872221438,30179.53203098825,1180.3615979465796,0.0377358490566037,1.0,0.1212121212121212,840.0,784.1390530710582
19,all,R3,Medium,R3_OUT,0.0,0.0,0.0,0.0,0.0377358490566037,1.0,0.1212121212121212,840.0,784.1390530710582
19,all,R4,Low,R4_OUT,0.0038659201394728076,0.0036667538633393293,4914.343932317872,18.01968959960475,0.0377358490566037,1.0,0.1212121212121212,840.0,784.1390530710582
19,all,R5,Medium,R5_OUT,0.00015941404023644116,0.00015120127338874985,9533.731884722187,1.4415124011169207,0.0377358490566037,1.0,0.1212121212121212,840.0,784.1390530710582
19,all,R6,Medium,R6_OUT,0.0,0.0,-5458.765955107204,-0.0,0.0377358490566037,1.0,0.1212121212121212,840.0,784.1390530710582
19,all,R7,Medium,R7_OUT,0.0,0.0,4104.877851938942,0.0,0.0377358490566037,1.0,0.1212121212121212,840.0,784.1390530710582
19,all,R8,High,R8_OUT,0.0,0.0,-30251.345902745616,-0.0,0.0377358490566037,1.0,0.1212121212121212,840.0,784.1390530710582
19,all,R9,Low,R9_OUT,0.008663595568208346,0.008217260412541663,23917.848362359913,196.53918850119456,0.0377358490566037,1.0,0.1212121212121212,840.0,784.1390530710582
19,all,R10,Medium,R10_OUT,0.00035724969028743514,0.0003388447341845163,-7799.334747434281,-2.6427635093104302,0.0377358490566037,1.0,0.1212121212121212,840.0,784.1390530710582
19,all,R11,Medium,R11_OUT,0.0,0.0,-176592.1810390167,-0.0,0.0377358490566037,1.0,0.1212121212121212,840.0,784.1390530710582
19,all,R12,Medium,R12_OUT,3.349276858738401e-05,3.176727252013745e-05,-9261.476855418463,-0.2942118592050239,0.0377358490566037,1.0,0.1212121212121212,840.0,784.1390530710582
19,all,R13,Medium,R13_OUT,1.3810987725026185e-06,1.3099466820382316e-06,90366.7068643112,0.11837556782362595,0.0377358490566037,1.0,0.1212121212121212,840.0,784.1390530710582
19,all,R14,High,R14_OUT,0.0,0.0,-188539.0746613711,-0.0,0.0377358490566037,1.0,0.1212121212121212,840.0,784.1390530710582
19,all,R15,High,R15_OUT,0.0,0.0,-67968.17785029554,-0.0,0.0377358490566037,1.0,0.1212121212121212,840.0,784.1390530710582
19,all,R16,High,R16_OUT,0.0,0.0,-35702.696339461145,-0.0,0.0377358490566037,1.0,0.1212121212121212,840.0,784.1390530710582
19,all,R17,Medium,R17_OUT,0.0,0.0,1840.1407515506808,0.0,0.0377358490566037,1.0,0.1212121212121212,840.0,784.1390530710582
19,all,R18,High,R18_OUT,0.0,0.0,-31103.920950601798,-0.0,0.0377358490566037,1.0,0.1212121212121212,840.0,784.1390530710582
19,all,R19,High,R19_OUT,0.0,0.0,0.0,0.0,0.0377358490566037,1.0,0.1212121212121212,840.0,784.1390530710582
19,all,R20,Very_High,R20_OUT,0.0,0.0,0.0,0.0,0.0377358490566037,1.0,0.1212121212121212,840.0,784.1390530710582
20,all,R1,Very_Low,R1_OUT,0.0,0.0,-479.91324928947324,-0.0,0.3034591194968553,0.6,0.5151515151515151,5180.0,5441.58593976486
20,all,R2,Low,R2_OUT,0.0,0.0,-39064.91066510866,-0.0,0.3034591194968553,0.6,0.5151515151515151,5180.0,5441.58593976486
20,all,R3,Medium,R3_OUT,0.0,0.0,0.0,0.0,0.3034591194968553,0.6,0.5151515151515151,5180.0,5441.58593976486
20,all,R4,Low,R4_OUT,0.0,0.0,-7108.681299891208,-0.0,0.3034591194968553,0.6,0.5151515151515151,5180.0,5441.58593976486
20,all,R5,Medium,R5_OUT,0.1853869471498628,0.3544399653604369,-14374.636038455908,-5094.945499539201,0.3034591194968553,0.6,0.5151515151515151,5180.0,5441.58593976486
20,all,R6,Medium,R6_OUT,0.0,0.0,-6506.222490342655,-0.0,0.3034591194968553,0.6,0.5151515151515151,5180.0,5441.58593976486
20,all,R7,Medium,R7_OUT,0.0,0.0,-27143.086601122683,-0.0,0.3034591194968553,0.6,0.5151515151515151,5180.0,5441.58593976486
20,all,R8,High,R8_OUT,0.0,0.0,-36056.13222820274,-0.0,0.3034591194968553,0.6,0.5151515151515151,5180.0,5441.58593976486
20,all,R9,Low,R9_OUT,0.0,0.0,10406.807581514773,0.0,0.3034591194968553,0.6,0.5151515151515151,5180.0,5441.58593976486
20,all,R10,Medium,R10_OUT,0.0,0.0,14736.178729141888,0.0,0.3034591194968553,0.6,0.5151515151515151,5180.0,5441.58593976486
20,all,R11,Medium,R11_OUT,0.0,0.0,-221566.52699166548,-0.0,0.3034591194968553,0.6,0.5151515151515151,5180.0,5441.58593976486
20,all,R12,Medium,R12_OUT,0.0,0.0,499.66370946541156,0.0,0.3034591194968553,0.6,0.5151515151515151,5180.0,5441.58593976486
20,all,R13,Medium,R13_OUT,0.33765493657602913,0.6455600346395631,16321.536145258673,10536.53143930407,0.3034591194968553,0.6,0.5151515151515151,5180.0,5441.58593976486
20,all,R14,High,R14_OUT,0.0,0.0,-233232.21539231506,-0.0,0.3034591194968553,0.6,0.5151515151515151,5180.0,5441.58593976486
20,all,R15,High,R15_OUT,0.0,0.0,7570.579461209316,0.0,0.3034591194968553,0.6,0.5151515151515151,5180.0,5441.58593976486
20,all,R16,High,R16_OUT,0.0,0.0,-42553.51627149875,-0.0,0.3034591194968553,0.6,0.5151515151515151,5180.0,5441.58593976486
20,all,R17,Medium,R17_OUT,0.0,0.0,-78384.07884605572,-0.0,0.3034591194968553,0.6,0.5151515151515151,5180.0,5441.58593976486
20,all,R18,High,R18_OUT,0.0,0.0,157270.59954111293,0.0,0.3034591194968553,0.6,0.5151515151515151,5180.0,5441.58593976486
20,all,R19,High,R19_OUT,0.0,0.0,0.0,0.0,0.3034591194968553,0.6,0.5151515151515151,5180.0,5441.58593976486
20,all,R20,Very_High,R20_OUT,0.0,0.0,0.0,0.0,0.3034591194968553,0.6,0.5151515151515151,5180.0,5441.58593976486
21,all,R1,Very_Low,R1_OUT,0.0,0.0,4153.129564099206,0.0,0.6053459119496856,0.6,0.1212121212121212,5775.0,5848.190790795916
21,all,R2,Low,R2_OUT,0.0,0.0,43548.61793355855,0.0,0.6053459119496856,0.6,0.1212121212121212,5775.0,5848.190790795916
21,all,R3,Medium,R3_OUT,0.0,0.0,0.0,0.0,0.6053459119496856,0.6,0.1212121212121212,5775.0,5848.190790795916
21,all,R4,Low,R4_OUT,0.0,0.0,-3818.6938403156582,-0.0,0.6053459119496856,0.6,0.1212121212121212,5775.0,5848.190790795916
21,all,R5,Medium,R5_OUT,0.0,0.0,23000.191898693254,0.0,0.6053459119496856,0.6,0.1212121212121212,5775.0,5848.190790795916
21,all,R6,Medium,R6_OUT,0.0,0.0,-5811.8998815928235,-0.0,0.6053459119496856,0.6,0.1212121212121212,5775.0,5848.190790795916
21,all,R7,Medium,R7_OUT,0.0,0.0,6667.987228928402,0.0,0.6053459119496856,0.6,0.1212121212121212,5775.0,5848.190790795916
21,all,R8,High,R8_OUT,0.0,0.0,-32208.340697666266,-0.0,0.6053459119496856,0.6,0.1212121212121212,5775.0,5848.190790795916
21,all,R9,Low,R9_OUT,0.0,0.0,-19287.35762808386,-0.0,0.6053459119496856,0.6,0.1212121212121212,5775.0,5848.190790795916
21,all,R10,Medium,R10_OUT,0.0,0.0,-339.53843174716803,-0.0,0.6053459119496856,0.6,0.1212121212121212,5775.0,5848.190790795916
21,all,R11,Medium,R11_OUT,0.0,0.0,-209808.70247358055,-0.0,0.6053459119496856,0.6,0.1212121212121212,5775.0,5848.190790795916
21,all,R12,Medium,R12_OUT,0.6257282315881078,0.9597472639416452,6558.814937905381,6294.804691354281,0.6053459119496856,0.6,0.1212121212121212,5775.0,5848.190790795916
21,all,R13,Medium,R13_OUT,0.025802360599478547,0.03957587933300449,-14546.761548029332,-575.7008797107985,0.6053459119496856,0.6,0.1212121212121212,5775.0,5848.190790795916
21,all,R14,High,R14_OUT,0.0,0.0,-222873.22143302608,-0.0,0.6053459119496856,0.6,0.1212121212121212,5775.0,5848.190790795916
21,all,R15,High,R15_OUT,0.0,0.0,-73407.37570431185,-0.0,0.6053459119496856,0.6,0.1212121212121212,5775.0,5848.190790795916
21,all,R16,High,R16_OUT,0.0,0.0,-38012.34534292542,-0.0,0.6053459119496856,0.6,0.1212121212121212,5775.0,5848.190790795916
21,all,R17,Medium,R17_OUT,0.0,0.0,-107316.9843123746,-0.0,0.6053459119496856,0.6,0.1212121212121212,5775.0,5848.190790795916
21,all,R18,High,R18_OUT,0.000441291554249994,0.0006768567253503434,190715.3675478605,129.08697915243198,0.6053459119496856,0.6,0.1212121212121212,5775.0,5848.190790795916
21,all,R19,High,R19_OUT,0.0,0.0,0.0,0.0,0.6053459119496856,0.6,0.1212121212121212,5775.0,5848.190790795916
21,all,R20,Very_High,R20_OUT,0.0,0.0,0.0,0.0,0.6053459119496856,0.6,0.1212121212121212,5775.0,5848.190790795916
22,all,R1,Very_Low,R1_OUT,0.0,0.0,-4853.859735434216,-0.0,0.5267295597484277,1.0,0.5757575757575758,10577.0,10482.834732137271
22,all,R2,Low,R2_OUT,0.0,0.0,16646.202214224395,0.0,0.5267295597484277,1.0,0.5757575757575758,10577.0,10482.834732137271
22,all,R3,Medium,R3_OUT,0.0,0.0,0.0,0.0,0.5267295597484277,1.0,0.5757575757575758,10577.0,10482.834732137271
22,all,R4,Low,R4_OUT,0.0,0.0,-8086.5351150114,-0.0,0.5267295597484277,1.0,0.5757575757575758,10577.0,10482.834732137271
22,all,R5,Medium,R5_OUT,0.0,0.0,-24787.938597313027,-0.0,0.5267295597484277,1.0,0.5757575757575758,10577.0,10482.834732137271
22,all,R6,Medium,R6_OUT,0.0,0.0,-7281.008725458618,-0.0,0.5267295597484277,1.0,0.5757575757575758,10577.0,10482.834732137271
22,all,R7,Medium,R7_OUT,0.0,0.0,-29778.736276459393,-0.0,0.5267295597484277,1.0,0.5757575757575758,10577.0,10482.834732137271
22,all,R8,High,R8_OUT,0.0,0.0,-40349.83644515647,-0.0,0.5267295597484277,1.0,0.5757575757575758,10577.0,10482.834732137271
22,all,R9,Low,R9_OUT,0.0,0.0,13126.251666151613,0.0,0.5267295597484277,1.0,0.5757575757575758,10577.0,10482.834732137271
22,all,R10,Medium,R10_OUT,0.8663943510765806,0.9961489676440697,10426.425140671457,10386.272640098046,0.5267295597484277,1.0,0.5757575757575758,10577.0,10482.834732137271
22,all,R11,Medium,R11_OUT,0.0,0.0,-285791.07045495155,-0.0,0.5267295597484277,1.0,0.5757575757575758,10577.0,10482.834732137271
22,all,R12,Medium,R12_OUT,0.0,0.0,-3417.2120826293676,-0.0,0.5267295597484277,1.0,0.5757575757575758,10577.0,10482.834732137271
22,all,R13,Medium,R13_OUT,0.003349411370552427,0.003851032355930255,25074.339323722583,96.56209203923002,0.5267295597484277,1.0,0.5757575757575758,10577.0,10482.834732137271
22,all,R14,High,R14_OUT,0.0,0.0,-288426.350519053,-0.0,0.5267295597484277,1.0,0.5757575757575758,10577.0,10482.834732137271
22,all,R15,High,R15_OUT,0.0,0.0,-37324.56519496928,-0.0,0.5267295597484277,1.0,0.5757575757575758,10577.0,10482.834732137271
22,all,R16,High,R16_OUT,0.0,0.0,-47620.95420722751,-0.0,0.5267295597484277,1.0,0.5757575757575758,10577.0,10482.834732137271
22,all,R17,Medium,R17_OUT,0.0,0.0,20565.805988136603,0.0,0.5267295597484277,1.0,0.5757575757575758,10577.0,10482.834732137271
22,all,R18,High,R18_OUT,0.0,0.0,123974.93187504011,0.0,0.5267295597484277,1.0,0.5757575757575758,10577.0,10482.834732137271
22,all,R19,High,R19_OUT,0.0,0.0,0.0,0.0,0.5267295597484277,1.0,0.5757575757575758,10577.0,10482.834732137271
22,all,R20,Very_High,R20_OUT,0.0,0.0,0.0,0.0,0.5267295597484277,1.0,0.5757575757575758,10577.0,10482.834732137271
23,all,R1,Very_Low,R1_OUT,0.0,0.0,4842.285005238058,0.0,0.3474842767295597,0.4,0.2121212121212121,3983.0,4096.572120768403
23,all,R2,Low,R2_OUT,0.0,0.0,-14936.564899678659,-0.0,0.3474842767295597,0.4,0.2121212121212121,3983.0,4096.572120768403
23,all,R3,Medium,R3_OUT,0.0,0.0,0.0,0.0,0.3474842767295597,0.4,0.2121212121212121,3983.0,4096.572120768403
23,all,R4,Low,R4_OUT,0.006943691982602396,0.016794121626116727,-3755.722334452467,-63.07405767871777,0.3474842767295597,0.4,0.2121212121212121,3983.0,4096.572120768403
23,all,R5,Medium,R5_OUT,0.0015970005661700925,0.0038625304538906073,16146.130446132913,62.36492056067871,0.3474842767295597,0.4,0.2121212121212121,3983.0,4096.572120768403
23,all,R6,Medium,R6_OUT,0.0,0.0,-5573.099614354909,-0.0,0.3474842767295597,0.4,0.2121212121212121,3983.0,4096.572120768403
23,all,R7,Medium,R7_OUT,0.0,0.0,-2744.3266026046203,-0.0,0.3474842767295597,0.4,0.2121212121212121,3983.0,4096.572120768403
23,all,R8,High,R8_OUT,0.0,0.0,-30884.959269513332,-0.0,0.3474842767295597,0.4,0.2121212121212121,3983.0,4096.572120768403
23,all,R9,Low,R9_OUT,0.0,0.0,-8640.435710968699,-0.0,0.3474842767295597,0.4,0.2121212121212121,3983.0,4096.572120768403
23,all,R10,Medium,R10_OUT,0.0,0.0,6401.104284332855,0.0,0.3474842767295597,0.4,0.2121212121212121,3983.0,4096.572120768403
23,all,R11,Medium,R11_OUT,0.0,0.0,-175222.38606055646,-0.0,0.3474842767295597,0.4,0.2121212121212121,3983.0,4096.572120768403
23,all,R12,Medium,R12_OUT,0.32920429345608787,0.7962186338324998,5835.26224365188,4646.1445316948675,0.3474842767295597,0.4,0.2121212121212121,3983.0,4096.572120768403
23,all,R13,Medium,R13_OUT,0.07571468382414596,0.1831247140874928,-2997.210270298041,-548.8632738084258,0.3474842767295597,0.4,0.2121212121212121,3983.0,4096.572120768403
23,all,R14,High,R14_OUT,0.0,0.0,-192862.04097139422,-0.0,0.3474842767295597,0.4,0.2121212121212121,3983.0,4096.572120768403
23,all,R15,High,R15_OUT,0.0,0.0,-22043.583456995137,-0.0,0.3474842767295597,0.4,0.2121212121212121,3983.0,4096.572120768403
23,all,R16,High,R16_OUT,0.0,0.0,-36450.488047864754,-0.0,0.3474842767295597,0.4,0.2121212121212121,3983.0,4096.572120768403
23,all,R17,Medium,R17_OUT,0.0,0.0,-146955.74022704677,-0.0,0.3474842767295597,0.4,0.2121212121212121,3983.0,4096.572120768403
23,all,R18,High,R18_OUT,0.0,0.0,184735.6530830614,0.0,0.3474842767295597,0.4,0.2121212121212121,3983.0,4096.572120768403
23,all,R19,High,R19_OUT,0.0,0.0,0.0,0.0,0.3474842767295597,0.4,0.2121212121212121,3983.0,4096.572120768403
23,all,R20,Very_High,R20_OUT,0.0,0.0,0.0,0.0,0.3474842767295597,0.4,0.2121212121212121,3983.0,4096.572120768403
24,all,R1,Very_Low,R1_OUT,0.0,0.0,-3089.644889366367,-0.0,0.389937106918239,1.0,0.3939393939393939,3164.0,3352.0067233297377
24,all,R2,Low,R2_OUT,0.0,0.0,27803.61684885162,0.0,0.389937106918239,1.0,0.3939393939393939,3164.0,3352.0067233297377
24,all,R3,Medium,R3_OUT,0.0,0.0,0.0,0.0,0.389937106918239,1.0,0.3939393939393939,3164.0,3352.0067233297377
24,all,R4,Low,R4_OUT,0.0,0.0,-3532.6293184095503,-0.0,0.389937106918239,1.0,0.3939393939393939,3164.0,3352.0067233297377
24,all,R5,Medium,R5_OUT,0.0,0.0,-10441.029427411671,-0.0,0.389937106918239,1.0,0.3939393939393939,3164.0,3352.0067233297377
24,all,R6,Medium,R6_OUT,0.0,0.0,-6623.823223765575,-0.0,0.389937106918239,1.0,0.3939393939393939,3164.0,3352.0067233297377
24,all,R7,Medium,R7_OUT,0.0,0.0,-15865.071178410559,-0.0,0.389937106918239,1.0,0.3939393939393939,3164.0,3352.0067233297377
24,all,R8,High,R8_OUT,0.0,0.0,-36707.85104042514,-0.0,0.389937106918239,1.0,0.3939393939393939,3164.0,3352.0067233297377
24,all,R9,Low,R9_OUT,0.0,0.0,14278.756154792187,0.0,0.389937106918239,1.0,0.3939393939393939,3164.0,3352.0067233297377
24,all,R10,Medium,R10_OUT,0.5950136416972185,0.9961489676440698,3194.461085810244,3182.159112809029,0.389937106918239,1.0,0.3939393939393939,3164.0,3352.0067233297377
24,all,R11,Medium,R11_OUT,0.0,0.0,-248827.73027132812,-0.0,0.389937106918239,1.0,0.3939393939393939,3164.0,3352.0067233297377
24,all,R12,Medium,R12_OUT,0.0,0.0,-4853.478533174317,-0.0,0.389937106918239,1.0,0.3939393939393939,3164.0,3352.0067233297377
24,all,R13,Medium,R13_OUT,0.002300275220698334,0.003851032355930255,44104.43611546449,169.84761052071264,0.389937106918239,1.0,0.3939393939393939,3164.0,3352.0067233297377
24,all,R14,High,R14_OUT,0.0,0.0,-254647.05738107106,-0.0,0.389937106918239,1.0,0.3939393939393939,3164.0,3352.0067233297377
24,all,R15,High,R15_OUT,0.0,0.0,-53991.90602119596,-0.0,0.389937106918239,1.0,0.3939393939393939,3164.0,3352.0067233297377
24,all,R16,High,R16_OUT,0.0,0.0,-43322.67606147563,-0.0,0.389937106918239,1.0,0.3939393939393939,3164.0,3352.0067233297377
24,all,R17,Medium,R17_OUT,0.0,0.0,12046.081345390601,0.0,0.389937106918239,1.0,0.3939393939393939,3164.0,3352.0067233297377
24,all,R18,High,R18_OUT,0.0,0.0,75544.69842867942,0.0,0.389937106918239,1.0,0.3939393939393939,3164.0,3352.0067233297377
24,all,R19,High,R19_OUT,0.0,0.0,0.0,0.0,0.389937106918239,1.0,0.3939393939393939,3164.0,3352.0067233297377
24,all,R20,Very_High,R20_OUT,0.0,0.0,0.0,0.0,0.389937106918239,1.0,0.3939393939393939,3164.0,3352.0067233297377
25,all,R1,Very_Low,R1_OUT,0.0,0.0,3540.6146279600916,0.0,0.3930817610062893,0.6,0.1515151515151515,3542.0,3665.712349436015
25,all,R2,Low,R2_OUT,0.0,0.0,18728.0765060149,0.0,0.3930817610062893,0.6,0.1515151515151515,3542.0,3665.712349436015
25,all,R3,Medium,R3_OUT,0.0,0.0,0.0,0.0,0.3930817610062893,0.6,0.1515151515151515,3542.0,3665.712349436015
25,all,R4,Low,R4_OUT,0.0,0.0,-1993.6233151954548,-0.0,0.3930817610062893,0.6,0.1515151515151515,3542.0,3665.712349436015
25,all,R5,Medium,R5_OUT,0.0,0.0,18137.72951276816,0.0,0.3930817610062893,0.6,0.1515151515151515,3542.0,3665.712349436015
25,all,R6,Medium,R6_OUT,0.0,0.0,-5634.7761150148,-0.0,0.3930817610062893,0.6,0.1515151515151515,3542.0,3665.712349436015
25,all,R7,Medium,R7_OUT,0.0,0.0,2909.1284127630497,0.0,0.3930817610062893,0.6,0.1515151515151515,3542.0,3665.712349436015
25,all,R8,High,R8_OUT,0.0,0.0,-31226.757611944042,-0.0,0.3930817610062893,0.6,0.1515151515151515,3542.0,3665.712349436015
25,all,R9,Low,R9_OUT,0.0,0.0,-6831.365201997483,-0.0,0.3930817610062893,0.6,0.1515151515151515,3542.0,3665.712349436015
25,all,R10,Medium,R10_OUT,0.0,0.0,632.5852982438137,0.0,0.3930817610062893,0.6,0.1515151515151515,3542.0,3665.712349436015
25,all,R11,Medium,R11_OUT,0.0,0.0,-189122.35463552483,-0.0,0.3930817610062893,0.6,0.1515151515151515,3542.0,3665.712349436015
25,all,R12,Medium,R12_OUT,0.6163992616529187,0.9364994052298106,3194.8451113121228,2991.9705465451707,0.3930817610062893,0.6,0.1515151515151515,3542.0,3665.712349436015
25,all,R13,Medium,R13_OUT,0.04179577639054757,0.06350059477018945,10610.007753929458,673.7418028908425,0.3930817610062893,0.6,0.1515151515151515,3542.0,3665.712349436015
25,all,R14,High,R14_OUT,0.0,0.0,-203817.14714779457,-0.0,0.3930817610062893,0.6,0.1515151515151515,3542.0,3665.712349436015
25,all,R15,High,R15_OUT,0.0,0.0,-53001.693675367394,-0.0,0.3930817610062893,0.6,0.1515151515151515,3542.0,3665.712349436015
25,all,R16,High,R16_OUT,0.0,0.0,-36853.879106009124,-0.0,0.3930817610062893,0.6,0.1515151515151515,3542.0,3665.712349436015
25,all,R17,Medium,R17_OUT,0.0,0.0,-101781.94857576661,-0.0,0.3930817610062893,0.6,0.1515151515151515,3542.0,3665.712349436015
25,all,R18,High,R18_OUT,0.0,0.0,144418.2095195143,0.0,0.3930817610062893,0.6,0.1515151515151515,3542.0,3665.712349436015
25,all,R19,High,R19_OUT,0.0,0.0,0.0,0.0,0.3930817610062893,0.6,0.1515151515151515,3542.0,3665.712349436015
25,all,R20,Very_High,R20_OUT,0.0,0.0,0.0,0.0,0.3930817610062893,0.6,0.1515151515151515,3542.0,3665.712349436015
26,all,R1,Very_Low,R1_OUT,0.0,0.0,-690.7623502293577,-0.0,0.6745283018867925,0.8,0.3939393939393939,4277.0,4354.109349507984
26,all,R2,Low,R2_OUT,0.0,0.0,34564.95234970791,0.0,0.6745283018867925,0.8,0.3939393939393939,4277.0,4354.109349507984
26,all,R3,Medium,R3_OUT,0.0,0.0,0.0,0.0,0.6745283018867925,0.8,0.3939393939393939,4277.0,4354.109349507984
26,all,R4,Low,R4_OUT,0.0,0.0,-7907.790528554253,-0.0,0.6745283018867925,0.8,0.3939393939393939,4277.0,4354.109349507984
26,all,R5,Medium,R5_OUT,0.0,0.0,-3699.5341667217654,-0.0,0.6745283018867925,0.8,0.3939393939393939,4277.0,4354.109349507984
26,all,R6,Medium,R6_OUT,0.0,0.0,-6801.348898324528,-0.0,0.6745283018867925,0.8,0.3939393939393939,4277.0,4354.109349507984
26,all,R7,Medium,R7_OUT,0.0,0.0,-14578.700721911959,-0.0,0.6745283018867925,0.8,0.3939393939393939,4277.0,4354.109349507984
26,all,R8,High,R8_OUT,0.0,0.0,-37691.66141665864,-0.0,0.6745283018867925,0.8,0.3939393939393939,4277.0,4354.109349507984
26,all,R9,Low,R9_OUT,0.0,0.0,-7366.148099652193,-0.0,0.6745283018867925,0.8,0.3939393939393939,4277.0,4354.109349507984
26,all,R10,Medium,R10_OUT,0.19789604531227367,0.5758576211458017,6925.139188846062,3987.8941793924605,0.6745283018867925,0.8,0.3939393939393939,4277.0,4354.109349507984
26,all,R11,Medium,R11_OUT,0.0,0.0,-265525.77996698907,-0.0,0.6745283018867925,0.8,0.3939393939393939,4277.0,4354.109349507984
26,all,R12,Medium,R12_OUT,0.0,0.0,3068.718693147641,0.0,0.6745283018867925,0.8,0.3939393939393939,4277.0,4354.109349507984
26,all,R13,Medium,R13_OUT,0.05356463468748416,0.15586770852345808,-8447.042077664257,-1316.621092446758,0.6745283018867925,0.8,0.3939393939393939,4277.0,4354.109349507984
26,all,R14,High,R14_OUT,0.0,0.0,-271896.6924942393,-0.0,0.6745283018867925,0.8,0.3939393939393939,4277.0,4354.109349507984
26,all,R15,High,R15_OUT,0.0,0.0,-56770.46077392732,-0.0,0.6745283018867925,0.8,0.3939393939393939,4277.0,4354.109349507984
26,all,R16,High,R16_OUT,0.0,0.0,-44483.77095092641,-0.0,0.6745283018867925,0.8,0.3939393939393939,4277.0,4354.109349507984
26,all,R17,Medium,R17_OUT,0.07255522552417906,0.2111284210157968,-42546.24400138635,-8982.721316165516,0.6745283018867925,0.8,0.3939393939393939,4277.0,4354.109349507984
26,all,R18,High,R18_OUT,0.01963856399322215,0.0571462493149433,186636.1783421337,10665.557578727794,0.6745283018867925,0.8,0.3939393939393939,4277.0,4354.109349507984
26,all,R19,High,R19_OUT,0.0,0.0,0.0,0.0,0.6745283018867925,0.8,0.3939393939393939,4277.0,4354.109349507984
26,all,R20,Very_High,R20_OUT,0.0,0.0,0.0,0.0,0.6745283018867925,0.8,0.3939393939393939,4277.0,4354.109349507984
27,all,R1,Very_Low,R1_OUT,0.0,0.0,-3839.6189379199523,-0.0,0.3160377358490566,1.0,0.4545454545454545,7252.0,7423.302113227503
27,all,R2,Low,R2_OUT,0.1621909363238401,0.26380883358688834,12412.01110249513,3274.398171416748,0.3160377358490566,1.0,0.4545454545454545,7252.0,7423.302113227503
27,all,R3,Medium,R3_OUT,0.0,0.0,0.0,0.0,0.3160377358490566,1.0,0.4545454545454545,7252.0,7423.302113227503
27,all,R4,Low,R4_OUT,0.0,0.0,-3736.9646954300624,-0.0,0.3160377358490566,1.0,0.4545454545454545,7252.0,7423.302113227503
27,all,R5,Medium,R5_OUT,0.0006270172071742852,0.001019863882734382,-16479.651047110492,-16.807000903013833,0.3160377358490566,1.0,0.4545454545454545,7252.0,7423.302113227503
27,all,R6,Medium,R6_OUT,0.0,0.0,-6697.160937609466,-0.0,0.3160377358490566,1.0,0.4545454545454545,7252.0,7423.302113227503
27,all,R7,Medium,R7_OUT,0.0,0.0,-21234.95628101512,-0.0,0.3160377358490566,1.0,0.4545454545454545,7252.0,7423.302113227503
27,all,R8,High,R8_OUT,0.0,0.0,-37114.273401813945,-0.0,0.3160377358490566,1.0,0.4545454545454545,7252.0,7423.302113227503
27,all,R9,Low,R9_OUT,0.0,0.0,20324.379393731473,0.0,0.3160377358490566,1.0,0.4545454545454545,7252.0,7423.302113227503
27,all,R10,Medium,R10_OUT,0.4502462272975392,0.7323401340571813,5486.564101540385,4018.0310896354044,0.3160377358490566,1.0,0.4545454545454545,7252.0,7423.302113227503
27,all,R11,Medium,R11_OUT,0.0,0.0,-247500.91895225857,-0.0,0.3160377358490566,1.0,0.4545454545454545,7252.0,7423.302113227503
27,all,R12,Medium,R12_OUT,0.0,0.0,-6206.525157984799,-0.0,0.3160377358490566,1.0,0.4545454545454545,7252.0,7423.302113227503
27,all,R13,Medium,R13_OUT,0.0017406159578312083,0.002831168473195873,52162.15653590459,147.67985307836113,0.3160377358490566,1.0,0.4545454545454545,7252.0,7423.302113227503
27,all,R14,High,R14_OUT,0.0,0.0,-253357.43920459884,-0.0,0.3160377358490566,1.0,0.4545454545454545,7252.0,7423.302113227503
27,all,R15,High,R15_OUT,0.0,0.0,-39474.84023585904,-0.0,0.3160377358490566,1.0,0.4545454545454545,7252.0,7423.302113227503
27,all,R16,High,R16_OUT,0.0,0.0,-43802.336510158835,-0.0,0.3160377358490566,1.0,0.4545454545454545,7252.0,7423.302113227503
27,all,R17,Medium,R17_OUT,0.0,0.0,16977.937411416904,0.0,0.3160377358490566,1.0,0.4545454545454545,7252.0,7423.302113227503
27,all,R18,High,R18_OUT,0.0,0.0,64049.088615538465,0.0,0.3160377358490566,1.0,0.4545454545454545,7252.0,7423.302113227503
27,all,R19,High,R19_OUT,0.0,0.0,0.0,0.0,0.3160377358490566,1.0,0.4545454545454545,7252.0,7423.302113227503
27,all,R20,Very_High,R20_OUT,0.0,0.0,0.0,0.0,0.3160377358490566,1.0,0.4545454545454545,7252.0,7423.302113227503
28,all,R1,Very_Low,R1_OUT,0.0,0.0,-2767.9703181447476,-0.0,0.6273584905660378,1.0,0.3939393939393939,3948.0,3912.7983794426746
28,all,R2,Low,R2_OUT,0.0,0.0,50994.9668193375,0.0,0.6273584905660378,1.0,0.3939393939393939,3948.0,3912.7983794426746
28,all,R3,Medium,R3_OUT,0.0,0.0,0.0,0.0,0.6273584905660378,1.0,0.3939393939393939,3948.0,3912.7983794426746
28,all,R4,Low,R4_OUT,0.0,0.0,-6142.6111144472125,-0.0,0.6273584905660378,1.0,0.3939393939393939,3948.0,3912.7983794426746
28,all,R5,Medium,R5_OUT,0.0,0.0,-7944.922808690346,-0.0,0.6273584905660378,1.0,0.3939393939393939,3948.0,3912.7983794426746
28,all,R6,Medium,R6_OUT,0.0,0.0,-6913.354041240868,-0.0,0.6273584905660378,1.0,0.3939393939393939,3948.0,3912.7983794426746
28,all,R7,Medium,R7_OUT,0.0,0.0,-14410.709241241733,-0.0,0.6273584905660378,1.0,0.3939393939393939,3948.0,3912.7983794426746
28,all,R8,High,R8_OUT,0.0,0.0,-38312.370629922094,-0.0,0.6273584905660378,1.0,0.3939393939393939,3948.0,3912.7983794426746
28,all,R9,Low,R9_OUT,0.0,0.0,1503.7758695982266,0.0,0.6273584905660378,1.0,0.3939393939393939,3948.0,3912.7983794426746
28,all,R10,Medium,R10_OUT,0.5431210527762704,0.9071747990795879,3430.0045338729124,3111.6136738582345,0.6273584905660378,1.0,0.3939393939393939,3948.0,3912.7983794426746
28,all,R11,Medium,R11_OUT,0.0,0.0,-275944.0017417915,-0.0,0.6273584905660378,1.0,0.3939393939393939,3948.0,3912.7983794426746
28,all,R12,Medium,R12_OUT,0.0,0.0,-1213.9769758434595,-0.0,0.6273584905660378,1.0,0.3939393939393939,3948.0,3912.7983794426746
28,all,R13,Medium,R13_OUT,0.0020996626160994574,0.0035070653257839764,15491.752054006618,54.33058646424931,0.6273584905660378,1.0,0.3939393939393939,3948.0,3912.7983794426746
28,all,R14,High,R14_OUT,0.0,0.0,-279580.69903798855,-0.0,0.6273584905660378,1.0,0.3939393939393939,3948.0,3912.7983794426746
28,all,R15,High,R15_OUT,0.0,0.0,-71796.5653896056,-0.0,0.6273584905660378,1.0,0.3939393939393939,3948.0,3912.7983794426746
28,all,R16,High,R16_OUT,0.0,0.0,-45216.3331525065,-0.0,0.6273584905660378,1.0,0.3939393939393939,3948.0,3912.7983794426746
28,all,R17,Medium,R17_OUT,0.053268393422815065,0.08897416856448179,7889.711271463964,701.9805005923267,0.6273584905660378,1.0,0.3939393939393939,3948.0,3912.7983794426746
28,all,R18,High,R18_OUT,0.00020593135493062159,0.0003439670301462785,130459.06902408865,44.87361852786413,0.6273584905660378,1.0,0.3939393939393939,3948.0,3912.7983794426746
28,all,R19,High,R19_OUT,0.0,0.0,0.0,0.0,0.6273584905660378,1.0,0.3939393939393939,3948.0,3912.7983794426746
28,all,R20,Very_High,R20_OUT,0.0,0.0,0.0,0.0,0.6273584905660378,1.0,0.3939393939393939,3948.0,3912.7983794426746
29,all,R1,Very_Low,R1_OUT,0.7380765199161426,0.7872220344472182,-745.8796086371815,-587.1728629640569,0.2012578616352201,1.0,0.1515151515151515,3927.0,3956.1686518733527
29,all,R2,Low,R2_OUT,0.05004626563439777,0.0533786429809103,42065.82929845207,2245.4168838179894,0.2012578616352201,1.0,0.1515151515151515,3927.0,3956.1686518733527
29,all,R3,Medium,R3_OUT,0.0,0.0,0.0,0.0,0.2012578616352201,1.0,0.1515151515151515,3927.0,3956.1686518733527
29,all,R4,Low,R4_OUT,0.0028533448828158186,0.0030433375172062567,2608.383667683099,7.938191875128031,0.2012578616352201,1.0,0.1515151515151515,3927.0,3956.1686518733527
29,all,R5,Medium,R5_OUT,0.00019347486622142422,0.00020635757091762996,8622.060769488464,1.779227516695831,0.2012578616352201,1.0,0.1515151515151515,3927.0,3956.1686518733527
29,all,R6,Medium,R6_OUT,0.0,0.0,-5739.906197645705,-0.0,0.2012578616352201,1.0,0.1515151515151515,3927.0,3956.1686518733527
29,all,R7,Medium,R7_OUT,0.0,0.0,2647.9561416235847,0.0,0.2012578616352201,1.0,0.1515151515151515,3927.0,3956.1686518733527
29,all,R8,High,R8_OUT,0.0,0.0,-31809.366670598036,-0.0,0.2012578616352201,1.0,0.1515151515151515,3927.0,3956.1686518733527
29,all,R9,Low,R9_OUT,0.1365767882471213,0.1456708812717431,16153.838880092932,2353.143945584885,0.2012578616352201,1.0,0.1515151515151515,3927.0,3956.1686518733527
29,all,R10,Medium,R10_OUT,0.009260771803016998,0.009877408944198316,-6454.3972155427855,-63.752720786211015,0.2012578616352201,1.0,0.1515151515151515,3927.0,3956.1686518733527
29,all,R11,Medium,R11_OUT,0.0,0.0,-198824.96486613143,-0.0,0.2012578616352201,1.0,0.1515151515151515,3927.0,3956.1686518733527
29,all,R12,Medium,R12_OUT,0.0005279949562690592,0.0005631519936431838,-6864.911104514536,-3.865988374690592,0.2012578616352201,1.0,0.1515151515151515,3927.0,3956.1686518733527
29,all,R13,Medium,R13_OUT,3.580140422034532e-05,3.818527416318511e-05,70235.85040012146,2.6819752036130926,0.2012578616352201,1.0,0.1515151515151515,3927.0,3956.1686518733527
29,all,R14,High,R14_OUT,0.0,0.0,-208947.50604503552,-0.0,0.2012578616352201,1.0,0.1515151515151515,3927.0,3956.1686518733527
29,all,R15,High,R15_OUT,0.0,0.0,-75743.38051704584,-0.0,0.2012578616352201,1.0,0.1515151515151515,3927.0,3956.1686518733527
29,all,R16,High,R16_OUT,0.0,0.0,-37541.4754320573,-0.0,0.2012578616352201,1.0,0.1515151515151515,3927.0,3956.1686518733527
29,all,R17,Medium,R17_OUT,0.0,0.0,796.5510069105503,0.0,0.2012578616352201,1.0,0.1515151515151515,3927.0,3956.1686518733527
29,all,R18,High,R18_OUT,0.0,0.0,9516.368519746145,0.0,0.2012578616352201,1.0,0.1515151515151515,3927.0,3956.1686518733527
29,all,R19,High,R19_OUT,0.0,0.0,0.0,0.0,0.2012578616352201,1.0,0.1515151515151515,3927.0,3956.1686518733527
29,all,R20,Very_High,R20_OUT,0.0,0.0,0.0,0.0,0.2012578616352201,1.0,0.1515151515151515,3927.0,3956.1686518733527
30,all,R1,Very_Low,R1_OUT,0.0,0.0,4272.3759725720065,0.0,0.1666666666666666,0.4,0.2424242424242424,710.0,2351.3489114591775
30,all,R2,Low,R2_OUT,0.0,0.0,-36685.40434437649,-0.0,0.1666666666666666,0.4,0.2424242424242424,710.0,2351.3489114591775
30,all,R3,Medium,R3_OUT,0.0,0.0,0.0,0.0,0.1666666666666666,0.4,0.2424242424242424,710.0,2351.3489114591775
30,all,R4,Low,R4_OUT,0.39480802504925977,0.6421461918180454,-2276.3447624498353,-1461.746120472115,0.1666666666666666,0.4,0.2424242424242424,710.0,2351.3489114591775
30,all,R5,Medium,R5_OUT,0.16803668634132043,0.2733078138579863,11614.278208382832,3174.2729866715617,0.1666666666666666,0.4,0.2424242424242424,710.0,2351.3489114591775
30,all,R6,Medium,R6_OUT,0.0,0.0,-5434.324300422621,-0.0,0.1666666666666666,0.4,0.2424242424242424,710.0,2351.3489114591775
30,all,R7,Medium,R7_OUT,0.0,0.0,-6310.55469861516,-0.0,0.1666666666666666,0.4,0.2424242424242424,710.0,2351.3489114591775
30,all,R8,High,R8_OUT,0.0,0.0,-30115.895334717854,-0.0,0.1666666666666666,0.4,0.2424242424242424,710.0,2351.3489114591775
30,all,R9,Low,R9_OUT,0.0,0.0,2123.506346217815,0.0,0.1666666666666666,0.4,0.2424242424242424,710.0,2351.3489114591775
30,all,R10,Medium,R10_OUT,0.0,0.0,7404.425822014257,0.0,0.1666666666666666,0.4,0.2424242424242424,710.0,2351.3489114591775
30,all,R11,Medium,R11_OUT,0.0,0.0,-158127.5973576614,-0.0,0.1666666666666666,0.4,0.2424242424242424,710.0,2351.3489114591775
30,all,R12,Medium,R12_OUT,0.03646216722840406,0.05930487818283598,2953.3456034600604,175.14780124501308,0.1666666666666666,0.4,0.2424242424242424,710.0,2351.3489114591775
30,all,R13,Medium,R13_OUT,0.015518888596855775,0.025241116141132273,18369.799553321976,463.67424401471976,0.1666666666666666,0.4,0.2424242424242424,710.0,2351.3489114591775
30,all,R14,High,R14_OUT,0.0,0.0,-177108.43577979418,-0.0,0.1666666666666666,0.4,0.2424242424242424,710.0,2351.3489114591775
30,all,R15,High,R15_OUT,0.0,0.0,-3996.1344569791,-0.0,0.1666666666666666,0.4,0.2424242424242424,710.0,2351.3489114591775
30,all,R16,High,R16_OUT,0.0,0.0,-35542.83731969427,-0.0,0.1666666666666666,0.4,0.2424242424242424,710.0,2351.3489114591775
30,all,R17,Medium,R17_OUT,0.0,0.0,-141971.21708301184,-0.0,0.1666666666666666,0.4,0.2424242424242424,710.0,2351.3489114591775
30,all,R18,High,R18_OUT,0.0,0.0,145711.9216236436,0.0,0.1666666666666666,0.4,0.2424242424242424,710.0,2351.3489114591775
30,all,R19,High,R19_OUT,0.0,0.0,0.0,0.0,0.1666666666666666,0.4,0.2424242424242424,710.0,2351.3489114591775
30,all,R20,Very_High,R20_OUT,0.0,0.0,0.0,0.0,0.1666666666666666,0.4,0.2424242424242424,710.0,2351.3489114591775
31,all,R1,Very_Low,R1_OUT,0.07442348008385744,0.1524468291739563,-1556.622143353727,-237.30210997624334,0.3223270440251572,1.0,0.2424242424242424,2429.0,8815.844471267344
31,all,R2,Low,R2_OUT,0.03167583783972049,0.06488383820069712,41632.22280240519,2701.2584082466315,0.3223270440251572,1.0,0.2424242424242424,2429.0,8815.844471267344
31,all,R3,Medium,R3_OUT,0.0,0.0,0.0,0.0,0.3223270440251572,1.0,0.2424242424242424,2429.0,8815.844471267344
31,all,R4,Low,R4_OUT,0.00028771523050583785,0.0005893472671023684,-247.60492708975835,-0.14592528710143027,0.3223270440251572,1.0,0.2424242424242424,2429.0,8815.844471267344
31,all,R5,Medium,R5_OUT,0.00012245625943925028,0.0002508357368263701,2002.3781827309322,0.5022680068703613,0.3223270440251572,1.0,0.2424242424242424,2429.0,8815.844471267344
31,all,R6,Medium,R6_OUT,0.0,0.0,-6132.732606673831,-0.0,0.3223270440251572,1.0,0.2424242424242424,2429.0,8815.844471267344
31,all,R7,Medium,R7_OUT,0.0,0.0,-3986.21995114152,-0.0,0.3223270440251572,1.0,0.2424242424242424,2429.0,8815.844471267344
31,all,R8,High,R8_OUT,0.0,0.0,-33986.328950766,-0.0,0.3223270440251572,1.0,0.2424242424242424,2429.0,8815.844471267344
31,all,R9,Low,R9_OUT,0.2667012850014584,0.5463029300602498,12743.402267865375,6961.757997871286,0.3223270440251572,1.0,0.2424242424242424,2429.0,8815.844471267344
31,all,R10,Medium,R10_OUT,0.11351238407331152,0.23251537020916646,-2786.1588602307274,-647.8247588480968,0.3223270440251572,1.0,0.2424242424242424,2429.0,8815.844471267344
31,all,R11,Medium,R11_OUT,0.0,0.0,-223322.49650933733,-0.0,0.3223270440251572,1.0,0.2424242424242424,2429.0,8815.844471267344
31,all,R12,Medium,R12_OUT,0.001031045868910415,0.002111963499572924,-5339.338792019654,-11.276488640599297,0.3223270440251572,1.0,0.2424242424242424,2429.0,8815.844471267344
31,all,R13,Medium,R13_OUT,0.0004388298116685874,0.0008988858524285923,54372.95487803303,48.87507989460211,0.3223270440251572,1.0,0.2424242424242424,2429.0,8815.844471267344
31,all,R14,High,R14_OUT,0.0,0.0,-231368.78834585918,-0.0,0.3223270440251572,1.0,0.2424242424242424,2429.0,8815.844471267344
31,all,R15,High,R15_OUT,0.0,0.0,-71359.75042738761,-0.0,0.3223270440251572,1.0,0.2424242424242424,2429.0,8815.844471267344
31,all,R16,High,R16_OUT,0.0,0.0,-40110.730482082465,-0.0,0.3223270440251572,1.0,0.2424242424242424,2429.0,8815.844471267344
31,all,R17,Medium,R17_OUT,0.0,0.0,4134.304735723665,0.0,0.3223270440251572,1.0,0.2424242424242424,2429.0,8815.844471267344
31,all,R18,High,R18_OUT,0.0,0.0,45914.474745881525,0.0,0.3223270440251572,1.0,0.2424242424242424,2429.0,8815.844471267344
31,all,R19,High,R19_OUT,0.0,0.0,0.0,0.0,0.3223270440251572,1.0,0.2424242424242424,2429.0,8815.844471267344
31,all,R20,Very_High,R20_OUT,0.0,0.0,0.0,0.0,0.3223270440251572,1.0,0.2424242424242424,2429.0,8815.844471267344
32,all,R1,Very_Low,R1_OUT,0.0,0.0,5821.320858673199,0.0,0.35062893081761,0.4,0.1212121212121212,6405.0,5884.398164882374
32,all,R2,Low,R2_OUT,0.0,0.0,-2369.7355713908364,-0.0,0.35062893081761,0.4,0.1212121212121212,6405.0,5884.398164882374
32,all,R3,Medium,R3_OUT,0.0,0.0,0.0,0.0,0.35062893081761,0.4,0.1212121212121212,6405.0,5884.398164882374
32,all,R4,Low,R4_OUT,0.0,0.0,-2265.220904494016,-0.0,0.35062893081761,0.4,0.1212121212121212,6405.0,5884.398164882374
32,all,R5,Medium,R5_OUT,0.0,0.0,24071.723118181737,0.0,0.35062893081761,0.4,0.1212121212121212,6405.0,5884.398164882374
32,all,R6,Medium,R6_OUT,0.0,0.0,-5331.749593277434,-0.0,0.35062893081761,0.4,0.1212121212121212,6405.0,5884.398164882374
32,all,R7,Medium,R7_OUT,0.0,0.0,4650.740834771988,0.0,0.35062893081761,0.4,0.1212121212121212,6405.0,5884.398164882374
32,all,R8,High,R8_OUT,0.0,0.0,-29547.44763550602,-0.0,0.35062893081761,0.4,0.1212121212121212,6405.0,5884.398164882374
32,all,R9,Low,R9_OUT,0.0,0.0,-11913.598055895594,-0.0,0.35062893081761,0.4,0.1212121212121212,6405.0,5884.398164882374
32,all,R10,Medium,R10_OUT,0.0,0.0,2856.097269397954,0.0,0.35062893081761,0.4,0.1212121212121212,6405.0,5884.398164882374
32,all,R11,Medium,R11_OUT,0.0,0.0,-164911.51300123535,-0.0,0.35062893081761,0.4,0.1212121212121212,6405.0,5884.398164882374
32,all,R12,Medium,R12_OUT,0.4877081329886207,0.9603973153235303,6213.800017442676,5967.716854709252,0.35062893081761,0.4,0.1212121212121212,6405.0,5884.398164882374
32,all,R13,Medium,R13_OUT,0.02011100103751495,0.039602684676469685,-2103.8646876478233,-83.31868982687614,0.35062893081761,0.4,0.1212121212121212,6405.0,5884.398164882374
32,all,R14,High,R14_OUT,0.0,0.0,-183485.51159041483,-0.0,0.35062893081761,0.4,0.1212121212121212,6405.0,5884.398164882374
32,all,R15,High,R15_OUT,0.0,0.0,-35742.23401092064,-0.0,0.35062893081761,0.4,0.1212121212121212,6405.0,5884.398164882374
32,all,R16,High,R16_OUT,0.0,0.0,-34871.954257385536,-0.0,0.35062893081761,0.4,0.1212121212121212,6405.0,5884.398164882374
32,all,R17,Medium,R17_OUT,0.0,0.0,-152468.01869652348,-0.0,0.35062893081761,0.4,0.1212121212121212,6405.0,5884.398164882374
32,all,R18,High,R18_OUT,0.0,0.0,177067.58180419312,0.0,0.35062893081761,0.4,0.1212121212121212,6405.0,5884.398164882374
32,all,R19,High,R19_OUT,0.0,0.0,0.0,0.0,0.35062893081761,0.4,0.1212121212121212,6405.0,5884.398164882374
32,all,R20,Very_High,R20_OUT,0.0,0.0,0.0,0.0,0.35062893081761,0.4,0.1212121212121212,6405.0,5884.398164882374
33,all,R1,Very_Low,R1_OUT,0.0,0.0,4234.190928125716,0.0,0.1855345911949685,0.6,0.0606060606060606,651.0,1959.3010023603615
33,all,R2,Low,R2_OUT,0.0,0.0,10714.502549235784,0.0,0.1855345911949685,0.6,0.0606060606060606,651.0,1959.3010023603615
33,all,R3,Medium,R3_OUT,0.0,0.0,0.0,0.0,0.1855345911949685,0.6,0.0606060606060606,651.0,1959.3010023603615
33,all,R4,Low,R4_OUT,0.6584680215809603,0.869090628711988,1813.0209006507216,1575.6794744145102,0.1855345911949685,0.6,0.0606060606060606,651.0,1959.3010023603615
33,all,R5,Medium,R5_OUT,0.009020839716363074,0.01190631435947435,23848.234192044416,283.9445732088456,0.1855345911949685,0.6,0.0606060606060606,651.0,1959.3010023603615
33,all,R6,Medium,R6_OUT,0.0,0.0,-5136.491461210905,-0.0,0.1855345911949685,0.6,0.0606060606060606,651.0,1959.3010023603615
33,all,R7,Medium,R7_OUT,0.0,0.0,9013.570025102423,0.0,0.1855345911949685,0.6,0.0606060606060606,651.0,1959.3010023603615
33,all,R8,High,R8_OUT,0.0,0.0,-28465.367666727518,-0.0,0.1855345911949685,0.6,0.0606060606060606,651.0,1959.3010023603615
33,all,R9,Low,R9_OUT,0.0,0.0,1232.2099247046972,0.0,0.1855345911949685,0.6,0.0606060606060606,651.0,1959.3010023603615
33,all,R10,Medium,R10_OUT,0.0,0.0,-3121.447028216897,-0.0,0.1855345911949685,0.6,0.0606060606060606,651.0,1959.3010023603615
33,all,R11,Medium,R11_OUT,0.0,0.0,-154748.03537062698,-0.0,0.1855345911949685,0.6,0.0606060606060606,651.0,1959.3010023603615
33,all,R12,Medium,R12_OUT,0.08894435795047308,0.11739477915110329,343.62653621328536,40.33996132921723,0.1855345911949685,0.6,0.0606060606060606,651.0,1959.3010023603615
33,all,R13,Medium,R13_OUT,0.0012185144463350223,0.0016082777774345382,36894.74184144956,59.33699340778756,0.1855345911949685,0.6,0.0606060606060606,651.0,1959.3010023603615
33,all,R14,High,R14_OUT,0.0,0.0,-172314.0748394844,-0.0,0.1855345911949685,0.6,0.0606060606060606,651.0,1959.3010023603615
33,all,R15,High,R15_OUT,0.0,0.0,-50900.182935472425,-0.0,0.1855345911949685,0.6,0.0606060606060606,651.0,1959.3010023603615
33,all,R16,High,R16_OUT,0.0,0.0,-33594.88140693297,-0.0,0.1855345911949685,0.6,0.0606060606060606,651.0,1959.3010023603615
33,all,R17,Medium,R17_OUT,0.0,0.0,-103605.79267500379,-0.0,0.1855345911949685,0.6,0.0606060606060606,651.0,1959.3010023603615
33,all,R18,High,R18_OUT,0.0,0.0,88018.18022882589,0.0,0.1855345911949685,0.6,0.0606060606060606,651.0,1959.3010023603615
33,all,R19,High,R19_OUT,0.0,0.0,0.0,0.0,0.1855345911949685,0.6,0.0606060606060606,651.0,1959.3010023603615
33,all,R20,Very_High,R20_OUT,0.0,0.0,0.0,0.0,0.1855345911949685,0.6,0.0606060606060606,651.0,1959.3010023603615
34,all,R1,Very_Low,R1_OUT,0.0,0.0,2235.3731968488682,0.0,0.5817610062893082,0.4,0.4848484848484848,9135.0,-35047.882975374276
34,all,R2,Low,R2_OUT,0.0,0.0,-28831.362517487098,-0.0,0.5817610062893082,0.4,0.4848484848484848,9135.0,-35047.882975374276
34,all,R3,Medium,R3_OUT,0.0,0.0,0.0,0.0,0.5817610062893082,0.4,0.4848484848484848,9135.0,-35047.882975374276
34,all,R4,Low,R4_OUT,0.0,0.0,-10906.347010988995,-0.0,0.5817610062893082,0.4,0.4848484848484848,9135.0,-35047.882975374276
34,all,R5,Medium,R5_OUT,0.0,0.0,-5068.41892165723,-0.0,0.5817610062893082,0.4,0.4848484848484848,9135.0,-35047.882975374276
34,all,R6,Medium,R6_OUT,0.0,0.0,-6594.350185591777,-0.0,0.5817610062893082,0.4,0.4848484848484848,9135.0,-35047.882975374276
34,all,R7,Medium,R7_OUT,0.0,0.0,-23436.64083353466,-0.0,0.5817610062893082,0.4,0.4848484848484848,9135.0,-35047.882975374276
34,all,R8,High,R8_OUT,0.0,0.0,-36544.517591217555,-0.0,0.5817610062893082,0.4,0.4848484848484848,9135.0,-35047.882975374276
34,all,R9,Low,R9_OUT,0.0,0.0,-11934.33903516194,-0.0,0.5817610062893082,0.4,0.4848484848484848,9135.0,-35047.882975374276
34,all,R10,Medium,R10_OUT,0.0,0.0,17277.908338738307,0.0,0.5817610062893082,0.4,0.4848484848484848,9135.0,-35047.882975374276
34,all,R11,Medium,R11_OUT,0.0,0.0,-233989.58853601525,-0.0,0.5817610062893082,0.4,0.4848484848484848,9135.0,-35047.882975374276
34,all,R12,Medium,R12_OUT,0.0,0.0,8435.561116890633,0.0,0.5817610062893082,0.4,0.4848484848484848,9135.0,-35047.882975374276
34,all,R13,Medium,R13_OUT,0.686687315855155,1.0,-35047.882975374276,-35047.882975374276,0.5817610062893082,0.4,0.4848484848484848,9135.0,-35047.882975374276
34,all,R14,High,R14_OUT,0.0,0.0,-246585.76458997623,-0.0,0.5817610062893082,0.4,0.4848484848484848,9135.0,-35047.882975374276
34,all,R15,High,R15_OUT,0.0,0.0,776.0622305860707,0.0,0.5817610062893082,0.4,0.4848484848484848,9135.0,-35047.882975374276
34,all,R16,High,R16_OUT,0.0,0.0,-43129.90961208244,-0.0,0.5817610062893082,0.4,0.4848484848484848,9135.0,-35047.882975374276
34,all,R17,Medium,R17_OUT,0.0,0.0,-134685.37741105785,-0.0,0.5817610062893082,0.4,0.4848484848484848,9135.0,-35047.882975374276
34,all,R18,High,R18_OUT,0.0,0.0,264108.92282886116,0.0,0.5817610062893082,0.4,0.4848484848484848,9135.0,-35047.882975374276
34,all,R19,High,R19_OUT,0.0,0.0,0.0,0.0,0.5817610062893082,0.4,0.4848484848484848,9135.0,-35047.882975374276
34,all,R20,Very_High,R20_OUT,0.0,0.0,0.0,0.0,0.5817610062893082,0.4,0.4848484848484848,9135.0,-35047.882975374276
35,all,R1,Very_Low,R1_OUT,0.0,0.0,1999.0707012528392,0.0,0.4544025157232704,0.6,0.303030303030303,1435.0,1987.5328154482413
35,all,R2,Low,R2_OUT,0.0,0.0,4285.130155892155,0.0,0.4544025157232704,0.6,0.303030303030303,1435.0,1987.5328154482413
35,all,R3,Medium,R3_OUT,0.0,0.0,0.0,0.0,0.4544025157232704,0.6,0.303030303030303,1435.0,1987.5328154482413
35,all,R4,Low,R4_OUT,0.0,0.0,-5209.509115891731,-0.0,0.4544025157232704,0.6,0.303030303030303,1435.0,1987.5328154482413
35,all,R5,Medium,R5_OUT,0.0,0.0,5628.199872990561,0.0,0.4544025157232704,0.6,0.303030303030303,1435.0,1987.5328154482413
35,all,R6,Medium,R6_OUT,0.0,0.0,-6118.197041577398,-0.0,0.4544025157232704,0.6,0.303030303030303,1435.0,1987.5328154482413
35,all,R7,Medium,R7_OUT,0.0,0.0,-9008.24895853695,-0.0,0.4544025157232704,0.6,0.303030303030303,1435.0,1987.5328154482413
35,all,R8,High,R8_OUT,0.0,0.0,-33905.775871417834,-0.0,0.4544025157232704,0.6,0.303030303030303,1435.0,1987.5328154482413
35,all,R9,Low,R9_OUT,0.0,0.0,-4957.601241290693,-0.0,0.4544025157232704,0.6,0.303030303030303,1435.0,1987.5328154482413
35,all,R10,Medium,R10_OUT,0.0,0.0,6606.965682746703,0.0,0.4544025157232704,0.6,0.303030303030303,1435.0,1987.5328154482413
35,all,R11,Medium,R11_OUT,0.0,0.0,-213909.2765704835,-0.0,0.4544025157232704,0.6,0.303030303030303,1435.0,1987.5328154482413
35,all,R12,Medium,R12_OUT,0.1795610815177032,0.3574020781557498,3584.2947328771716,1281.0343862530092,0.4544025157232704,0.6,0.303030303030303,1435.0,1987.5328154482413
35,all,R13,Medium,R13_OUT,0.32284529072351664,0.6425979218442501,1099.4408870286861,706.4984291952327,0.4544025157232704,0.6,0.303030303030303,1435.0,1987.5328154482413
35,all,R14,High,R14_OUT,0.0,0.0,-226434.92236428015,-0.0,0.4544025157232704,0.6,0.303030303030303,1435.0,1987.5328154482413
35,all,R15,High,R15_OUT,0.0,0.0,-35162.20266339006,-0.0,0.4544025157232704,0.6,0.303030303030303,1435.0,1987.5328154482413
35,all,R16,High,R16_OUT,0.0,0.0,-40015.66158365312,-0.0,0.4544025157232704,0.6,0.303030303030303,1435.0,1987.5328154482413
35,all,R17,Medium,R17_OUT,0.0,0.0,-93760.06944758506,-0.0,0.4544025157232704,0.6,0.303030303030303,1435.0,1987.5328154482413
35,all,R18,High,R18_OUT,0.0,0.0,172593.7478885265,0.0,0.4544025157232704,0.6,0.303030303030303,1435.0,1987.5328154482413
35,all,R19,High,R19_OUT,0.0,0.0,0.0,0.0,0.4544025157232704,0.6,0.303030303030303,1435.0,1987.5328154482413
35,all,R20,Very_High,R20_OUT,0.0,0.0,0.0,0.0,0.4544025157232704,0.6,0.303030303030303,1435.0,1987.5328154482413
36,all,R1,Very_Low,R1_OUT,0.0,0.0,9032.915959020942,0.0,0.4685534591194968,0.0,0.2121212121212121,5922.0,5921.5163890911535
36,all,R2,Low,R2_OUT,0.0,0.0,-45185.647153518905,-0.0,0.4685534591194968,0.0,0.2121212121212121,5922.0,5921.5163890911535
36,all,R3,Medium,R3_OUT,0.0,0.0,0.0,0.0,0.4685534591194968,0.0,0.2121212121212121,5922.0,5921.5163890911535
36,all,R4,Low,R4_OUT,0.0,0.0,-7579.920172816484,-0.0,0.4685534591194968,0.0,0.2121212121212121,5922.0,5921.5163890911535
36,all,R5,Medium,R5_OUT,0.0,0.0,24917.926356018834,0.0,0.4685534591194968,0.0,0.2121212121212121,5922.0,5921.5163890911535
36,all,R6,Medium,R6_OUT,0.0,0.0,-5381.6855132711025,-0.0,0.4685534591194968,0.0,0.2121212121212121,5922.0,5921.5163890911535
36,all,R7,Medium,R7_OUT,0.0,0.0,-2916.5734518134796,-0.0,0.4685534591194968,0.0,0.2121212121212121,5922.0,5921.5163890911535
36,all,R8,High,R8_OUT,0.0,0.0,-29824.182121274156,-0.0,0.4685534591194968,0.0,0.2121212121212121,5922.0,5921.5163890911535
36,all,R9,Low,R9_OUT,0.0,0.0,-27818.52646303442,-0.0,0.4685534591194968,0.0,0.2121212121212121,5922.0,5921.5163890911535
36,all,R10,Medium,R10_OUT,0.0,0.0,13417.891730816013,0.0,0.4685534591194968,0.0,0.2121212121212121,5922.0,5921.5163890911535
36,all,R11,Medium,R11_OUT,0.0,0.0,-157438.76777583826,-0.0,0.4685534591194968,0.0,0.2121212121212121,5922.0,5921.5163890911535
36,all,R12,Medium,R12_OUT,0.002607213656744266,0.01646837971081867,14810.398790075305,243.90327094360953,0.4685534591194968,0.0,0.2121212121212121,5922.0,5921.5163890911535
36,all,R13,Medium,R13_OUT,0.0005996408965690449,0.0037876120928141475,-54096.09409022775,-204.89502015015856,0.4685534591194968,0.0,0.2121212121212121,5922.0,5921.5163890911535
36,all,R14,High,R14_OUT,0.0,0.0,-180301.12661348248,-0.0,0.4685534591194968,0.0,0.2121212121212121,5922.0,5921.5163890911535
36,all,R15,High,R15_OUT,0.15510948879839442,0.9797440081963671,6004.12769977226,5882.508138297708,0.4685534591194968,0.0,0.2121212121212121,5922.0,5921.5163890911535
36,all,R16,High,R16_OUT,0.0,0.0,-35198.55682713851,-0.0,0.4685534591194968,0.0,0.2121212121212121,5922.0,5921.5163890911535
36,all,R17,Medium,R17_OUT,0.0,0.0,-248295.58647643452,-0.0,0.4685534591194968,0.0,0.2121212121212121,5922.0,5921.5163890911535
36,all,R18,High,R18_OUT,0.0,0.0,303272.2843027407,0.0,0.4685534591194968,0.0,0.2121212121212121,5922.0,5921.5163890911535
36,all,R19,High,R19_OUT,0.0,0.0,0.0,0.0,0.4685534591194968,0.0,0.2121212121212121,5922.0,5921.5163890911535
36,all,R20,Very_High,R20_OUT,0.0,0.0,0.0,0.0,0.4685534591194968,0.0,0.2121212121212121,5922.0,5921.5163890911535
37,all,R1,Very_Low,R1_OUT,0.0,0.0,5922.5649531355675,0.0,0.1855345911949685,0.4,0.0909090909090909,847.0,1062.889304897395
37,all,R2,Low,R2_OUT,0.0,0.0,-14409.617937996927,-0.0,0.1855345911949685,0.4,0.0909090909090909,847.0,1062.889304897395
37,all,R3,Medium,R3_OUT,0.0,0.0,0.0,0.0,0.1855345911949685,0.4,0.0909090909090909,847.0,1062.889304897395
37,all,R4,Low,R4_OUT,0.6584680215809603,0.86013185300872,58.02400779663503,49.9082973451121,0.1855345911949685,0.4,0.0909090909090909,847.0,1062.889304897395
37,all,R5,Medium,R5_OUT,0.015973126126725554,0.02086509006274226,24966.863726006708,520.9358602273427,0.1855345911949685,0.4,0.0909090909090909,847.0,1062.889304897395
37,all,R6,Medium,R6_OUT,0.0,0.0,-5048.691928106646,-0.0,0.1855345911949685,0.4,0.0909090909090909,847.0,1062.889304897395
37,all,R7,Medium,R7_OUT,0.0,0.0,6098.031009079606,0.0,0.1855345911949685,0.4,0.0909090909090909,847.0,1062.889304897395
37,all,R8,High,R8_OUT,0.0,0.0,-27978.800910107268,-0.0,0.1855345911949685,0.4,0.0909090909090909,847.0,1062.889304897395
37,all,R9,Low,R9_OUT,0.0,0.0,-4064.9860551836227,-0.0,0.1855345911949685,0.4,0.0909090909090909,847.0,1062.889304897395
37,all,R10,Medium,R10_OUT,0.0,0.0,1509.5998471219373,0.0,0.1855345911949685,0.4,0.0909090909090909,847.0,1062.889304897395
37,all,R11,Medium,R11_OUT,0.0,0.0,-142499.15121736258,-0.0,0.1855345911949685,0.4,0.0909090909090909,847.0,1062.889304897395
37,all,R12,Medium,R12_OUT,0.08894435795047308,0.11618464817004776,3793.1316072186787,440.70366124738996,0.1855345911949685,0.4,0.0909090909090909,847.0,1062.889304897395
37,all,R13,Medium,R13_OUT,0.0021576134318450732,0.002818408758490069,18216.479750458842,51.34148607755019,0.1855345911949685,0.4,0.0909090909090909,847.0,1062.889304897395
37,all,R14,High,R14_OUT,0.0,0.0,-162911.95675206883,-0.0,0.1855345911949685,0.4,0.0909090909090909,847.0,1062.889304897395
37,all,R15,High,R15_OUT,0.0,0.0,-27849.119692723947,-0.0,0.1855345911949685,0.4,0.0909090909090909,847.0,1062.889304897395
37,all,R16,High,R16_OUT,0.0,0.0,-33020.6343893521,-0.0,0.1855345911949685,0.4,0.0909090909090909,847.0,1062.889304897395
37,all,R17,Medium,R17_OUT,0.0,0.0,-151396.90332225472,-0.0,0.1855345911949685,0.4,0.0909090909090909,847.0,1062.889304897395
37,all,R18,High,R18_OUT,0.0,0.0,136083.62100539877,0.0,0.1855345911949685,0.4,0.0909090909090909,847.0,1062.889304897395
37,all,R19,High,R19_OUT,0.0,0.0,0.0,0.0,0.1855345911949685,0.4,0.0909090909090909,847.0,1062.889304897395
37,all,R20,Very_High,R20_OUT,0.0,0.0,0.0,0.0,0.1855345911949685,0.4,0.0909090909090909,847.0,1062.889304897395
38,all,R1,Very_Low,R1_OUT,0.0,0.0,-1272.4430800643472,-0.0,0.7248427672955975,0.8,0.4545454545454545,8050.0,8014.25928423513
38,all,R2,Low,R2_OUT,0.0,0.0,31306.569435592377,0.0,0.7248427672955975,0.8,0.4545454545454545,8050.0,8014.25928423513
38,all,R3,Medium,R3_OUT,0.0,0.0,0.0,0.0,0.7248427672955975,0.8,0.4545454545454545,8050.0,8014.25928423513
38,all,R4,Low,R4_OUT,0.0,0.0,-9477.613070389172,-0.0,0.7248427672955975,0.8,0.4545454545454545,8050.0,8014.25928423513
38,all,R5,Medium,R5_OUT,0.0,0.0,-8432.245701129294,-0.0,0.7248427672955975,0.8,0.4545454545454545,8050.0,8014.25928423513
38,all,R6,Medium,R6_OUT,0.0,0.0,-7026.163000119069,-0.0,0.7248427672955975,0.8,0.4545454545454545,8050.0,8014.25928423513
38,all,R7,Medium,R7_OUT,0.0,0.0,-19187.69447990501,-0.0,0.7248427672955975,0.8,0.4545454545454545,8050.0,8014.25928423513
38,all,R8,High,R8_OUT,0.0,0.0,-38937.53442420809,-0.0,0.7248427672955975,0.8,0.4545454545454545,8050.0,8014.25928423513
38,all,R9,Low,R9_OUT,0.0,0.0,-8004.123817867367,-0.0,0.7248427672955975,0.8,0.4545454545454545,8050.0,8014.25928423513
38,all,R10,Medium,R10_OUT,0.15528562977032007,0.4015548089634876,9340.473544953362,3750.7120699722573,0.7248427672955975,0.8,0.4545454545454545,8050.0,8014.25928423513
38,all,R11,Medium,R11_OUT,0.0,0.0,-278385.6272318043,-0.0,0.7248427672955975,0.8,0.4545454545454545,8050.0,8014.25928423513
38,all,R12,Medium,R12_OUT,0.0,0.0,3619.782154622839,0.0,0.7248427672955975,0.8,0.4545454545454545,8050.0,8014.25928423513
38,all,R13,Medium,R13_OUT,0.042031249375084054,0.1086890676121949,-15358.871596662357,-1669.3414334166548,0.7248427672955975,0.8,0.4545454545454545,8050.0,8014.25928423513
38,all,R14,High,R14_OUT,0.0,0.0,-283651.8272376114,-0.0,0.7248427672955975,0.8,0.4545454545454545,8050.0,8014.25928423513
38,all,R15,High,R15_OUT,0.0,0.0,-51568.415452857706,-0.0,0.7248427672955975,0.8,0.4545454545454545,8050.0,8014.25928423513
38,all,R16,High,R16_OUT,0.0,0.0,-45954.152659155574,-0.0,0.7248427672955975,0.8,0.4545454545454545,8050.0,8014.25928423513
38,all,R17,Medium,R17_OUT,0.14905046694575128,0.3854312331981111,-39788.91267602365,-15335.88968033175,0.7248427672955975,0.8,0.4545454545454545,8050.0,8014.25928423513
38,all,R18,High,R18_OUT,0.040343574321305226,0.10432489022620649,203870.60347625986,21268.77832801128,0.7248427672955975,0.8,0.4545454545454545,8050.0,8014.25928423513
38,all,R19,High,R19_OUT,0.0,0.0,0.0,0.0,0.7248427672955975,0.8,0.4545454545454545,8050.0,8014.25928423513
38,all,R20,Very_High,R20_OUT,0.0,0.0,0.0,0.0,0.7248427672955975,0.8,0.4545454545454545,8050.0,8014.25928423513
39,all,R1,Very_Low,R1_OUT,0.0,0.0,4902.943343973326,0.0,0.6320754716981132,0.4,0.2424242424242424,4620.0,4590.735904510448
39,all,R2,Low,R2_OUT,0.0,0.0,8775.785001741518,0.0,0.6320754716981132,0.4,0.2424242424242424,4620.0,4590.735904510448
39,all,R3,Medium,R3_OUT,0.0,0.0,0.0,0.0,0.6320754716981132,0.4,0.2424242424242424,4620.0,4590.735904510448
39,all,R4,Low,R4_OUT,0.0,0.0,-7392.600468589888,-0.0,0.6320754716981132,0.4,0.2424242424242424,4620.0,4590.735904510448
39,all,R5,Medium,R5_OUT,0.0,0.0,16507.308401372982,0.0,0.6320754716981132,0.4,0.2424242424242424,4620.0,4590.735904510448
39,all,R6,Medium,R6_OUT,0.0,0.0,-6001.881399579487,-0.0,0.6320754716981132,0.4,0.2424242424242424,4620.0,4590.735904510448
39,all,R7,Medium,R7_OUT,0.0,0.0,-3459.6200403239545,-0.0,0.6320754716981132,0.4,0.2424242424242424,4620.0,4590.735904510448
39,all,R8,High,R8_OUT,0.0,0.0,-33261.17876843373,-0.0,0.6320754716981132,0.4,0.2424242424242424,4620.0,4590.735904510448
39,all,R9,Low,R9_OUT,0.0,0.0,-22918.83911350015,-0.0,0.6320754716981132,0.4,0.2424242424242424,4620.0,4590.735904510448
39,all,R10,Medium,R10_OUT,0.0,0.0,7866.153375832465,0.0,0.6320754716981132,0.4,0.2424242424242424,4620.0,4590.735904510448
39,all,R11,Medium,R11_OUT,0.0,0.0,-211282.6725580399,-0.0,0.6320754716981132,0.4,0.2424242424242424,4620.0,4590.735904510448
39,all,R12,Medium,R12_OUT,0.2922963302622427,0.6775498003874225,10087.732762201342,6834.941319391181,0.6320754716981132,0.4,0.2424242424242424,4620.0,4590.735904510448
39,all,R13,Medium,R13_OUT,0.12440604965126349,0.2883761627543418,-37718.64072609211,-10877.156876900084,0.6320754716981132,0.4,0.2424242424242424,4620.0,4590.735904510448
39,all,R14,High,R14_OUT,0.0,0.0,-225984.97836553978,-0.0,0.6320754716981132,0.4,0.2424242424242424,4620.0,4590.735904510448
39,all,R15,High,R15_OUT,0.0,0.0,-38897.98328511987,-0.0,0.6320754716981132,0.4,0.2424242424242424,4620.0,4590.735904510448
39,all,R16,High,R16_OUT,0.0,0.0,-39254.90684913228,-0.0,0.6320754716981132,0.4,0.2424242424242424,4620.0,4590.735904510448
39,all,R17,Medium,R17_OUT,0.0,0.0,-150118.8034530932,-0.0,0.6320754716981132,0.4,0.2424242424242424,4620.0,4590.735904510448
39,all,R18,High,R18_OUT,0.014699607209961128,0.03407403685823565,253358.63484378357,8632.95146201935,0.6320754716981132,0.4,0.2424242424242424,4620.0,4590.735904510448
39,all,R19,High,R19_OUT,0.0,0.0,0.0,0.0,0.6320754716981132,0.4,0.2424242424242424,4620.0,4590.735904510448
39,all,R20,Very_High,R20_OUT,0.0,0.0,0.0,0.0,0.6320754716981132,0.4,0.2424242424242424,4620.0,4590.735904510448
40,all,R1,Very_Low,R1_OUT,0.0,0.0,-4734.993890496265,-0.0,1.0,0.6,1.0,2352.0,2352.206674223904
40,all,R2,Low,R2_OUT,0.0,0.0,-36411.56043842457,-0.0,1.0,0.6,1.0,2352.0,2352.206674223904
40,all,R3,Medium,R3_OUT,0.0,0.0,0.0,0.0,1.0,0.6,1.0,2352.0,2352.206674223904
40,all,R4,Low,R4_OUT,0.0,0.0,-22899.490746219853,-0.0,1.0,0.6,1.0,2352.0,2352.206674223904
40,all,R5,Medium,R5_OUT,0.0,0.0,-49145.12342827983,-0.0,1.0,0.6,1.0,2352.0,2352.206674223904
40,all,R6,Medium,R6_OUT,0.0,0.0,-8663.293336936596,-0.0,1.0,0.6,1.0,2352.0,2352.206674223904
40,all,R7,Medium,R7_OUT,0.0,0.0,-62213.939431619634,-0.0,1.0,0.6,1.0,2352.0,2352.206674223904
40,all,R8,High,R8_OUT,0.0,0.0,-48010.17034976346,-0.0,1.0,0.6,1.0,2352.0,2352.206674223904
40,all,R9,Low,R9_OUT,0.0,0.0,-10517.669113420314,-0.0,1.0,0.6,1.0,2352.0,2352.206674223904
40,all,R10,Medium,R10_OUT,0.0,0.0,34350.55307990571,0.0,1.0,0.6,1.0,2352.0,2352.206674223904
40,all,R11,Medium,R11_OUT,0.0,0.0,-358026.38302394,-0.0,1.0,0.6,1.0,2352.0,2352.206674223904
40,all,R12,Medium,R12_OUT,0.0,0.0,9415.368694120447,0.0,1.0,0.6,1.0,2352.0,2352.206674223904
40,all,R13,Medium,R13_OUT,1.1967291556046022e-05,0.0019292309433575935,-74407.35112919398,-143.5489642117146,1.0,0.6,1.0,2352.0,2352.206674223904
40,all,R14,High,R14_OUT,0.003095586852365241,0.49903538452832114,-358151.37936474546,-178730.21132063438,1.0,0.6,1.0,2352.0,2352.206674223904
40,all,R15,High,R15_OUT,0.0,0.0,27137.463209285488,0.0,1.0,0.6,1.0,2352.0,2352.206674223904
40,all,R16,High,R16_OUT,0.0,0.0,-56661.6949441054,-0.0,1.0,0.6,1.0,2352.0,2352.206674223904
40,all,R17,Medium,R17_OUT,0.0,0.0,-61472.72098371222,-0.0,1.0,0.6,1.0,2352.0,2352.206674223904
40,all,R18,High,R18_OUT,0.003095586852365241,0.49903538452832114,363152.53903360246,181225.96695906995,1.0,0.6,1.0,2352.0,2352.206674223904
40,all,R19,High,R19_OUT,0.0,0.0,0.0,0.0,1.0,0.6,1.0,2352.0,2352.206674223904
40,all,R20,Very_High,R20_OUT,0.0,0.0,0.0,0.0,1.0,0.6,1.0,2352.0,2352.206674223904
41,all,R1,Very_Low,R1_OUT,0.0,0.0,3815.3725841095693,0.0,0.0691823899371069,0.4,0.2727272727272727,2174.0,2831.0055409616452
41,all,R2,Low,R2_OUT,0.0,0.0,-50294.23353453292,-0.0,0.0691823899371069,0.4,0.2727272727272727,2174.0,2831.0055409616452
41,all,R3,Medium,R3_OUT,0.0,0.0,0.0,0.0,0.0691823899371069,0.4,0.2727272727272727,2174.0,2831.0055409616452
41,all,R4,Low,R4_OUT,0.3093758147633123,0.5403205214902286,-1713.0535162087676,-925.5979692185911,0.0691823899371069,0.4,0.2727272727272727,2174.0,2831.0055409616452
41,all,R5,Medium,R5_OUT,0.25409062629706236,0.4437657152083508,7958.542863296523,3531.7284657470973,0.0691823899371069,0.4,0.2727272727272727,2174.0,2831.0055409616452
41,all,R6,Medium,R6_OUT,0.0,0.0,-5397.172386001527,-0.0,0.0691823899371069,0.4,0.2727272727272727,2174.0,2831.0055409616452
41,all,R7,Medium,R7_OUT,0.0,0.0,-9366.311386215453,-0.0,0.0691823899371069,0.4,0.2727272727272727,2174.0,2831.0055409616452
41,all,R8,High,R8_OUT,0.0,0.0,-29910.007149878264,-0.0,0.0691823899371069,0.4,0.2727272727272727,2174.0,2831.0055409616452
41,all,R9,Low,R9_OUT,0.0,0.0,8403.51492581969,0.0,0.0691823899371069,0.4,0.2727272727272727,2174.0,2831.0055409616452
41,all,R10,Medium,R10_OUT,0.0,0.0,8490.421550075269,0.0,0.0691823899371069,0.4,0.2727272727272727,2174.0,2831.0055409616452
41,all,R11,Medium,R11_OUT,0.0,0.0,-150550.4403629423,-0.0,0.0691823899371069,0.4,0.2727272727272727,2174.0,2831.0055409616452
41,all,R12,Medium,R12_OUT,0.005002949237298921,0.00873758067661033,1348.8699072320524,11.78585963669195,0.0691823899371069,0.4,0.2727272727272727,2174.0,2831.0055409616452
41,all,R13,Medium,R13_OUT,0.004108926568840638,0.007176182624810358,29693.946759344188,213.0891847964496,0.0691823899371069,0.4,0.2727272727272727,2174.0,2831.0055409616452
41,all,R14,High,R14_OUT,0.0,0.0,-170106.3736863175,-0.0,0.0691823899371069,0.4,0.2727272727272727,2174.0,2831.0055409616452
41,all,R15,High,R15_OUT,0.0,0.0,7801.997016376579,0.0,0.0691823899371069,0.4,0.2727272727272727,2174.0,2831.0055409616452
41,all,R16,High,R16_OUT,0.0,0.0,-35299.84768970019,-0.0,0.0691823899371069,0.4,0.2727272727272727,2174.0,2831.0055409616452
41,all,R17,Medium,R17_OUT,0.0,0.0,-138445.55230929554,-0.0,0.0691823899371069,0.4,0.2727272727272727,2174.0,2831.0055409616452
41,all,R18,High,R18_OUT,0.0,0.0,125962.77057188604,0.0,0.0691823899371069,0.4,0.2727272727272727,2174.0,2831.0055409616452
41,all,R19,High,R19_OUT,0.0,0.0,0.0,0.0,0.0691823899371069,0.4,0.2727272727272727,2174.0,2831.0055409616452
41,all,R20,Very_High,R20_OUT,0.0,0.0,0.0,0.0,0.0691823899371069,0.4,0.2727272727272727,2174.0,2831.0055409616452
42,all,R1,Very_Low,R1_OUT,0.0,0.0,-367.0076050858588,-0.0,0.3867924528301887,0.6,0.5151515151515151,6699.0,6278.673527660874
42,all,R2,Low,R2_OUT,0.0,0.0,-30924.90041056725,-0.0,0.3867924528301887,0.6,0.5151515151515151,6699.0,6278.673527660874
42,all,R3,Medium,R3_OUT,0.0,0.0,0.0,0.0,0.3867924528301887,0.6,0.5151515151515151,6699.0,6278.673527660874
42,all,R4,Low,R4_OUT,0.0,0.0,-8024.767625652774,-0.0,0.3867924528301887,0.6,0.5151515151515151,6699.0,6278.673527660874
42,all,R5,Medium,R5_OUT,0.0,0.0,-13498.519145792132,-0.0,0.3867924528301887,0.6,0.5151515151515151,6699.0,6278.673527660874
42,all,R6,Medium,R6_OUT,0.0,0.0,-6607.84588985385,-0.0,0.3867924528301887,0.6,0.5151515151515151,6699.0,6278.673527660874
42,all,R7,Medium,R7_OUT,0.0,0.0,-26632.61519271243,-0.0,0.3867924528301887,0.6,0.5151515151515151,6699.0,6278.673527660874
42,all,R8,High,R8_OUT,0.0,0.0,-36619.30797815862,-0.0,0.3867924528301887,0.6,0.5151515151515151,6699.0,6278.673527660874
42,all,R9,Low,R9_OUT,0.0,0.0,5922.874103930135,0.0,0.3867924528301887,0.6,0.5151515151515151,6699.0,6278.673527660874
42,all,R10,Medium,R10_OUT,0.0,0.0,14818.852919521498,0.0,0.3867924528301887,0.6,0.5151515151515151,6699.0,6278.673527660874
42,all,R11,Medium,R11_OUT,0.0,0.0,-231084.15869984135,-0.0,0.3867924528301887,0.6,0.5151515151515151,6699.0,6278.673527660874
42,all,R12,Medium,R12_OUT,0.0,0.0,1777.1046534292236,0.0,0.3867924528301887,0.6,0.5151515151515151,6699.0,6278.673527660874
42,all,R13,Medium,R13_OUT,0.5992223167203623,1.0,6278.673527660874,6278.673527660874,0.3867924528301887,0.6,0.5151515151515151,6699.0,6278.673527660874
42,all,R14,High,R14_OUT,0.0,0.0,-241983.75849043846,-0.0,0.3867924528301887,0.6,0.5151515151515151,6699.0,6278.673527660874
42,all,R15,High,R15_OUT,0.0,0.0,1321.2619345489657,0.0,0.3867924528301887,0.6,0.5151515151515151,6699.0,6278.673527660874
42,all,R16,High,R16_OUT,0.0,0.0,-43218.177369675155,-0.0,0.3867924528301887,0.6,0.5151515151515151,6699.0,6278.673527660874
42,all,R17,Medium,R17_OUT,0.0,0.0,-79842.93721637434,-0.0,0.3867924528301887,0.6,0.5151515151515151,6699.0,6278.673527660874
42,all,R18,High,R18_OUT,0.0,0.0,176545.17994877315,0.0,0.3867924528301887,0.6,0.5151515151515151,6699.0,6278.673527660874
42,all,R19,High,R19_OUT,0.0,0.0,0.0,0.0,0.3867924528301887,0.6,0.5151515151515151,6699.0,6278.673527660874
42,all,R20,Very_High,R20_OUT,0.0,0.0,0.0,0.0,0.3867924528301887,0.6,0.5151515151515151,6699.0,6278.673527660874
43,all,R1,Very_Low,R1_OUT,0.0,0.0,2414.5884075428867,0.0,0.2814465408805031,0.6,0.2424242424242424,4004.0,4372.1472431828115
43,all,R2,Low,R2_OUT,0.0,0.0,-4436.124663090981,-0.0,0.2814465408805031,0.6,0.2424242424242424,4004.0,4372.1472431828115
43,all,R3,Medium,R3_OUT,0.0,0.0,0.0,0.0,0.2814465408805031,0.6,0.2424242424242424,4004.0,4372.1472431828115
43,all,R4,Low,R4_OUT,0.14762975893780217,0.3491042474948736,-2291.4840568982854,-799.9668173299762,0.2814465408805031,0.6,0.2424242424242424,4004.0,4372.1472431828115
43,all,R5,Medium,R5_OUT,0.06283361513277508,0.14858441879290457,9071.531829515552,1347.8882844499026,0.2814465408805031,0.6,0.2424242424242424,4004.0,4372.1472431828115
43,all,R6,Medium,R6_OUT,0.0,0.0,-5743.8239744644925,-0.0,0.2814465408805031,0.6,0.2424242424242424,4004.0,4372.1472431828115
43,all,R7,Medium,R7_OUT,0.0,0.0,-5150.515009147659,-0.0,0.2814465408805031,0.6,0.2424242424242424,4004.0,4372.1472431828115
43,all,R8,High,R8_OUT,0.0,0.0,-31831.078175254064,-0.0,0.2814465408805031,0.6,0.2424242424242424,4004.0,4372.1472431828115
43,all,R9,Low,R9_OUT,0.0,0.0,2279.370915633941,0.0,0.2814465408805031,0.6,0.2424242424242424,4004.0,4372.1472431828115
43,all,R10,Medium,R10_OUT,0.0,0.0,4069.959876646767,0.0,0.2814465408805031,0.6,0.2424242424242424,4004.0,4372.1472431828115
43,all,R11,Medium,R11_OUT,0.0,0.0,-187042.3486785415,-0.0,0.2814465408805031,0.6,0.2424242424242424,4004.0,4372.1472431828115
43,all,R12,Medium,R12_OUT,0.1490009842112458,0.35234682250600785,1153.2238444363647,406.3347572253158,0.2814465408805031,0.6,0.2424242424242424,4004.0,4372.1472431828115
43,all,R13,Medium,R13_OUT,0.06341723080560288,0.14996451120621404,22791.33237154808,3417.8910188375708,0.2814465408805031,0.6,0.2424242424242424,4004.0,4372.1472431828115
43,all,R14,High,R14_OUT,0.0,0.0,-201800.15815574542,-0.0,0.2814465408805031,0.6,0.2424242424242424,4004.0,4372.1472431828115
43,all,R15,High,R15_OUT,0.0,0.0,-31167.139171638795,-0.0,0.2814465408805031,0.6,0.2424242424242424,4004.0,4372.1472431828115
43,all,R16,High,R16_OUT,0.0,0.0,-37567.09939131529,-0.0,0.2814465408805031,0.6,0.2424242424242424,4004.0,4372.1472431828115
43,all,R17,Medium,R17_OUT,0.0,0.0,-94370.40166191281,-0.0,0.2814465408805031,0.6,0.2424242424242424,4004.0,4372.1472431828115
43,all,R18,High,R18_OUT,0.0,0.0,126992.95913557969,0.0,0.2814465408805031,0.6,0.2424242424242424,4004.0,4372.1472431828115
43,all,R19,High,R19_OUT,0.0,0.0,0.0,0.0,0.2814465408805031,0.6,0.2424242424242424,4004.0,4372.1472431828115
43,all,R20,Very_High,R20_OUT,0.0,0.0,0.0,0.0,0.2814465408805031,0.6,0.2424242424242424,4004.0,4372.1472431828115
44,all,R1,Very_Low,R1_OUT,0.0,0.0,2445.532761274703,0.0,0.0644654088050314,0.6,0.2121212121212121,2331.0,2328.357622823907
44,all,R2,Low,R2_OUT,0.0,0.0,-21544.315301392664,-0.0,0.0644654088050314,0.6,0.2121212121212121,2331.0,2328.357622823907
44,all,R3,Medium,R3_OUT,0.0,0.0,0.0,0.0,0.0644654088050314,0.6,0.2121212121212121,2331.0,2328.357622823907
44,all,R4,Low,R4_OUT,0.5520235126168905,0.801181489096371,602.1542280363574,482.43482108384455,0.0644654088050314,0.6,0.2121212121212121,2331.0,2328.357622823907
44,all,R5,Medium,R5_OUT,0.12696154501052237,0.184266136069643,9421.165692851755,1736.001799493674,0.0644654088050314,0.6,0.2121212121212121,2331.0,2328.357622823907
44,all,R6,Medium,R6_OUT,0.0,0.0,-5397.4913624282435,-0.0,0.0644654088050314,0.6,0.2121212121212121,2331.0,2328.357622823907
44,all,R7,Medium,R7_OUT,0.0,0.0,-4021.0655230954817,-0.0,0.0644654088050314,0.6,0.2121212121212121,2331.0,2328.357622823907
44,all,R8,High,R8_OUT,0.0,0.0,-29911.774850826176,-0.0,0.0644654088050314,0.6,0.2121212121212121,2331.0,2328.357622823907
44,all,R9,Low,R9_OUT,0.0,0.0,12919.866025030686,0.0,0.0644654088050314,0.6,0.2121212121212121,2331.0,2328.357622823907
44,all,R10,Medium,R10_OUT,0.0,0.0,2671.986071681559,0.0,0.0644654088050314,0.6,0.2121212121212121,2331.0,2328.357622823907
44,all,R11,Medium,R11_OUT,0.0,0.0,-158703.91432165352,-0.0,0.0644654088050314,0.6,0.2121212121212121,2331.0,2328.357622823907
44,all,R12,Medium,R12_OUT,0.008151882319896265,0.011831266362245586,-2062.832323350006,-24.405918678203836,0.0644654088050314,0.6,0.2121212121212121,2331.0,2328.357622823907
44,all,R13,Medium,R13_OUT,0.0018748758892019764,0.002721108471740414,49364.779948913754,134.32692092459052,0.0644654088050314,0.6,0.2121212121212121,2331.0,2328.357622823907
44,all,R14,High,R14_OUT,0.0,0.0,-175777.5293129075,-0.0,0.0644654088050314,0.6,0.2121212121212121,2331.0,2328.357622823907
44,all,R15,High,R15_OUT,0.0,0.0,-19382.94035571019,-0.0,0.0644654088050314,0.6,0.2121212121212121,2331.0,2328.357622823907
44,all,R16,High,R16_OUT,0.0,0.0,-35301.93393385126,-0.0,0.0644654088050314,0.6,0.2121212121212121,2331.0,2328.357622823907
44,all,R17,Medium,R17_OUT,0.0,0.0,-92390.94050989847,-0.0,0.0644654088050314,0.6,0.2121212121212121,2331.0,2328.357622823907
44,all,R18,High,R18_OUT,0.0,0.0,74007.84449805351,0.0,0.0644654088050314,0.6,0.2121212121212121,2331.0,2328.357622823907
44,all,R19,High,R19_OUT,0.0,0.0,0.0,0.0,0.0644654088050314,0.6,0.2121212121212121,2331.0,2328.357622823907
44,all,R20,Very_High,R20_OUT,0.0,0.0,0.0,0.0,0.0644654088050314,0.6,0.2121212121212121,2331.0,2328.357622823907
45,all,R1,Very_Low,R1_OUT,0.19578449590242056,0.46115757679996,296.90483132808686,136.9199125554614,0.2044025157232704,0.8,0.2424242424242424,5817.0,3752.2998588407627
45,all,R2,Low,R2_OUT,0.0833290506806284,0.19627612958725887,9075.772922835102,1781.3575823069177,0.2044025157232704,0.8,0.2424242424242424,5817.0,3752.2998588407627
45,all,R3,Medium,R3_OUT,0.0,0.0,0.0,0.0,0.2044025157232704,0.8,0.2424242424242424,5817.0,3752.2998588407627
45,all,R4,Low,R4_OUT,0.05299310041258301,0.12482178254586504,-197.8963373295519,-24.701773584772482,0.2044025157232704,0.8,0.2424242424242424,5817.0,3752.2998588407627
45,all,R5,Medium,R5_OUT,0.022554721351401782,0.05312617118055552,4512.0635467807115,239.70866036381656,0.2044025157232704,0.8,0.2424242424242424,5817.0,3752.2998588407627
45,all,R6,Medium,R6_OUT,0.0,0.0,-5819.398087367385,-0.0,0.2044025157232704,0.8,0.2424242424242424,5817.0,3752.2998588407627
45,all,R7,Medium,R7_OUT,0.0,0.0,-5165.522712624508,-0.0,0.2044025157232704,0.8,0.2424242424242424,5817.0,3752.2998588407627
45,all,R8,High,R8_OUT,0.0,0.0,-32249.894195137113,-0.0,0.2044025157232704,0.8,0.2424242424242424,5817.0,3752.2998588407627
45,all,R9,Low,R9_OUT,0.0385808310497984,0.09087462455005212,12756.742735339232,1159.2642065555576,0.2044025157232704,0.8,0.2424242424242424,5817.0,3752.2998588407627
45,all,R10,Medium,R10_OUT,0.016420626214711753,0.038677711224327595,545.1873043677188,21.08659712150422,0.2044025157232704,0.8,0.2424242424242424,5817.0,3752.2998588407627
45,all,R11,Medium,R11_OUT,0.0,0.0,-194048.58927494122,-0.0,0.2044025157232704,0.8,0.2424242424242424,5817.0,3752.2998588407627
45,all,R12,Medium,R12_OUT,0.010442695395256728,0.024597086105004266,-3587.4223516361026,-88.2401364782101,0.2044025157232704,0.8,0.2424242424242424,5817.0,3752.2998588407627
45,all,R13,Medium,R13_OUT,0.004444580199381122,0.010468918006976571,50330.398007640804,526.9048100004885,0.2044025157232704,0.8,0.2424242424242424,5817.0,3752.2998588407627
45,all,R14,High,R14_OUT,0.0,0.0,-206346.8190605448,-0.0,0.2044025157232704,0.8,0.2424242424242424,5817.0,3752.2998588407627
45,all,R15,High,R15_OUT,0.0,0.0,-43952.92240983507,-0.0,0.2044025157232704,0.8,0.2424242424242424,5817.0,3752.2998588407627
45,all,R16,High,R16_OUT,0.0,0.0,-38061.38685958686,-0.0,0.2044025157232704,0.8,0.2424242424242424,5817.0,3752.2998588407627
45,all,R17,Medium,R17_OUT,0.0,0.0,-43411.45942611806,-0.0,0.2044025157232704,0.8,0.2424242424242424,5817.0,3752.2998588407627
45,all,R18,High,R18_OUT,0.0,0.0,63906.0945770526,0.0,0.2044025157232704,0.8,0.2424242424242424,5817.0,3752.2998588407627
45,all,R19,High,R19_OUT,0.0,0.0,0.0,0.0,0.2044025157232704,0.8,0.2424242424242424,5817.0,3752.2998588407627
45,all,R20,Very_High,R20_OUT,0.0,0.0,0.0,0.0,0.2044025157232704,0.8,0.2424242424242424,5817.0,3752.2998588407627
46,all,R1,Very_Low,R1_OUT,0.0,0.0,2883.363493174262,0.0,0.1477987421383647,0.6,0.1818181818181818,2989.0,1745.2432249951007
46,all,R2,Low,R2_OUT,0.0,0.0,-9317.752003516853,-0.0,0.1477987421383647,0.6,0.1818181818181818,2989.0,1745.2432249951007
46,all,R3,Medium,R3_OUT,0.0,0.0,0.0,0.0,0.1477987421383647,0.6,0.1818181818181818,2989.0,1745.2432249951007
46,all,R4,Low,R4_OUT,0.6733473615436796,0.8355338807796048,194.4248106981977,162.44851660250512,0.1477987421383647,0.6,0.1818181818181818,2989.0,1745.2432249951007
46,all,R5,Medium,R5_OUT,0.08441647847769772,0.10474954220139665,12928.12647125931,1354.2153293861702,0.1477987421383647,0.6,0.1818181818181818,2989.0,1745.2432249951007
46,all,R6,Medium,R6_OUT,0.0,0.0,-5417.386473158756,-0.0,0.1477987421383647,0.6,0.1818181818181818,2989.0,1745.2432249951007
46,all,R7,Medium,R7_OUT,0.0,0.0,-1051.9926595648558,-0.0,0.1477987421383647,0.6,0.1818181818181818,2989.0,1745.2432249951007
46,all,R8,High,R8_OUT,0.0,0.0,-30022.02941774873,-0.0,0.1477987421383647,0.6,0.1818181818181818,2989.0,1745.2432249951007
46,all,R9,Low,R9_OUT,0.0,0.0,7401.28011143375,0.0,0.1477987421383647,0.6,0.1818181818181818,2989.0,1745.2432249951007
46,all,R10,Medium,R10_OUT,0.0,0.0,1571.9513301598563,0.0,0.1477987421383647,0.6,0.1818181818181818,2989.0,1745.2432249951007
46,all,R11,Medium,R11_OUT,0.0,0.0,-164664.86970555034,-0.0,0.1477987421383647,0.6,0.1818181818181818,2989.0,1745.2432249951007
46,all,R12,Medium,R12_OUT,0.04276370144725515,0.05306402529715368,-675.2805610026451,-35.833104771720485,0.1477987421383647,0.6,0.1818181818181818,2989.0,1745.2432249951007
46,all,R13,Medium,R13_OUT,0.005361216645407067,0.006652551721844981,39746.024508144,264.41248377814617,0.1477987421383647,0.6,0.1818181818181818,2989.0,1745.2432249951007
46,all,R14,High,R14_OUT,0.0,0.0,-181293.48031425002,-0.0,0.1477987421383647,0.6,0.1818181818181818,2989.0,1745.2432249951007
46,all,R15,High,R15_OUT,0.0,0.0,-30119.86696604808,-0.0,0.1477987421383647,0.6,0.1818181818181818,2989.0,1745.2432249951007
46,all,R16,High,R16_OUT,0.0,0.0,-35432.056584909726,-0.0,0.1477987421383647,0.6,0.1818181818181818,2989.0,1745.2432249951007
46,all,R17,Medium,R17_OUT,0.0,0.0,-95668.87461695689,-0.0,0.1477987421383647,0.6,0.1818181818181818,2989.0,1745.2432249951007
46,all,R18,High,R18_OUT,0.0,0.0,90483.95359379333,0.0,0.1477987421383647,0.6,0.1818181818181818,2989.0,1745.2432249951007
46,all,R19,High,R19_OUT,0.0,0.0,0.0,0.0,0.1477987421383647,0.6,0.1818181818181818,2989.0,1745.2432249951007
46,all,R20,Very_High,R20_OUT,0.0,0.0,0.0,0.0,0.1477987421383647,0.6,0.1818181818181818,2989.0,1745.2432249951007
47,all,R1,Very_Low,R1_OUT,0.4962121212121214,0.7133525347392083,1141.732088823082,814.4574795550365,0.1084905660377358,0.8,0.1515151515151515,3136.0,2344.9876334907062
47,all,R2,Low,R2_OUT,0.03364632657872832,0.04836982275033699,11966.74100515862,578.8291413187119,0.1084905660377358,0.8,0.1515151515151515,3136.0,2344.9876334907062
47,all,R3,Medium,R3_OUT,0.0,0.0,0.0,0.0,0.1084905660377358,0.8,0.1515151515151515,3136.0,2344.9876334907062
47,all,R4,Low,R4_OUT,0.13431001593936556,0.19308353467297254,2381.5378949492488,459.8357547144313,0.1084905660377358,0.8,0.1515151515151515,3136.0,2344.9876334907062
47,all,R5,Medium,R5_OUT,0.009107070274807528,0.013092287324043208,11396.234252078253,149.20277324031113,0.1084905660377358,0.8,0.1515151515151515,3136.0,2344.9876334907062
47,all,R6,Medium,R6_OUT,0.0,0.0,-5457.250440455847,-0.0,0.1084905660377358,0.8,0.1515151515151515,3136.0,2344.9876334907062
47,all,R7,Medium,R7_OUT,0.0,0.0,1622.7579562644478,0.0,0.1084905660377358,0.8,0.1515151515151515,3136.0,2344.9876334907062
47,all,R8,High,R8_OUT,0.0,0.0,-30242.947235710548,-0.0,0.1084905660377358,0.8,0.1515151515151515,3136.0,2344.9876334907062
47,all,R9,Low,R9_OUT,0.01645763241356057,0.023659425669291377,14813.5390524469,350.4798261105125,0.1084905660377358,0.8,0.1515151515151515,3136.0,2344.9876334907062
47,all,R10,Medium,R10_OUT,0.0011159317784230644,0.0016042590027619014,-3098.0928047920033,-4.970143273479441,0.1084905660377358,0.8,0.1515151515151515,3136.0,2344.9876334907062
47,all,R11,Medium,R11_OUT,0.0,0.0,-172424.30493986388,-0.0,0.1084905660377358,0.8,0.1515151515151515,3136.0,2344.9876334907062
47,all,R12,Medium,R12_OUT,0.004454596688186552,0.0064039101483382615,-4727.352115009835,-30.273538184079825,0.1084905660377358,0.8,0.1515151515151515,3136.0,2344.9876334907062
47,all,R13,Medium,R13_OUT,0.0003020498866112444,0.0004342256930473351,63161.4859470582,27.426340009260866,0.1084905660377358,0.8,0.1515151515151515,3136.0,2344.9876334907062
47,all,R14,High,R14_OUT,0.0,0.0,-186567.5120346263,-0.0,0.1084905660377358,0.8,0.1515151515151515,3136.0,2344.9876334907062
47,all,R15,High,R15_OUT,0.0,0.0,-50223.13892263603,-0.0,0.1084905660377358,0.8,0.1515151515151515,3136.0,2344.9876334907062
47,all,R16,High,R16_OUT,0.0,0.0,-35692.784216558335,-0.0,0.1084905660377358,0.8,0.1515151515151515,3136.0,2344.9876334907062
47,all,R17,Medium,R17_OUT,0.0,0.0,-47189.62322898963,-0.0,0.1084905660377358,0.8,0.1515151515151515,3136.0,2344.9876334907062
47,all,R18,High,R18_OUT,0.0,0.0,33326.72960605993,0.0,0.1084905660377358,0.8,0.1515151515151515,3136.0,2344.9876334907062
47,all,R19,High,R19_OUT,0.0,0.0,0.0,0.0,0.1084905660377358,0.8,0.1515151515151515,3136.0,2344.9876334907062
47,all,R20,Very_High,R20_OUT,0.0,0.0,0.0,0.0,0.1084905660377358,0.8,0.1515151515151515,3136.0,2344.9876334907062
48,all,R1,Very_Low,R1_OUT,0.0,0.0,3216.649492885354,0.0,0.1069182389937107,0.4,0.3333333333333333,2583.0,2853.2734028351006
48,all,R2,Low,R2_OUT,0.0,0.0,-54781.29724178677,-0.0,0.1069182389937107,0.4,0.3333333333333333,2583.0,2853.2734028351006
48,all,R3,Medium,R3_OUT,0.0,0.0,0.0,0.0,0.1069182389937107,0.4,0.3333333333333333,2583.0,2853.2734028351006
48,all,R4,Low,R4_OUT,0.066728116909734,0.12963379895161853,-3144.598876796658,-407.6462985781434,0.1069182389937107,0.4,0.3333333333333333,2583.0,2853.2734028351006
48,all,R5,Medium,R5_OUT,0.4319237664592865,0.8391053321548344,3093.587269618987,2595.8455734236077,0.1069182389937107,0.4,0.3333333333333333,2583.0,2853.2734028351006
48,all,R6,Medium,R6_OUT,0.0,0.0,-5606.647106737775,-0.0,0.1069182389937107,0.4,0.3333333333333333,2583.0,2853.2734028351006
48,all,R7,Medium,R7_OUT,0.0,0.0,-14052.357432270433,-0.0,0.1069182389937107,0.4,0.3333333333333333,2583.0,2853.2734028351006
48,all,R8,High,R8_OUT,0.0,0.0,-31070.87249705702,-0.0,0.1069182389937107,0.4,0.3333333333333333,2583.0,2853.2734028351006
48,all,R9,Low,R9_OUT,0.0,0.0,8442.359355164463,0.0,0.1069182389937107,0.4,0.3333333333333333,2583.0,2853.2734028351006
48,all,R10,Medium,R10_OUT,0.0,0.0,10893.276783106405,0.0,0.1069182389937107,0.4,0.3333333333333333,2583.0,2853.2734028351006
48,all,R11,Medium,R11_OUT,0.0,0.0,-161973.66397369324,-0.0,0.1069182389937107,0.4,0.3333333333333333,2583.0,2853.2734028351006
48,all,R12,Medium,R12_OUT,0.0021532927154970637,0.00418323681068859,1707.1120941466759,7.14125415220606,0.1069182389937107,0.4,0.3333333333333333,2583.0,2853.2734028351006
48,all,R13,Medium,R13_OUT,0.013938027072230533,0.02707763208285854,24298.02103168158,657.9328738374327,0.1069182389937107,0.4,0.3333333333333333,2583.0,2853.2734028351006
48,all,R14,High,R14_OUT,0.0,0.0,-180540.52079223696,-0.0,0.1069182389937107,0.4,0.3333333333333333,2583.0,2853.2734028351006
48,all,R15,High,R15_OUT,0.0,0.0,13947.33554901757,0.0,0.1069182389937107,0.4,0.3333333333333333,2583.0,2853.2734028351006
48,all,R16,High,R16_OUT,0.0,0.0,-36669.903194431026,-0.0,0.1069182389937107,0.4,0.3333333333333333,2583.0,2853.2734028351006
48,all,R17,Medium,R17_OUT,0.0,0.0,-135468.01594690362,-0.0,0.1069182389937107,0.4,0.3333333333333333,2583.0,2853.2734028351006
48,all,R18,High,R18_OUT,0.0,0.0,140287.82507844083,0.0,0.1069182389937107,0.4,0.3333333333333333,2583.0,2853.2734028351006
48,all,R19,High,R19_OUT,0.0,0.0,0.0,0.0,0.1069182389937107,0.4,0.3333333333333333,2583.0,2853.2734028351006
48,all,R20,Very_High,R20_OUT,0.0,0.0,0.0,0.0,0.1069182389937107,0.4,0.3333333333333333,2583.0,2853.2734028351006
49,all,R1,Very_Low,R1_OUT,0.0,0.0,3269.9068722266816,0.0,0.1462264150943396,0.4,0.3333333333333333,3647.0,3416.254669134516
49,all,R2,Low,R2_OUT,0.0,0.0,-50941.66976322951,-0.0,0.1462264150943396,0.4,0.3333333333333333,3647.0,3416.254669134516
49,all,R3,Medium,R3_OUT,0.0,0.0,0.0,0.0,0.1462264150943396,0.4,0.3333333333333333,3647.0,3416.254669134516
49,all,R4,Low,R4_OUT,0.066728116909734,0.12600928653015417,-3576.7150681936223,-450.6993138647301,0.1462264150943396,0.4,0.3333333333333333,3647.0,3416.254669134516
49,all,R5,Medium,R5_OUT,0.4319237664592865,0.8156442616322676,3506.8499548377513,2860.3420420687885,0.1462264150943396,0.4,0.3333333333333333,3647.0,3416.254669134516
49,all,R6,Medium,R6_OUT,0.0,0.0,-5654.582672544942,-0.0,0.1462264150943396,0.4,0.3333333333333333,3647.0,3416.254669134516
49,all,R7,Medium,R7_OUT,0.0,0.0,-13811.56903207692,-0.0,0.1462264150943396,0.4,0.3333333333333333,3647.0,3416.254669134516
49,all,R8,High,R8_OUT,0.0,0.0,-31336.52143571545,-0.0,0.1462264150943396,0.4,0.3333333333333333,3647.0,3416.254669134516
49,all,R9,Low,R9_OUT,0.0,0.0,6327.296394039636,0.0,0.1462264150943396,0.4,0.3333333333333333,3647.0,3416.254669134516
49,all,R10,Medium,R10_OUT,0.0,0.0,10932.27404271943,0.0,0.1462264150943396,0.4,0.3333333333333333,3647.0,3416.254669134516
49,all,R11,Medium,R11_OUT,0.0,0.0,-166463.11289264413,-0.0,0.1462264150943396,0.4,0.3333333333333333,3647.0,3416.254669134516
49,all,R12,Medium,R12_OUT,0.004134587361863298,0.007807749232152929,2309.678577148473,18.03339113725106,0.1462264150943396,0.4,0.3333333333333333,3647.0,3416.254669134516
49,all,R13,Medium,R13_OUT,0.02676272954782652,0.050538702605425256,19560.8216837581,988.5785497932043,0.1462264150943396,0.4,0.3333333333333333,3647.0,3416.254669134516
49,all,R14,High,R14_OUT,0.0,0.0,-184668.60715927626,-0.0,0.1462264150943396,0.4,0.3333333333333333,3647.0,3416.254669134516
49,all,R15,High,R15_OUT,0.0,0.0,10999.544262857042,0.0,0.1462264150943396,0.4,0.3333333333333333,3647.0,3416.254669134516
49,all,R16,High,R16_OUT,0.0,0.0,-36983.42258036329,-0.0,0.1462264150943396,0.4,0.3333333333333333,3647.0,3416.254669134516
49,all,R17,Medium,R17_OUT,0.0,0.0,-136156.15668761995,-0.0,0.1462264150943396,0.4,0.3333333333333333,3647.0,3416.254669134516
49,all,R18,High,R18_OUT,0.0,0.0,149379.6082896013,0.0,0.1462264150943396,0.4,0.3333333333333333,3647.0,3416.254669134516
49,all,R19,High,R19_OUT,0.0,0.0,0.0,0.0,0.1462264150943396,0.4,0.3333333333333333,3647.0,3416.254669134516
49,all,R20,Very_High,R20_OUT,0.0,0.0,0.0,0.0,0.1462264150943396,0.4,0.3333333333333333,3647.0,3416.254669134516
50,all,R1,Very_Low,R1_OUT,0.0,0.0,-666.2088820185013,-0.0,0.4528301886792453,0.8,0.3636363636363636,8232.0,8328.38730068887
50,all,R2,Low,R2_OUT,0.0,0.0,16996.00641397936,0.0,0.4528301886792453,0.8,0.3636363636363636,8232.0,8328.38730068887
50,all,R3,Medium,R3_OUT,0.0,0.0,0.0,0.0,0.4528301886792453,0.8,0.3636363636363636,8232.0,8328.38730068887
50,all,R4,Low,R4_OUT,0.0,0.0,-4962.2983006519735,-0.0,0.4528301886792453,0.8,0.3636363636363636,8232.0,8328.38730068887
50,all,R5,Medium,R5_OUT,0.0,0.0,-3399.4918256118035,-0.0,0.4528301886792453,0.8,0.3636363636363636,8232.0,8328.38730068887
50,all,R6,Medium,R6_OUT,0.0,0.0,-6449.264018391419,-0.0,0.4528301886792453,0.8,0.3636363636363636,8232.0,8328.38730068887
50,all,R7,Medium,R7_OUT,0.0,0.0,-13478.145843883001,-0.0,0.4528301886792453,0.8,0.3636363636363636,8232.0,8328.38730068887
50,all,R8,High,R8_OUT,0.0,0.0,-35740.48021959174,-0.0,0.4528301886792453,0.8,0.3636363636363636,8232.0,8328.38730068887
50,all,R9,Low,R9_OUT,0.0,0.0,3528.154565079534,0.0,0.4528301886792453,0.8,0.3636363636363636,8232.0,8328.38730068887
50,all,R10,Medium,R10_OUT,0.31480100569808306,0.7869860421615986,5522.485712727288,4346.119173953223,0.4528301886792453,0.8,0.3636363636363636,8232.0,8328.38730068887
50,all,R11,Medium,R11_OUT,0.0,0.0,-236648.61173982703,-0.0,0.4528301886792453,0.8,0.3636363636363636,8232.0,8328.38730068887
50,all,R12,Medium,R12_OUT,0.0,0.0,-219.64545259894658,-0.0,0.4528301886792453,0.8,0.3636363636363636,8232.0,8328.38730068887
50,all,R13,Medium,R13_OUT,0.08520736653864112,0.21301395783840135,18694.869421452255,3982.2681267356493,0.4528301886792453,0.8,0.3636363636363636,8232.0,8328.38730068887
50,all,R14,High,R14_OUT,0.0,0.0,-245378.6932873567,-0.0,0.4528301886792453,0.8,0.3636363636363636,8232.0,8328.38730068887
50,all,R15,High,R15_OUT,0.0,0.0,-44632.52700365945,-0.0,0.4528301886792453,0.8,0.3636363636363636,8232.0,8328.38730068887
50,all,R16,High,R16_OUT,0.0,0.0,-42180.98316715051,-0.0,0.4528301886792453,0.8,0.3636363636363636,8232.0,8328.38730068887
50,all,R17,Medium,R17_OUT,0.0,0.0,-40484.205960486055,-0.0,0.4528301886792453,0.8,0.3636363636363636,8232.0,8328.38730068887
50,all,R18,High,R18_OUT,0.0,0.0,132560.04971926828,0.0,0.4528301886792453,0.8,0.3636363636363636,8232.0,8328.38730068887
50,all,R19,High,R19_OUT,0.0,0.0,0.0,0.0,0.4528301886792453,0.8,0.3636363636363636,8232.0,8328.38730068887
50,all,R20,Very_High,R20_OUT,0.0,0.0,0.0,0.0,0.4528301886792453,0.8,0.3636363636363636,8232.0,8328.38730068887
51,all,R1,Very_Low,R1_OUT,0.0,0.0,3214.519197711701,0.0,0.1053459119496855,0.4,0.3333333333333333,3276.0,2830.883429492391
51,all,R2,Low,R2_OUT,0.0,0.0,-54934.88234092906,-0.0,0.1053459119496855,0.4,0.3333333333333333,3276.0,2830.883429492391
51,all,R3,Medium,R3_OUT,0.0,0.0,0.0,0.0,0.1053459119496855,0.4,0.3333333333333333,3276.0,2830.883429492391
51,all,R4,Low,R4_OUT,0.066728116909734,0.12974391128546903,-3127.314229140779,-405.74997990742617,0.1053459119496855,0.4,0.3333333333333333,3276.0,2830.883429492391
51,all,R5,Medium,R5_OUT,0.4319237664592865,0.8398180771890554,3077.056762210239,2584.1678934409833,0.1053459119496855,0.4,0.3333333333333333,3276.0,2830.883429492391
51,all,R6,Medium,R6_OUT,0.0,0.0,-5604.729684105488,-0.0,0.1053459119496855,0.4,0.3333333333333333,3276.0,2830.883429492391
51,all,R7,Medium,R7_OUT,0.0,0.0,-14061.988968278176,-0.0,0.1053459119496855,0.4,0.3333333333333333,3276.0,2830.883429492391
51,all,R8,High,R8_OUT,0.0,0.0,-31060.246539510677,-0.0,0.1053459119496855,0.4,0.3333333333333333,3276.0,2830.883429492391
51,all,R9,Low,R9_OUT,0.0,0.0,8526.961873609456,0.0,0.1053459119496855,0.4,0.3333333333333333,3276.0,2830.883429492391
51,all,R10,Medium,R10_OUT,0.0,0.0,10891.71689272188,0.0,0.1053459119496855,0.4,0.3333333333333333,3276.0,2830.883429492391
51,all,R11,Medium,R11_OUT,0.0,0.0,-161794.0860169352,-0.0,0.1053459119496855,0.4,0.3333333333333333,3276.0,2830.883429492391
51,all,R12,Medium,R12_OUT,0.002094833765881627,0.004073124476838084,1683.0094348266034,6.855106923741668,0.1053459119496855,0.4,0.3333333333333333,3276.0,2830.883429492391
51,all,R13,Medium,R13_OUT,0.013559628716777022,0.026364887048637518,24487.509005598527,645.6104090350992,0.1053459119496855,0.4,0.3333333333333333,3276.0,2830.883429492391
51,all,R14,High,R14_OUT,0.0,0.0,-180375.39733755536,-0.0,0.1053459119496855,0.4,0.3333333333333333,3276.0,2830.883429492391
51,all,R15,High,R15_OUT,0.0,0.0,14065.247200463997,0.0,0.1053459119496855,0.4,0.3333333333333333,3276.0,2830.883429492391
51,all,R16,High,R16_OUT,0.0,0.0,-36657.36241899374,-0.0,0.1053459119496855,0.4,0.3333333333333333,3276.0,2830.883429492391
51,all,R17,Medium,R17_OUT,0.0,0.0,-135440.49031727496,-0.0,0.1053459119496855,0.4,0.3333333333333333,3276.0,2830.883429492391
51,all,R18,High,R18_OUT,0.0,0.0,139924.1537499944,0.0,0.1053459119496855,0.4,0.3333333333333333,3276.0,2830.883429492391
51,all,R19,High,R19_OUT,0.0,0.0,0.0,0.0,0.1053459119496855,0.4,0.3333333333333333,3276.0,2830.883429492391
51,all,R20,Very_High,R20_OUT,0.0,0.0,0.0,0.0,0.1053459119496855,0.4,0.3333333333333333,3276.0,2830.883429492391
52,all,R1,Very_Low,R1_OUT,0.0,0.0,4535.522500232011,0.0,0.1210691823899371,0.4,0.2121212121212121,2723.0,1738.5404491745612
52,all,R2,Low,R2_OUT,0.0,0.0,-37052.8191761685,-0.0,0.1210691823899371,0.4,0.2121212121212121,2723.0,1738.5404491745612
52,all,R3,Medium,R3_OUT,0.0,0.0,0.0,0.0,0.1210691823899371,0.4,0.2121212121212121,2723.0,1738.5404491745612
52,all,R4,Low,R4_OUT,0.5520235126168905,0.7808896102120715,-1266.733072005955,-989.17869484147,0.1210691823899371,0.4,0.2121212121212121,2723.0,1738.5404491745612
52,all,R5,Medium,R5_OUT,0.12696154501052237,0.17959914592260368,13765.73737927284,2472.3146763122627,0.1210691823899371,0.4,0.2121212121212121,2723.0,1738.5404491745612
52,all,R6,Medium,R6_OUT,0.0,0.0,-5296.990755305623,-0.0,0.1210691823899371,0.4,0.2121212121212121,2723.0,1738.5404491745612
52,all,R7,Medium,R7_OUT,0.0,0.0,-4131.267787719262,-0.0,0.1210691823899371,0.4,0.2121212121212121,2723.0,1738.5404491745612
52,all,R8,High,R8_OUT,0.0,0.0,-29354.821382840742,-0.0,0.1210691823899371,0.4,0.2121212121212121,2723.0,1738.5404491745612
52,all,R9,Low,R9_OUT,0.0,0.0,3542.3269451103088,0.0,0.1210691823899371,0.4,0.2121212121212121,2723.0,1738.5404491745612
52,all,R10,Medium,R10_OUT,0.0,0.0,6176.480068961834,0.0,0.1210691823899371,0.4,0.2121212121212121,2723.0,1738.5404491745612
52,all,R11,Medium,R11_OUT,0.0,0.0,-149363.16028739934,-0.0,0.1210691823899371,0.4,0.2121212121212121,2723.0,1738.5404491745612
52,all,R12,Medium,R12_OUT,0.022708371635889207,0.032123145246545075,2364.479301561527,75.95451203651038,0.1210691823899371,0.4,0.2121212121212121,2723.0,1738.5404491745612
52,all,R13,Medium,R13_OUT,0.0052227665700292514,0.007388098618779722,24289.057973741244,179.44995566725828,0.1210691823899371,0.4,0.2121212121212121,2723.0,1738.5404491745612
52,all,R14,High,R14_OUT,0.0,0.0,-169084.2634972477,-0.0,0.1210691823899371,0.4,0.2121212121212121,2723.0,1738.5404491745612
52,all,R15,High,R15_OUT,0.0,0.0,-5064.30564871044,-0.0,0.1210691823899371,0.4,0.2121212121212121,2723.0,1738.5404491745612
52,all,R16,High,R16_OUT,0.0,0.0,-34644.61638489491,-0.0,0.1210691823899371,0.4,0.2121212121212121,2723.0,1738.5404491745612
52,all,R17,Medium,R17_OUT,0.0,0.0,-142992.0495605207,-0.0,0.1210691823899371,0.4,0.2121212121212121,2723.0,1738.5404491745612
52,all,R18,High,R18_OUT,0.0,0.0,132366.9817867771,0.0,0.1210691823899371,0.4,0.2121212121212121,2723.0,1738.5404491745612
52,all,R19,High,R19_OUT,0.0,0.0,0.0,0.0,0.1210691823899371,0.4,0.2121212121212121,2723.0,1738.5404491745612
52,all,R20,Very_High,R20_OUT,0.0,0.0,0.0,0.0,0.1210691823899371,0.4,0.2121212121212121,2723.0,1738.5404491745612
53,all,R1,Very_Low,R1_OUT,0.3443396226415095,0.6141611553988987,1607.2566579801314,987.11460608765,0.2122641509433962,0.8,0.1212121212121212,3472.0,3145.9989957160574
53,all,R2,Low,R2_OUT,0.014199095811187714,0.0253253837653694,26189.910591884214,663.2695365201805,0.2122641509433962,0.8,0.1212121212121212,3472.0,3145.9989957160574
53,all,R3,Medium,R3_OUT,0.0,0.0,0.0,0.0,0.2122641509433962,0.8,0.1212121212121212,3472.0,3145.9989957160574
53,all,R4,Low,R4_OUT,0.09320260071955398,0.1662353478376704,1749.1080580846665,290.76358644137673,0.2122641509433962,0.8,0.1212121212121212,3472.0,3145.9989957160574
53,all,R5,Medium,R5_OUT,0.0038432773066217774,0.006854835969924355,15118.09162679956,103.63203827999784,0.2122641509433962,0.8,0.1212121212121212,3472.0,3145.9989957160574
53,all,R6,Medium,R6_OUT,0.0,0.0,-5502.0720454060865,-0.0,0.2122641509433962,0.8,0.1212121212121212,3472.0,3145.9989957160574
53,all,R7,Medium,R7_OUT,0.0,0.0,4717.040787895701,0.0,0.2122641509433962,0.8,0.1212121212121212,3472.0,3145.9989957160574
53,all,R8,High,R8_OUT,0.0,0.0,-30491.33925073549,-0.0,0.2122641509433962,0.8,0.1212121212121212,3472.0,3145.9989957160574
53,all,R9,Low,R9_OUT,0.07942297467009593,0.1416581266901912,8195.12039906505,1160.905403732127,0.2122641509433962,0.8,0.1212121212121212,3472.0,3145.9989957160574
53,all,R10,Medium,R10_OUT,0.0032750643631979186,0.005841376307139275,-4177.848971314933,-24.40438799584524,0.2122641509433962,0.8,0.1212121212121212,3472.0,3145.9989957160574
53,all,R11,Medium,R11_OUT,0.0,0.0,-180719.77376161516,-0.0,0.2122641509433962,0.8,0.1212121212121212,3472.0,3145.9989957160574
53,all,R12,Medium,R12_OUT,0.02149746154494348,0.03834268539676995,-3026.4657815015385,-116.042825324203,0.2122641509433962,0.8,0.1212121212121212,3472.0,3145.9989957160574
53,all,R13,Medium,R13_OUT,0.0008864635264230532,0.001581088634036664,51079.38684536822,80.76103797477359,0.2122641509433962,0.8,0.1212121212121212,3472.0,3145.9989957160574
53,all,R14,High,R14_OUT,0.0,0.0,-194230.06794682928,-0.0,0.2122641509433962,0.8,0.1212121212121212,3472.0,3145.9989957160574
53,all,R15,High,R15_OUT,0.0,0.0,-62492.9170017774,-0.0,0.2122641509433962,0.8,0.1212121212121212,3472.0,3145.9989957160574
53,all,R16,High,R16_OUT,0.0,0.0,-35985.93694830158,-0.0,0.2122641509433962,0.8,0.1212121212121212,3472.0,3145.9989957160574
53,all,R17,Medium,R17_OUT,0.0,0.0,-50825.39052122054,-0.0,0.2122641509433962,0.8,0.1212121212121212,3472.0,3145.9989957160574
53,all,R18,High,R18_OUT,0.0,0.0,54530.56597160321,0.0,0.2122641509433962,0.8,0.1212121212121212,3472.0,3145.9989957160574
53,all,R19,High,R19_OUT,0.0,0.0,0.0,0.0,0.2122641509433962,0.8,0.1212121212121212,3472.0,3145.9989957160574
53,all,R20,Very_High,R20_OUT,0.0,0.0,0.0,0.0,0.2122641509433962,0.8,0.1212121212121212,3472.0,3145.9989957160574
54,all,R1,Very_Low,R1_OUT,0.0,0.0,5021.339947252612,0.0,0.0,0.4,0.1515151515151515,1575.0,2143.7906026872897
54,all,R2,Low,R2_OUT,0.0,0.0,-40705.76572345604,-0.0,0.0,0.4,0.1515151515151515,1575.0,2143.7906026872897
54,all,R3,Medium,R3_OUT,0.0,0.0,0.0,0.0,0.0,0.4,0.1515151515151515,1575.0,2143.7906026872897
54,all,R4,Low,R4_OUT,0.7946712104704688,0.9328929157189612,1080.8986143434995,1008.3626599314922,0.0,0.4,0.1515151515151515,1575.0,2143.7906026872897
54,all,R5,Medium,R5_OUT,0.05388374432468337,0.06325605192510861,17754.5760802866,1123.0843864429003,0.0,0.4,0.1515151515151515,1575.0,2143.7906026872897
54,all,R6,Medium,R6_OUT,0.0,0.0,-4985.89263505818,-0.0,0.0,0.4,0.1515151515151515,1575.0,2143.7906026872897
54,all,R7,Medium,R7_OUT,0.0,0.0,44.30684992546776,0.0,0.0,0.4,0.1515151515151515,1575.0,2143.7906026872897
54,all,R8,High,R8_OUT,0.0,0.0,-27630.780285706107,-0.0,0.0,0.4,0.1515151515151515,1575.0,2143.7906026872897
54,all,R9,Low,R9_OUT,0.0,0.0,7987.4159933501705,0.0,0.0,0.4,0.1515151515151515,1575.0,2143.7906026872897
54,all,R10,Medium,R10_OUT,0.0,0.0,3690.950645551091,0.0,0.0,0.4,0.1515151515151515,1575.0,2143.7906026872897
54,all,R11,Medium,R11_OUT,0.0,0.0,-128422.30496847251,-0.0,0.0,0.4,0.1515151515151515,1575.0,2143.7906026872897
54,all,R12,Medium,R12_OUT,0.0030721354368170198,0.0036064895108494405,728.7961706830934,2.6283957451158146,0.0,0.4,0.1515151515151515,1575.0,2143.7906026872897
54,all,R13,Medium,R13_OUT,0.00020831025237499703,0.00024454284508081505,39727.846319001634,9.715160567782045,0.0,0.4,0.1515151515151515,1575.0,2143.7906026872897
54,all,R14,High,R14_OUT,0.0,0.0,-149898.5732932049,-0.0,0.0,0.4,0.1515151515151515,1575.0,2143.7906026872897
54,all,R15,High,R15_OUT,0.0,0.0,-4960.326654691104,-0.0,0.0,0.4,0.1515151515151515,1575.0,2143.7906026872897
54,all,R16,High,R16_OUT,0.0,0.0,-32609.89978198767,-0.0,0.0,0.4,0.1515151515151515,1575.0,2143.7906026872897
54,all,R17,Medium,R17_OUT,0.0,0.0,-144510.727552594,-0.0,0.0,0.4,0.1515151515151515,1575.0,2143.7906026872897
54,all,R18,High,R18_OUT,0.0,0.0,98767.3468725621,0.0,0.0,0.4,0.1515151515151515,1575.0,2143.7906026872897
54,all,R19,High,R19_OUT,0.0,0.0,0.0,0.0,0.0,0.4,0.1515151515151515,1575.0,2143.7906026872897
54,all,R20,Very_High,R20_OUT,0.0,0.0,0.0,0.0,0.0,0.4,0.1515151515151515,1575.0,2143.7906026872897
55,all,R1,Very_Low,R1_OUT,0.0,0.0,3376.421630909337,0.0,0.2248427672955975,0.4,0.3333333333333333,2926.0,4544.420528193594
55,all,R2,Low,R2_OUT,0.0,0.0,-43262.414806114975,-0.0,0.2248427672955975,0.4,0.3333333333333333,2926.0,4544.420528193594
55,all,R3,Medium,R3_OUT,0.0,0.0,0.0,0.0,0.2248427672955975,0.4,0.3333333333333333,2926.0,4544.420528193594
55,all,R4,Low,R4_OUT,0.04175753227999077,0.10316737983923792,-4440.947450987549,-458.1609125221279,0.2248427672955975,0.4,0.3333333333333333,2926.0,4544.420528193594
55,all,R5,Medium,R5_OUT,0.2702919167465346,0.6677911102478484,4333.375325275276,2893.789519586208,0.2248427672955975,0.4,0.3333333333333333,2926.0,4544.420528193594
55,all,R6,Medium,R6_OUT,0.0,0.0,-5750.453804159278,-0.0,0.2248427672955975,0.4,0.3333333333333333,2926.0,4544.420528193594
55,all,R7,Medium,R7_OUT,0.0,0.0,-13329.992231689892,-0.0,0.2248427672955975,0.4,0.3333333333333333,2926.0,4544.420528193594
55,all,R8,High,R8_OUT,0.0,0.0,-31867.819313032323,-0.0,0.2248427672955975,0.4,0.3333333333333333,2926.0,4544.420528193594
55,all,R9,Low,R9_OUT,0.0,0.0,2097.1704717899775,0.0,0.2248427672955975,0.4,0.3333333333333333,2926.0,4544.420528193594
55,all,R10,Medium,R10_OUT,0.0,0.0,11010.268561945475,0.0,0.2248427672955975,0.4,0.3333333333333333,2926.0,4544.420528193594
55,all,R11,Medium,R11_OUT,0.0,0.0,-175442.0107305459,-0.0,0.2248427672955975,0.4,0.3333333333333333,2926.0,4544.420528193594
55,all,R12,Medium,R12_OUT,0.012405607262416893,0.030649655923069192,3514.811543152068,107.72776443204276,0.2248427672955975,0.4,0.3333333333333333,2926.0,4544.420528193594
55,all,R13,Medium,R13_OUT,0.08030013227027152,0.19839185398984455,10086.422987911123,2001.064156697475,0.2248427672955975,0.4,0.3333333333333333,2926.0,4544.420528193594
55,all,R14,High,R14_OUT,0.0,0.0,-192924.77989335492,-0.0,0.2248427672955975,0.4,0.3333333333333333,2926.0,4544.420528193594
55,all,R15,High,R15_OUT,0.0,0.0,5103.961690535962,0.0,0.2248427672955975,0.4,0.3333333333333333,2926.0,4544.420528193594
55,all,R16,High,R16_OUT,0.0,0.0,-37610.46135222782,-0.0,0.2248427672955975,0.4,0.3333333333333333,2926.0,4544.420528193594
55,all,R17,Medium,R17_OUT,0.0,0.0,-137532.4381690526,-0.0,0.2248427672955975,0.4,0.3333333333333333,2926.0,4544.420528193594
55,all,R18,High,R18_OUT,0.0,0.0,167563.17471192224,0.0,0.2248427672955975,0.4,0.3333333333333333,2926.0,4544.420528193594
55,all,R19,High,R19_OUT,0.0,0.0,0.0,0.0,0.2248427672955975,0.4,0.3333333333333333,2926.0,4544.420528193594
55,all,R20,Very_High,R20_OUT,0.0,0.0,0.0,0.0,0.2248427672955975,0.4,0.3333333333333333,2926.0,4544.420528193594
56,all,R1,Very_Low,R1_OUT,0.4962121212121214,0.7208853614707745,1111.9079563919383,801.5581690658327,0.0864779874213836,0.8,0.1515151515151515,1876.0,2192.974487833078
56,all,R2,Low,R2_OUT,0.03364632657872832,0.04888059614227294,9816.549617166553,479.8387973473023,0.0864779874213836,0.8,0.1515151515151515,1876.0,2192.974487833078
56,all,R3,Medium,R3_OUT,0.0,0.0,0.0,0.0,0.0864779874213836,0.8,0.1515151515151515,1876.0,2192.974487833078
56,all,R4,Low,R4_OUT,0.13431001593936556,0.19512244915155022,2623.5229621315484,511.90822577643746,0.0864779874213836,0.8,0.1515151515151515,1876.0,2192.974487833078
56,all,R5,Medium,R5_OUT,0.009107070274807528,0.013230538647377962,11164.807148355745,147.71641246684243,0.0864779874213836,0.8,0.1515151515151515,1876.0,2192.974487833078
56,all,R6,Medium,R6_OUT,0.0,0.0,-5430.406523603833,-0.0,0.0864779874213836,0.8,0.1515151515151515,1876.0,2192.974487833078
56,all,R7,Medium,R7_OUT,0.0,0.0,1487.9164521560797,0.0,0.0864779874213836,0.8,0.1515151515151515,1876.0,2192.974487833078
56,all,R8,High,R8_OUT,0.0,0.0,-30094.183830061826,-0.0,0.0864779874213836,0.8,0.1515151515151515,1876.0,2192.974487833078
56,all,R9,Low,R9_OUT,0.011100535944438434,0.016126598937725323,15997.974310676804,257.99291552431754,0.0864779874213836,0.8,0.1515151515151515,1876.0,2192.974487833078
56,all,R10,Medium,R10_OUT,0.0007526866870425097,0.0010934856108259549,-3119.931270175297,-3.411599950702632,0.0864779874213836,0.8,0.1515151515151515,1876.0,2192.974487833078
56,all,R11,Medium,R11_OUT,0.0,0.0,-169910.2135452514,-0.0,0.0864779874213836,0.8,0.1515151515151515,1876.0,2192.974487833078
56,all,R12,Medium,R12_OUT,0.0030045883522375485,0.0043649956697606246,-5064.789345490842,-22.107783561317273,0.0864779874213836,0.8,0.1515151515151515,1876.0,2192.974487833078
56,all,R13,Medium,R13_OUT,0.00020373013195865128,0.0002959743697125819,65814.31758189535,19.479351164365173,0.0864779874213836,0.8,0.1515151515151515,1876.0,2192.974487833078
56,all,R14,High,R14_OUT,0.0,0.0,-184255.78366908428,-0.0,0.0864779874213836,0.8,0.1515151515151515,1876.0,2192.974487833078
56,all,R15,High,R15_OUT,0.0,0.0,-48572.37580238613,-0.0,0.0864779874213836,0.8,0.1515151515151515,1876.0,2192.974487833078
56,all,R16,High,R16_OUT,0.0,0.0,-35517.21336043627,-0.0,0.0864779874213836,0.8,0.1515151515151515,1876.0,2192.974487833078
56,all,R17,Medium,R17_OUT,0.0,0.0,-46804.26441418848,-0.0,0.0864779874213836,0.8,0.1515151515151515,1876.0,2192.974487833078
56,all,R18,High,R18_OUT,0.0,0.0,28235.331007810062,0.0,0.0864779874213836,0.8,0.1515151515151515,1876.0,2192.974487833078
56,all,R19,High,R19_OUT,0.0,0.0,0.0,0.0,0.0864779874213836,0.8,0.1515151515151515,1876.0,2192.974487833078
56,all,R20,Very_High,R20_OUT,0.0,0.0,0.0,0.0,0.0864779874213836,0.8,0.1515151515151515,1876.0,2192.974487833078
57,all,R1,Very_Low,R1_OUT,0.0,0.0,5512.428058493499,0.0,0.1226415094339622,0.4,0.1212121212121212,2520.0,1192.262464251688
57,all,R2,Low,R2_OUT,0.0,0.0,-24639.574947022968,-0.0,0.1226415094339622,0.4,0.1212121212121212,2520.0,1192.262464251688
57,all,R3,Medium,R3_OUT,0.0,0.0,0.0,0.0,0.1226415094339622,0.4,0.1212121212121212,2520.0,1192.262464251688
57,all,R4,Low,R4_OUT,0.8007374029168082,0.9214758919545591,241.05300560837486,222.12453335130456,0.1226415094339622,0.4,0.1212121212121212,2520.0,1192.262464251688
57,all,R5,Medium,R5_OUT,0.03301899158858745,0.0379977313594964,21674.799543912915,823.593210340538,0.1226415094339622,0.4,0.1212121212121212,2520.0,1192.262464251688
57,all,R6,Medium,R6_OUT,0.0,0.0,-5053.723311595861,-0.0,0.1226415094339622,0.4,0.1212121212121212,2520.0,1192.262464251688
57,all,R7,Medium,R7_OUT,0.0,0.0,3254.1681136496063,0.0,0.1226415094339622,0.4,0.1212121212121212,2520.0,1192.262464251688
57,all,R8,High,R8_OUT,0.0,0.0,-28006.683791287098,-0.0,0.1226415094339622,0.4,0.1212121212121212,2520.0,1192.262464251688
57,all,R9,Low,R9_OUT,0.0,0.0,353.76711862840693,0.0,0.1226415094339622,0.4,0.1212121212121212,2520.0,1192.262464251688
57,all,R10,Medium,R10_OUT,0.0,0.0,2629.9131636424127,0.0,0.1226415094339622,0.4,0.1212121212121212,2520.0,1192.262464251688
57,all,R11,Medium,R11_OUT,0.0,0.0,-138872.7092713202,-0.0,0.1226415094339622,0.4,0.1212121212121212,2520.0,1192.262464251688
57,all,R12,Medium,R12_OUT,0.03382165473715115,0.03892142336897112,2718.914416032251,105.82401909039014,0.1226415094339622,0.4,0.1212121212121212,2520.0,1192.262464251688
57,all,R13,Medium,R13_OUT,0.0013946606330741454,0.001604953316973289,25371.891530308396,40.72070146945496,0.1226415094339622,0.4,0.1212121212121212,2520.0,1192.262464251688
57,all,R14,High,R14_OUT,0.0,0.0,-159542.61066158675,-0.0,0.1226415094339622,0.4,0.1212121212121212,2520.0,1192.262464251688
57,all,R15,High,R15_OUT,0.0,0.0,-18645.044551189527,-0.0,0.1226415094339622,0.4,0.1212121212121212,2520.0,1192.262464251688
57,all,R16,High,R16_OUT,0.0,0.0,-33053.5418189784,-0.0,0.1226415094339622,0.4,0.1212121212121212,2520.0,1192.262464251688
57,all,R17,Medium,R17_OUT,0.0,0.0,-148476.80240036876,-0.0,0.1226415094339622,0.4,0.1212121212121212,2520.0,1192.262464251688
57,all,R18,High,R18_OUT,0.0,0.0,124335.23917946238,0.0,0.1226415094339622,0.4,0.1212121212121212,2520.0,1192.262464251688
57,all,R19,High,R19_OUT,0.0,0.0,0.0,0.0,0.1226415094339622,0.4,0.1212121212121212,2520.0,1192.262464251688
57,all,R20,Very_High,R20_OUT,0.0,0.0,0.0,0.0,0.1226415094339622,0.4,0.1212121212121212,2520.0,1192.262464251688
58,all,R1,Very_Low,R1_OUT,0.0,0.0,-3184.387950880084,-0.0,0.080188679245283,1.0,0.3636363636363636,1603.0,1593.3530775356703
58,all,R2,Low,R2_OUT,0.6615146556493745,0.9767017776945186,1633.9053611547934,1595.838270824491,0.080188679245283,1.0,0.3636363636363636,1603.0,1593.3530775356703
58,all,R3,Medium,R3_OUT,0.0,0.0,0.0,0.0,0.080188679245283,1.0,0.3636363636363636,1603.0,1593.3530775356703
58,all,R4,Low,R4_OUT,0.0,0.0,380.80317822192956,0.0,0.080188679245283,1.0,0.3636363636363636,1603.0,1593.3530775356703
58,all,R5,Medium,R5_OUT,0.002557362829831336,0.0037758510726481325,-11066.695501191742,-41.7861940788451,0.080188679245283,1.0,0.3636363636363636,1603.0,1593.3530775356703
58,all,R6,Medium,R6_OUT,0.0,0.0,-6164.362676424409,-0.0,0.080188679245283,1.0,0.3636363636363636,1603.0,1593.3530775356703
58,all,R7,Medium,R7_OUT,0.0,0.0,-15303.882316815074,-0.0,0.080188679245283,1.0,0.3636363636363636,1603.0,1593.3530775356703
58,all,R8,High,R8_OUT,0.0,0.0,-34161.616220763346,-0.0,0.080188679245283,1.0,0.3636363636363636,1603.0,1593.3530775356703
58,all,R9,Low,R9_OUT,0.0,0.0,29910.799852443528,0.0,0.080188679245283,1.0,0.3636363636363636,1603.0,1593.3530775356703
58,all,R10,Medium,R10_OUT,0.013171473070512689,0.019447189949551025,1704.4537481582975,33.146835800658614,0.080188679245283,1.0,0.3636363636363636,1603.0,1593.3530775356703
58,all,R11,Medium,R11_OUT,0.0,0.0,-209894.1964657161,-0.0,0.080188679245283,1.0,0.3636363636363636,1603.0,1593.3530775356703
58,all,R12,Medium,R12_OUT,0.0,0.0,-9491.59160084493,-0.0,0.080188679245283,1.0,0.3636363636363636,1603.0,1593.3530775356703
58,all,R13,Medium,R13_OUT,5.091986300981875e-05,7.518128328212249e-05,81857.67415392959,6.154164989382257,0.080188679245283,1.0,0.3636363636363636,1603.0,1593.3530775356703
58,all,R14,High,R14_OUT,0.0,0.0,-218882.14471202035,-0.0,0.080188679245283,1.0,0.3636363636363636,1603.0,1593.3530775356703
58,all,R15,High,R15_OUT,0.0,0.0,-35250.919769928485,-0.0,0.080188679245283,1.0,0.3636363636363636,1603.0,1593.3530775356703
58,all,R16,High,R16_OUT,0.0,0.0,-40317.60485321145,-0.0,0.080188679245283,1.0,0.3636363636363636,1603.0,1593.3530775356703
58,all,R17,Medium,R17_OUT,0.0,0.0,15649.554645495478,0.0,0.080188679245283,1.0,0.3636363636363636,1603.0,1593.3530775356703
58,all,R18,High,R18_OUT,0.0,0.0,1102.9754128145287,0.0,0.080188679245283,1.0,0.3636363636363636,1603.0,1593.3530775356703
58,all,R19,High,R19_OUT,0.0,0.0,0.0,0.0,0.080188679245283,1.0,0.3636363636363636,1603.0,1593.3530775356703
58,all,R20,Very_High,R20_OUT,0.0,0.0,0.0,0.0,0.080188679245283,1.0,0.3636363636363636,1603.0,1593.3530775356703
59,all,R1,Very_Low,R1_OUT,0.0,0.0,4859.3273666272835,0.0,0.360062893081761,0.4,0.2121212121212121,3626.0,4057.0140285907473
59,all,R2,Low,R2_OUT,0.0,0.0,-13707.884106540336,-0.0,0.360062893081761,0.4,0.2121212121212121,3626.0,4057.0140285907473
59,all,R3,Medium,R3_OUT,0.0,0.0,0.0,0.0,0.360062893081761,0.4,0.2121212121212121,3626.0,4057.0140285907473
59,all,R4,Low,R4_OUT,0.0,0.0,-3893.999515699495,-0.0,0.360062893081761,0.4,0.2121212121212121,3626.0,4057.0140285907473
59,all,R5,Medium,R5_OUT,0.0,0.0,16278.374505402917,0.0,0.360062893081761,0.4,0.2121212121212121,3626.0,4057.0140285907473
59,all,R6,Medium,R6_OUT,0.0,0.0,-5588.438995413203,-0.0,0.360062893081761,0.4,0.2121212121212121,3626.0,4057.0140285907473
59,all,R7,Medium,R7_OUT,0.0,0.0,-2667.2743145426957,-0.0,0.360062893081761,0.4,0.2121212121212121,3626.0,4057.0140285907473
59,all,R8,High,R8_OUT,0.0,0.0,-30969.96692988403,-0.0,0.360062893081761,0.4,0.2121212121212121,3626.0,4057.0140285907473
59,all,R9,Low,R9_OUT,0.0,0.0,-9317.255858528644,-0.0,0.360062893081761,0.4,0.2121212121212121,3626.0,4057.0140285907473
59,all,R10,Medium,R10_OUT,0.0,0.0,6413.583407409023,0.0,0.360062893081761,0.4,0.2121212121212121,3626.0,4057.0140285907473
59,all,R11,Medium,R11_OUT,0.0,0.0,-176659.0097146207,-0.0,0.360062893081761,0.4,0.2121212121212121,3626.0,4057.0140285907473
59,all,R12,Medium,R12_OUT,0.3572466115551704,0.8130127554586165,6028.083518212456,4900.90879127658,0.360062893081761,0.4,0.2121212121212121,3626.0,4057.0140285907473
59,all,R13,Medium,R13_OUT,0.08216422075538701,0.18698724454138338,-4513.114061633554,-843.8947626858294,0.360062893081761,0.4,0.2121212121212121,3626.0,4057.0140285907473
59,all,R14,High,R14_OUT,0.0,0.0,-194183.02860884683,-0.0,0.360062893081761,0.4,0.2121212121212121,3626.0,4057.0140285907473
59,all,R15,High,R15_OUT,0.0,0.0,-22986.876668566507,-0.0,0.360062893081761,0.4,0.2121212121212121,3626.0,4057.0140285907473
59,all,R16,High,R16_OUT,0.0,0.0,-36550.81425136308,-0.0,0.360062893081761,0.4,0.2121212121212121,3626.0,4057.0140285907473
59,all,R17,Medium,R17_OUT,0.0,0.0,-147175.945264076,-0.0,0.360062893081761,0.4,0.2121212121212121,3626.0,4057.0140285907473
59,all,R18,High,R18_OUT,0.0,0.0,187645.02371063275,0.0,0.360062893081761,0.4,0.2121212121212121,3626.0,4057.0140285907473
59,all,R19,High,R19_OUT,0.0,0.0,0.0,0.0,0.360062893081761,0.4,0.2121212121212121,3626.0,4057.0140285907473
59,all,R20,Very_High,R20_OUT,0.0,0.0,0.0,0.0,0.360062893081761,0.4,0.2121212121212121,3626.0,4057.0140285907473
60,all,R1,Very_Low,R1_OUT,0.0,0.0,2234.5233916553534,0.0,0.3883647798742138,0.6,0.2727272727272727,6783.0,5748.47581599636
60,all,R2,Low,R2_OUT,0.0,0.0,1921.1090352503597,0.0,0.3883647798742138,0.6,0.2727272727272727,6783.0,5748.47581599636
60,all,R3,Medium,R3_OUT,0.0,0.0,0.0,0.0,0.3883647798742138,0.6,0.2727272727272727,6783.0,5748.47581599636
60,all,R4,Low,R4_OUT,0.0,0.0,-3975.197005921429,-0.0,0.3883647798742138,0.6,0.2727272727272727,6783.0,5748.47581599636
60,all,R5,Medium,R5_OUT,0.0,0.0,7564.762447566813,0.0,0.3883647798742138,0.6,0.2727272727272727,6783.0,5748.47581599636
60,all,R6,Medium,R6_OUT,0.0,0.0,-5955.937002240673,-0.0,0.3883647798742138,0.6,0.2727272727272727,6783.0,5748.47581599636
60,all,R7,Medium,R7_OUT,0.0,0.0,-6954.172015741677,-0.0,0.3883647798742138,0.6,0.2727272727272727,6783.0,5748.47581599636
60,all,R8,High,R8_OUT,0.0,0.0,-33006.56447143834,-0.0,0.3883647798742138,0.6,0.2727272727272727,6783.0,5748.47581599636
60,all,R9,Low,R9_OUT,0.0,0.0,-2438.9479026132867,-0.0,0.3883647798742138,0.6,0.2727272727272727,6783.0,5748.47581599636
60,all,R10,Medium,R10_OUT,0.0,0.0,5358.741354695508,0.0,0.3883647798742138,0.6,0.2727272727272727,6783.0,5748.47581599636
60,all,R11,Medium,R11_OUT,0.0,0.0,-202810.32606236695,-0.0,0.3883647798742138,0.6,0.2727272727272727,6783.0,5748.47581599636
60,all,R12,Medium,R12_OUT,0.23453716172557887,0.5490581021668389,2682.0938598177036,1472.62536450484,0.3883647798742138,0.6,0.2727272727272727,6783.0,5748.47581599636
60,all,R13,Medium,R13_OUT,0.19262557533264146,0.45094189783316113,9482.042968368172,4275.850451491524,0.3883647798742138,0.6,0.2727272727272727,6783.0,5748.47581599636
60,all,R14,High,R14_OUT,0.0,0.0,-216264.14517087323,-0.0,0.3883647798742138,0.6,0.2727272727272727,6783.0,5748.47581599636
60,all,R15,High,R15_OUT,0.0,0.0,-34697.522386317905,-0.0,0.3883647798742138,0.6,0.2727272727272727,6783.0,5748.47581599636
60,all,R16,High,R16_OUT,0.0,0.0,-38954.41056816898,-0.0,0.3883647798742138,0.6,0.2727272727272727,6783.0,5748.47581599636
60,all,R17,Medium,R17_OUT,0.0,0.0,-94423.06873992142,-0.0,0.3883647798742138,0.6,0.2727272727272727,6783.0,5748.47581599636
60,all,R18,High,R18_OUT,0.0,0.0,154521.08078185655,0.0,0.3883647798742138,0.6,0.2727272727272727,6783.0,5748.47581599636
60,all,R19,High,R19_OUT,0.0,0.0,0.0,0.0,0.3883647798742138,0.6,0.2727272727272727,6783.0,5748.47581599636
60,all,R20,Very_High,R20_OUT,0.0,0.0,0.0,0.0,0.3883647798742138,0.6,0.2727272727272727,6783.0,5748.47581599636
61,all,R1,Very_Low,R1_OUT,0.0,0.0,5031.991423120877,0.0,0.0078616352201257,0.4,0.1515151515151515,1267.0,2069.464408400123
61,all,R2,Low,R2_OUT,0.0,0.0,-39937.8402277446,-0.0,0.0078616352201257,0.4,0.1515151515151515,1267.0,2069.464408400123
61,all,R3,Medium,R3_OUT,0.0,0.0,0.0,0.0,0.0078616352201257,0.4,0.1515151515151515,1267.0,2069.464408400123
61,all,R4,Low,R4_OUT,0.7946712104704688,0.9322134825998658,994.4753760641079,927.0633536805333,0.0078616352201257,0.4,0.1515151515151515,1267.0,2069.464408400123
61,all,R5,Medium,R5_OUT,0.05388374432468337,0.06320998205370433,17837.22861733035,1127.4909007892727,0.0078616352201257,0.4,0.1515151515151515,1267.0,2069.464408400123
61,all,R6,Medium,R6_OUT,0.0,0.0,-4995.479748219614,-0.0,0.0078616352201257,0.4,0.1515151515151515,1267.0,2069.464408400123
61,all,R7,Medium,R7_OUT,0.0,0.0,92.46452996417065,0.0,0.0078616352201257,0.4,0.1515151515151515,1267.0,2069.464408400123
61,all,R8,High,R8_OUT,0.0,0.0,-27683.910073437793,-0.0,0.0078616352201257,0.4,0.1515151515151515,1267.0,2069.464408400123
61,all,R9,Low,R9_OUT,0.0,0.0,7564.40340112521,0.0,0.0078616352201257,0.4,0.1515151515151515,1267.0,2069.464408400123
61,all,R10,Medium,R10_OUT,0.0,0.0,3698.750097473696,0.0,0.0078616352201257,0.4,0.1515151515151515,1267.0,2069.464408400123
61,all,R11,Medium,R11_OUT,0.0,0.0,-129320.19475226267,-0.0,0.0078616352201257,0.4,0.1515151515151515,1267.0,2069.464408400123
61,all,R12,Medium,R12_OUT,0.0036535615370229106,0.004285922629944846,849.3094672834516,3.6400746656565466,0.0078616352201257,0.4,0.1515151515151515,1267.0,2069.464408400123
61,all,R13,Medium,R13_OUT,0.0002477346267758817,0.0002906127164850963,38780.40644941695,11.270079264661208,0.0078616352201257,0.4,0.1515151515151515,1267.0,2069.464408400123
61,all,R14,High,R14_OUT,0.0,0.0,-150724.19056661276,-0.0,0.0078616352201257,0.4,0.1515151515151515,1267.0,2069.464408400123
61,all,R15,High,R15_OUT,0.0,0.0,-5549.884911923204,-0.0,0.0078616352201257,0.4,0.1515151515151515,1267.0,2069.464408400123
61,all,R16,High,R16_OUT,0.0,0.0,-32672.60365917412,-0.0,0.0078616352201257,0.4,0.1515151515151515,1267.0,2069.464408400123
61,all,R17,Medium,R17_OUT,0.0,0.0,-144648.35570073727,-0.0,0.0078616352201257,0.4,0.1515151515151515,1267.0,2069.464408400123
61,all,R18,High,R18_OUT,0.0,0.0,100585.70351479418,0.0,0.0078616352201257,0.4,0.1515151515151515,1267.0,2069.464408400123
61,all,R19,High,R19_OUT,0.0,0.0,0.0,0.0,0.0078616352201257,0.4,0.1515151515151515,1267.0,2069.464408400123
61,all,R20,Very_High,R20_OUT,0.0,0.0,0.0,0.0,0.0078616352201257,0.4,0.1515151515151515,1267.0,2069.464408400123
62,all,R1,Very_Low,R1_OUT,0.0,0.0,5437.86772741564,0.0,0.0676100628930817,0.4,0.1212121212121212,2548.0,1669.9231283345507
62,all,R2,Low,R2_OUT,0.0,0.0,-30015.05341700314,-0.0,0.0676100628930817,0.4,0.1212121212121212,2548.0,1669.9231283345507
62,all,R3,Medium,R3_OUT,0.0,0.0,0.0,0.0,0.0676100628930817,0.4,0.1212121212121212,2548.0,1669.9231283345507
62,all,R4,Low,R4_OUT,0.8007374029168082,0.9455608492911804,846.0156735641244,799.9592988089436,0.0676100628930817,0.4,0.1212121212121212,2548.0,1669.9231283345507
62,all,R5,Medium,R5_OUT,0.03301899158858745,0.038990892164540006,21096.231784606643,822.560898591739,0.0676100628930817,0.4,0.1212121212121212,2548.0,1669.9231283345507
62,all,R6,Medium,R6_OUT,0.0,0.0,-4986.613519465825,-0.0,0.0676100628930817,0.4,0.1212121212121212,2548.0,1669.9231283345507
62,all,R7,Medium,R7_OUT,0.0,0.0,2917.064353378686,0.0,0.0676100628930817,0.4,0.1212121212121212,2548.0,1669.9231283345507
62,all,R8,High,R8_OUT,0.0,0.0,-27634.77527716529,-0.0,0.0676100628930817,0.4,0.1212121212121212,2548.0,1669.9231283345507
62,all,R9,Low,R9_OUT,0.0,0.0,3314.8552642031655,0.0,0.0676100628930817,0.4,0.1212121212121212,2548.0,1669.9231283345507
62,all,R10,Medium,R10_OUT,0.0,0.0,2575.317000184179,0.0,0.0676100628930817,0.4,0.1212121212121212,2548.0,1669.9231283345507
62,all,R11,Medium,R11_OUT,0.0,0.0,-132587.48078478896,-0.0,0.0676100628930817,0.4,0.1212121212121212,2548.0,1669.9231283345507
62,all,R12,Medium,R12_OUT,0.01256409176428252,0.014836466032349907,1875.3213398297348,27.823141358124776,0.0676100628930817,0.4,0.1212121212121212,2548.0,1669.9231283345507
62,all,R13,Medium,R13_OUT,0.0005180894994687618,0.0006117925119296833,32003.970617401275,19.579789575743703,0.0676100628930817,0.4,0.1212121212121212,2548.0,1669.9231283345507
62,all,R14,High,R14_OUT,0.0,0.0,-153763.2897477317,-0.0,0.0676100628930817,0.4,0.1212121212121212,2548.0,1669.9231283345507
62,all,R15,High,R15_OUT,0.0,0.0,-14518.136750564776,-0.0,0.0676100628930817,0.4,0.1212121212121212,2548.0,1669.9231283345507
62,all,R16,High,R16_OUT,0.0,0.0,-32614.61467867323,-0.0,0.0676100628930817,0.4,0.1212121212121212,2548.0,1669.9231283345507
62,all,R17,Medium,R17_OUT,0.0,0.0,-147513.40536336592,-0.0,0.0676100628930817,0.4,0.1212121212121212,2548.0,1669.9231283345507
62,all,R18,High,R18_OUT,0.0,0.0,111606.74268383773,0.0,0.0676100628930817,0.4,0.1212121212121212,2548.0,1669.9231283345507
62,all,R19,High,R19_OUT,0.0,0.0,0.0,0.0,0.0676100628930817,0.4,0.1212121212121212,2548.0,1669.9231283345507
62,all,R20,Very_High,R20_OUT,0.0,0.0,0.0,0.0,0.0676100628930817,0.4,0.1212121212121212,2548.0,1669.9231283345507
63,all,R1,Very_Low,R1_OUT,0.19318181818181826,0.4226462357996591,-187.79239439184084,-79.36974860151655,0.0864779874213836,0.8,0.2727272727272727,1155.0,-1894.5999540602807
63,all,R2,Low,R2_OUT,0.15866039563750772,0.3471197218133882,-6529.662556171112,-2266.5746500334135,0.0864779874213836,0.8,0.2727272727272727,1155.0,-1894.5999540602807
63,all,R3,Medium,R3_OUT,0.0,0.0,0.0,0.0,0.0864779874213836,0.8,0.2727272727272727,1155.0,-1894.5999540602807
63,all,R4,Low,R4_OUT,0.052288632159600335,0.11439789606167002,590.0953284379384,67.50566404912031,0.0864779874213836,0.8,0.2727272727272727,1155.0,-1894.5999540602807
63,all,R5,Medium,R5_OUT,0.04294469916407024,0.09395509173725812,641.4316053806469,60.26576532671543,0.0864779874213836,0.8,0.2727272727272727,1155.0,-1894.5999540602807
63,all,R6,Medium,R6_OUT,0.0,0.0,-5757.319678726565,-0.0,0.0864779874213836,0.8,0.2727272727272727,1155.0,-1894.5999540602807
63,all,R7,Medium,R7_OUT,0.0,0.0,-8346.489368325427,-0.0,0.0864779874213836,0.8,0.2727272727272727,1155.0,-1894.5999540602807
63,all,R8,High,R8_OUT,0.0,0.0,-31905.868562195134,-0.0,0.0864779874213836,0.8,0.2727272727272727,1155.0,-1894.5999540602807
63,all,R9,Low,R9_OUT,0.004321582695926413,0.009454826941380067,20136.58405472602,190.38791742798784,0.0864779874213836,0.8,0.2727272727272727,1155.0,-1894.5999540602807
63,all,R10,Medium,R10_OUT,0.0035493196345763806,0.007765257607171205,1610.9044574299605,12.509088092484003,0.0864779874213836,0.8,0.2727272727272727,1155.0,-1894.5999540602807
63,all,R11,Medium,R11_OUT,0.0,0.0,-184136.9188423676,-0.0,0.0864779874213836,0.8,0.2727272727272727,1155.0,-1894.5999540602807
63,all,R12,Medium,R12_OUT,0.0011697252363672898,0.0025591433641296538,-5505.232619025046,-14.088679524968061,0.0864779874213836,0.8,0.2727272727272727,1155.0,-1894.5999540602807
63,all,R13,Medium,R13_OUT,0.0009606963560853295,0.0021018266753435513,64117.88887458324,134.76468920331257,0.0864779874213836,0.8,0.2727272727272727,1155.0,-1894.5999540602807
63,all,R14,High,R14_OUT,0.0,0.0,-197198.15205620768,-0.0,0.0864779874213836,0.8,0.2727272727272727,1155.0,-1894.5999540602807
63,all,R15,High,R15_OUT,0.0,0.0,-30621.939467675904,-0.0,0.0864779874213836,0.8,0.2727272727272727,1155.0,-1894.5999540602807
63,all,R16,High,R16_OUT,0.0,0.0,-37655.367148908,-0.0,0.0864779874213836,0.8,0.2727272727272727,1155.0,-1894.5999540602807
63,all,R17,Medium,R17_OUT,0.0,0.0,-39527.96146722927,-0.0,0.0864779874213836,0.8,0.2727272727272727,1155.0,-1894.5999540602807
63,all,R18,High,R18_OUT,0.0,0.0,39429.21625549157,0.0,0.0864779874213836,0.8,0.2727272727272727,1155.0,-1894.5999540602807
63,all,R19,High,R19_OUT,0.0,0.0,0.0,0.0,0.0864779874213836,0.8,0.2727272727272727,1155.0,-1894.5999540602807
63,all,R20,Very_High,R20_OUT,0.0,0.0,0.0,0.0,0.0864779874213836,0.8,0.2727272727272727,1155.0,-1894.5999540602807
64,all,R1,Very_Low,R1_OUT,0.0,0.0,7113.459981383572,0.0,0.0581761006289308,0.2,0.1515151515151515,546.0,546.3541339650137
64,all,R2,Low,R2_OUT,0.0,0.0,-56060.684499089606,-0.0,0.0581761006289308,0.2,0.1515151515151515,546.0,546.3541339650137
64,all,R3,Medium,R3_OUT,0.0,0.0,0.0,0.0,0.0581761006289308,0.2,0.1515151515151515,546.0,546.3541339650137
64,all,R4,Low,R4_OUT,0.13431001593936565,0.6837922287763513,-805.2733333546917,-550.6396473887663,0.0581761006289308,0.2,0.1515151515151515,546.0,546.3541339650137
64,all,R5,Medium,R5_OUT,0.009107070274807533,0.04636544666664948,22115.678274116435,1025.4033015153243,0.0581761006289308,0.2,0.1515151515151515,546.0,546.3541339650137
64,all,R6,Medium,R6_OUT,0.0,0.0,-4887.309450567846,-0.0,0.0581761006289308,0.2,0.1515151515151515,546.0,546.3541339650137
64,all,R7,Medium,R7_OUT,0.05046948986809246,0.25694766485388754,-56.26387869057362,-14.456872245165295,0.0581761006289308,0.2,0.1515151515151515,546.0,546.3541339650137
64,all,R8,High,R8_OUT,0.0,0.0,-27084.452775267015,-0.0,0.0581761006289308,0.2,0.1515151515151515,546.0,546.3541339650137
64,all,R9,Low,R9_OUT,0.0,0.0,-1474.7256050152005,-0.0,0.0581761006289308,0.2,0.1515151515151515,546.0,546.3541339650137
64,all,R10,Medium,R10_OUT,0.0,0.0,7197.004533215888,0.0,0.0581761006289308,0.2,0.1515151515151515,546.0,546.3541339650137
64,all,R11,Medium,R11_OUT,0.0,0.0,-119261.12889097635,-0.0,0.0581761006289308,0.2,0.1515151515151515,546.0,546.3541339650137
64,all,R12,Medium,R12_OUT,0.0017545057042612593,0.008932448987715417,5180.210454914697,46.271965634155606,0.0581761006289308,0.2,0.1515151515151515,546.0,546.3541339650137
64,all,R13,Medium,R13_OUT,0.00011896660598619415,0.0006056766510546952,14462.63636991219,8.75968116195025,0.0581761006289308,0.2,0.1515151515151515,546.0,546.3541339650137
64,all,R14,High,R14_OUT,0.0,0.0,-143370.43093222668,-0.0,0.0581761006289308,0.2,0.1515151515151515,546.0,546.3541339650137
64,all,R15,High,R15_OUT,0.0006592881941485256,0.003356534064341689,9240.396400862228,31.01570528751441,0.0581761006289308,0.2,0.1515151515151515,546.0,546.3541339650137
64,all,R16,High,R16_OUT,0.0,0.0,-31965.123008468614,-0.0,0.0581761006289308,0.2,0.1515151515151515,546.0,546.3541339650137
64,all,R17,Medium,R17_OUT,0.0,0.0,-195139.36223284493,-0.0,0.0581761006289308,0.2,0.1515151515151515,546.0,546.3541339650137
64,all,R18,High,R18_OUT,0.0,0.0,157490.15548973213,0.0,0.0581761006289308,0.2,0.1515151515151515,546.0,546.3541339650137
64,all,R19,High,R19_OUT,0.0,0.0,0.0,0.0,0.0581761006289308,0.2,0.1515151515151515,546.0,546.3541339650137
64,all,R20,Very_High,R20_OUT,0.0,0.0,0.0,0.0,0.0581761006289308,0.2,0.1515151515151515,546.0,546.3541339650137
65,all,R1,Very_Low,R1_OUT,0.0,0.0,952.9856235614716,0.0,0.1619496855345912,0.6,0.3636363636363636,2275.0,249.6722351464923
65,all,R2,Low,R2_OUT,0.0,0.0,-32454.804371242717,-0.0,0.1619496855345912,0.6,0.3636363636363636,2275.0,249.6722351464923
65,all,R3,Medium,R3_OUT,0.0,0.0,0.0,0.0,0.1619496855345912,0.6,0.3636363636363636,2275.0,249.6722351464923
65,all,R4,Low,R4_OUT,0.0,0.0,-3011.278468745126,-0.0,0.1619496855345912,0.6,0.3636363636363636,2275.0,249.6722351464923
65,all,R5,Medium,R5_OUT,0.4980508134574527,0.9225781921585877,-2708.162276524581,-2498.4914571481336,0.1619496855345912,0.6,0.3636363636363636,2275.0,249.6722351464923
65,all,R6,Medium,R6_OUT,0.0,0.0,-5925.013009533435,-0.0,0.1619496855345912,0.6,0.3636363636363636,2275.0,249.6722351464923
65,all,R7,Medium,R7_OUT,0.0,0.0,-15716.917566217448,-0.0,0.1619496855345912,0.6,0.3636363636363636,2275.0,249.6722351464923
65,all,R8,High,R8_OUT,0.0,0.0,-32835.19013386573,-0.0,0.1619496855345912,0.6,0.3636363636363636,2275.0,249.6722351464923
65,all,R9,Low,R9_OUT,0.0,0.0,12847.772061502632,0.0,0.1619496855345912,0.6,0.3636363636363636,2275.0,249.6722351464923
65,all,R10,Medium,R10_OUT,0.0,0.0,8682.24393502843,0.0,0.1619496855345912,0.6,0.3636363636363636,2275.0,249.6722351464923
65,all,R11,Medium,R11_OUT,0.0,0.0,-187621.129262047,-0.0,0.1619496855345912,0.6,0.3636363636363636,2275.0,249.6722351464923
65,all,R12,Medium,R12_OUT,0.0,0.0,-1119.021537423303,-0.0,0.1619496855345912,0.6,0.3636363636363636,2275.0,249.6722351464923
65,all,R13,Medium,R13_OUT,0.04179590922753318,0.07742180784141231,35495.98968192336,2748.1636922946245,0.1619496855345912,0.6,0.3636363636363636,2275.0,249.6722351464923
65,all,R14,High,R14_OUT,0.0,0.0,-202193.14398706926,-0.0,0.1619496855345912,0.6,0.3636363636363636,2275.0,249.6722351464923
65,all,R15,High,R15_OUT,0.0,0.0,-4255.4173270005485,-0.0,0.1619496855345912,0.6,0.3636363636363636,2275.0,249.6722351464923
65,all,R16,High,R16_OUT,0.0,0.0,-38752.154246552935,-0.0,0.1619496855345912,0.6,0.3636363636363636,2275.0,249.6722351464923
65,all,R17,Medium,R17_OUT,0.0,0.0,-85002.15086317595,-0.0,0.1619496855345912,0.6,0.3636363636363636,2275.0,249.6722351464923
65,all,R18,High,R18_OUT,0.0,0.0,110547.82342133336,0.0,0.1619496855345912,0.6,0.3636363636363636,2275.0,249.6722351464923
65,all,R19,High,R19_OUT,0.0,0.0,0.0,0.0,0.1619496855345912,0.6,0.3636363636363636,2275.0,249.6722351464923
65,all,R20,Very_High,R20_OUT,0.0,0.0,0.0,0.0,0.1619496855345912,0.6,0.3636363636363636,2275.0,249.6722351464923
66,all,R1,Very_Low,R1_OUT,0.0,0.0,-6275.097058543914,-0.0,0.9166666666666666,1.0,0.7575757575757576,9100.0,9124.117479603534
66,all,R2,Low,R2_OUT,0.0,0.0,30215.988541505976,0.0,0.9166666666666666,1.0,0.7575757575757576,9100.0,9124.117479603534
66,all,R3,Medium,R3_OUT,0.0,0.0,0.0,0.0,0.9166666666666666,1.0,0.7575757575757576,9100.0,9124.117479603534
66,all,R4,Low,R4_OUT,0.0,0.0,-15423.269184209697,-0.0,0.9166666666666666,1.0,0.7575757575757576,9100.0,9124.117479603534
66,all,R5,Medium,R5_OUT,0.0,0.0,-36473.43607440555,-0.0,0.9166666666666666,1.0,0.7575757575757576,9100.0,9124.117479603534
66,all,R6,Medium,R6_OUT,0.0,0.0,-8246.89927094982,-0.0,0.9166666666666666,1.0,0.7575757575757576,9100.0,9124.117479603534
66,all,R7,Medium,R7_OUT,0.0,0.0,-42141.72407726199,-0.0,0.9166666666666666,1.0,0.7575757575757576,9100.0,9124.117479603534
66,all,R8,High,R8_OUT,0.0,0.0,-45702.601014848115,-0.0,0.9166666666666666,1.0,0.7575757575757576,9100.0,9124.117479603534
66,all,R9,Low,R9_OUT,0.0,0.0,-1647.258292132854,-0.0,0.9166666666666666,1.0,0.7575757575757576,9100.0,9124.117479603534
66,all,R10,Medium,R10_OUT,0.004832631940632381,0.02476542779839515,17909.531547440543,443.537210441219,0.9166666666666666,1.0,0.7575757575757576,9100.0,9124.117479603534
66,all,R11,Medium,R11_OUT,0.008315925269627999,0.04261600084008724,-351666.46167661867,-14986.618226241288,0.9166666666666666,1.0,0.7575757575757576,9100.0,9124.117479603534
66,all,R12,Medium,R12_OUT,0.0,0.0,1899.5825184471541,0.0,0.9166666666666666,1.0,0.7575757575757576,9100.0,9124.117479603534
66,all,R13,Medium,R13_OUT,1.8682569145950277e-05,9.574116608847552e-05,-24463.32126864657,-2.342146904657227,0.9166666666666666,1.0,0.7575757575757576,9100.0,9124.117479603534
66,all,R14,High,R14_OUT,3.2148702978205714e-05,0.0001647500559114833,-348790.51986076817,-57.46325764845688,0.9166666666666666,1.0,0.7575757575757576,9100.0,9124.117479603534
66,all,R15,High,R15_OUT,0.0,0.0,-39641.00025161648,-0.0,0.9166666666666666,1.0,0.7575757575757576,9100.0,9124.117479603534
66,all,R16,High,R16_OUT,0.0,0.0,-53938.29719838317,-0.0,0.9166666666666666,1.0,0.7575757575757576,9100.0,9124.117479603534
66,all,R17,Medium,R17_OUT,0.18123618582158266,0.9287675390055875,24653.904260669427,22897.745987061313,0.9166666666666666,1.0,0.7575757575757576,9100.0,9124.117479603534
66,all,R18,High,R18_OUT,0.0007006446207688925,0.003590541133930297,230956.24920127422,829.2579128954313,0.9166666666666666,1.0,0.7575757575757576,9100.0,9124.117479603534
66,all,R19,High,R19_OUT,0.0,0.0,0.0,0.0,0.9166666666666666,1.0,0.7575757575757576,9100.0,9124.117479603534
66,all,R20,Very_High,R20_OUT,0.0,0.0,0.0,0.0,0.9166666666666666,1.0,0.7575757575757576,9100.0,9124.117479603534
67,all,R1,Very_Low,R1_OUT,0.0,0.0,7335.010679443496,0.0,0.2216981132075471,0.2,0.1515151515151515,595.0,593.6572179371369
67,all,R2,Low,R2_OUT,0.0,0.0,-40087.83418829139,-0.0,0.2216981132075471,0.2,0.1515151515151515,595.0,593.6572179371369
67,all,R3,Medium,R3_OUT,0.0,0.0,0.0,0.0,0.2216981132075471,0.2,0.1515151515151515,595.0,593.6572179371369
67,all,R4,Low,R4_OUT,0.08616114230072518,0.5416945375276923,-2602.876689566061,-1409.964084596098,0.2216981132075471,0.2,0.1515151515151515,595.0,593.6572179371369
67,all,R5,Medium,R5_OUT,0.005842271497046345,0.0367303226512249,23834.851044626485,875.4617692130157,0.2216981132075471,0.2,0.1515151515151515,595.0,593.6572179371369
67,all,R6,Medium,R6_OUT,0.0,0.0,-5086.7214043256645,-0.0,0.2216981132075471,0.2,0.1515151515151515,595.0,593.6572179371369
67,all,R7,Medium,R7_OUT,0.03237665387764423,0.2035518109512929,945.4158661144447,192.4411116496803,0.2216981132075471,0.2,0.1515151515151515,595.0,593.6572179371369
67,all,R8,High,R8_OUT,0.0,0.0,-28189.552360086105,-0.0,0.2216981132075471,0.2,0.1515151515151515,595.0,593.6572179371369
67,all,R9,Low,R9_OUT,0.0,0.0,-10273.387523294481,-0.0,0.2216981132075471,0.2,0.1515151515151515,595.0,593.6572179371369
67,all,R10,Medium,R10_OUT,0.0,0.0,7359.233133206069,0.0,0.2216981132075471,0.2,0.1515151515151515,595.0,593.6572179371369
67,all,R11,Medium,R11_OUT,0.0,0.0,-137937.23639381203,-0.0,0.2216981132075471,0.2,0.1515151515151515,595.0,593.6572179371369
67,all,R12,Medium,R12_OUT,0.024022633611917282,0.15103014023637432,7686.887024202174,1160.9516252464205,0.2216981132075471,0.2,0.1515151515151515,595.0,593.6572179371369
67,all,R13,Medium,R13_OUT,0.0016288868031141526,0.010240800666479274,-5244.112917449507,-53.70391506010949,0.2216981132075471,0.2,0.1515151515151515,595.0,593.6572179371369
67,all,R14,High,R14_OUT,0.0,0.0,-160543.27021911024,-0.0,0.2216981132075471,0.2,0.1515151515151515,595.0,593.6572179371369
67,all,R15,High,R15_OUT,0.009026951975263708,0.05675238796693631,-3022.4153495656064,-171.52928851577073,0.2216981132075471,0.2,0.1515151515151515,595.0,593.6572179371369
67,all,R16,High,R16_OUT,0.0,0.0,-33269.363653946835,-0.0,0.2216981132075471,0.2,0.1515151515151515,595.0,593.6572179371369
67,all,R17,Medium,R17_OUT,0.0,0.0,-198002.02771422485,-0.0,0.2216981132075471,0.2,0.1515151515151515,595.0,593.6572179371369
67,all,R18,High,R18_OUT,0.0,0.0,195311.97364815968,0.0,0.2216981132075471,0.2,0.1515151515151515,595.0,593.6572179371369
67,all,R19,High,R19_OUT,0.0,0.0,0.0,0.0,0.2216981132075471,0.2,0.1515151515151515,595.0,593.6572179371369
67,all,R20,Very_High,R20_OUT,0.0,0.0,0.0,0.0,0.2216981132075471,0.2,0.1515151515151515,595.0,593.6572179371369
68,all,R1,Very_Low,R1_OUT,0.0,0.0,2225.681673601809,0.0,0.2877358490566037,0.2,0.6363636363636364,3941.0,3941.5002989856903
68,all,R2,Low,R2_OUT,0.0,0.0,-99022.10871766583,-0.0,0.2877358490566037,0.2,0.6363636363636364,3941.0,3941.5002989856903
68,all,R3,Medium,R3_OUT,0.0,0.0,0.0,0.0,0.2877358490566037,0.2,0.6363636363636364,3941.0,3941.5002989856903
68,all,R4,Low,R4_OUT,0.0,0.0,-11462.542425887403,-0.0,0.2877358490566037,0.2,0.6363636363636364,3941.0,3941.5002989856903
68,all,R5,Medium,R5_OUT,0.027871386966856513,0.06164296556388721,-17564.369816106388,-1082.7198437256259,0.2877358490566037,0.2,0.6363636363636364,3941.0,3941.5002989856903
68,all,R6,Medium,R6_OUT,0.0038302438651871555,0.008471325483865992,-6474.905775372636,-54.8510343005453,0.2877358490566037,0.2,0.6363636363636364,3941.0,3941.5002989856903
68,all,R7,Medium,R7_OUT,0.15445743138983048,0.34161249799200955,-37987.68290348648,-12977.06724958837,0.2877358490566037,0.2,0.6363636363636364,3941.0,3941.5002989856903
68,all,R8,High,R8_OUT,0.02122641509433964,0.04694632442443998,-35882.58150556552,-1684.5553125466888,0.2877358490566037,0.2,0.6363636363636364,3941.0,3941.5002989856903
68,all,R9,Low,R9_OUT,0.0,0.0,2727.7456782126746,0.0,0.2877358490566037,0.2,0.6363636363636364,3941.0,3941.5002989856903
68,all,R10,Medium,R10_OUT,0.0,0.0,26348.09143977698,0.0,0.2877358490566037,0.2,0.6363636363636364,3941.0,3941.5002989856903
68,all,R11,Medium,R11_OUT,0.0,0.0,-202386.33176611442,-0.0,0.2877358490566037,0.2,0.6363636363636364,3941.0,3941.5002989856903
68,all,R12,Medium,R12_OUT,0.0,0.0,6937.425621508377,0.0,0.2877358490566037,0.2,0.6363636363636364,3941.0,3941.5002989856903
68,all,R13,Medium,R13_OUT,0.03289386425171474,0.07275114595993587,-19988.322651209426,-1454.1733786924292,0.2877358490566037,0.2,0.6363636363636364,3941.0,3941.5002989856903
68,all,R14,High,R14_OUT,0.004520461141824529,0.009997874552484385,-219247.92886422988,-2192.0132886765905,0.2877358490566037,0.2,0.6363636363636364,3941.0,3941.5002989856903
68,all,R15,High,R15_OUT,0.18229095619989721,0.4031717240695934,63827.040628525596,25733.258012462647,0.2877358490566037,0.2,0.6363636363636364,3941.0,3941.5002989856903
68,all,R16,High,R16_OUT,0.025051455727483154,0.055406141953783704,-42348.69137619996,-2346.377605946711,0.2877358490566037,0.2,0.6363636363636364,3941.0,3941.5002989856903
68,all,R17,Medium,R17_OUT,0.0,0.0,-170052.89237079144,-0.0,0.2877358490566037,0.2,0.6363636363636364,3941.0,3941.5002989856903
68,all,R18,High,R18_OUT,0.0,0.0,255361.71043363528,0.0,0.2877358490566037,0.2,0.6363636363636364,3941.0,3941.5002989856903
68,all,R19,High,R19_OUT,0.0,0.0,0.0,0.0,0.2877358490566037,0.2,0.6363636363636364,3941.0,3941.5002989856903
68,all,R20,Very_High,R20_OUT,0.0,0.0,0.0,0.0,0.2877358490566037,0.2,0.6363636363636364,3941.0,3941.5002989856903
69,all,R1,Very_Low,R1_OUT,0.0,0.0,-2218.2440159145544,-0.0,0.5534591194968553,1.0,0.3333333333333333,1400.0,1393.0970278250925
69,all,R2,Low,R2_OUT,0.0,0.0,51949.57324631866,0.0,0.5534591194968553,1.0,0.3333333333333333,1400.0,1393.0970278250925
69,all,R3,Medium,R3_OUT,0.0,0.0,0.0,0.0,0.5534591194968553,1.0,0.3333333333333333,1400.0,1393.0970278250925
69,all,R4,Low,R4_OUT,0.0,0.0,-4313.518857774114,-0.0,0.5534591194968553,1.0,0.3333333333333333,1400.0,1393.0970278250925
69,all,R5,Medium,R5_OUT,0.0,0.0,-3460.1688854140666,-0.0,0.5534591194968553,1.0,0.3333333333333333,1400.0,1393.0970278250925
69,all,R6,Medium,R6_OUT,0.0,0.0,-6659.778599962026,-0.0,0.5534591194968553,1.0,0.3333333333333333,1400.0,1393.0970278250925
69,all,R7,Medium,R7_OUT,0.0,0.0,-9946.188523364788,-0.0,0.5534591194968553,1.0,0.3333333333333333,1400.0,1393.0970278250925
69,all,R8,High,R8_OUT,0.0,0.0,-36907.10825917758,-0.0,0.5534591194968553,1.0,0.3333333333333333,1400.0,1393.0970278250925
69,all,R9,Low,R9_OUT,0.07820552062228542,0.13330170202781175,3410.789364488297,454.6640275446484,0.5534591194968553,1.0,0.3333333333333333,1400.0,1393.0970278250925
69,all,R10,Medium,R10_OUT,0.5062157391730534,0.8628472656162578,991.2718219977978,855.3161810932456,0.5534591194968553,1.0,0.3333333333333333,1400.0,1393.0970278250925
69,all,R11,Medium,R11_OUT,0.0,0.0,-260390.4851256057,-0.0,0.5534591194968553,1.0,0.3333333333333333,1400.0,1393.0970278250925
69,all,R12,Medium,R12_OUT,0.00030233629719164917,0.0005153337344953207,-2126.5803271197374,-1.0958985816788949,0.5534591194968553,1.0,0.3333333333333333,1400.0,1393.0970278250925
69,all,R13,Medium,R13_OUT,0.001956989620987221,0.003335698621434934,25245.901181758847,84.21271776887556,0.5534591194968553,1.0,0.3333333333333333,1400.0,1393.0970278250925
69,all,R14,High,R14_OUT,0.0,0.0,-265348.71247439296,-0.0,0.5534591194968553,1.0,0.3333333333333333,1400.0,1393.0970278250925
69,all,R15,High,R15_OUT,0.0,0.0,-75229.93593897892,-0.0,0.5534591194968553,1.0,0.3333333333333333,1400.0,1393.0970278250925
69,all,R16,High,R16_OUT,0.0,0.0,-43557.83981271798,-0.0,0.5534591194968553,1.0,0.3333333333333333,1400.0,1393.0970278250925
69,all,R17,Medium,R17_OUT,0.0,0.0,5545.264390531056,0.0,0.5534591194968553,1.0,0.3333333333333333,1400.0,1393.0970278250925
69,all,R18,High,R18_OUT,0.0,0.0,107769.57396326622,0.0,0.5534591194968553,1.0,0.3333333333333333,1400.0,1393.0970278250925
69,all,R19,High,R19_OUT,0.0,0.0,0.0,0.0,0.5534591194968553,1.0,0.3333333333333333,1400.0,1393.0970278250925
69,all,R20,Very_High,R20_OUT,0.0,0.0,0.0,0.0,0.5534591194968553,1.0,0.3333333333333333,1400.0,1393.0970278250925
70,all,R1,Very_Low,R1_OUT,0.0,0.0,-2467.4885512319684,-0.0,0.3694968553459119,1.0,0.3333333333333333,2800.0,2627.6068979760275
70,all,R2,Low,R2_OUT,0.0,0.0,33980.11664667066,0.0,0.3694968553459119,1.0,0.3333333333333333,2800.0,2627.6068979760275
70,all,R3,Medium,R3_OUT,0.0,0.0,0.0,0.0,0.3694968553459119,1.0,0.3333333333333333,2800.0,2627.6068979760275
70,all,R4,Low,R4_OUT,0.0,0.0,-2291.215082036322,-0.0,0.3694968553459119,1.0,0.3333333333333333,2800.0,2627.6068979760275
70,all,R5,Medium,R5_OUT,0.0,0.0,-5394.238252237879,-0.0,0.3694968553459119,1.0,0.3333333333333333,2800.0,2627.6068979760275
70,all,R6,Medium,R6_OUT,0.0,0.0,-6435.440151984481,-0.0,0.3694968553459119,1.0,0.3333333333333333,2800.0,2627.6068979760275
70,all,R7,Medium,R7_OUT,0.0,0.0,-11073.078236270434,-0.0,0.3694968553459119,1.0,0.3333333333333333,2800.0,2627.6068979760275
70,all,R8,High,R8_OUT,0.0,0.0,-35663.8712262561,-0.0,0.3694968553459119,1.0,0.3333333333333333,2800.0,2627.6068979760275
70,all,R9,Low,R9_OUT,0.05707581033176413,0.13330170202781177,13309.284022552492,1774.1502129778085,0.3694968553459119,1.0,0.3333333333333333,2800.0,2627.6068979760275
70,all,R10,Medium,R10_OUT,0.3694454468954936,0.8628472656162579,808.7646470088439,697.840364198679,0.3694968553459119,1.0,0.3333333333333333,2800.0,2627.6068979760275
70,all,R11,Medium,R11_OUT,0.0,0.0,-239379.86418491555,-0.0,0.3694968553459119,1.0,0.3333333333333333,2800.0,2627.6068979760275
70,all,R12,Medium,R12_OUT,0.0002206505246382971,0.0005153337344953208,-4946.591467568151,-2.5491454540045844,0.3694968553459119,1.0,0.3333333333333333,2800.0,2627.6068979760275
70,all,R13,Medium,R13_OUT,0.0014282465935898203,0.0033356986214349345,47415.99413004076,158.1654662535439,0.3694968553459119,1.0,0.3333333333333333,2800.0,2627.6068979760275
70,all,R14,High,R14_OUT,0.0,0.0,-246029.26827664892,-0.0,0.3694968553459119,1.0,0.3333333333333333,2800.0,2627.6068979760275
70,all,R15,High,R15_OUT,0.0,0.0,-61434.27271974759,-0.0,0.3694968553459119,1.0,0.3333333333333333,2800.0,2627.6068979760275
70,all,R16,High,R16_OUT,0.0,0.0,-42090.569086554984,-0.0,0.3694968553459119,1.0,0.3333333333333333,2800.0,2627.6068979760275
70,all,R17,Medium,R17_OUT,0.0,0.0,8765.76305708348,0.0,0.3694968553459119,1.0,0.3333333333333333,2800.0,2627.6068979760275
70,all,R18,High,R18_OUT,0.0,0.0,65220.028535035206,0.0,0.3694968553459119,1.0,0.3333333333333333,2800.0,2627.6068979760275
70,all,R19,High,R19_OUT,0.0,0.0,0.0,0.0,0.3694968553459119,1.0,0.3333333333333333,2800.0,2627.6068979760275
70,all,R20,Very_High,R20_OUT,0.0,0.0,0.0,0.0,0.3694968553459119,1.0,0.3333333333333333,2800.0,2627.6068979760275
71,all,R1,Very_Low,R1_OUT,0.0,0.0,-5684.895148014311,-0.0,0.8726415094339622,1.0,0.696969696969697,9520.0,9492.642250484427
71,all,R2,Low,R2_OUT,0.0,0.0,34088.71185219066,0.0,0.8726415094339622,1.0,0.696969696969697,9520.0,9492.642250484427
71,all,R3,Medium,R3_OUT,0.0,0.0,0.0,0.0,0.8726415094339622,1.0,0.696969696969697,9520.0,9492.642250484427
71,all,R4,Low,R4_OUT,0.0,0.0,-13922.585232998292,-0.0,0.8726415094339622,1.0,0.696969696969697,9520.0,9492.642250484427
71,all,R5,Medium,R5_OUT,0.0,0.0,-31674.602510363016,-0.0,0.8726415094339622,1.0,0.696969696969697,9520.0,9492.642250484427
71,all,R6,Medium,R6_OUT,0.0,0.0,-8029.754859684426,-0.0,0.8726415094339622,1.0,0.696969696969697,9520.0,9492.642250484427
71,all,R7,Medium,R7_OUT,0.0,0.0,-37494.204175237974,-0.0,0.8726415094339622,1.0,0.696969696969697,9520.0,9492.642250484427
71,all,R8,High,R8_OUT,0.0,0.0,-44499.23183748401,-0.0,0.8726415094339622,1.0,0.696969696969697,9520.0,9492.642250484427
71,all,R9,Low,R9_OUT,0.0,0.0,-1347.692647697655,-0.0,0.8726415094339622,1.0,0.696969696969697,9520.0,9492.642250484427
71,all,R10,Medium,R10_OUT,0.019293783039316864,0.06040476587589809,15500.43675287133,936.3002530313587,0.8726415094339622,1.0,0.696969696969697,9520.0,9492.642250484427
71,all,R11,Medium,R11_OUT,0.011077032545876197,0.0346798528919835,-339524.92623883556,-11774.674495124365,0.8726415094339622,1.0,0.696969696969697,9520.0,9492.642250484427
71,all,R12,Medium,R12_OUT,0.0,0.0,1444.9296942522433,0.0,0.8726415094339622,1.0,0.696969696969697,9520.0,9492.642250484427
71,all,R13,Medium,R13_OUT,7.458822441831394e-05,0.00023352000091977424,-18309.443645316205,-4.275621296894795,0.8726415094339622,1.0,0.696969696969697,9520.0,9492.642250484427
71,all,R14,High,R14_OUT,4.282292320469854e-05,0.00013406954172907328,-337695.8789361224,-45.27473173276254,0.8726415094339622,1.0,0.696969696969697,9520.0,9492.642250484427
71,all,R15,High,R15_OUT,0.0,0.0,-45314.692178471785,-0.0,0.8726415094339622,1.0,0.696969696969697,9520.0,9492.642250484427
71,all,R16,High,R16_OUT,0.0,0.0,-52518.07859190316,-0.0,0.8726415094339622,1.0,0.696969696969697,9520.0,9492.642250484427
71,all,R17,Medium,R17_OUT,0.28780742379496915,0.9010643488761881,21786.47041679211,19631.01178041712,0.8726415094339622,1.0,0.696969696969697,9520.0,9492.642250484427
71,all,R18,High,R18_OUT,0.0011126405159387566,0.0034834428132814077,215176.50938093374,749.555065189993,0.8726415094339622,1.0,0.696969696969697,9520.0,9492.642250484427
71,all,R19,High,R19_OUT,0.0,0.0,0.0,0.0,0.8726415094339622,1.0,0.696969696969697,9520.0,9492.642250484427
71,all,R20,Very_High,R20_OUT,0.0,0.0,0.0,0.0,0.8726415094339622,1.0,0.696969696969697,9520.0,9492.642250484427
72,all,R1,Very_Low,R1_OUT,0.0,0.0,-1615.3704817707257,-0.0,0.9984276729559748,1.0,0.3333333333333333,5880.0,-1425.2547677356342
72,all,R2,Low,R2_OUT,0.0,0.0,95414.15630358689,0.0,0.9984276729559748,1.0,0.3333333333333333,5880.0,-1425.2547677356342
72,all,R3,Medium,R3_OUT,0.0,0.0,0.0,0.0,0.9984276729559748,1.0,0.3333333333333333,5880.0,-1425.2547677356342
72,all,R4,Low,R4_OUT,0.0,0.0,-9205.074144387745,-0.0,0.9984276729559748,1.0,0.3333333333333333,5880.0,-1425.2547677356342
72,all,R5,Medium,R5_OUT,0.0,0.0,1217.9647112623206,0.0,0.9984276729559748,1.0,0.3333333333333333,5880.0,-1425.2547677356342
72,all,R6,Medium,R6_OUT,0.0,0.0,-7202.409204899166,-0.0,0.9984276729559748,1.0,0.3333333333333333,5880.0,-1425.2547677356342
72,all,R7,Medium,R7_OUT,0.0,0.0,-7220.46383317421,-0.0,0.9984276729559748,1.0,0.3333333333333333,5880.0,-1425.2547677356342
72,all,R8,High,R8_OUT,0.0,0.0,-39914.25424479107,-0.0,0.9984276729559748,1.0,0.3333333333333333,5880.0,-1425.2547677356342
72,all,R9,Low,R9_OUT,0.00033359711272538164,0.0006156440399212129,-20531.72335544475,-12.640233113090725,0.9984276729559748,1.0,0.3333333333333333,5880.0,-1425.2547677356342
72,all,R10,Medium,R10_OUT,0.002159337443962412,0.00398499620303524,1432.7208008172329,5.709386951266281,0.9984276729559748,1.0,0.3333333333333333,5880.0,-1425.2547677356342
72,all,R11,Medium,R11_OUT,0.0,0.0,-311211.0468881297,-0.0,0.9984276729559748,1.0,0.3333333333333333,5880.0,-1425.2547677356342
72,all,R12,Medium,R12_OUT,1.2896597965550333e-06,2.380030692677818e-06,4694.472260460607,0.01117298806582086,0.9984276729559748,1.0,0.3333333333333333,5880.0,-1425.2547677356342
72,all,R13,Medium,R13_OUT,8.347826112532023e-06,1.5405677077036604e-05,-28379.195436735026,-0.4372007206044506,0.9984276729559748,1.0,0.3333333333333333,5880.0,-1425.2547677356342
72,all,R14,High,R14_OUT,0.0,0.0,-312078.6501492781,-0.0,0.9984276729559748,1.0,0.3333333333333333,5880.0,-1425.2547677356342
72,all,R15,High,R15_OUT,0.0,0.0,-108598.93329831619,-0.0,0.9984276729559748,1.0,0.3333333333333333,5880.0,-1425.2547677356342
72,all,R16,High,R16_OUT,0.0,0.0,-47106.879261471215,-0.0,0.9984276729559748,1.0,0.3333333333333333,5880.0,-1425.2547677356342
72,all,R17,Medium,R17_OUT,0.5372871947091767,0.9915483274011134,-2244.488794377805,-2225.519109935854,0.9984276729559748,1.0,0.3333333333333333,5880.0,-1425.2547677356342
72,all,R18,High,R18_OUT,0.0020771093867070537,0.0038332466481605407,210688.55991360274,807.6212160945889,0.9984276729559748,1.0,0.3333333333333333,5880.0,-1425.2547677356342
72,all,R19,High,R19_OUT,0.0,0.0,0.0,0.0,0.9984276729559748,1.0,0.3333333333333333,5880.0,-1425.2547677356342
72,all,R20,Very_High,R20_OUT,0.0,0.0,0.0,0.0,0.9984276729559748,1.0,0.3333333333333333,5880.0,-1425.2547677356342
