sample_index,split,rule_id,antecedent,consequent_label,firing_strength,normalized_firing_strength,label_equation_output,rule_contribution,predicted,PointsAjust,TeamExp,Length,actual
0,all,R1,IF (PointsAjust IS Low) AND (TeamExp IS High) AND (Length IS Low),Very_Low,0.0,0.0,6208.873222897826,0.0,5372.462781408138,0.3773584905660377,0.4,0.3333333333333333,5152.0
0,all,R2,IF (PointsAjust IS Low) AND (TeamExp IS High) AND (Length IS Medium),Low,0.0,0.0,1965.191708359332,0.0,5372.462781408138,0.3773584905660377,0.4,0.3333333333333333,5152.0
0,all,R3,IF (PointsAjust IS Low) AND (TeamExp IS High) AND (Length IS High),Medium,0.0,0.0,5372.462781408137,0.0,5372.462781408138,0.3773584905660377,0.4,0.3333333333333333,5152.0
0,all,R4,IF (PointsAjust IS Low) AND (TeamExp IS Medium) AND (Length IS Low),Low,0.0,0.0,1965.191708359332,0.0,5372.462781408138,0.3773584905660377,0.4,0.3333333333333333,5152.0
0,all,R5,IF (PointsAjust IS Low) AND (TeamExp IS Medium) AND (Length IS Medium),Medium,0.0,0.0,5372.462781408137,0.0,5372.462781408138,0.3773584905660377,0.4,0.3333333333333333,5152.0
0,all,R6,IF (PointsAjust IS Low) AND (TeamExp IS Medium) AND (Length IS High),Medium,0.0,0.0,5372.462781408137,0.0,5372.462781408138,0.3773584905660377,0.4,0.3333333333333333,5152.0
0,all,R7,IF (PointsAjust IS Low) AND (TeamExp IS Low) AND (Length IS Medium),Medium,0.0,0.0,5372.462781408137,0.0,5372.462781408138,0.3773584905660377,0.4,0.3333333333333333,5152.0
0,all,R8,IF (PointsAjust IS Low) AND (TeamExp IS Low) AND (Length IS High),High,0.0,0.0,3203.2234424163935,0.0,5372.462781408138,0.3773584905660377,0.4,0.3333333333333333,5152.0
0,all,R9,IF (PointsAjust IS Medium) AND (TeamExp IS High) AND (Length IS Low),Low,0.0,0.0,1965.191708359332,0.0,5372.462781408138,0.3773584905660377,0.4,0.3333333333333333,5152.0
0,all,R10,IF (PointsAjust IS Medium) AND (TeamExp IS High) AND (Length IS Medium),Medium,0.0,0.0,5372.462781408137,0.0,5372.462781408138,0.3773584905660377,0.4,0.3333333333333333,5152.0
0,all,R11,IF (PointsAjust IS Medium) AND (TeamExp IS High) AND (Length IS High),Medium,0.0,0.0,5372.462781408137,0.0,5372.462781408138,0.3773584905660377,0.4,0.3333333333333333,5152.0
0,all,R12,IF (PointsAjust IS Medium) AND (TeamExp IS Medium) AND (Length IS Low),Medium,0.047769306007164,0.1338170357623071,5372.462781408137,718.9270441513565,5372.462781408138,0.3773584905660377,0.4,0.3333333333333333,5152.0
0,all,R13,IF (PointsAjust IS Medium) AND (TeamExp IS Medium) AND (Length IS Medium),Medium,0.3092054673095486,0.8661829642376929,5372.462781408137,4653.5357372567805,5372.462781408138,0.3773584905660377,0.4,0.3333333333333333,5152.0
0,all,R14,IF (PointsAjust IS Medium) AND (TeamExp IS Medium) AND (Length IS High),High,0.0,0.0,3203.2234424163935,0.0,5372.462781408138,0.3773584905660377,0.4,0.3333333333333333,5152.0
0,all,R15,IF (PointsAjust IS Medium) AND (TeamExp IS Low) AND (Length IS Medium),High,0.0,0.0,3203.2234424163935,0.0,5372.462781408138,0.3773584905660377,0.4,0.3333333333333333,5152.0
0,all,R16,IF (PointsAjust IS Medium) AND (TeamExp IS Low) AND (Length IS High),High,0.0,0.0,3203.2234424163935,0.0,5372.462781408138,0.3773584905660377,0.4,0.3333333333333333,5152.0
0,all,R17,IF (PointsAjust IS High) AND (TeamExp IS High) AND (Length IS Medium),Medium,0.0,0.0,5372.462781408137,0.0,5372.462781408138,0.3773584905660377,0.4,0.3333333333333333,5152.0
0,all,R18,IF (PointsAjust IS High) AND (TeamExp IS Medium) AND (Length IS Medium),High,0.0,0.0,3203.2234424163935,0.0,5372.462781408138,0.3773584905660377,0.4,0.3333333333333333,5152.0
0,all,R19,IF (PointsAjust IS High) AND (TeamExp IS Low) AND (Length IS Medium),High,0.0,0.0,3203.2234424163935,0.0,5372.462781408138,0.3773584905660377,0.4,0.3333333333333333,5152.0
0,all,R20,IF (PointsAjust IS High) AND (TeamExp IS Low) AND (Length IS High),Very_High,0.0,0.0,0.0,0.0,5372.462781408138,0.3773584905660377,0.4,0.3333333333333333,5152.0
1,all,R1,IF (PointsAjust IS Low) AND (TeamExp IS High) AND (Length IS Low),Very_Low,0.0,0.0,5101.434645128797,0.0,4011.6670805571366,0.3977987421383648,0.2,0.0909090909090909,5635.0
1,all,R2,IF (PointsAjust IS Low) AND (TeamExp IS High) AND (Length IS Medium),Low,0.0,0.0,1269.8912710387717,0.0,4011.6670805571366,0.3977987421383648,0.2,0.0909090909090909,5635.0
1,all,R3,IF (PointsAjust IS Low) AND (TeamExp IS High) AND (Length IS High),Medium,0.0,0.0,3811.542645992824,0.0,4011.6670805571366,0.3977987421383648,0.2,0.0909090909090909,5635.0
1,all,R4,IF (PointsAjust IS Low) AND (TeamExp IS Medium) AND (Length IS Low),Low,0.0,0.0,1269.8912710387717,0.0,4011.6670805571366,0.3977987421383648,0.2,0.0909090909090909,5635.0
1,all,R5,IF (PointsAjust IS Low) AND (TeamExp IS Medium) AND (Length IS Medium),Medium,0.0,0.0,3811.542645992824,0.0,4011.6670805571366,0.3977987421383648,0.2,0.0909090909090909,5635.0
1,all,R6,IF (PointsAjust IS Low) AND (TeamExp IS Medium) AND (Length IS High),Medium,0.0,0.0,3811.542645992824,0.0,4011.6670805571366,0.3977987421383648,0.2,0.0909090909090909,5635.0
1,all,R7,IF (PointsAjust IS Low) AND (TeamExp IS Low) AND (Length IS Medium),Medium,0.0,0.0,3811.542645992824,0.0,4011.6670805571366,0.3977987421383648,0.2,0.0909090909090909,5635.0
1,all,R8,IF (PointsAjust IS Low) AND (TeamExp IS Low) AND (Length IS High),High,0.0,0.0,5536.435991815433,0.0,4011.6670805571366,0.3977987421383648,0.2,0.0909090909090909,5635.0
1,all,R9,IF (PointsAjust IS Medium) AND (TeamExp IS High) AND (Length IS Low),Low,0.0,0.0,1269.8912710387717,0.0,4011.6670805571366,0.3977987421383648,0.2,0.0909090909090909,5635.0
1,all,R10,IF (PointsAjust IS Medium) AND (TeamExp IS High) AND (Length IS Medium),Medium,0.0,0.0,3811.542645992824,0.0,4011.6670805571366,0.3977987421383648,0.2,0.0909090909090909,5635.0
1,all,R11,IF (PointsAjust IS Medium) AND (TeamExp IS High) AND (Length IS High),Medium,0.0,0.0,3811.542645992824,0.0,4011.6670805571366,0.3977987421383648,0.2,0.0909090909090909,5635.0
1,all,R12,IF (PointsAjust IS Medium) AND (TeamExp IS Medium) AND (Length IS Low),Medium,0.10730143356630023,0.863042954018651,3811.542645992824,3289.5250245657126,4011.6670805571366,0.3977987421383648,0.2,0.0909090909090909,5635.0
1,all,R13,IF (PointsAjust IS Medium) AND (TeamExp IS Medium) AND (Length IS Medium),Medium,0.002602919619115085,0.020935707590207943,3811.542645992824,79.79734230411323,4011.6670805571366,0.3977987421383648,0.2,0.0909090909090909,5635.0
1,all,R14,IF (PointsAjust IS Medium) AND (TeamExp IS Medium) AND (Length IS High),High,0.0,0.0,5536.435991815433,0.0,4011.6670805571366,0.3977987421383648,0.2,0.0909090909090909,5635.0
1,all,R15,IF (PointsAjust IS Medium) AND (TeamExp IS Low) AND (Length IS Medium),High,0.014424839314986419,0.116021338391141,5536.435991815433,642.3447136873107,4011.6670805571366,0.3977987421383648,0.2,0.0909090909090909,5635.0
1,all,R16,IF (PointsAjust IS Medium) AND (TeamExp IS Low) AND (Length IS High),High,0.0,0.0,5536.435991815433,0.0,4011.6670805571366,0.3977987421383648,0.2,0.0909090909090909,5635.0
1,all,R17,IF (PointsAjust IS High) AND (TeamExp IS High) AND (Length IS Medium),Medium,0.0,0.0,3811.542645992824,0.0,4011.6670805571366,0.3977987421383648,0.2,0.0909090909090909,5635.0
1,all,R18,IF (PointsAjust IS High) AND (TeamExp IS Medium) AND (Length IS Medium),High,0.0,0.0,5536.435991815433,0.0,4011.6670805571366,0.3977987421383648,0.2,0.0909090909090909,5635.0
1,all,R19,IF (PointsAjust IS High) AND (TeamExp IS Low) AND (Length IS Medium),High,0.0,0.0,5536.435991815433,0.0,4011.6670805571366,0.3977987421383648,0.2,0.0909090909090909,5635.0
1,all,R20,IF (PointsAjust IS High) AND (TeamExp IS Low) AND (Length IS High),Very_High,0.0,0.0,0.0,0.0,4011.6670805571366,0.3977987421383648,0.2,0.0909090909090909,5635.0
2,all,R1,IF (PointsAjust IS Low) AND (TeamExp IS High) AND (Length IS Low),Very_Low,1.0,0.9845744895995822,813.8659594850424,801.3116616624598,851.2706826194733,0.0330188679245283,1.0,0.0,805.0
2,all,R2,IF (PointsAjust IS Low) AND (TeamExp IS High) AND (Length IS Medium),Low,0.0038659201394728076,0.003806286348154185,3251.1799515351936,12.374921864920992,851.2706826194733,0.0330188679245283,1.0,0.0,805.0
2,all,R3,IF (PointsAjust IS Low) AND (TeamExp IS High) AND (Length IS High),Medium,0.0,0.0,678.3809734676151,0.0,851.2706826194733,0.0330188679245283,1.0,0.0,805.0
2,all,R4,IF (PointsAjust IS Low) AND (TeamExp IS Medium) AND (Length IS Low),Low,0.0038659201394728076,0.003806286348154185,3251.1799515351936,12.374921864920992,851.2706826194733,0.0330188679245283,1.0,0.0,805.0
2,all,R5,IF (PointsAjust IS Low) AND (TeamExp IS Medium) AND (Length IS Medium),Medium,1.4945338524781453e-05,1.471479904992967e-05,678.3809734676151,0.009982239703871628,851.2706826194733,0.0330188679245283,1.0,0.0,805.0
2,all,R6,IF (PointsAjust IS Low) AND (TeamExp IS Medium) AND (Length IS High),Medium,0.0,0.0,678.3809734676151,0.0,851.2706826194733,0.0330188679245283,1.0,0.0,805.0
2,all,R7,IF (PointsAjust IS Low) AND (TeamExp IS Low) AND (Length IS Medium),Medium,0.0,0.0,678.3809734676151,0.0,851.2706826194733,0.0330188679245283,1.0,0.0,805.0
2,all,R8,IF (PointsAjust IS Low) AND (TeamExp IS Low) AND (Length IS High),High,0.0,0.0,1513.9567770350468,0.0,851.2706826194733,0.0330188679245283,1.0,0.0,805.0
2,all,R9,IF (PointsAjust IS Medium) AND (TeamExp IS High) AND (Length IS Low),Low,0.007859513140454005,0.00773827613876371,3251.1799515351936,25.158528241791746,851.2706826194733,0.0330188679245283,1.0,0.0,805.0
2,all,R10,IF (PointsAjust IS Medium) AND (TeamExp IS High) AND (Length IS Medium),Medium,3.038425013613231e-05,2.9915557569648503e-05,678.3809734676151,0.020294145065924633,851.2706826194733,0.0330188679245283,1.0,0.0,805.0
2,all,R11,IF (PointsAjust IS Medium) AND (TeamExp IS High) AND (Length IS High),Medium,0.0,0.0,678.3809734676151,0.0,851.2706826194733,0.0330188679245283,1.0,0.0,805.0
2,all,R12,IF (PointsAjust IS Medium) AND (TeamExp IS Medium) AND (Length IS Low),Medium,3.038425013613231e-05,2.9915557569648503e-05,678.3809734676151,0.020294145065924633,851.2706826194733,0.0330188679245283,1.0,0.0,805.0
2,all,R13,IF (PointsAjust IS Medium) AND (TeamExp IS Medium) AND (Length IS Medium),Medium,1.1746308452405329e-07,1.1565115649206234e-07,678.3809734676151,7.845554412374075e-05,851.2706826194733,0.0330188679245283,1.0,0.0,805.0
2,all,R14,IF (PointsAjust IS Medium) AND (TeamExp IS Medium) AND (Length IS High),High,0.0,0.0,1513.9567770350468,0.0,851.2706826194733,0.0330188679245283,1.0,0.0,805.0
2,all,R15,IF (PointsAjust IS Medium) AND (TeamExp IS Low) AND (Length IS Medium),High,0.0,0.0,1513.9567770350468,0.0,851.2706826194733,0.0330188679245283,1.0,0.0,805.0
2,all,R16,IF (PointsAjust IS Medium) AND (TeamExp IS Low) AND (Length IS High),High,0.0,0.0,1513.9567770350468,0.0,851.2706826194733,0.0330188679245283,1.0,0.0,805.0
2,all,R17,IF (PointsAjust IS High) AND (TeamExp IS High) AND (Length IS Medium),Medium,0.0,0.0,678.3809734676151,0.0,851.2706826194733,0.0330188679245283,1.0,0.0,805.0
2,all,R18,IF (PointsAjust IS High) AND (TeamExp IS Medium) AND (Length IS Medium),High,0.0,0.0,1513.9567770350468,0.0,851.2706826194733,0.0330188679245283,1.0,0.0,805.0
2,all,R19,IF (PointsAjust IS High) AND (TeamExp IS Low) AND (Length IS Medium),High,0.0,0.0,1513.9567770350468,0.0,851.2706826194733,0.0330188679245283,1.0,0.0,805.0
2,all,R20,IF (PointsAjust IS High) AND (TeamExp IS Low) AND (Length IS High),Very_High,0.0,0.0,0.0,0.0,851.2706826194733,0.0330188679245283,1.0,0.0,805.0
3,all,R1,IF (PointsAjust IS Low) AND (TeamExp IS High) AND (Length IS Low),Very_Low,0.0,0.0,5032.825964712926,0.0,4198.580010597804,0.3789308176100629,0.2,0.1212121212121212,3829.0
3,all,R2,IF (PointsAjust IS Low) AND (TeamExp IS High) AND (Length IS Medium),Low,0.0,0.0,1224.3140076138266,0.0,4198.580010597804,0.3789308176100629,0.2,0.1212121212121212,3829.0
3,all,R3,IF (PointsAjust IS Low) AND (TeamExp IS High) AND (Length IS High),Medium,0.0,0.0,3978.338265073803,0.0,4198.580010597804,0.3789308176100629,0.2,0.1212121212121212,3829.0
3,all,R4,IF (PointsAjust IS Low) AND (TeamExp IS Medium) AND (Length IS Low),Low,0.0,0.0,1224.3140076138266,0.0,4198.580010597804,0.3789308176100629,0.2,0.1212121212121212,3829.0
3,all,R5,IF (PointsAjust IS Low) AND (TeamExp IS Medium) AND (Length IS Medium),Medium,0.0,0.0,3978.338265073803,0.0,4198.580010597804,0.3789308176100629,0.2,0.1212121212121212,3829.0
3,all,R6,IF (PointsAjust IS Low) AND (TeamExp IS Medium) AND (Length IS High),Medium,0.0,0.0,3978.338265073803,0.0,4198.580010597804,0.3789308176100629,0.2,0.1212121212121212,3829.0
3,all,R7,IF (PointsAjust IS Low) AND (TeamExp IS Low) AND (Length IS Medium),Medium,0.0,0.0,3978.338265073803,0.0,4198.580010597804,0.3789308176100629,0.2,0.1212121212121212,3829.0
3,all,R8,IF (PointsAjust IS Low) AND (TeamExp IS Low) AND (Length IS High),High,0.0,0.0,5202.097129180978,0.0,4198.580010597804,0.3789308176100629,0.2,0.1212121212121212,3829.0
3,all,R9,IF (PointsAjust IS Medium) AND (TeamExp IS High) AND (Length IS Low),Low,0.0,0.0,1224.3140076138266,0.0,4198.580010597804,0.3789308176100629,0.2,0.1212121212121212,3829.0
3,all,R10,IF (PointsAjust IS Medium) AND (TeamExp IS High) AND (Length IS Medium),Medium,0.0,0.0,3978.338265073803,0.0,4198.580010597804,0.3789308176100629,0.2,0.1212121212121212,3829.0
3,all,R11,IF (PointsAjust IS Medium) AND (TeamExp IS High) AND (Length IS High),Medium,0.0,0.0,3978.338265073803,0.0,4198.580010597804,0.3789308176100629,0.2,0.1212121212121212,3829.0
3,all,R12,IF (PointsAjust IS Medium) AND (TeamExp IS Medium) AND (Length IS Low),Medium,0.09771231200141363,0.7875531486112113,3978.338265073803,3133.1528268993375,4198.580010597804,0.3789308176100629,0.2,0.1212121212121212,3829.0
3,all,R13,IF (PointsAjust IS Medium) AND (TeamExp IS Medium) AND (Length IS Medium),Medium,0.004029238544775844,0.03247532923382227,3978.338265073803,129.19784496178505,4198.580010597804,0.3789308176100629,0.2,0.1212121212121212,3829.0
3,all,R14,IF (PointsAjust IS Medium) AND (TeamExp IS Medium) AND (Length IS High),High,0.0,0.0,5202.097129180978,0.0,4198.580010597804,0.3789308176100629,0.2,0.1212121212121212,3829.0
3,all,R15,IF (PointsAjust IS Medium) AND (TeamExp IS Low) AND (Length IS Medium),High,0.022329202232491803,0.17997152215496645,5202.097129180978,936.2293387366818,4198.580010597804,0.3789308176100629,0.2,0.1212121212121212,3829.0
3,all,R16,IF (PointsAjust IS Medium) AND (TeamExp IS Low) AND (Length IS High),High,0.0,0.0,5202.097129180978,0.0,4198.580010597804,0.3789308176100629,0.2,0.1212121212121212,3829.0
3,all,R17,IF (PointsAjust IS High) AND (TeamExp IS High) AND (Length IS Medium),Medium,0.0,0.0,3978.338265073803,0.0,4198.580010597804,0.3789308176100629,0.2,0.1212121212121212,3829.0
3,all,R18,IF (PointsAjust IS High) AND (TeamExp IS Medium) AND (Length IS Medium),High,0.0,0.0,5202.097129180978,0.0,4198.580010597804,0.3789308176100629,0.2,0.1212121212121212,3829.0
3,all,R19,IF (PointsAjust IS High) AND (TeamExp IS Low) AND (Length IS Medium),High,0.0,0.0,5202.097129180978,0.0,4198.580010597804,0.3789308176100629,0.2,0.1212121212121212,3829.0
3,all,R20,IF (PointsAjust IS High) AND (TeamExp IS Low) AND (Length IS High),Very_High,0.0,0.0,0.0,0.0,4198.580010597804,0.3789308176100629,0.2,0.1212121212121212,3829.0
4,all,R1,IF (PointsAjust IS Low) AND (TeamExp IS High) AND (Length IS Low),Very_Low,0.0,0.0,3118.6128637846928,0.0,1694.713978390112,0.2295597484276729,0.2,0.0909090909090909,2149.0
4,all,R2,IF (PointsAjust IS Low) AND (TeamExp IS High) AND (Length IS Medium),Low,0.0,0.0,842.7620212279327,0.0,1694.713978390112,0.2295597484276729,0.2,0.0909090909090909,2149.0
4,all,R3,IF (PointsAjust IS Low) AND (TeamExp IS High) AND (Length IS High),Medium,0.0,0.0,3180.421773560015,0.0,1694.713978390112,0.2295597484276729,0.2,0.0909090909090909,2149.0
4,all,R4,IF (PointsAjust IS Low) AND (TeamExp IS Medium) AND (Length IS Low),Low,0.08149907779814887,0.6504241457031678,842.7620212279327,548.152767688253,1694.713978390112,0.2295597484276729,0.2,0.0909090909090909,2149.0
4,all,R5,IF (PointsAjust IS Low) AND (TeamExp IS Medium) AND (Length IS Medium),Medium,0.001977005725739092,0.015777997677457488,3180.421773560015,50.180687356565144,1694.713978390112,0.2295597484276729,0.2,0.0909090909090909,2149.0
4,all,R6,IF (PointsAjust IS Low) AND (TeamExp IS Medium) AND (Length IS High),Medium,0.0,0.0,3180.421773560015,0.0,1694.713978390112,0.2295597484276729,0.2,0.0909090909090909,2149.0
4,all,R7,IF (PointsAjust IS Low) AND (TeamExp IS Low) AND (Length IS Medium),Medium,0.010956154661544936,0.08743838247564813,3180.421773560015,278.09093547041977,1694.713978390112,0.2295597484276729,0.2,0.0909090909090909,2149.0
4,all,R8,IF (PointsAjust IS Low) AND (TeamExp IS Low) AND (Length IS High),High,0.0,0.0,4396.6204161408505,0.0,1694.713978390112,0.2295597484276729,0.2,0.0909090909090909,2149.0
4,all,R9,IF (PointsAjust IS Medium) AND (TeamExp IS High) AND (Length IS Low),Low,0.0,0.0,842.7620212279327,0.0,1694.713978390112,0.2295597484276729,0.2,0.0909090909090909,2149.0
4,all,R10,IF (PointsAjust IS Medium) AND (TeamExp IS High) AND (Length IS Medium),Medium,0.0,0.0,3180.421773560015,0.0,1694.713978390112,0.2295597484276729,0.2,0.0909090909090909,2149.0
4,all,R11,IF (PointsAjust IS Medium) AND (TeamExp IS High) AND (Length IS High),Medium,0.0,0.0,3180.421773560015,0.0,1694.713978390112,0.2295597484276729,0.2,0.0909090909090909,2149.0
4,all,R12,IF (PointsAjust IS Medium) AND (TeamExp IS Medium) AND (Length IS Low),Medium,0.026641441457435248,0.21261880831548333,3180.421773560015,676.2174874349464,1694.713978390112,0.2295597484276729,0.2,0.0909090909090909,2149.0
4,all,R13,IF (PointsAjust IS Medium) AND (TeamExp IS Medium) AND (Length IS Medium),Medium,0.0006462684453159374,0.005157709912750455,3180.421773560015,16.403692908217874,1694.713978390112,0.2295597484276729,0.2,0.0909090909090909,2149.0
4,all,R14,IF (PointsAjust IS Medium) AND (TeamExp IS Medium) AND (Length IS High),High,0.0,0.0,4396.6204161408505,0.0,1694.713978390112,0.2295597484276729,0.2,0.0909090909090909,2149.0
4,all,R15,IF (PointsAjust IS Medium) AND (TeamExp IS Low) AND (Length IS Medium),High,0.0035814853480561166,0.02858295591549286,4396.6204161408505,125.66840753170979,1694.713978390112,0.2295597484276729,0.2,0.0909090909090909,2149.0
4,all,R16,IF (PointsAjust IS Medium) AND (TeamExp IS Low) AND (Length IS High),High,0.0,0.0,4396.6204161408505,0.0,1694.713978390112,0.2295597484276729,0.2,0.0909090909090909,2149.0
4,all,R17,IF (PointsAjust IS High) AND (TeamExp IS High) AND (Length IS Medium),Medium,0.0,0.0,3180.421773560015,0.0,1694.713978390112,0.2295597484276729,0.2,0.0909090909090909,2149.0
4,all,R18,IF (PointsAjust IS High) AND (TeamExp IS Medium) AND (Length IS Medium),High,0.0,0.0,4396.6204161408505,0.0,1694.713978390112,0.2295597484276729,0.2,0.0909090909090909,2149.0
4,all,R19,IF (PointsAjust IS High) AND (TeamExp IS Low) AND (Length IS Medium),High,0.0,0.0,4396.6204161408505,0.0,1694.713978390112,0.2295597484276729,0.2,0.0909090909090909,2149.0
4,all,R20,IF (PointsAjust IS High) AND (TeamExp IS Low) AND (Length IS High),Very_High,0.0,0.0,0.0,0.0,1694.713978390112,0.2295597484276729,0.2,0.0909090909090909,2149.0
5,all,R1,IF (PointsAjust IS Low) AND (TeamExp IS High) AND (Length IS Low),Very_Low,0.0,0.0,2822.1161488173507,0.0,1444.4331259300982,0.2044025157232704,0.2,0.0909090909090909,2821.0
5,all,R2,IF (PointsAjust IS Low) AND (TeamExp IS High) AND (Length IS Medium),Low,0.0,0.0,778.8922268636953,0.0,1444.4331259300982,0.2044025157232704,0.2,0.0909090909090909,2821.0
5,all,R3,IF (PointsAjust IS Low) AND (TeamExp IS High) AND (Length IS High),Medium,0.0,0.0,3086.0485589906234,0.0,1444.4331259300982,0.2044025157232704,0.2,0.0909090909090909,2821.0
5,all,R4,IF (PointsAjust IS Low) AND (TeamExp IS Medium) AND (Length IS Low),Low,0.09852238386564732,0.7209702556774801,778.8922268636953,561.5581279471203,1444.4331259300982,0.2044025157232704,0.2,0.0909090909090909,2821.0
5,all,R5,IF (PointsAjust IS Low) AND (TeamExp IS Medium) AND (Length IS Medium),Medium,0.002389957313360834,0.01748930616236163,3086.0485589906234,53.97284808010194,1444.4331259300982,0.2044025157232704,0.2,0.0909090909090909,2821.0
5,all,R6,IF (PointsAjust IS Low) AND (TeamExp IS Medium) AND (Length IS High),Medium,0.0,0.0,3086.0485589906234,0.0,1444.4331259300982,0.2044025157232704,0.2,0.0909090909090909,2821.0
5,all,R7,IF (PointsAjust IS Low) AND (TeamExp IS Low) AND (Length IS Medium),Medium,0.013244646496854586,0.0969220982737977,3086.0485589906234,299.106301712201,1444.4331259300982,0.2044025157232704,0.2,0.0909090909090909,2821.0
5,all,R8,IF (PointsAjust IS Low) AND (TeamExp IS Low) AND (Length IS High),High,0.0,0.0,4226.180703890446,0.0,1444.4331259300982,0.2044025157232704,0.2,0.0909090909090909,2821.0
5,all,R9,IF (PointsAjust IS Medium) AND (TeamExp IS High) AND (Length IS Low),Low,0.0,0.0,778.8922268636953,0.0,1444.4331259300982,0.2044025157232704,0.2,0.0909090909090909,2821.0
5,all,R10,IF (PointsAjust IS Medium) AND (TeamExp IS High) AND (Length IS Medium),Medium,0.0,0.0,3086.0485589906234,0.0,1444.4331259300982,0.2044025157232704,0.2,0.0909090909090909,2821.0
5,all,R11,IF (PointsAjust IS Medium) AND (TeamExp IS High) AND (Length IS High),Medium,0.0,0.0,3086.0485589906234,0.0,1444.4331259300982,0.2044025157232704,0.2,0.0909090909090909,2821.0
5,all,R12,IF (PointsAjust IS Medium) AND (TeamExp IS Medium) AND (Length IS Low),Medium,0.019414588622167446,0.14207269834117095,3086.0485589906234,438.44324598768014,1444.4331259300982,0.2044025157232704,0.2,0.0909090909090909,2821.0
5,all,R13,IF (PointsAjust IS Medium) AND (TeamExp IS Medium) AND (Length IS Medium),Medium,0.0004709593520058932,0.00344640142784631,3086.0485589906234,10.635762160108332,1444.4331259300982,0.2044025157232704,0.2,0.0909090909090909,2821.0
5,all,R14,IF (PointsAjust IS Medium) AND (TeamExp IS Medium) AND (Length IS High),High,0.0,0.0,4226.180703890446,0.0,1444.4331259300982,0.2044025157232704,0.2,0.0909090909090909,2821.0
5,all,R15,IF (PointsAjust IS Medium) AND (TeamExp IS Low) AND (Length IS Medium),High,0.0026099588042156783,0.0190992401173433,4226.180703890446,80.71684004288656,1444.4331259300982,0.2044025157232704,0.2,0.0909090909090909,2821.0
5,all,R16,IF (PointsAjust IS Medium) AND (TeamExp IS Low) AND (Length IS High),High,0.0,0.0,4226.180703890446,0.0,1444.4331259300982,0.2044025157232704,0.2,0.0909090909090909,2821.0
5,all,R17,IF (PointsAjust IS High) AND (TeamExp IS High) AND (Length IS Medium),Medium,0.0,0.0,3086.0485589906234,0.0,1444.4331259300982,0.2044025157232704,0.2,0.0909090909090909,2821.0
5,all,R18,IF (PointsAjust IS High) AND (TeamExp IS Medium) AND (Length IS Medium),High,0.0,0.0,4226.180703890446,0.0,1444.4331259300982,0.2044025157232704,0.2,0.0909090909090909,2821.0
5,all,R19,IF (PointsAjust IS High) AND (TeamExp IS Low) AND (Length IS Medium),High,0.0,0.0,4226.180703890446,0.0,1444.4331259300982,0.2044025157232704,0.2,0.0909090909090909,2821.0
5,all,R20,IF (PointsAjust IS High) AND (TeamExp IS Low) AND (Length IS High),Very_High,0.0,0.0,0.0,0.0,1444.4331259300982,0.2044025157232704,0.2,0.0909090909090909,2821.0
6,all,R1,IF (PointsAjust IS Low) AND (TeamExp IS High) AND (Length IS Low),Very_Low,0.0,0.0,2956.4389520547747,0.0,2526.6545613315857,0.130503144654088,0.6,0.2424242424242424,2569.0
6,all,R2,IF (PointsAjust IS Low) AND (TeamExp IS High) AND (Length IS Medium),Low,0.0,0.0,2060.0880905711933,0.0,2526.6545613315857,0.130503144654088,0.6,0.2424242424242424,2569.0
6,all,R3,IF (PointsAjust IS Low) AND (TeamExp IS High) AND (Length IS High),Medium,0.0,0.0,3470.69315561067,0.0,2526.6545613315857,0.130503144654088,0.6,0.2424242424242424,2569.0
6,all,R4,IF (PointsAjust IS Low) AND (TeamExp IS Medium) AND (Length IS Low),Low,0.43069966369010143,0.6692437292876621,2060.0880905711933,1378.7010363949644,2526.6545613315857,0.130503144654088,0.6,0.2424242424242424,2569.0
6,all,R5,IF (PointsAjust IS Low) AND (TeamExp IS Medium) AND (Length IS Medium),Medium,0.18331274873598588,0.2848409644413262,3470.69315561067,988.5955857240532,2526.6545613315857,0.130503144654088,0.6,0.2424242424242424,2569.0
6,all,R6,IF (PointsAjust IS Low) AND (TeamExp IS Medium) AND (Length IS High),Medium,0.0,0.0,3470.69315561067,0.0,2526.6545613315857,0.130503144654088,0.6,0.2424242424242424,2569.0
6,all,R7,IF (PointsAjust IS Low) AND (TeamExp IS Low) AND (Length IS Medium),Medium,0.0,0.0,3470.69315561067,0.0,2526.6545613315857,0.130503144654088,0.6,0.2424242424242424,2569.0
6,all,R8,IF (PointsAjust IS Low) AND (TeamExp IS Low) AND (Length IS High),High,0.0,0.0,1607.6533456768839,0.0,2526.6545613315857,0.130503144654088,0.6,0.2424242424242424,2569.0
6,all,R9,IF (PointsAjust IS Medium) AND (TeamExp IS High) AND (Length IS Low),Low,0.0,0.0,2060.0880905711933,0.0,2526.6545613315857,0.130503144654088,0.6,0.2424242424242424,2569.0
6,all,R10,IF (PointsAjust IS Medium) AND (TeamExp IS High) AND (Length IS Medium),Medium,0.0,0.0,3470.69315561067,0.0,2526.6545613315857,0.130503144654088,0.6,0.2424242424242424,2569.0
6,all,R11,IF (PointsAjust IS Medium) AND (TeamExp IS High) AND (Length IS High),Medium,0.0,0.0,3470.69315561067,0.0,2526.6545613315857,0.130503144654088,0.6,0.2424242424242424,2569.0
6,all,R12,IF (PointsAjust IS Medium) AND (TeamExp IS Medium) AND (Length IS Low),Medium,0.02072741246048133,0.03220734071321934,3470.69315561067,111.78179697379124,2526.6545613315857,0.130503144654088,0.6,0.2424242424242424,2569.0
6,all,R13,IF (PointsAjust IS Medium) AND (TeamExp IS Medium) AND (Length IS Medium),Medium,0.008821922264256184,0.013707965557792363,3470.69315561067,47.57614223877676,2526.6545613315857,0.130503144654088,0.6,0.2424242424242424,2569.0
6,all,R14,IF (PointsAjust IS Medium) AND (TeamExp IS Medium) AND (Length IS High),High,0.0,0.0,1607.6533456768839,0.0,2526.6545613315857,0.130503144654088,0.6,0.2424242424242424,2569.0
6,all,R15,IF (PointsAjust IS Medium) AND (TeamExp IS Low) AND (Length IS Medium),High,0.0,0.0,1607.6533456768839,0.0,2526.6545613315857,0.130503144654088,0.6,0.2424242424242424,2569.0
6,all,R16,IF (PointsAjust IS Medium) AND (TeamExp IS Low) AND (Length IS High),High,0.0,0.0,1607.6533456768839,0.0,2526.6545613315857,0.130503144654088,0.6,0.2424242424242424,2569.0
6,all,R17,IF (PointsAjust IS High) AND (TeamExp IS High) AND (Length IS Medium),Medium,0.0,0.0,3470.69315561067,0.0,2526.6545613315857,0.130503144654088,0.6,0.2424242424242424,2569.0
6,all,R18,IF (PointsAjust IS High) AND (TeamExp IS Medium) AND (Length IS Medium),High,0.0,0.0,1607.6533456768839,0.0,2526.6545613315857,0.130503144654088,0.6,0.2424242424242424,2569.0
6,all,R19,IF (PointsAjust IS High) AND (TeamExp IS Low) AND (Length IS Medium),High,0.0,0.0,1607.6533456768839,0.0,2526.6545613315857,0.130503144654088,0.6,0.2424242424242424,2569.0
6,all,R20,IF (PointsAjust IS High) AND (TeamExp IS Low) AND (Length IS High),Very_High,0.0,0.0,0.0,0.0,2526.6545613315857,0.130503144654088,0.6,0.2424242424242424,2569.0
7,all,R1,IF (PointsAjust IS Low) AND (TeamExp IS High) AND (Length IS Low),Very_Low,0.0,0.0,4731.90514638708,0.0,5090.985631284504,0.2389937106918239,0.4,0.3636363636363636,3913.0
7,all,R2,IF (PointsAjust IS Low) AND (TeamExp IS High) AND (Length IS Medium),Low,0.0,0.0,1616.2329217042584,0.0,5090.985631284504,0.2389937106918239,0.4,0.3636363636363636,3913.0
7,all,R3,IF (PointsAjust IS Low) AND (TeamExp IS High) AND (Length IS High),Medium,0.0,0.0,5090.985631284504,0.0,5090.985631284504,0.2389937106918239,0.4,0.3636363636363636,3913.0
7,all,R4,IF (PointsAjust IS Low) AND (TeamExp IS Medium) AND (Length IS Low),Low,0.0,0.0,1616.2329217042584,0.0,5090.985631284504,0.2389937106918239,0.4,0.3636363636363636,3913.0
7,all,R5,IF (PointsAjust IS Low) AND (TeamExp IS Medium) AND (Length IS Medium),Medium,0.2939998949004695,0.7160887556878411,5090.985631284504,3645.597565931199,5090.985631284504,0.2389937106918239,0.4,0.3636363636363636,3913.0
7,all,R6,IF (PointsAjust IS Low) AND (TeamExp IS Medium) AND (Length IS High),Medium,0.0,0.0,5090.985631284504,0.0,5090.985631284504,0.2389937106918239,0.4,0.3636363636363636,3913.0
7,all,R7,IF (PointsAjust IS Low) AND (TeamExp IS Low) AND (Length IS Medium),Medium,0.0,0.0,5090.985631284504,0.0,5090.985631284504,0.2389937106918239,0.4,0.3636363636363636,3913.0
7,all,R8,IF (PointsAjust IS Low) AND (TeamExp IS Low) AND (Length IS High),High,0.0,0.0,2059.295946592514,0.0,5090.985631284504,0.2389937106918239,0.4,0.3636363636363636,3913.0
7,all,R9,IF (PointsAjust IS Medium) AND (TeamExp IS High) AND (Length IS Low),Low,0.0,0.0,1616.2329217042584,0.0,5090.985631284504,0.2389937106918239,0.4,0.3636363636363636,3913.0
7,all,R10,IF (PointsAjust IS Medium) AND (TeamExp IS High) AND (Length IS Medium),Medium,0.0,0.0,5090.985631284504,0.0,5090.985631284504,0.2389937106918239,0.4,0.3636363636363636,3913.0
7,all,R11,IF (PointsAjust IS Medium) AND (TeamExp IS High) AND (Length IS High),Medium,0.0,0.0,5090.985631284504,0.0,5090.985631284504,0.2389937106918239,0.4,0.3636363636363636,3913.0
7,all,R12,IF (PointsAjust IS Medium) AND (TeamExp IS Medium) AND (Length IS Low),Medium,0.0,0.0,5090.985631284504,0.0,5090.985631284504,0.2389937106918239,0.4,0.3636363636363636,3913.0
7,all,R13,IF (PointsAjust IS Medium) AND (TeamExp IS Medium) AND (Length IS Medium),Medium,0.11656358981458798,0.2839112443121588,5090.985631284504,1445.388065353305,5090.985631284504,0.2389937106918239,0.4,0.3636363636363636,3913.0
7,all,R14,IF (PointsAjust IS Medium) AND (TeamExp IS Medium) AND (Length IS High),High,0.0,0.0,2059.295946592514,0.0,5090.985631284504,0.2389937106918239,0.4,0.3636363636363636,3913.0
7,all,R15,IF (PointsAjust IS Medium) AND (TeamExp IS Low) AND (Length IS Medium),High,0.0,0.0,2059.295946592514,0.0,5090.985631284504,0.2389937106918239,0.4,0.3636363636363636,3913.0
7,all,R16,IF (PointsAjust IS Medium) AND (TeamExp IS Low) AND (Length IS High),High,0.0,0.0,2059.295946592514,0.0,5090.985631284504,0.2389937106918239,0.4,0.3636363636363636,3913.0
7,all,R17,IF (PointsAjust IS High) AND (TeamExp IS High) AND (Length IS Medium),Medium,0.0,0.0,5090.985631284504,0.0,5090.985631284504,0.2389937106918239,0.4,0.3636363636363636,3913.0
7,all,R18,IF (PointsAjust IS High) AND (TeamExp IS Medium) AND (Length IS Medium),High,0.0,0.0,2059.295946592514,0.0,5090.985631284504,0.2389937106918239,0.4,0.3636363636363636,3913.0
7,all,R19,IF (PointsAjust IS High) AND (TeamExp IS Low) AND (Length IS Medium),High,0.0,0.0,2059.295946592514,0.0,5090.985631284504,0.2389937106918239,0.4,0.3636363636363636,3913.0
7,all,R20,IF (PointsAjust IS High) AND (TeamExp IS Low) AND (Length IS High),Very_High,0.0,0.0,0.0,0.0,5090.985631284504,0.2389937106918239,0.4,0.3636363636363636,3913.0
8,all,R1,IF (PointsAjust IS Low) AND (TeamExp IS High) AND (Length IS Low),Very_Low,0.012316561844863728,0.04618701112828673,5426.128389603397,250.61665231412465,4074.911860766082,0.2908805031446541,0.8,0.3333333333333333,7854.0
8,all,R2,IF (PointsAjust IS Low) AND (TeamExp IS High) AND (Length IS Medium),Low,0.07972375106971209,0.298963446473588,3202.8272631435484,957.5282770489647,4074.911860766082,0.2908805031446541,0.8,0.3333333333333333,7854.0
8,all,R3,IF (PointsAjust IS Low) AND (TeamExp IS High) AND (Length IS High),Medium,0.0,0.0,4522.0431207033735,0.0,4074.911860766082,0.2908805031446541,0.8,0.3333333333333333,7854.0
8,all,R4,IF (PointsAjust IS Low) AND (TeamExp IS Medium) AND (Length IS Low),Low,0.0033337307715517765,0.012501464465798525,3202.8272631435484,40.040031220279815,4074.911860766082,0.2908805031446541,0.8,0.3333333333333333,7854.0
8,all,R5,IF (PointsAjust IS Low) AND (TeamExp IS Medium) AND (Length IS Medium),Medium,0.021578872863409364,0.0809206054117938,4522.0431207033735,365.9264670255543,4074.911860766082,0.2908805031446541,0.8,0.3333333333333333,7854.0
8,all,R6,IF (PointsAjust IS Low) AND (TeamExp IS Medium) AND (Length IS High),Medium,0.0,0.0,4522.0431207033735,0.0,4074.911860766082,0.2908805031446541,0.8,0.3333333333333333,7854.0
8,all,R7,IF (PointsAjust IS Low) AND (TeamExp IS Low) AND (Length IS Medium),Medium,0.0,0.0,4522.0431207033735,0.0,4074.911860766082,0.2908805031446541,0.8,0.3333333333333333,7854.0
8,all,R8,IF (PointsAjust IS Low) AND (TeamExp IS Low) AND (Length IS High),High,0.0,0.0,1532.0216203108903,0.0,4074.911860766082,0.2908805031446541,0.8,0.3333333333333333,7854.0
8,all,R9,IF (PointsAjust IS Medium) AND (TeamExp IS High) AND (Length IS Low),Low,0.01576673355817621,0.05912512822008841,3202.8272631435484,189.36757260015716,4074.911860766082,0.2908805031446541,0.8,0.3333333333333333,7854.0
8,all,R10,IF (PointsAjust IS Medium) AND (TeamExp IS High) AND (Length IS Medium),Medium,0.102056333350748,0.38271045633963535,4522.0431207033735,1730.633186311897,4074.911860766082,0.2908805031446541,0.8,0.3333333333333333,7854.0
8,all,R11,IF (PointsAjust IS Medium) AND (TeamExp IS High) AND (Length IS High),Medium,0.0,0.0,4522.0431207033735,0.0,4074.911860766082,0.2908805031446541,0.8,0.3333333333333333,7854.0
8,all,R12,IF (PointsAjust IS Medium) AND (TeamExp IS Medium) AND (Length IS Low),Medium,0.004267590703623965,0.016003431948133404,4522.0431207033735,72.36820934870124,4074.911860766082,0.2908805031446541,0.8,0.3333333333333333,7854.0
8,all,R13,IF (PointsAjust IS Medium) AND (TeamExp IS Medium) AND (Length IS Medium),Medium,0.02762364556022726,0.10358845601267559,4522.0431207033735,468.43146489640367,4074.911860766082,0.2908805031446541,0.8,0.3333333333333333,7854.0
8,all,R14,IF (PointsAjust IS Medium) AND (TeamExp IS Medium) AND (Length IS High),High,0.0,0.0,1532.0216203108903,0.0,4074.911860766082,0.2908805031446541,0.8,0.3333333333333333,7854.0
8,all,R15,IF (PointsAjust IS Medium) AND (TeamExp IS Low) AND (Length IS Medium),High,0.0,0.0,1532.0216203108903,0.0,4074.911860766082,0.2908805031446541,0.8,0.3333333333333333,7854.0
8,all,R16,IF (PointsAjust IS Medium) AND (TeamExp IS Low) AND (Length IS High),High,0.0,0.0,1532.0216203108903,0.0,4074.911860766082,0.2908805031446541,0.8,0.3333333333333333,7854.0
8,all,R17,IF (PointsAjust IS High) AND (TeamExp IS High) AND (Length IS Medium),Medium,0.0,0.0,4522.0431207033735,0.0,4074.911860766082,0.2908805031446541,0.8,0.3333333333333333,7854.0
8,all,R18,IF (PointsAjust IS High) AND (TeamExp IS Medium) AND (Length IS Medium),High,0.0,0.0,1532.0216203108903,0.0,4074.911860766082,0.2908805031446541,0.8,0.3333333333333333,7854.0
8,all,R19,IF (PointsAjust IS High) AND (TeamExp IS Low) AND (Length IS Medium),High,0.0,0.0,1532.0216203108903,0.0,4074.911860766082,0.2908805031446541,0.8,0.3333333333333333,7854.0
8,all,R20,IF (PointsAjust IS High) AND (TeamExp IS Low) AND (Length IS High),Very_High,0.0,0.0,0.0,0.0,4074.911860766082,0.2908805031446541,0.8,0.3333333333333333,7854.0
9,all,R1,IF (PointsAjust IS Low) AND (TeamExp IS High) AND (Length IS Low),Very_Low,0.5000000000000001,0.757166178931305,1527.547108420224,1156.6070072201048,1783.2717956477823,0.0644654088050314,0.8,0.0909090909090909,2422.0
9,all,R2,IF (PointsAjust IS Low) AND (TeamExp IS High) AND (Length IS Medium),Low,0.012129006727141133,0.018367347355643087,2609.3984550795476,47.92772781372449,1783.2717956477823,0.0644654088050314,0.8,0.0909090909090909,2422.0
9,all,R3,IF (PointsAjust IS Low) AND (TeamExp IS High) AND (Length IS High),Medium,0.0,0.0,1772.079949514663,0.0,1783.2717956477823,0.0644654088050314,0.8,0.0909090909090909,2422.0
9,all,R4,IF (PointsAjust IS Low) AND (TeamExp IS Medium) AND (Length IS Low),Low,0.13533528323661262,0.20494259856570368,2609.3984550795476,534.7769000773351,1783.2717956477823,0.0644654088050314,0.8,0.0909090909090909,2422.0
9,all,R5,IF (PointsAjust IS Low) AND (TeamExp IS Medium) AND (Length IS Medium),Medium,0.003282965121592849,0.004971500313362408,1772.079949514663,8.809896024315387,1783.2717956477823,0.0644654088050314,0.8,0.0909090909090909,2422.0
9,all,R6,IF (PointsAjust IS Low) AND (TeamExp IS Medium) AND (Length IS High),Medium,0.0,0.0,1772.079949514663,0.0,1783.2717956477823,0.0644654088050314,0.8,0.0909090909090909,2422.0
9,all,R7,IF (PointsAjust IS Low) AND (TeamExp IS Low) AND (Length IS Medium),Medium,0.0,0.0,1772.079949514663,0.0,1783.2717956477823,0.0644654088050314,0.8,0.0909090909090909,2422.0
9,all,R8,IF (PointsAjust IS Low) AND (TeamExp IS Low) AND (Length IS High),High,0.0,0.0,1650.136837630464,0.0,1783.2717956477823,0.0644654088050314,0.8,0.0909090909090909,2422.0
9,all,R9,IF (PointsAjust IS Medium) AND (TeamExp IS High) AND (Length IS Low),Low,0.0073836368683391105,0.01118128022843326,2609.3984550795476,29.17641535388524,1783.2717956477823,0.0644654088050314,0.8,0.0909090909090909,2422.0
9,all,R10,IF (PointsAjust IS Medium) AND (TeamExp IS High) AND (Length IS Medium),Medium,0.00017911236249370467,0.0002712356462174342,1772.079949514663,0.4806512502555678,1783.2717956477823,0.0644654088050314,0.8,0.0909090909090909,2422.0
9,all,R11,IF (PointsAjust IS Medium) AND (TeamExp IS High) AND (Length IS High),Medium,0.0,0.0,1772.079949514663,0.0,1783.2717956477823,0.0644654088050314,0.8,0.0909090909090909,2422.0
9,all,R12,IF (PointsAjust IS Medium) AND (TeamExp IS Medium) AND (Length IS Low),Medium,0.0019985331737859373,0.003026443453325903,1772.079949514663,5.363099761978749,1783.2717956477823,0.0644654088050314,0.8,0.0909090909090909,2422.0
9,all,R13,IF (PointsAjust IS Medium) AND (TeamExp IS Medium) AND (Length IS Medium),Medium,4.848044461852869e-05,7.341550600940422e-05,1772.079949514663,0.13009814618273846,1783.2717956477823,0.0644654088050314,0.8,0.0909090909090909,2422.0
9,all,R14,IF (PointsAjust IS Medium) AND (TeamExp IS Medium) AND (Length IS High),High,0.0,0.0,1650.136837630464,0.0,1783.2717956477823,0.0644654088050314,0.8,0.0909090909090909,2422.0
9,all,R15,IF (PointsAjust IS Medium) AND (TeamExp IS Low) AND (Length IS Medium),High,0.0,0.0,1650.136837630464,0.0,1783.2717956477823,0.0644654088050314,0.8,0.0909090909090909,2422.0
9,all,R16,IF (PointsAjust IS Medium) AND (TeamExp IS Low) AND (Length IS High),High,0.0,0.0,1650.136837630464,0.0,1783.2717956477823,0.0644654088050314,0.8,0.0909090909090909,2422.0
9,all,R17,IF (PointsAjust IS High) AND (TeamExp IS High) AND (Length IS Medium),Medium,0.0,0.0,1772.079949514663,0.0,1783.2717956477823,0.0644654088050314,0.8,0.0909090909090909,2422.0
9,all,R18,IF (PointsAjust IS High) AND (TeamExp IS Medium) AND (Length IS Medium),High,0.0,0.0,1650.136837630464,0.0,1783.2717956477823,0.0644654088050314,0.8,0.0909090909090909,2422.0
9,all,R19,IF (PointsAjust IS High) AND (TeamExp IS Low) AND (Length IS Medium),High,0.0,0.0,1650.136837630464,0.0,1783.2717956477823,0.0644654088050314,0.8,0.0909090909090909,2422.0
9,all,R20,IF (PointsAjust IS High) AND (TeamExp IS Low) AND (Length IS High),Very_High,0.0,0.0,0.0,0.0,1783.2717956477823,0.0644654088050314,0.8,0.0909090909090909,2422.0
10,all,R1,IF (PointsAjust IS Low) AND (TeamExp IS High) AND (Length IS Low),Very_Low,0.0,0.0,6742.923957238442,0.0,5069.686959492001,0.2751572327044025,1.0,0.6060606060606061,4067.0
10,all,R2,IF (PointsAjust IS Low) AND (TeamExp IS High) AND (Length IS Medium),Low,0.2914454628650566,0.5228353866210412,3912.4283692556364,2045.5559990669005,5069.686959492001,0.2751572327044025,1.0,0.6060606060606061,4067.0
10,all,R3,IF (PointsAjust IS Low) AND (TeamExp IS High) AND (Length IS High),Medium,0.005669906613302876,0.01017146668584091,6338.233763858471,64.46913357615848,5069.686959492001,0.2751572327044025,1.0,0.6060606060606061,4067.0
10,all,R4,IF (PointsAjust IS Low) AND (TeamExp IS Medium) AND (Length IS Low),Low,0.0,0.0,3912.4283692556364,0.0,5069.686959492001,0.2751572327044025,1.0,0.6060606060606061,4067.0
10,all,R5,IF (PointsAjust IS Low) AND (TeamExp IS Medium) AND (Length IS Medium),Medium,0.0011267048844479965,0.002021239850767335,6338.233763858471,12.811090666989779,5069.686959492001,0.2751572327044025,1.0,0.6060606060606061,4067.0
10,all,R6,IF (PointsAjust IS Low) AND (TeamExp IS Medium) AND (Length IS High),Medium,2.1919406165297645e-05,3.9322077908769104e-05,6338.233763858471,0.24923252186643366,5069.686959492001,0.2751572327044025,1.0,0.6060606060606061,4067.0
10,all,R7,IF (PointsAjust IS Low) AND (TeamExp IS Low) AND (Length IS Medium),Medium,0.0,0.0,6338.233763858471,0.0,5069.686959492001,0.2751572327044025,1.0,0.6060606060606061,4067.0
10,all,R8,IF (PointsAjust IS Low) AND (TeamExp IS Low) AND (Length IS High),High,0.0,0.0,-975.7425614878512,-0.0,5069.686959492001,0.2751572327044025,1.0,0.6060606060606061,4067.0
10,all,R9,IF (PointsAjust IS Medium) AND (TeamExp IS High) AND (Length IS Low),Low,0.0,0.0,3912.4283692556364,0.0,5069.686959492001,0.2751572327044025,1.0,0.6060606060606061,4067.0
10,all,R10,IF (PointsAjust IS Medium) AND (TeamExp IS High) AND (Length IS Medium),Medium,0.2532437754746591,0.4543038891669789,6338.233763858471,2879.4842493703622,5069.686959492001,0.2751572327044025,1.0,0.6060606060606061,4067.0
10,all,R11,IF (PointsAjust IS Medium) AND (TeamExp IS High) AND (Length IS High),Medium,0.004926714395297983,0.008838225170208706,6338.233763858471,56.01873718640061,5069.686959492001,0.2751572327044025,1.0,0.6060606060606061,4067.0
10,all,R12,IF (PointsAjust IS Medium) AND (TeamExp IS Medium) AND (Length IS Low),Medium,0.0,0.0,6338.233763858471,0.0,5069.686959492001,0.2751572327044025,1.0,0.6060606060606061,4067.0
10,all,R13,IF (PointsAjust IS Medium) AND (TeamExp IS Medium) AND (Length IS Medium),Medium,0.0009790202118036143,0.0017563025545714456,6338.233763858471,11.131856150935622,5069.686959492001,0.2751572327044025,1.0,0.6060606060606061,4067.0
10,all,R14,IF (PointsAjust IS Medium) AND (TeamExp IS Medium) AND (Length IS High),High,1.9046284402213067e-05,3.416787268270532e-05,-975.7425614878512,-0.033339047612013666,5069.686959492001,0.2751572327044025,1.0,0.6060606060606061,4067.0
10,all,R15,IF (PointsAjust IS Medium) AND (TeamExp IS Low) AND (Length IS Medium),High,0.0,0.0,-975.7425614878512,-0.0,5069.686959492001,0.2751572327044025,1.0,0.6060606060606061,4067.0
10,all,R16,IF (PointsAjust IS Medium) AND (TeamExp IS Low) AND (Length IS High),High,0.0,0.0,-975.7425614878512,-0.0,5069.686959492001,0.2751572327044025,1.0,0.6060606060606061,4067.0
10,all,R17,IF (PointsAjust IS High) AND (TeamExp IS High) AND (Length IS Medium),Medium,0.0,0.0,6338.233763858471,0.0,5069.686959492001,0.2751572327044025,1.0,0.6060606060606061,4067.0
10,all,R18,IF (PointsAjust IS High) AND (TeamExp IS Medium) AND (Length IS Medium),High,0.0,0.0,-975.7425614878512,-0.0,5069.686959492001,0.2751572327044025,1.0,0.6060606060606061,4067.0
10,all,R19,IF (PointsAjust IS High) AND (TeamExp IS Low) AND (Length IS Medium),High,0.0,0.0,-975.7425614878512,-0.0,5069.686959492001,0.2751572327044025,1.0,0.6060606060606061,4067.0
10,all,R20,IF (PointsAjust IS High) AND (TeamExp IS Low) AND (Length IS High),Very_High,0.0,0.0,0.0,0.0,5069.686959492001,0.2751572327044025,1.0,0.6060606060606061,4067.0
11,all,R1,IF (PointsAjust IS Low) AND (TeamExp IS High) AND (Length IS Low),Very_Low,0.0,0.0,6521.461428899688,0.0,6114.486460408814,0.3286163522012578,0.6,0.4848484848484848,9051.0
11,all,R2,IF (PointsAjust IS Low) AND (TeamExp IS High) AND (Length IS Medium),Low,0.0,0.0,2581.663379975427,0.0,6114.486460408814,0.3286163522012578,0.6,0.4848484848484848,9051.0
11,all,R3,IF (PointsAjust IS Low) AND (TeamExp IS High) AND (Length IS High),Medium,0.0,0.0,6114.486460408815,0.0,6114.486460408814,0.3286163522012578,0.6,0.4848484848484848,9051.0
11,all,R4,IF (PointsAjust IS Low) AND (TeamExp IS Medium) AND (Length IS Low),Low,0.0,0.0,2581.663379975427,0.0,6114.486460408814,0.3286163522012578,0.6,0.4848484848484848,9051.0
11,all,R5,IF (PointsAjust IS Low) AND (TeamExp IS Medium) AND (Length IS Medium),Medium,0.08517778652831547,0.17037500527899535,6114.486460408815,1041.7556629704975,6114.486460408814,0.3286163522012578,0.6,0.4848484848484848,9051.0
11,all,R6,IF (PointsAjust IS Low) AND (TeamExp IS Medium) AND (Length IS High),Medium,0.0,0.0,6114.486460408815,0.0,6114.486460408814,0.3286163522012578,0.6,0.4848484848484848,9051.0
11,all,R7,IF (PointsAjust IS Low) AND (TeamExp IS Low) AND (Length IS Medium),Medium,0.0,0.0,6114.486460408815,0.0,6114.486460408814,0.3286163522012578,0.6,0.4848484848484848,9051.0
11,all,R8,IF (PointsAjust IS Low) AND (TeamExp IS Low) AND (Length IS High),High,0.0,0.0,1297.7934520756044,0.0,6114.486460408814,0.3286163522012578,0.6,0.4848484848484848,9051.0
11,all,R9,IF (PointsAjust IS Medium) AND (TeamExp IS High) AND (Length IS Low),Low,0.0,0.0,2581.663379975427,0.0,6114.486460408814,0.3286163522012578,0.6,0.4848484848484848,9051.0
11,all,R10,IF (PointsAjust IS Medium) AND (TeamExp IS High) AND (Length IS Medium),Medium,0.0,0.0,6114.486460408815,0.0,6114.486460408814,0.3286163522012578,0.6,0.4848484848484848,9051.0
11,all,R11,IF (PointsAjust IS Medium) AND (TeamExp IS High) AND (Length IS High),Medium,0.0,0.0,6114.486460408815,0.0,6114.486460408814,0.3286163522012578,0.6,0.4848484848484848,9051.0
11,all,R12,IF (PointsAjust IS Medium) AND (TeamExp IS Medium) AND (Length IS Low),Medium,0.0,0.0,6114.486460408815,0.0,6114.486460408814,0.3286163522012578,0.6,0.4848484848484848,9051.0
11,all,R13,IF (PointsAjust IS Medium) AND (TeamExp IS Medium) AND (Length IS Medium),Medium,0.4147651856748765,0.8296249947210046,6114.486460408815,5072.7307974383175,6114.486460408814,0.3286163522012578,0.6,0.4848484848484848,9051.0
11,all,R14,IF (PointsAjust IS Medium) AND (TeamExp IS Medium) AND (Length IS High),High,0.0,0.0,1297.7934520756044,0.0,6114.486460408814,0.3286163522012578,0.6,0.4848484848484848,9051.0
11,all,R15,IF (PointsAjust IS Medium) AND (TeamExp IS Low) AND (Length IS Medium),High,0.0,0.0,1297.7934520756044,0.0,6114.486460408814,0.3286163522012578,0.6,0.4848484848484848,9051.0
11,all,R16,IF (PointsAjust IS Medium) AND (TeamExp IS Low) AND (Length IS High),High,0.0,0.0,1297.7934520756044,0.0,6114.486460408814,0.3286163522012578,0.6,0.4848484848484848,9051.0
11,all,R17,IF (PointsAjust IS High) AND (TeamExp IS High) AND (Length IS Medium),Medium,0.0,0.0,6114.486460408815,0.0,6114.486460408814,0.3286163522012578,0.6,0.4848484848484848,9051.0
11,all,R18,IF (PointsAjust IS High) AND (TeamExp IS Medium) AND (Length IS Medium),High,0.0,0.0,1297.7934520756044,0.0,6114.486460408814,0.3286163522012578,0.6,0.4848484848484848,9051.0
11,all,R19,IF (PointsAjust IS High) AND (TeamExp IS Low) AND (Length IS Medium),High,0.0,0.0,1297.7934520756044,0.0,6114.486460408814,0.3286163522012578,0.6,0.4848484848484848,9051.0
11,all,R20,IF (PointsAjust IS High) AND (TeamExp IS Low) AND (Length IS High),Very_High,0.0,0.0,0.0,0.0,6114.486460408814,0.3286163522012578,0.6,0.4848484848484848,9051.0
12,all,R1,IF (PointsAjust IS Low) AND (TeamExp IS High) AND (Length IS Low),Very_Low,0.0,0.0,859.3549579228934,0.0,1109.8938404190676,0.040880503144654,0.4,0.0606060606060606,2282.0
12,all,R2,IF (PointsAjust IS Low) AND (TeamExp IS High) AND (Length IS Medium),Low,0.0,0.0,1090.0074676035592,0.0,1109.8938404190676,0.040880503144654,0.4,0.0606060606060606,2282.0
12,all,R3,IF (PointsAjust IS Low) AND (TeamExp IS High) AND (Length IS High),Medium,0.0,0.0,1972.0412664703135,0.0,1109.8938404190676,0.040880503144654,0.4,0.0606060606060606,2282.0
12,all,R4,IF (PointsAjust IS Low) AND (TeamExp IS Medium) AND (Length IS Low),Low,0.8007374029168082,0.9774539560263354,1090.0074676035592,1065.4321113073468,1109.8938404190676,0.040880503144654,0.4,0.0606060606060606,2282.0
12,all,R5,IF (PointsAjust IS Low) AND (TeamExp IS Medium) AND (Length IS Medium),Medium,0.010969893039401366,0.013390863608331577,1972.0412664703135,26.407335629305436,1109.8938404190676,0.040880503144654,0.4,0.0606060606060606,2282.0
12,all,R6,IF (PointsAjust IS Low) AND (TeamExp IS Medium) AND (Length IS High),Medium,0.0,0.0,1972.0412664703135,0.0,1109.8938404190676,0.040880503144654,0.4,0.0606060606060606,2282.0
12,all,R7,IF (PointsAjust IS Low) AND (TeamExp IS Low) AND (Length IS Medium),Medium,0.0,0.0,1972.0412664703135,0.0,1109.8938404190676,0.040880503144654,0.4,0.0606060606060606,2282.0
12,all,R8,IF (PointsAjust IS Low) AND (TeamExp IS Low) AND (Length IS High),High,0.0,0.0,2782.1739970870976,0.0,1109.8938404190676,0.040880503144654,0.4,0.0606060606060606,2282.0
12,all,R9,IF (PointsAjust IS Medium) AND (TeamExp IS High) AND (Length IS Low),Low,0.0,0.0,1090.0074676035592,0.0,1109.8938404190676,0.040880503144654,0.4,0.0606060606060606,2282.0
12,all,R10,IF (PointsAjust IS Medium) AND (TeamExp IS High) AND (Length IS Medium),Medium,0.0,0.0,1972.0412664703135,0.0,1109.8938404190676,0.040880503144654,0.4,0.0606060606060606,2282.0
12,all,R11,IF (PointsAjust IS Medium) AND (TeamExp IS High) AND (Length IS High),Medium,0.0,0.0,1972.0412664703135,0.0,1109.8938404190676,0.040880503144654,0.4,0.0606060606060606,2282.0
12,all,R12,IF (PointsAjust IS Medium) AND (TeamExp IS Medium) AND (Length IS Low),Medium,0.007398631151621302,0.009031451836755609,1972.0412664703135,17.81039571822117,1109.8938404190676,0.040880503144654,0.4,0.0606060606060606,2282.0
12,all,R13,IF (PointsAjust IS Medium) AND (TeamExp IS Medium) AND (Length IS Medium),Medium,0.00010135931214855577,0.00012372852857731094,1972.0412664703135,0.24399776419410865,1109.8938404190676,0.040880503144654,0.4,0.0606060606060606,2282.0
12,all,R14,IF (PointsAjust IS Medium) AND (TeamExp IS Medium) AND (Length IS High),High,0.0,0.0,2782.1739970870976,0.0,1109.8938404190676,0.040880503144654,0.4,0.0606060606060606,2282.0
12,all,R15,IF (PointsAjust IS Medium) AND (TeamExp IS Low) AND (Length IS Medium),High,0.0,0.0,2782.1739970870976,0.0,1109.8938404190676,0.040880503144654,0.4,0.0606060606060606,2282.0
12,all,R16,IF (PointsAjust IS Medium) AND (TeamExp IS Low) AND (Length IS High),High,0.0,0.0,2782.1739970870976,0.0,1109.8938404190676,0.040880503144654,0.4,0.0606060606060606,2282.0
12,all,R17,IF (PointsAjust IS High) AND (TeamExp IS High) AND (Length IS Medium),Medium,0.0,0.0,1972.0412664703135,0.0,1109.8938404190676,0.040880503144654,0.4,0.0606060606060606,2282.0
12,all,R18,IF (PointsAjust IS High) AND (TeamExp IS Medium) AND (Length IS Medium),High,0.0,0.0,2782.1739970870976,0.0,1109.8938404190676,0.040880503144654,0.4,0.0606060606060606,2282.0
12,all,R19,IF (PointsAjust IS High) AND (TeamExp IS Low) AND (Length IS Medium),High,0.0,0.0,2782.1739970870976,0.0,1109.8938404190676,0.040880503144654,0.4,0.0606060606060606,2282.0
12,all,R20,IF (PointsAjust IS High) AND (TeamExp IS Low) AND (Length IS High),Very_High,0.0,0.0,0.0,0.0,1109.8938404190676,0.040880503144654,0.4,0.0606060606060606,2282.0
13,all,R1,IF (PointsAjust IS Low) AND (TeamExp IS High) AND (Length IS Low),Very_Low,0.18589789403468657,0.44960262905461934,4236.610581115626,1904.791255550204,3637.4925549451864,0.2421383647798742,0.8,0.2121212121212121,4172.0
13,all,R2,IF (PointsAjust IS Low) AND (TeamExp IS High) AND (Length IS Medium),Low,0.042755214771487644,0.10340545850115418,3069.779207169907,317.43192641471376,3637.4925549451864,0.2421383647798742,0.8,0.2121212121212121,4172.0
13,all,R3,IF (PointsAjust IS Low) AND (TeamExp IS High) AND (Length IS High),Medium,0.0,0.0,3388.8928974430846,0.0,3637.4925549451864,0.2421383647798742,0.8,0.2121212121212121,4172.0
13,all,R4,IF (PointsAjust IS Low) AND (TeamExp IS Medium) AND (Length IS Low),Low,0.0503170882845482,0.12169419829406514,3069.779207169907,373.5743195563327,3637.4925549451864,0.2421383647798742,0.8,0.2121212121212121,4172.0
13,all,R5,IF (PointsAjust IS Low) AND (TeamExp IS Medium) AND (Length IS Medium),Medium,0.011572578201882965,0.02798881402893098,3388.8928974430846,94.85109307049956,3637.4925549451864,0.2421383647798742,0.8,0.2121212121212121,4172.0
13,all,R6,IF (PointsAjust IS Low) AND (TeamExp IS Medium) AND (Length IS High),Medium,0.0,0.0,3388.8928974430846,0.0,3637.4925549451864,0.2421383647798742,0.8,0.2121212121212121,4172.0
13,all,R7,IF (PointsAjust IS Low) AND (TeamExp IS Low) AND (Length IS Medium),Medium,0.0,0.0,3388.8928974430846,0.0,3637.4925549451864,0.2421383647798742,0.8,0.2121212121212121,4172.0
13,all,R8,IF (PointsAjust IS Low) AND (TeamExp IS Low) AND (Length IS High),High,0.0,0.0,2027.8309916123394,0.0,3637.4925549451864,0.2421383647798742,0.8,0.2121212121212121,4172.0
13,all,R9,IF (PointsAjust IS Medium) AND (TeamExp IS High) AND (Length IS Low),Low,0.07865347721045689,0.19022706159065297,3069.779207169907,583.9550783120158,3637.4925549451864,0.2421383647798742,0.8,0.2121212121212121,4172.0
13,all,R10,IF (PointsAjust IS Medium) AND (TeamExp IS High) AND (Length IS Medium),Medium,0.018089749365476523,0.043750893015172126,3388.8928974430846,148.26709059590908,3637.4925549451864,0.2421383647798742,0.8,0.2121212121212121,4172.0
13,all,R11,IF (PointsAjust IS Medium) AND (TeamExp IS High) AND (Length IS High),Medium,0.0,0.0,3388.8928974430846,0.0,3637.4925549451864,0.2421383647798742,0.8,0.2121212121212121,4172.0
13,all,R12,IF (PointsAjust IS Medium) AND (TeamExp IS Medium) AND (Length IS Low),Medium,0.02128918123164327,0.051488866519279135,3388.8928974430846,174.4902540445801,3637.4925549451864,0.2421383647798742,0.8,0.2121212121212121,4172.0
13,all,R13,IF (PointsAjust IS Medium) AND (TeamExp IS Medium) AND (Length IS Medium),Medium,0.004896362708112196,0.01184207899612611,3388.8928974430846,40.131537400931705,3637.4925549451864,0.2421383647798742,0.8,0.2121212121212121,4172.0
13,all,R14,IF (PointsAjust IS Medium) AND (TeamExp IS Medium) AND (Length IS High),High,0.0,0.0,2027.8309916123394,0.0,3637.4925549451864,0.2421383647798742,0.8,0.2121212121212121,4172.0
13,all,R15,IF (PointsAjust IS Medium) AND (TeamExp IS Low) AND (Length IS Medium),High,0.0,0.0,2027.8309916123394,0.0,3637.4925549451864,0.2421383647798742,0.8,0.2121212121212121,4172.0
13,all,R16,IF (PointsAjust IS Medium) AND (TeamExp IS Low) AND (Length IS High),High,0.0,0.0,2027.8309916123394,0.0,3637.4925549451864,0.2421383647798742,0.8,0.2121212121212121,4172.0
13,all,R17,IF (PointsAjust IS High) AND (TeamExp IS High) AND (Length IS Medium),Medium,0.0,0.0,3388.8928974430846,0.0,3637.4925549451864,0.2421383647798742,0.8,0.2121212121212121,4172.0
13,all,R18,IF (PointsAjust IS High) AND (TeamExp IS Medium) AND (Length IS Medium),High,0.0,0.0,2027.8309916123394,0.0,3637.4925549451864,0.2421383647798742,0.8,0.2121212121212121,4172.0
13,all,R19,IF (PointsAjust IS High) AND (TeamExp IS Low) AND (Length IS Medium),High,0.0,0.0,2027.8309916123394,0.0,3637.4925549451864,0.2421383647798742,0.8,0.2121212121212121,4172.0
13,all,R20,IF (PointsAjust IS High) AND (TeamExp IS Low) AND (Length IS High),Very_High,0.0,0.0,0.0,0.0,3637.4925549451864,0.2421383647798742,0.8,0.2121212121212121,4172.0
14,all,R1,IF (PointsAjust IS Low) AND (TeamExp IS High) AND (Length IS Low),Very_Low,0.0,0.0,6435.834396415893,0.0,4143.864131950719,0.4056603773584906,1.0,0.2424242424242424,4977.0
14,all,R2,IF (PointsAjust IS Low) AND (TeamExp IS High) AND (Length IS Medium),Low,0.0,0.0,4215.851939341324,0.0,4143.864131950719,0.4056603773584906,1.0,0.2424242424242424,4977.0
14,all,R3,IF (PointsAjust IS Low) AND (TeamExp IS High) AND (Length IS High),Medium,0.0,0.0,3976.8884543409167,0.0,4143.864131950719,0.4056603773584906,1.0,0.2424242424242424,4977.0
14,all,R4,IF (PointsAjust IS Low) AND (TeamExp IS Medium) AND (Length IS Low),Low,0.0,0.0,4215.851939341324,0.0,4143.864131950719,0.4056603773584906,1.0,0.2424242424242424,4977.0
14,all,R5,IF (PointsAjust IS Low) AND (TeamExp IS Medium) AND (Length IS Medium),Medium,0.0,0.0,3976.8884543409167,0.0,4143.864131950719,0.4056603773584906,1.0,0.2424242424242424,4977.0
14,all,R6,IF (PointsAjust IS Low) AND (TeamExp IS Medium) AND (Length IS High),Medium,0.0,0.0,3976.8884543409167,0.0,4143.864131950719,0.4056603773584906,1.0,0.2424242424242424,4977.0
14,all,R7,IF (PointsAjust IS Low) AND (TeamExp IS Low) AND (Length IS Medium),Medium,0.0,0.0,3976.8884543409167,0.0,4143.864131950719,0.4056603773584906,1.0,0.2424242424242424,4977.0
14,all,R8,IF (PointsAjust IS Low) AND (TeamExp IS Low) AND (Length IS High),High,0.0,0.0,2386.5223871709513,0.0,4143.864131950719,0.4056603773584906,1.0,0.2424242424242424,4977.0
14,all,R9,IF (PointsAjust IS Medium) AND (TeamExp IS High) AND (Length IS Low),Low,0.4413579599518801,0.6987497592342061,4215.851939341324,2945.8255275818115,4143.864131950719,0.4056603773584906,1.0,0.2424242424242424,4977.0
14,all,R10,IF (PointsAjust IS Medium) AND (TeamExp IS High) AND (Length IS Medium),Medium,0.18784909215415704,0.2973992084098636,3976.8884543409167,1182.7234782553146,4143.864131950719,0.4056603773584906,1.0,0.2424242424242424,4977.0
14,all,R11,IF (PointsAjust IS Medium) AND (TeamExp IS High) AND (Length IS High),Medium,0.0,0.0,3976.8884543409167,0.0,4143.864131950719,0.4056603773584906,1.0,0.2424242424242424,4977.0
14,all,R12,IF (PointsAjust IS Medium) AND (TeamExp IS Medium) AND (Length IS Low),Medium,0.001706254626094606,0.002701310766675293,3976.8884543409167,10.742811599577783,4143.864131950719,0.4056603773584906,1.0,0.2424242424242424,4977.0
14,all,R13,IF (PointsAjust IS Medium) AND (TeamExp IS Medium) AND (Length IS Medium),Medium,0.000726209588540439,0.0011497215892549626,3976.8884543409167,4.5723145140145505,4143.864131950719,0.4056603773584906,1.0,0.2424242424242424,4977.0
14,all,R14,IF (PointsAjust IS Medium) AND (TeamExp IS Medium) AND (Length IS High),High,0.0,0.0,2386.5223871709513,0.0,4143.864131950719,0.4056603773584906,1.0,0.2424242424242424,4977.0
14,all,R15,IF (PointsAjust IS Medium) AND (TeamExp IS Low) AND (Length IS Medium),High,0.0,0.0,2386.5223871709513,0.0,4143.864131950719,0.4056603773584906,1.0,0.2424242424242424,4977.0
14,all,R16,IF (PointsAjust IS Medium) AND (TeamExp IS Low) AND (Length IS High),High,0.0,0.0,2386.5223871709513,0.0,4143.864131950719,0.4056603773584906,1.0,0.2424242424242424,4977.0
14,all,R17,IF (PointsAjust IS High) AND (TeamExp IS High) AND (Length IS Medium),Medium,0.0,0.0,3976.8884543409167,0.0,4143.864131950719,0.4056603773584906,1.0,0.2424242424242424,4977.0
14,all,R18,IF (PointsAjust IS High) AND (TeamExp IS Medium) AND (Length IS Medium),High,0.0,0.0,2386.5223871709513,0.0,4143.864131950719,0.4056603773584906,1.0,0.2424242424242424,4977.0
14,all,R19,IF (PointsAjust IS High) AND (TeamExp IS Low) AND (Length IS Medium),High,0.0,0.0,2386.5223871709513,0.0,4143.864131950719,0.4056603773584906,1.0,0.2424242424242424,4977.0
14,all,R20,IF (PointsAjust IS High) AND (TeamExp IS Low) AND (Length IS High),Very_High,0.0,0.0,0.0,0.0,4143.864131950719,0.4056603773584906,1.0,0.2424242424242424,4977.0
15,all,R1,IF (PointsAjust IS Low) AND (TeamExp IS High) AND (Length IS Low),Very_Low,0.3446969696969698,0.6050375724721454,3050.6237212462556,1845.7419708287773,2968.568725598766,0.1415094339622641,0.8,0.2121212121212121,1617.0
15,all,R2,IF (PointsAjust IS Low) AND (TeamExp IS High) AND (Length IS Medium),Low,0.07927789094654851,0.13915440780108737,2814.3000297129565,391.62225400928907,2968.568725598766,0.1415094339622641,0.8,0.2121212121212121,1617.0
15,all,R3,IF (PointsAjust IS Low) AND (TeamExp IS High) AND (Length IS High),Medium,0.0,0.0,3011.4000391655172,0.0,2968.568725598766,0.1415094339622641,0.8,0.2121212121212121,1617.0
15,all,R4,IF (PointsAjust IS Low) AND (TeamExp IS Medium) AND (Length IS Low),Low,0.09329932404948295,0.16376586247862063,2814.3000297129565,460.88627163955,2968.568725598766,0.1415094339622641,0.8,0.2121212121212121,1617.0
15,all,R5,IF (PointsAjust IS Low) AND (TeamExp IS Medium) AND (Length IS Medium),Medium,0.021458191651304855,0.037665002386766504,3011.4000391655172,113.42438966267795,2968.568725598766,0.1415094339622641,0.8,0.2121212121212121,1617.0
15,all,R6,IF (PointsAjust IS Low) AND (TeamExp IS Medium) AND (Length IS High),Medium,0.0,0.0,3011.4000391655172,0.0,2968.568725598766,0.1415094339622641,0.8,0.2121212121212121,1617.0
15,all,R7,IF (PointsAjust IS Low) AND (TeamExp IS Low) AND (Length IS Medium),Medium,0.0,0.0,3011.4000391655172,0.0,2968.568725598766,0.1415094339622641,0.8,0.2121212121212121,1617.0
15,all,R8,IF (PointsAjust IS Low) AND (TeamExp IS Low) AND (Length IS High),High,0.0,0.0,1346.0721426107198,0.0,2968.568725598766,0.1415094339622641,0.8,0.2121212121212121,1617.0
15,all,R9,IF (PointsAjust IS Medium) AND (TeamExp IS High) AND (Length IS Low),Low,0.01982147596985448,0.03479211817312691,2814.3000297129565,97.91545920840777,2968.568725598766,0.1415094339622641,0.8,0.2121212121212121,1617.0
15,all,R10,IF (PointsAjust IS Medium) AND (TeamExp IS High) AND (Length IS Medium),Medium,0.004558800768452388,0.008001943715238966,3011.4000391655172,24.097053617470888,2968.568725598766,0.1415094339622641,0.8,0.2121212121212121,1617.0
15,all,R11,IF (PointsAjust IS Medium) AND (TeamExp IS High) AND (Length IS High),Medium,0.0,0.0,3011.4000391655172,0.0,2968.568725598766,0.1415094339622641,0.8,0.2121212121212121,1617.0
15,all,R12,IF (PointsAjust IS Medium) AND (TeamExp IS Medium) AND (Length IS Low),Medium,0.005365090129095932,0.009417202334723653,3011.4000391655172,28.35896347961641,2968.568725598766,0.1415094339622641,0.8,0.2121212121212121,1617.0
15,all,R13,IF (PointsAjust IS Medium) AND (TeamExp IS Medium) AND (Length IS Medium),Medium,0.001233933186435582,0.002165890638290595,3011.4000391655172,6.522363152976525,2968.568725598766,0.1415094339622641,0.8,0.2121212121212121,1617.0
15,all,R14,IF (PointsAjust IS Medium) AND (TeamExp IS Medium) AND (Length IS High),High,0.0,0.0,1346.0721426107198,0.0,2968.568725598766,0.1415094339622641,0.8,0.2121212121212121,1617.0
15,all,R15,IF (PointsAjust IS Medium) AND (TeamExp IS Low) AND (Length IS Medium),High,0.0,0.0,1346.0721426107198,0.0,2968.568725598766,0.1415094339622641,0.8,0.2121212121212121,1617.0
15,all,R16,IF (PointsAjust IS Medium) AND (TeamExp IS Low) AND (Length IS High),High,0.0,0.0,1346.0721426107198,0.0,2968.568725598766,0.1415094339622641,0.8,0.2121212121212121,1617.0
15,all,R17,IF (PointsAjust IS High) AND (TeamExp IS High) AND (Length IS Medium),Medium,0.0,0.0,3011.4000391655172,0.0,2968.568725598766,0.1415094339622641,0.8,0.2121212121212121,1617.0
15,all,R18,IF (PointsAjust IS High) AND (TeamExp IS Medium) AND (Length IS Medium),High,0.0,0.0,1346.0721426107198,0.0,2968.568725598766,0.1415094339622641,0.8,0.2121212121212121,1617.0
15,all,R19,IF (PointsAjust IS High) AND (TeamExp IS Low) AND (Length IS Medium),High,0.0,0.0,1346.0721426107198,0.0,2968.568725598766,0.1415094339622641,0.8,0.2121212121212121,1617.0
15,all,R20,IF (PointsAjust IS High) AND (TeamExp IS Low) AND (Length IS High),Very_High,0.0,0.0,0.0,0.0,2968.568725598766,0.1415094339622641,0.8,0.2121212121212121,1617.0
16,all,R1,IF (PointsAjust IS Low) AND (TeamExp IS High) AND (Length IS Low),Very_Low,0.6893939393939394,0.7962101400700217,2353.4890672889696,1873.871859919415,2556.642762365353,0.0723270440251572,1.0,0.2121212121212121,3192.0
16,all,R2,IF (PointsAjust IS Low) AND (TeamExp IS High) AND (Length IS Medium),Low,0.158555781893097,0.18312276058155957,3367.2520816669444,616.620496768854,2556.642762365353,0.0723270440251572,1.0,0.2121212121212121,3192.0
16,all,R3,IF (PointsAjust IS Low) AND (TeamExp IS High) AND (Length IS High),Medium,0.0,0.0,2488.86783128845,0.0,2556.642762365353,0.0723270440251572,1.0,0.2121212121212121,3192.0
16,all,R4,IF (PointsAjust IS Low) AND (TeamExp IS Medium) AND (Length IS Low),Low,0.0026651419143335266,0.003078084815749162,3367.2520816669444,10.364687503378779,2556.642762365353,0.0723270440251572,1.0,0.2121212121212121,3192.0
16,all,R5,IF (PointsAjust IS Low) AND (TeamExp IS Medium) AND (Length IS Medium),Medium,0.0006129639904503815,0.0007079379681281082,2488.86783128845,1.7619640354217565,2556.642762365353,0.0723270440251572,1.0,0.2121212121212121,3192.0
16,all,R6,IF (PointsAjust IS Low) AND (TeamExp IS Medium) AND (Length IS High),Medium,0.0,0.0,2488.86783128845,0.0,2556.642762365353,0.0723270440251572,1.0,0.2121212121212121,3192.0
16,all,R7,IF (PointsAjust IS Low) AND (TeamExp IS Low) AND (Length IS Medium),Medium,0.0,0.0,2488.86783128845,0.0,2556.642762365353,0.0723270440251572,1.0,0.2121212121212121,3192.0
16,all,R8,IF (PointsAjust IS Low) AND (TeamExp IS Low) AND (Length IS High),High,0.0,0.0,334.70527829973844,0.0,2556.642762365353,0.0723270440251572,1.0,0.2121212121212121,3192.0
16,all,R9,IF (PointsAjust IS Medium) AND (TeamExp IS High) AND (Length IS Low),Low,0.011837542332490649,0.01367167696153966,3367.2520816669444,46.03598270862242,2556.642762365353,0.0723270440251572,1.0,0.2121212121212121,3192.0
16,all,R10,IF (PointsAjust IS Medium) AND (TeamExp IS High) AND (Length IS Medium),Medium,0.002722551900979462,0.0031443900309487084,2488.86783128845,7.825971197052334,2556.642762365353,0.0723270440251572,1.0,0.2121212121212121,3192.0
16,all,R11,IF (PointsAjust IS Medium) AND (TeamExp IS High) AND (Length IS High),Medium,0.0,0.0,2488.86783128845,0.0,2556.642762365353,0.0723270440251572,1.0,0.2121212121212121,3192.0
16,all,R12,IF (PointsAjust IS Medium) AND (TeamExp IS Medium) AND (Length IS Low),Medium,4.576299330503752e-05,5.285361130598258e-05,2488.86783128845,0.13154565294688356,2556.642762365353,0.0723270440251572,1.0,0.2121212121212121,3192.0
16,all,R13,IF (PointsAjust IS Medium) AND (TeamExp IS Medium) AND (Length IS Medium),Medium,1.052516822475648e-05,1.2155960747002138e-05,2488.86783128845,0.030254579661618736,2556.642762365353,0.0723270440251572,1.0,0.2121212121212121,3192.0
16,all,R14,IF (PointsAjust IS Medium) AND (TeamExp IS Medium) AND (Length IS High),High,0.0,0.0,334.70527829973844,0.0,2556.642762365353,0.0723270440251572,1.0,0.2121212121212121,3192.0
16,all,R15,IF (PointsAjust IS Medium) AND (TeamExp IS Low) AND (Length IS Medium),High,0.0,0.0,334.70527829973844,0.0,2556.642762365353,0.0723270440251572,1.0,0.2121212121212121,3192.0
16,all,R16,IF (PointsAjust IS Medium) AND (TeamExp IS Low) AND (Length IS High),High,0.0,0.0,334.70527829973844,0.0,2556.642762365353,0.0723270440251572,1.0,0.2121212121212121,3192.0
16,all,R17,IF (PointsAjust IS High) AND (TeamExp IS High) AND (Length IS Medium),Medium,0.0,0.0,2488.86783128845,0.0,2556.642762365353,0.0723270440251572,1.0,0.2121212121212121,3192.0
16,all,R18,IF (PointsAjust IS High) AND (TeamExp IS Medium) AND (Length IS Medium),High,0.0,0.0,334.70527829973844,0.0,2556.642762365353,0.0723270440251572,1.0,0.2121212121212121,3192.0
16,all,R19,IF (PointsAjust IS High) AND (TeamExp IS Low) AND (Length IS Medium),High,0.0,0.0,334.70527829973844,0.0,2556.642762365353,0.0723270440251572,1.0,0.2121212121212121,3192.0
16,all,R20,IF (PointsAjust IS High) AND (TeamExp IS Low) AND (Length IS High),Very_High,0.0,0.0,0.0,0.0,2556.642762365353,0.0723270440251572,1.0,0.2121212121212121,3192.0
17,all,R1,IF (PointsAjust IS Low) AND (TeamExp IS High) AND (Length IS Low),Very_Low,0.0,0.0,7315.839943576828,0.0,5200.156059844552,0.4150943396226415,1.0,0.3939393939393939,3437.0
17,all,R2,IF (PointsAjust IS Low) AND (TeamExp IS High) AND (Length IS Medium),Low,0.0,0.0,4251.428523969078,0.0,5200.156059844552,0.4150943396226415,1.0,0.3939393939393939,3437.0
17,all,R3,IF (PointsAjust IS Low) AND (TeamExp IS High) AND (Length IS High),Medium,0.0,0.0,5200.156059844552,0.0,5200.156059844552,0.4150943396226415,1.0,0.3939393939393939,3437.0
17,all,R4,IF (PointsAjust IS Low) AND (TeamExp IS Medium) AND (Length IS Low),Low,0.0,0.0,4251.428523969078,0.0,5200.156059844552,0.4150943396226415,1.0,0.3939393939393939,3437.0
17,all,R5,IF (PointsAjust IS Low) AND (TeamExp IS Medium) AND (Length IS Medium),Medium,0.0,0.0,5200.156059844552,0.0,5200.156059844552,0.4150943396226415,1.0,0.3939393939393939,3437.0
17,all,R6,IF (PointsAjust IS Low) AND (TeamExp IS Medium) AND (Length IS High),Medium,0.0,0.0,5200.156059844552,0.0,5200.156059844552,0.4150943396226415,1.0,0.3939393939393939,3437.0
17,all,R7,IF (PointsAjust IS Low) AND (TeamExp IS Low) AND (Length IS Medium),Medium,0.0,0.0,5200.156059844552,0.0,5200.156059844552,0.4150943396226415,1.0,0.3939393939393939,3437.0
17,all,R8,IF (PointsAjust IS Low) AND (TeamExp IS Low) AND (Length IS High),High,0.0,0.0,1417.8918870315906,0.0,5200.156059844552,0.4150943396226415,1.0,0.3939393939393939,3437.0
17,all,R9,IF (PointsAjust IS Medium) AND (TeamExp IS High) AND (Length IS Low),Low,0.0,0.0,4251.428523969078,0.0,5200.156059844552,0.4150943396226415,1.0,0.3939393939393939,3437.0
17,all,R10,IF (PointsAjust IS Medium) AND (TeamExp IS High) AND (Length IS Medium),Medium,0.6635348835062584,0.9961489676440697,5200.156059844552,5180.130090602203,5200.156059844552,0.4150943396226415,1.0,0.3939393939393939,3437.0
17,all,R11,IF (PointsAjust IS Medium) AND (TeamExp IS High) AND (Length IS High),Medium,0.0,0.0,5200.156059844552,0.0,5200.156059844552,0.4150943396226415,1.0,0.3939393939393939,3437.0
17,all,R12,IF (PointsAjust IS Medium) AND (TeamExp IS Medium) AND (Length IS Low),Medium,0.0,0.0,5200.156059844552,0.0,5200.156059844552,0.4150943396226415,1.0,0.3939393939393939,3437.0
17,all,R13,IF (PointsAjust IS Medium) AND (TeamExp IS Medium) AND (Length IS Medium),Medium,0.0025651728693895878,0.003851032355930255,5200.156059844552,20.025969242348157,5200.156059844552,0.4150943396226415,1.0,0.3939393939393939,3437.0
17,all,R14,IF (PointsAjust IS Medium) AND (TeamExp IS Medium) AND (Length IS High),High,0.0,0.0,1417.8918870315906,0.0,5200.156059844552,0.4150943396226415,1.0,0.3939393939393939,3437.0
17,all,R15,IF (PointsAjust IS Medium) AND (TeamExp IS Low) AND (Length IS Medium),High,0.0,0.0,1417.8918870315906,0.0,5200.156059844552,0.4150943396226415,1.0,0.3939393939393939,3437.0
17,all,R16,IF (PointsAjust IS Medium) AND (TeamExp IS Low) AND (Length IS High),High,0.0,0.0,1417.8918870315906,0.0,5200.156059844552,0.4150943396226415,1.0,0.3939393939393939,3437.0
17,all,R17,IF (PointsAjust IS High) AND (TeamExp IS High) AND (Length IS Medium),Medium,0.0,0.0,5200.156059844552,0.0,5200.156059844552,0.4150943396226415,1.0,0.3939393939393939,3437.0
17,all,R18,IF (PointsAjust IS High) AND (TeamExp IS Medium) AND (Length IS Medium),High,0.0,0.0,1417.8918870315906,0.0,5200.156059844552,0.4150943396226415,1.0,0.3939393939393939,3437.0
17,all,R19,IF (PointsAjust IS High) AND (TeamExp IS Low) AND (Length IS Medium),High,0.0,0.0,1417.8918870315906,0.0,5200.156059844552,0.4150943396226415,1.0,0.3939393939393939,3437.0
17,all,R20,IF (PointsAjust IS High) AND (TeamExp IS Low) AND (Length IS High),Very_High,0.0,0.0,0.0,0.0,5200.156059844552,0.4150943396226415,1.0,0.3939393939393939,3437.0
18,all,R1,IF (PointsAjust IS Low) AND (TeamExp IS High) AND (Length IS Low),Very_Low,0.0,0.0,7457.043256970349,0.0,5545.73849040401,0.4371069182389937,0.8,0.3939393939393939,4494.0
18,all,R2,IF (PointsAjust IS Low) AND (TeamExp IS High) AND (Length IS Medium),Low,0.0,0.0,3578.720607582145,0.0,5545.73849040401,0.4371069182389937,0.8,0.3939393939393939,4494.0
18,all,R3,IF (PointsAjust IS Low) AND (TeamExp IS High) AND (Length IS High),Medium,0.0,0.0,5545.73849040401,0.0,5545.73849040401,0.4371069182389937,0.8,0.3939393939393939,4494.0
18,all,R4,IF (PointsAjust IS Low) AND (TeamExp IS Medium) AND (Length IS Low),Low,0.0,0.0,3578.720607582145,0.0,5545.73849040401,0.4371069182389937,0.8,0.3939393939393939,4494.0
18,all,R5,IF (PointsAjust IS Low) AND (TeamExp IS Medium) AND (Length IS Medium),Medium,0.0,0.0,5545.73849040401,0.0,5545.73849040401,0.4371069182389937,0.8,0.3939393939393939,4494.0
18,all,R6,IF (PointsAjust IS Low) AND (TeamExp IS Medium) AND (Length IS High),Medium,0.0,0.0,5545.73849040401,0.0,5545.73849040401,0.4371069182389937,0.8,0.3939393939393939,4494.0
18,all,R7,IF (PointsAjust IS Low) AND (TeamExp IS Low) AND (Length IS Medium),Medium,0.0,0.0,5545.73849040401,0.0,5545.73849040401,0.4371069182389937,0.8,0.3939393939393939,4494.0
18,all,R8,IF (PointsAjust IS Low) AND (TeamExp IS Low) AND (Length IS High),High,0.0,0.0,2109.6842908730637,0.0,5545.73849040401,0.4371069182389937,0.8,0.3939393939393939,4494.0
18,all,R9,IF (PointsAjust IS Medium) AND (TeamExp IS High) AND (Length IS Low),Low,0.0,0.0,3578.720607582145,0.0,5545.73849040401,0.4371069182389937,0.8,0.3939393939393939,4494.0
18,all,R10,IF (PointsAjust IS Medium) AND (TeamExp IS High) AND (Length IS Medium),Medium,0.3566420875703638,0.7869860421615987,5545.73849040401,4364.418785426291,5545.73849040401,0.4371069182389937,0.8,0.3939393939393939,4494.0
18,all,R11,IF (PointsAjust IS Medium) AND (TeamExp IS High) AND (Length IS High),Medium,0.0,0.0,5545.73849040401,0.0,5545.73849040401,0.4371069182389937,0.8,0.3939393939393939,4494.0
18,all,R12,IF (PointsAjust IS Medium) AND (TeamExp IS Medium) AND (Length IS Low),Medium,0.0,0.0,5545.73849040401,0.0,5545.73849040401,0.4371069182389937,0.8,0.3939393939393939,4494.0
18,all,R13,IF (PointsAjust IS Medium) AND (TeamExp IS Medium) AND (Length IS Medium),Medium,0.09653251587086395,0.21301395783840138,5545.73849040401,1181.3197049777195,5545.73849040401,0.4371069182389937,0.8,0.3939393939393939,4494.0
18,all,R14,IF (PointsAjust IS Medium) AND (TeamExp IS Medium) AND (Length IS High),High,0.0,0.0,2109.6842908730637,0.0,5545.73849040401,0.4371069182389937,0.8,0.3939393939393939,4494.0
18,all,R15,IF (PointsAjust IS Medium) AND (TeamExp IS Low) AND (Length IS Medium),High,0.0,0.0,2109.6842908730637,0.0,5545.73849040401,0.4371069182389937,0.8,0.3939393939393939,4494.0
18,all,R16,IF (PointsAjust IS Medium) AND (TeamExp IS Low) AND (Length IS High),High,0.0,0.0,2109.6842908730637,0.0,5545.73849040401,0.4371069182389937,0.8,0.3939393939393939,4494.0
18,all,R17,IF (PointsAjust IS High) AND (TeamExp IS High) AND (Length IS Medium),Medium,0.0,0.0,5545.73849040401,0.0,5545.73849040401,0.4371069182389937,0.8,0.3939393939393939,4494.0
18,all,R18,IF (PointsAjust IS High) AND (TeamExp IS Medium) AND (Length IS Medium),High,0.0,0.0,2109.6842908730637,0.0,5545.73849040401,0.4371069182389937,0.8,0.3939393939393939,4494.0
18,all,R19,IF (PointsAjust IS High) AND (TeamExp IS Low) AND (Length IS Medium),High,0.0,0.0,2109.6842908730637,0.0,5545.73849040401,0.4371069182389937,0.8,0.3939393939393939,4494.0
18,all,R20,IF (PointsAjust IS High) AND (TeamExp IS Low) AND (Length IS High),Very_High,0.0,0.0,0.0,0.0,5545.73849040401,0.4371069182389937,0.8,0.3939393939393939,4494.0
19,all,R1,IF (PointsAjust IS Low) AND (TeamExp IS High) AND (Length IS Low),Very_Low,1.0,0.948481533775129,1484.5145167799642,1408.0346057869049,1575.775873798755,0.0377358490566037,1.0,0.1212121212121212,840.0
19,all,R2,IF (PointsAjust IS Low) AND (TeamExp IS High) AND (Length IS Medium),Low,0.041235730300983486,0.03911132872221438,3272.4558673714187,127.99009715770273,1575.775873798755,0.0377358490566037,1.0,0.1212121212121212,840.0
19,all,R3,IF (PointsAjust IS Low) AND (TeamExp IS High) AND (Length IS High),Medium,0.0,0.0,1646.3780712314674,0.0,1575.775873798755,0.0377358490566037,1.0,0.1212121212121212,840.0
19,all,R4,IF (PointsAjust IS Low) AND (TeamExp IS Medium) AND (Length IS Low),Low,0.0038659201394728076,0.0036667538633393293,3272.4558673714187,11.999290194291605,1575.775873798755,0.0377358490566037,1.0,0.1212121212121212,840.0
19,all,R5,IF (PointsAjust IS Low) AND (TeamExp IS Medium) AND (Length IS Medium),Medium,0.00015941404023644116,0.00015120127338874985,1646.3780712314674,0.24893446084951176,1575.775873798755,0.0377358490566037,1.0,0.1212121212121212,840.0
19,all,R6,IF (PointsAjust IS Low) AND (TeamExp IS Medium) AND (Length IS High),Medium,0.0,0.0,1646.3780712314674,0.0,1575.775873798755,0.0377358490566037,1.0,0.1212121212121212,840.0
19,all,R7,IF (PointsAjust IS Low) AND (TeamExp IS Low) AND (Length IS Medium),Medium,0.0,0.0,1646.3780712314674,0.0,1575.775873798755,0.0377358490566037,1.0,0.1212121212121212,840.0
19,all,R8,IF (PointsAjust IS Low) AND (TeamExp IS Low) AND (Length IS High),High,0.0,0.0,719.8779092953882,0.0,1575.775873798755,0.0377358490566037,1.0,0.1212121212121212,840.0
19,all,R9,IF (PointsAjust IS Medium) AND (TeamExp IS High) AND (Length IS Low),Low,0.008663595568208346,0.008217260412541663,3272.4558673714187,26.89062205074085,1575.775873798755,0.0377358490566037,1.0,0.1212121212121212,840.0
19,all,R10,IF (PointsAjust IS Medium) AND (TeamExp IS High) AND (Length IS Medium),Medium,0.00035724969028743514,0.0003388447341845163,1646.3780712314674,0.5578665399136432,1575.775873798755,0.0377358490566037,1.0,0.1212121212121212,840.0
19,all,R11,IF (PointsAjust IS Medium) AND (TeamExp IS High) AND (Length IS High),Medium,0.0,0.0,1646.3780712314674,0.0,1575.775873798755,0.0377358490566037,1.0,0.1212121212121212,840.0
19,all,R12,IF (PointsAjust IS Medium) AND (TeamExp IS Medium) AND (Length IS Low),Medium,3.349276858738401e-05,3.176727252013745e-05,1646.3780712314674,0.052300940859988286,1575.775873798755,0.0377358490566037,1.0,0.1212121212121212,840.0
19,all,R13,IF (PointsAjust IS Medium) AND (TeamExp IS Medium) AND (Length IS Medium),Medium,1.3810987725026185e-06,1.3099466820382316e-06,1646.3780712314674,0.002156667491790164,1575.775873798755,0.0377358490566037,1.0,0.1212121212121212,840.0
19,all,R14,IF (PointsAjust IS Medium) AND (TeamExp IS Medium) AND (Length IS High),High,0.0,0.0,719.8779092953882,0.0,1575.775873798755,0.0377358490566037,1.0,0.1212121212121212,840.0
19,all,R15,IF (PointsAjust IS Medium) AND (TeamExp IS Low) AND (Length IS Medium),High,0.0,0.0,719.8779092953882,0.0,1575.775873798755,0.0377358490566037,1.0,0.1212121212121212,840.0
19,all,R16,IF (PointsAjust IS Medium) AND (TeamExp IS Low) AND (Length IS High),High,0.0,0.0,719.8779092953882,0.0,1575.775873798755,0.0377358490566037,1.0,0.1212121212121212,840.0
19,all,R17,IF (PointsAjust IS High) AND (TeamExp IS High) AND (Length IS Medium),Medium,0.0,0.0,1646.3780712314674,0.0,1575.775873798755,0.0377358490566037,1.0,0.1212121212121212,840.0
19,all,R18,IF (PointsAjust IS High) AND (TeamExp IS Medium) AND (Length IS Medium),High,0.0,0.0,719.8779092953882,0.0,1575.775873798755,0.0377358490566037,1.0,0.1212121212121212,840.0
19,all,R19,IF (PointsAjust IS High) AND (TeamExp IS Low) AND (Length IS Medium),High,0.0,0.0,719.8779092953882,0.0,1575.775873798755,0.0377358490566037,1.0,0.1212121212121212,840.0
19,all,R20,IF (PointsAjust IS High) AND (TeamExp IS Low) AND (Length IS High),Very_High,0.0,0.0,0.0,0.0,1575.775873798755,0.0377358490566037,1.0,0.1212121212121212,840.0
20,all,R1,IF (PointsAjust IS Low) AND (TeamExp IS High) AND (Length IS Low),Very_Low,0.0,0.0,6378.728569741982,0.0,6257.688775847446,0.3034591194968553,0.6,0.5151515151515151,5180.0
20,all,R2,IF (PointsAjust IS Low) AND (TeamExp IS High) AND (Length IS Medium),Low,0.0,0.0,2520.118667959422,0.0,6257.688775847446,0.3034591194968553,0.6,0.5151515151515151,5180.0
20,all,R3,IF (PointsAjust IS Low) AND (TeamExp IS High) AND (Length IS High),Medium,0.0,0.0,6257.688775847446,0.0,6257.688775847446,0.3034591194968553,0.6,0.5151515151515151,5180.0
20,all,R4,IF (PointsAjust IS Low) AND (TeamExp IS Medium) AND (Length IS Low),Low,0.0,0.0,2520.118667959422,0.0,6257.688775847446,0.3034591194968553,0.6,0.5151515151515151,5180.0
20,all,R5,IF (PointsAjust IS Low) AND (TeamExp IS Medium) AND (Length IS Medium),Medium,0.1853869471498628,0.3544399653604369,6257.688775847446,2217.9749929477634,6257.688775847446,0.3034591194968553,0.6,0.5151515151515151,5180.0
20,all,R6,IF (PointsAjust IS Low) AND (TeamExp IS Medium) AND (Length IS High),Medium,0.0,0.0,6257.688775847446,0.0,6257.688775847446,0.3034591194968553,0.6,0.5151515151515151,5180.0
20,all,R7,IF (PointsAjust IS Low) AND (TeamExp IS Low) AND (Length IS Medium),Medium,0.0,0.0,6257.688775847446,0.0,6257.688775847446,0.3034591194968553,0.6,0.5151515151515151,5180.0
20,all,R8,IF (PointsAjust IS Low) AND (TeamExp IS Low) AND (Length IS High),High,0.0,0.0,920.8446613785468,0.0,6257.688775847446,0.3034591194968553,0.6,0.5151515151515151,5180.0
20,all,R9,IF (PointsAjust IS Medium) AND (TeamExp IS High) AND (Length IS Low),Low,0.0,0.0,2520.118667959422,0.0,6257.688775847446,0.3034591194968553,0.6,0.5151515151515151,5180.0
20,all,R10,IF (PointsAjust IS Medium) AND (TeamExp IS High) AND (Length IS Medium),Medium,0.0,0.0,6257.688775847446,0.0,6257.688775847446,0.3034591194968553,0.6,0.5151515151515151,5180.0
20,all,R11,IF (PointsAjust IS Medium) AND (TeamExp IS High) AND (Length IS High),Medium,0.0,0.0,6257.688775847446,0.0,6257.688775847446,0.3034591194968553,0.6,0.5151515151515151,5180.0
20,all,R12,IF (PointsAjust IS Medium) AND (TeamExp IS Medium) AND (Length IS Low),Medium,0.0,0.0,6257.688775847446,0.0,6257.688775847446,0.3034591194968553,0.6,0.5151515151515151,5180.0
20,all,R13,IF (PointsAjust IS Medium) AND (TeamExp IS Medium) AND (Length IS Medium),Medium,0.33765493657602913,0.6455600346395631,6257.688775847446,4039.7137828996824,6257.688775847446,0.3034591194968553,0.6,0.5151515151515151,5180.0
20,all,R14,IF (PointsAjust IS Medium) AND (TeamExp IS Medium) AND (Length IS High),High,0.0,0.0,920.8446613785468,0.0,6257.688775847446,0.3034591194968553,0.6,0.5151515151515151,5180.0
20,all,R15,IF (PointsAjust IS Medium) AND (TeamExp IS Low) AND (Length IS Medium),High,0.0,0.0,920.8446613785468,0.0,6257.688775847446,0.3034591194968553,0.6,0.5151515151515151,5180.0
20,all,R16,IF (PointsAjust IS Medium) AND (TeamExp IS Low) AND (Length IS High),High,0.0,0.0,920.8446613785468,0.0,6257.688775847446,0.3034591194968553,0.6,0.5151515151515151,5180.0
20,all,R17,IF (PointsAjust IS High) AND (TeamExp IS High) AND (Length IS Medium),Medium,0.0,0.0,6257.688775847446,0.0,6257.688775847446,0.3034591194968553,0.6,0.5151515151515151,5180.0
20,all,R18,IF (PointsAjust IS High) AND (TeamExp IS Medium) AND (Length IS Medium),High,0.0,0.0,920.8446613785468,0.0,6257.688775847446,0.3034591194968553,0.6,0.5151515151515151,5180.0
20,all,R19,IF (PointsAjust IS High) AND (TeamExp IS Low) AND (Length IS Medium),High,0.0,0.0,920.8446613785468,0.0,6257.688775847446,0.3034591194968553,0.6,0.5151515151515151,5180.0
20,all,R20,IF (PointsAjust IS High) AND (TeamExp IS Low) AND (Length IS High),Very_High,0.0,0.0,0.0,0.0,6257.688775847446,0.3034591194968553,0.6,0.5151515151515151,5180.0
21,all,R1,IF (PointsAjust IS Low) AND (TeamExp IS High) AND (Length IS Low),Very_Low,0.0,0.0,7937.759023824818,0.0,4302.598576691322,0.6053459119496856,0.6,0.1212121212121212,5775.0
21,all,R2,IF (PointsAjust IS Low) AND (TeamExp IS High) AND (Length IS Medium),Low,0.0,0.0,3256.330129803247,0.0,4302.598576691322,0.6053459119496856,0.6,0.1212121212121212,5775.0
21,all,R3,IF (PointsAjust IS Low) AND (TeamExp IS High) AND (Length IS High),Medium,0.0,0.0,4301.685460575852,0.0,4302.598576691322,0.6053459119496856,0.6,0.1212121212121212,5775.0
21,all,R4,IF (PointsAjust IS Low) AND (TeamExp IS Medium) AND (Length IS Low),Low,0.0,0.0,3256.330129803247,0.0,4302.598576691322,0.6053459119496856,0.6,0.1212121212121212,5775.0
21,all,R5,IF (PointsAjust IS Low) AND (TeamExp IS Medium) AND (Length IS Medium),Medium,0.0,0.0,4301.685460575852,0.0,4302.598576691322,0.6053459119496856,0.6,0.1212121212121212,5775.0
21,all,R6,IF (PointsAjust IS Low) AND (TeamExp IS Medium) AND (Length IS High),Medium,0.0,0.0,4301.685460575852,0.0,4302.598576691322,0.6053459119496856,0.6,0.1212121212121212,5775.0
21,all,R7,IF (PointsAjust IS Low) AND (TeamExp IS Low) AND (Length IS Medium),Medium,0.0,0.0,4301.685460575852,0.0,4302.598576691322,0.6053459119496856,0.6,0.1212121212121212,5775.0
21,all,R8,IF (PointsAjust IS Low) AND (TeamExp IS Low) AND (Length IS High),High,0.0,0.0,5650.739228189885,0.0,4302.598576691322,0.6053459119496856,0.6,0.1212121212121212,5775.0
21,all,R9,IF (PointsAjust IS Medium) AND (TeamExp IS High) AND (Length IS Low),Low,0.0,0.0,3256.330129803247,0.0,4302.598576691322,0.6053459119496856,0.6,0.1212121212121212,5775.0
21,all,R10,IF (PointsAjust IS Medium) AND (TeamExp IS High) AND (Length IS Medium),Medium,0.0,0.0,4301.685460575852,0.0,4302.598576691322,0.6053459119496856,0.6,0.1212121212121212,5775.0
21,all,R11,IF (PointsAjust IS Medium) AND (TeamExp IS High) AND (Length IS High),Medium,0.0,0.0,4301.685460575852,0.0,4302.598576691322,0.6053459119496856,0.6,0.1212121212121212,5775.0
21,all,R12,IF (PointsAjust IS Medium) AND (TeamExp IS Medium) AND (Length IS Low),Medium,0.6257282315881078,0.9597472639416452,4301.685460575852,4128.53085112523,4302.598576691322,0.6053459119496856,0.6,0.1212121212121212,5775.0
21,all,R13,IF (PointsAjust IS Medium) AND (TeamExp IS Medium) AND (Length IS Medium),Medium,0.025802360599478547,0.03957587933300449,4301.685460575852,170.24298471628975,4302.598576691322,0.6053459119496856,0.6,0.1212121212121212,5775.0
21,all,R14,IF (PointsAjust IS Medium) AND (TeamExp IS Medium) AND (Length IS High),High,0.0,0.0,5650.739228189885,0.0,4302.598576691322,0.6053459119496856,0.6,0.1212121212121212,5775.0
21,all,R15,IF (PointsAjust IS Medium) AND (TeamExp IS Low) AND (Length IS Medium),High,0.0,0.0,5650.739228189885,0.0,4302.598576691322,0.6053459119496856,0.6,0.1212121212121212,5775.0
21,all,R16,IF (PointsAjust IS Medium) AND (TeamExp IS Low) AND (Length IS High),High,0.0,0.0,5650.739228189885,0.0,4302.598576691322,0.6053459119496856,0.6,0.1212121212121212,5775.0
21,all,R17,IF (PointsAjust IS High) AND (TeamExp IS High) AND (Length IS Medium),Medium,0.0,0.0,4301.685460575852,0.0,4302.598576691322,0.6053459119496856,0.6,0.1212121212121212,5775.0
21,all,R18,IF (PointsAjust IS High) AND (TeamExp IS Medium) AND (Length IS Medium),High,0.000441291554249994,0.0006768567253503434,5650.739228189885,3.8247408498013318,4302.598576691322,0.6053459119496856,0.6,0.1212121212121212,5775.0
21,all,R19,IF (PointsAjust IS High) AND (TeamExp IS Low) AND (Length IS Medium),High,0.0,0.0,5650.739228189885,0.0,4302.598576691322,0.6053459119496856,0.6,0.1212121212121212,5775.0
21,all,R20,IF (PointsAjust IS High) AND (TeamExp IS Low) AND (Length IS High),Very_High,0.0,0.0,0.0,0.0,4302.598576691322,0.6053459119496856,0.6,0.1212121212121212,5775.0
22,all,R1,IF (PointsAjust IS Low) AND (TeamExp IS High) AND (Length IS Low),Very_Low,0.0,0.0,9554.127251102229,0.0,7044.390379544367,0.5267295597484277,1.0,0.5757575757575758,10577.0
22,all,R2,IF (PointsAjust IS Low) AND (TeamExp IS High) AND (Length IS Medium),Low,0.0,0.0,4548.80123054978,0.0,7044.390379544367,0.5267295597484277,1.0,0.5757575757575758,10577.0
22,all,R3,IF (PointsAjust IS Low) AND (TeamExp IS High) AND (Length IS High),Medium,0.0,0.0,7044.390379544368,0.0,7044.390379544367,0.5267295597484277,1.0,0.5757575757575758,10577.0
22,all,R4,IF (PointsAjust IS Low) AND (TeamExp IS Medium) AND (Length IS Low),Low,0.0,0.0,4548.80123054978,0.0,7044.390379544367,0.5267295597484277,1.0,0.5757575757575758,10577.0
22,all,R5,IF (PointsAjust IS Low) AND (TeamExp IS Medium) AND (Length IS Medium),Medium,0.0,0.0,7044.390379544368,0.0,7044.390379544367,0.5267295597484277,1.0,0.5757575757575758,10577.0
22,all,R6,IF (PointsAjust IS Low) AND (TeamExp IS Medium) AND (Length IS High),Medium,0.0,0.0,7044.390379544368,0.0,7044.390379544367,0.5267295597484277,1.0,0.5757575757575758,10577.0
22,all,R7,IF (PointsAjust IS Low) AND (TeamExp IS Low) AND (Length IS Medium),Medium,0.0,0.0,7044.390379544368,0.0,7044.390379544367,0.5267295597484277,1.0,0.5757575757575758,10577.0
22,all,R8,IF (PointsAjust IS Low) AND (TeamExp IS Low) AND (Length IS High),High,0.0,0.0,935.1636394628495,0.0,7044.390379544367,0.5267295597484277,1.0,0.5757575757575758,10577.0
22,all,R9,IF (PointsAjust IS Medium) AND (TeamExp IS High) AND (Length IS Low),Low,0.0,0.0,4548.80123054978,0.0,7044.390379544367,0.5267295597484277,1.0,0.5757575757575758,10577.0
22,all,R10,IF (PointsAjust IS Medium) AND (TeamExp IS High) AND (Length IS Medium),Medium,0.8663943510765806,0.9961489676440697,7044.390379544368,7017.262204264939,7044.390379544367,0.5267295597484277,1.0,0.5757575757575758,10577.0
22,all,R11,IF (PointsAjust IS Medium) AND (TeamExp IS High) AND (Length IS High),Medium,0.0,0.0,7044.390379544368,0.0,7044.390379544367,0.5267295597484277,1.0,0.5757575757575758,10577.0
22,all,R12,IF (PointsAjust IS Medium) AND (TeamExp IS Medium) AND (Length IS Low),Medium,0.0,0.0,7044.390379544368,0.0,7044.390379544367,0.5267295597484277,1.0,0.5757575757575758,10577.0
22,all,R13,IF (PointsAjust IS Medium) AND (TeamExp IS Medium) AND (Length IS Medium),Medium,0.003349411370552427,0.003851032355930255,7044.390379544368,27.128175279429176,7044.390379544367,0.5267295597484277,1.0,0.5757575757575758,10577.0
22,all,R14,IF (PointsAjust IS Medium) AND (TeamExp IS Medium) AND (Length IS High),High,0.0,0.0,935.1636394628495,0.0,7044.390379544367,0.5267295597484277,1.0,0.5757575757575758,10577.0
22,all,R15,IF (PointsAjust IS Medium) AND (TeamExp IS Low) AND (Length IS Medium),High,0.0,0.0,935.1636394628495,0.0,7044.390379544367,0.5267295597484277,1.0,0.5757575757575758,10577.0
22,all,R16,IF (PointsAjust IS Medium) AND (TeamExp IS Low) AND (Length IS High),High,0.0,0.0,935.1636394628495,0.0,7044.390379544367,0.5267295597484277,1.0,0.5757575757575758,10577.0
22,all,R17,IF (PointsAjust IS High) AND (TeamExp IS High) AND (Length IS Medium),Medium,0.0,0.0,7044.390379544368,0.0,7044.390379544367,0.5267295597484277,1.0,0.5757575757575758,10577.0
22,all,R18,IF (PointsAjust IS High) AND (TeamExp IS Medium) AND (Length IS Medium),High,0.0,0.0,935.1636394628495,0.0,7044.390379544367,0.5267295597484277,1.0,0.5757575757575758,10577.0
22,all,R19,IF (PointsAjust IS High) AND (TeamExp IS Low) AND (Length IS Medium),High,0.0,0.0,935.1636394628495,0.0,7044.390379544367,0.5267295597484277,1.0,0.5757575757575758,10577.0
22,all,R20,IF (PointsAjust IS High) AND (TeamExp IS Low) AND (Length IS High),Very_High,0.0,0.0,0.0,0.0,7044.390379544367,0.5267295597484277,1.0,0.5757575757575758,10577.0
23,all,R1,IF (PointsAjust IS Low) AND (TeamExp IS High) AND (Length IS Low),Very_Low,0.0,0.0,5241.727950635562,0.0,4269.2819730852125,0.3474842767295597,0.4,0.2121212121212121,3983.0
23,all,R2,IF (PointsAjust IS Low) AND (TeamExp IS High) AND (Length IS Medium),Low,0.0,0.0,1880.0459981588692,0.0,4269.2819730852125,0.3474842767295597,0.4,0.2121212121212121,3983.0
23,all,R3,IF (PointsAjust IS Low) AND (TeamExp IS High) AND (Length IS High),Medium,0.0,0.0,4310.0924690748925,0.0,4269.2819730852125,0.3474842767295597,0.4,0.2121212121212121,3983.0
23,all,R4,IF (PointsAjust IS Low) AND (TeamExp IS Medium) AND (Length IS Low),Low,0.006943691982602396,0.016794121626116727,1880.0459981588692,31.573721155774074,4269.2819730852125,0.3474842767295597,0.4,0.2121212121212121,3983.0
23,all,R5,IF (PointsAjust IS Low) AND (TeamExp IS Medium) AND (Length IS Medium),Medium,0.0015970005661700925,0.0038625304538906073,4310.0924690748925,16.64786342088633,4269.2819730852125,0.3474842767295597,0.4,0.2121212121212121,3983.0
23,all,R6,IF (PointsAjust IS Low) AND (TeamExp IS Medium) AND (Length IS High),Medium,0.0,0.0,4310.0924690748925,0.0,4269.2819730852125,0.3474842767295597,0.4,0.2121212121212121,3983.0
23,all,R7,IF (PointsAjust IS Low) AND (TeamExp IS Low) AND (Length IS Medium),Medium,0.0,0.0,4310.0924690748925,0.0,4269.2819730852125,0.3474842767295597,0.4,0.2121212121212121,3983.0
23,all,R8,IF (PointsAjust IS Low) AND (TeamExp IS Low) AND (Length IS High),High,0.0,0.0,3826.8625979056465,0.0,4269.2819730852125,0.3474842767295597,0.4,0.2121212121212121,3983.0
23,all,R9,IF (PointsAjust IS Medium) AND (TeamExp IS High) AND (Length IS Low),Low,0.0,0.0,1880.0459981588692,0.0,4269.2819730852125,0.3474842767295597,0.4,0.2121212121212121,3983.0
23,all,R10,IF (PointsAjust IS Medium) AND (TeamExp IS High) AND (Length IS Medium),Medium,0.0,0.0,4310.0924690748925,0.0,4269.2819730852125,0.3474842767295597,0.4,0.2121212121212121,3983.0
23,all,R11,IF (PointsAjust IS Medium) AND (TeamExp IS High) AND (Length IS High),Medium,0.0,0.0,4310.0924690748925,0.0,4269.2819730852125,0.3474842767295597,0.4,0.2121212121212121,3983.0
23,all,R12,IF (PointsAjust IS Medium) AND (TeamExp IS Medium) AND (Length IS Low),Medium,0.32920429345608787,0.7962186338324998,4310.0924690748925,3431.7759374185566,4269.2819730852125,0.3474842767295597,0.4,0.2121212121212121,3983.0
23,all,R13,IF (PointsAjust IS Medium) AND (TeamExp IS Medium) AND (Length IS Medium),Medium,0.07571468382414596,0.1831247140874928,4310.0924690748925,789.2844510899956,4269.2819730852125,0.3474842767295597,0.4,0.2121212121212121,3983.0
23,all,R14,IF (PointsAjust IS Medium) AND (TeamExp IS Medium) AND (Length IS High),High,0.0,0.0,3826.8625979056465,0.0,4269.2819730852125,0.3474842767295597,0.4,0.2121212121212121,3983.0
23,all,R15,IF (PointsAjust IS Medium) AND (TeamExp IS Low) AND (Length IS Medium),High,0.0,0.0,3826.8625979056465,0.0,4269.2819730852125,0.3474842767295597,0.4,0.2121212121212121,3983.0
23,all,R16,IF (PointsAjust IS Medium) AND (TeamExp IS Low) AND (Length IS High),High,0.0,0.0,3826.8625979056465,0.0,4269.2819730852125,0.3474842767295597,0.4,0.2121212121212121,3983.0
23,all,R17,IF (PointsAjust IS High) AND (TeamExp IS High) AND (Length IS Medium),Medium,0.0,0.0,4310.0924690748925,0.0,4269.2819730852125,0.3474842767295597,0.4,0.2121212121212121,3983.0
23,all,R18,IF (PointsAjust IS High) AND (TeamExp IS Medium) AND (Length IS Medium),High,0.0,0.0,3826.8625979056465,0.0,4269.2819730852125,0.3474842767295597,0.4,0.2121212121212121,3983.0
23,all,R19,IF (PointsAjust IS High) AND (TeamExp IS Low) AND (Length IS Medium),High,0.0,0.0,3826.8625979056465,0.0,4269.2819730852125,0.3474842767295597,0.4,0.2121212121212121,3983.0
23,all,R20,IF (PointsAjust IS High) AND (TeamExp IS Low) AND (Length IS High),Very_High,0.0,0.0,0.0,0.0,4269.2819730852125,0.3474842767295597,0.4,0.2121212121212121,3983.0
24,all,R1,IF (PointsAjust IS Low) AND (TeamExp IS High) AND (Length IS Low),Very_Low,0.0,0.0,7019.343228609487,0.0,5105.782845275161,0.389937106918239,1.0,0.3939393939393939,3164.0
24,all,R2,IF (PointsAjust IS Low) AND (TeamExp IS High) AND (Length IS Medium),Low,0.0,0.0,4187.558729604841,0.0,5105.782845275161,0.389937106918239,1.0,0.3939393939393939,3164.0
24,all,R3,IF (PointsAjust IS Low) AND (TeamExp IS High) AND (Length IS High),Medium,0.0,0.0,5105.782845275161,0.0,5105.782845275161,0.389937106918239,1.0,0.3939393939393939,3164.0
24,all,R4,IF (PointsAjust IS Low) AND (TeamExp IS Medium) AND (Length IS Low),Low,0.0,0.0,4187.558729604841,0.0,5105.782845275161,0.389937106918239,1.0,0.3939393939393939,3164.0
24,all,R5,IF (PointsAjust IS Low) AND (TeamExp IS Medium) AND (Length IS Medium),Medium,0.0,0.0,5105.782845275161,0.0,5105.782845275161,0.389937106918239,1.0,0.3939393939393939,3164.0
24,all,R6,IF (PointsAjust IS Low) AND (TeamExp IS Medium) AND (Length IS High),Medium,0.0,0.0,5105.782845275161,0.0,5105.782845275161,0.389937106918239,1.0,0.3939393939393939,3164.0
24,all,R7,IF (PointsAjust IS Low) AND (TeamExp IS Low) AND (Length IS Medium),Medium,0.0,0.0,5105.782845275161,0.0,5105.782845275161,0.389937106918239,1.0,0.3939393939393939,3164.0
24,all,R8,IF (PointsAjust IS Low) AND (TeamExp IS Low) AND (Length IS High),High,0.0,0.0,1247.4521747811864,0.0,5105.782845275161,0.389937106918239,1.0,0.3939393939393939,3164.0
24,all,R9,IF (PointsAjust IS Medium) AND (TeamExp IS High) AND (Length IS Low),Low,0.0,0.0,4187.558729604841,0.0,5105.782845275161,0.389937106918239,1.0,0.3939393939393939,3164.0
24,all,R10,IF (PointsAjust IS Medium) AND (TeamExp IS High) AND (Length IS Medium),Medium,0.5950136416972185,0.9961489676440698,5105.782845275161,5086.120310335653,5105.782845275161,0.389937106918239,1.0,0.3939393939393939,3164.0
24,all,R11,IF (PointsAjust IS Medium) AND (TeamExp IS High) AND (Length IS High),Medium,0.0,0.0,5105.782845275161,0.0,5105.782845275161,0.389937106918239,1.0,0.3939393939393939,3164.0
24,all,R12,IF (PointsAjust IS Medium) AND (TeamExp IS Medium) AND (Length IS Low),Medium,0.0,0.0,5105.782845275161,0.0,5105.782845275161,0.389937106918239,1.0,0.3939393939393939,3164.0
24,all,R13,IF (PointsAjust IS Medium) AND (TeamExp IS Medium) AND (Length IS Medium),Medium,0.002300275220698334,0.003851032355930255,5105.782845275161,19.662534939508284,5105.782845275161,0.389937106918239,1.0,0.3939393939393939,3164.0
24,all,R14,IF (PointsAjust IS Medium) AND (TeamExp IS Medium) AND (Length IS High),High,0.0,0.0,1247.4521747811864,0.0,5105.782845275161,0.389937106918239,1.0,0.3939393939393939,3164.0
24,all,R15,IF (PointsAjust IS Medium) AND (TeamExp IS Low) AND (Length IS Medium),High,0.0,0.0,1247.4521747811864,0.0,5105.782845275161,0.389937106918239,1.0,0.3939393939393939,3164.0
24,all,R16,IF (PointsAjust IS Medium) AND (TeamExp IS Low) AND (Length IS High),High,0.0,0.0,1247.4521747811864,0.0,5105.782845275161,0.389937106918239,1.0,0.3939393939393939,3164.0
24,all,R17,IF (PointsAjust IS High) AND (TeamExp IS High) AND (Length IS Medium),Medium,0.0,0.0,5105.782845275161,0.0,5105.782845275161,0.389937106918239,1.0,0.3939393939393939,3164.0
24,all,R18,IF (PointsAjust IS High) AND (TeamExp IS Medium) AND (Length IS Medium),High,0.0,0.0,1247.4521747811864,0.0,5105.782845275161,0.389937106918239,1.0,0.3939393939393939,3164.0
24,all,R19,IF (PointsAjust IS High) AND (TeamExp IS Low) AND (Length IS Medium),High,0.0,0.0,1247.4521747811864,0.0,5105.782845275161,0.389937106918239,1.0,0.3939393939393939,3164.0
24,all,R20,IF (PointsAjust IS High) AND (TeamExp IS Low) AND (Length IS High),Very_High,0.0,0.0,0.0,0.0,5105.782845275161,0.389937106918239,1.0,0.3939393939393939,3164.0
25,all,R1,IF (PointsAjust IS Low) AND (TeamExp IS High) AND (Length IS Low),Very_Low,0.0,0.0,5589.831847097502,0.0,3742.9869926546303,0.3930817610062893,0.6,0.1515151515151515,3542.0
25,all,R2,IF (PointsAjust IS Low) AND (TeamExp IS High) AND (Length IS Medium),Low,0.0,0.0,2719.753822203225,0.0,3742.9869926546303,0.3930817610062893,0.6,0.1515151515151515,3542.0
25,all,R3,IF (PointsAjust IS Low) AND (TeamExp IS High) AND (Length IS High),Medium,0.0,0.0,3742.98699265463,0.0,3742.9869926546303,0.3930817610062893,0.6,0.1515151515151515,3542.0
25,all,R4,IF (PointsAjust IS Low) AND (TeamExp IS Medium) AND (Length IS Low),Low,0.0,0.0,2719.753822203225,0.0,3742.9869926546303,0.3930817610062893,0.6,0.1515151515151515,3542.0
25,all,R5,IF (PointsAjust IS Low) AND (TeamExp IS Medium) AND (Length IS Medium),Medium,0.0,0.0,3742.98699265463,0.0,3742.9869926546303,0.3930817610062893,0.6,0.1515151515151515,3542.0
25,all,R6,IF (PointsAjust IS Low) AND (TeamExp IS Medium) AND (Length IS High),Medium,0.0,0.0,3742.98699265463,0.0,3742.9869926546303,0.3930817610062893,0.6,0.1515151515151515,3542.0
25,all,R7,IF (PointsAjust IS Low) AND (TeamExp IS Low) AND (Length IS Medium),Medium,0.0,0.0,3742.98699265463,0.0,3742.9869926546303,0.3930817610062893,0.6,0.1515151515151515,3542.0
25,all,R8,IF (PointsAjust IS Low) AND (TeamExp IS Low) AND (Length IS High),High,0.0,0.0,4006.145077630442,0.0,3742.9869926546303,0.3930817610062893,0.6,0.1515151515151515,3542.0
25,all,R9,IF (PointsAjust IS Medium) AND (TeamExp IS High) AND (Length IS Low),Low,0.0,0.0,2719.753822203225,0.0,3742.9869926546303,0.3930817610062893,0.6,0.1515151515151515,3542.0
25,all,R10,IF (PointsAjust IS Medium) AND (TeamExp IS High) AND (Length IS Medium),Medium,0.0,0.0,3742.98699265463,0.0,3742.9869926546303,0.3930817610062893,0.6,0.1515151515151515,3542.0
25,all,R11,IF (PointsAjust IS Medium) AND (TeamExp IS High) AND (Length IS High),Medium,0.0,0.0,3742.98699265463,0.0,3742.9869926546303,0.3930817610062893,0.6,0.1515151515151515,3542.0
25,all,R12,IF (PointsAjust IS Medium) AND (TeamExp IS Medium) AND (Length IS Low),Medium,0.6163992616529187,0.9364994052298106,3742.98699265463,3505.305092403978,3742.9869926546303,0.3930817610062893,0.6,0.1515151515151515,3542.0
25,all,R13,IF (PointsAjust IS Medium) AND (TeamExp IS Medium) AND (Length IS Medium),Medium,0.04179577639054757,0.06350059477018945,3742.98699265463,237.68190025065172,3742.9869926546303,0.3930817610062893,0.6,0.1515151515151515,3542.0
25,all,R14,IF (PointsAjust IS Medium) AND (TeamExp IS Medium) AND (Length IS High),High,0.0,0.0,4006.145077630442,0.0,3742.9869926546303,0.3930817610062893,0.6,0.1515151515151515,3542.0
25,all,R15,IF (PointsAjust IS Medium) AND (TeamExp IS Low) AND (Length IS Medium),High,0.0,0.0,4006.145077630442,0.0,3742.9869926546303,0.3930817610062893,0.6,0.1515151515151515,3542.0
25,all,R16,IF (PointsAjust IS Medium) AND (TeamExp IS Low) AND (Length IS High),High,0.0,0.0,4006.145077630442,0.0,3742.9869926546303,0.3930817610062893,0.6,0.1515151515151515,3542.0
25,all,R17,IF (PointsAjust IS High) AND (TeamExp IS High) AND (Length IS Medium),Medium,0.0,0.0,3742.98699265463,0.0,3742.9869926546303,0.3930817610062893,0.6,0.1515151515151515,3542.0
25,all,R18,IF (PointsAjust IS High) AND (TeamExp IS Medium) AND (Length IS Medium),High,0.0,0.0,4006.145077630442,0.0,3742.9869926546303,0.3930817610062893,0.6,0.1515151515151515,3542.0
25,all,R19,IF (PointsAjust IS High) AND (TeamExp IS Low) AND (Length IS Medium),High,0.0,0.0,4006.145077630442,0.0,3742.9869926546303,0.3930817610062893,0.6,0.1515151515151515,3542.0
25,all,R20,IF (PointsAjust IS High) AND (TeamExp IS Low) AND (Length IS High),Very_High,0.0,0.0,0.0,0.0,3742.9869926546303,0.3930817610062893,0.6,0.1515151515151515,3542.0
26,all,R1,IF (PointsAjust IS Low) AND (TeamExp IS High) AND (Length IS Low),Very_Low,0.0,0.0,10255.231004474641,0.0,6281.052103655971,0.6745283018867925,0.8,0.3939393939393939,4277.0
26,all,R2,IF (PointsAjust IS Low) AND (TeamExp IS High) AND (Length IS Medium),Low,0.0,0.0,4181.491791894638,0.0,6281.052103655971,0.6745283018867925,0.8,0.3939393939393939,4277.0
26,all,R3,IF (PointsAjust IS Low) AND (TeamExp IS High) AND (Length IS High),Medium,0.0,0.0,6436.385702902647,0.0,6281.052103655971,0.6745283018867925,0.8,0.3939393939393939,4277.0
26,all,R4,IF (PointsAjust IS Low) AND (TeamExp IS Medium) AND (Length IS Low),Low,0.0,0.0,4181.491791894638,0.0,6281.052103655971,0.6745283018867925,0.8,0.3939393939393939,4277.0
26,all,R5,IF (PointsAjust IS Low) AND (TeamExp IS Medium) AND (Length IS Medium),Medium,0.0,0.0,6436.385702902647,0.0,6281.052103655971,0.6745283018867925,0.8,0.3939393939393939,4277.0
26,all,R6,IF (PointsAjust IS Low) AND (TeamExp IS Medium) AND (Length IS High),Medium,0.0,0.0,6436.385702902647,0.0,6281.052103655971,0.6745283018867925,0.8,0.3939393939393939,4277.0
26,all,R7,IF (PointsAjust IS Low) AND (TeamExp IS Low) AND (Length IS Medium),Medium,0.0,0.0,6436.385702902647,0.0,6281.052103655971,0.6745283018867925,0.8,0.3939393939393939,4277.0
26,all,R8,IF (PointsAjust IS Low) AND (TeamExp IS Low) AND (Length IS High),High,0.0,0.0,3718.209075236259,0.0,6281.052103655971,0.6745283018867925,0.8,0.3939393939393939,4277.0
26,all,R9,IF (PointsAjust IS Medium) AND (TeamExp IS High) AND (Length IS Low),Low,0.0,0.0,4181.491791894638,0.0,6281.052103655971,0.6745283018867925,0.8,0.3939393939393939,4277.0
26,all,R10,IF (PointsAjust IS Medium) AND (TeamExp IS High) AND (Length IS Medium),Medium,0.19789604531227367,0.5758576211458017,6436.385702902647,3706.441759650367,6281.052103655971,0.6745283018867925,0.8,0.3939393939393939,4277.0
26,all,R11,IF (PointsAjust IS Medium) AND (TeamExp IS High) AND (Length IS High),Medium,0.0,0.0,6436.385702902647,0.0,6281.052103655971,0.6745283018867925,0.8,0.3939393939393939,4277.0
26,all,R12,IF (PointsAjust IS Medium) AND (TeamExp IS Medium) AND (Length IS Low),Medium,0.0,0.0,6436.385702902647,0.0,6281.052103655971,0.6745283018867925,0.8,0.3939393939393939,4277.0
26,all,R13,IF (PointsAjust IS Medium) AND (TeamExp IS Medium) AND (Length IS Medium),Medium,0.05356463468748416,0.15586770852345808,6436.385702902647,1003.2246906845826,6281.052103655971,0.6745283018867925,0.8,0.3939393939393939,4277.0
26,all,R14,IF (PointsAjust IS Medium) AND (TeamExp IS Medium) AND (Length IS High),High,0.0,0.0,3718.209075236259,0.0,6281.052103655971,0.6745283018867925,0.8,0.3939393939393939,4277.0
26,all,R15,IF (PointsAjust IS Medium) AND (TeamExp IS Low) AND (Length IS Medium),High,0.0,0.0,3718.209075236259,0.0,6281.052103655971,0.6745283018867925,0.8,0.3939393939393939,4277.0
26,all,R16,IF (PointsAjust IS Medium) AND (TeamExp IS Low) AND (Length IS High),High,0.0,0.0,3718.209075236259,0.0,6281.052103655971,0.6745283018867925,0.8,0.3939393939393939,4277.0
26,all,R17,IF (PointsAjust IS High) AND (TeamExp IS High) AND (Length IS Medium),Medium,0.07255522552417906,0.2111284210157968,6436.385702902647,1358.9039505024853,6281.052103655971,0.6745283018867925,0.8,0.3939393939393939,4277.0
26,all,R18,IF (PointsAjust IS High) AND (TeamExp IS Medium) AND (Length IS Medium),High,0.01963856399322215,0.0571462493149433,3718.209075236259,212.48170281853604,6281.052103655971,0.6745283018867925,0.8,0.3939393939393939,4277.0
26,all,R19,IF (PointsAjust IS High) AND (TeamExp IS Low) AND (Length IS Medium),High,0.0,0.0,3718.209075236259,0.0,6281.052103655971,0.6745283018867925,0.8,0.3939393939393939,4277.0
26,all,R20,IF (PointsAjust IS High) AND (TeamExp IS Low) AND (Length IS High),Very_High,0.0,0.0,0.0,0.0,6281.052103655971,0.6745283018867925,0.8,0.3939393939393939,4277.0
27,all,R1,IF (PointsAjust IS Low) AND (TeamExp IS High) AND (Length IS Low),Very_Low,0.0,0.0,6455.911840012191,0.0,4960.992935304084,0.3160377358490566,1.0,0.4545454545454545,7252.0
27,all,R2,IF (PointsAjust IS Low) AND (TeamExp IS High) AND (Length IS Medium),Low,0.1621909363238401,0.26380883358688834,4004.5913733563584,1056.4465791972561,4960.992935304084,0.3160377358490566,1.0,0.4545454545454545,7252.0
27,all,R3,IF (PointsAjust IS Low) AND (TeamExp IS High) AND (Length IS High),Medium,0.0,0.0,5303.712587493617,0.0,4960.992935304084,0.3160377358490566,1.0,0.4545454545454545,7252.0
27,all,R4,IF (PointsAjust IS Low) AND (TeamExp IS Medium) AND (Length IS Low),Low,0.0,0.0,4004.5913733563584,0.0,4960.992935304084,0.3160377358490566,1.0,0.4545454545454545,7252.0
27,all,R5,IF (PointsAjust IS Low) AND (TeamExp IS Medium) AND (Length IS Medium),Medium,0.0006270172071742852,0.001019863882734382,5303.712587493617,5.409064912388457,4960.992935304084,0.3160377358490566,1.0,0.4545454545454545,7252.0
27,all,R6,IF (PointsAjust IS Low) AND (TeamExp IS Medium) AND (Length IS High),Medium,0.0,0.0,5303.712587493617,0.0,4960.992935304084,0.3160377358490566,1.0,0.4545454545454545,7252.0
27,all,R7,IF (PointsAjust IS Low) AND (TeamExp IS Low) AND (Length IS Medium),Medium,0.0,0.0,5303.712587493617,0.0,4960.992935304084,0.3160377358490566,1.0,0.4545454545454545,7252.0
27,all,R8,IF (PointsAjust IS Low) AND (TeamExp IS Low) AND (Length IS High),High,0.0,0.0,333.767363152318,0.0,4960.992935304084,0.3160377358490566,1.0,0.4545454545454545,7252.0
27,all,R9,IF (PointsAjust IS Medium) AND (TeamExp IS High) AND (Length IS Low),Low,0.0,0.0,4004.5913733563584,0.0,4960.992935304084,0.3160377358490566,1.0,0.4545454545454545,7252.0
27,all,R10,IF (PointsAjust IS Medium) AND (TeamExp IS High) AND (Length IS Medium),Medium,0.4502462272975392,0.7323401340571813,5303.712587493617,3884.1215873258357,4960.992935304084,0.3160377358490566,1.0,0.4545454545454545,7252.0
27,all,R11,IF (PointsAjust IS Medium) AND (TeamExp IS High) AND (Length IS High),Medium,0.0,0.0,5303.712587493617,0.0,4960.992935304084,0.3160377358490566,1.0,0.4545454545454545,7252.0
27,all,R12,IF (PointsAjust IS Medium) AND (TeamExp IS Medium) AND (Length IS Low),Medium,0.0,0.0,5303.712587493617,0.0,4960.992935304084,0.3160377358490566,1.0,0.4545454545454545,7252.0
27,all,R13,IF (PointsAjust IS Medium) AND (TeamExp IS Medium) AND (Length IS Medium),Medium,0.0017406159578312083,0.002831168473195873,5303.712587493617,15.015703868604037,4960.992935304084,0.3160377358490566,1.0,0.4545454545454545,7252.0
27,all,R14,IF (PointsAjust IS Medium) AND (TeamExp IS Medium) AND (Length IS High),High,0.0,0.0,333.767363152318,0.0,4960.992935304084,0.3160377358490566,1.0,0.4545454545454545,7252.0
27,all,R15,IF (PointsAjust IS Medium) AND (TeamExp IS Low) AND (Length IS Medium),High,0.0,0.0,333.767363152318,0.0,4960.992935304084,0.3160377358490566,1.0,0.4545454545454545,7252.0
27,all,R16,IF (PointsAjust IS Medium) AND (TeamExp IS Low) AND (Length IS High),High,0.0,0.0,333.767363152318,0.0,4960.992935304084,0.3160377358490566,1.0,0.4545454545454545,7252.0
27,all,R17,IF (PointsAjust IS High) AND (TeamExp IS High) AND (Length IS Medium),Medium,0.0,0.0,5303.712587493617,0.0,4960.992935304084,0.3160377358490566,1.0,0.4545454545454545,7252.0
27,all,R18,IF (PointsAjust IS High) AND (TeamExp IS Medium) AND (Length IS Medium),High,0.0,0.0,333.767363152318,0.0,4960.992935304084,0.3160377358490566,1.0,0.4545454545454545,7252.0
27,all,R19,IF (PointsAjust IS High) AND (TeamExp IS Low) AND (Length IS Medium),High,0.0,0.0,333.767363152318,0.0,4960.992935304084,0.3160377358490566,1.0,0.4545454545454545,7252.0
27,all,R20,IF (PointsAjust IS High) AND (TeamExp IS Low) AND (Length IS High),Very_High,0.0,0.0,0.0,0.0,4960.992935304084,0.3160377358490566,1.0,0.4545454545454545,7252.0
28,all,R1,IF (PointsAjust IS Low) AND (TeamExp IS High) AND (Length IS Low),Very_Low,0.0,0.0,9817.53097611378,0.0,5995.349845448147,0.6273584905660378,1.0,0.3939393939393939,3948.0
28,all,R2,IF (PointsAjust IS Low) AND (TeamExp IS High) AND (Length IS Medium),Low,0.0,0.0,4790.329913917333,0.0,5995.349845448147,0.6273584905660378,1.0,0.3939393939393939,3948.0
28,all,R3,IF (PointsAjust IS Low) AND (TeamExp IS High) AND (Length IS High),Medium,0.0,0.0,5996.430057773798,0.0,5995.349845448147,0.6273584905660378,1.0,0.3939393939393939,3948.0
28,all,R4,IF (PointsAjust IS Low) AND (TeamExp IS Medium) AND (Length IS Low),Low,0.0,0.0,4790.329913917333,0.0,5995.349845448147,0.6273584905660378,1.0,0.3939393939393939,3948.0
28,all,R5,IF (PointsAjust IS Low) AND (TeamExp IS Medium) AND (Length IS Medium),Medium,0.0,0.0,5996.430057773798,0.0,5995.349845448147,0.6273584905660378,1.0,0.3939393939393939,3948.0
28,all,R6,IF (PointsAjust IS Low) AND (TeamExp IS Medium) AND (Length IS High),Medium,0.0,0.0,5996.430057773798,0.0,5995.349845448147,0.6273584905660378,1.0,0.3939393939393939,3948.0
28,all,R7,IF (PointsAjust IS Low) AND (TeamExp IS Low) AND (Length IS Medium),Medium,0.0,0.0,5996.430057773798,0.0,5995.349845448147,0.6273584905660378,1.0,0.3939393939393939,3948.0
28,all,R8,IF (PointsAjust IS Low) AND (TeamExp IS Low) AND (Length IS High),High,0.0,0.0,2855.976959144382,0.0,5995.349845448147,0.6273584905660378,1.0,0.3939393939393939,3948.0
28,all,R9,IF (PointsAjust IS Medium) AND (TeamExp IS High) AND (Length IS Low),Low,0.0,0.0,4790.329913917333,0.0,5995.349845448147,0.6273584905660378,1.0,0.3939393939393939,3948.0
28,all,R10,IF (PointsAjust IS Medium) AND (TeamExp IS High) AND (Length IS Medium),Medium,0.5431210527762704,0.9071747990795879,5996.430057773798,5439.810232855746,5995.349845448147,0.6273584905660378,1.0,0.3939393939393939,3948.0
28,all,R11,IF (PointsAjust IS Medium) AND (TeamExp IS High) AND (Length IS High),Medium,0.0,0.0,5996.430057773798,0.0,5995.349845448147,0.6273584905660378,1.0,0.3939393939393939,3948.0
28,all,R12,IF (PointsAjust IS Medium) AND (TeamExp IS Medium) AND (Length IS Low),Medium,0.0,0.0,5996.430057773798,0.0,5995.349845448147,0.6273584905660378,1.0,0.3939393939393939,3948.0
28,all,R13,IF (PointsAjust IS Medium) AND (TeamExp IS Medium) AND (Length IS Medium),Medium,0.0020996626160994574,0.0035070653257839764,5996.430057773798,21.02987193410729,5995.349845448147,0.6273584905660378,1.0,0.3939393939393939,3948.0
28,all,R14,IF (PointsAjust IS Medium) AND (TeamExp IS Medium) AND (Length IS High),High,0.0,0.0,2855.976959144382,0.0,5995.349845448147,0.6273584905660378,1.0,0.3939393939393939,3948.0
28,all,R15,IF (PointsAjust IS Medium) AND (TeamExp IS Low) AND (Length IS Medium),High,0.0,0.0,2855.976959144382,0.0,5995.349845448147,0.6273584905660378,1.0,0.3939393939393939,3948.0
28,all,R16,IF (PointsAjust IS Medium) AND (TeamExp IS Low) AND (Length IS High),High,0.0,0.0,2855.976959144382,0.0,5995.349845448147,0.6273584905660378,1.0,0.3939393939393939,3948.0
28,all,R17,IF (PointsAjust IS High) AND (TeamExp IS High) AND (Length IS Medium),Medium,0.053268393422815065,0.08897416856448179,5996.430057773798,533.5273787454911,5995.349845448147,0.6273584905660378,1.0,0.3939393939393939,3948.0
28,all,R18,IF (PointsAjust IS High) AND (TeamExp IS Medium) AND (Length IS Medium),High,0.00020593135493062159,0.0003439670301462785,2855.976959144382,0.9823619128030925,5995.349845448147,0.6273584905660378,1.0,0.3939393939393939,3948.0
28,all,R19,IF (PointsAjust IS High) AND (TeamExp IS Low) AND (Length IS Medium),High,0.0,0.0,2855.976959144382,0.0,5995.349845448147,0.6273584905660378,1.0,0.3939393939393939,3948.0
28,all,R20,IF (PointsAjust IS High) AND (TeamExp IS Low) AND (Length IS High),Very_High,0.0,0.0,0.0,0.0,5995.349845448147,0.6273584905660378,1.0,0.3939393939393939,3948.0
29,all,R1,IF (PointsAjust IS Low) AND (TeamExp IS High) AND (Length IS Low),Very_Low,0.7380765199161426,0.7872220344472182,3565.5070198773265,2806.845690023667,3579.239894825585,0.2012578616352201,1.0,0.1515151515151515,3927.0
29,all,R2,IF (PointsAjust IS Low) AND (TeamExp IS High) AND (Length IS Medium),Low,0.05004626563439777,0.0533786429809103,3689.9346130871963,196.96370233488483,3579.239894825585,0.2012578616352201,1.0,0.1515151515151515,3927.0
29,all,R3,IF (PointsAjust IS Low) AND (TeamExp IS High) AND (Length IS High),Medium,0.0,0.0,2497.379495940538,0.0,3579.239894825585,0.2012578616352201,1.0,0.1515151515151515,3927.0
29,all,R4,IF (PointsAjust IS Low) AND (TeamExp IS Medium) AND (Length IS Low),Low,0.0028533448828158186,0.0030433375172062567,3689.9346130871963,11.229716444046218,3579.239894825585,0.2012578616352201,1.0,0.1515151515151515,3927.0
29,all,R5,IF (PointsAjust IS Low) AND (TeamExp IS Medium) AND (Length IS Medium),Medium,0.00019347486622142422,0.00020635757091762996,2497.379495940538,0.5153531664417845,3579.239894825585,0.2012578616352201,1.0,0.1515151515151515,3927.0
29,all,R6,IF (PointsAjust IS Low) AND (TeamExp IS Medium) AND (Length IS High),Medium,0.0,0.0,2497.379495940538,0.0,3579.239894825585,0.2012578616352201,1.0,0.1515151515151515,3927.0
29,all,R7,IF (PointsAjust IS Low) AND (TeamExp IS Low) AND (Length IS Medium),Medium,0.0,0.0,2497.379495940538,0.0,3579.239894825585,0.2012578616352201,1.0,0.1515151515151515,3927.0
29,all,R8,IF (PointsAjust IS Low) AND (TeamExp IS Low) AND (Length IS High),High,0.0,0.0,1621.2269604763678,0.0,3579.239894825585,0.2012578616352201,1.0,0.1515151515151515,3927.0
29,all,R9,IF (PointsAjust IS Medium) AND (TeamExp IS High) AND (Length IS Low),Low,0.1365767882471213,0.1456708812717431,3689.9346130871963,537.5160269235203,3579.239894825585,0.2012578616352201,1.0,0.1515151515151515,3927.0
29,all,R10,IF (PointsAjust IS Medium) AND (TeamExp IS High) AND (Length IS Medium),Medium,0.009260771803016998,0.009877408944198316,2497.379495940538,24.667638570260554,3579.239894825585,0.2012578616352201,1.0,0.1515151515151515,3927.0
29,all,R11,IF (PointsAjust IS Medium) AND (TeamExp IS High) AND (Length IS High),Medium,0.0,0.0,2497.379495940538,0.0,3579.239894825585,0.2012578616352201,1.0,0.1515151515151515,3927.0
29,all,R12,IF (PointsAjust IS Medium) AND (TeamExp IS Medium) AND (Length IS Low),Medium,0.0005279949562690592,0.0005631519936431838,2497.379495940538,1.4064042420225236,3579.239894825585,0.2012578616352201,1.0,0.1515151515151515,3927.0
29,all,R13,IF (PointsAjust IS Medium) AND (TeamExp IS Medium) AND (Length IS Medium),Medium,3.580140422034532e-05,3.818527416318511e-05,2497.379495940538,0.09536312074200648,3579.239894825585,0.2012578616352201,1.0,0.1515151515151515,3927.0
29,all,R14,IF (PointsAjust IS Medium) AND (TeamExp IS Medium) AND (Length IS High),High,0.0,0.0,1621.2269604763678,0.0,3579.239894825585,0.2012578616352201,1.0,0.1515151515151515,3927.0
29,all,R15,IF (PointsAjust IS Medium) AND (TeamExp IS Low) AND (Length IS Medium),High,0.0,0.0,1621.2269604763678,0.0,3579.239894825585,0.2012578616352201,1.0,0.1515151515151515,3927.0
29,all,R16,IF (PointsAjust IS Medium) AND (TeamExp IS Low) AND (Length IS High),High,0.0,0.0,1621.2269604763678,0.0,3579.239894825585,0.2012578616352201,1.0,0.1515151515151515,3927.0
29,all,R17,IF (PointsAjust IS High) AND (TeamExp IS High) AND (Length IS Medium),Medium,0.0,0.0,2497.379495940538,0.0,3579.239894825585,0.2012578616352201,1.0,0.1515151515151515,3927.0
29,all,R18,IF (PointsAjust IS High) AND (TeamExp IS Medium) AND (Length IS Medium),High,0.0,0.0,1621.2269604763678,0.0,3579.239894825585,0.2012578616352201,1.0,0.1515151515151515,3927.0
29,all,R19,IF (PointsAjust IS High) AND (TeamExp IS Low) AND (Length IS Medium),High,0.0,0.0,1621.2269604763678,0.0,3579.239894825585,0.2012578616352201,1.0,0.1515151515151515,3927.0
29,all,R20,IF (PointsAjust IS High) AND (TeamExp IS Low) AND (Length IS High),Very_High,0.0,0.0,0.0,0.0,3579.239894825585,0.2012578616352201,1.0,0.1515151515151515,3927.0
30,all,R1,IF (PointsAjust IS Low) AND (TeamExp IS High) AND (Length IS Low),Very_Low,0.0,0.0,3264.4216676174246,0.0,2298.6365242281454,0.1666666666666666,0.4,0.2424242424242424,710.0
30,all,R2,IF (PointsAjust IS Low) AND (TeamExp IS High) AND (Length IS Medium),Low,0.0,0.0,1423.306933514144,0.0,2298.6365242281454,0.1666666666666666,0.4,0.2424242424242424,710.0
30,all,R3,IF (PointsAjust IS Low) AND (TeamExp IS High) AND (Length IS High),Medium,0.0,0.0,3869.3605193654103,0.0,2298.6365242281454,0.1666666666666666,0.4,0.2424242424242424,710.0
30,all,R4,IF (PointsAjust IS Low) AND (TeamExp IS Medium) AND (Length IS Low),Low,0.39480802504925977,0.6421461918180454,1423.306933514144,913.9711271443276,2298.6365242281454,0.1666666666666666,0.4,0.2424242424242424,710.0
30,all,R5,IF (PointsAjust IS Low) AND (TeamExp IS Medium) AND (Length IS Medium),Medium,0.16803668634132043,0.2733078138579863,3869.3605193654103,1057.5264645761627,2298.6365242281454,0.1666666666666666,0.4,0.2424242424242424,710.0
30,all,R6,IF (PointsAjust IS Low) AND (TeamExp IS Medium) AND (Length IS High),Medium,0.0,0.0,3869.3605193654103,0.0,2298.6365242281454,0.1666666666666666,0.4,0.2424242424242424,710.0
30,all,R7,IF (PointsAjust IS Low) AND (TeamExp IS Low) AND (Length IS Medium),Medium,0.0,0.0,3869.3605193654103,0.0,2298.6365242281454,0.1666666666666666,0.4,0.2424242424242424,710.0
30,all,R8,IF (PointsAjust IS Low) AND (TeamExp IS Low) AND (Length IS High),High,0.0,0.0,2395.3180876592087,0.0,2298.6365242281454,0.1666666666666666,0.4,0.2424242424242424,710.0
30,all,R9,IF (PointsAjust IS Medium) AND (TeamExp IS High) AND (Length IS Low),Low,0.0,0.0,1423.306933514144,0.0,2298.6365242281454,0.1666666666666666,0.4,0.2424242424242424,710.0
30,all,R10,IF (PointsAjust IS Medium) AND (TeamExp IS High) AND (Length IS Medium),Medium,0.0,0.0,3869.3605193654103,0.0,2298.6365242281454,0.1666666666666666,0.4,0.2424242424242424,710.0
30,all,R11,IF (PointsAjust IS Medium) AND (TeamExp IS High) AND (Length IS High),Medium,0.0,0.0,3869.3605193654103,0.0,2298.6365242281454,0.1666666666666666,0.4,0.2424242424242424,710.0
30,all,R12,IF (PointsAjust IS Medium) AND (TeamExp IS Medium) AND (Length IS Low),Medium,0.03646216722840406,0.05930487818283598,3869.3605193654103,229.47195424644062,2298.6365242281454,0.1666666666666666,0.4,0.2424242424242424,710.0
30,all,R13,IF (PointsAjust IS Medium) AND (TeamExp IS Medium) AND (Length IS Medium),Medium,0.015518888596855775,0.025241116141132273,3869.3605193654103,97.66697826121421,2298.6365242281454,0.1666666666666666,0.4,0.2424242424242424,710.0
30,all,R14,IF (PointsAjust IS Medium) AND (TeamExp IS Medium) AND (Length IS High),High,0.0,0.0,2395.3180876592087,0.0,2298.6365242281454,0.1666666666666666,0.4,0.2424242424242424,710.0
30,all,R15,IF (PointsAjust IS Medium) AND (TeamExp IS Low) AND (Length IS Medium),High,0.0,0.0,2395.3180876592087,0.0,2298.6365242281454,0.1666666666666666,0.4,0.2424242424242424,710.0
30,all,R16,IF (PointsAjust IS Medium) AND (TeamExp IS Low) AND (Length IS High),High,0.0,0.0,2395.3180876592087,0.0,2298.6365242281454,0.1666666666666666,0.4,0.2424242424242424,710.0
30,all,R17,IF (PointsAjust IS High) AND (TeamExp IS High) AND (Length IS Medium),Medium,0.0,0.0,3869.3605193654103,0.0,2298.6365242281454,0.1666666666666666,0.4,0.2424242424242424,710.0
30,all,R18,IF (PointsAjust IS High) AND (TeamExp IS Medium) AND (Length IS Medium),High,0.0,0.0,2395.3180876592087,0.0,2298.6365242281454,0.1666666666666666,0.4,0.2424242424242424,710.0
30,all,R19,IF (PointsAjust IS High) AND (TeamExp IS Low) AND (Length IS Medium),High,0.0,0.0,2395.3180876592087,0.0,2298.6365242281454,0.1666666666666666,0.4,0.2424242424242424,710.0
30,all,R20,IF (PointsAjust IS High) AND (TeamExp IS Low) AND (Length IS High),Very_High,0.0,0.0,0.0,0.0,2298.6365242281454,0.1666666666666666,0.4,0.2424242424242424,710.0
31,all,R1,IF (PointsAjust IS Low) AND (TeamExp IS High) AND (Length IS Low),Very_Low,0.07442348008385744,0.1524468291739563,5453.689028086571,831.3975996325933,4145.074932595253,0.3223270440251572,1.0,0.2424242424242424,2429.0
31,all,R2,IF (PointsAjust IS Low) AND (TeamExp IS High) AND (Length IS Medium),Low,0.03167583783972049,0.06488383820069712,4004.283245509788,259.81326621141943,4145.074932595253,0.3223270440251572,1.0,0.2424242424242424,2429.0
31,all,R3,IF (PointsAjust IS Low) AND (TeamExp IS High) AND (Length IS High),Medium,0.0,0.0,3664.2771810798054,0.0,4145.074932595253,0.3223270440251572,1.0,0.2424242424242424,2429.0
31,all,R4,IF (PointsAjust IS Low) AND (TeamExp IS Medium) AND (Length IS Low),Low,0.00028771523050583785,0.0005893472671023684,4004.283245509788,2.3599133874449953,4145.074932595253,0.3223270440251572,1.0,0.2424242424242424,2429.0
31,all,R5,IF (PointsAjust IS Low) AND (TeamExp IS Medium) AND (Length IS Medium),Medium,0.00012245625943925028,0.0002508357368263701,3664.2771810798054,0.9191316666522072,4145.074932595253,0.3223270440251572,1.0,0.2424242424242424,2429.0
31,all,R6,IF (PointsAjust IS Low) AND (TeamExp IS Medium) AND (Length IS High),Medium,0.0,0.0,3664.2771810798054,0.0,4145.074932595253,0.3223270440251572,1.0,0.2424242424242424,2429.0
31,all,R7,IF (PointsAjust IS Low) AND (TeamExp IS Low) AND (Length IS Medium),Medium,0.0,0.0,3664.2771810798054,0.0,4145.074932595253,0.3223270440251572,1.0,0.2424242424242424,2429.0
31,all,R8,IF (PointsAjust IS Low) AND (TeamExp IS Low) AND (Length IS High),High,0.0,0.0,1821.9408403414845,0.0,4145.074932595253,0.3223270440251572,1.0,0.2424242424242424,2429.0
31,all,R9,IF (PointsAjust IS Medium) AND (TeamExp IS High) AND (Length IS Low),Low,0.2667012850014584,0.5463029300602498,4004.283245509788,2187.5516698131637,4145.074932595253,0.3223270440251572,1.0,0.2424242424242424,2429.0
31,all,R10,IF (PointsAjust IS Medium) AND (TeamExp IS High) AND (Length IS Medium),Medium,0.11351238407331152,0.23251537020916646,3664.2771810798054,852.0007653077719,4145.074932595253,0.3223270440251572,1.0,0.2424242424242424,2429.0
31,all,R11,IF (PointsAjust IS Medium) AND (TeamExp IS High) AND (Length IS High),Medium,0.0,0.0,3664.2771810798054,0.0,4145.074932595253,0.3223270440251572,1.0,0.2424242424242424,2429.0
31,all,R12,IF (PointsAjust IS Medium) AND (TeamExp IS Medium) AND (Length IS Low),Medium,0.001031045868910415,0.002111963499572924,3664.2771810798054,7.738819658758515,4145.074932595253,0.3223270440251572,1.0,0.2424242424242424,2429.0
31,all,R13,IF (PointsAjust IS Medium) AND (TeamExp IS Medium) AND (Length IS Medium),Medium,0.0004388298116685874,0.0008988858524285923,3664.2771810798054,3.29376691744956,4145.074932595253,0.3223270440251572,1.0,0.2424242424242424,2429.0
31,all,R14,IF (PointsAjust IS Medium) AND (TeamExp IS Medium) AND (Length IS High),High,0.0,0.0,1821.9408403414845,0.0,4145.074932595253,0.3223270440251572,1.0,0.2424242424242424,2429.0
31,all,R15,IF (PointsAjust IS Medium) AND (TeamExp IS Low) AND (Length IS Medium),High,0.0,0.0,1821.9408403414845,0.0,4145.074932595253,0.3223270440251572,1.0,0.2424242424242424,2429.0
31,all,R16,IF (PointsAjust IS Medium) AND (TeamExp IS Low) AND (Length IS High),High,0.0,0.0,1821.9408403414845,0.0,4145.074932595253,0.3223270440251572,1.0,0.2424242424242424,2429.0
31,all,R17,IF (PointsAjust IS High) AND (TeamExp IS High) AND (Length IS Medium),Medium,0.0,0.0,3664.2771810798054,0.0,4145.074932595253,0.3223270440251572,1.0,0.2424242424242424,2429.0
31,all,R18,IF (PointsAjust IS High) AND (TeamExp IS Medium) AND (Length IS Medium),High,0.0,0.0,1821.9408403414845,0.0,4145.074932595253,0.3223270440251572,1.0,0.2424242424242424,2429.0
31,all,R19,IF (PointsAjust IS High) AND (TeamExp IS Low) AND (Length IS Medium),High,0.0,0.0,1821.9408403414845,0.0,4145.074932595253,0.3223270440251572,1.0,0.2424242424242424,2429.0
31,all,R20,IF (PointsAjust IS High) AND (TeamExp IS Low) AND (Length IS High),Very_High,0.0,0.0,0.0,0.0,4145.074932595253,0.3223270440251572,1.0,0.2424242424242424,2429.0
32,all,R1,IF (PointsAjust IS Low) AND (TeamExp IS High) AND (Length IS Low),Very_Low,0.0,0.0,4817.498472577569,0.0,3609.1625308719977,0.35062893081761,0.4,0.1212121212121212,6405.0
32,all,R2,IF (PointsAjust IS Low) AND (TeamExp IS High) AND (Length IS Medium),Low,0.0,0.0,1881.0544754097,0.0,3609.1625308719977,0.35062893081761,0.4,0.1212121212121212,6405.0
32,all,R3,IF (PointsAjust IS Low) AND (TeamExp IS High) AND (Length IS High),Medium,0.0,0.0,3609.1625308719977,0.0,3609.1625308719977,0.35062893081761,0.4,0.1212121212121212,6405.0
32,all,R4,IF (PointsAjust IS Low) AND (TeamExp IS Medium) AND (Length IS Low),Low,0.0,0.0,1881.0544754097,0.0,3609.1625308719977,0.35062893081761,0.4,0.1212121212121212,6405.0
32,all,R5,IF (PointsAjust IS Low) AND (TeamExp IS Medium) AND (Length IS Medium),Medium,0.0,0.0,3609.1625308719977,0.0,3609.1625308719977,0.35062893081761,0.4,0.1212121212121212,6405.0
32,all,R6,IF (PointsAjust IS Low) AND (TeamExp IS Medium) AND (Length IS High),Medium,0.0,0.0,3609.1625308719977,0.0,3609.1625308719977,0.35062893081761,0.4,0.1212121212121212,6405.0
32,all,R7,IF (PointsAjust IS Low) AND (TeamExp IS Low) AND (Length IS Medium),Medium,0.0,0.0,3609.1625308719977,0.0,3609.1625308719977,0.35062893081761,0.4,0.1212121212121212,6405.0
32,all,R8,IF (PointsAjust IS Low) AND (TeamExp IS Low) AND (Length IS High),High,0.0,0.0,4467.694797276903,0.0,3609.1625308719977,0.35062893081761,0.4,0.1212121212121212,6405.0
32,all,R9,IF (PointsAjust IS Medium) AND (TeamExp IS High) AND (Length IS Low),Low,0.0,0.0,1881.0544754097,0.0,3609.1625308719977,0.35062893081761,0.4,0.1212121212121212,6405.0
32,all,R10,IF (PointsAjust IS Medium) AND (TeamExp IS High) AND (Length IS Medium),Medium,0.0,0.0,3609.1625308719977,0.0,3609.1625308719977,0.35062893081761,0.4,0.1212121212121212,6405.0
32,all,R11,IF (PointsAjust IS Medium) AND (TeamExp IS High) AND (Length IS High),Medium,0.0,0.0,3609.1625308719977,0.0,3609.1625308719977,0.35062893081761,0.4,0.1212121212121212,6405.0
32,all,R12,IF (PointsAjust IS Medium) AND (TeamExp IS Medium) AND (Length IS Low),Medium,0.4877081329886207,0.9603973153235303,3609.1625308719977,3466.2300052157448,3609.1625308719977,0.35062893081761,0.4,0.1212121212121212,6405.0
32,all,R13,IF (PointsAjust IS Medium) AND (TeamExp IS Medium) AND (Length IS Medium),Medium,0.02011100103751495,0.039602684676469685,3609.1625308719977,142.932525656253,3609.1625308719977,0.35062893081761,0.4,0.1212121212121212,6405.0
32,all,R14,IF (PointsAjust IS Medium) AND (TeamExp IS Medium) AND (Length IS High),High,0.0,0.0,4467.694797276903,0.0,3609.1625308719977,0.35062893081761,0.4,0.1212121212121212,6405.0
32,all,R15,IF (PointsAjust IS Medium) AND (TeamExp IS Low) AND (Length IS Medium),High,0.0,0.0,4467.694797276903,0.0,3609.1625308719977,0.35062893081761,0.4,0.1212121212121212,6405.0
32,all,R16,IF (PointsAjust IS Medium) AND (TeamExp IS Low) AND (Length IS High),High,0.0,0.0,4467.694797276903,0.0,3609.1625308719977,0.35062893081761,0.4,0.1212121212121212,6405.0
32,all,R17,IF (PointsAjust IS High) AND (TeamExp IS High) AND (Length IS Medium),Medium,0.0,0.0,3609.1625308719977,0.0,3609.1625308719977,0.35062893081761,0.4,0.1212121212121212,6405.0
32,all,R18,IF (PointsAjust IS High) AND (TeamExp IS Medium) AND (Length IS Medium),High,0.0,0.0,4467.694797276903,0.0,3609.1625308719977,0.35062893081761,0.4,0.1212121212121212,6405.0
32,all,R19,IF (PointsAjust IS High) AND (TeamExp IS Low) AND (Length IS Medium),High,0.0,0.0,4467.694797276903,0.0,3609.1625308719977,0.35062893081761,0.4,0.1212121212121212,6405.0
32,all,R20,IF (PointsAjust IS High) AND (TeamExp IS Low) AND (Length IS High),Very_High,0.0,0.0,0.0,0.0,3609.1625308719977,0.35062893081761,0.4,0.1212121212121212,6405.0
33,all,R1,IF (PointsAjust IS Low) AND (TeamExp IS High) AND (Length IS Low),Very_Low,0.0,0.0,2682.442381188018,0.0,2194.470353703476,0.1855345911949685,0.6,0.0606060606060606,651.0
33,all,R2,IF (PointsAjust IS Low) AND (TeamExp IS High) AND (Length IS Medium),Low,0.0,0.0,2185.852771653567,0.0,2194.470353703476,0.1855345911949685,0.6,0.0606060606060606,651.0
33,all,R3,IF (PointsAjust IS Low) AND (TeamExp IS High) AND (Length IS High),Medium,0.0,0.0,2251.681382433078,0.0,2194.470353703476,0.1855345911949685,0.6,0.0606060606060606,651.0
33,all,R4,IF (PointsAjust IS Low) AND (TeamExp IS Medium) AND (Length IS Low),Low,0.6584680215809603,0.869090628711988,2185.852771653567,1899.70415958824,2194.470353703476,0.1855345911949685,0.6,0.0606060606060606,651.0
33,all,R5,IF (PointsAjust IS Low) AND (TeamExp IS Medium) AND (Length IS Medium),Medium,0.009020839716363074,0.01190631435947435,2251.681382433078,26.809226376624014,2194.470353703476,0.1855345911949685,0.6,0.0606060606060606,651.0
33,all,R6,IF (PointsAjust IS Low) AND (TeamExp IS Medium) AND (Length IS High),Medium,0.0,0.0,2251.681382433078,0.0,2194.470353703476,0.1855345911949685,0.6,0.0606060606060606,651.0
33,all,R7,IF (PointsAjust IS Low) AND (TeamExp IS Low) AND (Length IS Medium),Medium,0.0,0.0,2251.681382433078,0.0,2194.470353703476,0.1855345911949685,0.6,0.0606060606060606,651.0
33,all,R8,IF (PointsAjust IS Low) AND (TeamExp IS Low) AND (Length IS High),High,0.0,0.0,3219.544686904558,0.0,2194.470353703476,0.1855345911949685,0.6,0.0606060606060606,651.0
33,all,R9,IF (PointsAjust IS Medium) AND (TeamExp IS High) AND (Length IS Low),Low,0.0,0.0,2185.852771653567,0.0,2194.470353703476,0.1855345911949685,0.6,0.0606060606060606,651.0
33,all,R10,IF (PointsAjust IS Medium) AND (TeamExp IS High) AND (Length IS Medium),Medium,0.0,0.0,2251.681382433078,0.0,2194.470353703476,0.1855345911949685,0.6,0.0606060606060606,651.0
33,all,R11,IF (PointsAjust IS Medium) AND (TeamExp IS High) AND (Length IS High),Medium,0.0,0.0,2251.681382433078,0.0,2194.470353703476,0.1855345911949685,0.6,0.0606060606060606,651.0
33,all,R12,IF (PointsAjust IS Medium) AND (TeamExp IS Medium) AND (Length IS Low),Medium,0.08894435795047308,0.11739477915110329,2251.681382433078,264.3356386093821,2194.470353703476,0.1855345911949685,0.6,0.0606060606060606,651.0
33,all,R13,IF (PointsAjust IS Medium) AND (TeamExp IS Medium) AND (Length IS Medium),Medium,0.0012185144463350223,0.0016082777774345382,2251.681382433078,3.621329129230199,2194.470353703476,0.1855345911949685,0.6,0.0606060606060606,651.0
33,all,R14,IF (PointsAjust IS Medium) AND (TeamExp IS Medium) AND (Length IS High),High,0.0,0.0,3219.544686904558,0.0,2194.470353703476,0.1855345911949685,0.6,0.0606060606060606,651.0
33,all,R15,IF (PointsAjust IS Medium) AND (TeamExp IS Low) AND (Length IS Medium),High,0.0,0.0,3219.544686904558,0.0,2194.470353703476,0.1855345911949685,0.6,0.0606060606060606,651.0
33,all,R16,IF (PointsAjust IS Medium) AND (TeamExp IS Low) AND (Length IS High),High,0.0,0.0,3219.544686904558,0.0,2194.470353703476,0.1855345911949685,0.6,0.0606060606060606,651.0
33,all,R17,IF (PointsAjust IS High) AND (TeamExp IS High) AND (Length IS Medium),Medium,0.0,0.0,2251.681382433078,0.0,2194.470353703476,0.1855345911949685,0.6,0.0606060606060606,651.0
33,all,R18,IF (PointsAjust IS High) AND (TeamExp IS Medium) AND (Length IS Medium),High,0.0,0.0,3219.544686904558,0.0,2194.470353703476,0.1855345911949685,0.6,0.0606060606060606,651.0
33,all,R19,IF (PointsAjust IS High) AND (TeamExp IS Low) AND (Length IS Medium),High,0.0,0.0,3219.544686904558,0.0,2194.470353703476,0.1855345911949685,0.6,0.0606060606060606,651.0
33,all,R20,IF (PointsAjust IS High) AND (TeamExp IS Low) AND (Length IS High),Very_High,0.0,0.0,0.0,0.0,2194.470353703476,0.1855345911949685,0.6,0.0606060606060606,651.0
34,all,R1,IF (PointsAjust IS Low) AND (TeamExp IS High) AND (Length IS Low),Very_Low,0.0,0.0,9386.728311055665,0.0,7327.122799824561,0.5817610062893082,0.4,0.4848484848484848,9135.0
34,all,R2,IF (PointsAjust IS Low) AND (TeamExp IS High) AND (Length IS Medium),Low,0.0,0.0,2495.7591993099268,0.0,7327.122799824561,0.5817610062893082,0.4,0.4848484848484848,9135.0
34,all,R3,IF (PointsAjust IS Low) AND (TeamExp IS High) AND (Length IS High),Medium,0.0,0.0,7327.12279982456,0.0,7327.122799824561,0.5817610062893082,0.4,0.4848484848484848,9135.0
34,all,R4,IF (PointsAjust IS Low) AND (TeamExp IS Medium) AND (Length IS Low),Low,0.0,0.0,2495.7591993099268,0.0,7327.122799824561,0.5817610062893082,0.4,0.4848484848484848,9135.0
34,all,R5,IF (PointsAjust IS Low) AND (TeamExp IS Medium) AND (Length IS Medium),Medium,0.0,0.0,7327.12279982456,0.0,7327.122799824561,0.5817610062893082,0.4,0.4848484848484848,9135.0
34,all,R6,IF (PointsAjust IS Low) AND (TeamExp IS Medium) AND (Length IS High),Medium,0.0,0.0,7327.12279982456,0.0,7327.122799824561,0.5817610062893082,0.4,0.4848484848484848,9135.0
34,all,R7,IF (PointsAjust IS Low) AND (TeamExp IS Low) AND (Length IS Medium),Medium,0.0,0.0,7327.12279982456,0.0,7327.122799824561,0.5817610062893082,0.4,0.4848484848484848,9135.0
34,all,R8,IF (PointsAjust IS Low) AND (TeamExp IS Low) AND (Length IS High),High,0.0,0.0,3555.5007122176717,0.0,7327.122799824561,0.5817610062893082,0.4,0.4848484848484848,9135.0
34,all,R9,IF (PointsAjust IS Medium) AND (TeamExp IS High) AND (Length IS Low),Low,0.0,0.0,2495.7591993099268,0.0,7327.122799824561,0.5817610062893082,0.4,0.4848484848484848,9135.0
34,all,R10,IF (PointsAjust IS Medium) AND (TeamExp IS High) AND (Length IS Medium),Medium,0.0,0.0,7327.12279982456,0.0,7327.122799824561,0.5817610062893082,0.4,0.4848484848484848,9135.0
34,all,R11,IF (PointsAjust IS Medium) AND (TeamExp IS High) AND (Length IS High),Medium,0.0,0.0,7327.12279982456,0.0,7327.122799824561,0.5817610062893082,0.4,0.4848484848484848,9135.0
34,all,R12,IF (PointsAjust IS Medium) AND (TeamExp IS Medium) AND (Length IS Low),Medium,0.0,0.0,7327.12279982456,0.0,7327.122799824561,0.5817610062893082,0.4,0.4848484848484848,9135.0
34,all,R13,IF (PointsAjust IS Medium) AND (TeamExp IS Medium) AND (Length IS Medium),Medium,0.686687315855155,1.0,7327.12279982456,7327.12279982456,7327.122799824561,0.5817610062893082,0.4,0.4848484848484848,9135.0
34,all,R14,IF (PointsAjust IS Medium) AND (TeamExp IS Medium) AND (Length IS High),High,0.0,0.0,3555.5007122176717,0.0,7327.122799824561,0.5817610062893082,0.4,0.4848484848484848,9135.0
34,all,R15,IF (PointsAjust IS Medium) AND (TeamExp IS Low) AND (Length IS Medium),High,0.0,0.0,3555.5007122176717,0.0,7327.122799824561,0.5817610062893082,0.4,0.4848484848484848,9135.0
34,all,R16,IF (PointsAjust IS Medium) AND (TeamExp IS Low) AND (Length IS High),High,0.0,0.0,3555.5007122176717,0.0,7327.122799824561,0.5817610062893082,0.4,0.4848484848484848,9135.0
34,all,R17,IF (PointsAjust IS High) AND (TeamExp IS High) AND (Length IS Medium),Medium,0.0,0.0,7327.12279982456,0.0,7327.122799824561,0.5817610062893082,0.4,0.4848484848484848,9135.0
34,all,R18,IF (PointsAjust IS High) AND (TeamExp IS Medium) AND (Length IS Medium),High,0.0,0.0,3555.5007122176717,0.0,7327.122799824561,0.5817610062893082,0.4,0.4848484848484848,9135.0
34,all,R19,IF (PointsAjust IS High) AND (TeamExp IS Low) AND (Length IS Medium),High,0.0,0.0,3555.5007122176717,0.0,7327.122799824561,0.5817610062893082,0.4,0.4848484848484848,9135.0
34,all,R20,IF (PointsAjust IS High) AND (TeamExp IS Low) AND (Length IS High),Very_High,0.0,0.0,0.0,0.0,7327.122799824561,0.5817610062893082,0.4,0.4848484848484848,9135.0
35,all,R1,IF (PointsAjust IS Low) AND (TeamExp IS High) AND (Length IS Low),Very_Low,0.0,0.0,7081.361868878581,0.0,5160.8993532076365,0.4544025157232704,0.6,0.303030303030303,1435.0
35,all,R2,IF (PointsAjust IS Low) AND (TeamExp IS High) AND (Length IS Medium),Low,0.0,0.0,2887.061857707218,0.0,5160.8993532076365,0.4544025157232704,0.6,0.303030303030303,1435.0
35,all,R3,IF (PointsAjust IS Low) AND (TeamExp IS High) AND (Length IS High),Medium,0.0,0.0,5160.899353207637,0.0,5160.8993532076365,0.4544025157232704,0.6,0.303030303030303,1435.0
35,all,R4,IF (PointsAjust IS Low) AND (TeamExp IS Medium) AND (Length IS Low),Low,0.0,0.0,2887.061857707218,0.0,5160.8993532076365,0.4544025157232704,0.6,0.303030303030303,1435.0
35,all,R5,IF (PointsAjust IS Low) AND (TeamExp IS Medium) AND (Length IS Medium),Medium,0.0,0.0,5160.899353207637,0.0,5160.8993532076365,0.4544025157232704,0.6,0.303030303030303,1435.0
35,all,R6,IF (PointsAjust IS Low) AND (TeamExp IS Medium) AND (Length IS High),Medium,0.0,0.0,5160.899353207637,0.0,5160.8993532076365,0.4544025157232704,0.6,0.303030303030303,1435.0
35,all,R7,IF (PointsAjust IS Low) AND (TeamExp IS Low) AND (Length IS Medium),Medium,0.0,0.0,5160.899353207637,0.0,5160.8993532076365,0.4544025157232704,0.6,0.303030303030303,1435.0
35,all,R8,IF (PointsAjust IS Low) AND (TeamExp IS Low) AND (Length IS High),High,0.0,0.0,3389.0464840075424,0.0,5160.8993532076365,0.4544025157232704,0.6,0.303030303030303,1435.0
35,all,R9,IF (PointsAjust IS Medium) AND (TeamExp IS High) AND (Length IS Low),Low,0.0,0.0,2887.061857707218,0.0,5160.8993532076365,0.4544025157232704,0.6,0.303030303030303,1435.0
35,all,R10,IF (PointsAjust IS Medium) AND (TeamExp IS High) AND (Length IS Medium),Medium,0.0,0.0,5160.899353207637,0.0,5160.8993532076365,0.4544025157232704,0.6,0.303030303030303,1435.0
35,all,R11,IF (PointsAjust IS Medium) AND (TeamExp IS High) AND (Length IS High),Medium,0.0,0.0,5160.899353207637,0.0,5160.8993532076365,0.4544025157232704,0.6,0.303030303030303,1435.0
35,all,R12,IF (PointsAjust IS Medium) AND (TeamExp IS Medium) AND (Length IS Low),Medium,0.1795610815177032,0.3574020781557498,5160.899353207637,1844.5161539890746,5160.8993532076365,0.4544025157232704,0.6,0.303030303030303,1435.0
35,all,R13,IF (PointsAjust IS Medium) AND (TeamExp IS Medium) AND (Length IS Medium),Medium,0.32284529072351664,0.6425979218442501,5160.899353207637,3316.3831992185624,5160.8993532076365,0.4544025157232704,0.6,0.303030303030303,1435.0
35,all,R14,IF (PointsAjust IS Medium) AND (TeamExp IS Medium) AND (Length IS High),High,0.0,0.0,3389.0464840075424,0.0,5160.8993532076365,0.4544025157232704,0.6,0.303030303030303,1435.0
35,all,R15,IF (PointsAjust IS Medium) AND (TeamExp IS Low) AND (Length IS Medium),High,0.0,0.0,3389.0464840075424,0.0,5160.8993532076365,0.4544025157232704,0.6,0.303030303030303,1435.0
35,all,R16,IF (PointsAjust IS Medium) AND (TeamExp IS Low) AND (Length IS High),High,0.0,0.0,3389.0464840075424,0.0,5160.8993532076365,0.4544025157232704,0.6,0.303030303030303,1435.0
35,all,R17,IF (PointsAjust IS High) AND (TeamExp IS High) AND (Length IS Medium),Medium,0.0,0.0,5160.899353207637,0.0,5160.8993532076365,0.4544025157232704,0.6,0.303030303030303,1435.0
35,all,R18,IF (PointsAjust IS High) AND (TeamExp IS Medium) AND (Length IS Medium),High,0.0,0.0,3389.0464840075424,0.0,5160.8993532076365,0.4544025157232704,0.6,0.303030303030303,1435.0
35,all,R19,IF (PointsAjust IS High) AND (TeamExp IS Low) AND (Length IS Medium),High,0.0,0.0,3389.0464840075424,0.0,5160.8993532076365,0.4544025157232704,0.6,0.303030303030303,1435.0
35,all,R20,IF (PointsAjust IS High) AND (TeamExp IS Low) AND (Length IS High),Very_High,0.0,0.0,0.0,0.0,5160.8993532076365,0.4544025157232704,0.6,0.303030303030303,1435.0
36,all,R1,IF (PointsAjust IS Low) AND (TeamExp IS High) AND (Length IS Low),Very_Low,0.0,0.0,6432.1557670100865,0.0,5723.462964695087,0.4685534591194968,0.0,0.2121212121212121,5922.0
36,all,R2,IF (PointsAjust IS Low) AND (TeamExp IS High) AND (Length IS Medium),Low,0.0,0.0,730.2314106254797,0.0,5723.462964695087,0.4685534591194968,0.0,0.2121212121212121,5922.0
36,all,R3,IF (PointsAjust IS Low) AND (TeamExp IS High) AND (Length IS High),Medium,0.0,0.0,5290.27529981257,0.0,5723.462964695087,0.4685534591194968,0.0,0.2121212121212121,5922.0
36,all,R4,IF (PointsAjust IS Low) AND (TeamExp IS Medium) AND (Length IS Low),Low,0.0,0.0,730.2314106254797,0.0,5723.462964695087,0.4685534591194968,0.0,0.2121212121212121,5922.0
36,all,R5,IF (PointsAjust IS Low) AND (TeamExp IS Medium) AND (Length IS Medium),Medium,0.0,0.0,5290.27529981257,0.0,5723.462964695087,0.4685534591194968,0.0,0.2121212121212121,5922.0
36,all,R6,IF (PointsAjust IS Low) AND (TeamExp IS Medium) AND (Length IS High),Medium,0.0,0.0,5290.27529981257,0.0,5723.462964695087,0.4685534591194968,0.0,0.2121212121212121,5922.0
36,all,R7,IF (PointsAjust IS Low) AND (TeamExp IS Low) AND (Length IS Medium),Medium,0.0,0.0,5290.27529981257,0.0,5723.462964695087,0.4685534591194968,0.0,0.2121212121212121,5922.0
36,all,R8,IF (PointsAjust IS Low) AND (TeamExp IS Low) AND (Length IS High),High,0.0,0.0,5732.419024355457,0.0,5723.462964695087,0.4685534591194968,0.0,0.2121212121212121,5922.0
36,all,R9,IF (PointsAjust IS Medium) AND (TeamExp IS High) AND (Length IS Low),Low,0.0,0.0,730.2314106254797,0.0,5723.462964695087,0.4685534591194968,0.0,0.2121212121212121,5922.0
36,all,R10,IF (PointsAjust IS Medium) AND (TeamExp IS High) AND (Length IS Medium),Medium,0.0,0.0,5290.27529981257,0.0,5723.462964695087,0.4685534591194968,0.0,0.2121212121212121,5922.0
36,all,R11,IF (PointsAjust IS Medium) AND (TeamExp IS High) AND (Length IS High),Medium,0.0,0.0,5290.27529981257,0.0,5723.462964695087,0.4685534591194968,0.0,0.2121212121212121,5922.0
36,all,R12,IF (PointsAjust IS Medium) AND (TeamExp IS Medium) AND (Length IS Low),Medium,0.002607213656744266,0.01646837971081867,5290.27529981257,87.12226241207848,5723.462964695087,0.4685534591194968,0.0,0.2121212121212121,5922.0
36,all,R13,IF (PointsAjust IS Medium) AND (TeamExp IS Medium) AND (Length IS Medium),Medium,0.0005996408965690449,0.0037876120928141475,5290.27529981257,20.03751069988608,5723.462964695087,0.4685534591194968,0.0,0.2121212121212121,5922.0
36,all,R14,IF (PointsAjust IS Medium) AND (TeamExp IS Medium) AND (Length IS High),High,0.0,0.0,5732.419024355457,0.0,5723.462964695087,0.4685534591194968,0.0,0.2121212121212121,5922.0
36,all,R15,IF (PointsAjust IS Medium) AND (TeamExp IS Low) AND (Length IS Medium),High,0.15510948879839442,0.9797440081963671,5732.419024355457,5616.303191583123,5723.462964695087,0.4685534591194968,0.0,0.2121212121212121,5922.0
36,all,R16,IF (PointsAjust IS Medium) AND (TeamExp IS Low) AND (Length IS High),High,0.0,0.0,5732.419024355457,0.0,5723.462964695087,0.4685534591194968,0.0,0.2121212121212121,5922.0
36,all,R17,IF (PointsAjust IS High) AND (TeamExp IS High) AND (Length IS Medium),Medium,0.0,0.0,5290.27529981257,0.0,5723.462964695087,0.4685534591194968,0.0,0.2121212121212121,5922.0
36,all,R18,IF (PointsAjust IS High) AND (TeamExp IS Medium) AND (Length IS Medium),High,0.0,0.0,5732.419024355457,0.0,5723.462964695087,0.4685534591194968,0.0,0.2121212121212121,5922.0
36,all,R19,IF (PointsAjust IS High) AND (TeamExp IS Low) AND (Length IS Medium),High,0.0,0.0,5732.419024355457,0.0,5723.462964695087,0.4685534591194968,0.0,0.2121212121212121,5922.0
36,all,R20,IF (PointsAjust IS High) AND (TeamExp IS Low) AND (Length IS High),Very_High,0.0,0.0,0.0,0.0,5723.462964695087,0.4685534591194968,0.0,0.2121212121212121,5922.0
37,all,R1,IF (PointsAjust IS Low) AND (TeamExp IS High) AND (Length IS Low),Very_Low,0.0,0.0,2717.974924794749,0.0,1640.388471721075,0.1855345911949685,0.4,0.0909090909090909,847.0
37,all,R2,IF (PointsAjust IS Low) AND (TeamExp IS High) AND (Length IS Medium),Low,0.0,0.0,1459.5838675461582,0.0,1640.388471721075,0.1855345911949685,0.4,0.0909090909090909,847.0
37,all,R3,IF (PointsAjust IS Low) AND (TeamExp IS High) AND (Length IS High),Medium,0.0,0.0,2752.2627802523402,0.0,1640.388471721075,0.1855345911949685,0.4,0.0909090909090909,847.0
37,all,R4,IF (PointsAjust IS Low) AND (TeamExp IS Medium) AND (Length IS Low),Low,0.6584680215809603,0.86013185300872,1459.5838675461582,1255.4345766141112,1640.388471721075,0.1855345911949685,0.4,0.0909090909090909,847.0
37,all,R5,IF (PointsAjust IS Low) AND (TeamExp IS Medium) AND (Length IS Medium),Medium,0.015973126126725554,0.02086509006274226,2752.2627802523402,57.42621078629848,1640.388471721075,0.1855345911949685,0.4,0.0909090909090909,847.0
37,all,R6,IF (PointsAjust IS Low) AND (TeamExp IS Medium) AND (Length IS High),Medium,0.0,0.0,2752.2627802523402,0.0,1640.388471721075,0.1855345911949685,0.4,0.0909090909090909,847.0
37,all,R7,IF (PointsAjust IS Low) AND (TeamExp IS Low) AND (Length IS Medium),Medium,0.0,0.0,2752.2627802523402,0.0,1640.388471721075,0.1855345911949685,0.4,0.0909090909090909,847.0
37,all,R8,IF (PointsAjust IS Low) AND (TeamExp IS Low) AND (Length IS High),High,0.0,0.0,3555.693264080274,0.0,1640.388471721075,0.1855345911949685,0.4,0.0909090909090909,847.0
37,all,R9,IF (PointsAjust IS Medium) AND (TeamExp IS High) AND (Length IS Low),Low,0.0,0.0,1459.5838675461582,0.0,1640.388471721075,0.1855345911949685,0.4,0.0909090909090909,847.0
37,all,R10,IF (PointsAjust IS Medium) AND (TeamExp IS High) AND (Length IS Medium),Medium,0.0,0.0,2752.2627802523402,0.0,1640.388471721075,0.1855345911949685,0.4,0.0909090909090909,847.0
37,all,R11,IF (PointsAjust IS Medium) AND (TeamExp IS High) AND (Length IS High),Medium,0.0,0.0,2752.2627802523402,0.0,1640.388471721075,0.1855345911949685,0.4,0.0909090909090909,847.0
37,all,R12,IF (PointsAjust IS Medium) AND (TeamExp IS Medium) AND (Length IS Low),Medium,0.08894435795047308,0.11618464817004776,2752.2627802523402,319.7706827951356,1640.388471721075,0.1855345911949685,0.4,0.0909090909090909,847.0
37,all,R13,IF (PointsAjust IS Medium) AND (TeamExp IS Medium) AND (Length IS Medium),Medium,0.0021576134318450732,0.002818408758490069,2752.2627802523402,7.757001525529424,1640.388471721075,0.1855345911949685,0.4,0.0909090909090909,847.0
37,all,R14,IF (PointsAjust IS Medium) AND (TeamExp IS Medium) AND (Length IS High),High,0.0,0.0,3555.693264080274,0.0,1640.388471721075,0.1855345911949685,0.4,0.0909090909090909,847.0
37,all,R15,IF (PointsAjust IS Medium) AND (TeamExp IS Low) AND (Length IS Medium),High,0.0,0.0,3555.693264080274,0.0,1640.388471721075,0.1855345911949685,0.4,0.0909090909090909,847.0
37,all,R16,IF (PointsAjust IS Medium) AND (TeamExp IS Low) AND (Length IS High),High,0.0,0.0,3555.693264080274,0.0,1640.388471721075,0.1855345911949685,0.4,0.0909090909090909,847.0
37,all,R17,IF (PointsAjust IS High) AND (TeamExp IS High) AND (Length IS Medium),Medium,0.0,0.0,2752.2627802523402,0.0,1640.388471721075,0.1855345911949685,0.4,0.0909090909090909,847.0
37,all,R18,IF (PointsAjust IS High) AND (TeamExp IS Medium) AND (Length IS Medium),High,0.0,0.0,3555.693264080274,0.0,1640.388471721075,0.1855345911949685,0.4,0.0909090909090909,847.0
37,all,R19,IF (PointsAjust IS High) AND (TeamExp IS Low) AND (Length IS Medium),High,0.0,0.0,3555.693264080274,0.0,1640.388471721075,0.1855345911949685,0.4,0.0909090909090909,847.0
37,all,R20,IF (PointsAjust IS High) AND (TeamExp IS Low) AND (Length IS High),Very_High,0.0,0.0,0.0,0.0,1640.388471721075,0.1855345911949685,0.4,0.0909090909090909,847.0
38,all,R1,IF (PointsAjust IS Low) AND (TeamExp IS High) AND (Length IS Low),Very_Low,0.0,0.0,11155.752146028599,0.0,6739.922815745304,0.7248427672955975,0.8,0.4545454545454545,8050.0
38,all,R2,IF (PointsAjust IS Low) AND (TeamExp IS High) AND (Length IS Medium),Low,0.0,0.0,4313.8815453195775,0.0,6739.922815745304,0.7248427672955975,0.8,0.4545454545454545,8050.0
38,all,R3,IF (PointsAjust IS Low) AND (TeamExp IS High) AND (Length IS High),Medium,0.0,0.0,7100.283192057476,0.0,6739.922815745304,0.7248427672955975,0.8,0.4545454545454545,8050.0
38,all,R4,IF (PointsAjust IS Low) AND (TeamExp IS Medium) AND (Length IS Low),Low,0.0,0.0,4313.8815453195775,0.0,6739.922815745304,0.7248427672955975,0.8,0.4545454545454545,8050.0
38,all,R5,IF (PointsAjust IS Low) AND (TeamExp IS Medium) AND (Length IS Medium),Medium,0.0,0.0,7100.283192057476,0.0,6739.922815745304,0.7248427672955975,0.8,0.4545454545454545,8050.0
38,all,R6,IF (PointsAjust IS Low) AND (TeamExp IS Medium) AND (Length IS High),Medium,0.0,0.0,7100.283192057476,0.0,6739.922815745304,0.7248427672955975,0.8,0.4545454545454545,8050.0
38,all,R7,IF (PointsAjust IS Low) AND (TeamExp IS Low) AND (Length IS Medium),Medium,0.0,0.0,7100.283192057476,0.0,6739.922815745304,0.7248427672955975,0.8,0.4545454545454545,8050.0
38,all,R8,IF (PointsAjust IS Low) AND (TeamExp IS Low) AND (Length IS High),High,0.0,0.0,3646.0703428437655,0.0,6739.922815745304,0.7248427672955975,0.8,0.4545454545454545,8050.0
38,all,R9,IF (PointsAjust IS Medium) AND (TeamExp IS High) AND (Length IS Low),Low,0.0,0.0,4313.8815453195775,0.0,6739.922815745304,0.7248427672955975,0.8,0.4545454545454545,8050.0
38,all,R10,IF (PointsAjust IS Medium) AND (TeamExp IS High) AND (Length IS Medium),Medium,0.15528562977032007,0.4015548089634876,7100.283192057476,2851.152860773302,6739.922815745304,0.7248427672955975,0.8,0.4545454545454545,8050.0
38,all,R11,IF (PointsAjust IS Medium) AND (TeamExp IS High) AND (Length IS High),Medium,0.0,0.0,7100.283192057476,0.0,6739.922815745304,0.7248427672955975,0.8,0.4545454545454545,8050.0
38,all,R12,IF (PointsAjust IS Medium) AND (TeamExp IS Medium) AND (Length IS Low),Medium,0.0,0.0,7100.283192057476,0.0,6739.922815745304,0.7248427672955975,0.8,0.4545454545454545,8050.0
38,all,R13,IF (PointsAjust IS Medium) AND (TeamExp IS Medium) AND (Length IS Medium),Medium,0.042031249375084054,0.1086890676121949,7100.283192057476,771.7231599272661,6739.922815745304,0.7248427672955975,0.8,0.4545454545454545,8050.0
38,all,R14,IF (PointsAjust IS Medium) AND (TeamExp IS Medium) AND (Length IS High),High,0.0,0.0,3646.0703428437655,0.0,6739.922815745304,0.7248427672955975,0.8,0.4545454545454545,8050.0
38,all,R15,IF (PointsAjust IS Medium) AND (TeamExp IS Low) AND (Length IS Medium),High,0.0,0.0,3646.0703428437655,0.0,6739.922815745304,0.7248427672955975,0.8,0.4545454545454545,8050.0
38,all,R16,IF (PointsAjust IS Medium) AND (TeamExp IS Low) AND (Length IS High),High,0.0,0.0,3646.0703428437655,0.0,6739.922815745304,0.7248427672955975,0.8,0.4545454545454545,8050.0
38,all,R17,IF (PointsAjust IS High) AND (TeamExp IS High) AND (Length IS Medium),Medium,0.14905046694575128,0.3854312331981111,7100.283192057476,2736.6709067705337,6739.922815745304,0.7248427672955975,0.8,0.4545454545454545,8050.0
38,all,R18,IF (PointsAjust IS High) AND (TeamExp IS Medium) AND (Length IS Medium),High,0.040343574321305226,0.10432489022620649,3646.0703428437655,380.3758882742029,6739.922815745304,0.7248427672955975,0.8,0.4545454545454545,8050.0
38,all,R19,IF (PointsAjust IS High) AND (TeamExp IS Low) AND (Length IS Medium),High,0.0,0.0,3646.0703428437655,0.0,6739.922815745304,0.7248427672955975,0.8,0.4545454545454545,8050.0
38,all,R20,IF (PointsAjust IS High) AND (TeamExp IS Low) AND (Length IS High),Very_High,0.0,0.0,0.0,0.0,6739.922815745304,0.7248427672955975,0.8,0.4545454545454545,8050.0
39,all,R1,IF (PointsAjust IS Low) AND (TeamExp IS High) AND (Length IS Low),Very_Low,0.0,0.0,8749.610894513258,0.0,5612.988426695306,0.6320754716981132,0.4,0.2424242424242424,4620.0
39,all,R2,IF (PointsAjust IS Low) AND (TeamExp IS High) AND (Length IS Medium),Low,0.0,0.0,2604.8981292525395,0.0,5612.988426695306,0.6320754716981132,0.4,0.2424242424242424,4620.0
39,all,R3,IF (PointsAjust IS Low) AND (TeamExp IS High) AND (Length IS High),Medium,0.0,0.0,5615.264988899162,0.0,5612.988426695306,0.6320754716981132,0.4,0.2424242424242424,4620.0
39,all,R4,IF (PointsAjust IS Low) AND (TeamExp IS Medium) AND (Length IS Low),Low,0.0,0.0,2604.8981292525395,0.0,5612.988426695306,0.6320754716981132,0.4,0.2424242424242424,4620.0
39,all,R5,IF (PointsAjust IS Low) AND (TeamExp IS Medium) AND (Length IS Medium),Medium,0.0,0.0,5615.264988899162,0.0,5612.988426695306,0.6320754716981132,0.4,0.2424242424242424,4620.0
39,all,R6,IF (PointsAjust IS Low) AND (TeamExp IS Medium) AND (Length IS High),Medium,0.0,0.0,5615.264988899162,0.0,5612.988426695306,0.6320754716981132,0.4,0.2424242424242424,4620.0
39,all,R7,IF (PointsAjust IS Low) AND (TeamExp IS Low) AND (Length IS Medium),Medium,0.0,0.0,5615.264988899162,0.0,5612.988426695306,0.6320754716981132,0.4,0.2424242424242424,4620.0
39,all,R8,IF (PointsAjust IS Low) AND (TeamExp IS Low) AND (Length IS High),High,0.0,0.0,5548.452764291699,0.0,5612.988426695306,0.6320754716981132,0.4,0.2424242424242424,4620.0
39,all,R9,IF (PointsAjust IS Medium) AND (TeamExp IS High) AND (Length IS Low),Low,0.0,0.0,2604.8981292525395,0.0,5612.988426695306,0.6320754716981132,0.4,0.2424242424242424,4620.0
39,all,R10,IF (PointsAjust IS Medium) AND (TeamExp IS High) AND (Length IS Medium),Medium,0.0,0.0,5615.264988899162,0.0,5612.988426695306,0.6320754716981132,0.4,0.2424242424242424,4620.0
39,all,R11,IF (PointsAjust IS Medium) AND (TeamExp IS High) AND (Length IS High),Medium,0.0,0.0,5615.264988899162,0.0,5612.988426695306,0.6320754716981132,0.4,0.2424242424242424,4620.0
39,all,R12,IF (PointsAjust IS Medium) AND (TeamExp IS Medium) AND (Length IS Low),Medium,0.2922963302622427,0.6775498003874225,5615.264988899162,3804.6216723511093,5612.988426695306,0.6320754716981132,0.4,0.2424242424242424,4620.0
39,all,R13,IF (PointsAjust IS Medium) AND (TeamExp IS Medium) AND (Length IS Medium),Medium,0.12440604965126349,0.2883761627543418,5615.264988899162,1619.308570347542,5612.988426695306,0.6320754716981132,0.4,0.2424242424242424,4620.0
39,all,R14,IF (PointsAjust IS Medium) AND (TeamExp IS Medium) AND (Length IS High),High,0.0,0.0,5548.452764291699,0.0,5612.988426695306,0.6320754716981132,0.4,0.2424242424242424,4620.0
39,all,R15,IF (PointsAjust IS Medium) AND (TeamExp IS Low) AND (Length IS Medium),High,0.0,0.0,5548.452764291699,0.0,5612.988426695306,0.6320754716981132,0.4,0.2424242424242424,4620.0
39,all,R16,IF (PointsAjust IS Medium) AND (TeamExp IS Low) AND (Length IS High),High,0.0,0.0,5548.452764291699,0.0,5612.988426695306,0.6320754716981132,0.4,0.2424242424242424,4620.0
39,all,R17,IF (PointsAjust IS High) AND (TeamExp IS High) AND (Length IS Medium),Medium,0.0,0.0,5615.264988899162,0.0,5612.988426695306,0.6320754716981132,0.4,0.2424242424242424,4620.0
39,all,R18,IF (PointsAjust IS High) AND (TeamExp IS Medium) AND (Length IS Medium),High,0.014699607209961128,0.03407403685823565,5548.452764291699,189.05818399665483,5612.988426695306,0.6320754716981132,0.4,0.2424242424242424,4620.0
39,all,R19,IF (PointsAjust IS High) AND (TeamExp IS Low) AND (Length IS Medium),High,0.0,0.0,5548.452764291699,0.0,5612.988426695306,0.6320754716981132,0.4,0.2424242424242424,4620.0
39,all,R20,IF (PointsAjust IS High) AND (TeamExp IS Low) AND (Length IS High),Very_High,0.0,0.0,0.0,0.0,5612.988426695306,0.6320754716981132,0.4,0.2424242424242424,4620.0
40,all,R1,IF (PointsAjust IS Low) AND (TeamExp IS High) AND (Length IS Low),Very_Low,0.0,0.0,17048.20305835446,0.0,2355.6896760354216,1.0,0.6,1.0,2352.0
40,all,R2,IF (PointsAjust IS Low) AND (TeamExp IS High) AND (Length IS Medium),Low,0.0,0.0,4325.714916990975,0.0,2355.6896760354216,1.0,0.6,1.0,2352.0
40,all,R3,IF (PointsAjust IS Low) AND (TeamExp IS High) AND (Length IS High),Medium,0.0,0.0,12671.855634365851,0.0,2355.6896760354216,1.0,0.6,1.0,2352.0
40,all,R4,IF (PointsAjust IS Low) AND (TeamExp IS Medium) AND (Length IS Low),Low,0.0,0.0,4325.714916990975,0.0,2355.6896760354216,1.0,0.6,1.0,2352.0
40,all,R5,IF (PointsAjust IS Low) AND (TeamExp IS Medium) AND (Length IS Medium),Medium,0.0,0.0,12671.855634365851,0.0,2355.6896760354216,1.0,0.6,1.0,2352.0
40,all,R6,IF (PointsAjust IS Low) AND (TeamExp IS Medium) AND (Length IS High),Medium,0.0,0.0,12671.855634365851,0.0,2355.6896760354216,1.0,0.6,1.0,2352.0
40,all,R7,IF (PointsAjust IS Low) AND (TeamExp IS Low) AND (Length IS Medium),Medium,0.0,0.0,12671.855634365851,0.0,2355.6896760354216,1.0,0.6,1.0,2352.0
40,all,R8,IF (PointsAjust IS Low) AND (TeamExp IS Low) AND (Length IS High),High,0.0,0.0,2335.748939165195,0.0,2355.6896760354216,1.0,0.6,1.0,2352.0
40,all,R9,IF (PointsAjust IS Medium) AND (TeamExp IS High) AND (Length IS Low),Low,0.0,0.0,4325.714916990975,0.0,2355.6896760354216,1.0,0.6,1.0,2352.0
40,all,R10,IF (PointsAjust IS Medium) AND (TeamExp IS High) AND (Length IS Medium),Medium,0.0,0.0,12671.855634365851,0.0,2355.6896760354216,1.0,0.6,1.0,2352.0
40,all,R11,IF (PointsAjust IS Medium) AND (TeamExp IS High) AND (Length IS High),Medium,0.0,0.0,12671.855634365851,0.0,2355.6896760354216,1.0,0.6,1.0,2352.0
40,all,R12,IF (PointsAjust IS Medium) AND (TeamExp IS Medium) AND (Length IS Low),Medium,0.0,0.0,12671.855634365851,0.0,2355.6896760354216,1.0,0.6,1.0,2352.0
40,all,R13,IF (PointsAjust IS Medium) AND (TeamExp IS Medium) AND (Length IS Medium),Medium,1.1967291556046022e-05,0.0019292309433575935,12671.855634365851,24.44693599957887,2355.6896760354216,1.0,0.6,1.0,2352.0
40,all,R14,IF (PointsAjust IS Medium) AND (TeamExp IS Medium) AND (Length IS High),High,0.003095586852365241,0.49903538452832114,2335.748939165195,1165.6213700179214,2355.6896760354216,1.0,0.6,1.0,2352.0
40,all,R15,IF (PointsAjust IS Medium) AND (TeamExp IS Low) AND (Length IS Medium),High,0.0,0.0,2335.748939165195,0.0,2355.6896760354216,1.0,0.6,1.0,2352.0
40,all,R16,IF (PointsAjust IS Medium) AND (TeamExp IS Low) AND (Length IS High),High,0.0,0.0,2335.748939165195,0.0,2355.6896760354216,1.0,0.6,1.0,2352.0
40,all,R17,IF (PointsAjust IS High) AND (TeamExp IS High) AND (Length IS Medium),Medium,0.0,0.0,12671.855634365851,0.0,2355.6896760354216,1.0,0.6,1.0,2352.0
40,all,R18,IF (PointsAjust IS High) AND (TeamExp IS Medium) AND (Length IS Medium),High,0.003095586852365241,0.49903538452832114,2335.748939165195,1165.6213700179214,2355.6896760354216,1.0,0.6,1.0,2352.0
40,all,R19,IF (PointsAjust IS High) AND (TeamExp IS Low) AND (Length IS Medium),High,0.0,0.0,2335.748939165195,0.0,2355.6896760354216,1.0,0.6,1.0,2352.0
40,all,R20,IF (PointsAjust IS High) AND (TeamExp IS Low) AND (Length IS High),Very_High,0.0,0.0,0.0,0.0,2355.6896760354216,1.0,0.6,1.0,2352.0
41,all,R1,IF (PointsAjust IS Low) AND (TeamExp IS High) AND (Length IS Low),Very_Low,0.0,0.0,2269.2607529286097,0.0,2356.34254191737,0.0691823899371069,0.4,0.2727272727272727,2174.0
41,all,R2,IF (PointsAjust IS Low) AND (TeamExp IS High) AND (Length IS Medium),Low,0.0,0.0,1178.1365627009563,0.0,2356.34254191737,0.0691823899371069,0.4,0.2727272727272727,2174.0
41,all,R3,IF (PointsAjust IS Low) AND (TeamExp IS High) AND (Length IS High),Medium,0.0,0.0,3741.23984291704,0.0,2356.34254191737,0.0691823899371069,0.4,0.2727272727272727,2174.0
41,all,R4,IF (PointsAjust IS Low) AND (TeamExp IS Medium) AND (Length IS Low),Low,0.3093758147633123,0.5403205214902286,1178.1365627009563,636.5713619452861,2356.34254191737,0.0691823899371069,0.4,0.2727272727272727,2174.0
41,all,R5,IF (PointsAjust IS Low) AND (TeamExp IS Medium) AND (Length IS Medium),Medium,0.25409062629706236,0.4437657152083508,3741.23984291704,1660.233974658058,2356.34254191737,0.0691823899371069,0.4,0.2727272727272727,2174.0
41,all,R6,IF (PointsAjust IS Low) AND (TeamExp IS Medium) AND (Length IS High),Medium,0.0,0.0,3741.23984291704,0.0,2356.34254191737,0.0691823899371069,0.4,0.2727272727272727,2174.0
41,all,R7,IF (PointsAjust IS Low) AND (TeamExp IS Low) AND (Length IS Medium),Medium,0.0,0.0,3741.23984291704,0.0,2356.34254191737,0.0691823899371069,0.4,0.2727272727272727,2174.0
41,all,R8,IF (PointsAjust IS Low) AND (TeamExp IS Low) AND (Length IS High),High,0.0,0.0,1528.3551242422382,0.0,2356.34254191737,0.0691823899371069,0.4,0.2727272727272727,2174.0
41,all,R9,IF (PointsAjust IS Medium) AND (TeamExp IS High) AND (Length IS Low),Low,0.0,0.0,1178.1365627009563,0.0,2356.34254191737,0.0691823899371069,0.4,0.2727272727272727,2174.0
41,all,R10,IF (PointsAjust IS Medium) AND (TeamExp IS High) AND (Length IS Medium),Medium,0.0,0.0,3741.23984291704,0.0,2356.34254191737,0.0691823899371069,0.4,0.2727272727272727,2174.0
41,all,R11,IF (PointsAjust IS Medium) AND (TeamExp IS High) AND (Length IS High),Medium,0.0,0.0,3741.23984291704,0.0,2356.34254191737,0.0691823899371069,0.4,0.2727272727272727,2174.0
41,all,R12,IF (PointsAjust IS Medium) AND (TeamExp IS Medium) AND (Length IS Low),Medium,0.005002949237298921,0.00873758067661033,3741.23984291704,32.6893849580366,2356.34254191737,0.0691823899371069,0.4,0.2727272727272727,2174.0
41,all,R13,IF (PointsAjust IS Medium) AND (TeamExp IS Medium) AND (Length IS Medium),Medium,0.004108926568840638,0.007176182624810358,3741.23984291704,26.847820355989494,2356.34254191737,0.0691823899371069,0.4,0.2727272727272727,2174.0
41,all,R14,IF (PointsAjust IS Medium) AND (TeamExp IS Medium) AND (Length IS High),High,0.0,0.0,1528.3551242422382,0.0,2356.34254191737,0.0691823899371069,0.4,0.2727272727272727,2174.0
41,all,R15,IF (PointsAjust IS Medium) AND (TeamExp IS Low) AND (Length IS Medium),High,0.0,0.0,1528.3551242422382,0.0,2356.34254191737,0.0691823899371069,0.4,0.2727272727272727,2174.0
41,all,R16,IF (PointsAjust IS Medium) AND (TeamExp IS Low) AND (Length IS High),High,0.0,0.0,1528.3551242422382,0.0,2356.34254191737,0.0691823899371069,0.4,0.2727272727272727,2174.0
41,all,R17,IF (PointsAjust IS High) AND (TeamExp IS High) AND (Length IS Medium),Medium,0.0,0.0,3741.23984291704,0.0,2356.34254191737,0.0691823899371069,0.4,0.2727272727272727,2174.0
41,all,R18,IF (PointsAjust IS High) AND (TeamExp IS Medium) AND (Length IS Medium),High,0.0,0.0,1528.3551242422382,0.0,2356.34254191737,0.0691823899371069,0.4,0.2727272727272727,2174.0
41,all,R19,IF (PointsAjust IS High) AND (TeamExp IS Low) AND (Length IS Medium),High,0.0,0.0,1528.3551242422382,0.0,2356.34254191737,0.0691823899371069,0.4,0.2727272727272727,2174.0
41,all,R20,IF (PointsAjust IS High) AND (TeamExp IS Low) AND (Length IS High),Very_High,0.0,0.0,0.0,0.0,2356.34254191737,0.0691823899371069,0.4,0.2727272727272727,2174.0
42,all,R1,IF (PointsAjust IS Low) AND (TeamExp IS High) AND (Length IS Low),Very_Low,0.0,0.0,7360.873938071304,0.0,6570.300049108557,0.3867924528301887,0.6,0.5151515151515151,6699.0
42,all,R2,IF (PointsAjust IS Low) AND (TeamExp IS High) AND (Length IS Medium),Low,0.0,0.0,2731.687361790959,0.0,6570.300049108557,0.3867924528301887,0.6,0.5151515151515151,6699.0
42,all,R3,IF (PointsAjust IS Low) AND (TeamExp IS High) AND (Length IS High),Medium,0.0,0.0,6570.300049108558,0.0,6570.300049108557,0.3867924528301887,0.6,0.5151515151515151,6699.0
42,all,R4,IF (PointsAjust IS Low) AND (TeamExp IS Medium) AND (Length IS Low),Low,0.0,0.0,2731.687361790959,0.0,6570.300049108557,0.3867924528301887,0.6,0.5151515151515151,6699.0
42,all,R5,IF (PointsAjust IS Low) AND (TeamExp IS Medium) AND (Length IS Medium),Medium,0.0,0.0,6570.300049108558,0.0,6570.300049108557,0.3867924528301887,0.6,0.5151515151515151,6699.0
42,all,R6,IF (PointsAjust IS Low) AND (TeamExp IS Medium) AND (Length IS High),Medium,0.0,0.0,6570.300049108558,0.0,6570.300049108557,0.3867924528301887,0.6,0.5151515151515151,6699.0
42,all,R7,IF (PointsAjust IS Low) AND (TeamExp IS Low) AND (Length IS Medium),Medium,0.0,0.0,6570.300049108558,0.0,6570.300049108557,0.3867924528301887,0.6,0.5151515151515151,6699.0
42,all,R8,IF (PointsAjust IS Low) AND (TeamExp IS Low) AND (Length IS High),High,0.0,0.0,1485.4262082080136,0.0,6570.300049108557,0.3867924528301887,0.6,0.5151515151515151,6699.0
42,all,R9,IF (PointsAjust IS Medium) AND (TeamExp IS High) AND (Length IS Low),Low,0.0,0.0,2731.687361790959,0.0,6570.300049108557,0.3867924528301887,0.6,0.5151515151515151,6699.0
42,all,R10,IF (PointsAjust IS Medium) AND (TeamExp IS High) AND (Length IS Medium),Medium,0.0,0.0,6570.300049108558,0.0,6570.300049108557,0.3867924528301887,0.6,0.5151515151515151,6699.0
42,all,R11,IF (PointsAjust IS Medium) AND (TeamExp IS High) AND (Length IS High),Medium,0.0,0.0,6570.300049108558,0.0,6570.300049108557,0.3867924528301887,0.6,0.5151515151515151,6699.0
42,all,R12,IF (PointsAjust IS Medium) AND (TeamExp IS Medium) AND (Length IS Low),Medium,0.0,0.0,6570.300049108558,0.0,6570.300049108557,0.3867924528301887,0.6,0.5151515151515151,6699.0
42,all,R13,IF (PointsAjust IS Medium) AND (TeamExp IS Medium) AND (Length IS Medium),Medium,0.5992223167203623,1.0,6570.300049108558,6570.300049108558,6570.300049108557,0.3867924528301887,0.6,0.5151515151515151,6699.0
42,all,R14,IF (PointsAjust IS Medium) AND (TeamExp IS Medium) AND (Length IS High),High,0.0,0.0,1485.4262082080136,0.0,6570.300049108557,0.3867924528301887,0.6,0.5151515151515151,6699.0
42,all,R15,IF (PointsAjust IS Medium) AND (TeamExp IS Low) AND (Length IS Medium),High,0.0,0.0,1485.4262082080136,0.0,6570.300049108557,0.3867924528301887,0.6,0.5151515151515151,6699.0
42,all,R16,IF (PointsAjust IS Medium) AND (TeamExp IS Low) AND (Length IS High),High,0.0,0.0,1485.4262082080136,0.0,6570.300049108557,0.3867924528301887,0.6,0.5151515151515151,6699.0
42,all,R17,IF (PointsAjust IS High) AND (TeamExp IS High) AND (Length IS Medium),Medium,0.0,0.0,6570.300049108558,0.0,6570.300049108557,0.3867924528301887,0.6,0.5151515151515151,6699.0
42,all,R18,IF (PointsAjust IS High) AND (TeamExp IS Medium) AND (Length IS Medium),High,0.0,0.0,1485.4262082080136,0.0,6570.300049108557,0.3867924528301887,0.6,0.5151515151515151,6699.0
42,all,R19,IF (PointsAjust IS High) AND (TeamExp IS Low) AND (Length IS Medium),High,0.0,0.0,1485.4262082080136,0.0,6570.300049108557,0.3867924528301887,0.6,0.5151515151515151,6699.0
42,all,R20,IF (PointsAjust IS High) AND (TeamExp IS Low) AND (Length IS High),Very_High,0.0,0.0,0.0,0.0,6570.300049108557,0.3867924528301887,0.6,0.5151515151515151,6699.0
43,all,R1,IF (PointsAjust IS Low) AND (TeamExp IS High) AND (Length IS Low),Very_Low,0.0,0.0,4735.419241858829,0.0,3480.590981943517,0.2814465408805031,0.6,0.2424242424242424,4004.0
43,all,R2,IF (PointsAjust IS Low) AND (TeamExp IS High) AND (Length IS Medium),Low,0.0,0.0,2443.3068567566193,0.0,3480.590981943517,0.2814465408805031,0.6,0.2424242424242424,4004.0
43,all,R3,IF (PointsAjust IS Low) AND (TeamExp IS High) AND (Length IS High),Medium,0.0,0.0,4036.9324430270217,0.0,3480.590981943517,0.2814465408805031,0.6,0.2424242424242424,4004.0
43,all,R4,IF (PointsAjust IS Low) AND (TeamExp IS Medium) AND (Length IS Low),Low,0.14762975893780217,0.3491042474948736,2443.3068567566193,852.9688016270845,3480.590981943517,0.2814465408805031,0.6,0.2424242424242424,4004.0
43,all,R5,IF (PointsAjust IS Low) AND (TeamExp IS Medium) AND (Length IS Medium),Medium,0.06283361513277508,0.14858441879290457,4036.9324430270217,599.8252607533904,3480.590981943517,0.2814465408805031,0.6,0.2424242424242424,4004.0
43,all,R6,IF (PointsAjust IS Low) AND (TeamExp IS Medium) AND (Length IS High),Medium,0.0,0.0,4036.9324430270217,0.0,3480.590981943517,0.2814465408805031,0.6,0.2424242424242424,4004.0
43,all,R7,IF (PointsAjust IS Low) AND (TeamExp IS Low) AND (Length IS Medium),Medium,0.0,0.0,4036.9324430270217,0.0,3480.590981943517,0.2814465408805031,0.6,0.2424242424242424,4004.0
43,all,R8,IF (PointsAjust IS Low) AND (TeamExp IS Low) AND (Length IS High),High,0.0,0.0,2630.291619179313,0.0,3480.590981943517,0.2814465408805031,0.6,0.2424242424242424,4004.0
43,all,R9,IF (PointsAjust IS Medium) AND (TeamExp IS High) AND (Length IS Low),Low,0.0,0.0,2443.3068567566193,0.0,3480.590981943517,0.2814465408805031,0.6,0.2424242424242424,4004.0
43,all,R10,IF (PointsAjust IS Medium) AND (TeamExp IS High) AND (Length IS Medium),Medium,0.0,0.0,4036.9324430270217,0.0,3480.590981943517,0.2814465408805031,0.6,0.2424242424242424,4004.0
43,all,R11,IF (PointsAjust IS Medium) AND (TeamExp IS High) AND (Length IS High),Medium,0.0,0.0,4036.9324430270217,0.0,3480.590981943517,0.2814465408805031,0.6,0.2424242424242424,4004.0
43,all,R12,IF (PointsAjust IS Medium) AND (TeamExp IS Medium) AND (Length IS Low),Medium,0.1490009842112458,0.35234682250600785,4036.9324430270217,1422.4003189719867,3480.590981943517,0.2814465408805031,0.6,0.2424242424242424,4004.0
43,all,R13,IF (PointsAjust IS Medium) AND (TeamExp IS Medium) AND (Length IS Medium),Medium,0.06341723080560288,0.14996451120621404,4036.9324430270217,605.3966005910548,3480.590981943517,0.2814465408805031,0.6,0.2424242424242424,4004.0
43,all,R14,IF (PointsAjust IS Medium) AND (TeamExp IS Medium) AND (Length IS High),High,0.0,0.0,2630.291619179313,0.0,3480.590981943517,0.2814465408805031,0.6,0.2424242424242424,4004.0
43,all,R15,IF (PointsAjust IS Medium) AND (TeamExp IS Low) AND (Length IS Medium),High,0.0,0.0,2630.291619179313,0.0,3480.590981943517,0.2814465408805031,0.6,0.2424242424242424,4004.0
43,all,R16,IF (PointsAjust IS Medium) AND (TeamExp IS Low) AND (Length IS High),High,0.0,0.0,2630.291619179313,0.0,3480.590981943517,0.2814465408805031,0.6,0.2424242424242424,4004.0
43,all,R17,IF (PointsAjust IS High) AND (TeamExp IS High) AND (Length IS Medium),Medium,0.0,0.0,4036.9324430270217,0.0,3480.590981943517,0.2814465408805031,0.6,0.2424242424242424,4004.0
43,all,R18,IF (PointsAjust IS High) AND (TeamExp IS Medium) AND (Length IS Medium),High,0.0,0.0,2630.291619179313,0.0,3480.590981943517,0.2814465408805031,0.6,0.2424242424242424,4004.0
43,all,R19,IF (PointsAjust IS High) AND (TeamExp IS Low) AND (Length IS Medium),High,0.0,0.0,2630.291619179313,0.0,3480.590981943517,0.2814465408805031,0.6,0.2424242424242424,4004.0
43,all,R20,IF (PointsAjust IS High) AND (TeamExp IS Low) AND (Length IS High),Very_High,0.0,0.0,0.0,0.0,3480.590981943517,0.2814465408805031,0.6,0.2424242424242424,4004.0
44,all,R1,IF (PointsAjust IS Low) AND (TeamExp IS High) AND (Length IS Low),Very_Low,0.0,0.0,2024.3712194558648,0.0,2107.867360798498,0.0644654088050314,0.6,0.2121212121212121,2331.0
44,all,R2,IF (PointsAjust IS Low) AND (TeamExp IS High) AND (Length IS Medium),Low,0.0,0.0,1890.1047980168373,0.0,2107.867360798498,0.0644654088050314,0.6,0.2121212121212121,2331.0
44,all,R3,IF (PointsAjust IS Low) AND (TeamExp IS High) AND (Length IS High),Medium,0.0,0.0,2985.3879373579935,0.0,2107.867360798498,0.0644654088050314,0.6,0.2121212121212121,2331.0
44,all,R4,IF (PointsAjust IS Low) AND (TeamExp IS Medium) AND (Length IS Low),Low,0.5520235126168905,0.801181489096371,1890.1047980168373,1514.3169766233252,2107.867360798498,0.0644654088050314,0.6,0.2121212121212121,2331.0
44,all,R5,IF (PointsAjust IS Low) AND (TeamExp IS Medium) AND (Length IS Medium),Medium,0.12696154501052237,0.184266136069643,2985.3879373579935,550.1058998858789,2107.867360798498,0.0644654088050314,0.6,0.2121212121212121,2331.0
44,all,R6,IF (PointsAjust IS Low) AND (TeamExp IS Medium) AND (Length IS High),Medium,0.0,0.0,2985.3879373579935,0.0,2107.867360798498,0.0644654088050314,0.6,0.2121212121212121,2331.0
44,all,R7,IF (PointsAjust IS Low) AND (TeamExp IS Low) AND (Length IS Medium),Medium,0.0,0.0,2985.3879373579935,0.0,2107.867360798498,0.0644654088050314,0.6,0.2121212121212121,2331.0
44,all,R8,IF (PointsAjust IS Low) AND (TeamExp IS Low) AND (Length IS High),High,0.0,0.0,1366.7581794662237,0.0,2107.867360798498,0.0644654088050314,0.6,0.2121212121212121,2331.0
44,all,R9,IF (PointsAjust IS Medium) AND (TeamExp IS High) AND (Length IS Low),Low,0.0,0.0,1890.1047980168373,0.0,2107.867360798498,0.0644654088050314,0.6,0.2121212121212121,2331.0
44,all,R10,IF (PointsAjust IS Medium) AND (TeamExp IS High) AND (Length IS Medium),Medium,0.0,0.0,2985.3879373579935,0.0,2107.867360798498,0.0644654088050314,0.6,0.2121212121212121,2331.0
44,all,R11,IF (PointsAjust IS Medium) AND (TeamExp IS High) AND (Length IS High),Medium,0.0,0.0,2985.3879373579935,0.0,2107.867360798498,0.0644654088050314,0.6,0.2121212121212121,2331.0
44,all,R12,IF (PointsAjust IS Medium) AND (TeamExp IS Medium) AND (Length IS Low),Medium,0.008151882319896265,0.011831266362245586,2985.3879373579935,35.32091988151736,2107.867360798498,0.0644654088050314,0.6,0.2121212121212121,2331.0
44,all,R13,IF (PointsAjust IS Medium) AND (TeamExp IS Medium) AND (Length IS Medium),Medium,0.0018748758892019764,0.002721108471740414,2985.3879373579935,8.123564407776476,2107.867360798498,0.0644654088050314,0.6,0.2121212121212121,2331.0
44,all,R14,IF (PointsAjust IS Medium) AND (TeamExp IS Medium) AND (Length IS High),High,0.0,0.0,1366.7581794662237,0.0,2107.867360798498,0.0644654088050314,0.6,0.2121212121212121,2331.0
44,all,R15,IF (PointsAjust IS Medium) AND (TeamExp IS Low) AND (Length IS Medium),High,0.0,0.0,1366.7581794662237,0.0,2107.867360798498,0.0644654088050314,0.6,0.2121212121212121,2331.0
44,all,R16,IF (PointsAjust IS Medium) AND (TeamExp IS Low) AND (Length IS High),High,0.0,0.0,1366.7581794662237,0.0,2107.867360798498,0.0644654088050314,0.6,0.2121212121212121,2331.0
44,all,R17,IF (PointsAjust IS High) AND (TeamExp IS High) AND (Length IS Medium),Medium,0.0,0.0,2985.3879373579935,0.0,2107.867360798498,0.0644654088050314,0.6,0.2121212121212121,2331.0
44,all,R18,IF (PointsAjust IS High) AND (TeamExp IS Medium) AND (Length IS Medium),High,0.0,0.0,1366.7581794662237,0.0,2107.867360798498,0.0644654088050314,0.6,0.2121212121212121,2331.0
44,all,R19,IF (PointsAjust IS High) AND (TeamExp IS Low) AND (Length IS Medium),High,0.0,0.0,1366.7581794662237,0.0,2107.867360798498,0.0644654088050314,0.6,0.2121212121212121,2331.0
44,all,R20,IF (PointsAjust IS High) AND (TeamExp IS Low) AND (Length IS High),Very_High,0.0,0.0,0.0,0.0,2107.867360798498,0.0644654088050314,0.6,0.2121212121212121,2331.0
45,all,R1,IF (PointsAjust IS Low) AND (TeamExp IS High) AND (Length IS Low),Very_Low,0.19578449590242056,0.46115757679996,3945.629364474248,1819.5568766717104,3487.840531290999,0.2044025157232704,0.8,0.2424242424242424,5817.0
45,all,R2,IF (PointsAjust IS Low) AND (TeamExp IS High) AND (Length IS Medium),Low,0.0833290506806284,0.19627612958725887,2976.299597971783,584.1765655820161,3487.840531290999,0.2044025157232704,0.8,0.2424242424242424,5817.0
45,all,R3,IF (PointsAjust IS Low) AND (TeamExp IS High) AND (Length IS High),Medium,0.0,0.0,3484.90860559702,0.0,3487.840531290999,0.2044025157232704,0.8,0.2424242424242424,5817.0
45,all,R4,IF (PointsAjust IS Low) AND (TeamExp IS Medium) AND (Length IS Low),Low,0.05299310041258301,0.12482178254586504,2976.299597971783,371.50702120937945,3487.840531290999,0.2044025157232704,0.8,0.2424242424242424,5817.0
45,all,R5,IF (PointsAjust IS Low) AND (TeamExp IS Medium) AND (Length IS Medium),Medium,0.022554721351401782,0.05312617118055552,3484.90860559702,185.13985112953833,3487.840531290999,0.2044025157232704,0.8,0.2424242424242424,5817.0
45,all,R6,IF (PointsAjust IS Low) AND (TeamExp IS Medium) AND (Length IS High),Medium,0.0,0.0,3484.90860559702,0.0,3487.840531290999,0.2044025157232704,0.8,0.2424242424242424,5817.0
45,all,R7,IF (PointsAjust IS Low) AND (TeamExp IS Low) AND (Length IS Medium),Medium,0.0,0.0,3484.90860559702,0.0,3487.840531290999,0.2044025157232704,0.8,0.2424242424242424,5817.0
45,all,R8,IF (PointsAjust IS Low) AND (TeamExp IS Low) AND (Length IS High),High,0.0,0.0,1565.6623447900797,0.0,3487.840531290999,0.2044025157232704,0.8,0.2424242424242424,5817.0
45,all,R9,IF (PointsAjust IS Medium) AND (TeamExp IS High) AND (Length IS Low),Low,0.0385808310497984,0.09087462455005212,2976.299597971783,270.47010851415683,3487.840531290999,0.2044025157232704,0.8,0.2424242424242424,5817.0
45,all,R10,IF (PointsAjust IS Medium) AND (TeamExp IS High) AND (Length IS Medium),Medium,0.016420626214711753,0.038677711224327595,3484.90860559702,134.7882886904557,3487.840531290999,0.2044025157232704,0.8,0.2424242424242424,5817.0
45,all,R11,IF (PointsAjust IS Medium) AND (TeamExp IS High) AND (Length IS High),Medium,0.0,0.0,3484.90860559702,0.0,3487.840531290999,0.2044025157232704,0.8,0.2424242424242424,5817.0
45,all,R12,IF (PointsAjust IS Medium) AND (TeamExp IS Medium) AND (Length IS Low),Medium,0.010442695395256728,0.024597086105004266,3484.90860559702,85.71859703994026,3487.840531290999,0.2044025157232704,0.8,0.2424242424242424,5817.0
45,all,R13,IF (PointsAjust IS Medium) AND (TeamExp IS Medium) AND (Length IS Medium),Medium,0.004444580199381122,0.010468918006976571,3484.90860559702,36.483222453802256,3487.840531290999,0.2044025157232704,0.8,0.2424242424242424,5817.0
45,all,R14,IF (PointsAjust IS Medium) AND (TeamExp IS Medium) AND (Length IS High),High,0.0,0.0,1565.6623447900797,0.0,3487.840531290999,0.2044025157232704,0.8,0.2424242424242424,5817.0
45,all,R15,IF (PointsAjust IS Medium) AND (TeamExp IS Low) AND (Length IS Medium),High,0.0,0.0,1565.6623447900797,0.0,3487.840531290999,0.2044025157232704,0.8,0.2424242424242424,5817.0
45,all,R16,IF (PointsAjust IS Medium) AND (TeamExp IS Low) AND (Length IS High),High,0.0,0.0,1565.6623447900797,0.0,3487.840531290999,0.2044025157232704,0.8,0.2424242424242424,5817.0
45,all,R17,IF (PointsAjust IS High) AND (TeamExp IS High) AND (Length IS Medium),Medium,0.0,0.0,3484.90860559702,0.0,3487.840531290999,0.2044025157232704,0.8,0.2424242424242424,5817.0
45,all,R18,IF (PointsAjust IS High) AND (TeamExp IS Medium) AND (Length IS Medium),High,0.0,0.0,1565.6623447900797,0.0,3487.840531290999,0.2044025157232704,0.8,0.2424242424242424,5817.0
45,all,R19,IF (PointsAjust IS High) AND (TeamExp IS Low) AND (Length IS Medium),High,0.0,0.0,1565.6623447900797,0.0,3487.840531290999,0.2044025157232704,0.8,0.2424242424242424,5817.0
45,all,R20,IF (PointsAjust IS High) AND (TeamExp IS Low) AND (Length IS High),Very_High,0.0,0.0,0.0,0.0,3487.840531290999,0.2044025157232704,0.8,0.2424242424242424,5817.0
46,all,R1,IF (PointsAjust IS Low) AND (TeamExp IS High) AND (Length IS Low),Very_Low,0.0,0.0,2852.752731975549,0.0,2257.412729618447,0.1477987421383647,0.6,0.1818181818181818,2989.0
46,all,R2,IF (PointsAjust IS Low) AND (TeamExp IS High) AND (Length IS Medium),Low,0.0,0.0,2099.348409500141,0.0,2257.412729618447,0.1477987421383647,0.6,0.1818181818181818,2989.0
46,all,R3,IF (PointsAjust IS Low) AND (TeamExp IS High) AND (Length IS High),Medium,0.0,0.0,3060.423680611081,0.0,2257.412729618447,0.1477987421383647,0.6,0.1818181818181818,2989.0
46,all,R4,IF (PointsAjust IS Low) AND (TeamExp IS Medium) AND (Length IS Low),Low,0.6733473615436796,0.8355338807796048,2099.348409500141,1754.0767236981435,2257.412729618447,0.1477987421383647,0.6,0.1818181818181818,2989.0
46,all,R5,IF (PointsAjust IS Low) AND (TeamExp IS Medium) AND (Length IS Medium),Medium,0.08441647847769772,0.10474954220139665,3060.423680611081,320.5779794863241,2257.412729618447,0.1477987421383647,0.6,0.1818181818181818,2989.0
46,all,R6,IF (PointsAjust IS Low) AND (TeamExp IS Medium) AND (Length IS High),Medium,0.0,0.0,3060.423680611081,0.0,2257.412729618447,0.1477987421383647,0.6,0.1818181818181818,2989.0
46,all,R7,IF (PointsAjust IS Low) AND (TeamExp IS Low) AND (Length IS Medium),Medium,0.0,0.0,3060.423680611081,0.0,2257.412729618447,0.1477987421383647,0.6,0.1818181818181818,2989.0
46,all,R8,IF (PointsAjust IS Low) AND (TeamExp IS Low) AND (Length IS High),High,0.0,0.0,2137.8488047423416,0.0,2257.412729618447,0.1477987421383647,0.6,0.1818181818181818,2989.0
46,all,R9,IF (PointsAjust IS Medium) AND (TeamExp IS High) AND (Length IS Low),Low,0.0,0.0,2099.348409500141,0.0,2257.412729618447,0.1477987421383647,0.6,0.1818181818181818,2989.0
46,all,R10,IF (PointsAjust IS Medium) AND (TeamExp IS High) AND (Length IS Medium),Medium,0.0,0.0,3060.423680611081,0.0,2257.412729618447,0.1477987421383647,0.6,0.1818181818181818,2989.0
46,all,R11,IF (PointsAjust IS Medium) AND (TeamExp IS High) AND (Length IS High),Medium,0.0,0.0,3060.423680611081,0.0,2257.412729618447,0.1477987421383647,0.6,0.1818181818181818,2989.0
46,all,R12,IF (PointsAjust IS Medium) AND (TeamExp IS Medium) AND (Length IS Low),Medium,0.04276370144725515,0.05306402529715368,3060.423680611081,162.3983996079546,2257.412729618447,0.1477987421383647,0.6,0.1818181818181818,2989.0
46,all,R13,IF (PointsAjust IS Medium) AND (TeamExp IS Medium) AND (Length IS Medium),Medium,0.005361216645407067,0.006652551721844981,3060.423680611081,20.359626826024403,2257.412729618447,0.1477987421383647,0.6,0.1818181818181818,2989.0
46,all,R14,IF (PointsAjust IS Medium) AND (TeamExp IS Medium) AND (Length IS High),High,0.0,0.0,2137.8488047423416,0.0,2257.412729618447,0.1477987421383647,0.6,0.1818181818181818,2989.0
46,all,R15,IF (PointsAjust IS Medium) AND (TeamExp IS Low) AND (Length IS Medium),High,0.0,0.0,2137.8488047423416,0.0,2257.412729618447,0.1477987421383647,0.6,0.1818181818181818,2989.0
46,all,R16,IF (PointsAjust IS Medium) AND (TeamExp IS Low) AND (Length IS High),High,0.0,0.0,2137.8488047423416,0.0,2257.412729618447,0.1477987421383647,0.6,0.1818181818181818,2989.0
46,all,R17,IF (PointsAjust IS High) AND (TeamExp IS High) AND (Length IS Medium),Medium,0.0,0.0,3060.423680611081,0.0,2257.412729618447,0.1477987421383647,0.6,0.1818181818181818,2989.0
46,all,R18,IF (PointsAjust IS High) AND (TeamExp IS Medium) AND (Length IS Medium),High,0.0,0.0,2137.8488047423416,0.0,2257.412729618447,0.1477987421383647,0.6,0.1818181818181818,2989.0
46,all,R19,IF (PointsAjust IS High) AND (TeamExp IS Low) AND (Length IS Medium),High,0.0,0.0,2137.8488047423416,0.0,2257.412729618447,0.1477987421383647,0.6,0.1818181818181818,2989.0
46,all,R20,IF (PointsAjust IS High) AND (TeamExp IS Low) AND (Length IS High),Very_High,0.0,0.0,0.0,0.0,2257.412729618447,0.1477987421383647,0.6,0.1818181818181818,2989.0
47,all,R1,IF (PointsAjust IS Low) AND (TeamExp IS High) AND (Length IS Low),Very_Low,0.4962121212121214,0.7133525347392083,2353.9440712323462,1679.1919698479257,2453.7918233355585,0.1084905660377358,0.8,0.1515151515151515,3136.0
47,all,R2,IF (PointsAjust IS Low) AND (TeamExp IS High) AND (Length IS Medium),Low,0.03364632657872832,0.04836982275033699,2725.820759913429,131.84746700620144,2453.7918233355585,0.1084905660377358,0.8,0.1515151515151515,3136.0
47,all,R3,IF (PointsAjust IS Low) AND (TeamExp IS High) AND (Length IS High),Medium,0.0,0.0,2412.384135027144,0.0,2453.7918233355585,0.1084905660377358,0.8,0.1515151515151515,3136.0
47,all,R4,IF (PointsAjust IS Low) AND (TeamExp IS Medium) AND (Length IS Low),Low,0.13431001593936556,0.19308353467297254,2725.820759913429,526.3111072090529,2453.7918233355585,0.1084905660377358,0.8,0.1515151515151515,3136.0
47,all,R5,IF (PointsAjust IS Low) AND (TeamExp IS Medium) AND (Length IS Medium),Medium,0.009107070274807528,0.013092287324043208,2412.384135027144,31.58362623173882,2453.7918233355585,0.1084905660377358,0.8,0.1515151515151515,3136.0
47,all,R6,IF (PointsAjust IS Low) AND (TeamExp IS Medium) AND (Length IS High),Medium,0.0,0.0,2412.384135027144,0.0,2453.7918233355585,0.1084905660377358,0.8,0.1515151515151515,3136.0
47,all,R7,IF (PointsAjust IS Low) AND (TeamExp IS Low) AND (Length IS Medium),Medium,0.0,0.0,2412.384135027144,0.0,2453.7918233355585,0.1084905660377358,0.8,0.1515151515151515,3136.0
47,all,R8,IF (PointsAjust IS Low) AND (TeamExp IS Low) AND (Length IS High),High,0.0,0.0,1535.3881771753677,0.0,2453.7918233355585,0.1084905660377358,0.8,0.1515151515151515,3136.0
47,all,R9,IF (PointsAjust IS Medium) AND (TeamExp IS High) AND (Length IS Low),Low,0.01645763241356057,0.023659425669291377,2725.820759913429,64.49135365698311,2453.7918233355585,0.1084905660377358,0.8,0.1515151515151515,3136.0
47,all,R10,IF (PointsAjust IS Medium) AND (TeamExp IS High) AND (Length IS Medium),Medium,0.0011159317784230644,0.0016042590027619014,2412.384135027144,3.870088966737278,2453.7918233355585,0.1084905660377358,0.8,0.1515151515151515,3136.0
47,all,R11,IF (PointsAjust IS Medium) AND (TeamExp IS High) AND (Length IS High),Medium,0.0,0.0,2412.384135027144,0.0,2453.7918233355585,0.1084905660377358,0.8,0.1515151515151515,3136.0
47,all,R12,IF (PointsAjust IS Medium) AND (TeamExp IS Medium) AND (Length IS Low),Medium,0.004454596688186552,0.0064039101483382615,2412.384135027144,15.448691243990547,2453.7918233355585,0.1084905660377358,0.8,0.1515151515151515,3136.0
47,all,R13,IF (PointsAjust IS Medium) AND (TeamExp IS Medium) AND (Length IS Medium),Medium,0.0003020498866112444,0.0004342256930473351,2412.384135027144,1.0475191729285578,2453.7918233355585,0.1084905660377358,0.8,0.1515151515151515,3136.0
47,all,R14,IF (PointsAjust IS Medium) AND (TeamExp IS Medium) AND (Length IS High),High,0.0,0.0,1535.3881771753677,0.0,2453.7918233355585,0.1084905660377358,0.8,0.1515151515151515,3136.0
47,all,R15,IF (PointsAjust IS Medium) AND (TeamExp IS Low) AND (Length IS Medium),High,0.0,0.0,1535.3881771753677,0.0,2453.7918233355585,0.1084905660377358,0.8,0.1515151515151515,3136.0
47,all,R16,IF (PointsAjust IS Medium) AND (TeamExp IS Low) AND (Length IS High),High,0.0,0.0,1535.3881771753677,0.0,2453.7918233355585,0.1084905660377358,0.8,0.1515151515151515,3136.0
47,all,R17,IF (PointsAjust IS High) AND (TeamExp IS High) AND (Length IS Medium),Medium,0.0,0.0,2412.384135027144,0.0,2453.7918233355585,0.1084905660377358,0.8,0.1515151515151515,3136.0
47,all,R18,IF (PointsAjust IS High) AND (TeamExp IS Medium) AND (Length IS Medium),High,0.0,0.0,1535.3881771753677,0.0,2453.7918233355585,0.1084905660377358,0.8,0.1515151515151515,3136.0
47,all,R19,IF (PointsAjust IS High) AND (TeamExp IS Low) AND (Length IS Medium),High,0.0,0.0,1535.3881771753677,0.0,2453.7918233355585,0.1084905660377358,0.8,0.1515151515151515,3136.0
47,all,R20,IF (PointsAjust IS High) AND (TeamExp IS Low) AND (Length IS High),Very_High,0.0,0.0,0.0,0.0,2453.7918233355585,0.1084905660377358,0.8,0.1515151515151515,3136.0
48,all,R1,IF (PointsAjust IS Low) AND (TeamExp IS High) AND (Length IS Low),Very_Low,0.0,0.0,3021.5335369988966,0.0,3958.761679633675,0.1069182389937107,0.4,0.3333333333333333,2583.0
48,all,R2,IF (PointsAjust IS Low) AND (TeamExp IS High) AND (Length IS Medium),Low,0.0,0.0,1278.5914189437785,0.0,3958.761679633675,0.1069182389937107,0.4,0.3333333333333333,2583.0
48,all,R3,IF (PointsAjust IS Low) AND (TeamExp IS High) AND (Length IS High),Medium,0.0,0.0,4357.950724787173,0.0,3958.761679633675,0.1069182389937107,0.4,0.3333333333333333,2583.0
48,all,R4,IF (PointsAjust IS Low) AND (TeamExp IS Medium) AND (Length IS Low),Low,0.066728116909734,0.12963379895161853,1278.5914189437785,165.74866294462245,3958.761679633675,0.1069182389937107,0.4,0.3333333333333333,2583.0
48,all,R5,IF (PointsAjust IS Low) AND (TeamExp IS Medium) AND (Length IS Medium),Medium,0.4319237664592865,0.8391053321548344,4357.950724787173,3656.7796904369425,3958.761679633675,0.1069182389937107,0.4,0.3333333333333333,2583.0
48,all,R6,IF (PointsAjust IS Low) AND (TeamExp IS Medium) AND (Length IS High),Medium,0.0,0.0,4357.950724787173,0.0,3958.761679633675,0.1069182389937107,0.4,0.3333333333333333,2583.0
48,all,R7,IF (PointsAjust IS Low) AND (TeamExp IS Low) AND (Length IS Medium),Medium,0.0,0.0,4357.950724787173,0.0,3958.761679633675,0.1069182389937107,0.4,0.3333333333333333,2583.0
48,all,R8,IF (PointsAjust IS Low) AND (TeamExp IS Low) AND (Length IS High),High,0.0,0.0,1370.996535724541,0.0,3958.761679633675,0.1069182389937107,0.4,0.3333333333333333,2583.0
48,all,R9,IF (PointsAjust IS Medium) AND (TeamExp IS High) AND (Length IS Low),Low,0.0,0.0,1278.5914189437785,0.0,3958.761679633675,0.1069182389937107,0.4,0.3333333333333333,2583.0
48,all,R10,IF (PointsAjust IS Medium) AND (TeamExp IS High) AND (Length IS Medium),Medium,0.0,0.0,4357.950724787173,0.0,3958.761679633675,0.1069182389937107,0.4,0.3333333333333333,2583.0
48,all,R11,IF (PointsAjust IS Medium) AND (TeamExp IS High) AND (Length IS High),Medium,0.0,0.0,4357.950724787173,0.0,3958.761679633675,0.1069182389937107,0.4,0.3333333333333333,2583.0
48,all,R12,IF (PointsAjust IS Medium) AND (TeamExp IS Medium) AND (Length IS Low),Medium,0.0021532927154970637,0.00418323681068859,4357.950724787173,18.230339891096722,3958.761679633675,0.1069182389937107,0.4,0.3333333333333333,2583.0
48,all,R13,IF (PointsAjust IS Medium) AND (TeamExp IS Medium) AND (Length IS Medium),Medium,0.013938027072230533,0.02707763208285854,4357.950724787173,118.0029863610138,3958.761679633675,0.1069182389937107,0.4,0.3333333333333333,2583.0
48,all,R14,IF (PointsAjust IS Medium) AND (TeamExp IS Medium) AND (Length IS High),High,0.0,0.0,1370.996535724541,0.0,3958.761679633675,0.1069182389937107,0.4,0.3333333333333333,2583.0
48,all,R15,IF (PointsAjust IS Medium) AND (TeamExp IS Low) AND (Length IS Medium),High,0.0,0.0,1370.996535724541,0.0,3958.761679633675,0.1069182389937107,0.4,0.3333333333333333,2583.0
48,all,R16,IF (PointsAjust IS Medium) AND (TeamExp IS Low) AND (Length IS High),High,0.0,0.0,1370.996535724541,0.0,3958.761679633675,0.1069182389937107,0.4,0.3333333333333333,2583.0
48,all,R17,IF (PointsAjust IS High) AND (TeamExp IS High) AND (Length IS Medium),Medium,0.0,0.0,4357.950724787173,0.0,3958.761679633675,0.1069182389937107,0.4,0.3333333333333333,2583.0
48,all,R18,IF (PointsAjust IS High) AND (TeamExp IS Medium) AND (Length IS Medium),High,0.0,0.0,1370.996535724541,0.0,3958.761679633675,0.1069182389937107,0.4,0.3333333333333333,2583.0
48,all,R19,IF (PointsAjust IS High) AND (TeamExp IS Low) AND (Length IS Medium),High,0.0,0.0,1370.996535724541,0.0,3958.761679633675,0.1069182389937107,0.4,0.3333333333333333,2583.0
48,all,R20,IF (PointsAjust IS High) AND (TeamExp IS Low) AND (Length IS High),Very_High,0.0,0.0,0.0,0.0,3958.761679633675,0.1069182389937107,0.4,0.3333333333333333,2583.0
49,all,R1,IF (PointsAjust IS Low) AND (TeamExp IS High) AND (Length IS Low),Very_Low,0.0,0.0,3484.809654135369,0.0,4111.37519998881,0.1462264150943396,0.4,0.3333333333333333,3647.0
49,all,R2,IF (PointsAjust IS Low) AND (TeamExp IS High) AND (Length IS Medium),Low,0.0,0.0,1378.3879726378996,0.0,4111.37519998881,0.1462264150943396,0.4,0.3333333333333333,3647.0
49,all,R3,IF (PointsAjust IS Low) AND (TeamExp IS High) AND (Length IS High),Medium,0.0,0.0,4505.408872551849,0.0,4111.37519998881,0.1462264150943396,0.4,0.3333333333333333,3647.0
49,all,R4,IF (PointsAjust IS Low) AND (TeamExp IS Medium) AND (Length IS Low),Low,0.066728116909734,0.12600928653015417,1378.3879726378996,173.68968499384738,4111.37519998881,0.1462264150943396,0.4,0.3333333333333333,3647.0
49,all,R5,IF (PointsAjust IS Low) AND (TeamExp IS Medium) AND (Length IS Medium),Medium,0.4319237664592865,0.8156442616322676,4505.408872551849,3674.8108932040195,4111.37519998881,0.1462264150943396,0.4,0.3333333333333333,3647.0
49,all,R6,IF (PointsAjust IS Low) AND (TeamExp IS Medium) AND (Length IS High),Medium,0.0,0.0,4505.408872551849,0.0,4111.37519998881,0.1462264150943396,0.4,0.3333333333333333,3647.0
49,all,R7,IF (PointsAjust IS Low) AND (TeamExp IS Low) AND (Length IS Medium),Medium,0.0,0.0,4505.408872551849,0.0,4111.37519998881,0.1462264150943396,0.4,0.3333333333333333,3647.0
49,all,R8,IF (PointsAjust IS Low) AND (TeamExp IS Low) AND (Length IS High),High,0.0,0.0,1637.3085861157988,0.0,4111.37519998881,0.1462264150943396,0.4,0.3333333333333333,3647.0
49,all,R9,IF (PointsAjust IS Medium) AND (TeamExp IS High) AND (Length IS Low),Low,0.0,0.0,1378.3879726378996,0.0,4111.37519998881,0.1462264150943396,0.4,0.3333333333333333,3647.0
49,all,R10,IF (PointsAjust IS Medium) AND (TeamExp IS High) AND (Length IS Medium),Medium,0.0,0.0,4505.408872551849,0.0,4111.37519998881,0.1462264150943396,0.4,0.3333333333333333,3647.0
49,all,R11,IF (PointsAjust IS Medium) AND (TeamExp IS High) AND (Length IS High),Medium,0.0,0.0,4505.408872551849,0.0,4111.37519998881,0.1462264150943396,0.4,0.3333333333333333,3647.0
49,all,R12,IF (PointsAjust IS Medium) AND (TeamExp IS Medium) AND (Length IS Low),Medium,0.004134587361863298,0.007807749232152929,4505.408872551849,35.17710266520169,4111.37519998881,0.1462264150943396,0.4,0.3333333333333333,3647.0
49,all,R13,IF (PointsAjust IS Medium) AND (TeamExp IS Medium) AND (Length IS Medium),Medium,0.02676272954782652,0.050538702605425256,4505.408872551849,227.6975191257422,4111.37519998881,0.1462264150943396,0.4,0.3333333333333333,3647.0
49,all,R14,IF (PointsAjust IS Medium) AND (TeamExp IS Medium) AND (Length IS High),High,0.0,0.0,1637.3085861157988,0.0,4111.37519998881,0.1462264150943396,0.4,0.3333333333333333,3647.0
49,all,R15,IF (PointsAjust IS Medium) AND (TeamExp IS Low) AND (Length IS Medium),High,0.0,0.0,1637.3085861157988,0.0,4111.37519998881,0.1462264150943396,0.4,0.3333333333333333,3647.0
49,all,R16,IF (PointsAjust IS Medium) AND (TeamExp IS Low) AND (Length IS High),High,0.0,0.0,1637.3085861157988,0.0,4111.37519998881,0.1462264150943396,0.4,0.3333333333333333,3647.0
49,all,R17,IF (PointsAjust IS High) AND (TeamExp IS High) AND (Length IS Medium),Medium,0.0,0.0,4505.408872551849,0.0,4111.37519998881,0.1462264150943396,0.4,0.3333333333333333,3647.0
49,all,R18,IF (PointsAjust IS High) AND (TeamExp IS Medium) AND (Length IS Medium),High,0.0,0.0,1637.3085861157988,0.0,4111.37519998881,0.1462264150943396,0.4,0.3333333333333333,3647.0
49,all,R19,IF (PointsAjust IS High) AND (TeamExp IS Low) AND (Length IS Medium),High,0.0,0.0,1637.3085861157988,0.0,4111.37519998881,0.1462264150943396,0.4,0.3333333333333333,3647.0
49,all,R20,IF (PointsAjust IS High) AND (TeamExp IS Low) AND (Length IS High),Very_High,0.0,0.0,0.0,0.0,4111.37519998881,0.1462264150943396,0.4,0.3333333333333333,3647.0
50,all,R1,IF (PointsAjust IS Low) AND (TeamExp IS High) AND (Length IS Low),Very_Low,0.0,0.0,7488.5898480153,0.0,5367.146219501858,0.4528301886792453,0.8,0.3636363636363636,8232.0
50,all,R2,IF (PointsAjust IS Low) AND (TeamExp IS High) AND (Length IS Medium),Low,0.0,0.0,3616.3141467115606,0.0,5367.146219501858,0.4528301886792453,0.8,0.3636363636363636,8232.0
50,all,R3,IF (PointsAjust IS Low) AND (TeamExp IS High) AND (Length IS High),Medium,0.0,0.0,5367.146219501858,0.0,5367.146219501858,0.4528301886792453,0.8,0.3636363636363636,8232.0
50,all,R4,IF (PointsAjust IS Low) AND (TeamExp IS Medium) AND (Length IS Low),Low,0.0,0.0,3616.3141467115606,0.0,5367.146219501858,0.4528301886792453,0.8,0.3636363636363636,8232.0
50,all,R5,IF (PointsAjust IS Low) AND (TeamExp IS Medium) AND (Length IS Medium),Medium,0.0,0.0,5367.146219501858,0.0,5367.146219501858,0.4528301886792453,0.8,0.3636363636363636,8232.0
50,all,R6,IF (PointsAjust IS Low) AND (TeamExp IS Medium) AND (Length IS High),Medium,0.0,0.0,5367.146219501858,0.0,5367.146219501858,0.4528301886792453,0.8,0.3636363636363636,8232.0
50,all,R7,IF (PointsAjust IS Low) AND (TeamExp IS Low) AND (Length IS Medium),Medium,0.0,0.0,5367.146219501858,0.0,5367.146219501858,0.4528301886792453,0.8,0.3636363636363636,8232.0
50,all,R8,IF (PointsAjust IS Low) AND (TeamExp IS Low) AND (Length IS High),High,0.0,0.0,2422.718189476219,0.0,5367.146219501858,0.4528301886792453,0.8,0.3636363636363636,8232.0
50,all,R9,IF (PointsAjust IS Medium) AND (TeamExp IS High) AND (Length IS Low),Low,0.0,0.0,3616.3141467115606,0.0,5367.146219501858,0.4528301886792453,0.8,0.3636363636363636,8232.0
50,all,R10,IF (PointsAjust IS Medium) AND (TeamExp IS High) AND (Length IS Medium),Medium,0.31480100569808306,0.7869860421615986,5367.146219501858,4223.8691609883535,5367.146219501858,0.4528301886792453,0.8,0.3636363636363636,8232.0
50,all,R11,IF (PointsAjust IS Medium) AND (TeamExp IS High) AND (Length IS High),Medium,0.0,0.0,5367.146219501858,0.0,5367.146219501858,0.4528301886792453,0.8,0.3636363636363636,8232.0
50,all,R12,IF (PointsAjust IS Medium) AND (TeamExp IS Medium) AND (Length IS Low),Medium,0.0,0.0,5367.146219501858,0.0,5367.146219501858,0.4528301886792453,0.8,0.3636363636363636,8232.0
50,all,R13,IF (PointsAjust IS Medium) AND (TeamExp IS Medium) AND (Length IS Medium),Medium,0.08520736653864112,0.21301395783840135,5367.146219501858,1143.2770585135038,5367.146219501858,0.4528301886792453,0.8,0.3636363636363636,8232.0
50,all,R14,IF (PointsAjust IS Medium) AND (TeamExp IS Medium) AND (Length IS High),High,0.0,0.0,2422.718189476219,0.0,5367.146219501858,0.4528301886792453,0.8,0.3636363636363636,8232.0
50,all,R15,IF (PointsAjust IS Medium) AND (TeamExp IS Low) AND (Length IS Medium),High,0.0,0.0,2422.718189476219,0.0,5367.146219501858,0.4528301886792453,0.8,0.3636363636363636,8232.0
50,all,R16,IF (PointsAjust IS Medium) AND (TeamExp IS Low) AND (Length IS High),High,0.0,0.0,2422.718189476219,0.0,5367.146219501858,0.4528301886792453,0.8,0.3636363636363636,8232.0
50,all,R17,IF (PointsAjust IS High) AND (TeamExp IS High) AND (Length IS Medium),Medium,0.0,0.0,5367.146219501858,0.0,5367.146219501858,0.4528301886792453,0.8,0.3636363636363636,8232.0
50,all,R18,IF (PointsAjust IS High) AND (TeamExp IS Medium) AND (Length IS Medium),High,0.0,0.0,2422.718189476219,0.0,5367.146219501858,0.4528301886792453,0.8,0.3636363636363636,8232.0
50,all,R19,IF (PointsAjust IS High) AND (TeamExp IS Low) AND (Length IS Medium),High,0.0,0.0,2422.718189476219,0.0,5367.146219501858,0.4528301886792453,0.8,0.3636363636363636,8232.0
50,all,R20,IF (PointsAjust IS High) AND (TeamExp IS Low) AND (Length IS High),Very_High,0.0,0.0,0.0,0.0,5367.146219501858,0.4528301886792453,0.8,0.3636363636363636,8232.0
51,all,R1,IF (PointsAjust IS Low) AND (TeamExp IS High) AND (Length IS Low),Very_Low,0.0,0.0,3003.002492313437,0.0,3952.7716303484704,0.1053459119496855,0.4,0.3333333333333333,3276.0
51,all,R2,IF (PointsAjust IS Low) AND (TeamExp IS High) AND (Length IS Medium),Low,0.0,0.0,1274.5995567960135,0.0,3952.7716303484704,0.1053459119496855,0.4,0.3333333333333333,3276.0
51,all,R3,IF (PointsAjust IS Low) AND (TeamExp IS High) AND (Length IS High),Medium,0.0,0.0,4352.052398876586,0.0,3952.7716303484704,0.1053459119496855,0.4,0.3333333333333333,3276.0
51,all,R4,IF (PointsAjust IS Low) AND (TeamExp IS Medium) AND (Length IS Low),Low,0.066728116909734,0.12974391128546903,1274.5995567960135,165.37153182144013,3952.7716303484704,0.1053459119496855,0.4,0.3333333333333333,3276.0
51,all,R5,IF (PointsAjust IS Low) AND (TeamExp IS Medium) AND (Length IS Medium),Medium,0.4319237664592865,0.8398180771890554,4352.052398876586,3654.932277450551,3952.7716303484704,0.1053459119496855,0.4,0.3333333333333333,3276.0
51,all,R6,IF (PointsAjust IS Low) AND (TeamExp IS Medium) AND (Length IS High),Medium,0.0,0.0,4352.052398876586,0.0,3952.7716303484704,0.1053459119496855,0.4,0.3333333333333333,3276.0
51,all,R7,IF (PointsAjust IS Low) AND (TeamExp IS Low) AND (Length IS Medium),Medium,0.0,0.0,4352.052398876586,0.0,3952.7716303484704,0.1053459119496855,0.4,0.3333333333333333,3276.0
51,all,R8,IF (PointsAjust IS Low) AND (TeamExp IS Low) AND (Length IS High),High,0.0,0.0,1360.344053708891,0.0,3952.7716303484704,0.1053459119496855,0.4,0.3333333333333333,3276.0
51,all,R9,IF (PointsAjust IS Medium) AND (TeamExp IS High) AND (Length IS Low),Low,0.0,0.0,1274.5995567960135,0.0,3952.7716303484704,0.1053459119496855,0.4,0.3333333333333333,3276.0
51,all,R10,IF (PointsAjust IS Medium) AND (TeamExp IS High) AND (Length IS Medium),Medium,0.0,0.0,4352.052398876586,0.0,3952.7716303484704,0.1053459119496855,0.4,0.3333333333333333,3276.0
51,all,R11,IF (PointsAjust IS Medium) AND (TeamExp IS High) AND (Length IS High),Medium,0.0,0.0,4352.052398876586,0.0,3952.7716303484704,0.1053459119496855,0.4,0.3333333333333333,3276.0
51,all,R12,IF (PointsAjust IS Medium) AND (TeamExp IS Medium) AND (Length IS Low),Medium,0.002094833765881627,0.004073124476838084,4352.052398876586,17.726451150346122,3952.7716303484704,0.1053459119496855,0.4,0.3333333333333333,3276.0
51,all,R13,IF (PointsAjust IS Medium) AND (TeamExp IS Medium) AND (Length IS Medium),Medium,0.013559628716777022,0.026364887048637518,4352.052398876586,114.74136992613315,3952.7716303484704,0.1053459119496855,0.4,0.3333333333333333,3276.0
51,all,R14,IF (PointsAjust IS Medium) AND (TeamExp IS Medium) AND (Length IS High),High,0.0,0.0,1360.344053708891,0.0,3952.7716303484704,0.1053459119496855,0.4,0.3333333333333333,3276.0
51,all,R15,IF (PointsAjust IS Medium) AND (TeamExp IS Low) AND (Length IS Medium),High,0.0,0.0,1360.344053708891,0.0,3952.7716303484704,0.1053459119496855,0.4,0.3333333333333333,3276.0
51,all,R16,IF (PointsAjust IS Medium) AND (TeamExp IS Low) AND (Length IS High),High,0.0,0.0,1360.344053708891,0.0,3952.7716303484704,0.1053459119496855,0.4,0.3333333333333333,3276.0
51,all,R17,IF (PointsAjust IS High) AND (TeamExp IS High) AND (Length IS Medium),Medium,0.0,0.0,4352.052398876586,0.0,3952.7716303484704,0.1053459119496855,0.4,0.3333333333333333,3276.0
51,all,R18,IF (PointsAjust IS High) AND (TeamExp IS Medium) AND (Length IS Medium),High,0.0,0.0,1360.344053708891,0.0,3952.7716303484704,0.1053459119496855,0.4,0.3333333333333333,3276.0
51,all,R19,IF (PointsAjust IS High) AND (TeamExp IS Low) AND (Length IS Medium),High,0.0,0.0,1360.344053708891,0.0,3952.7716303484704,0.1053459119496855,0.4,0.3333333333333333,3276.0
51,all,R20,IF (PointsAjust IS High) AND (TeamExp IS Low) AND (Length IS High),Very_High,0.0,0.0,0.0,0.0,3952.7716303484704,0.1053459119496855,0.4,0.3333333333333333,3276.0
52,all,R1,IF (PointsAjust IS Low) AND (TeamExp IS High) AND (Length IS Low),Very_Low,0.0,0.0,2573.25751592948,0.0,1777.5137317067738,0.1210691823899371,0.4,0.2121212121212121,2723.0
52,all,R2,IF (PointsAjust IS Low) AND (TeamExp IS High) AND (Length IS Medium),Low,0.0,0.0,1305.2178488807308,0.0,1777.5137317067738,0.1210691823899371,0.4,0.2121212121212121,2723.0
52,all,R3,IF (PointsAjust IS Low) AND (TeamExp IS High) AND (Length IS High),Medium,0.0,0.0,3460.7335379503647,0.0,1777.5137317067738,0.1210691823899371,0.4,0.2121212121212121,2723.0
52,all,R4,IF (PointsAjust IS Low) AND (TeamExp IS Medium) AND (Length IS Low),Low,0.5520235126168905,0.7808896102120715,1305.2178488807308,1019.2310572543123,1777.5137317067738,0.1210691823899371,0.4,0.2121212121212121,2723.0
52,all,R5,IF (PointsAjust IS Low) AND (TeamExp IS Medium) AND (Length IS Medium),Medium,0.12696154501052237,0.17959914592260368,3460.7335379503647,621.5447876815961,1777.5137317067738,0.1210691823899371,0.4,0.2121212121212121,2723.0
52,all,R6,IF (PointsAjust IS Low) AND (TeamExp IS Medium) AND (Length IS High),Medium,0.0,0.0,3460.7335379503647,0.0,1777.5137317067738,0.1210691823899371,0.4,0.2121212121212121,2723.0
52,all,R7,IF (PointsAjust IS Low) AND (TeamExp IS Low) AND (Length IS Medium),Medium,0.0,0.0,3460.7335379503647,0.0,1777.5137317067738,0.1210691823899371,0.4,0.2121212121212121,2723.0
52,all,R8,IF (PointsAjust IS Low) AND (TeamExp IS Low) AND (Length IS High),High,0.0,0.0,2292.9051876520025,0.0,1777.5137317067738,0.1210691823899371,0.4,0.2121212121212121,2723.0
52,all,R9,IF (PointsAjust IS Medium) AND (TeamExp IS High) AND (Length IS Low),Low,0.0,0.0,1305.2178488807308,0.0,1777.5137317067738,0.1210691823899371,0.4,0.2121212121212121,2723.0
52,all,R10,IF (PointsAjust IS Medium) AND (TeamExp IS High) AND (Length IS Medium),Medium,0.0,0.0,3460.7335379503647,0.0,1777.5137317067738,0.1210691823899371,0.4,0.2121212121212121,2723.0
52,all,R11,IF (PointsAjust IS Medium) AND (TeamExp IS High) AND (Length IS High),Medium,0.0,0.0,3460.7335379503647,0.0,1777.5137317067738,0.1210691823899371,0.4,0.2121212121212121,2723.0
52,all,R12,IF (PointsAjust IS Medium) AND (TeamExp IS Medium) AND (Length IS Low),Medium,0.022708371635889207,0.032123145246545075,3460.7335379503647,111.16964609916938,1777.5137317067738,0.1210691823899371,0.4,0.2121212121212121,2723.0
52,all,R13,IF (PointsAjust IS Medium) AND (TeamExp IS Medium) AND (Length IS Medium),Medium,0.0052227665700292514,0.007388098618779722,3460.7335379503647,25.56824067169575,1777.5137317067738,0.1210691823899371,0.4,0.2121212121212121,2723.0
52,all,R14,IF (PointsAjust IS Medium) AND (TeamExp IS Medium) AND (Length IS High),High,0.0,0.0,2292.9051876520025,0.0,1777.5137317067738,0.1210691823899371,0.4,0.2121212121212121,2723.0
52,all,R15,IF (PointsAjust IS Medium) AND (TeamExp IS Low) AND (Length IS Medium),High,0.0,0.0,2292.9051876520025,0.0,1777.5137317067738,0.1210691823899371,0.4,0.2121212121212121,2723.0
52,all,R16,IF (PointsAjust IS Medium) AND (TeamExp IS Low) AND (Length IS High),High,0.0,0.0,2292.9051876520025,0.0,1777.5137317067738,0.1210691823899371,0.4,0.2121212121212121,2723.0
52,all,R17,IF (PointsAjust IS High) AND (TeamExp IS High) AND (Length IS Medium),Medium,0.0,0.0,3460.7335379503647,0.0,1777.5137317067738,0.1210691823899371,0.4,0.2121212121212121,2723.0
52,all,R18,IF (PointsAjust IS High) AND (TeamExp IS Medium) AND (Length IS Medium),High,0.0,0.0,2292.9051876520025,0.0,1777.5137317067738,0.1210691823899371,0.4,0.2121212121212121,2723.0
52,all,R19,IF (PointsAjust IS High) AND (TeamExp IS Low) AND (Length IS Medium),High,0.0,0.0,2292.9051876520025,0.0,1777.5137317067738,0.1210691823899371,0.4,0.2121212121212121,2723.0
52,all,R20,IF (PointsAjust IS High) AND (TeamExp IS Low) AND (Length IS High),Very_High,0.0,0.0,0.0,0.0,1777.5137317067738,0.1210691823899371,0.4,0.2121212121212121,2723.0
53,all,R1,IF (PointsAjust IS Low) AND (TeamExp IS High) AND (Length IS Low),Very_Low,0.3443396226415095,0.6141611553988987,3423.2291646629974,2102.414378964633,3232.6481142435787,0.2122641509433962,0.8,0.1212121212121212,3472.0
53,all,R2,IF (PointsAjust IS Low) AND (TeamExp IS High) AND (Length IS Medium),Low,0.014199095811187714,0.0253253837653694,2986.958579317676,75.64587231248272,3232.6481142435787,0.2122641509433962,0.8,0.1212121212121212,3472.0
53,all,R3,IF (PointsAjust IS Low) AND (TeamExp IS High) AND (Length IS High),Medium,0.0,0.0,2564.0981151178635,0.0,3232.6481142435787,0.2122641509433962,0.8,0.1212121212121212,3472.0
53,all,R4,IF (PointsAjust IS Low) AND (TeamExp IS Medium) AND (Length IS Low),Low,0.09320260071955398,0.1662353478376704,2986.958579317676,496.53809840958775,3232.6481142435787,0.2122641509433962,0.8,0.1212121212121212,3472.0
53,all,R5,IF (PointsAjust IS Low) AND (TeamExp IS Medium) AND (Length IS Medium),Medium,0.0038432773066217774,0.006854835969924355,2564.0981151178635,17.57647198992517,3232.6481142435787,0.2122641509433962,0.8,0.1212121212121212,3472.0
53,all,R6,IF (PointsAjust IS Low) AND (TeamExp IS Medium) AND (Length IS High),Medium,0.0,0.0,2564.0981151178635,0.0,3232.6481142435787,0.2122641509433962,0.8,0.1212121212121212,3472.0
53,all,R7,IF (PointsAjust IS Low) AND (TeamExp IS Low) AND (Length IS Medium),Medium,0.0,0.0,2564.0981151178635,0.0,3232.6481142435787,0.2122641509433962,0.8,0.1212121212121212,3472.0
53,all,R8,IF (PointsAjust IS Low) AND (TeamExp IS Low) AND (Length IS High),High,0.0,0.0,2444.9610686549404,0.0,3232.6481142435787,0.2122641509433962,0.8,0.1212121212121212,3472.0
53,all,R9,IF (PointsAjust IS Medium) AND (TeamExp IS High) AND (Length IS Low),Low,0.07942297467009593,0.1416581266901912,2986.958579317676,423.1269568473369,3232.6481142435787,0.2122641509433962,0.8,0.1212121212121212,3472.0
53,all,R10,IF (PointsAjust IS Medium) AND (TeamExp IS High) AND (Length IS Medium),Medium,0.0032750643631979186,0.005841376307139275,2564.0981151178635,14.97786197882996,3232.6481142435787,0.2122641509433962,0.8,0.1212121212121212,3472.0
53,all,R11,IF (PointsAjust IS Medium) AND (TeamExp IS High) AND (Length IS High),Medium,0.0,0.0,2564.0981151178635,0.0,3232.6481142435787,0.2122641509433962,0.8,0.1212121212121212,3472.0
53,all,R12,IF (PointsAjust IS Medium) AND (TeamExp IS Medium) AND (Length IS Low),Medium,0.02149746154494348,0.03834268539676995,2564.0981151178635,98.31440735441507,3232.6481142435787,0.2122641509433962,0.8,0.1212121212121212,3472.0
53,all,R13,IF (PointsAjust IS Medium) AND (TeamExp IS Medium) AND (Length IS Medium),Medium,0.0008864635264230532,0.001581088634036664,2564.0981151178635,4.054066386367688,3232.6481142435787,0.2122641509433962,0.8,0.1212121212121212,3472.0
53,all,R14,IF (PointsAjust IS Medium) AND (TeamExp IS Medium) AND (Length IS High),High,0.0,0.0,2444.9610686549404,0.0,3232.6481142435787,0.2122641509433962,0.8,0.1212121212121212,3472.0
53,all,R15,IF (PointsAjust IS Medium) AND (TeamExp IS Low) AND (Length IS Medium),High,0.0,0.0,2444.9610686549404,0.0,3232.6481142435787,0.2122641509433962,0.8,0.1212121212121212,3472.0
53,all,R16,IF (PointsAjust IS Medium) AND (TeamExp IS Low) AND (Length IS High),High,0.0,0.0,2444.9610686549404,0.0,3232.6481142435787,0.2122641509433962,0.8,0.1212121212121212,3472.0
53,all,R17,IF (PointsAjust IS High) AND (TeamExp IS High) AND (Length IS Medium),Medium,0.0,0.0,2564.0981151178635,0.0,3232.6481142435787,0.2122641509433962,0.8,0.1212121212121212,3472.0
53,all,R18,IF (PointsAjust IS High) AND (TeamExp IS Medium) AND (Length IS Medium),High,0.0,0.0,2444.9610686549404,0.0,3232.6481142435787,0.2122641509433962,0.8,0.1212121212121212,3472.0
53,all,R19,IF (PointsAjust IS High) AND (TeamExp IS Low) AND (Length IS Medium),High,0.0,0.0,2444.9610686549404,0.0,3232.6481142435787,0.2122641509433962,0.8,0.1212121212121212,3472.0
53,all,R20,IF (PointsAjust IS High) AND (TeamExp IS Low) AND (Length IS High),Very_High,0.0,0.0,0.0,0.0,3232.6481142435787,0.2122641509433962,0.8,0.1212121212121212,3472.0
54,all,R1,IF (PointsAjust IS Low) AND (TeamExp IS High) AND (Length IS Low),Very_Low,0.0,0.0,838.8393635298723,0.0,1096.4195623057492,0.0,0.4,0.1515151515151515,1575.0
54,all,R2,IF (PointsAjust IS Low) AND (TeamExp IS High) AND (Length IS Medium),Low,0.0,0.0,993.1942988063719,0.0,1096.4195623057492,0.0,0.4,0.1515151515151515,1575.0
54,all,R3,IF (PointsAjust IS Low) AND (TeamExp IS High) AND (Length IS High),Medium,0.0,0.0,2531.4113828191203,0.0,1096.4195623057492,0.0,0.4,0.1515151515151515,1575.0
54,all,R4,IF (PointsAjust IS Low) AND (TeamExp IS Medium) AND (Length IS Low),Low,0.7946712104704688,0.9328929157189612,993.1942988063719,926.5439252889254,1096.4195623057492,0.0,0.4,0.1515151515151515,1575.0
54,all,R5,IF (PointsAjust IS Low) AND (TeamExp IS Medium) AND (Length IS Medium),Medium,0.05388374432468337,0.06325605192510861,2531.4113828191203,160.12708987541725,1096.4195623057492,0.0,0.4,0.1515151515151515,1575.0
54,all,R6,IF (PointsAjust IS Low) AND (TeamExp IS Medium) AND (Length IS High),Medium,0.0,0.0,2531.4113828191203,0.0,1096.4195623057492,0.0,0.4,0.1515151515151515,1575.0
54,all,R7,IF (PointsAjust IS Low) AND (TeamExp IS Low) AND (Length IS Medium),Medium,0.0,0.0,2531.4113828191203,0.0,1096.4195623057492,0.0,0.4,0.1515151515151515,1575.0
54,all,R8,IF (PointsAjust IS Low) AND (TeamExp IS Low) AND (Length IS High),High,0.0,0.0,1885.6822293402338,0.0,1096.4195623057492,0.0,0.4,0.1515151515151515,1575.0
54,all,R9,IF (PointsAjust IS Medium) AND (TeamExp IS High) AND (Length IS Low),Low,0.0,0.0,993.1942988063719,0.0,1096.4195623057492,0.0,0.4,0.1515151515151515,1575.0
54,all,R10,IF (PointsAjust IS Medium) AND (TeamExp IS High) AND (Length IS Medium),Medium,0.0,0.0,2531.4113828191203,0.0,1096.4195623057492,0.0,0.4,0.1515151515151515,1575.0
54,all,R11,IF (PointsAjust IS Medium) AND (TeamExp IS High) AND (Length IS High),Medium,0.0,0.0,2531.4113828191203,0.0,1096.4195623057492,0.0,0.4,0.1515151515151515,1575.0
54,all,R12,IF (PointsAjust IS Medium) AND (TeamExp IS Medium) AND (Length IS Low),Medium,0.0030721354368170198,0.0036064895108494405,2531.4113828191203,9.129508599782035,1096.4195623057492,0.0,0.4,0.1515151515151515,1575.0
54,all,R13,IF (PointsAjust IS Medium) AND (TeamExp IS Medium) AND (Length IS Medium),Medium,0.00020831025237499703,0.00024454284508081505,2531.4113828191203,0.619038541624548,1096.4195623057492,0.0,0.4,0.1515151515151515,1575.0
54,all,R14,IF (PointsAjust IS Medium) AND (TeamExp IS Medium) AND (Length IS High),High,0.0,0.0,1885.6822293402338,0.0,1096.4195623057492,0.0,0.4,0.1515151515151515,1575.0
54,all,R15,IF (PointsAjust IS Medium) AND (TeamExp IS Low) AND (Length IS Medium),High,0.0,0.0,1885.6822293402338,0.0,1096.4195623057492,0.0,0.4,0.1515151515151515,1575.0
54,all,R16,IF (PointsAjust IS Medium) AND (TeamExp IS Low) AND (Length IS High),High,0.0,0.0,1885.6822293402338,0.0,1096.4195623057492,0.0,0.4,0.1515151515151515,1575.0
54,all,R17,IF (PointsAjust IS High) AND (TeamExp IS High) AND (Length IS Medium),Medium,0.0,0.0,2531.4113828191203,0.0,1096.4195623057492,0.0,0.4,0.1515151515151515,1575.0
54,all,R18,IF (PointsAjust IS High) AND (TeamExp IS Medium) AND (Length IS Medium),High,0.0,0.0,1885.6822293402338,0.0,1096.4195623057492,0.0,0.4,0.1515151515151515,1575.0
54,all,R19,IF (PointsAjust IS High) AND (TeamExp IS Low) AND (Length IS Medium),High,0.0,0.0,1885.6822293402338,0.0,1096.4195623057492,0.0,0.4,0.1515151515151515,1575.0
54,all,R20,IF (PointsAjust IS High) AND (TeamExp IS Low) AND (Length IS High),Very_High,0.0,0.0,0.0,0.0,1096.4195623057492,0.0,0.4,0.1515151515151515,1575.0
55,all,R1,IF (PointsAjust IS Low) AND (TeamExp IS High) AND (Length IS Low),Very_Low,0.0,0.0,4411.361888408314,0.0,4467.8843715760995,0.2248427672955975,0.4,0.3333333333333333,2926.0
55,all,R2,IF (PointsAjust IS Low) AND (TeamExp IS High) AND (Length IS Medium),Low,0.0,0.0,1577.981080026142,0.0,4467.8843715760995,0.2248427672955975,0.4,0.3333333333333333,2926.0
55,all,R3,IF (PointsAjust IS Low) AND (TeamExp IS High) AND (Length IS High),Medium,0.0,0.0,4800.325168081198,0.0,4467.8843715760995,0.2248427672955975,0.4,0.3333333333333333,2926.0
55,all,R4,IF (PointsAjust IS Low) AND (TeamExp IS Medium) AND (Length IS Low),Low,0.04175753227999077,0.10316737983923792,1577.981080026142,162.79617346218788,4467.8843715760995,0.2248427672955975,0.4,0.3333333333333333,2926.0
55,all,R5,IF (PointsAjust IS Low) AND (TeamExp IS Medium) AND (Length IS Medium),Medium,0.2702919167465346,0.6677911102478484,4800.325168081198,3205.614473543633,4467.8843715760995,0.2248427672955975,0.4,0.3333333333333333,2926.0
55,all,R6,IF (PointsAjust IS Low) AND (TeamExp IS Medium) AND (Length IS High),Medium,0.0,0.0,4800.325168081198,0.0,4467.8843715760995,0.2248427672955975,0.4,0.3333333333333333,2926.0
55,all,R7,IF (PointsAjust IS Low) AND (TeamExp IS Low) AND (Length IS Medium),Medium,0.0,0.0,4800.325168081198,0.0,4467.8843715760995,0.2248427672955975,0.4,0.3333333333333333,2926.0
55,all,R8,IF (PointsAjust IS Low) AND (TeamExp IS Low) AND (Length IS High),High,0.0,0.0,2169.932686898314,0.0,4467.8843715760995,0.2248427672955975,0.4,0.3333333333333333,2926.0
55,all,R9,IF (PointsAjust IS Medium) AND (TeamExp IS High) AND (Length IS Low),Low,0.0,0.0,1577.981080026142,0.0,4467.8843715760995,0.2248427672955975,0.4,0.3333333333333333,2926.0
55,all,R10,IF (PointsAjust IS Medium) AND (TeamExp IS High) AND (Length IS Medium),Medium,0.0,0.0,4800.325168081198,0.0,4467.8843715760995,0.2248427672955975,0.4,0.3333333333333333,2926.0
55,all,R11,IF (PointsAjust IS Medium) AND (TeamExp IS High) AND (Length IS High),Medium,0.0,0.0,4800.325168081198,0.0,4467.8843715760995,0.2248427672955975,0.4,0.3333333333333333,2926.0
55,all,R12,IF (PointsAjust IS Medium) AND (TeamExp IS Medium) AND (Length IS Low),Medium,0.012405607262416893,0.030649655923069192,4800.325168081198,147.12831472053801,4467.8843715760995,0.2248427672955975,0.4,0.3333333333333333,2926.0
55,all,R13,IF (PointsAjust IS Medium) AND (TeamExp IS Medium) AND (Length IS Medium),Medium,0.08030013227027152,0.19839185398984455,4800.325168081198,952.345409849741,4467.8843715760995,0.2248427672955975,0.4,0.3333333333333333,2926.0
55,all,R14,IF (PointsAjust IS Medium) AND (TeamExp IS Medium) AND (Length IS High),High,0.0,0.0,2169.932686898314,0.0,4467.8843715760995,0.2248427672955975,0.4,0.3333333333333333,2926.0
55,all,R15,IF (PointsAjust IS Medium) AND (TeamExp IS Low) AND (Length IS Medium),High,0.0,0.0,2169.932686898314,0.0,4467.8843715760995,0.2248427672955975,0.4,0.3333333333333333,2926.0
55,all,R16,IF (PointsAjust IS Medium) AND (TeamExp IS Low) AND (Length IS High),High,0.0,0.0,2169.932686898314,0.0,4467.8843715760995,0.2248427672955975,0.4,0.3333333333333333,2926.0
55,all,R17,IF (PointsAjust IS High) AND (TeamExp IS High) AND (Length IS Medium),Medium,0.0,0.0,4800.325168081198,0.0,4467.8843715760995,0.2248427672955975,0.4,0.3333333333333333,2926.0
55,all,R18,IF (PointsAjust IS High) AND (TeamExp IS Medium) AND (Length IS Medium),High,0.0,0.0,2169.932686898314,0.0,4467.8843715760995,0.2248427672955975,0.4,0.3333333333333333,2926.0
55,all,R19,IF (PointsAjust IS High) AND (TeamExp IS Low) AND (Length IS Medium),High,0.0,0.0,2169.932686898314,0.0,4467.8843715760995,0.2248427672955975,0.4,0.3333333333333333,2926.0
55,all,R20,IF (PointsAjust IS High) AND (TeamExp IS Low) AND (Length IS High),Very_High,0.0,0.0,0.0,0.0,4467.8843715760995,0.2248427672955975,0.4,0.3333333333333333,2926.0
56,all,R1,IF (PointsAjust IS Low) AND (TeamExp IS High) AND (Length IS Low),Very_Low,0.4962121212121214,0.7208853614707745,2094.5094456359216,1509.9011988212028,2248.6617432863804,0.0864779874213836,0.8,0.1515151515151515,1876.0
56,all,R2,IF (PointsAjust IS Low) AND (TeamExp IS High) AND (Length IS Medium),Low,0.03364632657872832,0.04888059614227294,2669.934689844721,130.50799930054458,2248.6617432863804,0.0864779874213836,0.8,0.1515151515151515,1876.0
56,all,R3,IF (PointsAjust IS Low) AND (TeamExp IS High) AND (Length IS High),Medium,0.0,0.0,2329.8075722789263,0.0,2248.6617432863804,0.0864779874213836,0.8,0.1515151515151515,1876.0
56,all,R4,IF (PointsAjust IS Low) AND (TeamExp IS Medium) AND (Length IS Low),Low,0.13431001593936556,0.19512244915155022,2669.934689844721,520.9641957571866,2248.6617432863804,0.0864779874213836,0.8,0.1515151515151515,1876.0
56,all,R5,IF (PointsAjust IS Low) AND (TeamExp IS Medium) AND (Length IS Medium),Medium,0.009107070274807528,0.013230538647377962,2329.8075722789263,30.824609125990158,2248.6617432863804,0.0864779874213836,0.8,0.1515151515151515,1876.0
56,all,R6,IF (PointsAjust IS Low) AND (TeamExp IS Medium) AND (Length IS High),Medium,0.0,0.0,2329.8075722789263,0.0,2248.6617432863804,0.0864779874213836,0.8,0.1515151515151515,1876.0
56,all,R7,IF (PointsAjust IS Low) AND (TeamExp IS Low) AND (Length IS Medium),Medium,0.0,0.0,2329.8075722789263,0.0,2248.6617432863804,0.0864779874213836,0.8,0.1515151515151515,1876.0
56,all,R8,IF (PointsAjust IS Low) AND (TeamExp IS Low) AND (Length IS High),High,0.0,0.0,1386.2534289562636,0.0,2248.6617432863804,0.0864779874213836,0.8,0.1515151515151515,1876.0
56,all,R9,IF (PointsAjust IS Medium) AND (TeamExp IS High) AND (Length IS Low),Low,0.011100535944438434,0.016126598937725323,2669.934689844721,43.05696593304587,2248.6617432863804,0.0864779874213836,0.8,0.1515151515151515,1876.0
56,all,R10,IF (PointsAjust IS Medium) AND (TeamExp IS High) AND (Length IS Medium),Medium,0.0007526866870425097,0.0010934856108259549,2329.8075722789263,2.5476110562803567,2248.6617432863804,0.0864779874213836,0.8,0.1515151515151515,1876.0
56,all,R11,IF (PointsAjust IS Medium) AND (TeamExp IS High) AND (Length IS High),Medium,0.0,0.0,2329.8075722789263,0.0,2248.6617432863804,0.0864779874213836,0.8,0.1515151515151515,1876.0
56,all,R12,IF (PointsAjust IS Medium) AND (TeamExp IS Medium) AND (Length IS Low),Medium,0.0030045883522375485,0.0043649956697606246,2329.8075722789263,10.169599964373026,2248.6617432863804,0.0864779874213836,0.8,0.1515151515151515,1876.0
56,all,R13,IF (PointsAjust IS Medium) AND (TeamExp IS Medium) AND (Length IS Medium),Medium,0.00020373013195865128,0.0002959743697125819,2329.8075722789263,0.6895633277568558,2248.6617432863804,0.0864779874213836,0.8,0.1515151515151515,1876.0
56,all,R14,IF (PointsAjust IS Medium) AND (TeamExp IS Medium) AND (Length IS High),High,0.0,0.0,1386.2534289562636,0.0,2248.6617432863804,0.0864779874213836,0.8,0.1515151515151515,1876.0
56,all,R15,IF (PointsAjust IS Medium) AND (TeamExp IS Low) AND (Length IS Medium),High,0.0,0.0,1386.2534289562636,0.0,2248.6617432863804,0.0864779874213836,0.8,0.1515151515151515,1876.0
56,all,R16,IF (PointsAjust IS Medium) AND (TeamExp IS Low) AND (Length IS High),High,0.0,0.0,1386.2534289562636,0.0,2248.6617432863804,0.0864779874213836,0.8,0.1515151515151515,1876.0
56,all,R17,IF (PointsAjust IS High) AND (TeamExp IS High) AND (Length IS Medium),Medium,0.0,0.0,2329.8075722789263,0.0,2248.6617432863804,0.0864779874213836,0.8,0.1515151515151515,1876.0
56,all,R18,IF (PointsAjust IS High) AND (TeamExp IS Medium) AND (Length IS Medium),High,0.0,0.0,1386.2534289562636,0.0,2248.6617432863804,0.0864779874213836,0.8,0.1515151515151515,1876.0
56,all,R19,IF (PointsAjust IS High) AND (TeamExp IS Low) AND (Length IS Medium),High,0.0,0.0,1386.2534289562636,0.0,2248.6617432863804,0.0864779874213836,0.8,0.1515151515151515,1876.0
56,all,R20,IF (PointsAjust IS High) AND (TeamExp IS Low) AND (Length IS High),Very_High,0.0,0.0,0.0,0.0,2248.6617432863804,0.0864779874213836,0.8,0.1515151515151515,1876.0
57,all,R1,IF (PointsAjust IS Low) AND (TeamExp IS High) AND (Length IS Low),Very_Low,0.0,0.0,2130.496993186029,0.0,1416.2256195031132,0.1226415094339622,0.4,0.1212121212121212,2520.0
57,all,R2,IF (PointsAjust IS Low) AND (TeamExp IS High) AND (Length IS Medium),Low,0.0,0.0,1302.234463983797,0.0,1416.2256195031132,0.1226415094339622,0.4,0.1212121212121212,2520.0
57,all,R3,IF (PointsAjust IS Low) AND (TeamExp IS High) AND (Length IS High),Medium,0.0,0.0,2753.9052738368828,0.0,1416.2256195031132,0.1226415094339622,0.4,0.1212121212121212,2520.0
57,all,R4,IF (PointsAjust IS Low) AND (TeamExp IS Medium) AND (Length IS Low),Low,0.8007374029168082,0.9214758919545591,1302.234463983797,1199.9776642334366,1416.2256195031132,0.1226415094339622,0.4,0.1212121212121212,2520.0
57,all,R5,IF (PointsAjust IS Low) AND (TeamExp IS Medium) AND (Length IS Medium),Medium,0.03301899158858745,0.0379977313594964,2753.9052738368828,104.64215278475423,1416.2256195031132,0.1226415094339622,0.4,0.1212121212121212,2520.0
57,all,R6,IF (PointsAjust IS Low) AND (TeamExp IS Medium) AND (Length IS High),Medium,0.0,0.0,2753.9052738368828,0.0,1416.2256195031132,0.1226415094339622,0.4,0.1212121212121212,2520.0
57,all,R7,IF (PointsAjust IS Low) AND (TeamExp IS Low) AND (Length IS Medium),Medium,0.0,0.0,2753.9052738368828,0.0,1416.2256195031132,0.1226415094339622,0.4,0.1212121212121212,2520.0
57,all,R8,IF (PointsAjust IS Low) AND (TeamExp IS Low) AND (Length IS High),High,0.0,0.0,2923.0849050076094,0.0,1416.2256195031132,0.1226415094339622,0.4,0.1212121212121212,2520.0
57,all,R9,IF (PointsAjust IS Medium) AND (TeamExp IS High) AND (Length IS Low),Low,0.0,0.0,1302.234463983797,0.0,1416.2256195031132,0.1226415094339622,0.4,0.1212121212121212,2520.0
57,all,R10,IF (PointsAjust IS Medium) AND (TeamExp IS High) AND (Length IS Medium),Medium,0.0,0.0,2753.9052738368828,0.0,1416.2256195031132,0.1226415094339622,0.4,0.1212121212121212,2520.0
57,all,R11,IF (PointsAjust IS Medium) AND (TeamExp IS High) AND (Length IS High),Medium,0.0,0.0,2753.9052738368828,0.0,1416.2256195031132,0.1226415094339622,0.4,0.1212121212121212,2520.0
57,all,R12,IF (PointsAjust IS Medium) AND (TeamExp IS Medium) AND (Length IS Low),Medium,0.03382165473715115,0.03892142336897112,2753.9052738368828,107.18591308104766,1416.2256195031132,0.1226415094339622,0.4,0.1212121212121212,2520.0
57,all,R13,IF (PointsAjust IS Medium) AND (TeamExp IS Medium) AND (Length IS Medium),Medium,0.0013946606330741454,0.001604953316973289,2753.9052738368828,4.419889403874739,1416.2256195031132,0.1226415094339622,0.4,0.1212121212121212,2520.0
57,all,R14,IF (PointsAjust IS Medium) AND (TeamExp IS Medium) AND (Length IS High),High,0.0,0.0,2923.0849050076094,0.0,1416.2256195031132,0.1226415094339622,0.4,0.1212121212121212,2520.0
57,all,R15,IF (PointsAjust IS Medium) AND (TeamExp IS Low) AND (Length IS Medium),High,0.0,0.0,2923.0849050076094,0.0,1416.2256195031132,0.1226415094339622,0.4,0.1212121212121212,2520.0
57,all,R16,IF (PointsAjust IS Medium) AND (TeamExp IS Low) AND (Length IS High),High,0.0,0.0,2923.0849050076094,0.0,1416.2256195031132,0.1226415094339622,0.4,0.1212121212121212,2520.0
57,all,R17,IF (PointsAjust IS High) AND (TeamExp IS High) AND (Length IS Medium),Medium,0.0,0.0,2753.9052738368828,0.0,1416.2256195031132,0.1226415094339622,0.4,0.1212121212121212,2520.0
57,all,R18,IF (PointsAjust IS High) AND (TeamExp IS Medium) AND (Length IS Medium),High,0.0,0.0,2923.0849050076094,0.0,1416.2256195031132,0.1226415094339622,0.4,0.1212121212121212,2520.0
57,all,R19,IF (PointsAjust IS High) AND (TeamExp IS Low) AND (Length IS Medium),High,0.0,0.0,2923.0849050076094,0.0,1416.2256195031132,0.1226415094339622,0.4,0.1212121212121212,2520.0
57,all,R20,IF (PointsAjust IS High) AND (TeamExp IS Low) AND (Length IS High),Very_High,0.0,0.0,0.0,0.0,1416.2256195031132,0.1226415094339622,0.4,0.1212121212121212,2520.0
58,all,R1,IF (PointsAjust IS Low) AND (TeamExp IS High) AND (Length IS Low),Very_Low,0.0,0.0,3214.963569764446,0.0,3405.9986848300073,0.080188679245283,1.0,0.3636363636363636,1603.0
58,all,R2,IF (PointsAjust IS Low) AND (TeamExp IS High) AND (Length IS Medium),Low,0.6615146556493745,0.9767017776945186,3398.836804146932,3319.649948703865,3405.9986848300073,0.080188679245283,1.0,0.3636363636363636,1603.0
58,all,R3,IF (PointsAjust IS Low) AND (TeamExp IS High) AND (Length IS High),Medium,0.0,0.0,3706.2371108814996,0.0,3405.9986848300073,0.080188679245283,1.0,0.3636363636363636,1603.0
58,all,R4,IF (PointsAjust IS Low) AND (TeamExp IS Medium) AND (Length IS Low),Low,0.0,0.0,3398.836804146932,0.0,3405.9986848300073,0.080188679245283,1.0,0.3636363636363636,1603.0
58,all,R5,IF (PointsAjust IS Low) AND (TeamExp IS Medium) AND (Length IS Medium),Medium,0.002557362829831336,0.0037758510726481325,3706.2371108814996,13.994199370610225,3405.9986848300073,0.080188679245283,1.0,0.3636363636363636,1603.0
58,all,R6,IF (PointsAjust IS Low) AND (TeamExp IS Medium) AND (Length IS High),Medium,0.0,0.0,3706.2371108814996,0.0,3405.9986848300073,0.080188679245283,1.0,0.3636363636363636,1603.0
58,all,R7,IF (PointsAjust IS Low) AND (TeamExp IS Low) AND (Length IS Medium),Medium,0.0,0.0,3706.2371108814996,0.0,3405.9986848300073,0.080188679245283,1.0,0.3636363636363636,1603.0
58,all,R8,IF (PointsAjust IS Low) AND (TeamExp IS Low) AND (Length IS High),High,0.0,0.0,-644.5777038552715,-0.0,3405.9986848300073,0.080188679245283,1.0,0.3636363636363636,1603.0
58,all,R9,IF (PointsAjust IS Medium) AND (TeamExp IS High) AND (Length IS Low),Low,0.0,0.0,3398.836804146932,0.0,3405.9986848300073,0.080188679245283,1.0,0.3636363636363636,1603.0
58,all,R10,IF (PointsAjust IS Medium) AND (TeamExp IS High) AND (Length IS Medium),Medium,0.013171473070512689,0.019447189949551025,3706.2371108814996,72.07589709338772,3405.9986848300073,0.080188679245283,1.0,0.3636363636363636,1603.0
58,all,R11,IF (PointsAjust IS Medium) AND (TeamExp IS High) AND (Length IS High),Medium,0.0,0.0,3706.2371108814996,0.0,3405.9986848300073,0.080188679245283,1.0,0.3636363636363636,1603.0
58,all,R12,IF (PointsAjust IS Medium) AND (TeamExp IS Medium) AND (Length IS Low),Medium,0.0,0.0,3706.2371108814996,0.0,3405.9986848300073,0.080188679245283,1.0,0.3636363636363636,1603.0
58,all,R13,IF (PointsAjust IS Medium) AND (TeamExp IS Medium) AND (Length IS Medium),Medium,5.091986300981875e-05,7.518128328212249e-05,3706.2371108814996,0.27863966214389724,3405.9986848300073,0.080188679245283,1.0,0.3636363636363636,1603.0
58,all,R14,IF (PointsAjust IS Medium) AND (TeamExp IS Medium) AND (Length IS High),High,0.0,0.0,-644.5777038552715,-0.0,3405.9986848300073,0.080188679245283,1.0,0.3636363636363636,1603.0
58,all,R15,IF (PointsAjust IS Medium) AND (TeamExp IS Low) AND (Length IS Medium),High,0.0,0.0,-644.5777038552715,-0.0,3405.9986848300073,0.080188679245283,1.0,0.3636363636363636,1603.0
58,all,R16,IF (PointsAjust IS Medium) AND (TeamExp IS Low) AND (Length IS High),High,0.0,0.0,-644.5777038552715,-0.0,3405.9986848300073,0.080188679245283,1.0,0.3636363636363636,1603.0
58,all,R17,IF (PointsAjust IS High) AND (TeamExp IS High) AND (Length IS Medium),Medium,0.0,0.0,3706.2371108814996,0.0,3405.9986848300073,0.080188679245283,1.0,0.3636363636363636,1603.0
58,all,R18,IF (PointsAjust IS High) AND (TeamExp IS Medium) AND (Length IS Medium),High,0.0,0.0,-644.5777038552715,-0.0,3405.9986848300073,0.080188679245283,1.0,0.3636363636363636,1603.0
58,all,R19,IF (PointsAjust IS High) AND (TeamExp IS Low) AND (Length IS Medium),High,0.0,0.0,-644.5777038552715,-0.0,3405.9986848300073,0.080188679245283,1.0,0.3636363636363636,1603.0
58,all,R20,IF (PointsAjust IS High) AND (TeamExp IS Low) AND (Length IS High),Very_High,0.0,0.0,0.0,0.0,3405.9986848300073,0.080188679245283,1.0,0.3636363636363636,1603.0
59,all,R1,IF (PointsAjust IS Low) AND (TeamExp IS High) AND (Length IS Low),Very_Low,0.0,0.0,5389.976308119233,0.0,4357.279076359588,0.360062893081761,0.4,0.2121212121212121,3626.0
59,all,R2,IF (PointsAjust IS Low) AND (TeamExp IS High) AND (Length IS Medium),Low,0.0,0.0,1911.980895340988,0.0,4357.279076359588,0.360062893081761,0.4,0.2121212121212121,3626.0
59,all,R3,IF (PointsAjust IS Low) AND (TeamExp IS High) AND (Length IS High),Medium,0.0,0.0,4357.2790763595885,0.0,4357.279076359588,0.360062893081761,0.4,0.2121212121212121,3626.0
59,all,R4,IF (PointsAjust IS Low) AND (TeamExp IS Medium) AND (Length IS Low),Low,0.0,0.0,1911.980895340988,0.0,4357.279076359588,0.360062893081761,0.4,0.2121212121212121,3626.0
59,all,R5,IF (PointsAjust IS Low) AND (TeamExp IS Medium) AND (Length IS Medium),Medium,0.0,0.0,4357.2790763595885,0.0,4357.279076359588,0.360062893081761,0.4,0.2121212121212121,3626.0
59,all,R6,IF (PointsAjust IS Low) AND (TeamExp IS Medium) AND (Length IS High),Medium,0.0,0.0,4357.2790763595885,0.0,4357.279076359588,0.360062893081761,0.4,0.2121212121212121,3626.0
59,all,R7,IF (PointsAjust IS Low) AND (TeamExp IS Low) AND (Length IS Medium),Medium,0.0,0.0,4357.2790763595885,0.0,4357.279076359588,0.360062893081761,0.4,0.2121212121212121,3626.0
59,all,R8,IF (PointsAjust IS Low) AND (TeamExp IS Low) AND (Length IS High),High,0.0,0.0,3912.0824540308486,0.0,4357.279076359588,0.360062893081761,0.4,0.2121212121212121,3626.0
59,all,R9,IF (PointsAjust IS Medium) AND (TeamExp IS High) AND (Length IS Low),Low,0.0,0.0,1911.980895340988,0.0,4357.279076359588,0.360062893081761,0.4,0.2121212121212121,3626.0
59,all,R10,IF (PointsAjust IS Medium) AND (TeamExp IS High) AND (Length IS Medium),Medium,0.0,0.0,4357.2790763595885,0.0,4357.279076359588,0.360062893081761,0.4,0.2121212121212121,3626.0
59,all,R11,IF (PointsAjust IS Medium) AND (TeamExp IS High) AND (Length IS High),Medium,0.0,0.0,4357.2790763595885,0.0,4357.279076359588,0.360062893081761,0.4,0.2121212121212121,3626.0
59,all,R12,IF (PointsAjust IS Medium) AND (TeamExp IS Medium) AND (Length IS Low),Medium,0.3572466115551704,0.8130127554586165,4357.2790763595885,3542.5234681732845,4357.279076359588,0.360062893081761,0.4,0.2121212121212121,3626.0
59,all,R13,IF (PointsAjust IS Medium) AND (TeamExp IS Medium) AND (Length IS Medium),Medium,0.08216422075538701,0.18698724454138338,4357.2790763595885,814.7556081863034,4357.279076359588,0.360062893081761,0.4,0.2121212121212121,3626.0
59,all,R14,IF (PointsAjust IS Medium) AND (TeamExp IS Medium) AND (Length IS High),High,0.0,0.0,3912.0824540308486,0.0,4357.279076359588,0.360062893081761,0.4,0.2121212121212121,3626.0
59,all,R15,IF (PointsAjust IS Medium) AND (TeamExp IS Low) AND (Length IS Medium),High,0.0,0.0,3912.0824540308486,0.0,4357.279076359588,0.360062893081761,0.4,0.2121212121212121,3626.0
59,all,R16,IF (PointsAjust IS Medium) AND (TeamExp IS Low) AND (Length IS High),High,0.0,0.0,3912.0824540308486,0.0,4357.279076359588,0.360062893081761,0.4,0.2121212121212121,3626.0
59,all,R17,IF (PointsAjust IS High) AND (TeamExp IS High) AND (Length IS Medium),Medium,0.0,0.0,4357.2790763595885,0.0,4357.279076359588,0.360062893081761,0.4,0.2121212121212121,3626.0
59,all,R18,IF (PointsAjust IS High) AND (TeamExp IS Medium) AND (Length IS Medium),High,0.0,0.0,3912.0824540308486,0.0,4357.279076359588,0.360062893081761,0.4,0.2121212121212121,3626.0
59,all,R19,IF (PointsAjust IS High) AND (TeamExp IS Low) AND (Length IS Medium),High,0.0,0.0,3912.0824540308486,0.0,4357.279076359588,0.360062893081761,0.4,0.2121212121212121,3626.0
59,all,R20,IF (PointsAjust IS High) AND (TeamExp IS Low) AND (Length IS High),Very_High,0.0,0.0,0.0,0.0,4357.279076359588,0.360062893081761,0.4,0.2121212121212121,3626.0
60,all,R1,IF (PointsAjust IS Low) AND (TeamExp IS High) AND (Length IS Low),Very_Low,0.0,0.0,6149.294136279671,0.0,4675.59413495496,0.3883647798742138,0.6,0.2727272727272727,6783.0
60,all,R2,IF (PointsAjust IS Low) AND (TeamExp IS High) AND (Length IS Medium),Low,0.0,0.0,2717.0785651528613,0.0,4675.59413495496,0.3883647798742138,0.6,0.2727272727272727,6783.0
60,all,R3,IF (PointsAjust IS Low) AND (TeamExp IS High) AND (Length IS High),Medium,0.0,0.0,4675.59413495496,0.0,4675.59413495496,0.3883647798742138,0.6,0.2727272727272727,6783.0
60,all,R4,IF (PointsAjust IS Low) AND (TeamExp IS Medium) AND (Length IS Low),Low,0.0,0.0,2717.0785651528613,0.0,4675.59413495496,0.3883647798742138,0.6,0.2727272727272727,6783.0
60,all,R5,IF (PointsAjust IS Low) AND (TeamExp IS Medium) AND (Length IS Medium),Medium,0.0,0.0,4675.59413495496,0.0,4675.59413495496,0.3883647798742138,0.6,0.2727272727272727,6783.0
60,all,R6,IF (PointsAjust IS Low) AND (TeamExp IS Medium) AND (Length IS High),Medium,0.0,0.0,4675.59413495496,0.0,4675.59413495496,0.3883647798742138,0.6,0.2727272727272727,6783.0
60,all,R7,IF (PointsAjust IS Low) AND (TeamExp IS Low) AND (Length IS Medium),Medium,0.0,0.0,4675.59413495496,0.0,4675.59413495496,0.3883647798742138,0.6,0.2727272727272727,6783.0
60,all,R8,IF (PointsAjust IS Low) AND (TeamExp IS Low) AND (Length IS High),High,0.0,0.0,3148.151317796882,0.0,4675.59413495496,0.3883647798742138,0.6,0.2727272727272727,6783.0
60,all,R9,IF (PointsAjust IS Medium) AND (TeamExp IS High) AND (Length IS Low),Low,0.0,0.0,2717.0785651528613,0.0,4675.59413495496,0.3883647798742138,0.6,0.2727272727272727,6783.0
60,all,R10,IF (PointsAjust IS Medium) AND (TeamExp IS High) AND (Length IS Medium),Medium,0.0,0.0,4675.59413495496,0.0,4675.59413495496,0.3883647798742138,0.6,0.2727272727272727,6783.0
60,all,R11,IF (PointsAjust IS Medium) AND (TeamExp IS High) AND (Length IS High),Medium,0.0,0.0,4675.59413495496,0.0,4675.59413495496,0.3883647798742138,0.6,0.2727272727272727,6783.0
60,all,R12,IF (PointsAjust IS Medium) AND (TeamExp IS Medium) AND (Length IS Low),Medium,0.23453716172557887,0.5490581021668389,4675.59413495496,2567.1728422407737,4675.59413495496,0.3883647798742138,0.6,0.2727272727272727,6783.0
60,all,R13,IF (PointsAjust IS Medium) AND (TeamExp IS Medium) AND (Length IS Medium),Medium,0.19262557533264146,0.45094189783316113,4675.59413495496,2108.421292714187,4675.59413495496,0.3883647798742138,0.6,0.2727272727272727,6783.0
60,all,R14,IF (PointsAjust IS Medium) AND (TeamExp IS Medium) AND (Length IS High),High,0.0,0.0,3148.151317796882,0.0,4675.59413495496,0.3883647798742138,0.6,0.2727272727272727,6783.0
60,all,R15,IF (PointsAjust IS Medium) AND (TeamExp IS Low) AND (Length IS Medium),High,0.0,0.0,3148.151317796882,0.0,4675.59413495496,0.3883647798742138,0.6,0.2727272727272727,6783.0
60,all,R16,IF (PointsAjust IS Medium) AND (TeamExp IS Low) AND (Length IS High),High,0.0,0.0,3148.151317796882,0.0,4675.59413495496,0.3883647798742138,0.6,0.2727272727272727,6783.0
60,all,R17,IF (PointsAjust IS High) AND (TeamExp IS High) AND (Length IS Medium),Medium,0.0,0.0,4675.59413495496,0.0,4675.59413495496,0.3883647798742138,0.6,0.2727272727272727,6783.0
60,all,R18,IF (PointsAjust IS High) AND (TeamExp IS Medium) AND (Length IS Medium),High,0.0,0.0,3148.151317796882,0.0,4675.59413495496,0.3883647798742138,0.6,0.2727272727272727,6783.0
60,all,R19,IF (PointsAjust IS High) AND (TeamExp IS Low) AND (Length IS Medium),High,0.0,0.0,3148.151317796882,0.0,4675.59413495496,0.3883647798742138,0.6,0.2727272727272727,6783.0
60,all,R20,IF (PointsAjust IS High) AND (TeamExp IS Low) AND (Length IS High),Very_High,0.0,0.0,0.0,0.0,4675.59413495496,0.3883647798742138,0.6,0.2727272727272727,6783.0
61,all,R1,IF (PointsAjust IS Low) AND (TeamExp IS High) AND (Length IS Low),Very_Low,0.0,0.0,931.4945869571659,0.0,1118.070151370966,0.0078616352201257,0.4,0.1515151515151515,1267.0
61,all,R2,IF (PointsAjust IS Low) AND (TeamExp IS High) AND (Length IS Medium),Low,0.0,0.0,1013.153609545196,0.0,1118.070151370966,0.0078616352201257,0.4,0.1515151515151515,1267.0
61,all,R3,IF (PointsAjust IS Low) AND (TeamExp IS High) AND (Length IS High),Medium,0.0,0.0,2560.903012372055,0.0,1118.070151370966,0.0078616352201257,0.4,0.1515151515151515,1267.0
61,all,R4,IF (PointsAjust IS Low) AND (TeamExp IS Medium) AND (Length IS Low),Low,0.7946712104704688,0.9322134825998658,1013.153609545196,944.4754547627518,1118.070151370966,0.0078616352201257,0.4,0.1515151515151515,1267.0
61,all,R5,IF (PointsAjust IS Low) AND (TeamExp IS Medium) AND (Length IS Medium),Medium,0.05388374432468337,0.06320998205370433,2560.903012372055,161.87463345331494,1118.070151370966,0.0078616352201257,0.4,0.1515151515151515,1267.0
61,all,R6,IF (PointsAjust IS Low) AND (TeamExp IS Medium) AND (Length IS High),Medium,0.0,0.0,2560.903012372055,0.0,1118.070151370966,0.0078616352201257,0.4,0.1515151515151515,1267.0
61,all,R7,IF (PointsAjust IS Low) AND (TeamExp IS Low) AND (Length IS Medium),Medium,0.0,0.0,2560.903012372055,0.0,1118.070151370966,0.0078616352201257,0.4,0.1515151515151515,1267.0
61,all,R8,IF (PointsAjust IS Low) AND (TeamExp IS Low) AND (Length IS High),High,0.0,0.0,1938.9446394184852,0.0,1118.070151370966,0.0078616352201257,0.4,0.1515151515151515,1267.0
61,all,R9,IF (PointsAjust IS Medium) AND (TeamExp IS High) AND (Length IS Low),Low,0.0,0.0,1013.153609545196,0.0,1118.070151370966,0.0078616352201257,0.4,0.1515151515151515,1267.0
61,all,R10,IF (PointsAjust IS Medium) AND (TeamExp IS High) AND (Length IS Medium),Medium,0.0,0.0,2560.903012372055,0.0,1118.070151370966,0.0078616352201257,0.4,0.1515151515151515,1267.0
61,all,R11,IF (PointsAjust IS Medium) AND (TeamExp IS High) AND (Length IS High),Medium,0.0,0.0,2560.903012372055,0.0,1118.070151370966,0.0078616352201257,0.4,0.1515151515151515,1267.0
61,all,R12,IF (PointsAjust IS Medium) AND (TeamExp IS Medium) AND (Length IS Low),Medium,0.0036535615370229106,0.004285922629944846,2560.903012372055,10.975832173819315,1118.070151370966,0.0078616352201257,0.4,0.1515151515151515,1267.0
61,all,R13,IF (PointsAjust IS Medium) AND (TeamExp IS Medium) AND (Length IS Medium),Medium,0.0002477346267758817,0.0002906127164850963,2560.903012372055,0.744230981080309,1118.070151370966,0.0078616352201257,0.4,0.1515151515151515,1267.0
61,all,R14,IF (PointsAjust IS Medium) AND (TeamExp IS Medium) AND (Length IS High),High,0.0,0.0,1938.9446394184852,0.0,1118.070151370966,0.0078616352201257,0.4,0.1515151515151515,1267.0
61,all,R15,IF (PointsAjust IS Medium) AND (TeamExp IS Low) AND (Length IS Medium),High,0.0,0.0,1938.9446394184852,0.0,1118.070151370966,0.0078616352201257,0.4,0.1515151515151515,1267.0
61,all,R16,IF (PointsAjust IS Medium) AND (TeamExp IS Low) AND (Length IS High),High,0.0,0.0,1938.9446394184852,0.0,1118.070151370966,0.0078616352201257,0.4,0.1515151515151515,1267.0
61,all,R17,IF (PointsAjust IS High) AND (TeamExp IS High) AND (Length IS Medium),Medium,0.0,0.0,2560.903012372055,0.0,1118.070151370966,0.0078616352201257,0.4,0.1515151515151515,1267.0
61,all,R18,IF (PointsAjust IS High) AND (TeamExp IS Medium) AND (Length IS Medium),High,0.0,0.0,1938.9446394184852,0.0,1118.070151370966,0.0078616352201257,0.4,0.1515151515151515,1267.0
61,all,R19,IF (PointsAjust IS High) AND (TeamExp IS Low) AND (Length IS Medium),High,0.0,0.0,1938.9446394184852,0.0,1118.070151370966,0.0078616352201257,0.4,0.1515151515151515,1267.0
61,all,R20,IF (PointsAjust IS High) AND (TeamExp IS Low) AND (Length IS High),Very_High,0.0,0.0,0.0,0.0,1118.070151370966,0.0078616352201257,0.4,0.1515151515151515,1267.0
62,all,R1,IF (PointsAjust IS Low) AND (TeamExp IS High) AND (Length IS Low),Very_Low,0.0,0.0,1481.910429194968,0.0,1237.9144954255326,0.0676100628930817,0.4,0.1212121212121212,2548.0
62,all,R2,IF (PointsAjust IS Low) AND (TeamExp IS High) AND (Length IS Medium),Low,0.0,0.0,1162.5192888120273,0.0,1237.9144954255326,0.0676100628930817,0.4,0.1212121212121212,2548.0
62,all,R3,IF (PointsAjust IS Low) AND (TeamExp IS High) AND (Length IS High),Medium,0.0,0.0,2547.463866966338,0.0,1237.9144954255326,0.0676100628930817,0.4,0.1212121212121212,2548.0
62,all,R4,IF (PointsAjust IS Low) AND (TeamExp IS Medium) AND (Length IS Low),Low,0.8007374029168082,0.9455608492911804,1162.5192888120273,1099.2327260464797,1237.9144954255326,0.0676100628930817,0.4,0.1212121212121212,2548.0
62,all,R5,IF (PointsAjust IS Low) AND (TeamExp IS Medium) AND (Length IS Medium),Medium,0.03301899158858745,0.038990892164540006,2547.463866966338,99.32788892994658,1237.9144954255326,0.0676100628930817,0.4,0.1212121212121212,2548.0
62,all,R6,IF (PointsAjust IS Low) AND (TeamExp IS Medium) AND (Length IS High),Medium,0.0,0.0,2547.463866966338,0.0,1237.9144954255326,0.0676100628930817,0.4,0.1212121212121212,2548.0
62,all,R7,IF (PointsAjust IS Low) AND (TeamExp IS Low) AND (Length IS Medium),Medium,0.0,0.0,2547.463866966338,0.0,1237.9144954255326,0.0676100628930817,0.4,0.1212121212121212,2548.0
62,all,R8,IF (PointsAjust IS Low) AND (TeamExp IS Low) AND (Length IS High),High,0.0,0.0,2550.248034459849,0.0,1237.9144954255326,0.0676100628930817,0.4,0.1212121212121212,2548.0
62,all,R9,IF (PointsAjust IS Medium) AND (TeamExp IS High) AND (Length IS Low),Low,0.0,0.0,1162.5192888120273,0.0,1237.9144954255326,0.0676100628930817,0.4,0.1212121212121212,2548.0
62,all,R10,IF (PointsAjust IS Medium) AND (TeamExp IS High) AND (Length IS Medium),Medium,0.0,0.0,2547.463866966338,0.0,1237.9144954255326,0.0676100628930817,0.4,0.1212121212121212,2548.0
62,all,R11,IF (PointsAjust IS Medium) AND (TeamExp IS High) AND (Length IS High),Medium,0.0,0.0,2547.463866966338,0.0,1237.9144954255326,0.0676100628930817,0.4,0.1212121212121212,2548.0
62,all,R12,IF (PointsAjust IS Medium) AND (TeamExp IS Medium) AND (Length IS Low),Medium,0.01256409176428252,0.014836466032349907,2547.463866966338,37.79536113088482,1237.9144954255326,0.0676100628930817,0.4,0.1212121212121212,2548.0
62,all,R13,IF (PointsAjust IS Medium) AND (TeamExp IS Medium) AND (Length IS Medium),Medium,0.0005180894994687618,0.0006117925119296833,2547.463866966338,1.5585193182214407,1237.9144954255326,0.0676100628930817,0.4,0.1212121212121212,2548.0
62,all,R14,IF (PointsAjust IS Medium) AND (TeamExp IS Medium) AND (Length IS High),High,0.0,0.0,2550.248034459849,0.0,1237.9144954255326,0.0676100628930817,0.4,0.1212121212121212,2548.0
62,all,R15,IF (PointsAjust IS Medium) AND (TeamExp IS Low) AND (Length IS Medium),High,0.0,0.0,2550.248034459849,0.0,1237.9144954255326,0.0676100628930817,0.4,0.1212121212121212,2548.0
62,all,R16,IF (PointsAjust IS Medium) AND (TeamExp IS Low) AND (Length IS High),High,0.0,0.0,2550.248034459849,0.0,1237.9144954255326,0.0676100628930817,0.4,0.1212121212121212,2548.0
62,all,R17,IF (PointsAjust IS High) AND (TeamExp IS High) AND (Length IS Medium),Medium,0.0,0.0,2547.463866966338,0.0,1237.9144954255326,0.0676100628930817,0.4,0.1212121212121212,2548.0
62,all,R18,IF (PointsAjust IS High) AND (TeamExp IS Medium) AND (Length IS Medium),High,0.0,0.0,2550.248034459849,0.0,1237.9144954255326,0.0676100628930817,0.4,0.1212121212121212,2548.0
62,all,R19,IF (PointsAjust IS High) AND (TeamExp IS Low) AND (Length IS Medium),High,0.0,0.0,2550.248034459849,0.0,1237.9144954255326,0.0676100628930817,0.4,0.1212121212121212,2548.0
62,all,R20,IF (PointsAjust IS High) AND (TeamExp IS Low) AND (Length IS High),Very_High,0.0,0.0,0.0,0.0,1237.9144954255326,0.0676100628930817,0.4,0.1212121212121212,2548.0
63,all,R1,IF (PointsAjust IS Low) AND (TeamExp IS High) AND (Length IS Low),Very_Low,0.19318181818181826,0.4226462357996591,2709.5648688744673,1145.1873924847905,2755.975656524937,0.0864779874213836,0.8,0.2727272727272727,1155.0
63,all,R2,IF (PointsAjust IS Low) AND (TeamExp IS High) AND (Length IS Medium),Low,0.15866039563750772,0.3471197218133882,2679.235019237652,930.0153145504615,2755.975656524937,0.0864779874213836,0.8,0.2727272727272727,1155.0
63,all,R3,IF (PointsAjust IS Low) AND (TeamExp IS High) AND (Length IS High),Medium,0.0,0.0,3280.109692311018,0.0,2755.975656524937,0.0864779874213836,0.8,0.2727272727272727,1155.0
63,all,R4,IF (PointsAjust IS Low) AND (TeamExp IS Medium) AND (Length IS Low),Low,0.052288632159600335,0.11439789606167002,2679.235019237652,306.4988492555354,2755.975656524937,0.0864779874213836,0.8,0.2727272727272727,1155.0
63,all,R5,IF (PointsAjust IS Low) AND (TeamExp IS Medium) AND (Length IS Medium),Medium,0.04294469916407024,0.09395509173725812,3280.109692311018,308.1830070493512,2755.975656524937,0.0864779874213836,0.8,0.2727272727272727,1155.0
63,all,R6,IF (PointsAjust IS Low) AND (TeamExp IS Medium) AND (Length IS High),Medium,0.0,0.0,3280.109692311018,0.0,2755.975656524937,0.0864779874213836,0.8,0.2727272727272727,1155.0
63,all,R7,IF (PointsAjust IS Low) AND (TeamExp IS Low) AND (Length IS Medium),Medium,0.0,0.0,3280.109692311018,0.0,2755.975656524937,0.0864779874213836,0.8,0.2727272727272727,1155.0
63,all,R8,IF (PointsAjust IS Low) AND (TeamExp IS Low) AND (Length IS High),High,0.0,0.0,560.2171151696548,0.0,2755.975656524937,0.0864779874213836,0.8,0.2727272727272727,1155.0
63,all,R9,IF (PointsAjust IS Medium) AND (TeamExp IS High) AND (Length IS Low),Low,0.004321582695926413,0.009454826941380067,2679.235019237652,25.331703442177094,2755.975656524937,0.0864779874213836,0.8,0.2727272727272727,1155.0
63,all,R10,IF (PointsAjust IS Medium) AND (TeamExp IS High) AND (Length IS Medium),Medium,0.0035493196345763806,0.007765257607171205,3280.109692311018,25.470896740574133,2755.975656524937,0.0864779874213836,0.8,0.2727272727272727,1155.0
63,all,R11,IF (PointsAjust IS Medium) AND (TeamExp IS High) AND (Length IS High),Medium,0.0,0.0,3280.109692311018,0.0,2755.975656524937,0.0864779874213836,0.8,0.2727272727272727,1155.0
63,all,R12,IF (PointsAjust IS Medium) AND (TeamExp IS Medium) AND (Length IS Low),Medium,0.0011697252363672898,0.0025591433641296538,3280.109692311018,8.394270952695102,2755.975656524937,0.0864779874213836,0.8,0.2727272727272727,1155.0
63,all,R13,IF (PointsAjust IS Medium) AND (TeamExp IS Medium) AND (Length IS Medium),Medium,0.0009606963560853295,0.0021018266753435513,3280.109692311018,6.894222049352226,2755.975656524937,0.0864779874213836,0.8,0.2727272727272727,1155.0
63,all,R14,IF (PointsAjust IS Medium) AND (TeamExp IS Medium) AND (Length IS High),High,0.0,0.0,560.2171151696548,0.0,2755.975656524937,0.0864779874213836,0.8,0.2727272727272727,1155.0
63,all,R15,IF (PointsAjust IS Medium) AND (TeamExp IS Low) AND (Length IS Medium),High,0.0,0.0,560.2171151696548,0.0,2755.975656524937,0.0864779874213836,0.8,0.2727272727272727,1155.0
63,all,R16,IF (PointsAjust IS Medium) AND (TeamExp IS Low) AND (Length IS High),High,0.0,0.0,560.2171151696548,0.0,2755.975656524937,0.0864779874213836,0.8,0.2727272727272727,1155.0
63,all,R17,IF (PointsAjust IS High) AND (TeamExp IS High) AND (Length IS Medium),Medium,0.0,0.0,3280.109692311018,0.0,2755.975656524937,0.0864779874213836,0.8,0.2727272727272727,1155.0
63,all,R18,IF (PointsAjust IS High) AND (TeamExp IS Medium) AND (Length IS Medium),High,0.0,0.0,560.2171151696548,0.0,2755.975656524937,0.0864779874213836,0.8,0.2727272727272727,1155.0
63,all,R19,IF (PointsAjust IS High) AND (TeamExp IS Low) AND (Length IS Medium),High,0.0,0.0,560.2171151696548,0.0,2755.975656524937,0.0864779874213836,0.8,0.2727272727272727,1155.0
63,all,R20,IF (PointsAjust IS High) AND (TeamExp IS Low) AND (Length IS High),Very_High,0.0,0.0,0.0,0.0,2755.975656524937,0.0864779874213836,0.8,0.2727272727272727,1155.0
64,all,R1,IF (PointsAjust IS Low) AND (TeamExp IS High) AND (Length IS Low),Very_Low,0.0,0.0,1406.2567046889462,0.0,1233.913693665374,0.0581761006289308,0.2,0.1515151515151515,546.0
64,all,R2,IF (PointsAjust IS Low) AND (TeamExp IS High) AND (Length IS Medium),Low,0.0,0.0,412.2992118180298,0.0,1233.913693665374,0.0581761006289308,0.2,0.1515151515151515,546.0
64,all,R3,IF (PointsAjust IS Low) AND (TeamExp IS High) AND (Length IS High),Medium,0.0,0.0,3012.655309322078,0.0,1233.913693665374,0.0581761006289308,0.2,0.1515151515151515,546.0
64,all,R4,IF (PointsAjust IS Low) AND (TeamExp IS Medium) AND (Length IS Low),Low,0.13431001593936565,0.6837922287763513,412.2992118180298,281.9269969717835,1233.913693665374,0.0581761006289308,0.2,0.1515151515151515,546.0
64,all,R5,IF (PointsAjust IS Low) AND (TeamExp IS Medium) AND (Length IS Medium),Medium,0.009107070274807533,0.04636544666664948,3012.655309322078,139.68310906937123,1233.913693665374,0.0581761006289308,0.2,0.1515151515151515,546.0
64,all,R6,IF (PointsAjust IS Low) AND (TeamExp IS Medium) AND (Length IS High),Medium,0.0,0.0,3012.655309322078,0.0,1233.913693665374,0.0581761006289308,0.2,0.1515151515151515,546.0
64,all,R7,IF (PointsAjust IS Low) AND (TeamExp IS Low) AND (Length IS Medium),Medium,0.05046948986809246,0.25694766485388754,3012.655309322078,774.0947467399742,1233.913693665374,0.0581761006289308,0.2,0.1515151515151515,546.0
64,all,R8,IF (PointsAjust IS Low) AND (TeamExp IS Low) AND (Length IS High),High,0.0,0.0,2822.4817195416636,0.0,1233.913693665374,0.0581761006289308,0.2,0.1515151515151515,546.0
64,all,R9,IF (PointsAjust IS Medium) AND (TeamExp IS High) AND (Length IS Low),Low,0.0,0.0,412.2992118180298,0.0,1233.913693665374,0.0581761006289308,0.2,0.1515151515151515,546.0
64,all,R10,IF (PointsAjust IS Medium) AND (TeamExp IS High) AND (Length IS Medium),Medium,0.0,0.0,3012.655309322078,0.0,1233.913693665374,0.0581761006289308,0.2,0.1515151515151515,546.0
64,all,R11,IF (PointsAjust IS Medium) AND (TeamExp IS High) AND (Length IS High),Medium,0.0,0.0,3012.655309322078,0.0,1233.913693665374,0.0581761006289308,0.2,0.1515151515151515,546.0
64,all,R12,IF (PointsAjust IS Medium) AND (TeamExp IS Medium) AND (Length IS Low),Medium,0.0017545057042612593,0.008932448987715417,3012.655309322078,26.910389868089474,1233.913693665374,0.0581761006289308,0.2,0.1515151515151515,546.0
64,all,R13,IF (PointsAjust IS Medium) AND (TeamExp IS Medium) AND (Length IS Medium),Medium,0.00011896660598619415,0.0006056766510546952,3012.655309322078,1.824694978532343,1233.913693665374,0.0581761006289308,0.2,0.1515151515151515,546.0
64,all,R14,IF (PointsAjust IS Medium) AND (TeamExp IS Medium) AND (Length IS High),High,0.0,0.0,2822.4817195416636,0.0,1233.913693665374,0.0581761006289308,0.2,0.1515151515151515,546.0
64,all,R15,IF (PointsAjust IS Medium) AND (TeamExp IS Low) AND (Length IS Medium),High,0.0006592881941485256,0.003356534064341689,2822.4817195416636,9.4737560376233,1233.913693665374,0.0581761006289308,0.2,0.1515151515151515,546.0
64,all,R16,IF (PointsAjust IS Medium) AND (TeamExp IS Low) AND (Length IS High),High,0.0,0.0,2822.4817195416636,0.0,1233.913693665374,0.0581761006289308,0.2,0.1515151515151515,546.0
64,all,R17,IF (PointsAjust IS High) AND (TeamExp IS High) AND (Length IS Medium),Medium,0.0,0.0,3012.655309322078,0.0,1233.913693665374,0.0581761006289308,0.2,0.1515151515151515,546.0
64,all,R18,IF (PointsAjust IS High) AND (TeamExp IS Medium) AND (Length IS Medium),High,0.0,0.0,2822.4817195416636,0.0,1233.913693665374,0.0581761006289308,0.2,0.1515151515151515,546.0
64,all,R19,IF (PointsAjust IS High) AND (TeamExp IS Low) AND (Length IS Medium),High,0.0,0.0,2822.4817195416636,0.0,1233.913693665374,0.0581761006289308,0.2,0.1515151515151515,546.0
64,all,R20,IF (PointsAjust IS High) AND (TeamExp IS Low) AND (Length IS High),Very_High,0.0,0.0,0.0,0.0,1233.913693665374,0.0581761006289308,0.2,0.1515151515151515,546.0
65,all,R1,IF (PointsAjust IS Low) AND (TeamExp IS High) AND (Length IS Low),Very_Low,0.0,0.0,3942.115269002499,0.0,4538.961793854502,0.1619496855345912,0.6,0.3636363636363636,2275.0
65,all,R2,IF (PointsAjust IS Low) AND (TeamExp IS High) AND (Length IS Medium),Low,0.0,0.0,2149.2256629194217,0.0,4538.961793854502,0.1619496855345912,0.6,0.3636363636363636,2275.0
65,all,R3,IF (PointsAjust IS Low) AND (TeamExp IS High) AND (Length IS High),Medium,0.0,0.0,4538.961793854502,0.0,4538.961793854502,0.1619496855345912,0.6,0.3636363636363636,2275.0
65,all,R4,IF (PointsAjust IS Low) AND (TeamExp IS Medium) AND (Length IS Low),Low,0.0,0.0,2149.2256629194217,0.0,4538.961793854502,0.1619496855345912,0.6,0.3636363636363636,2275.0
65,all,R5,IF (PointsAjust IS Low) AND (TeamExp IS Medium) AND (Length IS Medium),Medium,0.4980508134574527,0.9225781921585877,4538.961793854502,4187.547166051187,4538.961793854502,0.1619496855345912,0.6,0.3636363636363636,2275.0
65,all,R6,IF (PointsAjust IS Low) AND (TeamExp IS Medium) AND (Length IS High),Medium,0.0,0.0,4538.961793854502,0.0,4538.961793854502,0.1619496855345912,0.6,0.3636363636363636,2275.0
65,all,R7,IF (PointsAjust IS Low) AND (TeamExp IS Low) AND (Length IS Medium),Medium,0.0,0.0,4538.961793854502,0.0,4538.961793854502,0.1619496855345912,0.6,0.3636363636363636,2275.0
65,all,R8,IF (PointsAjust IS Low) AND (TeamExp IS Low) AND (Length IS High),High,0.0,0.0,994.6666722032815,0.0,4538.961793854502,0.1619496855345912,0.6,0.3636363636363636,2275.0
65,all,R9,IF (PointsAjust IS Medium) AND (TeamExp IS High) AND (Length IS Low),Low,0.0,0.0,2149.2256629194217,0.0,4538.961793854502,0.1619496855345912,0.6,0.3636363636363636,2275.0
65,all,R10,IF (PointsAjust IS Medium) AND (TeamExp IS High) AND (Length IS Medium),Medium,0.0,0.0,4538.961793854502,0.0,4538.961793854502,0.1619496855345912,0.6,0.3636363636363636,2275.0
65,all,R11,IF (PointsAjust IS Medium) AND (TeamExp IS High) AND (Length IS High),Medium,0.0,0.0,4538.961793854502,0.0,4538.961793854502,0.1619496855345912,0.6,0.3636363636363636,2275.0
65,all,R12,IF (PointsAjust IS Medium) AND (TeamExp IS Medium) AND (Length IS Low),Medium,0.0,0.0,4538.961793854502,0.0,4538.961793854502,0.1619496855345912,0.6,0.3636363636363636,2275.0
65,all,R13,IF (PointsAjust IS Medium) AND (TeamExp IS Medium) AND (Length IS Medium),Medium,0.04179590922753318,0.07742180784141231,4538.961793854502,351.41462780331534,4538.961793854502,0.1619496855345912,0.6,0.3636363636363636,2275.0
65,all,R14,IF (PointsAjust IS Medium) AND (TeamExp IS Medium) AND (Length IS High),High,0.0,0.0,994.6666722032815,0.0,4538.961793854502,0.1619496855345912,0.6,0.3636363636363636,2275.0
65,all,R15,IF (PointsAjust IS Medium) AND (TeamExp IS Low) AND (Length IS Medium),High,0.0,0.0,994.6666722032815,0.0,4538.961793854502,0.1619496855345912,0.6,0.3636363636363636,2275.0
65,all,R16,IF (PointsAjust IS Medium) AND (TeamExp IS Low) AND (Length IS High),High,0.0,0.0,994.6666722032815,0.0,4538.961793854502,0.1619496855345912,0.6,0.3636363636363636,2275.0
65,all,R17,IF (PointsAjust IS High) AND (TeamExp IS High) AND (Length IS Medium),Medium,0.0,0.0,4538.961793854502,0.0,4538.961793854502,0.1619496855345912,0.6,0.3636363636363636,2275.0
65,all,R18,IF (PointsAjust IS High) AND (TeamExp IS Medium) AND (Length IS Medium),High,0.0,0.0,994.6666722032815,0.0,4538.961793854502,0.1619496855345912,0.6,0.3636363636363636,2275.0
65,all,R19,IF (PointsAjust IS High) AND (TeamExp IS Low) AND (Length IS Medium),High,0.0,0.0,994.6666722032815,0.0,4538.961793854502,0.1619496855345912,0.6,0.3636363636363636,2275.0
65,all,R20,IF (PointsAjust IS High) AND (TeamExp IS Low) AND (Length IS High),Very_High,0.0,0.0,0.0,0.0,4538.961793854502,0.1619496855345912,0.6,0.3636363636363636,2275.0
66,all,R1,IF (PointsAjust IS Low) AND (TeamExp IS High) AND (Length IS Low),Very_Low,0.0,0.0,15072.409467953854,0.0,9904.108061611307,0.9166666666666666,1.0,0.7575757575757576,9100.0
66,all,R2,IF (PointsAjust IS Low) AND (TeamExp IS High) AND (Length IS Medium),Low,0.0,0.0,5552.733537284859,0.0,9904.108061611307,0.9166666666666666,1.0,0.7575757575757576,9100.0
66,all,R3,IF (PointsAjust IS Low) AND (TeamExp IS High) AND (Length IS High),Medium,0.0,0.0,9932.628385418078,0.0,9904.108061611307,0.9166666666666666,1.0,0.7575757575757576,9100.0
66,all,R4,IF (PointsAjust IS Low) AND (TeamExp IS Medium) AND (Length IS Low),Low,0.0,0.0,5552.733537284859,0.0,9904.108061611307,0.9166666666666666,1.0,0.7575757575757576,9100.0
66,all,R5,IF (PointsAjust IS Low) AND (TeamExp IS Medium) AND (Length IS Medium),Medium,0.0,0.0,9932.628385418078,0.0,9904.108061611307,0.9166666666666666,1.0,0.7575757575757576,9100.0
66,all,R6,IF (PointsAjust IS Low) AND (TeamExp IS Medium) AND (Length IS High),Medium,0.0,0.0,9932.628385418078,0.0,9904.108061611307,0.9166666666666666,1.0,0.7575757575757576,9100.0
66,all,R7,IF (PointsAjust IS Low) AND (TeamExp IS Low) AND (Length IS Medium),Medium,0.0,0.0,9932.628385418078,0.0,9904.108061611307,0.9166666666666666,1.0,0.7575757575757576,9100.0
66,all,R8,IF (PointsAjust IS Low) AND (TeamExp IS Low) AND (Length IS High),High,0.0,0.0,2337.92470866421,0.0,9904.108061611307,0.9166666666666666,1.0,0.7575757575757576,9100.0
66,all,R9,IF (PointsAjust IS Medium) AND (TeamExp IS High) AND (Length IS Low),Low,0.0,0.0,5552.733537284859,0.0,9904.108061611307,0.9166666666666666,1.0,0.7575757575757576,9100.0
66,all,R10,IF (PointsAjust IS Medium) AND (TeamExp IS High) AND (Length IS Medium),Medium,0.004832631940632381,0.02476542779839515,9932.628385418078,245.98579112736164,9904.108061611307,0.9166666666666666,1.0,0.7575757575757576,9100.0
66,all,R11,IF (PointsAjust IS Medium) AND (TeamExp IS High) AND (Length IS High),Medium,0.008315925269627999,0.04261600084008724,9932.628385418078,423.28889961725116,9904.108061611307,0.9166666666666666,1.0,0.7575757575757576,9100.0
66,all,R12,IF (PointsAjust IS Medium) AND (TeamExp IS Medium) AND (Length IS Low),Medium,0.0,0.0,9932.628385418078,0.0,9904.108061611307,0.9166666666666666,1.0,0.7575757575757576,9100.0
66,all,R13,IF (PointsAjust IS Medium) AND (TeamExp IS Medium) AND (Length IS Medium),Medium,1.8682569145950277e-05,9.574116608847552e-05,9932.628385418078,0.9509614239434188,9904.108061611307,0.9166666666666666,1.0,0.7575757575757576,9100.0
66,all,R14,IF (PointsAjust IS Medium) AND (TeamExp IS Medium) AND (Length IS High),High,3.2148702978205714e-05,0.0001647500559114833,2337.92470866421,0.3851732264692669,9904.108061611307,0.9166666666666666,1.0,0.7575757575757576,9100.0
66,all,R15,IF (PointsAjust IS Medium) AND (TeamExp IS Low) AND (Length IS Medium),High,0.0,0.0,2337.92470866421,0.0,9904.108061611307,0.9166666666666666,1.0,0.7575757575757576,9100.0
66,all,R16,IF (PointsAjust IS Medium) AND (TeamExp IS Low) AND (Length IS High),High,0.0,0.0,2337.92470866421,0.0,9904.108061611307,0.9166666666666666,1.0,0.7575757575757576,9100.0
66,all,R17,IF (PointsAjust IS High) AND (TeamExp IS High) AND (Length IS Medium),Medium,0.18123618582158266,0.9287675390055875,9932.628385418078,9225.10282138179,9904.108061611307,0.9166666666666666,1.0,0.7575757575757576,9100.0
66,all,R18,IF (PointsAjust IS High) AND (TeamExp IS Medium) AND (Length IS Medium),High,0.0007006446207688925,0.003590541133930297,2337.92470866421,8.394414834490851,9904.108061611307,0.9166666666666666,1.0,0.7575757575757576,9100.0
66,all,R19,IF (PointsAjust IS High) AND (TeamExp IS Low) AND (Length IS Medium),High,0.0,0.0,2337.92470866421,0.0,9904.108061611307,0.9166666666666666,1.0,0.7575757575757576,9100.0
66,all,R20,IF (PointsAjust IS High) AND (TeamExp IS Low) AND (Length IS High),Very_High,0.0,0.0,0.0,0.0,9904.108061611307,0.9166666666666666,1.0,0.7575757575757576,9100.0
67,all,R1,IF (PointsAjust IS Low) AND (TeamExp IS High) AND (Length IS Low),Very_Low,0.0,0.0,3333.485351976671,0.0,2127.3469303931997,0.2216981132075471,0.2,0.1515151515151515,595.0
67,all,R2,IF (PointsAjust IS Low) AND (TeamExp IS High) AND (Length IS Medium),Low,0.0,0.0,827.4528751855743,0.0,2127.3469303931997,0.2216981132075471,0.2,0.1515151515151515,595.0
67,all,R3,IF (PointsAjust IS Low) AND (TeamExp IS High) AND (Length IS High),Medium,0.0,0.0,3626.081204023126,0.0,2127.3469303931997,0.2216981132075471,0.2,0.1515151515151515,595.0
67,all,R4,IF (PointsAjust IS Low) AND (TeamExp IS Medium) AND (Length IS Low),Low,0.08616114230072518,0.5416945375276923,827.4528751855743,448.22670254960894,2127.3469303931997,0.2216981132075471,0.2,0.1515151515151515,595.0
67,all,R5,IF (PointsAjust IS Low) AND (TeamExp IS Medium) AND (Length IS Medium),Medium,0.005842271497046345,0.0367303226512249,3626.081204023126,133.1871325833115,2127.3469303931997,0.2216981132075471,0.2,0.1515151515151515,595.0
67,all,R6,IF (PointsAjust IS Low) AND (TeamExp IS Medium) AND (Length IS High),Medium,0.0,0.0,3626.081204023126,0.0,2127.3469303931997,0.2216981132075471,0.2,0.1515151515151515,595.0
67,all,R7,IF (PointsAjust IS Low) AND (TeamExp IS Low) AND (Length IS Medium),Medium,0.03237665387764423,0.2035518109512929,3626.081204023126,738.0953957353519,2127.3469303931997,0.2216981132075471,0.2,0.1515151515151515,595.0
67,all,R8,IF (PointsAjust IS Low) AND (TeamExp IS Low) AND (Length IS High),High,0.0,0.0,3930.3398491692947,0.0,2127.3469303931997,0.2216981132075471,0.2,0.1515151515151515,595.0
67,all,R9,IF (PointsAjust IS Medium) AND (TeamExp IS High) AND (Length IS Low),Low,0.0,0.0,827.4528751855743,0.0,2127.3469303931997,0.2216981132075471,0.2,0.1515151515151515,595.0
67,all,R10,IF (PointsAjust IS Medium) AND (TeamExp IS High) AND (Length IS Medium),Medium,0.0,0.0,3626.081204023126,0.0,2127.3469303931997,0.2216981132075471,0.2,0.1515151515151515,595.0
67,all,R11,IF (PointsAjust IS Medium) AND (TeamExp IS High) AND (Length IS High),Medium,0.0,0.0,3626.081204023126,0.0,2127.3469303931997,0.2216981132075471,0.2,0.1515151515151515,595.0
67,all,R12,IF (PointsAjust IS Medium) AND (TeamExp IS Medium) AND (Length IS Low),Medium,0.024022633611917282,0.15103014023637432,3626.081204023126,547.6475527520937,2127.3469303931997,0.2216981132075471,0.2,0.1515151515151515,595.0
67,all,R13,IF (PointsAjust IS Medium) AND (TeamExp IS Medium) AND (Length IS Medium),Medium,0.0016288868031141526,0.010240800666479274,3626.081204023126,37.133974810868,2127.3469303931997,0.2216981132075471,0.2,0.1515151515151515,595.0
67,all,R14,IF (PointsAjust IS Medium) AND (TeamExp IS Medium) AND (Length IS High),High,0.0,0.0,3930.3398491692947,0.0,2127.3469303931997,0.2216981132075471,0.2,0.1515151515151515,595.0
67,all,R15,IF (PointsAjust IS Medium) AND (TeamExp IS Low) AND (Length IS Medium),High,0.009026951975263708,0.05675238796693631,3930.3398491692947,223.05617196196576,2127.3469303931997,0.2216981132075471,0.2,0.1515151515151515,595.0
67,all,R16,IF (PointsAjust IS Medium) AND (TeamExp IS Low) AND (Length IS High),High,0.0,0.0,3930.3398491692947,0.0,2127.3469303931997,0.2216981132075471,0.2,0.1515151515151515,595.0
67,all,R17,IF (PointsAjust IS High) AND (TeamExp IS High) AND (Length IS Medium),Medium,0.0,0.0,3626.081204023126,0.0,2127.3469303931997,0.2216981132075471,0.2,0.1515151515151515,595.0
67,all,R18,IF (PointsAjust IS High) AND (TeamExp IS Medium) AND (Length IS Medium),High,0.0,0.0,3930.3398491692947,0.0,2127.3469303931997,0.2216981132075471,0.2,0.1515151515151515,595.0
67,all,R19,IF (PointsAjust IS High) AND (TeamExp IS Low) AND (Length IS Medium),High,0.0,0.0,3930.3398491692947,0.0,2127.3469303931997,0.2216981132075471,0.2,0.1515151515151515,595.0
67,all,R20,IF (PointsAjust IS High) AND (TeamExp IS Low) AND (Length IS High),Very_High,0.0,0.0,0.0,0.0,2127.3469303931997,0.2216981132075471,0.2,0.1515151515151515,595.0
68,all,R1,IF (PointsAjust IS Low) AND (TeamExp IS High) AND (Length IS Low),Very_Low,0.0,0.0,6572.010921720129,0.0,4271.8414269194955,0.2877358490566037,0.2,0.6363636363636364,3941.0
68,all,R2,IF (PointsAjust IS Low) AND (TeamExp IS High) AND (Length IS Medium),Low,0.0,0.0,1032.3124029634228,0.0,4271.8414269194955,0.2877358490566037,0.2,0.6363636363636364,3941.0
68,all,R3,IF (PointsAjust IS Low) AND (TeamExp IS High) AND (Length IS High),Medium,0.0,0.0,7675.0193723961465,0.0,4271.8414269194955,0.2877358490566037,0.2,0.6363636363636364,3941.0
68,all,R4,IF (PointsAjust IS Low) AND (TeamExp IS Medium) AND (Length IS Low),Low,0.0,0.0,1032.3124029634228,0.0,4271.8414269194955,0.2877358490566037,0.2,0.6363636363636364,3941.0
68,all,R5,IF (PointsAjust IS Low) AND (TeamExp IS Medium) AND (Length IS Medium),Medium,0.027871386966856513,0.06164296556388721,7675.0193723961465,473.11095487478286,4271.8414269194955,0.2877358490566037,0.2,0.6363636363636364,3941.0
68,all,R6,IF (PointsAjust IS Low) AND (TeamExp IS Medium) AND (Length IS High),Medium,0.0038302438651871555,0.008471325483865992,7675.0193723961465,65.01758719854465,4271.8414269194955,0.2877358490566037,0.2,0.6363636363636364,3941.0
68,all,R7,IF (PointsAjust IS Low) AND (TeamExp IS Low) AND (Length IS Medium),Medium,0.15445743138983048,0.34161249799200955,7675.0193723961465,2621.882539941313,4271.8414269194955,0.2877358490566037,0.2,0.6363636363636364,3941.0
68,all,R8,IF (PointsAjust IS Low) AND (TeamExp IS Low) AND (Length IS High),High,0.02122641509433964,0.04694632442443998,1073.5988386801714,50.40151938238133,4271.8414269194955,0.2877358490566037,0.2,0.6363636363636364,3941.0
68,all,R9,IF (PointsAjust IS Medium) AND (TeamExp IS High) AND (Length IS Low),Low,0.0,0.0,1032.3124029634228,0.0,4271.8414269194955,0.2877358490566037,0.2,0.6363636363636364,3941.0
68,all,R10,IF (PointsAjust IS Medium) AND (TeamExp IS High) AND (Length IS Medium),Medium,0.0,0.0,7675.0193723961465,0.0,4271.8414269194955,0.2877358490566037,0.2,0.6363636363636364,3941.0
68,all,R11,IF (PointsAjust IS Medium) AND (TeamExp IS High) AND (Length IS High),Medium,0.0,0.0,7675.0193723961465,0.0,4271.8414269194955,0.2877358490566037,0.2,0.6363636363636364,3941.0
68,all,R12,IF (PointsAjust IS Medium) AND (TeamExp IS Medium) AND (Length IS Low),Medium,0.0,0.0,7675.0193723961465,0.0,4271.8414269194955,0.2877358490566037,0.2,0.6363636363636364,3941.0
68,all,R13,IF (PointsAjust IS Medium) AND (TeamExp IS Medium) AND (Length IS Medium),Medium,0.03289386425171474,0.07275114595993587,7675.0193723961465,558.3664546065274,4271.8414269194955,0.2877358490566037,0.2,0.6363636363636364,3941.0
68,all,R14,IF (PointsAjust IS Medium) AND (TeamExp IS Medium) AND (Length IS High),High,0.004520461141824529,0.009997874552484385,1073.5988386801714,10.733706508817274,4271.8414269194955,0.2877358490566037,0.2,0.6363636363636364,3941.0
68,all,R15,IF (PointsAjust IS Medium) AND (TeamExp IS Low) AND (Length IS Medium),High,0.18229095619989721,0.4031717240695934,1073.5988386801714,432.844694749798,4271.8414269194955,0.2877358490566037,0.2,0.6363636363636364,3941.0
68,all,R16,IF (PointsAjust IS Medium) AND (TeamExp IS Low) AND (Length IS High),High,0.025051455727483154,0.055406141953783704,1073.5988386801714,59.48396965733091,4271.8414269194955,0.2877358490566037,0.2,0.6363636363636364,3941.0
68,all,R17,IF (PointsAjust IS High) AND (TeamExp IS High) AND (Length IS Medium),Medium,0.0,0.0,7675.0193723961465,0.0,4271.8414269194955,0.2877358490566037,0.2,0.6363636363636364,3941.0
68,all,R18,IF (PointsAjust IS High) AND (TeamExp IS Medium) AND (Length IS Medium),High,0.0,0.0,1073.5988386801714,0.0,4271.8414269194955,0.2877358490566037,0.2,0.6363636363636364,3941.0
68,all,R19,IF (PointsAjust IS High) AND (TeamExp IS Low) AND (Length IS Medium),High,0.0,0.0,1073.5988386801714,0.0,4271.8414269194955,0.2877358490566037,0.2,0.6363636363636364,3941.0
68,all,R20,IF (PointsAjust IS High) AND (TeamExp IS Low) AND (Length IS High),Very_High,0.0,0.0,0.0,0.0,4271.8414269194955,0.2877358490566037,0.2,0.6363636363636364,3941.0
69,all,R1,IF (PointsAjust IS Low) AND (TeamExp IS High) AND (Length IS Low),Very_Low,0.0,0.0,8639.044164277939,0.0,5157.945386748426,0.5534591194968553,1.0,0.3333333333333333,1400.0
69,all,R2,IF (PointsAjust IS Low) AND (TeamExp IS High) AND (Length IS Medium),Low,0.0,0.0,4598.0622282759205,0.0,5157.945386748426,0.5534591194968553,1.0,0.3333333333333333,1400.0
69,all,R3,IF (PointsAjust IS Low) AND (TeamExp IS High) AND (Length IS High),Medium,0.0,0.0,5244.057679960163,0.0,5157.945386748426,0.5534591194968553,1.0,0.3333333333333333,1400.0
69,all,R4,IF (PointsAjust IS Low) AND (TeamExp IS Medium) AND (Length IS Low),Low,0.0,0.0,4598.0622282759205,0.0,5157.945386748426,0.5534591194968553,1.0,0.3333333333333333,1400.0
69,all,R5,IF (PointsAjust IS Low) AND (TeamExp IS Medium) AND (Length IS Medium),Medium,0.0,0.0,5244.057679960163,0.0,5157.945386748426,0.5534591194968553,1.0,0.3333333333333333,1400.0
69,all,R6,IF (PointsAjust IS Low) AND (TeamExp IS Medium) AND (Length IS High),Medium,0.0,0.0,5244.057679960163,0.0,5157.945386748426,0.5534591194968553,1.0,0.3333333333333333,1400.0
69,all,R7,IF (PointsAjust IS Low) AND (TeamExp IS Low) AND (Length IS Medium),Medium,0.0,0.0,5244.057679960163,0.0,5157.945386748426,0.5534591194968553,1.0,0.3333333333333333,1400.0
69,all,R8,IF (PointsAjust IS Low) AND (TeamExp IS Low) AND (Length IS High),High,0.0,0.0,2768.328461302123,0.0,5157.945386748426,0.5534591194968553,1.0,0.3333333333333333,1400.0
69,all,R9,IF (PointsAjust IS Medium) AND (TeamExp IS High) AND (Length IS Low),Low,0.07820552062228542,0.13330170202781175,4598.0622282759205,612.9295210589729,5157.945386748426,0.5534591194968553,1.0,0.3333333333333333,1400.0
69,all,R10,IF (PointsAjust IS Medium) AND (TeamExp IS High) AND (Length IS Medium),Medium,0.5062157391730534,0.8628472656162578,5244.057679960163,4524.820829887563,5157.945386748426,0.5534591194968553,1.0,0.3333333333333333,1400.0
69,all,R11,IF (PointsAjust IS Medium) AND (TeamExp IS High) AND (Length IS High),Medium,0.0,0.0,5244.057679960163,0.0,5157.945386748426,0.5534591194968553,1.0,0.3333333333333333,1400.0
69,all,R12,IF (PointsAjust IS Medium) AND (TeamExp IS Medium) AND (Length IS Low),Medium,0.00030233629719164917,0.0005153337344953207,5244.057679960163,2.702439828122738,5157.945386748426,0.5534591194968553,1.0,0.3333333333333333,1400.0
69,all,R13,IF (PointsAjust IS Medium) AND (TeamExp IS Medium) AND (Length IS Medium),Medium,0.001956989620987221,0.003335698621434934,5244.057679960163,17.492595973768395,5157.945386748426,0.5534591194968553,1.0,0.3333333333333333,1400.0
69,all,R14,IF (PointsAjust IS Medium) AND (TeamExp IS Medium) AND (Length IS High),High,0.0,0.0,2768.328461302123,0.0,5157.945386748426,0.5534591194968553,1.0,0.3333333333333333,1400.0
69,all,R15,IF (PointsAjust IS Medium) AND (TeamExp IS Low) AND (Length IS Medium),High,0.0,0.0,2768.328461302123,0.0,5157.945386748426,0.5534591194968553,1.0,0.3333333333333333,1400.0
69,all,R16,IF (PointsAjust IS Medium) AND (TeamExp IS Low) AND (Length IS High),High,0.0,0.0,2768.328461302123,0.0,5157.945386748426,0.5534591194968553,1.0,0.3333333333333333,1400.0
69,all,R17,IF (PointsAjust IS High) AND (TeamExp IS High) AND (Length IS Medium),Medium,0.0,0.0,5244.057679960163,0.0,5157.945386748426,0.5534591194968553,1.0,0.3333333333333333,1400.0
69,all,R18,IF (PointsAjust IS High) AND (TeamExp IS Medium) AND (Length IS Medium),High,0.0,0.0,2768.328461302123,0.0,5157.945386748426,0.5534591194968553,1.0,0.3333333333333333,1400.0
69,all,R19,IF (PointsAjust IS High) AND (TeamExp IS Low) AND (Length IS Medium),High,0.0,0.0,2768.328461302123,0.0,5157.945386748426,0.5534591194968553,1.0,0.3333333333333333,1400.0
69,all,R20,IF (PointsAjust IS High) AND (TeamExp IS Low) AND (Length IS High),Very_High,0.0,0.0,0.0,0.0,5157.945386748426,0.5534591194968553,1.0,0.3333333333333333,1400.0
70,all,R1,IF (PointsAjust IS Low) AND (TeamExp IS High) AND (Length IS Low),Very_Low,0.0,0.0,6470.911936079247,0.0,4497.575034349057,0.3694968553459119,1.0,0.3333333333333333,2800.0
70,all,R2,IF (PointsAjust IS Low) AND (TeamExp IS High) AND (Length IS Medium),Low,0.0,0.0,4131.014356987433,0.0,4497.575034349057,0.3694968553459119,1.0,0.3333333333333333,2800.0
70,all,R3,IF (PointsAjust IS Low) AND (TeamExp IS High) AND (Length IS High),Medium,0.0,0.0,4553.953548421484,0.0,4497.575034349057,0.3694968553459119,1.0,0.3333333333333333,2800.0
70,all,R4,IF (PointsAjust IS Low) AND (TeamExp IS Medium) AND (Length IS Low),Low,0.0,0.0,4131.014356987433,0.0,4497.575034349057,0.3694968553459119,1.0,0.3333333333333333,2800.0
70,all,R5,IF (PointsAjust IS Low) AND (TeamExp IS Medium) AND (Length IS Medium),Medium,0.0,0.0,4553.953548421484,0.0,4497.575034349057,0.3694968553459119,1.0,0.3333333333333333,2800.0
70,all,R6,IF (PointsAjust IS Low) AND (TeamExp IS Medium) AND (Length IS High),Medium,0.0,0.0,4553.953548421484,0.0,4497.575034349057,0.3694968553459119,1.0,0.3333333333333333,2800.0
70,all,R7,IF (PointsAjust IS Low) AND (TeamExp IS Low) AND (Length IS Medium),Medium,0.0,0.0,4553.953548421484,0.0,4497.575034349057,0.3694968553459119,1.0,0.3333333333333333,2800.0
70,all,R8,IF (PointsAjust IS Low) AND (TeamExp IS Low) AND (Length IS High),High,0.0,0.0,1521.9880654710369,0.0,4497.575034349057,0.3694968553459119,1.0,0.3333333333333333,2800.0
70,all,R9,IF (PointsAjust IS Medium) AND (TeamExp IS High) AND (Length IS Low),Low,0.05707581033176413,0.13330170202781177,4131.014356987433,550.6712448877512,4497.575034349057,0.3694968553459119,1.0,0.3333333333333333,2800.0
70,all,R10,IF (PointsAjust IS Medium) AND (TeamExp IS High) AND (Length IS Medium),Medium,0.3694454468954936,0.8628472656162579,4553.953548421484,3929.3663669989323,4497.575034349057,0.3694968553459119,1.0,0.3333333333333333,2800.0
70,all,R11,IF (PointsAjust IS Medium) AND (TeamExp IS High) AND (Length IS High),Medium,0.0,0.0,4553.953548421484,0.0,4497.575034349057,0.3694968553459119,1.0,0.3333333333333333,2800.0
70,all,R12,IF (PointsAjust IS Medium) AND (TeamExp IS Medium) AND (Length IS Low),Medium,0.0002206505246382971,0.0005153337344953208,4553.953548421484,2.346805888826261,4497.575034349057,0.3694968553459119,1.0,0.3333333333333333,2800.0
70,all,R13,IF (PointsAjust IS Medium) AND (TeamExp IS Medium) AND (Length IS Medium),Medium,0.0014282465935898203,0.0033356986214349345,4553.953548421484,15.190616573548272,4497.575034349057,0.3694968553459119,1.0,0.3333333333333333,2800.0
70,all,R14,IF (PointsAjust IS Medium) AND (TeamExp IS Medium) AND (Length IS High),High,0.0,0.0,1521.9880654710369,0.0,4497.575034349057,0.3694968553459119,1.0,0.3333333333333333,2800.0
70,all,R15,IF (PointsAjust IS Medium) AND (TeamExp IS Low) AND (Length IS Medium),High,0.0,0.0,1521.9880654710369,0.0,4497.575034349057,0.3694968553459119,1.0,0.3333333333333333,2800.0
70,all,R16,IF (PointsAjust IS Medium) AND (TeamExp IS Low) AND (Length IS High),High,0.0,0.0,1521.9880654710369,0.0,4497.575034349057,0.3694968553459119,1.0,0.3333333333333333,2800.0
70,all,R17,IF (PointsAjust IS High) AND (TeamExp IS High) AND (Length IS Medium),Medium,0.0,0.0,4553.953548421484,0.0,4497.575034349057,0.3694968553459119,1.0,0.3333333333333333,2800.0
70,all,R18,IF (PointsAjust IS High) AND (TeamExp IS Medium) AND (Length IS Medium),High,0.0,0.0,1521.9880654710369,0.0,4497.575034349057,0.3694968553459119,1.0,0.3333333333333333,2800.0
70,all,R19,IF (PointsAjust IS High) AND (TeamExp IS Low) AND (Length IS Medium),High,0.0,0.0,1521.9880654710369,0.0,4497.575034349057,0.3694968553459119,1.0,0.3333333333333333,2800.0
70,all,R20,IF (PointsAjust IS High) AND (TeamExp IS Low) AND (Length IS High),Very_High,0.0,0.0,0.0,0.0,4497.575034349057,0.3694968553459119,1.0,0.3333333333333333,2800.0
71,all,R1,IF (PointsAjust IS Low) AND (TeamExp IS High) AND (Length IS Low),Very_Low,0.0,0.0,14246.012505141733,0.0,9267.58167852127,0.8726415094339622,1.0,0.696969696969697,9520.0
71,all,R2,IF (PointsAjust IS Low) AND (TeamExp IS High) AND (Length IS Medium),Low,0.0,0.0,5436.3112324509775,0.0,9267.58167852127,0.8726415094339622,1.0,0.696969696969697,9520.0
71,all,R3,IF (PointsAjust IS Low) AND (TeamExp IS High) AND (Length IS High),Medium,0.0,0.0,9292.324199905597,0.0,9267.58167852127,0.8726415094339622,1.0,0.696969696969697,9520.0
71,all,R4,IF (PointsAjust IS Low) AND (TeamExp IS Medium) AND (Length IS Low),Low,0.0,0.0,5436.3112324509775,0.0,9267.58167852127,0.8726415094339622,1.0,0.696969696969697,9520.0
71,all,R5,IF (PointsAjust IS Low) AND (TeamExp IS Medium) AND (Length IS Medium),Medium,0.0,0.0,9292.324199905597,0.0,9267.58167852127,0.8726415094339622,1.0,0.696969696969697,9520.0
71,all,R6,IF (PointsAjust IS Low) AND (TeamExp IS Medium) AND (Length IS High),Medium,0.0,0.0,9292.324199905597,0.0,9267.58167852127,0.8726415094339622,1.0,0.696969696969697,9520.0
71,all,R7,IF (PointsAjust IS Low) AND (TeamExp IS Low) AND (Length IS Medium),Medium,0.0,0.0,9292.324199905597,0.0,9267.58167852127,0.8726415094339622,1.0,0.696969696969697,9520.0
71,all,R8,IF (PointsAjust IS Low) AND (TeamExp IS Low) AND (Length IS High),High,0.0,0.0,2452.6733691193067,0.0,9267.58167852127,0.8726415094339622,1.0,0.696969696969697,9520.0
71,all,R9,IF (PointsAjust IS Medium) AND (TeamExp IS High) AND (Length IS Low),Low,0.0,0.0,5436.3112324509775,0.0,9267.58167852127,0.8726415094339622,1.0,0.696969696969697,9520.0
71,all,R10,IF (PointsAjust IS Medium) AND (TeamExp IS High) AND (Length IS Medium),Medium,0.019293783039316864,0.06040476587589809,9292.324199905597,561.3006677382397,9267.58167852127,0.8726415094339622,1.0,0.696969696969697,9520.0
71,all,R11,IF (PointsAjust IS Medium) AND (TeamExp IS High) AND (Length IS High),Medium,0.011077032545876197,0.0346798528919835,9292.324199905597,322.2564362773444,9267.58167852127,0.8726415094339622,1.0,0.696969696969697,9520.0
71,all,R12,IF (PointsAjust IS Medium) AND (TeamExp IS Medium) AND (Length IS Low),Medium,0.0,0.0,9292.324199905597,0.0,9267.58167852127,0.8726415094339622,1.0,0.696969696969697,9520.0
71,all,R13,IF (PointsAjust IS Medium) AND (TeamExp IS Medium) AND (Length IS Medium),Medium,7.458822441831394e-05,0.00023352000091977424,9292.324199905597,2.1699435557087954,9267.58167852127,0.8726415094339622,1.0,0.696969696969697,9520.0
71,all,R14,IF (PointsAjust IS Medium) AND (TeamExp IS Medium) AND (Length IS High),High,4.282292320469854e-05,0.00013406954172907328,2452.6733691193067,0.32882879460892767,9267.58167852127,0.8726415094339622,1.0,0.696969696969697,9520.0
71,all,R15,IF (PointsAjust IS Medium) AND (TeamExp IS Low) AND (Length IS Medium),High,0.0,0.0,2452.6733691193067,0.0,9267.58167852127,0.8726415094339622,1.0,0.696969696969697,9520.0
71,all,R16,IF (PointsAjust IS Medium) AND (TeamExp IS Low) AND (Length IS High),High,0.0,0.0,2452.6733691193067,0.0,9267.58167852127,0.8726415094339622,1.0,0.696969696969697,9520.0
71,all,R17,IF (PointsAjust IS High) AND (TeamExp IS High) AND (Length IS Medium),Medium,0.28780742379496915,0.9010643488761881,9292.324199905597,8372.982054734382,9267.58167852127,0.8726415094339622,1.0,0.696969696969697,9520.0
71,all,R18,IF (PointsAjust IS High) AND (TeamExp IS Medium) AND (Length IS Medium),High,0.0011126405159387566,0.0034834428132814077,2452.6733691193067,8.543747420985346,9267.58167852127,0.8726415094339622,1.0,0.696969696969697,9520.0
71,all,R19,IF (PointsAjust IS High) AND (TeamExp IS Low) AND (Length IS Medium),High,0.0,0.0,2452.6733691193067,0.0,9267.58167852127,0.8726415094339622,1.0,0.696969696969697,9520.0
71,all,R20,IF (PointsAjust IS High) AND (TeamExp IS Low) AND (Length IS High),Very_High,0.0,0.0,0.0,0.0,9267.58167852127,0.8726415094339622,1.0,0.696969696969697,9520.0
72,all,R1,IF (PointsAjust IS Low) AND (TeamExp IS High) AND (Length IS Low),Very_Low,0.0,0.0,13883.329810262805,0.0,6908.221321099632,0.9984276729559748,1.0,0.3333333333333333,5880.0
72,all,R2,IF (PointsAjust IS Low) AND (TeamExp IS High) AND (Length IS Medium),Low,0.0,0.0,5727.759216093372,0.0,6908.221321099632,0.9984276729559748,1.0,0.3333333333333333,5880.0
72,all,R3,IF (PointsAjust IS Low) AND (TeamExp IS High) AND (Length IS High),Medium,0.0,0.0,6913.283912656283,0.0,6908.221321099632,0.9984276729559748,1.0,0.3333333333333333,5880.0
72,all,R4,IF (PointsAjust IS Low) AND (TeamExp IS Medium) AND (Length IS Low),Low,0.0,0.0,5727.759216093372,0.0,6908.221321099632,0.9984276729559748,1.0,0.3333333333333333,5880.0
72,all,R5,IF (PointsAjust IS Low) AND (TeamExp IS Medium) AND (Length IS Medium),Medium,0.0,0.0,6913.283912656283,0.0,6908.221321099632,0.9984276729559748,1.0,0.3333333333333333,5880.0
72,all,R6,IF (PointsAjust IS Low) AND (TeamExp IS Medium) AND (Length IS High),Medium,0.0,0.0,6913.283912656283,0.0,6908.221321099632,0.9984276729559748,1.0,0.3333333333333333,5880.0
72,all,R7,IF (PointsAjust IS Low) AND (TeamExp IS Low) AND (Length IS Medium),Medium,0.0,0.0,6913.283912656283,0.0,6908.221321099632,0.9984276729559748,1.0,0.3333333333333333,5880.0
72,all,R8,IF (PointsAjust IS Low) AND (TeamExp IS Low) AND (Length IS High),High,0.0,0.0,5782.980871731158,0.0,6908.221321099632,0.9984276729559748,1.0,0.3333333333333333,5880.0
72,all,R9,IF (PointsAjust IS Medium) AND (TeamExp IS High) AND (Length IS Low),Low,0.00033359711272538164,0.0006156440399212129,5727.759216093372,3.5262608234916826,6908.221321099632,0.9984276729559748,1.0,0.3333333333333333,5880.0
72,all,R10,IF (PointsAjust IS Medium) AND (TeamExp IS High) AND (Length IS Medium),Medium,0.002159337443962412,0.00398499620303524,6913.283912656283,27.549410142439896,6908.221321099632,0.9984276729559748,1.0,0.3333333333333333,5880.0
72,all,R11,IF (PointsAjust IS Medium) AND (TeamExp IS High) AND (Length IS High),Medium,0.0,0.0,6913.283912656283,0.0,6908.221321099632,0.9984276729559748,1.0,0.3333333333333333,5880.0
72,all,R12,IF (PointsAjust IS Medium) AND (TeamExp IS Medium) AND (Length IS Low),Medium,1.2896597965550333e-06,2.380030692677818e-06,6913.283912656283,0.01645382789931775,6908.221321099632,0.9984276729559748,1.0,0.3333333333333333,5880.0
72,all,R13,IF (PointsAjust IS Medium) AND (TeamExp IS Medium) AND (Length IS Medium),Medium,8.347826112532023e-06,1.5405677077036604e-05,6913.283912656283,0.10650381950025482,6908.221321099632,0.9984276729559748,1.0,0.3333333333333333,5880.0
72,all,R14,IF (PointsAjust IS Medium) AND (TeamExp IS Medium) AND (Length IS High),High,0.0,0.0,5782.980871731158,0.0,6908.221321099632,0.9984276729559748,1.0,0.3333333333333333,5880.0
72,all,R15,IF (PointsAjust IS Medium) AND (TeamExp IS Low) AND (Length IS Medium),High,0.0,0.0,5782.980871731158,0.0,6908.221321099632,0.9984276729559748,1.0,0.3333333333333333,5880.0
72,all,R16,IF (PointsAjust IS Medium) AND (TeamExp IS Low) AND (Length IS High),High,0.0,0.0,5782.980871731158,0.0,6908.221321099632,0.9984276729559748,1.0,0.3333333333333333,5880.0
72,all,R17,IF (PointsAjust IS High) AND (TeamExp IS High) AND (Length IS Medium),Medium,0.5372871947091767,0.9915483274011134,6913.283912656283,6854.855100443363,6908.221321099632,0.9984276729559748,1.0,0.3333333333333333,5880.0
72,all,R18,IF (PointsAjust IS High) AND (TeamExp IS Medium) AND (Length IS Medium),High,0.0020771093867070537,0.0038332466481605407,5782.980871731158,22.167592042939983,6908.221321099632,0.9984276729559748,1.0,0.3333333333333333,5880.0
72,all,R19,IF (PointsAjust IS High) AND (TeamExp IS Low) AND (Length IS Medium),High,0.0,0.0,5782.980871731158,0.0,6908.221321099632,0.9984276729559748,1.0,0.3333333333333333,5880.0
72,all,R20,IF (PointsAjust IS High) AND (TeamExp IS Low) AND (Length IS High),Very_High,0.0,0.0,0.0,0.0,6908.221321099632,0.9984276729559748,1.0,0.3333333333333333,5880.0
