sample_index,split,rule_id,original_label,sugeno_output,firing_strength,normalized_firing_strength,rule_output,rule_contribution,PointsAjust,TeamExp,Length,actual,predicted
0,all,R1,Very_Low,R1_OUT,0.0,0.0,4199.403410296126,0.0,0.3773584905660377,0.4,0.3333333333333333,5152.0,-6351.986213267883
0,all,R2,Low,R2_OUT,0.0,0.0,-6151.337935038098,-0.0,0.3773584905660377,0.4,0.3333333333333333,5152.0,-6351.986213267883
0,all,R3,Low,R3_OUT,0.0,0.0,-28192.365002775237,-0.0,0.3773584905660377,0.4,0.3333333333333333,5152.0,-6351.986213267883
0,all,R4,Low,R4_OUT,0.0,0.0,-3002.3493787523093,-0.0,0.3773584905660377,0.4,0.3333333333333333,5152.0,-6351.986213267883
0,all,R5,Medium,R5_OUT,0.0,0.0,2346.0714443304637,0.0,0.3773584905660377,0.4,0.3333333333333333,5152.0,-6351.986213267883
0,all,R6,Medium,R6_OUT,0.047769306007164,0.1338170357623071,5589.425437681751,747.9603436850078,0.3773584905660377,0.4,0.3333333333333333,5152.0,-6351.986213267883
0,all,R7,Medium,R7_OUT,0.0,0.0,5805.556067443558,0.0,0.3773584905660377,0.4,0.3333333333333333,5152.0,-6351.986213267883
0,all,R8,Medium,R8_OUT,0.0,0.0,11318.1822810327,0.0,0.3773584905660377,0.4,0.3333333333333333,5152.0,-6351.986213267883
0,all,R9,High,R9_OUT,0.0,0.0,12231.570110519086,0.0,0.3773584905660377,0.4,0.3333333333333333,5152.0,-6351.986213267883
0,all,R10,High,R10_OUT,0.0,0.0,-10026.080125907703,-0.0,0.3773584905660377,0.4,0.3333333333333333,5152.0,-6351.986213267883
0,all,R11,Medium,R11_OUT,0.3092054673095486,0.8661829642376929,-8196.820822031972,-7099.946556952897,0.3773584905660377,0.4,0.3333333333333333,5152.0,-6351.986213267883
0,all,R12,Medium,R12_OUT,0.0,0.0,0.0,0.0,0.3773584905660377,0.4,0.3333333333333333,5152.0,-6351.986213267883
0,all,R13,High,R13_OUT,0.0,0.0,101585.26828326684,0.0,0.3773584905660377,0.4,0.3333333333333333,5152.0,-6351.986213267883
0,all,R14,High,R14_OUT,0.0,0.0,-5287.331686836682,-0.0,0.3773584905660377,0.4,0.3333333333333333,5152.0,-6351.986213267883
0,all,R15,High,R15_OUT,0.0,0.0,1574.689817295085,0.0,0.3773584905660377,0.4,0.3333333333333333,5152.0,-6351.986213267883
0,all,R16,High,R16_OUT,0.0,0.0,1659.0701762594836,0.0,0.3773584905660377,0.4,0.3333333333333333,5152.0,-6351.986213267883
0,all,R17,High,R17_OUT,0.0,0.0,-351971.14210038603,-0.0,0.3773584905660377,0.4,0.3333333333333333,5152.0,-6351.986213267883
0,all,R18,Very_High,R18_OUT,0.0,0.0,-10772.93489339533,-0.0,0.3773584905660377,0.4,0.3333333333333333,5152.0,-6351.986213267883
0,all,R19,Very_High,R19_OUT,0.0,0.0,1958.0377978989168,0.0,0.3773584905660377,0.4,0.3333333333333333,5152.0,-6351.986213267883
0,all,R20,Very_High,R20_OUT,0.0,0.0,0.0,0.0,0.3773584905660377,0.4,0.3333333333333333,5152.0,-6351.986213267883
1,all,R1,Very_Low,R1_OUT,0.0,0.0,8723.948379503554,0.0,0.3977987421383648,0.2,0.0909090909090909,5635.0,5632.962675263331
1,all,R2,Low,R2_OUT,0.0,0.0,-3633.7243386629825,-0.0,0.3977987421383648,0.2,0.0909090909090909,5635.0,5632.962675263331
1,all,R3,Low,R3_OUT,0.0,0.0,-14982.61393702789,-0.0,0.3977987421383648,0.2,0.0909090909090909,5635.0,5632.962675263331
1,all,R4,Low,R4_OUT,0.0,0.0,-18771.306387263678,-0.0,0.3977987421383648,0.2,0.0909090909090909,5635.0,5632.962675263331
1,all,R5,Medium,R5_OUT,0.0,0.0,2526.092995312,0.0,0.3977987421383648,0.2,0.0909090909090909,5635.0,5632.962675263331
1,all,R6,Medium,R6_OUT,0.10730143356630023,0.1492429735010284,10595.764160992425,1581.3433499021387,0.3977987421383648,0.2,0.0909090909090909,5635.0,5632.962675263331
1,all,R7,Medium,R7_OUT,0.0,0.0,30748.019562924183,0.0,0.3977987421383648,0.2,0.0909090909090909,5635.0,5632.962675263331
1,all,R8,Medium,R8_OUT,0.0,0.0,5052.254863452542,0.0,0.3977987421383648,0.2,0.0909090909090909,5635.0,5632.962675263331
1,all,R9,High,R9_OUT,0.0,0.0,10620.075507221845,0.0,0.3977987421383648,0.2,0.0909090909090909,5635.0,5632.962675263331
1,all,R10,High,R10_OUT,0.5946422340878044,0.8270735276777392,4985.21800545672,4123.141842015672,0.3977987421383648,0.2,0.0909090909090909,5635.0,5632.962675263331
1,all,R11,Medium,R11_OUT,0.002602919619115085,0.0036203380591450377,-25360.491184401762,-91.81355143350191,0.3977987421383648,0.2,0.0909090909090909,5635.0,5632.962675263331
1,all,R12,Medium,R12_OUT,0.0,0.0,0.0,0.0,0.3977987421383648,0.2,0.0909090909090909,5635.0,5632.962675263331
1,all,R13,High,R13_OUT,0.0,0.0,104388.57013518877,0.0,0.3977987421383648,0.2,0.0909090909090909,5635.0,5632.962675263331
1,all,R14,High,R14_OUT,0.0,0.0,5014.343452063309,0.0,0.3977987421383648,0.2,0.0909090909090909,5635.0,5632.962675263331
1,all,R15,High,R15_OUT,0.014424839314986419,0.02006316076208729,1011.3578323792341,20.291034779020702,0.3977987421383648,0.2,0.0909090909090909,5635.0,5632.962675263331
1,all,R16,High,R16_OUT,0.0,0.0,1435.9319596965208,0.0,0.3977987421383648,0.2,0.0909090909090909,5635.0,5632.962675263331
1,all,R17,High,R17_OUT,0.0,0.0,-281831.06589428947,-0.0,0.3977987421383648,0.2,0.0909090909090909,5635.0,5632.962675263331
1,all,R18,Very_High,R18_OUT,0.0,0.0,24927.45878923098,0.0,0.3977987421383648,0.2,0.0909090909090909,5635.0,5632.962675263331
1,all,R19,Very_High,R19_OUT,0.0,0.0,1694.6896475657172,0.0,0.3977987421383648,0.2,0.0909090909090909,5635.0,5632.962675263331
1,all,R20,Very_High,R20_OUT,0.0,0.0,0.0,0.0,0.3977987421383648,0.2,0.0909090909090909,5635.0,5632.962675263331
2,all,R1,Very_Low,R1_OUT,1.0,0.9845744895995822,700.7369111897985,689.9276866782836,0.0330188679245283,1.0,0.0,805.0,1001.0736145975576
2,all,R2,Low,R2_OUT,0.0038659201394728076,0.003806286348154185,6988.328416866323,26.599579049536235,0.0330188679245283,1.0,0.0,805.0,1001.0736145975576
2,all,R3,Low,R3_OUT,0.0038659201394728076,0.003806286348154185,44972.15073655514,171.17688339568198,0.0330188679245283,1.0,0.0,805.0,1001.0736145975576
2,all,R4,Low,R4_OUT,0.007859513140454005,0.00773827613876371,14690.736888077412,113.68097872186529,0.0330188679245283,1.0,0.0,805.0,1001.0736145975576
2,all,R5,Medium,R5_OUT,0.0,0.0,-217.24242106979216,-0.0,0.0330188679245283,1.0,0.0,805.0,1001.0736145975576
2,all,R6,Medium,R6_OUT,3.038425013613231e-05,2.9915557569648503e-05,-8071.4249525870455,-0.2414611778382152,0.0330188679245283,1.0,0.0,805.0,1001.0736145975576
2,all,R7,Medium,R7_OUT,1.4945338524781453e-05,1.471479904992967e-05,19642.590982678532,0.2890367791300752,0.0330188679245283,1.0,0.0,805.0,1001.0736145975576
2,all,R8,Medium,R8_OUT,3.038425013613231e-05,2.9915557569648503e-05,-12365.026129564369,-0.3699066510291909,0.0330188679245283,1.0,0.0,805.0,1001.0736145975576
2,all,R9,High,R9_OUT,0.0,0.0,10409.828076478594,0.0,0.0330188679245283,1.0,0.0,805.0,1001.0736145975576
2,all,R10,High,R10_OUT,0.0,0.0,-21352.50040902269,-0.0,0.0330188679245283,1.0,0.0,805.0,1001.0736145975576
2,all,R11,Medium,R11_OUT,1.1746308452405329e-07,1.1565115649206234e-07,93538.20798011973,0.010817801929095901,0.0330188679245283,1.0,0.0,805.0,1001.0736145975576
2,all,R12,Medium,R12_OUT,0.0,0.0,0.0,0.0,0.0330188679245283,1.0,0.0,805.0,1001.0736145975576
2,all,R13,High,R13_OUT,0.0,0.0,-128360.93362241308,-0.0,0.0330188679245283,1.0,0.0,805.0,1001.0736145975576
2,all,R14,High,R14_OUT,0.0,0.0,-66549.92900088547,-0.0,0.0330188679245283,1.0,0.0,805.0,1001.0736145975576
2,all,R15,High,R15_OUT,0.0,0.0,-3842.1002573286023,-0.0,0.0330188679245283,1.0,0.0,805.0,1001.0736145975576
2,all,R16,High,R16_OUT,0.0,0.0,1432.6018742072947,0.0,0.0330188679245283,1.0,0.0,805.0,1001.0736145975576
2,all,R17,High,R17_OUT,0.0,0.0,-327732.6242796383,-0.0,0.0330188679245283,1.0,0.0,805.0,1001.0736145975576
2,all,R18,Very_High,R18_OUT,0.0,0.0,-101547.79584553074,-0.0,0.0330188679245283,1.0,0.0,805.0,1001.0736145975576
2,all,R19,Very_High,R19_OUT,0.0,0.0,1690.7594743155016,0.0,0.0330188679245283,1.0,0.0,805.0,1001.0736145975576
2,all,R20,Very_High,R20_OUT,0.0,0.0,0.0,0.0,0.0330188679245283,1.0,0.0,805.0,1001.0736145975576
3,all,R1,Very_Low,R1_OUT,0.0,0.0,8317.502865601788,0.0,0.3789308176100629,0.2,0.1212121212121212,3829.0,3831.2108313656345
3,all,R2,Low,R2_OUT,0.0,0.0,-3921.9893777195966,-0.0,0.3789308176100629,0.2,0.1212121212121212,3829.0,3831.2108313656345
3,all,R3,Low,R3_OUT,0.0,0.0,-20733.415655640674,-0.0,0.3789308176100629,0.2,0.1212121212121212,3829.0,3831.2108313656345
3,all,R4,Low,R4_OUT,0.0,0.0,-16777.277600113517,-0.0,0.3789308176100629,0.2,0.1212121212121212,3829.0,3831.2108313656345
3,all,R5,Medium,R5_OUT,0.0,0.0,2385.3368127960834,0.0,0.3789308176100629,0.2,0.1212121212121212,3829.0,3831.2108313656345
3,all,R6,Medium,R6_OUT,0.09771231200141363,0.14680951403385495,10195.692266386692,1496.8246268669634,0.3789308176100629,0.2,0.1212121212121212,3829.0,3831.2108313656345
3,all,R7,Medium,R7_OUT,0.0,0.0,27943.469303043454,0.0,0.3789308176100629,0.2,0.1212121212121212,3829.0,3831.2108313656345
3,all,R8,Medium,R8_OUT,0.0,0.0,6287.389717717056,0.0,0.3789308176100629,0.2,0.1212121212121212,3829.0,3831.2108313656345
3,all,R9,High,R9_OUT,0.0,0.0,10729.94412583329,0.0,0.3789308176100629,0.2,0.1212121212121212,3829.0,3831.2108313656345
3,all,R10,High,R10_OUT,0.5415013162009948,0.8135878012896753,2996.498978656342,2437.915015611771,0.3789308176100629,0.2,0.1212121212121212,3829.0,3831.2108313656345
3,all,R11,Medium,R11_OUT,0.004029238544775844,0.006053797526318492,-23535.486055345347,-142.47906726255303,0.3789308176100629,0.2,0.1212121212121212,3829.0,3831.2108313656345
3,all,R12,Medium,R12_OUT,0.0,0.0,0.0,0.0,0.3789308176100629,0.2,0.1212121212121212,3829.0,3831.2108313656345
3,all,R13,High,R13_OUT,0.0,0.0,108145.44728077263,0.0,0.3789308176100629,0.2,0.1212121212121212,3829.0,3831.2108313656345
3,all,R14,High,R14_OUT,0.0,0.0,2604.1511505527887,0.0,0.3789308176100629,0.2,0.1212121212121212,3829.0,3831.2108313656345
3,all,R15,High,R15_OUT,0.022329202232491803,0.033548887150151196,1160.9999453968753,38.95025614945147,0.3789308176100629,0.2,0.1212121212121212,3829.0,3831.2108313656345
3,all,R16,High,R16_OUT,0.0,0.0,1452.342340274456,0.0,0.3789308176100629,0.2,0.1212121212121212,3829.0,3831.2108313656345
3,all,R17,High,R17_OUT,0.0,0.0,-283576.65679087804,-0.0,0.3789308176100629,0.2,0.1212121212121212,3829.0,3831.2108313656345
3,all,R18,Very_High,R18_OUT,0.0,0.0,21629.81076864939,0.0,0.3789308176100629,0.2,0.1212121212121212,3829.0,3831.2108313656345
3,all,R19,Very_High,R19_OUT,0.0,0.0,1714.0572101392313,0.0,0.3789308176100629,0.2,0.1212121212121212,3829.0,3831.2108313656345
3,all,R20,Very_High,R20_OUT,0.0,0.0,0.0,0.0,0.3789308176100629,0.2,0.1212121212121212,3829.0,3831.2108313656345
4,all,R1,Very_Low,R1_OUT,0.0,0.0,7983.753663085376,0.0,0.2295597484276729,0.2,0.0909090909090909,2149.0,855.2135006416453
4,all,R2,Low,R2_OUT,0.08149907779814887,0.11247555302966891,-1742.8148506243706,-196.0240641522959,0.2295597484276729,0.2,0.0909090909090909,2149.0,855.2135006416453
4,all,R3,Low,R3_OUT,0.0,0.0,-30762.312537013946,-0.0,0.2295597484276729,0.2,0.0909090909090909,2149.0,855.2135006416453
4,all,R4,Low,R4_OUT,0.0,0.0,-11606.368322770359,-0.0,0.2295597484276729,0.2,0.0909090909090909,2149.0,855.2135006416453
4,all,R5,Medium,R5_OUT,0.45165094339622647,0.6233161283208545,1286.7270465538977,802.0377208637034,0.2295597484276729,0.2,0.0909090909090909,2149.0,855.2135006416453
4,all,R6,Medium,R6_OUT,0.026641441457435248,0.03676742047135949,8340.854982868252,306.67172224575097,0.2295597484276729,0.2,0.0909090909090909,2149.0,855.2135006416453
4,all,R7,Medium,R7_OUT,0.001977005725739092,0.0027284334786715466,29054.774220801002,79.27401869927645,0.2295597484276729,0.2,0.0909090909090909,2149.0,855.2135006416453
4,all,R8,Medium,R8_OUT,0.0,0.0,5185.7782438583545,0.0,0.2295597484276729,0.2,0.0909090909090909,2149.0,855.2135006416453
4,all,R9,High,R9_OUT,0.010956154661544936,0.015120411027078414,10118.811859553703,153.00059442212765,0.2295597484276729,0.2,0.0909090909090909,2149.0,855.2135006416453
4,all,R10,High,R10_OUT,0.1476413291140243,0.20375739935688478,-1416.5370370311794,-288.62990275818026,0.2295597484276729,0.2,0.0909090909090909,2149.0,855.2135006416453
4,all,R11,Medium,R11_OUT,0.0006462684453159374,0.0008919045804734914,-5009.234344692137,-4.467759056696045,0.2295597484276729,0.2,0.0909090909090909,2149.0,855.2135006416453
4,all,R12,Medium,R12_OUT,0.0,0.0,0.0,0.0,0.2295597484276729,0.2,0.0909090909090909,2149.0,855.2135006416453
4,all,R13,High,R13_OUT,0.0,0.0,88330.43880314002,0.0,0.2295597484276729,0.2,0.0909090909090909,2149.0,855.2135006416453
4,all,R14,High,R14_OUT,0.0,0.0,-15443.04048489207,-0.0,0.2295597484276729,0.2,0.0909090909090909,2149.0,855.2135006416453
4,all,R15,High,R15_OUT,0.0035814853480561166,0.004942749735008875,677.9971792264722,3.35117037795841,0.2295597484276729,0.2,0.0909090909090909,2149.0,855.2135006416453
4,all,R16,High,R16_OUT,0.0,0.0,1378.594292076641,0.0,0.2295597484276729,0.2,0.0909090909090909,2149.0,855.2135006416453
4,all,R17,High,R17_OUT,0.0,0.0,-250878.98595886794,-0.0,0.2295597484276729,0.2,0.0909090909090909,2149.0,855.2135006416453
4,all,R18,Very_High,R18_OUT,0.0,0.0,7256.1661445085065,0.0,0.2295597484276729,0.2,0.0909090909090909,2149.0,855.2135006416453
4,all,R19,Very_High,R19_OUT,0.0,0.0,1627.019622494763,0.0,0.2295597484276729,0.2,0.0909090909090909,2149.0,855.2135006416453
4,all,R20,Very_High,R20_OUT,0.0,0.0,0.0,0.0,0.2295597484276729,0.2,0.0909090909090909,2149.0,855.2135006416453
5,all,R1,Very_Low,R1_OUT,0.0,0.0,7873.070341004152,0.0,0.2044025157232704,0.2,0.0909090909090909,2821.0,708.7355342814824
5,all,R2,Low,R2_OUT,0.09852238386564732,0.12467484296358498,-1460.0620299830825,-182.03300430523393,0.2044025157232704,0.2,0.0909090909090909,2821.0,708.7355342814824
5,all,R3,Low,R3_OUT,0.0,0.0,-33121.89363607728,-0.0,0.2044025157232704,0.2,0.0909090909090909,2821.0,708.7355342814824
5,all,R4,Low,R4_OUT,0.0,0.0,-10534.975714995657,-0.0,0.2044025157232704,0.2,0.0909090909090909,2821.0,708.7355342814824
5,all,R5,Medium,R5_OUT,0.545990566037736,0.690922056587474,1101.4012972068917,760.9824493942973,0.2044025157232704,0.2,0.0909090909090909,2821.0,708.7355342814824
5,all,R6,Medium,R6_OUT,0.019414588622167446,0.024568130537443392,8003.672302027255,196.63526589512566,0.2044025157232704,0.2,0.0909090909090909,2821.0,708.7355342814824
5,all,R7,Medium,R7_OUT,0.002389957313360834,0.003024364018021172,28801.578655623704,87.10645814827494,0.2044025157232704,0.2,0.0909090909090909,2821.0,708.7355342814824
5,all,R8,Medium,R8_OUT,0.0,0.0,5205.7443568162325,0.0,0.2044025157232704,0.2,0.0909090909090909,2821.0,708.7355342814824
5,all,R9,High,R9_OUT,0.013244646496854586,0.01676039654455931,10043.856547752861,168.33901857700647,0.2044025157232704,0.2,0.0909090909090909,2821.0,708.7355342814824
5,all,R10,High,R10_OUT,0.10759161335014196,0.1361514710902653,-2373.8088190854432,-323.1975628055285,0.2044025157232704,0.2,0.0909090909090909,2821.0,708.7355342814824
5,all,R11,Medium,R11_OUT,0.0004709593520058932,0.0005959740411238646,-1966.0557518383612,-1.171718191497926,0.2044025157232704,0.2,0.0909090909090909,2821.0,708.7355342814824
5,all,R12,Medium,R12_OUT,0.0,0.0,0.0,0.0,0.2044025157232704,0.2,0.0909090909090909,2821.0,708.7355342814824
5,all,R13,High,R13_OUT,0.0,0.0,85929.22290302058,0.0,0.2044025157232704,0.2,0.0909090909090909,2821.0,708.7355342814824
5,all,R14,High,R14_OUT,0.0,0.0,-18502.088550231187,-0.0,0.2044025157232704,0.2,0.0909090909090909,2821.0,708.7355342814824
5,all,R15,High,R15_OUT,0.0026099588042156783,0.0033027642175279775,628.1488572597042,2.0746275690384404,0.2044025157232704,0.2,0.0909090909090909,2821.0,708.7355342814824
5,all,R16,High,R16_OUT,0.0,0.0,1370.0204352362853,0.0,0.2044025157232704,0.2,0.0909090909090909,2821.0,708.7355342814824
5,all,R17,High,R17_OUT,0.0,0.0,-246250.6375573096,-0.0,0.2044025157232704,0.2,0.0909090909090909,2821.0,708.7355342814824
5,all,R18,Very_High,R18_OUT,0.0,0.0,4613.729861185524,0.0,0.2044025157232704,0.2,0.0909090909090909,2821.0,708.7355342814824
5,all,R19,Very_High,R19_OUT,0.0,0.0,1616.9007402411626,0.0,0.2044025157232704,0.2,0.0909090909090909,2821.0,708.7355342814824
5,all,R20,Very_High,R20_OUT,0.0,0.0,0.0,0.0,0.2044025157232704,0.2,0.0909090909090909,2821.0,708.7355342814824
6,all,R1,Very_Low,R1_OUT,0.0,0.0,2236.471788107031,0.0,0.130503144654088,0.6,0.2424242424242424,2569.0,2217.519431495497
6,all,R2,Low,R2_OUT,0.43069966369010143,0.6692437292876621,-620.5499457282494,-415.29915988843,0.130503144654088,0.6,0.2424242424242424,2569.0,2217.519431495497
6,all,R3,Low,R3_OUT,0.0,0.0,-18846.07112262448,-0.0,0.130503144654088,0.6,0.2424242424242424,2569.0,2217.519431495497
6,all,R4,Low,R4_OUT,0.0,0.0,9313.813455220876,0.0,0.130503144654088,0.6,0.2424242424242424,2569.0,2217.519431495497
6,all,R5,Medium,R5_OUT,0.0,0.0,517.4987247881561,0.0,0.130503144654088,0.6,0.2424242424242424,2569.0,2217.519431495497
6,all,R6,Medium,R6_OUT,0.02072741246048133,0.03220734071321934,-832.5236894730745,-26.813374118685726,0.130503144654088,0.6,0.2424242424242424,2569.0,2217.519431495497
6,all,R7,Medium,R7_OUT,0.18331274873598588,0.2848409644413262,7345.521931342562,2092.305551248529,0.130503144654088,0.6,0.2424242424242424,2569.0,2217.519431495497
6,all,R8,Medium,R8_OUT,0.0,0.0,4342.041750226606,0.0,0.130503144654088,0.6,0.2424242424242424,2569.0,2217.519431495497
6,all,R9,High,R9_OUT,0.0,0.0,11341.53078052588,0.0,0.130503144654088,0.6,0.2424242424242424,2569.0,2217.519431495497
6,all,R10,High,R10_OUT,0.0,0.0,-19674.40720290404,-0.0,0.130503144654088,0.6,0.2424242424242424,2569.0,2217.519431495497
6,all,R11,Medium,R11_OUT,0.008821922264256184,0.013707965557792363,41386.623847444964,567.3264142540836,0.130503144654088,0.6,0.2424242424242424,2569.0,2217.519431495497
6,all,R12,Medium,R12_OUT,0.0,0.0,0.0,0.0,0.130503144654088,0.6,0.2424242424242424,2569.0,2217.519431495497
6,all,R13,High,R13_OUT,0.0,0.0,16035.343552862105,0.0,0.130503144654088,0.6,0.2424242424242424,2569.0,2217.519431495497
6,all,R14,High,R14_OUT,0.0,0.0,-41845.47063622078,-0.0,0.130503144654088,0.6,0.2424242424242424,2569.0,2217.519431495497
6,all,R15,High,R15_OUT,0.0,0.0,-367.92499490986484,-0.0,0.130503144654088,0.6,0.2424242424242424,2569.0,2217.519431495497
6,all,R16,High,R16_OUT,0.0,0.0,1553.7951759690204,0.0,0.130503144654088,0.6,0.2424242424242424,2569.0,2217.519431495497
6,all,R17,High,R17_OUT,0.0,0.0,-323070.7085171269,-0.0,0.130503144654088,0.6,0.2424242424242424,2569.0,2217.519431495497
6,all,R18,Very_High,R18_OUT,0.0,0.0,-55781.22623694569,-0.0,0.130503144654088,0.6,0.2424242424242424,2569.0,2217.519431495497
6,all,R19,Very_High,R19_OUT,0.0,0.0,1833.7920410488516,0.0,0.130503144654088,0.6,0.2424242424242424,2569.0,2217.519431495497
6,all,R20,Very_High,R20_OUT,0.0,0.0,0.0,0.0,0.130503144654088,0.6,0.2424242424242424,2569.0,2217.519431495497
7,all,R1,Very_Low,R1_OUT,0.0,0.0,3267.2121165085514,0.0,0.2389937106918239,0.4,0.3636363636363636,3913.0,3582.6964804310264
7,all,R2,Low,R2_OUT,0.0,0.0,-5096.527076048596,-0.0,0.2389937106918239,0.4,0.3636363636363636,3913.0,3582.6964804310264
7,all,R3,Low,R3_OUT,0.0,0.0,-45151.176941938844,-0.0,0.2389937106918239,0.4,0.3636363636363636,3913.0,3582.6964804310264
7,all,R4,Low,R4_OUT,0.0,0.0,4080.7942953276834,0.0,0.2389937106918239,0.4,0.3636363636363636,3913.0,3582.6964804310264
7,all,R5,Medium,R5_OUT,0.0,0.0,1325.01795241627,0.0,0.2389937106918239,0.4,0.3636363636363636,3913.0,3582.6964804310264
7,all,R6,Medium,R6_OUT,0.0,0.0,3587.7358090812813,0.0,0.2389937106918239,0.4,0.3636363636363636,3913.0,3582.6964804310264
7,all,R7,Medium,R7_OUT,0.2939998949004695,0.7160887556878411,1798.3268729706651,1287.76165278557,0.2389937106918239,0.4,0.3636363636363636,3913.0,3582.6964804310264
7,all,R8,Medium,R8_OUT,0.0,0.0,12648.156171847133,0.0,0.2389937106918239,0.4,0.3636363636363636,3913.0,3582.6964804310264
7,all,R9,High,R9_OUT,0.0,0.0,11985.400998076526,0.0,0.2389937106918239,0.4,0.3636363636363636,3913.0,3582.6964804310264
7,all,R10,High,R10_OUT,0.0,0.0,-16561.840117465836,-0.0,0.2389937106918239,0.4,0.3636363636363636,3913.0,3582.6964804310264
7,all,R11,Medium,R11_OUT,0.11656358981458798,0.2839112443121588,8083.28262307986,2294.934827645454,0.2389937106918239,0.4,0.3636363636363636,3913.0,3582.6964804310264
7,all,R12,Medium,R12_OUT,0.0,0.0,0.0,0.0,0.2389937106918239,0.4,0.3636363636363636,3913.0,3582.6964804310264
7,all,R13,High,R13_OUT,0.0,0.0,93936.36990328337,0.0,0.2389937106918239,0.4,0.3636363636363636,3913.0,3582.6964804310264
7,all,R14,High,R14_OUT,0.0,0.0,-22228.002298708023,-0.0,0.2389937106918239,0.4,0.3636363636363636,3913.0,3582.6964804310264
7,all,R15,High,R15_OUT,0.0,0.0,1487.5524009705778,0.0,0.2389937106918239,0.4,0.3636363636363636,3913.0,3582.6964804310264
7,all,R16,High,R16_OUT,0.0,0.0,1634.7547368457285,0.0,0.2389937106918239,0.4,0.3636363636363636,3913.0,3582.6964804310264
7,all,R17,High,R17_OUT,0.0,0.0,-331732.0780895724,-0.0,0.2389937106918239,0.4,0.3636363636363636,3913.0,3582.6964804310264
7,all,R18,Very_High,R18_OUT,0.0,0.0,-26622.155259761083,-0.0,0.2389937106918239,0.4,0.3636363636363636,3913.0,3582.6964804310264
7,all,R19,Very_High,R19_OUT,0.0,0.0,1929.3406697678279,0.0,0.2389937106918239,0.4,0.3636363636363636,3913.0,3582.6964804310264
7,all,R20,Very_High,R20_OUT,0.0,0.0,0.0,0.0,0.2389937106918239,0.4,0.3636363636363636,3913.0,3582.6964804310264
8,all,R1,Very_Low,R1_OUT,0.012316561844863728,0.04618701112828674,124.62830806263719,5.756209051388572,0.2908805031446541,0.8,0.3333333333333333,7854.0,7530.563591535758
8,all,R2,Low,R2_OUT,0.0033337307715517765,0.012501464465798527,-2668.8011677747236,-33.36392296521732,0.2908805031446541,0.8,0.3333333333333333,7854.0,7530.563591535758
8,all,R3,Low,R3_OUT,0.07972375106971209,0.2989634464735881,4809.246432722321,1437.788888467474,0.2908805031446541,0.8,0.3333333333333333,7854.0,7530.563591535758
8,all,R4,Low,R4_OUT,0.01576673355817621,0.05912512822008842,11429.714438755887,675.7833317104378,0.2908805031446541,0.8,0.3333333333333333,7854.0,7530.563591535758
8,all,R5,Medium,R5_OUT,0.0,0.0,1678.3153497665346,0.0,0.2908805031446541,0.8,0.3333333333333333,7854.0,7530.563591535758
8,all,R6,Medium,R6_OUT,0.004267590703623965,0.016003431948133404,-2679.437474364156,-42.88019528026521,0.2908805031446541,0.8,0.3333333333333333,7854.0,7530.563591535758
8,all,R7,Medium,R7_OUT,0.021578872863409364,0.08092060541179383,-2703.830509437452,-218.79560175455754,0.2908805031446541,0.8,0.3333333333333333,7854.0,7530.563591535758
8,all,R8,Medium,R8_OUT,0.102056333350748,0.3827104563396354,4363.661383191489,1670.0188392728594,0.2908805031446541,0.8,0.3333333333333333,7854.0,7530.563591535758
8,all,R9,High,R9_OUT,0.0,0.0,12661.341175081296,0.0,0.2908805031446541,0.8,0.3333333333333333,7854.0,7530.563591535758
8,all,R10,High,R10_OUT,0.0,0.0,-21451.48844945504,-0.0,0.2908805031446541,0.8,0.3333333333333333,7854.0,7530.563591535758
8,all,R11,Medium,R11_OUT,0.02762364556022726,0.1035884560126756,38964.342151597855,4036.2560430336366,0.2908805031446541,0.8,0.3333333333333333,7854.0,7530.563591535758
8,all,R12,Medium,R12_OUT,0.0,0.0,0.0,0.0,0.2908805031446541,0.8,0.3333333333333333,7854.0,7530.563591535758
8,all,R13,High,R13_OUT,0.0,0.0,2701.835629681431,0.0,0.2908805031446541,0.8,0.3333333333333333,7854.0,7530.563591535758
8,all,R14,High,R14_OUT,0.0,0.0,-29580.706542964937,-0.0,0.2908805031446541,0.8,0.3333333333333333,7854.0,7530.563591535758
8,all,R15,High,R15_OUT,0.0,0.0,-381.449968321454,-0.0,0.2908805031446541,0.8,0.3333333333333333,7854.0,7530.563591535758
8,all,R16,High,R16_OUT,0.0,0.0,1724.3541225310303,0.0,0.2908805031446541,0.8,0.3333333333333333,7854.0,7530.563591535758
8,all,R17,High,R17_OUT,0.0,0.0,-400392.7778706376,-0.0,0.2908805031446541,0.8,0.3333333333333333,7854.0,7530.563591535758
8,all,R18,Very_High,R18_OUT,0.0,0.0,-65910.00509274134,-0.0,0.2908805031446541,0.8,0.3333333333333333,7854.0,7530.563591535758
8,all,R19,Very_High,R19_OUT,0.0,0.0,2035.086036261233,0.0,0.2908805031446541,0.8,0.3333333333333333,7854.0,7530.563591535758
8,all,R20,Very_High,R20_OUT,0.0,0.0,0.0,0.0,0.2908805031446541,0.8,0.3333333333333333,7854.0,7530.563591535758
9,all,R1,Very_Low,R1_OUT,0.5000000000000001,0.7571661789313048,1715.9425880584222,1299.2536926656894,0.0644654088050314,0.8,0.0909090909090909,2422.0,2575.74616199053
9,all,R2,Low,R2_OUT,0.13533528323661262,0.20494259856570365,3878.611454297503,794.8927102704332,0.0644654088050314,0.8,0.0909090909090909,2422.0,2575.74616199053
9,all,R3,Low,R3_OUT,0.012129006727141133,0.018367347355643084,15421.943695674578,283.26019675762495,0.0644654088050314,0.8,0.0909090909090909,2422.0,2575.74616199053
9,all,R4,Low,R4_OUT,0.0073836368683391105,0.011181280228433258,11548.373258175114,129.12559758220078,0.0644654088050314,0.8,0.0909090909090909,2422.0,2575.74616199053
9,all,R5,Medium,R5_OUT,0.0,0.0,24.478569688777213,0.0,0.0644654088050314,0.8,0.0909090909090909,2422.0,2575.74616199053
9,all,R6,Medium,R6_OUT,0.0019985331737859373,0.003026443453325902,-4536.602530133262,-13.729771027663535,0.0644654088050314,0.8,0.0909090909090909,2422.0,2575.74616199053
9,all,R7,Medium,R7_OUT,0.003282965121592849,0.004971500313362407,15934.638091948913,79.21905826744057,0.0644654088050314,0.8,0.0909090909090909,2422.0,2575.74616199053
9,all,R8,Medium,R8_OUT,0.00017911236249370467,0.00027123564621743415,-5217.925756556444,-1.415287464494181,0.0644654088050314,0.8,0.0909090909090909,2422.0,2575.74616199053
9,all,R9,High,R9_OUT,0.0,0.0,10658.062549177079,0.0,0.0644654088050314,0.8,0.0909090909090909,2422.0,2575.74616199053
9,all,R10,High,R10_OUT,0.0,0.0,-19900.812965865996,-0.0,0.0644654088050314,0.8,0.0909090909090909,2422.0,2575.74616199053
9,all,R11,Medium,R11_OUT,4.848044461852869e-05,7.34155060094042e-05,70011.98001195323,5.1399649392978395,0.0644654088050314,0.8,0.0909090909090909,2422.0,2575.74616199053
9,all,R12,Medium,R12_OUT,0.0,0.0,0.0,0.0,0.0644654088050314,0.8,0.0909090909090909,2422.0,2575.74616199053
9,all,R13,High,R13_OUT,0.0,0.0,-63371.42003678105,-0.0,0.0644654088050314,0.8,0.0909090909090909,2422.0,2575.74616199053
9,all,R14,High,R14_OUT,0.0,0.0,-56184.8891109676,-0.0,0.0644654088050314,0.8,0.0909090909090909,2422.0,2575.74616199053
9,all,R15,High,R15_OUT,0.0,0.0,-2326.311701964104,-0.0,0.0644654088050314,0.8,0.0909090909090909,2422.0,2575.74616199053
9,all,R16,High,R16_OUT,0.0,0.0,1464.4632253022107,0.0,0.0644654088050314,0.8,0.0909090909090909,2422.0,2575.74616199053
9,all,R17,High,R17_OUT,0.0,0.0,-317002.8246745539,-0.0,0.0644654088050314,0.8,0.0909090909090909,2422.0,2575.74616199053
9,all,R18,Very_High,R18_OUT,0.0,0.0,-79165.36517793343,-0.0,0.0644654088050314,0.8,0.0909090909090909,2422.0,2575.74616199053
9,all,R19,Very_High,R19_OUT,0.0,0.0,1728.3623018691117,0.0,0.0644654088050314,0.8,0.0909090909090909,2422.0,2575.74616199053
9,all,R20,Very_High,R20_OUT,0.0,0.0,0.0,0.0,0.0644654088050314,0.8,0.0909090909090909,2422.0,2575.74616199053
10,all,R1,Very_Low,R1_OUT,0.0,0.0,-4702.59656059541,-0.0,0.2751572327044025,1.0,0.6060606060606061,4067.0,-5089.4398329706055
10,all,R2,Low,R2_OUT,0.0,0.0,-5739.760572557661,-0.0,0.2751572327044025,1.0,0.6060606060606061,4067.0,-5089.4398329706055
10,all,R3,Low,R3_OUT,0.2914454628650566,0.5282472568608955,-11939.199071265932,-6306.849158512379,0.2751572327044025,1.0,0.6060606060606061,4067.0,-5089.4398329706055
10,all,R4,Low,R4_OUT,0.0,0.0,28188.269664628635,0.0,0.2751572327044025,1.0,0.6060606060606061,4067.0,-5089.4398329706055
10,all,R5,Medium,R5_OUT,0.0,0.0,1531.2805062819007,0.0,0.2751572327044025,1.0,0.6060606060606061,4067.0,-5089.4398329706055
10,all,R6,Medium,R6_OUT,0.0,0.0,-7769.739328992126,-0.0,0.2751572327044025,1.0,0.6060606060606061,4067.0,-5089.4398329706055
10,all,R7,Medium,R7_OUT,0.0011267048844479965,0.0020421617089198007,-30213.473422445095,-61.70079851678346,0.2751572327044025,1.0,0.6060606060606061,4067.0,-5089.4398329706055
10,all,R8,Medium,R8_OUT,0.2532437754746591,0.4590063897255626,11846.00542413815,5437.392182403084,0.2751572327044025,1.0,0.6060606060606061,4067.0,-5089.4398329706055
10,all,R9,High,R9_OUT,0.0,0.0,14452.975001803274,0.0,0.2751572327044025,1.0,0.6060606060606061,4067.0,-5089.4398329706055
10,all,R10,High,R10_OUT,0.0,0.0,-37554.06331194396,-0.0,0.2751572327044025,1.0,0.6060606060606061,4067.0,-5089.4398329706055
10,all,R11,Medium,R11_OUT,0.0009790202118036143,0.0017744820461867566,55100.03771222363,97.77402766455404,0.2751572327044025,1.0,0.6060606060606061,4067.0,-5089.4398329706055
10,all,R12,Medium,R12_OUT,0.0,0.0,0.0,0.0,0.2751572327044025,1.0,0.6060606060606061,4067.0,-5089.4398329706055
10,all,R13,High,R13_OUT,0.0,0.0,5906.550829705346,0.0,0.2751572327044025,1.0,0.6060606060606061,4067.0,-5089.4398329706055
10,all,R14,High,R14_OUT,0.0,0.0,-39424.71642212001,-0.0,0.2751572327044025,1.0,0.6060606060606061,4067.0,-5089.4398329706055
10,all,R15,High,R15_OUT,0.0,0.0,378.256931455885,0.0,0.2751572327044025,1.0,0.6060606060606061,4067.0,-5089.4398329706055
10,all,R16,High,R16_OUT,0.0,0.0,1971.9407104597622,0.0,0.2751572327044025,1.0,0.6060606060606061,4067.0,-5089.4398329706055
10,all,R17,High,R17_OUT,0.004926714395297983,0.008929709658435307,-476617.5215997837,-4256.056086009087,0.2751572327044025,1.0,0.6060606060606061,4067.0,-5089.4398329706055
10,all,R18,Very_High,R18_OUT,0.0,0.0,-102430.7627803339,-0.0,0.2751572327044025,1.0,0.6060606060606061,4067.0,-5089.4398329706055
10,all,R19,Very_High,R19_OUT,0.0,0.0,2327.2882012806967,0.0,0.2751572327044025,1.0,0.6060606060606061,4067.0,-5089.4398329706055
10,all,R20,Very_High,R20_OUT,0.0,0.0,0.0,0.0,0.2751572327044025,1.0,0.6060606060606061,4067.0,-5089.4398329706055
11,all,R1,Very_Low,R1_OUT,0.0,0.0,520.6387707698705,0.0,0.3286163522012578,0.6,0.4848484848484848,9051.0,9445.199028248026
11,all,R2,Low,R2_OUT,0.0,0.0,-6849.865644579026,-0.0,0.3286163522012578,0.6,0.4848484848484848,9051.0,9445.199028248026
11,all,R3,Low,R3_OUT,0.0,0.0,-32113.29712202299,-0.0,0.3286163522012578,0.6,0.4848484848484848,9051.0,9445.199028248026
11,all,R4,Low,R4_OUT,0.0,0.0,10400.471319548189,0.0,0.3286163522012578,0.6,0.4848484848484848,9051.0,9445.199028248026
11,all,R5,Medium,R5_OUT,0.0,0.0,1962.8440368505317,0.0,0.3286163522012578,0.6,0.4848484848484848,9051.0,9445.199028248026
11,all,R6,Medium,R6_OUT,0.0,0.0,645.3108503499084,0.0,0.3286163522012578,0.6,0.4848484848484848,9051.0,9445.199028248026
11,all,R7,Medium,R7_OUT,0.08517778652831547,0.17037500527899535,-11577.791680868264,-1972.5663187470388,0.3286163522012578,0.6,0.4848484848484848,9051.0,9445.199028248026
11,all,R8,Medium,R8_OUT,0.0,0.0,13946.09076705215,0.0,0.3286163522012578,0.6,0.4848484848484848,9051.0,9445.199028248026
11,all,R9,High,R9_OUT,0.0,0.0,13260.484680654146,0.0,0.3286163522012578,0.6,0.4848484848484848,9051.0,9445.199028248026
11,all,R10,High,R10_OUT,0.0,0.0,-22302.01344130413,-0.0,0.3286163522012578,0.6,0.4848484848484848,9051.0,9445.199028248026
11,all,R11,Medium,R11_OUT,0.4147651856748765,0.8296249947210046,13762.56190405009,11417.765346995055,0.3286163522012578,0.6,0.4848484848484848,9051.0,9445.199028248026
11,all,R12,Medium,R12_OUT,0.0,0.0,0.0,0.0,0.3286163522012578,0.6,0.4848484848484848,9051.0,9445.199028248026
11,all,R13,High,R13_OUT,0.0,0.0,79407.23133169021,0.0,0.3286163522012578,0.6,0.4848484848484848,9051.0,9445.199028248026
11,all,R14,High,R14_OUT,0.0,0.0,-18682.717141724643,-0.0,0.3286163522012578,0.6,0.4848484848484848,9051.0,9445.199028248026
11,all,R15,High,R15_OUT,0.0,0.0,1520.8573765201713,0.0,0.3286163522012578,0.6,0.4848484848484848,9051.0,9445.199028248026
11,all,R16,High,R16_OUT,0.0,0.0,1804.0404842524395,0.0,0.3286163522012578,0.6,0.4848484848484848,9051.0,9445.199028248026
11,all,R17,High,R17_OUT,0.0,0.0,-401253.76976145746,-0.0,0.3286163522012578,0.6,0.4848484848484848,9051.0,9445.199028248026
11,all,R18,Very_High,R18_OUT,0.0,0.0,-45498.60697049194,-0.0,0.3286163522012578,0.6,0.4848484848484848,9051.0,9445.199028248026
11,all,R19,Very_High,R19_OUT,0.0,0.0,2129.132032905672,0.0,0.3286163522012578,0.6,0.4848484848484848,9051.0,9445.199028248026
11,all,R20,Very_High,R20_OUT,0.0,0.0,0.0,0.0,0.3286163522012578,0.6,0.4848484848484848,9051.0,9445.199028248026
12,all,R1,Very_Low,R1_OUT,0.0,0.0,5629.911178527409,0.0,0.040880503144654,0.4,0.0606060606060606,2282.0,2459.0979784672954
12,all,R2,Low,R2_OUT,0.8007374029168082,0.9774539560263354,2133.447931877342,2085.3471209897116,0.040880503144654,0.4,0.0606060606060606,2282.0,2459.0979784672954
12,all,R3,Low,R3_OUT,0.0,0.0,-23921.719153909788,-0.0,0.040880503144654,0.4,0.0606060606060606,2282.0,2459.0979784672954
12,all,R4,Low,R4_OUT,0.0,0.0,613.1677683621028,0.0,0.040880503144654,0.4,0.0606060606060606,2282.0,2459.0979784672954
12,all,R5,Medium,R5_OUT,0.0,0.0,-116.80361863478282,-0.0,0.040880503144654,0.4,0.0606060606060606,2282.0,2459.0979784672954
12,all,R6,Medium,R6_OUT,0.007398631151621302,0.009031451836755609,2404.2710372082647,21.714058075052893,0.040880503144654,0.4,0.0606060606060606,2282.0,2459.0979784672954
12,all,R7,Medium,R7_OUT,0.010969893039401366,0.013390863608331577,25950.947657177,347.5056005842091,0.040880503144654,0.4,0.0606060606060606,2282.0,2459.0979784672954
12,all,R8,Medium,R8_OUT,0.0,0.0,603.786615929379,0.0,0.040880503144654,0.4,0.0606060606060606,2282.0,2459.0979784672954
12,all,R9,High,R9_OUT,0.0,0.0,9734.276893024102,0.0,0.040880503144654,0.4,0.0606060606060606,2282.0,2459.0979784672954
12,all,R10,High,R10_OUT,0.0,0.0,-11392.703498546389,-0.0,0.040880503144654,0.4,0.0606060606060606,2282.0,2459.0979784672954
12,all,R11,Medium,R11_OUT,0.00010135931214855577,0.00012372852857731094,36622.1021976426,4.531198818322224,0.040880503144654,0.4,0.0606060606060606,2282.0,2459.0979784672954
12,all,R12,Medium,R12_OUT,0.0,0.0,0.0,0.0,0.040880503144654,0.4,0.0606060606060606,2282.0,2459.0979784672954
12,all,R13,High,R13_OUT,0.0,0.0,19448.903983108357,0.0,0.040880503144654,0.4,0.0606060606060606,2282.0,2459.0979784672954
12,all,R14,High,R14_OUT,0.0,0.0,-45158.94328819182,-0.0,0.040880503144654,0.4,0.0606060606060606,2282.0,2459.0979784672954
12,all,R15,High,R15_OUT,0.0,0.0,-775.2866794448927,-0.0,0.040880503144654,0.4,0.0606060606060606,2282.0,2459.0979784672954
12,all,R16,High,R16_OUT,0.0,0.0,1338.827882145905,0.0,0.040880503144654,0.4,0.0606060606060606,2282.0,2459.0979784672954
12,all,R17,High,R17_OUT,0.0,0.0,-243115.31244972718,-0.0,0.040880503144654,0.4,0.0606060606060606,2282.0,2459.0979784672954
12,all,R18,Very_High,R18_OUT,0.0,0.0,-34273.13291003615,-0.0,0.040880503144654,0.4,0.0606060606060606,2282.0,2459.0979784672954
12,all,R19,Very_High,R19_OUT,0.0,0.0,1580.0872293835785,0.0,0.040880503144654,0.4,0.0606060606060606,2282.0,2459.0979784672954
12,all,R20,Very_High,R20_OUT,0.0,0.0,0.0,0.0,0.040880503144654,0.4,0.0606060606060606,2282.0,2459.0979784672954
13,all,R1,Very_Low,R1_OUT,0.18589789403468657,0.44960262905461934,1203.9114608936638,541.2817579667789,0.2421383647798742,0.8,0.2121212121212121,4172.0,4455.244757754343
13,all,R2,Low,R2_OUT,0.0503170882845482,0.12169419829406514,-119.64895963191066,-14.56058421912433,0.2421383647798742,0.8,0.2121212121212121,4172.0,4455.244757754343
13,all,R3,Low,R3_OUT,0.042755214771487644,0.10340545850115418,16162.021630548243,1671.2412570124125,0.2421383647798742,0.8,0.2121212121212121,4172.0,4455.244757754343
13,all,R4,Low,R4_OUT,0.07865347721045689,0.19022706159065297,8743.600291042827,1663.2693910882551,0.2421383647798742,0.8,0.2121212121212121,4172.0,4455.244757754343
13,all,R5,Medium,R5_OUT,0.0,0.0,1326.2941924293584,0.0,0.2421383647798742,0.8,0.2121212121212121,4172.0,4455.244757754343
13,all,R6,Medium,R6_OUT,0.02128918123164327,0.051488866519279135,-2743.989382593653,-141.28490305068377,0.2421383647798742,0.8,0.2121212121212121,4172.0,4455.244757754343
13,all,R7,Medium,R7_OUT,0.011572578201882965,0.02798881402893098,7264.217427022555,203.31683063065378,0.2421383647798742,0.8,0.2121212121212121,4172.0,4455.244757754343
13,all,R8,Medium,R8_OUT,0.018089749365476523,0.043750893015172126,-478.2953511370415,-20.925848737250888,0.2421383647798742,0.8,0.2121212121212121,4172.0,4455.244757754343
13,all,R9,High,R9_OUT,0.0,0.0,11851.774848618848,0.0,0.2421383647798742,0.8,0.2121212121212121,4172.0,4455.244757754343
13,all,R10,High,R10_OUT,0.0,0.0,-18223.141766146466,-0.0,0.2421383647798742,0.8,0.2121212121212121,4172.0,4455.244757754343
13,all,R11,Medium,R11_OUT,0.004896362708112196,0.01184207899612611,46690.015937587756,552.9068570633012,0.2421383647798742,0.8,0.2121212121212121,4172.0,4455.244757754343
13,all,R12,Medium,R12_OUT,0.0,0.0,0.0,0.0,0.2421383647798742,0.8,0.2121212121212121,4172.0,4455.244757754343
13,all,R13,High,R13_OUT,0.0,0.0,-24181.67645949374,-0.0,0.2421383647798742,0.8,0.2121212121212121,4172.0,4455.244757754343
13,all,R14,High,R14_OUT,0.0,0.0,-35043.98715953477,-0.0,0.2421383647798742,0.8,0.2121212121212121,4172.0,4455.244757754343
13,all,R15,High,R15_OUT,0.0,0.0,-1226.1445101029358,-0.0,0.2421383647798742,0.8,0.2121212121212121,4172.0,4455.244757754343
13,all,R16,High,R16_OUT,0.0,0.0,1616.3791820700324,0.0,0.2421383647798742,0.8,0.2121212121212121,4172.0,4455.244757754343
13,all,R17,High,R17_OUT,0.0,0.0,-370557.94405158906,-0.0,0.2421383647798742,0.8,0.2121212121212121,4172.0,4455.244757754343
13,all,R18,Very_High,R18_OUT,0.0,0.0,-65766.44215932224,-0.0,0.2421383647798742,0.8,0.2121212121212121,4172.0,4455.244757754343
13,all,R19,Very_High,R19_OUT,0.0,0.0,1907.653804840024,0.0,0.2421383647798742,0.8,0.2121212121212121,4172.0,4455.244757754343
13,all,R20,Very_High,R20_OUT,0.0,0.0,0.0,0.0,0.2421383647798742,0.8,0.2121212121212121,4172.0,4455.244757754343
14,all,R1,Very_Low,R1_OUT,0.0,0.0,-247.2305592088776,-0.0,0.4056603773584906,1.0,0.2424242424242424,4977.0,5008.5040912766235
14,all,R2,Low,R2_OUT,0.0,0.0,-1202.5849751833885,-0.0,0.4056603773584906,1.0,0.2424242424242424,4977.0,5008.5040912766235
14,all,R3,Low,R3_OUT,0.0,0.0,48074.51861190851,0.0,0.4056603773584906,1.0,0.2424242424242424,4977.0,5008.5040912766235
14,all,R4,Low,R4_OUT,0.4413579599518801,0.6987497592342061,8344.60853596773,5830.793205411153,0.4056603773584906,1.0,0.2424242424242424,4977.0,5008.5040912766235
14,all,R5,Medium,R5_OUT,0.0,0.0,2513.800277087437,0.0,0.4056603773584906,1.0,0.2424242424242424,4977.0,5008.5040912766235
14,all,R6,Medium,R6_OUT,0.001706254626094606,0.002701310766675293,-4254.385564429642,-11.492417530781735,0.4056603773584906,1.0,0.2424242424242424,4977.0,5008.5040912766235
14,all,R7,Medium,R7_OUT,0.0,0.0,2475.8216038852115,0.0,0.4056603773584906,1.0,0.2424242424242424,4977.0,5008.5040912766235
14,all,R8,Medium,R8_OUT,0.18784909215415704,0.2973992084098636,-2899.492021384105,-862.3066319503482,0.4056603773584906,1.0,0.2424242424242424,4977.0,5008.5040912766235
14,all,R9,High,R9_OUT,0.0,0.0,12848.784452225213,0.0,0.4056603773584906,1.0,0.2424242424242424,4977.0,5008.5040912766235
14,all,R10,High,R10_OUT,0.0,0.0,-17339.03365942132,-0.0,0.4056603773584906,1.0,0.2424242424242424,4977.0,5008.5040912766235
14,all,R11,Medium,R11_OUT,0.000726209588540439,0.0011497215892549626,44802.09454880178,51.50993534659948,0.4056603773584906,1.0,0.2424242424242424,4977.0,5008.5040912766235
14,all,R12,Medium,R12_OUT,0.0,0.0,0.0,0.0,0.4056603773584906,1.0,0.2424242424242424,4977.0,5008.5040912766235
14,all,R13,High,R13_OUT,0.0,0.0,-48330.610536506356,-0.0,0.4056603773584906,1.0,0.2424242424242424,4977.0,5008.5040912766235
14,all,R14,High,R14_OUT,0.0,0.0,-22165.02955309917,-0.0,0.4056603773584906,1.0,0.2424242424242424,4977.0,5008.5040912766235
14,all,R15,High,R15_OUT,0.0,0.0,-1607.4951522541123,-0.0,0.4056603773584906,1.0,0.2424242424242424,4977.0,5008.5040912766235
14,all,R16,High,R16_OUT,0.0,0.0,1742.3283143206827,0.0,0.4056603773584906,1.0,0.2424242424242424,4977.0,5008.5040912766235
14,all,R17,High,R17_OUT,0.0,0.0,-438024.85255978,-0.0,0.4056603773584906,1.0,0.2424242424242424,4977.0,5008.5040912766235
14,all,R18,Very_High,R18_OUT,0.0,0.0,-72933.27486352378,-0.0,0.4056603773584906,1.0,0.2424242424242424,4977.0,5008.5040912766235
14,all,R19,Very_High,R19_OUT,0.0,0.0,2056.2992118066763,0.0,0.4056603773584906,1.0,0.2424242424242424,4977.0,5008.5040912766235
14,all,R20,Very_High,R20_OUT,0.0,0.0,0.0,0.0,0.4056603773584906,1.0,0.2424242424242424,4977.0,5008.5040912766235
15,all,R1,Very_Low,R1_OUT,0.3446969696969698,0.6050375724721454,761.178172568772,460.54139374979354,0.1415094339622641,0.8,0.2121212121212121,1617.0,2336.3329331906016
15,all,R2,Low,R2_OUT,0.09329932404948295,0.16376586247862063,1011.3623229332406,165.6266230935434,0.1415094339622641,0.8,0.2121212121212121,1617.0,2336.3329331906016
15,all,R3,Low,R3_OUT,0.07927789094654851,0.13915440780108737,6723.697234294905,935.6321068721164,0.1415094339622641,0.8,0.2121212121212121,1617.0,2336.3329331906016
15,all,R4,Low,R4_OUT,0.01982147596985448,0.03479211817312691,13029.170722141636,453.3124474625971,0.1415094339622641,0.8,0.2121212121212121,1617.0,2336.3329331906016
15,all,R5,Medium,R5_OUT,0.0,0.0,584.9911950413348,0.0,0.1415094339622641,0.8,0.2121212121212121,1617.0,2336.3329331906016
15,all,R6,Medium,R6_OUT,0.005365090129095932,0.009417202334723653,-4092.7201059576437,-38.541973337194754,0.1415094339622641,0.8,0.2121212121212121,1617.0,2336.3329331906016
15,all,R7,Medium,R7_OUT,0.021458191651304855,0.037665002386766504,6251.435166313364,235.4603204599089,0.1415094339622641,0.8,0.2121212121212121,1617.0,2336.3329331906016
15,all,R8,Medium,R8_OUT,0.004558800768452388,0.008001943715238966,-398.4308993055274,-3.1882216306548745,0.1415094339622641,0.8,0.2121212121212121,1617.0,2336.3329331906016
15,all,R9,High,R9_OUT,0.0,0.0,11551.953601415475,0.0,0.1415094339622641,0.8,0.2121212121212121,1617.0,2336.3329331906016
15,all,R10,High,R10_OUT,0.0,0.0,-22052.228894363525,-0.0,0.1415094339622641,0.8,0.2121212121212121,1617.0,2336.3329331906016
15,all,R11,Medium,R11_OUT,0.001233933186435582,0.002165890638290595,58862.73030900286,127.49023652049335,0.1415094339622641,0.8,0.2121212121212121,1617.0,2336.3329331906016
15,all,R12,Medium,R12_OUT,0.0,0.0,0.0,0.0,0.1415094339622641,0.8,0.2121212121212121,1617.0,2336.3329331906016
15,all,R13,High,R13_OUT,0.0,0.0,-33786.54005997151,-0.0,0.1415094339622641,0.8,0.2121212121212121,1617.0,2336.3329331906016
15,all,R14,High,R14_OUT,0.0,0.0,-47280.17942089126,-0.0,0.1415094339622641,0.8,0.2121212121212121,1617.0,2336.3329331906016
15,all,R15,High,R15_OUT,0.0,0.0,-1425.5377979700083,-0.0,0.1415094339622641,0.8,0.2121212121212121,1617.0,2336.3329331906016
15,all,R16,High,R16_OUT,0.0,0.0,1582.083754708609,0.0,0.1415094339622641,0.8,0.2121212121212121,1617.0,2336.3329331906016
15,all,R17,High,R17_OUT,0.0,0.0,-352044.5504453556,-0.0,0.1415094339622641,0.8,0.2121212121212121,1617.0,2336.3329331906016
15,all,R18,Very_High,R18_OUT,0.0,0.0,-76336.18729261418,-0.0,0.1415094339622641,0.8,0.2121212121212121,1617.0,2336.3329331906016
15,all,R19,Very_High,R19_OUT,0.0,0.0,1867.1782758256213,0.0,0.1415094339622641,0.8,0.2121212121212121,1617.0,2336.3329331906016
15,all,R20,Very_High,R20_OUT,0.0,0.0,0.0,0.0,0.1415094339622641,0.8,0.2121212121212121,1617.0,2336.3329331906016
16,all,R1,Very_Low,R1_OUT,0.6893939393939394,0.7962101400700219,-1390.351554444233,-1107.0120059106155,0.0723270440251572,1.0,0.2121212121212121,3192.0,2991.282781040758
16,all,R2,Low,R2_OUT,0.0026651419143335266,0.0030780848157491627,3044.219552851255,9.370365981438153,0.0723270440251572,1.0,0.2121212121212121,3192.0,2991.282781040758
16,all,R3,Low,R3_OUT,0.158555781893097,0.1831227605815596,20791.184943634613,3807.339182640128,0.0723270440251572,1.0,0.2121212121212121,3192.0,2991.282781040758
16,all,R4,Low,R4_OUT,0.011837542332490649,0.013671676961539663,21350.076257663393,291.89134569901154,0.0723270440251572,1.0,0.2121212121212121,3192.0,2991.282781040758
16,all,R5,Medium,R5_OUT,0.0,0.0,59.995968745270886,0.0,0.0723270440251572,1.0,0.2121212121212121,3192.0,2991.282781040758
16,all,R6,Medium,R6_OUT,4.576299330503752e-05,5.285361130598259e-05,-8574.871201597874,-0.45321290948811793,0.0723270440251572,1.0,0.2121212121212121,3192.0,2991.282781040758
16,all,R7,Medium,R7_OUT,0.0006129639904503815,0.0007079379681281085,1735.6339512837694,1.2287211728859921,0.0723270440251572,1.0,0.2121212121212121,3192.0,2991.282781040758
16,all,R8,Medium,R8_OUT,0.002722551900979462,0.0031443900309487093,-3855.1012942383204,-12.12194207790044,0.0723270440251572,1.0,0.2121212121212121,3192.0,2991.282781040758
16,all,R9,High,R9_OUT,0.0,0.0,11689.541468401958,0.0,0.0723270440251572,1.0,0.2121212121212121,3192.0,2991.282781040758
16,all,R10,High,R10_OUT,0.0,0.0,-28752.11958138065,-0.0,0.0723270440251572,1.0,0.2121212121212121,3192.0,2991.282781040758
16,all,R11,Medium,R11_OUT,1.052516822475648e-05,1.215596074700214e-05,85581.58971969823,1.0403264452986936,0.0723270440251572,1.0,0.2121212121212121,3192.0,2991.282781040758
16,all,R12,Medium,R12_OUT,0.0,0.0,0.0,0.0,0.0723270440251572,1.0,0.2121212121212121,3192.0,2991.282781040758
16,all,R13,High,R13_OUT,0.0,0.0,-85704.51028376237,-0.0,0.0723270440251572,1.0,0.2121212121212121,3192.0,2991.282781040758
16,all,R14,High,R14_OUT,0.0,0.0,-62581.510166336346,-0.0,0.0723270440251572,1.0,0.2121212121212121,3192.0,2991.282781040758
16,all,R15,High,R15_OUT,0.0,0.0,-2455.013772806507,-0.0,0.0723270440251572,1.0,0.2121212121212121,3192.0,2991.282781040758
16,all,R16,High,R16_OUT,0.0,0.0,1605.8839379777655,0.0,0.0723270440251572,1.0,0.2121212121212121,3192.0,2991.282781040758
16,all,R17,High,R17_OUT,0.0,0.0,-371482.3840413744,-0.0,0.0723270440251572,1.0,0.2121212121212121,3192.0,2991.282781040758
16,all,R18,Very_High,R18_OUT,0.0,0.0,-106629.73480946399,-0.0,0.0723270440251572,1.0,0.2121212121212121,3192.0,2991.282781040758
16,all,R19,Very_High,R19_OUT,0.0,0.0,1895.267297682754,0.0,0.0723270440251572,1.0,0.2121212121212121,3192.0,2991.282781040758
16,all,R20,Very_High,R20_OUT,0.0,0.0,0.0,0.0,0.0723270440251572,1.0,0.2121212121212121,3192.0,2991.282781040758
17,all,R1,Very_Low,R1_OUT,0.0,0.0,-1822.8894251326637,-0.0,0.4150943396226415,1.0,0.3939393939393939,3437.0,3340.8551674177415
17,all,R2,Low,R2_OUT,0.0,0.0,-3810.265555611768,-0.0,0.4150943396226415,1.0,0.3939393939393939,3437.0,3340.8551674177415
17,all,R3,Low,R3_OUT,0.0,0.0,29053.78205248084,0.0,0.4150943396226415,1.0,0.3939393939393939,3437.0,3340.8551674177415
17,all,R4,Low,R4_OUT,0.0,0.0,13895.257964647899,0.0,0.4150943396226415,1.0,0.3939393939393939,3437.0,3340.8551674177415
17,all,R5,Medium,R5_OUT,0.0,0.0,2574.4880805642542,0.0,0.4150943396226415,1.0,0.3939393939393939,3437.0,3340.8551674177415
17,all,R6,Medium,R6_OUT,0.0,0.0,-4863.866478989189,-0.0,0.4150943396226415,1.0,0.3939393939393939,3437.0,3340.8551674177415
17,all,R7,Medium,R7_OUT,0.0,0.0,-10502.497989162075,-0.0,0.4150943396226415,1.0,0.3939393939393939,3437.0,3340.8551674177415
17,all,R8,Medium,R8_OUT,0.6635348835062584,0.9961489676440697,3193.822033987215,3181.522521995247,0.4150943396226415,1.0,0.3939393939393939,3437.0,3340.8551674177415
17,all,R9,High,R9_OUT,0.0,0.0,13707.31820646092,0.0,0.4150943396226415,1.0,0.3939393939393939,3437.0,3340.8551674177415
17,all,R10,High,R10_OUT,0.0,0.0,-23333.882692449366,-0.0,0.4150943396226415,1.0,0.3939393939393939,3437.0,3340.8551674177415
17,all,R11,Medium,R11_OUT,0.0025651728693895878,0.003851032355930255,41374.008498562,159.3326454224956,0.4150943396226415,1.0,0.3939393939393939,3437.0,3340.8551674177415
17,all,R12,Medium,R12_OUT,0.0,0.0,0.0,0.0,0.4150943396226415,1.0,0.3939393939393939,3437.0,3340.8551674177415
17,all,R13,High,R13_OUT,0.0,0.0,-19641.209220594363,-0.0,0.4150943396226415,1.0,0.3939393939393939,3437.0,3340.8551674177415
17,all,R14,High,R14_OUT,0.0,0.0,-21597.417791127904,-0.0,0.4150943396226415,1.0,0.3939393939393939,3437.0,3340.8551674177415
17,all,R15,High,R15_OUT,0.0,0.0,-653.6602590529883,-0.0,0.4150943396226415,1.0,0.3939393939393939,3437.0,3340.8551674177415
17,all,R16,High,R16_OUT,0.0,0.0,1859.7473766768267,0.0,0.4150943396226415,1.0,0.3939393939393939,3437.0,3340.8551674177415
17,all,R17,High,R17_OUT,0.0,0.0,-465844.74419915094,-0.0,0.4150943396226415,1.0,0.3939393939393939,3437.0,3340.8551674177415
17,all,R18,Very_High,R18_OUT,0.0,0.0,-78521.4652977244,-0.0,0.4150943396226415,1.0,0.3939393939393939,3437.0,3340.8551674177415
17,all,R19,Very_High,R19_OUT,0.0,0.0,2194.877413970349,0.0,0.4150943396226415,1.0,0.3939393939393939,3437.0,3340.8551674177415
17,all,R20,Very_High,R20_OUT,0.0,0.0,0.0,0.0,0.4150943396226415,1.0,0.3939393939393939,3437.0,3340.8551674177415
18,all,R1,Very_Low,R1_OUT,0.0,0.0,121.10907297804806,0.0,0.4371069182389937,0.8,0.3939393939393939,4494.0,9600.507091267778
18,all,R2,Low,R2_OUT,0.0,0.0,-5312.961246827368,-0.0,0.4371069182389937,0.8,0.3939393939393939,4494.0,9600.507091267778
18,all,R3,Low,R3_OUT,0.0,0.0,10562.079782397392,0.0,0.4371069182389937,0.8,0.3939393939393939,4494.0,9600.507091267778
18,all,R4,Low,R4_OUT,0.0,0.0,7583.213568703704,0.0,0.4371069182389937,0.8,0.3939393939393939,4494.0,9600.507091267778
18,all,R5,Medium,R5_OUT,0.0,0.0,2751.997526834683,0.0,0.4371069182389937,0.8,0.3939393939393939,4494.0,9600.507091267778
18,all,R6,Medium,R6_OUT,0.0,0.0,-1013.9329099258257,-0.0,0.4371069182389937,0.8,0.3939393939393939,4494.0,9600.507091267778
18,all,R7,Medium,R7_OUT,0.0,0.0,-6461.438458839915,-0.0,0.4371069182389937,0.8,0.3939393939393939,4494.0,9600.507091267778
18,all,R8,Medium,R8_OUT,0.3566420875703638,0.7869860421615987,6687.92889071603,5263.3066879628195,0.4371069182389937,0.8,0.3939393939393939,4494.0,9600.507091267778
18,all,R9,High,R9_OUT,0.0,0.0,13429.189129847855,0.0,0.4371069182389937,0.8,0.3939393939393939,4494.0,9600.507091267778
18,all,R10,High,R10_OUT,0.0,0.0,-18428.876596783983,-0.0,0.4371069182389937,0.8,0.3939393939393939,4494.0,9600.507091267778
18,all,R11,Medium,R11_OUT,0.09653251587086395,0.21301395783840138,20361.108949467445,4337.200403304955,0.4371069182389937,0.8,0.3939393939393939,4494.0,9600.507091267778
18,all,R12,Medium,R12_OUT,0.0,0.0,0.0,0.0,0.4371069182389937,0.8,0.3939393939393939,4494.0,9600.507091267778
18,all,R13,High,R13_OUT,0.0,0.0,27774.481190472565,0.0,0.4371069182389937,0.8,0.3939393939393939,4494.0,9600.507091267778
18,all,R14,High,R14_OUT,0.0,0.0,-12031.802168193652,-0.0,0.4371069182389937,0.8,0.3939393939393939,4494.0,9600.507091267778
18,all,R15,High,R15_OUT,0.0,0.0,282.3501120958199,0.0,0.4371069182389937,0.8,0.3939393939393939,4494.0,9600.507091267778
18,all,R16,High,R16_OUT,0.0,0.0,1819.871211832003,0.0,0.4371069182389937,0.8,0.3939393939393939,4494.0,9600.507091267778
18,all,R17,High,R17_OUT,0.0,0.0,-437728.7573502102,-0.0,0.4371069182389937,0.8,0.3939393939393939,4494.0,9600.507091267778
18,all,R18,Very_High,R18_OUT,0.0,0.0,-53182.485812105166,-0.0,0.4371069182389937,0.8,0.3939393939393939,4494.0,9600.507091267778
18,all,R19,Very_High,R19_OUT,0.0,0.0,2147.8154878877153,0.0,0.4371069182389937,0.8,0.3939393939393939,4494.0,9600.507091267778
18,all,R20,Very_High,R20_OUT,0.0,0.0,0.0,0.0,0.4371069182389937,0.8,0.3939393939393939,4494.0,9600.507091267778
19,all,R1,Very_Low,R1_OUT,1.0,0.9484815337751292,-572.242055283368,-542.7610222858012,0.0377358490566037,1.0,0.1212121212121212,840.0,785.6297850663113
19,all,R2,Low,R2_OUT,0.0038659201394728076,0.00366675386333933,4933.993644845765,18.09174025892991,0.0377358490566037,1.0,0.1212121212121212,840.0,785.6297850663113
19,all,R3,Low,R3_OUT,0.041235730300983486,0.039111328722214386,29490.108615368372,1153.3973321094788,0.0377358490566037,1.0,0.1212121212121212,840.0,785.6297850663113
19,all,R4,Low,R4_OUT,0.008663595568208346,0.008217260412541665,19251.788099396203,158.19695621980915,0.0377358490566037,1.0,0.1212121212121212,840.0,785.6297850663113
19,all,R5,Medium,R5_OUT,0.0,0.0,-189.54132508987675,-0.0,0.0377358490566037,1.0,0.1212121212121212,840.0,785.6297850663113
19,all,R6,Medium,R6_OUT,3.349276858738401e-05,3.1767272520137454e-05,-8596.942735829296,-0.2731014227291053,0.0377358490566037,1.0,0.1212121212121212,840.0,785.6297850663113
19,all,R7,Medium,R7_OUT,0.00015941404023644116,0.00015120127338874988,9231.450807158253,1.3958071172679307,0.0377358490566037,1.0,0.1212121212121212,840.0,785.6297850663113
19,all,R8,Medium,R8_OUT,0.00035724969028743514,0.0003388447341845164,-7488.128697559553,-2.5373129780640156,0.0377358490566037,1.0,0.1212121212121212,840.0,785.6297850663113
19,all,R9,High,R9_OUT,0.0,0.0,11088.222607289565,0.0,0.0377358490566037,1.0,0.1212121212121212,840.0,785.6297850663113
19,all,R10,High,R10_OUT,0.0,0.0,-26256.07271092623,-0.0,0.0377358490566037,1.0,0.1212121212121212,840.0,785.6297850663113
19,all,R11,Medium,R11_OUT,1.3810987725026185e-06,1.309946682038232e-06,91138.09673162394,0.11938604742087021,0.0377358490566037,1.0,0.1212121212121212,840.0,785.6297850663113
19,all,R12,Medium,R12_OUT,0.0,0.0,0.0,0.0,0.0377358490566037,1.0,0.1212121212121212,840.0,785.6297850663113
19,all,R13,High,R13_OUT,0.0,0.0,-105679.54935844694,-0.0,0.0377358490566037,1.0,0.1212121212121212,840.0,785.6297850663113
19,all,R14,High,R14_OUT,0.0,0.0,-66439.98249865911,-0.0,0.0377358490566037,1.0,0.1212121212121212,840.0,785.6297850663113
19,all,R15,High,R15_OUT,0.0,0.0,-3084.6402789889644,-0.0,0.0377358490566037,1.0,0.1212121212121212,840.0,785.6297850663113
19,all,R16,High,R16_OUT,0.0,0.0,1525.5725651976697,0.0,0.0377358490566037,1.0,0.1212121212121212,840.0,785.6297850663113
19,all,R17,High,R17_OUT,0.0,0.0,-349467.8483959597,-0.0,0.0377358490566037,1.0,0.1212121212121212,840.0,785.6297850663113
19,all,R18,Very_High,R18_OUT,0.0,0.0,-106315.62227476506,-0.0,0.0377358490566037,1.0,0.1212121212121212,840.0,785.6297850663113
19,all,R19,Very_High,R19_OUT,0.0,0.0,1800.4836617929095,0.0,0.0377358490566037,1.0,0.1212121212121212,840.0,785.6297850663113
19,all,R20,Very_High,R20_OUT,0.0,0.0,0.0,0.0,0.0377358490566037,1.0,0.1212121212121212,840.0,785.6297850663113
20,all,R1,Very_Low,R1_OUT,0.0,0.0,86.52242634779759,0.0,0.3034591194968553,0.6,0.5151515151515151,5180.0,5433.736497174257
20,all,R2,Low,R2_OUT,0.0,0.0,-7067.442478475317,-0.0,0.3034591194968553,0.6,0.5151515151515151,5180.0,5433.736497174257
20,all,R3,Low,R3_OUT,0.0,0.0,-38453.994115401605,-0.0,0.3034591194968553,0.6,0.5151515151515151,5180.0,5433.736497174257
20,all,R4,Low,R4_OUT,0.0,0.0,12662.348258642029,0.0,0.3034591194968553,0.6,0.5151515151515151,5180.0,5433.736497174257
20,all,R5,Medium,R5_OUT,0.0,0.0,1775.756416997864,0.0,0.3034591194968553,0.6,0.5151515151515151,5180.0,5433.736497174257
20,all,R6,Medium,R6_OUT,0.0,0.0,160.94328553392734,0.0,0.3034591194968553,0.6,0.5151515151515151,5180.0,5433.736497174257
20,all,R7,Medium,R7_OUT,0.1853869471498628,0.3544399653604369,-14445.640832043318,-5120.112436118747,0.3034591194968553,0.6,0.5151515151515151,5180.0,5433.736497174257
20,all,R8,Medium,R8_OUT,0.0,0.0,15186.21714955614,0.0,0.3034591194968553,0.6,0.5151515151515151,5180.0,5433.736497174257
20,all,R9,High,R9_OUT,0.0,0.0,13351.61447131538,0.0,0.3034591194968553,0.6,0.5151515151515151,5180.0,5433.736497174257
20,all,R10,High,R10_OUT,0.0,0.0,-24530.050413618075,-0.0,0.3034591194968553,0.6,0.5151515151515151,5180.0,5433.736497174257
20,all,R11,Medium,R11_OUT,0.33765493657602913,0.6455600346395631,16348.36168131994,10553.848933293008,0.3034591194968553,0.6,0.5151515151515151,5180.0,5433.736497174257
20,all,R12,Medium,R12_OUT,0.0,0.0,0.0,0.0,0.3034591194968553,0.6,0.5151515151515151,5180.0,5433.736497174257
20,all,R13,High,R13_OUT,0.0,0.0,82563.80450224422,0.0,0.3034591194968553,0.6,0.5151515151515151,5180.0,5433.736497174257
20,all,R14,High,R14_OUT,0.0,0.0,-21857.671459569945,-0.0,0.3034591194968553,0.6,0.5151515151515151,5180.0,5433.736497174257
20,all,R15,High,R15_OUT,0.0,0.0,1658.0374090461205,0.0,0.3034591194968553,0.6,0.5151515151515151,5180.0,5433.736497174257
20,all,R16,High,R16_OUT,0.0,0.0,1818.307400620286,0.0,0.3034591194968553,0.6,0.5151515151515151,5180.0,5433.736497174257
20,all,R17,High,R17_OUT,0.0,0.0,-401842.27355765644,-0.0,0.3034591194968553,0.6,0.5151515151515151,5180.0,5433.736497174257
20,all,R18,Very_High,R18_OUT,0.0,0.0,-49456.86406190427,-0.0,0.3034591194968553,0.6,0.5151515151515151,5180.0,5433.736497174257
20,all,R19,Very_High,R19_OUT,0.0,0.0,2145.969874915786,0.0,0.3034591194968553,0.6,0.5151515151515151,5180.0,5433.736497174257
20,all,R20,Very_High,R20_OUT,0.0,0.0,0.0,0.0,0.3034591194968553,0.6,0.5151515151515151,5180.0,5433.736497174257
21,all,R1,Very_Low,R1_OUT,0.0,0.0,5619.35158175351,0.0,0.6053459119496856,0.6,0.1212121212121212,5775.0,5856.922510604141
21,all,R2,Low,R2_OUT,0.0,0.0,-3956.190817182238,-0.0,0.6053459119496856,0.6,0.1212121212121212,5775.0,5856.922510604141
21,all,R3,Low,R3_OUT,0.0,0.0,41615.48569945709,0.0,0.6053459119496856,0.6,0.1212121212121212,5775.0,5856.922510604141
21,all,R4,Low,R4_OUT,0.0,0.0,-15670.659341803173,-0.0,0.6053459119496856,0.6,0.1212121212121212,5775.0,5856.922510604141
21,all,R5,Medium,R5_OUT,0.0,0.0,4022.5697257355405,0.0,0.6053459119496856,0.6,0.1212121212121212,5775.0,5856.922510604141
21,all,R6,Medium,R6_OUT,0.6257282315881078,0.944248068202968,6120.538947300691,5779.307077349705,0.6053459119496856,0.6,0.1212121212121212,5775.0,5856.922510604141
21,all,R7,Medium,R7_OUT,0.0,0.0,22583.202568055087,0.0,0.6053459119496856,0.6,0.1212121212121212,5775.0,5856.922510604141
21,all,R8,Medium,R8_OUT,0.0,0.0,-915.4597100377678,-0.0,0.6053459119496856,0.6,0.1212121212121212,5775.0,5856.922510604141
21,all,R9,High,R9_OUT,0.0,0.0,12091.971880918489,0.0,0.6053459119496856,0.6,0.1212121212121212,5775.0,5856.922510604141
21,all,R10,High,R10_OUT,0.0,0.0,3477.158444408926,0.0,0.6053459119496856,0.6,0.1212121212121212,5775.0,5856.922510604141
21,all,R11,Medium,R11_OUT,0.025802360599478547,0.03893675867764225,-14223.856830334327,-553.8308808680611,0.6053459119496856,0.6,0.1212121212121212,5775.0,5856.922510604141
21,all,R12,Medium,R12_OUT,0.0,0.0,0.0,0.0,0.6053459119496856,0.6,0.1212121212121212,5775.0,5856.922510604141
21,all,R13,High,R13_OUT,0.010701679127032923,0.016149247120562416,39127.13738492278,631.8738107493143,0.6053459119496856,0.6,0.1212121212121212,5775.0,5856.922510604141
21,all,R14,High,R14_OUT,0.0,0.0,16357.68660707985,0.0,0.6053459119496856,0.6,0.1212121212121212,5775.0,5856.922510604141
21,all,R15,High,R15_OUT,0.0,0.0,-175.15133575798563,-0.0,0.6053459119496856,0.6,0.1212121212121212,5775.0,5856.922510604141
21,all,R16,High,R16_OUT,0.0,0.0,1624.2636309979284,0.0,0.6053459119496856,0.6,0.1212121212121212,5775.0,5856.922510604141
21,all,R17,High,R17_OUT,0.0,0.0,-389563.3758055117,-0.0,0.6053459119496856,0.6,0.1212121212121212,5775.0,5856.922510604141
21,all,R18,Very_High,R18_OUT,0.000441291554249994,0.000665925998827446,-641.9581568669819,-0.4274966268170712,0.6053459119496856,0.6,0.1212121212121212,5775.0,5856.922510604141
21,all,R19,Very_High,R19_OUT,0.0,0.0,1916.959046530705,0.0,0.6053459119496856,0.6,0.1212121212121212,5775.0,5856.922510604141
21,all,R20,Very_High,R20_OUT,0.0,0.0,0.0,0.0,0.6053459119496856,0.6,0.1212121212121212,5775.0,5856.922510604141
22,all,R1,Very_Low,R1_OUT,0.0,0.0,-3272.330317442331,-0.0,0.5267295597484277,1.0,0.5757575757575758,10577.0,10482.792069384988
22,all,R2,Low,R2_OUT,0.0,0.0,-8066.959124432964,-0.0,0.5267295597484277,1.0,0.5757575757575758,10577.0,10482.792069384988
22,all,R3,Low,R3_OUT,0.0,0.0,15637.727813682679,0.0,0.5267295597484277,1.0,0.5757575757575758,10577.0,10482.792069384988
22,all,R4,Low,R4_OUT,0.0,0.0,16283.859255562478,0.0,0.5267295597484277,1.0,0.5757575757575758,10577.0,10482.792069384988
22,all,R5,Medium,R5_OUT,0.0,0.0,3386.2998702576215,0.0,0.5267295597484277,1.0,0.5757575757575758,10577.0,10482.792069384988
22,all,R6,Medium,R6_OUT,0.0,0.0,-4250.727636607166,-0.0,0.5267295597484277,1.0,0.5757575757575758,10577.0,10482.792069384988
22,all,R7,Medium,R7_OUT,0.0,0.0,-25066.864184674356,-0.0,0.5267295597484277,1.0,0.5757575757575758,10577.0,10482.792069384988
22,all,R8,Medium,R8_OUT,0.8663943510765806,0.9961489676440697,10426.18402501326,10386.03245298405,0.5267295597484277,1.0,0.5757575757575758,10577.0,10482.792069384988
22,all,R9,High,R9_OUT,0.0,0.0,15036.443017349631,0.0,0.5267295597484277,1.0,0.5757575757575758,10577.0,10482.792069384988
22,all,R10,High,R10_OUT,0.0,0.0,-26710.580301141632,-0.0,0.5267295597484277,1.0,0.5757575757575758,10577.0,10482.792069384988
22,all,R11,Medium,R11_OUT,0.003349411370552427,0.003851032355930255,25125.630599269803,96.75961640093931,0.5267295597484277,1.0,0.5757575757575758,10577.0,10482.792069384988
22,all,R12,Medium,R12_OUT,0.0,0.0,0.0,0.0,0.5267295597484277,1.0,0.5757575757575758,10577.0,10482.792069384988
22,all,R13,High,R13_OUT,0.0,0.0,24360.92076022632,0.0,0.5267295597484277,1.0,0.5757575757575758,10577.0,10482.792069384988
22,all,R14,High,R14_OUT,0.0,0.0,-8718.32951622262,-0.0,0.5267295597484277,1.0,0.5757575757575758,10577.0,10482.792069384988
22,all,R15,High,R15_OUT,0.0,0.0,689.7117966308488,0.0,0.5267295597484277,1.0,0.5757575757575758,10577.0,10482.792069384988
22,all,R16,High,R16_OUT,0.0,0.0,2034.8385056551183,0.0,0.5267295597484277,1.0,0.5757575757575758,10577.0,10482.792069384988
22,all,R17,High,R17_OUT,0.0,0.0,-517684.15341761004,-0.0,0.5267295597484277,1.0,0.5757575757575758,10577.0,10482.792069384988
22,all,R18,Very_High,R18_OUT,0.0,0.0,-74690.5791390147,-0.0,0.5267295597484277,1.0,0.5757575757575758,10577.0,10482.792069384988
22,all,R19,Very_High,R19_OUT,0.0,0.0,2401.5202995529885,0.0,0.5267295597484277,1.0,0.5757575757575758,10577.0,10482.792069384988
22,all,R20,Very_High,R20_OUT,0.0,0.0,0.0,0.0,0.5267295597484277,1.0,0.5757575757575758,10577.0,10482.792069384988
23,all,R1,Very_Low,R1_OUT,0.0,0.0,5361.69905468807,0.0,0.3474842767295597,0.4,0.2121212121212121,3983.0,4093.723553624023
23,all,R2,Low,R2_OUT,0.006943691982602396,0.016794121626116727,-3814.2503423762514,-64.05698416232413,0.3474842767295597,0.4,0.2121212121212121,3983.0,4093.723553624023
23,all,R3,Low,R3_OUT,0.0,0.0,-15069.903980651812,-0.0,0.3474842767295597,0.4,0.2121212121212121,3983.0,4093.723553624023
23,all,R4,Low,R4_OUT,0.0,0.0,-6492.007982296398,-0.0,0.3474842767295597,0.4,0.2121212121212121,3983.0,4093.723553624023
23,all,R5,Medium,R5_OUT,0.0,0.0,2133.044599003542,0.0,0.3474842767295597,0.4,0.2121212121212121,3983.0,4093.723553624023
23,all,R6,Medium,R6_OUT,0.32920429345608787,0.7962186338324999,5777.760540083003,4600.360603836216,0.3474842767295597,0.4,0.2121212121212121,3983.0,4093.723553624023
23,all,R7,Medium,R7_OUT,0.0015970005661700925,0.0038625304538906077,15963.500677786538,61.65950751865386,0.3474842767295597,0.4,0.2121212121212121,3983.0,4093.723553624023
23,all,R8,Medium,R8_OUT,0.0,0.0,6461.250961985759,0.0,0.3474842767295597,0.4,0.2121212121212121,3983.0,4093.723553624023
23,all,R9,High,R9_OUT,0.0,0.0,11478.220267907273,0.0,0.3474842767295597,0.4,0.2121212121212121,3983.0,4093.723553624023
23,all,R10,High,R10_OUT,0.0,0.0,-6079.779606058428,-0.0,0.3474842767295597,0.4,0.2121212121212121,3983.0,4093.723553624023
23,all,R11,Medium,R11_OUT,0.07571468382414596,0.18312471408749284,-2753.530980682408,-504.23957356851975,0.3474842767295597,0.4,0.2121212121212121,3983.0,4093.723553624023
23,all,R12,Medium,R12_OUT,0.0,0.0,0.0,0.0,0.3474842767295597,0.4,0.2121212121212121,3983.0,4093.723553624023
23,all,R13,High,R13_OUT,0.0,0.0,76502.66811918124,0.0,0.3474842767295597,0.4,0.2121212121212121,3983.0,4093.723553624023
23,all,R14,High,R14_OUT,0.0,0.0,-8456.32625440217,-0.0,0.3474842767295597,0.4,0.2121212121212121,3983.0,4093.723553624023
23,all,R15,High,R15_OUT,0.0,0.0,767.3815169886793,0.0,0.3474842767295597,0.4,0.2121212121212121,3983.0,4093.723553624023
23,all,R16,High,R16_OUT,0.0,0.0,1557.5256284287525,0.0,0.3474842767295597,0.4,0.2121212121212121,3983.0,4093.723553624023
23,all,R17,High,R17_OUT,0.0,0.0,-325607.56958250626,-0.0,0.3474842767295597,0.4,0.2121212121212121,3983.0,4093.723553624023
23,all,R18,Very_High,R18_OUT,0.0,0.0,-8647.544747484,-0.0,0.3474842767295597,0.4,0.2121212121212121,3983.0,4093.723553624023
23,all,R19,Very_High,R19_OUT,0.0,0.0,1838.1947281679081,0.0,0.3474842767295597,0.4,0.2121212121212121,3983.0,4093.723553624023
23,all,R20,Very_High,R20_OUT,0.0,0.0,0.0,0.0,0.3474842767295597,0.4,0.2121212121212121,3983.0,4093.723553624023
24,all,R1,Very_Low,R1_OUT,0.0,0.0,-1933.5727472138865,-0.0,0.389937106918239,1.0,0.3939393939393939,3164.0,3372.4637694545545
24,all,R2,Low,R2_OUT,0.0,0.0,-3527.5127349704817,-0.0,0.389937106918239,1.0,0.3939393939393939,3164.0,3372.4637694545545
24,all,R3,Low,R3_OUT,0.0,0.0,26694.200953417516,0.0,0.389937106918239,1.0,0.3939393939393939,3164.0,3372.4637694545545
24,all,R4,Low,R4_OUT,0.0,0.0,14966.6505724226,0.0,0.389937106918239,1.0,0.3939393939393939,3164.0,3372.4637694545545
24,all,R5,Medium,R5_OUT,0.0,0.0,2389.1623312172487,0.0,0.389937106918239,1.0,0.3939393939393939,3164.0,3372.4637694545545
24,all,R6,Medium,R6_OUT,0.0,0.0,-5201.049159830186,-0.0,0.389937106918239,1.0,0.3939393939393939,3164.0,3372.4637694545545
24,all,R7,Medium,R7_OUT,0.0,0.0,-10755.693554339374,-0.0,0.389937106918239,1.0,0.3939393939393939,3164.0,3372.4637694545545
24,all,R8,Medium,R8_OUT,0.5950136416972185,0.9961489676440698,3213.788146945093,3201.4117448061024,0.389937106918239,1.0,0.3939393939393939,3164.0,3372.4637694545545
24,all,R9,High,R9_OUT,0.0,0.0,13632.362894660077,0.0,0.389937106918239,1.0,0.3939393939393939,3164.0,3372.4637694545545
24,all,R10,High,R10_OUT,0.0,0.0,-24291.15447450363,-0.0,0.389937106918239,1.0,0.3939393939393939,3164.0,3372.4637694545545
24,all,R11,Medium,R11_OUT,0.002300275220698334,0.003851032355930255,44417.18709141576,171.05202464844976,0.389937106918239,1.0,0.3939393939393939,3164.0,3372.4637694545545
24,all,R12,Medium,R12_OUT,0.0,0.0,0.0,0.0,0.389937106918239,1.0,0.3939393939393939,3164.0,3372.4637694545545
24,all,R13,High,R13_OUT,0.0,0.0,-22042.4251207138,-0.0,0.389937106918239,1.0,0.3939393939393939,3164.0,3372.4637694545545
24,all,R14,High,R14_OUT,0.0,0.0,-24656.465856467017,-0.0,0.389937106918239,1.0,0.3939393939393939,3164.0,3372.4637694545545
24,all,R15,High,R15_OUT,0.0,0.0,-703.5085810197565,-0.0,0.389937106918239,1.0,0.3939393939393939,3164.0,3372.4637694545545
24,all,R16,High,R16_OUT,0.0,0.0,1851.1735198364709,0.0,0.389937106918239,1.0,0.3939393939393939,3164.0,3372.4637694545545
24,all,R17,High,R17_OUT,0.0,0.0,-461216.3957975926,-0.0,0.389937106918239,1.0,0.3939393939393939,3164.0,3372.4637694545545
24,all,R18,Very_High,R18_OUT,0.0,0.0,-81163.90158104738,-0.0,0.389937106918239,1.0,0.3939393939393939,3164.0,3372.4637694545545
24,all,R19,Very_High,R19_OUT,0.0,0.0,2184.758531716748,0.0,0.389937106918239,1.0,0.3939393939393939,3164.0,3372.4637694545545
24,all,R20,Very_High,R20_OUT,0.0,0.0,0.0,0.0,0.389937106918239,1.0,0.3939393939393939,3164.0,3372.4637694545545
25,all,R1,Very_Low,R1_OUT,0.0,0.0,4362.028029352342,0.0,0.3930817610062893,0.6,0.1515151515151515,3542.0,3627.9476150456876
25,all,R2,Low,R2_OUT,0.0,0.0,-2070.793547558951,-0.0,0.3930817610062893,0.6,0.1515151515151515,3542.0,3627.9476150456876
25,all,R3,Low,R3_OUT,0.0,0.0,17725.40428179492,0.0,0.3930817610062893,0.6,0.1515151515151515,3542.0,3627.9476150456876
25,all,R4,Low,R4_OUT,0.0,0.0,-5440.299882384988,-0.0,0.3930817610062893,0.6,0.1515151515151515,3542.0,3627.9476150456876
25,all,R5,Medium,R5_OUT,0.0,0.0,2457.1218451145155,0.0,0.3930817610062893,0.6,0.1515151515151515,3542.0,3627.9476150456876
25,all,R6,Medium,R6_OUT,0.6163992616529187,0.9364994052298106,3128.3751937297893,2929.721508263641,0.3930817610062893,0.6,0.1515151515151515,3542.0,3627.9476150456876
25,all,R7,Medium,R7_OUT,0.0,0.0,17832.21140087388,0.0,0.3930817610062893,0.6,0.1515151515151515,3542.0,3627.9476150456876
25,all,R8,Medium,R8_OUT,0.0,0.0,473.16463759043654,0.0,0.3930817610062893,0.6,0.1515151515151515,3542.0,3627.9476150456876
25,all,R9,High,R9_OUT,0.0,0.0,11625.621540060949,0.0,0.3930817610062893,0.6,0.1515151515151515,3542.0,3627.9476150456876
25,all,R10,High,R10_OUT,0.0,0.0,-5870.587406933615,-0.0,0.3930817610062893,0.6,0.1515151515151515,3542.0,3627.9476150456876
25,all,R11,Medium,R11_OUT,0.04179577639054757,0.06350059477018945,10995.583731285471,698.2261067820464,0.3930817610062893,0.6,0.1515151515151515,3542.0,3627.9476150456876
25,all,R12,Medium,R12_OUT,0.0,0.0,0.0,0.0,0.3930817610062893,0.6,0.1515151515151515,3542.0,3627.9476150456876
25,all,R13,High,R13_OUT,0.0,0.0,24424.667298338434,0.0,0.3930817610062893,0.6,0.1515151515151515,3542.0,3627.9476150456876
25,all,R14,High,R14_OUT,0.0,0.0,-9568.937696725166,-0.0,0.3930817610062893,0.6,0.1515151515151515,3542.0,3627.9476150456876
25,all,R15,High,R15_OUT,0.0,0.0,-408.7181978598742,-0.0,0.3930817610062893,0.6,0.1515151515151515,3542.0,3627.9476150456876
25,all,R16,High,R16_OUT,0.0,0.0,1574.7624871156281,0.0,0.3930817610062893,0.6,0.1515151515151515,3542.0,3627.9476150456876
25,all,R17,High,R17_OUT,0.0,0.0,-355728.53836512036,-0.0,0.3930817610062893,0.6,0.1515151515151515,3542.0,3627.9476150456876
25,all,R18,Very_High,R18_OUT,0.0,0.0,-24253.335105494007,-0.0,0.3930817610062893,0.6,0.1515151515151515,3542.0,3627.9476150456876
25,all,R19,Very_High,R19_OUT,0.0,0.0,1858.5377017796645,0.0,0.3930817610062893,0.6,0.1515151515151515,3542.0,3627.9476150456876
25,all,R20,Very_High,R20_OUT,0.0,0.0,0.0,0.0,0.3930817610062893,0.6,0.1515151515151515,3542.0,3627.9476150456876
26,all,R1,Very_Low,R1_OUT,0.0,0.0,1165.68292511959,0.0,0.6745283018867925,0.8,0.3939393939393939,4277.0,4380.8108630114875
26,all,R2,Low,R2_OUT,0.0,0.0,-7981.440991629521,-0.0,0.6745283018867925,0.8,0.3939393939393939,4277.0,4380.8108630114875
26,all,R3,Low,R3_OUT,0.0,0.0,32830.626404807605,0.0,0.6745283018867925,0.8,0.3939393939393939,4277.0,4380.8108630114875
26,all,R4,Low,R4_OUT,0.0,0.0,-2528.054167170045,-0.0,0.6745283018867925,0.8,0.3939393939393939,4277.0,4380.8108630114875
26,all,R5,Medium,R5_OUT,0.0,0.0,4501.0092862970505,0.0,0.6745283018867925,0.8,0.3939393939393939,4277.0,4380.8108630114875
26,all,R6,Medium,R6_OUT,0.0,0.0,2168.228640511087,0.0,0.6745283018867925,0.8,0.3939393939393939,4277.0,4380.8108630114875
26,all,R7,Medium,R7_OUT,0.0,0.0,-4071.905312479168,-0.0,0.6745283018867925,0.8,0.3939393939393939,4277.0,4380.8108630114875
26,all,R8,Medium,R8_OUT,0.19789604531227367,0.5758576211458017,6499.498699676053,3742.7858598356834,0.6745283018867925,0.8,0.3939393939393939,4277.0,4380.8108630114875
26,all,R9,High,R9_OUT,0.0,0.0,14136.579884968316,0.0,0.6745283018867925,0.8,0.3939393939393939,4277.0,4380.8108630114875
26,all,R10,High,R10_OUT,0.0,0.0,-9394.624153646859,-0.0,0.6745283018867925,0.8,0.3939393939393939,4277.0,4380.8108630114875
26,all,R11,Medium,R11_OUT,0.05356463468748416,0.15586770852345808,-8358.889020590039,-1302.880877441262,0.6745283018867925,0.8,0.3939393939393939,4277.0,4380.8108630114875
26,all,R12,Medium,R12_OUT,0.0,0.0,0.0,0.0,0.6745283018867925,0.8,0.3939393939393939,4277.0,4380.8108630114875
26,all,R13,High,R13_OUT,0.0,0.0,50435.95624784978,0.0,0.6745283018867925,0.8,0.3939393939393939,4277.0,4380.8108630114875
26,all,R14,High,R14_OUT,0.07255522552417906,0.2111284210157968,16837.963948444296,3554.9727415559555,0.6745283018867925,0.8,0.3939393939393939,4277.0,4380.8108630114875
26,all,R15,High,R15_OUT,0.0,0.0,752.7936506571941,0.0,0.6745283018867925,0.8,0.3939393939393939,4277.0,4380.8108630114875
26,all,R16,High,R16_OUT,0.0,0.0,1900.7869857628611,0.0,0.6745283018867925,0.8,0.3939393939393939,4277.0,4380.8108630114875
26,all,R17,High,R17_OUT,0.0,0.0,-481408.7953899173,-0.0,0.6745283018867925,0.8,0.3939393939393939,4277.0,4380.8108630114875
26,all,R18,Very_High,R18_OUT,0.01963856399322215,0.0571462493149433,-28244.493388244504,-1614.0668609388879,0.6745283018867925,0.8,0.3939393939393939,4277.0,4380.8108630114875
26,all,R19,Very_High,R19_OUT,0.0,0.0,2243.312439156071,0.0,0.6745283018867925,0.8,0.3939393939393939,4277.0,4380.8108630114875
26,all,R20,Very_High,R20_OUT,0.0,0.0,0.0,0.0,0.6745283018867925,0.8,0.3939393939393939,4277.0,4380.8108630114875
27,all,R1,Very_Low,R1_OUT,0.0,0.0,-2905.5710505091765,-0.0,0.3160377358490566,1.0,0.4545454545454545,7252.0,7428.222031592069
27,all,R2,Low,R2_OUT,0.0,0.0,-3697.585633411856,-0.0,0.3160377358490566,1.0,0.4545454545454545,7252.0,7428.222031592069
27,all,R3,Low,R3_OUT,0.1621909363238401,0.2638088335868884,11800.699686288404,3113.128819748904,0.3160377358490566,1.0,0.4545454545454545,7252.0,7428.222031592069
27,all,R4,Low,R4_OUT,0.0,0.0,20494.83502039906,0.0,0.3160377358490566,1.0,0.4545454545454545,7252.0,7428.222031592069
27,all,R5,Medium,R5_OUT,0.0,0.0,1841.2442014990947,0.0,0.3160377358490566,1.0,0.4545454545454545,7252.0,7428.222031592069
27,all,R6,Medium,R6_OUT,0.0,0.0,-6485.893052750584,-0.0,0.3160377358490566,1.0,0.4545454545454545,7252.0,7428.222031592069
27,all,R7,Medium,R7_OUT,0.0006270172071742852,0.0010198638827343823,-16728.762699043196,-17.0610608795883,0.3160377358490566,1.0,0.4545454545454545,7252.0,7428.222031592069
27,all,R8,Medium,R8_OUT,0.4502462272975392,0.7323401340571815,5712.75914285107,4183.682796511941,0.3160377358490566,1.0,0.4545454545454545,7252.0,7428.222031592069
27,all,R9,High,R9_OUT,0.0,0.0,13744.351871169254,0.0,0.3160377358490566,1.0,0.4545454545454545,7252.0,7428.222031592069
27,all,R10,High,R10_OUT,0.0,0.0,-29644.670714807387,-0.0,0.3160377358490566,1.0,0.4545454545454545,7252.0,7428.222031592069
27,all,R11,Medium,R11_OUT,0.0017406159578312083,0.0028311684731958733,52441.76657675588,148.47147621080833,0.3160377358490566,1.0,0.4545454545454545,7252.0,7428.222031592069
27,all,R12,Medium,R12_OUT,0.0,0.0,0.0,0.0,0.3160377358490566,1.0,0.4545454545454545,7252.0,7428.222031592069
27,all,R13,High,R13_OUT,0.0,0.0,-17980.418685967787,-0.0,0.3160377358490566,1.0,0.4545454545454545,7252.0,7428.222031592069
27,all,R14,High,R14_OUT,0.0,0.0,-33874.23205341304,-0.0,0.3160377358490566,1.0,0.4545454545454545,7252.0,7428.222031592069
27,all,R15,High,R15_OUT,0.0,0.0,-475.88131781170387,-0.0,0.3160377358490566,1.0,0.4545454545454545,7252.0,7428.222031592069
27,all,R16,High,R16_OUT,0.0,0.0,1871.6693617843296,0.0,0.3160377358490566,1.0,0.4545454545454545,7252.0,7428.222031592069
27,all,R17,High,R17_OUT,0.0,0.0,-458054.32676352945,-0.0,0.3160377358490566,1.0,0.4545454545454545,7252.0,7428.222031592069
27,all,R18,Very_High,R18_OUT,0.0,0.0,-91557.69977948733,-0.0,0.3160377358490566,1.0,0.4545454545454545,7252.0,7428.222031592069
27,all,R19,Very_High,R19_OUT,0.0,0.0,2208.9477636242254,0.0,0.3160377358490566,1.0,0.4545454545454545,7252.0,7428.222031592069
27,all,R20,Very_High,R20_OUT,0.0,0.0,0.0,0.0,0.3160377358490566,1.0,0.4545454545454545,7252.0,7428.222031592069
28,all,R1,Very_Low,R1_OUT,0.0,0.0,-888.998895072345,-0.0,0.6273584905660378,1.0,0.3939393939393939,3948.0,3155.114592042999
28,all,R2,Low,R2_OUT,0.0,0.0,-6195.992479772634,-0.0,0.6273584905660378,1.0,0.3939393939393939,3948.0,3155.114592042999
28,all,R3,Low,R3_OUT,0.0,0.0,48962.74757582773,0.0,0.6273584905660378,1.0,0.3939393939393939,3948.0,3155.114592042999
28,all,R4,Low,R4_OUT,0.0,0.0,4855.382836548852,0.0,0.6273584905660378,1.0,0.3939393939393939,3948.0,3155.114592042999
28,all,R5,Medium,R5_OUT,0.0,0.0,4138.174090679617,0.0,0.6273584905660378,1.0,0.3939393939393939,3948.0,3155.114592042999
28,all,R6,Medium,R6_OUT,0.0,0.0,-2018.8876093932713,-0.0,0.6273584905660378,1.0,0.3939393939393939,3948.0,3155.114592042999
28,all,R7,Medium,R7_OUT,0.0,0.0,-8366.160407978623,-0.0,0.6273584905660378,1.0,0.3939393939393939,3948.0,3155.114592042999
28,all,R8,Medium,R8_OUT,0.5431210527762704,0.9071747990795879,3025.357955905116,2744.528495792056,0.6273584905660378,1.0,0.3939393939393939,3948.0,3155.114592042999
28,all,R9,High,R9_OUT,0.0,0.0,14339.753649780538,0.0,0.6273584905660378,1.0,0.3939393939393939,3948.0,3155.114592042999
28,all,R10,High,R10_OUT,0.0,0.0,-15256.902031366506,-0.0,0.6273584905660378,1.0,0.3939393939393939,3948.0,3155.114592042999
28,all,R11,Medium,R11_OUT,0.0020996626160994574,0.0035070653257839764,15697.189121358271,55.051067679789035,0.6273584905660378,1.0,0.3939393939393939,3948.0,3155.114592042999
28,all,R12,Medium,R12_OUT,0.0,0.0,0.0,0.0,0.6273584905660378,1.0,0.3939393939393939,3948.0,3155.114592042999
28,all,R13,High,R13_OUT,0.0,0.0,619.0499366634176,0.0,0.6273584905660378,1.0,0.3939393939393939,3948.0,3155.114592042999
28,all,R14,High,R14_OUT,0.053268393422815065,0.08897416856448179,4213.30026017093,374.8748875612233,0.6273584905660378,1.0,0.3939393939393939,3948.0,3155.114592042999
28,all,R15,High,R15_OUT,0.0,0.0,-233.06504245838278,-0.0,0.6273584905660378,1.0,0.3939393939393939,3948.0,3155.114592042999
28,all,R16,High,R16_OUT,0.0,0.0,1932.089293767329,0.0,0.6273584905660378,1.0,0.3939393939393939,3948.0,3155.114592042999
28,all,R17,High,R17_OUT,0.0,0.0,-504896.4338372996,-0.0,0.6273584905660378,1.0,0.3939393939393939,3948.0,3155.114592042999
28,all,R18,Very_High,R18_OUT,0.00020593135493062159,0.0003439670301462785,-56225.9091571867,-19.339858990071956,0.6273584905660378,1.0,0.3939393939393939,3948.0,3155.114592042999
28,all,R19,Very_High,R19_OUT,0.0,0.0,2280.255482985104,0.0,0.6273584905660378,1.0,0.3939393939393939,3948.0,3155.114592042999
28,all,R20,Very_High,R20_OUT,0.0,0.0,0.0,0.0,0.6273584905660378,1.0,0.3939393939393939,3948.0,3155.114592042999
29,all,R1,Very_Low,R1_OUT,0.7380765199161426,0.787222034447218,-176.2334840962676,-138.73488188798524,0.2012578616352201,1.0,0.1515151515151515,3927.0,3950.3968228639287
29,all,R2,Low,R2_OUT,0.0028533448828158186,0.0030433375172062562,2595.7706561398136,7.899806223893395,0.2012578616352201,1.0,0.1515151515151515,3927.0,3950.3968228639287
29,all,R3,Low,R3_OUT,0.05004626563439777,0.053378642980910294,40846.269864964765,2180.318456223869,0.2012578616352201,1.0,0.1515151515151515,3927.0,3950.3968228639287
29,all,R4,Low,R4_OUT,0.1365767882471213,0.14567088127174307,13478.220480179774,1963.3842553226439,0.2012578616352201,1.0,0.1515151515151515,3927.0,3950.3968228639287
29,all,R5,Medium,R5_OUT,0.0,0.0,1013.3141751599999,0.0,0.2012578616352201,1.0,0.1515151515151515,3927.0,3950.3968228639287
29,all,R6,Medium,R6_OUT,0.0005279949562690592,0.0005631519936431837,-6552.440194337795,-3.6900197586690595,0.2012578616352201,1.0,0.1515151515151515,3927.0,3950.3968228639287
29,all,R7,Medium,R7_OUT,0.00019347486622142422,0.00020635757091762996,8262.568394812935,1.7050435434943783,0.2012578616352201,1.0,0.1515151515151515,3927.0,3950.3968228639287
29,all,R8,Medium,R8_OUT,0.009260771803016998,0.009877408944198314,-6397.748162239657,-63.193174920434316,0.2012578616352201,1.0,0.1515151515151515,3927.0,3950.3968228639287
29,all,R9,High,R9_OUT,0.0,0.0,11741.517236457124,0.0,0.2012578616352201,1.0,0.1515151515151515,3927.0,3950.3968228639287
29,all,R10,High,R10_OUT,0.0,0.0,-21304.571317833186,-0.0,0.2012578616352201,1.0,0.1515151515151515,3927.0,3950.3968228639287
29,all,R11,Medium,R11_OUT,3.580140422034532e-05,3.818527416318511e-05,70900.05706249048,2.7073381171166675,0.2012578616352201,1.0,0.1515151515151515,3927.0,3950.3968228639287
29,all,R12,Medium,R12_OUT,0.0,0.0,0.0,0.0,0.2012578616352201,1.0,0.1515151515151515,3927.0,3950.3968228639287
29,all,R13,High,R13_OUT,0.0,0.0,-84513.85693699712,-0.0,0.2012578616352201,1.0,0.1515151515151515,3927.0,3950.3968228639287
29,all,R14,High,R14_OUT,0.0,0.0,-46672.07632646099,-0.0,0.2012578616352201,1.0,0.1515151515151515,3927.0,3950.3968228639287
29,all,R15,High,R15_OUT,0.0,0.0,-2573.597831712255,-0.0,0.2012578616352201,1.0,0.1515151515151515,3927.0,3950.3968228639287
29,all,R16,High,R16_OUT,0.0,0.0,1604.143407868185,0.0,0.2012578616352201,1.0,0.1515151515151515,3927.0,3950.3968228639287
29,all,R17,High,R17_OUT,0.0,0.0,-384768.96520384634,-0.0,0.2012578616352201,1.0,0.1515151515151515,3927.0,3950.3968228639287
29,all,R18,Very_High,R18_OUT,0.0,0.0,-90455.607241255,-0.0,0.2012578616352201,1.0,0.1515151515151515,3927.0,3950.3968228639287
29,all,R19,Very_High,R19_OUT,0.0,0.0,1893.213120705028,0.0,0.2012578616352201,1.0,0.1515151515151515,3927.0,3950.3968228639287
29,all,R20,Very_High,R20_OUT,0.0,0.0,0.0,0.0,0.2012578616352201,1.0,0.1515151515151515,3927.0,3950.3968228639287
30,all,R1,Very_Low,R1_OUT,0.0,0.0,4242.729654888431,0.0,0.1666666666666666,0.4,0.2424242424242424,710.0,2346.643709135711
30,all,R2,Low,R2_OUT,0.39480802504925977,0.6421461918180454,-2282.2940985545742,-1465.5664639956187,0.1666666666666666,0.4,0.2424242424242424,710.0,2346.643709135711
30,all,R3,Low,R3_OUT,0.0,0.0,-36010.50902448481,-0.0,0.1666666666666666,0.4,0.2424242424242424,710.0,2346.643709135711
30,all,R4,Low,R4_OUT,0.0,0.0,2399.1107174034105,0.0,0.1666666666666666,0.4,0.2424242424242424,710.0,2346.643709135711
30,all,R5,Medium,R5_OUT,0.0,0.0,799.2539050662754,0.0,0.1666666666666666,0.4,0.2424242424242424,710.0,2346.643709135711
30,all,R6,Medium,R6_OUT,0.03646216722840406,0.05930487818283598,3207.075137563349,190.19520035639636,0.1666666666666666,0.4,0.2424242424242424,710.0,2346.643709135711
30,all,R7,Medium,R7_OUT,0.16803668634132043,0.2733078138579863,11529.003967076955,3150.966870201854,0.1666666666666666,0.4,0.2424242424242424,710.0,2346.643709135711
30,all,R8,Medium,R8_OUT,0.0,0.0,7824.917668416614,0.0,0.1666666666666666,0.4,0.2424242424242424,710.0,2346.643709135711
30,all,R9,High,R9_OUT,0.0,0.0,11105.564066800787,0.0,0.1666666666666666,0.4,0.2424242424242424,710.0,2346.643709135711
30,all,R10,High,R10_OUT,0.0,0.0,-14230.935729833134,-0.0,0.1666666666666666,0.4,0.2424242424242424,710.0,2346.643709135711
30,all,R11,Medium,R11_OUT,0.015518888596855775,0.025241116141132273,18661.936339870168,471.04810257307986,0.1666666666666666,0.4,0.2424242424242424,710.0,2346.643709135711
30,all,R12,Medium,R12_OUT,0.0,0.0,0.0,0.0,0.1666666666666666,0.4,0.2424242424242424,710.0,2346.643709135711
30,all,R13,High,R13_OUT,0.0,0.0,64801.717907746206,0.0,0.1666666666666666,0.4,0.2424242424242424,710.0,2346.643709135711
30,all,R14,High,R14_OUT,0.0,0.0,-30559.140476533285,-0.0,0.1666666666666666,0.4,0.2424242424242424,710.0,2346.643709135711
30,all,R15,High,R15_OUT,0.0,0.0,596.1250573452508,0.0,0.1666666666666666,0.4,0.2424242424242424,710.0,2346.643709135711
30,all,R16,High,R16_OUT,0.0,0.0,1518.741805596897,0.0,0.1666666666666666,0.4,0.2424242424242424,710.0,2346.643709135711
30,all,R17,High,R17_OUT,0.0,0.0,-297558.16764406284,-0.0,0.1666666666666666,0.4,0.2424242424242424,710.0,2346.643709135711
30,all,R18,Very_High,R18_OUT,0.0,0.0,-28955.876341957293,-0.0,0.1666666666666666,0.4,0.2424242424242424,710.0,2346.643709135711
30,all,R19,Very_High,R19_OUT,0.0,0.0,1792.4219862338684,0.0,0.1666666666666666,0.4,0.2424242424242424,710.0,2346.643709135711
30,all,R20,Very_High,R20_OUT,0.0,0.0,0.0,0.0,0.1666666666666666,0.4,0.2424242424242424,710.0,2346.643709135711
31,all,R1,Very_Low,R1_OUT,0.07442348008385744,0.1524468291739563,-613.8690636029287,-93.58239227425219,0.3223270440251572,1.0,0.2424242424242424,2429.0,8395.488866632057
31,all,R2,Low,R2_OUT,0.00028771523050583785,0.0005893472671023685,-265.96625680912257,-0.1567464865919031,0.3223270440251572,1.0,0.2424242424242424,2429.0,8395.488866632057
31,all,R3,Low,R3_OUT,0.03167583783972049,0.06488383820069712,40258.40622126121,2612.119915478251,0.3223270440251572,1.0,0.2424242424242424,2429.0,8395.488866632057
31,all,R4,Low,R4_OUT,0.2667012850014584,0.5463029300602498,11893.59654922143,6497.506643794143,0.3223270440251572,1.0,0.2424242424242424,2429.0,8395.488866632057
31,all,R5,Medium,R5_OUT,0.0,0.0,1899.9087323754798,0.0,0.3223270440251572,1.0,0.2424242424242424,2429.0,8395.488866632057
31,all,R6,Medium,R6_OUT,0.001031045868910415,0.0021119634995729244,-5371.303194715447,-11.343996292378463,0.3223270440251572,1.0,0.2424242424242424,2429.0,8395.488866632057
31,all,R7,Medium,R7_OUT,0.00012245625943925028,0.00025083573682637013,1637.111294235412,0.41064601775631204,0.3223270440251572,1.0,0.2424242424242424,2429.0,8395.488866632057
31,all,R8,Medium,R8_OUT,0.11351238407331152,0.23251537020916646,-2833.3542722111342,-658.7984175368953,0.3223270440251572,1.0,0.2424242424242424,2429.0,8395.488866632057
31,all,R9,High,R9_OUT,0.0,0.0,12600.494981884918,0.0,0.3223270440251572,1.0,0.2424242424242424,2429.0,8395.488866632057
31,all,R10,High,R10_OUT,0.0,0.0,-20509.99643747607,-0.0,0.3223270440251572,1.0,0.2424242424242424,2429.0,8395.488866632057
31,all,R11,Medium,R11_OUT,0.0004388298116685874,0.0008988858524285924,54882.62363762991,49.33321393202858,0.3223270440251572,1.0,0.2424242424242424,2429.0,8395.488866632057
31,all,R12,Medium,R12_OUT,0.0,0.0,0.0,0.0,0.3223270440251572,1.0,0.2424242424242424,2429.0,8395.488866632057
31,all,R13,High,R13_OUT,0.0,0.0,-56284.63820565201,-0.0,0.3223270440251572,1.0,0.2424242424242424,2429.0,8395.488866632057
31,all,R14,High,R14_OUT,0.0,0.0,-32298.126269535016,-0.0,0.3223270440251572,1.0,0.2424242424242424,2429.0,8395.488866632057
31,all,R15,High,R15_OUT,0.0,0.0,-1772.6177187690319,-0.0,0.3223270440251572,1.0,0.2424242424242424,2429.0,8395.488866632057
31,all,R16,High,R16_OUT,0.0,0.0,1713.9274135370038,0.0,0.3223270440251572,1.0,0.2424242424242424,2429.0,8395.488866632057
31,all,R17,High,R17_OUT,0.0,0.0,-422693.4484796179,-0.0,0.3223270440251572,1.0,0.2424242424242424,2429.0,8395.488866632057
31,all,R18,Very_High,R18_OUT,0.0,0.0,-81686.34505203117,-0.0,0.3223270440251572,1.0,0.2424242424242424,2429.0,8395.488866632057
31,all,R19,Very_High,R19_OUT,0.0,0.0,2022.7804143416242,0.0,0.3223270440251572,1.0,0.2424242424242424,2429.0,8395.488866632057
31,all,R20,Very_High,R20_OUT,0.0,0.0,0.0,0.0,0.3223270440251572,1.0,0.2424242424242424,2429.0,8395.488866632057
32,all,R1,Very_Low,R1_OUT,0.0,0.0,6345.833536970769,0.0,0.35062893081761,0.4,0.1212121212121212,6405.0,5943.720593817521
32,all,R2,Low,R2_OUT,0.0,0.0,-2348.6054813436726,-0.0,0.35062893081761,0.4,0.1212121212121212,6405.0,5943.720593817521
32,all,R3,Low,R3_OUT,0.0,0.0,-2831.6086603230506,-0.0,0.35062893081761,0.4,0.1212121212121212,6405.0,5943.720593817521
32,all,R4,Low,R4_OUT,0.0,0.0,-10197.385052225642,-0.0,0.35062893081761,0.4,0.1212121212121212,6405.0,5943.720593817521
32,all,R5,Medium,R5_OUT,0.0,0.0,2161.495929188903,0.0,0.35062893081761,0.4,0.1212121212121212,6405.0,5943.720593817521
32,all,R6,Medium,R6_OUT,0.4877081329886207,0.9603973153235303,6261.463027113079,6013.492281236947,0.35062893081761,0.4,0.1212121212121212,6405.0,5943.720593817521
32,all,R7,Medium,R7_OUT,0.0,0.0,23839.11088142697,0.0,0.35062893081761,0.4,0.1212121212121212,6405.0,5943.720593817521
32,all,R8,Medium,R8_OUT,0.0,0.0,2798.2743892277103,0.0,0.35062893081761,0.4,0.1212121212121212,6405.0,5943.720593817521
32,all,R9,High,R9_OUT,0.0,0.0,10989.334374496144,0.0,0.35062893081761,0.4,0.1212121212121212,6405.0,5943.720593817521
32,all,R10,High,R10_OUT,0.0,0.0,-2147.825062522612,-0.0,0.35062893081761,0.4,0.1212121212121212,6405.0,5943.720593817521
32,all,R11,Medium,R11_OUT,0.02011100103751495,0.039602684676469685,-1761.7918580373444,-69.7716874194246,0.35062893081761,0.4,0.1212121212121212,6405.0,5943.720593817521
32,all,R12,Medium,R12_OUT,0.0,0.0,0.0,0.0,0.35062893081761,0.4,0.1212121212121212,6405.0,5943.720593817521
32,all,R13,High,R13_OUT,0.0,0.0,60129.45289467584,0.0,0.35062893081761,0.4,0.1212121212121212,6405.0,5943.720593817521
32,all,R14,High,R14_OUT,0.0,0.0,-7726.226488716253,-0.0,0.35062893081761,0.4,0.1212121212121212,6405.0,5943.720593817521
32,all,R15,High,R15_OUT,0.0,0.0,212.52749375637381,0.0,0.35062893081761,0.4,0.1212121212121212,6405.0,5943.720593817521
32,all,R16,High,R16_OUT,0.0,0.0,1490.0750409091906,0.0,0.35062893081761,0.4,0.1212121212121212,6405.0,5943.720593817521
32,all,R17,High,R17_OUT,0.0,0.0,-310535.5565394291,-0.0,0.35062893081761,0.4,0.1212121212121212,6405.0,5943.720593817521
32,all,R18,Very_High,R18_OUT,0.0,0.0,-4369.7777878005945,-0.0,0.35062893081761,0.4,0.1212121212121212,6405.0,5943.720593817521
32,all,R19,Very_High,R19_OUT,0.0,0.0,1758.589415658465,0.0,0.35062893081761,0.4,0.1212121212121212,6405.0,5943.720593817521
32,all,R20,Very_High,R20_OUT,0.0,0.0,0.0,0.0,0.35062893081761,0.4,0.1212121212121212,6405.0,5943.720593817521
33,all,R1,Very_Low,R1_OUT,0.0,0.0,4419.189689204799,0.0,0.1855345911949685,0.6,0.0606060606060606,651.0,1965.7590327715948
33,all,R2,Low,R2_OUT,0.6584680215809603,0.8690906287119877,1762.9061863444103,1532.125245850316,0.1855345911949685,0.6,0.0606060606060606,651.0,1965.7590327715948
33,all,R3,Low,R3_OUT,0.0,0.0,10202.207897468259,0.0,0.1855345911949685,0.6,0.0606060606060606,651.0,1965.7590327715948
33,all,R4,Low,R4_OUT,0.0,0.0,-172.76386220110453,-0.0,0.1855345911949685,0.6,0.0606060606060606,651.0,1965.7590327715948
33,all,R5,Medium,R5_OUT,0.0,0.0,933.4700245187029,0.0,0.1855345911949685,0.6,0.0606060606060606,651.0,1965.7590327715948
33,all,R6,Medium,R6_OUT,0.08894435795047308,0.11739477915110327,788.1727287165118,92.52736342059733,0.1855345911949685,0.6,0.0606060606060606,651.0,1965.7590327715948
33,all,R7,Medium,R7_OUT,0.009020839716363074,0.011906314359474349,23587.30874615444,280.8379128256935,0.1855345911949685,0.6,0.0606060606060606,651.0,1965.7590327715948
33,all,R8,Medium,R8_OUT,0.0,0.0,-3022.595739145381,-0.0,0.1855345911949685,0.6,0.0606060606060606,651.0,1965.7590327715948
33,all,R9,High,R9_OUT,0.0,0.0,10508.984910317757,0.0,0.1855345911949685,0.6,0.0606060606060606,651.0,1965.7590327715948
33,all,R10,High,R10_OUT,0.0,0.0,-9955.784038102265,-0.0,0.1855345911949685,0.6,0.0606060606060606,651.0,1965.7590327715948
33,all,R11,Medium,R11_OUT,0.0012185144463350223,0.001608277777434538,37473.94356908089,60.26851067498871,0.1855345911949685,0.6,0.0606060606060606,651.0,1965.7590327715948
33,all,R12,Medium,R12_OUT,0.0,0.0,0.0,0.0,0.1855345911949685,0.6,0.0606060606060606,651.0,1965.7590327715948
33,all,R13,High,R13_OUT,0.0,0.0,-12058.731089667257,-0.0,0.1855345911949685,0.6,0.0606060606060606,651.0,1965.7590327715948
33,all,R14,High,R14_OUT,0.0,0.0,-34458.36547825438,-0.0,0.1855345911949685,0.6,0.0606060606060606,651.0,1965.7590327715948
33,all,R15,High,R15_OUT,0.0,0.0,-1381.0519175638626,-0.0,0.1855345911949685,0.6,0.0606060606060606,651.0,1965.7590327715948
33,all,R16,High,R16_OUT,0.0,0.0,1435.5058485580862,0.0,0.1855345911949685,0.6,0.0606060606060606,651.0,1965.7590327715948
33,all,R17,High,R17_OUT,0.0,0.0,-301894.107458992,-0.0,0.1855345911949685,0.6,0.0606060606060606,651.0,1965.7590327715948
33,all,R18,Very_High,R18_OUT,0.0,0.0,-42105.97201864059,-0.0,0.1855345911949685,0.6,0.0606060606060606,651.0,1965.7590327715948
33,all,R19,Very_High,R19_OUT,0.0,0.0,1694.186750396316,0.0,0.1855345911949685,0.6,0.0606060606060606,651.0,1965.7590327715948
33,all,R20,Very_High,R20_OUT,0.0,0.0,0.0,0.0,0.1855345911949685,0.6,0.0606060606060606,651.0,1965.7590327715948
34,all,R1,Very_Low,R1_OUT,0.0,0.0,3481.5402905018186,0.0,0.5817610062893082,0.4,0.4848484848484848,9135.0,-35209.54096688852
34,all,R2,Low,R2_OUT,0.0,0.0,-10950.352875436458,-0.0,0.5817610062893082,0.4,0.4848484848484848,9135.0,-35209.54096688852
34,all,R3,Low,R3_OUT,0.0,0.0,-28926.348044462058,-0.0,0.5817610062893082,0.4,0.4848484848484848,9135.0,-35209.54096688852
34,all,R4,Low,R4_OUT,0.0,0.0,-5754.992660326083,-0.0,0.5817610062893082,0.4,0.4848484848484848,9135.0,-35209.54096688852
34,all,R5,Medium,R5_OUT,0.0,0.0,3843.0338052465763,0.0,0.5817610062893082,0.4,0.4848484848484848,9135.0,-35209.54096688852
34,all,R6,Medium,R6_OUT,0.0,0.0,7593.110299639937,0.0,0.5817610062893082,0.4,0.4848484848484848,9135.0,-35209.54096688852
34,all,R7,Medium,R7_OUT,0.0,0.0,-5210.497895479675,-0.0,0.5817610062893082,0.4,0.4848484848484848,9135.0,-35209.54096688852
34,all,R8,Medium,R8_OUT,0.0,0.0,17256.758960980456,0.0,0.5817610062893082,0.4,0.4848484848484848,9135.0,-35209.54096688852
34,all,R9,High,R9_OUT,0.0,0.0,13671.00753121133,0.0,0.5817610062893082,0.4,0.4848484848484848,9135.0,-35209.54096688852
34,all,R10,High,R10_OUT,0.0,0.0,-8602.07284801519,-0.0,0.5817610062893082,0.4,0.4848484848484848,9135.0,-35209.54096688852
34,all,R11,Medium,R11_OUT,0.686687315855155,1.0,-35209.54096688852,-35209.54096688852,0.5817610062893082,0.4,0.4848484848484848,9135.0,-35209.54096688852
34,all,R12,Medium,R12_OUT,0.0,0.0,0.0,0.0,0.5817610062893082,0.4,0.4848484848484848,9135.0,-35209.54096688852
34,all,R13,High,R13_OUT,0.0,0.0,148884.09282510448,0.0,0.5817610062893082,0.4,0.4848484848484848,9135.0,-35209.54096688852
34,all,R14,High,R14_OUT,0.0,0.0,18987.902581512782,0.0,0.5817610062893082,0.4,0.4848484848484848,9135.0,-35209.54096688852
34,all,R15,High,R15_OUT,0.0,0.0,2914.849205738662,0.0,0.5817610062893082,0.4,0.4848484848484848,9135.0,-35209.54096688852
34,all,R16,High,R16_OUT,0.0,0.0,1842.9366291283854,0.0,0.5817610062893082,0.4,0.4848484848484848,9135.0,-35209.54096688852
34,all,R17,High,R17_OUT,0.0,0.0,-415660.73385183426,-0.0,0.5817610062893082,0.4,0.4848484848484848,9135.0,-35209.54096688852
34,all,R18,Very_High,R18_OUT,0.0,0.0,4117.75586815719,0.0,0.5817610062893082,0.4,0.4848484848484848,9135.0,-35209.54096688852
34,all,R19,Very_High,R19_OUT,0.0,0.0,2175.037337527994,0.0,0.5817610062893082,0.4,0.4848484848484848,9135.0,-35209.54096688852
34,all,R20,Very_High,R20_OUT,0.0,0.0,0.0,0.0,0.5817610062893082,0.4,0.4848484848484848,9135.0,-35209.54096688852
35,all,R1,Very_Low,R1_OUT,0.0,0.0,3014.653515221078,0.0,0.4544025157232704,0.6,0.303030303030303,1435.0,1978.3660329502454
35,all,R2,Low,R2_OUT,0.0,0.0,-5261.651820559988,-0.0,0.4544025157232704,0.6,0.303030303030303,1435.0,1978.3660329502454
35,all,R3,Low,R3_OUT,0.0,0.0,3571.303739185387,0.0,0.4544025157232704,0.6,0.303030303030303,1435.0,1978.3660329502454
35,all,R4,Low,R4_OUT,0.0,0.0,-2099.3977072401394,-0.0,0.4544025157232704,0.6,0.303030303030303,1435.0,1978.3660329502454
35,all,R5,Medium,R5_OUT,0.0,0.0,2900.044006619533,0.0,0.4544025157232704,0.6,0.303030303030303,1435.0,1978.3660329502454
35,all,R6,Medium,R6_OUT,0.1795610815177032,0.3574020781557498,3214.3335584048,1148.8094936596417,0.4544025157232704,0.6,0.303030303030303,1435.0,1978.3660329502454
35,all,R7,Medium,R7_OUT,0.0,0.0,5376.107661004768,0.0,0.4544025157232704,0.6,0.303030303030303,1435.0,1978.3660329502454
35,all,R8,Medium,R8_OUT,0.0,0.0,6525.2985849861325,0.0,0.4544025157232704,0.6,0.303030303030303,1435.0,1978.3660329502454
35,all,R9,High,R9_OUT,0.0,0.0,12638.750624885895,0.0,0.4544025157232704,0.6,0.303030303030303,1435.0,1978.3660329502454
35,all,R10,High,R10_OUT,0.0,0.0,-9891.063389474735,-0.0,0.4544025157232704,0.6,0.303030303030303,1435.0,1978.3660329502454
35,all,R11,Medium,R11_OUT,0.32284529072351664,0.6425979218442501,1290.9418332847708,829.5565392906002,0.4544025157232704,0.6,0.303030303030303,1435.0,1978.3660329502454
35,all,R12,Medium,R12_OUT,0.0,0.0,0.0,0.0,0.4544025157232704,0.6,0.303030303030303,1435.0,1978.3660329502454
35,all,R13,High,R13_OUT,0.0,0.0,58066.57640824678,0.0,0.4544025157232704,0.6,0.303030303030303,1435.0,1978.3660329502454
35,all,R14,High,R14_OUT,0.0,0.0,-2692.039299991957,-0.0,0.4544025157232704,0.6,0.303030303030303,1435.0,1978.3660329502454
35,all,R15,High,R15_OUT,0.0,0.0,647.9288593977085,0.0,0.4544025157232704,0.6,0.303030303030303,1435.0,1978.3660329502454
35,all,R16,High,R16_OUT,0.0,0.0,1709.865129205006,0.0,0.4544025157232704,0.6,0.303030303030303,1435.0,1978.3660329502454
35,all,R17,High,R17_OUT,0.0,0.0,-393094.3985827054,-0.0,0.4544025157232704,0.6,0.303030303030303,1435.0,1978.3660329502454
35,all,R18,Very_High,R18_OUT,0.0,0.0,-24391.500705340957,-0.0,0.4544025157232704,0.6,0.303030303030303,1435.0,1978.3660329502454
35,all,R19,Very_High,R19_OUT,0.0,0.0,2017.9860985913883,0.0,0.4544025157232704,0.6,0.303030303030303,1435.0,1978.3660329502454
35,all,R20,Very_High,R20_OUT,0.0,0.0,0.0,0.0,0.4544025157232704,0.6,0.303030303030303,1435.0,1978.3660329502454
36,all,R1,Very_Low,R1_OUT,0.0,0.0,9588.66372478324,0.0,0.4685534591194968,0.0,0.2121212121212121,5922.0,5921.877250140855
36,all,R2,Low,R2_OUT,0.0,0.0,-7685.572238021396,-0.0,0.4685534591194968,0.0,0.2121212121212121,5922.0,5921.877250140855
36,all,R3,Low,R3_OUT,0.0,0.0,-44827.091404937295,-0.0,0.4685534591194968,0.0,0.2121212121212121,5922.0,5921.877250140855
36,all,R4,Low,R4_OUT,0.0,0.0,-22397.23663549481,-0.0,0.4685534591194968,0.0,0.2121212121212121,5922.0,5921.877250140855
36,all,R5,Medium,R5_OUT,0.0,0.0,3055.623598919604,0.0,0.4685534591194968,0.0,0.2121212121212121,5922.0,5921.877250140855
36,all,R6,Medium,R6_OUT,0.002607213656744266,0.003130938427055145,14510.24963828528,45.430698178670404,0.4685534591194968,0.0,0.2121212121212121,5922.0,5921.877250140855
36,all,R7,Medium,R7_OUT,0.0,0.0,24821.031156786332,0.0,0.4685534591194968,0.0,0.2121212121212121,5922.0,5921.877250140855
36,all,R8,Medium,R8_OUT,0.0,0.0,13388.318454509887,0.0,0.4685534591194968,0.0,0.2121212121212121,5922.0,5921.877250140855
36,all,R9,High,R9_OUT,0.0,0.0,11151.512757071225,0.0,0.4685534591194968,0.0,0.2121212121212121,5922.0,5921.877250140855
36,all,R10,High,R10_OUT,0.674409600478661,0.8098818170315615,6661.8774178135245,5395.333387980344,0.4685534591194968,0.0,0.2121212121212121,5922.0,5921.877250140855
36,all,R11,Medium,R11_OUT,0.0005996408965690449,0.0007200939288751106,-54099.064519486186,-38.956407918304905,0.4685534591194968,0.0,0.2121212121212121,5922.0,5921.877250140855
36,all,R12,Medium,R12_OUT,0.0,0.0,0.0,0.0,0.4685534591194968,0.0,0.2121212121212121,5922.0,5921.877250140855
36,all,R13,High,R13_OUT,0.0,0.0,178687.77263543085,0.0,0.4685534591194968,0.0,0.2121212121212121,5922.0,5921.877250140855
36,all,R14,High,R14_OUT,0.0,0.0,20043.239691567374,0.0,0.4685534591194968,0.0,0.2121212121212121,5922.0,5921.877250140855
36,all,R15,High,R15_OUT,0.15510948879839442,0.1862671506125083,2792.062745309525,520.0695719001426,0.4685534591194968,0.0,0.2121212121212121,5922.0,5921.877250140855
36,all,R16,High,R16_OUT,0.0,0.0,1504.030735312695,0.0,0.4685534591194968,0.0,0.2121212121212121,5922.0,5921.877250140855
36,all,R17,High,R17_OUT,0.0,0.0,-283549.9128643974,-0.0,0.4685534591194968,0.0,0.2121212121212121,5922.0,5921.877250140855
36,all,R18,Very_High,R18_OUT,0.0,0.0,50122.87534143111,0.0,0.4685534591194968,0.0,0.2121212121212121,5922.0,5921.877250140855
36,all,R19,Very_High,R19_OUT,0.0,0.0,1775.0599529042927,0.0,0.4685534591194968,0.0,0.2121212121212121,5922.0,5921.877250140855
36,all,R20,Very_High,R20_OUT,0.0,0.0,0.0,0.0,0.4685534591194968,0.0,0.2121212121212121,5922.0,5921.877250140855
37,all,R1,Very_Low,R1_OUT,0.0,0.0,5942.907258153592,0.0,0.1855345911949685,0.4,0.0909090909090909,847.0,1063.6680925771389
37,all,R2,Low,R2_OUT,0.6584680215809603,0.86013185300872,7.289558652356845,6.269981591267441,0.1855345911949685,0.4,0.0909090909090909,847.0,1063.6680925771389
37,all,R3,Low,R3_OUT,0.0,0.0,-14335.243728610896,-0.0,0.1855345911949685,0.4,0.0909090909090909,847.0,1063.6680925771389
37,all,R4,Low,R4_OUT,0.0,0.0,-4356.855395023299,-0.0,0.1855345911949685,0.4,0.0909090909090909,847.0,1063.6680925771389
37,all,R5,Medium,R5_OUT,0.0,0.0,947.0575696048393,0.0,0.1855345911949685,0.4,0.0909090909090909,847.0,1063.6680925771389
37,all,R6,Medium,R6_OUT,0.08894435795047308,0.11618464817004776,4195.886568069017,487.49760467252787,0.1855345911949685,0.4,0.0909090909090909,847.0,1063.6680925771389
37,all,R7,Medium,R7_OUT,0.015973126126725554,0.02086509006274226,24792.168570948706,517.2908300835328,0.1855345911949685,0.4,0.0909090909090909,847.0,1063.6680925771389
37,all,R8,Medium,R8_OUT,0.0,0.0,1709.1417359676825,0.0,0.1855345911949685,0.4,0.0909090909090909,847.0,1063.6680925771389
37,all,R9,High,R9_OUT,0.0,0.0,10331.35503834103,0.0,0.1855345911949685,0.4,0.0909090909090909,847.0,1063.6680925771389
37,all,R10,High,R10_OUT,0.0,0.0,-7159.155941994043,-0.0,0.1855345911949685,0.4,0.0909090909090909,847.0,1063.6680925771389
37,all,R11,Medium,R11_OUT,0.0021576134318450732,0.002818408758490069,18666.446473149463,52.6096762298105,0.1855345911949685,0.4,0.0909090909090909,847.0,1063.6680925771389
37,all,R12,Medium,R12_OUT,0.0,0.0,0.0,0.0,0.1855345911949685,0.4,0.0909090909090909,847.0,1063.6680925771389
37,all,R13,High,R13_OUT,0.0,0.0,38813.68447946858,0.0,0.1855345911949685,0.4,0.0909090909090909,847.0,1063.6680925771389
37,all,R14,High,R14_OUT,0.0,0.0,-27685.323164998048,-0.0,0.1855345911949685,0.4,0.0909090909090909,847.0,1063.6680925771389
37,all,R15,High,R15_OUT,0.0,0.0,-301.63047364325894,-0.0,0.1855345911949685,0.4,0.0909090909090909,847.0,1063.6680925771389
37,all,R16,High,R16_OUT,0.0,0.0,1410.9683321861535,0.0,0.1855345911949685,0.4,0.0909090909090909,847.0,1063.6680925771389
37,all,R17,High,R17_OUT,0.0,0.0,-274945.1679564451,-0.0,0.1855345911949685,0.4,0.0909090909090909,847.0,1063.6680925771389
37,all,R18,Very_High,R18_OUT,0.0,0.0,-20394.945089018333,-0.0,0.1855345911949685,0.4,0.0909090909090909,847.0,1063.6680925771389
37,all,R19,Very_High,R19_OUT,0.0,0.0,1665.2275266054965,0.0,0.1855345911949685,0.4,0.0909090909090909,847.0,1063.6680925771389
37,all,R20,Very_High,R20_OUT,0.0,0.0,0.0,0.0,0.1855345911949685,0.4,0.0909090909090909,847.0,1063.6680925771389
38,all,R1,Very_Low,R1_OUT,0.0,0.0,740.1835246003384,0.0,0.7248427672955975,0.8,0.4545454545454545,8050.0,7993.157055046075
38,all,R2,Low,R2_OUT,0.0,0.0,-9547.605941987256,-0.0,0.7248427672955975,0.8,0.4545454545454545,8050.0,7993.157055046075
38,all,R3,Low,R3_OUT,0.0,0.0,29587.55681430371,0.0,0.7248427672955975,0.8,0.4545454545454545,8050.0,7993.157055046075
38,all,R4,Low,R4_OUT,0.0,0.0,-2289.870720081177,-0.0,0.7248427672955975,0.8,0.4545454545454545,8050.0,7993.157055046075
38,all,R5,Medium,R5_OUT,0.0,0.0,4868.137043979738,0.0,0.7248427672955975,0.8,0.4545454545454545,8050.0,7993.157055046075
38,all,R6,Medium,R6_OUT,0.0,0.0,2548.2242342431155,0.0,0.7248427672955975,0.8,0.4545454545454545,8050.0,7993.157055046075
38,all,R7,Medium,R7_OUT,0.0,0.0,-8794.821354120082,-0.0,0.7248427672955975,0.8,0.4545454545454545,8050.0,7993.157055046075
38,all,R8,Medium,R8_OUT,0.15528562977032007,0.4015548089634876,8899.887012852503,3573.7924292426114,0.7248427672955975,0.8,0.4545454545454545,8050.0,7993.157055046075
38,all,R9,High,R9_OUT,0.0,0.0,14618.660713494159,0.0,0.7248427672955975,0.8,0.4545454545454545,8050.0,7993.157055046075
38,all,R10,High,R10_OUT,0.0,0.0,-10021.610970057685,-0.0,0.7248427672955975,0.8,0.4545454545454545,8050.0,7993.157055046075
38,all,R11,Medium,R11_OUT,0.042031249375084054,0.1086890676121949,-15360.003837465454,-1669.464495613856,0.7248427672955975,0.8,0.4545454545454545,8050.0,7993.157055046075
38,all,R12,Medium,R12_OUT,0.0,0.0,0.0,0.0,0.7248427672955975,0.8,0.4545454545454545,8050.0,7993.157055046075
38,all,R13,High,R13_OUT,0.0,0.0,66353.96618943552,0.0,0.7248427672955975,0.8,0.4545454545454545,8050.0,7993.157055046075
38,all,R14,High,R14_OUT,0.14905046694575128,0.3854312331981111,22724.247574110173,8758.634765988469,0.7248427672955975,0.8,0.4545454545454545,8050.0,7993.157055046075
38,all,R15,High,R15_OUT,0.0,0.0,1226.5470035761646,0.0,0.7248427672955975,0.8,0.4545454545454545,8050.0,7993.157055046075
38,all,R16,High,R16_OUT,0.0,0.0,1963.6162458599772,0.0,0.7248427672955975,0.8,0.4545454545454545,8050.0,7993.157055046075
38,all,R17,High,R17_OUT,0.0,0.0,-501099.1965885486,-0.0,0.7248427672955975,0.8,0.4545454545454545,8050.0,7993.157055046075
38,all,R18,Very_High,R18_OUT,0.040343574321305226,0.10432489022620649,-25591.26243777723,-2669.805644571151,0.7248427672955975,0.8,0.4545454545454545,8050.0,7993.157055046075
38,all,R19,Very_High,R19_OUT,0.0,0.0,2317.4636521907014,0.0,0.7248427672955975,0.8,0.4545454545454545,8050.0,7993.157055046075
38,all,R20,Very_High,R20_OUT,0.0,0.0,0.0,0.0,0.7248427672955975,0.8,0.4545454545454545,8050.0,7993.157055046075
39,all,R1,Very_Low,R1_OUT,0.0,0.0,6290.371113391055,0.0,0.6320754716981132,0.4,0.2424242424242424,4620.0,4600.8692300603525
39,all,R2,Low,R2_OUT,0.0,0.0,-7513.221280418398,-0.0,0.6320754716981132,0.4,0.2424242424242424,4620.0,4600.8692300603525
39,all,R3,Low,R3_OUT,0.0,0.0,7641.741308186865,0.0,0.6320754716981132,0.4,0.2424242424242424,4620.0,4600.8692300603525
39,all,R4,Low,R4_OUT,0.0,0.0,-17421.652526428577,-0.0,0.6320754716981132,0.4,0.2424242424242424,4620.0,4600.8692300603525
39,all,R5,Medium,R5_OUT,0.0,0.0,4227.780267985883,0.0,0.6320754716981132,0.4,0.2424242424242424,4620.0,4600.8692300603525
39,all,R6,Medium,R6_OUT,0.2922963302622427,0.6273271598833621,9444.954733121802,5925.076627956218,0.6320754716981132,0.4,0.2424242424242424,4620.0,4600.8692300603525
39,all,R7,Medium,R7_OUT,0.0,0.0,16213.121922856964,0.0,0.6320754716981132,0.4,0.2424242424242424,4620.0,4600.8692300603525
39,all,R8,Medium,R8_OUT,0.0,0.0,7455.544578695864,0.0,0.6320754716981132,0.4,0.2424242424242424,4620.0,4600.8692300603525
39,all,R9,High,R9_OUT,0.0,0.0,12492.237335116393,0.0,0.6320754716981132,0.4,0.2424242424242424,4620.0,4600.8692300603525
39,all,R10,High,R10_OUT,0.0,0.0,3478.592238170764,0.0,0.6320754716981132,0.4,0.2424242424242424,4620.0,4600.8692300603525
39,all,R11,Medium,R11_OUT,0.12440604965126349,0.2670005939863039,-37636.86762792465,-10049.066012439773,0.6320754716981132,0.4,0.2424242424242424,4620.0,4600.8692300603525
39,all,R12,Medium,R12_OUT,0.0,0.0,0.0,0.0,0.6320754716981132,0.4,0.2424242424242424,4620.0,4600.8692300603525
39,all,R13,High,R13_OUT,0.03453723718269681,0.07412391011751937,109224.21205995583,8096.125677389041,0.6320754716981132,0.4,0.2424242424242424,4620.0,4600.8692300603525
39,all,R14,High,R14_OUT,0.0,0.0,26033.24873224045,0.0,0.6320754716981132,0.4,0.2424242424242424,4620.0,4600.8692300603525
39,all,R15,High,R15_OUT,0.0,0.0,1518.3190137304605,0.0,0.6320754716981132,0.4,0.2424242424242424,4620.0,4600.8692300603525
39,all,R16,High,R16_OUT,0.0,0.0,1677.3581571434802,0.0,0.6320754716981132,0.4,0.2424242424242424,4620.0,4600.8692300603525
39,all,R17,High,R17_OUT,0.0,0.0,-383182.61307289253,-0.0,0.6320754716981132,0.4,0.2424242424242424,4620.0,4600.8692300603525
39,all,R18,Very_High,R18_OUT,0.014699607209961128,0.03154833601281475,19929.194899517912,628.732937154865,0.6320754716981132,0.4,0.2424242424242424,4620.0,4600.8692300603525
39,all,R19,Very_High,R19_OUT,0.0,0.0,1979.6213079254794,0.0,0.6320754716981132,0.4,0.2424242424242424,4620.0,4600.8692300603525
39,all,R20,Very_High,R20_OUT,0.0,0.0,0.0,0.0,0.6320754716981132,0.4,0.2424242424242424,4620.0,4600.8692300603525
40,all,R1,Very_Low,R1_OUT,0.0,0.0,-2023.8614509819245,-0.0,1.0,0.6,1.0,2352.0,2352.5385707177047
40,all,R2,Low,R2_OUT,0.0,0.0,-22901.435672582244,-0.0,1.0,0.6,1.0,2352.0,2352.5385707177047
40,all,R3,Low,R3_OUT,0.0,0.0,-36820.94674413007,-0.0,1.0,0.6,1.0,2352.0,2352.5385707177047
40,all,R4,Low,R4_OUT,0.0,0.0,2045.9147319861477,0.0,1.0,0.6,1.0,2352.0,2352.5385707177047
40,all,R5,Medium,R5_OUT,0.0,0.0,6878.773173952499,0.0,1.0,0.6,1.0,2352.0,2352.5385707177047
40,all,R6,Medium,R6_OUT,0.0,0.0,7141.730617719302,0.0,1.0,0.6,1.0,2352.0,2352.5385707177047
40,all,R7,Medium,R7_OUT,0.0,0.0,-49269.74599716097,-0.0,1.0,0.6,1.0,2352.0,2352.5385707177047
40,all,R8,Medium,R8_OUT,0.0,0.0,34155.96970977256,0.0,1.0,0.6,1.0,2352.0,2352.5385707177047
40,all,R9,High,R9_OUT,0.0,0.0,18084.301306194488,0.0,1.0,0.6,1.0,2352.0,2352.5385707177047
40,all,R10,High,R10_OUT,0.0,0.0,-18357.83099214548,-0.0,1.0,0.6,1.0,2352.0,2352.5385707177047
40,all,R11,Medium,R11_OUT,1.1967291556046022e-05,0.003851032355930255,-75227.70665766177,-289.7043324010853,1.0,0.6,1.0,2352.0,2352.5385707177047
40,all,R12,Medium,R12_OUT,0.0,0.0,0.0,0.0,1.0,0.6,1.0,2352.0,2352.5385707177047
40,all,R13,High,R13_OUT,0.0,0.0,237972.09486757626,0.0,1.0,0.6,1.0,2352.0,2352.5385707177047
40,all,R14,High,R14_OUT,0.0,0.0,60985.22180940811,0.0,1.0,0.6,1.0,2352.0,2352.5385707177047
40,all,R15,High,R15_OUT,0.0,0.0,6030.6664953844875,0.0,1.0,0.6,1.0,2352.0,2352.5385707177047
40,all,R16,High,R16_OUT,0.0,0.0,2421.148433218872,0.0,1.0,0.6,1.0,2352.0,2352.5385707177047
40,all,R17,High,R17_OUT,0.0,0.0,-613459.3050899205,-0.0,1.0,0.6,1.0,2352.0,2352.5385707177047
40,all,R18,Very_High,R18_OUT,0.003095586852365241,0.9961489676440697,2652.457603171344,2642.242903118798,1.0,0.6,1.0,2352.0,2352.5385707177047
40,all,R19,Very_High,R19_OUT,0.0,0.0,2857.4440155317843,0.0,1.0,0.6,1.0,2352.0,2352.5385707177047
40,all,R20,Very_High,R20_OUT,0.0,0.0,0.0,0.0,1.0,0.6,1.0,2352.0,2352.5385707177047
41,all,R1,Very_Low,R1_OUT,0.0,0.0,3490.3987594828427,0.0,0.0691823899371069,0.4,0.2727272727272727,2174.0,2839.5754264291827
41,all,R2,Low,R2_OUT,0.3093758147633123,0.5403205214902286,-1686.9565731071648,-911.4972553126322,0.0691823899371069,0.4,0.2727272727272727,2174.0,2839.5754264291827
41,all,R3,Low,R3_OUT,0.0,0.0,-49135.00167767051,-0.0,0.0691823899371069,0.4,0.2727272727272727,2174.0,2839.5754264291827
41,all,R4,Low,R4_OUT,0.0,0.0,7741.2414038495135,0.0,0.0691823899371069,0.4,0.2727272727272727,2174.0,2839.5754264291827
41,all,R5,Medium,R5_OUT,0.0,0.0,79.35475584096582,0.0,0.0691823899371069,0.4,0.2727272727272727,2174.0,2839.5754264291827
41,all,R6,Medium,R6_OUT,0.005002949237298921,0.00873758067661033,1753.3073653295,15.319664555461609,0.0691823899371069,0.4,0.2727272727272727,2174.0,2839.5754264291827
41,all,R7,Medium,R7_OUT,0.25409062629706236,0.4437657152083508,7933.217566017171,3520.4899670870614,0.0691823899371069,0.4,0.2727272727272727,2174.0,2839.5754264291827
41,all,R8,Medium,R8_OUT,0.0,0.0,9122.4466256745,0.0,0.0691823899371069,0.4,0.2727272727272727,2174.0,2839.5754264291827
41,all,R9,High,R9_OUT,0.0,0.0,10981.197336034598,0.0,0.0691823899371069,0.4,0.2727272727272727,2174.0,2839.5754264291827
41,all,R10,High,R10_OUT,0.0,0.0,-19211.129075553086,-0.0,0.0691823899371069,0.4,0.2727272727272727,2174.0,2839.5754264291827
41,all,R11,Medium,R11_OUT,0.004108926568840638,0.007176182624810358,29996.874571594613,215.2630500992929,0.0691823899371069,0.4,0.2727272727272727,2174.0,2839.5754264291827
41,all,R12,Medium,R12_OUT,0.0,0.0,0.0,0.0,0.0691823899371069,0.4,0.2727272727272727,2174.0,2839.5754264291827
41,all,R13,High,R13_OUT,0.0,0.0,61054.79536545682,0.0,0.0691823899371069,0.4,0.2727272727272727,2174.0,2839.5754264291827
41,all,R14,High,R14_OUT,0.0,0.0,-42528.857982228554,-0.0,0.0691823899371069,0.4,0.2727272727272727,2174.0,2839.5754264291827
41,all,R15,High,R15_OUT,0.0,0.0,589.9911642167417,0.0,0.0691823899371069,0.4,0.2727272727272727,2174.0,2839.5754264291827
41,all,R16,High,R16_OUT,0.0,0.0,1508.3588835487203,0.0,0.0691823899371069,0.4,0.2727272727272727,2174.0,2839.5754264291827
41,all,R17,High,R17_OUT,0.0,0.0,-284840.16978578153,-0.0,0.0691823899371069,0.4,0.2727272727272727,2174.0,2839.5754264291827
41,all,R18,Very_High,R18_OUT,0.0,0.0,-40511.137747923196,-0.0,0.0691823899371069,0.4,0.2727272727272727,2174.0,2839.5754264291827
41,all,R19,Very_High,R19_OUT,0.0,0.0,1780.1680417648806,0.0,0.0691823899371069,0.4,0.2727272727272727,2174.0,2839.5754264291827
41,all,R20,Very_High,R20_OUT,0.0,0.0,0.0,0.0,0.0691823899371069,0.4,0.2727272727272727,2174.0,2839.5754264291827
42,all,R1,Very_Low,R1_OUT,0.0,0.0,453.16093074184937,0.0,0.3867924528301887,0.6,0.5151515151515151,6699.0,6267.832592491803
42,all,R2,Low,R2_OUT,0.0,0.0,-8004.061196849585,-0.0,0.3867924528301887,0.6,0.5151515151515151,6699.0,6267.832592491803
42,all,R3,Low,R3_OUT,0.0,0.0,-30637.881724754297,-0.0,0.3867924528301887,0.6,0.5151515151515151,6699.0,6267.832592491803
42,all,R4,Low,R4_OUT,0.0,0.0,9113.360245388325,0.0,0.3867924528301887,0.6,0.5151515151515151,6699.0,6267.832592491803
42,all,R5,Medium,R5_OUT,0.0,0.0,2389.6479617098216,0.0,0.3867924528301887,0.6,0.5151515151515151,6699.0,6267.832592491803
42,all,R6,Medium,R6_OUT,0.0,0.0,1277.8609158197323,0.0,0.3867924528301887,0.6,0.5151515151515151,6699.0,6267.832592491803
42,all,R7,Medium,R7_OUT,0.0,0.0,-13606.930522393515,-0.0,0.3867924528301887,0.6,0.5151515151515151,6699.0,6267.832592491803
42,all,R8,Medium,R8_OUT,0.0,0.0,15120.079400383167,0.0,0.3867924528301887,0.6,0.5151515151515151,6699.0,6267.832592491803
42,all,R9,High,R9_OUT,0.0,0.0,13599.903941655677,0.0,0.3867924528301887,0.6,0.5151515151515151,6699.0,6267.832592491803
42,all,R10,High,R10_OUT,0.0,0.0,-21359.087635563323,-0.0,0.3867924528301887,0.6,0.5151515151515151,6699.0,6267.832592491803
42,all,R11,Medium,R11_OUT,0.5992223167203623,1.0,6267.832592491803,6267.832592491803,0.3867924528301887,0.6,0.5151515151515151,6699.0,6267.832592491803
42,all,R12,Medium,R12_OUT,0.0,0.0,0.0,0.0,0.3867924528301887,0.6,0.5151515151515151,6699.0,6267.832592491803
42,all,R13,High,R13_OUT,0.0,0.0,90517.83217138988,0.0,0.3867924528301887,0.6,0.5151515151515151,6699.0,6267.832592491803
42,all,R14,High,R14_OUT,0.0,0.0,-11724.574743134093,-0.0,0.3867924528301887,0.6,0.5151515151515151,6699.0,6267.832592491803
42,all,R15,High,R15_OUT,0.0,0.0,1823.15997556104,0.0,0.3867924528301887,0.6,0.5151515151515151,6699.0,6267.832592491803
42,all,R16,High,R16_OUT,0.0,0.0,1846.7083014039647,0.0,0.3867924528301887,0.6,0.5151515151515151,6699.0,6267.832592491803
42,all,R17,High,R17_OUT,0.0,0.0,-417173.6776378185,-0.0,0.3867924528301887,0.6,0.5151515151515151,6699.0,6267.832592491803
42,all,R18,Very_High,R18_OUT,0.0,0.0,-40703.793873396884,-0.0,0.3867924528301887,0.6,0.5151515151515151,6699.0,6267.832592491803
42,all,R19,Very_High,R19_OUT,0.0,0.0,2179.488672380838,0.0,0.3867924528301887,0.6,0.5151515151515151,6699.0,6267.832592491803
42,all,R20,Very_High,R20_OUT,0.0,0.0,0.0,0.0,0.3867924528301887,0.6,0.5151515151515151,6699.0,6267.832592491803
43,all,R1,Very_Low,R1_OUT,0.0,0.0,2900.5717205943683,0.0,0.2814465408805031,0.6,0.2424242424242424,4004.0,4396.064191515128
43,all,R2,Low,R2_OUT,0.14762975893780217,0.3491042474948736,-2317.066869575976,-808.8978858986236,0.2814465408805031,0.6,0.2424242424242424,4004.0,4396.064191515128
43,all,R3,Low,R3_OUT,0.0,0.0,-4688.584528244475,-0.0,0.2814465408805031,0.6,0.2424242424242424,4004.0,4396.064191515128
43,all,R4,Low,R4_OUT,0.0,0.0,2885.4578085726625,0.0,0.2814465408805031,0.6,0.2424242424242424,4004.0,4396.064191515128
43,all,R5,Medium,R5_OUT,0.0,0.0,1629.4532208701908,0.0,0.2814465408805031,0.6,0.2424242424242424,4004.0,4396.064191515128
43,all,R6,Medium,R6_OUT,0.1490009842112458,0.35234682250600785,1190.5723955729109,419.494400543481,0.2814465408805031,0.6,0.2424242424242424,4004.0,4396.064191515128
43,all,R7,Medium,R7_OUT,0.06283361513277508,0.14858441879290457,8864.69532240635,1317.1556022559275,0.2814465408805031,0.6,0.2424242424242424,4004.0,4396.064191515128
43,all,R8,Medium,R8_OUT,0.0,0.0,4222.245072479336,0.0,0.2814465408805031,0.6,0.2424242424242424,4004.0,4396.064191515128
43,all,R9,High,R9_OUT,0.0,0.0,11791.26265133094,0.0,0.2814465408805031,0.6,0.2424242424242424,4004.0,4396.064191515128
43,all,R10,High,R10_OUT,0.0,0.0,-13930.776510578451,-0.0,0.2814465408805031,0.6,0.2424242424242424,4004.0,4396.064191515128
43,all,R11,Medium,R11_OUT,0.06341723080560288,0.14996451120621404,23127.552290322317,3468.3120746143422,0.2814465408805031,0.6,0.2424242424242424,4004.0,4396.064191515128
43,all,R12,Medium,R12_OUT,0.0,0.0,0.0,0.0,0.2814465408805031,0.6,0.2424242424242424,4004.0,4396.064191515128
43,all,R13,High,R13_OUT,0.0,0.0,30442.638953578746,0.0,0.2814465408805031,0.6,0.2424242424242424,4004.0,4396.064191515128
43,all,R14,High,R14_OUT,0.0,0.0,-23491.182244186057,-0.0,0.2814465408805031,0.6,0.2424242424242424,4004.0,4396.064191515128
43,all,R15,High,R15_OUT,0.0,0.0,-68.83506310925623,-0.0,0.2814465408805031,0.6,0.2424242424242424,4004.0,4396.064191515128
43,all,R16,High,R16_OUT,0.0,0.0,1605.2383170111555,0.0,0.2814465408805031,0.6,0.2424242424242424,4004.0,4396.064191515128
43,all,R17,High,R17_OUT,0.0,0.0,-350840.7989264771,-0.0,0.2814465408805031,0.6,0.2424242424242424,4004.0,4396.064191515128
43,all,R18,Very_High,R18_OUT,0.0,0.0,-39926.608537007785,-0.0,0.2814465408805031,0.6,0.2424242424242424,4004.0,4396.064191515128
43,all,R19,Very_High,R19_OUT,0.0,0.0,1894.505334570455,0.0,0.2814465408805031,0.6,0.2424242424242424,4004.0,4396.064191515128
43,all,R20,Very_High,R20_OUT,0.0,0.0,0.0,0.0,0.2814465408805031,0.6,0.2424242424242424,4004.0,4396.064191515128
44,all,R1,Very_Low,R1_OUT,0.0,0.0,2269.3610899846694,0.0,0.0644654088050314,0.6,0.2121212121212121,2331.0,2328.211185123676
44,all,R2,Low,R2_OUT,0.5520235126168905,0.801181489096371,622.0058629927098,498.33958353917257,0.0644654088050314,0.6,0.2121212121212121,2331.0,2328.211185123676
44,all,R3,Low,R3_OUT,0.0,0.0,-21058.855613350446,-0.0,0.0644654088050314,0.6,0.2121212121212121,2331.0,2328.211185123676
44,all,R4,Low,R4_OUT,0.0,0.0,10935.734719310329,0.0,0.0644654088050314,0.6,0.2121212121212121,2331.0,2328.211185123676
44,all,R5,Medium,R5_OUT,0.0,0.0,32.780503257927705,0.0,0.0644654088050314,0.6,0.2121212121212121,2331.0,2328.211185123676
44,all,R6,Medium,R6_OUT,0.008151882319896265,0.011831266362245586,-1570.4433427057088,-18.58033349436657,0.0644654088050314,0.6,0.2121212121212121,2331.0,2328.211185123676
44,all,R7,Medium,R7_OUT,0.12696154501052237,0.184266136069643,9295.537158749914,1712.8527149346344,0.0644654088050314,0.6,0.2121212121212121,2331.0,2328.211185123676
44,all,R8,Medium,R8_OUT,0.0,0.0,3174.2925271949334,0.0,0.0644654088050314,0.6,0.2121212121212121,2331.0,2328.211185123676
44,all,R9,High,R9_OUT,0.0,0.0,10978.687984586588,0.0,0.0644654088050314,0.6,0.2121212121212121,2331.0,2328.211185123676
44,all,R10,High,R10_OUT,0.0,0.0,-20916.480440536805,-0.0,0.0644654088050314,0.6,0.2121212121212121,2331.0,2328.211185123676
44,all,R11,Medium,R11_OUT,0.0018748758892019764,0.002721108471740414,49832.34646927004,135.5992201442342,0.0644654088050314,0.6,0.2121212121212121,2331.0,2328.211185123676
44,all,R12,Medium,R12_OUT,0.0,0.0,0.0,0.0,0.0644654088050314,0.6,0.2121212121212121,2331.0,2328.211185123676
44,all,R13,High,R13_OUT,0.0,0.0,4174.362744375139,0.0,0.0644654088050314,0.6,0.2121212121212121,2331.0,2328.211185123676
44,all,R14,High,R14_OUT,0.0,0.0,-49759.5655552298,-0.0,0.0644654088050314,0.6,0.2121212121212121,2331.0,2328.211185123676
44,all,R15,High,R15_OUT,0.0,0.0,-685.8051945653481,-0.0,0.0644654088050314,0.6,0.2121212121212121,2331.0,2328.211185123676
44,all,R16,High,R16_OUT,0.0,0.0,1508.448028554884,0.0,0.0644654088050314,0.6,0.2121212121212121,2331.0,2328.211185123676
44,all,R17,High,R17_OUT,0.0,0.0,-305704.4417652789,-0.0,0.0644654088050314,0.6,0.2121212121212121,2331.0,2328.211185123676
44,all,R18,Very_High,R18_OUT,0.0,0.0,-61401.80067257918,-0.0,0.0644654088050314,0.6,0.2121212121212121,2331.0,2328.211185123676
44,all,R19,Very_High,R19_OUT,0.0,0.0,1780.2732508694355,0.0,0.0644654088050314,0.6,0.2121212121212121,2331.0,2328.211185123676
44,all,R20,Very_High,R20_OUT,0.0,0.0,0.0,0.0,0.0644654088050314,0.6,0.2121212121212121,2331.0,2328.211185123676
45,all,R1,Very_Low,R1_OUT,0.19578449590242056,0.46115757679996,714.4534554309805,329.4756242429092,0.2044025157232704,0.8,0.2424242424242424,5817.0,3754.883430345246
45,all,R2,Low,R2_OUT,0.05299310041258301,0.12482178254586504,-195.84938320755828,-24.44626912247563,0.2044025157232704,0.8,0.2424242424242424,5817.0,3754.883430345246
45,all,R3,Low,R3_OUT,0.0833290506806284,0.19627612958725887,8641.53408763796,1696.1268644179431,0.2044025157232704,0.8,0.2424242424242424,5817.0,3754.883430345246
45,all,R4,Low,R4_OUT,0.0385808310497984,0.09087462455005212,11541.173534024017,1048.7998117714308,0.2044025157232704,0.8,0.2424242424242424,5817.0,3754.883430345246
45,all,R5,Medium,R5_OUT,0.0,0.0,1046.5436979031876,0.0,0.2044025157232704,0.8,0.2424242424242424,5817.0,3754.883430345246
45,all,R6,Medium,R6_OUT,0.010442695395256728,0.024597086105004266,-3396.9482878301333,-83.5550295300046,0.2044025157232704,0.8,0.2424242424242424,5817.0,3754.883430345246
45,all,R7,Medium,R7_OUT,0.022554721351401782,0.05312617118055552,4269.770493258853,226.83655812655482,0.2044025157232704,0.8,0.2424242424242424,5817.0,3754.883430345246
45,all,R8,Medium,R8_OUT,0.016420626214711753,0.038677711224327595,771.8140878458798,29.85200240857075,0.2044025157232704,0.8,0.2424242424242424,5817.0,3754.883430345246
45,all,R9,High,R9_OUT,0.0,0.0,11905.426983379662,0.0,0.2044025157232704,0.8,0.2424242424242424,5817.0,3754.883430345246
45,all,R10,High,R10_OUT,0.0,0.0,-20929.81462948754,-0.0,0.2044025157232704,0.8,0.2424242424242424,5817.0,3754.883430345246
45,all,R11,Medium,R11_OUT,0.004444580199381122,0.010468918006976571,50797.405011284485,531.7938680303181,0.2044025157232704,0.8,0.2424242424242424,5817.0,3754.883430345246
45,all,R12,Medium,R12_OUT,0.0,0.0,0.0,0.0,0.2044025157232704,0.8,0.2424242424242424,5817.0,3754.883430345246
45,all,R13,High,R13_OUT,0.0,0.0,-22225.711238999465,-0.0,0.2044025157232704,0.8,0.2424242424242424,5817.0,3754.883430345246
45,all,R14,High,R14_OUT,0.0,0.0,-39748.46551004963,-0.0,0.2044025157232704,0.8,0.2424242424242424,5817.0,3754.883430345246
45,all,R15,High,R15_OUT,0.0,0.0,-1113.888638560371,-0.0,0.2044025157232704,0.8,0.2424242424242424,5817.0,3754.883430345246
45,all,R16,High,R16_OUT,0.0,0.0,1626.3591700177008,0.0,0.2044025157232704,0.8,0.2424242424242424,5817.0,3754.883430345246
45,all,R17,High,R17_OUT,0.0,0.0,-368832.2736470088,-0.0,0.2044025157232704,0.8,0.2424242424242424,5817.0,3754.883430345246
45,all,R18,Very_High,R18_OUT,0.0,0.0,-71045.91739239606,-0.0,0.2044025157232704,0.8,0.2424242424242424,5817.0,3754.883430345246
45,all,R19,Very_High,R19_OUT,0.0,0.0,1919.4322057233373,0.0,0.2044025157232704,0.8,0.2424242424242424,5817.0,3754.883430345246
45,all,R20,Very_High,R20_OUT,0.0,0.0,0.0,0.0,0.2044025157232704,0.8,0.2424242424242424,5817.0,3754.883430345246
46,all,R1,Very_Low,R1_OUT,0.0,0.0,2959.432616719569,0.0,0.1477987421383647,0.6,0.1818181818181818,2989.0,1741.8523068615577
46,all,R2,Low,R2_OUT,0.6733473615436796,0.8355338807796047,185.71679915602454,155.1726779247996,0.1477987421383647,0.6,0.1818181818181818,2989.0,1741.8523068615577
46,all,R3,Low,R3_OUT,0.0,0.0,-9261.627328387875,-0.0,0.1477987421383647,0.6,0.1818181818181818,2989.0,1741.8523068615577
46,all,R4,Low,R4_OUT,0.0,0.0,6196.262374737495,0.0,0.1477987421383647,0.6,0.1818181818181818,2989.0,1741.8523068615577
46,all,R5,Medium,R5_OUT,0.0,0.0,648.4339184755462,0.0,0.1477987421383647,0.6,0.1818181818181818,2989.0,1741.8523068615577
46,all,R6,Medium,R6_OUT,0.04276370144725515,0.05306402529715367,-306.34082844492104,-16.255677470152303,0.1477987421383647,0.6,0.1818181818181818,2989.0,1741.8523068615577
46,all,R7,Medium,R7_OUT,0.08441647847769772,0.10474954220139664,12748.90105439747,1335.4415490190377,0.1477987421383647,0.6,0.1818181818181818,2989.0,1741.8523068615577
46,all,R8,Medium,R8_OUT,0.0,0.0,1887.9945084758556,0.0,0.1477987421383647,0.6,0.1818181818181818,2989.0,1741.8523068615577
46,all,R9,High,R9_OUT,0.0,0.0,11060.892352464803,0.0,0.1477987421383647,0.6,0.1818181818181818,2989.0,1741.8523068615577
46,all,R10,High,R10_OUT,0.0,0.0,-16474.75247222238,-0.0,0.1477987421383647,0.6,0.1818181818181818,2989.0,1741.8523068615577
46,all,R11,Medium,R11_OUT,0.005361216645407067,0.00665255172184498,40209.19619602585,267.4937573878744,0.1477987421383647,0.6,0.1818181818181818,2989.0,1741.8523068615577
46,all,R12,Medium,R12_OUT,0.0,0.0,0.0,0.0,0.1477987421383647,0.6,0.1818181818181818,2989.0,1741.8523068615577
46,all,R13,High,R13_OUT,0.0,0.0,6570.601342847338,0.0,0.1477987421383647,0.6,0.1818181818181818,2989.0,1741.8523068615577
46,all,R14,High,R14_OUT,0.0,0.0,-39510.56258628778,-0.0,0.1477987421383647,0.6,0.1818181818181818,2989.0,1741.8523068615577
46,all,R15,High,R15_OUT,0.0,0.0,-707.7109825431462,-0.0,0.1477987421383647,0.6,0.1818181818181818,2989.0,1741.8523068615577
46,all,R16,High,R16_OUT,0.0,0.0,1514.0081561303607,0.0,0.1477987421383647,0.6,0.1818181818181818,2989.0,1741.8523068615577
46,all,R17,High,R17_OUT,0.0,0.0,-315818.99364768364,-0.0,0.1477987421383647,0.6,0.1818181818181818,2989.0,1741.8523068615577
46,all,R18,Very_High,R18_OUT,0.0,0.0,-51332.90967598245,-0.0,0.1477987421383647,0.6,0.1818181818181818,2989.0,1741.8523068615577
46,all,R19,Very_High,R19_OUT,0.0,0.0,1786.835324070773,0.0,0.1477987421383647,0.6,0.1818181818181818,2989.0,1741.8523068615577
46,all,R20,Very_High,R20_OUT,0.0,0.0,0.0,0.0,0.1477987421383647,0.6,0.1818181818181818,2989.0,1741.8523068615577
47,all,R1,Very_Low,R1_OUT,0.4962121212121214,0.7133525347392083,1262.7723570188646,900.8018616780116,0.1084905660377358,0.8,0.1515151515151515,3136.0,2348.682323558061
47,all,R2,Low,R2_OUT,0.13431001593936556,0.19308353467297254,2383.1347091000903,460.1440732348916,0.1084905660377358,0.8,0.1515151515151515,3136.0,2348.682323558061
47,all,R3,Low,R3_OUT,0.03364632657872832,0.04836982275033699,11588.978830404849,560.5568518840902,0.1084905660377358,0.8,0.1515151515151515,3136.0,2348.682323558061
47,all,R4,Low,R4_OUT,0.01645763241356057,0.023659425669291377,12054.404857207659,285.20029570664957,0.1084905660377358,0.8,0.1515151515151515,3136.0,2348.682323558061
47,all,R5,Medium,R5_OUT,0.0,0.0,345.27489003471356,0.0,0.1084905660377358,0.8,0.1515151515151515,3136.0,2348.682323558061
47,all,R6,Medium,R6_OUT,0.004454596688186552,0.0064039101483382615,-4240.902606611485,-27.158359240593473,0.1084905660377358,0.8,0.1515151515151515,3136.0,2348.682323558061
47,all,R7,Medium,R7_OUT,0.009107070274807528,0.013092287324043208,11148.423159013673,145.95835920782446,0.1084905660377358,0.8,0.1515151515151515,3136.0,2348.682323558061
47,all,R8,Medium,R8_OUT,0.0011159317784230644,0.0016042590027619014,-2812.545915140522,-4.5120521050453934,0.1084905660377358,0.8,0.1515151515151515,3136.0,2348.682323558061
47,all,R9,High,R9_OUT,0.0,0.0,11121.404549752711,0.0,0.1084905660377358,0.8,0.1515151515151515,3136.0,2348.682323558061
47,all,R10,High,R10_OUT,0.0,0.0,-20767.117727790388,-0.0,0.1084905660377358,0.8,0.1515151515151515,3136.0,2348.682323558061
47,all,R11,Medium,R11_OUT,0.0003020498866112444,0.0004342256930473351,63771.65984329128,27.691293192232067,0.1084905660377358,0.8,0.1515151515151515,3136.0,2348.682323558061
47,all,R12,Medium,R12_OUT,0.0,0.0,0.0,0.0,0.1084905660377358,0.8,0.1515151515151515,3136.0,2348.682323558061
47,all,R13,High,R13_OUT,0.0,0.0,-48053.71407022515,-0.0,0.1084905660377358,0.8,0.1515151515151515,3136.0,2348.682323558061
47,all,R14,High,R14_OUT,0.0,0.0,-51063.367501636494,-0.0,0.1084905660377358,0.8,0.1515151515151515,3136.0,2348.682323558061
47,all,R15,High,R15_OUT,0.0,0.0,-1865.0204295368258,-0.0,0.1084905660377358,0.8,0.1515151515151515,3136.0,2348.682323558061
47,all,R16,High,R16_OUT,0.0,0.0,1525.1490211892376,0.0,0.1084905660377358,0.8,0.1515151515151515,3136.0,2348.682323558061
47,all,R17,High,R17_OUT,0.0,0.0,-335536.1387727957,-0.0,0.1084905660377358,0.8,0.1515151515151515,3136.0,2348.682323558061
47,all,R18,Very_High,R18_OUT,0.0,0.0,-77172.7432982969,-0.0,0.1084905660377358,0.8,0.1515151515151515,3136.0,2348.682323558061
47,all,R19,Very_High,R19_OUT,0.0,0.0,1799.9837943403418,0.0,0.1084905660377358,0.8,0.1515151515151515,3136.0,2348.682323558061
47,all,R20,Very_High,R20_OUT,0.0,0.0,0.0,0.0,0.1084905660377358,0.8,0.1515151515151515,3136.0,2348.682323558061
48,all,R1,Very_Low,R1_OUT,0.0,0.0,3009.557697922979,0.0,0.1069182389937107,0.4,0.3333333333333333,2583.0,2856.255523353211
48,all,R2,Low,R2_OUT,0.066728116909734,0.12963379895161853,-3111.7451131442554,-403.3873403860238,0.1069182389937107,0.4,0.3333333333333333,2583.0,2856.255523353211
48,all,R3,Low,R3_OUT,0.0,0.0,-53557.86181770607,-0.0,0.1069182389937107,0.4,0.3333333333333333,2583.0,2856.255523353211
48,all,R4,Low,R4_OUT,0.0,0.0,8515.121154825734,0.0,0.1069182389937107,0.4,0.3333333333333333,2583.0,2856.255523353211
48,all,R5,Medium,R5_OUT,0.0,0.0,353.81963885015097,0.0,0.1069182389937107,0.4,0.3333333333333333,2583.0,2856.255523353211
48,all,R6,Medium,R6_OUT,0.0021532927154970637,0.00418323681068859,1964.7116186410283,8.218853965486712,0.1069182389937107,0.4,0.3333333333333333,2583.0,2856.255523353211
48,all,R7,Medium,R7_OUT,0.4319237664592865,0.8391053321548344,3083.7037417876054,2587.5522525197944,0.1069182389937107,0.4,0.3333333333333333,2583.0,2856.255523353211
48,all,R8,Medium,R8_OUT,0.0,0.0,11532.817995329893,0.0,0.1069182389937107,0.4,0.3333333333333333,2583.0,2856.255523353211
48,all,R9,High,R9_OUT,0.0,0.0,11425.800508660019,0.0,0.1069182389937107,0.4,0.3333333333333333,2583.0,2856.255523353211
48,all,R10,High,R10_OUT,0.0,0.0,-20316.75178299105,-0.0,0.1069182389937107,0.4,0.3333333333333333,2583.0,2856.255523353211
48,all,R11,Medium,R11_OUT,0.013938027072230533,0.02707763208285854,24517.3490511461,663.871757253955,0.1069182389937107,0.4,0.3333333333333333,2583.0,2856.255523353211
48,all,R12,Medium,R12_OUT,0.0,0.0,0.0,0.0,0.1069182389937107,0.4,0.3333333333333333,2583.0,2856.255523353211
48,all,R13,High,R13_OUT,0.0,0.0,75772.19735698287,0.0,0.1069182389937107,0.4,0.3333333333333333,2583.0,2856.255523353211
48,all,R14,High,R14_OUT,0.0,0.0,-38172.098389232226,-0.0,0.1069182389937107,0.4,0.3333333333333333,2583.0,2856.255523353211
48,all,R15,High,R15_OUT,0.0,0.0,1038.8203561523283,0.0,0.1069182389937107,0.4,0.3333333333333333,2583.0,2856.255523353211
48,all,R16,High,R16_OUT,0.0,0.0,1566.9012152256582,0.0,0.1069182389937107,0.4,0.3333333333333333,2583.0,2856.255523353211
48,all,R17,High,R17_OUT,0.0,0.0,-302216.3967836337,-0.0,0.1069182389937107,0.4,0.3333333333333333,2583.0,2856.255523353211
48,all,R18,Very_High,R18_OUT,0.0,0.0,-39179.124939117406,-0.0,0.1069182389937107,0.4,0.3333333333333333,2583.0,2856.255523353211
48,all,R19,Very_High,R19_OUT,0.0,0.0,1849.2598136727104,0.0,0.1069182389937107,0.4,0.3333333333333333,2583.0,2856.255523353211
48,all,R20,Very_High,R20_OUT,0.0,0.0,0.0,0.0,0.1069182389937107,0.4,0.3333333333333333,2583.0,2856.255523353211
49,all,R1,Very_Low,R1_OUT,0.0,0.0,3182.50038867489,0.0,0.1462264150943396,0.4,0.3333333333333333,3647.0,3408.3276688559527
49,all,R2,Low,R2_OUT,0.066728116909734,0.12600928653015417,-3553.5463953962676,-447.7798459356848,0.1462264150943396,0.4,0.3333333333333333,3647.0,3408.3276688559527
49,all,R3,Low,R3_OUT,0.0,0.0,-49871.01635041962,-0.0,0.1462264150943396,0.4,0.3333333333333333,3647.0,3408.3276688559527
49,all,R4,Low,R4_OUT,0.0,0.0,6841.070205177764,0.0,0.1462264150943396,0.4,0.3333333333333333,3647.0,3408.3276688559527
49,all,R5,Medium,R5_OUT,0.0,0.0,643.3911222048473,0.0,0.1462264150943396,0.4,0.3333333333333333,3647.0,3408.3276688559527
49,all,R6,Medium,R6_OUT,0.004134587361863298,0.007807749232152929,2491.559557455086,19.45347222158324,0.1462264150943396,0.4,0.3333333333333333,3647.0,3408.3276688559527
49,all,R7,Medium,R7_OUT,0.4319237664592865,0.8156442616322676,3479.321812377133,2837.8888706373896,0.1462264150943396,0.4,0.3333333333333333,3647.0,3408.3276688559527
49,all,R8,Medium,R8_OUT,0.0,0.0,11501.620943833208,0.0,0.1462264150943396,0.4,0.3333333333333333,3647.0,3408.3276688559527
49,all,R9,High,R9_OUT,0.0,0.0,11542.918183348836,0.0,0.1462264150943396,0.4,0.3333333333333333,3647.0,3408.3276688559527
49,all,R10,High,R10_OUT,0.0,0.0,-18821.01462353126,-0.0,0.1462264150943396,0.4,0.3333333333333333,3647.0,3408.3276688559527
49,all,R11,Medium,R11_OUT,0.02676272954782652,0.050538702605425256,19762.382499812084,998.7651719326634,0.1462264150943396,0.4,0.3333333333333333,3647.0,3408.3276688559527
49,all,R12,Medium,R12_OUT,0.0,0.0,0.0,0.0,0.1462264150943396,0.4,0.3333333333333333,3647.0,3408.3276688559527
49,all,R13,High,R13_OUT,0.0,0.0,79524.09720091948,0.0,0.1462264150943396,0.4,0.3333333333333333,3647.0,3408.3276688559527
49,all,R14,High,R14_OUT,0.0,0.0,-33392.335787139855,-0.0,0.1462264150943396,0.4,0.3333333333333333,3647.0,3408.3276688559527
49,all,R15,High,R15_OUT,0.0,0.0,1116.7083592254035,0.0,0.1462264150943396,0.4,0.3333333333333333,3647.0,3408.3276688559527
49,all,R16,High,R16_OUT,0.0,0.0,1580.2978665387143,0.0,0.1462264150943396,0.4,0.3333333333333333,3647.0,3408.3276688559527
49,all,R17,High,R17_OUT,0.0,0.0,-309448.1911610686,-0.0,0.1462264150943396,0.4,0.3333333333333333,3647.0,3408.3276688559527
49,all,R18,Very_High,R18_OUT,0.0,0.0,-35050.318246425246,-0.0,0.1462264150943396,0.4,0.3333333333333333,3647.0,3408.3276688559527
49,all,R19,Very_High,R19_OUT,0.0,0.0,1865.0705671939613,0.0,0.1462264150943396,0.4,0.3333333333333333,3647.0,3408.3276688559527
49,all,R20,Very_High,R20_OUT,0.0,0.0,0.0,0.0,0.1462264150943396,0.4,0.3333333333333333,3647.0,3408.3276688559527
50,all,R1,Very_Low,R1_OUT,0.0,0.0,513.7191716196619,0.0,0.4528301886792453,0.8,0.3636363636363636,8232.0,8322.715706244484
50,all,R2,Low,R2_OUT,0.0,0.0,-4989.352105190594,-0.0,0.4528301886792453,0.8,0.3636363636363636,8232.0,8322.715706244484
50,all,R3,Low,R3_OUT,0.0,0.0,16017.933863627259,0.0,0.4528301886792453,0.8,0.3636363636363636,8232.0,8322.715706244484
50,all,R4,Low,R4_OUT,0.0,0.0,5723.108857525378,0.0,0.4528301886792453,0.8,0.3636363636363636,8232.0,8322.715706244484
50,all,R5,Medium,R5_OUT,0.0,0.0,2869.5879906822233,0.0,0.4528301886792453,0.8,0.3636363636363636,8232.0,8322.715706244484
50,all,R6,Medium,R6_OUT,0.0,0.0,-656.008850425218,-0.0,0.4528301886792453,0.8,0.3636363636363636,8232.0,8322.715706244484
50,all,R7,Medium,R7_OUT,0.0,0.0,-3688.537644606349,-0.0,0.4528301886792453,0.8,0.3636363636363636,8232.0,8322.715706244484
50,all,R8,Medium,R8_OUT,0.31480100569808306,0.7869860421615986,5455.28980057125,4293.236928996105,0.4528301886792453,0.8,0.3636363636363636,8232.0,8322.715706244484
50,all,R9,High,R9_OUT,0.0,0.0,13309.951097261304,0.0,0.4528301886792453,0.8,0.3636363636363636,8232.0,8322.715706244484
50,all,R10,High,R10_OUT,0.0,0.0,-16559.816542740387,-0.0,0.4528301886792453,0.8,0.3636363636363636,8232.0,8322.715706244484
50,all,R11,Medium,R11_OUT,0.08520736653864112,0.21301395783840135,18916.50114451776,4029.478777248377,0.4528301886792453,0.8,0.3636363636363636,8232.0,8322.715706244484
50,all,R12,Medium,R12_OUT,0.0,0.0,0.0,0.0,0.4528301886792453,0.8,0.3636363636363636,8232.0,8322.715706244484
50,all,R13,High,R13_OUT,0.0,0.0,23717.45205737377,0.0,0.4528301886792453,0.8,0.3636363636363636,8232.0,8322.715706244484
50,all,R14,High,R14_OUT,0.0,0.0,-10003.990874850526,-0.0,0.4528301886792453,0.8,0.3636363636363636,8232.0,8322.715706244484
50,all,R15,High,R15_OUT,0.0,0.0,126.47695883233246,0.0,0.4528301886792453,0.8,0.3636363636363636,8232.0,8322.715706244484
50,all,R16,High,R16_OUT,0.0,0.0,1802.3890991490232,0.0,0.4528301886792453,0.8,0.3636363636363636,8232.0,8322.715706244484
50,all,R17,High,R17_OUT,0.0,0.0,-435404.6229034269,-0.0,0.4528301886792453,0.8,0.3636363636363636,8232.0,8322.715706244484
50,all,R18,Very_High,R18_OUT,0.0,0.0,-50215.14232693896,-0.0,0.4528301886792453,0.8,0.3636363636363636,8232.0,8322.715706244484
50,all,R19,Very_High,R19_OUT,0.0,0.0,2127.183065032501,0.0,0.4528301886792453,0.8,0.3636363636363636,8232.0,8322.715706244484
50,all,R20,Very_High,R20_OUT,0.0,0.0,0.0,0.0,0.4528301886792453,0.8,0.3636363636363636,8232.0,8322.715706244484
51,all,R1,Very_Low,R1_OUT,0.0,0.0,3002.6399902929024,0.0,0.1053459119496855,0.4,0.3333333333333333,3276.0,2834.3515009087787
51,all,R2,Low,R2_OUT,0.066728116909734,0.12974391128546903,-3094.0730618541743,-401.4371408479675,0.1053459119496855,0.4,0.3333333333333333,3276.0,2834.3515009087787
51,all,R3,Low,R3_OUT,0.0,0.0,-53705.33563639753,-0.0,0.1053459119496855,0.4,0.3333333333333333,3276.0,2834.3515009087787
51,all,R4,Low,R4_OUT,0.0,0.0,8582.083192811655,0.0,0.1053459119496855,0.4,0.3333333333333333,3276.0,2834.3515009087787
51,all,R5,Medium,R5_OUT,0.0,0.0,342.2367795159627,0.0,0.1053459119496855,0.4,0.3333333333333333,3276.0,2834.3515009087787
51,all,R6,Medium,R6_OUT,0.002094833765881627,0.004073124476838084,1943.6377010884655,7.916678294408732,0.1053459119496855,0.4,0.3333333333333333,3276.0,2834.3515009087787
51,all,R7,Medium,R7_OUT,0.4319237664592865,0.8398180771890554,3067.879018964024,2576.4602587550125,0.1053459119496855,0.4,0.3333333333333333,3276.0,2834.3515009087787
51,all,R8,Medium,R8_OUT,0.0,0.0,11534.06587738976,0.0,0.1053459119496855,0.4,0.3333333333333333,3276.0,2834.3515009087787
51,all,R9,High,R9_OUT,0.0,0.0,11421.115801672466,0.0,0.1053459119496855,0.4,0.3333333333333333,3276.0,2834.3515009087787
51,all,R10,High,R10_OUT,0.0,0.0,-20376.58126936944,-0.0,0.1053459119496855,0.4,0.3333333333333333,3276.0,2834.3515009087787
51,all,R11,Medium,R11_OUT,0.013559628716777022,0.026364887048637518,24707.547713199463,651.4117047073261,0.1053459119496855,0.4,0.3333333333333333,3276.0,2834.3515009087787
51,all,R12,Medium,R12_OUT,0.0,0.0,0.0,0.0,0.1053459119496855,0.4,0.3333333333333333,3276.0,2834.3515009087787
51,all,R13,High,R13_OUT,0.0,0.0,75622.1213632254,0.0,0.1053459119496855,0.4,0.3333333333333333,3276.0,2834.3515009087787
51,all,R14,High,R14_OUT,0.0,0.0,-38363.28889331593,-0.0,0.1053459119496855,0.4,0.3333333333333333,3276.0,2834.3515009087787
51,all,R15,High,R15_OUT,0.0,0.0,1035.7048360294052,0.0,0.1053459119496855,0.4,0.3333333333333333,3276.0,2834.3515009087787
51,all,R16,High,R16_OUT,0.0,0.0,1566.365349173136,0.0,0.1053459119496855,0.4,0.3333333333333333,3276.0,2834.3515009087787
51,all,R17,High,R17_OUT,0.0,0.0,-301927.12500853627,-0.0,0.1053459119496855,0.4,0.3333333333333333,3276.0,2834.3515009087787
51,all,R18,Very_High,R18_OUT,0.0,0.0,-39344.2772068251,-0.0,0.1053459119496855,0.4,0.3333333333333333,3276.0,2834.3515009087787
51,all,R19,Very_High,R19_OUT,0.0,0.0,1848.6273835318605,0.0,0.1053459119496855,0.4,0.3333333333333333,3276.0,2834.3515009087787
51,all,R20,Very_High,R20_OUT,0.0,0.0,0.0,0.0,0.1053459119496855,0.4,0.3333333333333333,3276.0,2834.3515009087787
52,all,R1,Very_Low,R1_OUT,0.0,0.0,4365.549155957063,0.0,0.1210691823899371,0.4,0.2121212121212121,2723.0,1736.5718188525543
52,all,R2,Low,R2_OUT,0.5520235126168905,0.7808896102120715,-1269.4749566046617,-991.3198040370006,0.1210691823899371,0.4,0.2121212121212121,2723.0,1736.5718188525543
52,all,R3,Low,R3_OUT,0.0,0.0,-36306.13387222182,-0.0,0.1210691823899371,0.4,0.2121212121212121,2723.0,1736.5718188525543
52,all,R4,Low,R4_OUT,0.0,0.0,3150.525487675918,0.0,0.1210691823899371,0.4,0.2121212121212121,2723.0,1736.5718188525543
52,all,R5,Medium,R5_OUT,0.0,0.0,465.11285488048924,0.0,0.1210691823899371,0.4,0.2121212121212121,2723.0,1736.5718188525543
52,all,R6,Medium,R6_OUT,0.022708371635889207,0.032123145246545075,2743.1164125140253,88.1175269473697,0.1210691823899371,0.4,0.2121212121212121,2723.0,1736.5718188525543
52,all,R7,Medium,R7_OUT,0.12696154501052237,0.17959914592260368,13684.740591190857,2457.7677223502646,0.1210691823899371,0.4,0.2121212121212121,2723.0,1736.5718188525543
52,all,R8,Medium,R8_OUT,0.0,0.0,6640.945978606665,0.0,0.1210691823899371,0.4,0.2121212121212121,2723.0,1736.5718188525543
52,all,R9,High,R9_OUT,0.0,0.0,10803.62246169968,0.0,0.1210691823899371,0.4,0.2121212121212121,2723.0,1736.5718188525543
52,all,R10,High,R10_OUT,0.0,0.0,-14695.22564454681,-0.0,0.1210691823899371,0.4,0.2121212121212121,2723.0,1736.5718188525543
52,all,R11,Medium,R11_OUT,0.0052227665700292514,0.007388098618779722,24635.076355001554,182.00637359191998,0.1210691823899371,0.4,0.2121212121212121,2723.0,1736.5718188525543
52,all,R12,Medium,R12_OUT,0.0,0.0,0.0,0.0,0.1210691823899371,0.4,0.2121212121212121,2723.0,1736.5718188525543
52,all,R13,High,R13_OUT,0.0,0.0,54891.725018106285,0.0,0.1210691823899371,0.4,0.2121212121212121,2723.0,1736.5718188525543
52,all,R14,High,R14_OUT,0.0,0.0,-35987.758842454256,-0.0,0.1210691823899371,0.4,0.2121212121212121,2723.0,1736.5718188525543
52,all,R15,High,R15_OUT,0.0,0.0,318.74661928776663,0.0,0.1210691823899371,0.4,0.2121212121212121,2723.0,1736.5718188525543
52,all,R16,High,R16_OUT,0.0,0.0,1480.36091686555,0.0,0.1210691823899371,0.4,0.2121212121212121,2723.0,1736.5718188525543
52,all,R17,High,R17_OUT,0.0,0.0,-283952.433968481,-0.0,0.1210691823899371,0.4,0.2121212121212121,2723.0,1736.5718188525543
52,all,R18,Very_High,R18_OUT,0.0,0.0,-32429.471297390854,-0.0,0.1210691823899371,0.4,0.2121212121212121,2723.0,1736.5718188525543
52,all,R19,Very_High,R19_OUT,0.0,0.0,1747.1247878855029,0.0,0.1210691823899371,0.4,0.2121212121212121,2723.0,1736.5718188525543
52,all,R20,Very_High,R20_OUT,0.0,0.0,0.0,0.0,0.1210691823899371,0.4,0.2121212121212121,2723.0,1736.5718188525543
53,all,R1,Very_Low,R1_OUT,0.3443396226415095,0.6141611553988986,2042.7740829447582,1254.5924910002782,0.2122641509433962,0.8,0.1212121212121212,3472.0,3149.2949896534074
53,all,R2,Low,R2_OUT,0.09320260071955398,0.16623534783767038,1717.108978492357,285.44420831486383,0.2122641509433962,0.8,0.1212121212121212,3472.0,3149.2949896534074
53,all,R3,Low,R3_OUT,0.014199095811187714,0.025325383765369393,25303.366758356384,640.8174737112663,0.2122641509433962,0.8,0.1212121212121212,3472.0,3149.2949896534074
53,all,R4,Low,R4_OUT,0.07942297467009593,0.14165812669019118,6444.426018817876,912.905317419267,0.2122641509433962,0.8,0.1212121212121212,3472.0,3149.2949896534074
53,all,R5,Medium,R5_OUT,0.0,0.0,1111.5054765967748,0.0,0.2122641509433962,0.8,0.1212121212121212,3472.0,3149.2949896534074
53,all,R6,Medium,R6_OUT,0.02149746154494348,0.038342685396769945,-2702.8391641673857,-103.63411174973871,0.2122641509433962,0.8,0.1212121212121212,3472.0,3149.2949896534074
53,all,R7,Medium,R7_OUT,0.0038432773066217774,0.0068548359699243545,14807.508451367781,101.50304155739474,0.2122641509433962,0.8,0.1212121212121212,3472.0,3149.2949896534074
53,all,R8,Medium,R8_OUT,0.0032750643631979186,0.005841376307139274,-4115.066400637876,-24.037651374990975,0.2122641509433962,0.8,0.1212121212121212,3472.0,3149.2949896534074
53,all,R9,High,R9_OUT,0.0,0.0,11264.510108469112,0.0,0.2122641509433962,0.8,0.1212121212121212,3472.0,3149.2949896534074
53,all,R10,High,R10_OUT,0.0,0.0,-15547.606436556867,-0.0,0.2122641509433962,0.8,0.1212121212121212,3472.0,3149.2949896534074
53,all,R11,Medium,R11_OUT,0.0008864635264230532,0.0015810886340366637,51675.926963353384,81.7042207750668,0.2122641509433962,0.8,0.1212121212121212,3472.0,3149.2949896534074
53,all,R12,Medium,R12_OUT,0.0,0.0,0.0,0.0,0.2122641509433962,0.8,0.1212121212121212,3472.0,3149.2949896534074
53,all,R13,High,R13_OUT,0.0,0.0,-43706.4875529059,-0.0,0.2122641509433962,0.8,0.1212121212121212,3472.0,3149.2949896534074
53,all,R14,High,R14_OUT,0.0,0.0,-38328.88797960644,-0.0,0.2122641509433962,0.8,0.1212121212121212,3472.0,3149.2949896534074
53,all,R15,High,R15_OUT,0.0,0.0,-1846.4244559166245,-0.0,0.2122641509433962,0.8,0.1212121212121212,3472.0,3149.2949896534074
53,all,R16,High,R16_OUT,0.0,0.0,1537.6754074475034,0.0,0.2122641509433962,0.8,0.1212121212121212,3472.0,3149.2949896534074
53,all,R17,High,R17_OUT,0.0,0.0,-349411.22373146657,-0.0,0.2122641509433962,0.8,0.1212121212121212,3472.0,3149.2949896534074
53,all,R18,Very_High,R18_OUT,0.0,0.0,-64956.87282150025,-0.0,0.2122641509433962,0.8,0.1212121212121212,3472.0,3149.2949896534074
53,all,R19,Very_High,R19_OUT,0.0,0.0,1814.7674593727297,0.0,0.2122641509433962,0.8,0.1212121212121212,3472.0,3149.2949896534074
53,all,R20,Very_High,R20_OUT,0.0,0.0,0.0,0.0,0.2122641509433962,0.8,0.1212121212121212,3472.0,3149.2949896534074
54,all,R1,Very_Low,R1_OUT,0.0,0.0,4479.751713122875,0.0,0.0,0.4,0.1515151515151515,1575.0,2152.9380389107864
54,all,R2,Low,R2_OUT,0.7946712104704688,0.9328929157189612,1091.9323018066952,1018.6559088001646,0.0,0.4,0.1515151515151515,1575.0,2152.9380389107864
54,all,R3,Low,R3_OUT,0.0,0.0,-39699.386122833545,-0.0,0.0,0.4,0.1515151515151515,1575.0,2152.9380389107864
54,all,R4,Low,R4_OUT,0.0,0.0,5925.633749953398,0.0,0.0,0.4,0.1515151515151515,1575.0,2152.9380389107864
54,all,R5,Medium,R5_OUT,0.0,0.0,-423.2435728406525,-0.0,0.0,0.4,0.1515151515151515,1575.0,2152.9380389107864
54,all,R6,Medium,R6_OUT,0.0030721354368170198,0.0036064895108494405,1414.794528916693,5.102441628545229,0.0,0.4,0.1515151515151515,1575.0,2152.9380389107864
54,all,R7,Medium,R7_OUT,0.05388374432468337,0.06325605192510861,17695.544105770627,1119.3502567976764,0.0,0.4,0.1515151515151515,1575.0,2152.9380389107864
54,all,R8,Medium,R8_OUT,0.0,0.0,4296.712358124246,0.0,0.0,0.4,0.1515151515151515,1575.0,2152.9380389107864
54,all,R9,High,R9_OUT,0.0,0.0,10110.729818733966,0.0,0.0,0.4,0.1515151515151515,1575.0,2152.9380389107864
54,all,R10,High,R10_OUT,0.0,0.0,-16760.5657151636,-0.0,0.0,0.4,0.1515151515151515,1575.0,2152.9380389107864
54,all,R11,Medium,R11_OUT,0.00020831025237499703,0.00024454284508081505,40195.13096427819,9.829431684400554,0.0,0.4,0.1515151515151515,1575.0,2152.9380389107864
54,all,R12,Medium,R12_OUT,0.0,0.0,0.0,0.0,0.0,0.4,0.1515151515151515,1575.0,2152.9380389107864
54,all,R13,High,R13_OUT,0.0,0.0,32220.2953574346,0.0,0.0,0.4,0.1515151515151515,1575.0,2152.9380389107864
54,all,R14,High,R14_OUT,0.0,0.0,-50477.61515188641,-0.0,0.0,0.4,0.1515151515151515,1575.0,2152.9380389107864
54,all,R15,High,R15_OUT,0.0,0.0,-295.2051391627392,-0.0,0.0,0.4,0.1515151515151515,1575.0,2152.9380389107864
54,all,R16,High,R16_OUT,0.0,0.0,1393.4176844049332,0.0,0.0,0.4,0.1515151515151515,1575.0,2152.9380389107864
54,all,R17,High,R17_OUT,0.0,0.0,-251244.8028904668,-0.0,0.0,0.4,0.1515151515151515,1575.0,2152.9380389107864
54,all,R18,Very_High,R18_OUT,0.0,0.0,-42514.55429470402,-0.0,0.0,0.4,0.1515151515151515,1575.0,2152.9380389107864
54,all,R19,Very_High,R19_OUT,0.0,0.0,1644.514218512621,0.0,0.0,0.4,0.1515151515151515,1575.0,2152.9380389107864
54,all,R20,Very_High,R20_OUT,0.0,0.0,0.0,0.0,0.0,0.4,0.1515151515151515,1575.0,2152.9380389107864
55,all,R1,Very_Low,R1_OUT,0.0,0.0,3528.385770178712,0.0,0.2248427672955975,0.4,0.3333333333333333,2926.0,4536.734908114911
55,all,R2,Low,R2_OUT,0.04175753227999077,0.1031673798392379,-4437.1489599002925,-457.76903214931286,0.2248427672955975,0.4,0.3333333333333333,2926.0,4536.734908114911
55,all,R3,Low,R3_OUT,0.0,0.0,-42497.325415846695,-0.0,0.2248427672955975,0.4,0.3333333333333333,2926.0,4536.734908114911
55,all,R4,Low,R4_OUT,0.0,0.0,3492.968305881819,0.0,0.2248427672955975,0.4,0.3333333333333333,2926.0,4536.734908114911
55,all,R5,Medium,R5_OUT,0.0,0.0,1222.534088914241,0.0,0.2248427672955975,0.4,0.3333333333333333,2926.0,4536.734908114911
55,all,R6,Medium,R6_OUT,0.012405607262416893,0.03064965592306919,3545.2554350832042,108.66085924469117,0.2248427672955975,0.4,0.3333333333333333,2926.0,4536.734908114911
55,all,R7,Medium,R7_OUT,0.2702919167465346,0.6677911102478483,4270.557953556188,2851.840637183066,0.2248427672955975,0.4,0.3333333333333333,2926.0,4536.734908114911
55,all,R8,Medium,R8_OUT,0.0,0.0,11439.226840839838,0.0,0.2248427672955975,0.4,0.3333333333333333,2926.0,4536.734908114911
55,all,R9,High,R9_OUT,0.0,0.0,11777.153532726472,0.0,0.2248427672955975,0.4,0.3333333333333333,2926.0,4536.734908114911
55,all,R10,High,R10_OUT,0.0,0.0,-15829.54030461168,-0.0,0.2248427672955975,0.4,0.3333333333333333,2926.0,4536.734908114911
55,all,R11,Medium,R11_OUT,0.08030013227027152,0.19839185398984452,10252.449397144032,2034.0024438364683,0.2248427672955975,0.4,0.3333333333333333,2926.0,4536.734908114911
55,all,R12,Medium,R12_OUT,0.0,0.0,0.0,0.0,0.2248427672955975,0.4,0.3333333333333333,2926.0,4536.734908114911
55,all,R13,High,R13_OUT,0.0,0.0,87027.89688879273,0.0,0.2248427672955975,0.4,0.3333333333333333,2926.0,4536.734908114911
55,all,R14,High,R14_OUT,0.0,0.0,-23832.8105829551,-0.0,0.2248427672955975,0.4,0.3333333333333333,2926.0,4536.734908114911
55,all,R15,High,R15_OUT,0.0,0.0,1272.4843653715538,0.0,0.2248427672955975,0.4,0.3333333333333333,2926.0,4536.734908114911
55,all,R16,High,R16_OUT,0.0,0.0,1607.0911691648262,0.0,0.2248427672955975,0.4,0.3333333333333333,2926.0,4536.734908114911
55,all,R17,High,R17_OUT,0.0,0.0,-323911.7799159385,-0.0,0.2248427672955975,0.4,0.3333333333333333,2926.0,4536.734908114911
55,all,R18,Very_High,R18_OUT,0.0,0.0,-26792.70486104092,-0.0,0.2248427672955975,0.4,0.3333333333333333,2926.0,4536.734908114911
55,all,R19,Very_High,R19_OUT,0.0,0.0,1896.6920742364632,0.0,0.2248427672955975,0.4,0.3333333333333333,2926.0,4536.734908114911
55,all,R20,Very_High,R20_OUT,0.0,0.0,0.0,0.0,0.2248427672955975,0.4,0.3333333333333333,2926.0,4536.734908114911
56,all,R1,Very_Low,R1_OUT,0.4962121212121214,0.7208853614707745,1165.9244501977944,840.4978687284511,0.0864779874213836,0.8,0.1515151515151515,1876.0,2170.2219944687404
56,all,R2,Low,R2_OUT,0.13431001593936556,0.19512244915155022,2630.543427161217,513.2780761072092,0.0864779874213836,0.8,0.1515151515151515,1876.0,2170.2219944687404
56,all,R3,Low,R3_OUT,0.03364632657872832,0.04888059614227294,9524.345368724433,465.55567948814667,0.0864779874213836,0.8,0.1515151515151515,1876.0,2170.2219944687404
56,all,R4,Low,R4_OUT,0.011100535944438434,0.016126598937725323,12991.873389010523,209.514731594279,0.0864779874213836,0.8,0.1515151515151515,1876.0,2170.2219944687404
56,all,R5,Medium,R5_OUT,0.0,0.0,183.1148593560835,0.0,0.0864779874213836,0.8,0.1515151515151515,1876.0,2170.2219944687404
56,all,R6,Medium,R6_OUT,0.0030045883522375485,0.0043649956697606246,-4535.937452347357,-19.799347337801255,0.0864779874213836,0.8,0.1515151515151515,1876.0,2170.2219944687404
56,all,R7,Medium,R7_OUT,0.009107070274807528,0.013230538647377962,10926.877039483537,144.56846896603383,0.0864779874213836,0.8,0.1515151515151515,1876.0,2170.2219944687404
56,all,R8,Medium,R8_OUT,0.0007526866870425097,0.0010934856108259549,-2795.0755663023783,-3.0563749129228577,0.0864779874213836,0.8,0.1515151515151515,1876.0,2170.2219944687404
56,all,R9,High,R9_OUT,0.0,0.0,11055.818651926973,0.0,0.0864779874213836,0.8,0.1515151515151515,1876.0,2170.2219944687404
56,all,R10,High,R10_OUT,0.0,0.0,-21604.730537087868,-0.0,0.0864779874213836,0.8,0.1515151515151515,1876.0,2170.2219944687404
56,all,R11,Medium,R11_OUT,0.00020373013195865128,0.0002959743697125819,66434.44111203833,19.662891835343185,0.0864779874213836,0.8,0.1515151515151515,1876.0,2170.2219944687404
56,all,R12,Medium,R12_OUT,0.0,0.0,0.0,0.0,0.0864779874213836,0.8,0.1515151515151515,1876.0,2170.2219944687404
56,all,R13,High,R13_OUT,0.0,0.0,-50154.77798282966,-0.0,0.0864779874213836,0.8,0.1515151515151515,1876.0,2170.2219944687404
56,all,R14,High,R14_OUT,0.0,0.0,-53740.03455880823,-0.0,0.0864779874213836,0.8,0.1515151515151515,1876.0,2170.2219944687404
56,all,R15,High,R15_OUT,0.0,0.0,-1908.637711257748,-0.0,0.0864779874213836,0.8,0.1515151515151515,1876.0,2170.2219944687404
56,all,R16,High,R16_OUT,0.0,0.0,1517.6468964539263,0.0,0.0864779874213836,0.8,0.1515151515151515,1876.0,2170.2219944687404
56,all,R17,High,R17_OUT,0.0,0.0,-331486.3339214321,-0.0,0.0864779874213836,0.8,0.1515151515151515,1876.0,2170.2219944687404
56,all,R18,Very_High,R18_OUT,0.0,0.0,-79484.87504620451,-0.0,0.0864779874213836,0.8,0.1515151515151515,1876.0,2170.2219944687404
56,all,R19,Very_High,R19_OUT,0.0,0.0,1791.129772368441,0.0,0.0864779874213836,0.8,0.1515151515151515,1876.0,2170.2219944687404
56,all,R20,Very_High,R20_OUT,0.0,0.0,0.0,0.0,0.0864779874213836,0.8,0.1515151515151515,1876.0,2170.2219944687404
57,all,R1,Very_Low,R1_OUT,0.0,0.0,5342.765930609686,0.0,0.1226415094339622,0.4,0.1212121212121212,2520.0,1181.900580969269
57,all,R2,Low,R2_OUT,0.8007374029168082,0.9214758919545591,213.84195571799728,197.05020688254888,0.1226415094339622,0.4,0.1212121212121212,2520.0,1181.900580969269
57,all,R3,Low,R3_OUT,0.0,0.0,-24215.312370584514,-0.0,0.1226415094339622,0.4,0.1212121212121212,2520.0,1181.900580969269
57,all,R4,Low,R4_OUT,0.0,0.0,-487.88954426740656,-0.0,0.1226415094339622,0.4,0.1212121212121212,2520.0,1181.900580969269
57,all,R5,Medium,R5_OUT,0.0,0.0,481.9813257316625,0.0,0.1226415094339622,0.4,0.1212121212121212,2520.0,1181.900580969269
57,all,R6,Medium,R6_OUT,0.03382165473715115,0.03892142336897112,3205.744981991539,124.7721576570474,0.1226415094339622,0.4,0.1212121212121212,2520.0,1181.900580969269
57,all,R7,Medium,R7_OUT,0.03301899158858745,0.0379977313594964,21544.526072007706,818.6431139518149,0.1226415094339622,0.4,0.1212121212121212,2520.0,1181.900580969269
57,all,R8,Medium,R8_OUT,0.0,0.0,2979.2172879084837,0.0,0.1226415094339622,0.4,0.1212121212121212,2520.0,1181.900580969269
57,all,R9,High,R9_OUT,0.0,0.0,10310.051861300999,0.0,0.1226415094339622,0.4,0.1212121212121212,2520.0,1181.900580969269
57,all,R10,High,R10_OUT,0.0,0.0,-10823.100587389385,-0.0,0.1226415094339622,0.4,0.1212121212121212,2520.0,1181.900580969269
57,all,R11,Medium,R11_OUT,0.0013946606330741454,0.001604953316973289,25817.01413969998,41.43510247785779,0.1226415094339622,0.4,0.1212121212121212,2520.0,1181.900580969269
57,all,R12,Medium,R12_OUT,0.0,0.0,0.0,0.0,0.1226415094339622,0.4,0.1212121212121212,2520.0,1181.900580969269
57,all,R13,High,R13_OUT,0.0,0.0,38368.43379984342,0.0,0.1226415094339622,0.4,0.1212121212121212,2520.0,1181.900580969269
57,all,R14,High,R14_OUT,0.0,0.0,-35448.84958085203,-0.0,0.1226415094339622,0.4,0.1212121212121212,2520.0,1181.900580969269
57,all,R15,High,R15_OUT,0.0,0.0,-239.22292406746203,-0.0,0.1226415094339622,0.4,0.1212121212121212,2520.0,1181.900580969269
57,all,R16,High,R16_OUT,0.0,0.0,1412.3744632934659,0.0,0.1226415094339622,0.4,0.1212121212121212,2520.0,1181.900580969269
57,all,R17,High,R17_OUT,0.0,0.0,-268591.1491503065,-0.0,0.1226415094339622,0.4,0.1212121212121212,2520.0,1181.900580969269
57,all,R18,Very_High,R18_OUT,0.0,0.0,-28316.856605415138,-0.0,0.1226415094339622,0.4,0.1212121212121212,2520.0,1181.900580969269
57,all,R19,Very_High,R19_OUT,0.0,0.0,1666.8870452352094,0.0,0.1226415094339622,0.4,0.1212121212121212,2520.0,1181.900580969269
57,all,R20,Very_High,R20_OUT,0.0,0.0,0.0,0.0,0.1226415094339622,0.4,0.1212121212121212,2520.0,1181.900580969269
58,all,R1,Very_Low,R1_OUT,0.0,0.0,-2972.928127998095,-0.0,0.080188679245283,1.0,0.3636363636363636,1603.0,1592.3936065796297
58,all,R2,Low,R2_OUT,0.0,0.0,454.21102371295456,0.0,0.080188679245283,1.0,0.3636363636363636,1603.0,1592.3936065796297
58,all,R3,Low,R3_OUT,0.6615146556493745,0.9767017776945186,1622.9745655154984,1585.1621432919762,0.080188679245283,1.0,0.3636363636363636,1603.0,1592.3936065796297
58,all,R4,Low,R4_OUT,0.0,0.0,26967.68772432948,0.0,0.080188679245283,1.0,0.3636363636363636,1603.0,1592.3936065796297
58,all,R5,Medium,R5_OUT,0.0,0.0,109.10091288790073,0.0,0.080188679245283,1.0,0.3636363636363636,1603.0,1592.3936065796297
58,all,R6,Medium,R6_OUT,0.0,0.0,-9205.426033709984,-0.0,0.080188679245283,1.0,0.3636363636363636,1603.0,1592.3936065796297
58,all,R7,Medium,R7_OUT,0.002557362829831336,0.0037758510726481325,-11258.510364587099,-42.510458436546315,0.080188679245283,1.0,0.3636363636363636,1603.0,1592.3936065796297
58,all,R8,Medium,R8_OUT,0.013171473070512689,0.019447189949551025,2239.460643192866,43.55121651271538,0.080188679245283,1.0,0.3636363636363636,1603.0,1592.3936065796297
58,all,R9,High,R9_OUT,0.0,0.0,12543.390515650111,0.0,0.080188679245283,1.0,0.3636363636363636,1603.0,1592.3936065796297
58,all,R10,High,R10_OUT,0.0,0.0,-34806.798100787084,-0.0,0.080188679245283,1.0,0.3636363636363636,1603.0,1592.3936065796297
58,all,R11,Medium,R11_OUT,5.091986300981875e-05,7.518128328212249e-05,82343.70233151178,6.190705211484158,0.080188679245283,1.0,0.3636363636363636,1603.0,1592.3936065796297
58,all,R12,Medium,R12_OUT,0.0,0.0,0.0,0.0,0.080188679245283,1.0,0.3636363636363636,1603.0,1592.3936065796297
58,all,R13,High,R13_OUT,0.0,0.0,-57165.18496160784,-0.0,0.080188679245283,1.0,0.3636363636363636,1603.0,1592.3936065796297
58,all,R14,High,R14_OUT,0.0,0.0,-62205.088908448764,-0.0,0.080188679245283,1.0,0.3636363636363636,1603.0,1592.3936065796297
58,all,R15,High,R15_OUT,0.0,0.0,-1504.294399728306,-0.0,0.080188679245283,1.0,0.3636363636363636,1603.0,1592.3936065796297
58,all,R16,High,R16_OUT,0.0,0.0,1722.7671342813874,0.0,0.080188679245283,1.0,0.3636363636363636,1603.0,1592.3936065796297
58,all,R17,High,R17_OUT,0.0,0.0,-399013.0039056479,-0.0,0.080188679245283,1.0,0.3636363636363636,1603.0,1592.3936065796297
58,all,R18,Very_High,R18_OUT,0.0,0.0,-112383.07751137228,-0.0,0.080188679245283,1.0,0.3636363636363636,1603.0,1592.3936065796297
58,all,R19,Very_High,R19_OUT,0.0,0.0,2033.2130697055763,0.0,0.080188679245283,1.0,0.3636363636363636,1603.0,1592.3936065796297
58,all,R20,Very_High,R20_OUT,0.0,0.0,0.0,0.0,0.080188679245283,1.0,0.3636363636363636,1603.0,1592.3936065796297
59,all,R1,Very_Low,R1_OUT,0.0,0.0,5417.040715728681,0.0,0.360062893081761,0.4,0.2121212121212121,3626.0,4035.0669665950136
59,all,R2,Low,R2_OUT,0.0,0.0,-3955.6267526968945,-0.0,0.360062893081761,0.4,0.2121212121212121,3626.0,4035.0669665950136
59,all,R3,Low,R3_OUT,0.0,0.0,-13890.11343112015,-0.0,0.360062893081761,0.4,0.2121212121212121,3626.0,4035.0669665950136
59,all,R4,Low,R4_OUT,0.0,0.0,-7027.704286183749,-0.0,0.360062893081761,0.4,0.2121212121212121,3626.0,4035.0669665950136
59,all,R5,Medium,R5_OUT,0.0,0.0,2225.707473677045,0.0,0.360062893081761,0.4,0.2121212121212121,3626.0,4035.0669665950136
59,all,R6,Medium,R6_OUT,0.3572466115551704,0.8130127554586165,5946.351880503502,4834.459927294678,0.360062893081761,0.4,0.2121212121212121,3626.0,4035.0669665950136
59,all,R7,Medium,R7_OUT,0.0,0.0,16090.098460375188,0.0,0.360062893081761,0.4,0.2121212121212121,3626.0,4035.0669665950136
59,all,R8,Medium,R8_OUT,0.0,0.0,6451.26790550682,0.0,0.360062893081761,0.4,0.2121212121212121,3626.0,4035.0669665950136
59,all,R9,High,R9_OUT,0.0,0.0,11515.697923807695,0.0,0.360062893081761,0.4,0.2121212121212121,3626.0,4035.0669665950136
59,all,R10,High,R10_OUT,0.0,0.0,-5601.143715031296,-0.0,0.360062893081761,0.4,0.2121212121212121,3626.0,4035.0669665950136
59,all,R11,Medium,R11_OUT,0.08216422075538701,0.18698724454138338,-4275.120277109294,-799.3929606996622,0.360062893081761,0.4,0.2121212121212121,3626.0,4035.0669665950136
59,all,R12,Medium,R12_OUT,0.0,0.0,0.0,0.0,0.360062893081761,0.4,0.2121212121212121,3626.0,4035.0669665950136
59,all,R13,High,R13_OUT,0.0,0.0,77703.27606924095,0.0,0.360062893081761,0.4,0.2121212121212121,3626.0,4035.0669665950136
59,all,R14,High,R14_OUT,0.0,0.0,-6926.802221732607,-0.0,0.360062893081761,0.4,0.2121212121212121,3626.0,4035.0669665950136
59,all,R15,High,R15_OUT,0.0,0.0,792.3056779720634,0.0,0.360062893081761,0.4,0.2121212121212121,3626.0,4035.0669665950136
59,all,R16,High,R16_OUT,0.0,0.0,1561.8125568489304,0.0,0.360062893081761,0.4,0.2121212121212121,3626.0,4035.0669665950136
59,all,R17,High,R17_OUT,0.0,0.0,-327921.74378328543,-0.0,0.360062893081761,0.4,0.2121212121212121,3626.0,4035.0669665950136
59,all,R18,Very_High,R18_OUT,0.0,0.0,-7326.326605822502,-0.0,0.360062893081761,0.4,0.2121212121212121,3626.0,4035.0669665950136
59,all,R19,Very_High,R19_OUT,0.0,0.0,1843.2541692947084,0.0,0.360062893081761,0.4,0.2121212121212121,3626.0,4035.0669665950136
59,all,R20,Very_High,R20_OUT,0.0,0.0,0.0,0.0,0.360062893081761,0.4,0.2121212121212121,3626.0,4035.0669665950136
60,all,R1,Very_Low,R1_OUT,0.0,0.0,3047.542817098717,0.0,0.3883647798742138,0.6,0.2727272727272727,6783.0,5750.365066905313
60,all,R2,Low,R2_OUT,0.0,0.0,-4019.0960118390285,-0.0,0.3883647798742138,0.6,0.2727272727272727,6783.0,5750.365066905313
60,all,R3,Low,R3_OUT,0.0,0.0,1358.5192484594081,0.0,0.3883647798742138,0.6,0.2727272727272727,6783.0,5750.365066905313
60,all,R4,Low,R4_OUT,0.0,0.0,-477.47644315068646,-0.0,0.3883647798742138,0.6,0.2727272727272727,6783.0,5750.365066905313
60,all,R5,Medium,R5_OUT,0.0,0.0,2415.3257850893046,0.0,0.3883647798742138,0.6,0.2727272727272727,6783.0,5750.365066905313
60,all,R6,Medium,R6_OUT,0.23453716172557887,0.5490581021668389,2476.413905172167,1359.6951189534002,0.3883647798742138,0.6,0.2727272727272727,6783.0,5750.365066905313
60,all,R7,Medium,R7_OUT,0.0,0.0,7326.122888412112,0.0,0.3883647798742138,0.6,0.2727272727272727,6783.0,5750.365066905313
60,all,R8,Medium,R8_OUT,0.0,0.0,5357.5493619544595,0.0,0.3883647798742138,0.6,0.2727272727272727,6783.0,5750.365066905313
60,all,R9,High,R9_OUT,0.0,0.0,12275.907828946603,0.0,0.3883647798742138,0.6,0.2727272727272727,6783.0,5750.365066905313
60,all,R10,High,R10_OUT,0.0,0.0,-11133.136627107504,-0.0,0.3883647798742138,0.6,0.2727272727272727,6783.0,5750.365066905313
60,all,R11,Medium,R11_OUT,0.19262557533264146,0.45094189783316113,9736.66445510985,4390.6699479519175,0.3883647798742138,0.6,0.2727272727272727,6783.0,5750.365066905313
60,all,R12,Medium,R12_OUT,0.0,0.0,0.0,0.0,0.3883647798742138,0.6,0.2727272727272727,6783.0,5750.365066905313
60,all,R13,High,R13_OUT,0.0,0.0,46205.59559975981,0.0,0.3883647798742138,0.6,0.2727272727272727,6783.0,5750.365066905313
60,all,R14,High,R14_OUT,0.0,0.0,-10606.134219000975,-0.0,0.3883647798742138,0.6,0.2727272727272727,6783.0,5750.365066905313
60,all,R15,High,R15_OUT,0.0,0.0,330.0486597422255,0.0,0.3883647798742138,0.6,0.2727272727272727,6783.0,5750.365066905313
60,all,R16,High,R16_OUT,0.0,0.0,1664.51798179087,0.0,0.3883647798742138,0.6,0.2727272727272727,6783.0,5750.365066905313
60,all,R17,High,R17_OUT,0.0,0.0,-375728.1318308574,-0.0,0.3883647798742138,0.6,0.2727272727272727,6783.0,5750.365066905313
60,all,R18,Very_High,R18_OUT,0.0,0.0,-30012.07514097444,-0.0,0.3883647798742138,0.6,0.2727272727272727,6783.0,5750.365066905313
60,all,R19,Very_High,R19_OUT,0.0,0.0,1964.4673084119722,0.0,0.3883647798742138,0.6,0.2727272727272727,6783.0,5750.365066905313
60,all,R20,Very_High,R20_OUT,0.0,0.0,0.0,0.0,0.3883647798742138,0.6,0.2727272727272727,6783.0,5750.365066905313
61,all,R1,Very_Low,R1_OUT,0.0,0.0,4514.340251273257,0.0,0.0078616352201257,0.4,0.1515151515151515,1267.0,2076.999970264827
61,all,R2,Low,R2_OUT,0.7946712104704688,0.9322134825998658,1003.572045356294,935.5433914414613,0.0078616352201257,0.4,0.1515151515151515,1267.0,2076.999970264827
61,all,R3,Low,R3_OUT,0.0,0.0,-38962.01702937626,-0.0,0.0078616352201257,0.4,0.1515151515151515,1267.0,2076.999970264827
61,all,R4,Low,R4_OUT,0.0,0.0,5590.823560023808,0.0,0.0078616352201257,0.4,0.1515151515151515,1267.0,2076.999970264827
61,all,R5,Medium,R5_OUT,0.0,0.0,-365.3292761697138,-0.0,0.0078616352201257,0.4,0.1515151515151515,1267.0,2076.999970264827
61,all,R6,Medium,R6_OUT,0.0036535615370229106,0.004285922629944846,1520.1641166795034,6.5153057889068,0.0078616352201257,0.4,0.1515151515151515,1267.0,2076.999970264827
61,all,R7,Medium,R7_OUT,0.05388374432468337,0.06320998205370433,17774.66771988853,1123.5364275847116,0.0078616352201257,0.4,0.1515151515151515,1267.0,2076.999970264827
61,all,R8,Medium,R8_OUT,0.0,0.0,4290.472947824909,0.0,0.0078616352201257,0.4,0.1515151515151515,1267.0,2076.999970264827
61,all,R9,High,R9_OUT,0.0,0.0,10134.153353671729,0.0,0.0078616352201257,0.4,0.1515151515151515,1267.0,2076.999970264827
61,all,R10,High,R10_OUT,0.0,0.0,-16461.418283271647,-0.0,0.0078616352201257,0.4,0.1515151515151515,1267.0,2076.999970264827
61,all,R11,Medium,R11_OUT,0.0002477346267758817,0.0002906127164850963,39244.1376540114,11.404845449747306,0.0078616352201257,0.4,0.1515151515151515,1267.0,2076.999970264827
61,all,R12,Medium,R12_OUT,0.0,0.0,0.0,0.0,0.0078616352201257,0.4,0.1515151515151515,1267.0,2076.999970264827
61,all,R13,High,R13_OUT,0.0,0.0,32970.67532622191,0.0,0.0078616352201257,0.4,0.1515151515151515,1267.0,2076.999970264827
61,all,R14,High,R14_OUT,0.0,0.0,-49521.66263146795,-0.0,0.0078616352201257,0.4,0.1515151515151515,1267.0,2076.999970264827
61,all,R15,High,R15_OUT,0.0,0.0,-279.62753854812433,-0.0,0.0078616352201257,0.4,0.1515151515151515,1267.0,2076.999970264827
61,all,R16,High,R16_OUT,0.0,0.0,1396.0970146675445,0.0,0.0078616352201257,0.4,0.1515151515151515,1267.0,2076.999970264827
61,all,R17,High,R17_OUT,0.0,0.0,-252691.16176595376,-0.0,0.0078616352201257,0.4,0.1515151515151515,1267.0,2076.999970264827
61,all,R18,Very_High,R18_OUT,0.0,0.0,-41688.7929561656,-0.0,0.0078616352201257,0.4,0.1515151515151515,1267.0,2076.999970264827
61,all,R19,Very_High,R19_OUT,0.0,0.0,1647.676369216871,0.0,0.0078616352201257,0.4,0.1515151515151515,1267.0,2076.999970264827
61,all,R20,Very_High,R20_OUT,0.0,0.0,0.0,0.0,0.0078616352201257,0.4,0.1515151515151515,1267.0,2076.999970264827
62,all,R1,Very_Low,R1_OUT,0.0,0.0,5100.64616355701,0.0,0.0676100628930817,0.4,0.1212121212121212,2548.0,1661.9812362619537
62,all,R2,Low,R2_OUT,0.8007374029168082,0.9455608492911804,832.3637508708143,787.0505751925997,0.0676100628930817,0.4,0.1212121212121212,2548.0,1661.9812362619537
62,all,R3,Low,R3_OUT,0.0,0.0,-29376.896024785558,-0.0,0.0676100628930817,0.4,0.1212121212121212,2548.0,1661.9812362619537
62,all,R4,Low,R4_OUT,0.0,0.0,1855.7817852397534,0.0,0.0676100628930817,0.4,0.1212121212121212,2548.0,1661.9812362619537
62,all,R5,Medium,R5_OUT,0.0,0.0,76.58124903508724,0.0,0.0676100628930817,0.4,0.1212121212121212,2548.0,1661.9812362619537
62,all,R6,Medium,R6_OUT,0.01256409176428252,0.014836466032349907,2468.157867651857,36.618740365893956,0.0676100628930817,0.4,0.1212121212121212,2548.0,1661.9812362619537
62,all,R7,Medium,R7_OUT,0.03301899158858745,0.038990892164540006,20990.660773182368,818.4445906695936,0.0676100628930817,0.4,0.1212121212121212,2548.0,1661.9812362619537
62,all,R8,Medium,R8_OUT,0.0,0.0,3022.8931600038422,0.0,0.0676100628930817,0.4,0.1212121212121212,2548.0,1661.9812362619537
62,all,R9,High,R9_OUT,0.0,0.0,10146.087116736655,0.0,0.0676100628930817,0.4,0.1212121212121212,2548.0,1661.9812362619537
62,all,R10,High,R10_OUT,0.0,0.0,-12917.132610633089,-0.0,0.0676100628930817,0.4,0.1212121212121212,2548.0,1661.9812362619537
62,all,R11,Medium,R11_OUT,0.0005180894994687618,0.0006117925119296833,32473.967311567605,19.86733003386637,0.0676100628930817,0.4,0.1212121212121212,2548.0,1661.9812362619537
62,all,R12,Medium,R12_OUT,0.0,0.0,0.0,0.0,0.0676100628930817,0.4,0.1212121212121212,2548.0,1661.9812362619537
62,all,R13,High,R13_OUT,0.0,0.0,33115.774018332144,0.0,0.0676100628930817,0.4,0.1212121212121212,2548.0,1661.9812362619537
62,all,R14,High,R14_OUT,0.0,0.0,-42140.51722378135,-0.0,0.0676100628930817,0.4,0.1212121212121212,2548.0,1661.9812362619537
62,all,R15,High,R15_OUT,0.0,0.0,-348.2661283697671,-0.0,0.0676100628930817,0.4,0.1212121212121212,2548.0,1661.9812362619537
62,all,R16,High,R16_OUT,0.0,0.0,1393.6191514551874,0.0,0.0676100628930817,0.4,0.1212121212121212,2548.0,1661.9812362619537
62,all,R17,High,R17_OUT,0.0,0.0,-258466.63702189756,-0.0,0.0676100628930817,0.4,0.1212121212121212,2548.0,1661.9812362619537
62,all,R18,Very_High,R18_OUT,0.0,0.0,-34097.18597518417,-0.0,0.0676100628930817,0.4,0.1212121212121212,2548.0,1661.9812362619537
62,all,R19,Very_High,R19_OUT,0.0,0.0,1644.751990305458,0.0,0.0676100628930817,0.4,0.1212121212121212,2548.0,1661.9812362619537
62,all,R20,Very_High,R20_OUT,0.0,0.0,0.0,0.0,0.0676100628930817,0.4,0.1212121212121212,2548.0,1661.9812362619537
63,all,R1,Very_Low,R1_OUT,0.19318181818181826,0.42264623579965915,-127.80763916560136,-54.017417599782505,0.0864779874213836,0.8,0.2727272727272727,1155.0,-1852.91927619534
63,all,R2,Low,R2_OUT,0.052288632159600335,0.11439789606167003,629.2248090108988,71.98199430065297,0.0864779874213836,0.8,0.2727272727272727,1155.0,-1852.91927619534
63,all,R3,Low,R3_OUT,0.15866039563750772,0.34711972181338824,-6400.1182085367,-2221.60725212006,0.0864779874213836,0.8,0.2727272727272727,1155.0,-1852.91927619534
63,all,R4,Low,R4_OUT,0.004321582695926413,0.009454826941380069,17753.81071428707,167.8592078536035,0.0864779874213836,0.8,0.2727272727272727,1155.0,-1852.91927619534
63,all,R5,Medium,R5_OUT,0.0,0.0,176.0673773334358,0.0,0.0864779874213836,0.8,0.2727272727272727,1155.0,-1852.91927619534
63,all,R6,Medium,R6_OUT,0.0011697252363672898,0.002559143364129654,-5124.676988247294,-13.114783107781003,0.0864779874213836,0.8,0.2727272727272727,1155.0,-1852.91927619534
63,all,R7,Medium,R7_OUT,0.04294469916407024,0.09395509173725813,468.26269549251447,43.995664512134965,0.0864779874213836,0.8,0.2727272727272727,1155.0,-1852.91927619534
63,all,R8,Medium,R8_OUT,0.0035493196345763806,0.007765257607171206,2085.5655118820414,16.194953456395933,0.0864779874213836,0.8,0.2727272727272727,1155.0,-1852.91927619534
63,all,R9,High,R9_OUT,0.0,0.0,11720.159061775286,0.0,0.0864779874213836,0.8,0.2727272727272727,1155.0,-1852.91927619534
63,all,R10,High,R10_OUT,0.0,0.0,-26687.791298126584,-0.0,0.0864779874213836,0.8,0.2727272727272727,1155.0,-1852.91927619534
63,all,R11,Medium,R11_OUT,0.0009606963560853295,0.0021018266753435513,64604.92584970263,135.78835650949713,0.0864779874213836,0.8,0.2727272727272727,1155.0,-1852.91927619534
63,all,R12,Medium,R12_OUT,0.0,0.0,0.0,0.0,0.0864779874213836,0.8,0.2727272727272727,1155.0,-1852.91927619534
63,all,R13,High,R13_OUT,0.0,0.0,-27923.621700135896,-0.0,0.0864779874213836,0.8,0.2727272727272727,1155.0,-1852.91927619534
63,all,R14,High,R14_OUT,0.0,0.0,-54203.65956883294,-0.0,0.0864779874213836,0.8,0.2727272727272727,1155.0,-1852.91927619534
63,all,R15,High,R15_OUT,0.0,0.0,-1160.5242932868791,-0.0,0.0864779874213836,0.8,0.2727272727272727,1155.0,-1852.91927619534
63,all,R16,High,R16_OUT,0.0,0.0,1609.0099892867347,0.0,0.0864779874213836,0.8,0.2727272727272727,1155.0,-1852.91927619534
63,all,R17,High,R17_OUT,0.0,0.0,-352353.74271246133,-0.0,0.0864779874213836,0.8,0.2727272727272727,1155.0,-1852.91927619534
63,all,R18,Very_High,R18_OUT,0.0,0.0,-84748.1582785619,-0.0,0.0864779874213836,0.8,0.2727272727272727,1155.0,-1852.91927619534
63,all,R19,Very_High,R19_OUT,0.0,0.0,1898.956669423299,0.0,0.0864779874213836,0.8,0.2727272727272727,1155.0,-1852.91927619534
63,all,R20,Very_High,R20_OUT,0.0,0.0,0.0,0.0,0.0864779874213836,0.8,0.2727272727272727,1155.0,-1852.91927619534
64,all,R1,Very_Low,R1_OUT,0.0,0.0,6582.8574867253465,0.0,0.0581761006289308,0.2,0.1515151515151515,546.0,546.0581914036486
64,all,R2,Low,R2_OUT,0.13431001593936565,0.14131044729062847,-817.2205690807564,-115.48180415190363,0.0581761006289308,0.2,0.1515151515151515,546.0,546.0581914036486
64,all,R3,Low,R3_OUT,0.0,0.0,-54799.190563013464,-0.0,0.0581761006289308,0.2,0.1515151515151515,546.0,546.0581914036486
64,all,R4,Low,R4_OUT,0.0,0.0,-1926.5375196669293,-0.0,0.0581761006289308,0.2,0.1515151515151515,546.0,546.0581914036486
64,all,R5,Medium,R5_OUT,0.7443181818181818,0.7831131167965771,20.671638116096517,16.18823095438727,0.0581761006289308,0.2,0.1515151515151515,546.0,546.0581914036486
64,all,R6,Medium,R6_OUT,0.0017545057042612593,0.0018459530669331901,5749.428201688988,10.613174622019963,0.0581761006289308,0.2,0.1515151515151515,546.0,546.0581914036486
64,all,R7,Medium,R7_OUT,0.009107070274807533,0.009581743885885785,22100.57226103515,211.76202313675054,0.0581761006289308,0.2,0.1515151515151515,546.0,546.0581914036486
64,all,R8,Medium,R8_OUT,0.0,0.0,7762.117927476111,0.0,0.0581761006289308,0.2,0.1515151515151515,546.0,546.0581914036486
64,all,R9,High,R9_OUT,0.05046948986809246,0.053100032323796856,9940.349002834613,527.8328533603398,0.0581761006289308,0.2,0.1515151515151515,546.0,546.0581914036486
64,all,R10,High,R10_OUT,0.009723105806010204,0.010229888075671819,-10479.481432795212,-107.20392214857597,0.0581761006289308,0.2,0.1515151515151515,546.0,546.0581914036486
64,all,R11,Medium,R11_OUT,0.00011896660598619415,0.00012516731672600271,14807.662187956346,1.8534353430515864,0.0581761006289308,0.2,0.1515151515151515,546.0,546.0581914036486
64,all,R12,Medium,R12_OUT,0.0,0.0,0.0,0.0,0.0581761006289308,0.2,0.1515151515151515,546.0,546.0581914036486
64,all,R13,High,R13_OUT,0.0,0.0,83087.73362492322,0.0,0.0581761006289308,0.2,0.1515151515151515,546.0,546.0581914036486
64,all,R14,High,R14_OUT,0.0,0.0,-36514.617935027185,-0.0,0.0581761006289308,0.2,0.1515151515151515,546.0,546.0581914036486
64,all,R15,High,R15_OUT,0.0006592881941485256,0.000693651243780791,712.4621948132991,0.49420028757903717,0.0581761006289308,0.2,0.1515151515151515,546.0,546.0581914036486
64,all,R16,High,R16_OUT,0.0,0.0,1365.866438768121,0.0,0.0581761006289308,0.2,0.1515151515151515,546.0,546.0581914036486
64,all,R17,High,R17_OUT,0.0,0.0,-229782.06686876624,-0.0,0.0581761006289308,0.2,0.1515151515151515,546.0,546.0581914036486
64,all,R18,Very_High,R18_OUT,0.0,0.0,-13377.072651808005,-0.0,0.0581761006289308,0.2,0.1515151515151515,546.0,546.0581914036486
64,all,R19,Very_High,R19_OUT,0.0,0.0,1611.998185669538,0.0,0.0581761006289308,0.2,0.1515151515151515,546.0,546.0581914036486
64,all,R20,Very_High,R20_OUT,0.0,0.0,0.0,0.0,0.0581761006289308,0.2,0.1515151515151515,546.0,546.0581914036486
65,all,R1,Very_Low,R1_OUT,0.0,0.0,1081.0938513451642,0.0,0.1619496855345912,0.6,0.3636363636363636,2275.0,187.99208773041028
65,all,R2,Low,R2_OUT,0.0,0.0,-2975.309589680177,-0.0,0.1619496855345912,0.6,0.3636363636363636,2275.0,187.99208773041028
65,all,R3,Low,R3_OUT,0.0,0.0,-31821.058326056438,-0.0,0.1619496855345912,0.6,0.3636363636363636,2275.0,187.99208773041028
65,all,R4,Low,R4_OUT,0.0,0.0,12736.510020779038,0.0,0.1619496855345912,0.6,0.3636363636363636,2275.0,187.99208773041028
65,all,R5,Medium,R5_OUT,0.0,0.0,742.108429449266,0.0,0.1619496855345912,0.6,0.3636363636363636,2275.0,187.99208773041028
65,all,R6,Medium,R6_OUT,0.0,0.0,-999.7848743217628,-0.0,0.1619496855345912,0.6,0.3636363636363636,2275.0,187.99208773041028
65,all,R7,Medium,R7_OUT,0.4980508134574527,0.9225781921585877,-2796.5979561768327,-2580.0802866040235,0.1619496855345912,0.6,0.3636363636363636,2275.0,187.99208773041028
65,all,R8,Medium,R8_OUT,0.0,0.0,9197.725187213677,0.0,0.1619496855345912,0.6,0.3636363636363636,2275.0,187.99208773041028
65,all,R9,High,R9_OUT,0.0,0.0,12099.565330125246,0.0,0.1619496855345912,0.6,0.3636363636363636,2275.0,187.99208773041028
65,all,R10,High,R10_OUT,0.0,0.0,-23560.87823637492,-0.0,0.1619496855345912,0.6,0.3636363636363636,2275.0,187.99208773041028
65,all,R11,Medium,R11_OUT,0.04179590922753318,0.07742180784141231,35753.135344042035,2768.0723743344292,0.1619496855345912,0.6,0.3636363636363636,2275.0,187.99208773041028
65,all,R12,Medium,R12_OUT,0.0,0.0,0.0,0.0,0.1619496855345912,0.6,0.3636363636363636,2275.0,187.99208773041028
65,all,R13,High,R13_OUT,0.0,0.0,41268.01971070518,0.0,0.1619496855345912,0.6,0.3636363636363636,2275.0,187.99208773041028
65,all,R14,High,R14_OUT,0.0,0.0,-38485.28556457159,-0.0,0.1619496855345912,0.6,0.3636363636363636,2275.0,187.99208773041028
65,all,R15,High,R15_OUT,0.0,0.0,442.49882551946394,0.0,0.1619496855345912,0.6,0.3636363636363636,2275.0,187.99208773041028
65,all,R16,High,R16_OUT,0.0,0.0,1655.8755898522736,0.0,0.1619496855345912,0.6,0.3636363636363636,2275.0,187.99208773041028
65,all,R17,High,R17_OUT,0.0,0.0,-349723.5528101041,-0.0,0.1619496855345912,0.6,0.3636363636363636,2275.0,187.99208773041028
65,all,R18,Very_High,R18_OUT,0.0,0.0,-57741.46411514933,-0.0,0.1619496855345912,0.6,0.3636363636363636,2275.0,187.99208773041028
65,all,R19,Very_High,R19_OUT,0.0,0.0,1954.2675409207102,0.0,0.1619496855345912,0.6,0.3636363636363636,2275.0,187.99208773041028
65,all,R20,Very_High,R20_OUT,0.0,0.0,0.0,0.0,0.1619496855345912,0.6,0.3636363636363636,2275.0,187.99208773041028
66,all,R1,Very_Low,R1_OUT,0.0,0.0,-3497.3369592284685,-0.0,0.9166666666666666,1.0,0.7575757575757576,9100.0,9123.251354068692
66,all,R2,Low,R2_OUT,0.0,0.0,-15451.605771598399,-0.0,0.9166666666666666,1.0,0.7575757575757576,9100.0,9123.251354068692
66,all,R3,Low,R3_OUT,0.0,0.0,28324.53948327266,0.0,0.9166666666666666,1.0,0.7575757575757576,9100.0,9123.251354068692
66,all,R4,Low,R4_OUT,0.0,0.0,6820.179822969418,0.0,0.9166666666666666,1.0,0.7575757575757576,9100.0,9123.251354068692
66,all,R5,Medium,R5_OUT,0.0,0.0,6248.2777621022415,0.0,0.9166666666666666,1.0,0.7575757575757576,9100.0,9123.251354068692
66,all,R6,Medium,R6_OUT,0.0,0.0,92.49461257839175,0.0,0.9166666666666666,1.0,0.7575757575757576,9100.0,9123.251354068692
66,all,R7,Medium,R7_OUT,0.0,0.0,-36830.25444041278,-0.0,0.9166666666666666,1.0,0.7575757575757576,9100.0,9123.251354068692
66,all,R8,Medium,R8_OUT,0.004832631940632381,0.024769508576318,17437.670891442773,431.9225386966025,0.9166666666666666,1.0,0.7575757575757576,9100.0,9123.251354068692
66,all,R9,High,R9_OUT,0.0,0.0,17194.760965035173,0.0,0.9166666666666666,1.0,0.7575757575757576,9100.0,9123.251354068692
66,all,R10,High,R10_OUT,0.0,0.0,-19497.458820858603,-0.0,0.9166666666666666,1.0,0.7575757575757576,9100.0,9123.251354068692
66,all,R11,Medium,R11_OUT,1.8682569145950277e-05,9.575694205003219e-05,-24787.910483467233,-2.373614507706757,0.9166666666666666,1.0,0.7575757575757576,9100.0,9123.251354068692
66,all,R12,Medium,R12_OUT,0.0,0.0,0.0,0.0,0.9166666666666666,1.0,0.7575757575757576,9100.0,9123.251354068692
66,all,R13,High,R13_OUT,0.0,0.0,94926.50163611828,0.0,0.9166666666666666,1.0,0.7575757575757576,9100.0,9123.251354068692
66,all,R14,High,R14_OUT,0.18123618582158266,0.9289205787228694,38001.47798149666,35300.35491889626,0.9166666666666666,1.0,0.7575757575757576,9100.0,9123.251354068692
66,all,R15,High,R15_OUT,0.0,0.0,2584.5309140720565,0.0,0.9166666666666666,1.0,0.7575757575757576,9100.0,9123.251354068692
66,all,R16,High,R16_OUT,0.0,0.0,2304.777925929847,0.0,0.9166666666666666,1.0,0.7575757575757576,9100.0,9123.251354068692
66,all,R17,High,R17_OUT,0.008315925269627999,0.042623022985507214,-620724.6668283085,-26457.1617418943,0.9166666666666666,1.0,0.7575757575757576,9100.0,9123.251354068692
66,all,R18,Very_High,R18_OUT,0.0007006446207688925,0.0035911327732554765,-41627.741596044536,-149.49074712216577,0.9166666666666666,1.0,0.7575757575757576,9100.0,9123.251354068692
66,all,R19,Very_High,R19_OUT,0.0,0.0,2720.1033200660845,0.0,0.9166666666666666,1.0,0.7575757575757576,9100.0,9123.251354068692
66,all,R20,Very_High,R20_OUT,0.0,0.0,0.0,0.0,0.9166666666666666,1.0,0.7575757575757576,9100.0,9123.251354068692
67,all,R1,Very_Low,R1_OUT,0.0,0.0,7302.299080253295,0.0,0.2216981132075471,0.2,0.1515151515151515,595.0,594.9271623397128
67,all,R2,Low,R2_OUT,0.08616114230072518,0.11194496540258969,-2655.1139032491255,-297.2266340391582,0.2216981132075471,0.2,0.1515151515151515,595.0,594.9271623397128
67,all,R3,Low,R3_OUT,0.0,0.0,-39461.913419101795,-0.0,0.2216981132075471,0.2,0.1515151515151515,595.0,594.9271623397128
67,all,R4,Low,R4_OUT,0.0,0.0,-8890.589470202489,-0.0,0.2216981132075471,0.2,0.1515151515151515,595.0,594.9271623397128
67,all,R5,Medium,R5_OUT,0.47748713550600363,0.6203757220144394,1225.2890088716342,760.1395535550969,0.2216981132075471,0.2,0.1515151515151515,595.0,594.9271623397128
67,all,R6,Medium,R6_OUT,0.024022633611917282,0.031211434954971976,7941.115627155472,247.8536138668745,0.2216981132075471,0.2,0.1515151515151515,595.0,594.9271623397128
67,all,R7,Medium,R7_OUT,0.005842271497046345,0.00759057810917491,23746.343434687587,180.24847464828895,0.2216981132075471,0.2,0.1515151515151515,595.0,594.9271623397128
67,all,R8,Medium,R8_OUT,0.0,0.0,7632.3381932499005,0.0,0.2216981132075471,0.2,0.1515151515151515,595.0,594.9271623397128
67,all,R9,High,R9_OUT,0.03237665387764423,0.04206540560400625,10427.558529540096,438.6394790046191,0.2216981132075471,0.2,0.1515151515151515,595.0,594.9271623397128
67,all,R10,High,R10_OUT,0.13312844055188536,0.17296728285780968,-4257.214849442493,-736.3588850499873,0.2216981132075471,0.2,0.1515151515151515,595.0,594.9271623397128
67,all,R11,Medium,R11_OUT,0.0016288868031141526,0.0021163330934368778,-4972.998665593179,-10.524521649612277,0.2216981132075471,0.2,0.1515151515151515,595.0,594.9271623397128
67,all,R12,Medium,R12_OUT,0.0,0.0,0.0,0.0,0.2216981132075471,0.2,0.1515151515151515,595.0,594.9271623397128
67,all,R13,High,R13_OUT,0.0,0.0,98695.63697569957,0.0,0.2216981132075471,0.2,0.1515151515151515,595.0,594.9271623397128
67,all,R14,High,R14_OUT,0.0,0.0,-16630.8055103229,-0.0,0.2216981132075471,0.2,0.1515151515151515,595.0,594.9271623397128
67,all,R15,High,R15_OUT,0.009026951975263708,0.011728277963571397,1036.4762875972915,12.156082003591603,0.2216981132075471,0.2,0.1515151515151515,595.0,594.9271623397128
67,all,R16,High,R16_OUT,0.0,0.0,1421.596508230434,0.0,0.2216981132075471,0.2,0.1515151515151515,595.0,594.9271623397128
67,all,R17,High,R17_OUT,0.0,0.0,-259866.33147889556,-0.0,0.2216981132075471,0.2,0.1515151515151515,595.0,594.9271623397128
67,all,R18,Very_High,R18_OUT,0.0,0.0,3798.7631897913834,0.0,0.2216981132075471,0.2,0.1515151515151515,595.0,594.9271623397128
67,all,R19,Very_High,R19_OUT,0.0,0.0,1677.770920317942,0.0,0.2216981132075471,0.2,0.1515151515151515,595.0,594.9271623397128
67,all,R20,Very_High,R20_OUT,0.0,0.0,0.0,0.0,0.2216981132075471,0.2,0.1515151515151515,595.0,594.9271623397128
68,all,R1,Very_Low,R1_OUT,0.0,0.0,2417.914443262922,0.0,0.2877358490566037,0.2,0.6363636363636364,3941.0,3940.9752359470976
68,all,R2,Low,R2_OUT,0.0,0.0,-11402.614530033778,-0.0,0.2877358490566037,0.2,0.6363636363636364,3941.0,3940.9752359470976
68,all,R3,Low,R3_OUT,0.0,0.0,-96965.86734310507,-0.0,0.2877358490566037,0.2,0.6363636363636364,3941.0,3940.9752359470976
68,all,R4,Low,R4_OUT,0.0,0.0,7344.754235495098,0.0,0.2877358490566037,0.2,0.6363636363636364,3941.0,3940.9752359470976
68,all,R5,Medium,R5_OUT,0.0,0.0,1683.579172816934,0.0,0.2877358490566037,0.2,0.6363636363636364,3941.0,3940.9752359470976
68,all,R6,Medium,R6_OUT,0.0,0.0,6471.262020763346,0.0,0.2877358490566037,0.2,0.6363636363636364,3941.0,3940.9752359470976
68,all,R7,Medium,R7_OUT,0.027871386966856513,0.06280288460247006,-17423.475582686107,-1094.2445263933905,0.2877358490566037,0.2,0.6363636363636364,3941.0,3940.9752359470976
68,all,R8,Medium,R8_OUT,0.0,0.0,27102.491459473153,0.0,0.2877358490566037,0.2,0.6363636363636364,3941.0,3940.9752359470976
68,all,R9,High,R9_OUT,0.15445743138983048,0.3480405281267393,13281.677862410561,4622.562177642593,0.2877358490566037,0.2,0.6363636363636364,3941.0,3940.9752359470976
68,all,R10,High,R10_OUT,0.0,0.0,-22076.619465704905,-0.0,0.2877358490566037,0.2,0.6363636363636364,3941.0,3940.9752359470976
68,all,R11,Medium,R11_OUT,0.03289386425171474,0.07412008462967251,-20279.403521177148,-1503.1111052289289,0.2877358490566037,0.2,0.6363636363636364,3941.0,3940.9752359470976
68,all,R12,Medium,R12_OUT,0.0,0.0,0.0,0.0,0.2877358490566037,0.2,0.6363636363636364,3941.0,3940.9752359470976
68,all,R13,High,R13_OUT,0.0,0.0,193923.45384428816,0.0,0.2877358490566037,0.2,0.6363636363636364,3941.0,3940.9752359470976
68,all,R14,High,R14_OUT,0.0,0.0,-10455.304378906581,-0.0,0.2877358490566037,0.2,0.6363636363636364,3941.0,3940.9752359470976
68,all,R15,High,R15_OUT,0.18229095619989721,0.410758097539603,4159.781804643533,1708.6640602552343,0.2877358490566037,0.2,0.6363636363636364,3941.0,3940.9752359470976
68,all,R16,High,R16_OUT,0.02122641509433964,0.04782970073499335,1809.555253767602,86.55048625113935,0.2877358490566037,0.2,0.6363636363636364,3941.0,3940.9752359470976
68,all,R17,High,R17_OUT,0.0,0.0,-355485.38119710324,-0.0,0.2877358490566037,0.2,0.6363636363636364,3941.0,3940.9752359470976
68,all,R18,Very_High,R18_OUT,0.0,0.0,-10317.974495915287,-0.0,0.2877358490566037,0.2,0.6363636363636364,3941.0,3940.9752359470976
68,all,R19,Very_High,R19_OUT,0.025051455727483154,0.0564487043665218,2135.6405744530753,120.55414342045044,0.2877358490566037,0.2,0.6363636363636364,3941.0,3940.9752359470976
68,all,R20,Very_High,R20_OUT,0.0,0.0,0.0,0.0,0.2877358490566037,0.2,0.6363636363636364,3941.0,3940.9752359470976
69,all,R1,Very_Low,R1_OUT,0.0,0.0,-567.26510900424,-0.0,0.5534591194968553,1.0,0.3333333333333333,1400.0,1388.609418836174
69,all,R2,Low,R2_OUT,0.0,0.0,-4364.746760063692,-0.0,0.5534591194968553,1.0,0.3333333333333333,1400.0,1388.609418836174
69,all,R3,Low,R3_OUT,0.0,0.0,49993.70988595974,0.0,0.5534591194968553,1.0,0.3333333333333333,1400.0,1388.609418836174
69,all,R4,Low,R4_OUT,0.07820552062228542,0.13330170202781175,5621.629959248767,749.3728417383986,0.5534591194968553,1.0,0.3333333333333333,1400.0,1388.609418836174
69,all,R5,Medium,R5_OUT,0.0,0.0,3597.3034429841105,0.0,0.5534591194968553,1.0,0.3333333333333333,1400.0,1388.609418836174
69,all,R6,Medium,R6_OUT,0.00030233629719164917,0.0005153337344953207,-2714.991966413734,-1.399126949176784,0.5534591194968553,1.0,0.3333333333333333,1400.0,1388.609418836174
69,all,R7,Medium,R7_OUT,0.0,0.0,-3880.61520869143,-0.0,0.5534591194968553,1.0,0.3333333333333333,1400.0,1388.609418836174
69,all,R8,Medium,R8_OUT,0.5062157391730534,0.8628472656162578,643.6878736266754,555.4043216691201,0.5534591194968553,1.0,0.3333333333333333,1400.0,1388.609418836174
69,all,R9,High,R9_OUT,0.0,0.0,13787.402216441402,0.0,0.5534591194968553,1.0,0.3333333333333333,1400.0,1388.609418836174
69,all,R10,High,R10_OUT,0.0,0.0,-15527.357510631551,-0.0,0.5534591194968553,1.0,0.3333333333333333,1400.0,1388.609418836174
69,all,R11,Medium,R11_OUT,0.001956989620987221,0.003335698621434934,25551.283869034087,85.23138237782968,0.5534591194968553,1.0,0.3333333333333333,1400.0,1388.609418836174
69,all,R12,Medium,R12_OUT,0.0,0.0,0.0,0.0,0.5534591194968553,1.0,0.3333333333333333,1400.0,1388.609418836174
69,all,R13,High,R13_OUT,0.0,0.0,-17550.099911284327,-0.0,0.5534591194968553,1.0,0.3333333333333333,1400.0,1388.609418836174
69,all,R14,High,R14_OUT,0.0,0.0,-4540.840926750374,-0.0,0.5534591194968553,1.0,0.3333333333333333,1400.0,1388.609418836174
69,all,R15,High,R15_OUT,0.0,0.0,-753.5511972211984,-0.0,0.5534591194968553,1.0,0.3333333333333333,1400.0,1388.609418836174
69,all,R16,High,R16_OUT,0.0,0.0,1861.2220428823796,0.0,0.5534591194968553,1.0,0.3333333333333333,1400.0,1388.609418836174
69,all,R17,High,R17_OUT,0.0,0.0,-480866.95601220726,-0.0,0.5534591194968553,1.0,0.3333333333333333,1400.0,1388.609418836174
69,all,R18,Very_High,R18_OUT,0.0,0.0,-61356.424123269295,-0.0,0.5534591194968553,1.0,0.3333333333333333,1400.0,1388.609418836174
69,all,R19,Very_High,R19_OUT,0.0,0.0,2196.617817837723,0.0,0.5534591194968553,1.0,0.3333333333333333,1400.0,1388.609418836174
69,all,R20,Very_High,R20_OUT,0.0,0.0,0.0,0.0,0.5534591194968553,1.0,0.3333333333333333,1400.0,1388.609418836174
70,all,R1,Very_Low,R1_OUT,0.0,0.0,-1376.636901723183,-0.0,0.3694968553459119,1.0,0.3333333333333333,2800.0,2631.9064757741526
70,all,R2,Low,R2_OUT,0.0,0.0,-2297.1167591242756,-0.0,0.3694968553459119,1.0,0.3333333333333333,2800.0,2631.9064757741526
70,all,R3,Low,R3_OUT,0.0,0.0,32739.273099059108,0.0,0.3694968553459119,1.0,0.3333333333333333,2800.0,2631.9064757741526
70,all,R4,Low,R4_OUT,0.05707581033176413,0.13330170202781177,13456.188403601276,1793.7328170069536,0.3694968553459119,1.0,0.3333333333333333,2800.0,2631.9064757741526
70,all,R5,Medium,R5_OUT,0.0,0.0,2242.10890088413,0.0,0.3694968553459119,1.0,0.3333333333333333,2800.0,2631.9064757741526
70,all,R6,Medium,R6_OUT,0.0002206505246382971,0.0005153337344953208,-5180.640320063529,-2.669758723215372,0.3694968553459119,1.0,0.3333333333333333,2800.0,2631.9064757741526
70,all,R7,Medium,R7_OUT,0.0,0.0,-5732.1077790504205,-0.0,0.3694968553459119,1.0,0.3333333333333333,2800.0,2631.9064757741526
70,all,R8,Medium,R8_OUT,0.3694454468954936,0.8628472656162579,789.6900746311603,681.3819215797953,0.3694968553459119,1.0,0.3333333333333333,2800.0,2631.9064757741526
70,all,R9,High,R9_OUT,0.0,0.0,13239.291498897735,0.0,0.3694968553459119,1.0,0.3333333333333333,2800.0,2631.9064757741526
70,all,R10,High,R10_OUT,0.0,0.0,-22527.407416903363,-0.0,0.3694968553459119,1.0,0.3333333333333333,2800.0,2631.9064757741526
70,all,R11,Medium,R11_OUT,0.0014282465935898203,0.0033356986214349345,47804.52732927731,159.461495910619,0.3694968553459119,1.0,0.3333333333333333,2800.0,2631.9064757741526
70,all,R12,Medium,R12_OUT,0.0,0.0,0.0,0.0,0.3694968553459119,1.0,0.3333333333333333,2800.0,2631.9064757741526
70,all,R13,High,R13_OUT,0.0,0.0,-35108.99118090773,-0.0,0.3694968553459119,1.0,0.3333333333333333,2800.0,2631.9064757741526
70,all,R14,High,R14_OUT,0.0,0.0,-26910.1299045427,-0.0,0.3694968553459119,1.0,0.3333333333333333,2800.0,2631.9064757741526
70,all,R15,High,R15_OUT,0.0,0.0,-1118.06705160319,-0.0,0.3694968553459119,1.0,0.3333333333333333,2800.0,2631.9064757741526
70,all,R16,High,R16_OUT,0.0,0.0,1798.5257147372774,0.0,0.3694968553459119,1.0,0.3333333333333333,2800.0,2631.9064757741526
70,all,R17,High,R17_OUT,0.0,0.0,-447022.15832581173,-0.0,0.3694968553459119,1.0,0.3333333333333333,2800.0,2631.9064757741526
70,all,R18,Very_High,R18_OUT,0.0,0.0,-80679.23944506861,-0.0,0.3694968553459119,1.0,0.3333333333333333,2800.0,2631.9064757741526
70,all,R19,Very_High,R19_OUT,0.0,0.0,2122.623491358269,0.0,0.3694968553459119,1.0,0.3333333333333333,2800.0,2631.9064757741526
70,all,R20,Very_High,R20_OUT,0.0,0.0,0.0,0.0,0.3694968553459119,1.0,0.3333333333333333,2800.0,2631.9064757741526
71,all,R1,Very_Low,R1_OUT,0.0,0.0,-3044.1667281889117,-0.0,0.8726415094339622,1.0,0.696969696969697,9520.0,9496.063833471751
71,all,R2,Low,R2_OUT,0.0,0.0,-13956.129026400984,-0.0,0.8726415094339622,1.0,0.696969696969697,9520.0,9496.063833471751
71,all,R3,Low,R3_OUT,0.0,0.0,32157.504348542396,0.0,0.8726415094339622,1.0,0.696969696969697,9520.0,9496.063833471751
71,all,R4,Low,R4_OUT,0.0,0.0,6314.148223936874,0.0,0.8726415094339622,1.0,0.696969696969697,9520.0,9496.063833471751
71,all,R5,Medium,R5_OUT,0.0,0.0,5927.481441756305,0.0,0.8726415094339622,1.0,0.696969696969697,9520.0,9496.063833471751
71,all,R6,Medium,R6_OUT,0.0,0.0,-203.20531094338548,-0.0,0.8726415094339622,1.0,0.696969696969697,9520.0,9496.063833471751
71,all,R7,Medium,R7_OUT,0.0,0.0,-32044.039507477537,-0.0,0.8726415094339622,1.0,0.696969696969697,9520.0,9496.063833471751
71,all,R8,Medium,R8_OUT,0.019293783039316864,0.06041286540107696,15032.291050026854,908.1437758750861,0.8726415094339622,1.0,0.696969696969697,9520.0,9496.063833471751
71,all,R9,High,R9_OUT,0.0,0.0,16731.418964459543,0.0,0.8726415094339622,1.0,0.696969696969697,9520.0,9496.063833471751
71,all,R10,High,R10_OUT,0.0,0.0,-18631.154058934215,-0.0,0.8726415094339622,1.0,0.696969696969697,9520.0,9496.063833471751
71,all,R11,Medium,R11_OUT,7.458822441831394e-05,0.0002335513130372834,-18547.590314805275,-4.331814071700372,0.8726415094339622,1.0,0.696969696969697,9520.0,9496.063833471751
71,all,R12,Medium,R12_OUT,0.0,0.0,0.0,0.0,0.8726415094339622,1.0,0.696969696969697,9520.0,9496.063833471751
71,all,R13,High,R13_OUT,0.0,0.0,79608.79566956236,0.0,0.8726415094339622,1.0,0.696969696969697,9520.0,9496.063833471751
71,all,R14,High,R14_OUT,0.28780742379496915,0.9011851703589914,32879.95637216557,29630.929084646235,0.8726415094339622,1.0,0.696969696969697,9520.0,9496.063833471751
71,all,R15,High,R15_OUT,0.0,0.0,2123.239641644778,0.0,0.8726415094339622,1.0,0.696969696969697,9520.0,9496.063833471751
71,all,R16,High,R16_OUT,0.0,0.0,2244.09213004282,0.0,0.8726415094339622,1.0,0.696969696969697,9520.0,9496.063833471751
71,all,R17,High,R17_OUT,0.011077032545876197,0.03468450302740948,-602191.3527300667,-20886.70779684581,0.8726415094339622,1.0,0.696969696969697,9520.0,9496.063833471751
71,all,R18,Very_High,R18_OUT,0.0011126405159387566,0.0034839098994850575,-43620.36347568107,-151.96941613206172,0.8726415094339622,1.0,0.696969696969697,9520.0,9496.063833471751
71,all,R19,Very_High,R19_OUT,0.0,0.0,2648.4818275948546,0.0,0.8726415094339622,1.0,0.696969696969697,9520.0,9496.063833471751
71,all,R20,Very_High,R20_OUT,0.0,0.0,0.0,0.0,0.8726415094339622,1.0,0.696969696969697,9520.0,9496.063833471751
72,all,R1,Very_Low,R1_OUT,0.0,0.0,1390.4461503073908,0.0,0.9984276729559748,1.0,0.3333333333333333,5880.0,42554.49956040199
72,all,R2,Low,R2_OUT,0.0,0.0,-9365.93727515647,-0.0,0.9984276729559748,1.0,0.3333333333333333,5880.0,42554.49956040199
72,all,R3,Low,R3_OUT,0.0,0.0,91728.80057564245,0.0,0.9984276729559748,1.0,0.3333333333333333,5880.0,42554.49956040199
72,all,R4,Low,R4_OUT,0.00033359711272538164,0.0005335901509713674,-13328.626790766273,-7.112023981525987,0.9984276729559748,1.0,0.3333333333333333,5880.0,42554.49956040199
72,all,R5,Medium,R5_OUT,0.0,0.0,6875.252634559277,0.0,0.9984276729559748,1.0,0.3333333333333333,5880.0,42554.49956040199
72,all,R6,Medium,R6_OUT,1.2896597965550333e-06,2.062816910864545e-06,3248.9267009614086,0.00670194094090255,0.9984276729559748,1.0,0.3333333333333333,5880.0,42554.49956040199
72,all,R7,Medium,R7_OUT,0.0,0.0,597.7813503820289,0.0,0.9984276729559748,1.0,0.3333333333333333,5880.0,42554.49956040199
72,all,R8,Medium,R8_OUT,0.002159337443962412,0.0034538703986641698,290.53725068419953,1.003478009847428,0.9984276729559748,1.0,0.3333333333333333,5880.0,42554.49956040199
72,all,R9,High,R9_OUT,0.0,0.0,15113.174293918823,0.0,0.9984276729559748,1.0,0.3333333333333333,5880.0,42554.49956040199
72,all,R10,High,R10_OUT,0.0,0.0,1404.3871344532527,0.0,0.9984276729559748,1.0,0.3333333333333333,5880.0,42554.49956040199
72,all,R11,Medium,R11_OUT,8.347826112532023e-06,1.3352387133324789e-05,-28274.937492067038,-0.3775379115646386,0.9984276729559748,1.0,0.3333333333333333,5880.0,42554.49956040199
72,all,R12,Medium,R12_OUT,0.0830057651991614,0.1327681118768404,0.0,0.0,0.9984276729559748,1.0,0.3333333333333333,5880.0,42554.49956040199
72,all,R13,High,R13_OUT,0.00032089365937578915,0.0005132709175844561,24921.406322078255,12.791433090428173,0.9984276729559748,1.0,0.3333333333333333,5880.0,42554.49956040199
72,all,R14,High,R14_OUT,0.5372871947091767,0.8593933952175937,49566.07172893532,42596.75467072851,0.9984276729559748,1.0,0.3333333333333333,5880.0,42554.49956040199
72,all,R15,High,R15_OUT,0.0,0.0,128.14099756601217,0.0,0.9984276729559748,1.0,0.3333333333333333,5880.0,42554.49956040199
72,all,R16,High,R16_OUT,0.0,0.0,2012.8721357461736,0.0,0.9984276729559748,1.0,0.3333333333333333,5880.0,42554.49956040199
72,all,R17,High,R17_OUT,0.0,0.0,-562730.8683647708,-0.0,0.9984276729559748,1.0,0.3333333333333333,5880.0,42554.49956040199
72,all,R18,Very_High,R18_OUT,0.0020771093867070537,0.0033223462343016093,-14618.332361994006,-48.56716147464013,0.9984276729559748,1.0,0.3333333333333333,5880.0,42554.49956040199
72,all,R19,Very_High,R19_OUT,0.0,0.0,2375.5955476982836,0.0,0.9984276729559748,1.0,0.3333333333333333,5880.0,42554.49956040199
72,all,R20,Very_High,R20_OUT,0.0,0.0,0.0,0.0,0.9984276729559748,1.0,0.3333333333333333,5880.0,42554.49956040199
