sample_index,split,rule_id,antecedent,consequent_label,firing_strength,normalized_firing_strength,label_equation_output,rule_contribution,predicted,PointsAjust,TeamExp,Length,actual
0,all,R1,IF (PointsAjust IS Low) AND (TeamExp IS High) AND (Length IS Low),Very_Low,0.0,0.0,6600.064638304463,0.0,5240.480442432882,0.3773584905660377,0.4,0.3333333333333333,5152.0
0,all,R2,IF (PointsAjust IS Low) AND (TeamExp IS Medium) AND (Length IS Low),Low,0.0,0.0,3858.8582122089156,0.0,5240.480442432882,0.3773584905660377,0.4,0.3333333333333333,5152.0
0,all,R3,IF (PointsAjust IS Low) AND (TeamExp IS High) AND (Length IS Medium),Low,0.0,0.0,3858.8582122089156,0.0,5240.480442432882,0.3773584905660377,0.4,0.3333333333333333,5152.0
0,all,R4,IF (PointsAjust IS Medium) AND (TeamExp IS High) AND (Length IS Low),Low,0.0,0.0,3858.8582122089156,0.0,5240.480442432882,0.3773584905660377,0.4,0.3333333333333333,5152.0
0,all,R5,IF (PointsAjust IS Low) AND (TeamExp IS Low) AND (Length IS Low),Medium,0.0,0.0,5240.480442432883,0.0,5240.480442432882,0.3773584905660377,0.4,0.3333333333333333,5152.0
0,all,R6,IF (PointsAjust IS Medium) AND (TeamExp IS Medium) AND (Length IS Low),Medium,0.047769306007164,0.1338170357623071,5240.480442432883,701.265558776712,5240.480442432882,0.3773584905660377,0.4,0.3333333333333333,5152.0
0,all,R7,IF (PointsAjust IS Low) AND (TeamExp IS Medium) AND (Length IS Medium),Medium,0.0,0.0,5240.480442432883,0.0,5240.480442432882,0.3773584905660377,0.4,0.3333333333333333,5152.0
0,all,R8,IF (PointsAjust IS Medium) AND (TeamExp IS High) AND (Length IS Medium),Medium,0.0,0.0,5240.480442432883,0.0,5240.480442432882,0.3773584905660377,0.4,0.3333333333333333,5152.0
0,all,R9,IF (PointsAjust IS Low) AND (TeamExp IS Low) AND (Length IS Medium),High,0.0,0.0,4185.481970717128,0.0,5240.480442432882,0.3773584905660377,0.4,0.3333333333333333,5152.0
0,all,R10,IF (PointsAjust IS Medium) AND (TeamExp IS Low) AND (Length IS Low),High,0.0,0.0,4185.481970717128,0.0,5240.480442432882,0.3773584905660377,0.4,0.3333333333333333,5152.0
0,all,R11,IF (PointsAjust IS Medium) AND (TeamExp IS Medium) AND (Length IS Medium),Medium,0.3092054673095486,0.8661829642376929,5240.480442432883,4539.214883656171,5240.480442432882,0.3773584905660377,0.4,0.3333333333333333,5152.0
0,all,R12,IF (PointsAjust IS High) AND (TeamExp IS High) AND (Length IS Low),Medium,0.0,0.0,5240.480442432883,0.0,5240.480442432882,0.3773584905660377,0.4,0.3333333333333333,5152.0
0,all,R13,IF (PointsAjust IS High) AND (TeamExp IS Medium) AND (Length IS Low),High,0.0,0.0,4185.481970717128,0.0,5240.480442432882,0.3773584905660377,0.4,0.3333333333333333,5152.0
0,all,R14,IF (PointsAjust IS High) AND (TeamExp IS High) AND (Length IS Medium),High,0.0,0.0,4185.481970717128,0.0,5240.480442432882,0.3773584905660377,0.4,0.3333333333333333,5152.0
0,all,R15,IF (PointsAjust IS Medium) AND (TeamExp IS Low) AND (Length IS Medium),High,0.0,0.0,4185.481970717128,0.0,5240.480442432882,0.3773584905660377,0.4,0.3333333333333333,5152.0
0,all,R16,IF (PointsAjust IS Low) AND (TeamExp IS Low) AND (Length IS High),High,0.0,0.0,4185.481970717128,0.0,5240.480442432882,0.3773584905660377,0.4,0.3333333333333333,5152.0
0,all,R17,IF (PointsAjust IS Medium) AND (TeamExp IS High) AND (Length IS High),High,0.0,0.0,4185.481970717128,0.0,5240.480442432882,0.3773584905660377,0.4,0.3333333333333333,5152.0
0,all,R18,IF (PointsAjust IS High) AND (TeamExp IS Medium) AND (Length IS Medium),Very_High,0.0,0.0,-271.8393693209214,-0.0,5240.480442432882,0.3773584905660377,0.4,0.3333333333333333,5152.0
0,all,R19,IF (PointsAjust IS Medium) AND (TeamExp IS Low) AND (Length IS High),Very_High,0.0,0.0,-271.8393693209214,-0.0,5240.480442432882,0.3773584905660377,0.4,0.3333333333333333,5152.0
0,all,R20,IF (PointsAjust IS High) AND (TeamExp IS Low) AND (Length IS High),Very_High,0.0,0.0,-271.8393693209214,-0.0,5240.480442432882,0.3773584905660377,0.4,0.3333333333333333,5152.0
1,all,R1,IF (PointsAjust IS Low) AND (TeamExp IS High) AND (Length IS Low),Very_Low,0.0,0.0,5427.223770734013,0.0,4519.287424135167,0.3977987421383648,0.2,0.0909090909090909,5635.0
1,all,R2,IF (PointsAjust IS Low) AND (TeamExp IS Medium) AND (Length IS Low),Low,0.0,0.0,2832.969414328121,0.0,4519.287424135167,0.3977987421383648,0.2,0.0909090909090909,5635.0
1,all,R3,IF (PointsAjust IS Low) AND (TeamExp IS High) AND (Length IS Medium),Low,0.0,0.0,2832.969414328121,0.0,4519.287424135167,0.3977987421383648,0.2,0.0909090909090909,5635.0
1,all,R4,IF (PointsAjust IS Medium) AND (TeamExp IS High) AND (Length IS Low),Low,0.0,0.0,2832.969414328121,0.0,4519.287424135167,0.3977987421383648,0.2,0.0909090909090909,5635.0
1,all,R5,IF (PointsAjust IS Low) AND (TeamExp IS Low) AND (Length IS Low),Medium,0.0,0.0,3105.9648362402836,0.0,4519.287424135167,0.3977987421383648,0.2,0.0909090909090909,5635.0
1,all,R6,IF (PointsAjust IS Medium) AND (TeamExp IS Medium) AND (Length IS Low),Medium,0.10730143356630023,0.1492429735010284,3105.9648362402836,463.54342775013464,4519.287424135167,0.3977987421383648,0.2,0.0909090909090909,5635.0
1,all,R7,IF (PointsAjust IS Low) AND (TeamExp IS Medium) AND (Length IS Medium),Medium,0.0,0.0,3105.9648362402836,0.0,4519.287424135167,0.3977987421383648,0.2,0.0909090909090909,5635.0
1,all,R8,IF (PointsAjust IS Medium) AND (TeamExp IS High) AND (Length IS Medium),Medium,0.0,0.0,3105.9648362402836,0.0,4519.287424135167,0.3977987421383648,0.2,0.0909090909090909,5635.0
1,all,R9,IF (PointsAjust IS Low) AND (TeamExp IS Low) AND (Length IS Medium),High,0.0,0.0,4774.317307785109,0.0,4519.287424135167,0.3977987421383648,0.2,0.0909090909090909,5635.0
1,all,R10,IF (PointsAjust IS Medium) AND (TeamExp IS Low) AND (Length IS Low),High,0.5946422340878044,0.8270735276777392,4774.317307785109,3948.7114580027164,4519.287424135167,0.3977987421383648,0.2,0.0909090909090909,5635.0
1,all,R11,IF (PointsAjust IS Medium) AND (TeamExp IS Medium) AND (Length IS Medium),Medium,0.002602919619115085,0.0036203380591450377,3105.9648362402836,11.244642707006884,4519.287424135167,0.3977987421383648,0.2,0.0909090909090909,5635.0
1,all,R12,IF (PointsAjust IS High) AND (TeamExp IS High) AND (Length IS Low),Medium,0.0,0.0,3105.9648362402836,0.0,4519.287424135167,0.3977987421383648,0.2,0.0909090909090909,5635.0
1,all,R13,IF (PointsAjust IS High) AND (TeamExp IS Medium) AND (Length IS Low),High,0.0,0.0,4774.317307785109,0.0,4519.287424135167,0.3977987421383648,0.2,0.0909090909090909,5635.0
1,all,R14,IF (PointsAjust IS High) AND (TeamExp IS High) AND (Length IS Medium),High,0.0,0.0,4774.317307785109,0.0,4519.287424135167,0.3977987421383648,0.2,0.0909090909090909,5635.0
1,all,R15,IF (PointsAjust IS Medium) AND (TeamExp IS Low) AND (Length IS Medium),High,0.014424839314986419,0.02006316076208729,4774.317307785109,95.78789567530842,4519.287424135167,0.3977987421383648,0.2,0.0909090909090909,5635.0
1,all,R16,IF (PointsAjust IS Low) AND (TeamExp IS Low) AND (Length IS High),High,0.0,0.0,4774.317307785109,0.0,4519.287424135167,0.3977987421383648,0.2,0.0909090909090909,5635.0
1,all,R17,IF (PointsAjust IS Medium) AND (TeamExp IS High) AND (Length IS High),High,0.0,0.0,4774.317307785109,0.0,4519.287424135167,0.3977987421383648,0.2,0.0909090909090909,5635.0
1,all,R18,IF (PointsAjust IS High) AND (TeamExp IS Medium) AND (Length IS Medium),Very_High,0.0,0.0,-858.0642481838514,-0.0,4519.287424135167,0.3977987421383648,0.2,0.0909090909090909,5635.0
1,all,R19,IF (PointsAjust IS Medium) AND (TeamExp IS Low) AND (Length IS High),Very_High,0.0,0.0,-858.0642481838514,-0.0,4519.287424135167,0.3977987421383648,0.2,0.0909090909090909,5635.0
1,all,R20,IF (PointsAjust IS High) AND (TeamExp IS Low) AND (Length IS High),Very_High,0.0,0.0,-858.0642481838514,-0.0,4519.287424135167,0.3977987421383648,0.2,0.0909090909090909,5635.0
2,all,R1,IF (PointsAjust IS Low) AND (TeamExp IS High) AND (Length IS Low),Very_Low,1.0,0.9845744895995822,869.7311843310752,856.3151369016084,880.2871764289621,0.0330188679245283,1.0,0.0,805.0
2,all,R2,IF (PointsAjust IS Low) AND (TeamExp IS Medium) AND (Length IS Low),Low,0.0038659201394728076,0.003806286348154185,1566.8788919083563,5.963989735481734,880.2871764289621,0.0330188679245283,1.0,0.0,805.0
2,all,R3,IF (PointsAjust IS Low) AND (TeamExp IS High) AND (Length IS Medium),Low,0.0038659201394728076,0.003806286348154185,1566.8788919083563,5.963989735481734,880.2871764289621,0.0330188679245283,1.0,0.0,805.0
2,all,R4,IF (PointsAjust IS Medium) AND (TeamExp IS High) AND (Length IS Low),Low,0.007859513140454005,0.00773827613876371,1566.8788919083563,12.124941541586956,880.2871764289621,0.0330188679245283,1.0,0.0,805.0
2,all,R5,IF (PointsAjust IS Low) AND (TeamExp IS Low) AND (Length IS Low),Medium,0.0,0.0,-1083.3081897258878,-0.0,880.2871764289621,0.0330188679245283,1.0,0.0,805.0
2,all,R6,IF (PointsAjust IS Medium) AND (TeamExp IS Medium) AND (Length IS Low),Medium,3.038425013613231e-05,2.9915557569648503e-05,-1083.3081897258878,-0.0324077685154165,880.2871764289621,0.0330188679245283,1.0,0.0,805.0
2,all,R7,IF (PointsAjust IS Low) AND (TeamExp IS Medium) AND (Length IS Medium),Medium,1.4945338524781453e-05,1.471479904992967e-05,-1083.3081897258878,-0.015940662320959524,880.2871764289621,0.0330188679245283,1.0,0.0,805.0
2,all,R8,IF (PointsAjust IS Medium) AND (TeamExp IS High) AND (Length IS Medium),Medium,3.038425013613231e-05,2.9915557569648503e-05,-1083.3081897258878,-0.0324077685154165,880.2871764289621,0.0330188679245283,1.0,0.0,805.0
2,all,R9,IF (PointsAjust IS Low) AND (TeamExp IS Low) AND (Length IS Medium),High,0.0,0.0,-601.3799099598064,-0.0,880.2871764289621,0.0330188679245283,1.0,0.0,805.0
2,all,R10,IF (PointsAjust IS Medium) AND (TeamExp IS Low) AND (Length IS Low),High,0.0,0.0,-601.3799099598064,-0.0,880.2871764289621,0.0330188679245283,1.0,0.0,805.0
2,all,R11,IF (PointsAjust IS Medium) AND (TeamExp IS Medium) AND (Length IS Medium),Medium,1.1746308452405329e-07,1.1565115649206234e-07,-1083.3081897258878,-0.0001252858449791214,880.2871764289621,0.0330188679245283,1.0,0.0,805.0
2,all,R12,IF (PointsAjust IS High) AND (TeamExp IS High) AND (Length IS Low),Medium,0.0,0.0,-1083.3081897258878,-0.0,880.2871764289621,0.0330188679245283,1.0,0.0,805.0
2,all,R13,IF (PointsAjust IS High) AND (TeamExp IS Medium) AND (Length IS Low),High,0.0,0.0,-601.3799099598064,-0.0,880.2871764289621,0.0330188679245283,1.0,0.0,805.0
2,all,R14,IF (PointsAjust IS High) AND (TeamExp IS High) AND (Length IS Medium),High,0.0,0.0,-601.3799099598064,-0.0,880.2871764289621,0.0330188679245283,1.0,0.0,805.0
2,all,R15,IF (PointsAjust IS Medium) AND (TeamExp IS Low) AND (Length IS Medium),High,0.0,0.0,-601.3799099598064,-0.0,880.2871764289621,0.0330188679245283,1.0,0.0,805.0
2,all,R16,IF (PointsAjust IS Low) AND (TeamExp IS Low) AND (Length IS High),High,0.0,0.0,-601.3799099598064,-0.0,880.2871764289621,0.0330188679245283,1.0,0.0,805.0
2,all,R17,IF (PointsAjust IS Medium) AND (TeamExp IS High) AND (Length IS High),High,0.0,0.0,-601.3799099598064,-0.0,880.2871764289621,0.0330188679245283,1.0,0.0,805.0
2,all,R18,IF (PointsAjust IS High) AND (TeamExp IS Medium) AND (Length IS Medium),Very_High,0.0,0.0,-2121.9101296940707,-0.0,880.2871764289621,0.0330188679245283,1.0,0.0,805.0
2,all,R19,IF (PointsAjust IS Medium) AND (TeamExp IS Low) AND (Length IS High),Very_High,0.0,0.0,-2121.9101296940707,-0.0,880.2871764289621,0.0330188679245283,1.0,0.0,805.0
2,all,R20,IF (PointsAjust IS High) AND (TeamExp IS Low) AND (Length IS High),Very_High,0.0,0.0,-2121.9101296940707,-0.0,880.2871764289621,0.0330188679245283,1.0,0.0,805.0
3,all,R1,IF (PointsAjust IS Low) AND (TeamExp IS High) AND (Length IS Low),Very_Low,0.0,0.0,5366.711884210057,0.0,4359.721239122819,0.3789308176100629,0.2,0.1212121212121212,3829.0
3,all,R2,IF (PointsAjust IS Low) AND (TeamExp IS Medium) AND (Length IS Low),Low,0.0,0.0,2845.9854107928863,0.0,4359.721239122819,0.3789308176100629,0.2,0.1212121212121212,3829.0
3,all,R3,IF (PointsAjust IS Low) AND (TeamExp IS High) AND (Length IS Medium),Low,0.0,0.0,2845.9854107928863,0.0,4359.721239122819,0.3789308176100629,0.2,0.1212121212121212,3829.0
3,all,R4,IF (PointsAjust IS Medium) AND (TeamExp IS High) AND (Length IS Low),Low,0.0,0.0,2845.9854107928863,0.0,4359.721239122819,0.3789308176100629,0.2,0.1212121212121212,3829.0
3,all,R5,IF (PointsAjust IS Low) AND (TeamExp IS Low) AND (Length IS Low),Medium,0.0,0.0,3312.678054827845,0.0,4359.721239122819,0.3789308176100629,0.2,0.1212121212121212,3829.0
3,all,R6,IF (PointsAjust IS Medium) AND (TeamExp IS Medium) AND (Length IS Low),Medium,0.09771231200141363,0.14680951403385495,3312.678054827845,486.3326553798918,4359.721239122819,0.3789308176100629,0.2,0.1212121212121212,3829.0
3,all,R7,IF (PointsAjust IS Low) AND (TeamExp IS Medium) AND (Length IS Medium),Medium,0.0,0.0,3312.678054827845,0.0,4359.721239122819,0.3789308176100629,0.2,0.1212121212121212,3829.0
3,all,R8,IF (PointsAjust IS Medium) AND (TeamExp IS High) AND (Length IS Medium),Medium,0.0,0.0,3312.678054827845,0.0,4359.721239122819,0.3789308176100629,0.2,0.1212121212121212,3829.0
3,all,R9,IF (PointsAjust IS Low) AND (TeamExp IS Low) AND (Length IS Medium),High,0.0,0.0,4548.657086999519,0.0,4359.721239122819,0.3789308176100629,0.2,0.1212121212121212,3829.0
3,all,R10,IF (PointsAjust IS Medium) AND (TeamExp IS Low) AND (Length IS Low),High,0.5415013162009948,0.8135878012896753,4548.657086999519,3700.7319182326382,4359.721239122819,0.3789308176100629,0.2,0.1212121212121212,3829.0
3,all,R11,IF (PointsAjust IS Medium) AND (TeamExp IS Medium) AND (Length IS Medium),Medium,0.004029238544775844,0.006053797526318492,3312.678054827845,20.05428221380636,4359.721239122819,0.3789308176100629,0.2,0.1212121212121212,3829.0
3,all,R12,IF (PointsAjust IS High) AND (TeamExp IS High) AND (Length IS Low),Medium,0.0,0.0,3312.678054827845,0.0,4359.721239122819,0.3789308176100629,0.2,0.1212121212121212,3829.0
3,all,R13,IF (PointsAjust IS High) AND (TeamExp IS Medium) AND (Length IS Low),High,0.0,0.0,4548.657086999519,0.0,4359.721239122819,0.3789308176100629,0.2,0.1212121212121212,3829.0
3,all,R14,IF (PointsAjust IS High) AND (TeamExp IS High) AND (Length IS Medium),High,0.0,0.0,4548.657086999519,0.0,4359.721239122819,0.3789308176100629,0.2,0.1212121212121212,3829.0
3,all,R15,IF (PointsAjust IS Medium) AND (TeamExp IS Low) AND (Length IS Medium),High,0.022329202232491803,0.033548887150151196,4548.657086999519,152.60238329648234,4359.721239122819,0.3789308176100629,0.2,0.1212121212121212,3829.0
3,all,R16,IF (PointsAjust IS Low) AND (TeamExp IS Low) AND (Length IS High),High,0.0,0.0,4548.657086999519,0.0,4359.721239122819,0.3789308176100629,0.2,0.1212121212121212,3829.0
3,all,R17,IF (PointsAjust IS Medium) AND (TeamExp IS High) AND (Length IS High),High,0.0,0.0,4548.657086999519,0.0,4359.721239122819,0.3789308176100629,0.2,0.1212121212121212,3829.0
3,all,R18,IF (PointsAjust IS High) AND (TeamExp IS Medium) AND (Length IS Medium),Very_High,0.0,0.0,-780.5015201755853,-0.0,4359.721239122819,0.3789308176100629,0.2,0.1212121212121212,3829.0
3,all,R19,IF (PointsAjust IS Medium) AND (TeamExp IS Low) AND (Length IS High),Very_High,0.0,0.0,-780.5015201755853,-0.0,4359.721239122819,0.3789308176100629,0.2,0.1212121212121212,3829.0
3,all,R20,IF (PointsAjust IS High) AND (TeamExp IS Low) AND (Length IS High),Very_High,0.0,0.0,-780.5015201755853,-0.0,4359.721239122819,0.3789308176100629,0.2,0.1212121212121212,3829.0
4,all,R1,IF (PointsAjust IS Low) AND (TeamExp IS High) AND (Length IS Low),Very_Low,0.0,0.0,3400.1494155715486,0.0,2264.2167166521167,0.2295597484276729,0.2,0.0909090909090909,2149.0
4,all,R2,IF (PointsAjust IS Low) AND (TeamExp IS Medium) AND (Length IS Low),Low,0.08149907779814887,0.11247555302966891,1956.6241066092061,220.0723784620523,2264.2167166521167,0.2295597484276729,0.2,0.0909090909090909,2149.0
4,all,R3,IF (PointsAjust IS Low) AND (TeamExp IS High) AND (Length IS Medium),Low,0.0,0.0,1956.6241066092061,0.0,2264.2167166521167,0.2295597484276729,0.2,0.0909090909090909,2149.0
4,all,R4,IF (PointsAjust IS Medium) AND (TeamExp IS High) AND (Length IS Low),Low,0.0,0.0,1956.6241066092061,0.0,2264.2167166521167,0.2295597484276729,0.2,0.0909090909090909,2149.0
4,all,R5,IF (PointsAjust IS Low) AND (TeamExp IS Low) AND (Length IS Low),Medium,0.45165094339622647,0.6233161283208545,2126.491686876289,1325.4765651702112,2264.2167166521167,0.2295597484276729,0.2,0.0909090909090909,2149.0
4,all,R6,IF (PointsAjust IS Medium) AND (TeamExp IS Medium) AND (Length IS Low),Medium,0.026641441457435248,0.03676742047135949,2126.491686876289,78.18561398023104,2264.2167166521167,0.2295597484276729,0.2,0.0909090909090909,2149.0
4,all,R7,IF (PointsAjust IS Low) AND (TeamExp IS Medium) AND (Length IS Medium),Medium,0.001977005725739092,0.0027284334786715466,2126.491686876289,5.801991110589998,2264.2167166521167,0.2295597484276729,0.2,0.0909090909090909,2149.0
4,all,R8,IF (PointsAjust IS Medium) AND (TeamExp IS High) AND (Length IS Medium),Medium,0.0,0.0,2126.491686876289,0.0,2264.2167166521167,0.2295597484276729,0.2,0.0909090909090909,2149.0
4,all,R9,IF (PointsAjust IS Low) AND (TeamExp IS Low) AND (Length IS Medium),High,0.010956154661544936,0.015120411027078414,2827.1912996590286,42.74829450302453,2264.2167166521167,0.2295597484276729,0.2,0.0909090909090909,2149.0
4,all,R10,IF (PointsAjust IS Medium) AND (TeamExp IS Low) AND (Length IS Low),High,0.1476413291140243,0.20375739935688478,2827.1912996590286,576.0611467029348,2264.2167166521167,0.2295597484276729,0.2,0.0909090909090909,2149.0
4,all,R11,IF (PointsAjust IS Medium) AND (TeamExp IS Medium) AND (Length IS Medium),Medium,0.0006462684453159374,0.0008919045804734914,2126.491686876289,1.8966276758637635,2264.2167166521167,0.2295597484276729,0.2,0.0909090909090909,2149.0
4,all,R12,IF (PointsAjust IS High) AND (TeamExp IS High) AND (Length IS Low),Medium,0.0,0.0,2126.491686876289,0.0,2264.2167166521167,0.2295597484276729,0.2,0.0909090909090909,2149.0
4,all,R13,IF (PointsAjust IS High) AND (TeamExp IS Medium) AND (Length IS Low),High,0.0,0.0,2827.1912996590286,0.0,2264.2167166521167,0.2295597484276729,0.2,0.0909090909090909,2149.0
4,all,R14,IF (PointsAjust IS High) AND (TeamExp IS High) AND (Length IS Medium),High,0.0,0.0,2827.1912996590286,0.0,2264.2167166521167,0.2295597484276729,0.2,0.0909090909090909,2149.0
4,all,R15,IF (PointsAjust IS Medium) AND (TeamExp IS Low) AND (Length IS Medium),High,0.0035814853480561166,0.004942749735008875,2827.1912996590286,13.974099047209059,2264.2167166521167,0.2295597484276729,0.2,0.0909090909090909,2149.0
4,all,R16,IF (PointsAjust IS Low) AND (TeamExp IS Low) AND (Length IS High),High,0.0,0.0,2827.1912996590286,0.0,2264.2167166521167,0.2295597484276729,0.2,0.0909090909090909,2149.0
4,all,R17,IF (PointsAjust IS Medium) AND (TeamExp IS High) AND (Length IS High),High,0.0,0.0,2827.1912996590286,0.0,2264.2167166521167,0.2295597484276729,0.2,0.0909090909090909,2149.0
4,all,R18,IF (PointsAjust IS High) AND (TeamExp IS Medium) AND (Length IS Medium),Very_High,0.0,0.0,-1017.5031499904693,-0.0,2264.2167166521167,0.2295597484276729,0.2,0.0909090909090909,2149.0
4,all,R19,IF (PointsAjust IS Medium) AND (TeamExp IS Low) AND (Length IS High),Very_High,0.0,0.0,-1017.5031499904693,-0.0,2264.2167166521167,0.2295597484276729,0.2,0.0909090909090909,2149.0
4,all,R20,IF (PointsAjust IS High) AND (TeamExp IS Low) AND (Length IS High),Very_High,0.0,0.0,-1017.5031499904693,-0.0,2264.2167166521167,0.2295597484276729,0.2,0.0909090909090909,2149.0
5,all,R1,IF (PointsAjust IS Low) AND (TeamExp IS High) AND (Length IS Low),Very_Low,0.0,0.0,3097.0354933042645,0.0,2047.62874529439,0.2044025157232704,0.2,0.0909090909090909,2821.0
5,all,R2,IF (PointsAjust IS Low) AND (TeamExp IS Medium) AND (Length IS Low),Low,0.09852238386564732,0.12467484296358498,1825.5818176045086,227.60412642701814,2047.62874529439,0.2044025157232704,0.2,0.0909090909090909,2821.0
5,all,R3,IF (PointsAjust IS Low) AND (TeamExp IS High) AND (Length IS Medium),Low,0.0,0.0,1825.5818176045086,0.0,2047.62874529439,0.2044025157232704,0.2,0.0909090909090909,2821.0
5,all,R4,IF (PointsAjust IS Medium) AND (TeamExp IS High) AND (Length IS Low),Low,0.0,0.0,1825.5818176045086,0.0,2047.62874529439,0.2044025157232704,0.2,0.0909090909090909,2821.0
5,all,R5,IF (PointsAjust IS Low) AND (TeamExp IS Low) AND (Length IS Low),Medium,0.545990566037736,0.690922056587474,1980.0284122050373,1368.045302662335,2047.62874529439,0.2044025157232704,0.2,0.0909090909090909,2821.0
5,all,R6,IF (PointsAjust IS Medium) AND (TeamExp IS Medium) AND (Length IS Low),Medium,0.019414588622167446,0.024568130537443392,1980.0284122050373,48.64559649890013,2047.62874529439,0.2044025157232704,0.2,0.0909090909090909,2821.0
5,all,R7,IF (PointsAjust IS Low) AND (TeamExp IS Medium) AND (Length IS Medium),Medium,0.002389957313360834,0.003024364018021172,1980.0284122050373,5.988326684532508,2047.62874529439,0.2044025157232704,0.2,0.0909090909090909,2821.0
5,all,R8,IF (PointsAjust IS Medium) AND (TeamExp IS High) AND (Length IS Medium),Medium,0.0,0.0,1980.0284122050373,0.0,2047.62874529439,0.2044025157232704,0.2,0.0909090909090909,2821.0
5,all,R9,IF (PointsAjust IS Low) AND (TeamExp IS Low) AND (Length IS Medium),High,0.013244646496854586,0.01676039654455931,2536.0322704065306,42.50490650181252,2047.62874529439,0.2044025157232704,0.2,0.0909090909090909,2821.0
5,all,R10,IF (PointsAjust IS Medium) AND (TeamExp IS Low) AND (Length IS Low),High,0.10759161335014196,0.1361514710902653,2536.0322704065306,345.2845243482346,2047.62874529439,0.2044025157232704,0.2,0.0909090909090909,2821.0
5,all,R11,IF (PointsAjust IS Medium) AND (TeamExp IS Medium) AND (Length IS Medium),Medium,0.0004709593520058932,0.0005959740411238646,1980.0284122050373,1.1800455343619052,2047.62874529439,0.2044025157232704,0.2,0.0909090909090909,2821.0
5,all,R12,IF (PointsAjust IS High) AND (TeamExp IS High) AND (Length IS Low),Medium,0.0,0.0,1980.0284122050373,0.0,2047.62874529439,0.2044025157232704,0.2,0.0909090909090909,2821.0
5,all,R13,IF (PointsAjust IS High) AND (TeamExp IS Medium) AND (Length IS Low),High,0.0,0.0,2536.0322704065306,0.0,2047.62874529439,0.2044025157232704,0.2,0.0909090909090909,2821.0
5,all,R14,IF (PointsAjust IS High) AND (TeamExp IS High) AND (Length IS Medium),High,0.0,0.0,2536.0322704065306,0.0,2047.62874529439,0.2044025157232704,0.2,0.0909090909090909,2821.0
5,all,R15,IF (PointsAjust IS Medium) AND (TeamExp IS Low) AND (Length IS Medium),High,0.0026099588042156783,0.0033027642175279775,2536.0322704065306,8.375916637194926,2047.62874529439,0.2044025157232704,0.2,0.0909090909090909,2821.0
5,all,R16,IF (PointsAjust IS Low) AND (TeamExp IS Low) AND (Length IS High),High,0.0,0.0,2536.0322704065306,0.0,2047.62874529439,0.2044025157232704,0.2,0.0909090909090909,2821.0
5,all,R17,IF (PointsAjust IS Medium) AND (TeamExp IS High) AND (Length IS High),High,0.0,0.0,2536.0322704065306,0.0,2047.62874529439,0.2044025157232704,0.2,0.0909090909090909,2821.0
5,all,R18,IF (PointsAjust IS High) AND (TeamExp IS Medium) AND (Length IS Medium),Very_High,0.0,0.0,-1041.3444811017393,-0.0,2047.62874529439,0.2044025157232704,0.2,0.0909090909090909,2821.0
5,all,R19,IF (PointsAjust IS Medium) AND (TeamExp IS Low) AND (Length IS High),Very_High,0.0,0.0,-1041.3444811017393,-0.0,2047.62874529439,0.2044025157232704,0.2,0.0909090909090909,2821.0
5,all,R20,IF (PointsAjust IS High) AND (TeamExp IS Low) AND (Length IS High),Very_High,0.0,0.0,-1041.3444811017393,-0.0,2047.62874529439,0.2044025157232704,0.2,0.0909090909090909,2821.0
6,all,R1,IF (PointsAjust IS Low) AND (TeamExp IS High) AND (Length IS Low),Very_Low,0.0,0.0,3209.8210985277638,0.0,2512.039631580241,0.130503144654088,0.6,0.2424242424242424,2569.0
6,all,R2,IF (PointsAjust IS Low) AND (TeamExp IS Medium) AND (Length IS Low),Low,0.43069966369010143,0.6692437292876621,2481.091563646259,1660.4549707587792,2512.039631580241,0.130503144654088,0.6,0.2424242424242424,2569.0
6,all,R3,IF (PointsAjust IS Low) AND (TeamExp IS High) AND (Length IS Medium),Low,0.0,0.0,2481.091563646259,0.0,2512.039631580241,0.130503144654088,0.6,0.2424242424242424,2569.0
6,all,R4,IF (PointsAjust IS Medium) AND (TeamExp IS High) AND (Length IS Low),Low,0.0,0.0,2481.091563646259,0.0,2512.039631580241,0.130503144654088,0.6,0.2424242424242424,2569.0
6,all,R5,IF (PointsAjust IS Low) AND (TeamExp IS Low) AND (Length IS Low),Medium,0.0,0.0,2574.6591560832217,0.0,2512.039631580241,0.130503144654088,0.6,0.2424242424242424,2569.0
6,all,R6,IF (PointsAjust IS Medium) AND (TeamExp IS Medium) AND (Length IS Low),Medium,0.02072741246048133,0.03220734071321934,2574.6591560832217,82.9229246603821,2512.039631580241,0.130503144654088,0.6,0.2424242424242424,2569.0
6,all,R7,IF (PointsAjust IS Low) AND (TeamExp IS Medium) AND (Length IS Medium),Medium,0.18331274873598588,0.2848409644413262,2574.6591560832217,733.368397126436,2512.039631580241,0.130503144654088,0.6,0.2424242424242424,2569.0
6,all,R8,IF (PointsAjust IS Medium) AND (TeamExp IS High) AND (Length IS Medium),Medium,0.0,0.0,2574.6591560832217,0.0,2512.039631580241,0.130503144654088,0.6,0.2424242424242424,2569.0
6,all,R9,IF (PointsAjust IS Low) AND (TeamExp IS Low) AND (Length IS Medium),High,0.0,0.0,1056.4158076850563,0.0,2512.039631580241,0.130503144654088,0.6,0.2424242424242424,2569.0
6,all,R10,IF (PointsAjust IS Medium) AND (TeamExp IS Low) AND (Length IS Low),High,0.0,0.0,1056.4158076850563,0.0,2512.039631580241,0.130503144654088,0.6,0.2424242424242424,2569.0
6,all,R11,IF (PointsAjust IS Medium) AND (TeamExp IS Medium) AND (Length IS Medium),Medium,0.008821922264256184,0.013707965557792363,2574.6591560832217,35.29333903464356,2512.039631580241,0.130503144654088,0.6,0.2424242424242424,2569.0
6,all,R12,IF (PointsAjust IS High) AND (TeamExp IS High) AND (Length IS Low),Medium,0.0,0.0,2574.6591560832217,0.0,2512.039631580241,0.130503144654088,0.6,0.2424242424242424,2569.0
6,all,R13,IF (PointsAjust IS High) AND (TeamExp IS Medium) AND (Length IS Low),High,0.0,0.0,1056.4158076850563,0.0,2512.039631580241,0.130503144654088,0.6,0.2424242424242424,2569.0
6,all,R14,IF (PointsAjust IS High) AND (TeamExp IS High) AND (Length IS Medium),High,0.0,0.0,1056.4158076850563,0.0,2512.039631580241,0.130503144654088,0.6,0.2424242424242424,2569.0
6,all,R15,IF (PointsAjust IS Medium) AND (TeamExp IS Low) AND (Length IS Medium),High,0.0,0.0,1056.4158076850563,0.0,2512.039631580241,0.130503144654088,0.6,0.2424242424242424,2569.0
6,all,R16,IF (PointsAjust IS Low) AND (TeamExp IS Low) AND (Length IS High),High,0.0,0.0,1056.4158076850563,0.0,2512.039631580241,0.130503144654088,0.6,0.2424242424242424,2569.0
6,all,R17,IF (PointsAjust IS Medium) AND (TeamExp IS High) AND (Length IS High),High,0.0,0.0,1056.4158076850563,0.0,2512.039631580241,0.130503144654088,0.6,0.2424242424242424,2569.0
6,all,R18,IF (PointsAjust IS High) AND (TeamExp IS Medium) AND (Length IS Medium),Very_High,0.0,0.0,-950.067460218326,-0.0,2512.039631580241,0.130503144654088,0.6,0.2424242424242424,2569.0
6,all,R19,IF (PointsAjust IS Medium) AND (TeamExp IS Low) AND (Length IS High),Very_High,0.0,0.0,-950.067460218326,-0.0,2512.039631580241,0.130503144654088,0.6,0.2424242424242424,2569.0
6,all,R20,IF (PointsAjust IS High) AND (TeamExp IS Low) AND (Length IS High),Very_High,0.0,0.0,-950.067460218326,-0.0,2512.039631580241,0.130503144654088,0.6,0.2424242424242424,2569.0
7,all,R1,IF (PointsAjust IS Low) AND (TeamExp IS High) AND (Length IS Low),Very_Low,0.0,0.0,5099.761621010909,0.0,4751.493106331999,0.2389937106918239,0.4,0.3636363636363636,3913.0
7,all,R2,IF (PointsAjust IS Low) AND (TeamExp IS Medium) AND (Length IS Low),Low,0.0,0.0,3249.423335901368,0.0,4751.493106331999,0.2389937106918239,0.4,0.3636363636363636,3913.0
7,all,R3,IF (PointsAjust IS Low) AND (TeamExp IS High) AND (Length IS Medium),Low,0.0,0.0,3249.423335901368,0.0,4751.493106331999,0.2389937106918239,0.4,0.3636363636363636,3913.0
7,all,R4,IF (PointsAjust IS Medium) AND (TeamExp IS High) AND (Length IS Low),Low,0.0,0.0,3249.423335901368,0.0,4751.493106331999,0.2389937106918239,0.4,0.3636363636363636,3913.0
7,all,R5,IF (PointsAjust IS Low) AND (TeamExp IS Low) AND (Length IS Low),Medium,0.0,0.0,4751.493106331999,0.0,4751.493106331999,0.2389937106918239,0.4,0.3636363636363636,3913.0
7,all,R6,IF (PointsAjust IS Medium) AND (TeamExp IS Medium) AND (Length IS Low),Medium,0.0,0.0,4751.493106331999,0.0,4751.493106331999,0.2389937106918239,0.4,0.3636363636363636,3913.0
7,all,R7,IF (PointsAjust IS Low) AND (TeamExp IS Medium) AND (Length IS Medium),Medium,0.2939998949004695,0.7160887556878411,4751.493106331999,3402.4907861726365,4751.493106331999,0.2389937106918239,0.4,0.3636363636363636,3913.0
7,all,R8,IF (PointsAjust IS Medium) AND (TeamExp IS High) AND (Length IS Medium),Medium,0.0,0.0,4751.493106331999,0.0,4751.493106331999,0.2389937106918239,0.4,0.3636363636363636,3913.0
7,all,R9,IF (PointsAjust IS Low) AND (TeamExp IS Low) AND (Length IS Medium),High,0.0,0.0,2576.8163609821713,0.0,4751.493106331999,0.2389937106918239,0.4,0.3636363636363636,3913.0
7,all,R10,IF (PointsAjust IS Medium) AND (TeamExp IS Low) AND (Length IS Low),High,0.0,0.0,2576.8163609821713,0.0,4751.493106331999,0.2389937106918239,0.4,0.3636363636363636,3913.0
7,all,R11,IF (PointsAjust IS Medium) AND (TeamExp IS Medium) AND (Length IS Medium),Medium,0.11656358981458798,0.2839112443121588,4751.493106331999,1349.0023201593626,4751.493106331999,0.2389937106918239,0.4,0.3636363636363636,3913.0
7,all,R12,IF (PointsAjust IS High) AND (TeamExp IS High) AND (Length IS Low),Medium,0.0,0.0,4751.493106331999,0.0,4751.493106331999,0.2389937106918239,0.4,0.3636363636363636,3913.0
7,all,R13,IF (PointsAjust IS High) AND (TeamExp IS Medium) AND (Length IS Low),High,0.0,0.0,2576.8163609821713,0.0,4751.493106331999,0.2389937106918239,0.4,0.3636363636363636,3913.0
7,all,R14,IF (PointsAjust IS High) AND (TeamExp IS High) AND (Length IS Medium),High,0.0,0.0,2576.8163609821713,0.0,4751.493106331999,0.2389937106918239,0.4,0.3636363636363636,3913.0
7,all,R15,IF (PointsAjust IS Medium) AND (TeamExp IS Low) AND (Length IS Medium),High,0.0,0.0,2576.8163609821713,0.0,4751.493106331999,0.2389937106918239,0.4,0.3636363636363636,3913.0
7,all,R16,IF (PointsAjust IS Low) AND (TeamExp IS Low) AND (Length IS High),High,0.0,0.0,2576.8163609821713,0.0,4751.493106331999,0.2389937106918239,0.4,0.3636363636363636,3913.0
7,all,R17,IF (PointsAjust IS Medium) AND (TeamExp IS High) AND (Length IS High),High,0.0,0.0,2576.8163609821713,0.0,4751.493106331999,0.2389937106918239,0.4,0.3636363636363636,3913.0
7,all,R18,IF (PointsAjust IS High) AND (TeamExp IS Medium) AND (Length IS Medium),Very_High,0.0,0.0,-307.52296409118753,-0.0,4751.493106331999,0.2389937106918239,0.4,0.3636363636363636,3913.0
7,all,R19,IF (PointsAjust IS Medium) AND (TeamExp IS Low) AND (Length IS High),Very_High,0.0,0.0,-307.52296409118753,-0.0,4751.493106331999,0.2389937106918239,0.4,0.3636363636363636,3913.0
7,all,R20,IF (PointsAjust IS High) AND (TeamExp IS Low) AND (Length IS High),Very_High,0.0,0.0,-307.52296409118753,-0.0,4751.493106331999,0.2389937106918239,0.4,0.3636363636363636,3913.0
8,all,R1,IF (PointsAjust IS Low) AND (TeamExp IS High) AND (Length IS Low),Very_Low,0.012316561844863728,0.04618701112828674,5727.175506511779,264.5211188529108,4144.323448725561,0.2908805031446541,0.8,0.3333333333333333,7854.0
8,all,R2,IF (PointsAjust IS Low) AND (TeamExp IS Medium) AND (Length IS Low),Low,0.0033337307715517765,0.012501464465798527,3892.3582476568754,48.66017832124025,4144.323448725561,0.2908805031446541,0.8,0.3333333333333333,7854.0
8,all,R3,IF (PointsAjust IS Low) AND (TeamExp IS High) AND (Length IS Medium),Low,0.07972375106971209,0.2989634464735881,3892.3582476568754,1163.6728366293953,4144.323448725561,0.2908805031446541,0.8,0.3333333333333333,7854.0
8,all,R4,IF (PointsAjust IS Medium) AND (TeamExp IS High) AND (Length IS Low),Low,0.01576673355817621,0.05912512822008842,3892.3582476568754,230.13618047123143,4144.323448725561,0.2908805031446541,0.8,0.3333333333333333,7854.0
8,all,R5,IF (PointsAjust IS Low) AND (TeamExp IS Low) AND (Length IS Low),Medium,0.0,0.0,4179.076176020443,0.0,4144.323448725561,0.2908805031446541,0.8,0.3333333333333333,7854.0
8,all,R6,IF (PointsAjust IS Medium) AND (TeamExp IS Medium) AND (Length IS Low),Medium,0.004267590703623965,0.016003431948133404,4179.076176020443,66.87956118900874,4144.323448725561,0.2908805031446541,0.8,0.3333333333333333,7854.0
8,all,R7,IF (PointsAjust IS Low) AND (TeamExp IS Medium) AND (Length IS Medium),Medium,0.021578872863409364,0.08092060541179383,4179.076176020443,338.1733742255785,4144.323448725561,0.2908805031446541,0.8,0.3333333333333333,7854.0
8,all,R8,IF (PointsAjust IS Medium) AND (TeamExp IS High) AND (Length IS Medium),Medium,0.102056333350748,0.3827104563396354,4179.076176020443,1599.3761504028823,4144.323448725561,0.2908805031446541,0.8,0.3333333333333333,7854.0
8,all,R9,IF (PointsAjust IS Low) AND (TeamExp IS Low) AND (Length IS Medium),High,0.0,0.0,2596.740737600492,0.0,4144.323448725561,0.2908805031446541,0.8,0.3333333333333333,7854.0
8,all,R10,IF (PointsAjust IS Medium) AND (TeamExp IS Low) AND (Length IS Low),High,0.0,0.0,2596.740737600492,0.0,4144.323448725561,0.2908805031446541,0.8,0.3333333333333333,7854.0
8,all,R11,IF (PointsAjust IS Medium) AND (TeamExp IS Medium) AND (Length IS Medium),Medium,0.02762364556022726,0.1035884560126756,4179.076176020443,432.90404863331423,4144.323448725561,0.2908805031446541,0.8,0.3333333333333333,7854.0
8,all,R12,IF (PointsAjust IS High) AND (TeamExp IS High) AND (Length IS Low),Medium,0.0,0.0,4179.076176020443,0.0,4144.323448725561,0.2908805031446541,0.8,0.3333333333333333,7854.0
8,all,R13,IF (PointsAjust IS High) AND (TeamExp IS Medium) AND (Length IS Low),High,0.0,0.0,2596.740737600492,0.0,4144.323448725561,0.2908805031446541,0.8,0.3333333333333333,7854.0
8,all,R14,IF (PointsAjust IS High) AND (TeamExp IS High) AND (Length IS Medium),High,0.0,0.0,2596.740737600492,0.0,4144.323448725561,0.2908805031446541,0.8,0.3333333333333333,7854.0
8,all,R15,IF (PointsAjust IS Medium) AND (TeamExp IS Low) AND (Length IS Medium),High,0.0,0.0,2596.740737600492,0.0,4144.323448725561,0.2908805031446541,0.8,0.3333333333333333,7854.0
8,all,R16,IF (PointsAjust IS Low) AND (TeamExp IS Low) AND (Length IS High),High,0.0,0.0,2596.740737600492,0.0,4144.323448725561,0.2908805031446541,0.8,0.3333333333333333,7854.0
8,all,R17,IF (PointsAjust IS Medium) AND (TeamExp IS High) AND (Length IS High),High,0.0,0.0,2596.740737600492,0.0,4144.323448725561,0.2908805031446541,0.8,0.3333333333333333,7854.0
8,all,R18,IF (PointsAjust IS High) AND (TeamExp IS Medium) AND (Length IS Medium),Very_High,0.0,0.0,-669.7016457017364,-0.0,4144.323448725561,0.2908805031446541,0.8,0.3333333333333333,7854.0
8,all,R19,IF (PointsAjust IS Medium) AND (TeamExp IS Low) AND (Length IS High),Very_High,0.0,0.0,-669.7016457017364,-0.0,4144.323448725561,0.2908805031446541,0.8,0.3333333333333333,7854.0
8,all,R20,IF (PointsAjust IS High) AND (TeamExp IS Low) AND (Length IS High),Very_High,0.0,0.0,-669.7016457017364,-0.0,4144.323448725561,0.2908805031446541,0.8,0.3333333333333333,7854.0
9,all,R1,IF (PointsAjust IS Low) AND (TeamExp IS High) AND (Length IS Low),Very_Low,0.5000000000000001,0.7571661789313048,1664.561764694153,1260.3498709686214,1690.472513847576,0.0644654088050314,0.8,0.0909090909090909,2422.0
9,all,R2,IF (PointsAjust IS Low) AND (TeamExp IS Medium) AND (Length IS Low),Low,0.13533528323661262,0.20494259856570365,1822.5959408682897,373.5275482568509,1690.472513847576,0.0644654088050314,0.8,0.0909090909090909,2422.0
9,all,R3,IF (PointsAjust IS Low) AND (TeamExp IS High) AND (Length IS Medium),Low,0.012129006727141133,0.018367347355643084,1822.5959408682897,33.476252734913,1690.472513847576,0.0644654088050314,0.8,0.0909090909090909,2422.0
9,all,R4,IF (PointsAjust IS Medium) AND (TeamExp IS High) AND (Length IS Low),Low,0.0073836368683391105,0.011181280228433258,1822.5959408682897,20.37895595805332,1690.472513847576,0.0644654088050314,0.8,0.0909090909090909,2422.0
9,all,R5,IF (PointsAjust IS Low) AND (TeamExp IS Low) AND (Length IS Low),Medium,0.0,0.0,328.42130725118193,0.0,1690.472513847576,0.0644654088050314,0.8,0.0909090909090909,2422.0
9,all,R6,IF (PointsAjust IS Medium) AND (TeamExp IS Medium) AND (Length IS Low),Medium,0.0019985331737859373,0.003026443453325902,328.42130725118193,0.9939485152630742,1690.472513847576,0.0644654088050314,0.8,0.0909090909090909,2422.0
9,all,R7,IF (PointsAjust IS Low) AND (TeamExp IS Medium) AND (Length IS Medium),Medium,0.003282965121592849,0.004971500313362407,328.42130725118193,1.6327466319141424,1690.472513847576,0.0644654088050314,0.8,0.0909090909090909,2422.0
9,all,R8,IF (PointsAjust IS Medium) AND (TeamExp IS High) AND (Length IS Medium),Medium,0.00017911236249370467,0.00027123564621743415,328.42130725118193,0.08907956550384882,1690.472513847576,0.0644654088050314,0.8,0.0909090909090909,2422.0
9,all,R9,IF (PointsAjust IS Low) AND (TeamExp IS Low) AND (Length IS Medium),High,0.0,0.0,34.63706509774977,0.0,1690.472513847576,0.0644654088050314,0.8,0.0909090909090909,2422.0
9,all,R10,IF (PointsAjust IS Medium) AND (TeamExp IS Low) AND (Length IS Low),High,0.0,0.0,34.63706509774977,0.0,1690.472513847576,0.0644654088050314,0.8,0.0909090909090909,2422.0
9,all,R11,IF (PointsAjust IS Medium) AND (TeamExp IS Medium) AND (Length IS Medium),Medium,4.848044461852869e-05,7.34155060094042e-05,328.42130725118193,0.024111216456115532,1690.472513847576,0.0644654088050314,0.8,0.0909090909090909,2422.0
9,all,R12,IF (PointsAjust IS High) AND (TeamExp IS High) AND (Length IS Low),Medium,0.0,0.0,328.42130725118193,0.0,1690.472513847576,0.0644654088050314,0.8,0.0909090909090909,2422.0
9,all,R13,IF (PointsAjust IS High) AND (TeamExp IS Medium) AND (Length IS Low),High,0.0,0.0,34.63706509774977,0.0,1690.472513847576,0.0644654088050314,0.8,0.0909090909090909,2422.0
9,all,R14,IF (PointsAjust IS High) AND (TeamExp IS High) AND (Length IS Medium),High,0.0,0.0,34.63706509774977,0.0,1690.472513847576,0.0644654088050314,0.8,0.0909090909090909,2422.0
9,all,R15,IF (PointsAjust IS Medium) AND (TeamExp IS Low) AND (Length IS Medium),High,0.0,0.0,34.63706509774977,0.0,1690.472513847576,0.0644654088050314,0.8,0.0909090909090909,2422.0
9,all,R16,IF (PointsAjust IS Low) AND (TeamExp IS Low) AND (Length IS High),High,0.0,0.0,34.63706509774977,0.0,1690.472513847576,0.0644654088050314,0.8,0.0909090909090909,2422.0
9,all,R17,IF (PointsAjust IS Medium) AND (TeamExp IS High) AND (Length IS High),High,0.0,0.0,34.63706509774977,0.0,1690.472513847576,0.0644654088050314,0.8,0.0909090909090909,2422.0
9,all,R18,IF (PointsAjust IS High) AND (TeamExp IS Medium) AND (Length IS Medium),Very_High,0.0,0.0,-1647.8234364369152,-0.0,1690.472513847576,0.0644654088050314,0.8,0.0909090909090909,2422.0
9,all,R19,IF (PointsAjust IS Medium) AND (TeamExp IS Low) AND (Length IS High),Very_High,0.0,0.0,-1647.8234364369152,-0.0,1690.472513847576,0.0644654088050314,0.8,0.0909090909090909,2422.0
9,all,R20,IF (PointsAjust IS High) AND (TeamExp IS Low) AND (Length IS High),Very_High,0.0,0.0,-1647.8234364369152,-0.0,1690.472513847576,0.0644654088050314,0.8,0.0909090909090909,2422.0
10,all,R1,IF (PointsAjust IS Low) AND (TeamExp IS High) AND (Length IS Low),Very_Low,0.0,0.0,7123.673789683854,0.0,5769.47213933107,0.2751572327044025,1.0,0.6060606060606061,4067.0
10,all,R2,IF (PointsAjust IS Low) AND (TeamExp IS Medium) AND (Length IS Low),Low,0.0,0.0,5054.11518794434,0.0,5769.47213933107,0.2751572327044025,1.0,0.6060606060606061,4067.0
10,all,R3,IF (PointsAjust IS Low) AND (TeamExp IS High) AND (Length IS Medium),Low,0.2914454628650566,0.5282472568608955,5054.11518794434,2669.8224838905867,5769.47213933107,0.2751572327044025,1.0,0.6060606060606061,4067.0
10,all,R4,IF (PointsAjust IS Medium) AND (TeamExp IS High) AND (Length IS Low),Low,0.0,0.0,5054.11518794434,0.0,5769.47213933107,0.2751572327044025,1.0,0.6060606060606061,4067.0
10,all,R5,IF (PointsAjust IS Low) AND (TeamExp IS Low) AND (Length IS Low),Medium,0.0,0.0,6657.6143208049025,0.0,5769.47213933107,0.2751572327044025,1.0,0.6060606060606061,4067.0
10,all,R6,IF (PointsAjust IS Medium) AND (TeamExp IS Medium) AND (Length IS Low),Medium,0.0,0.0,6657.6143208049025,0.0,5769.47213933107,0.2751572327044025,1.0,0.6060606060606061,4067.0
10,all,R7,IF (PointsAjust IS Low) AND (TeamExp IS Medium) AND (Length IS Medium),Medium,0.0011267048844479965,0.0020421617089198007,6657.6143208049025,13.595925038703879,5769.47213933107,0.2751572327044025,1.0,0.6060606060606061,4067.0
10,all,R8,IF (PointsAjust IS Medium) AND (TeamExp IS High) AND (Length IS Medium),Medium,0.2532437754746591,0.4590063897255626,6657.6143208049025,3055.887513577862,5769.47213933107,0.2751572327044025,1.0,0.6060606060606061,4067.0
10,all,R9,IF (PointsAjust IS Low) AND (TeamExp IS Low) AND (Length IS Medium),High,0.0,0.0,2055.206769671137,0.0,5769.47213933107,0.2751572327044025,1.0,0.6060606060606061,4067.0
10,all,R10,IF (PointsAjust IS Medium) AND (TeamExp IS Low) AND (Length IS Low),High,0.0,0.0,2055.206769671137,0.0,5769.47213933107,0.2751572327044025,1.0,0.6060606060606061,4067.0
10,all,R11,IF (PointsAjust IS Medium) AND (TeamExp IS Medium) AND (Length IS Medium),Medium,0.0009790202118036143,0.0017744820461867566,6657.6143208049025,11.813817082704137,5769.47213933107,0.2751572327044025,1.0,0.6060606060606061,4067.0
10,all,R12,IF (PointsAjust IS High) AND (TeamExp IS High) AND (Length IS Low),Medium,0.0,0.0,6657.6143208049025,0.0,5769.47213933107,0.2751572327044025,1.0,0.6060606060606061,4067.0
10,all,R13,IF (PointsAjust IS High) AND (TeamExp IS Medium) AND (Length IS Low),High,0.0,0.0,2055.206769671137,0.0,5769.47213933107,0.2751572327044025,1.0,0.6060606060606061,4067.0
10,all,R14,IF (PointsAjust IS High) AND (TeamExp IS High) AND (Length IS Medium),High,0.0,0.0,2055.206769671137,0.0,5769.47213933107,0.2751572327044025,1.0,0.6060606060606061,4067.0
10,all,R15,IF (PointsAjust IS Medium) AND (TeamExp IS Low) AND (Length IS Medium),High,0.0,0.0,2055.206769671137,0.0,5769.47213933107,0.2751572327044025,1.0,0.6060606060606061,4067.0
10,all,R16,IF (PointsAjust IS Low) AND (TeamExp IS Low) AND (Length IS High),High,0.0,0.0,2055.206769671137,0.0,5769.47213933107,0.2751572327044025,1.0,0.6060606060606061,4067.0
10,all,R17,IF (PointsAjust IS Medium) AND (TeamExp IS High) AND (Length IS High),High,0.004926714395297983,0.008929709658435307,2055.206769671137,18.35239974121398,5769.47213933107,0.2751572327044025,1.0,0.6060606060606061,4067.0
10,all,R18,IF (PointsAjust IS High) AND (TeamExp IS Medium) AND (Length IS Medium),Very_High,0.0,0.0,16.437209086275743,0.0,5769.47213933107,0.2751572327044025,1.0,0.6060606060606061,4067.0
10,all,R19,IF (PointsAjust IS Medium) AND (TeamExp IS Low) AND (Length IS High),Very_High,0.0,0.0,16.437209086275743,0.0,5769.47213933107,0.2751572327044025,1.0,0.6060606060606061,4067.0
10,all,R20,IF (PointsAjust IS High) AND (TeamExp IS Low) AND (Length IS High),Very_High,0.0,0.0,16.437209086275743,0.0,5769.47213933107,0.2751572327044025,1.0,0.6060606060606061,4067.0
11,all,R1,IF (PointsAjust IS Low) AND (TeamExp IS High) AND (Length IS Low),Very_Low,0.0,0.0,6931.431677794694,0.0,6260.5428408473235,0.3286163522012578,0.6,0.4848484848484848,9051.0
11,all,R2,IF (PointsAjust IS Low) AND (TeamExp IS Medium) AND (Length IS Low),Low,0.0,0.0,4403.43129530456,0.0,6260.5428408473235,0.3286163522012578,0.6,0.4848484848484848,9051.0
11,all,R3,IF (PointsAjust IS Low) AND (TeamExp IS High) AND (Length IS Medium),Low,0.0,0.0,4403.43129530456,0.0,6260.5428408473235,0.3286163522012578,0.6,0.4848484848484848,9051.0
11,all,R4,IF (PointsAjust IS Medium) AND (TeamExp IS High) AND (Length IS Low),Low,0.0,0.0,4403.43129530456,0.0,6260.5428408473235,0.3286163522012578,0.6,0.4848484848484848,9051.0
11,all,R5,IF (PointsAjust IS Low) AND (TeamExp IS Low) AND (Length IS Low),Medium,0.0,0.0,6260.542840847324,0.0,6260.5428408473235,0.3286163522012578,0.6,0.4848484848484848,9051.0
11,all,R6,IF (PointsAjust IS Medium) AND (TeamExp IS Medium) AND (Length IS Low),Medium,0.0,0.0,6260.542840847324,0.0,6260.5428408473235,0.3286163522012578,0.6,0.4848484848484848,9051.0
11,all,R7,IF (PointsAjust IS Low) AND (TeamExp IS Medium) AND (Length IS Medium),Medium,0.08517778652831547,0.17037500527899535,6260.542840847324,1066.6400195587394,6260.5428408473235,0.3286163522012578,0.6,0.4848484848484848,9051.0
11,all,R8,IF (PointsAjust IS Medium) AND (TeamExp IS High) AND (Length IS Medium),Medium,0.0,0.0,6260.542840847324,0.0,6260.5428408473235,0.3286163522012578,0.6,0.4848484848484848,9051.0
11,all,R9,IF (PointsAjust IS Low) AND (TeamExp IS Low) AND (Length IS Medium),High,0.0,0.0,3290.965572278738,0.0,6260.5428408473235,0.3286163522012578,0.6,0.4848484848484848,9051.0
11,all,R10,IF (PointsAjust IS Medium) AND (TeamExp IS Low) AND (Length IS Low),High,0.0,0.0,3290.965572278738,0.0,6260.5428408473235,0.3286163522012578,0.6,0.4848484848484848,9051.0
11,all,R11,IF (PointsAjust IS Medium) AND (TeamExp IS Medium) AND (Length IS Medium),Medium,0.4147651856748765,0.8296249947210046,6260.542840847324,5193.902821288585,6260.5428408473235,0.3286163522012578,0.6,0.4848484848484848,9051.0
11,all,R12,IF (PointsAjust IS High) AND (TeamExp IS High) AND (Length IS Low),Medium,0.0,0.0,6260.542840847324,0.0,6260.5428408473235,0.3286163522012578,0.6,0.4848484848484848,9051.0
11,all,R13,IF (PointsAjust IS High) AND (TeamExp IS Medium) AND (Length IS Low),High,0.0,0.0,3290.965572278738,0.0,6260.5428408473235,0.3286163522012578,0.6,0.4848484848484848,9051.0
11,all,R14,IF (PointsAjust IS High) AND (TeamExp IS High) AND (Length IS Medium),High,0.0,0.0,3290.965572278738,0.0,6260.5428408473235,0.3286163522012578,0.6,0.4848484848484848,9051.0
11,all,R15,IF (PointsAjust IS Medium) AND (TeamExp IS Low) AND (Length IS Medium),High,0.0,0.0,3290.965572278738,0.0,6260.5428408473235,0.3286163522012578,0.6,0.4848484848484848,9051.0
11,all,R16,IF (PointsAjust IS Low) AND (TeamExp IS Low) AND (Length IS High),High,0.0,0.0,3290.965572278738,0.0,6260.5428408473235,0.3286163522012578,0.6,0.4848484848484848,9051.0
11,all,R17,IF (PointsAjust IS Medium) AND (TeamExp IS High) AND (Length IS High),High,0.0,0.0,3290.965572278738,0.0,6260.5428408473235,0.3286163522012578,0.6,0.4848484848484848,9051.0
11,all,R18,IF (PointsAjust IS High) AND (TeamExp IS Medium) AND (Length IS Medium),Very_High,0.0,0.0,1.2328330166740216,0.0,6260.5428408473235,0.3286163522012578,0.6,0.4848484848484848,9051.0
11,all,R19,IF (PointsAjust IS Medium) AND (TeamExp IS Low) AND (Length IS High),Very_High,0.0,0.0,1.2328330166740216,0.0,6260.5428408473235,0.3286163522012578,0.6,0.4848484848484848,9051.0
11,all,R20,IF (PointsAjust IS High) AND (TeamExp IS Low) AND (Length IS High),Very_High,0.0,0.0,1.2328330166740216,0.0,6260.5428408473235,0.3286163522012578,0.6,0.4848484848484848,9051.0
12,all,R1,IF (PointsAjust IS Low) AND (TeamExp IS High) AND (Length IS Low),Very_Low,0.0,0.0,1044.5039313909604,0.0,1089.3372338793697,0.040880503144654,0.4,0.0606060606060606,2282.0
12,all,R2,IF (PointsAjust IS Low) AND (TeamExp IS Medium) AND (Length IS Low),Low,0.8007374029168082,0.9774539560263354,1104.4881778064896,1079.586338781272,1089.3372338793697,0.040880503144654,0.4,0.0606060606060606,2282.0
12,all,R3,IF (PointsAjust IS Low) AND (TeamExp IS High) AND (Length IS Medium),Low,0.0,0.0,1104.4881778064896,0.0,1089.3372338793697,0.040880503144654,0.4,0.0606060606060606,2282.0
12,all,R4,IF (PointsAjust IS Medium) AND (TeamExp IS High) AND (Length IS Low),Low,0.0,0.0,1104.4881778064896,0.0,1089.3372338793697,0.040880503144654,0.4,0.0606060606060606,2282.0
12,all,R5,IF (PointsAjust IS Low) AND (TeamExp IS Low) AND (Length IS Low),Medium,0.0,0.0,432.48807238589654,0.0,1089.3372338793697,0.040880503144654,0.4,0.0606060606060606,2282.0
12,all,R6,IF (PointsAjust IS Medium) AND (TeamExp IS Medium) AND (Length IS Low),Medium,0.007398631151621302,0.009031451836755609,432.48807238589654,3.905995195724498,1089.3372338793697,0.040880503144654,0.4,0.0606060606060606,2282.0
12,all,R7,IF (PointsAjust IS Low) AND (TeamExp IS Medium) AND (Length IS Medium),Medium,0.010969893039401366,0.013390863608331577,432.48807238589654,5.791388789549775,1089.3372338793697,0.040880503144654,0.4,0.0606060606060606,2282.0
12,all,R8,IF (PointsAjust IS Medium) AND (TeamExp IS High) AND (Length IS Medium),Medium,0.0,0.0,432.48807238589654,0.0,1089.3372338793697,0.040880503144654,0.4,0.0606060606060606,2282.0
12,all,R9,IF (PointsAjust IS Low) AND (TeamExp IS Low) AND (Length IS Medium),High,0.0,0.0,356.8484940809234,0.0,1089.3372338793697,0.040880503144654,0.4,0.0606060606060606,2282.0
12,all,R10,IF (PointsAjust IS Medium) AND (TeamExp IS Low) AND (Length IS Low),High,0.0,0.0,356.8484940809234,0.0,1089.3372338793697,0.040880503144654,0.4,0.0606060606060606,2282.0
12,all,R11,IF (PointsAjust IS Medium) AND (TeamExp IS Medium) AND (Length IS Medium),Medium,0.00010135931214855577,0.00012372852857731094,432.48807238589654,0.053511112823544524,1089.3372338793697,0.040880503144654,0.4,0.0606060606060606,2282.0
12,all,R12,IF (PointsAjust IS High) AND (TeamExp IS High) AND (Length IS Low),Medium,0.0,0.0,432.48807238589654,0.0,1089.3372338793697,0.040880503144654,0.4,0.0606060606060606,2282.0
12,all,R13,IF (PointsAjust IS High) AND (TeamExp IS Medium) AND (Length IS Low),High,0.0,0.0,356.8484940809234,0.0,1089.3372338793697,0.040880503144654,0.4,0.0606060606060606,2282.0
12,all,R14,IF (PointsAjust IS High) AND (TeamExp IS High) AND (Length IS Medium),High,0.0,0.0,356.8484940809234,0.0,1089.3372338793697,0.040880503144654,0.4,0.0606060606060606,2282.0
12,all,R15,IF (PointsAjust IS Medium) AND (TeamExp IS Low) AND (Length IS Medium),High,0.0,0.0,356.8484940809234,0.0,1089.3372338793697,0.040880503144654,0.4,0.0606060606060606,2282.0
12,all,R16,IF (PointsAjust IS Low) AND (TeamExp IS Low) AND (Length IS High),High,0.0,0.0,356.8484940809234,0.0,1089.3372338793697,0.040880503144654,0.4,0.0606060606060606,2282.0
12,all,R17,IF (PointsAjust IS Medium) AND (TeamExp IS High) AND (Length IS High),High,0.0,0.0,356.8484940809234,0.0,1089.3372338793697,0.040880503144654,0.4,0.0606060606060606,2282.0
12,all,R18,IF (PointsAjust IS High) AND (TeamExp IS Medium) AND (Length IS Medium),Very_High,0.0,0.0,-1449.7107100096248,-0.0,1089.3372338793697,0.040880503144654,0.4,0.0606060606060606,2282.0
12,all,R19,IF (PointsAjust IS Medium) AND (TeamExp IS Low) AND (Length IS High),Very_High,0.0,0.0,-1449.7107100096248,-0.0,1089.3372338793697,0.040880503144654,0.4,0.0606060606060606,2282.0
12,all,R20,IF (PointsAjust IS High) AND (TeamExp IS Low) AND (Length IS High),Very_High,0.0,0.0,-1449.7107100096248,-0.0,1089.3372338793697,0.040880503144654,0.4,0.0606060606060606,2282.0
13,all,R1,IF (PointsAjust IS Low) AND (TeamExp IS High) AND (Length IS Low),Very_Low,0.18589789403468657,0.44960262905461934,4472.598061412881,2010.8918471158252,3692.252395518224,0.2421383647798742,0.8,0.2121212121212121,4172.0
13,all,R2,IF (PointsAjust IS Low) AND (TeamExp IS Medium) AND (Length IS Low),Low,0.0503170882845482,0.12169419829406514,3193.2729598371197,388.60279278149477,3692.252395518224,0.2421383647798742,0.8,0.2121212121212121,4172.0
13,all,R3,IF (PointsAjust IS Low) AND (TeamExp IS High) AND (Length IS Medium),Low,0.042755214771487644,0.10340545850115418,3193.2729598371197,330.20185453129506,3692.252395518224,0.2421383647798742,0.8,0.2121212121212121,4172.0
13,all,R4,IF (PointsAjust IS Medium) AND (TeamExp IS High) AND (Length IS Low),Low,0.07865347721045689,0.19022706159065297,3193.2729598371197,607.4469320067025,3692.252395518224,0.2421383647798742,0.8,0.2121212121212121,4172.0
13,all,R5,IF (PointsAjust IS Low) AND (TeamExp IS Low) AND (Length IS Low),Medium,0.0,0.0,2629.0608829808943,0.0,3692.252395518224,0.2421383647798742,0.8,0.2121212121212121,4172.0
13,all,R6,IF (PointsAjust IS Medium) AND (TeamExp IS Medium) AND (Length IS Low),Medium,0.02128918123164327,0.051488866519279135,2629.0608829808943,135.3673648748614,3692.252395518224,0.2421383647798742,0.8,0.2121212121212121,4172.0
13,all,R7,IF (PointsAjust IS Low) AND (TeamExp IS Medium) AND (Length IS Medium),Medium,0.011572578201882965,0.02798881402893098,2629.0608829808943,73.58429612448933,3692.252395518224,0.2421383647798742,0.8,0.2121212121212121,4172.0
13,all,R8,IF (PointsAjust IS Medium) AND (TeamExp IS High) AND (Length IS Medium),Medium,0.018089749365476523,0.043750893015172126,2629.0608829808943,115.02376142167107,3692.252395518224,0.2421383647798742,0.8,0.2121212121212121,4172.0
13,all,R9,IF (PointsAjust IS Low) AND (TeamExp IS Low) AND (Length IS Medium),High,0.0,0.0,2061.7839138086474,0.0,3692.252395518224,0.2421383647798742,0.8,0.2121212121212121,4172.0
13,all,R10,IF (PointsAjust IS Medium) AND (TeamExp IS Low) AND (Length IS Low),High,0.0,0.0,2061.7839138086474,0.0,3692.252395518224,0.2421383647798742,0.8,0.2121212121212121,4172.0
13,all,R11,IF (PointsAjust IS Medium) AND (TeamExp IS Medium) AND (Length IS Medium),Medium,0.004896362708112196,0.01184207899612611,2629.0608829808943,31.13354666188481,3692.252395518224,0.2421383647798742,0.8,0.2121212121212121,4172.0
13,all,R12,IF (PointsAjust IS High) AND (TeamExp IS High) AND (Length IS Low),Medium,0.0,0.0,2629.0608829808943,0.0,3692.252395518224,0.2421383647798742,0.8,0.2121212121212121,4172.0
13,all,R13,IF (PointsAjust IS High) AND (TeamExp IS Medium) AND (Length IS Low),High,0.0,0.0,2061.7839138086474,0.0,3692.252395518224,0.2421383647798742,0.8,0.2121212121212121,4172.0
13,all,R14,IF (PointsAjust IS High) AND (TeamExp IS High) AND (Length IS Medium),High,0.0,0.0,2061.7839138086474,0.0,3692.252395518224,0.2421383647798742,0.8,0.2121212121212121,4172.0
13,all,R15,IF (PointsAjust IS Medium) AND (TeamExp IS Low) AND (Length IS Medium),High,0.0,0.0,2061.7839138086474,0.0,3692.252395518224,0.2421383647798742,0.8,0.2121212121212121,4172.0
13,all,R16,IF (PointsAjust IS Low) AND (TeamExp IS Low) AND (Length IS High),High,0.0,0.0,2061.7839138086474,0.0,3692.252395518224,0.2421383647798742,0.8,0.2121212121212121,4172.0
13,all,R17,IF (PointsAjust IS Medium) AND (TeamExp IS High) AND (Length IS High),High,0.0,0.0,2061.7839138086474,0.0,3692.252395518224,0.2421383647798742,0.8,0.2121212121212121,4172.0
13,all,R18,IF (PointsAjust IS High) AND (TeamExp IS Medium) AND (Length IS Medium),Very_High,0.0,0.0,-1097.6691300966966,-0.0,3692.252395518224,0.2421383647798742,0.8,0.2121212121212121,4172.0
13,all,R19,IF (PointsAjust IS Medium) AND (TeamExp IS Low) AND (Length IS High),Very_High,0.0,0.0,-1097.6691300966966,-0.0,3692.252395518224,0.2421383647798742,0.8,0.2121212121212121,4172.0
13,all,R20,IF (PointsAjust IS High) AND (TeamExp IS Low) AND (Length IS High),Very_High,0.0,0.0,-1097.6691300966966,-0.0,3692.252395518224,0.2421383647798742,0.8,0.2121212121212121,4172.0
14,all,R1,IF (PointsAjust IS Low) AND (TeamExp IS High) AND (Length IS Low),Very_Low,0.0,0.0,6694.194599327289,0.0,4163.451728630677,0.4056603773584906,1.0,0.2424242424242424,4977.0
14,all,R2,IF (PointsAjust IS Low) AND (TeamExp IS Medium) AND (Length IS Low),Low,0.0,0.0,4398.324503536746,0.0,4163.451728630677,0.4056603773584906,1.0,0.2424242424242424,4977.0
14,all,R3,IF (PointsAjust IS Low) AND (TeamExp IS High) AND (Length IS Medium),Low,0.0,0.0,4398.324503536746,0.0,4163.451728630677,0.4056603773584906,1.0,0.2424242424242424,4977.0
14,all,R4,IF (PointsAjust IS Medium) AND (TeamExp IS High) AND (Length IS Low),Low,0.4413579599518801,0.6987497592342061,4398.324503536746,3073.328187880211,4163.451728630677,0.4056603773584906,1.0,0.2424242424242424,4977.0
14,all,R5,IF (PointsAjust IS Low) AND (TeamExp IS Low) AND (Length IS Low),Medium,0.0,0.0,3618.6644630700225,0.0,4163.451728630677,0.4056603773584906,1.0,0.2424242424242424,4977.0
14,all,R6,IF (PointsAjust IS Medium) AND (TeamExp IS Medium) AND (Length IS Low),Medium,0.001706254626094606,0.002701310766675293,3618.6644630700225,9.77513727507632,4163.451728630677,0.4056603773584906,1.0,0.2424242424242424,4977.0
14,all,R7,IF (PointsAjust IS Low) AND (TeamExp IS Medium) AND (Length IS Medium),Medium,0.0,0.0,3618.6644630700225,0.0,4163.451728630677,0.4056603773584906,1.0,0.2424242424242424,4977.0
14,all,R8,IF (PointsAjust IS Medium) AND (TeamExp IS High) AND (Length IS Medium),Medium,0.18784909215415704,0.2973992084098636,3618.6644630700225,1076.1879468179288,4163.451728630677,0.4056603773584906,1.0,0.2424242424242424,4977.0
14,all,R9,IF (PointsAjust IS Low) AND (TeamExp IS Low) AND (Length IS Medium),High,0.0,0.0,3653.085620073081,0.0,4163.451728630677,0.4056603773584906,1.0,0.2424242424242424,4977.0
14,all,R10,IF (PointsAjust IS Medium) AND (TeamExp IS Low) AND (Length IS Low),High,0.0,0.0,3653.085620073081,0.0,4163.451728630677,0.4056603773584906,1.0,0.2424242424242424,4977.0
14,all,R11,IF (PointsAjust IS Medium) AND (TeamExp IS Medium) AND (Length IS Medium),Medium,0.000726209588540439,0.0011497215892549626,3618.6644630700225,4.160456657461322,4163.451728630677,0.4056603773584906,1.0,0.2424242424242424,4977.0
14,all,R12,IF (PointsAjust IS High) AND (TeamExp IS High) AND (Length IS Low),Medium,0.0,0.0,3618.6644630700225,0.0,4163.451728630677,0.4056603773584906,1.0,0.2424242424242424,4977.0
14,all,R13,IF (PointsAjust IS High) AND (TeamExp IS Medium) AND (Length IS Low),High,0.0,0.0,3653.085620073081,0.0,4163.451728630677,0.4056603773584906,1.0,0.2424242424242424,4977.0
14,all,R14,IF (PointsAjust IS High) AND (TeamExp IS High) AND (Length IS Medium),High,0.0,0.0,3653.085620073081,0.0,4163.451728630677,0.4056603773584906,1.0,0.2424242424242424,4977.0
14,all,R15,IF (PointsAjust IS Medium) AND (TeamExp IS Low) AND (Length IS Medium),High,0.0,0.0,3653.085620073081,0.0,4163.451728630677,0.4056603773584906,1.0,0.2424242424242424,4977.0
14,all,R16,IF (PointsAjust IS Low) AND (TeamExp IS Low) AND (Length IS High),High,0.0,0.0,3653.085620073081,0.0,4163.451728630677,0.4056603773584906,1.0,0.2424242424242424,4977.0
14,all,R17,IF (PointsAjust IS Medium) AND (TeamExp IS High) AND (Length IS High),High,0.0,0.0,3653.085620073081,0.0,4163.451728630677,0.4056603773584906,1.0,0.2424242424242424,4977.0
14,all,R18,IF (PointsAjust IS High) AND (TeamExp IS Medium) AND (Length IS Medium),Very_High,0.0,0.0,-1005.2106018746356,-0.0,4163.451728630677,0.4056603773584906,1.0,0.2424242424242424,4977.0
14,all,R19,IF (PointsAjust IS Medium) AND (TeamExp IS Low) AND (Length IS High),Very_High,0.0,0.0,-1005.2106018746356,-0.0,4163.451728630677,0.4056603773584906,1.0,0.2424242424242424,4977.0
14,all,R20,IF (PointsAjust IS High) AND (TeamExp IS Low) AND (Length IS High),Very_High,0.0,0.0,-1005.2106018746356,-0.0,4163.451728630677,0.4056603773584906,1.0,0.2424242424242424,4977.0
15,all,R1,IF (PointsAjust IS Low) AND (TeamExp IS High) AND (Length IS Low),Very_Low,0.3446969696969698,0.6050375724721454,3260.1423723437447,1972.5086268764405,2990.8717729818,0.1415094339622641,0.8,0.2121212121212121,1617.0
15,all,R2,IF (PointsAjust IS Low) AND (TeamExp IS Medium) AND (Length IS Low),Low,0.09329932404948295,0.16376586247862063,2669.1038038183297,437.1080864772758,2990.8717729818,0.1415094339622641,0.8,0.2121212121212121,1617.0
15,all,R3,IF (PointsAjust IS Low) AND (TeamExp IS High) AND (Length IS Medium),Low,0.07927789094654851,0.13915440780108737,2669.1038038183297,371.4175591799694,2990.8717729818,0.1415094339622641,0.8,0.2121212121212121,1617.0
15,all,R4,IF (PointsAjust IS Medium) AND (TeamExp IS High) AND (Length IS Low),Low,0.01982147596985448,0.03479211817312691,2669.1038038183297,92.86377495878988,2990.8717729818,0.1415094339622641,0.8,0.2121212121212121,1617.0
15,all,R5,IF (PointsAjust IS Low) AND (TeamExp IS Low) AND (Length IS Low),Medium,0.0,0.0,2043.2077842958884,0.0,2990.8717729818,0.1415094339622641,0.8,0.2121212121212121,1617.0
15,all,R6,IF (PointsAjust IS Medium) AND (TeamExp IS Medium) AND (Length IS Low),Medium,0.005365090129095932,0.009417202334723653,2043.2077842958884,19.24130111659678,2990.8717729818,0.1415094339622641,0.8,0.2121212121212121,1617.0
15,all,R7,IF (PointsAjust IS Low) AND (TeamExp IS Medium) AND (Length IS Medium),Medium,0.021458191651304855,0.037665002386766504,2043.2077842958884,76.95742607216454,2990.8717729818,0.1415094339622641,0.8,0.2121212121212121,1617.0
15,all,R8,IF (PointsAjust IS Medium) AND (TeamExp IS High) AND (Length IS Medium),Medium,0.004558800768452388,0.008001943715238966,2043.2077842958884,16.349633688473816,2990.8717729818,0.1415094339622641,0.8,0.2121212121212121,1617.0
15,all,R9,IF (PointsAjust IS Low) AND (TeamExp IS Low) AND (Length IS Medium),High,0.0,0.0,897.1477967986548,0.0,2990.8717729818,0.1415094339622641,0.8,0.2121212121212121,1617.0
15,all,R10,IF (PointsAjust IS Medium) AND (TeamExp IS Low) AND (Length IS Low),High,0.0,0.0,897.1477967986548,0.0,2990.8717729818,0.1415094339622641,0.8,0.2121212121212121,1617.0
15,all,R11,IF (PointsAjust IS Medium) AND (TeamExp IS Medium) AND (Length IS Medium),Medium,0.001233933186435582,0.002165890638290595,2043.2077842958884,4.425364612088934,2990.8717729818,0.1415094339622641,0.8,0.2121212121212121,1617.0
15,all,R12,IF (PointsAjust IS High) AND (TeamExp IS High) AND (Length IS Low),Medium,0.0,0.0,2043.2077842958884,0.0,2990.8717729818,0.1415094339622641,0.8,0.2121212121212121,1617.0
15,all,R13,IF (PointsAjust IS High) AND (TeamExp IS Medium) AND (Length IS Low),High,0.0,0.0,897.1477967986548,0.0,2990.8717729818,0.1415094339622641,0.8,0.2121212121212121,1617.0
15,all,R14,IF (PointsAjust IS High) AND (TeamExp IS High) AND (Length IS Medium),High,0.0,0.0,897.1477967986548,0.0,2990.8717729818,0.1415094339622641,0.8,0.2121212121212121,1617.0
15,all,R15,IF (PointsAjust IS Medium) AND (TeamExp IS Low) AND (Length IS Medium),High,0.0,0.0,897.1477967986548,0.0,2990.8717729818,0.1415094339622641,0.8,0.2121212121212121,1617.0
15,all,R16,IF (PointsAjust IS Low) AND (TeamExp IS Low) AND (Length IS High),High,0.0,0.0,897.1477967986548,0.0,2990.8717729818,0.1415094339622641,0.8,0.2121212121212121,1617.0
15,all,R17,IF (PointsAjust IS Medium) AND (TeamExp IS High) AND (Length IS High),High,0.0,0.0,897.1477967986548,0.0,2990.8717729818,0.1415094339622641,0.8,0.2121212121212121,1617.0
15,all,R18,IF (PointsAjust IS High) AND (TeamExp IS Medium) AND (Length IS Medium),Very_High,0.0,0.0,-1193.0344545417765,-0.0,2990.8717729818,0.1415094339622641,0.8,0.2121212121212121,1617.0
15,all,R19,IF (PointsAjust IS Medium) AND (TeamExp IS Low) AND (Length IS High),Very_High,0.0,0.0,-1193.0344545417765,-0.0,2990.8717729818,0.1415094339622641,0.8,0.2121212121212121,1617.0
15,all,R20,IF (PointsAjust IS High) AND (TeamExp IS Low) AND (Length IS High),Very_High,0.0,0.0,-1193.0344545417765,-0.0,2990.8717729818,0.1415094339622641,0.8,0.2121212121212121,1617.0
16,all,R1,IF (PointsAjust IS Low) AND (TeamExp IS High) AND (Length IS Low),Very_Low,0.6893939393939394,0.7962101400700219,2511.1115741092653,1999.3724981529913,2514.5239505961677,0.0723270440251572,1.0,0.2121212121212121,3192.0
16,all,R2,IF (PointsAjust IS Low) AND (TeamExp IS Medium) AND (Length IS Low),Low,0.0026651419143335266,0.0030780848157491627,2550.7164610062155,7.851321607904673,2514.5239505961677,0.0723270440251572,1.0,0.2121212121212121,3192.0
16,all,R3,IF (PointsAjust IS Low) AND (TeamExp IS High) AND (Length IS Medium),Low,0.158555781893097,0.1831227605815596,2550.7164610062155,467.0942398002842,2514.5239505961677,0.0723270440251572,1.0,0.2121212121212121,3192.0
16,all,R4,IF (PointsAjust IS Medium) AND (TeamExp IS High) AND (Length IS Low),Low,0.011837542332490649,0.013671676961539663,2550.7164610062155,34.872571475358654,2514.5239505961677,0.0723270440251572,1.0,0.2121212121212121,3192.0
16,all,R5,IF (PointsAjust IS Low) AND (TeamExp IS Low) AND (Length IS Low),Medium,0.0,0.0,1361.4653990849404,0.0,2514.5239505961677,0.0723270440251572,1.0,0.2121212121212121,3192.0
16,all,R6,IF (PointsAjust IS Medium) AND (TeamExp IS Medium) AND (Length IS Low),Medium,4.576299330503752e-05,5.285361130598259e-05,1361.4653990849404,0.07195836300977991,2514.5239505961677,0.0723270440251572,1.0,0.2121212121212121,3192.0
16,all,R7,IF (PointsAjust IS Low) AND (TeamExp IS Medium) AND (Length IS Medium),Medium,0.0006129639904503815,0.0007079379681281085,1361.4653990849404,0.963833048304917,2514.5239505961677,0.0723270440251572,1.0,0.2121212121212121,3192.0
16,all,R8,IF (PointsAjust IS Medium) AND (TeamExp IS High) AND (Length IS Medium),Medium,0.002722551900979462,0.0031443900309487093,1361.4653990849404,4.280978228364292,2514.5239505961677,0.0723270440251572,1.0,0.2121212121212121,3192.0
16,all,R9,IF (PointsAjust IS Low) AND (TeamExp IS Low) AND (Length IS Medium),High,0.0,0.0,-197.48056867630117,-0.0,2514.5239505961677,0.0723270440251572,1.0,0.2121212121212121,3192.0
16,all,R10,IF (PointsAjust IS Medium) AND (TeamExp IS Low) AND (Length IS Low),High,0.0,0.0,-197.48056867630117,-0.0,2514.5239505961677,0.0723270440251572,1.0,0.2121212121212121,3192.0
16,all,R11,IF (PointsAjust IS Medium) AND (TeamExp IS Medium) AND (Length IS Medium),Medium,1.052516822475648e-05,1.215596074700214e-05,1361.4653990849404,0.016549919949678138,2514.5239505961677,0.0723270440251572,1.0,0.2121212121212121,3192.0
16,all,R12,IF (PointsAjust IS High) AND (TeamExp IS High) AND (Length IS Low),Medium,0.0,0.0,1361.4653990849404,0.0,2514.5239505961677,0.0723270440251572,1.0,0.2121212121212121,3192.0
16,all,R13,IF (PointsAjust IS High) AND (TeamExp IS Medium) AND (Length IS Low),High,0.0,0.0,-197.48056867630117,-0.0,2514.5239505961677,0.0723270440251572,1.0,0.2121212121212121,3192.0
16,all,R14,IF (PointsAjust IS High) AND (TeamExp IS High) AND (Length IS Medium),High,0.0,0.0,-197.48056867630117,-0.0,2514.5239505961677,0.0723270440251572,1.0,0.2121212121212121,3192.0
16,all,R15,IF (PointsAjust IS Medium) AND (TeamExp IS Low) AND (Length IS Medium),High,0.0,0.0,-197.48056867630117,-0.0,2514.5239505961677,0.0723270440251572,1.0,0.2121212121212121,3192.0
16,all,R16,IF (PointsAjust IS Low) AND (TeamExp IS Low) AND (Length IS High),High,0.0,0.0,-197.48056867630117,-0.0,2514.5239505961677,0.0723270440251572,1.0,0.2121212121212121,3192.0
16,all,R17,IF (PointsAjust IS Medium) AND (TeamExp IS High) AND (Length IS High),High,0.0,0.0,-197.48056867630117,-0.0,2514.5239505961677,0.0723270440251572,1.0,0.2121212121212121,3192.0
16,all,R18,IF (PointsAjust IS High) AND (TeamExp IS Medium) AND (Length IS Medium),Very_High,0.0,0.0,-1416.551965440681,-0.0,2514.5239505961677,0.0723270440251572,1.0,0.2121212121212121,3192.0
16,all,R19,IF (PointsAjust IS Medium) AND (TeamExp IS Low) AND (Length IS High),Very_High,0.0,0.0,-1416.551965440681,-0.0,2514.5239505961677,0.0723270440251572,1.0,0.2121212121212121,3192.0
16,all,R20,IF (PointsAjust IS High) AND (TeamExp IS Low) AND (Length IS High),Very_High,0.0,0.0,-1416.551965440681,-0.0,2514.5239505961677,0.0723270440251572,1.0,0.2121212121212121,3192.0
17,all,R1,IF (PointsAjust IS Low) AND (TeamExp IS High) AND (Length IS Low),Very_Low,0.0,0.0,7641.980096060063,0.0,5256.39156402674,0.4150943396226415,1.0,0.3939393939393939,3437.0
17,all,R2,IF (PointsAjust IS Low) AND (TeamExp IS Medium) AND (Length IS Low),Low,0.0,0.0,5003.95392800495,0.0,5256.39156402674,0.4150943396226415,1.0,0.3939393939393939,3437.0
17,all,R3,IF (PointsAjust IS Low) AND (TeamExp IS High) AND (Length IS Medium),Low,0.0,0.0,5003.95392800495,0.0,5256.39156402674,0.4150943396226415,1.0,0.3939393939393939,3437.0
17,all,R4,IF (PointsAjust IS Medium) AND (TeamExp IS High) AND (Length IS Low),Low,0.0,0.0,5003.95392800495,0.0,5256.39156402674,0.4150943396226415,1.0,0.3939393939393939,3437.0
17,all,R5,IF (PointsAjust IS Low) AND (TeamExp IS Low) AND (Length IS Low),Medium,0.0,0.0,5256.39156402674,0.0,5256.39156402674,0.4150943396226415,1.0,0.3939393939393939,3437.0
17,all,R6,IF (PointsAjust IS Medium) AND (TeamExp IS Medium) AND (Length IS Low),Medium,0.0,0.0,5256.39156402674,0.0,5256.39156402674,0.4150943396226415,1.0,0.3939393939393939,3437.0
17,all,R7,IF (PointsAjust IS Low) AND (TeamExp IS Medium) AND (Length IS Medium),Medium,0.0,0.0,5256.39156402674,0.0,5256.39156402674,0.4150943396226415,1.0,0.3939393939393939,3437.0
17,all,R8,IF (PointsAjust IS Medium) AND (TeamExp IS High) AND (Length IS Medium),Medium,0.6635348835062584,0.9961489676440697,5256.39156402674,5236.149030038234,5256.39156402674,0.4150943396226415,1.0,0.3939393939393939,3437.0
17,all,R9,IF (PointsAjust IS Low) AND (TeamExp IS Low) AND (Length IS Medium),High,0.0,0.0,3725.8155118116797,0.0,5256.39156402674,0.4150943396226415,1.0,0.3939393939393939,3437.0
17,all,R10,IF (PointsAjust IS Medium) AND (TeamExp IS Low) AND (Length IS Low),High,0.0,0.0,3725.8155118116797,0.0,5256.39156402674,0.4150943396226415,1.0,0.3939393939393939,3437.0
17,all,R11,IF (PointsAjust IS Medium) AND (TeamExp IS Medium) AND (Length IS Medium),Medium,0.0025651728693895878,0.003851032355930255,5256.39156402674,20.242533988505816,5256.39156402674,0.4150943396226415,1.0,0.3939393939393939,3437.0
17,all,R12,IF (PointsAjust IS High) AND (TeamExp IS High) AND (Length IS Low),Medium,0.0,0.0,5256.39156402674,0.0,5256.39156402674,0.4150943396226415,1.0,0.3939393939393939,3437.0
17,all,R13,IF (PointsAjust IS High) AND (TeamExp IS Medium) AND (Length IS Low),High,0.0,0.0,3725.8155118116797,0.0,5256.39156402674,0.4150943396226415,1.0,0.3939393939393939,3437.0
17,all,R14,IF (PointsAjust IS High) AND (TeamExp IS High) AND (Length IS Medium),High,0.0,0.0,3725.8155118116797,0.0,5256.39156402674,0.4150943396226415,1.0,0.3939393939393939,3437.0
17,all,R15,IF (PointsAjust IS Medium) AND (TeamExp IS Low) AND (Length IS Medium),High,0.0,0.0,3725.8155118116797,0.0,5256.39156402674,0.4150943396226415,1.0,0.3939393939393939,3437.0
17,all,R16,IF (PointsAjust IS Low) AND (TeamExp IS Low) AND (Length IS High),High,0.0,0.0,3725.8155118116797,0.0,5256.39156402674,0.4150943396226415,1.0,0.3939393939393939,3437.0
17,all,R17,IF (PointsAjust IS Medium) AND (TeamExp IS High) AND (Length IS High),High,0.0,0.0,3725.8155118116797,0.0,5256.39156402674,0.4150943396226415,1.0,0.3939393939393939,3437.0
17,all,R18,IF (PointsAjust IS High) AND (TeamExp IS Medium) AND (Length IS Medium),Very_High,0.0,0.0,-519.0514709993162,-0.0,5256.39156402674,0.4150943396226415,1.0,0.3939393939393939,3437.0
17,all,R19,IF (PointsAjust IS Medium) AND (TeamExp IS Low) AND (Length IS High),Very_High,0.0,0.0,-519.0514709993162,-0.0,5256.39156402674,0.4150943396226415,1.0,0.3939393939393939,3437.0
17,all,R20,IF (PointsAjust IS High) AND (TeamExp IS Low) AND (Length IS High),Very_High,0.0,0.0,-519.0514709993162,-0.0,5256.39156402674,0.4150943396226415,1.0,0.3939393939393939,3437.0
18,all,R1,IF (PointsAjust IS Low) AND (TeamExp IS High) AND (Length IS Low),Very_Low,0.0,0.0,7822.672290043386,0.0,5663.515309229093,0.4371069182389937,0.8,0.3939393939393939,4494.0
18,all,R2,IF (PointsAjust IS Low) AND (TeamExp IS Medium) AND (Length IS Low),Low,0.0,0.0,4876.636978933257,0.0,5663.515309229093,0.4371069182389937,0.8,0.3939393939393939,4494.0
18,all,R3,IF (PointsAjust IS Low) AND (TeamExp IS High) AND (Length IS Medium),Low,0.0,0.0,4876.636978933257,0.0,5663.515309229093,0.4371069182389937,0.8,0.3939393939393939,4494.0
18,all,R4,IF (PointsAjust IS Medium) AND (TeamExp IS High) AND (Length IS Low),Low,0.0,0.0,4876.636978933257,0.0,5663.515309229093,0.4371069182389937,0.8,0.3939393939393939,4494.0
18,all,R5,IF (PointsAjust IS Low) AND (TeamExp IS Low) AND (Length IS Low),Medium,0.0,0.0,5663.515309229092,0.0,5663.515309229093,0.4371069182389937,0.8,0.3939393939393939,4494.0
18,all,R6,IF (PointsAjust IS Medium) AND (TeamExp IS Medium) AND (Length IS Low),Medium,0.0,0.0,5663.515309229092,0.0,5663.515309229093,0.4371069182389937,0.8,0.3939393939393939,4494.0
18,all,R7,IF (PointsAjust IS Low) AND (TeamExp IS Medium) AND (Length IS Medium),Medium,0.0,0.0,5663.515309229092,0.0,5663.515309229093,0.4371069182389937,0.8,0.3939393939393939,4494.0
18,all,R8,IF (PointsAjust IS Medium) AND (TeamExp IS High) AND (Length IS Medium),Medium,0.3566420875703638,0.7869860421615987,5663.515309229092,4457.107497931826,5663.515309229093,0.4371069182389937,0.8,0.3939393939393939,4494.0
18,all,R9,IF (PointsAjust IS Low) AND (TeamExp IS Low) AND (Length IS Medium),High,0.0,0.0,4274.520697438203,0.0,5663.515309229093,0.4371069182389937,0.8,0.3939393939393939,4494.0
18,all,R10,IF (PointsAjust IS Medium) AND (TeamExp IS Low) AND (Length IS Low),High,0.0,0.0,4274.520697438203,0.0,5663.515309229093,0.4371069182389937,0.8,0.3939393939393939,4494.0
18,all,R11,IF (PointsAjust IS Medium) AND (TeamExp IS Medium) AND (Length IS Medium),Medium,0.09653251587086395,0.21301395783840138,5663.515309229092,1206.4078112972666,5663.515309229093,0.4371069182389937,0.8,0.3939393939393939,4494.0
18,all,R12,IF (PointsAjust IS High) AND (TeamExp IS High) AND (Length IS Low),Medium,0.0,0.0,5663.515309229092,0.0,5663.515309229093,0.4371069182389937,0.8,0.3939393939393939,4494.0
18,all,R13,IF (PointsAjust IS High) AND (TeamExp IS Medium) AND (Length IS Low),High,0.0,0.0,4274.520697438203,0.0,5663.515309229093,0.4371069182389937,0.8,0.3939393939393939,4494.0
18,all,R14,IF (PointsAjust IS High) AND (TeamExp IS High) AND (Length IS Medium),High,0.0,0.0,4274.520697438203,0.0,5663.515309229093,0.4371069182389937,0.8,0.3939393939393939,4494.0
18,all,R15,IF (PointsAjust IS Medium) AND (TeamExp IS Low) AND (Length IS Medium),High,0.0,0.0,4274.520697438203,0.0,5663.515309229093,0.4371069182389937,0.8,0.3939393939393939,4494.0
18,all,R16,IF (PointsAjust IS Low) AND (TeamExp IS Low) AND (Length IS High),High,0.0,0.0,4274.520697438203,0.0,5663.515309229093,0.4371069182389937,0.8,0.3939393939393939,4494.0
18,all,R17,IF (PointsAjust IS Medium) AND (TeamExp IS High) AND (Length IS High),High,0.0,0.0,4274.520697438203,0.0,5663.515309229093,0.4371069182389937,0.8,0.3939393939393939,4494.0
18,all,R18,IF (PointsAjust IS High) AND (TeamExp IS Medium) AND (Length IS Medium),Very_High,0.0,0.0,-340.2364559340426,-0.0,5663.515309229093,0.4371069182389937,0.8,0.3939393939393939,4494.0
18,all,R19,IF (PointsAjust IS Medium) AND (TeamExp IS Low) AND (Length IS High),Very_High,0.0,0.0,-340.2364559340426,-0.0,5663.515309229093,0.4371069182389937,0.8,0.3939393939393939,4494.0
18,all,R20,IF (PointsAjust IS High) AND (TeamExp IS Low) AND (Length IS High),Very_High,0.0,0.0,-340.2364559340426,-0.0,5663.515309229093,0.4371069182389937,0.8,0.3939393939393939,4494.0
19,all,R1,IF (PointsAjust IS Low) AND (TeamExp IS High) AND (Length IS Low),Very_Low,1.0,0.9484815337751292,1593.8592654622237,1511.7460807273108,1615.7153081919628,0.0377358490566037,1.0,0.1212121212121212,840.0
19,all,R2,IF (PointsAjust IS Low) AND (TeamExp IS Medium) AND (Length IS Low),Low,0.0038659201394728076,0.00366675386333933,2036.6401739698904,7.467858226136181,1615.7153081919628,0.0377358490566037,1.0,0.1212121212121212,840.0
19,all,R3,IF (PointsAjust IS Low) AND (TeamExp IS High) AND (Length IS Medium),Low,0.041235730300983486,0.039111328722214386,2036.6401739698904,79.65570333300428,1615.7153081919628,0.0377358490566037,1.0,0.1212121212121212,840.0
19,all,R4,IF (PointsAjust IS Medium) AND (TeamExp IS High) AND (Length IS Low),Low,0.008663595568208346,0.008217260412541665,2036.6401739698904,16.73560267615475,1615.7153081919628,0.0377358490566037,1.0,0.1212121212121212,840.0
19,all,R5,IF (PointsAjust IS Low) AND (TeamExp IS Low) AND (Length IS Low),Medium,0.0,0.0,210.39637263897032,0.0,1615.7153081919628,0.0377358490566037,1.0,0.1212121212121212,840.0
19,all,R6,IF (PointsAjust IS Medium) AND (TeamExp IS Medium) AND (Length IS Low),Medium,3.349276858738401e-05,3.1767272520137454e-05,210.39637263897032,0.006683718906870561,1615.7153081919628,0.0377358490566037,1.0,0.1212121212121212,840.0
19,all,R7,IF (PointsAjust IS Low) AND (TeamExp IS Medium) AND (Length IS Medium),Medium,0.00015941404023644116,0.00015120127338874988,210.39637263897032,0.031812199459386244,1615.7153081919628,0.0377358490566037,1.0,0.1212121212121212,840.0
19,all,R8,IF (PointsAjust IS Medium) AND (TeamExp IS High) AND (Length IS Medium),Medium,0.00035724969028743514,0.0003388447341845164,210.39637263897032,0.07129170296023836,1615.7153081919628,0.0377358490566037,1.0,0.1212121212121212,840.0
19,all,R9,IF (PointsAjust IS Low) AND (TeamExp IS Low) AND (Length IS Medium),High,0.0,0.0,-575.9513873598339,-0.0,1615.7153081919628,0.0377358490566037,1.0,0.1212121212121212,840.0
19,all,R10,IF (PointsAjust IS Medium) AND (TeamExp IS Low) AND (Length IS Low),High,0.0,0.0,-575.9513873598339,-0.0,1615.7153081919628,0.0377358490566037,1.0,0.1212121212121212,840.0
19,all,R11,IF (PointsAjust IS Medium) AND (TeamExp IS Medium) AND (Length IS Medium),Medium,1.3810987725026185e-06,1.309946682038232e-06,210.39637263897032,0.00027560803025129864,1615.7153081919628,0.0377358490566037,1.0,0.1212121212121212,840.0
19,all,R12,IF (PointsAjust IS High) AND (TeamExp IS High) AND (Length IS Low),Medium,0.0,0.0,210.39637263897032,0.0,1615.7153081919628,0.0377358490566037,1.0,0.1212121212121212,840.0
19,all,R13,IF (PointsAjust IS High) AND (TeamExp IS Medium) AND (Length IS Low),High,0.0,0.0,-575.9513873598339,-0.0,1615.7153081919628,0.0377358490566037,1.0,0.1212121212121212,840.0
19,all,R14,IF (PointsAjust IS High) AND (TeamExp IS High) AND (Length IS Medium),High,0.0,0.0,-575.9513873598339,-0.0,1615.7153081919628,0.0377358490566037,1.0,0.1212121212121212,840.0
19,all,R15,IF (PointsAjust IS Medium) AND (TeamExp IS Low) AND (Length IS Medium),High,0.0,0.0,-575.9513873598339,-0.0,1615.7153081919628,0.0377358490566037,1.0,0.1212121212121212,840.0
19,all,R16,IF (PointsAjust IS Low) AND (TeamExp IS Low) AND (Length IS High),High,0.0,0.0,-575.9513873598339,-0.0,1615.7153081919628,0.0377358490566037,1.0,0.1212121212121212,840.0
19,all,R17,IF (PointsAjust IS Medium) AND (TeamExp IS High) AND (Length IS High),High,0.0,0.0,-575.9513873598339,-0.0,1615.7153081919628,0.0377358490566037,1.0,0.1212121212121212,840.0
19,all,R18,IF (PointsAjust IS High) AND (TeamExp IS Medium) AND (Length IS Medium),Very_High,0.0,0.0,-1735.6649747438332,-0.0,1615.7153081919628,0.0377358490566037,1.0,0.1212121212121212,840.0
19,all,R19,IF (PointsAjust IS Medium) AND (TeamExp IS Low) AND (Length IS High),Very_High,0.0,0.0,-1735.6649747438332,-0.0,1615.7153081919628,0.0377358490566037,1.0,0.1212121212121212,840.0
19,all,R20,IF (PointsAjust IS High) AND (TeamExp IS Low) AND (Length IS High),Very_High,0.0,0.0,-1735.6649747438332,-0.0,1615.7153081919628,0.0377358490566037,1.0,0.1212121212121212,840.0
20,all,R1,IF (PointsAjust IS Low) AND (TeamExp IS High) AND (Length IS Low),Very_Low,0.0,0.0,6795.141310703919,0.0,6430.640240767072,0.3034591194968553,0.6,0.5151515151515151,5180.0
20,all,R2,IF (PointsAjust IS Low) AND (TeamExp IS Medium) AND (Length IS Low),Low,0.0,0.0,4383.686719518151,0.0,6430.640240767072,0.3034591194968553,0.6,0.5151515151515151,5180.0
20,all,R3,IF (PointsAjust IS Low) AND (TeamExp IS High) AND (Length IS Medium),Low,0.0,0.0,4383.686719518151,0.0,6430.640240767072,0.3034591194968553,0.6,0.5151515151515151,5180.0
20,all,R4,IF (PointsAjust IS Medium) AND (TeamExp IS High) AND (Length IS Low),Low,0.0,0.0,4383.686719518151,0.0,6430.640240767072,0.3034591194968553,0.6,0.5151515151515151,5180.0
20,all,R5,IF (PointsAjust IS Low) AND (TeamExp IS Low) AND (Length IS Low),Medium,0.0,0.0,6430.640240767073,0.0,6430.640240767072,0.3034591194968553,0.6,0.5151515151515151,5180.0
20,all,R6,IF (PointsAjust IS Medium) AND (TeamExp IS Medium) AND (Length IS Low),Medium,0.0,0.0,6430.640240767073,0.0,6430.640240767072,0.3034591194968553,0.6,0.5151515151515151,5180.0
20,all,R7,IF (PointsAjust IS Low) AND (TeamExp IS Medium) AND (Length IS Medium),Medium,0.1853869471498628,0.3544399653604369,6430.640240767073,2279.275904182913,6430.640240767072,0.3034591194968553,0.6,0.5151515151515151,5180.0
20,all,R8,IF (PointsAjust IS Medium) AND (TeamExp IS High) AND (Length IS Medium),Medium,0.0,0.0,6430.640240767073,0.0,6430.640240767072,0.3034591194968553,0.6,0.5151515151515151,5180.0
20,all,R9,IF (PointsAjust IS Low) AND (TeamExp IS Low) AND (Length IS Medium),High,0.0,0.0,2992.515594180022,0.0,6430.640240767072,0.3034591194968553,0.6,0.5151515151515151,5180.0
20,all,R10,IF (PointsAjust IS Medium) AND (TeamExp IS Low) AND (Length IS Low),High,0.0,0.0,2992.515594180022,0.0,6430.640240767072,0.3034591194968553,0.6,0.5151515151515151,5180.0
20,all,R11,IF (PointsAjust IS Medium) AND (TeamExp IS Medium) AND (Length IS Medium),Medium,0.33765493657602913,0.6455600346395631,6430.640240767073,4151.36433658416,6430.640240767072,0.3034591194968553,0.6,0.5151515151515151,5180.0
20,all,R12,IF (PointsAjust IS High) AND (TeamExp IS High) AND (Length IS Low),Medium,0.0,0.0,6430.640240767073,0.0,6430.640240767072,0.3034591194968553,0.6,0.5151515151515151,5180.0
20,all,R13,IF (PointsAjust IS High) AND (TeamExp IS Medium) AND (Length IS Low),High,0.0,0.0,2992.515594180022,0.0,6430.640240767072,0.3034591194968553,0.6,0.5151515151515151,5180.0
20,all,R14,IF (PointsAjust IS High) AND (TeamExp IS High) AND (Length IS Medium),High,0.0,0.0,2992.515594180022,0.0,6430.640240767072,0.3034591194968553,0.6,0.5151515151515151,5180.0
20,all,R15,IF (PointsAjust IS Medium) AND (TeamExp IS Low) AND (Length IS Medium),High,0.0,0.0,2992.515594180022,0.0,6430.640240767072,0.3034591194968553,0.6,0.5151515151515151,5180.0
20,all,R16,IF (PointsAjust IS Low) AND (TeamExp IS Low) AND (Length IS High),High,0.0,0.0,2992.515594180022,0.0,6430.640240767072,0.3034591194968553,0.6,0.5151515151515151,5180.0
20,all,R17,IF (PointsAjust IS Medium) AND (TeamExp IS High) AND (Length IS High),High,0.0,0.0,2992.515594180022,0.0,6430.640240767072,0.3034591194968553,0.6,0.5151515151515151,5180.0
20,all,R18,IF (PointsAjust IS High) AND (TeamExp IS Medium) AND (Length IS Medium),Very_High,0.0,0.0,72.83522824712281,0.0,6430.640240767072,0.3034591194968553,0.6,0.5151515151515151,5180.0
20,all,R19,IF (PointsAjust IS Medium) AND (TeamExp IS Low) AND (Length IS High),Very_High,0.0,0.0,72.83522824712281,0.0,6430.640240767072,0.3034591194968553,0.6,0.5151515151515151,5180.0
20,all,R20,IF (PointsAjust IS High) AND (TeamExp IS Low) AND (Length IS High),Very_High,0.0,0.0,72.83522824712281,0.0,6430.640240767072,0.3034591194968553,0.6,0.5151515151515151,5180.0
21,all,R1,IF (PointsAjust IS Low) AND (TeamExp IS High) AND (Length IS Low),Very_Low,0.0,0.0,8263.80216061672,0.0,4110.118355714924,0.6053459119496856,0.6,0.1212121212121212,5775.0
21,all,R2,IF (PointsAjust IS Low) AND (TeamExp IS Medium) AND (Length IS Low),Low,0.0,0.0,4509.323915736772,0.0,4110.118355714924,0.6053459119496856,0.6,0.1212121212121212,5775.0
21,all,R3,IF (PointsAjust IS Low) AND (TeamExp IS High) AND (Length IS Medium),Low,0.0,0.0,4509.323915736772,0.0,4110.118355714924,0.6053459119496856,0.6,0.1212121212121212,5775.0
21,all,R4,IF (PointsAjust IS Medium) AND (TeamExp IS High) AND (Length IS Low),Low,0.0,0.0,4509.323915736772,0.0,4110.118355714924,0.6053459119496856,0.6,0.1212121212121212,5775.0
21,all,R5,IF (PointsAjust IS Low) AND (TeamExp IS Low) AND (Length IS Low),Medium,0.0,0.0,4072.9107671390952,0.0,4110.118355714924,0.6053459119496856,0.6,0.1212121212121212,5775.0
21,all,R6,IF (PointsAjust IS Medium) AND (TeamExp IS Medium) AND (Length IS Low),Medium,0.6257282315881078,0.944248068202968,4072.9107671390952,3845.8381238341594,4110.118355714924,0.6053459119496856,0.6,0.1212121212121212,5775.0
21,all,R7,IF (PointsAjust IS Low) AND (TeamExp IS Medium) AND (Length IS Medium),Medium,0.0,0.0,4072.9107671390952,0.0,4110.118355714924,0.6053459119496856,0.6,0.1212121212121212,5775.0
21,all,R8,IF (PointsAjust IS Medium) AND (TeamExp IS High) AND (Length IS Medium),Medium,0.0,0.0,4072.9107671390952,0.0,4110.118355714924,0.6053459119496856,0.6,0.1212121212121212,5775.0
21,all,R9,IF (PointsAjust IS Low) AND (TeamExp IS Low) AND (Length IS Medium),High,0.0,0.0,6581.206280210828,0.0,4110.118355714924,0.6053459119496856,0.6,0.1212121212121212,5775.0
21,all,R10,IF (PointsAjust IS Medium) AND (TeamExp IS Low) AND (Length IS Low),High,0.0,0.0,6581.206280210828,0.0,4110.118355714924,0.6053459119496856,0.6,0.1212121212121212,5775.0
21,all,R11,IF (PointsAjust IS Medium) AND (TeamExp IS Medium) AND (Length IS Medium),Medium,0.025802360599478547,0.03893675867764225,4072.9107671390952,158.58594365566572,4110.118355714924,0.6053459119496856,0.6,0.1212121212121212,5775.0
21,all,R12,IF (PointsAjust IS High) AND (TeamExp IS High) AND (Length IS Low),Medium,0.0,0.0,4072.9107671390952,0.0,4110.118355714924,0.6053459119496856,0.6,0.1212121212121212,5775.0
21,all,R13,IF (PointsAjust IS High) AND (TeamExp IS Medium) AND (Length IS Low),High,0.010701679127032923,0.016149247120562416,6581.206280210828,106.281526570522,4110.118355714924,0.6053459119496856,0.6,0.1212121212121212,5775.0
21,all,R14,IF (PointsAjust IS High) AND (TeamExp IS High) AND (Length IS Medium),High,0.0,0.0,6581.206280210828,0.0,4110.118355714924,0.6053459119496856,0.6,0.1212121212121212,5775.0
21,all,R15,IF (PointsAjust IS Medium) AND (TeamExp IS Low) AND (Length IS Medium),High,0.0,0.0,6581.206280210828,0.0,4110.118355714924,0.6053459119496856,0.6,0.1212121212121212,5775.0
21,all,R16,IF (PointsAjust IS Low) AND (TeamExp IS Low) AND (Length IS High),High,0.0,0.0,6581.206280210828,0.0,4110.118355714924,0.6053459119496856,0.6,0.1212121212121212,5775.0
21,all,R17,IF (PointsAjust IS Medium) AND (TeamExp IS High) AND (Length IS High),High,0.0,0.0,6581.206280210828,0.0,4110.118355714924,0.6053459119496856,0.6,0.1212121212121212,5775.0
21,all,R18,IF (PointsAjust IS High) AND (TeamExp IS Medium) AND (Length IS Medium),Very_High,0.000441291554249994,0.000665925998827446,-881.8372408599803,-0.5872383454229215,4110.118355714924,0.6053459119496856,0.6,0.1212121212121212,5775.0
21,all,R19,IF (PointsAjust IS Medium) AND (TeamExp IS Low) AND (Length IS High),Very_High,0.0,0.0,-881.8372408599803,-0.0,4110.118355714924,0.6053459119496856,0.6,0.1212121212121212,5775.0
21,all,R20,IF (PointsAjust IS High) AND (TeamExp IS Low) AND (Length IS High),Very_High,0.0,0.0,-881.8372408599803,-0.0,4110.118355714924,0.6053459119496856,0.6,0.1212121212121212,5775.0
22,all,R1,IF (PointsAjust IS Low) AND (TeamExp IS High) AND (Length IS Low),Very_Low,0.0,0.0,9987.98945718019,0.0,7805.686392926417,0.5267295597484277,1.0,0.5757575757575758,10577.0
22,all,R2,IF (PointsAjust IS Low) AND (TeamExp IS Medium) AND (Length IS Low),Low,0.0,0.0,6253.240364773027,0.0,7805.686392926417,0.5267295597484277,1.0,0.5757575757575758,10577.0
22,all,R3,IF (PointsAjust IS Low) AND (TeamExp IS High) AND (Length IS Medium),Low,0.0,0.0,6253.240364773027,0.0,7805.686392926417,0.5267295597484277,1.0,0.5757575757575758,10577.0
22,all,R4,IF (PointsAjust IS Medium) AND (TeamExp IS High) AND (Length IS Low),Low,0.0,0.0,6253.240364773027,0.0,7805.686392926417,0.5267295597484277,1.0,0.5757575757575758,10577.0
22,all,R5,IF (PointsAjust IS Low) AND (TeamExp IS Low) AND (Length IS Low),Medium,0.0,0.0,7805.686392926418,0.0,7805.686392926417,0.5267295597484277,1.0,0.5757575757575758,10577.0
22,all,R6,IF (PointsAjust IS Medium) AND (TeamExp IS Medium) AND (Length IS Low),Medium,0.0,0.0,7805.686392926418,0.0,7805.686392926417,0.5267295597484277,1.0,0.5757575757575758,10577.0
22,all,R7,IF (PointsAjust IS Low) AND (TeamExp IS Medium) AND (Length IS Medium),Medium,0.0,0.0,7805.686392926418,0.0,7805.686392926417,0.5267295597484277,1.0,0.5757575757575758,10577.0
22,all,R8,IF (PointsAjust IS Medium) AND (TeamExp IS High) AND (Length IS Medium),Medium,0.8663943510765806,0.9961489676440697,7805.686392926418,7775.626442067013,7805.686392926417,0.5267295597484277,1.0,0.5757575757575758,10577.0
22,all,R9,IF (PointsAjust IS Low) AND (TeamExp IS Low) AND (Length IS Medium),High,0.0,0.0,4974.088011042336,0.0,7805.686392926417,0.5267295597484277,1.0,0.5757575757575758,10577.0
22,all,R10,IF (PointsAjust IS Medium) AND (TeamExp IS Low) AND (Length IS Low),High,0.0,0.0,4974.088011042336,0.0,7805.686392926417,0.5267295597484277,1.0,0.5757575757575758,10577.0
22,all,R11,IF (PointsAjust IS Medium) AND (TeamExp IS Medium) AND (Length IS Medium),Medium,0.003349411370552427,0.003851032355930255,7805.686392926418,30.05995085940416,7805.686392926417,0.5267295597484277,1.0,0.5757575757575758,10577.0
22,all,R12,IF (PointsAjust IS High) AND (TeamExp IS High) AND (Length IS Low),Medium,0.0,0.0,7805.686392926418,0.0,7805.686392926417,0.5267295597484277,1.0,0.5757575757575758,10577.0
22,all,R13,IF (PointsAjust IS High) AND (TeamExp IS Medium) AND (Length IS Low),High,0.0,0.0,4974.088011042336,0.0,7805.686392926417,0.5267295597484277,1.0,0.5757575757575758,10577.0
22,all,R14,IF (PointsAjust IS High) AND (TeamExp IS High) AND (Length IS Medium),High,0.0,0.0,4974.088011042336,0.0,7805.686392926417,0.5267295597484277,1.0,0.5757575757575758,10577.0
22,all,R15,IF (PointsAjust IS Medium) AND (TeamExp IS Low) AND (Length IS Medium),High,0.0,0.0,4974.088011042336,0.0,7805.686392926417,0.5267295597484277,1.0,0.5757575757575758,10577.0
22,all,R16,IF (PointsAjust IS Low) AND (TeamExp IS Low) AND (Length IS High),High,0.0,0.0,4974.088011042336,0.0,7805.686392926417,0.5267295597484277,1.0,0.5757575757575758,10577.0
22,all,R17,IF (PointsAjust IS Medium) AND (TeamExp IS High) AND (Length IS High),High,0.0,0.0,4974.088011042336,0.0,7805.686392926417,0.5267295597484277,1.0,0.5757575757575758,10577.0
22,all,R18,IF (PointsAjust IS High) AND (TeamExp IS Medium) AND (Length IS Medium),Very_High,0.0,0.0,159.4067938572564,0.0,7805.686392926417,0.5267295597484277,1.0,0.5757575757575758,10577.0
22,all,R19,IF (PointsAjust IS Medium) AND (TeamExp IS Low) AND (Length IS High),Very_High,0.0,0.0,159.4067938572564,0.0,7805.686392926417,0.5267295597484277,1.0,0.5757575757575758,10577.0
22,all,R20,IF (PointsAjust IS High) AND (TeamExp IS Low) AND (Length IS High),Very_High,0.0,0.0,159.4067938572564,0.0,7805.686392926417,0.5267295597484277,1.0,0.5757575757575758,10577.0
23,all,R1,IF (PointsAjust IS Low) AND (TeamExp IS High) AND (Length IS Low),Very_Low,0.0,0.0,5572.82263490603,0.0,3791.205859192359,0.3474842767295597,0.4,0.2121212121212121,3983.0
23,all,R2,IF (PointsAjust IS Low) AND (TeamExp IS Medium) AND (Length IS Low),Low,0.006943691982602396,0.016794121626116727,3258.0546411426835,54.71616590788431,3791.205859192359,0.3474842767295597,0.4,0.2121212121212121,3983.0
23,all,R3,IF (PointsAjust IS Low) AND (TeamExp IS High) AND (Length IS Medium),Low,0.0,0.0,3258.0546411426835,0.0,3791.205859192359,0.3474842767295597,0.4,0.2121212121212121,3983.0
23,all,R4,IF (PointsAjust IS Medium) AND (TeamExp IS High) AND (Length IS Low),Low,0.0,0.0,3258.0546411426835,0.0,3791.205859192359,0.3474842767295597,0.4,0.2121212121212121,3983.0
23,all,R5,IF (PointsAjust IS Low) AND (TeamExp IS Low) AND (Length IS Low),Medium,0.0,0.0,3800.312605396773,0.0,3791.205859192359,0.3474842767295597,0.4,0.2121212121212121,3983.0
23,all,R6,IF (PointsAjust IS Medium) AND (TeamExp IS Medium) AND (Length IS Low),Medium,0.32920429345608787,0.7962186338324999,3800.312605396773,3025.879710805447,3791.205859192359,0.3474842767295597,0.4,0.2121212121212121,3983.0
23,all,R7,IF (PointsAjust IS Low) AND (TeamExp IS Medium) AND (Length IS Medium),Medium,0.0015970005661700925,0.0038625304538906077,3800.312605396773,14.678823172649397,3791.205859192359,0.3474842767295597,0.4,0.2121212121212121,3983.0
23,all,R8,IF (PointsAjust IS Medium) AND (TeamExp IS High) AND (Length IS Medium),Medium,0.0,0.0,3800.312605396773,0.0,3791.205859192359,0.3474842767295597,0.4,0.2121212121212121,3983.0
23,all,R9,IF (PointsAjust IS Low) AND (TeamExp IS Low) AND (Length IS Medium),High,0.0,0.0,3868.8944188646565,0.0,3791.205859192359,0.3474842767295597,0.4,0.2121212121212121,3983.0
23,all,R10,IF (PointsAjust IS Medium) AND (TeamExp IS Low) AND (Length IS Low),High,0.0,0.0,3868.8944188646565,0.0,3791.205859192359,0.3474842767295597,0.4,0.2121212121212121,3983.0
23,all,R11,IF (PointsAjust IS Medium) AND (TeamExp IS Medium) AND (Length IS Medium),Medium,0.07571468382414596,0.18312471408749284,3800.312605396773,695.9311593063791,3791.205859192359,0.3474842767295597,0.4,0.2121212121212121,3983.0
23,all,R12,IF (PointsAjust IS High) AND (TeamExp IS High) AND (Length IS Low),Medium,0.0,0.0,3800.312605396773,0.0,3791.205859192359,0.3474842767295597,0.4,0.2121212121212121,3983.0
23,all,R13,IF (PointsAjust IS High) AND (TeamExp IS Medium) AND (Length IS Low),High,0.0,0.0,3868.8944188646565,0.0,3791.205859192359,0.3474842767295597,0.4,0.2121212121212121,3983.0
23,all,R14,IF (PointsAjust IS High) AND (TeamExp IS High) AND (Length IS Medium),High,0.0,0.0,3868.8944188646565,0.0,3791.205859192359,0.3474842767295597,0.4,0.2121212121212121,3983.0
23,all,R15,IF (PointsAjust IS Medium) AND (TeamExp IS Low) AND (Length IS Medium),High,0.0,0.0,3868.8944188646565,0.0,3791.205859192359,0.3474842767295597,0.4,0.2121212121212121,3983.0
23,all,R16,IF (PointsAjust IS Low) AND (TeamExp IS Low) AND (Length IS High),High,0.0,0.0,3868.8944188646565,0.0,3791.205859192359,0.3474842767295597,0.4,0.2121212121212121,3983.0
23,all,R17,IF (PointsAjust IS Medium) AND (TeamExp IS High) AND (Length IS High),High,0.0,0.0,3868.8944188646565,0.0,3791.205859192359,0.3474842767295597,0.4,0.2121212121212121,3983.0
23,all,R18,IF (PointsAjust IS High) AND (TeamExp IS Medium) AND (Length IS Medium),Very_High,0.0,0.0,-681.9258553824291,-0.0,3791.205859192359,0.3474842767295597,0.4,0.2121212121212121,3983.0
23,all,R19,IF (PointsAjust IS Medium) AND (TeamExp IS Low) AND (Length IS High),Very_High,0.0,0.0,-681.9258553824291,-0.0,3791.205859192359,0.3474842767295597,0.4,0.2121212121212121,3983.0
23,all,R20,IF (PointsAjust IS High) AND (TeamExp IS Low) AND (Length IS High),Very_High,0.0,0.0,-681.9258553824291,-0.0,3791.205859192359,0.3474842767295597,0.4,0.2121212121212121,3983.0
24,all,R1,IF (PointsAjust IS Low) AND (TeamExp IS High) AND (Length IS Low),Very_Low,0.0,0.0,7338.8661737927805,0.0,5109.928289355489,0.389937106918239,1.0,0.3939393939393939,3164.0
24,all,R2,IF (PointsAjust IS Low) AND (TeamExp IS Medium) AND (Length IS Low),Low,0.0,0.0,4872.911639000253,0.0,5109.928289355489,0.389937106918239,1.0,0.3939393939393939,3164.0
24,all,R3,IF (PointsAjust IS Low) AND (TeamExp IS High) AND (Length IS Medium),Low,0.0,0.0,4872.911639000253,0.0,5109.928289355489,0.389937106918239,1.0,0.3939393939393939,3164.0
24,all,R4,IF (PointsAjust IS Medium) AND (TeamExp IS High) AND (Length IS Low),Low,0.0,0.0,4872.911639000253,0.0,5109.928289355489,0.389937106918239,1.0,0.3939393939393939,3164.0
24,all,R5,IF (PointsAjust IS Low) AND (TeamExp IS Low) AND (Length IS Low),Medium,0.0,0.0,5109.928289355489,0.0,5109.928289355489,0.389937106918239,1.0,0.3939393939393939,3164.0
24,all,R6,IF (PointsAjust IS Medium) AND (TeamExp IS Medium) AND (Length IS Low),Medium,0.0,0.0,5109.928289355489,0.0,5109.928289355489,0.389937106918239,1.0,0.3939393939393939,3164.0
24,all,R7,IF (PointsAjust IS Low) AND (TeamExp IS Medium) AND (Length IS Medium),Medium,0.0,0.0,5109.928289355489,0.0,5109.928289355489,0.389937106918239,1.0,0.3939393939393939,3164.0
24,all,R8,IF (PointsAjust IS Medium) AND (TeamExp IS High) AND (Length IS Medium),Medium,0.5950136416972185,0.9961489676440698,5109.928289355489,5090.249790176698,5109.928289355489,0.389937106918239,1.0,0.3939393939393939,3164.0
24,all,R9,IF (PointsAjust IS Low) AND (TeamExp IS Low) AND (Length IS Medium),High,0.0,0.0,3434.6564825591818,0.0,5109.928289355489,0.389937106918239,1.0,0.3939393939393939,3164.0
24,all,R10,IF (PointsAjust IS Medium) AND (TeamExp IS Low) AND (Length IS Low),High,0.0,0.0,3434.6564825591818,0.0,5109.928289355489,0.389937106918239,1.0,0.3939393939393939,3164.0
24,all,R11,IF (PointsAjust IS Medium) AND (TeamExp IS Medium) AND (Length IS Medium),Medium,0.002300275220698334,0.003851032355930255,5109.928289355489,19.678499178791327,5109.928289355489,0.389937106918239,1.0,0.3939393939393939,3164.0
24,all,R12,IF (PointsAjust IS High) AND (TeamExp IS High) AND (Length IS Low),Medium,0.0,0.0,5109.928289355489,0.0,5109.928289355489,0.389937106918239,1.0,0.3939393939393939,3164.0
24,all,R13,IF (PointsAjust IS High) AND (TeamExp IS Medium) AND (Length IS Low),High,0.0,0.0,3434.6564825591818,0.0,5109.928289355489,0.389937106918239,1.0,0.3939393939393939,3164.0
24,all,R14,IF (PointsAjust IS High) AND (TeamExp IS High) AND (Length IS Medium),High,0.0,0.0,3434.6564825591818,0.0,5109.928289355489,0.389937106918239,1.0,0.3939393939393939,3164.0
24,all,R15,IF (PointsAjust IS Medium) AND (TeamExp IS Low) AND (Length IS Medium),High,0.0,0.0,3434.6564825591818,0.0,5109.928289355489,0.389937106918239,1.0,0.3939393939393939,3164.0
24,all,R16,IF (PointsAjust IS Low) AND (TeamExp IS Low) AND (Length IS High),High,0.0,0.0,3434.6564825591818,0.0,5109.928289355489,0.389937106918239,1.0,0.3939393939393939,3164.0
24,all,R17,IF (PointsAjust IS Medium) AND (TeamExp IS High) AND (Length IS High),High,0.0,0.0,3434.6564825591818,0.0,5109.928289355489,0.389937106918239,1.0,0.3939393939393939,3164.0
24,all,R18,IF (PointsAjust IS High) AND (TeamExp IS Medium) AND (Length IS Medium),Very_High,0.0,0.0,-542.892802110586,-0.0,5109.928289355489,0.389937106918239,1.0,0.3939393939393939,3164.0
24,all,R19,IF (PointsAjust IS Medium) AND (TeamExp IS Low) AND (Length IS High),Very_High,0.0,0.0,-542.892802110586,-0.0,5109.928289355489,0.389937106918239,1.0,0.3939393939393939,3164.0
24,all,R20,IF (PointsAjust IS High) AND (TeamExp IS Low) AND (Length IS High),Very_High,0.0,0.0,-542.892802110586,-0.0,5109.928289355489,0.389937106918239,1.0,0.3939393939393939,3164.0
25,all,R1,IF (PointsAjust IS Low) AND (TeamExp IS High) AND (Length IS Low),Very_Low,0.0,0.0,5873.101996663017,0.0,3153.687561691411,0.3930817610062893,0.6,0.1515151515151515,3542.0
25,all,R2,IF (PointsAjust IS Low) AND (TeamExp IS Medium) AND (Length IS Low),Low,0.0,0.0,3514.9523154779245,0.0,3153.687561691411,0.3930817610062893,0.6,0.1515151515151515,3542.0
25,all,R3,IF (PointsAjust IS Low) AND (TeamExp IS High) AND (Length IS Medium),Low,0.0,0.0,3514.9523154779245,0.0,3153.687561691411,0.3930817610062893,0.6,0.1515151515151515,3542.0
25,all,R4,IF (PointsAjust IS Medium) AND (TeamExp IS High) AND (Length IS Low),Low,0.0,0.0,3514.9523154779245,0.0,3153.687561691411,0.3930817610062893,0.6,0.1515151515151515,3542.0
25,all,R5,IF (PointsAjust IS Low) AND (TeamExp IS Low) AND (Length IS Low),Medium,0.0,0.0,3153.68756169141,0.0,3153.687561691411,0.3930817610062893,0.6,0.1515151515151515,3542.0
25,all,R6,IF (PointsAjust IS Medium) AND (TeamExp IS Medium) AND (Length IS Low),Medium,0.6163992616529187,0.9364994052298106,3153.68756169141,2953.4265258046566,3153.687561691411,0.3930817610062893,0.6,0.1515151515151515,3542.0
25,all,R7,IF (PointsAjust IS Low) AND (TeamExp IS Medium) AND (Length IS Medium),Medium,0.0,0.0,3153.68756169141,0.0,3153.687561691411,0.3930817610062893,0.6,0.1515151515151515,3542.0
25,all,R8,IF (PointsAjust IS Medium) AND (TeamExp IS High) AND (Length IS Medium),Medium,0.0,0.0,3153.68756169141,0.0,3153.687561691411,0.3930817610062893,0.6,0.1515151515151515,3542.0
25,all,R9,IF (PointsAjust IS Low) AND (TeamExp IS Low) AND (Length IS Medium),High,0.0,0.0,4117.261022046658,0.0,3153.687561691411,0.3930817610062893,0.6,0.1515151515151515,3542.0
25,all,R10,IF (PointsAjust IS Medium) AND (TeamExp IS Low) AND (Length IS Low),High,0.0,0.0,4117.261022046658,0.0,3153.687561691411,0.3930817610062893,0.6,0.1515151515151515,3542.0
25,all,R11,IF (PointsAjust IS Medium) AND (TeamExp IS Medium) AND (Length IS Medium),Medium,0.04179577639054757,0.06350059477018945,3153.68756169141,200.26103588675306,3153.687561691411,0.3930817610062893,0.6,0.1515151515151515,3542.0
25,all,R12,IF (PointsAjust IS High) AND (TeamExp IS High) AND (Length IS Low),Medium,0.0,0.0,3153.68756169141,0.0,3153.687561691411,0.3930817610062893,0.6,0.1515151515151515,3542.0
25,all,R13,IF (PointsAjust IS High) AND (TeamExp IS Medium) AND (Length IS Low),High,0.0,0.0,4117.261022046658,0.0,3153.687561691411,0.3930817610062893,0.6,0.1515151515151515,3542.0
25,all,R14,IF (PointsAjust IS High) AND (TeamExp IS High) AND (Length IS Medium),High,0.0,0.0,4117.261022046658,0.0,3153.687561691411,0.3930817610062893,0.6,0.1515151515151515,3542.0
25,all,R15,IF (PointsAjust IS Medium) AND (TeamExp IS Low) AND (Length IS Medium),High,0.0,0.0,4117.261022046658,0.0,3153.687561691411,0.3930817610062893,0.6,0.1515151515151515,3542.0
25,all,R16,IF (PointsAjust IS Low) AND (TeamExp IS Low) AND (Length IS High),High,0.0,0.0,4117.261022046658,0.0,3153.687561691411,0.3930817610062893,0.6,0.1515151515151515,3542.0
25,all,R17,IF (PointsAjust IS Medium) AND (TeamExp IS High) AND (Length IS High),High,0.0,0.0,4117.261022046658,0.0,3153.687561691411,0.3930817610062893,0.6,0.1515151515151515,3542.0
25,all,R18,IF (PointsAjust IS High) AND (TeamExp IS Medium) AND (Length IS Medium),Very_High,0.0,0.0,-987.5547457696018,-0.0,3153.687561691411,0.3930817610062893,0.6,0.1515151515151515,3542.0
25,all,R19,IF (PointsAjust IS Medium) AND (TeamExp IS Low) AND (Length IS High),Very_High,0.0,0.0,-987.5547457696018,-0.0,3153.687561691411,0.3930817610062893,0.6,0.1515151515151515,3542.0
25,all,R20,IF (PointsAjust IS High) AND (TeamExp IS Low) AND (Length IS High),Very_High,0.0,0.0,-987.5547457696018,-0.0,3153.687561691411,0.3930817610062893,0.6,0.1515151515151515,3542.0
26,all,R1,IF (PointsAjust IS Low) AND (TeamExp IS High) AND (Length IS Low),Very_Low,0.0,0.0,10683.309931440881,0.0,6631.591973753512,0.6745283018867925,0.8,0.3939393939393939,4277.0
26,all,R2,IF (PointsAjust IS Low) AND (TeamExp IS Medium) AND (Length IS Low),Low,0.0,0.0,6113.348581415089,0.0,6631.591973753512,0.6745283018867925,0.8,0.3939393939393939,4277.0
26,all,R3,IF (PointsAjust IS Low) AND (TeamExp IS High) AND (Length IS Medium),Low,0.0,0.0,6113.348581415089,0.0,6631.591973753512,0.6745283018867925,0.8,0.3939393939393939,4277.0
26,all,R4,IF (PointsAjust IS Medium) AND (TeamExp IS High) AND (Length IS Low),Low,0.0,0.0,6113.348581415089,0.0,6631.591973753512,0.6745283018867925,0.8,0.3939393939393939,4277.0
26,all,R5,IF (PointsAjust IS Low) AND (TeamExp IS Low) AND (Length IS Low),Medium,0.0,0.0,7045.762463939028,0.0,6631.591973753512,0.6745283018867925,0.8,0.3939393939393939,4277.0
26,all,R6,IF (PointsAjust IS Medium) AND (TeamExp IS Medium) AND (Length IS Low),Medium,0.0,0.0,7045.762463939028,0.0,6631.591973753512,0.6745283018867925,0.8,0.3939393939393939,4277.0
26,all,R7,IF (PointsAjust IS Low) AND (TeamExp IS Medium) AND (Length IS Medium),Medium,0.0,0.0,7045.762463939028,0.0,6631.591973753512,0.6745283018867925,0.8,0.3939393939393939,4277.0
26,all,R8,IF (PointsAjust IS Medium) AND (TeamExp IS High) AND (Length IS Medium),Medium,0.19789604531227367,0.5758576211458017,7045.762463939028,4057.3560116423114,6631.591973753512,0.6745283018867925,0.8,0.3939393939393939,4277.0
26,all,R9,IF (PointsAjust IS Low) AND (TeamExp IS Low) AND (Length IS Medium),High,0.0,0.0,7022.334036008653,0.0,6631.591973753512,0.6745283018867925,0.8,0.3939393939393939,4277.0
26,all,R10,IF (PointsAjust IS Medium) AND (TeamExp IS Low) AND (Length IS Low),High,0.0,0.0,7022.334036008653,0.0,6631.591973753512,0.6745283018867925,0.8,0.3939393939393939,4277.0
26,all,R11,IF (PointsAjust IS Medium) AND (TeamExp IS Medium) AND (Length IS Medium),Medium,0.05356463468748416,0.15586770852345808,7045.762463939028,1098.2068500547703,6631.591973753512,0.6745283018867925,0.8,0.3939393939393939,4277.0
26,all,R12,IF (PointsAjust IS High) AND (TeamExp IS High) AND (Length IS Low),Medium,0.0,0.0,7045.762463939028,0.0,6631.591973753512,0.6745283018867925,0.8,0.3939393939393939,4277.0
26,all,R13,IF (PointsAjust IS High) AND (TeamExp IS Medium) AND (Length IS Low),High,0.0,0.0,7022.334036008653,0.0,6631.591973753512,0.6745283018867925,0.8,0.3939393939393939,4277.0
26,all,R14,IF (PointsAjust IS High) AND (TeamExp IS High) AND (Length IS Medium),High,0.07255522552417906,0.2111284210157968,7022.334036008653,1482.6142968679944,6631.591973753512,0.6745283018867925,0.8,0.3939393939393939,4277.0
26,all,R15,IF (PointsAjust IS Medium) AND (TeamExp IS Low) AND (Length IS Medium),High,0.0,0.0,7022.334036008653,0.0,6631.591973753512,0.6745283018867925,0.8,0.3939393939393939,4277.0
26,all,R16,IF (PointsAjust IS Low) AND (TeamExp IS Low) AND (Length IS High),High,0.0,0.0,7022.334036008653,0.0,6631.591973753512,0.6745283018867925,0.8,0.3939393939393939,4277.0
26,all,R17,IF (PointsAjust IS Medium) AND (TeamExp IS High) AND (Length IS High),High,0.0,0.0,7022.334036008653,0.0,6631.591973753512,0.6745283018867925,0.8,0.3939393939393939,4277.0
26,all,R18,IF (PointsAjust IS High) AND (TeamExp IS Medium) AND (Length IS Medium),Very_High,0.01963856399322215,0.0571462493149433,-115.23389357143242,-6.5851848115647185,6631.591973753512,0.6745283018867925,0.8,0.3939393939393939,4277.0
26,all,R19,IF (PointsAjust IS Medium) AND (TeamExp IS Low) AND (Length IS High),Very_High,0.0,0.0,-115.23389357143242,-0.0,6631.591973753512,0.6745283018867925,0.8,0.3939393939393939,4277.0
26,all,R20,IF (PointsAjust IS High) AND (TeamExp IS Low) AND (Length IS High),Very_High,0.0,0.0,-115.23389357143242,-0.0,6631.591973753512,0.6745283018867925,0.8,0.3939393939393939,4277.0
27,all,R1,IF (PointsAjust IS Low) AND (TeamExp IS High) AND (Length IS Low),Very_Low,0.0,0.0,6782.116137485648,0.0,5153.93663299242,0.3160377358490566,1.0,0.4545454545454545,7252.0
27,all,R2,IF (PointsAjust IS Low) AND (TeamExp IS Medium) AND (Length IS Low),Low,0.0,0.0,4710.570341485531,0.0,5153.93663299242,0.3160377358490566,1.0,0.4545454545454545,7252.0
27,all,R3,IF (PointsAjust IS Low) AND (TeamExp IS High) AND (Length IS Medium),Low,0.1621909363238401,0.2638088335868884,4710.570341485531,1242.6900673162884,5153.93663299242,0.3160377358490566,1.0,0.4545454545454545,7252.0
27,all,R4,IF (PointsAjust IS Medium) AND (TeamExp IS High) AND (Length IS Low),Low,0.0,0.0,4710.570341485531,0.0,5153.93663299242,0.3160377358490566,1.0,0.4545454545454545,7252.0
27,all,R5,IF (PointsAjust IS Low) AND (TeamExp IS Low) AND (Length IS Low),Medium,0.0,0.0,5312.813769190687,0.0,5153.93663299242,0.3160377358490566,1.0,0.4545454545454545,7252.0
27,all,R6,IF (PointsAjust IS Medium) AND (TeamExp IS Medium) AND (Length IS Low),Medium,0.0,0.0,5312.813769190687,0.0,5153.93663299242,0.3160377358490566,1.0,0.4545454545454545,7252.0
27,all,R7,IF (PointsAjust IS Low) AND (TeamExp IS Medium) AND (Length IS Medium),Medium,0.0006270172071742852,0.0010198638827343823,5312.813769190687,5.418346878891502,5153.93663299242,0.3160377358490566,1.0,0.4545454545454545,7252.0
27,all,R8,IF (PointsAjust IS Medium) AND (TeamExp IS High) AND (Length IS Medium),Medium,0.4502462272975392,0.7323401340571815,5312.813769190687,3890.786747949947,5153.93663299242,0.3160377358490566,1.0,0.4545454545454545,7252.0
27,all,R9,IF (PointsAjust IS Low) AND (TeamExp IS Low) AND (Length IS Medium),High,0.0,0.0,2564.794936437534,0.0,5153.93663299242,0.3160377358490566,1.0,0.4545454545454545,7252.0
27,all,R10,IF (PointsAjust IS Medium) AND (TeamExp IS Low) AND (Length IS Low),High,0.0,0.0,2564.794936437534,0.0,5153.93663299242,0.3160377358490566,1.0,0.4545454545454545,7252.0
27,all,R11,IF (PointsAjust IS Medium) AND (TeamExp IS Medium) AND (Length IS Medium),Medium,0.0017406159578312083,0.0028311684731958733,5312.813769190687,15.04147084729361,5153.93663299242,0.3160377358490566,1.0,0.4545454545454545,7252.0
27,all,R12,IF (PointsAjust IS High) AND (TeamExp IS High) AND (Length IS Low),Medium,0.0,0.0,5312.813769190687,0.0,5153.93663299242,0.3160377358490566,1.0,0.4545454545454545,7252.0
27,all,R13,IF (PointsAjust IS High) AND (TeamExp IS Medium) AND (Length IS Low),High,0.0,0.0,2564.794936437534,0.0,5153.93663299242,0.3160377358490566,1.0,0.4545454545454545,7252.0
27,all,R14,IF (PointsAjust IS High) AND (TeamExp IS High) AND (Length IS Medium),High,0.0,0.0,2564.794936437534,0.0,5153.93663299242,0.3160377358490566,1.0,0.4545454545454545,7252.0
27,all,R15,IF (PointsAjust IS Medium) AND (TeamExp IS Low) AND (Length IS Medium),High,0.0,0.0,2564.794936437534,0.0,5153.93663299242,0.3160377358490566,1.0,0.4545454545454545,7252.0
27,all,R16,IF (PointsAjust IS Low) AND (TeamExp IS Low) AND (Length IS High),High,0.0,0.0,2564.794936437534,0.0,5153.93663299242,0.3160377358490566,1.0,0.4545454545454545,7252.0
27,all,R17,IF (PointsAjust IS Medium) AND (TeamExp IS High) AND (Length IS High),High,0.0,0.0,2564.794936437534,0.0,5153.93663299242,0.3160377358490566,1.0,0.4545454545454545,7252.0
27,all,R18,IF (PointsAjust IS High) AND (TeamExp IS Medium) AND (Length IS Medium),Very_High,0.0,0.0,-422.03925956650437,-0.0,5153.93663299242,0.3160377358490566,1.0,0.4545454545454545,7252.0
27,all,R19,IF (PointsAjust IS Medium) AND (TeamExp IS Low) AND (Length IS High),Very_High,0.0,0.0,-422.03925956650437,-0.0,5153.93663299242,0.3160377358490566,1.0,0.4545454545454545,7252.0
27,all,R20,IF (PointsAjust IS High) AND (TeamExp IS Low) AND (Length IS High),Very_High,0.0,0.0,-422.03925956650437,-0.0,5153.93663299242,0.3160377358490566,1.0,0.4545454545454545,7252.0
28,all,R1,IF (PointsAjust IS Low) AND (TeamExp IS High) AND (Length IS Low),Very_Low,0.0,0.0,10199.503815190275,0.0,6462.277205696606,0.6273584905660378,1.0,0.3939393939393939,3948.0
28,all,R2,IF (PointsAjust IS Low) AND (TeamExp IS Medium) AND (Length IS Low),Low,0.0,0.0,6109.623241482085,0.0,6462.277205696606,0.6273584905660378,1.0,0.3939393939393939,3948.0
28,all,R3,IF (PointsAjust IS Low) AND (TeamExp IS High) AND (Length IS Medium),Low,0.0,0.0,6109.623241482085,0.0,6462.277205696606,0.6273584905660378,1.0,0.3939393939393939,3948.0
28,all,R4,IF (PointsAjust IS Medium) AND (TeamExp IS High) AND (Length IS Low),Low,0.0,0.0,6109.623241482085,0.0,6462.277205696606,0.6273584905660378,1.0,0.3939393939393939,3948.0
28,all,R5,IF (PointsAjust IS Low) AND (TeamExp IS Low) AND (Length IS Low),Medium,0.0,0.0,6492.175444065425,0.0,6462.277205696606,0.6273584905660378,1.0,0.3939393939393939,3948.0
28,all,R6,IF (PointsAjust IS Medium) AND (TeamExp IS Medium) AND (Length IS Low),Medium,0.0,0.0,6492.175444065425,0.0,6462.277205696606,0.6273584905660378,1.0,0.3939393939393939,3948.0
28,all,R7,IF (PointsAjust IS Low) AND (TeamExp IS Medium) AND (Length IS Medium),Medium,0.0,0.0,6492.175444065425,0.0,6462.277205696606,0.6273584905660378,1.0,0.3939393939393939,3948.0
28,all,R8,IF (PointsAjust IS Medium) AND (TeamExp IS High) AND (Length IS Medium),Medium,0.5431210527762704,0.9071747990795879,6492.175444065425,5889.537954059486,6462.277205696606,0.6273584905660378,1.0,0.3939393939393939,3948.0
28,all,R9,IF (PointsAjust IS Low) AND (TeamExp IS Low) AND (Length IS Medium),High,0.0,0.0,6182.469821129633,0.0,6462.277205696606,0.6273584905660378,1.0,0.3939393939393939,3948.0
28,all,R10,IF (PointsAjust IS Medium) AND (TeamExp IS Low) AND (Length IS Low),High,0.0,0.0,6182.469821129633,0.0,6462.277205696606,0.6273584905660378,1.0,0.3939393939393939,3948.0
28,all,R11,IF (PointsAjust IS Medium) AND (TeamExp IS Medium) AND (Length IS Medium),Medium,0.0020996626160994574,0.0035070653257839764,6492.175444065425,22.76848338878804,6462.277205696606,0.6273584905660378,1.0,0.3939393939393939,3948.0
28,all,R12,IF (PointsAjust IS High) AND (TeamExp IS High) AND (Length IS Low),Medium,0.0,0.0,6492.175444065425,0.0,6462.277205696606,0.6273584905660378,1.0,0.3939393939393939,3948.0
28,all,R13,IF (PointsAjust IS High) AND (TeamExp IS Medium) AND (Length IS Low),High,0.0,0.0,6182.469821129633,0.0,6462.277205696606,0.6273584905660378,1.0,0.3939393939393939,3948.0
28,all,R14,IF (PointsAjust IS High) AND (TeamExp IS High) AND (Length IS Medium),High,0.053268393422815065,0.08897416856448179,6182.469821129633,550.0801120100095,6462.277205696606,0.6273584905660378,1.0,0.3939393939393939,3948.0
28,all,R15,IF (PointsAjust IS Medium) AND (TeamExp IS Low) AND (Length IS Medium),High,0.0,0.0,6182.469821129633,0.0,6462.277205696606,0.6273584905660378,1.0,0.3939393939393939,3948.0
28,all,R16,IF (PointsAjust IS Low) AND (TeamExp IS Low) AND (Length IS High),High,0.0,0.0,6182.469821129633,0.0,6462.277205696606,0.6273584905660378,1.0,0.3939393939393939,3948.0
28,all,R17,IF (PointsAjust IS Medium) AND (TeamExp IS High) AND (Length IS High),High,0.0,0.0,6182.469821129633,0.0,6462.277205696606,0.6273584905660378,1.0,0.3939393939393939,3948.0
28,all,R18,IF (PointsAjust IS High) AND (TeamExp IS Medium) AND (Length IS Medium),Very_High,0.00020593135493062159,0.0003439670301462785,-317.890239747976,-0.10934376167859977,6462.277205696606,0.6273584905660378,1.0,0.3939393939393939,3948.0
28,all,R19,IF (PointsAjust IS Medium) AND (TeamExp IS Low) AND (Length IS High),Very_High,0.0,0.0,-317.890239747976,-0.0,6462.277205696606,0.6273584905660378,1.0,0.3939393939393939,3948.0
28,all,R20,IF (PointsAjust IS High) AND (TeamExp IS Low) AND (Length IS High),Very_High,0.0,0.0,-317.890239747976,-0.0,6462.277205696606,0.6273584905660378,1.0,0.3939393939393939,3948.0
29,all,R1,IF (PointsAjust IS Low) AND (TeamExp IS High) AND (Length IS Low),Very_Low,0.7380765199161426,0.787222034447218,3730.9233153760797,2937.0650426969173,3559.0885101340054,0.2012578616352201,1.0,0.1515151515151515,3927.0
29,all,R2,IF (PointsAjust IS Low) AND (TeamExp IS Medium) AND (Length IS Low),Low,0.0028533448828158186,0.0030433375172062562,2999.7127657187134,9.129138400754302,3559.0885101340054,0.2012578616352201,1.0,0.1515151515151515,3927.0
29,all,R3,IF (PointsAjust IS Low) AND (TeamExp IS High) AND (Length IS Medium),Low,0.05004626563439777,0.053378642980910294,2999.7127657187134,160.12059676657822,3559.0885101340054,0.2012578616352201,1.0,0.1515151515151515,3927.0
29,all,R4,IF (PointsAjust IS Medium) AND (TeamExp IS High) AND (Length IS Low),Low,0.1365767882471213,0.14567088127174307,2999.7127657187134,436.97080214434277,3559.0885101340054,0.2012578616352201,1.0,0.1515151515151515,3927.0
29,all,R5,IF (PointsAjust IS Low) AND (TeamExp IS Low) AND (Length IS Low),Medium,0.0,0.0,1478.9683325931046,0.0,3559.0885101340054,0.2012578616352201,1.0,0.1515151515151515,3927.0
29,all,R6,IF (PointsAjust IS Medium) AND (TeamExp IS Medium) AND (Length IS Low),Medium,0.0005279949562690592,0.0005631519936431837,1478.9683325931046,0.832883965034942,3559.0885101340054,0.2012578616352201,1.0,0.1515151515151515,3927.0
29,all,R7,IF (PointsAjust IS Low) AND (TeamExp IS Medium) AND (Length IS Medium),Medium,0.00019347486622142422,0.00020635757091762996,1478.9683325931046,0.3051963125780105,3559.0885101340054,0.2012578616352201,1.0,0.1515151515151515,3927.0
29,all,R8,IF (PointsAjust IS Medium) AND (TeamExp IS High) AND (Length IS Medium),Medium,0.009260771803016998,0.009877408944198314,1478.9683325931046,14.608375036541199,3559.0885101340054,0.2012578616352201,1.0,0.1515151515151515,3927.0
29,all,R9,IF (PointsAjust IS Low) AND (TeamExp IS Low) AND (Length IS Medium),High,0.0,0.0,1309.2913539351866,0.0,3559.0885101340054,0.2012578616352201,1.0,0.1515151515151515,3927.0
29,all,R10,IF (PointsAjust IS Medium) AND (TeamExp IS Low) AND (Length IS Low),High,0.0,0.0,1309.2913539351866,0.0,3559.0885101340054,0.2012578616352201,1.0,0.1515151515151515,3927.0
29,all,R11,IF (PointsAjust IS Medium) AND (TeamExp IS Medium) AND (Length IS Medium),Medium,3.580140422034532e-05,3.818527416318511e-05,1478.9683325931046,0.05647481125873644,3559.0885101340054,0.2012578616352201,1.0,0.1515151515151515,3927.0
29,all,R12,IF (PointsAjust IS High) AND (TeamExp IS High) AND (Length IS Low),Medium,0.0,0.0,1478.9683325931046,0.0,3559.0885101340054,0.2012578616352201,1.0,0.1515151515151515,3927.0
29,all,R13,IF (PointsAjust IS High) AND (TeamExp IS Medium) AND (Length IS Low),High,0.0,0.0,1309.2913539351866,0.0,3559.0885101340054,0.2012578616352201,1.0,0.1515151515151515,3927.0
29,all,R14,IF (PointsAjust IS High) AND (TeamExp IS High) AND (Length IS Medium),High,0.0,0.0,1309.2913539351866,0.0,3559.0885101340054,0.2012578616352201,1.0,0.1515151515151515,3927.0
29,all,R15,IF (PointsAjust IS Medium) AND (TeamExp IS Low) AND (Length IS Medium),High,0.0,0.0,1309.2913539351866,0.0,3559.0885101340054,0.2012578616352201,1.0,0.1515151515151515,3927.0
29,all,R16,IF (PointsAjust IS Low) AND (TeamExp IS Low) AND (Length IS High),High,0.0,0.0,1309.2913539351866,0.0,3559.0885101340054,0.2012578616352201,1.0,0.1515151515151515,3927.0
29,all,R17,IF (PointsAjust IS Medium) AND (TeamExp IS High) AND (Length IS High),High,0.0,0.0,1309.2913539351866,0.0,3559.0885101340054,0.2012578616352201,1.0,0.1515151515151515,3927.0
29,all,R18,IF (PointsAjust IS High) AND (TeamExp IS Medium) AND (Length IS Medium),Very_High,0.0,0.0,-1485.25259617886,-0.0,3559.0885101340054,0.2012578616352201,1.0,0.1515151515151515,3927.0
29,all,R19,IF (PointsAjust IS Medium) AND (TeamExp IS Low) AND (Length IS High),Very_High,0.0,0.0,-1485.25259617886,-0.0,3559.0885101340054,0.2012578616352201,1.0,0.1515151515151515,3927.0
29,all,R20,IF (PointsAjust IS High) AND (TeamExp IS Low) AND (Length IS High),Very_High,0.0,0.0,-1485.25259617886,-0.0,3559.0885101340054,0.2012578616352201,1.0,0.1515151515151515,3927.0
30,all,R1,IF (PointsAjust IS Low) AND (TeamExp IS High) AND (Length IS Low),Very_Low,0.0,0.0,3561.014873786432,0.0,2655.3251919853333,0.1666666666666666,0.4,0.2424242424242424,710.0
30,all,R2,IF (PointsAjust IS Low) AND (TeamExp IS Medium) AND (Length IS Low),Low,0.39480802504925977,0.6421461918180454,2427.4859021397083,1558.8008277510062,2655.3251919853333,0.1666666666666666,0.4,0.2424242424242424,710.0
30,all,R3,IF (PointsAjust IS Low) AND (TeamExp IS High) AND (Length IS Medium),Low,0.0,0.0,2427.4859021397083,0.0,2655.3251919853333,0.1666666666666666,0.4,0.2424242424242424,710.0
30,all,R4,IF (PointsAjust IS Medium) AND (TeamExp IS High) AND (Length IS Low),Low,0.0,0.0,2427.4859021397083,0.0,2655.3251919853333,0.1666666666666666,0.4,0.2424242424242424,710.0
30,all,R5,IF (PointsAjust IS Low) AND (TeamExp IS Low) AND (Length IS Low),Medium,0.0,0.0,3064.168493288152,0.0,2655.3251919853333,0.1666666666666666,0.4,0.2424242424242424,710.0
30,all,R6,IF (PointsAjust IS Medium) AND (TeamExp IS Medium) AND (Length IS Low),Medium,0.03646216722840406,0.05930487818283598,3064.168493288152,181.72013922613795,2655.3251919853333,0.1666666666666666,0.4,0.2424242424242424,710.0
30,all,R7,IF (PointsAjust IS Low) AND (TeamExp IS Medium) AND (Length IS Medium),Medium,0.16803668634132043,0.2733078138579863,3064.168493288152,837.4611921931047,2655.3251919853333,0.1666666666666666,0.4,0.2424242424242424,710.0
30,all,R8,IF (PointsAjust IS Medium) AND (TeamExp IS High) AND (Length IS Medium),Medium,0.0,0.0,3064.168493288152,0.0,2655.3251919853333,0.1666666666666666,0.4,0.2424242424242424,710.0
30,all,R9,IF (PointsAjust IS Low) AND (TeamExp IS Low) AND (Length IS Medium),High,0.0,0.0,1768.8979472661088,0.0,2655.3251919853333,0.1666666666666666,0.4,0.2424242424242424,710.0
30,all,R10,IF (PointsAjust IS Medium) AND (TeamExp IS Low) AND (Length IS Low),High,0.0,0.0,1768.8979472661088,0.0,2655.3251919853333,0.1666666666666666,0.4,0.2424242424242424,710.0
30,all,R11,IF (PointsAjust IS Medium) AND (TeamExp IS Medium) AND (Length IS Medium),Medium,0.015518888596855775,0.025241116141132273,3064.168493288152,77.34303281508454,2655.3251919853333,0.1666666666666666,0.4,0.2424242424242424,710.0
30,all,R12,IF (PointsAjust IS High) AND (TeamExp IS High) AND (Length IS Low),Medium,0.0,0.0,3064.168493288152,0.0,2655.3251919853333,0.1666666666666666,0.4,0.2424242424242424,710.0
30,all,R13,IF (PointsAjust IS High) AND (TeamExp IS Medium) AND (Length IS Low),High,0.0,0.0,1768.8979472661088,0.0,2655.3251919853333,0.1666666666666666,0.4,0.2424242424242424,710.0
30,all,R14,IF (PointsAjust IS High) AND (TeamExp IS High) AND (Length IS Medium),High,0.0,0.0,1768.8979472661088,0.0,2655.3251919853333,0.1666666666666666,0.4,0.2424242424242424,710.0
30,all,R15,IF (PointsAjust IS Medium) AND (TeamExp IS Low) AND (Length IS Medium),High,0.0,0.0,1768.8979472661088,0.0,2655.3251919853333,0.1666666666666666,0.4,0.2424242424242424,710.0
30,all,R16,IF (PointsAjust IS Low) AND (TeamExp IS Low) AND (Length IS High),High,0.0,0.0,1768.8979472661088,0.0,2655.3251919853333,0.1666666666666666,0.4,0.2424242424242424,710.0
30,all,R17,IF (PointsAjust IS Medium) AND (TeamExp IS High) AND (Length IS High),High,0.0,0.0,1768.8979472661088,0.0,2655.3251919853333,0.1666666666666666,0.4,0.2424242424242424,710.0
30,all,R18,IF (PointsAjust IS High) AND (TeamExp IS Medium) AND (Length IS Medium),Very_High,0.0,0.0,-757.8416964029632,-0.0,2655.3251919853333,0.1666666666666666,0.4,0.2424242424242424,710.0
30,all,R19,IF (PointsAjust IS Medium) AND (TeamExp IS Low) AND (Length IS High),Very_High,0.0,0.0,-757.8416964029632,-0.0,2655.3251919853333,0.1666666666666666,0.4,0.2424242424242424,710.0
30,all,R20,IF (PointsAjust IS High) AND (TeamExp IS Low) AND (Length IS High),Very_High,0.0,0.0,-757.8416964029632,-0.0,2655.3251919853333,0.1666666666666666,0.4,0.2424242424242424,710.0
31,all,R1,IF (PointsAjust IS Low) AND (TeamExp IS High) AND (Length IS Low),Very_Low,0.07442348008385744,0.1524468291739563,5690.129731816911,867.4422352039423,4031.482367656774,0.3223270440251572,1.0,0.2424242424242424,2429.0
31,all,R2,IF (PointsAjust IS Low) AND (TeamExp IS Medium) AND (Length IS Low),Low,0.00028771523050583785,0.0005893472671023685,3964.2469212086858,2.336318089133317,4031.482367656774,0.3223270440251572,1.0,0.2424242424242424,2429.0
31,all,R3,IF (PointsAjust IS Low) AND (TeamExp IS High) AND (Length IS Medium),Low,0.03167583783972049,0.06488383820069712,3964.2469212086858,257.2155558233161,4031.482367656774,0.3223270440251572,1.0,0.2424242424242424,2429.0
31,all,R4,IF (PointsAjust IS Medium) AND (TeamExp IS High) AND (Length IS Low),Low,0.2667012850014584,0.5463029300602498,3964.2469212086858,2165.6797085386293,4031.482367656774,0.3223270440251572,1.0,0.2424242424242424,2429.0
31,all,R5,IF (PointsAjust IS Low) AND (TeamExp IS Low) AND (Length IS Low),Medium,0.0,0.0,3133.5048657215016,0.0,4031.482367656774,0.3223270440251572,1.0,0.2424242424242424,2429.0
31,all,R6,IF (PointsAjust IS Medium) AND (TeamExp IS Medium) AND (Length IS Low),Medium,0.001031045868910415,0.0021119634995729244,3133.5048657215016,6.617847902137969,4031.482367656774,0.3223270440251572,1.0,0.2424242424242424,2429.0
31,all,R7,IF (PointsAjust IS Low) AND (TeamExp IS Medium) AND (Length IS Medium),Medium,0.00012245625943925028,0.00025083573682637013,3133.5048657215016,0.7859950018422689,4031.482367656774,0.3223270440251572,1.0,0.2424242424242424,2429.0
31,all,R8,IF (PointsAjust IS Medium) AND (TeamExp IS High) AND (Length IS Medium),Medium,0.11351238407331152,0.23251537020916646,3133.5048657215016,728.5880439054594,4031.482367656774,0.3223270440251572,1.0,0.2424242424242424,2429.0
31,all,R9,IF (PointsAjust IS Low) AND (TeamExp IS Low) AND (Length IS Medium),High,0.0,0.0,2688.6213356741805,0.0,4031.482367656774,0.3223270440251572,1.0,0.2424242424242424,2429.0
31,all,R10,IF (PointsAjust IS Medium) AND (TeamExp IS Low) AND (Length IS Low),High,0.0,0.0,2688.6213356741805,0.0,4031.482367656774,0.3223270440251572,1.0,0.2424242424242424,2429.0
31,all,R11,IF (PointsAjust IS Medium) AND (TeamExp IS Medium) AND (Length IS Medium),Medium,0.0004388298116685874,0.0008988858524285924,3133.5048657215016,2.816663192313214,4031.482367656774,0.3223270440251572,1.0,0.2424242424242424,2429.0
31,all,R12,IF (PointsAjust IS High) AND (TeamExp IS High) AND (Length IS Low),Medium,0.0,0.0,3133.5048657215016,0.0,4031.482367656774,0.3223270440251572,1.0,0.2424242424242424,2429.0
31,all,R13,IF (PointsAjust IS High) AND (TeamExp IS Medium) AND (Length IS Low),High,0.0,0.0,2688.6213356741805,0.0,4031.482367656774,0.3223270440251572,1.0,0.2424242424242424,2429.0
31,all,R14,IF (PointsAjust IS High) AND (TeamExp IS High) AND (Length IS Medium),High,0.0,0.0,2688.6213356741805,0.0,4031.482367656774,0.3223270440251572,1.0,0.2424242424242424,2429.0
31,all,R15,IF (PointsAjust IS Medium) AND (TeamExp IS Low) AND (Length IS Medium),High,0.0,0.0,2688.6213356741805,0.0,4031.482367656774,0.3223270440251572,1.0,0.2424242424242424,2429.0
31,all,R16,IF (PointsAjust IS Low) AND (TeamExp IS Low) AND (Length IS High),High,0.0,0.0,2688.6213356741805,0.0,4031.482367656774,0.3223270440251572,1.0,0.2424242424242424,2429.0
31,all,R17,IF (PointsAjust IS Medium) AND (TeamExp IS High) AND (Length IS High),High,0.0,0.0,2688.6213356741805,0.0,4031.482367656774,0.3223270440251572,1.0,0.2424242424242424,2429.0
31,all,R18,IF (PointsAjust IS High) AND (TeamExp IS Medium) AND (Length IS Medium),Very_High,0.0,0.0,-1084.1850111807173,-0.0,4031.482367656774,0.3223270440251572,1.0,0.2424242424242424,2429.0
31,all,R19,IF (PointsAjust IS Medium) AND (TeamExp IS Low) AND (Length IS High),Very_High,0.0,0.0,-1084.1850111807173,-0.0,4031.482367656774,0.3223270440251572,1.0,0.2424242424242424,2429.0
31,all,R20,IF (PointsAjust IS High) AND (TeamExp IS Low) AND (Length IS High),Very_High,0.0,0.0,-1084.1850111807173,-0.0,4031.482367656774,0.3223270440251572,1.0,0.2424242424242424,2429.0
32,all,R1,IF (PointsAjust IS Low) AND (TeamExp IS High) AND (Length IS Low),Very_Low,0.0,0.0,5110.241209659915,0.0,2868.93849095768,0.35062893081761,0.4,0.1212121212121212,6405.0
32,all,R2,IF (PointsAjust IS Low) AND (TeamExp IS Medium) AND (Length IS Low),Low,0.0,0.0,2940.5417876134047,0.0,2868.93849095768,0.35062893081761,0.4,0.1212121212121212,6405.0
32,all,R3,IF (PointsAjust IS Low) AND (TeamExp IS High) AND (Length IS Medium),Low,0.0,0.0,2940.5417876134047,0.0,2868.93849095768,0.35062893081761,0.4,0.1212121212121212,6405.0
32,all,R4,IF (PointsAjust IS Medium) AND (TeamExp IS High) AND (Length IS Low),Low,0.0,0.0,2940.5417876134047,0.0,2868.93849095768,0.35062893081761,0.4,0.1212121212121212,6405.0
32,all,R5,IF (PointsAjust IS Low) AND (TeamExp IS Low) AND (Length IS Low),Medium,0.0,0.0,2868.9384909576797,0.0,2868.93849095768,0.35062893081761,0.4,0.1212121212121212,6405.0
32,all,R6,IF (PointsAjust IS Medium) AND (TeamExp IS Medium) AND (Length IS Low),Medium,0.4877081329886207,0.9603973153235303,2868.9384909576797,2755.320824544096,2868.93849095768,0.35062893081761,0.4,0.1212121212121212,6405.0
32,all,R7,IF (PointsAjust IS Low) AND (TeamExp IS Medium) AND (Length IS Medium),Medium,0.0,0.0,2868.9384909576797,0.0,2868.93849095768,0.35062893081761,0.4,0.1212121212121212,6405.0
32,all,R8,IF (PointsAjust IS Medium) AND (TeamExp IS High) AND (Length IS Medium),Medium,0.0,0.0,2868.9384909576797,0.0,2868.93849095768,0.35062893081761,0.4,0.1212121212121212,6405.0
32,all,R9,IF (PointsAjust IS Low) AND (TeamExp IS Low) AND (Length IS Medium),High,0.0,0.0,3927.1621440598706,0.0,2868.93849095768,0.35062893081761,0.4,0.1212121212121212,6405.0
32,all,R10,IF (PointsAjust IS Medium) AND (TeamExp IS Low) AND (Length IS Low),High,0.0,0.0,3927.1621440598706,0.0,2868.93849095768,0.35062893081761,0.4,0.1212121212121212,6405.0
32,all,R11,IF (PointsAjust IS Medium) AND (TeamExp IS Medium) AND (Length IS Medium),Medium,0.02011100103751495,0.039602684676469685,2868.9384909576797,113.61766641358376,2868.93849095768,0.35062893081761,0.4,0.1212121212121212,6405.0
32,all,R12,IF (PointsAjust IS High) AND (TeamExp IS High) AND (Length IS Low),Medium,0.0,0.0,2868.9384909576797,0.0,2868.93849095768,0.35062893081761,0.4,0.1212121212121212,6405.0
32,all,R13,IF (PointsAjust IS High) AND (TeamExp IS Medium) AND (Length IS Low),High,0.0,0.0,3927.1621440598706,0.0,2868.93849095768,0.35062893081761,0.4,0.1212121212121212,6405.0
32,all,R14,IF (PointsAjust IS High) AND (TeamExp IS High) AND (Length IS Medium),High,0.0,0.0,3927.1621440598706,0.0,2868.93849095768,0.35062893081761,0.4,0.1212121212121212,6405.0
32,all,R15,IF (PointsAjust IS Medium) AND (TeamExp IS Low) AND (Length IS Medium),High,0.0,0.0,3927.1621440598706,0.0,2868.93849095768,0.35062893081761,0.4,0.1212121212121212,6405.0
32,all,R16,IF (PointsAjust IS Low) AND (TeamExp IS Low) AND (Length IS High),High,0.0,0.0,3927.1621440598706,0.0,2868.93849095768,0.35062893081761,0.4,0.1212121212121212,6405.0
32,all,R17,IF (PointsAjust IS Medium) AND (TeamExp IS High) AND (Length IS High),High,0.0,0.0,3927.1621440598706,0.0,2868.93849095768,0.35062893081761,0.4,0.1212121212121212,6405.0
32,all,R18,IF (PointsAjust IS High) AND (TeamExp IS Medium) AND (Length IS Medium),Very_High,0.0,0.0,-965.2768680186764,-0.0,2868.93849095768,0.35062893081761,0.4,0.1212121212121212,6405.0
32,all,R19,IF (PointsAjust IS Medium) AND (TeamExp IS Low) AND (Length IS High),Very_High,0.0,0.0,-965.2768680186764,-0.0,2868.93849095768,0.35062893081761,0.4,0.1212121212121212,6405.0
32,all,R20,IF (PointsAjust IS High) AND (TeamExp IS Low) AND (Length IS High),Very_High,0.0,0.0,-965.2768680186764,-0.0,2868.93849095768,0.35062893081761,0.4,0.1212121212121212,6405.0
33,all,R1,IF (PointsAjust IS Low) AND (TeamExp IS High) AND (Length IS Low),Very_Low,0.0,0.0,2871.9414724283974,0.0,1955.4001138909784,0.1855345911949685,0.6,0.0606060606060606,651.0
33,all,R2,IF (PointsAjust IS Low) AND (TeamExp IS Medium) AND (Length IS Low),Low,0.6584680215809603,0.8690906287119877,2099.9602915343044,1825.0558100397577,1955.4001138909784,0.1855345911949685,0.6,0.0606060606060606,651.0
33,all,R3,IF (PointsAjust IS Low) AND (TeamExp IS High) AND (Length IS Medium),Low,0.0,0.0,2099.9602915343044,0.0,1955.4001138909784,0.1855345911949685,0.6,0.0606060606060606,651.0
33,all,R4,IF (PointsAjust IS Medium) AND (TeamExp IS High) AND (Length IS Low),Low,0.0,0.0,2099.9602915343044,0.0,1955.4001138909784,0.1855345911949685,0.6,0.0606060606060606,651.0
33,all,R5,IF (PointsAjust IS Low) AND (TeamExp IS Low) AND (Length IS Low),Medium,0.0,0.0,995.6835218805865,0.0,1955.4001138909784,0.1855345911949685,0.6,0.0606060606060606,651.0
33,all,R6,IF (PointsAjust IS Medium) AND (TeamExp IS Medium) AND (Length IS Low),Medium,0.08894435795047308,0.11739477915110327,995.6835218805865,116.88804715556415,1955.4001138909784,0.1855345911949685,0.6,0.0606060606060606,651.0
33,all,R7,IF (PointsAjust IS Low) AND (TeamExp IS Medium) AND (Length IS Medium),Medium,0.009020839716363074,0.011906314359474349,995.6835218805865,11.854921014058819,1955.4001138909784,0.1855345911949685,0.6,0.0606060606060606,651.0
33,all,R8,IF (PointsAjust IS Medium) AND (TeamExp IS High) AND (Length IS Medium),Medium,0.0,0.0,995.6835218805865,0.0,1955.4001138909784,0.1855345911949685,0.6,0.0606060606060606,651.0
33,all,R9,IF (PointsAjust IS Low) AND (TeamExp IS Low) AND (Length IS Medium),High,0.0,0.0,1737.071877252201,0.0,1955.4001138909784,0.1855345911949685,0.6,0.0606060606060606,651.0
33,all,R10,IF (PointsAjust IS Medium) AND (TeamExp IS Low) AND (Length IS Low),High,0.0,0.0,1737.071877252201,0.0,1955.4001138909784,0.1855345911949685,0.6,0.0606060606060606,651.0
33,all,R11,IF (PointsAjust IS Medium) AND (TeamExp IS Medium) AND (Length IS Medium),Medium,0.0012185144463350223,0.001608277777434538,995.6835218805865,1.6013356815983026,1955.4001138909784,0.1855345911949685,0.6,0.0606060606060606,651.0
33,all,R12,IF (PointsAjust IS High) AND (TeamExp IS High) AND (Length IS Low),Medium,0.0,0.0,995.6835218805865,0.0,1955.4001138909784,0.1855345911949685,0.6,0.0606060606060606,651.0
33,all,R13,IF (PointsAjust IS High) AND (TeamExp IS Medium) AND (Length IS Low),High,0.0,0.0,1737.071877252201,0.0,1955.4001138909784,0.1855345911949685,0.6,0.0606060606060606,651.0
33,all,R14,IF (PointsAjust IS High) AND (TeamExp IS High) AND (Length IS Medium),High,0.0,0.0,1737.071877252201,0.0,1955.4001138909784,0.1855345911949685,0.6,0.0606060606060606,651.0
33,all,R15,IF (PointsAjust IS Medium) AND (TeamExp IS Low) AND (Length IS Medium),High,0.0,0.0,1737.071877252201,0.0,1955.4001138909784,0.1855345911949685,0.6,0.0606060606060606,651.0
33,all,R16,IF (PointsAjust IS Low) AND (TeamExp IS Low) AND (Length IS High),High,0.0,0.0,1737.071877252201,0.0,1955.4001138909784,0.1855345911949685,0.6,0.0606060606060606,651.0
33,all,R17,IF (PointsAjust IS Medium) AND (TeamExp IS High) AND (Length IS High),High,0.0,0.0,1737.071877252201,0.0,1955.4001138909784,0.1855345911949685,0.6,0.0606060606060606,651.0
33,all,R18,IF (PointsAjust IS High) AND (TeamExp IS Medium) AND (Length IS Medium),Very_High,0.0,0.0,-1470.5769064627348,-0.0,1955.4001138909784,0.1855345911949685,0.6,0.0606060606060606,651.0
33,all,R19,IF (PointsAjust IS Medium) AND (TeamExp IS Low) AND (Length IS High),Very_High,0.0,0.0,-1470.5769064627348,-0.0,1955.4001138909784,0.1855345911949685,0.6,0.0606060606060606,651.0
33,all,R20,IF (PointsAjust IS High) AND (TeamExp IS Low) AND (Length IS High),Very_High,0.0,0.0,-1470.5769064627348,-0.0,1955.4001138909784,0.1855345911949685,0.6,0.0606060606060606,651.0
34,all,R1,IF (PointsAjust IS Low) AND (TeamExp IS High) AND (Length IS Low),Very_Low,0.0,0.0,9896.98303260869,0.0,8013.2979220918,0.5817610062893082,0.4,0.4848484848484848,9135.0
34,all,R2,IF (PointsAjust IS Low) AND (TeamExp IS Medium) AND (Length IS Low),Low,0.0,0.0,5480.065376463525,0.0,8013.2979220918,0.5817610062893082,0.4,0.4848484848484848,9135.0
34,all,R3,IF (PointsAjust IS Low) AND (TeamExp IS High) AND (Length IS Medium),Low,0.0,0.0,5480.065376463525,0.0,8013.2979220918,0.5817610062893082,0.4,0.4848484848484848,9135.0
34,all,R4,IF (PointsAjust IS Medium) AND (TeamExp IS High) AND (Length IS Low),Low,0.0,0.0,5480.065376463525,0.0,8013.2979220918,0.5817610062893082,0.4,0.4848484848484848,9135.0
34,all,R5,IF (PointsAjust IS Low) AND (TeamExp IS Low) AND (Length IS Low),Medium,0.0,0.0,8013.2979220918,0.0,8013.2979220918,0.5817610062893082,0.4,0.4848484848484848,9135.0
34,all,R6,IF (PointsAjust IS Medium) AND (TeamExp IS Medium) AND (Length IS Low),Medium,0.0,0.0,8013.2979220918,0.0,8013.2979220918,0.5817610062893082,0.4,0.4848484848484848,9135.0
34,all,R7,IF (PointsAjust IS Low) AND (TeamExp IS Medium) AND (Length IS Medium),Medium,0.0,0.0,8013.2979220918,0.0,8013.2979220918,0.5817610062893082,0.4,0.4848484848484848,9135.0
34,all,R8,IF (PointsAjust IS Medium) AND (TeamExp IS High) AND (Length IS Medium),Medium,0.0,0.0,8013.2979220918,0.0,8013.2979220918,0.5817610062893082,0.4,0.4848484848484848,9135.0
34,all,R9,IF (PointsAjust IS Low) AND (TeamExp IS Low) AND (Length IS Medium),High,0.0,0.0,6514.694339162587,0.0,8013.2979220918,0.5817610062893082,0.4,0.4848484848484848,9135.0
34,all,R10,IF (PointsAjust IS Medium) AND (TeamExp IS Low) AND (Length IS Low),High,0.0,0.0,6514.694339162587,0.0,8013.2979220918,0.5817610062893082,0.4,0.4848484848484848,9135.0
34,all,R11,IF (PointsAjust IS Medium) AND (TeamExp IS Medium) AND (Length IS Medium),Medium,0.686687315855155,1.0,8013.2979220918,8013.2979220918,8013.2979220918,0.5817610062893082,0.4,0.4848484848484848,9135.0
34,all,R12,IF (PointsAjust IS High) AND (TeamExp IS High) AND (Length IS Low),Medium,0.0,0.0,8013.2979220918,0.0,8013.2979220918,0.5817610062893082,0.4,0.4848484848484848,9135.0
34,all,R13,IF (PointsAjust IS High) AND (TeamExp IS Medium) AND (Length IS Low),High,0.0,0.0,6514.694339162587,0.0,8013.2979220918,0.5817610062893082,0.4,0.4848484848484848,9135.0
34,all,R14,IF (PointsAjust IS High) AND (TeamExp IS High) AND (Length IS Medium),High,0.0,0.0,6514.694339162587,0.0,8013.2979220918,0.5817610062893082,0.4,0.4848484848484848,9135.0
34,all,R15,IF (PointsAjust IS Medium) AND (TeamExp IS Low) AND (Length IS Medium),High,0.0,0.0,6514.694339162587,0.0,8013.2979220918,0.5817610062893082,0.4,0.4848484848484848,9135.0
34,all,R16,IF (PointsAjust IS Low) AND (TeamExp IS Low) AND (Length IS High),High,0.0,0.0,6514.694339162587,0.0,8013.2979220918,0.5817610062893082,0.4,0.4848484848484848,9135.0
34,all,R17,IF (PointsAjust IS Medium) AND (TeamExp IS High) AND (Length IS High),High,0.0,0.0,6514.694339162587,0.0,8013.2979220918,0.5817610062893082,0.4,0.4848484848484848,9135.0
34,all,R18,IF (PointsAjust IS High) AND (TeamExp IS Medium) AND (Length IS Medium),Very_High,0.0,0.0,399.09007766674017,0.0,8013.2979220918,0.5817610062893082,0.4,0.4848484848484848,9135.0
34,all,R19,IF (PointsAjust IS Medium) AND (TeamExp IS Low) AND (Length IS High),Very_High,0.0,0.0,399.09007766674017,0.0,8013.2979220918,0.5817610062893082,0.4,0.4848484848484848,9135.0
34,all,R20,IF (PointsAjust IS High) AND (TeamExp IS Low) AND (Length IS High),Very_High,0.0,0.0,399.09007766674017,0.0,8013.2979220918,0.5817610062893082,0.4,0.4848484848484848,9135.0
35,all,R1,IF (PointsAjust IS Low) AND (TeamExp IS High) AND (Length IS Low),Very_Low,0.0,0.0,7446.059958072064,0.0,5093.4951666575835,0.4544025157232704,0.6,0.303030303030303,1435.0
35,all,R2,IF (PointsAjust IS Low) AND (TeamExp IS Medium) AND (Length IS Low),Low,0.0,0.0,4390.856461018317,0.0,5093.4951666575835,0.4544025157232704,0.6,0.303030303030303,1435.0
35,all,R3,IF (PointsAjust IS Low) AND (TeamExp IS High) AND (Length IS Medium),Low,0.0,0.0,4390.856461018317,0.0,5093.4951666575835,0.4544025157232704,0.6,0.303030303030303,1435.0
35,all,R4,IF (PointsAjust IS Medium) AND (TeamExp IS High) AND (Length IS Low),Low,0.0,0.0,4390.856461018317,0.0,5093.4951666575835,0.4544025157232704,0.6,0.303030303030303,1435.0
35,all,R5,IF (PointsAjust IS Low) AND (TeamExp IS Low) AND (Length IS Low),Medium,0.0,0.0,5093.495166657584,0.0,5093.4951666575835,0.4544025157232704,0.6,0.303030303030303,1435.0
35,all,R6,IF (PointsAjust IS Medium) AND (TeamExp IS Medium) AND (Length IS Low),Medium,0.1795610815177032,0.3574020781557498,5093.495166657584,1820.4257576396878,5093.4951666575835,0.4544025157232704,0.6,0.303030303030303,1435.0
35,all,R7,IF (PointsAjust IS Low) AND (TeamExp IS Medium) AND (Length IS Medium),Medium,0.0,0.0,5093.495166657584,0.0,5093.4951666575835,0.4544025157232704,0.6,0.303030303030303,1435.0
35,all,R8,IF (PointsAjust IS Medium) AND (TeamExp IS High) AND (Length IS Medium),Medium,0.0,0.0,5093.495166657584,0.0,5093.4951666575835,0.4544025157232704,0.6,0.303030303030303,1435.0
35,all,R9,IF (PointsAjust IS Low) AND (TeamExp IS Low) AND (Length IS Medium),High,0.0,0.0,4790.506411618533,0.0,5093.4951666575835,0.4544025157232704,0.6,0.303030303030303,1435.0
35,all,R10,IF (PointsAjust IS Medium) AND (TeamExp IS Low) AND (Length IS Low),High,0.0,0.0,4790.506411618533,0.0,5093.4951666575835,0.4544025157232704,0.6,0.303030303030303,1435.0
35,all,R11,IF (PointsAjust IS Medium) AND (TeamExp IS Medium) AND (Length IS Medium),Medium,0.32284529072351664,0.6425979218442501,5093.495166657584,3273.0694090178963,5093.4951666575835,0.4544025157232704,0.6,0.303030303030303,1435.0
35,all,R12,IF (PointsAjust IS High) AND (TeamExp IS High) AND (Length IS Low),Medium,0.0,0.0,5093.495166657584,0.0,5093.4951666575835,0.4544025157232704,0.6,0.303030303030303,1435.0
35,all,R13,IF (PointsAjust IS High) AND (TeamExp IS Medium) AND (Length IS Low),High,0.0,0.0,4790.506411618533,0.0,5093.4951666575835,0.4544025157232704,0.6,0.303030303030303,1435.0
35,all,R14,IF (PointsAjust IS High) AND (TeamExp IS High) AND (Length IS Medium),High,0.0,0.0,4790.506411618533,0.0,5093.4951666575835,0.4544025157232704,0.6,0.303030303030303,1435.0
35,all,R15,IF (PointsAjust IS Medium) AND (TeamExp IS Low) AND (Length IS Medium),High,0.0,0.0,4790.506411618533,0.0,5093.4951666575835,0.4544025157232704,0.6,0.303030303030303,1435.0
35,all,R16,IF (PointsAjust IS Low) AND (TeamExp IS Low) AND (Length IS High),High,0.0,0.0,4790.506411618533,0.0,5093.4951666575835,0.4544025157232704,0.6,0.303030303030303,1435.0
35,all,R17,IF (PointsAjust IS Medium) AND (TeamExp IS High) AND (Length IS High),High,0.0,0.0,4790.506411618533,0.0,5093.4951666575835,0.4544025157232704,0.6,0.303030303030303,1435.0
35,all,R18,IF (PointsAjust IS High) AND (TeamExp IS Medium) AND (Length IS Medium),Very_High,0.0,0.0,-452.2228694772882,-0.0,5093.4951666575835,0.4544025157232704,0.6,0.303030303030303,1435.0
35,all,R19,IF (PointsAjust IS Medium) AND (TeamExp IS Low) AND (Length IS High),Very_High,0.0,0.0,-452.2228694772882,-0.0,5093.4951666575835,0.4544025157232704,0.6,0.303030303030303,1435.0
35,all,R20,IF (PointsAjust IS High) AND (TeamExp IS Low) AND (Length IS High),Very_High,0.0,0.0,-452.2228694772882,-0.0,5093.4951666575835,0.4544025157232704,0.6,0.303030303030303,1435.0
36,all,R1,IF (PointsAjust IS Low) AND (TeamExp IS High) AND (Length IS Low),Very_Low,0.0,0.0,6862.493409816229,0.0,5854.918226154623,0.4685534591194968,0.0,0.2121212121212121,5922.0
36,all,R2,IF (PointsAjust IS Low) AND (TeamExp IS Medium) AND (Length IS Low),Low,0.0,0.0,3404.7377530761823,0.0,5854.918226154623,0.4685534591194968,0.0,0.2121212121212121,5922.0
36,all,R3,IF (PointsAjust IS Low) AND (TeamExp IS High) AND (Length IS Medium),Low,0.0,0.0,3404.7377530761823,0.0,5854.918226154623,0.4685534591194968,0.0,0.2121212121212121,5922.0
36,all,R4,IF (PointsAjust IS Medium) AND (TeamExp IS High) AND (Length IS Low),Low,0.0,0.0,3404.7377530761823,0.0,5854.918226154623,0.4685534591194968,0.0,0.2121212121212121,5922.0
36,all,R5,IF (PointsAjust IS Low) AND (TeamExp IS Low) AND (Length IS Low),Medium,0.0,0.0,5063.103874482184,0.0,5854.918226154623,0.4685534591194968,0.0,0.2121212121212121,5922.0
36,all,R6,IF (PointsAjust IS Medium) AND (TeamExp IS Medium) AND (Length IS Low),Medium,0.002607213656744266,0.003130938427055145,5063.103874482184,15.85226648078806,5854.918226154623,0.4685534591194968,0.0,0.2121212121212121,5922.0
36,all,R7,IF (PointsAjust IS Low) AND (TeamExp IS Medium) AND (Length IS Medium),Medium,0.0,0.0,5063.103874482184,0.0,5854.918226154623,0.4685534591194968,0.0,0.2121212121212121,5922.0
36,all,R8,IF (PointsAjust IS Medium) AND (TeamExp IS High) AND (Length IS Medium),Medium,0.0,0.0,5063.103874482184,0.0,5854.918226154623,0.4685534591194968,0.0,0.2121212121212121,5922.0
36,all,R9,IF (PointsAjust IS Low) AND (TeamExp IS Low) AND (Length IS Medium),High,0.0,0.0,5857.979317203477,0.0,5854.918226154623,0.4685534591194968,0.0,0.2121212121212121,5922.0
36,all,R10,IF (PointsAjust IS Medium) AND (TeamExp IS Low) AND (Length IS Low),High,0.674409600478661,0.8098818170315615,5857.979317203477,4744.270933550058,5854.918226154623,0.4685534591194968,0.0,0.2121212121212121,5922.0
36,all,R11,IF (PointsAjust IS Medium) AND (TeamExp IS Medium) AND (Length IS Medium),Medium,0.0005996408965690449,0.0007200939288751106,5063.103874482184,3.645910361278671,5854.918226154623,0.4685534591194968,0.0,0.2121212121212121,5922.0
36,all,R12,IF (PointsAjust IS High) AND (TeamExp IS High) AND (Length IS Low),Medium,0.0,0.0,5063.103874482184,0.0,5854.918226154623,0.4685534591194968,0.0,0.2121212121212121,5922.0
36,all,R13,IF (PointsAjust IS High) AND (TeamExp IS Medium) AND (Length IS Low),High,0.0,0.0,5857.979317203477,0.0,5854.918226154623,0.4685534591194968,0.0,0.2121212121212121,5922.0
36,all,R14,IF (PointsAjust IS High) AND (TeamExp IS High) AND (Length IS Medium),High,0.0,0.0,5857.979317203477,0.0,5854.918226154623,0.4685534591194968,0.0,0.2121212121212121,5922.0
36,all,R15,IF (PointsAjust IS Medium) AND (TeamExp IS Low) AND (Length IS Medium),High,0.15510948879839442,0.1862671506125083,5857.979317203477,1091.1491157624985,5854.918226154623,0.4685534591194968,0.0,0.2121212121212121,5922.0
36,all,R16,IF (PointsAjust IS Low) AND (TeamExp IS Low) AND (Length IS High),High,0.0,0.0,5857.979317203477,0.0,5854.918226154623,0.4685534591194968,0.0,0.2121212121212121,5922.0
36,all,R17,IF (PointsAjust IS Medium) AND (TeamExp IS High) AND (Length IS High),High,0.0,0.0,5857.979317203477,0.0,5854.918226154623,0.4685534591194968,0.0,0.2121212121212121,5922.0
36,all,R18,IF (PointsAjust IS High) AND (TeamExp IS Medium) AND (Length IS Medium),Very_High,0.0,0.0,-251.28174872361797,-0.0,5854.918226154623,0.4685534591194968,0.0,0.2121212121212121,5922.0
36,all,R19,IF (PointsAjust IS Medium) AND (TeamExp IS Low) AND (Length IS High),Very_High,0.0,0.0,-251.28174872361797,-0.0,5854.918226154623,0.4685534591194968,0.0,0.2121212121212121,5922.0
36,all,R20,IF (PointsAjust IS High) AND (TeamExp IS Low) AND (Length IS High),Very_High,0.0,0.0,-251.28174872361797,-0.0,5854.918226154623,0.4685534591194968,0.0,0.2121212121212121,5922.0
37,all,R1,IF (PointsAjust IS Low) AND (TeamExp IS High) AND (Length IS Low),Very_Low,0.0,0.0,2954.2325396043534,0.0,1916.3995952990795,0.1855345911949685,0.4,0.0909090909090909,847.0
37,all,R2,IF (PointsAjust IS Low) AND (TeamExp IS Medium) AND (Length IS Low),Low,0.6584680215809603,0.86013185300872,1969.279052801789,1693.8396407776597,1916.3995952990795,0.1855345911949685,0.4,0.0909090909090909,847.0
37,all,R3,IF (PointsAjust IS Low) AND (TeamExp IS High) AND (Length IS Medium),Low,0.0,0.0,1969.279052801789,0.0,1916.3995952990795,0.1855345911949685,0.4,0.0909090909090909,847.0
37,all,R4,IF (PointsAjust IS Medium) AND (TeamExp IS High) AND (Length IS Low),Low,0.0,0.0,1969.279052801789,0.0,1916.3995952990795,0.1855345911949685,0.4,0.0909090909090909,847.0
37,all,R5,IF (PointsAjust IS Low) AND (TeamExp IS Low) AND (Length IS Low),Medium,0.0,0.0,1591.2125763365925,0.0,1916.3995952990795,0.1855345911949685,0.4,0.0909090909090909,847.0
37,all,R6,IF (PointsAjust IS Medium) AND (TeamExp IS Medium) AND (Length IS Low),Medium,0.08894435795047308,0.11618464817004776,1591.2125763365925,184.87447334542225,1916.3995952990795,0.1855345911949685,0.4,0.0909090909090909,847.0
37,all,R7,IF (PointsAjust IS Low) AND (TeamExp IS Medium) AND (Length IS Medium),Medium,0.015973126126725554,0.02086509006274226,1591.2125763365925,33.200793714231146,1916.3995952990795,0.1855345911949685,0.4,0.0909090909090909,847.0
37,all,R8,IF (PointsAjust IS Medium) AND (TeamExp IS High) AND (Length IS Medium),Medium,0.0,0.0,1591.2125763365925,0.0,1916.3995952990795,0.1855345911949685,0.4,0.0909090909090909,847.0
37,all,R9,IF (PointsAjust IS Low) AND (TeamExp IS Low) AND (Length IS Medium),High,0.0,0.0,2023.72196343657,0.0,1916.3995952990795,0.1855345911949685,0.4,0.0909090909090909,847.0
37,all,R10,IF (PointsAjust IS Medium) AND (TeamExp IS Low) AND (Length IS Low),High,0.0,0.0,2023.72196343657,0.0,1916.3995952990795,0.1855345911949685,0.4,0.0909090909090909,847.0
37,all,R11,IF (PointsAjust IS Medium) AND (TeamExp IS Medium) AND (Length IS Medium),Medium,0.0021576134318450732,0.002818408758490069,1591.2125763365925,4.4846874617666,1916.3995952990795,0.1855345911949685,0.4,0.0909090909090909,847.0
37,all,R12,IF (PointsAjust IS High) AND (TeamExp IS High) AND (Length IS Low),Medium,0.0,0.0,1591.2125763365925,0.0,1916.3995952990795,0.1855345911949685,0.4,0.0909090909090909,847.0
37,all,R13,IF (PointsAjust IS High) AND (TeamExp IS Medium) AND (Length IS Low),High,0.0,0.0,2023.72196343657,0.0,1916.3995952990795,0.1855345911949685,0.4,0.0909090909090909,847.0
37,all,R14,IF (PointsAjust IS High) AND (TeamExp IS High) AND (Length IS Medium),High,0.0,0.0,2023.72196343657,0.0,1916.3995952990795,0.1855345911949685,0.4,0.0909090909090909,847.0
37,all,R15,IF (PointsAjust IS Medium) AND (TeamExp IS Low) AND (Length IS Medium),High,0.0,0.0,2023.72196343657,0.0,1916.3995952990795,0.1855345911949685,0.4,0.0909090909090909,847.0
37,all,R16,IF (PointsAjust IS Low) AND (TeamExp IS Low) AND (Length IS High),High,0.0,0.0,2023.72196343657,0.0,1916.3995952990795,0.1855345911949685,0.4,0.0909090909090909,847.0
37,all,R17,IF (PointsAjust IS Medium) AND (TeamExp IS High) AND (Length IS High),High,0.0,0.0,2023.72196343657,0.0,1916.3995952990795,0.1855345911949685,0.4,0.0909090909090909,847.0
37,all,R18,IF (PointsAjust IS High) AND (TeamExp IS Medium) AND (Length IS Medium),Very_High,0.0,0.0,-1217.179329778104,-0.0,1916.3995952990795,0.1855345911949685,0.4,0.0909090909090909,847.0
37,all,R19,IF (PointsAjust IS Medium) AND (TeamExp IS Low) AND (Length IS High),Very_High,0.0,0.0,-1217.179329778104,-0.0,1916.3995952990795,0.1855345911949685,0.4,0.0909090909090909,847.0
37,all,R20,IF (PointsAjust IS High) AND (TeamExp IS Low) AND (Length IS High),Very_High,0.0,0.0,-1217.179329778104,-0.0,1916.3995952990795,0.1855345911949685,0.4,0.0909090909090909,847.0
38,all,R1,IF (PointsAjust IS Low) AND (TeamExp IS High) AND (Length IS Low),Very_Low,0.0,0.0,11623.184886328465,0.0,7005.8845764422595,0.7248427672955975,0.8,0.4545454545454545,8050.0
38,all,R2,IF (PointsAjust IS Low) AND (TeamExp IS Medium) AND (Length IS Low),Low,0.0,0.0,6598.028585861061,0.0,7005.8845764422595,0.7248427672955975,0.8,0.4545454545454545,8050.0
38,all,R3,IF (PointsAjust IS Low) AND (TeamExp IS High) AND (Length IS Medium),Low,0.0,0.0,6598.028585861061,0.0,7005.8845764422595,0.7248427672955975,0.8,0.4545454545454545,8050.0
38,all,R4,IF (PointsAjust IS Medium) AND (TeamExp IS High) AND (Length IS Low),Low,0.0,0.0,6598.028585861061,0.0,7005.8845764422595,0.7248427672955975,0.8,0.4545454545454545,8050.0
38,all,R5,IF (PointsAjust IS Low) AND (TeamExp IS Low) AND (Length IS Low),Medium,0.0,0.0,7971.81036246353,0.0,7005.8845764422595,0.7248427672955975,0.8,0.4545454545454545,8050.0
38,all,R6,IF (PointsAjust IS Medium) AND (TeamExp IS Medium) AND (Length IS Low),Medium,0.0,0.0,7971.81036246353,0.0,7005.8845764422595,0.7248427672955975,0.8,0.4545454545454545,8050.0
38,all,R7,IF (PointsAjust IS Low) AND (TeamExp IS Medium) AND (Length IS Medium),Medium,0.0,0.0,7971.81036246353,0.0,7005.8845764422595,0.7248427672955975,0.8,0.4545454545454545,8050.0
38,all,R8,IF (PointsAjust IS Medium) AND (TeamExp IS High) AND (Length IS Medium),Medium,0.15528562977032007,0.4015548089634876,7971.81036246353,3201.1187871921934,7005.8845764422595,0.7248427672955975,0.8,0.4545454545454545,8050.0
38,all,R9,IF (PointsAjust IS Low) AND (TeamExp IS Low) AND (Length IS Medium),High,0.0,0.0,7590.070196821213,0.0,7005.8845764422595,0.7248427672955975,0.8,0.4545454545454545,8050.0
38,all,R10,IF (PointsAjust IS Medium) AND (TeamExp IS Low) AND (Length IS Low),High,0.0,0.0,7590.070196821213,0.0,7005.8845764422595,0.7248427672955975,0.8,0.4545454545454545,8050.0
38,all,R11,IF (PointsAjust IS Medium) AND (TeamExp IS Medium) AND (Length IS Medium),Medium,0.042031249375084054,0.1086890676121949,7971.81036246353,866.4486354773945,7005.8845764422595,0.7248427672955975,0.8,0.4545454545454545,8050.0
38,all,R12,IF (PointsAjust IS High) AND (TeamExp IS High) AND (Length IS Low),Medium,0.0,0.0,7971.81036246353,0.0,7005.8845764422595,0.7248427672955975,0.8,0.4545454545454545,8050.0
38,all,R13,IF (PointsAjust IS High) AND (TeamExp IS Medium) AND (Length IS Low),High,0.0,0.0,7590.070196821213,0.0,7005.8845764422595,0.7248427672955975,0.8,0.4545454545454545,8050.0
38,all,R14,IF (PointsAjust IS High) AND (TeamExp IS High) AND (Length IS Medium),High,0.14905046694575128,0.3854312331981111,7590.070196821213,2925.45011602103,7005.8845764422595,0.7248427672955975,0.8,0.4545454545454545,8050.0
38,all,R15,IF (PointsAjust IS Medium) AND (TeamExp IS Low) AND (Length IS Medium),High,0.0,0.0,7590.070196821213,0.0,7005.8845764422595,0.7248427672955975,0.8,0.4545454545454545,8050.0
38,all,R16,IF (PointsAjust IS Low) AND (TeamExp IS Low) AND (Length IS High),High,0.0,0.0,7590.070196821213,0.0,7005.8845764422595,0.7248427672955975,0.8,0.4545454545454545,8050.0
38,all,R17,IF (PointsAjust IS Medium) AND (TeamExp IS High) AND (Length IS High),High,0.0,0.0,7590.070196821213,0.0,7005.8845764422595,0.7248427672955975,0.8,0.4545454545454545,8050.0
38,all,R18,IF (PointsAjust IS High) AND (TeamExp IS Medium) AND (Length IS Medium),Very_High,0.040343574321305226,0.10432489022620649,123.33622133454446,12.867037751641458,7005.8845764422595,0.7248427672955975,0.8,0.4545454545454545,8050.0
38,all,R19,IF (PointsAjust IS Medium) AND (TeamExp IS Low) AND (Length IS High),Very_High,0.0,0.0,123.33622133454446,0.0,7005.8845764422595,0.7248427672955975,0.8,0.4545454545454545,8050.0
38,all,R20,IF (PointsAjust IS High) AND (TeamExp IS Low) AND (Length IS High),Very_High,0.0,0.0,123.33622133454446,0.0,7005.8845764422595,0.7248427672955975,0.8,0.4545454545454545,8050.0
39,all,R1,IF (PointsAjust IS Low) AND (TeamExp IS High) AND (Length IS Low),Very_Low,0.0,0.0,9168.622435731191,0.0,5684.003086802677,0.6320754716981132,0.4,0.2424242424242424,4620.0
39,all,R2,IF (PointsAjust IS Low) AND (TeamExp IS Medium) AND (Length IS Low),Low,0.0,0.0,4851.768248726613,0.0,5684.003086802677,0.6320754716981132,0.4,0.2424242424242424,4620.0
39,all,R3,IF (PointsAjust IS Low) AND (TeamExp IS High) AND (Length IS Medium),Low,0.0,0.0,4851.768248726613,0.0,5684.003086802677,0.6320754716981132,0.4,0.2424242424242424,4620.0
39,all,R4,IF (PointsAjust IS Medium) AND (TeamExp IS High) AND (Length IS Low),Low,0.0,0.0,4851.768248726613,0.0,5684.003086802677,0.6320754716981132,0.4,0.2424242424242424,4620.0
39,all,R5,IF (PointsAjust IS Low) AND (TeamExp IS Low) AND (Length IS Low),Medium,0.0,0.0,5773.739074706305,0.0,5684.003086802677,0.6320754716981132,0.4,0.2424242424242424,4620.0
39,all,R6,IF (PointsAjust IS Medium) AND (TeamExp IS Medium) AND (Length IS Low),Medium,0.2922963302622427,0.6273271598833621,5773.739074706305,3622.0233356430967,5684.003086802677,0.6320754716981132,0.4,0.2424242424242424,4620.0
39,all,R7,IF (PointsAjust IS Low) AND (TeamExp IS Medium) AND (Length IS Medium),Medium,0.0,0.0,5773.739074706305,0.0,5684.003086802677,0.6320754716981132,0.4,0.2424242424242424,4620.0
39,all,R8,IF (PointsAjust IS Medium) AND (TeamExp IS High) AND (Length IS Medium),Medium,0.0,0.0,5773.739074706305,0.0,5684.003086802677,0.6320754716981132,0.4,0.2424242424242424,4620.0
39,all,R9,IF (PointsAjust IS Low) AND (TeamExp IS Low) AND (Length IS Medium),High,0.0,0.0,7155.339988437324,0.0,5684.003086802677,0.6320754716981132,0.4,0.2424242424242424,4620.0
39,all,R10,IF (PointsAjust IS Medium) AND (TeamExp IS Low) AND (Length IS Low),High,0.0,0.0,7155.339988437324,0.0,5684.003086802677,0.6320754716981132,0.4,0.2424242424242424,4620.0
39,all,R11,IF (PointsAjust IS Medium) AND (TeamExp IS Medium) AND (Length IS Medium),Medium,0.12440604965126349,0.2670005939863039,5773.739074706305,1541.591762468516,5684.003086802677,0.6320754716981132,0.4,0.2424242424242424,4620.0
39,all,R12,IF (PointsAjust IS High) AND (TeamExp IS High) AND (Length IS Low),Medium,0.0,0.0,5773.739074706305,0.0,5684.003086802677,0.6320754716981132,0.4,0.2424242424242424,4620.0
39,all,R13,IF (PointsAjust IS High) AND (TeamExp IS Medium) AND (Length IS Low),High,0.03453723718269681,0.07412391011751937,7155.339988437324,530.3817781632202,5684.003086802677,0.6320754716981132,0.4,0.2424242424242424,4620.0
39,all,R14,IF (PointsAjust IS High) AND (TeamExp IS High) AND (Length IS Medium),High,0.0,0.0,7155.339988437324,0.0,5684.003086802677,0.6320754716981132,0.4,0.2424242424242424,4620.0
39,all,R15,IF (PointsAjust IS Medium) AND (TeamExp IS Low) AND (Length IS Medium),High,0.0,0.0,7155.339988437324,0.0,5684.003086802677,0.6320754716981132,0.4,0.2424242424242424,4620.0
39,all,R16,IF (PointsAjust IS Low) AND (TeamExp IS Low) AND (Length IS High),High,0.0,0.0,7155.339988437324,0.0,5684.003086802677,0.6320754716981132,0.4,0.2424242424242424,4620.0
39,all,R17,IF (PointsAjust IS Medium) AND (TeamExp IS High) AND (Length IS High),High,0.0,0.0,7155.339988437324,0.0,5684.003086802677,0.6320754716981132,0.4,0.2424242424242424,4620.0
39,all,R18,IF (PointsAjust IS High) AND (TeamExp IS Medium) AND (Length IS Medium),Very_High,0.014699607209961128,0.03154833601281475,-316.7770708444691,-9.993789472156536,5684.003086802677,0.6320754716981132,0.4,0.2424242424242424,4620.0
39,all,R19,IF (PointsAjust IS Medium) AND (TeamExp IS Low) AND (Length IS High),Very_High,0.0,0.0,-316.7770708444691,-0.0,5684.003086802677,0.6320754716981132,0.4,0.2424242424242424,4620.0
39,all,R20,IF (PointsAjust IS High) AND (TeamExp IS Low) AND (Length IS High),Very_High,0.0,0.0,-316.7770708444691,-0.0,5684.003086802677,0.6320754716981132,0.4,0.2424242424242424,4620.0
40,all,R1,IF (PointsAjust IS Low) AND (TeamExp IS High) AND (Length IS Low),Very_Low,0.0,0.0,17856.784916303484,0.0,2311.2248949646996,1.0,0.6,1.0,2352.0
40,all,R2,IF (PointsAjust IS Low) AND (TeamExp IS Medium) AND (Length IS Low),Low,0.0,0.0,9792.68350782833,0.0,2311.2248949646996,1.0,0.6,1.0,2352.0
40,all,R3,IF (PointsAjust IS Low) AND (TeamExp IS High) AND (Length IS Medium),Low,0.0,0.0,9792.68350782833,0.0,2311.2248949646996,1.0,0.6,1.0,2352.0
40,all,R4,IF (PointsAjust IS Medium) AND (TeamExp IS High) AND (Length IS Low),Low,0.0,0.0,9792.68350782833,0.0,2311.2248949646996,1.0,0.6,1.0,2352.0
40,all,R5,IF (PointsAjust IS Low) AND (TeamExp IS Low) AND (Length IS Low),Medium,0.0,0.0,15550.812951683343,0.0,2311.2248949646996,1.0,0.6,1.0,2352.0
40,all,R6,IF (PointsAjust IS Medium) AND (TeamExp IS Medium) AND (Length IS Low),Medium,0.0,0.0,15550.812951683343,0.0,2311.2248949646996,1.0,0.6,1.0,2352.0
40,all,R7,IF (PointsAjust IS Low) AND (TeamExp IS Medium) AND (Length IS Medium),Medium,0.0,0.0,15550.812951683343,0.0,2311.2248949646996,1.0,0.6,1.0,2352.0
40,all,R8,IF (PointsAjust IS Medium) AND (TeamExp IS High) AND (Length IS Medium),Medium,0.0,0.0,15550.812951683343,0.0,2311.2248949646996,1.0,0.6,1.0,2352.0
40,all,R9,IF (PointsAjust IS Low) AND (TeamExp IS Low) AND (Length IS Medium),High,0.0,0.0,10937.326035069083,0.0,2311.2248949646996,1.0,0.6,1.0,2352.0
40,all,R10,IF (PointsAjust IS Medium) AND (TeamExp IS Low) AND (Length IS Low),High,0.0,0.0,10937.326035069083,0.0,2311.2248949646996,1.0,0.6,1.0,2352.0
40,all,R11,IF (PointsAjust IS Medium) AND (TeamExp IS Medium) AND (Length IS Medium),Medium,1.1967291556046022e-05,0.003851032355930255,15550.812951683343,59.88668383795183,2311.2248949646996,1.0,0.6,1.0,2352.0
40,all,R12,IF (PointsAjust IS High) AND (TeamExp IS High) AND (Length IS Low),Medium,0.0,0.0,15550.812951683343,0.0,2311.2248949646996,1.0,0.6,1.0,2352.0
40,all,R13,IF (PointsAjust IS High) AND (TeamExp IS Medium) AND (Length IS Low),High,0.0,0.0,10937.326035069083,0.0,2311.2248949646996,1.0,0.6,1.0,2352.0
40,all,R14,IF (PointsAjust IS High) AND (TeamExp IS High) AND (Length IS Medium),High,0.0,0.0,10937.326035069083,0.0,2311.2248949646996,1.0,0.6,1.0,2352.0
40,all,R15,IF (PointsAjust IS Medium) AND (TeamExp IS Low) AND (Length IS Medium),High,0.0,0.0,10937.326035069083,0.0,2311.2248949646996,1.0,0.6,1.0,2352.0
40,all,R16,IF (PointsAjust IS Low) AND (TeamExp IS Low) AND (Length IS High),High,0.0,0.0,10937.326035069083,0.0,2311.2248949646996,1.0,0.6,1.0,2352.0
40,all,R17,IF (PointsAjust IS Medium) AND (TeamExp IS High) AND (Length IS High),High,0.0,0.0,10937.326035069083,0.0,2311.2248949646996,1.0,0.6,1.0,2352.0
40,all,R18,IF (PointsAjust IS High) AND (TeamExp IS Medium) AND (Length IS Medium),Very_High,0.003095586852365241,0.9961489676440697,2260.041704857908,2251.3382111267483,2311.2248949646996,1.0,0.6,1.0,2352.0
40,all,R19,IF (PointsAjust IS Medium) AND (TeamExp IS Low) AND (Length IS High),Very_High,0.0,0.0,2260.041704857908,0.0,2311.2248949646996,1.0,0.6,1.0,2352.0
40,all,R20,IF (PointsAjust IS High) AND (TeamExp IS Low) AND (Length IS High),Very_High,0.0,0.0,2260.041704857908,0.0,2311.2248949646996,1.0,0.6,1.0,2352.0
41,all,R1,IF (PointsAjust IS Low) AND (TeamExp IS High) AND (Length IS Low),Very_Low,0.0,0.0,2553.271980177215,0.0,2390.5510842152703,0.0691823899371069,0.4,0.2727272727272727,2174.0
41,all,R2,IF (PointsAjust IS Low) AND (TeamExp IS Medium) AND (Length IS Low),Low,0.3093758147633123,0.5403205214902286,2030.994745464794,1097.3881400134517,2390.5510842152703,0.0691823899371069,0.4,0.2727272727272727,2174.0
41,all,R3,IF (PointsAjust IS Low) AND (TeamExp IS High) AND (Length IS Medium),Low,0.0,0.0,2030.994745464794,0.0,2390.5510842152703,0.0691823899371069,0.4,0.2727272727272727,2174.0
41,all,R4,IF (PointsAjust IS Medium) AND (TeamExp IS High) AND (Length IS Low),Low,0.0,0.0,2030.994745464794,0.0,2390.5510842152703,0.0691823899371069,0.4,0.2727272727272727,2174.0
41,all,R5,IF (PointsAjust IS Low) AND (TeamExp IS Low) AND (Length IS Low),Medium,0.0,0.0,2813.1839785280526,0.0,2390.5510842152703,0.0691823899371069,0.4,0.2727272727272727,2174.0
41,all,R6,IF (PointsAjust IS Medium) AND (TeamExp IS Medium) AND (Length IS Low),Medium,0.005002949237298921,0.00873758067661033,2813.1839785280526,24.580421970536484,2390.5510842152703,0.0691823899371069,0.4,0.2727272727272727,2174.0
41,all,R7,IF (PointsAjust IS Low) AND (TeamExp IS Medium) AND (Length IS Medium),Medium,0.25409062629706236,0.4437657152083508,2813.1839785280526,1248.394600244175,2390.5510842152703,0.0691823899371069,0.4,0.2727272727272727,2174.0
41,all,R8,IF (PointsAjust IS Medium) AND (TeamExp IS High) AND (Length IS Medium),Medium,0.0,0.0,2813.1839785280526,0.0,2390.5510842152703,0.0691823899371069,0.4,0.2727272727272727,2174.0
41,all,R9,IF (PointsAjust IS Low) AND (TeamExp IS Low) AND (Length IS Medium),High,0.0,0.0,633.3657600664617,0.0,2390.5510842152703,0.0691823899371069,0.4,0.2727272727272727,2174.0
41,all,R10,IF (PointsAjust IS Medium) AND (TeamExp IS Low) AND (Length IS Low),High,0.0,0.0,633.3657600664617,0.0,2390.5510842152703,0.0691823899371069,0.4,0.2727272727272727,2174.0
41,all,R11,IF (PointsAjust IS Medium) AND (TeamExp IS Medium) AND (Length IS Medium),Medium,0.004108926568840638,0.007176182624810358,2813.1839785280526,20.187921987107885,2390.5510842152703,0.0691823899371069,0.4,0.2727272727272727,2174.0
41,all,R12,IF (PointsAjust IS High) AND (TeamExp IS High) AND (Length IS Low),Medium,0.0,0.0,2813.1839785280526,0.0,2390.5510842152703,0.0691823899371069,0.4,0.2727272727272727,2174.0
41,all,R13,IF (PointsAjust IS High) AND (TeamExp IS Medium) AND (Length IS Low),High,0.0,0.0,633.3657600664617,0.0,2390.5510842152703,0.0691823899371069,0.4,0.2727272727272727,2174.0
41,all,R14,IF (PointsAjust IS High) AND (TeamExp IS High) AND (Length IS Medium),High,0.0,0.0,633.3657600664617,0.0,2390.5510842152703,0.0691823899371069,0.4,0.2727272727272727,2174.0
41,all,R15,IF (PointsAjust IS Medium) AND (TeamExp IS Low) AND (Length IS Medium),High,0.0,0.0,633.3657600664617,0.0,2390.5510842152703,0.0691823899371069,0.4,0.2727272727272727,2174.0
41,all,R16,IF (PointsAjust IS Low) AND (TeamExp IS Low) AND (Length IS High),High,0.0,0.0,633.3657600664617,0.0,2390.5510842152703,0.0691823899371069,0.4,0.2727272727272727,2174.0
41,all,R17,IF (PointsAjust IS Medium) AND (TeamExp IS High) AND (Length IS High),High,0.0,0.0,633.3657600664617,0.0,2390.5510842152703,0.0691823899371069,0.4,0.2727272727272727,2174.0
41,all,R18,IF (PointsAjust IS High) AND (TeamExp IS Medium) AND (Length IS Medium),Very_High,0.0,0.0,-754.7831281174156,-0.0,2390.5510842152703,0.0691823899371069,0.4,0.2727272727272727,2174.0
41,all,R19,IF (PointsAjust IS Medium) AND (TeamExp IS Low) AND (Length IS High),Very_High,0.0,0.0,-754.7831281174156,-0.0,2390.5510842152703,0.0691823899371069,0.4,0.2727272727272727,2174.0
41,all,R20,IF (PointsAjust IS High) AND (TeamExp IS Low) AND (Length IS High),Very_High,0.0,0.0,-754.7831281174156,-0.0,2390.5510842152703,0.0691823899371069,0.4,0.2727272727272727,2174.0
42,all,R1,IF (PointsAjust IS Low) AND (TeamExp IS High) AND (Length IS Low),Very_Low,0.0,0.0,7799.206178214298,0.0,6915.799838115594,0.3867924528301887,0.6,0.5151515151515151,6699.0
42,all,R2,IF (PointsAjust IS Low) AND (TeamExp IS Medium) AND (Length IS Low),Low,0.0,0.0,4817.764301846212,0.0,6915.799838115594,0.3867924528301887,0.6,0.5151515151515151,6699.0
42,all,R3,IF (PointsAjust IS Low) AND (TeamExp IS High) AND (Length IS Medium),Low,0.0,0.0,4817.764301846212,0.0,6915.799838115594,0.3867924528301887,0.6,0.5151515151515151,6699.0
42,all,R4,IF (PointsAjust IS Medium) AND (TeamExp IS High) AND (Length IS Low),Low,0.0,0.0,4817.764301846212,0.0,6915.799838115594,0.3867924528301887,0.6,0.5151515151515151,6699.0
42,all,R5,IF (PointsAjust IS Low) AND (TeamExp IS Low) AND (Length IS Low),Medium,0.0,0.0,6915.799838115595,0.0,6915.799838115594,0.3867924528301887,0.6,0.5151515151515151,6699.0
42,all,R6,IF (PointsAjust IS Medium) AND (TeamExp IS Medium) AND (Length IS Low),Medium,0.0,0.0,6915.799838115595,0.0,6915.799838115594,0.3867924528301887,0.6,0.5151515151515151,6699.0
42,all,R7,IF (PointsAjust IS Low) AND (TeamExp IS Medium) AND (Length IS Medium),Medium,0.0,0.0,6915.799838115595,0.0,6915.799838115594,0.3867924528301887,0.6,0.5151515151515151,6699.0
42,all,R8,IF (PointsAjust IS Medium) AND (TeamExp IS High) AND (Length IS Medium),Medium,0.0,0.0,6915.799838115595,0.0,6915.799838115594,0.3867924528301887,0.6,0.5151515151515151,6699.0
42,all,R9,IF (PointsAjust IS Low) AND (TeamExp IS Low) AND (Length IS Medium),High,0.0,0.0,3956.9798785789235,0.0,6915.799838115594,0.3867924528301887,0.6,0.5151515151515151,6699.0
42,all,R10,IF (PointsAjust IS Medium) AND (TeamExp IS Low) AND (Length IS Low),High,0.0,0.0,3956.9798785789235,0.0,6915.799838115594,0.3867924528301887,0.6,0.5151515151515151,6699.0
42,all,R11,IF (PointsAjust IS Medium) AND (TeamExp IS Medium) AND (Length IS Medium),Medium,0.5992223167203623,1.0,6915.799838115595,6915.799838115595,6915.799838115594,0.3867924528301887,0.6,0.5151515151515151,6699.0
42,all,R12,IF (PointsAjust IS High) AND (TeamExp IS High) AND (Length IS Low),Medium,0.0,0.0,6915.799838115595,0.0,6915.799838115594,0.3867924528301887,0.6,0.5151515151515151,6699.0
42,all,R13,IF (PointsAjust IS High) AND (TeamExp IS Medium) AND (Length IS Low),High,0.0,0.0,3956.9798785789235,0.0,6915.799838115594,0.3867924528301887,0.6,0.5151515151515151,6699.0
42,all,R14,IF (PointsAjust IS High) AND (TeamExp IS High) AND (Length IS Medium),High,0.0,0.0,3956.9798785789235,0.0,6915.799838115594,0.3867924528301887,0.6,0.5151515151515151,6699.0
42,all,R15,IF (PointsAjust IS Medium) AND (TeamExp IS Low) AND (Length IS Medium),High,0.0,0.0,3956.9798785789235,0.0,6915.799838115594,0.3867924528301887,0.6,0.5151515151515151,6699.0
42,all,R16,IF (PointsAjust IS Low) AND (TeamExp IS Low) AND (Length IS High),High,0.0,0.0,3956.9798785789235,0.0,6915.799838115594,0.3867924528301887,0.6,0.5151515151515151,6699.0
42,all,R17,IF (PointsAjust IS Medium) AND (TeamExp IS High) AND (Length IS High),High,0.0,0.0,3956.9798785789235,0.0,6915.799838115594,0.3867924528301887,0.6,0.5151515151515151,6699.0
42,all,R18,IF (PointsAjust IS High) AND (TeamExp IS Medium) AND (Length IS Medium),Very_High,0.0,0.0,151.80963755320454,0.0,6915.799838115594,0.3867924528301887,0.6,0.5151515151515151,6699.0
42,all,R19,IF (PointsAjust IS Medium) AND (TeamExp IS Low) AND (Length IS High),Very_High,0.0,0.0,151.80963755320454,0.0,6915.799838115594,0.3867924528301887,0.6,0.5151515151515151,6699.0
42,all,R20,IF (PointsAjust IS High) AND (TeamExp IS Low) AND (Length IS High),Very_High,0.0,0.0,151.80963755320454,0.0,6915.799838115594,0.3867924528301887,0.6,0.5151515151515151,6699.0
43,all,R1,IF (PointsAjust IS Low) AND (TeamExp IS High) AND (Length IS Low),Very_Low,0.0,0.0,5028.5046321314685,0.0,3388.4727705826085,0.2814465408805031,0.6,0.2424242424242424,4004.0
43,all,R2,IF (PointsAjust IS Low) AND (TeamExp IS Medium) AND (Length IS Low),Low,0.14762975893780217,0.3491042474948736,3267.3452976744447,1140.644121450551,3388.4727705826085,0.2814465408805031,0.6,0.2424242424242424,4004.0
43,all,R3,IF (PointsAjust IS Low) AND (TeamExp IS High) AND (Length IS Medium),Low,0.0,0.0,3267.3452976744447,0.0,3388.4727705826085,0.2814465408805031,0.6,0.2424242424242424,4004.0
43,all,R4,IF (PointsAjust IS Medium) AND (TeamExp IS High) AND (Length IS Low),Low,0.0,0.0,3267.3452976744447,0.0,3388.4727705826085,0.2814465408805031,0.6,0.2424242424242424,4004.0
43,all,R5,IF (PointsAjust IS Low) AND (TeamExp IS Low) AND (Length IS Low),Medium,0.0,0.0,3453.4388041107304,0.0,3388.4727705826085,0.2814465408805031,0.6,0.2424242424242424,4004.0
43,all,R6,IF (PointsAjust IS Medium) AND (TeamExp IS Medium) AND (Length IS Low),Medium,0.1490009842112458,0.35234682250600785,3453.4388041107304,1216.8081893473636,3388.4727705826085,0.2814465408805031,0.6,0.2424242424242424,4004.0
43,all,R7,IF (PointsAjust IS Low) AND (TeamExp IS Medium) AND (Length IS Medium),Medium,0.06283361513277508,0.14858441879290457,3453.4388041107304,513.1271975456563,3388.4727705826085,0.2814465408805031,0.6,0.2424242424242424,4004.0
43,all,R8,IF (PointsAjust IS Medium) AND (TeamExp IS High) AND (Length IS Medium),Medium,0.0,0.0,3453.4388041107304,0.0,3388.4727705826085,0.2814465408805031,0.6,0.2424242424242424,4004.0
43,all,R9,IF (PointsAjust IS Low) AND (TeamExp IS Low) AND (Length IS Medium),High,0.0,0.0,2803.3699832000443,0.0,3388.4727705826085,0.2814465408805031,0.6,0.2424242424242424,4004.0
43,all,R10,IF (PointsAjust IS Medium) AND (TeamExp IS Low) AND (Length IS Low),High,0.0,0.0,2803.3699832000443,0.0,3388.4727705826085,0.2814465408805031,0.6,0.2424242424242424,4004.0
43,all,R11,IF (PointsAjust IS Medium) AND (TeamExp IS Medium) AND (Length IS Medium),Medium,0.06341723080560288,0.14996451120621404,3453.4388041107304,517.893262239038,3388.4727705826085,0.2814465408805031,0.6,0.2424242424242424,4004.0
43,all,R12,IF (PointsAjust IS High) AND (TeamExp IS High) AND (Length IS Low),Medium,0.0,0.0,3453.4388041107304,0.0,3388.4727705826085,0.2814465408805031,0.6,0.2424242424242424,4004.0
43,all,R13,IF (PointsAjust IS High) AND (TeamExp IS Medium) AND (Length IS Low),High,0.0,0.0,2803.3699832000443,0.0,3388.4727705826085,0.2814465408805031,0.6,0.2424242424242424,4004.0
43,all,R14,IF (PointsAjust IS High) AND (TeamExp IS High) AND (Length IS Medium),High,0.0,0.0,2803.3699832000443,0.0,3388.4727705826085,0.2814465408805031,0.6,0.2424242424242424,4004.0
43,all,R15,IF (PointsAjust IS Medium) AND (TeamExp IS Low) AND (Length IS Medium),High,0.0,0.0,2803.3699832000443,0.0,3388.4727705826085,0.2814465408805031,0.6,0.2424242424242424,4004.0
43,all,R16,IF (PointsAjust IS Low) AND (TeamExp IS Low) AND (Length IS High),High,0.0,0.0,2803.3699832000443,0.0,3388.4727705826085,0.2814465408805031,0.6,0.2424242424242424,4004.0
43,all,R17,IF (PointsAjust IS Medium) AND (TeamExp IS High) AND (Length IS High),High,0.0,0.0,2803.3699832000443,0.0,3388.4727705826085,0.2814465408805031,0.6,0.2424242424242424,4004.0
43,all,R18,IF (PointsAjust IS High) AND (TeamExp IS Medium) AND (Length IS Medium),Very_High,0.0,0.0,-807.0194735507064,-0.0,3388.4727705826085,0.2814465408805031,0.6,0.2424242424242424,4004.0
43,all,R19,IF (PointsAjust IS Medium) AND (TeamExp IS Low) AND (Length IS High),Very_High,0.0,0.0,-807.0194735507064,-0.0,3388.4727705826085,0.2814465408805031,0.6,0.2424242424242424,4004.0
43,all,R20,IF (PointsAjust IS High) AND (TeamExp IS Low) AND (Length IS High),Very_High,0.0,0.0,-807.0194735507064,-0.0,3388.4727705826085,0.2814465408805031,0.6,0.2424242424242424,4004.0
44,all,R1,IF (PointsAjust IS Low) AND (TeamExp IS High) AND (Length IS Low),Very_Low,0.0,0.0,2247.323497399634,0.0,1995.552544170915,0.0644654088050314,0.6,0.2121212121212121,2331.0
44,all,R2,IF (PointsAjust IS Low) AND (TeamExp IS Medium) AND (Length IS Low),Low,0.5520235126168905,0.801181489096371,2025.80784179064,1623.0397433089304,1995.552544170915,0.0644654088050314,0.6,0.2121212121212121,2331.0
44,all,R3,IF (PointsAjust IS Low) AND (TeamExp IS High) AND (Length IS Medium),Low,0.0,0.0,2025.80784179064,0.0,1995.552544170915,0.0644654088050314,0.6,0.2121212121212121,2331.0
44,all,R4,IF (PointsAjust IS Medium) AND (TeamExp IS High) AND (Length IS Low),Low,0.0,0.0,2025.80784179064,0.0,1995.552544170915,0.0644654088050314,0.6,0.2121212121212121,2331.0
44,all,R5,IF (PointsAjust IS Low) AND (TeamExp IS Low) AND (Length IS Low),Medium,0.0,0.0,1873.6323854801872,0.0,1995.552544170915,0.0644654088050314,0.6,0.2121212121212121,2331.0
44,all,R6,IF (PointsAjust IS Medium) AND (TeamExp IS Medium) AND (Length IS Low),Medium,0.008151882319896265,0.011831266362245586,1873.6323854801872,22.167443817545692,1995.552544170915,0.0644654088050314,0.6,0.2121212121212121,2331.0
44,all,R7,IF (PointsAjust IS Low) AND (TeamExp IS Medium) AND (Length IS Medium),Medium,0.12696154501052237,0.184266136069643,1873.6323854801872,345.247000087382,1995.552544170915,0.0644654088050314,0.6,0.2121212121212121,2331.0
44,all,R8,IF (PointsAjust IS Medium) AND (TeamExp IS High) AND (Length IS Medium),Medium,0.0,0.0,1873.6323854801872,0.0,1995.552544170915,0.0644654088050314,0.6,0.2121212121212121,2331.0
44,all,R9,IF (PointsAjust IS Low) AND (TeamExp IS Low) AND (Length IS Medium),High,0.0,0.0,299.41430474346663,0.0,1995.552544170915,0.0644654088050314,0.6,0.2121212121212121,2331.0
44,all,R10,IF (PointsAjust IS Medium) AND (TeamExp IS Low) AND (Length IS Low),High,0.0,0.0,299.41430474346663,0.0,1995.552544170915,0.0644654088050314,0.6,0.2121212121212121,2331.0
44,all,R11,IF (PointsAjust IS Medium) AND (TeamExp IS Medium) AND (Length IS Medium),Medium,0.0018748758892019764,0.002721108471740414,1873.6323854801872,5.098356957057338,1995.552544170915,0.0644654088050314,0.6,0.2121212121212121,2331.0
44,all,R12,IF (PointsAjust IS High) AND (TeamExp IS High) AND (Length IS Low),Medium,0.0,0.0,1873.6323854801872,0.0,1995.552544170915,0.0644654088050314,0.6,0.2121212121212121,2331.0
44,all,R13,IF (PointsAjust IS High) AND (TeamExp IS Medium) AND (Length IS Low),High,0.0,0.0,299.41430474346663,0.0,1995.552544170915,0.0644654088050314,0.6,0.2121212121212121,2331.0
44,all,R14,IF (PointsAjust IS High) AND (TeamExp IS High) AND (Length IS Medium),High,0.0,0.0,299.41430474346663,0.0,1995.552544170915,0.0644654088050314,0.6,0.2121212121212121,2331.0
44,all,R15,IF (PointsAjust IS Medium) AND (TeamExp IS Low) AND (Length IS Medium),High,0.0,0.0,299.41430474346663,0.0,1995.552544170915,0.0644654088050314,0.6,0.2121212121212121,2331.0
44,all,R16,IF (PointsAjust IS Low) AND (TeamExp IS Low) AND (Length IS High),High,0.0,0.0,299.41430474346663,0.0,1995.552544170915,0.0644654088050314,0.6,0.2121212121212121,2331.0
44,all,R17,IF (PointsAjust IS Medium) AND (TeamExp IS High) AND (Length IS High),High,0.0,0.0,299.41430474346663,0.0,1995.552544170915,0.0644654088050314,0.6,0.2121212121212121,2331.0
44,all,R18,IF (PointsAjust IS High) AND (TeamExp IS Medium) AND (Length IS Medium),Very_High,0.0,0.0,-1108.0946807271282,-0.0,1995.552544170915,0.0644654088050314,0.6,0.2121212121212121,2331.0
44,all,R19,IF (PointsAjust IS Medium) AND (TeamExp IS Low) AND (Length IS High),Very_High,0.0,0.0,-1108.0946807271282,-0.0,1995.552544170915,0.0644654088050314,0.6,0.2121212121212121,2331.0
44,all,R20,IF (PointsAjust IS High) AND (TeamExp IS Low) AND (Length IS High),Very_High,0.0,0.0,-1108.0946807271282,-0.0,1995.552544170915,0.0644654088050314,0.6,0.2121212121212121,2331.0
45,all,R1,IF (PointsAjust IS Low) AND (TeamExp IS High) AND (Length IS Low),Very_Low,0.19578449590242056,0.46115757679996,4184.7507331884635,1929.8295076290478,3556.0811383115915,0.2044025157232704,0.8,0.2424242424242424,5817.0
45,all,R2,IF (PointsAjust IS Low) AND (TeamExp IS Medium) AND (Length IS Low),Low,0.05299310041258301,0.12482178254586504,3108.007239548362,387.94700380587994,3556.0811383115915,0.2044025157232704,0.8,0.2424242424242424,5817.0
45,all,R3,IF (PointsAjust IS Low) AND (TeamExp IS High) AND (Length IS Medium),Low,0.0833290506806284,0.19627612958725887,3108.007239548362,610.027631707733,3556.0811383115915,0.2044025157232704,0.8,0.2424242424242424,5817.0
45,all,R4,IF (PointsAjust IS Medium) AND (TeamExp IS High) AND (Length IS Low),Low,0.0385808310497984,0.09087462455005212,3108.007239548362,282.4389909928013,3556.0811383115915,0.2044025157232704,0.8,0.2424242424242424,5817.0
45,all,R5,IF (PointsAjust IS Low) AND (TeamExp IS Low) AND (Length IS Low),Medium,0.0,0.0,2725.9266455650163,0.0,3556.0811383115915,0.2044025157232704,0.8,0.2424242424242424,5817.0
45,all,R6,IF (PointsAjust IS Medium) AND (TeamExp IS Medium) AND (Length IS Low),Medium,0.010442695395256728,0.024597086105004266,2725.9266455650163,67.04985241688816,3556.0811383115915,0.2044025157232704,0.8,0.2424242424242424,5817.0
45,all,R7,IF (PointsAjust IS Low) AND (TeamExp IS Medium) AND (Length IS Medium),Medium,0.022554721351401782,0.05312617118055552,2725.9266455650163,144.81804559792457,3556.0811383115915,0.2044025157232704,0.8,0.2424242424242424,5817.0
45,all,R8,IF (PointsAjust IS Medium) AND (TeamExp IS High) AND (Length IS Medium),Medium,0.016420626214711753,0.038677711224327595,2725.9266455650163,105.4326036158637,3556.0811383115915,0.2044025157232704,0.8,0.2424242424242424,5817.0
45,all,R9,IF (PointsAjust IS Low) AND (TeamExp IS Low) AND (Length IS Medium),High,0.0,0.0,1617.7544210836827,0.0,3556.0811383115915,0.2044025157232704,0.8,0.2424242424242424,5817.0
45,all,R10,IF (PointsAjust IS Medium) AND (TeamExp IS Low) AND (Length IS Low),High,0.0,0.0,1617.7544210836827,0.0,3556.0811383115915,0.2044025157232704,0.8,0.2424242424242424,5817.0
45,all,R11,IF (PointsAjust IS Medium) AND (TeamExp IS Medium) AND (Length IS Medium),Medium,0.004444580199381122,0.010468918006976571,2725.9266455650163,28.537502545452842,3556.0811383115915,0.2044025157232704,0.8,0.2424242424242424,5817.0
45,all,R12,IF (PointsAjust IS High) AND (TeamExp IS High) AND (Length IS Low),Medium,0.0,0.0,2725.9266455650163,0.0,3556.0811383115915,0.2044025157232704,0.8,0.2424242424242424,5817.0
45,all,R13,IF (PointsAjust IS High) AND (TeamExp IS Medium) AND (Length IS Low),High,0.0,0.0,1617.7544210836827,0.0,3556.0811383115915,0.2044025157232704,0.8,0.2424242424242424,5817.0
45,all,R14,IF (PointsAjust IS High) AND (TeamExp IS High) AND (Length IS Medium),High,0.0,0.0,1617.7544210836827,0.0,3556.0811383115915,0.2044025157232704,0.8,0.2424242424242424,5817.0
45,all,R15,IF (PointsAjust IS Medium) AND (TeamExp IS Low) AND (Length IS Medium),High,0.0,0.0,1617.7544210836827,0.0,3556.0811383115915,0.2044025157232704,0.8,0.2424242424242424,5817.0
45,all,R16,IF (PointsAjust IS Low) AND (TeamExp IS Low) AND (Length IS High),High,0.0,0.0,1617.7544210836827,0.0,3556.0811383115915,0.2044025157232704,0.8,0.2424242424242424,5817.0
45,all,R17,IF (PointsAjust IS Medium) AND (TeamExp IS High) AND (Length IS High),High,0.0,0.0,1617.7544210836827,0.0,3556.0811383115915,0.2044025157232704,0.8,0.2424242424242424,5817.0
45,all,R18,IF (PointsAjust IS High) AND (TeamExp IS Medium) AND (Length IS Medium),Very_High,0.0,0.0,-1037.987400421883,-0.0,3556.0811383115915,0.2044025157232704,0.8,0.2424242424242424,5817.0
45,all,R19,IF (PointsAjust IS Medium) AND (TeamExp IS Low) AND (Length IS High),Very_High,0.0,0.0,-1037.987400421883,-0.0,3556.0811383115915,0.2044025157232704,0.8,0.2424242424242424,5817.0
45,all,R20,IF (PointsAjust IS High) AND (TeamExp IS Low) AND (Length IS High),Very_High,0.0,0.0,-1037.987400421883,-0.0,3556.0811383115915,0.2044025157232704,0.8,0.2424242424242424,5817.0
46,all,R1,IF (PointsAjust IS Low) AND (TeamExp IS High) AND (Length IS Low),Very_Low,0.0,0.0,3084.5648097335043,0.0,2298.2024622561557,0.1477987421383647,0.6,0.1818181818181818,2989.0
46,all,R2,IF (PointsAjust IS Low) AND (TeamExp IS Medium) AND (Length IS Low),Low,0.6733473615436796,0.8355338807796047,2348.5877109004114,1962.3246044399089,2298.2024622561557,0.1477987421383647,0.6,0.1818181818181818,2989.0
46,all,R3,IF (PointsAjust IS Low) AND (TeamExp IS High) AND (Length IS Medium),Low,0.0,0.0,2348.5877109004114,0.0,2298.2024622561557,0.1477987421383647,0.6,0.1818181818181818,2989.0
46,all,R4,IF (PointsAjust IS Medium) AND (TeamExp IS High) AND (Length IS Low),Low,0.0,0.0,2348.5877109004114,0.0,2298.2024622561557,0.1477987421383647,0.6,0.1818181818181818,2989.0
46,all,R5,IF (PointsAjust IS Low) AND (TeamExp IS Low) AND (Length IS Low),Medium,0.0,0.0,2042.2313082377073,0.0,2298.2024622561557,0.1477987421383647,0.6,0.1818181818181818,2989.0
46,all,R6,IF (PointsAjust IS Medium) AND (TeamExp IS Medium) AND (Length IS Low),Medium,0.04276370144725515,0.05306402529715367,2042.2313082377073,108.36901380296493,2298.2024622561557,0.1477987421383647,0.6,0.1818181818181818,2989.0
46,all,R7,IF (PointsAjust IS Low) AND (TeamExp IS Medium) AND (Length IS Medium),Medium,0.08441647847769772,0.10474954220139664,2042.2313082377073,213.9227946072592,2298.2024622561557,0.1477987421383647,0.6,0.1818181818181818,2989.0
46,all,R8,IF (PointsAjust IS Medium) AND (TeamExp IS High) AND (Length IS Medium),Medium,0.0,0.0,2042.2313082377073,0.0,2298.2024622561557,0.1477987421383647,0.6,0.1818181818181818,2989.0
46,all,R9,IF (PointsAjust IS Low) AND (TeamExp IS Low) AND (Length IS Medium),High,0.0,0.0,1271.1695379885834,0.0,2298.2024622561557,0.1477987421383647,0.6,0.1818181818181818,2989.0
46,all,R10,IF (PointsAjust IS Medium) AND (TeamExp IS Low) AND (Length IS Low),High,0.0,0.0,1271.1695379885834,0.0,2298.2024622561557,0.1477987421383647,0.6,0.1818181818181818,2989.0
46,all,R11,IF (PointsAjust IS Medium) AND (TeamExp IS Medium) AND (Length IS Medium),Medium,0.005361216645407067,0.00665255172184498,2042.2313082377073,13.586049406022486,2298.2024622561557,0.1477987421383647,0.6,0.1818181818181818,2989.0
46,all,R12,IF (PointsAjust IS High) AND (TeamExp IS High) AND (Length IS Low),Medium,0.0,0.0,2042.2313082377073,0.0,2298.2024622561557,0.1477987421383647,0.6,0.1818181818181818,2989.0
46,all,R13,IF (PointsAjust IS High) AND (TeamExp IS Medium) AND (Length IS Low),High,0.0,0.0,1271.1695379885834,0.0,2298.2024622561557,0.1477987421383647,0.6,0.1818181818181818,2989.0
46,all,R14,IF (PointsAjust IS High) AND (TeamExp IS High) AND (Length IS Medium),High,0.0,0.0,1271.1695379885834,0.0,2298.2024622561557,0.1477987421383647,0.6,0.1818181818181818,2989.0
46,all,R15,IF (PointsAjust IS Medium) AND (TeamExp IS Low) AND (Length IS Medium),High,0.0,0.0,1271.1695379885834,0.0,2298.2024622561557,0.1477987421383647,0.6,0.1818181818181818,2989.0
46,all,R16,IF (PointsAjust IS Low) AND (TeamExp IS Low) AND (Length IS High),High,0.0,0.0,1271.1695379885834,0.0,2298.2024622561557,0.1477987421383647,0.6,0.1818181818181818,2989.0
46,all,R17,IF (PointsAjust IS Medium) AND (TeamExp IS High) AND (Length IS High),High,0.0,0.0,1271.1695379885834,0.0,2298.2024622561557,0.1477987421383647,0.6,0.1818181818181818,2989.0
46,all,R18,IF (PointsAjust IS High) AND (TeamExp IS Medium) AND (Length IS Medium),Very_High,0.0,0.0,-1124.5639977627652,-0.0,2298.2024622561557,0.1477987421383647,0.6,0.1818181818181818,2989.0
46,all,R19,IF (PointsAjust IS Medium) AND (TeamExp IS Low) AND (Length IS High),Very_High,0.0,0.0,-1124.5639977627652,-0.0,2298.2024622561557,0.1477987421383647,0.6,0.1818181818181818,2989.0
46,all,R20,IF (PointsAjust IS High) AND (TeamExp IS Low) AND (Length IS High),Very_High,0.0,0.0,-1124.5639977627652,-0.0,2298.2024622561557,0.1477987421383647,0.6,0.1818181818181818,2989.0
47,all,R1,IF (PointsAjust IS Low) AND (TeamExp IS High) AND (Length IS Low),Very_Low,0.4962121212121214,0.7133525347392083,2528.658239014917,1803.824764290474,2433.053950648957,0.1084905660377358,0.8,0.1515151515151515,3136.0
47,all,R2,IF (PointsAjust IS Low) AND (TeamExp IS Medium) AND (Length IS Low),Low,0.13431001593936556,0.19308353467297254,2274.5153730630873,439.1714678990357,2433.053950648957,0.1084905660377358,0.8,0.1515151515151515,3136.0
47,all,R3,IF (PointsAjust IS Low) AND (TeamExp IS High) AND (Length IS Medium),Low,0.03364632657872832,0.04836982275033699,2274.5153730630873,110.01790543797814,2433.053950648957,0.1084905660377358,0.8,0.1515151515151515,3136.0
47,all,R4,IF (PointsAjust IS Medium) AND (TeamExp IS High) AND (Length IS Low),Low,0.01645763241356057,0.023659425669291377,2274.5153730630873,53.81372740264666,2433.053950648957,0.1084905660377358,0.8,0.1515151515151515,3136.0
47,all,R5,IF (PointsAjust IS Low) AND (TeamExp IS Low) AND (Length IS Low),Medium,0.0,0.0,1217.8533871078712,0.0,2433.053950648957,0.1084905660377358,0.8,0.1515151515151515,3136.0
47,all,R6,IF (PointsAjust IS Medium) AND (TeamExp IS Medium) AND (Length IS Low),Medium,0.004454596688186552,0.0064039101483382615,1217.8533871078712,7.799023664888222,2433.053950648957,0.1084905660377358,0.8,0.1515151515151515,3136.0
47,all,R7,IF (PointsAjust IS Low) AND (TeamExp IS Medium) AND (Length IS Medium),Medium,0.009107070274807528,0.013092287324043208,1217.8533871078712,15.944486462575469,2433.053950648957,0.1084905660377358,0.8,0.1515151515151515,3136.0
47,all,R8,IF (PointsAjust IS Medium) AND (TeamExp IS High) AND (Length IS Medium),Medium,0.0011159317784230644,0.0016042590027619014,1217.8533871078712,1.9537522603118773,2433.053950648957,0.1084905660377358,0.8,0.1515151515151515,3136.0
47,all,R9,IF (PointsAjust IS Low) AND (TeamExp IS Low) AND (Length IS Medium),High,0.0,0.0,529.5834685971861,0.0,2433.053950648957,0.1084905660377358,0.8,0.1515151515151515,3136.0
47,all,R10,IF (PointsAjust IS Medium) AND (TeamExp IS Low) AND (Length IS Low),High,0.0,0.0,529.5834685971861,0.0,2433.053950648957,0.1084905660377358,0.8,0.1515151515151515,3136.0
47,all,R11,IF (PointsAjust IS Medium) AND (TeamExp IS Medium) AND (Length IS Medium),Medium,0.0003020498866112444,0.0004342256930473351,1217.8533871078712,0.5288232310469598,2433.053950648957,0.1084905660377358,0.8,0.1515151515151515,3136.0
47,all,R12,IF (PointsAjust IS High) AND (TeamExp IS High) AND (Length IS Low),Medium,0.0,0.0,1217.8533871078712,0.0,2433.053950648957,0.1084905660377358,0.8,0.1515151515151515,3136.0
47,all,R13,IF (PointsAjust IS High) AND (TeamExp IS Medium) AND (Length IS Low),High,0.0,0.0,529.5834685971861,0.0,2433.053950648957,0.1084905660377358,0.8,0.1515151515151515,3136.0
47,all,R14,IF (PointsAjust IS High) AND (TeamExp IS High) AND (Length IS Medium),High,0.0,0.0,529.5834685971861,0.0,2433.053950648957,0.1084905660377358,0.8,0.1515151515151515,3136.0
47,all,R15,IF (PointsAjust IS Medium) AND (TeamExp IS Low) AND (Length IS Medium),High,0.0,0.0,529.5834685971861,0.0,2433.053950648957,0.1084905660377358,0.8,0.1515151515151515,3136.0
47,all,R16,IF (PointsAjust IS Low) AND (TeamExp IS Low) AND (Length IS High),High,0.0,0.0,529.5834685971861,0.0,2433.053950648957,0.1084905660377358,0.8,0.1515151515151515,3136.0
47,all,R17,IF (PointsAjust IS Medium) AND (TeamExp IS High) AND (Length IS High),High,0.0,0.0,529.5834685971861,0.0,2433.053950648957,0.1084905660377358,0.8,0.1515151515151515,3136.0
47,all,R18,IF (PointsAjust IS High) AND (TeamExp IS Medium) AND (Length IS Medium),Very_High,0.0,0.0,-1415.2136543087556,-0.0,2433.053950648957,0.1084905660377358,0.8,0.1515151515151515,3136.0
47,all,R19,IF (PointsAjust IS Medium) AND (TeamExp IS Low) AND (Length IS High),Very_High,0.0,0.0,-1415.2136543087556,-0.0,2433.053950648957,0.1084905660377358,0.8,0.1515151515151515,3136.0
47,all,R20,IF (PointsAjust IS High) AND (TeamExp IS Low) AND (Length IS High),Very_High,0.0,0.0,-1415.2136543087556,-0.0,2433.053950648957,0.1084905660377358,0.8,0.1515151515151515,3136.0
48,all,R1,IF (PointsAjust IS Low) AND (TeamExp IS High) AND (Length IS Low),Very_Low,0.0,0.0,3341.5899739311585,0.0,3508.3854215689776,0.1069182389937107,0.4,0.3333333333333333,2583.0
48,all,R2,IF (PointsAjust IS Low) AND (TeamExp IS Medium) AND (Length IS Low),Low,0.066728116909734,0.12963379895161853,2450.153605408417,317.62271988409805,3508.3854215689776,0.1069182389937107,0.4,0.3333333333333333,2583.0
48,all,R3,IF (PointsAjust IS Low) AND (TeamExp IS High) AND (Length IS Medium),Low,0.0,0.0,2450.153605408417,0.0,3508.3854215689776,0.1069182389937107,0.4,0.3333333333333333,2583.0
48,all,R4,IF (PointsAjust IS Medium) AND (TeamExp IS High) AND (Length IS Low),Low,0.0,0.0,2450.153605408417,0.0,3508.3854215689776,0.1069182389937107,0.4,0.3333333333333333,2583.0
48,all,R5,IF (PointsAjust IS Low) AND (TeamExp IS Low) AND (Length IS Low),Medium,0.0,0.0,3666.0002397169296,0.0,3508.3854215689776,0.1069182389937107,0.4,0.3333333333333333,2583.0
48,all,R6,IF (PointsAjust IS Medium) AND (TeamExp IS Medium) AND (Length IS Low),Medium,0.0021532927154970637,0.00418323681068859,3666.0002397169296,15.335747150777054,3508.3854215689776,0.1069182389937107,0.4,0.3333333333333333,2583.0
48,all,R7,IF (PointsAjust IS Low) AND (TeamExp IS Medium) AND (Length IS Medium),Medium,0.4319237664592865,0.8391053321548344,3666.0002397169296,3076.1603488273768,3508.3854215689776,0.1069182389937107,0.4,0.3333333333333333,2583.0
48,all,R8,IF (PointsAjust IS Medium) AND (TeamExp IS High) AND (Length IS Medium),Medium,0.0,0.0,3666.0002397169296,0.0,3508.3854215689776,0.1069182389937107,0.4,0.3333333333333333,2583.0
48,all,R9,IF (PointsAjust IS Low) AND (TeamExp IS Low) AND (Length IS Medium),High,0.0,0.0,1055.522406252774,0.0,3508.3854215689776,0.1069182389937107,0.4,0.3333333333333333,2583.0
48,all,R10,IF (PointsAjust IS Medium) AND (TeamExp IS Low) AND (Length IS Low),High,0.0,0.0,1055.522406252774,0.0,3508.3854215689776,0.1069182389937107,0.4,0.3333333333333333,2583.0
48,all,R11,IF (PointsAjust IS Medium) AND (TeamExp IS Medium) AND (Length IS Medium),Medium,0.013938027072230533,0.02707763208285854,3666.0002397169296,99.26660570672624,3508.3854215689776,0.1069182389937107,0.4,0.3333333333333333,2583.0
48,all,R12,IF (PointsAjust IS High) AND (TeamExp IS High) AND (Length IS Low),Medium,0.0,0.0,3666.0002397169296,0.0,3508.3854215689776,0.1069182389937107,0.4,0.3333333333333333,2583.0
48,all,R13,IF (PointsAjust IS High) AND (TeamExp IS Medium) AND (Length IS Low),High,0.0,0.0,1055.522406252774,0.0,3508.3854215689776,0.1069182389937107,0.4,0.3333333333333333,2583.0
48,all,R14,IF (PointsAjust IS High) AND (TeamExp IS High) AND (Length IS Medium),High,0.0,0.0,1055.522406252774,0.0,3508.3854215689776,0.1069182389937107,0.4,0.3333333333333333,2583.0
48,all,R15,IF (PointsAjust IS Medium) AND (TeamExp IS Low) AND (Length IS Medium),High,0.0,0.0,1055.522406252774,0.0,3508.3854215689776,0.1069182389937107,0.4,0.3333333333333333,2583.0
48,all,R16,IF (PointsAjust IS Low) AND (TeamExp IS Low) AND (Length IS High),High,0.0,0.0,1055.522406252774,0.0,3508.3854215689776,0.1069182389937107,0.4,0.3333333333333333,2583.0
48,all,R17,IF (PointsAjust IS Medium) AND (TeamExp IS High) AND (Length IS High),High,0.0,0.0,1055.522406252774,0.0,3508.3854215689776,0.1069182389937107,0.4,0.3333333333333333,2583.0
48,all,R18,IF (PointsAjust IS High) AND (TeamExp IS Medium) AND (Length IS Medium),Very_High,0.0,0.0,-528.1336787670733,-0.0,3508.3854215689776,0.1069182389937107,0.4,0.3333333333333333,2583.0
48,all,R19,IF (PointsAjust IS Medium) AND (TeamExp IS Low) AND (Length IS High),Very_High,0.0,0.0,-528.1336787670733,-0.0,3508.3854215689776,0.1069182389937107,0.4,0.3333333333333333,2583.0
48,all,R20,IF (PointsAjust IS High) AND (TeamExp IS Low) AND (Length IS High),Very_High,0.0,0.0,-528.1336787670733,-0.0,3508.3854215689776,0.1069182389937107,0.4,0.3333333333333333,2583.0
49,all,R1,IF (PointsAjust IS Low) AND (TeamExp IS High) AND (Length IS Low),Very_Low,0.0,0.0,3815.20547747379,0.0,3738.6049091567133,0.1462264150943396,0.4,0.3333333333333333,3647.0
49,all,R2,IF (PointsAjust IS Low) AND (TeamExp IS Medium) AND (Length IS Low),Low,0.066728116909734,0.12600928653015417,2654.907181978257,334.54295980486233,3738.6049091567133,0.1462264150943396,0.4,0.3333333333333333,3647.0
49,all,R3,IF (PointsAjust IS Low) AND (TeamExp IS High) AND (Length IS Medium),Low,0.0,0.0,2654.907181978257,0.0,3738.6049091567133,0.1462264150943396,0.4,0.3333333333333333,3647.0
49,all,R4,IF (PointsAjust IS Medium) AND (TeamExp IS High) AND (Length IS Low),Low,0.0,0.0,2654.907181978257,0.0,3738.6049091567133,0.1462264150943396,0.4,0.3333333333333333,3647.0
49,all,R5,IF (PointsAjust IS Low) AND (TeamExp IS Low) AND (Length IS Low),Medium,0.0,0.0,3894.84910639076,0.0,3738.6049091567133,0.1462264150943396,0.4,0.3333333333333333,3647.0
49,all,R6,IF (PointsAjust IS Medium) AND (TeamExp IS Medium) AND (Length IS Low),Medium,0.004134587361863298,0.007807749232152929,3894.84910639076,30.410005119773977,3738.6049091567133,0.1462264150943396,0.4,0.3333333333333333,3647.0
49,all,R7,IF (PointsAjust IS Low) AND (TeamExp IS Medium) AND (Length IS Medium),Medium,0.4319237664592865,0.8156442616322676,3894.84910639076,3176.8113235511887,3738.6049091567133,0.1462264150943396,0.4,0.3333333333333333,3647.0
49,all,R8,IF (PointsAjust IS Medium) AND (TeamExp IS High) AND (Length IS Medium),Medium,0.0,0.0,3894.84910639076,0.0,3738.6049091567133,0.1462264150943396,0.4,0.3333333333333333,3647.0
49,all,R9,IF (PointsAjust IS Low) AND (TeamExp IS Low) AND (Length IS Medium),High,0.0,0.0,1510.458389459802,0.0,3738.6049091567133,0.1462264150943396,0.4,0.3333333333333333,3647.0
49,all,R10,IF (PointsAjust IS Medium) AND (TeamExp IS Low) AND (Length IS Low),High,0.0,0.0,1510.458389459802,0.0,3738.6049091567133,0.1462264150943396,0.4,0.3333333333333333,3647.0
49,all,R11,IF (PointsAjust IS Medium) AND (TeamExp IS Medium) AND (Length IS Medium),Medium,0.02676272954782652,0.050538702605425256,3894.84910639076,196.84062068088895,3738.6049091567133,0.1462264150943396,0.4,0.3333333333333333,3647.0
49,all,R12,IF (PointsAjust IS High) AND (TeamExp IS High) AND (Length IS Low),Medium,0.0,0.0,3894.84910639076,0.0,3738.6049091567133,0.1462264150943396,0.4,0.3333333333333333,3647.0
49,all,R13,IF (PointsAjust IS High) AND (TeamExp IS Medium) AND (Length IS Low),High,0.0,0.0,1510.458389459802,0.0,3738.6049091567133,0.1462264150943396,0.4,0.3333333333333333,3647.0
49,all,R14,IF (PointsAjust IS High) AND (TeamExp IS High) AND (Length IS Medium),High,0.0,0.0,1510.458389459802,0.0,3738.6049091567133,0.1462264150943396,0.4,0.3333333333333333,3647.0
49,all,R15,IF (PointsAjust IS Medium) AND (TeamExp IS Low) AND (Length IS Medium),High,0.0,0.0,1510.458389459802,0.0,3738.6049091567133,0.1462264150943396,0.4,0.3333333333333333,3647.0
49,all,R16,IF (PointsAjust IS Low) AND (TeamExp IS Low) AND (Length IS High),High,0.0,0.0,1510.458389459802,0.0,3738.6049091567133,0.1462264150943396,0.4,0.3333333333333333,3647.0
49,all,R17,IF (PointsAjust IS Medium) AND (TeamExp IS High) AND (Length IS High),High,0.0,0.0,1510.458389459802,0.0,3738.6049091567133,0.1462264150943396,0.4,0.3333333333333333,3647.0
49,all,R18,IF (PointsAjust IS High) AND (TeamExp IS Medium) AND (Length IS Medium),Very_High,0.0,0.0,-490.8815989057141,-0.0,3738.6049091567133,0.1462264150943396,0.4,0.3333333333333333,3647.0
49,all,R19,IF (PointsAjust IS Medium) AND (TeamExp IS Low) AND (Length IS High),Very_High,0.0,0.0,-490.8815989057141,-0.0,3738.6049091567133,0.1462264150943396,0.4,0.3333333333333333,3647.0
49,all,R20,IF (PointsAjust IS High) AND (TeamExp IS Low) AND (Length IS High),Very_High,0.0,0.0,-490.8815989057141,-0.0,3738.6049091567133,0.1462264150943396,0.4,0.3333333333333333,3647.0
50,all,R1,IF (PointsAjust IS Low) AND (TeamExp IS High) AND (Length IS Low),Very_Low,0.0,0.0,7845.29493628393,0.0,5438.494181307624,0.4528301886792453,0.8,0.3636363636363636,8232.0
50,all,R2,IF (PointsAjust IS Low) AND (TeamExp IS Medium) AND (Length IS Low),Low,0.0,0.0,4847.240696342904,0.0,5438.494181307624,0.4528301886792453,0.8,0.3636363636363636,8232.0
50,all,R3,IF (PointsAjust IS Low) AND (TeamExp IS High) AND (Length IS Medium),Low,0.0,0.0,4847.240696342904,0.0,5438.494181307624,0.4528301886792453,0.8,0.3636363636363636,8232.0
50,all,R4,IF (PointsAjust IS Medium) AND (TeamExp IS High) AND (Length IS Low),Low,0.0,0.0,4847.240696342904,0.0,5438.494181307624,0.4528301886792453,0.8,0.3636363636363636,8232.0
50,all,R5,IF (PointsAjust IS Low) AND (TeamExp IS Low) AND (Length IS Low),Medium,0.0,0.0,5438.494181307624,0.0,5438.494181307624,0.4528301886792453,0.8,0.3636363636363636,8232.0
50,all,R6,IF (PointsAjust IS Medium) AND (TeamExp IS Medium) AND (Length IS Low),Medium,0.0,0.0,5438.494181307624,0.0,5438.494181307624,0.4528301886792453,0.8,0.3636363636363636,8232.0
50,all,R7,IF (PointsAjust IS Low) AND (TeamExp IS Medium) AND (Length IS Medium),Medium,0.0,0.0,5438.494181307624,0.0,5438.494181307624,0.4528301886792453,0.8,0.3636363636363636,8232.0
50,all,R8,IF (PointsAjust IS Medium) AND (TeamExp IS High) AND (Length IS Medium),Medium,0.31480100569808306,0.7869860421615986,5438.494181307624,4280.019011066171,5438.494181307624,0.4528301886792453,0.8,0.3636363636363636,8232.0
50,all,R9,IF (PointsAjust IS Low) AND (TeamExp IS Low) AND (Length IS Medium),High,0.0,0.0,4463.7860395672315,0.0,5438.494181307624,0.4528301886792453,0.8,0.3636363636363636,8232.0
50,all,R10,IF (PointsAjust IS Medium) AND (TeamExp IS Low) AND (Length IS Low),High,0.0,0.0,4463.7860395672315,0.0,5438.494181307624,0.4528301886792453,0.8,0.3636363636363636,8232.0
50,all,R11,IF (PointsAjust IS Medium) AND (TeamExp IS Medium) AND (Length IS Medium),Medium,0.08520736653864112,0.21301395783840135,5438.494181307624,1158.4751702414533,5438.494181307624,0.4528301886792453,0.8,0.3636363636363636,8232.0
50,all,R12,IF (PointsAjust IS High) AND (TeamExp IS High) AND (Length IS Low),Medium,0.0,0.0,5438.494181307624,0.0,5438.494181307624,0.4528301886792453,0.8,0.3636363636363636,8232.0
50,all,R13,IF (PointsAjust IS High) AND (TeamExp IS Medium) AND (Length IS Low),High,0.0,0.0,4463.7860395672315,0.0,5438.494181307624,0.4528301886792453,0.8,0.3636363636363636,8232.0
50,all,R14,IF (PointsAjust IS High) AND (TeamExp IS High) AND (Length IS Medium),High,0.0,0.0,4463.7860395672315,0.0,5438.494181307624,0.4528301886792453,0.8,0.3636363636363636,8232.0
50,all,R15,IF (PointsAjust IS Medium) AND (TeamExp IS Low) AND (Length IS Medium),High,0.0,0.0,4463.7860395672315,0.0,5438.494181307624,0.4528301886792453,0.8,0.3636363636363636,8232.0
50,all,R16,IF (PointsAjust IS Low) AND (TeamExp IS Low) AND (Length IS High),High,0.0,0.0,4463.7860395672315,0.0,5438.494181307624,0.4528301886792453,0.8,0.3636363636363636,8232.0
50,all,R17,IF (PointsAjust IS Medium) AND (TeamExp IS High) AND (Length IS High),High,0.0,0.0,4463.7860395672315,0.0,5438.494181307624,0.4528301886792453,0.8,0.3636363636363636,8232.0
50,all,R18,IF (PointsAjust IS High) AND (TeamExp IS Medium) AND (Length IS Medium),Very_High,0.0,0.0,-420.77935033121776,-0.0,5438.494181307624,0.4528301886792453,0.8,0.3636363636363636,8232.0
50,all,R19,IF (PointsAjust IS Medium) AND (TeamExp IS Low) AND (Length IS High),Very_High,0.0,0.0,-420.77935033121776,-0.0,5438.494181307624,0.4528301886792453,0.8,0.3636363636363636,8232.0
50,all,R20,IF (PointsAjust IS High) AND (TeamExp IS Low) AND (Length IS High),Very_High,0.0,0.0,-420.77935033121776,-0.0,5438.494181307624,0.4528301886792453,0.8,0.3636363636363636,8232.0
51,all,R1,IF (PointsAjust IS Low) AND (TeamExp IS High) AND (Length IS Low),Very_Low,0.0,0.0,3322.645353789453,0.0,3499.2226358787825,0.1053459119496855,0.4,0.3333333333333333,3276.0
51,all,R2,IF (PointsAjust IS Low) AND (TeamExp IS Medium) AND (Length IS Low),Low,0.066728116909734,0.12974391128546903,2441.9634623456236,316.82989082092735,3499.2226358787825,0.1053459119496855,0.4,0.3333333333333333,3276.0
51,all,R3,IF (PointsAjust IS Low) AND (TeamExp IS High) AND (Length IS Medium),Low,0.0,0.0,2441.9634623456236,0.0,3499.2226358787825,0.1053459119496855,0.4,0.3333333333333333,3276.0
51,all,R4,IF (PointsAjust IS Medium) AND (TeamExp IS High) AND (Length IS Low),Low,0.0,0.0,2441.9634623456236,0.0,3499.2226358787825,0.1053459119496855,0.4,0.3333333333333333,3276.0
51,all,R5,IF (PointsAjust IS Low) AND (TeamExp IS Low) AND (Length IS Low),Medium,0.0,0.0,3656.846285049976,0.0,3499.2226358787825,0.1053459119496855,0.4,0.3333333333333333,3276.0
51,all,R6,IF (PointsAjust IS Medium) AND (TeamExp IS Medium) AND (Length IS Low),Medium,0.002094833765881627,0.004073124476838084,3656.846285049976,14.894790111671472,3499.2226358787825,0.1053459119496855,0.4,0.3333333333333333,3276.0
51,all,R7,IF (PointsAjust IS Low) AND (TeamExp IS Medium) AND (Length IS Medium),Medium,0.4319237664592865,0.8398180771890554,3656.846285049976,3071.085615686611,3499.2226358787825,0.1053459119496855,0.4,0.3333333333333333,3276.0
51,all,R8,IF (PointsAjust IS Medium) AND (TeamExp IS High) AND (Length IS Medium),Medium,0.0,0.0,3656.846285049976,0.0,3499.2226358787825,0.1053459119496855,0.4,0.3333333333333333,3276.0
51,all,R9,IF (PointsAjust IS Low) AND (TeamExp IS Low) AND (Length IS Medium),High,0.0,0.0,1037.3249669244924,0.0,3499.2226358787825,0.1053459119496855,0.4,0.3333333333333333,3276.0
51,all,R10,IF (PointsAjust IS Medium) AND (TeamExp IS Low) AND (Length IS Low),High,0.0,0.0,1037.3249669244924,0.0,3499.2226358787825,0.1053459119496855,0.4,0.3333333333333333,3276.0
51,all,R11,IF (PointsAjust IS Medium) AND (TeamExp IS Medium) AND (Length IS Medium),Medium,0.013559628716777022,0.026364887048637518,3656.846285049976,96.41233925957233,3499.2226358787825,0.1053459119496855,0.4,0.3333333333333333,3276.0
51,all,R12,IF (PointsAjust IS High) AND (TeamExp IS High) AND (Length IS Low),Medium,0.0,0.0,3656.846285049976,0.0,3499.2226358787825,0.1053459119496855,0.4,0.3333333333333333,3276.0
51,all,R13,IF (PointsAjust IS High) AND (TeamExp IS Medium) AND (Length IS Low),High,0.0,0.0,1037.3249669244924,0.0,3499.2226358787825,0.1053459119496855,0.4,0.3333333333333333,3276.0
51,all,R14,IF (PointsAjust IS High) AND (TeamExp IS High) AND (Length IS Medium),High,0.0,0.0,1037.3249669244924,0.0,3499.2226358787825,0.1053459119496855,0.4,0.3333333333333333,3276.0
51,all,R15,IF (PointsAjust IS Medium) AND (TeamExp IS Low) AND (Length IS Medium),High,0.0,0.0,1037.3249669244924,0.0,3499.2226358787825,0.1053459119496855,0.4,0.3333333333333333,3276.0
51,all,R16,IF (PointsAjust IS Low) AND (TeamExp IS Low) AND (Length IS High),High,0.0,0.0,1037.3249669244924,0.0,3499.2226358787825,0.1053459119496855,0.4,0.3333333333333333,3276.0
51,all,R17,IF (PointsAjust IS Medium) AND (TeamExp IS High) AND (Length IS High),High,0.0,0.0,1037.3249669244924,0.0,3499.2226358787825,0.1053459119496855,0.4,0.3333333333333333,3276.0
51,all,R18,IF (PointsAjust IS High) AND (TeamExp IS Medium) AND (Length IS Medium),Very_High,0.0,0.0,-529.6237619615277,-0.0,3499.2226358787825,0.1053459119496855,0.4,0.3333333333333333,3276.0
51,all,R19,IF (PointsAjust IS Medium) AND (TeamExp IS Low) AND (Length IS High),Very_High,0.0,0.0,-529.6237619615277,-0.0,3499.2226358787825,0.1053459119496855,0.4,0.3333333333333333,3276.0
51,all,R20,IF (PointsAjust IS High) AND (TeamExp IS Low) AND (Length IS High),Very_High,0.0,0.0,-529.6237619615277,-0.0,3499.2226358787825,0.1053459119496855,0.4,0.3333333333333333,3276.0
52,all,R1,IF (PointsAjust IS Low) AND (TeamExp IS High) AND (Length IS Low),Very_Low,0.0,0.0,2844.797334500472,0.0,2167.0783103909134,0.1210691823899371,0.4,0.2121212121212121,2723.0
52,all,R2,IF (PointsAjust IS Low) AND (TeamExp IS Medium) AND (Length IS Low),Low,0.5520235126168905,0.7808896102120715,2078.6740401004054,1623.2149609319574,2167.0783103909134,0.1210691823899371,0.4,0.2121212121212121,2723.0
52,all,R3,IF (PointsAjust IS Low) AND (TeamExp IS High) AND (Length IS Medium),Low,0.0,0.0,2078.6740401004054,0.0,2167.0783103909134,0.1210691823899371,0.4,0.2121212121212121,2723.0
52,all,R4,IF (PointsAjust IS Medium) AND (TeamExp IS High) AND (Length IS Low),Low,0.0,0.0,2078.6740401004054,0.0,2167.0783103909134,0.1210691823899371,0.4,0.2121212121212121,2723.0
52,all,R5,IF (PointsAjust IS Low) AND (TeamExp IS Low) AND (Length IS Low),Medium,0.0,0.0,2482.1431333555097,0.0,2167.0783103909134,0.1210691823899371,0.4,0.2121212121212121,2723.0
52,all,R6,IF (PointsAjust IS Medium) AND (TeamExp IS Medium) AND (Length IS Low),Medium,0.022708371635889207,0.032123145246545075,2482.1431333555097,79.73424439549353,2167.0783103909134,0.1210691823899371,0.4,0.2121212121212121,2723.0
52,all,R7,IF (PointsAjust IS Low) AND (TeamExp IS Medium) AND (Length IS Medium),Medium,0.12696154501052237,0.17959914592260368,2482.1431333555097,445.7907868083049,2167.0783103909134,0.1210691823899371,0.4,0.2121212121212121,2723.0
52,all,R8,IF (PointsAjust IS Medium) AND (TeamExp IS High) AND (Length IS Medium),Medium,0.0,0.0,2482.1431333555097,0.0,2167.0783103909134,0.1210691823899371,0.4,0.2121212121212121,2723.0
52,all,R9,IF (PointsAjust IS Low) AND (TeamExp IS Low) AND (Length IS Medium),High,0.0,0.0,1248.4631555921742,0.0,2167.0783103909134,0.1210691823899371,0.4,0.2121212121212121,2723.0
52,all,R10,IF (PointsAjust IS Medium) AND (TeamExp IS Low) AND (Length IS Low),High,0.0,0.0,1248.4631555921742,0.0,2167.0783103909134,0.1210691823899371,0.4,0.2121212121212121,2723.0
52,all,R11,IF (PointsAjust IS Medium) AND (TeamExp IS Medium) AND (Length IS Medium),Medium,0.0052227665700292514,0.007388098618779722,2482.1431333555097,18.33831825515741,2167.0783103909134,0.1210691823899371,0.4,0.2121212121212121,2723.0
52,all,R12,IF (PointsAjust IS High) AND (TeamExp IS High) AND (Length IS Low),Medium,0.0,0.0,2482.1431333555097,0.0,2167.0783103909134,0.1210691823899371,0.4,0.2121212121212121,2723.0
52,all,R13,IF (PointsAjust IS High) AND (TeamExp IS Medium) AND (Length IS Low),High,0.0,0.0,1248.4631555921742,0.0,2167.0783103909134,0.1210691823899371,0.4,0.2121212121212121,2723.0
52,all,R14,IF (PointsAjust IS High) AND (TeamExp IS High) AND (Length IS Medium),High,0.0,0.0,1248.4631555921742,0.0,2167.0783103909134,0.1210691823899371,0.4,0.2121212121212121,2723.0
52,all,R15,IF (PointsAjust IS Medium) AND (TeamExp IS Low) AND (Length IS Medium),High,0.0,0.0,1248.4631555921742,0.0,2167.0783103909134,0.1210691823899371,0.4,0.2121212121212121,2723.0
52,all,R16,IF (PointsAjust IS Low) AND (TeamExp IS Low) AND (Length IS High),High,0.0,0.0,1248.4631555921742,0.0,2167.0783103909134,0.1210691823899371,0.4,0.2121212121212121,2723.0
52,all,R17,IF (PointsAjust IS Medium) AND (TeamExp IS High) AND (Length IS High),High,0.0,0.0,1248.4631555921742,0.0,2167.0783103909134,0.1210691823899371,0.4,0.2121212121212121,2723.0
52,all,R18,IF (PointsAjust IS High) AND (TeamExp IS Medium) AND (Length IS Medium),Very_High,0.0,0.0,-896.4978353838586,-0.0,2167.0783103909134,0.1210691823899371,0.4,0.2121212121212121,2723.0
52,all,R19,IF (PointsAjust IS Medium) AND (TeamExp IS Low) AND (Length IS High),Very_High,0.0,0.0,-896.4978353838586,-0.0,2167.0783103909134,0.1210691823899371,0.4,0.2121212121212121,2723.0
52,all,R20,IF (PointsAjust IS High) AND (TeamExp IS Low) AND (Length IS High),Very_High,0.0,0.0,-896.4978353838586,-0.0,2167.0783103909134,0.1210691823899371,0.4,0.2121212121212121,2723.0
53,all,R1,IF (PointsAjust IS Low) AND (TeamExp IS High) AND (Length IS Low),Very_Low,0.3443396226415095,0.6141611553988986,3612.1796131909564,2218.460404745704,3198.6235457230605,0.2122641509433962,0.8,0.1212121212121212,3472.0
53,all,R2,IF (PointsAjust IS Low) AND (TeamExp IS Medium) AND (Length IS Low),Low,0.09320260071955398,0.16623534783767038,2703.7671019891764,449.4616646712207,3198.6235457230605,0.2122641509433962,0.8,0.1212121212121212,3472.0
53,all,R3,IF (PointsAjust IS Low) AND (TeamExp IS High) AND (Length IS Medium),Low,0.014199095811187714,0.025325383765369393,2703.7671019891764,68.47393947005654,3198.6235457230605,0.2122641509433962,0.8,0.1212121212121212,3472.0
53,all,R4,IF (PointsAjust IS Medium) AND (TeamExp IS High) AND (Length IS Low),Low,0.07942297467009593,0.14165812669019118,2703.7671019891764,383.01058267435377,3198.6235457230605,0.2122641509433962,0.8,0.1212121212121212,3472.0
53,all,R5,IF (PointsAjust IS Low) AND (TeamExp IS Low) AND (Length IS Low),Medium,0.0,0.0,1505.4537205357842,0.0,3198.6235457230605,0.2122641509433962,0.8,0.1212121212121212,3472.0
53,all,R6,IF (PointsAjust IS Medium) AND (TeamExp IS Medium) AND (Length IS Low),Medium,0.02149746154494348,0.038342685396769945,1505.4537205357842,57.72313838590039,3198.6235457230605,0.2122641509433962,0.8,0.1212121212121212,3472.0
53,all,R7,IF (PointsAjust IS Low) AND (TeamExp IS Medium) AND (Length IS Medium),Medium,0.0038432773066217774,0.0068548359699243545,1505.4537205357842,10.31963831458514,3198.6235457230605,0.2122641509433962,0.8,0.1212121212121212,3472.0
53,all,R8,IF (PointsAjust IS Medium) AND (TeamExp IS High) AND (Length IS Medium),Medium,0.0032750643631979186,0.005841376307139274,1505.4537205357842,8.793921694632399,3198.6235457230605,0.2122641509433962,0.8,0.1212121212121212,3472.0
53,all,R9,IF (PointsAjust IS Low) AND (TeamExp IS Low) AND (Length IS Medium),High,0.0,0.0,1737.9054131099585,0.0,3198.6235457230605,0.2122641509433962,0.8,0.1212121212121212,3472.0
53,all,R10,IF (PointsAjust IS Medium) AND (TeamExp IS Low) AND (Length IS Low),High,0.0,0.0,1737.9054131099585,0.0,3198.6235457230605,0.2122641509433962,0.8,0.1212121212121212,3472.0
53,all,R11,IF (PointsAjust IS Medium) AND (TeamExp IS Medium) AND (Length IS Medium),Medium,0.0008864635264230532,0.0015810886340366637,1505.4537205357842,2.3802557666073363,3198.6235457230605,0.2122641509433962,0.8,0.1212121212121212,3472.0
53,all,R12,IF (PointsAjust IS High) AND (TeamExp IS High) AND (Length IS Low),Medium,0.0,0.0,1505.4537205357842,0.0,3198.6235457230605,0.2122641509433962,0.8,0.1212121212121212,3472.0
53,all,R13,IF (PointsAjust IS High) AND (TeamExp IS Medium) AND (Length IS Low),High,0.0,0.0,1737.9054131099585,0.0,3198.6235457230605,0.2122641509433962,0.8,0.1212121212121212,3472.0
53,all,R14,IF (PointsAjust IS High) AND (TeamExp IS High) AND (Length IS Medium),High,0.0,0.0,1737.9054131099585,0.0,3198.6235457230605,0.2122641509433962,0.8,0.1212121212121212,3472.0
53,all,R15,IF (PointsAjust IS Medium) AND (TeamExp IS Low) AND (Length IS Medium),High,0.0,0.0,1737.9054131099585,0.0,3198.6235457230605,0.2122641509433962,0.8,0.1212121212121212,3472.0
53,all,R16,IF (PointsAjust IS Low) AND (TeamExp IS Low) AND (Length IS High),High,0.0,0.0,1737.9054131099585,0.0,3198.6235457230605,0.2122641509433962,0.8,0.1212121212121212,3472.0
53,all,R17,IF (PointsAjust IS Medium) AND (TeamExp IS High) AND (Length IS High),High,0.0,0.0,1737.9054131099585,0.0,3198.6235457230605,0.2122641509433962,0.8,0.1212121212121212,3472.0
53,all,R18,IF (PointsAjust IS High) AND (TeamExp IS Medium) AND (Length IS Medium),Very_High,0.0,0.0,-1412.3118898164857,-0.0,3198.6235457230605,0.2122641509433962,0.8,0.1212121212121212,3472.0
53,all,R19,IF (PointsAjust IS Medium) AND (TeamExp IS Low) AND (Length IS High),Very_High,0.0,0.0,-1412.3118898164857,-0.0,3198.6235457230605,0.2122641509433962,0.8,0.1212121212121212,3472.0
53,all,R20,IF (PointsAjust IS High) AND (TeamExp IS Low) AND (Length IS High),Very_High,0.0,0.0,-1412.3118898164857,-0.0,3198.6235457230605,0.2122641509433962,0.8,0.1212121212121212,3472.0
54,all,R1,IF (PointsAjust IS Low) AND (TeamExp IS High) AND (Length IS Low),Very_Low,0.0,0.0,1052.41447323615,0.0,1219.9837834129016,0.0,0.4,0.1515151515151515,1575.0
54,all,R2,IF (PointsAjust IS Low) AND (TeamExp IS Medium) AND (Length IS Low),Low,0.7946712104704688,0.9328929157189612,1225.4375978287217,1143.2020536700759,1219.9837834129016,0.0,0.4,0.1515151515151515,1575.0
54,all,R3,IF (PointsAjust IS Low) AND (TeamExp IS High) AND (Length IS Medium),Low,0.0,0.0,1225.4375978287217,0.0,1219.9837834129016,0.0,0.4,0.1515151515151515,1575.0
54,all,R4,IF (PointsAjust IS Medium) AND (TeamExp IS High) AND (Length IS Low),Low,0.0,0.0,1225.4375978287217,0.0,1219.9837834129016,0.0,0.4,0.1515151515151515,1575.0
54,all,R5,IF (PointsAjust IS Low) AND (TeamExp IS Low) AND (Length IS Low),Medium,0.0,0.0,1144.1672748181122,0.0,1219.9837834129016,0.0,0.4,0.1515151515151515,1575.0
54,all,R6,IF (PointsAjust IS Medium) AND (TeamExp IS Medium) AND (Length IS Low),Medium,0.0030721354368170198,0.0036064895108494405,1144.1672748181122,4.126427275288711,1219.9837834129016,0.0,0.4,0.1515151515151515,1575.0
54,all,R7,IF (PointsAjust IS Low) AND (TeamExp IS Medium) AND (Length IS Medium),Medium,0.05388374432468337,0.06325605192510861,1144.1672748181122,72.37550454690452,1219.9837834129016,0.0,0.4,0.1515151515151515,1575.0
54,all,R8,IF (PointsAjust IS Medium) AND (TeamExp IS High) AND (Length IS Medium),Medium,0.0,0.0,1144.1672748181122,0.0,1219.9837834129016,0.0,0.4,0.1515151515151515,1575.0
54,all,R9,IF (PointsAjust IS Low) AND (TeamExp IS Low) AND (Length IS Medium),High,0.0,0.0,-138.15777499303755,-0.0,1219.9837834129016,0.0,0.4,0.1515151515151515,1575.0
54,all,R10,IF (PointsAjust IS Medium) AND (TeamExp IS Low) AND (Length IS Low),High,0.0,0.0,-138.15777499303755,-0.0,1219.9837834129016,0.0,0.4,0.1515151515151515,1575.0
54,all,R11,IF (PointsAjust IS Medium) AND (TeamExp IS Medium) AND (Length IS Medium),Medium,0.00020831025237499703,0.00024454284508081505,1144.1672748181122,0.27979792063238396,1219.9837834129016,0.0,0.4,0.1515151515151515,1575.0
54,all,R12,IF (PointsAjust IS High) AND (TeamExp IS High) AND (Length IS Low),Medium,0.0,0.0,1144.1672748181122,0.0,1219.9837834129016,0.0,0.4,0.1515151515151515,1575.0
54,all,R13,IF (PointsAjust IS High) AND (TeamExp IS Medium) AND (Length IS Low),High,0.0,0.0,-138.15777499303755,-0.0,1219.9837834129016,0.0,0.4,0.1515151515151515,1575.0
54,all,R14,IF (PointsAjust IS High) AND (TeamExp IS High) AND (Length IS Medium),High,0.0,0.0,-138.15777499303755,-0.0,1219.9837834129016,0.0,0.4,0.1515151515151515,1575.0
54,all,R15,IF (PointsAjust IS Medium) AND (TeamExp IS Low) AND (Length IS Medium),High,0.0,0.0,-138.15777499303755,-0.0,1219.9837834129016,0.0,0.4,0.1515151515151515,1575.0
54,all,R16,IF (PointsAjust IS Low) AND (TeamExp IS Low) AND (Length IS High),High,0.0,0.0,-138.15777499303755,-0.0,1219.9837834129016,0.0,0.4,0.1515151515151515,1575.0
54,all,R17,IF (PointsAjust IS Medium) AND (TeamExp IS High) AND (Length IS High),High,0.0,0.0,-138.15777499303755,-0.0,1219.9837834129016,0.0,0.4,0.1515151515151515,1575.0
54,all,R18,IF (PointsAjust IS High) AND (TeamExp IS Medium) AND (Length IS Medium),Very_High,0.0,0.0,-1202.1216940402826,-0.0,1219.9837834129016,0.0,0.4,0.1515151515151515,1575.0
54,all,R19,IF (PointsAjust IS Medium) AND (TeamExp IS Low) AND (Length IS High),Very_High,0.0,0.0,-1202.1216940402826,-0.0,1219.9837834129016,0.0,0.4,0.1515151515151515,1575.0
54,all,R20,IF (PointsAjust IS High) AND (TeamExp IS Low) AND (Length IS High),Very_High,0.0,0.0,-1202.1216940402826,-0.0,1219.9837834129016,0.0,0.4,0.1515151515151515,1575.0
55,all,R1,IF (PointsAjust IS Low) AND (TeamExp IS High) AND (Length IS Low),Very_Low,0.0,0.0,4762.4364845590535,0.0,4219.65358435097,0.2248427672955975,0.4,0.3333333333333333,2926.0
55,all,R2,IF (PointsAjust IS Low) AND (TeamExp IS Medium) AND (Length IS Low),Low,0.04175753227999077,0.1031673798392379,3064.4143351179373,316.1475976959179,4219.65358435097,0.2248427672955975,0.4,0.3333333333333333,2926.0
55,all,R3,IF (PointsAjust IS Low) AND (TeamExp IS High) AND (Length IS Medium),Low,0.0,0.0,3064.4143351179373,0.0,4219.65358435097,0.2248427672955975,0.4,0.3333333333333333,2926.0
55,all,R4,IF (PointsAjust IS Medium) AND (TeamExp IS High) AND (Length IS Low),Low,0.0,0.0,3064.4143351179373,0.0,4219.65358435097,0.2248427672955975,0.4,0.3333333333333333,2926.0
55,all,R5,IF (PointsAjust IS Low) AND (TeamExp IS Low) AND (Length IS Low),Medium,0.0,0.0,4352.546839738421,0.0,4219.65358435097,0.2248427672955975,0.4,0.3333333333333333,2926.0
55,all,R6,IF (PointsAjust IS Medium) AND (TeamExp IS Medium) AND (Length IS Low),Medium,0.012405607262416893,0.03064965592306919,4352.546839738421,133.4040630270248,4219.65358435097,0.2248427672955975,0.4,0.3333333333333333,2926.0
55,all,R7,IF (PointsAjust IS Low) AND (TeamExp IS Medium) AND (Length IS Medium),Medium,0.2702919167465346,0.6677911102478483,4352.546839738421,2906.5920865146836,4219.65358435097,0.2248427672955975,0.4,0.3333333333333333,2926.0
55,all,R8,IF (PointsAjust IS Medium) AND (TeamExp IS High) AND (Length IS Medium),Medium,0.0,0.0,4352.546839738421,0.0,4219.65358435097,0.2248427672955975,0.4,0.3333333333333333,2926.0
55,all,R9,IF (PointsAjust IS Low) AND (TeamExp IS Low) AND (Length IS Medium),High,0.0,0.0,2420.3303558738585,0.0,4219.65358435097,0.2248427672955975,0.4,0.3333333333333333,2926.0
55,all,R10,IF (PointsAjust IS Medium) AND (TeamExp IS Low) AND (Length IS Low),High,0.0,0.0,2420.3303558738585,0.0,4219.65358435097,0.2248427672955975,0.4,0.3333333333333333,2926.0
55,all,R11,IF (PointsAjust IS Medium) AND (TeamExp IS Medium) AND (Length IS Medium),Medium,0.08030013227027152,0.19839185398984452,4352.546839738421,863.509837113344,4219.65358435097,0.2248427672955975,0.4,0.3333333333333333,2926.0
55,all,R12,IF (PointsAjust IS High) AND (TeamExp IS High) AND (Length IS Low),Medium,0.0,0.0,4352.546839738421,0.0,4219.65358435097,0.2248427672955975,0.4,0.3333333333333333,2926.0
55,all,R13,IF (PointsAjust IS High) AND (TeamExp IS Medium) AND (Length IS Low),High,0.0,0.0,2420.3303558738585,0.0,4219.65358435097,0.2248427672955975,0.4,0.3333333333333333,2926.0
55,all,R14,IF (PointsAjust IS High) AND (TeamExp IS High) AND (Length IS Medium),High,0.0,0.0,2420.3303558738585,0.0,4219.65358435097,0.2248427672955975,0.4,0.3333333333333333,2926.0
55,all,R15,IF (PointsAjust IS Medium) AND (TeamExp IS Low) AND (Length IS Medium),High,0.0,0.0,2420.3303558738585,0.0,4219.65358435097,0.2248427672955975,0.4,0.3333333333333333,2926.0
55,all,R16,IF (PointsAjust IS Low) AND (TeamExp IS Low) AND (Length IS High),High,0.0,0.0,2420.3303558738585,0.0,4219.65358435097,0.2248427672955975,0.4,0.3333333333333333,2926.0
55,all,R17,IF (PointsAjust IS Medium) AND (TeamExp IS High) AND (Length IS High),High,0.0,0.0,2420.3303558738585,0.0,4219.65358435097,0.2248427672955975,0.4,0.3333333333333333,2926.0
55,all,R18,IF (PointsAjust IS High) AND (TeamExp IS Medium) AND (Length IS Medium),Very_High,0.0,0.0,-416.37743918299543,-0.0,4219.65358435097,0.2248427672955975,0.4,0.3333333333333333,2926.0
55,all,R19,IF (PointsAjust IS Medium) AND (TeamExp IS Low) AND (Length IS High),Very_High,0.0,0.0,-416.37743918299543,-0.0,4219.65358435097,0.2248427672955975,0.4,0.3333333333333333,2926.0
55,all,R20,IF (PointsAjust IS High) AND (TeamExp IS Low) AND (Length IS High),Very_High,0.0,0.0,-416.37743918299543,-0.0,4219.65358435097,0.2248427672955975,0.4,0.3333333333333333,2926.0
56,all,R1,IF (PointsAjust IS Low) AND (TeamExp IS High) AND (Length IS Low),Very_Low,0.4962121212121214,0.7208853614707745,2263.433557031043,1631.6761179254045,2214.205917433177,0.0864779874213836,0.8,0.1515151515151515,1876.0
56,all,R2,IF (PointsAjust IS Low) AND (TeamExp IS Medium) AND (Length IS Low),Low,0.13431001593936556,0.19512244915155022,2159.853370183977,421.4358793985274,2214.205917433177,0.0864779874213836,0.8,0.1515151515151515,1876.0
56,all,R3,IF (PointsAjust IS Low) AND (TeamExp IS High) AND (Length IS Medium),Low,0.03364632657872832,0.04888059614227294,2159.853370183977,105.57492031449011,2214.205917433177,0.0864779874213836,0.8,0.1515151515151515,1876.0
56,all,R4,IF (PointsAjust IS Medium) AND (TeamExp IS High) AND (Length IS Low),Low,0.011100535944438434,0.016126598937725323,2159.853370183977,34.83108906525138,2214.205917433177,0.0864779874213836,0.8,0.1515151515151515,1876.0
56,all,R5,IF (PointsAjust IS Low) AND (TeamExp IS Low) AND (Length IS Low),Medium,0.0,0.0,1089.698021770526,0.0,2214.205917433177,0.0864779874213836,0.8,0.1515151515151515,1876.0
56,all,R6,IF (PointsAjust IS Medium) AND (TeamExp IS Medium) AND (Length IS Low),Medium,0.0030045883522375485,0.0043649956697606246,1089.698021770526,4.756527146375065,2214.205917433177,0.0864779874213836,0.8,0.1515151515151515,1876.0
56,all,R7,IF (PointsAjust IS Low) AND (TeamExp IS Medium) AND (Length IS Medium),Medium,0.009107070274807528,0.013230538647377962,1089.698021770526,14.417291791006258,2214.205917433177,0.0864779874213836,0.8,0.1515151515151515,1876.0
56,all,R8,IF (PointsAjust IS Medium) AND (TeamExp IS High) AND (Length IS Medium),Medium,0.0007526866870425097,0.0010934856108259549,1089.698021770526,1.1915691069515784,2214.205917433177,0.0864779874213836,0.8,0.1515151515151515,1876.0
56,all,R9,IF (PointsAjust IS Low) AND (TeamExp IS Low) AND (Length IS Medium),High,0.0,0.0,274.81931800125045,0.0,2214.205917433177,0.0864779874213836,0.8,0.1515151515151515,1876.0
56,all,R10,IF (PointsAjust IS Medium) AND (TeamExp IS Low) AND (Length IS Low),High,0.0,0.0,274.81931800125045,0.0,2214.205917433177,0.0864779874213836,0.8,0.1515151515151515,1876.0
56,all,R11,IF (PointsAjust IS Medium) AND (TeamExp IS Medium) AND (Length IS Medium),Medium,0.00020373013195865128,0.0002959743697125819,1089.698021770526,0.3225226851705788,2214.205917433177,0.0864779874213836,0.8,0.1515151515151515,1876.0
56,all,R12,IF (PointsAjust IS High) AND (TeamExp IS High) AND (Length IS Low),Medium,0.0,0.0,1089.698021770526,0.0,2214.205917433177,0.0864779874213836,0.8,0.1515151515151515,1876.0
56,all,R13,IF (PointsAjust IS High) AND (TeamExp IS Medium) AND (Length IS Low),High,0.0,0.0,274.81931800125045,0.0,2214.205917433177,0.0864779874213836,0.8,0.1515151515151515,1876.0
56,all,R14,IF (PointsAjust IS High) AND (TeamExp IS High) AND (Length IS Medium),High,0.0,0.0,274.81931800125045,0.0,2214.205917433177,0.0864779874213836,0.8,0.1515151515151515,1876.0
56,all,R15,IF (PointsAjust IS Medium) AND (TeamExp IS Low) AND (Length IS Medium),High,0.0,0.0,274.81931800125045,0.0,2214.205917433177,0.0864779874213836,0.8,0.1515151515151515,1876.0
56,all,R16,IF (PointsAjust IS Low) AND (TeamExp IS Low) AND (Length IS High),High,0.0,0.0,274.81931800125045,0.0,2214.205917433177,0.0864779874213836,0.8,0.1515151515151515,1876.0
56,all,R17,IF (PointsAjust IS Medium) AND (TeamExp IS High) AND (Length IS High),High,0.0,0.0,274.81931800125045,0.0,2214.205917433177,0.0864779874213836,0.8,0.1515151515151515,1876.0
56,all,R18,IF (PointsAjust IS High) AND (TeamExp IS Medium) AND (Length IS Medium),Very_High,0.0,0.0,-1436.074819031117,-0.0,2214.205917433177,0.0864779874213836,0.8,0.1515151515151515,1876.0
56,all,R19,IF (PointsAjust IS Medium) AND (TeamExp IS Low) AND (Length IS High),Very_High,0.0,0.0,-1436.074819031117,-0.0,2214.205917433177,0.0864779874213836,0.8,0.1515151515151515,1876.0
56,all,R20,IF (PointsAjust IS High) AND (TeamExp IS Low) AND (Length IS High),Very_High,0.0,0.0,-1436.074819031117,-0.0,2214.205917433177,0.0864779874213836,0.8,0.1515151515151515,1876.0
57,all,R1,IF (PointsAjust IS Low) AND (TeamExp IS High) AND (Length IS Low),Very_Low,0.0,0.0,2363.2712891126507,0.0,1736.37450375696,0.1226415094339622,0.4,0.1212121212121212,2520.0
57,all,R2,IF (PointsAjust IS Low) AND (TeamExp IS Medium) AND (Length IS Low),Low,0.8007374029168082,0.9214758919545591,1752.9710435083334,1615.3205558873558,1736.37450375696,0.1226415094339622,0.4,0.1212121212121212,2520.0
57,all,R3,IF (PointsAjust IS Low) AND (TeamExp IS High) AND (Length IS Medium),Low,0.0,0.0,1752.9710435083334,0.0,1736.37450375696,0.1226415094339622,0.4,0.1212121212121212,2520.0
57,all,R4,IF (PointsAjust IS Medium) AND (TeamExp IS High) AND (Length IS Low),Low,0.0,0.0,1752.9710435083334,0.0,1736.37450375696,0.1226415094339622,0.4,0.1212121212121212,2520.0
57,all,R5,IF (PointsAjust IS Low) AND (TeamExp IS Low) AND (Length IS Low),Medium,0.0,0.0,1541.615064249463,0.0,1736.37450375696,0.1226415094339622,0.4,0.1212121212121212,2520.0
57,all,R6,IF (PointsAjust IS Medium) AND (TeamExp IS Medium) AND (Length IS Low),Medium,0.03382165473715115,0.03892142336897112,1541.615064249463,60.00185258763697,1736.37450375696,0.1226415094339622,0.4,0.1212121212121212,2520.0
57,all,R7,IF (PointsAjust IS Low) AND (TeamExp IS Medium) AND (Length IS Medium),Medium,0.03301899158858745,0.0379977313594964,1541.615064249463,58.577875071103875,1736.37450375696,0.1226415094339622,0.4,0.1212121212121212,2520.0
57,all,R8,IF (PointsAjust IS Medium) AND (TeamExp IS High) AND (Length IS Medium),Medium,0.0,0.0,1541.615064249463,0.0,1736.37450375696,0.1226415094339622,0.4,0.1212121212121212,2520.0
57,all,R9,IF (PointsAjust IS Low) AND (TeamExp IS Low) AND (Length IS Medium),High,0.0,0.0,1288.533441459107,0.0,1736.37450375696,0.1226415094339622,0.4,0.1212121212121212,2520.0
57,all,R10,IF (PointsAjust IS Medium) AND (TeamExp IS Low) AND (Length IS Low),High,0.0,0.0,1288.533441459107,0.0,1736.37450375696,0.1226415094339622,0.4,0.1212121212121212,2520.0
57,all,R11,IF (PointsAjust IS Medium) AND (TeamExp IS Medium) AND (Length IS Medium),Medium,0.0013946606330741454,0.001604953316973289,1541.615064249463,2.474220210863166,1736.37450375696,0.1226415094339622,0.4,0.1212121212121212,2520.0
57,all,R12,IF (PointsAjust IS High) AND (TeamExp IS High) AND (Length IS Low),Medium,0.0,0.0,1541.615064249463,0.0,1736.37450375696,0.1226415094339622,0.4,0.1212121212121212,2520.0
57,all,R13,IF (PointsAjust IS High) AND (TeamExp IS Medium) AND (Length IS Low),High,0.0,0.0,1288.533441459107,0.0,1736.37450375696,0.1226415094339622,0.4,0.1212121212121212,2520.0
57,all,R14,IF (PointsAjust IS High) AND (TeamExp IS High) AND (Length IS Medium),High,0.0,0.0,1288.533441459107,0.0,1736.37450375696,0.1226415094339622,0.4,0.1212121212121212,2520.0
57,all,R15,IF (PointsAjust IS Medium) AND (TeamExp IS Low) AND (Length IS Medium),High,0.0,0.0,1288.533441459107,0.0,1736.37450375696,0.1226415094339622,0.4,0.1212121212121212,2520.0
57,all,R16,IF (PointsAjust IS Low) AND (TeamExp IS Low) AND (Length IS High),High,0.0,0.0,1288.533441459107,0.0,1736.37450375696,0.1226415094339622,0.4,0.1212121212121212,2520.0
57,all,R17,IF (PointsAjust IS Medium) AND (TeamExp IS High) AND (Length IS High),High,0.0,0.0,1288.533441459107,0.0,1736.37450375696,0.1226415094339622,0.4,0.1212121212121212,2520.0
57,all,R18,IF (PointsAjust IS High) AND (TeamExp IS Medium) AND (Length IS Medium),Very_High,0.0,0.0,-1181.3389312145603,-0.0,1736.37450375696,0.1226415094339622,0.4,0.1212121212121212,2520.0
57,all,R19,IF (PointsAjust IS Medium) AND (TeamExp IS Low) AND (Length IS High),Very_High,0.0,0.0,-1181.3389312145603,-0.0,1736.37450375696,0.1226415094339622,0.4,0.1212121212121212,2520.0
57,all,R20,IF (PointsAjust IS High) AND (TeamExp IS Low) AND (Length IS High),Very_High,0.0,0.0,-1181.3389312145603,-0.0,1736.37450375696,0.1226415094339622,0.4,0.1212121212121212,2520.0
58,all,R1,IF (PointsAjust IS Low) AND (TeamExp IS High) AND (Length IS Low),Very_Low,0.0,0.0,3439.9524507003343,0.0,3144.4718928047396,0.080188679245283,1.0,0.3636363636363636,1603.0
58,all,R2,IF (PointsAjust IS Low) AND (TeamExp IS Medium) AND (Length IS Low),Low,0.0,0.0,3148.155742411626,0.0,3144.4718928047396,0.080188679245283,1.0,0.3636363636363636,1603.0
58,all,R3,IF (PointsAjust IS Low) AND (TeamExp IS High) AND (Length IS Medium),Low,0.6615146556493745,0.9767017776945186,3148.155742411626,3074.809310072642,3144.4718928047396,0.080188679245283,1.0,0.3636363636363636,1603.0
58,all,R4,IF (PointsAjust IS Medium) AND (TeamExp IS High) AND (Length IS Low),Low,0.0,0.0,3148.155742411626,0.0,3144.4718928047396,0.080188679245283,1.0,0.3636363636363636,1603.0
58,all,R5,IF (PointsAjust IS Low) AND (TeamExp IS Low) AND (Length IS Low),Medium,0.0,0.0,2990.0385453747044,0.0,3144.4718928047396,0.080188679245283,1.0,0.3636363636363636,1603.0
58,all,R6,IF (PointsAjust IS Medium) AND (TeamExp IS Medium) AND (Length IS Low),Medium,0.0,0.0,2990.0385453747044,0.0,3144.4718928047396,0.080188679245283,1.0,0.3636363636363636,1603.0
58,all,R7,IF (PointsAjust IS Low) AND (TeamExp IS Medium) AND (Length IS Medium),Medium,0.002557362829831336,0.0037758510726481325,2990.0385453747044,11.28994024881234,3144.4718928047396,0.080188679245283,1.0,0.3636363636363636,1603.0
58,all,R8,IF (PointsAjust IS Medium) AND (TeamExp IS High) AND (Length IS Medium),Medium,0.013171473070512689,0.019447189949551025,2990.0385453747044,58.147847548381115,3144.4718928047396,0.080188679245283,1.0,0.3636363636363636,1603.0
58,all,R9,IF (PointsAjust IS Low) AND (TeamExp IS Low) AND (Length IS Medium),High,0.0,0.0,-142.94811626598295,-0.0,3144.4718928047396,0.080188679245283,1.0,0.3636363636363636,1603.0
58,all,R10,IF (PointsAjust IS Medium) AND (TeamExp IS Low) AND (Length IS Low),High,0.0,0.0,-142.94811626598295,-0.0,3144.4718928047396,0.080188679245283,1.0,0.3636363636363636,1603.0
58,all,R11,IF (PointsAjust IS Medium) AND (TeamExp IS Medium) AND (Length IS Medium),Medium,5.091986300981875e-05,7.518128328212249e-05,2990.0385453747044,0.2247949349042811,3144.4718928047396,0.080188679245283,1.0,0.3636363636363636,1603.0
58,all,R12,IF (PointsAjust IS High) AND (TeamExp IS High) AND (Length IS Low),Medium,0.0,0.0,2990.0385453747044,0.0,3144.4718928047396,0.080188679245283,1.0,0.3636363636363636,1603.0
58,all,R13,IF (PointsAjust IS High) AND (TeamExp IS Medium) AND (Length IS Low),High,0.0,0.0,-142.94811626598295,-0.0,3144.4718928047396,0.080188679245283,1.0,0.3636363636363636,1603.0
58,all,R14,IF (PointsAjust IS High) AND (TeamExp IS High) AND (Length IS Medium),High,0.0,0.0,-142.94811626598295,-0.0,3144.4718928047396,0.080188679245283,1.0,0.3636363636363636,1603.0
58,all,R15,IF (PointsAjust IS Medium) AND (TeamExp IS Low) AND (Length IS Medium),High,0.0,0.0,-142.94811626598295,-0.0,3144.4718928047396,0.080188679245283,1.0,0.3636363636363636,1603.0
58,all,R16,IF (PointsAjust IS Low) AND (TeamExp IS Low) AND (Length IS High),High,0.0,0.0,-142.94811626598295,-0.0,3144.4718928047396,0.080188679245283,1.0,0.3636363636363636,1603.0
58,all,R17,IF (PointsAjust IS Medium) AND (TeamExp IS High) AND (Length IS High),High,0.0,0.0,-142.94811626598295,-0.0,3144.4718928047396,0.080188679245283,1.0,0.3636363636363636,1603.0
58,all,R18,IF (PointsAjust IS High) AND (TeamExp IS Medium) AND (Length IS Medium),Very_High,0.0,0.0,-931.882917759816,-0.0,3144.4718928047396,0.080188679245283,1.0,0.3636363636363636,1603.0
58,all,R19,IF (PointsAjust IS Medium) AND (TeamExp IS Low) AND (Length IS High),Very_High,0.0,0.0,-931.882917759816,-0.0,3144.4718928047396,0.080188679245283,1.0,0.3636363636363636,1603.0
58,all,R20,IF (PointsAjust IS High) AND (TeamExp IS Low) AND (Length IS High),Very_High,0.0,0.0,-931.882917759816,-0.0,3144.4718928047396,0.080188679245283,1.0,0.3636363636363636,1603.0
59,all,R1,IF (PointsAjust IS Low) AND (TeamExp IS High) AND (Length IS Low),Very_Low,0.0,0.0,5724.379596039672,0.0,3873.544242732398,0.360062893081761,0.4,0.2121212121212121,3626.0
59,all,R2,IF (PointsAjust IS Low) AND (TeamExp IS Medium) AND (Length IS Low),Low,0.0,0.0,3323.575785645032,0.0,3873.544242732398,0.360062893081761,0.4,0.2121212121212121,3626.0
59,all,R3,IF (PointsAjust IS Low) AND (TeamExp IS High) AND (Length IS Medium),Low,0.0,0.0,3323.575785645032,0.0,3873.544242732398,0.360062893081761,0.4,0.2121212121212121,3626.0
59,all,R4,IF (PointsAjust IS Medium) AND (TeamExp IS High) AND (Length IS Low),Low,0.0,0.0,3323.575785645032,0.0,3873.544242732398,0.360062893081761,0.4,0.2121212121212121,3626.0
59,all,R5,IF (PointsAjust IS Low) AND (TeamExp IS Low) AND (Length IS Low),Medium,0.0,0.0,3873.5442427323983,0.0,3873.544242732398,0.360062893081761,0.4,0.2121212121212121,3626.0
59,all,R6,IF (PointsAjust IS Medium) AND (TeamExp IS Medium) AND (Length IS Low),Medium,0.3572466115551704,0.8130127554586165,3873.5442427323983,3149.240878174727,3873.544242732398,0.360062893081761,0.4,0.2121212121212121,3626.0
59,all,R7,IF (PointsAjust IS Low) AND (TeamExp IS Medium) AND (Length IS Medium),Medium,0.0,0.0,3873.5442427323983,0.0,3873.544242732398,0.360062893081761,0.4,0.2121212121212121,3626.0
59,all,R8,IF (PointsAjust IS Medium) AND (TeamExp IS High) AND (Length IS Medium),Medium,0.0,0.0,3873.5442427323983,0.0,3873.544242732398,0.360062893081761,0.4,0.2121212121212121,3626.0
59,all,R9,IF (PointsAjust IS Low) AND (TeamExp IS Low) AND (Length IS Medium),High,0.0,0.0,4014.4739334909054,0.0,3873.544242732398,0.360062893081761,0.4,0.2121212121212121,3626.0
59,all,R10,IF (PointsAjust IS Medium) AND (TeamExp IS Low) AND (Length IS Low),High,0.0,0.0,4014.4739334909054,0.0,3873.544242732398,0.360062893081761,0.4,0.2121212121212121,3626.0
59,all,R11,IF (PointsAjust IS Medium) AND (TeamExp IS Medium) AND (Length IS Medium),Medium,0.08216422075538701,0.18698724454138338,3873.5442427323983,724.3033645576706,3873.544242732398,0.360062893081761,0.4,0.2121212121212121,3626.0
59,all,R12,IF (PointsAjust IS High) AND (TeamExp IS High) AND (Length IS Low),Medium,0.0,0.0,3873.5442427323983,0.0,3873.544242732398,0.360062893081761,0.4,0.2121212121212121,3626.0
59,all,R13,IF (PointsAjust IS High) AND (TeamExp IS Medium) AND (Length IS Low),High,0.0,0.0,4014.4739334909054,0.0,3873.544242732398,0.360062893081761,0.4,0.2121212121212121,3626.0
59,all,R14,IF (PointsAjust IS High) AND (TeamExp IS High) AND (Length IS Medium),High,0.0,0.0,4014.4739334909054,0.0,3873.544242732398,0.360062893081761,0.4,0.2121212121212121,3626.0
59,all,R15,IF (PointsAjust IS Medium) AND (TeamExp IS Low) AND (Length IS Medium),High,0.0,0.0,4014.4739334909054,0.0,3873.544242732398,0.360062893081761,0.4,0.2121212121212121,3626.0
59,all,R16,IF (PointsAjust IS Low) AND (TeamExp IS Low) AND (Length IS High),High,0.0,0.0,4014.4739334909054,0.0,3873.544242732398,0.360062893081761,0.4,0.2121212121212121,3626.0
59,all,R17,IF (PointsAjust IS Medium) AND (TeamExp IS High) AND (Length IS High),High,0.0,0.0,4014.4739334909054,0.0,3873.544242732398,0.360062893081761,0.4,0.2121212121212121,3626.0
59,all,R18,IF (PointsAjust IS High) AND (TeamExp IS Medium) AND (Length IS Medium),Very_High,0.0,0.0,-670.0051898267941,-0.0,3873.544242732398,0.360062893081761,0.4,0.2121212121212121,3626.0
59,all,R19,IF (PointsAjust IS Medium) AND (TeamExp IS Low) AND (Length IS High),Very_High,0.0,0.0,-670.0051898267941,-0.0,3873.544242732398,0.360062893081761,0.4,0.2121212121212121,3626.0
59,all,R20,IF (PointsAjust IS High) AND (TeamExp IS Low) AND (Length IS High),Very_High,0.0,0.0,-670.0051898267941,-0.0,3873.544242732398,0.360062893081761,0.4,0.2121212121212121,3626.0
60,all,R1,IF (PointsAjust IS Low) AND (TeamExp IS High) AND (Length IS Low),Very_Low,0.0,0.0,6483.562356943935,0.0,4392.468396054549,0.3883647798742138,0.6,0.2727272727272727,6783.0
60,all,R2,IF (PointsAjust IS Low) AND (TeamExp IS Medium) AND (Length IS Low),Low,0.0,0.0,3935.5727391626974,0.0,4392.468396054549,0.3883647798742138,0.6,0.2727272727272727,6783.0
60,all,R3,IF (PointsAjust IS Low) AND (TeamExp IS High) AND (Length IS Medium),Low,0.0,0.0,3935.5727391626974,0.0,4392.468396054549,0.3883647798742138,0.6,0.2727272727272727,6783.0
60,all,R4,IF (PointsAjust IS Medium) AND (TeamExp IS High) AND (Length IS Low),Low,0.0,0.0,3935.5727391626974,0.0,4392.468396054549,0.3883647798742138,0.6,0.2727272727272727,6783.0
60,all,R5,IF (PointsAjust IS Low) AND (TeamExp IS Low) AND (Length IS Low),Medium,0.0,0.0,4392.46839605455,0.0,4392.468396054549,0.3883647798742138,0.6,0.2727272727272727,6783.0
60,all,R6,IF (PointsAjust IS Medium) AND (TeamExp IS Medium) AND (Length IS Low),Medium,0.23453716172557887,0.5490581021668389,4392.46839605455,2411.72036136553,4392.468396054549,0.3883647798742138,0.6,0.2727272727272727,6783.0
60,all,R7,IF (PointsAjust IS Low) AND (TeamExp IS Medium) AND (Length IS Medium),Medium,0.0,0.0,4392.46839605455,0.0,4392.468396054549,0.3883647798742138,0.6,0.2727272727272727,6783.0
60,all,R8,IF (PointsAjust IS Medium) AND (TeamExp IS High) AND (Length IS Medium),Medium,0.0,0.0,4392.46839605455,0.0,4392.468396054549,0.3883647798742138,0.6,0.2727272727272727,6783.0
60,all,R9,IF (PointsAjust IS Low) AND (TeamExp IS Low) AND (Length IS Medium),High,0.0,0.0,4033.5049086769436,0.0,4392.468396054549,0.3883647798742138,0.6,0.2727272727272727,6783.0
60,all,R10,IF (PointsAjust IS Medium) AND (TeamExp IS Low) AND (Length IS Low),High,0.0,0.0,4033.5049086769436,0.0,4392.468396054549,0.3883647798742138,0.6,0.2727272727272727,6783.0
60,all,R11,IF (PointsAjust IS Medium) AND (TeamExp IS Medium) AND (Length IS Medium),Medium,0.19262557533264146,0.45094189783316113,4392.46839605455,1980.74803468902,4392.468396054549,0.3883647798742138,0.6,0.2727272727272727,6783.0
60,all,R12,IF (PointsAjust IS High) AND (TeamExp IS High) AND (Length IS Low),Medium,0.0,0.0,4392.46839605455,0.0,4392.468396054549,0.3883647798742138,0.6,0.2727272727272727,6783.0
60,all,R13,IF (PointsAjust IS High) AND (TeamExp IS Medium) AND (Length IS Low),High,0.0,0.0,4033.5049086769436,0.0,4392.468396054549,0.3883647798742138,0.6,0.2727272727272727,6783.0
60,all,R14,IF (PointsAjust IS High) AND (TeamExp IS High) AND (Length IS Medium),High,0.0,0.0,4033.5049086769436,0.0,4392.468396054549,0.3883647798742138,0.6,0.2727272727272727,6783.0
60,all,R15,IF (PointsAjust IS Medium) AND (TeamExp IS Low) AND (Length IS Medium),High,0.0,0.0,4033.5049086769436,0.0,4392.468396054549,0.3883647798742138,0.6,0.2727272727272727,6783.0
60,all,R16,IF (PointsAjust IS Low) AND (TeamExp IS Low) AND (Length IS High),High,0.0,0.0,4033.5049086769436,0.0,4392.468396054549,0.3883647798742138,0.6,0.2727272727272727,6783.0
60,all,R17,IF (PointsAjust IS Medium) AND (TeamExp IS High) AND (Length IS High),High,0.0,0.0,4033.5049086769436,0.0,4392.468396054549,0.3883647798742138,0.6,0.2727272727272727,6783.0
60,all,R18,IF (PointsAjust IS High) AND (TeamExp IS Medium) AND (Length IS Medium),Very_High,0.0,0.0,-610.2500899860904,-0.0,4392.468396054549,0.3883647798742138,0.6,0.2727272727272727,6783.0
60,all,R19,IF (PointsAjust IS Medium) AND (TeamExp IS Low) AND (Length IS High),Very_High,0.0,0.0,-610.2500899860904,-0.0,4392.468396054549,0.3883647798742138,0.6,0.2727272727272727,6783.0
60,all,R20,IF (PointsAjust IS High) AND (TeamExp IS Low) AND (Length IS High),Very_High,0.0,0.0,-610.2500899860904,-0.0,4392.468396054549,0.3883647798742138,0.6,0.2727272727272727,6783.0
61,all,R1,IF (PointsAjust IS Low) AND (TeamExp IS High) AND (Length IS Low),Very_Low,0.0,0.0,1147.1375739446753,0.0,1261.2059481381953,0.0078616352201257,0.4,0.1515151515151515,1267.0
61,all,R2,IF (PointsAjust IS Low) AND (TeamExp IS Medium) AND (Length IS Low),Low,0.7946712104704688,0.9322134825998658,1266.3883131426896,1180.544259718516,1261.2059481381953,0.0078616352201257,0.4,0.1515151515151515,1267.0
61,all,R3,IF (PointsAjust IS Low) AND (TeamExp IS High) AND (Length IS Medium),Low,0.0,0.0,1266.3883131426896,0.0,1261.2059481381953,0.0078616352201257,0.4,0.1515151515151515,1267.0
61,all,R4,IF (PointsAjust IS Medium) AND (TeamExp IS High) AND (Length IS Low),Low,0.0,0.0,1266.3883131426896,0.0,1261.2059481381953,0.0078616352201257,0.4,0.1515151515151515,1267.0
61,all,R5,IF (PointsAjust IS Low) AND (TeamExp IS Low) AND (Length IS Low),Medium,0.0,0.0,1189.9370481528777,0.0,1261.2059481381953,0.0078616352201257,0.4,0.1515151515151515,1267.0
61,all,R6,IF (PointsAjust IS Medium) AND (TeamExp IS Medium) AND (Length IS Low),Medium,0.0036535615370229106,0.004285922629944846,1189.9370481528777,5.099978122888188,1261.2059481381953,0.0078616352201257,0.4,0.1515151515151515,1267.0
61,all,R7,IF (PointsAjust IS Low) AND (TeamExp IS Medium) AND (Length IS Medium),Medium,0.05388374432468337,0.06320998205370433,1189.9370481528777,75.21589945878131,1261.2059481381953,0.0078616352201257,0.4,0.1515151515151515,1267.0
61,all,R8,IF (PointsAjust IS Medium) AND (TeamExp IS High) AND (Length IS Medium),Medium,0.0,0.0,1189.9370481528777,0.0,1261.2059481381953,0.0078616352201257,0.4,0.1515151515151515,1267.0
61,all,R9,IF (PointsAjust IS Low) AND (TeamExp IS Low) AND (Length IS Medium),High,0.0,0.0,-47.17057835163297,-0.0,1261.2059481381953,0.0078616352201257,0.4,0.1515151515151515,1267.0
61,all,R10,IF (PointsAjust IS Medium) AND (TeamExp IS Low) AND (Length IS Low),High,0.0,0.0,-47.17057835163297,-0.0,1261.2059481381953,0.0078616352201257,0.4,0.1515151515151515,1267.0
61,all,R11,IF (PointsAjust IS Medium) AND (TeamExp IS Medium) AND (Length IS Medium),Medium,0.0002477346267758817,0.0002906127164850963,1189.9370481528777,0.3458108380099646,1261.2059481381953,0.0078616352201257,0.4,0.1515151515151515,1267.0
61,all,R12,IF (PointsAjust IS High) AND (TeamExp IS High) AND (Length IS Low),Medium,0.0,0.0,1189.9370481528777,0.0,1261.2059481381953,0.0078616352201257,0.4,0.1515151515151515,1267.0
61,all,R13,IF (PointsAjust IS High) AND (TeamExp IS Medium) AND (Length IS Low),High,0.0,0.0,-47.17057835163297,-0.0,1261.2059481381953,0.0078616352201257,0.4,0.1515151515151515,1267.0
61,all,R14,IF (PointsAjust IS High) AND (TeamExp IS High) AND (Length IS Medium),High,0.0,0.0,-47.17057835163297,-0.0,1261.2059481381953,0.0078616352201257,0.4,0.1515151515151515,1267.0
61,all,R15,IF (PointsAjust IS Medium) AND (TeamExp IS Low) AND (Length IS Medium),High,0.0,0.0,-47.17057835163297,-0.0,1261.2059481381953,0.0078616352201257,0.4,0.1515151515151515,1267.0
61,all,R16,IF (PointsAjust IS Low) AND (TeamExp IS Low) AND (Length IS High),High,0.0,0.0,-47.17057835163297,-0.0,1261.2059481381953,0.0078616352201257,0.4,0.1515151515151515,1267.0
61,all,R17,IF (PointsAjust IS Medium) AND (TeamExp IS High) AND (Length IS High),High,0.0,0.0,-47.17057835163297,-0.0,1261.2059481381953,0.0078616352201257,0.4,0.1515151515151515,1267.0
61,all,R18,IF (PointsAjust IS High) AND (TeamExp IS Medium) AND (Length IS Medium),Very_High,0.0,0.0,-1194.6712780680107,-0.0,1261.2059481381953,0.0078616352201257,0.4,0.1515151515151515,1267.0
61,all,R19,IF (PointsAjust IS Medium) AND (TeamExp IS Low) AND (Length IS High),Very_High,0.0,0.0,-1194.6712780680107,-0.0,1261.2059481381953,0.0078616352201257,0.4,0.1515151515151515,1267.0
61,all,R20,IF (PointsAjust IS High) AND (TeamExp IS Low) AND (Length IS High),Very_High,0.0,0.0,-1194.6712780680107,-0.0,1261.2059481381953,0.0078616352201257,0.4,0.1515151515151515,1267.0
62,all,R1,IF (PointsAjust IS Low) AND (TeamExp IS High) AND (Length IS Low),Very_Low,0.0,0.0,1700.2095841529672,0.0,1452.9735783213926,0.0676100628930817,0.4,0.1212121212121212,2548.0
62,all,R2,IF (PointsAjust IS Low) AND (TeamExp IS Medium) AND (Length IS Low),Low,0.8007374029168082,0.9455608492911804,1466.3160363105576,1386.4910366230881,1452.9735783213926,0.0676100628930817,0.4,0.1212121212121212,2548.0
62,all,R3,IF (PointsAjust IS Low) AND (TeamExp IS High) AND (Length IS Medium),Low,0.0,0.0,1466.3160363105576,0.0,1452.9735783213926,0.0676100628930817,0.4,0.1212121212121212,2548.0
62,all,R4,IF (PointsAjust IS Medium) AND (TeamExp IS High) AND (Length IS Low),Low,0.0,0.0,1466.3160363105576,0.0,1452.9735783213926,0.0676100628930817,0.4,0.1212121212121212,2548.0
62,all,R5,IF (PointsAjust IS Low) AND (TeamExp IS Low) AND (Length IS Low),Medium,0.0,0.0,1221.2266509061005,0.0,1452.9735783213926,0.0676100628930817,0.4,0.1212121212121212,2548.0
62,all,R6,IF (PointsAjust IS Medium) AND (TeamExp IS Medium) AND (Length IS Low),Medium,0.01256409176428252,0.014836466032349907,1221.2266509061005,18.118687723968797,1452.9735783213926,0.0676100628930817,0.4,0.1212121212121212,2548.0
62,all,R7,IF (PointsAjust IS Low) AND (TeamExp IS Medium) AND (Length IS Medium),Medium,0.03301899158858745,0.038990892164540006,1221.2266509061005,47.616716653942106,1452.9735783213926,0.0676100628930817,0.4,0.1212121212121212,2548.0
62,all,R8,IF (PointsAjust IS Medium) AND (TeamExp IS High) AND (Length IS Medium),Medium,0.0,0.0,1221.2266509061005,0.0,1452.9735783213926,0.0676100628930817,0.4,0.1212121212121212,2548.0
62,all,R9,IF (PointsAjust IS Low) AND (TeamExp IS Low) AND (Length IS Medium),High,0.0,0.0,651.6230649692678,0.0,1452.9735783213926,0.0676100628930817,0.4,0.1212121212121212,2548.0
62,all,R10,IF (PointsAjust IS Medium) AND (TeamExp IS Low) AND (Length IS Low),High,0.0,0.0,651.6230649692678,0.0,1452.9735783213926,0.0676100628930817,0.4,0.1212121212121212,2548.0
62,all,R11,IF (PointsAjust IS Medium) AND (TeamExp IS Medium) AND (Length IS Medium),Medium,0.0005180894994687618,0.0006117925119296833,1221.2266509061005,0.7471373203933177,1452.9735783213926,0.0676100628930817,0.4,0.1212121212121212,2548.0
62,all,R12,IF (PointsAjust IS High) AND (TeamExp IS High) AND (Length IS Low),Medium,0.0,0.0,1221.2266509061005,0.0,1452.9735783213926,0.0676100628930817,0.4,0.1212121212121212,2548.0
62,all,R13,IF (PointsAjust IS High) AND (TeamExp IS Medium) AND (Length IS Low),High,0.0,0.0,651.6230649692678,0.0,1452.9735783213926,0.0676100628930817,0.4,0.1212121212121212,2548.0
62,all,R14,IF (PointsAjust IS High) AND (TeamExp IS High) AND (Length IS Medium),High,0.0,0.0,651.6230649692678,0.0,1452.9735783213926,0.0676100628930817,0.4,0.1212121212121212,2548.0
62,all,R15,IF (PointsAjust IS Medium) AND (TeamExp IS Low) AND (Length IS Medium),High,0.0,0.0,651.6230649692678,0.0,1452.9735783213926,0.0676100628930817,0.4,0.1212121212121212,2548.0
62,all,R16,IF (PointsAjust IS Low) AND (TeamExp IS Low) AND (Length IS High),High,0.0,0.0,651.6230649692678,0.0,1452.9735783213926,0.0676100628930817,0.4,0.1212121212121212,2548.0
62,all,R17,IF (PointsAjust IS Medium) AND (TeamExp IS High) AND (Length IS High),High,0.0,0.0,651.6230649692678,0.0,1452.9735783213926,0.0676100628930817,0.4,0.1212121212121212,2548.0
62,all,R18,IF (PointsAjust IS High) AND (TeamExp IS Medium) AND (Length IS Medium),Very_High,0.0,0.0,-1233.4918430204632,-0.0,1452.9735783213926,0.0676100628930817,0.4,0.1212121212121212,2548.0
62,all,R19,IF (PointsAjust IS Medium) AND (TeamExp IS Low) AND (Length IS High),Very_High,0.0,0.0,-1233.4918430204632,-0.0,1452.9735783213926,0.0676100628930817,0.4,0.1212121212121212,2548.0
62,all,R20,IF (PointsAjust IS High) AND (TeamExp IS Low) AND (Length IS High),Very_High,0.0,0.0,-1233.4918430204632,-0.0,1452.9735783213926,0.0676100628930817,0.4,0.1212121212121212,2548.0
63,all,R1,IF (PointsAjust IS Low) AND (TeamExp IS High) AND (Length IS Low),Very_Low,0.19318181818181826,0.42264623579965915,2930.7277777370773,1238.661063414076,2716.193192200404,0.0864779874213836,0.8,0.2727272727272727,1155.0
63,all,R2,IF (PointsAjust IS Low) AND (TeamExp IS Medium) AND (Length IS Low),Low,0.052288632159600335,0.11439789606167003,2605.0442230571307,298.0115782653436,2716.193192200404,0.0864779874213836,0.8,0.2727272727272727,1155.0
63,all,R3,IF (PointsAjust IS Low) AND (TeamExp IS High) AND (Length IS Medium),Low,0.15866039563750772,0.34711972181338824,2605.0442230571307,904.2622260191653,2716.193192200404,0.0864779874213836,0.8,0.2727272727272727,1155.0
63,all,R4,IF (PointsAjust IS Medium) AND (TeamExp IS High) AND (Length IS Low),Low,0.004321582695926413,0.009454826941380069,2605.0442230571307,24.63024230364707,2716.193192200404,0.0864779874213836,0.8,0.2727272727272727,1155.0
63,all,R5,IF (PointsAjust IS Low) AND (TeamExp IS Low) AND (Length IS Low),Medium,0.0,0.0,2355.9407201345252,0.0,2716.193192200404,0.0864779874213836,0.8,0.2727272727272727,1155.0
63,all,R6,IF (PointsAjust IS Medium) AND (TeamExp IS Medium) AND (Length IS Low),Medium,0.0011697252363672898,0.002559143364129654,2355.9407201345252,6.029190060215109,2716.193192200404,0.0864779874213836,0.8,0.2727272727272727,1155.0
63,all,R7,IF (PointsAjust IS Low) AND (TeamExp IS Medium) AND (Length IS Medium),Medium,0.04294469916407024,0.09395509173725813,2355.9407201345252,221.35262648778132,2716.193192200404,0.0864779874213836,0.8,0.2727272727272727,1155.0
63,all,R8,IF (PointsAjust IS Medium) AND (TeamExp IS High) AND (Length IS Medium),Medium,0.0035493196345763806,0.007765257607171206,2355.9407201345252,18.29448659906903,2716.193192200404,0.0864779874213836,0.8,0.2727272727272727,1155.0
63,all,R9,IF (PointsAjust IS Low) AND (TeamExp IS Low) AND (Length IS Medium),High,0.0,0.0,245.65552261638032,0.0,2716.193192200404,0.0864779874213836,0.8,0.2727272727272727,1155.0
63,all,R10,IF (PointsAjust IS Medium) AND (TeamExp IS Low) AND (Length IS Low),High,0.0,0.0,245.65552261638032,0.0,2716.193192200404,0.0864779874213836,0.8,0.2727272727272727,1155.0
63,all,R11,IF (PointsAjust IS Medium) AND (TeamExp IS Medium) AND (Length IS Medium),Medium,0.0009606963560853295,0.0021018266753435513,2355.9407201345252,4.951779051106842,2716.193192200404,0.0864779874213836,0.8,0.2727272727272727,1155.0
63,all,R12,IF (PointsAjust IS High) AND (TeamExp IS High) AND (Length IS Low),Medium,0.0,0.0,2355.9407201345252,0.0,2716.193192200404,0.0864779874213836,0.8,0.2727272727272727,1155.0
63,all,R13,IF (PointsAjust IS High) AND (TeamExp IS Medium) AND (Length IS Low),High,0.0,0.0,245.65552261638032,0.0,2716.193192200404,0.0864779874213836,0.8,0.2727272727272727,1155.0
63,all,R14,IF (PointsAjust IS High) AND (TeamExp IS High) AND (Length IS Medium),High,0.0,0.0,245.65552261638032,0.0,2716.193192200404,0.0864779874213836,0.8,0.2727272727272727,1155.0
63,all,R15,IF (PointsAjust IS Medium) AND (TeamExp IS Low) AND (Length IS Medium),High,0.0,0.0,245.65552261638032,0.0,2716.193192200404,0.0864779874213836,0.8,0.2727272727272727,1155.0
63,all,R16,IF (PointsAjust IS Low) AND (TeamExp IS Low) AND (Length IS High),High,0.0,0.0,245.65552261638032,0.0,2716.193192200404,0.0864779874213836,0.8,0.2727272727272727,1155.0
63,all,R17,IF (PointsAjust IS Medium) AND (TeamExp IS High) AND (Length IS High),High,0.0,0.0,245.65552261638032,0.0,2716.193192200404,0.0864779874213836,0.8,0.2727272727272727,1155.0
63,all,R18,IF (PointsAjust IS High) AND (TeamExp IS Medium) AND (Length IS Medium),Very_High,0.0,0.0,-1054.2999136642422,-0.0,2716.193192200404,0.0864779874213836,0.8,0.2727272727272727,1155.0
63,all,R19,IF (PointsAjust IS Medium) AND (TeamExp IS Low) AND (Length IS High),Very_High,0.0,0.0,-1054.2999136642422,-0.0,2716.193192200404,0.0864779874213836,0.8,0.2727272727272727,1155.0
63,all,R20,IF (PointsAjust IS High) AND (TeamExp IS Low) AND (Length IS High),Very_High,0.0,0.0,-1054.2999136642422,-0.0,2716.193192200404,0.0864779874213836,0.8,0.2727272727272727,1155.0
64,all,R1,IF (PointsAjust IS Low) AND (TeamExp IS High) AND (Length IS Low),Very_Low,0.0,0.0,1668.832930478692,0.0,1634.944178698449,0.0581761006289308,0.2,0.1515151515151515,546.0
64,all,R2,IF (PointsAjust IS Low) AND (TeamExp IS Medium) AND (Length IS Low),Low,0.13431001593936565,0.14131044729062847,1286.4939392012811,181.79503398521564,1634.944178698449,0.0581761006289308,0.2,0.1515151515151515,546.0
64,all,R3,IF (PointsAjust IS Low) AND (TeamExp IS High) AND (Length IS Medium),Low,0.0,0.0,1286.4939392012811,0.0,1634.944178698449,0.0581761006289308,0.2,0.1515151515151515,546.0
64,all,R4,IF (PointsAjust IS Medium) AND (TeamExp IS High) AND (Length IS Low),Low,0.0,0.0,1286.4939392012811,0.0,1634.944178698449,0.0581761006289308,0.2,0.1515151515151515,546.0
64,all,R5,IF (PointsAjust IS Low) AND (TeamExp IS Low) AND (Length IS Low),Medium,0.7443181818181818,0.7831131167965771,1761.8319773603876,1379.7137310625697,1634.944178698449,0.0581761006289308,0.2,0.1515151515151515,546.0
64,all,R6,IF (PointsAjust IS Medium) AND (TeamExp IS Medium) AND (Length IS Low),Medium,0.0017545057042612593,0.0018459530669331901,1761.8319773603876,3.252259142029374,1634.944178698449,0.0581761006289308,0.2,0.1515151515151515,546.0
64,all,R7,IF (PointsAjust IS Low) AND (TeamExp IS Medium) AND (Length IS Medium),Medium,0.009107070274807533,0.009581743885885785,1761.8319773603876,16.881422777030956,1634.944178698449,0.0581761006289308,0.2,0.1515151515151515,546.0
64,all,R8,IF (PointsAjust IS Medium) AND (TeamExp IS High) AND (Length IS Medium),Medium,0.0,0.0,1761.8319773603876,0.0,1634.944178698449,0.0581761006289308,0.2,0.1515151515151515,546.0
64,all,R9,IF (PointsAjust IS Low) AND (TeamExp IS Low) AND (Length IS Medium),High,0.05046948986809246,0.053100032323796856,829.0885151839508,44.02462695555653,1634.944178698449,0.0581761006289308,0.2,0.1515151515151515,546.0
64,all,R10,IF (PointsAjust IS Medium) AND (TeamExp IS Low) AND (Length IS Low),High,0.009723105806010204,0.010229888075671819,829.0885151839508,8.481482715156751,1634.944178698449,0.0581761006289308,0.2,0.1515151515151515,546.0
64,all,R11,IF (PointsAjust IS Medium) AND (TeamExp IS Medium) AND (Length IS Medium),Medium,0.00011896660598619415,0.00012516731672600271,1761.8319773603876,0.22052378112826726,1634.944178698449,0.0581761006289308,0.2,0.1515151515151515,546.0
64,all,R12,IF (PointsAjust IS High) AND (TeamExp IS High) AND (Length IS Low),Medium,0.0,0.0,1761.8319773603876,0.0,1634.944178698449,0.0581761006289308,0.2,0.1515151515151515,546.0
64,all,R13,IF (PointsAjust IS High) AND (TeamExp IS Medium) AND (Length IS Low),High,0.0,0.0,829.0885151839508,0.0,1634.944178698449,0.0581761006289308,0.2,0.1515151515151515,546.0
64,all,R14,IF (PointsAjust IS High) AND (TeamExp IS High) AND (Length IS Medium),High,0.0,0.0,829.0885151839508,0.0,1634.944178698449,0.0581761006289308,0.2,0.1515151515151515,546.0
64,all,R15,IF (PointsAjust IS Medium) AND (TeamExp IS Low) AND (Length IS Medium),High,0.0006592881941485256,0.000693651243780791,829.0885151839508,0.5750982797617167,1634.944178698449,0.0581761006289308,0.2,0.1515151515151515,546.0
64,all,R16,IF (PointsAjust IS Low) AND (TeamExp IS Low) AND (Length IS High),High,0.0,0.0,829.0885151839508,0.0,1634.944178698449,0.0581761006289308,0.2,0.1515151515151515,546.0
64,all,R17,IF (PointsAjust IS Medium) AND (TeamExp IS High) AND (Length IS High),High,0.0,0.0,829.0885151839508,0.0,1634.944178698449,0.0581761006289308,0.2,0.1515151515151515,546.0
64,all,R18,IF (PointsAjust IS High) AND (TeamExp IS Medium) AND (Length IS Medium),Very_High,0.0,0.0,-989.0347655025585,-0.0,1634.944178698449,0.0581761006289308,0.2,0.1515151515151515,546.0
64,all,R19,IF (PointsAjust IS Medium) AND (TeamExp IS Low) AND (Length IS High),Very_High,0.0,0.0,-989.0347655025585,-0.0,1634.944178698449,0.0581761006289308,0.2,0.1515151515151515,546.0
64,all,R20,IF (PointsAjust IS High) AND (TeamExp IS Low) AND (Length IS High),Very_High,0.0,0.0,-989.0347655025585,-0.0,1634.944178698449,0.0581761006289308,0.2,0.1515151515151515,546.0
65,all,R1,IF (PointsAjust IS Low) AND (TeamExp IS High) AND (Length IS Low),Very_Low,0.0,0.0,4256.007722067903,0.0,4023.980947786285,0.1619496855345912,0.6,0.3636363636363636,2275.0
65,all,R2,IF (PointsAjust IS Low) AND (TeamExp IS Medium) AND (Length IS Low),Low,0.0,0.0,3090.0852777752852,0.0,4023.980947786285,0.1619496855345912,0.6,0.3636363636363636,2275.0
65,all,R3,IF (PointsAjust IS Low) AND (TeamExp IS High) AND (Length IS Medium),Low,0.0,0.0,3090.0852777752852,0.0,4023.980947786285,0.1619496855345912,0.6,0.3636363636363636,2275.0
65,all,R4,IF (PointsAjust IS Medium) AND (TeamExp IS High) AND (Length IS Low),Low,0.0,0.0,3090.0852777752852,0.0,4023.980947786285,0.1619496855345912,0.6,0.3636363636363636,2275.0
65,all,R5,IF (PointsAjust IS Low) AND (TeamExp IS Low) AND (Length IS Low),Medium,0.0,0.0,4023.9809477862846,0.0,4023.980947786285,0.1619496855345912,0.6,0.3636363636363636,2275.0
65,all,R6,IF (PointsAjust IS Medium) AND (TeamExp IS Medium) AND (Length IS Low),Medium,0.0,0.0,4023.9809477862846,0.0,4023.980947786285,0.1619496855345912,0.6,0.3636363636363636,2275.0
65,all,R7,IF (PointsAjust IS Low) AND (TeamExp IS Medium) AND (Length IS Medium),Medium,0.4980508134574527,0.9225781921585877,4023.9809477862846,3712.4370680892707,4023.980947786285,0.1619496855345912,0.6,0.3636363636363636,2275.0
65,all,R8,IF (PointsAjust IS Medium) AND (TeamExp IS High) AND (Length IS Medium),Medium,0.0,0.0,4023.9809477862846,0.0,4023.980947786285,0.1619496855345912,0.6,0.3636363636363636,2275.0
65,all,R9,IF (PointsAjust IS Low) AND (TeamExp IS Low) AND (Length IS Medium),High,0.0,0.0,1391.2007988658095,0.0,4023.980947786285,0.1619496855345912,0.6,0.3636363636363636,2275.0
65,all,R10,IF (PointsAjust IS Medium) AND (TeamExp IS Low) AND (Length IS Low),High,0.0,0.0,1391.2007988658095,0.0,4023.980947786285,0.1619496855345912,0.6,0.3636363636363636,2275.0
65,all,R11,IF (PointsAjust IS Medium) AND (TeamExp IS Medium) AND (Length IS Medium),Medium,0.04179590922753318,0.07742180784141231,4023.9809477862846,311.5438796970139,4023.980947786285,0.1619496855345912,0.6,0.3636363636363636,2275.0
65,all,R12,IF (PointsAjust IS High) AND (TeamExp IS High) AND (Length IS Low),Medium,0.0,0.0,4023.9809477862846,0.0,4023.980947786285,0.1619496855345912,0.6,0.3636363636363636,2275.0
65,all,R13,IF (PointsAjust IS High) AND (TeamExp IS Medium) AND (Length IS Low),High,0.0,0.0,1391.2007988658095,0.0,4023.980947786285,0.1619496855345912,0.6,0.3636363636363636,2275.0
65,all,R14,IF (PointsAjust IS High) AND (TeamExp IS High) AND (Length IS Medium),High,0.0,0.0,1391.2007988658095,0.0,4023.980947786285,0.1619496855345912,0.6,0.3636363636363636,2275.0
65,all,R15,IF (PointsAjust IS Medium) AND (TeamExp IS Low) AND (Length IS Medium),High,0.0,0.0,1391.2007988658095,0.0,4023.980947786285,0.1619496855345912,0.6,0.3636363636363636,2275.0
65,all,R16,IF (PointsAjust IS Low) AND (TeamExp IS Low) AND (Length IS High),High,0.0,0.0,1391.2007988658095,0.0,4023.980947786285,0.1619496855345912,0.6,0.3636363636363636,2275.0
65,all,R17,IF (PointsAjust IS Medium) AND (TeamExp IS High) AND (Length IS High),High,0.0,0.0,1391.2007988658095,0.0,4023.980947786285,0.1619496855345912,0.6,0.3636363636363636,2275.0
65,all,R18,IF (PointsAjust IS High) AND (TeamExp IS Medium) AND (Length IS Medium),Very_High,0.0,0.0,-538.4908909623641,-0.0,4023.980947786285,0.1619496855345912,0.6,0.3636363636363636,2275.0
65,all,R19,IF (PointsAjust IS Medium) AND (TeamExp IS Low) AND (Length IS High),Very_High,0.0,0.0,-538.4908909623641,-0.0,4023.980947786285,0.1619496855345912,0.6,0.3636363636363636,2275.0
65,all,R20,IF (PointsAjust IS High) AND (TeamExp IS Low) AND (Length IS High),Very_High,0.0,0.0,-538.4908909623641,-0.0,4023.980947786285,0.1619496855345912,0.6,0.3636363636363636,2275.0
66,all,R1,IF (PointsAjust IS Low) AND (TeamExp IS High) AND (Length IS Low),Very_Low,0.0,0.0,15687.196583382147,0.0,9476.3080888524,0.9166666666666666,1.0,0.7575757575757576,9100.0
66,all,R2,IF (PointsAjust IS Low) AND (TeamExp IS Medium) AND (Length IS Low),Low,0.0,0.0,8952.182123655568,0.0,9476.3080888524,0.9166666666666666,1.0,0.7575757575757576,9100.0
66,all,R3,IF (PointsAjust IS Low) AND (TeamExp IS High) AND (Length IS Medium),Low,0.0,0.0,8952.182123655568,0.0,9476.3080888524,0.9166666666666666,1.0,0.7575757575757576,9100.0
66,all,R4,IF (PointsAjust IS Medium) AND (TeamExp IS High) AND (Length IS Low),Low,0.0,0.0,8952.182123655568,0.0,9476.3080888524,0.9166666666666666,1.0,0.7575757575757576,9100.0
66,all,R5,IF (PointsAjust IS Low) AND (TeamExp IS Low) AND (Length IS Low),Medium,0.0,0.0,11975.231197876812,0.0,9476.3080888524,0.9166666666666666,1.0,0.7575757575757576,9100.0
66,all,R6,IF (PointsAjust IS Medium) AND (TeamExp IS Medium) AND (Length IS Low),Medium,0.0,0.0,11975.231197876812,0.0,9476.3080888524,0.9166666666666666,1.0,0.7575757575757576,9100.0
66,all,R7,IF (PointsAjust IS Low) AND (TeamExp IS Medium) AND (Length IS Medium),Medium,0.0,0.0,11975.231197876812,0.0,9476.3080888524,0.9166666666666666,1.0,0.7575757575757576,9100.0
66,all,R8,IF (PointsAjust IS Medium) AND (TeamExp IS High) AND (Length IS Medium),Medium,0.004832631940632381,0.024769508576318,11975.231197876812,296.62059185920054,9476.3080888524,0.9166666666666666,1.0,0.7575757575757576,9100.0
66,all,R9,IF (PointsAjust IS Low) AND (TeamExp IS Low) AND (Length IS Medium),High,0.0,0.0,9443.30727137875,0.0,9476.3080888524,0.9166666666666666,1.0,0.7575757575757576,9100.0
66,all,R10,IF (PointsAjust IS Medium) AND (TeamExp IS Low) AND (Length IS Low),High,0.0,0.0,9443.30727137875,0.0,9476.3080888524,0.9166666666666666,1.0,0.7575757575757576,9100.0
66,all,R11,IF (PointsAjust IS Medium) AND (TeamExp IS Medium) AND (Length IS Medium),Medium,1.8682569145950277e-05,9.575694205003219e-05,11975.231197876812,1.1467115198508275,9476.3080888524,0.9166666666666666,1.0,0.7575757575757576,9100.0
66,all,R12,IF (PointsAjust IS High) AND (TeamExp IS High) AND (Length IS Low),Medium,0.0,0.0,11975.231197876812,0.0,9476.3080888524,0.9166666666666666,1.0,0.7575757575757576,9100.0
66,all,R13,IF (PointsAjust IS High) AND (TeamExp IS Medium) AND (Length IS Low),High,0.0,0.0,9443.30727137875,0.0,9476.3080888524,0.9166666666666666,1.0,0.7575757575757576,9100.0
66,all,R14,IF (PointsAjust IS High) AND (TeamExp IS High) AND (Length IS Medium),High,0.18123618582158266,0.9289205787228694,9443.30727137875,8772.08245558703,9476.3080888524,0.9166666666666666,1.0,0.7575757575757576,9100.0
66,all,R15,IF (PointsAjust IS Medium) AND (TeamExp IS Low) AND (Length IS Medium),High,0.0,0.0,9443.30727137875,0.0,9476.3080888524,0.9166666666666666,1.0,0.7575757575757576,9100.0
66,all,R16,IF (PointsAjust IS Low) AND (TeamExp IS Low) AND (Length IS High),High,0.0,0.0,9443.30727137875,0.0,9476.3080888524,0.9166666666666666,1.0,0.7575757575757576,9100.0
66,all,R17,IF (PointsAjust IS Medium) AND (TeamExp IS High) AND (Length IS High),High,0.008315925269627999,0.042623022985507214,9443.30727137875,402.5023028871839,9476.3080888524,0.9166666666666666,1.0,0.7575757575757576,9100.0
66,all,R18,IF (PointsAjust IS High) AND (TeamExp IS Medium) AND (Length IS Medium),Very_High,0.0007006446207688925,0.0035911327732554765,1101.6097841322521,3.9560269991362214,9476.3080888524,0.9166666666666666,1.0,0.7575757575757576,9100.0
66,all,R19,IF (PointsAjust IS Medium) AND (TeamExp IS Low) AND (Length IS High),Very_High,0.0,0.0,1101.6097841322521,0.0,9476.3080888524,0.9166666666666666,1.0,0.7575757575757576,9100.0
66,all,R20,IF (PointsAjust IS High) AND (TeamExp IS Low) AND (Length IS High),Very_High,0.0,0.0,1101.6097841322521,0.0,9476.3080888524,0.9166666666666666,1.0,0.7575757575757576,9100.0
67,all,R1,IF (PointsAjust IS Low) AND (TeamExp IS High) AND (Length IS Low),Very_Low,0.0,0.0,3639.0734252160382,0.0,2651.174561934432,0.2216981132075471,0.2,0.1515151515151515,595.0
67,all,R2,IF (PointsAjust IS Low) AND (TeamExp IS Medium) AND (Length IS Low),Low,0.08616114230072518,0.11194496540258969,2138.2688177318146,239.36842882242433,2651.174561934432,0.2216981132075471,0.2,0.1515151515151515,595.0
67,all,R3,IF (PointsAjust IS Low) AND (TeamExp IS High) AND (Length IS Medium),Low,0.0,0.0,2138.2688177318146,0.0,2651.174561934432,0.2216981132075471,0.2,0.1515151515151515,595.0
67,all,R4,IF (PointsAjust IS Medium) AND (TeamExp IS High) AND (Length IS Low),Low,0.0,0.0,2138.2688177318146,0.0,2651.174561934432,0.2216981132075471,0.2,0.1515151515151515,595.0
67,all,R5,IF (PointsAjust IS Low) AND (TeamExp IS Low) AND (Length IS Low),Medium,0.47748713550600363,0.6203757220144394,2713.843262723522,1683.6024735461267,2651.174561934432,0.2216981132075471,0.2,0.1515151515151515,595.0
67,all,R6,IF (PointsAjust IS Medium) AND (TeamExp IS Medium) AND (Length IS Low),Medium,0.024022633611917282,0.031211434954971976,2713.843262723522,84.70294247248412,2651.174561934432,0.2216981132075471,0.2,0.1515151515151515,595.0
67,all,R7,IF (PointsAjust IS Low) AND (TeamExp IS Medium) AND (Length IS Medium),Medium,0.005842271497046345,0.00759057810917491,2713.843262723522,20.59963926176098,2651.174561934432,0.2216981132075471,0.2,0.1515151515151515,595.0
67,all,R8,IF (PointsAjust IS Medium) AND (TeamExp IS High) AND (Length IS Medium),Medium,0.0,0.0,2713.843262723522,0.0,2651.174561934432,0.2216981132075471,0.2,0.1515151515151515,595.0
67,all,R9,IF (PointsAjust IS Low) AND (TeamExp IS Low) AND (Length IS Medium),High,0.03237665387764423,0.04206540560400625,2721.622205325187,114.48614196787398,2651.174561934432,0.2216981132075471,0.2,0.1515151515151515,595.0
67,all,R10,IF (PointsAjust IS Medium) AND (TeamExp IS Low) AND (Length IS Low),High,0.13312844055188536,0.17296728285780968,2721.622205325187,470.75159782057744,2651.174561934432,0.2216981132075471,0.2,0.1515151515151515,595.0
67,all,R11,IF (PointsAjust IS Medium) AND (TeamExp IS Medium) AND (Length IS Medium),Medium,0.0016288868031141526,0.0021163330934368778,2713.843262723522,5.7433963073025005,2651.174561934432,0.2216981132075471,0.2,0.1515151515151515,595.0
67,all,R12,IF (PointsAjust IS High) AND (TeamExp IS High) AND (Length IS Low),Medium,0.0,0.0,2713.843262723522,0.0,2651.174561934432,0.2216981132075471,0.2,0.1515151515151515,595.0
67,all,R13,IF (PointsAjust IS High) AND (TeamExp IS Medium) AND (Length IS Low),High,0.0,0.0,2721.622205325187,0.0,2651.174561934432,0.2216981132075471,0.2,0.1515151515151515,595.0
67,all,R14,IF (PointsAjust IS High) AND (TeamExp IS High) AND (Length IS Medium),High,0.0,0.0,2721.622205325187,0.0,2651.174561934432,0.2216981132075471,0.2,0.1515151515151515,595.0
67,all,R15,IF (PointsAjust IS Medium) AND (TeamExp IS Low) AND (Length IS Medium),High,0.009026951975263708,0.011728277963571397,2721.622205325187,31.91994173588198,2651.174561934432,0.2216981132075471,0.2,0.1515151515151515,595.0
67,all,R16,IF (PointsAjust IS Low) AND (TeamExp IS Low) AND (Length IS High),High,0.0,0.0,2721.622205325187,0.0,2651.174561934432,0.2216981132075471,0.2,0.1515151515151515,595.0
67,all,R17,IF (PointsAjust IS Medium) AND (TeamExp IS High) AND (Length IS High),High,0.0,0.0,2721.622205325187,0.0,2651.174561934432,0.2216981132075471,0.2,0.1515151515151515,595.0
67,all,R18,IF (PointsAjust IS High) AND (TeamExp IS Medium) AND (Length IS Medium),Very_High,0.0,0.0,-834.0661132793039,-0.0,2651.174561934432,0.2216981132075471,0.2,0.1515151515151515,595.0
67,all,R19,IF (PointsAjust IS Medium) AND (TeamExp IS Low) AND (Length IS High),Very_High,0.0,0.0,-834.0661132793039,-0.0,2651.174561934432,0.2216981132075471,0.2,0.1515151515151515,595.0
67,all,R20,IF (PointsAjust IS High) AND (TeamExp IS Low) AND (Length IS High),Very_High,0.0,0.0,-834.0661132793039,-0.0,2651.174561934432,0.2216981132075471,0.2,0.1515151515151515,595.0
68,all,R1,IF (PointsAjust IS Low) AND (TeamExp IS High) AND (Length IS Low),Very_Low,0.0,0.0,7103.924353991796,0.0,3878.1342898858607,0.2877358490566037,0.2,0.6363636363636364,3941.0
68,all,R2,IF (PointsAjust IS Low) AND (TeamExp IS Medium) AND (Length IS Low),Low,0.0,0.0,4263.018237861762,0.0,3878.1342898858607,0.2877358490566037,0.2,0.6363636363636364,3941.0
68,all,R3,IF (PointsAjust IS Low) AND (TeamExp IS High) AND (Length IS Medium),Low,0.0,0.0,4263.018237861762,0.0,3878.1342898858607,0.2877358490566037,0.2,0.6363636363636364,3941.0
68,all,R4,IF (PointsAjust IS Medium) AND (TeamExp IS High) AND (Length IS Low),Low,0.0,0.0,4263.018237861762,0.0,3878.1342898858607,0.2877358490566037,0.2,0.6363636363636364,3941.0
68,all,R5,IF (PointsAjust IS Low) AND (TeamExp IS Low) AND (Length IS Low),Medium,0.0,0.0,8163.280152191553,0.0,3878.1342898858607,0.2877358490566037,0.2,0.6363636363636364,3941.0
68,all,R6,IF (PointsAjust IS Medium) AND (TeamExp IS Medium) AND (Length IS Low),Medium,0.0,0.0,8163.280152191553,0.0,3878.1342898858607,0.2877358490566037,0.2,0.6363636363636364,3941.0
68,all,R7,IF (PointsAjust IS Low) AND (TeamExp IS Medium) AND (Length IS Medium),Medium,0.027871386966856513,0.06280288460247006,8163.280152191553,512.6775413757204,3878.1342898858607,0.2877358490566037,0.2,0.6363636363636364,3941.0
68,all,R8,IF (PointsAjust IS Medium) AND (TeamExp IS High) AND (Length IS Medium),Medium,0.0,0.0,8163.280152191553,0.0,3878.1342898858607,0.2877358490566037,0.2,0.6363636363636364,3941.0
68,all,R9,IF (PointsAjust IS Low) AND (TeamExp IS Low) AND (Length IS Medium),High,0.15445743138983048,0.3480405281267393,3369.2594755735145,1172.6388472746266,3878.1342898858607,0.2877358490566037,0.2,0.6363636363636364,3941.0
68,all,R10,IF (PointsAjust IS Medium) AND (TeamExp IS Low) AND (Length IS Low),High,0.0,0.0,3369.2594755735145,0.0,3878.1342898858607,0.2877358490566037,0.2,0.6363636363636364,3941.0
68,all,R11,IF (PointsAjust IS Medium) AND (TeamExp IS Medium) AND (Length IS Medium),Medium,0.03289386425171474,0.07412008462967251,8163.280152191553,605.0630157361637,3878.1342898858607,0.2877358490566037,0.2,0.6363636363636364,3941.0
68,all,R12,IF (PointsAjust IS High) AND (TeamExp IS High) AND (Length IS Low),Medium,0.0,0.0,8163.280152191553,0.0,3878.1342898858607,0.2877358490566037,0.2,0.6363636363636364,3941.0
68,all,R13,IF (PointsAjust IS High) AND (TeamExp IS Medium) AND (Length IS Low),High,0.0,0.0,3369.2594755735145,0.0,3878.1342898858607,0.2877358490566037,0.2,0.6363636363636364,3941.0
68,all,R14,IF (PointsAjust IS High) AND (TeamExp IS High) AND (Length IS Medium),High,0.0,0.0,3369.2594755735145,0.0,3878.1342898858607,0.2877358490566037,0.2,0.6363636363636364,3941.0
68,all,R15,IF (PointsAjust IS Medium) AND (TeamExp IS Low) AND (Length IS Medium),High,0.18229095619989721,0.410758097539603,3369.2594755735145,1383.9506123038573,3878.1342898858607,0.2877358490566037,0.2,0.6363636363636364,3941.0
68,all,R16,IF (PointsAjust IS Low) AND (TeamExp IS Low) AND (Length IS High),High,0.02122641509433964,0.04782970073499335,3369.2594755735145,161.15067241522183,3878.1342898858607,0.2877358490566037,0.2,0.6363636363636364,3941.0
68,all,R17,IF (PointsAjust IS Medium) AND (TeamExp IS High) AND (Length IS High),High,0.0,0.0,3369.2594755735145,0.0,3878.1342898858607,0.2877358490566037,0.2,0.6363636363636364,3941.0
68,all,R18,IF (PointsAjust IS High) AND (TeamExp IS Medium) AND (Length IS Medium),Very_High,0.0,0.0,755.6170023552781,0.0,3878.1342898858607,0.2877358490566037,0.2,0.6363636363636364,3941.0
68,all,R19,IF (PointsAjust IS Medium) AND (TeamExp IS Low) AND (Length IS High),Very_High,0.025051455727483154,0.0564487043665218,755.6170023552781,42.6536007802705,3878.1342898858607,0.2877358490566037,0.2,0.6363636363636364,3941.0
68,all,R20,IF (PointsAjust IS High) AND (TeamExp IS Low) AND (Length IS High),Very_High,0.0,0.0,755.6170023552781,0.0,3878.1342898858607,0.2877358490566037,0.2,0.6363636363636364,3941.0
69,all,R1,IF (PointsAjust IS Low) AND (TeamExp IS High) AND (Length IS Low),Very_Low,0.0,0.0,8975.459558177112,0.0,5438.585623227904,0.5534591194968553,1.0,0.3333333333333333,1400.0
69,all,R2,IF (PointsAjust IS Low) AND (TeamExp IS Medium) AND (Length IS Low),Low,0.0,0.0,5502.091091094209,0.0,5438.585623227904,0.5534591194968553,1.0,0.3333333333333333,1400.0
69,all,R3,IF (PointsAjust IS Low) AND (TeamExp IS High) AND (Length IS Medium),Low,0.0,0.0,5502.091091094209,0.0,5438.585623227904,0.5534591194968553,1.0,0.3333333333333333,1400.0
69,all,R4,IF (PointsAjust IS Medium) AND (TeamExp IS High) AND (Length IS Low),Low,0.07820552062228542,0.13330170202781175,5502.091091094209,733.4381071549179,5438.585623227904,0.5534591194968553,1.0,0.3333333333333333,1400.0
69,all,R5,IF (PointsAjust IS Low) AND (TeamExp IS Low) AND (Length IS Low),Medium,0.0,0.0,5428.818225536625,0.0,5438.585623227904,0.5534591194968553,1.0,0.3333333333333333,1400.0
69,all,R6,IF (PointsAjust IS Medium) AND (TeamExp IS Medium) AND (Length IS Low),Medium,0.00030233629719164917,0.0005153337344953207,5428.818225536625,2.797653170062049,5438.585623227904,0.5534591194968553,1.0,0.3333333333333333,1400.0
69,all,R7,IF (PointsAjust IS Low) AND (TeamExp IS Medium) AND (Length IS Medium),Medium,0.0,0.0,5428.818225536625,0.0,5438.585623227904,0.5534591194968553,1.0,0.3333333333333333,1400.0
69,all,R8,IF (PointsAjust IS Medium) AND (TeamExp IS High) AND (Length IS Medium),Medium,0.5062157391730534,0.8628472656162578,5428.818225536625,4684.240961431981,5438.585623227904,0.5534591194968553,1.0,0.3333333333333333,1400.0
69,all,R9,IF (PointsAjust IS Low) AND (TeamExp IS Low) AND (Length IS Medium),High,0.0,0.0,5341.772070392854,0.0,5438.585623227904,0.5534591194968553,1.0,0.3333333333333333,1400.0
69,all,R10,IF (PointsAjust IS Medium) AND (TeamExp IS Low) AND (Length IS Low),High,0.0,0.0,5341.772070392854,0.0,5438.585623227904,0.5534591194968553,1.0,0.3333333333333333,1400.0
69,all,R11,IF (PointsAjust IS Medium) AND (TeamExp IS Medium) AND (Length IS Medium),Medium,0.001956989620987221,0.003335698621434934,5428.818225536625,18.108901470943366,5438.585623227904,0.5534591194968553,1.0,0.3333333333333333,1400.0
69,all,R12,IF (PointsAjust IS High) AND (TeamExp IS High) AND (Length IS Low),Medium,0.0,0.0,5428.818225536625,0.0,5438.585623227904,0.5534591194968553,1.0,0.3333333333333333,1400.0
69,all,R13,IF (PointsAjust IS High) AND (TeamExp IS Medium) AND (Length IS Low),High,0.0,0.0,5341.772070392854,0.0,5438.585623227904,0.5534591194968553,1.0,0.3333333333333333,1400.0
69,all,R14,IF (PointsAjust IS High) AND (TeamExp IS High) AND (Length IS Medium),High,0.0,0.0,5341.772070392854,0.0,5438.585623227904,0.5534591194968553,1.0,0.3333333333333333,1400.0
69,all,R15,IF (PointsAjust IS Medium) AND (TeamExp IS Low) AND (Length IS Medium),High,0.0,0.0,5341.772070392854,0.0,5438.585623227904,0.5534591194968553,1.0,0.3333333333333333,1400.0
69,all,R16,IF (PointsAjust IS Low) AND (TeamExp IS Low) AND (Length IS High),High,0.0,0.0,5341.772070392854,0.0,5438.585623227904,0.5534591194968553,1.0,0.3333333333333333,1400.0
69,all,R17,IF (PointsAjust IS Medium) AND (TeamExp IS High) AND (Length IS High),High,0.0,0.0,5341.772070392854,0.0,5438.585623227904,0.5534591194968553,1.0,0.3333333333333333,1400.0
69,all,R18,IF (PointsAjust IS High) AND (TeamExp IS Medium) AND (Length IS Medium),Very_High,0.0,0.0,-578.8116025707686,-0.0,5438.585623227904,0.5534591194968553,1.0,0.3333333333333333,1400.0
69,all,R19,IF (PointsAjust IS Medium) AND (TeamExp IS Low) AND (Length IS High),Very_High,0.0,0.0,-578.8116025707686,-0.0,5438.585623227904,0.5534591194968553,1.0,0.3333333333333333,1400.0
69,all,R20,IF (PointsAjust IS High) AND (TeamExp IS Low) AND (Length IS High),Very_High,0.0,0.0,-578.8116025707686,-0.0,5438.585623227904,0.5534591194968553,1.0,0.3333333333333333,1400.0
70,all,R1,IF (PointsAjust IS Low) AND (TeamExp IS High) AND (Length IS Low),Very_Low,0.0,0.0,6758.939001597594,0.0,4382.604821284808,0.3694968553459119,1.0,0.3333333333333333,2800.0
70,all,R2,IF (PointsAjust IS Low) AND (TeamExp IS Medium) AND (Length IS Low),Low,0.0,0.0,4543.844352747359,0.0,4382.604821284808,0.3694968553459119,1.0,0.3333333333333333,2800.0
70,all,R3,IF (PointsAjust IS Low) AND (TeamExp IS High) AND (Length IS Medium),Low,0.0,0.0,4543.844352747359,0.0,4382.604821284808,0.3694968553459119,1.0,0.3333333333333333,2800.0
70,all,R4,IF (PointsAjust IS Medium) AND (TeamExp IS High) AND (Length IS Low),Low,0.05707581033176413,0.13330170202781177,4543.844352747359,605.7021859706837,4382.604821284808,0.3694968553459119,1.0,0.3333333333333333,2800.0
70,all,R5,IF (PointsAjust IS Low) AND (TeamExp IS Low) AND (Length IS Low),Medium,0.0,0.0,4357.805529503098,0.0,4382.604821284808,0.3694968553459119,1.0,0.3333333333333333,2800.0
70,all,R6,IF (PointsAjust IS Medium) AND (TeamExp IS Medium) AND (Length IS Low),Medium,0.0002206505246382971,0.0005153337344953208,4357.805529503098,2.2457241977231903,4382.604821284808,0.3694968553459119,1.0,0.3333333333333333,2800.0
70,all,R7,IF (PointsAjust IS Low) AND (TeamExp IS Medium) AND (Length IS Medium),Medium,0.0,0.0,4357.805529503098,0.0,4382.604821284808,0.3694968553459119,1.0,0.3333333333333333,2800.0
70,all,R8,IF (PointsAjust IS Medium) AND (TeamExp IS High) AND (Length IS Medium),Medium,0.3694454468954936,0.8628472656162579,4357.805529503098,3760.120585219157,4382.604821284808,0.3694968553459119,1.0,0.3333333333333333,2800.0
70,all,R9,IF (PointsAjust IS Low) AND (TeamExp IS Low) AND (Length IS Medium),High,0.0,0.0,3212.6716689839623,0.0,4382.604821284808,0.3694968553459119,1.0,0.3333333333333333,2800.0
70,all,R10,IF (PointsAjust IS Medium) AND (TeamExp IS Low) AND (Length IS Low),High,0.0,0.0,3212.6716689839623,0.0,4382.604821284808,0.3694968553459119,1.0,0.3333333333333333,2800.0
70,all,R11,IF (PointsAjust IS Medium) AND (TeamExp IS Medium) AND (Length IS Medium),Medium,0.0014282465935898203,0.0033356986214349345,4357.805529503098,14.53632589724502,4382.604821284808,0.3694968553459119,1.0,0.3333333333333333,2800.0
70,all,R12,IF (PointsAjust IS High) AND (TeamExp IS High) AND (Length IS Low),Medium,0.0,0.0,4357.805529503098,0.0,4382.604821284808,0.3694968553459119,1.0,0.3333333333333333,2800.0
70,all,R13,IF (PointsAjust IS High) AND (TeamExp IS Medium) AND (Length IS Low),High,0.0,0.0,3212.6716689839623,0.0,4382.604821284808,0.3694968553459119,1.0,0.3333333333333333,2800.0
70,all,R14,IF (PointsAjust IS High) AND (TeamExp IS High) AND (Length IS Medium),High,0.0,0.0,3212.6716689839623,0.0,4382.604821284808,0.3694968553459119,1.0,0.3333333333333333,2800.0
70,all,R15,IF (PointsAjust IS Medium) AND (TeamExp IS Low) AND (Length IS Medium),High,0.0,0.0,3212.6716689839623,0.0,4382.604821284808,0.3694968553459119,1.0,0.3333333333333333,2800.0
70,all,R16,IF (PointsAjust IS Low) AND (TeamExp IS Low) AND (Length IS High),High,0.0,0.0,3212.6716689839623,0.0,4382.604821284808,0.3694968553459119,1.0,0.3333333333333333,2800.0
70,all,R17,IF (PointsAjust IS Medium) AND (TeamExp IS High) AND (Length IS High),High,0.0,0.0,3212.6716689839623,0.0,4382.604821284808,0.3694968553459119,1.0,0.3333333333333333,2800.0
70,all,R18,IF (PointsAjust IS High) AND (TeamExp IS Medium) AND (Length IS Medium),Very_High,0.0,0.0,-753.1513363219301,-0.0,4382.604821284808,0.3694968553459119,1.0,0.3333333333333333,2800.0
70,all,R19,IF (PointsAjust IS Medium) AND (TeamExp IS Low) AND (Length IS High),Very_High,0.0,0.0,-753.1513363219301,-0.0,4382.604821284808,0.3694968553459119,1.0,0.3333333333333333,2800.0
70,all,R20,IF (PointsAjust IS High) AND (TeamExp IS Low) AND (Length IS High),Very_High,0.0,0.0,-753.1513363219301,-0.0,4382.604821284808,0.3694968553459119,1.0,0.3333333333333333,2800.0
71,all,R1,IF (PointsAjust IS Low) AND (TeamExp IS High) AND (Length IS Low),Very_Low,0.0,0.0,14823.10010906138,0.0,9049.841073395908,0.8726415094339622,1.0,0.696969696969697,9520.0
71,all,R2,IF (PointsAjust IS Low) AND (TeamExp IS Medium) AND (Length IS Low),Low,0.0,0.0,8500.26269146077,0.0,9049.841073395908,0.8726415094339622,1.0,0.696969696969697,9520.0
71,all,R3,IF (PointsAjust IS Low) AND (TeamExp IS High) AND (Length IS Medium),Low,0.0,0.0,8500.26269146077,0.0,9049.841073395908,0.8726415094339622,1.0,0.696969696969697,9520.0
71,all,R4,IF (PointsAjust IS Medium) AND (TeamExp IS High) AND (Length IS Low),Low,0.0,0.0,8500.26269146077,0.0,9049.841073395908,0.8726415094339622,1.0,0.696969696969697,9520.0
71,all,R5,IF (PointsAjust IS Low) AND (TeamExp IS Low) AND (Length IS Low),Medium,0.0,0.0,11085.799118020124,0.0,9049.841073395908,0.8726415094339622,1.0,0.696969696969697,9520.0
71,all,R6,IF (PointsAjust IS Medium) AND (TeamExp IS Medium) AND (Length IS Low),Medium,0.0,0.0,11085.799118020124,0.0,9049.841073395908,0.8726415094339622,1.0,0.696969696969697,9520.0
71,all,R7,IF (PointsAjust IS Low) AND (TeamExp IS Medium) AND (Length IS Medium),Medium,0.0,0.0,11085.799118020124,0.0,9049.841073395908,0.8726415094339622,1.0,0.696969696969697,9520.0
71,all,R8,IF (PointsAjust IS Medium) AND (TeamExp IS High) AND (Length IS Medium),Medium,0.019293783039316864,0.06041286540107696,11085.799118020124,669.7248899803275,9049.841073395908,0.8726415094339622,1.0,0.696969696969697,9520.0
71,all,R9,IF (PointsAjust IS Low) AND (TeamExp IS Low) AND (Length IS Medium),High,0.0,0.0,8948.360867879313,0.0,9049.841073395908,0.8726415094339622,1.0,0.696969696969697,9520.0
71,all,R10,IF (PointsAjust IS Medium) AND (TeamExp IS Low) AND (Length IS Low),High,0.0,0.0,8948.360867879313,0.0,9049.841073395908,0.8726415094339622,1.0,0.696969696969697,9520.0
71,all,R11,IF (PointsAjust IS Medium) AND (TeamExp IS Medium) AND (Length IS Medium),Medium,7.458822441831394e-05,0.0002335513130372834,11085.799118020124,2.5891029400811583,9049.841073395908,0.8726415094339622,1.0,0.696969696969697,9520.0
71,all,R12,IF (PointsAjust IS High) AND (TeamExp IS High) AND (Length IS Low),Medium,0.0,0.0,11085.799118020124,0.0,9049.841073395908,0.8726415094339622,1.0,0.696969696969697,9520.0
71,all,R13,IF (PointsAjust IS High) AND (TeamExp IS Medium) AND (Length IS Low),High,0.0,0.0,8948.360867879313,0.0,9049.841073395908,0.8726415094339622,1.0,0.696969696969697,9520.0
71,all,R14,IF (PointsAjust IS High) AND (TeamExp IS High) AND (Length IS Medium),High,0.28780742379496915,0.9011851703589914,8948.360867879313,8064.130113153551,9049.841073395908,0.8726415094339622,1.0,0.696969696969697,9520.0
71,all,R15,IF (PointsAjust IS Medium) AND (TeamExp IS Low) AND (Length IS Medium),High,0.0,0.0,8948.360867879313,0.0,9049.841073395908,0.8726415094339622,1.0,0.696969696969697,9520.0
71,all,R16,IF (PointsAjust IS Low) AND (TeamExp IS Low) AND (Length IS High),High,0.0,0.0,8948.360867879313,0.0,9049.841073395908,0.8726415094339622,1.0,0.696969696969697,9520.0
71,all,R17,IF (PointsAjust IS Medium) AND (TeamExp IS High) AND (Length IS High),High,0.011077032545876197,0.03468450302740948,8948.360867879313,310.3694496123126,9049.841073395908,0.8726415094339622,1.0,0.696969696969697,9520.0
71,all,R18,IF (PointsAjust IS High) AND (TeamExp IS Medium) AND (Length IS Medium),Very_High,0.0011126405159387566,0.0034839098994850575,869.000002004093,3.027517709634594,9049.841073395908,0.8726415094339622,1.0,0.696969696969697,9520.0
71,all,R19,IF (PointsAjust IS Medium) AND (TeamExp IS Low) AND (Length IS High),Very_High,0.0,0.0,869.000002004093,0.0,9049.841073395908,0.8726415094339622,1.0,0.696969696969697,9520.0
71,all,R20,IF (PointsAjust IS High) AND (TeamExp IS Low) AND (Length IS High),Very_High,0.0,0.0,869.000002004093,0.0,9049.841073395908,0.8726415094339622,1.0,0.696969696969697,9520.0
72,all,R1,IF (PointsAjust IS Low) AND (TeamExp IS High) AND (Length IS Low),Very_Low,0.0,0.0,14336.787058279699,0.0,10118.02862837816,0.9984276729559748,1.0,0.3333333333333333,5880.0
72,all,R2,IF (PointsAjust IS Low) AND (TeamExp IS Medium) AND (Length IS Low),Low,0.0,0.0,7819.901577864796,0.0,10118.02862837816,0.9984276729559748,1.0,0.3333333333333333,5880.0
72,all,R3,IF (PointsAjust IS Low) AND (TeamExp IS High) AND (Length IS Medium),Low,0.0,0.0,7819.901577864796,0.0,10118.02862837816,0.9984276729559748,1.0,0.3333333333333333,5880.0
72,all,R4,IF (PointsAjust IS Medium) AND (TeamExp IS High) AND (Length IS Low),Low,0.00033359711272538164,0.0005335901509713674,7819.901577864796,4.17262246351411,10118.02862837816,0.9984276729559748,1.0,0.3333333333333333,5880.0
72,all,R5,IF (PointsAjust IS Low) AND (TeamExp IS Low) AND (Length IS Low),Medium,0.0,0.0,8019.387396284385,0.0,10118.02862837816,0.9984276729559748,1.0,0.3333333333333333,5880.0
72,all,R6,IF (PointsAjust IS Medium) AND (TeamExp IS Medium) AND (Length IS Low),Medium,1.2896597965550333e-06,2.062816910864545e-06,8019.387396284385,0.016542527935829422,10118.02862837816,0.9984276729559748,1.0,0.3333333333333333,5880.0
72,all,R7,IF (PointsAjust IS Low) AND (TeamExp IS Medium) AND (Length IS Medium),Medium,0.0,0.0,8019.387396284385,0.0,10118.02862837816,0.9984276729559748,1.0,0.3333333333333333,5880.0
72,all,R8,IF (PointsAjust IS Medium) AND (TeamExp IS High) AND (Length IS Medium),Medium,0.002159337443962412,0.0034538703986641698,8019.387396284385,27.697924743447167,10118.02862837816,0.9984276729559748,1.0,0.3333333333333333,5880.0
72,all,R9,IF (PointsAjust IS Low) AND (TeamExp IS Low) AND (Length IS Medium),High,0.0,0.0,10491.647400296413,0.0,10118.02862837816,0.9984276729559748,1.0,0.3333333333333333,5880.0
72,all,R10,IF (PointsAjust IS Medium) AND (TeamExp IS Low) AND (Length IS Low),High,0.0,0.0,10491.647400296413,0.0,10118.02862837816,0.9984276729559748,1.0,0.3333333333333333,5880.0
72,all,R11,IF (PointsAjust IS Medium) AND (TeamExp IS Medium) AND (Length IS Medium),Medium,8.347826112532023e-06,1.3352387133324789e-05,8019.387396284385,0.10707796508729461,10118.02862837816,0.9984276729559748,1.0,0.3333333333333333,5880.0
72,all,R12,IF (PointsAjust IS High) AND (TeamExp IS High) AND (Length IS Low),Medium,0.0830057651991614,0.1327681118768404,8019.387396284385,1064.7189230136091,10118.02862837816,0.9984276729559748,1.0,0.3333333333333333,5880.0
72,all,R13,IF (PointsAjust IS High) AND (TeamExp IS Medium) AND (Length IS Low),High,0.00032089365937578915,0.0005132709175844561,10491.647400296413,5.385057488122714,10118.02862837816,0.9984276729559748,1.0,0.3333333333333333,5880.0
72,all,R14,IF (PointsAjust IS High) AND (TeamExp IS High) AND (Length IS Medium),High,0.5372871947091767,0.8593933952175937,10491.647400296413,9016.452480766575,10118.02862837816,0.9984276729559748,1.0,0.3333333333333333,5880.0
72,all,R15,IF (PointsAjust IS Medium) AND (TeamExp IS Low) AND (Length IS Medium),High,0.0,0.0,10491.647400296413,0.0,10118.02862837816,0.9984276729559748,1.0,0.3333333333333333,5880.0
72,all,R16,IF (PointsAjust IS Low) AND (TeamExp IS Low) AND (Length IS High),High,0.0,0.0,10491.647400296413,0.0,10118.02862837816,0.9984276729559748,1.0,0.3333333333333333,5880.0
72,all,R17,IF (PointsAjust IS Medium) AND (TeamExp IS High) AND (Length IS High),High,0.0,0.0,10491.647400296413,0.0,10118.02862837816,0.9984276729559748,1.0,0.3333333333333333,5880.0
72,all,R18,IF (PointsAjust IS High) AND (TeamExp IS Medium) AND (Length IS Medium),Very_High,0.0020771093867070537,0.0033223462343016093,-157.11805854018166,-0.5220005901317524,10118.02862837816,0.9984276729559748,1.0,0.3333333333333333,5880.0
72,all,R19,IF (PointsAjust IS Medium) AND (TeamExp IS Low) AND (Length IS High),Very_High,0.0,0.0,-157.11805854018166,-0.0,10118.02862837816,0.9984276729559748,1.0,0.3333333333333333,5880.0
72,all,R20,IF (PointsAjust IS High) AND (TeamExp IS Low) AND (Length IS High),Very_High,0.0,0.0,-157.11805854018166,-0.0,10118.02862837816,0.9984276729559748,1.0,0.3333333333333333,5880.0
