sample_index,split,rule_id,original_label,sugeno_output,firing_strength,normalized_firing_strength,rule_output,rule_contribution,PointsAjust,TeamExp,Length,actual,predicted
0,all,R1,Very_Low,R1_OUT,0.007915805060536674,0.0017784636102547544,-64802.3059016366,-115.2485429066576,0.3773584905660377,0.4,0.3333333333333333,5152.0,4319.384469698445
0,all,R2,Low,R2_OUT,0.035476177022733965,0.00797052092407271,262797.6180653574,2094.6339135863996,0.3773584905660377,0.4,0.3333333333333333,5152.0,4319.384469698445
0,all,R3,Low,R3_OUT,0.016886499603481212,0.0037939318641250835,-196399.99066937476,-745.12818271441,0.3773584905660377,0.4,0.3333333333333333,5152.0,4319.384469698445
0,all,R4,Low,R4_OUT,0.03334263510811104,0.00749117275580783,263148.65593951993,1971.2920421015801,0.3773584905660377,0.4,0.3333333333333333,5152.0,4319.384469698445
0,all,R5,Medium,R5_OUT,0.05849032766050461,0.013141167386079114,61109.91819068746,803.0556638934248,0.3773584905660377,0.4,0.3333333333333333,5152.0,4319.384469698445
0,all,R6,Medium,R6_OUT,0.14943132334029155,0.033573107063718244,-23925.87872118532,-803.2660878998929,0.3773584905660377,0.4,0.3333333333333333,5152.0,4319.384469698445
0,all,R7,Medium,R7_OUT,0.07568004070918982,0.01700322296905671,112639.94917925858,1915.2421711181498,0.3773584905660377,0.4,0.3333333333333333,5152.0,4319.384469698445
0,all,R8,Medium,R8_OUT,0.07112863318717993,0.0159806469213356,97558.04423904902,1559.0406593202808,0.3773584905660377,0.4,0.3333333333333333,5152.0,4319.384469698445
0,all,R9,High,R9_OUT,0.12477529288469283,0.028033575379540775,-86377.78803928103,-2421.4782321171806,0.3773584905660377,0.4,0.3333333333333333,5152.0,4319.384469698445
0,all,R10,High,R10_OUT,0.2463706013000071,0.05535269573944497,94723.56907788427,5243.2048985224255,0.3773584905660377,0.4,0.3333333333333333,5152.0,4319.384469698445
0,all,R11,Medium,R11_OUT,0.31877641794306977,0.07162029064428142,350475.830349751,25101.180833445032,0.3773584905660377,0.4,0.3333333333333333,5152.0,4319.384469698445
0,all,R12,Medium,R12_OUT,0.043867110498498695,0.009855732817062944,-165222.96883293492,-1628.3934360593246,0.3773584905660377,0.4,0.3333333333333333,5152.0,4319.384469698445
0,all,R13,High,R13_OUT,0.19659874966843383,0.044170330046403194,252610.0902067565,11157.871057484117,0.3773584905660377,0.4,0.3333333333333333,5152.0,4319.384469698445
0,all,R14,High,R14_OUT,0.09358011451440956,0.02102487706993465,194566.19263613375,4090.730282139936,0.3773584905660377,0.4,0.3333333333333333,5152.0,4319.384469698445
0,all,R15,High,R15_OUT,0.525573460860333,0.11808189659895213,-163123.94634065125,-19261.984964609797,0.3773584905660377,0.4,0.3333333333333333,5152.0,4319.384469698445
0,all,R16,High,R16_OUT,0.17958729295266307,0.04034832375708068,29624.56685660447,1195.301614693559,0.3773584905660377,0.4,0.3333333333333333,5152.0,4319.384469698445
0,all,R17,High,R17_OUT,0.10237442357529147,0.02300071635886375,139698.89722072516,3213.1747106199587,0.3773584905660377,0.4,0.3333333333333333,5152.0,4319.384469698445
0,all,R18,Very_High,R18_OUT,0.4193969764202139,0.09422696176952752,-330391.5649871399,-31131.793363017598,0.3773584905660377,0.4,0.3333333333333333,5152.0,4319.384469698445
0,all,R19,Very_High,R19_OUT,0.7564503588935172,0.16995358349123615,1584.9148788383754,269.36196318716026,0.3773584905660377,0.4,0.3333333333333333,5152.0,4319.384469698445
0,all,R20,Very_High,R20_OUT,0.995221024751539,0.22359878283322185,8106.4281564683415,1812.5874689112795,0.3773584905660377,0.4,0.3333333333333333,5152.0,4319.384469698445
1,all,R1,Very_Low,R1_OUT,0.0013267804310269898,0.000588313904634205,27726.950523197855,16.312150525901945,0.3977987421383648,0.2,0.0909090909090909,5635.0,5712.983474724824
1,all,R2,Low,R2_OUT,0.016163494588165867,0.007167130590204088,104338.76883132703,747.8095818352368,0.3977987421383648,0.2,0.0909090909090909,5635.0,5712.983474724824
1,all,R3,Low,R3_OUT,0.0005419113324000581,0.00024029143366474429,-362975.37760079687,-87.21987386869739,0.3977987421383648,0.2,0.0909090909090909,5635.0,5712.983474724824
1,all,R4,Low,R4_OUT,0.006589205830863775,0.0029217505173733463,274234.101635232,801.2436283341539,0.3977987421383648,0.2,0.0909090909090909,5635.0,5712.983474724824
1,all,R5,Medium,R5_OUT,0.0956344448325385,0.04240571562651475,-10900.585885203676,-462.2471452103477,0.3977987421383648,0.2,0.0909090909090909,5635.0,5712.983474724824
1,all,R6,Medium,R6_OUT,0.08027296024033012,0.03559420803258307,-20407.90983336544,-726.4033881190072,0.3977987421383648,0.2,0.0909090909090909,5635.0,5712.983474724824
1,all,R7,Medium,R7_OUT,0.006601831534200485,0.0029273489394295287,116563.01584405292,341.2206208077957,0.3977987421383648,0.2,0.0909090909090909,5635.0,5712.983474724824
1,all,R8,Medium,R8_OUT,0.0026913008571415858,0.001193362276669078,245917.47234284753,293.4686346677655,0.3977987421383648,0.2,0.0909090909090909,5635.0,5712.983474724824
1,all,R9,High,R9_OUT,0.039061014325049645,0.017320226707560706,-83531.87228721527,-1446.7909653215759,0.3977987421383648,0.2,0.0909090909090909,5635.0,5712.983474724824
1,all,R10,High,R10_OUT,0.47495050935761346,0.2106000225311569,-94259.58359164227,-19851.07042817733,0.3977987421383648,0.2,0.0909090909090909,5635.0,5712.983474724824
1,all,R11,Medium,R11_OUT,0.03278675643856348,0.014538128728452403,197737.4544777901,2874.7325676346095,0.3977987421383648,0.2,0.0909090909090909,5635.0,5712.983474724824
1,all,R12,Medium,R12_OUT,0.009803655035821828,0.004347084445123083,-134863.36438052283,-586.2624335155372,0.3977987421383648,0.2,0.0909090909090909,5635.0,5712.983474724824
1,all,R13,High,R13_OUT,0.1194329682667197,0.05295832999938001,331328.0100357561,17546.578093511464,0.3977987421383648,0.2,0.0909090909090909,5635.0,5712.983474724824
1,all,R14,High,R14_OUT,0.0040042132357502895,0.001775526883441271,340792.66586136527,605.0865399164724,0.3977987421383648,0.2,0.0909090909090909,5635.0,5712.983474724824
1,all,R15,High,R15_OUT,0.19398919167872083,0.08601765306788724,-78653.13043738513,-6765.557686666276,0.3977987421383648,0.2,0.0909090909090909,5635.0,5712.983474724824
1,all,R16,High,R16_OUT,0.08362420877004414,0.037080200787533185,46661.18668137723,1730.2061711300369,0.3977987421383648,0.2,0.0909090909090909,5635.0,5712.983474724824
1,all,R17,High,R17_OUT,0.005761701497758551,0.0025548229580529035,179532.45046592611,458.67362616584376,0.3977987421383648,0.2,0.0909090909090909,5635.0,5712.983474724824
1,all,R18,Very_High,R18_OUT,0.04878130356189685,0.021630345534589958,-362671.6809334412,-7844.7137742008945,0.3977987421383648,0.2,0.0909090909090909,5635.0,5712.983474724824
1,all,R19,Very_High,R19_OUT,0.4153039275703152,0.1841518532570541,102825.8677058934,18935.57410080494,0.3977987421383648,0.2,0.0909090909090909,5635.0,5712.983474724824
1,all,R20,Very_High,R20_OUT,0.6179039698305454,0.27398768377869553,-3166.7720737058935,-867.6565455297342,0.3977987421383648,0.2,0.0909090909090909,5635.0,5712.983474724824
2,all,R1,Very_Low,R1_OUT,0.22460104323372498,0.24065188337899354,127251.89653979518,30623.408565850543,0.0330188679245283,1.0,0.0,805.0,766.6358326913328
2,all,R2,Low,R2_OUT,0.05011526674624546,0.05369669327837608,366324.6299726548,19670.421295956257,0.0330188679245283,1.0,0.0,805.0,766.6358326913328
2,all,R3,Low,R3_OUT,0.03599322726344662,0.038565439434859884,141387.4832534729,5452.670422259075,0.0330188679245283,1.0,0.0,805.0,766.6358326913328
2,all,R4,Low,R4_OUT,0.05900990310052931,0.06322697399217583,52597.90415797102,3325.6063182389908,0.0330188679245283,1.0,0.0,805.0,766.6358326913328
2,all,R5,Medium,R5_OUT,0.05011526674624546,0.05369669327837608,-206714.33733195343,-11099.87636795667,0.0330188679245283,1.0,0.0,805.0,766.6358326913328
2,all,R6,Medium,R6_OUT,0.013166889129164428,0.014107844832574799,-392152.6147563358,-5532.428239670868,0.0330188679245283,1.0,0.0,805.0,766.6358326913328
2,all,R7,Medium,R7_OUT,0.008031174563551674,0.008605112677294857,143739.69763759596,1236.8962943718066,0.0330188679245283,1.0,0.0,805.0,766.6358326913328
2,all,R8,Medium,R8_OUT,0.009456576080464046,0.010132378778455733,8694.19207834426,88.09284731043333,0.0330188679245283,1.0,0.0,805.0,766.6358326913328
2,all,R9,High,R9_OUT,0.008031174563551674,0.008605112677294857,-78803.1166972697,-678.1096985020215,0.0330188679245283,1.0,0.0,805.0,766.6358326913328
2,all,R10,High,R10_OUT,0.013166889129164428,0.014107844832574799,181526.725288969,2560.9508733422063,0.0330188679245283,1.0,0.0,805.0,766.6358326913328
2,all,R11,Medium,R11_OUT,0.0021100473352897533,0.0022608392995213792,153991.25349609644,348.1494776865338,0.0330188679245283,1.0,0.0,805.0,766.6358326913328
2,all,R12,Medium,R12_OUT,0.16733143936323952,0.17928957698285042,-131421.9113655839,-23562.578895013197,0.0330188679245283,1.0,0.0,805.0,766.6358326913328
2,all,R13,High,R13_OUT,0.037336690862986896,0.04000491202512763,-389463.33323580987,-15580.44638311154,0.0330188679245283,1.0,0.0,805.0,766.6358326913328
2,all,R14,High,R14_OUT,0.026815541186303644,0.028731881194316557,-1075.907379139806,-30.912842993533403,0.0330188679245283,1.0,0.0,805.0,766.6358326913328
2,all,R15,High,R15_OUT,0.0021100473352897533,0.0022608392995213792,-476673.48962511163,-1077.6821583844487,0.0330188679245283,1.0,0.0,805.0,766.6358326913328
2,all,R16,High,R16_OUT,0.06904618904855087,0.07398049089818659,-172430.88062260018,-12756.521194466572,0.0330188679245283,1.0,0.0,805.0,766.6358326913328
2,all,R17,High,R17_OUT,0.08130075303891426,0.08711081238649981,115131.59223275719,10029.206530746711,0.0330188679245283,1.0,0.0,805.0,766.6358326913328
2,all,R18,Very_High,R18_OUT,0.005983355999366747,0.0064109492522535115,-505527.37358642265,-3240.910337687558,0.0330188679245283,1.0,0.0,805.0,766.6358326913328
2,all,R19,Very_High,R19_OUT,0.01814065004576088,0.019437049518459523,-29331.979792273854,-570.127143696881,0.0330188679245283,1.0,0.0,805.0,766.6358326913328
2,all,R20,Very_High,R20_OUT,0.05144053664976712,0.05511667198228664,28318.59058750302,1560.8264684120738,0.0330188679245283,1.0,0.0,805.0,766.6358326913328
3,all,R1,Very_Low,R1_OUT,0.0018991129555090383,0.0006800160891476766,19321.60601287229,13.139002956925648,0.3789308176100629,0.2,0.1212121212121212,3829.0,3859.6905056989926
3,all,R2,Low,R2_OUT,0.023135932111182603,0.008284291899222772,122135.66994346448,1011.807541118789,0.3789308176100629,0.2,0.1212121212121212,3829.0,3859.6905056989926
3,all,R3,Low,R3_OUT,0.0010197685473101528,0.00036514890668616536,-346249.83255455643,-126.4327477975641,0.3789308176100629,0.2,0.1212121212121212,3829.0,3859.6905056989926
3,all,R4,Low,R4_OUT,0.008101358872090306,0.0029008566136099236,272574.7198135071,790.700178673884,0.3789308176100629,0.2,0.1212121212121212,3829.0,3859.6905056989926
3,all,R5,Medium,R5_OUT,0.13688822123627906,0.049015616783323765,769.0863577483833,37.697242184677,0.3789308176100629,0.2,0.1212121212121212,3829.0,3859.6905056989926
3,all,R6,Medium,R6_OUT,0.09869475553273171,0.035339668176169646,-17768.806032957364,-627.9437090914346,0.3789308176100629,0.2,0.1212121212121212,3829.0,3859.6905056989926
3,all,R7,Medium,R7_OUT,0.012423324168921302,0.0044484243504616895,124586.5827872184,554.2139886114735,0.3789308176100629,0.2,0.1212121212121212,3829.0,3859.6905056989926
3,all,R8,Medium,R8_OUT,0.004350194623371064,0.001557675822406848,223267.4182928355,347.7782594059463,0.3789308176100629,0.2,0.1212121212121212,3829.0,3859.6905056989926
3,all,R9,High,R9_OUT,0.07350500248500187,0.026319963842931796,-83406.0612535318,-2195.2445164743117,0.3789308176100629,0.2,0.1212121212121212,3829.0,3859.6905056989926
3,all,R10,High,R10_OUT,0.5839466274926962,0.20909398819414698,-74904.39078112057,-15662.057801677398,0.3789308176100629,0.2,0.1212121212121212,3829.0,3859.6905056989926
3,all,R11,Medium,R11_OUT,0.05299621972710274,0.018976376299205254,204860.79955706967,3887.515621351015,0.3789308176100629,0.2,0.1212121212121212,3829.0,3859.6905056989926
3,all,R12,Medium,R12_OUT,0.010752627236272903,0.00385019727239615,-139099.9800868229,-535.5623639206443,0.3789308176100629,0.2,0.1212121212121212,3829.0,3859.6905056989926
3,all,R13,High,R13_OUT,0.13099381636759044,0.046905005018483124,331554.8644984684,15551.582583203153,0.3789308176100629,0.2,0.1212121212121212,3829.0,3859.6905056989926
3,all,R14,High,R14_OUT,0.005773848798563165,0.0020674442075387382,321819.85514581925,665.3445953921798,0.3789308176100629,0.2,0.1212121212121212,3829.0,3859.6905056989926
3,all,R15,High,R15_OUT,0.3135623935887871,0.11227740402354215,-81902.89971487131,-9195.844961986262,0.3789308176100629,0.2,0.1212121212121212,3829.0,3859.6905056989926
3,all,R16,High,R16_OUT,0.11507852131546555,0.0412062093425427,48459.453223485565,1996.830374152102,0.3789308176100629,0.2,0.1212121212121212,3829.0,3859.6905056989926
3,all,R17,High,R17_OUT,0.006810610812429766,0.00243867797117628,178650.95858982814,435.67215724253964,0.3789308176100629,0.2,0.1212121212121212,3829.0,3859.6905056989926
3,all,R18,Very_High,R18_OUT,0.07033987811851082,0.025186626572432078,-360382.8348432373,-9076.827884311082,0.3789308176100629,0.2,0.1212121212121212,3829.0,3859.6905056989926
3,all,R19,Very_High,R19_OUT,0.49090939901265024,0.17578011285428777,93120.41335901729,16368.716769285984,0.3789308176100629,0.2,0.1212121212121212,3829.0,3859.6905056989926
3,all,R20,Very_High,R20_OUT,0.6515654790396682,0.2333062957602887,-1634.7343794479075,-381.3938226209855,0.3789308176100629,0.2,0.1212121212121212,3829.0,3859.6905056989926
4,all,R1,Very_Low,R1_OUT,0.007248392852517123,0.0019314189050185083,59016.41016059085,113.98541029049156,0.2295597484276729,0.2,0.0909090909090909,2149.0,545.4487499698589
4,all,R2,Low,R2_OUT,0.08830350215059615,0.023529499145976514,149107.92605618018,3508.434818797221,0.2295597484276729,0.2,0.0909090909090909,2149.0,545.4487499698589
4,all,R3,Low,R3_OUT,0.002960539767251593,0.0007888703871152812,-287459.1664292492,-226.7680239008779,0.2295597484276729,0.2,0.0909090909090909,2149.0,545.4487499698589
4,all,R4,Low,R4_OUT,0.009279733511963525,0.0024726933408853627,232259.28947746212,574.3059984496864,0.2295597484276729,0.2,0.0909090909090909,2149.0,545.4487499698589
4,all,R5,Medium,R5_OUT,0.5224647652076457,0.13921683678854097,-24349.993550917265,-3389.929077980074,0.2295597484276729,0.2,0.0909090909090909,2149.0,545.4487499698589
4,all,R6,Medium,R6_OUT,0.11305029746643337,0.03012357169200765,-67720.49151710334,-2039.9830812334583,0.2295597484276729,0.2,0.0909090909090909,2149.0,545.4487499698589
4,all,R7,Medium,R7_OUT,0.036066757834965026,0.009610408726809733,174288.4086550461,1674.9828435202362,0.2295597484276729,0.2,0.0909090909090909,2149.0,545.4487499698589
4,all,R8,Medium,R8_OUT,0.003790222281084674,0.001009948979982114,168068.2920475623,169.7404001207716,0.2295597484276729,0.2,0.0909090909090909,2149.0,545.4487499698589
4,all,R9,High,R9_OUT,0.2133959549181799,0.056861843717579644,-79873.22043529376,-4541.7385776114625,0.2295597484276729,0.2,0.0909090909090909,2149.0,545.4487499698589
4,all,R10,High,R10_OUT,0.6688839704423417,0.17823194355801897,-59077.01228652251,-10529.410719427873,0.2295597484276729,0.2,0.0909090909090909,2149.0,545.4487499698589
4,all,R11,Medium,R11_OUT,0.04617436004903782,0.012303697349250745,125444.21938389238,1543.4277095124257,0.2295597484276729,0.2,0.0909090909090909,2149.0,545.4487499698589
4,all,R12,Medium,R12_OUT,0.008802278712540993,0.0023454699349994275,-139036.66378362785,-326.10631476712285,0.2295597484276729,0.2,0.0909090909090909,2149.0,545.4487499698589
4,all,R13,High,R13_OUT,0.10723370725595947,0.02857367331814211,260354.95323510934,7439.29738050018,0.2295597484276729,0.2,0.0909090909090909,2149.0,545.4487499698589
4,all,R14,High,R14_OUT,0.0035952102350330214,0.0009579857434255159,265712.36098460766,254.5486536751884,0.2295597484276729,0.2,0.0909090909090909,2149.0,545.4487499698589
4,all,R15,High,R15_OUT,0.273199540155169,0.07279720724778556,-109661.55572184277,-7983.0549989975725,0.2295597484276729,0.2,0.0909090909090909,2149.0,545.4487499698589
4,all,R16,High,R16_OUT,0.4568511133956101,0.12173331318329661,30966.737154165334,3769.683512252836,0.2295597484276729,0.2,0.0909090909090909,2149.0,545.4487499698589
4,all,R17,High,R17_OUT,0.008114339701491991,0.0021621605533923907,190960.25360260945,412.8867276053693,0.2295597484276729,0.2,0.0909090909090909,2149.0,545.4487499698589
4,all,R18,Very_High,R18_OUT,0.04379862697574913,0.011670655533721383,-396887.881151895,-4631.941746432318,0.2295597484276729,0.2,0.0909090909090909,2149.0,545.4487499698589
4,all,R19,Very_High,R19_OUT,0.5848822867655236,0.15584871417076937,90898.05370360108,14166.344790331768,0.2295597484276729,0.2,0.0909090909090909,2149.0,545.4487499698589
4,all,R20,Very_High,R20_OUT,0.5547893046175548,0.14783008772328213,3969.036711679011,586.7430452644354,0.2295597484276729,0.2,0.0909090909090909,2149.0,545.4487499698589
5,all,R1,Very_Low,R1_OUT,0.008216690594123787,0.0021744732007283876,63695.207863378586,138.5035225137408,0.2044025157232704,0.2,0.0909090909090909,2821.0,259.12129249382633
5,all,R2,Low,R2_OUT,0.10009978353988214,0.02649050663558515,155802.37947298062,4127.283967268949,0.2044025157232704,0.2,0.0909090909090909,2821.0,259.12129249382633
5,all,R3,Low,R3_OUT,0.0033560321238187358,0.000888143691238214,-276167.02270266274,-245.27599894141053,0.2044025157232704,0.2,0.0909090909090909,2821.0,259.12129249382633
5,all,R4,Low,R4_OUT,0.008589241064308485,0.002273065329037896,225982.68205200124,513.6733995353985,0.2044025157232704,0.2,0.0909090909090909,2821.0,259.12129249382633
5,all,R5,Medium,R5_OUT,0.592259747697307,0.15673621082421746,-26361.119930837056,-4131.742051042158,0.2044025157232704,0.2,0.0909090909090909,2821.0,259.12129249382633
5,all,R6,Medium,R6_OUT,0.10463837739296447,0.027691604643288646,-74795.27008663423,-2071.201048427069,0.2044025157232704,0.2,0.0909090909090909,2821.0,259.12129249382633
5,all,R7,Medium,R7_OUT,0.04088484108034863,0.010819805154746441,182920.2430940731,1979.1613891367244,0.2044025157232704,0.2,0.0909090909090909,2821.0,259.12129249382633
5,all,R8,Medium,R8_OUT,0.0035081969560417934,0.0009284127443286395,156427.29312490288,145.22909249799162,0.2044025157232704,0.2,0.0909090909090909,2821.0,259.12129249382633
5,all,R9,High,R9_OUT,0.24190307717542828,0.0640174718113251,-79326.13230790362,-5078.258438922665,0.2044025157232704,0.2,0.0909090909090909,2821.0,259.12129249382633
5,all,R10,High,R10_OUT,0.6191132168584679,0.16384273970815644,-53816.06704463545,-8817.371864910901,0.2044025157232704,0.2,0.0909090909090909,2821.0,259.12129249382633
5,all,R11,Medium,R11_OUT,0.042738588229937494,0.011310382650823798,114634.01600536563,1296.554585821345,0.2044025157232704,0.2,0.0909090909090909,2821.0,259.12129249382633
5,all,R12,Medium,R12_OUT,0.008502657493246154,0.0022501517663642517,-139660.7085541856,-314.2577900448837,0.2044025157232704,0.2,0.0909090909090909,2821.0,259.12129249382633
5,all,R13,High,R13_OUT,0.10358357356140148,0.02741246030439877,249742.15969482574,6846.047038969229,0.2044025157232704,0.2,0.0909090909090909,2821.0,259.12129249382633
5,all,R14,High,R14_OUT,0.003472832688329446,0.0009190539092206365,254485.3995077093,233.88580125713568,0.2044025157232704,0.2,0.0909090909090909,2821.0,259.12129249382633
5,all,R15,High,R15_OUT,0.25287113105411296,0.06692006853809015,-114298.32959615419,-7648.8520503638565,0.2044025157232704,0.2,0.0909090909090909,2821.0,259.12129249382633
5,all,R16,High,R16_OUT,0.5178809044613412,0.13705251950529992,28619.903580002814,3922.4298936381388,0.2044025157232704,0.2,0.0909090909090909,2821.0,259.12129249382633
5,all,R17,High,R17_OUT,0.007510562634578984,0.0019876027926576147,192669.08397818828,382.9496093738315,0.2044025157232704,0.2,0.0909090909090909,2821.0,259.12129249382633
5,all,R18,Very_High,R18_OUT,0.042307763252107104,0.011196368698641329,-402004.3223060563,-4500.988610986049,0.2044025157232704,0.2,0.0909090909090909,2821.0,259.12129249382633
5,all,R19,Very_High,R19_OUT,0.541361985104043,0.14326657612539614,89114.45534811812,12767.12290100438,0.2044025157232704,0.2,0.0909090909090909,2821.0,259.12129249382633
5,all,R20,Very_High,R20_OUT,0.5359048028504821,0.1418223819664552,5036.0735394001185,714.2279451159616,0.2044025157232704,0.2,0.0909090909090909,2821.0,259.12129249382633
6,all,R1,Very_Low,R1_OUT,0.45708648859028267,0.041917872715556595,15836.48766019869,663.8318740016914,0.130503144654088,0.6,0.2424242424242424,2569.0,2472.293621116347
6,all,R2,Low,R2_OUT,0.7536082162884307,0.06911088836863873,340969.87650568376,23564.731072252842,0.130503144654088,0.6,0.2424242424242424,2569.0,2472.293621116347
6,all,R3,Low,R3_OUT,0.605541213505302,0.05553215889190594,-19016.119962979203,-1056.0061952917056,0.130503144654088,0.6,0.2424242424242424,2569.0,2472.293621116347
6,all,R4,Low,R4_OUT,0.26342119645716666,0.024157476668641757,162044.93219358104,3914.5966687380696,0.130503144654088,0.6,0.2424242424242424,2569.0,2472.293621116347
6,all,R5,Medium,R5_OUT,0.6034422859275661,0.055339673265577205,-29937.90245951047,-1656.7537403660297,0.130503144654088,0.6,0.2424242424242424,2569.0,2472.293621116347
6,all,R6,Medium,R6_OUT,0.434308129752208,0.03982894563003175,-178513.9197379019,-7110.021203444745,0.130503144654088,0.6,0.2424242424242424,2569.0,2472.293621116347
6,all,R7,Medium,R7_OUT,0.9983686789917593,0.0915570515729846,169356.79021285972,15505.808375753932,0.130503144654088,0.6,0.2424242424242424,2569.0,2472.293621116347
6,all,R8,Medium,R8_OUT,0.34897638619257665,0.03200345689996477,-2458.02073049303,-78.66516050755361,0.130503144654088,0.6,0.2424242424242424,2569.0,2472.293621116347
6,all,R9,High,R9_OUT,0.7994311431693458,0.07331315569527196,-81170.35496438513,-5950.854871344458,0.130503144654088,0.6,0.2424242424242424,2569.0,2472.293621116347
6,all,R10,High,R10_OUT,0.3477667638834392,0.03189252648470638,161550.90625422387,5152.266556341152,0.130503144654088,0.6,0.2424242424242424,2569.0,2472.293621116347
6,all,R11,Medium,R11_OUT,0.5753647908877637,0.052764780126906705,238381.4020700504,12578.142266569952,0.130503144654088,0.6,0.2424242424242424,2569.0,2472.293621116347
6,all,R12,Medium,R12_OUT,0.3488116725400755,0.03198835156193268,-159744.57280816732,-5109.965555098407,0.130503144654088,0.6,0.2424242424242424,2569.0,2472.293621116347
6,all,R13,High,R13_OUT,0.5750932239853104,0.052739875634792086,-11673.91728197127,-615.6809456220147,0.130503144654088,0.6,0.2424242424242424,2569.0,2472.293621116347
6,all,R14,High,R14_OUT,0.462100387447816,0.042377680606109115,63375.55180541157,2685.708892645653,0.130503144654088,0.6,0.2424242424242424,2569.0,2472.293621116347
6,all,R15,High,R15_OUT,0.46071610838524035,0.042250733004295694,-291831.6495234414,-12330.101106218119,0.130503144654088,0.6,0.2424242424242424,2569.0,2472.293621116347
6,all,R16,High,R16_OUT,0.7595304426330359,0.06965399593428019,-47675.86408566352,-3320.8144431861015,0.130503144654088,0.6,0.2424242424242424,2569.0,2472.293621116347
6,all,R17,High,R17_OUT,0.33155849798708303,0.03040612064304878,139039.07859133655,4227.63899774652,0.130503144654088,0.6,0.2424242424242424,2569.0,2472.293621116347
6,all,R18,Very_High,R18_OUT,0.7618747379839849,0.0698689834182284,-411547.3659423643,-28754.39608684263,0.130503144654088,0.6,0.2424242424242424,2569.0,2472.293621116347
6,all,R19,Very_High,R19_OUT,0.43772113798659595,0.040141941197210845,-23663.11176466049,-949.8832410000296,0.130503144654088,0.6,0.2424242424242424,2569.0,2472.293621116347
6,all,R20,Very_High,R20_OUT,0.5796125911685184,0.05315433167991572,20933.599027993816,1112.7114659883446,0.130503144654088,0.6,0.2424242424242424,2569.0,2472.293621116347
7,all,R1,Very_Low,R1_OUT,0.020468537527617757,0.003834334998039996,-50983.361323720426,-195.48728664125997,0.2389937106918239,0.4,0.3636363636363636,3913.0,4099.267021544132
7,all,R2,Low,R2_OUT,0.09173362092332904,0.01718429725273058,312393.17290729703,5368.257142962653,0.2389937106918239,0.4,0.3636363636363636,3913.0,4099.267021544132
7,all,R3,Low,R3_OUT,0.04925829244496367,0.009227468958667485,-126036.76292184829,-1163.0003175122881,0.2389937106918239,0.4,0.3636363636363636,3913.0,4099.267021544132
7,all,R4,Low,R4_OUT,0.028274443502707077,0.005296601583100604,231675.38884685573,1227.0922313317042,0.2389937106918239,0.4,0.3636363636363636,3913.0,4099.267021544132
7,all,R5,Medium,R5_OUT,0.15124317205463486,0.028332116402610675,63226.7401290205,1791.3473610930243,0.2389937106918239,0.4,0.3636363636363636,3913.0,4099.267021544132
7,all,R6,Medium,R6_OUT,0.12671726441597345,0.02373772142491727,-54891.97312604901,-1303.0103665301967,0.2389937106918239,0.4,0.3636363636363636,3913.0,4099.267021544132
7,all,R7,Medium,R7_OUT,0.2207603508741098,0.041354646778943835,161664.72970780238,6685.587793679596,0.2389937106918239,0.4,0.3636363636363636,3913.0,4099.267021544132
7,all,R8,Medium,R8_OUT,0.06804349382049106,0.012746467567250383,19613.24530640457,249.99959518661166,0.2389937106918239,0.4,0.3636363636363636,3913.0,4099.267021544132
7,all,R9,High,R9_OUT,0.36397228621336836,0.06818228578673523,-83653.30840049442,-5703.67378036841,0.2389937106918239,0.4,0.3636363636363636,3913.0,4099.267021544132
7,all,R10,High,R10_OUT,0.2089214492075478,0.039136886231215244,139068.25178736952,5442.698348576277,0.2389937106918239,0.4,0.3636363636363636,3913.0,4099.267021544132
7,all,R11,Medium,R11_OUT,0.3049497825629105,0.057125704381564675,306250.70938102837,17494.7874907451,0.2389937106918239,0.4,0.3636363636363636,3913.0,4099.267021544132
7,all,R12,Medium,R12_OUT,0.026589206274126042,0.004980909068340843,-172423.79719938437,-858.827255068176,0.2389937106918239,0.4,0.3636363636363636,3913.0,4099.267021544132
7,all,R13,High,R13_OUT,0.11916455514771503,0.022322885731930916,202426.17535312168,4518.736381559545,0.2389937106918239,0.4,0.3636363636363636,3913.0,4099.267021544132
7,all,R14,High,R14_OUT,0.06398790811327683,0.011986741856815995,122265.31490532079,1465.5627678123974,0.2389937106918239,0.4,0.3636363636363636,3913.0,4099.267021544132
7,all,R15,High,R15_OUT,0.5027771930068494,0.09418436391761316,-188398.39152111666,-17744.182668517817,0.2389937106918239,0.4,0.3636363636363636,3913.0,4099.267021544132
7,all,R16,High,R16_OUT,0.6993413422587915,0.13100637896484052,20275.373921440812,2656.2033196061197,0.2389937106918239,0.4,0.3636363636363636,3913.0,4099.267021544132
7,all,R17,High,R17_OUT,0.1307397021775012,0.024491237589208594,146934.34962862654,3598.604066770536,0.2389937106918239,0.4,0.3636363636363636,3913.0,4099.267021544132
7,all,R18,Very_High,R18_OUT,0.2867739084250693,0.05372084996865607,-352405.81437920214,-18931.53988234718,0.2389937106918239,0.4,0.3636363636363636,3913.0,4099.267021544132
7,all,R19,Very_High,R19_OUT,0.9660429937470418,0.1809671284789013,-16592.631656581798,-3002.7209047997235,0.2389937106918239,0.4,0.3636363636363636,3913.0,4099.267021544132
7,all,R20,Very_High,R20_OUT,0.9084640844639461,0.17018097305791657,14706.890782401582,2502.8329840056053,0.2389937106918239,0.4,0.3636363636363636,3913.0,4099.267021544132
8,all,R1,Very_Low,R1_OUT,0.15370965766160835,0.023434269575995478,-50749.41331634077,-1189.2754324787443,0.2908805031446541,0.8,0.3333333333333333,7854.0,8020.036838670825
8,all,R2,Low,R2_OUT,0.09322962006569832,0.014213602985812226,387432.0365587752,5506.805151631118,0.2908805031446541,0.8,0.3333333333333333,7854.0,8020.036838670825
8,all,R3,Low,R3_OUT,0.32790323325344806,0.04999147665671421,25114.797677099632,1255.5258218128265,0.2908805031446541,0.8,0.3333333333333333,7854.0,8020.036838670825
8,all,R4,Low,R4_OUT,0.3225391959684099,0.04917368616999015,180832.23363151535,8892.187506014474,0.2908805031446541,0.8,0.3333333333333333,7854.0,8020.036838670825
8,all,R5,Medium,R5_OUT,0.06319192943433945,0.009634116241750394,-9362.51266740539,-90.19953535264408,0.2908805031446541,0.8,0.3333333333333333,7854.0,8020.036838670825
8,all,R6,Medium,R6_OUT,0.19562991131390198,0.029825348313186117,-170907.85629499966,-5097.386343458324,0.2908805031446541,0.8,0.3333333333333333,7854.0,8020.036838670825
8,all,R7,Medium,R7_OUT,0.19888336438711934,0.03032136331660558,95643.95794808245,2900.055197981954,0.2908805031446541,0.8,0.3333333333333333,7854.0,8020.036838670825
8,all,R8,Medium,R8_OUT,0.6880611590577039,0.10490043977345632,2448.755212410455,256.8754986794002,0.2908805031446541,0.8,0.3333333333333333,7854.0,8020.036838670825
8,all,R9,High,R9_OUT,0.13480504928753756,0.02055211047417837,-86525.94132277182,-1778.2907049478815,0.2908805031446541,0.8,0.3333333333333333,7854.0,8020.036838670825
8,all,R10,High,R10_OUT,0.13259982763291955,0.02021590675402625,235673.59560215508,4764.355433079258,0.2908805031446541,0.8,0.3333333333333333,7854.0,8020.036838670825
8,all,R11,Medium,R11_OUT,0.41733018872590827,0.06362533293993981,392663.12665929936,24983.32216693568,0.2908805031446541,0.8,0.3333333333333333,7854.0,8020.036838670825
8,all,R12,Medium,R12_OUT,0.3108279610941107,0.047388214526325995,-166775.94483028667,-7903.214251448333,0.2908805031446541,0.8,0.3333333333333333,7854.0,8020.036838670825
8,all,R13,High,R13_OUT,0.1885266882995437,0.028742405019256297,-55044.63162980758,-1582.1150964396954,0.2908805031446541,0.8,0.3333333333333333,7854.0,8020.036838670825
8,all,R14,High,R14_OUT,0.6630780068010816,0.10109155792604033,50605.812234747806,5115.820398923328,0.2908805031446541,0.8,0.3333333333333333,7854.0,8020.036838670825
8,all,R15,High,R15_OUT,0.2828703991092428,0.043125860070476876,-344114.70884633117,-14840.24278189977,0.2908805031446541,0.8,0.3333333333333333,7854.0,8020.036838670825
8,all,R16,High,R16_OUT,0.19402297777230174,0.029580358412242668,-65636.57620979426,-1941.5534492381948,0.2908805031446541,0.8,0.3333333333333333,7854.0,8020.036838670825
8,all,R17,High,R17_OUT,0.9903165769783877,0.15098170136830022,97738.88031057332,14756.78243912302,0.2908805031446541,0.8,0.3333333333333333,7854.0,8020.036838670825
8,all,R18,Very_High,R18_OUT,0.402177140905998,0.06131512932025912,-373123.71397965326,-22878.128775117817,0.2908805031446541,0.8,0.3333333333333333,7854.0,8020.036838670825
8,all,R19,Very_High,R19_OUT,0.40713131628882226,0.06207043307419405,-70245.6735103623,-4360.179376376629,0.2908805031446541,0.8,0.3333333333333333,7854.0,8020.036838670825
8,all,R20,Very_High,R20_OUT,0.3923485843624738,0.059816687081249514,20878.671691586813,1248.892971247791,0.2908805031446541,0.8,0.3333333333333333,7854.0,8020.036838670825
9,all,R1,Very_Low,R1_OUT,0.8070222162729803,0.1548162270227921,86675.30830807987,13418.74420829419,0.0644654088050314,0.8,0.0909090909090909,2422.0,2135.468405284719
9,all,R2,Low,R2_OUT,0.48948371723880224,0.09390078831035491,345473.62891368254,32440.24609543381,0.0644654088050314,0.8,0.0909090909090909,2422.0,2135.468405284719
9,all,R3,Low,R3_OUT,0.32962084326072055,0.06323327198768769,60692.59320597467,3837.791253831482,0.0644654088050314,0.8,0.0909090909090909,2422.0,2135.468405284719
9,all,R4,Low,R4_OUT,0.2731766196133328,0.05240521599850363,99958.17682340085,5238.329847246941,0.0644654088050314,0.8,0.0909090909090909,2422.0,2135.468405284719
9,all,R5,Medium,R5_OUT,0.3317767518221717,0.06364685369902078,-132886.78630981874,-8457.82584679407,0.0644654088050314,0.8,0.0909090909090909,2422.0,2135.468405284719
9,all,R6,Medium,R6_OUT,0.16568999531214185,0.03178537023195546,-298142.3652412276,-9476.565461023309,0.0644654088050314,0.8,0.0909090909090909,2422.0,2135.468405284719
9,all,R7,Medium,R7_OUT,0.19992514751795934,0.03835291817448059,160932.9389881637,6172.247840591719,0.0644654088050314,0.8,0.0909090909090909,2422.0,2135.468405284719
9,all,R8,Medium,R8_OUT,0.11157649182436095,0.02140443117967893,9034.203772614637,193.37199291412577,0.0644654088050314,0.8,0.0909090909090909,2422.0,2135.468405284719
9,all,R9,High,R9_OUT,0.1355111798718254,0.02599597528312225,-79326.10768138756,-2062.159534591645,0.0644654088050314,0.8,0.0909090909090909,2422.0,2135.468405284719
9,all,R10,High,R10_OUT,0.11230626580224788,0.02154442838366873,159746.23174628738,3441.6412494188367,0.0644654088050314,0.8,0.0909090909090909,2422.0,2135.468405284719
9,all,R11,Medium,R11_OUT,0.06767456319465089,0.012982443764184318,173523.31534716164,2252.7566832693474,0.0644654088050314,0.8,0.0909090909090909,2422.0,2135.468405284719
9,all,R12,Medium,R12_OUT,0.5781276687635893,0.11090592379080957,-142243.6907382523,-15775.667924740095,0.0644654088050314,0.8,0.0909090909090909,2422.0,2135.468405284719
9,all,R13,High,R13_OUT,0.3506521563333066,0.06726784312287877,-216051.37043576065,-14533.309692955716,0.0644654088050314,0.8,0.0909090909090909,2422.0,2135.468405284719
9,all,R14,High,R14_OUT,0.23613095878608345,0.04529851023354016,33983.87580564046,1539.4189459571624,0.0644654088050314,0.8,0.0909090909090909,2422.0,2135.468405284719
9,all,R15,High,R15_OUT,0.04587046712066949,0.008799624729281263,-387668.16274111305,-3411.3343516117316,0.0644654088050314,0.8,0.0909090909090909,2422.0,2135.468405284719
9,all,R16,High,R16_OUT,0.2901106228828616,0.05565377402047175,-115225.21215909882,-6412.7179189634,0.0644654088050314,0.8,0.0909090909090909,2422.0,2135.468405284719
9,all,R17,High,R17_OUT,0.2388697786622986,0.045823915546034356,130423.2709530394,5976.504953389634,0.0644654088050314,0.8,0.0909090909090909,2422.0,2135.468405284719
9,all,R18,Very_High,R18_OUT,0.1432206662110998,0.02747493529594858,-468181.10001370433,-12863.245429662558,0.0644654088050314,0.8,0.0909090909090909,2422.0,2135.468405284719
9,all,R19,Very_High,R19_OUT,0.09820230183880245,0.018838774880138093,-19356.014067597844,-364.64359159626184,0.0644654088050314,0.8,0.0909090909090909,2422.0,2135.468405284719
9,all,R20,Very_High,R20_OUT,0.20782696524191954,0.03986877434544819,24627.922553339522,981.8850868762676,0.0644654088050314,0.8,0.0909090909090909,2422.0,2135.468405284719
10,all,R1,Very_Low,R1_OUT,0.0002899751564339815,0.00037376140709103456,-156070.3870978643,-58.33308748694021,0.2751572327044025,1.0,0.6060606060606061,4067.0,7720.252504928547
10,all,R2,Low,R2_OUT,6.470220309418026e-05,8.339744262152499e-05,557411.7368266925,46.48671333856868,0.2751572327044025,1.0,0.6060606060606061,4067.0,7720.252504928547
10,all,R3,Low,R3_OUT,0.0009191912721447021,0.0011847850260262546,197829.34491108713,234.38524555923925,0.2751572327044025,1.0,0.6060606060606061,4067.0,7720.252504928547
10,all,R4,Low,R4_OUT,0.0005360677530166955,0.0006909607020395401,173971.72557544807,120.20762563864182,0.2751572327044025,1.0,0.6060606060606061,4067.0,7720.252504928547
10,all,R5,Medium,R5_OUT,6.470220309418026e-05,8.339744262152499e-05,76203.09463261254,6.3551432122059435,0.2751572327044025,1.0,0.6060606060606061,4067.0,7720.252504928547
10,all,R6,Medium,R6_OUT,0.00011961288358102416,0.00015417417210235405,-165154.11647347617,-25.46249917659394,0.2751572327044025,1.0,0.6060606060606061,4067.0,7720.252504928547
10,all,R7,Medium,R7_OUT,0.00020509929576068627,0.0002643612725986997,91652.11343986572,24.22926934532329,0.2751572327044025,1.0,0.6060606060606061,4067.0,7720.252504928547
10,all,R8,Medium,R8_OUT,0.0016992793655526564,0.002190274003194891,-157647.2904514068,-345.2907619498304,0.2751572327044025,1.0,0.6060606060606061,4067.0,7720.252504928547
10,all,R9,High,R9_OUT,0.00020509929576068627,0.0002643612725986997,-89758.94116058236,-23.72878791232336,0.2751572327044025,1.0,0.6060606060606061,4067.0,7720.252504928547
10,all,R10,High,R10_OUT,0.00011961288358102416,0.00015417417210235405,439079.80491793423,67.69476541008564,0.2751572327044025,1.0,0.6060606060606061,4067.0,7720.252504928547
10,all,R11,Medium,R11_OUT,0.00037916047697268636,0.0004887161891018184,562659.4132779087,274.98076421944467,0.2751572327044025,1.0,0.6060606060606061,4067.0,7720.252504928547
10,all,R12,Medium,R12_OUT,0.0005062370509311844,0.000652510631615895,-200787.1230166009,-131.01573245990068,0.2751572327044025,1.0,0.6060606060606061,4067.0,7720.252504928547
10,all,R13,High,R13_OUT,0.00011295675424734398,0.00014559480173100773,-123586.20305207884,-17.99350873005548,0.2751572327044025,1.0,0.6060606060606061,4067.0,7720.252504928547
10,all,R14,High,R14_OUT,0.0016047191234403522,0.0020683912544056503,-104068.19532143744,-215.2537450646402,0.2751572327044025,1.0,0.6060606060606061,4067.0,7720.252504928547
10,all,R15,High,R15_OUT,0.00037916047697268636,0.0004887161891018184,-427488.3185199165,-208.92046191259791,0.2751572327044025,1.0,0.6060606060606061,4067.0,7720.252504928547
10,all,R16,High,R16_OUT,0.059649750920955265,0.07688512047383554,-78674.77301668131,-6048.919401639208,0.2751572327044025,1.0,0.6060606060606061,4067.0,7720.252504928547
10,all,R17,High,R17_OUT,0.4942074058538234,0.6370051065005259,55421.806712169266,35303.97388713694,0.2751572327044025,1.0,0.6060606060606061,4067.0,7720.252504928547
10,all,R18,Very_High,R18_OUT,0.00035806123500649366,0.0004615204718451443,-333758.0883611218,-154.0361904225583,0.2751572327044025,1.0,0.6060606060606061,4067.0,7720.252504928547
10,all,R19,Very_High,R19_OUT,0.11027257761470363,0.1421350514288299,-179519.95722602814,-25516.078352822853,0.2751572327044025,1.0,0.6060606060606061,4067.0,7720.252504928547
10,all,R20,Very_High,R20_OUT,0.10413621072355216,0.13422562514601044,32683.562590030495,4386.971620645603,0.2751572327044025,1.0,0.6060606060606061,4067.0,7720.252504928547
11,all,R1,Very_Low,R1_OUT,0.004507699396106094,0.0016840338334025318,-116324.5865485857,-195.89453940437937,0.3286163522012578,0.6,0.4848484848484848,9051.0,8411.87742179879
11,all,R2,Low,R2_OUT,0.007431939876282241,0.0027765024017094306,390459.5442446769,1084.111862365715,0.3286163522012578,0.6,0.4848484848484848,9051.0,8411.87742179879
11,all,R3,Low,R3_OUT,0.014509331783163491,0.005420549037501728,-41890.253799444356,-227.06817491328118,0.3286163522012578,0.6,0.4848484848484848,9051.0,8411.87742179879
11,all,R4,Low,R4_OUT,0.01282006345836981,0.004789454378637563,235857.80564805202,1129.6301999969103,0.3286163522012578,0.6,0.4848484848484848,9051.0,8411.87742179879
11,all,R5,Medium,R5_OUT,0.005951032235168106,0.00222324932233709,91323.85400549308,203.03569653092381,0.3286163522012578,0.6,0.4848484848484848,9051.0,8411.87742179879
11,all,R6,Medium,R6_OUT,0.021136711315539757,0.007896475309107618,-59238.536682396196,-467.77564226020746,0.3286163522012578,0.6,0.4848484848484848,9051.0,8411.87742179879
11,all,R7,Medium,R7_OUT,0.02392184393454707,0.008936974497002207,113778.6229166839,1016.836651310435,0.3286163522012578,0.6,0.4848484848484848,9051.0,8411.87742179879
11,all,R8,Medium,R8_OUT,0.0412650751200003,0.01541624153110275,-22139.59307868911,-341.3093143014021,0.3286163522012578,0.6,0.4848484848484848,9051.0,8411.87742179879
11,all,R9,High,R9_OUT,0.019155115185130422,0.007156169748663295,-87754.71446245548,-627.9876329388093,0.3286163522012578,0.6,0.4848484848484848,9051.0,8411.87742179879
11,all,R10,High,R10_OUT,0.016924955325007617,0.006323003131211534,243396.8335072145,1538.9989403930897,0.3286163522012578,0.6,0.4848484848484848,9051.0,8411.87742179879
11,all,R11,Medium,R11_OUT,0.06803460708738315,0.02541708532657982,445359.7345813454,11319.746374876999,0.3286163522012578,0.6,0.4848484848484848,9051.0,8411.87742179879
11,all,R12,Medium,R12_OUT,0.013575760726230787,0.005071775725972098,-184978.87726707914,-938.1713795407439,0.3286163522012578,0.6,0.4848484848484848,9051.0,8411.87742179879
11,all,R13,High,R13_OUT,0.02238264547527212,0.008361944519630782,137393.42879116273,1148.8762289135454,0.3286163522012578,0.6,0.4848484848484848,9051.0,8411.87742179879
11,all,R14,High,R14_OUT,0.04369750493031479,0.016324974287658126,67367.15657300828,1099.7670988869993,0.3286163522012578,0.6,0.4848484848484848,9051.0,8411.87742179879
11,all,R15,High,R15_OUT,0.05447785458761665,0.020352410894120435,-253494.56623725986,-5159.225571487542,0.3286163522012578,0.6,0.4848484848484848,9051.0,8411.87742179879
11,all,R16,High,R16_OUT,0.24804611821305475,0.09266768224957224,-727.4159072918119,-67.40794616020192,0.3286163522012578,0.6,0.4848484848484848,9051.0,8411.87742179879
11,all,R17,High,R17_OUT,0.5343555286596147,0.19963016835280287,108277.12212139665,21615.380117851408,0.3286163522012578,0.6,0.4848484848484848,9051.0,8411.87742179879
11,all,R18,Very_High,R18_OUT,0.07204500585513372,0.026915332351694632,-322245.9762067448,-8673.357548600816,0.3286163522012578,0.6,0.4848484848484848,9051.0,8411.87742179879
11,all,R19,Very_High,R19_OUT,0.7054523153963254,0.2635503086132598,-76559.31935734328,-20177.232243848935,0.3286163522012578,0.6,0.4848484848484848,9051.0,8411.87742179879
11,all,R20,Very_High,R20_OUT,0.7470362271361033,0.2790856644880335,18384.764597427355,5130.924244129087,0.3286163522012578,0.6,0.4848484848484848,9051.0,8411.87742179879
12,all,R1,Very_Low,R1_OUT,0.0856198821153226,0.024190641511495813,105006.59845989675,2540.1769796849508,0.040880503144654,0.4,0.0606060606060606,2282.0,-772.5112208165883
12,all,R2,Low,R2_OUT,0.38372168987987487,0.10841493366653708,237351.3830692297,25732.43445111137,0.040880503144654,0.4,0.0606060606060606,2282.0,-772.5112208165883
12,all,R3,Low,R3_OUT,0.02609594057685033,0.0073730251409317195,-119675.50358798404,-882.3704967078705,0.040880503144654,0.4,0.0606060606060606,2282.0,-772.5112208165883
12,all,R4,Low,R4_OUT,0.023966189217877465,0.006771295141302188,151766.36789764313,1027.6548695583913,0.040880503144654,0.4,0.0606060606060606,2282.0,-772.5112208165883
12,all,R5,Medium,R5_OUT,0.6326501121339476,0.17874600719756306,-84391.05039176685,-15084.563300736665,0.040880503144654,0.4,0.0606060606060606,2282.0,-772.5112208165883
12,all,R6,Medium,R6_OUT,0.10740900827541545,0.03034683942680727,-190057.73163666722,-5767.651463801169,0.040880503144654,0.4,0.0606060606060606,2282.0,-772.5112208165883
12,all,R7,Medium,R7_OUT,0.11695389166346176,0.033043606189441466,214143.51477618777,7076.073970287188,0.040880503144654,0.4,0.0606060606060606,2282.0,-772.5112208165883
12,all,R8,Medium,R8_OUT,0.007304614702002209,0.002063811713706089,67133.42737063544,138.5507537887544,0.040880503144654,0.4,0.0606060606060606,2282.0,-772.5112208165883
12,all,R9,High,R9_OUT,0.19282436887670773,0.05447969638517053,-76499.93877870581,-4167.693438148026,0.040880503144654,0.4,0.0606060606060606,2282.0,-772.5112208165883
12,all,R10,High,R10_OUT,0.17708751660848346,0.0500334796614984,26403.35677616609,1321.051814255592,0.040880503144654,0.4,0.0606060606060606,2282.0,-772.5112208165883
12,all,R11,Medium,R11_OUT,0.032737011872994055,0.009249362400552255,68810.38164338411,636.4521567399681,0.040880503144654,0.4,0.0606060606060606,2282.0,-772.5112208165883
12,all,R12,Medium,R12_OUT,0.06290177470636042,0.01777197357395248,-139652.328483709,-2481.897491353407,0.040880503144654,0.4,0.0606060606060606,2282.0,-772.5112208165883
12,all,R13,High,R13_OUT,0.2819061962063629,0.07964845972471978,36985.930044137545,2945.8723595017923,0.040880503144654,0.4,0.0606060606060606,2282.0,-772.5112208165883
12,all,R14,High,R14_OUT,0.019171726640602887,0.00541669008250387,139378.88935346843,754.9722476713367,0.040880503144654,0.4,0.0606060606060606,2282.0,-772.5112208165883
12,all,R15,High,R15_OUT,0.05397420781416792,0.015249620530204495,-227191.097063793,-3464.5780180637,0.040880503144654,0.4,0.0606060606060606,2282.0,-772.5112208165883
12,all,R16,High,R16_OUT,0.6086038259255492,0.17195208182673974,-33789.85770239136,-5810.236376555491,0.040880503144654,0.4,0.0606060606060606,2282.0,-772.5112208165883
12,all,R17,High,R17_OUT,0.023055262571055505,0.006513926181988993,182022.53541413066,1185.6813591461244,0.040880503144654,0.4,0.0606060606060606,2282.0,-772.5112208165883
12,all,R18,Very_High,R18_OUT,0.08592171774469909,0.02427592074016619,-453959.5580264716,-11020.2862498915,0.040880503144654,0.4,0.0606060606060606,2282.0,-772.5112208165883
12,all,R19,Very_High,R19_OUT,0.1703566285131052,0.04813176598300981,53039.08709662876,2552.864928087411,0.040880503144654,0.4,0.0606060606060606,2282.0,-772.5112208165883
12,all,R20,Very_High,R20_OUT,0.4471188209793958,0.12632686292170894,15792.205066033739,1994.9797246083617,0.040880503144654,0.4,0.0606060606060606,2282.0,-772.5112208165883
13,all,R1,Very_Low,R1_OUT,0.6051928186199594,0.05638862131201985,5973.528382475997,336.83902985604146,0.2421383647798742,0.8,0.2121212121212121,4172.0,3951.6095824875993
13,all,R2,Low,R2_OUT,0.367067999530912,0.034201427684665255,349298.2958556776,11946.500406084768,0.2421383647798742,0.8,0.2121212121212121,4172.0,3951.6095824875993
13,all,R3,Low,R3_OUT,0.6583461054656372,0.06134115952994648,13967.57714215912,856.7873777240166,0.2421383647798742,0.8,0.2121212121212121,4172.0,3951.6095824875993
13,all,R4,Low,R4_OUT,0.8574434925622432,0.07989198634048933,156479.01175520167,12501.419069719841,0.2421383647798742,0.8,0.2121212121212121,4172.0,3951.6095824875993
13,all,R5,Medium,R5_OUT,0.2488022058613523,0.023182055266126878,-65971.1381400676,-1529.346570332338,0.2421383647798742,0.8,0.2121212121212121,4172.0,3951.6095824875993
13,all,R6,Medium,R6_OUT,0.5200657672100817,0.04845693918084968,-216395.9906836907,-10485.887359539314,0.2421383647798742,0.8,0.2121212121212121,4172.0,3951.6095824875993
13,all,R7,Medium,R7_OUT,0.3993070976673158,0.037205293957236325,106169.37271811633,3950.0627212329046,0.2421383647798742,0.8,0.2121212121212121,4172.0,3951.6095824875993
13,all,R8,Medium,R8_OUT,0.9327516233131153,0.08690879410154388,35571.53923182741,3091.4795789738787,0.2421383647798742,0.8,0.2121212121212121,4172.0,3951.6095824875993
13,all,R9,High,R9_OUT,0.27065417536446446,0.025218104596723082,-84327.93782851691,-2126.5907565855005,0.2421383647798742,0.8,0.2121212121212121,4172.0,3951.6095824875993
13,all,R10,High,R10_OUT,0.35250555820774626,0.0328445774976075,184228.74149188562,6050.915177216935,0.2421383647798742,0.8,0.2121212121212121,4172.0,3951.6095824875993
13,all,R11,Medium,R11_OUT,0.5657424574361335,0.052712848221238826,310794.36716070527,16382.85630415823,0.2421383647798742,0.8,0.2121212121212121,4172.0,3951.6095824875993
13,all,R12,Medium,R12_OUT,0.8047403575171062,0.0749813908532638,-152910.70305971522,-11465.457191767868,0.2421383647798742,0.8,0.2121212121212121,4172.0,3951.6095824875993
13,all,R13,High,R13_OUT,0.4880996999422308,0.045478512460400904,-108352.71758580732,-4927.720416844438,0.2421383647798742,0.8,0.2121212121212121,4172.0,3951.6095824875993
13,all,R14,High,R14_OUT,0.8754196414467145,0.08156690749108461,71063.93280474609,5796.465233037377,0.2421383647798742,0.8,0.2121212121212121,4172.0,3951.6095824875993
13,all,R15,High,R15_OUT,0.38346565633455204,0.03572927340830324,-354009.70274079905,-12648.509458418166,0.2421383647798742,0.8,0.2121212121212121,4172.0,3951.6095824875993
13,all,R16,High,R16_OUT,0.26025403893771837,0.0242490756583123,-84417.13315065506,-2047.037448628058,0.2421383647798742,0.8,0.2121212121212121,4172.0,3951.6095824875993
13,all,R17,High,R17_OUT,0.8969097815175392,0.08356924349559851,109702.19779438566,9167.729679481325,0.2421383647798742,0.8,0.2121212121212121,4172.0,3951.6095824875993
13,all,R18,Very_High,R18_OUT,0.5309688526520727,0.049472830211286886,-407541.5265391405,-20162.232746519567,0.2421383647798742,0.8,0.2121212121212121,4172.0,3951.6095824875993
13,all,R19,Very_High,R19_OUT,0.3687306346579765,0.034356343109428374,-40230.37300305498,-1382.1684983132411,0.2421383647798742,0.8,0.2121212121212121,4172.0,3951.6095824875993
13,all,R20,Very_High,R20_OUT,0.34606644675261694,0.03224461562387418,20019.01525142783,645.5054519507653,0.2421383647798742,0.8,0.2121212121212121,4172.0,3951.6095824875993
14,all,R1,Very_Low,R1_OUT,0.05517924640339142,0.01801929804434622,-37368.33673207913,-673.3511969968245,0.4056603773584906,1.0,0.2424242424242424,4977.0,4977.7100549454335
14,all,R2,Low,R2_OUT,0.012312154086858394,0.0040206488583972595,369371.5271325947,1485.1132088901193,0.4056603773584906,1.0,0.2424242424242424,4977.0,4977.7100549454335
14,all,R3,Low,R3_OUT,0.07310062463335752,0.02387169141214273,40174.102313813535,959.023773195206,0.4056603773584906,1.0,0.2424242424242424,4977.0,4977.7100549454335
14,all,R4,Low,R4_OUT,0.2919584219159952,0.09534174828342631,169954.74162657704,16203.782195735865,0.4056603773584906,1.0,0.2424242424242424,4977.0,4977.7100549454335
14,all,R5,Medium,R5_OUT,0.012312154086858394,0.0040206488583972595,-71500.39160625637,-287.47796788665164,0.4056603773584906,1.0,0.2424242424242424,4977.0,4977.7100549454335
14,all,R6,Medium,R6_OUT,0.06514472943879883,0.02127361956331219,-223795.9553747095,-4760.950014449561,0.4056603773584906,1.0,0.2424242424242424,4977.0,4977.7100549454335
14,all,R7,Medium,R7_OUT,0.016310954081391313,0.005326494327805302,28278.178920670194,150.62355962161325,0.4056603773584906,1.0,0.2424242424242424,4977.0,4977.7100549454335
14,all,R8,Medium,R8_OUT,0.386782067536842,0.12630729499644716,69772.0497560982,8812.718871050285,0.4056603773584906,1.0,0.2424242424242424,4977.0,4977.7100549454335
14,all,R9,High,R9_OUT,0.016310954081391313,0.005326494327805302,-89182.90007910911,-475.0322114086017,0.4056603773584906,1.0,0.2424242424242424,4977.0,4977.7100549454335
14,all,R10,High,R10_OUT,0.06514472943879883,0.02127361956331219,226874.8449263681,4826.449139449003,0.4056603773584906,1.0,0.2424242424242424,4977.0,4977.7100549454335
14,all,R11,Medium,R11_OUT,0.08630274467203633,0.028182966960472212,435965.37194592087,12286.797673461868,0.4056603773584906,1.0,0.2424242424242424,4977.0,4977.7100549454335
14,all,R12,Medium,R12_OUT,0.4577256595895785,0.14947458728219684,-152326.90522875127,-22769.00129104191,0.4056603773584906,1.0,0.2424242424242424,4977.0,4977.7100549454335
14,all,R13,High,R13_OUT,0.10213239972826829,0.03335228859839702,-166769.73197695828,-5562.1522303728325,0.4056603773584906,1.0,0.2424242424242424,4977.0,4977.7100549454335
14,all,R14,High,R14_OUT,0.6063879775033906,0.1980216550487419,80802.74263443904,16000.692828949157,0.4056603773584906,1.0,0.2424242424242424,4977.0,4977.7100549454335
14,all,R15,High,R15_OUT,0.08630274467203633,0.028182966960472212,-406168.78758589464,-11447.041520908324,0.4056603773584906,1.0,0.2424242424242424,4977.0,4977.7100549454335
14,all,R16,High,R16_OUT,0.015496852079206452,0.005060641718861981,-109201.27452347596,-552.6285256064024,0.4056603773584906,1.0,0.2424242424242424,4977.0,4977.7100549454335
14,all,R17,High,R17_OUT,0.3674772461254336,0.12000312534247985,72514.62503223924,8701.981636906734,0.4056603773584906,1.0,0.2424242424242424,4977.0,4977.7100549454335
14,all,R18,Very_High,R18_OUT,0.13530344653241397,0.04418460360388289,-380730.673343809,-16822.43388153562,0.4056603773584906,1.0,0.2424242424242424,4977.0,4977.7100549454335
14,all,R19,Very_High,R19_OUT,0.08199525677887193,0.026776316575979616,-69854.47379379359,-1870.4455045510888,0.4056603773584906,1.0,0.2424242424242424,4977.0,4977.7100549454335
14,all,R20,Very_High,R20_OUT,0.12855026666476796,0.04197928967312372,18367.188164621373,771.0415124434102,0.4056603773584906,1.0,0.2424242424242424,4977.0,4977.7100549454335
15,all,R1,Very_Low,R1_OUT,0.874236730214903,0.08928757592814945,24688.719193626952,2204.3958895697274,0.1415094339622641,0.8,0.2121212121212121,1617.0,1965.907763355106
15,all,R2,Low,R2_OUT,0.5302513807222605,0.05415565233184232,376076.10952287953,20366.64703763292,0.1415094339622641,0.8,0.2121212121212121,1617.0,1965.907763355106
15,all,R3,Low,R3_OUT,0.9510197888739663,0.09712958592735343,59136.15204850532,5743.869961808336,0.1415094339622641,0.8,0.2121212121212121,1617.0,1965.907763355106
15,all,R4,Low,R4_OUT,0.5505504215720748,0.056228834673084,131372.58205335803,7386.92719685443,0.1415094339622641,0.8,0.2121212121212121,1617.0,1965.907763355106
15,all,R5,Medium,R5_OUT,0.35940946460416273,0.03670721985365592,-74015.64365974677,-2716.9085044281787,0.1415094339622641,0.8,0.2121212121212121,1617.0,1965.907763355106
15,all,R6,Medium,R6_OUT,0.3339257104011789,0.03410451218913823,-244695.1049618143,-8345.207189792654,0.1415094339622641,0.8,0.2121212121212121,1617.0,1965.907763355106
15,all,R7,Medium,R7_OUT,0.576822659945496,0.05891207183013258,140696.7104742244,8288.734713720874,0.1415094339622641,0.8,0.2121212121212121,1617.0,1965.907763355106
15,all,R8,Medium,R8_OUT,0.5989045387732008,0.061167339041314876,-10992.456458810448,-672.3793111129502,0.1415094339622641,0.8,0.2121212121212121,1617.0,1965.907763355106
15,all,R9,High,R9_OUT,0.390975923721638,0.039931166546608936,-82139.58531895638,-3279.9294614406413,0.1415094339622641,0.8,0.2121212121212121,1617.0,1965.907763355106
15,all,R10,High,R10_OUT,0.22633804485219328,0.023116365015001517,205272.52245943388,4745.15455672237,0.1415094339622641,0.8,0.2121212121212121,1617.0,1965.907763355106
15,all,R11,Medium,R11_OUT,0.3632539650069999,0.037099866501595025,267553.55364659824,9926.201122316137,0.1415094339622641,0.8,0.2121212121212121,1617.0,1965.907763355106
15,all,R12,Medium,R12_OUT,0.6872642158805243,0.07019169263575555,-155406.88214194626,-10908.272104788579,0.1415094339622641,0.8,0.2121212121212121,1617.0,1965.907763355106
15,all,R13,High,R13_OUT,0.41684681825490005,0.0425734136407112,-150803.89174694184,-6420.236461971588,0.1415094339622641,0.8,0.2121212121212121,1617.0,1965.907763355106
15,all,R14,High,R14_OUT,0.7476257252731319,0.07635653639804554,26156.08689715278,1997.1882011928885,0.1415094339622641,0.8,0.2121212121212121,1617.0,1965.907763355106
15,all,R15,High,R15_OUT,0.24621701673020122,0.025146644857504667,-372556.7982380448,-9368.553494541133,0.1415094339622641,0.8,0.2121212121212121,1617.0,1965.907763355106
15,all,R16,High,R16_OUT,0.3759523130908301,0.03839677462671847,-93804.46744730517,-3601.788995553526,0.1415094339622641,0.8,0.2121212121212121,1617.0,1965.907763355106
15,all,R17,High,R17_OUT,0.5758910792488793,0.05881692759824711,116537.51929670092,6854.378834953383,0.1415094339622641,0.8,0.2121212121212121,1617.0,1965.907763355106
15,all,R18,Very_High,R18_OUT,0.45345792436804866,0.04631258039487827,-428007.2911557857,-19822.122081246394,0.1415094339622641,0.8,0.2121212121212121,1617.0,1965.907763355106
15,all,R19,Very_High,R19_OUT,0.23675590067266294,0.024180361825510775,-47364.766424986825,-1145.297189936986,0.1415094339622641,0.8,0.2121212121212121,1617.0,1965.907763355106
15,all,R20,Very_High,R20_OUT,0.29554760482475345,0.030184878184752156,24287.16256231226,733.1050433966686,0.1415094339622641,0.8,0.2121212121212121,1617.0,1965.907763355106
16,all,R1,Very_Low,R1_OUT,0.500637261343387,0.147182504799355,36540.17561727474,5378.074573158814,0.0723270440251572,1.0,0.2121212121212121,3192.0,3056.2573461591346
16,all,R2,Low,R2_OUT,0.11170727229982123,0.032840855866927116,445296.97385566385,14623.933736372668,0.0723270440251572,1.0,0.2121212121212121,3192.0,3056.2573461591346
16,all,R3,Low,R3_OUT,0.5446075715306434,0.16010935002218007,181538.56943978483,29066.02235696035,0.0723270440251572,1.0,0.2121212121212121,3192.0,3056.2573461591346
16,all,R4,Low,R4_OUT,0.1805478961687656,0.05307933237543427,83741.61949184921,4444.949254665009,0.0723270440251572,1.0,0.2121212121212121,3192.0,3056.2573461591346
16,all,R5,Medium,R5_OUT,0.11170727229982123,0.032840855866927116,-111325.83316808545,-3656.035641338668,0.0723270440251572,1.0,0.2121212121212121,3192.0,3056.2573461591346
16,all,R6,Medium,R6_OUT,0.04028568098659873,0.01184359993350238,-325481.9591485502,-3854.878109727993,0.0723270440251572,1.0,0.2121212121212121,3192.0,3056.2573461591346
16,all,R7,Medium,R7_OUT,0.1215183746536799,0.03572522491171004,141100.29412388292,5040.839742684156,0.0723270440251572,1.0,0.2121212121212121,3192.0,3056.2573461591346
16,all,R8,Medium,R8_OUT,0.19640517969755192,0.05774122011191159,-70551.88111112226,-4073.751696546728,0.0723270440251572,1.0,0.2121212121212121,3192.0,3056.2573461591346
16,all,R9,High,R9_OUT,0.1215183746536799,0.03572522491171004,-81649.4773293307,-2916.945941513909,0.0723270440251572,1.0,0.2121212121212121,3192.0,3056.2573461591346
16,all,R10,High,R10_OUT,0.04028568098659873,0.01184359993350238,281172.8855022653,3330.0991680373013,0.0723270440251572,1.0,0.2121212121212121,3192.0,3056.2573461591346
16,all,R11,Medium,R11_OUT,0.04382391919989588,0.012883807690736564,277499.1795672667,3575.246063881838,0.0723270440251572,1.0,0.2121212121212121,3192.0,3056.2573461591346
16,all,R12,Medium,R12_OUT,0.35763410947184554,0.10514096352418506,-156826.9163102598,-16488.93308738745,0.0723270440251572,1.0,0.2121212121212121,3192.0,3056.2573461591346
16,all,R13,High,R13_OUT,0.07979895612099397,0.023460120029311627,-315575.69600364135,-7403.443706578983,0.0723270440251572,1.0,0.2121212121212121,3192.0,3056.2573461591346
16,all,R14,High,R14_OUT,0.389044641490225,0.11437535564102443,-57401.90732659157,-6565.3635649520365,0.0723270440251572,1.0,0.2121212121212121,3192.0,3056.2573461591346
16,all,R15,High,R15_OUT,0.04382391919989588,0.012883807690736564,-467833.85254876834,-6027.481387454737,0.0723270440251572,1.0,0.2121212121212121,3192.0,3056.2573461591346
16,all,R16,High,R16_OUT,0.11684891898002231,0.0343524501800524,-143855.21110385965,-4941.778972586259,0.0723270440251572,1.0,0.2121212121212121,3192.0,3056.2573461591346
16,all,R17,High,R17_OUT,0.18885812944043512,0.05552246045005898,97319.74216644067,5403.43153544614,0.0723270440251572,1.0,0.2121212121212121,3192.0,3056.2573461591346
16,all,R18,Very_High,R18_OUT,0.08680759316060235,0.025520591421215395,-454649.69559227116,-11602.929120990306,0.0723270440251572,1.0,0.2121212121212121,3192.0,3056.2573461591346
16,all,R19,Very_High,R19_OUT,0.04213994466737716,0.012388735492056517,-85119.39642367895,-1054.52168753646,0.0723270440251572,1.0,0.2121212121212121,3192.0,3056.2573461591346
16,all,R20,Very_High,R20_OUT,0.08347193129419293,0.02453993914746247,31773.666058458886,779.7238315663748,0.0723270440251572,1.0,0.2121212121212121,3192.0,3056.2573461591346
17,all,R1,Very_Low,R1_OUT,0.008571345031010976,0.00679331287387763,-98695.09980770637,-670.4666921123293,0.4150943396226415,1.0,0.3939393939393939,3437.0,3450.066705568752
17,all,R2,Low,R2_OUT,0.0019125255894569268,0.0015157929894867052,430741.4123489801,652.9148131201861,0.4150943396226415,1.0,0.3939393939393939,3437.0,3450.066705568752
17,all,R3,Low,R3_OUT,0.022828654049774143,0.01809309844470672,77221.73467284605,1397.180447506826,0.4150943396226415,1.0,0.3939393939393939,3437.0,3450.066705568752
17,all,R4,Low,R4_OUT,0.048933659012735456,0.03878290449567229,187548.83814797885,7273.688678167363,0.4150943396226415,1.0,0.3939393939393939,3437.0,3450.066705568752
17,all,R5,Medium,R5_OUT,0.0019125255894569268,0.0015157929894867052,-4856.134074326925,-7.360893985872263,0.4150943396226415,1.0,0.3939393939393939,3437.0,3450.066705568752
17,all,R6,Medium,R6_OUT,0.010918575172160314,0.008653635691140612,-181416.97477335425,-1569.9164078774543,0.4150943396226415,1.0,0.3939393939393939,3437.0,3450.066705568752
17,all,R7,Medium,R7_OUT,0.005093761234099204,0.0040371159535487165,32789.696575511276,132.3758071570183,0.4150943396226415,1.0,0.3939393939393939,3437.0,3450.066705568752
17,all,R8,Medium,R8_OUT,0.13032838707924366,0.10329318287548926,4540.9000620083825,469.0440205243524,0.4150943396226415,1.0,0.3939393939393939,3437.0,3450.066705568752
17,all,R9,High,R9_OUT,0.005093761234099204,0.0040371159535487165,-90810.58343617606,-366.6128551412532,0.4150943396226415,1.0,0.3939393939393939,3437.0,3450.066705568752
17,all,R10,High,R10_OUT,0.010918575172160314,0.008653635691140612,301949.40985619253,2612.9601900503926,0.4150943396226415,1.0,0.3939393939393939,3437.0,3450.066705568752
17,all,R11,Medium,R11_OUT,0.02908019388087818,0.02304782443724896,516174.18627874146,11896.692024392274,0.4150943396226415,1.0,0.3939393939393939,3437.0,3450.066705568752
17,all,R12,Medium,R12_OUT,0.08199158073128239,0.06498332046093133,-170935.79908170097,-11107.975809971545,0.4150943396226415,1.0,0.3939393939393939,3437.0,3450.066705568752
17,all,R13,High,R13_OUT,0.018294794539393946,0.01449973870142434,-121857.68630972668,-1766.9046102511709,0.4150943396226415,1.0,0.3939393939393939,3437.0,3450.066705568752
17,all,R14,High,R14_OUT,0.2183738286974317,0.1730745567283781,32249.9051489149,5581.638038180685,0.4150943396226415,1.0,0.3939393939393939,3437.0,3450.066705568752
17,all,R15,High,R15_OUT,0.02908019388087818,0.02304782443724896,-403290.9417417909,-9294.978822397596,0.4150943396226415,1.0,0.3939393939393939,3437.0,3450.066705568752
17,all,R16,High,R16_OUT,0.014086609520238885,0.011164495823806426,-90529.25331951387,-1010.7134706180266,0.4150943396226415,1.0,0.3939393939393939,3437.0,3450.066705568752
17,all,R17,High,R17_OUT,0.36041836548950756,0.2856535016853727,61058.24035248674,17441.50016343496,0.4150943396226415,1.0,0.3939393939393939,3437.0,3450.066705568752
17,all,R18,Very_High,R18_OUT,0.0487257873694837,0.038618153560421496,-348181.1231318739,-13446.112079946732,0.4150943396226415,1.0,0.3939393939393939,3437.0,3450.066705568752
17,all,R19,Very_High,R19_OUT,0.08042020761210911,0.06373791157801695,-111024.40231180693,-7076.46353755213,0.4150943396226415,1.0,0.3939393939393939,3437.0,3450.066705568752
17,all,R20,Very_High,R20_OUT,0.13474937451823582,0.10679708462905271,21625.849721561746,2309.577702888806,0.4150943396226415,1.0,0.3939393939393939,3437.0,3450.066705568752
18,all,R1,Very_Low,R1_OUT,0.009929502548911605,0.003961482405487439,-101773.81053862721,-403.1751597881838,0.4371069182389937,0.8,0.3939393939393939,4494.0,10716.867035142146
18,all,R2,Low,R2_OUT,0.00602254773160963,0.0024027605368402865,374072.64817269664,898.8069969406962,0.4371069182389937,0.8,0.3939393939393939,4494.0,10716.867035142146
18,all,R3,Low,R3_OUT,0.02644592858592666,0.010550889158229715,-24007.9132310837,-253.30483142156075,0.4371069182389937,0.8,0.3939393939393939,4494.0,10716.867035142146
18,all,R4,Low,R4_OUT,0.06768892829981672,0.027005229837562924,223411.1617867485,6033.269772328098,0.4371069182389937,0.8,0.3939393939393939,4494.0,10716.867035142146
18,all,R5,Medium,R5_OUT,0.004082140536480005,0.0016286141055238638,28683.193471662176,46.71385347941902,0.4371069182389937,0.8,0.3939393939393939,4494.0,10716.867035142146
18,all,R6,Medium,R6_OUT,0.04105541033692898,0.016379499869068333,-113895.3304044888,-1865.548549447819,0.4371069182389937,0.8,0.3939393939393939,4494.0,10716.867035142146
18,all,R7,Medium,R7_OUT,0.016040266511935287,0.006399437761695941,48570.80249902839,310.8258276281578,0.4371069182389937,0.8,0.3939393939393939,4494.0,10716.867035142146
18,all,R8,Medium,R8_OUT,0.1802805885850827,0.07192489011536711,42273.45173433375,3040.51337078923,0.4371069182389937,0.8,0.3939393939393939,4494.0,10716.867035142146
18,all,R9,High,R9_OUT,0.01087224627554981,0.004337600208727269,-90274.90118694524,-391.5764302313272,0.4371069182389937,0.8,0.3939393939393939,4494.0,10716.867035142146
18,all,R10,High,R10_OUT,0.02782775035531443,0.011102181894193533,235913.31914189932,2619.152580376295,0.4371069182389937,0.8,0.3939393939393939,4494.0,10716.867035142146
18,all,R11,Medium,R11_OUT,0.10934570432789205,0.043624651051432276,485959.42902333534,21199.810516296275,0.4371069182389937,0.8,0.3939393939393939,4494.0,10716.867035142146
18,all,R12,Medium,R12_OUT,0.13454160839507803,0.05367682941191293,-170685.84885818322,-9161.875192188254,0.4371069182389937,0.8,0.3939393939393939,4494.0,10716.867035142146
18,all,R13,High,R13_OUT,0.08160361049866545,0.03255664275449003,23015.130058941082,749.2953672770699,0.4371069182389937,0.8,0.3939393939393939,4494.0,10716.867035142146
18,all,R14,High,R14_OUT,0.35833393968381155,0.14296119975335675,94757.34660347493,13546.62395587744,0.4371069182389937,0.8,0.3939393939393939,4494.0,10716.867035142146
18,all,R15,High,R15_OUT,0.07411556570719724,0.02956920631980633,-316707.8384454012,-9364.799418091961,0.4371069182389937,0.8,0.3939393939393939,4494.0,10716.867035142146
18,all,R16,High,R16_OUT,0.03006679756920836,0.011995473990066828,-44878.82261451412,-538.3427493772272,0.4371069182389937,0.8,0.3939393939393939,4494.0,10716.867035142146
18,all,R17,High,R17_OUT,0.49855934323666745,0.19890564069998848,83480.07443695728,16604.657691565717,0.4371069182389937,0.8,0.3939393939393939,4494.0,10716.867035142146
18,all,R18,Very_High,R18_OUT,0.21734052083384917,0.08671035079971301,-331132.04585944087,-28712.575857498774,0.4371069182389937,0.8,0.3939393939393939,4494.0,10716.867035142146
18,all,R19,Very_High,R19_OUT,0.20496387355178533,0.08177255354297187,-76614.01922964536,-6264.923989598452,0.4371069182389937,0.8,0.3939393939393939,4494.0,10716.867035142146
18,all,R20,Very_High,R20_OUT,0.40739556531902216,0.1625348657835651,16140.04027739219,2623.3192802272747,0.4371069182389937,0.8,0.3939393939393939,4494.0,10716.867035142146
19,all,R1,Very_Low,R1_OUT,0.4859339094761144,0.20726979801569528,78716.850820857,16315.625770070648,0.0377358490566037,1.0,0.1212121212121212,840.0,907.3280484375691
19,all,R2,Low,R2_OUT,0.10842651104295799,0.04624814322517478,416173.66415515315,19247.25922639331,0.0377358490566037,1.0,0.1212121212121212,840.0,907.3280484375691
19,all,R3,Low,R3_OUT,0.26093240821601155,0.11129786683334984,172295.9553099399,19176.172290010487,0.0377358490566037,1.0,0.1212121212121212,840.0,907.3280484375691
19,all,R4,Low,R4_OUT,0.13261635102180655,0.05656605508247516,65967.06303972808,3731.49652153437,0.0377358490566037,1.0,0.1212121212121212,840.0,907.3280484375691
19,all,R5,Medium,R5_OUT,0.10842651104295799,0.04624814322517478,-153625.18302415087,-7104.879467494618,0.0377358490566037,1.0,0.1212121212121212,840.0,907.3280484375691
19,all,R6,Medium,R6_OUT,0.029590707641796072,0.012621592929517582,-359045.3428643239,-4531.724160872566,0.0377358490566037,1.0,0.1212121212121212,840.0,907.3280484375691
19,all,R7,Medium,R7_OUT,0.0582218900331541,0.02483391085070396,148319.99313585937,3683.365486912955,0.0377358490566037,1.0,0.1212121212121212,840.0,907.3280484375691
19,all,R8,Medium,R8_OUT,0.07121113214397076,0.030374330105636133,-44800.34005572679,-1360.7803176973985,0.0377358490566037,1.0,0.1212121212121212,840.0,907.3280484375691
19,all,R9,High,R9_OUT,0.0582218900331541,0.02483391085070396,-80043.71596859186,-1987.7985065230791,0.0377358490566037,1.0,0.1212121212121212,840.0,907.3280484375691
19,all,R10,High,R10_OUT,0.029590707641796072,0.012621592929517582,242178.2335725408,3056.6750805422384,0.0377358490566037,1.0,0.1212121212121212,840.0,907.3280484375691
19,all,R11,Medium,R11_OUT,0.01588935131963519,0.006777429140871861,216942.1570822686,1470.3100972929678,0.0377358490566037,1.0,0.1212121212121212,840.0,907.3280484375691
19,all,R12,Medium,R12_OUT,0.3588813013095175,0.1530768966385333,-146379.2314846314,-22407.27848800086,0.0377358490566037,1.0,0.1212121212121212,840.0,907.3280484375691
19,all,R13,High,R13_OUT,0.08007724223546953,0.034156072461980574,-354727.6359753065,-12116.102838639636,0.0377358490566037,1.0,0.1212121212121212,840.0,907.3280484375691
19,all,R14,High,R14_OUT,0.19270884453267698,0.08219785140162013,-41181.2105337102,-3385.007023988744,0.0377358490566037,1.0,0.1212121212121212,840.0,907.3280484375691
19,all,R15,High,R15_OUT,0.01588935131963519,0.006777429140871861,-474892.8500106887,-3218.5526404541315,0.0377358490566037,1.0,0.1212121212121212,840.0,907.3280484375691
19,all,R16,High,R16_OUT,0.0911514697870273,0.038879663187035854,-157757.28243652382,-6133.550006434133,0.0377358490566037,1.0,0.1212121212121212,840.0,907.3280484375691
19,all,R17,High,R17_OUT,0.11148726632585955,0.04755367493821458,106158.72790620782,5048.237638706175,0.0377358490566037,1.0,0.1212121212121212,840.0,907.3280484375691
19,all,R18,Very_High,R18_OUT,0.04299915534259507,0.01834081974710033,-480063.33304671774,-8804.755058602044,0.0377358490566037,1.0,0.1212121212121212,840.0,907.3280484375691
19,all,R19,Very_High,R19_OUT,0.02487617158979968,0.01061065910461019,-62468.57742167636,-662.8327797713569,0.0377358490566037,1.0,0.1212121212121212,840.0,907.3280484375691
19,all,R20,Very_High,R20_OUT,0.06731894493370705,0.028714160191212233,31045.561476173938,891.4472254529858,0.0377358490566037,1.0,0.1212121212121212,840.0,907.3280484375691
20,all,R1,Very_Low,R1_OUT,0.002840788940638382,0.001121373748240645,-123560.23163321434,-138.55720008001987,0.3034591194968553,0.6,0.5151515151515151,5180.0,5608.463229211757
20,all,R2,Low,R2_OUT,0.0046836691520001856,0.0018488327511290822,409930.05871101446,757.8921182171911,0.3034591194968553,0.6,0.5151515151515151,5180.0,5608.463229211757
20,all,R3,Low,R3_OUT,0.009374182430260359,0.0037003671543970485,-22341.672821557324,-82.67239228317595,0.3034591194968553,0.6,0.5151515151515151,5180.0,5608.463229211757
20,all,R4,Low,R4_OUT,0.0065968752853420186,0.0026040522263289555,232629.2719699619,605.7787735826633,0.3034591194968553,0.6,0.5151515151515151,5180.0,5608.463229211757
20,all,R5,Medium,R5_OUT,0.003750389072894198,0.001480429535566639,102490.7446534652,151.73032550720845,0.3034591194968553,0.6,0.5151515151515151,5180.0,5608.463229211757
20,all,R6,Medium,R6_OUT,0.010876408603099366,0.004293356295562574,-58368.12752437085,-250.59516776695676,0.3034591194968553,0.6,0.5151515151515151,5180.0,5608.463229211757
20,all,R7,Medium,R7_OUT,0.015455413968193676,0.00610087403685452,123960.14846960615,756.2652514028517,0.3034591194968553,0.6,0.5151515151515151,5180.0,5608.463229211757
20,all,R8,Medium,R8_OUT,0.02176871062465316,0.00859298636316419,-47699.896859366025,-409.88456323687063,0.3034591194968553,0.6,0.5151515151515151,5180.0,5608.463229211757
20,all,R9,High,R9_OUT,0.012375728041895566,0.004885198031793473,-87492.13139692448,-427.41638809767136,0.3034591194968553,0.6,0.5151515151515151,5180.0,5608.463229211757
20,all,R10,High,R10_OUT,0.008709147177907816,0.0034378509699053037,264067.26262820803,907.8238949466236,0.3034591194968553,0.6,0.5151515151515151,5180.0,5608.463229211757
20,all,R11,Medium,R11_OUT,0.03589053624258154,0.014167439395784938,449780.5288159933,6372.238383404686,0.3034591194968553,0.6,0.5151515151515151,5180.0,5608.463229211757
20,all,R12,Medium,R12_OUT,0.00651349562246255,0.0025711389170180636,-189371.50416601868,-486.900444135499,0.3034591194968553,0.6,0.5151515151515151,5180.0,5608.463229211757
20,all,R13,High,R13_OUT,0.01073893877936618,0.004239091422412574,134967.08486880414,572.1378117753776,0.3034591194968553,0.6,0.5151515151515151,5180.0,5608.463229211757
20,all,R14,High,R14_OUT,0.021493570096039968,0.008484377320989254,45587.60548823775,386.7824461226096,0.3034591194968553,0.6,0.5151515151515151,5180.0,5608.463229211757
20,all,R15,High,R15_OUT,0.02873889478017632,0.011344398627762105,-257903.5289833239,-2925.760440293424,0.3034591194968553,0.6,0.5151515151515151,5180.0,5608.463229211757
20,all,R16,High,R16_OUT,0.31164340060603085,0.12301819514036585,484.1422412758984,59.55830471297256,0.3034591194968553,0.6,0.5151515151515151,5180.0,5608.463229211757
20,all,R17,High,R17_OUT,0.5481758311841862,0.2163870668870614,107822.83783919338,23331.467623462315,0.3034591194968553,0.6,0.5151515151515151,5180.0,5608.463229211757
20,all,R18,Very_High,R18_OUT,0.0354369062006253,0.013988373357760755,-321236.2404050812,-4493.572466829667,0.3034591194968553,0.6,0.5151515151515151,5180.0,5608.463229211757
20,all,R19,Very_High,R19_OUT,0.7236977791232426,0.2856726452147102,-86710.67329309015,-24770.86740798559,0.3034591194968553,0.6,0.5151515151515151,5180.0,5608.463229211757
20,all,R20,Very_High,R20_OUT,0.7145507702379917,0.28206195260319245,20183.561498615614,5693.014766786137,0.3034591194968553,0.6,0.5151515151515151,5180.0,5608.463229211757
21,all,R1,Very_Low,R1_OUT,0.0012479079937692448,0.00043637374634720603,-24818.047830254334,-10.829944508712233,0.6053459119496856,0.6,0.1212121212121212,5775.0,5767.937796803235
21,all,R2,Low,R2_OUT,0.0020574524532040775,0.0007194586775777412,163507.82406542648,117.6371228757257,0.6053459119496856,0.6,0.1212121212121212,5775.0,5767.937796803235
21,all,R3,Low,R3_OUT,0.0006700903799804201,0.00023432003878753044,-265181.0818075023,-62.137241374853225,0.6053459119496856,0.6,0.1212121212121212,5775.0,5767.937796803235
21,all,R4,Low,R4_OUT,0.03299992467810268,0.011539553262627865,268323.6023596726,3096.334501049622,0.6053459119496856,0.6,0.1212121212121212,5775.0,5767.937796803235
21,all,R5,Medium,R5_OUT,0.0016474791340034488,0.0005760974729895617,-44689.960150092054,-25.745773110472246,0.6053459119496856,0.6,0.1212121212121212,5775.0,5767.937796803235
21,all,R6,Medium,R6_OUT,0.05440767774828997,0.019025506918471626,-76758.22514823114,-1460.3641436072744,0.6053459119496856,0.6,0.1212121212121212,5775.0,5767.937796803235
21,all,R7,Medium,R7_OUT,0.0011047922627652502,0.0003863284321002806,232.15072064381093,0.08968642391727372,0.6053459119496856,0.6,0.1212121212121212,5775.0,5767.937796803235
21,all,R8,Medium,R8_OUT,0.017720001937069126,0.006196405239141737,272943.053366774,1691.2657658692212,0.6053459119496856,0.6,0.1212121212121212,5775.0,5767.937796803235
21,all,R9,High,R9_OUT,0.0008846484872492304,0.00030934762539290117,-90358.62312143738,-27.95222549638875,0.6053459119496856,0.6,0.1212121212121212,5775.0,5767.937796803235
21,all,R10,High,R10_OUT,0.04356626257890033,0.015234434999072738,612.6292971798612,9.33306120641421,0.6053459119496856,0.6,0.1212121212121212,5775.0,5767.937796803235
21,all,R11,Medium,R11_OUT,0.029215344110493348,0.010216145119650698,381500.00038704457,3897.4593671008447,0.6053459119496856,0.6,0.1212121212121212,5775.0,5767.937796803235
21,all,R12,Medium,R12_OUT,0.49896247637271995,0.17447930952328292,-132891.39925036253,-23186.79958278617,0.6053459119496856,0.6,0.1212121212121212,5775.0,5767.937796803235
21,all,R13,High,R13_OUT,0.8226500480769137,0.28766774890810803,155896.76231918187,44846.47067842141,0.6053459119496856,0.6,0.1212121212121212,5775.0,5767.937796803235
21,all,R14,High,R14_OUT,0.26792837056735225,0.09369032605042958,317494.80811335624,29746.19209145892,0.6053459119496856,0.6,0.1212121212121212,5775.0,5767.937796803235
21,all,R15,High,R15_OUT,0.023393818768357312,0.008180449510930325,-205223.78715880288,-1678.8228292944982,0.6053459119496856,0.6,0.1212121212121212,5775.0,5767.937796803235
21,all,R16,High,R16_OUT,0.0013849947126711169,0.00048431081013743766,-17612.947264266768,-8.530140758465004,0.6053459119496856,0.6,0.1212121212121212,5775.0,5767.937796803235
21,all,R17,High,R17_OUT,0.027742215518476873,0.009701015281746732,115437.36388341474,1119.8596311175647,0.6053459119496856,0.6,0.1212121212121212,5775.0,5767.937796803235
21,all,R18,Very_High,R18_OUT,0.4417392035784199,0.1544692334181736,-339479.2469808694,-52439.09904251371,0.6053459119496856,0.6,0.1212121212121212,5775.0,5767.937796803235
21,all,R19,Very_High,R19_OUT,0.03662507286267832,0.012807210415451235,43473.329516135986,556.7720785734004,0.6053459119496856,0.6,0.1212121212121212,5775.0,5767.937796803235
21,all,R20,Very_High,R20_OUT,0.5537751140692594,0.19364642454958023,-2133.761389110703,-413.19526384323325,0.6053459119496856,0.6,0.1212121212121212,5775.0,5767.937796803235
22,all,R1,Very_Low,R1_OUT,1.7762801661471943e-05,7.479703784342025e-05,-190943.92133832525,-14.282039710313773,0.5267295597484277,1.0,0.5757575757575758,10577.0,10546.9119514302
22,all,R2,Low,R2_OUT,3.963416779409029e-06,1.6689475032630523e-05,477691.1416091507,7.9724143811946915,0.5267295597484277,1.0,0.5757575757575758,10577.0,10546.9119514302
22,all,R3,Low,R3_OUT,5.816774352504368e-05,0.0002449374257860469,76651.47039392116,18.774813841002437,0.5267295597484277,1.0,0.5757575757575758,10577.0,10546.9119514302
22,all,R4,Low,R4_OUT,0.00024930419643762067,0.0010497902172670523,233689.72608268642,245.32518831742132,0.5267295597484277,1.0,0.5757575757575758,10577.0,10546.9119514302
22,all,R5,Medium,R5_OUT,3.963416779409029e-06,1.6689475032630523e-05,83136.34140391857,1.3875018941649462,0.5267295597484277,1.0,0.5757575757575758,10577.0,10546.9119514302
22,all,R6,Medium,R6_OUT,5.56272852768019e-05,0.0002342398593010523,-102351.51850572345,-23.97480529402971,0.5267295597484277,1.0,0.5757575757575758,10577.0,10546.9119514302
22,all,R7,Medium,R7_OUT,1.2978977928215783e-05,5.4652927041984774e-05,3784.077935700305,0.2068109353410131,0.5267295597484277,1.0,0.5757575757575758,10577.0,10546.9119514302
22,all,R8,Medium,R8_OUT,0.00081639500538672,0.0034377419326557753,-27317.996366794745,-93.91222162626842,0.5267295597484277,1.0,0.5757575757575758,10577.0,10546.9119514302
22,all,R9,High,R9_OUT,1.2978977928215783e-05,5.4652927041984774e-05,-94945.31737262457,-5.18903950334414,0.5267295597484277,1.0,0.5757575757575758,10577.0,10546.9119514302
22,all,R10,High,R10_OUT,5.56272852768019e-05,0.0002342398593010523,371060.8686199571,86.917245657665,0.5267295597484277,1.0,0.5757575757575758,10577.0,10546.9119514302
22,all,R11,Medium,R11_OUT,0.000182162348296317,0.0007670639079824556,655530.4494500017,502.83374835661385,0.5267295597484277,1.0,0.5757575757575758,10577.0,10546.9119514302
22,all,R12,Medium,R12_OUT,0.0012454249867651255,0.005244335980413852,-190778.09318264155,-1000.5044183524736,0.5267295597484277,1.0,0.5757575757575758,10577.0,10546.9119514302
22,all,R13,High,R13_OUT,0.0002778918767497585,0.0011701695271819153,-25644.717267167696,-30.00866667923552,0.5267295597484277,1.0,0.5757575757575758,10577.0,10546.9119514302
22,all,R14,High,R14_OUT,0.004078385977081927,0.017173596602699036,18754.00905541802,322.0737862011139,0.5267295597484277,1.0,0.5757575757575758,10577.0,10546.9119514302
22,all,R15,High,R15_OUT,0.000182162348296317,0.0007670639079824556,-381348.39090504963,-292.5185870304485,0.5267295597484277,1.0,0.5757575757575758,10577.0,10546.9119514302
22,all,R16,High,R16_OUT,0.0015489095966701272,0.006522273452473594,-58764.82899778627,-383.28028411141185,0.5267295597484277,1.0,0.5757575757575758,10577.0,10546.9119514302
22,all,R17,High,R17_OUT,0.09742847745877045,0.4102596906949076,40496.61761416319,16614.129816576537,0.5267295597484277,1.0,0.5757575757575758,10577.0,10546.9119514302
22,all,R18,Very_High,R18_OUT,0.0009100109162134008,0.003831947360284766,-288719.8537753336,-1106.3592815361933,0.5267295597484277,1.0,0.5757575757575758,10577.0,10546.9119514302
22,all,R19,Very_High,R19_OUT,0.02173923177839313,0.09154131048719999,-153316.21809093465,-14034.767522985518,0.5267295597484277,1.0,0.5757575757575758,10577.0,10546.9119514302
22,all,R20,Very_High,R20_OUT,0.1086005885049901,0.4573041169425707,21281.43423935227,9732.087492098379,0.5267295597484277,1.0,0.5757575757575758,10577.0,10546.9119514302
23,all,R1,Very_Low,R1_OUT,0.03141578209143915,0.004447926965346276,-11588.462479910639,-51.544634751298105,0.3474842767295597,0.4,0.2121212121212121,3983.0,3612.776013836854
23,all,R2,Low,R2_OUT,0.14079576723532522,0.019934225666254368,219643.0372996595,4378.413871552938,0.3474842767295597,0.4,0.2121212121212121,3983.0,3612.776013836854
23,all,R3,Low,R3_OUT,0.03417498878658037,0.004838582522688805,-216016.3189992552,-1045.2127857253658,0.3474842767295597,0.4,0.2121212121212121,3983.0,3612.776013836854
23,all,R4,Low,R4_OUT,0.10401837059513029,0.014727187568172602,243502.88963230193,3586.112729006942,0.3474842767295597,0.4,0.2121212121212121,3983.0,3612.776013836854
23,all,R5,Medium,R5_OUT,0.23213297626542476,0.032865981870889995,6009.637502965081,197.51263722307095,0.3474842767295597,0.4,0.2121212121212121,3983.0,3612.776013836854
23,all,R6,Medium,R6_OUT,0.4661779946105699,0.06600267556109779,-64107.9291827282,-4231.294850741442,0.3474842767295597,0.4,0.2121212121212121,3983.0,3612.776013836854
23,all,R7,Medium,R7_OUT,0.1531616737237432,0.021685022407863203,116691.48812002219,2530.457534689584,0.3474842767295597,0.4,0.2121212121212121,3983.0,3612.776013836854
23,all,R8,Medium,R8_OUT,0.1131541668560158,0.01602065702312453,139411.57745046055,2233.4650673865904,0.3474842767295597,0.4,0.2121212121212121,3983.0,3612.776013836854
23,all,R9,High,R9_OUT,0.2525209093243682,0.03575255769945296,-84590.10064056872,-3024.312453954466,0.3474842767295597,0.4,0.2121212121212121,3983.0,3612.776013836854
23,all,R10,High,R10_OUT,0.7685975756467761,0.10882001512070143,39333.00603619951,4280.218311601871,0.3474842767295597,0.4,0.2121212121212121,3983.0,3612.776013836854
23,all,R11,Medium,R11_OUT,0.5071217928618158,0.07179960348017198,276714.723385052,19868.007416172204,0.3474842767295597,0.4,0.2121212121212121,3983.0,3612.776013836854
23,all,R12,Medium,R12_OUT,0.1182875570644052,0.016747455568679816,-150889.69348444516,-2527.0184374024616,0.3474842767295597,0.4,0.2121212121212121,3983.0,3612.776013836854
23,all,R13,High,R13_OUT,0.5301280516525352,0.07505688857812472,207261.5994059695,15556.410773137772,0.3474842767295597,0.4,0.2121212121212121,3983.0,3612.776013836854
23,all,R14,High,R14_OUT,0.1286765971479543,0.01821836249683404,223444.5343138058,4070.793524065187,0.3474842767295597,0.4,0.2121212121212121,3983.0,3612.776013836854
23,all,R15,High,R15_OUT,0.8361024867268599,0.11837753348559446,-169541.3598293856,-20069.888000396313,0.3474842767295597,0.4,0.2121212121212121,3983.0,3612.776013836854
23,all,R16,High,R16_OUT,0.24281756037716323,0.03437873268020575,12604.135096365564,433.31419114315105,0.3474842767295597,0.4,0.2121212121212121,3983.0,3612.776013836854
23,all,R17,High,R17_OUT,0.10880611358481596,0.01540504849440985,150380.59192285337,2316.6203111896143,0.3474842767295597,0.4,0.2121212121212121,3983.0,3612.776013836854
23,all,R18,Very_High,R18_OUT,0.5766884990462812,0.08164903608151805,-360972.0466810061,-29473.019663876883,0.3474842767295597,0.4,0.2121212121212121,3983.0,3612.776013836854
23,all,R19,Very_High,R19_OUT,0.8039744771848254,0.11382876753194153,32937.91415275793,3749.282173081329,0.3474842767295597,0.4,0.2121212121212121,3983.0,3612.776013836854
23,all,R20,Very_High,R20_OUT,0.9142632816128498,0.12944373919692798,6446.49409551853,834.4583004348367,0.3474842767295597,0.4,0.2121212121212121,3983.0,3612.776013836854
24,all,R1,Very_Low,R1_OUT,0.012433672795631082,0.00876767629488299,-94016.30210491866,-824.3045032978531,0.389937106918239,1.0,0.3939393939393939,3164.0,3504.5555608827126
24,all,R2,Low,R2_OUT,0.0027743274021223376,0.0019563330158068326,437435.86576578056,855.7702264956423,0.389937106918239,1.0,0.3939393939393939,3164.0,3504.5555608827126
24,all,R3,Low,R3_OUT,0.03311545781818459,0.023351556638092942,88513.87839943256,2066.936844701621,0.389937106918239,1.0,0.3939393939393939,3164.0,3504.5555608827126
24,all,R4,Low,R4_OUT,0.057959179002359265,0.040870250340544916,181272.23072251797,7408.641449418326,0.389937106918239,1.0,0.3939393939393939,3164.0,3504.5555608827126
24,all,R5,Medium,R5_OUT,0.0027743274021223376,0.0019563330158068326,-6867.260454246716,-13.434648354787477,0.389937106918239,1.0,0.3939393939393939,3164.0,3504.5555608827126
24,all,R6,Medium,R6_OUT,0.01293244089286793,0.009119385503792203,-188491.75334288512,-1718.9289630194821,0.389937106918239,1.0,0.3939393939393939,3164.0,3504.5555608827126
24,all,R7,Medium,R7_OUT,0.0073890574063600984,0.005210436572372807,41421.53101453828,215.82426008182478,0.389937106918239,1.0,0.3939393939393939,3164.0,3504.5555608827126
24,all,R8,Medium,R8_OUT,0.15436667660288228,0.10885255494631703,-7100.098860651051,-772.8639013533015,0.389937106918239,1.0,0.3939393939393939,3164.0,3504.5555608827126
24,all,R9,High,R9_OUT,0.0073890574063600984,0.005210436572372807,-90263.49530878593,-470.3122171070995,0.389937106918239,1.0,0.3939393939393939,3164.0,3504.5555608827126
24,all,R10,High,R10_OUT,0.01293244089286793,0.009119385503792203,307210.35509807954,2801.569658896282,0.389937106918239,1.0,0.3939393939393939,3164.0,3504.5555608827126
24,all,R11,Medium,R11_OUT,0.03444386127198199,0.024288288017737473,505363.98290021473,12274.425970471371,0.389937106918239,1.0,0.3939393939393939,3164.0,3504.5555608827126
24,all,R12,Medium,R12_OUT,0.08206568868669804,0.057869095089460205,-171559.84385225872,-9928.012917419304,0.389937106918239,1.0,0.3939393939393939,3164.0,3504.5555608827126
24,all,R13,High,R13_OUT,0.018311330259354115,0.012912340454955967,-132470.47985001025,-1710.5039360547166,0.389937106918239,1.0,0.3939393939393939,3164.0,3504.5555608827126
24,all,R14,High,R14_OUT,0.21857120552340234,0.15412674990811243,21022.943672016612,3240.197981669239,0.389937106918239,1.0,0.3939393939393939,3164.0,3504.5555608827126
24,all,R15,High,R15_OUT,0.03444386127198199,0.024288288017737473,-407927.71561610233,-9907.865847301598,0.389937106918239,1.0,0.3939393939393939,3164.0,3504.5555608827126
24,all,R16,High,R16_OUT,0.02043416674288441,0.014409270880944118,-92876.0868936764,-1338.276694413087,0.389937106918239,1.0,0.3939393939393939,3164.0,3504.5555608827126
24,all,R17,High,R17_OUT,0.42689537186882776,0.30102774086549433,62767.07072806555,18894.62950201427,0.389937106918239,1.0,0.3939393939393939,3164.0,3504.5555608827126
24,all,R18,Very_High,R18_OUT,0.04876982809227212,0.03439032639015411,-353297.56428603525,-12150.018548643206,0.389937106918239,1.0,0.3939393939393939,3164.0,3504.5555608827126
24,all,R19,Very_High,R19_OUT,0.09525323269171501,0.06716836802843777,-112808.00066728989,-7577.129305372781,0.389937106918239,1.0,0.3939393939393939,3164.0,3504.5555608827126
24,all,R20,Very_High,R20_OUT,0.13487116751881004,0.09510518394318453,22692.886549282848,2158.211149471363,0.389937106918239,1.0,0.3939393939393939,3164.0,3504.5555608827126
25,all,R1,Very_Low,R1_OUT,0.08785950042101613,0.011339907828330886,2744.8649996008317,31.126516096684927,0.3930817610062893,0.6,0.1515151515151515,3542.0,3735.8172621645354
25,all,R2,Low,R2_OUT,0.14485582717721618,0.01869634724434803,232768.33581921752,4351.917633965104,0.3930817610062893,0.6,0.1515151515151515,3542.0,3735.8172621645354
25,all,R3,Low,R3_OUT,0.06084879483158942,0.007853672301216351,-161647.18186312777,-1269.5239947681287,0.3930817610062893,0.6,0.1515151515151515,3542.0,3735.8172621645354
25,all,R4,Low,R4_OUT,0.4200645291069114,0.05421716512383169,218412.80095471692,11841.722894520472,0.3930817610062893,0.6,0.1515151515151515,3542.0,3735.8172621645354
25,all,R5,Medium,R5_OUT,0.11599147885125008,0.014970864536470065,-48480.821952773375,-725.7998180716943,0.3930817610062893,0.6,0.1515151515151515,3542.0,3735.8172621645354
25,all,R6,Medium,R6_OUT,0.692569324205198,0.08938899337672247,-128506.48160109186,-11487.065032705908,0.3930817610062893,0.6,0.1515151515151515,3542.0,3735.8172621645354
25,all,R7,Medium,R7_OUT,0.10032270233530952,0.012948516576123826,74612.94491382952,966.1269540101354,0.3930817610062893,0.6,0.1515151515151515,3542.0,3735.8172621645354
25,all,R8,Medium,R8_OUT,0.29092380704614823,0.03754914541013373,160802.82009881735,6038.008474250068,0.3930817610062893,0.6,0.1515151515151515,3542.0,3735.8172621645354
25,all,R9,High,R9_OUT,0.08033214012157175,0.010368361534790633,-86027.07210844225,-891.9597853998329,0.3930817610062893,0.6,0.1515151515151515,3542.0,3735.8172621645354
25,all,R10,High,R10_OUT,0.5545661620039192,0.07157711040582451,60411.338654708394,4324.069056651717,0.3930817610062893,0.6,0.1515151515151515,3542.0,3735.8172621645354
25,all,R11,Medium,R11_OUT,0.4796522688300444,0.061908074734299566,305519.9069938996,18914.14923499459,0.3930817610062893,0.6,0.1515151515151515,3542.0,3735.8172621645354
25,all,R12,Medium,R12_OUT,0.6064792902501184,0.0782774682108571,-141925.35913032538,-11109.557787638521,0.3930817610062893,0.6,0.1515151515151515,3542.0,3735.8172621645354
25,all,R13,High,R13_OUT,0.9999153060744872,0.12905772685579323,74537.76644096384,9619.674701778822,0.3930817610062893,0.6,0.1515151515151515,3542.0,3735.8172621645354
25,all,R14,High,R14_OUT,0.4200289521929724,0.05421257325928715,212214.73104415444,11504.706653431142,0.3930817610062893,0.6,0.1515151515151515,3542.0,3735.8172621645354
25,all,R15,High,R15_OUT,0.3840755120461245,0.04957211098232271,-244118.7555950581,-12101.482045224733,0.3930817610062893,0.6,0.1515151515151515,3542.0,3735.8172621645354
25,all,R16,High,R16_OUT,0.09915821742288156,0.012798218070997607,-33855.963823532846,-433.29600801737934,0.3930817610062893,0.6,0.1515151515151515,3542.0,3735.8172621645354
25,all,R17,High,R17_OUT,0.3591026713457113,0.04634889994199978,127692.50551957892,5918.407161670219,0.3930817610062893,0.6,0.1515151515151515,3542.0,3735.8172621645354
25,all,R18,Very_High,R18_OUT,0.692510667790441,0.08938142267197571,-376523.0422632805,-33654.16518627245,0.3930817610062893,0.6,0.1515151515151515,3542.0,3735.8172621645354
25,all,R19,Very_High,R19_OUT,0.47408475701803615,0.061189483455282745,20056.462811484595,1227.2445993748302,0.3930817610062893,0.6,0.1515151515151515,3542.0,3735.8172621645354
25,all,R20,Very_High,R20_OUT,0.6844724251438058,0.08834393747939205,7601.121918253295,671.5130395194057,0.3930817610062893,0.6,0.1515151515151515,3542.0,3735.8172621645354
26,all,R1,Very_Low,R1_OUT,4.3368395698788123e-05,4.626805861831807e-05,-145929.96385868645,-6.751896121982742,0.6745283018867925,0.8,0.3939393939393939,4277.0,4254.074289794531
26,all,R2,Low,R2_OUT,2.6304261653864493e-05,2.806299611739125e-05,310893.74405164225,8.724609932242466,0.6745283018867925,0.8,0.3939393939393939,4277.0,4254.074289794531
26,all,R3,Low,R3_OUT,0.00011550603767779643,0.00012322890980713126,-130577.51965074422,-16.090925391880468,0.6745283018867925,0.8,0.3939393939393939,4277.0,4254.074289794531
26,all,R4,Low,R4_OUT,0.0020026383436930984,0.0021365371437955427,282646.64436453587,603.885054254,0.6745283018867925,0.8,0.3939393939393939,4277.0,4254.074289794531
26,all,R5,Medium,R5_OUT,1.7829280491350837e-05,1.902136755589755e-05,47663.19868215517,0.9066192210230452,0.6745283018867925,0.8,0.3939393939393939,4277.0,4254.074289794531
26,all,R6,Medium,R6_OUT,0.0012146615557659904,0.001295875283326856,-47127.107654540974,-61.07085398420353,0.6745283018867925,0.8,0.3939393939393939,4277.0,4254.074289794531
26,all,R7,Medium,R7_OUT,7.005795323350616e-05,7.474211196098792e-05,-32892.1350192891,-2.4584276382476373,0.6745283018867925,0.8,0.3939393939393939,4277.0,4254.074289794531
26,all,R8,Medium,R8_OUT,0.0053337647439902595,0.005690386648039085,152135.37906693236,865.7091297368368,0.6745283018867925,0.8,0.3939393939393939,4277.0,4254.074289794531
26,all,R9,High,R9_OUT,4.7485951717128375e-05,5.066091936751333e-05,-95438.04538918963,-4.834979122054813,0.6745283018867925,0.8,0.3939393939393939,4277.0,4254.074289794531
26,all,R10,High,R10_OUT,0.0008233092365331897,0.0008783566789394696,186263.14842159013,163.6054804563974,0.6745283018867925,0.8,0.3939393939393939,4277.0,4254.074289794531
26,all,R11,Medium,R11_OUT,0.0032350918489243968,0.003451393967655106,587980.7234081817,2029.3531218684836,0.6745283018867925,0.8,0.3939393939393939,4277.0,4254.074289794531
26,all,R12,Medium,R12_OUT,0.10111366332190377,0.10787424405052298,-164796.42633604436,-17777.289913228484,0.6745283018867925,0.8,0.3939393939393939,4277.0,4254.074289794531
26,all,R13,High,R13_OUT,0.061328536920595395,0.06542903640996532,123173.36909536779,8059.114851278916,0.6745283018867925,0.8,0.3939393939393939,4277.0,4254.074289794531
26,all,R14,High,R14_OUT,0.2693029893592813,0.2873089100252721,200711.79554170286,57666.28720630192,0.6745283018867925,0.8,0.3939393939393939,4277.0,4254.074289794531
26,all,R15,High,R15_OUT,0.0021927762409283172,0.002339387888746864,-272948.2850065872,-638.5319121986373,0.6745283018867925,0.8,0.3939393939393939,4277.0,4254.074289794531
26,all,R16,High,R16_OUT,0.00013132065457999382,0.00014010091095144748,-22730.580758355296,-3.1845750707010207,0.6745283018867925,0.8,0.3939393939393939,4277.0,4254.074289794531
26,all,R17,High,R17_OUT,0.014750330407800267,0.015736555179206985,67352.98776743218,1059.9040084866494,0.6745283018867925,0.8,0.3939393939393939,4277.0,4254.074289794531
26,all,R18,Very_High,R18_OUT,0.16334051979866918,0.17426166273894592,-282845.6324670435,-49289.15021215579,0.6745283018867925,0.8,0.3939393939393939,4277.0,4254.074289794531
26,all,R19,Very_High,R19_OUT,0.006064042119688582,0.006469491244416525,-59781.3097497749,-386.7546600059209,0.6745283018867925,0.8,0.3939393939393939,4277.0,4254.074289794531
26,all,R20,Very_High,R20_OUT,0.3061748593754083,0.3266460774667885,6069.880215774247,1982.7025631759213,0.6745283018867925,0.8,0.3939393939393939,4277.0,4254.074289794531
27,all,R1,Very_Low,R1_OUT,0.009921845600719353,0.008230536158673848,-104101.21942781241,-856.8088506626506,0.3160377358490566,1.0,0.4545454545454545,7252.0,7158.8563078701045
27,all,R2,Low,R2_OUT,0.0022138629978565028,0.001836480851192338,482652.94477670616,886.3828908540138,0.3160377358490566,1.0,0.4545454545454545,7252.0,7158.8563078701045
27,all,R3,Low,R3_OUT,0.03056143599169899,0.025351836151576275,138197.42509888153,3503.5584776765795,0.3160377358490566,1.0,0.4545454545454545,7252.0,7158.8563078701045
27,all,R4,Low,R4_OUT,0.025498212207750854,0.021151705640553083,168930.8439049681,3573.1754838881056,0.3160377358490566,1.0,0.4545454545454545,7252.0,7158.8563078701045
27,all,R5,Medium,R5_OUT,0.0022138629978565028,0.001836480851192338,13581.089860522712,24.94141146717238,0.3160377358490566,1.0,0.4545454545454545,7252.0,7158.8563078701045
27,all,R6,Medium,R6_OUT,0.005689420173414095,0.0047195834669890545,-193383.5399357697,-912.6897578686762,0.3160377358490566,1.0,0.4545454545454545,7252.0,7158.8563078701045
27,all,R7,Medium,R7_OUT,0.006819178107193782,0.005656759260557966,69876.92690697064,395.2769533803382,0.3160377358490566,1.0,0.4545454545454545,7252.0,7158.8563078701045
27,all,R8,Medium,R8_OUT,0.0785400228596016,0.06515184009738616,-69134.14291199806,-4504.216624272341,0.3160377358490566,1.0,0.4545454545454545,7252.0,7158.8563078701045
27,all,R9,High,R9_OUT,0.006819178107193782,0.005656759260557966,-89225.43405829568,-504.7268003865682,0.3160377358490566,1.0,0.4545454545454545,7252.0,7158.8563078701045
27,all,R10,High,R10_OUT,0.005689420173414095,0.0047195834669890545,353483.34950433567,1668.2941721765762,0.3160377358490566,1.0,0.4545454545454545,7252.0,7158.8563078701045
27,all,R11,Medium,R11_OUT,0.01752464787872424,0.014537340514894661,504071.00570214156,7327.85185357744,0.3160377358490566,1.0,0.4545454545454545,7252.0,7158.8563078701045
27,all,R12,Medium,R12_OUT,0.025979516015999616,0.021550964866761124,-180930.13962253567,-3899.219082343451,0.3160377358490566,1.0,0.4545454545454545,7252.0,7158.8563078701045
27,all,R13,High,R13_OUT,0.00579681356922869,0.004808670242073592,-147272.6616387433,-708.185665493198,0.3160377358490566,1.0,0.4545454545454545,7252.0,7158.8563078701045
27,all,R14,High,R14_OUT,0.08002254295921785,0.06638164509303814,-33061.43488211662,-2194.6724366112567,0.3160377358490566,1.0,0.4545454545454545,7252.0,7158.8563078701045
27,all,R15,High,R15_OUT,0.01752464787872424,0.014537340514894661,-421092.61661539733,-6121.566756046021,0.3160377358490566,1.0,0.4545454545454545,7252.0,7158.8563078701045
27,all,R16,High,R16_OUT,0.04895683308798347,0.040611495195570696,-92653.12707231836,-3762.7820249520582,0.3160377358490566,1.0,0.4545454545454545,7252.0,7158.8563078701045
27,all,R17,High,R17_OUT,0.5638613230834413,0.4677437237865773,63460.53064076415,29683.26491538321,0.3160377358490566,1.0,0.4545454545454545,7252.0,7158.8563078701045
27,all,R18,Very_High,R18_OUT,0.017855442825974878,0.014811747100525826,-356074.7562647342,-5274.089238674617,0.3160377358490566,1.0,0.4545454545454545,7252.0,7158.8563078701045
27,all,R19,Very_High,R19_OUT,0.12581446732111373,0.10436773199692188,-134782.83199704887,-14066.978487654143,0.3160377358490566,1.0,0.4545454545454545,7252.0,7158.8563078701045
27,all,R20,Very_High,R20_OUT,0.12818933900862892,0.10633777548307402,27290.827377647915,2902.045874431654,0.3160377358490566,1.0,0.4545454545454545,7252.0,7158.8563078701045
28,all,R1,Very_Low,R1_OUT,9.813090912768902e-05,0.0002150352613474144,-138172.45542497793,-29.711950063324096,0.6273584905660378,1.0,0.3939393939393939,3948.0,6581.493381513821
28,all,R2,Low,R2_OUT,2.1895965469172257e-05,4.7980852302008014e-05,374256.9616447261,17.95716799967388,0.6273584905660378,1.0,0.3939393939393939,3948.0,6581.493381513821
28,all,R3,Low,R3_OUT,0.00026135881451053996,0.0005727182340743886,-18055.72802022798,-10.340844666672426,0.6273584905660378,1.0,0.3939393939393939,3948.0,6581.493381513821
28,all,R4,Low,R4_OUT,0.0030986151286480296,0.006790026913302812,240507.71330030527,1633.0538461659894,0.6273584905660378,1.0,0.3939393939393939,3948.0,6581.493381513821
28,all,R5,Medium,R5_OUT,2.1895965469172257e-05,4.7980852302008014e-05,12112.744756246277,0.5811798171213747,0.6273584905660378,1.0,0.3939393939393939,3948.0,6581.493381513821
28,all,R6,Medium,R6_OUT,0.0006913944898935822,0.001515059792577405,-121723.53059293726,-184.41842701192493,0.6273584905660378,1.0,0.3939393939393939,3948.0,6581.493381513821
28,all,R7,Medium,R7_OUT,5.831703413794053e-05,0.00012779071128894422,-40041.4065037792,-5.116919818127701,0.6273584905660378,1.0,0.3939393939393939,3948.0,6581.493381513821
28,all,R8,Medium,R8_OUT,0.008252755261791034,0.018084346719404298,102761.82847194758,1858.3805356066523,0.6273584905660378,1.0,0.3939393939393939,3948.0,6581.493381513821
28,all,R9,High,R9_OUT,5.831703413794053e-05,0.00012779071128894422,-95426.63951103033,-12.194638139028234,0.6273584905660378,1.0,0.3939393939393939,3948.0,6581.493381513821
28,all,R10,High,R10_OUT,0.0006913944898935822,0.001515059792577405,257560.1843777704,390.21907951958303,0.6273584905660378,1.0,0.3939393939393939,3948.0,6581.493381513821
28,all,R11,Medium,R11_OUT,0.00184143860322923,0.004035163179680412,607385.2772850611,2450.8987067806556,0.6273584905660378,1.0,0.3939393939393939,3948.0,6581.493381513821
28,all,R12,Medium,R12_OUT,0.0671651106967571,0.14717959163419103,-165670.42133011986,-24383.304957231412,0.6273584905660378,1.0,0.3939393939393939,3948.0,6581.493381513821
28,all,R13,High,R13_OUT,0.014986561906154425,0.03284020585191754,-32312.2408135836,-1061.140639854817,0.6273584905660378,1.0,0.3939393939393939,3948.0,6581.493381513821
28,all,R14,High,R14_OUT,0.1788854690557479,0.3919935515893803,126977.39261024454,49774.319100848894,0.6273584905660378,1.0,0.3939393939393939,3948.0,6581.493381513821
28,all,R15,High,R15_OUT,0.00184143860322923,0.004035163179680412,-364168.1621772883,-1469.4779592296786,0.6273584905660378,1.0,0.3939393939393939,3948.0,6581.493381513821
28,all,R16,High,R16_OUT,0.0001612736150215105,0.0003534005163395301,-70727.84503751756,-24.995256955840976,0.6273584905660378,1.0,0.3939393939393939,3948.0,6581.493381513821
28,all,R17,High,R17_OUT,0.02282269142509302,0.050011596334650674,46639.98405854046,2332.540055790268,0.6273584905660378,1.0,0.3939393939393939,3948.0,6581.493381513821
28,all,R18,Very_High,R18_OUT,0.03991474335863601,0.08746558394329021,-305011.1508936379,-26677.978422127042,0.6273584905660378,1.0,0.3939393939393939,3948.0,6581.493381513821
28,all,R19,Very_High,R19_OUT,0.0050924307926992,0.011159095499429228,-95975.29118741943,-1070.9974399459418,0.6273584905660378,1.0,0.3939393939393939,3948.0,6581.493381513821
28,all,R20,Very_High,R20_OUT,0.1103827560722104,0.2418828584309748,12622.726487664902,3053.221164028765,0.6273584905660378,1.0,0.3939393939393939,3948.0,6581.493381513821
29,all,R1,Very_Low,R1_OUT,0.5151664090605382,0.11768658799598684,36390.22296532034,4282.641177201754,0.2012578616352201,1.0,0.1515151515151515,3927.0,4079.9824722978674
29,all,R2,Low,R2_OUT,0.11494916335676937,0.026259427226866815,385435.7779954872,10121.32276290329,0.2012578616352201,1.0,0.1515151515151515,3927.0,4079.9824722978674
29,all,R3,Low,R3_OUT,0.3567884517762754,0.08150612071639614,107153.4583384278,8733.66271051122,0.2012578616352201,1.0,0.1515151515151515,3927.0,4079.9824722978674
29,all,R4,Low,R4_OUT,0.525050293156677,0.11994450034229759,109813.0850525948,13171.475617679711,0.2012578616352201,1.0,0.1515151515151515,3927.0,4079.9824722978674
29,all,R5,Medium,R5_OUT,0.11494916335676937,0.026259427226866815,-127374.84452678035,-3344.7904603844636,0.2012578616352201,1.0,0.1515151515151515,3927.0,4079.9824722978674
29,all,R6,Medium,R6_OUT,0.11715455599802932,0.02676323557030025,-305114.09443481674,-8165.840385177838,0.2012578616352201,1.0,0.1515151515151515,3927.0,4079.9824722978674
29,all,R7,Medium,R7_OUT,0.07961026438395064,0.01818647376852672,93762.76039607899,1705.2139824079463,0.2012578616352201,1.0,0.1515151515151515,3927.0,4079.9824722978674
29,all,R8,Medium,R8_OUT,0.3636337267052607,0.08306988154419515,16946.84808354231,1407.7726628473304,0.2012578616352201,1.0,0.1515151515151515,3927.0,4079.9824722978674
29,all,R9,High,R9_OUT,0.07961026438395064,0.01818647376852672,-83884.29385848687,-1525.5595098487584,0.2012578616352201,1.0,0.1515151515151515,3927.0,4079.9824722978674
29,all,R10,High,R10_OUT,0.11715455599802932,0.02676323557030025,223391.57337938127,5978.681302772396,0.2012578616352201,1.0,0.1515151515151515,3927.0,4079.9824722978674
29,all,R11,Medium,R11_OUT,0.08113765167511515,0.018535395972467353,302439.4766558672,5605.835457522295,0.2012578616352201,1.0,0.1515151515151515,3927.0,4079.9824722978674
29,all,R12,Medium,R12_OUT,0.5235910741898612,0.11961115077151183,-146091.52260438775,-17474.17513667315,0.2012578616352201,1.0,0.1515151515151515,3927.0,4079.9824722978674
29,all,R13,High,R13_OUT,0.1168289602362721,0.02668885522718541,-277558.0283455379,-7407.7060356570855,0.2012578616352201,1.0,0.1515151515151515,3927.0,4079.9824722978674
29,all,R14,High,R14_OUT,0.36262311641154565,0.08283901385723194,21241.449458256735,1759.6207260202216,0.2012578616352201,1.0,0.1515151515151515,3927.0,4079.9824722978674
29,all,R15,High,R15_OUT,0.08113765167511515,0.018535395972467353,-444526.0086994171,-8239.465591304164,0.2012578616352201,1.0,0.1515151515151515,3927.0,4079.9824722978674
29,all,R16,High,R16_OUT,0.09826716794710498,0.02244852828974801,-138944.47248173715,-3119.09892121039,0.2012578616352201,1.0,0.1515151515151515,3927.0,4079.9824722978674
29,all,R17,High,R17_OUT,0.44885237814360684,0.10253755673615378,92888.2158071634,9524.530698447114,0.2012578616352201,1.0,0.1515151515151515,3927.0,4079.9824722978674
29,all,R18,Very_High,R18_OUT,0.08091215403843087,0.018483882428502157,-440680.28858884436,-8145.4826428346,0.2012578616352201,1.0,0.1515151515151515,3927.0,4079.9824722978674
29,all,R19,Very_High,R19_OUT,0.10015250301818654,0.022879221455766693,-59242.943691300985,-1355.4324284047916,0.2012578616352201,1.0,0.1515151515151515,3927.0,4079.9824722978674
29,all,R20,Very_High,R20_OUT,0.09987415933590885,0.022815635558702408,24841.582169453897,566.77648547982,0.2012578616352201,1.0,0.1515151515151515,3927.0,4079.9824722978674
30,all,R1,Very_Low,R1_OUT,0.09705766427969646,0.011188683509582636,10125.953221459815,113.2960858277526,0.1666666666666666,0.4,0.2424242424242424,710.0,1388.7620568959464
30,all,R2,Low,R2_OUT,0.434982273194857,0.05014420059636826,280535.48228244996,14067.227497970085,0.1666666666666666,0.4,0.2424242424242424,710.0,1388.7620568959464
30,all,R3,Low,R3_OUT,0.12858051435556492,0.01482259738373607,-126597.59871311387,-1876.5052354722704,0.1666666666666666,0.4,0.2424242424242424,710.0,1388.7620568959464
30,all,R4,Low,R4_OUT,0.07485723977750443,0.008629446942570259,201437.84750917242,1738.297217305962,0.1666666666666666,0.4,0.2424242424242424,710.0,1388.7620568959464
30,all,R5,Medium,R5_OUT,0.7171645261938546,0.08267381012548637,4732.683675183493,391.2689915461091,0.1666666666666666,0.4,0.2424242424242424,710.0,1388.7620568959464
30,all,R6,Medium,R6_OUT,0.3354868733465175,0.03867449804557936,-107012.71242367532,-4138.6629374815775,0.1666666666666666,0.4,0.2424242424242424,710.0,1388.7620568959464
30,all,R7,Medium,R7_OUT,0.5762578858457821,0.06643027268871156,180282.48926442413,11976.21492283541,0.1666666666666666,0.4,0.2424242424242424,710.0,1388.7620568959464
30,all,R8,Medium,R8_OUT,0.09916973033775003,0.011432159785776485,41822.592835828254,478.1225639546595,0.1666666666666666,0.4,0.2424242424242424,710.0,1388.7620568959464
30,all,R9,High,R9_OUT,0.9500886338026269,0.1095250036002885,-80942.40978681127,-8865.217723316531,0.1666666666666666,0.4,0.2424242424242424,710.0,1388.7620568959464
30,all,R10,High,R10_OUT,0.5531243441270831,0.06376346756139721,92555.53384136921,5901.661779721947,0.1666666666666666,0.4,0.2424242424242424,710.0,1388.7620568959464
30,all,R11,Medium,R11_OUT,0.44444789656306766,0.05123538556227284,214247.38421506554,10977.04733596729,0.1666666666666666,0.4,0.2424242424242424,710.0,1388.7620568959464
30,all,R12,Medium,R12_OUT,0.08335816393909568,0.009609422616710868,-159143.59740121083,-1529.2780841719243,0.1666666666666666,0.4,0.2424242424242424,710.0,1388.7620568959464
30,all,R13,High,R13_OUT,0.3735853722492938,0.04306644431357252,139168.595453106,5993.496566279292,0.1666666666666666,0.4,0.2424242424242424,710.0,1388.7620568959464
30,all,R14,High,R14_OUT,0.11043162510213608,0.012730416622803012,132198.15909072687,1682.9376419925463,0.1666666666666666,0.4,0.2424242424242424,710.0,1388.7620568959464
30,all,R15,High,R15_OUT,0.7327707007814598,0.08447286998904145,-202640.36092275157,-17117.61286276003,0.1666666666666666,0.4,0.2424242424242424,710.0,1388.7620568959464
30,all,R16,High,R16_OUT,0.9026684120809421,0.10405846103782589,-705.3394951973678,-73.39654237943508,0.1666666666666666,0.4,0.2424242424242424,710.0,1388.7620568959464
30,all,R17,High,R17_OUT,0.09422003361116785,0.010861565072281712,160499.69558954402,1743.2778877272385,0.1666666666666666,0.4,0.2424242424242424,710.0,1388.7620568959464
30,all,R18,Very_High,R18_OUT,0.4949202072399141,0.05705376903926629,-391620.2905207155,-22343.413606459268,0.1666666666666666,0.4,0.2424242424242424,710.0,1388.7620568959464
30,all,R19,Very_High,R19_OUT,0.6961971139960507,0.08025671364127532,11750.54539246024,943.0601566914886,0.1666666666666666,0.4,0.2424242424242424,710.0,1388.7620568959464
30,all,R20,Very_High,R20_OUT,0.7752585232223317,0.08937081186545341,14847.581368231142,1326.9404011171966,0.1666666666666666,0.4,0.2424242424242424,710.0,1388.7620568959464
31,all,R1,Very_Low,R1_OUT,0.1596817592744133,0.03896983219337566,-21869.81934159476,-852.2631898413891,0.3223270440251572,1.0,0.2424242424242424,2429.0,4037.9020090706363
31,all,R2,Low,R2_OUT,0.035629816519682854,0.008695344898265345,391546.9040757463,3404.635374786631,0.3223270440251572,1.0,0.2424242424242424,2429.0,4037.9020090706363
31,all,R3,Low,R3_OUT,0.2115439609337544,0.051626639740005545,77579.3284081315,4005.160038998183,0.3223270440251572,1.0,0.2424242424242424,2429.0,4037.9020090706363
31,all,R4,Low,R4_OUT,0.43169951054599404,0.10535491066972154,149163.4795297378,15715.105061040362,0.3223270440251572,1.0,0.2424242424242424,2429.0,4037.9020090706363
31,all,R5,Medium,R5_OUT,0.035629816519682854,0.008695344898265345,-78162.24773974065,-679.6477021207058,0.3223270440251572,1.0,0.2424242424242424,2429.0,4037.9020090706363
31,all,R6,Medium,R6_OUT,0.0963251809241264,0.02350785809015848,-247231.1593862806,-5811.875010318037,0.3223270440251572,1.0,0.2424242424242424,2429.0,4037.9020090706363
31,all,R7,Medium,R7_OUT,0.0472018378815818,0.011519460393112727,56871.13049994719,655.1247353056868,0.3223270440251572,1.0,0.2424242424242424,2429.0,4037.9020090706363
31,all,R8,Medium,R8_OUT,0.5719089319220441,0.13957257991248823,31211.240824788707,4356.233404185737,0.3223270440251572,1.0,0.2424242424242424,2429.0,4037.9020090706363
31,all,R9,High,R9_OUT,0.0472018378815818,0.011519460393112727,-87370.67065712929,-1006.4629801544971,0.3223270440251572,1.0,0.2424242424242424,2429.0,4037.9020090706363
31,all,R10,High,R10_OUT,0.0963251809241264,0.02350785809015848,244301.726040119,5743.010306931893,0.3223270440251572,1.0,0.2424242424242424,2429.0,4037.9020090706363
31,all,R11,Medium,R11_OUT,0.1276101315700831,0.03114285210820301,400156.573254551,12462.016980991786,0.3223270440251572,1.0,0.2424242424242424,2429.0,4037.9020090706363
31,all,R12,Medium,R12_OUT,0.4480132087723513,0.10933621752169571,-154394.05353122385,-16880.861820946222,0.3223270440251572,1.0,0.2424242424242424,2429.0,4037.9020090706363
31,all,R13,High,R13_OUT,0.09996525902198666,0.024396207725639524,-201924.6105791478,-4926.1947446077575,0.3223270440251572,1.0,0.2424242424242424,2429.0,4037.9020090706363
31,all,R14,High,R14_OUT,0.5935210706908243,0.14484695454980642,43613.43274221335,6317.272910172416,0.3223270440251572,1.0,0.2424242424242424,2429.0,4037.9020090706363
31,all,R15,High,R15_OUT,0.1276101315700831,0.03114285210820301,-421528.10104455124,-13127.587310282115,0.3223270440251572,1.0,0.2424242424242424,2429.0,4037.9020090706363
31,all,R16,High,R16_OUT,0.04484592966588513,0.010944508387035944,-116975.16073788932,-1280.2356277707074,0.3223270440251572,1.0,0.2424242424242424,2429.0,4037.9020090706363
31,all,R17,High,R17_OUT,0.5433641757893344,0.1326063217653639,78175.12565134407,10366.515866169886,0.3223270440251572,1.0,0.2424242424242424,2429.0,4037.9020090706363
31,all,R18,Very_High,R18_OUT,0.13243245155471114,0.03231972416571064,-397678.8846669683,-12852.87185896387,0.3223270440251572,1.0,0.2424242424242424,2429.0,4037.9020090706363
31,all,R19,Very_High,R19_OUT,0.12124093556279372,0.029588469812199855,-75762.6433463309,-2241.700685545376,0.3223270440251572,1.0,0.2424242424242424,2429.0,4037.9020090706363
31,all,R20,Very_High,R20_OUT,0.12582256696874808,0.030706602577477767,21901.747656447544,672.5282610387397,0.3223270440251572,1.0,0.2424242424242424,2429.0,4037.9020090706363
32,all,R1,Very_Low,R1_OUT,0.033229700005095765,0.005733475626501227,23570.01616949,135.13811322401074,0.35062893081761,0.4,0.1212121212121212,6405.0,6109.414984059287
32,all,R2,Low,R2_OUT,0.14892518332345048,0.025695655050340247,180478.04747394813,4637.501652049502,0.35062893081761,0.4,0.1212121212121212,6405.0,6109.414984059287
32,all,R3,Low,R3_OUT,0.017843384619882035,0.0030787100333945876,-242197.14871897994,-745.6547918206846,0.35062893081761,0.4,0.1212121212121212,6405.0,6109.414984059287
32,all,R4,Low,R4_OUT,0.11284779601544725,0.019470837469484536,235143.24431837216,4578.435892170317,0.35062893081761,0.4,0.1212121212121212,6405.0,6109.414984059287
32,all,R5,Medium,R5_OUT,0.2455361174882887,0.04236497304606912,-33273.02278322066,-1409.610713372387,0.35062893081761,0.4,0.1212121212121212,6405.0,6109.414984059287
32,all,R6,Medium,R6_OUT,0.5057487340141695,0.08726223947731773,-87059.14504420556,-7596.975963538005,0.35062893081761,0.4,0.1212121212121212,6405.0,6109.414984059287
32,all,R7,Medium,R7_OUT,0.07996850182876367,0.013797821107404665,110963.4354734581,1531.0536321258157,0.35062893081761,0.4,0.1212121212121212,6405.0,6109.414984059287
32,all,R8,Medium,R8_OUT,0.06059599176341748,0.010455274702628841,182624.61688984523,1909.3905370456825,0.35062893081761,0.4,0.1212121212121212,6405.0,6109.414984059287
32,all,R9,High,R9_OUT,0.1318457699511047,0.022748761149093258,-83804.9714709151,-1906.4592790984223,0.35062893081761,0.4,0.1212121212121212,6405.0,6109.414984059287
32,all,R10,High,R10_OUT,0.8338386953988225,0.14387111035518213,-7553.0637563555865,-1086.667669210361,0.35062893081761,0.4,0.1212121212121212,6405.0,6109.414984059287
32,all,R11,Medium,R11_OUT,0.27157239399240357,0.04685729036215375,232373.00596784407,10888.369412961756,0.35062893081761,0.4,0.1212121212121212,6405.0,6109.414984059287
32,all,R12,Medium,R12_OUT,0.13006515637208235,0.022441532839659946,-139505.94150298013,-3130.727167566808,0.35062893081761,0.4,0.1212121212121212,6405.0,6109.414984059287
32,all,R13,High,R13_OUT,0.582911589744573,0.10057597244913678,184028.84974472973,18508.88052177227,0.35062893081761,0.4,0.1212121212121212,6405.0,6109.414984059287
32,all,R14,High,R14_OUT,0.06984121464943324,0.012050451910681097,256505.67332203465,3091.0092811840536,0.35062893081761,0.4,0.1212121212121212,6405.0,6109.414984059287
32,all,R15,High,R15_OUT,0.4477471825102313,0.07725461130745497,-169645.19647983887,-13105.873714226778,0.35062893081761,0.4,0.1212121212121212,6405.0,6109.414984059287
32,all,R16,High,R16_OUT,0.20641610413887168,0.03561517864488915,2222.31412494518,79.1481145649831,0.35062893081761,0.4,0.1212121212121212,6405.0,6109.414984059287
32,all,R17,High,R17_OUT,0.09486833404571422,0.01636864855519214,156656.3320992523,2564.252444078126,0.35062893081761,0.4,0.1212121212121212,6405.0,6109.414984059287
32,all,R18,Very_High,R18_OUT,0.3130066083534998,0.05400637862073394,-378711.0224042107,-20452.810863807055,0.35062893081761,0.4,0.1212121212121212,6405.0,6109.414984059287
32,all,R19,Very_High,R19_OUT,0.700987442275875,0.12094886243799485,58264.13068798496,7046.980327650447,0.35062893081761,0.4,0.1212121212121212,6405.0,6109.414984059287
32,all,R20,Very_High,R20_OUT,0.8079381655092077,0.1394022148546871,4117.834271651924,574.0352178728155,0.35062893081761,0.4,0.1212121212121212,6405.0,6109.414984059287
33,all,R1,Very_Low,R1_OUT,0.412408961929181,0.05707015994869315,77088.27440984876,4399.4401507388175,0.1855345911949685,0.6,0.0606060606060606,651.0,777.6044191715628
33,all,R2,Low,R2_OUT,0.6799474277600002,0.09409278662966894,249669.39335921008,23492.088957307038,0.1855345911949685,0.6,0.0606060606060606,651.0,777.6044191715628
33,all,R3,Low,R3_OUT,0.1256974373004705,0.017394318538379697,-93256.3078726902,-1622.1299248507796,0.1855345911949685,0.6,0.0606060606060606,651.0,777.6044191715628
33,all,R4,Low,R4_OUT,0.37030451740088116,0.05124364402493498,157486.56845255205,8070.185652491133,0.1855345911949685,0.6,0.0606060606060606,651.0,777.6044191715628
33,all,R5,Medium,R5_OUT,0.5444593374245066,0.07534361359904648,-104606.66567078733,-7881.444198184441,0.1855345911949685,0.6,0.0606060606060606,651.0,777.6044191715628
33,all,R6,Medium,R6_OUT,0.6105289344751786,0.08448648589209584,-210708.9679823905,-17802.06025078231,0.1855345911949685,0.6,0.0606060606060606,651.0,777.6044191715628
33,all,R7,Medium,R7_OUT,0.20724003854978146,0.02867838296356018,141176.50569411667,4048.713895753112,0.1855345911949685,0.6,0.0606060606060606,651.0,777.6044191715628
33,all,R8,Medium,R8_OUT,0.11286449411851336,0.015618464501210278,106522.49356092904,1663.7177842617707,0.1855345911949685,0.6,0.0606060606060606,651.0,777.6044191715628
33,all,R9,High,R9_OUT,0.1659448502487312,0.02296385389409481,-80660.07987189626,-1852.2662892642434,0.1855345911949685,0.6,0.0606060606060606,651.0,777.6044191715628
33,all,R10,High,R10_OUT,0.48887335339722066,0.06765148929480437,57585.68526295746,3895.75737010094,0.1855345911949685,0.6,0.0606060606060606,651.0,777.6044191715628
33,all,R11,Medium,R11_OUT,0.18608209216000252,0.02575049463882026,170642.73628153003,4394.134865771159,0.1855345911949685,0.6,0.0606060606060606,651.0,777.6044191715628
33,all,R12,Medium,R12_OUT,0.38567414024896074,0.05337052999314441,-135767.9821022816,-7246.009160898512,0.1855345911949685,0.6,0.0606060606060606,651.0,777.6044191715628
33,all,R13,High,R13_OUT,0.6358691585874461,0.08799312802823636,-37577.12912015121,-3306.529133603034,0.1855345911949685,0.6,0.0606060606060606,651.0,777.6044191715628
33,all,R14,High,R14_OUT,0.11754897574384261,0.016266714515913314,151250.06768335984,2460.341671517781,0.1855345911949685,0.6,0.0606060606060606,651.0,777.6044191715628
33,all,R15,High,R15_OUT,0.14900289120552657,0.020619384200912125,-283055.57344286947,-5836.431619028024,0.1855345911949685,0.6,0.0606060606060606,651.0,777.6044191715628
33,all,R16,High,R16_OUT,0.5237650787727786,0.07247989151660407,-63892.51597856436,-4630.9226268492375,0.1855345911949685,0.6,0.0606060606060606,651.0,777.6044191715628
33,all,R17,High,R17_OUT,0.3562296784987754,0.049295933423211445,148279.70009145042,7309.5862237219,0.1855345911949685,0.6,0.0606060606060606,651.0,777.6044191715628
33,all,R18,Very_High,R18_OUT,0.1938054966578868,0.026819278226792826,-437112.212652586,-11723.034047458736,0.1855345911949685,0.6,0.0606060606060606,651.0,777.6044191715628
33,all,R19,Very_High,R19_OUT,0.47029185258028866,0.0650801358044523,30445.04311954182,1981.3675407921876,0.1855345911949685,0.6,0.0606060606060606,651.0,777.6044191715628
33,all,R20,Very_High,R20_OUT,0.48981148591724477,0.06778131036542417,14208.895526550956,963.0975576350374,0.1855345911949685,0.6,0.0606060606060606,651.0,777.6044191715628
34,all,R1,Very_Low,R1_OUT,1.177524366933142e-05,1.1702089862663293e-05,-162389.75117386883,-1.900299461012145,0.5817610062893082,0.4,0.4848484848484848,9135.0,-252.52664310809178
34,all,R2,Low,R2_OUT,5.2772980853410126e-05,5.244512823761195e-05,272285.4893015391,14.280047403660134,0.5817610062893082,0.4,0.4848484848484848,9135.0,-252.52664310809178
34,all,R3,Low,R3_OUT,3.790202101176311e-05,3.766655436705602e-05,-246866.47219138802,-9.29860939620024,0.5817610062893082,0.4,0.4848484848484848,9135.0,-252.52664310809178
34,all,R4,Low,R4_OUT,0.00025749369949962567,0.00025589401758726606,329386.4600082438,84.28802459035684,0.5817610062893082,0.4,0.4848484848484848,9135.0,-252.52664310809178
34,all,R5,Medium,R5_OUT,8.700793605126784e-05,8.646739846994672e-05,143340.40516699522,12.394271930418185,0.5817610062893082,0.4,0.4848484848484848,9135.0,-252.52664310809178
34,all,R6,Medium,R6_OUT,0.0011540066987283867,0.0011468374217857471,73282.6357940344,84.04326909569433,0.5817610062893082,0.4,0.4848484848484848,9135.0,-252.52664310809178
34,all,R7,Medium,R7_OUT,0.00016986507331214244,0.0001688097850241295,50254.74993164025,8.483493532401578,0.5817610062893082,0.4,0.4848484848484848,9135.0,-252.52664310809178
34,all,R8,Medium,R8_OUT,0.0008288178047856532,0.0008236687667566309,122544.63619557003,100.93618936784516,0.5817610062893082,0.4,0.4848484848484848,9135.0,-252.52664310809178
34,all,R9,High,R9_OUT,0.0002800601595187658,0.0002783202832715982,-92245.40438362153,-25.67376707855267,0.5817610062893082,0.4,0.4848484848484848,9135.0,-252.52664310809178
34,all,R10,High,R10_OUT,0.001902635390723925,0.0018908152513330552,129025.80838308389,243.9639663063114,0.5817610062893082,0.4,0.4848484848484848,9135.0,-252.52664310809178
34,all,R11,Medium,R11_OUT,0.003714503697009451,0.003691427309552027,514463.7208661539,1899.1054289790713,0.5817610062893082,0.4,0.4848484848484848,9135.0,-252.52664310809178
34,all,R12,Medium,R12_OUT,0.0027119837084630103,0.0026951354854056206,-178995.515714062,-482.4171661294479,0.5817610062893082,0.4,0.4848484848484848,9135.0,-252.52664310809178
34,all,R13,High,R13_OUT,0.012154267745153569,0.012078759248022647,379771.28581118624,4587.165930625318,0.5817610062893082,0.4,0.4848484848484848,9135.0,-252.52664310809178
34,all,R14,High,R14_OUT,0.008729302457616191,0.008675071587982874,233022.30659657167,2021.485191322153,0.5817610062893082,0.4,0.4848484848484848,9135.0,-252.52664310809178
34,all,R15,High,R15_OUT,0.006124181255353744,0.006086134724501771,-124311.102970634,-756.5741204306909,0.5817610062893082,0.4,0.4848484848484848,9135.0,-252.52664310809178
34,all,R16,High,R16_OUT,0.00362659450300172,0.0036040642521987364,66484.54826032612,239.61458370862306,0.5817610062893082,0.4,0.4848484848484848,9135.0,-252.52664310809178
34,all,R17,High,R17_OUT,0.010732644371803966,0.010665967722601572,114999.07713023681,1226.5764448000746,0.5817610062893082,0.4,0.4848484848484848,9135.0,-252.52664310809178
34,all,R18,Very_High,R18_OUT,0.0391220194159737,0.03887897352026313,-258189.59583045472,-10038.146459499689,0.5817610062893082,0.4,0.4848484848484848,9135.0,-252.52664310809178
34,all,R19,Very_High,R19_OUT,0.0793041113531318,0.0788114338516866,-25762.12638418199,-2030.3501194057487,0.5817610062893082,0.4,0.4848484848484848,9135.0,-252.52664310809178
34,all,R20,Very_High,R20_OUT,0.8352493999727655,0.8300604056010893,3095.5542985701304,2569.4970566313177,0.5817610062893082,0.4,0.4848484848484848,9135.0,-252.52664310809178
35,all,R1,Very_Low,R1_OUT,0.015165322415733838,0.003025863421130493,-68231.91833802612,-206.46046585259614,0.4544025157232704,0.6,0.303030303030303,1435.0,1802.0461140741827
35,all,R2,Low,R2_OUT,0.02500338964384583,0.004988805384651304,280330.9108634519,1398.5163575997935,0.4544025157232704,0.6,0.303030303030303,1435.0,1802.0461140741827
35,all,R3,Low,R3_OUT,0.028134486327772282,0.005613537959679619,-147889.59594018006,-830.1838606518817,0.4544025157232704,0.6,0.303030303030303,1435.0,1802.0461140741827
35,all,R4,Low,R4_OUT,0.11884105305075332,0.023711780435464104,248952.40029113187,5903.104654585089,0.4544025157232704,0.6,0.303030303030303,1435.0,1802.0461140741827
35,all,R5,Medium,R5_OUT,0.02002114928753013,0.003994723067363073,22311.3837377406,89.12779928194172,0.4544025157232704,0.6,0.303030303030303,1435.0,1802.0461140741827
35,all,R6,Medium,R6_OUT,0.1959357719971794,0.039094116770120826,-71535.77020007913,-2796.6277534424235,0.4544025157232704,0.6,0.303030303030303,1435.0,1802.0461140741827
35,all,R7,Medium,R7_OUT,0.0463859260488201,0.009255159438006387,61321.30403817736,567.5384458197964,0.4544025157232704,0.6,0.303030303030303,1435.0,1802.0461140741827
35,all,R8,Medium,R8_OUT,0.22047219904573911,0.04398975136701186,119581.2306827127,5260.3486058938215,0.4544025157232704,0.6,0.303030303030303,1435.0,1802.0461140741827
35,all,R9,High,R9_OUT,0.03714294595622333,0.007410952331970221,-88783.12472825137,-657.9675052444375,0.4544025157232704,0.6,0.303030303030303,1435.0,1802.0461140741827
35,all,R10,High,R10_OUT,0.1568931012075213,0.03130412153183299,124635.20402314072,3901.595573885197,0.4544025157232704,0.6,0.303030303030303,1435.0,1802.0461140741827
35,all,R11,Medium,R11_OUT,0.3634972041647426,0.0725268387716025,408024.7657949316,29592.746403629877,0.4544025157232704,0.6,0.303030303030303,1435.0,1802.0461140741827
35,all,R12,Medium,R12_OUT,0.27432371131796096,0.05473448311026975,-159247.1606439997,-8716.311024627415,0.4544025157232704,0.6,0.303030303030303,1435.0,1802.0461140741827
35,all,R13,High,R13_OUT,0.45228333790732383,0.09024190654467867,141338.69878503046,12754.673646905208,0.4544025157232704,0.6,0.303030303030303,1435.0,1802.0461140741827
35,all,R14,High,R14_OUT,0.5089213729773154,0.10154261970229608,186817.50160473312,18969.938519182502,0.4544025157232704,0.6,0.303030303030303,1435.0,1802.0461140741827
35,all,R15,High,R15_OUT,0.2910658072303968,0.058074952519739056,-231677.5636351871,-13454.663508002315,0.4544025157232704,0.6,0.303030303030303,1435.0,1802.0461140741827
35,all,R16,High,R16_OUT,0.043174030955605416,0.008614305547225684,-10343.59837286055,-89.1029168416072,0.4544025157232704,0.6,0.303030303030303,1435.0,1802.0461140741827
35,all,R17,High,R17_OUT,0.25627136731884015,0.051132586238236716,112711.6581901951,5763.238582464811,0.4544025157232704,0.6,0.303030303030303,1435.0,1802.0461140741827
35,all,R18,Very_High,R18_OUT,0.8390694927416136,0.1674154769857895,-333420.83217088773,-55819.80765488804,0.4544025157232704,0.6,0.303030303030303,1435.0,1802.0461140741827
35,all,R19,Very_High,R19_OUT,0.3383276110164844,0.06750487160570588,-17434.794098345126,-1176.9335370807064,0.4544025157232704,0.6,0.303030303030303,1435.0,1802.0461140741827
35,all,R20,Very_High,R20_OUT,0.7809699048673411,0.1558231472672254,8659.020018018877,1349.2757514576083,0.4544025157232704,0.6,0.303030303030303,1435.0,1802.0461140741827
36,all,R1,Very_Low,R1_OUT,1.2549668255875852e-05,1.436873479711794e-05,-32074.701906539616,-0.46087288539168086,0.4685534591194968,0.0,0.2121212121212121,5922.0,5908.680783088979
36,all,R2,Low,R2_OUT,0.00041558793622498315,0.00047582714688115016,85803.74535814107,40.827751345481,0.4685534591194968,0.0,0.2121212121212121,5922.0,5908.680783088979
36,all,R3,Low,R3_OUT,1.3651889062368197e-05,1.5630721818084705e-05,-453057.8049697861,-7.081620516994801,0.4685534591194968,0.0,0.2121212121212121,5922.0,5908.680783088979
36,all,R4,Low,R4_OUT,0.00011022174843136604,0.00012619832172403652,334449.6471503153,42.206984171565985,0.4685534591194968,0.0,0.2121212121212121,5922.0,5908.680783088979
36,all,R5,Medium,R5_OUT,0.015379724692545487,0.017609006138979366,79247.36713344761,1395.4673743508306,0.4685534591194968,0.0,0.2121212121212121,5922.0,5908.680783088979
36,all,R6,Medium,R6_OUT,0.003650043014981975,0.004179114460319931,92601.86892419108,386.99380947373777,0.4685534591194968,0.0,0.2121212121212121,5922.0,5908.680783088979
36,all,R7,Medium,R7_OUT,0.0004520884763902515,0.0005176184174464683,121818.70699753618,63.05560633143969,0.4685534591194968,0.0,0.2121212121212121,5922.0,5908.680783088979
36,all,R8,Medium,R8_OUT,0.00011990237918366776,0.00013728215383119368,250527.23999575587,34.392919100001734,0.4685534591194968,0.0,0.2121212121212121,5922.0,5908.680783088979
36,all,R9,High,R9_OUT,0.01673050562225737,0.01915558191710378,-85194.19353223935,-1631.9443530684039,0.4685534591194968,0.0,0.2121212121212121,5922.0,5908.680783088979
36,all,R10,High,R10_OUT,0.13507768583537821,0.15465711166255106,-108850.820195666,-16834.553453561384,0.4685534591194968,0.0,0.2121212121212121,5922.0,5908.680783088979
36,all,R11,Medium,R11_OUT,0.003970621477589662,0.004546160569982706,249391.45672097796,1133.7736070354583,0.4685534591194968,0.0,0.2121212121212121,5922.0,5908.680783088979
36,all,R12,Medium,R12_OUT,0.0002904564402977935,0.0003325579191147028,-148478.6559275765,-49.37775284822277,0.4685534591194968,0.0,0.2121212121212121,5922.0,5908.680783088979
36,all,R13,High,R13_OUT,0.009618596294774372,0.011012805793925636,529508.9123604235,5831.378817978133,0.4685534591194968,0.0,0.2121212121212121,5922.0,5908.680783088979
36,all,R14,High,R14_OUT,0.00031596684625820874,0.0003617660424163208,382841.98674592696,138.49923041587553,0.4685534591194968,0.0,0.2121212121212121,5922.0,5908.680783088979
36,all,R15,High,R15_OUT,0.1469413807781414,0.16824044174513392,17824.966753472472,2998.880280696534,0.4685534591194968,0.0,0.2121212121212121,5922.0,5908.680783088979
36,all,R16,High,R16_OUT,0.016087620506128608,0.018419511006676048,111092.17432723776,2046.2635277761303,0.4685534591194968,0.0,0.2121212121212121,5922.0,5908.680783088979
36,all,R17,High,R17_OUT,0.0001152950196270588,0.00013200696039706566,189990.96706658433,25.080130065358805,0.4685534591194968,0.0,0.2121212121212121,5922.0,5908.680783088979
36,all,R18,Very_High,R18_OUT,0.010463384917803242,0.01198004599792393,-311204.791101521,-3728.247712170529,0.4685534591194968,0.0,0.2121212121212121,5922.0,5908.680783088979
36,all,R19,Very_High,R19_OUT,0.14129502263580268,0.16177564753204177,107220.95028074767,17345.73866066881,0.4685534591194968,0.0,0.2121212121212121,5922.0,5908.680783088979
36,all,R20,Very_High,R20_OUT,0.372340757524334,0.42631131675693573,-7792.925077716459,-3322.2121512694494,0.4685534591194968,0.0,0.2121212121212121,5922.0,5908.680783088979
37,all,R1,Very_Low,R1_OUT,0.10758330557738856,0.016470464551473187,66189.06888145089,1090.1647127069539,0.1855345911949685,0.4,0.0909090909090909,847.0,1052.4279414167358
37,all,R2,Low,R2_OUT,0.4821549247570226,0.07381550096372795,211634.33697216408,15621.894604726704,0.1855345911949685,0.4,0.0909090909090909,847.0,1052.4279414167358
37,all,R3,Low,R3_OUT,0.04394141721273191,0.006727210608184795,-176348.89276455622,-1186.3361421473655,0.1855345911949685,0.4,0.0909090909090909,847.0,1052.4279414167358
37,all,R4,Low,R4_OUT,0.09659970497699197,0.014788930382528731,190904.93434141416,2823.2797836563923,0.1855345911949685,0.4,0.0909090909090909,847.0,1052.4279414167358
37,all,R5,Medium,R5_OUT,0.7949390802197227,0.12170118654628403,-59649.05667933617,-7259.360974241761,0.1855345911949685,0.4,0.0909090909090909,847.0,1052.4279414167358
37,all,R6,Medium,R6_OUT,0.4329298419932666,0.06627938765736957,-141432.5671343083,-9374.063944471767,0.1855345911949685,0.4,0.0909090909090909,847.0,1052.4279414167358
37,all,R7,Medium,R7_OUT,0.19693176925746558,0.030149266256564094,166060.15786567764,5006.591914099381,0.1855345911949685,0.4,0.0909090909090909,847.0,1052.4279414167358
37,all,R8,Medium,R8_OUT,0.039455266002841244,0.006040403356088402,120149.86631790994,725.7536557402761,0.1855345911949685,0.4,0.0909090909090909,847.0,1052.4279414167358
37,all,R9,High,R9_OUT,0.324685596851393,0.04970773657319883,-79930.20057305822,-3973.149354328524,0.1855345911949685,0.4,0.0909090909090909,847.0,1052.4279414167358
37,all,R10,High,R10_OUT,0.7137806392151439,0.1092762362396847,11562.405514421858,1263.496156492996,0.1855345911949685,0.4,0.0909090909090909,847.0,1052.4279414167358
37,all,R11,Medium,R11_OUT,0.17682623441221468,0.027071209701414765,146200.0486830876,3957.812176256912,0.1855345911949685,0.4,0.0909090909090909,847.0,1052.4279414167358
37,all,R12,Medium,R12_OUT,0.10060911064979619,0.015402750283785575,-139832.65318138365,-2153.8074384720467,0.1855345911949685,0.4,0.0909090909090909,847.0,1052.4279414167358
37,all,R13,High,R13_OUT,0.4508987515756247,0.06903033759998835,106195.94251869342,7330.741763814364,0.1855345911949685,0.4,0.0909090909090909,847.0,1052.4279414167358
37,all,R14,High,R14_OUT,0.04109287108011833,0.006291112480797373,193381.32823776163,1216.5836876297556,0.1855345911949685,0.4,0.0909090909090909,847.0,1052.4279414167358
37,all,R15,High,R15_OUT,0.2915371738932252,0.04463287925830617,-200301.83615825494,-8940.047668468418,0.1855345911949685,0.4,0.0909090909090909,847.0,1052.4279414167358
37,all,R16,High,R16_OUT,0.6951067862647666,0.10641736300272725,-16737.17292822661,-1781.1258071425104,0.1855345911949685,0.4,0.0909090909090909,847.0,1052.4279414167358
37,all,R17,High,R17_OUT,0.08446824687763732,0.012931664987022065,170033.64609677036,2198.818147845306,0.1855345911949685,0.4,0.0909090909090909,847.0,1052.4279414167358
37,all,R18,Very_High,R18_OUT,0.18416547118857754,0.028194810045456983,-418413.8444342192,-11797.098864212197,0.1855345911949685,0.4,0.0909090909090909,847.0,1052.4279414167358
37,all,R19,Very_High,R19_OUT,0.6241406147571859,0.09555279804168333,54927.02206039191,5248.430645967713,0.1855345911949685,0.4,0.0909090909090909,847.0,1052.4279414167358
37,all,R20,Very_High,R20_OUT,0.6500457965797494,0.09951875146371386,10388.503380104528,1033.850885964574,0.1855345911949685,0.4,0.0909090909090909,847.0,1052.4279414167358
38,all,R1,Very_Low,R1_OUT,3.036849902967461e-06,6.5186005104321826e-06,-179116.44483909465,-1.1675885487549202,0.7248427672955975,0.8,0.4545454545454545,8050.0,8053.430683712766
38,all,R2,Low,R2_OUT,1.8419425750951005e-06,3.95373106799554e-06,323056.9593171155,1.2772803367842507,0.7248427672955975,0.8,0.4545454545454545,8050.0,8053.430683712766
38,all,R3,Low,R3_OUT,9.35415623875546e-06,2.0078703123598885e-05,-136648.93260131642,-2.7437333498585055,0.7248427672955975,0.8,0.4545454545454545,8050.0,8053.430683712766
38,all,R4,Low,R4_OUT,0.0002103411983178944,0.00045149753413237253,301296.00671019923,136.03440407358573,0.7248427672955975,0.8,0.4545454545454545,8050.0,8053.430683712766
38,all,R5,Medium,R5_OUT,1.2484863195354824e-06,2.679876786745095e-06,78041.48549777854,0.20914156538860068,0.7248427672955975,0.8,0.4545454545454545,8050.0,8053.430683712766
38,all,R6,Medium,R6_OUT,0.00012757838578049833,0.0002738470972359351,-17087.175060366688,-4.679273290243682,0.7248427672955975,0.8,0.4545454545454545,8050.0,8053.430683712766
38,all,R7,Medium,R7_OUT,5.6735825545473936e-06,1.2178349051730542e-05,-47056.42166955263,-0.5730695282172288,0.7248427672955975,0.8,0.4545454545454545,8050.0,8053.430683712766
38,all,R8,Medium,R8_OUT,0.0006478965030803873,0.0013907103118794776,147578.7671962165,205.23931335423907,0.7248427672955975,0.8,0.4545454545454545,8050.0,8053.430683712766
38,all,R9,High,R9_OUT,3.845608597076854e-06,8.254601631556556e-06,-97101.23176768816,-0.80153198617571,0.7248427672955975,0.8,0.4545454545454545,8050.0,8053.430683712766
38,all,R10,High,R10_OUT,8.647385182849611e-05,0.00018561618541550667,206560.2256960288,38.340921152262986,0.7248427672955975,0.8,0.4545454545454545,8050.0,8053.430683712766
38,all,R11,Medium,R11_OUT,0.00039296909343885546,0.0008435084429334216,640063.1253915844,539.8986502781547,0.7248427672955975,0.8,0.4545454545454545,8050.0,8053.430683712766
38,all,R12,Medium,R12_OUT,0.029241967681361863,0.06276790475140227,-171085.5010516924,-10738.678434358562,0.7248427672955975,0.8,0.4545454545454545,8050.0,8053.430683712766
38,all,R13,High,R13_OUT,0.017736149949071914,0.03807065867764776,160771.85541178507,6120.690432354206,0.7248427672955975,0.8,0.4545454545454545,8050.0,8053.430683712766
38,all,R14,High,R14_OUT,0.09007160154764733,0.1933387577865514,202060.53927975512,39066.13366202853,0.7248427672955975,0.8,0.4545454545454545,8050.0,8053.430683712766
38,all,R15,High,R15_OUT,0.000266358215392975,0.000571738101748737,-263219.1150014696,-150.49239715492274,0.7248427672955975,0.8,0.4545454545454545,8050.0,8053.430683712766
38,all,R16,High,R16_OUT,2.760872575101018e-05,5.9262149768106414e-05,-10920.130164569797,-0.6471503892999518,0.7248427672955975,0.8,0.4545454545454545,8050.0,8053.430683712766
38,all,R17,High,R17_OUT,0.0046514345953412315,0.009984307718931128,59609.09770071038,595.1555742917224,0.7248427672955975,0.8,0.4545454545454545,8050.0,8053.430683712766
38,all,R18,Very_High,R18_OUT,0.05463118790806799,0.11726588430829807,-260360.3962470711,-30531.392104771683,0.7248427672955975,0.8,0.4545454545454545,8050.0,8053.430683712766
38,all,R19,Very_High,R19_OUT,0.0019122619306351058,0.004104671615458366,-72949.62419933674,-299.4342518093723,0.7248427672955975,0.8,0.4545454545454545,8050.0,8053.430683712766
38,all,R20,Very_High,R20_OUT,0.2658456927178838,0.5706379714564255,5399.326707266344,3081.0608394649676,0.7248427672955975,0.8,0.4545454545454545,8050.0,8053.430683712766
39,all,R1,Very_Low,R1_OUT,0.00010762845320484622,5.451004343246492e-05,-76431.80428011325,-4.166300970930632,0.6320754716981132,0.4,0.2424242424242424,4620.0,4599.084211490219
39,all,R2,Low,R2_OUT,0.0004823572623855512,0.00024429706587493125,156688.09407164133,38.27844163923719,0.6320754716981132,0.4,0.2424242424242424,4620.0,4599.084211490219
39,all,R3,Low,R3_OUT,0.00014258453441134318,7.221407473697801e-05,-335502.25765496504,-24.2279851087205,0.6320754716981132,0.4,0.2424242424242424,4620.0,4599.084211490219
39,all,R4,Low,R4_OUT,0.003530170236107762,0.0017879076318971425,317555.0848801993,567.7591598050532,0.6320754716981132,0.4,0.2424242424242424,4620.0,4599.084211490219
39,all,R5,Medium,R5_OUT,0.0007952726785717409,0.0004027777688776295,41938.521703699575,16.891904201842156,0.6320754716981132,0.4,0.2424242424242424,4620.0,4599.084211490219
39,all,R6,Medium,R6_OUT,0.015821125363596904,0.008012846092647437,23870.69111264631,191.2721740107619,0.6320754716981132,0.4,0.2424242424242424,4620.0,4599.084211490219
39,all,R7,Medium,R7_OUT,0.0006390195494705586,0.00032364102947329056,20593.552142424305,6.66491841588609,0.6320754716981132,0.4,0.2424242424242424,4620.0,4599.084211490219
39,all,R8,Medium,R8_OUT,0.004676715724513844,0.0023685927807523535,257181.0729050283,609.1572326289947,0.6320754716981132,0.4,0.2424242424242424,4620.0,4599.084211490219
39,all,R9,High,R9_OUT,0.0010535651236053224,0.0005335938493639011,-91063.54014352875,-48.590944921889644,0.6320754716981132,0.4,0.2424242424242424,4620.0,4599.084211490219
39,all,R10,High,R10_OUT,0.02608462591337551,0.013210949791794237,-4771.953133541494,-63.04203325601186,0.6320754716981132,0.4,0.2424242424242424,4620.0,4599.084211490219
39,all,R11,Medium,R11_OUT,0.020959585747631862,0.01061529637757947,414236.1467178106,4397.239467716053,0.6320754716981132,0.4,0.2424242424242424,4620.0,4599.084211490219
39,all,R12,Medium,R12_OUT,0.0828950490116491,0.041983440135120696,-147598.7691458923,-6196.704088454068,0.6320754716981132,0.4,0.2424242424242424,4620.0,4599.084211490219
39,all,R13,High,R13_OUT,0.37150983514064606,0.1881567247887629,335505.275948353,63127.573871792214,0.6320754716981132,0.4,0.2424242424242424,4620.0,4599.084211490219
39,all,R14,High,R14_OUT,0.10981809750471504,0.05561902161001364,339896.94641334587,18904.73560774153,0.6320754716981132,0.4,0.2424242424242424,4620.0,4599.084211490219
39,all,R15,High,R15_OUT,0.03455651484718389,0.017501664932501285,-116860.04424799027,-2045.2453384255998,0.6320754716981132,0.4,0.2424242424242424,4620.0,4599.084211490219
39,all,R16,High,R16_OUT,0.0010009802489082764,0.0005069614513476334,42711.08162680934,21.652871930154504,0.6320754716981132,0.4,0.2424242424242424,4620.0,4599.084211490219
39,all,R17,High,R17_OUT,0.00444329445338662,0.0022503730790997684,128886.3336413359,290.04233549033313,0.6320754716981132,0.4,0.2424242424242424,4620.0,4599.084211490219
39,all,R18,Very_High,R18_OUT,0.49217056731220143,0.24926716125249485,-296966.1291687314,-74023.90400603139,0.6320754716981132,0.4,0.2424242424242424,4620.0,4599.084211490219
39,all,R19,Very_High,R19_OUT,0.032831751980141134,0.01662813292499149,44747.114968895046,744.0609757126633,0.6320754716981132,0.4,0.2424242424242424,4620.0,4599.084211490219
39,all,R20,Very_High,R20_OUT,0.7709514010669448,0.3904598933192379,-4892.599944609334,-1910.3640524258699,0.6320754716981132,0.4,0.2424242424242424,4620.0,4599.084211490219
40,all,R1,Very_Low,R1_OUT,2.0497674540699948e-20,4.1746179437901697e-19,-443735.52762781177,-1.8524262959322615e-13,1.0,0.6,1.0,2352.0,2347.5600540795203
40,all,R2,Low,R2_OUT,3.379495201514049e-20,6.882781400973286e-19,428994.35652594524,2.952674378219279e-13,1.0,0.6,1.0,2352.0,2347.5600540795203
40,all,R3,Low,R3_OUT,7.464118659832277e-21,1.5201648182111697e-19,-202889.90623061458,-3.084260974219435e-14,1.0,0.6,1.0,2352.0,2347.5600540795203
40,all,R4,Low,R4_OUT,1.3034624304488697e-17,2.654670723941734e-16,455182.02002034354,1.2083583826126663e-10,1.0,0.6,1.0,2352.0,2347.5600540795203
40,all,R5,Medium,R5_OUT,2.7060882108301753e-20,5.511300503859461e-19,369022.0787437648,2.0337915685157763e-13,1.0,0.6,1.0,2352.0,2347.5600540795203
40,all,R6,Medium,R6_OUT,2.1490462346395382e-17,4.376812089267645e-16,264637.80776041566,1.1582699562830743e-10,1.0,0.6,1.0,2352.0,2347.5600540795203
40,all,R7,Medium,R7_OUT,1.2306251201495211e-20,2.5063280707547493e-19,-90238.70973863057,-2.2616781128661975e-14,1.0,0.6,1.0,2352.0,2347.5600540795203
40,all,R8,Medium,R8_OUT,4.74648879324606e-18,9.666841595586835e-17,51901.38308348913,5.017224488599596e-12,1.0,0.6,1.0,2352.0,2347.5600540795203
40,all,R9,High,R9_OUT,9.854075626727126e-21,2.0069106302336523e-19,-107191.71491378493,-2.151241921334501e-14,1.0,0.6,1.0,2352.0,2347.5600540795203
40,all,R10,High,R10_OUT,1.7208217006734096e-17,3.5046771454150637e-16,364956.5833091624,1.2790549965923903e-10,1.0,0.6,1.0,2352.0,2347.5600540795203
40,all,R11,Medium,R11_OUT,7.825637034564564e-18,1.5937927359132785e-16,992783.9966697467,1.5822919222231948e-10,1.0,0.6,1.0,2352.0,2347.5600540795203
40,all,R12,Medium,R12_OUT,3.4922812832871825e-12,7.112484921655604e-11,-232390.57863530907,-1.6528744864784566e-05,1.0,0.6,1.0,2352.0,2347.5600540795203
40,all,R13,High,R13_OUT,5.757798435023519e-12,1.172650517786753e-10,559791.9999022079,6.56440378538206e-05,1.0,0.6,1.0,2352.0,2347.5600540795203
40,all,R14,High,R14_OUT,1.2716955691831736e-12,2.5899733804482806e-11,187592.66765390494,4.8586001559089496e-06,1.0,0.6,1.0,2352.0,2347.5600540795203
40,all,R15,High,R15_OUT,6.266280275226821e-18,1.2762094561428729e-16,-125877.87428636823,-1.6064653348342692e-11,1.0,0.6,1.0,2352.0,2347.5600540795203
40,all,R16,High,R16_OUT,2.881909794629639e-10,5.869384020688381e-09,122396.36438958449,0.0007183912653385796,1.0,0.6,1.0,2352.0,2347.5600540795203
40,all,R17,High,R17_OUT,1.388151772070262e-07,2.8271515799912547e-06,25899.762290841434,0.07322255388195029,1.0,0.6,1.0,2352.0,2347.5600540795203
40,all,R18,Very_High,R18_OUT,2.096671534767405e-12,4.270144202892196e-11,-81555.94465604139,-3.4825564428439193e-06,1.0,0.6,1.0,2352.0,2347.5600540795203
40,all,R19,Very_High,R19_OUT,1.8326279587392051e-07,3.732385127714585e-06,-171211.38310987788,-0.6390268200147523,1.0,0.6,1.0,2352.0,2347.5600540795203
40,all,R20,Very_High,R20_OUT,0.049100397295914026,0.9999934343369158,2348.1405065619765,2348.125089462536,1.0,0.6,1.0,2352.0,2347.5600540795203
41,all,R1,Very_Low,R1_OUT,0.07611622142110813,0.012488023091531637,16341.851532345914,204.07741929431745,0.0691823899371069,0.4,0.2727272727272727,2174.0,2267.6522110960286
41,all,R2,Low,R2_OUT,0.3411292376184125,0.055967436599446724,319252.5503220889,17867.746869363185,0.0691823899371069,0.4,0.2727272727272727,2174.0,2267.6522110960286
41,all,R3,Low,R3_OUT,0.12047533882124711,0.01976581056009452,-74584.10452129054,-1474.2152807621183,0.0691823899371069,0.4,0.2727272727272727,2174.0,2267.6522110960286
41,all,R4,Low,R4_OUT,0.026763443601349902,0.004390949727437172,180164.0674828822,791.0913630079339,0.0691823899371069,0.4,0.2727272727272727,2174.0,2267.6522110960286
41,all,R5,Medium,R5_OUT,0.5624270301191948,0.09227470318806863,10117.585980886215,933.5972433660397,0.0691823899371069,0.4,0.2727272727272727,2174.0,2267.6522110960286
41,all,R6,Medium,R6_OUT,0.11994543267277909,0.01967887140185908,-126482.29165305127,-2489.0287520528304,0.0691823899371069,0.4,0.2727272727272727,2174.0,2267.6522110960286
41,all,R7,Medium,R7_OUT,0.5399330092404586,0.08858421715354836,215280.53882954904,19070.458000609673,0.0691823899371069,0.4,0.2727272727272727,2174.0,2267.6522110960286
41,all,R8,Medium,R8_OUT,0.04236068049223753,0.006949913517558773,-17205.582847494545,-119.5773128092797,0.0691823899371069,0.4,0.2727272727272727,2174.0,2267.6522110960286
41,all,R9,High,R9_OUT,0.8901990370878726,0.14605068306937427,-79106.94835503363,-11553.623842786375,0.0691823899371069,0.4,0.2727272727272727,2174.0,2267.6522110960286
41,all,R10,High,R10_OUT,0.19775658617094094,0.032444973863617506,128351.180532788,4164.350697750759,0.0691823899371069,0.4,0.2727272727272727,2174.0,2267.6522110960286
41,all,R11,Medium,R11_OUT,0.18984739877414386,0.031147351451437932,187588.843736449,5842.895644228048,0.0691823899371069,0.4,0.2727272727272727,2174.0,2267.6522110960286
41,all,R12,Medium,R12_OUT,0.05441721786816369,0.008927971733579556,-165330.35301550393,-1476.0647184251486,0.0691823899371069,0.4,0.2727272727272727,2174.0,2267.6522110960286
41,all,R13,High,R13_OUT,0.24388105055795453,0.040012393338670696,106230.47010243207,4250.5353542904095,0.0691823899371069,0.4,0.2727272727272727,2174.0,2267.6522110960286
41,all,R14,High,R14_OUT,0.08613055979363932,0.014131027519598268,78141.0937598737,1104.2139463322837,0.0691823899371069,0.4,0.2727272727272727,2174.0,2267.6522110960286
41,all,R15,High,R15_OUT,0.3130054445460203,0.051353300863958215,-220380.04855746092,-11317.242937985011,0.0691823899371069,0.4,0.2727272727272727,2174.0,2267.6522110960286
41,all,R16,High,R16_OUT,0.9009604864507867,0.14781626241150847,-6240.927872346918,-922.5106320701292,0.0691823899371069,0.4,0.2727272727272727,2174.0,2267.6522110960286
41,all,R17,High,R17_OUT,0.04287277082159474,0.007033929719868435,164958.29863712983,1160.3050793226403,0.0691823899371069,0.4,0.2727272727272727,2174.0,2267.6522110960286
41,all,R18,Very_High,R18_OUT,0.3860103884492526,0.06333087158722998,-405320.3230372657,-25669.289329967647,0.0691823899371069,0.4,0.2727272727272727,2174.0,2267.6522110960286
41,all,R19,Very_High,R19_OUT,0.3167893087173606,0.051974101296043414,-3528.653815300131,-183.39861083507907,0.0691823899371069,0.4,0.2727272727272727,2174.0,2267.6522110960286
41,all,R20,Very_High,R20_OUT,0.6441171430535975,0.10567720790556825,19714.109149117587,2083.3320112243646,0.0691823899371069,0.4,0.2727272727272727,2174.0,2267.6522110960286
42,all,R1,Very_Low,R1_OUT,0.0010666845418506419,0.0005419687945678801,-139058.7490236987,-75.36550258249136,0.3867924528301887,0.6,0.5151515151515151,6699.0,6833.40507685308
42,all,R2,Low,R2_OUT,0.0017586654932761749,0.0008935554796597723,387754.68176786293,346.4803206574051,0.3867924528301887,0.6,0.5151515151515151,6699.0,6833.40507685308
42,all,R3,Low,R3_OUT,0.0035199008795773353,0.001788416689149006,-59746.898915875296,-106.85235114605003,0.3867924528301887,0.6,0.5151515151515151,6699.0,6833.40507685308
42,all,R4,Low,R4_OUT,0.004847907243860068,0.0024631597647166692,253420.5340668012,624.2152630663547,0.3867924528301887,0.6,0.5151515151515151,6699.0,6833.40507685308
42,all,R5,Medium,R5_OUT,0.0014082292396853716,0.0007155032941448488,109152.60078694951,78.09904542753999,0.3867924528301887,0.6,0.5151515151515151,6699.0,6833.40507685308
42,all,R6,Medium,R6_OUT,0.007992847791333328,0.004061063897221095,-34932.92351279972,-141.8648345022169,0.3867924528301887,0.6,0.5151515151515151,6699.0,6833.40507685308
42,all,R7,Medium,R7_OUT,0.005803335450915244,0.002948600636275066,95367.19689032913,281.19977743059394,0.3867924528301887,0.6,0.5151515151515151,6699.0,6833.40507685308
42,all,R8,Medium,R8_OUT,0.01599737532726121,0.008128062123524892,-9139.087928056528,-74.28307443159984,0.3867924528301887,0.6,0.5151515151515151,6699.0,6833.40507685308
42,all,R9,High,R9_OUT,0.004646947757220917,0.0023610548157297446,-89304.3608189043,-210.8524911771407,0.3867924528301887,0.6,0.5151515151515151,6699.0,6833.40507685308
42,all,R10,High,R10_OUT,0.006400172182341595,0.0032518457581400314,246640.38151445708,802.0364784138263,0.3867924528301887,0.6,0.5151515151515151,6699.0,6833.40507685308
42,all,R11,Medium,R11_OUT,0.026375212977428984,0.013400908912627543,485589.3275073632,6507.338346870239,0.3867924528301887,0.6,0.5151515151515151,6699.0,6833.40507685308
42,all,R12,Medium,R12_OUT,0.006734840639795758,0.003421886527786548,-187304.3558635461,-640.9342519252057,0.3867924528301887,0.6,0.5151515151515151,6699.0,6833.40507685308
42,all,R13,High,R13_OUT,0.011103875017606927,0.005641737104283887,170121.96347099368,959.7833935679331,0.3867924528301887,0.6,0.5151515151515151,6699.0,6833.40507685308
42,all,R14,High,R14_OUT,0.02222397584453755,0.011291718335087875,82776.91538046347,934.6936131235968,0.3867924528301887,0.6,0.5151515151515151,6699.0,6833.40507685308
42,all,R15,High,R15_OUT,0.02111961954092418,0.010730608999422086,-242544.2155246673,-2602.6471418667647,0.3867924528301887,0.6,0.5151515151515151,6699.0,6833.40507685308
42,all,R16,High,R16_OUT,0.11701861875085923,0.05945566590509539,8258.028455689273,490.9865808962323,0.3867924528301887,0.6,0.5151515151515151,6699.0,6833.40507685308
42,all,R17,High,R17_OUT,0.40284308372657834,0.20467942669208739,102162.33722008854,20910.52861173142,0.3867924528301887,0.6,0.5151515151515151,6699.0,6833.40507685308
42,all,R18,Very_High,R18_OUT,0.03664114169441491,0.018616896201814018,-304288.0290819218,-5664.898652872703,0.3867924528301887,0.6,0.5151515151515151,6699.0,6833.40507685308
42,all,R19,Very_High,R19_OUT,0.5318305340063914,0.270216303059724,-80802.50374055283,-21834.153838741706,0.3867924528301887,0.6,0.5151515151515151,6699.0,6833.40507685308
42,all,R20,Very_High,R20_OUT,0.7388330085000923,0.37539161700894236,16649.002006789447,6249.895784913817,0.3867924528301887,0.6,0.5151515151515151,6699.0,6833.40507685308
43,all,R1,Very_Low,R1_OUT,0.23517208526430547,0.020420568030731785,-12236.298556527705,-249.87216711791913,0.2814465408805031,0.6,0.2424242424242424,4004.0,4456.066315299773
43,all,R2,Low,R2_OUT,0.3877332192501647,0.03366782487204653,300803.1560048809,10127.387977331222,0.2814465408805031,0.6,0.2424242424242424,4004.0,4456.066315299773
43,all,R3,Low,R3_OUT,0.3115523942366371,0.027052857291699393,-86768.98232249849,-2347.348896116539,0.2814465408805031,0.6,0.2424242424242424,4004.0,4456.066315299773
43,all,R4,Low,R4_OUT,0.4573552224731446,0.039713273895695934,199704.5767463465,7930.922554551687,0.2814465408805031,0.6,0.2424242424242424,4004.0,4456.066315299773
43,all,R5,Medium,R5_OUT,0.31047249100695024,0.02695908664990046,-17871.144179991737,-481.78972448126154,0.2814465408805031,0.6,0.2424242424242424,4004.0,4456.066315299773
43,all,R6,Medium,R6_OUT,0.7540512835572629,0.06547611940097404,-136065.24832071652,-8909.024445370418,0.2814465408805031,0.6,0.2424242424242424,4004.0,4456.066315299773
43,all,R7,Medium,R7_OUT,0.5136630593154957,0.04460262125003986,117565.78357869764,5243.742116924806,0.2814465408805031,0.6,0.2424242424242424,4004.0,4456.066315299773
43,all,R8,Medium,R8_OUT,0.6058972280574715,0.05261153997624289,67387.97280546372,3545.3850251726235,0.2814465408805031,0.6,0.2424242424242424,4004.0,4456.066315299773
43,all,R9,High,R9_OUT,0.41130922409059245,0.03571498710303896,-84452.88372872594,-3016.233653185896,0.2814465408805031,0.6,0.2424242424242424,4004.0,4456.066315299773
43,all,R10,High,R10_OUT,0.6037970664617284,0.05242917780220679,129985.23480290148,6815.018987142919,0.2814465408805031,0.6,0.2424242424242424,4004.0,4456.066315299773
43,all,R11,Medium,R11_OUT,0.9989556477566,0.08674176504312178,303242.6223412109,26303.800298181428,0.2814465408805031,0.6,0.2424242424242424,4004.0,4456.066315299773
43,all,R12,Medium,R12_OUT,0.4348371304403375,0.03775797282430636,-156000.30418482076,-5890.255245993988,0.2814465408805031,0.6,0.2424242424242424,4004.0,4456.066315299773
43,all,R13,High,R13_OUT,0.7169252262471907,0.06225237293395129,52002.84395973044,3237.3004358072158,0.2814465408805031,0.6,0.2424242424242424,4004.0,4456.066315299773
43,all,R14,High,R14_OUT,0.5760656029367548,0.05002118691813977,130737.3206668015,6539.635954250855,0.2814465408805031,0.6,0.2424242424242424,4004.0,4456.066315299773
43,all,R15,High,R15_OUT,0.7999011510136976,0.06945737566504931,-264011.0062775729,-18337.51164272907,0.2814465408805031,0.6,0.2424242424242424,4004.0,4456.066315299773
43,all,R16,High,R16_OUT,0.3907802187866495,0.033932403303004725,-33594.86264068837,-1139.9544280328842,0.2814465408805031,0.6,0.2424242424242424,4004.0,4456.066315299773
43,all,R17,High,R17_OUT,0.5756560696299218,0.0499856261382809,128786.09633786365,6437.45366335308,0.2814465408805031,0.6,0.2424242424242424,4004.0,4456.066315299773
43,all,R18,Very_High,R18_OUT,0.9497716128805219,0.08247099485760402,-380848.71901739656,-31408.97274760879,0.2814465408805031,0.6,0.2424242424242424,4004.0,4456.066315299773
43,all,R19,Very_High,R19_OUT,0.7599769917437527,0.06599066315312252,-12961.52163176272,-855.3394079535647,0.2814465408805031,0.6,0.2424242424242424,4004.0,4456.066315299773
43,all,R20,Very_High,R20_OUT,0.722559179500652,0.06274158289084293,14531.378061667176,911.7216611742676,0.2814465408805031,0.6,0.2424242424242424,4004.0,4456.066315299773
44,all,R1,Very_Low,R1_OUT,0.4894837172388022,0.05481038064315829,40032.77441743287,2194.211604021185,0.0644654088050314,0.6,0.2121212121212121,2331.0,2309.417815367211
44,all,R2,Low,R2_OUT,0.8070222162729803,0.09036704042154566,345766.75567524787,31245.918386531826,0.0644654088050314,0.6,0.2121212121212121,2331.0,2309.417815367211
44,all,R3,Low,R3_OUT,0.5324744263619072,0.059624304065266955,2369.3200680099835,141.26906016296624,0.0644654088050314,0.6,0.2121212121212121,2331.0,2309.417815367211
44,all,R4,Low,R4_OUT,0.16568999531214182,0.018553286640566716,142520.76395437538,2644.228585878075,0.0644654088050314,0.6,0.2121212121212121,2331.0,2309.417815367211
44,all,R5,Medium,R5_OUT,0.6462128735545929,0.07236026925642669,-48395.12623469181,-3501.8843650410586,0.0644654088050314,0.6,0.2121212121212121,2331.0,2309.417815367211
44,all,R6,Medium,R6_OUT,0.2731766196133328,0.030589198325698876,-205030.40121047676,-6271.715605424884,0.0644654088050314,0.6,0.2121212121212121,2331.0,2309.417815367211
44,all,R7,Medium,R7_OUT,0.8779019128467256,0.09830385836309775,190465.66450141039,18723.509706179942,0.0644654088050314,0.6,0.2121212121212121,2331.0,2309.417815367211
44,all,R8,Medium,R8_OUT,0.18024232901029788,0.02018279732938308,-19096.3380444567,-385.4175204846572,0.0644654088050314,0.6,0.2121212121212121,2331.0,2309.417815367211
44,all,R9,High,R9_OUT,0.7029688977085851,0.07871557624236865,-79449.7435681269,-6253.932347273531,0.0644654088050314,0.6,0.2121212121212121,2331.0,2309.417815367211
44,all,R10,High,R10_OUT,0.2187427369267729,0.024493915224627294,159951.403635071,3917.8361206975715,0.0644654088050314,0.6,0.2121212121212121,2331.0,2309.417815367211
44,all,R11,Medium,R11_OUT,0.29716936171980896,0.03327580725918363,194773.62058824304,6481.249457867736,0.0644654088050314,0.6,0.2121212121212121,2331.0,2309.417815367211
44,all,R12,Medium,R12_OUT,0.35065215633330654,0.03926459141560435,-157614.10820249966,-6188.6535599060035,0.0644654088050314,0.6,0.2121212121212121,2331.0,2309.417815367211
44,all,R13,High,R13_OUT,0.5781276687635892,0.06473636705225655,-47718.94994314083,-3089.1514588674218,0.0644654088050314,0.6,0.2121212121212121,2331.0,2309.417815367211
44,all,R14,High,R14_OUT,0.3814494726186208,0.042713148678975556,44457.36753642567,1898.9141494592109,0.0644654088050314,0.6,0.2121212121212121,2331.0,2309.417815367211
44,all,R15,High,R15_OUT,0.2379546229299654,0.026645183484678973,-304230.9920717563,-8106.2906054778605,0.0644654088050314,0.6,0.2121212121212121,2331.0,2309.417815367211
44,all,R16,High,R16_OUT,0.6759566691697731,0.07569085759271854,-57394.693940570374,-4344.253605633378,0.0644654088050314,0.6,0.2121212121212121,2331.0,2309.417815367211
44,all,R17,High,R17_OUT,0.17331635120464506,0.019407254718904993,145687.87298501303,2827.4016604756257,0.0644654088050314,0.6,0.2121212121212121,2331.0,2309.417815367211
44,all,R18,Very_High,R18_OUT,0.6289038592036663,0.0704220767656041,-431104.2009278627,-30359.25313171636,0.0644654088050314,0.6,0.2121212121212121,2331.0,2309.417815367211
44,all,R19,Very_High,R19_OUT,0.22881099697808774,0.02562131772320243,-19977.301867539383,-511.8447984005518,0.0644654088050314,0.6,0.2121212121212121,2331.0,2309.417815367211
44,all,R20,Very_High,R20_OUT,0.48423605379425494,0.05422276879673092,23002.810627294566,1247.2760823187782,0.0644654088050314,0.6,0.2121212121212121,2331.0,2309.417815367211
45,all,R1,Very_Low,R1_OUT,0.6326501121339475,0.06109397794169055,1077.2821492412186,65.81545186272,0.2044025157232704,0.8,0.2424242424242424,5817.0,2693.7300552925117
45,all,R2,Low,R2_OUT,0.38372168987987465,0.03705537074544264,372116.03703041543,13788.897712486907,0.2044025157232704,0.8,0.2424242424242424,5817.0,2693.7300552925117
45,all,R3,Low,R3_OUT,0.8381252261631614,0.08093637082726915,39162.229983339435,3169.648768354359,0.2044025157232704,0.8,0.2424242424242424,5817.0,2693.7300552925117
45,all,R4,Low,R4_OUT,0.6613349085295259,0.06386402142171496,150112.17436438112,9586.767119267048,0.2044025157232704,0.8,0.2424242424242424,5817.0,2693.7300552925117
45,all,R5,Medium,R5_OUT,0.2600902366890161,0.025116485207803983,-55809.810682055395,-1401.746284446185,0.2044025157232704,0.8,0.2424242424242424,5817.0,2693.7300552925117
45,all,R6,Medium,R6_OUT,0.4011198983614074,0.03873548704481452,-219062.97081043082,-8485.510867826024,0.2044025157232704,0.8,0.2424242424242424,5817.0,2693.7300552925117
45,all,R7,Medium,R7_OUT,0.5083486463465423,0.049090390392609894,120666.81549055211,5923.58107986423,0.2044025157232704,0.8,0.2424242424242424,5817.0,2693.7300552925117
45,all,R8,Medium,R8_OUT,0.8761264072352644,0.08460608221062176,4190.735989820809,354.5617536777907,0.2044025157232704,0.8,0.2424242424242424,5817.0,2693.7300552925117
45,all,R9,High,R9_OUT,0.3445635814597917,0.03327393679613772,-83791.81069929084,-2788.08341324214,0.2044025157232704,0.8,0.2424242424242424,5817.0,2693.7300552925117
45,all,R10,High,R10_OUT,0.2718829090379346,0.026255284127681314,207529.64323382263,5448.749748020349,0.2044025157232704,0.8,0.2424242424242424,5817.0,2693.7300552925117
45,all,R11,Medium,R11_OUT,0.5313975277720642,0.0513161828589097,309810.0597060898,15898.269675407437,0.2044025157232704,0.8,0.2424242424242424,5817.0,2693.7300552925117
45,all,R12,Medium,R12_OUT,0.6546683430413821,0.06322024218724094,-157615.35234393363,-9964.480747610798,0.2044025157232704,0.8,0.2424242424242424,5817.0,2693.7300552925117
45,all,R13,High,R13_OUT,0.397076421997866,0.038345015201019704,-116085.45827830769,-4451.2986622990475,0.2044025157232704,0.8,0.2424242424242424,5817.0,2693.7300552925117
45,all,R14,High,R14_OUT,0.8672946428835036,0.08375321329280444,43670.9009815264,3657.5782845947233,0.2044025157232704,0.8,0.2424242424242424,5817.0,2693.7300552925117
45,all,R15,High,R15_OUT,0.3601863340523223,0.034782600248448106,-360737.05242401885,-12547.372689268115,0.2044025157232704,0.8,0.2424242424242424,5817.0,2693.7300552925117
45,all,R16,High,R16_OUT,0.3273659423672736,0.03161318915187744,-84378.99178916863,-2667.4890278757016,0.2044025157232704,0.8,0.2424242424242424,5817.0,2693.7300552925117
45,all,R17,High,R17_OUT,0.8323977412885563,0.08038327705888236,110102.32869997178,8850.385992717967,0.2044025157232704,0.8,0.2424242424242424,5817.0,2693.7300552925117
45,all,R18,Very_High,R18_OUT,0.5260407919133642,0.05079889171153757,-409090.0113145575,-20781.319185039887,0.2044025157232704,0.8,0.2424242424242424,5817.0,2693.7300552925117
45,all,R19,Very_High,R19_OUT,0.3422089420341475,0.03304655315015097,-51273.52611654331,-1694.4133060060024,0.2044025157232704,0.8,0.2424242424242424,5817.0,2693.7300552925117
45,all,R20,Very_High,R20_OUT,0.338759315690104,0.03271342842334234,22351.33056647665,731.1886526528978,0.2044025157232704,0.8,0.2424242424242424,5817.0,2693.7300552925117
46,all,R1,Very_Low,R1_OUT,0.5781231519503728,0.05008924668977282,36448.69981436488,1825.6879165231994,0.1477987421383647,0.6,0.1818181818181818,2989.0,2771.2719195285717
46,all,R2,Low,R2_OUT,0.953163937704782,0.08258320645077444,310815.3176825592,25668.125548241827,0.1477987421383647,0.6,0.1818181818181818,2989.0,2771.2719195285717
46,all,R3,Low,R3_OUT,0.5066252637309453,0.04389458842580465,-43292.343277608416,-1900.299590159272,0.1477987421383647,0.6,0.1818181818181818,2989.0,2771.2719195285717
46,all,R4,Low,R4_OUT,0.38299878222039674,0.0331834496158819,160263.95230384383,5318.110786516701,0.1477987421383647,0.6,0.1818181818181818,2989.0,2771.2719195285717
46,all,R5,Medium,R5_OUT,0.7632340160316854,0.06612746225793571,-54911.28712909942,-3631.144067164193,0.1477987421383647,0.6,0.1818181818181818,2989.0,2771.2719195285717
46,all,R6,Medium,R6_OUT,0.6314582388990142,0.05471025921691048,-189540.3849264619,-10369.803591399723,0.1477987421383647,0.6,0.1818181818181818,2989.0,2771.2719195285717
46,all,R7,Medium,R7_OUT,0.8352838485872717,0.07236994160625178,160323.02180823818,11602.567726400028,0.1477987421383647,0.6,0.1818181818181818,2989.0,2771.2719195285717
46,all,R8,Medium,R8_OUT,0.33563239665533384,0.029079572157649617,33383.77574487016,970.7859156677449,0.1477987421383647,0.6,0.1818181818181818,2989.0,2771.2719195285717
46,all,R9,High,R9_OUT,0.6688430196161284,0.057949319091031105,-80977.46792824758,-4692.589128157757,0.1477987421383647,0.6,0.1818181818181818,2989.0,2771.2719195285717
46,all,R10,High,R10_OUT,0.505632230266418,0.04380855087825426,127115.0386422137,5568.725637748676,0.1477987421383647,0.6,0.1818181818181818,2989.0,2771.2719195285717
46,all,R11,Medium,R11_OUT,0.5533642715017115,0.04794410915917615,215351.42166643828,10324.832067959489,0.1477987421383647,0.6,0.1818181818181818,2989.0,2771.2719195285717
46,all,R12,Medium,R12_OUT,0.4633997011466115,0.04014947657500513,-151778.37777164532,-6093.8224229349535,0.1477987421383647,0.6,0.1818181818181818,2989.0,2771.2719195285717
46,all,R13,High,R13_OUT,0.764016944116501,0.0661952960366875,-20750.520958876412,-1373.5868777883127,0.1477987421383647,0.6,0.1818181818181818,2989.0,2771.2719195285717
46,all,R14,High,R14_OUT,0.40608993951239714,0.03518409371748785,92199.26703652355,3243.947652096733,0.1477987421383647,0.6,0.1818181818181818,2989.0,2771.2719195285717
46,all,R15,High,R15_OUT,0.44309946962923197,0.03839064145327866,-289099.4897413471,-11098.714854985868,0.1477987421383647,0.6,0.1818181818181818,2989.0,2771.2719195285717
46,all,R16,High,R16_OUT,0.701776297992233,0.06080269574498194,-53179.199448887244,-3233.4386840524026,0.1477987421383647,0.6,0.1818181818181818,2989.0,2771.2719195285717
46,all,R17,High,R17_OUT,0.3521586589125571,0.030511426295075677,142190.4870236903,4338.434564684241,0.1477987421383647,0.6,0.1818181818181818,2989.0,2771.2719195285717
46,all,R18,Very_High,R18_OUT,0.6695291210914177,0.05800876370232897,-420282.16656052833,-24380.048888312554,0.1477987421383647,0.6,0.1818181818181818,2989.0,2771.2719195285717
46,all,R19,Very_High,R19_OUT,0.4649173218809891,0.040280964959598105,-5701.37673473818,-229.6569564734565,0.1477987421383647,0.6,0.1818181818181818,2989.0,2771.2719195285717
46,all,R20,Very_High,R20_OUT,0.5625149687644617,0.048736935966113414,18736.491062001245,913.159165118411,0.1477987421383647,0.6,0.1818181818181818,2989.0,2771.2719195285717
47,all,R1,Very_Low,R1_OUT,0.9947241704148589,0.12133662824802703,54658.526753368584,6632.081341258324,0.1084905660377358,0.8,0.1515151515151515,3136.0,2638.972598830518
47,all,R2,Low,R2_OUT,0.6033307073138263,0.07359438517858238,359310.4575333559,26443.232210402464,0.1084905660377358,0.8,0.1515151515151515,3136.0,2638.972598830518
47,all,R3,Low,R3_OUT,0.6889154464747947,0.08403402662707338,57444.216187049184,4827.26879263385,0.1084905660377358,0.8,0.1515151515151515,3136.0,2638.972598830518
47,all,R4,Low,R4_OUT,0.4800910085834422,0.05856158517734086,117038.38731269902,6853.953487631234,0.1084905660377358,0.8,0.1515151515151515,3136.0,2638.972598830518
47,all,R5,Medium,R5_OUT,0.4089433321221144,0.04988297916146548,-103011.28108917529,-5138.509587967194,0.1084905660377358,0.8,0.1515151515151515,3136.0,2638.972598830518
47,all,R6,Medium,R6_OUT,0.2911899161582187,0.03551939689143012,-269871.12728943606,-9585.659679731138,0.1084905660377358,0.8,0.1515151515151515,3136.0,2638.972598830518
47,all,R7,Medium,R7_OUT,0.41784834023658063,0.050969213608427814,148926.61094765688,7590.672245370348,0.1084905660377358,0.8,0.1515151515151515,3136.0,2638.972598830518
47,all,R8,Medium,R8_OUT,0.33249630537162633,0.040557957470656075,1567.3421712338604,63.56819712286866,0.1084905660377358,0.8,0.1515151515151515,3136.0,2638.972598830518
47,all,R9,High,R9_OUT,0.2832216071660345,0.03454742116719811,-80852.52202803855,-2793.246130932811,0.1084905660377358,0.8,0.1515151515151515,3136.0,2638.972598830518
47,all,R10,High,R10_OUT,0.19737131419064466,0.02407538741798835,181358.54533119785,4366.27724041139,0.1084905660377358,0.8,0.1515151515151515,3136.0,2638.972598830518
47,all,R11,Medium,R11_OUT,0.2016692034490657,0.024599644701273952,222903.16648593268,5483.33869834286,0.1084905660377358,0.8,0.1515151515151515,3136.0,2638.972598830518
47,all,R12,Medium,R12_OUT,0.7271567450448143,0.08869870691364679,-148688.77664653977,-13188.50222112012,0.1084905660377358,0.8,0.1515151515151515,3136.0,2638.972598830518
47,all,R13,High,R13_OUT,0.44104286028652234,0.05379848521999169,-181106.0825044142,-9743.232902864323,0.1084905660377358,0.8,0.1515151515151515,3136.0,2638.972598830518
47,all,R14,High,R14_OUT,0.5036064555069383,0.06143000350505925,32525.879174468122,1998.0648716927103,0.1084905660377358,0.8,0.1515151515151515,3136.0,2638.972598830518
47,all,R15,High,R15_OUT,0.13669331768650653,0.01667387479405451,-379098.1862045733,-6321.035691428218,0.1084905660377358,0.8,0.1515151515151515,3136.0,2638.972598830518
47,all,R16,High,R16_OUT,0.34959543788733466,0.04264371264493415,-104001.46995885394,-4435.008799576119,0.1084905660377358,0.8,0.1515151515151515,3136.0,2638.972598830518
47,all,R17,High,R17_OUT,0.4104178089921336,0.050062836107902416,123106.5884802123,6163.064962887856,0.1084905660377358,0.8,0.1515151515151515,3136.0,2638.972598830518
47,all,R18,Very_High,R18_OUT,0.3054527556941642,0.03725918055207296,-446974.9740822722,-16653.921261589512,0.1084905660377358,0.8,0.1515151515151515,3136.0,2638.972598830518
47,all,R19,Very_High,R19_OUT,0.16872780551969735,0.020581447221605688,-32970.22810603044,-678.5750096485659,0.1084905660377358,0.8,0.1515151515151515,3136.0,2638.972598830518
47,all,R20,Very_High,R20_OUT,0.2555589662515689,0.031173127391268925,24224.1282517619,755.1418359346103,0.1084905660377358,0.8,0.1515151515151515,3136.0,2638.972598830518
48,all,R1,Very_Low,R1_OUT,0.04365093344129408,0.008091700951523733,-14505.230596668436,-117.37198822113315,0.1069182389937107,0.4,0.3333333333333333,2583.0,3110.471501007065
48,all,R2,Low,R2_OUT,0.1956299113139021,0.03626448771488805,334762.9922959624,12140.008421516091,0.1069182389937107,0.4,0.3333333333333333,2583.0,3110.471501007065
48,all,R3,Low,R3_OUT,0.09311895184518637,0.017261731922959978,-75009.4456085694,-1294.7929417849725,0.1069182389937107,0.4,0.3333333333333333,2583.0,3110.471501007065
48,all,R4,Low,R4_OUT,0.02080234005583657,0.0038561904993421104,195675.12611581513,754.5605622853756,0.1069182389937107,0.4,0.3333333333333333,2583.0,3110.471501007065
48,all,R5,Medium,R5_OUT,0.3225391959684099,0.05979003226657939,39490.30960654971,2361.126885592817,0.1069182389937107,0.4,0.3333333333333333,2583.0,3110.471501007065
48,all,R6,Medium,R6_OUT,0.0932296200656985,0.017282246814043025,-99979.74834364245,-1727.8746872807383,0.1069182389937107,0.4,0.3333333333333333,2583.0,3110.471501007065
48,all,R7,Medium,R7_OUT,0.4173301887259085,0.07736171529423543,205432.169398799,15892.58500130703,0.1069182389937107,0.4,0.3333333333333333,2583.0,3110.471501007065
48,all,R8,Medium,R8_OUT,0.04437687694655654,0.008226271218163845,-27582.69417954018,-226.9027232485668,0.1069182389937107,0.4,0.3333333333333333,2583.0,3110.471501007065
48,all,R9,High,R9_OUT,0.6880611590577039,0.12754790554345333,-80496.5906698371,-10267.171543326409,0.1069182389937107,0.4,0.3333333333333333,2583.0,3110.471501007065
48,all,R10,High,R10_OUT,0.15370965766160855,0.028493607927802245,151278.7304281702,4310.476832635969,0.1069182389937107,0.4,0.3333333333333333,2583.0,3110.471501007065
48,all,R11,Medium,R11_OUT,0.1988833643871197,0.03686758980808151,234266.14403058836,8636.828104040675,0.1069182389937107,0.4,0.3333333333333333,2583.0,3110.471501007065
48,all,R12,Medium,R12_OUT,0.031838283889492544,0.00590195562232293,-171931.45011643082,-1014.7317886688032,0.1069182389937107,0.4,0.3333333333333333,2583.0,3110.471501007065
48,all,R13,High,R13_OUT,0.14268928892585928,0.02645073000618497,138522.55964870763,3664.022825033618,0.1069182389937107,0.4,0.3333333333333333,2583.0,3110.471501007065
48,all,R14,High,R14_OUT,0.06791945533825304,0.012590427696732957,73876.35675947678,930.1349282782415,0.1069182389937107,0.4,0.3333333333333333,2583.0,3110.471501007065
48,all,R15,High,R15_OUT,0.3279032332534485,0.06078437951603122,-212969.265489499,-12945.204658764116,0.1069182389937107,0.4,0.3333333333333333,2583.0,3110.471501007065
48,all,R16,High,R16_OUT,0.9903165769783877,0.18357787466384548,4396.105934357336,807.0277842264384,0.1069182389937107,0.4,0.3333333333333333,2583.0,3110.471501007065
48,all,R17,High,R17_OUT,0.06387100375625096,0.011839954409321103,158068.82375819742,1871.5276668320698,0.1069182389937107,0.4,0.3333333333333333,2583.0,3110.471501007065
48,all,R18,Very_High,R18_OUT,0.30439388065276307,0.056426382199329765,-385393.30739437393,-21746.350060098724,0.1069182389937107,0.4,0.3333333333333333,2583.0,3110.471501007065
48,all,R19,Very_High,R19_OUT,0.47194642984994856,0.08748608733925493,-17588.767442603465,-1538.7724446734503,0.1069182389937107,0.4,0.3333333333333333,2583.0,3110.471501007065
48,all,R20,Very_High,R20_OUT,0.7223208722606794,0.1338987285859039,19577.07405447024,2621.3453253256516,0.1069182389937107,0.4,0.3333333333333333,2583.0,3110.471501007065
49,all,R1,Very_Low,R1_OUT,0.04329604976630143,0.007244486957785164,-21815.852007274283,-158.04465533966984,0.1462264150943396,0.4,0.3333333333333333,3647.0,2888.281479786958
49,all,R2,Low,R2_OUT,0.19403943302644608,0.03246753801891244,324302.90883221163,10529.317022153726,0.1462264150943396,0.4,0.3333333333333333,3647.0,2888.281479786958
49,all,R3,Low,R3_OUT,0.0923618913830836,0.015454401062747999,-92653.42018136085,-1431.9031153180601,0.1462264150943396,0.4,0.3333333333333333,3647.0,2888.281479786958
49,all,R4,Low,R4_OUT,0.02832194403109123,0.004738953213049421,205482.3252180978,973.7711253171706,0.1462264150943396,0.4,0.3333333333333333,3647.0,2888.281479786958
49,all,R5,Medium,R5_OUT,0.3199169405852945,0.05352992053904602,42632.69457517439,2282.1247529745033,0.1462264150943396,0.4,0.3333333333333333,3647.0,2888.281479786958
49,all,R6,Medium,R6_OUT,0.12693014701486802,0.021238514819767056,-88925.40682875043,-1888.6435707862306,0.1462264150943396,0.4,0.3333333333333333,3647.0,2888.281479786958
49,all,R7,Medium,R7_OUT,0.41393727912731737,0.0692618203315387,191944.92808781928,13294.455122768655,0.1462264150943396,0.4,0.3333333333333333,3647.0,2888.281479786958
49,all,R8,Medium,R8_OUT,0.060418175156326324,0.01010943687231853,-9393.633362884793,-94.96434348378904,0.1462264150943396,0.4,0.3333333333333333,3647.0,2888.281479786958
49,all,R9,High,R9_OUT,0.6824671968329441,0.11419343642801842,-81351.41586888417,-9289.797736352713,0.1462264150943396,0.4,0.3333333333333333,3647.0,2888.281479786958
49,all,R10,High,R10_OUT,0.20927243327650716,0.03501639114142983,143058.5034877217,5009.392514233666,0.1462264150943396,0.4,0.3333333333333333,3647.0,2888.281479786958
49,all,R11,Medium,R11_OUT,0.2707754752478786,0.0453073527379426,251157.0868095364,11379.262724713737,0.1462264150943396,0.4,0.3333333333333333,3647.0,2888.281479786958
49,all,R12,Medium,R12_OUT,0.03453032456329997,0.0057777669625097726,-170956.38016243433,-987.7461253327741,0.1462264150943396,0.4,0.3333333333333333,3647.0,2888.281479786958
49,all,R13,High,R13_OUT,0.15475417819056753,0.025894155046840412,155105.04955540076,4016.314201735413,0.1462264150943396,0.4,0.3333333333333333,3647.0,2888.281479786958
49,all,R14,High,R14_OUT,0.07366228799054202,0.012325500536620506,91418.4840671304,1126.7785744264488,0.1462264150943396,0.4,0.3333333333333333,3647.0,2888.281479786958
49,all,R15,High,R15_OUT,0.4464332856251133,0.07469919617815962,-205724.30631088742,-15367.440315732782,0.1462264150943396,0.4,0.3333333333333333,3647.0,2888.281479786958
49,all,R16,High,R16_OUT,0.9822652672230787,0.16435697842858515,8063.033393986276,1325.215805604364,0.1462264150943396,0.4,0.3333333333333333,3647.0,2888.281479786958
49,all,R17,High,R17_OUT,0.08695901464636499,0.014550367778765972,155398.77629635553,2261.1093474821528,0.1462264150943396,0.4,0.3333333333333333,3647.0,2888.281479786958
49,all,R18,Very_High,R18_OUT,0.3301314709833072,0.0552390610414181,-377398.86809099687,-20847.159111440673,0.1462264150943396,0.4,0.3333333333333333,3647.0,2888.281479786958
49,all,R19,Very_High,R19_OUT,0.6425450375297229,0.10751348377737471,-14801.89501216133,-1591.4032992644109,0.1462264150943396,0.4,0.3333333333333333,3647.0,2888.281479786958
49,all,R20,Very_High,R20_OUT,0.7833956831523414,0.13108123812716946,17909.829011156013,2347.6425614282293,0.1462264150943396,0.4,0.3333333333333333,3647.0,2888.281479786958
50,all,R1,Very_Low,R1_OUT,0.012139993849280066,0.004127188684292724,-92783.61631545317,-382.9354913448961,0.4528301886792453,0.8,0.3636363636363636,8232.0,8115.729861722655
50,all,R2,Low,R2_OUT,0.00736327847831115,0.0025032664754425817,357112.55373765924,893.9478837311698,0.4528301886792453,0.8,0.3636363636363636,8232.0,8115.729861722655
50,all,R3,Low,R3_OUT,0.029215344110493265,0.009932232183766423,-39321.94031150079,-390.55464109003043,0.4528301886792453,0.8,0.3636363636363636,8232.0,8115.729861722655
50,all,R4,Low,R4_OUT,0.09393578414558598,0.03193500014819344,224285.96768029078,7162.572411107795,0.4528301886792453,0.8,0.3636363636363636,8232.0,8115.729861722655
50,all,R5,Medium,R5_OUT,0.004990900678120694,0.0016967379933549268,16762.13043122011,28.440943552221963,0.4528301886792453,0.8,0.3636363636363636,8232.0,8115.729861722655
50,all,R6,Medium,R6_OUT,0.05697493312844578,0.01936955670780681,-117418.78152608825,-2274.349747331145,0.4528301886792453,0.8,0.3636363636363636,8232.0,8115.729861722655
50,all,R7,Medium,R7_OUT,0.017720001937069078,0.0060242033388388985,41626.21486074125,250.76478254730281,0.4528301886792453,0.8,0.3636363636363636,8232.0,8115.729861722655
50,all,R8,Medium,R8_OUT,0.22605993809997357,0.07685275874776935,63468.38091901333,4877.720166880459,0.4528301886792453,0.8,0.3636363636363636,8232.0,8115.729861722655
50,all,R9,High,R9_OUT,0.01201078703522055,0.004083262722917418,-90332.32620470494,-368.85062026608784,0.4528301886792453,0.8,0.3636363636363636,8232.0,8115.729861722655
50,all,R10,High,R10_OUT,0.038618155380680586,0.013128871058271173,217215.74448661346,2851.797501191126,0.4528301886792453,0.8,0.3636363636363636,8232.0,8115.729861722655
50,all,R11,Medium,R11_OUT,0.137112283390374,0.04661355446402039,477484.8085217399,22257.26412777047,0.4528301886792453,0.8,0.3636363636363636,8232.0,8115.729861722655
50,all,R12,Medium,R12_OUT,0.21378631892485433,0.07268014195703891,-166527.23874820286,-12103.223351933095,0.4528301886792453,0.8,0.3636363636363636,8232.0,8115.729861722655
50,all,R13,High,R13_OUT,0.12966795705502734,0.04408273444921065,21461.676403693273,946.0893817389008,0.4528301886792453,0.8,0.3636363636363636,8232.0,8115.729861722655
50,all,R14,High,R14_OUT,0.5144846818745029,0.17490744918295922,112326.78713440859,19646.791812596646,0.4528301886792453,0.8,0.3636363636363636,8232.0,8115.729861722655
50,all,R15,High,R15_OUT,0.09293601894419314,0.031595113680591744,-314037.665902204,-9922.055754167824,0.4528301886792453,0.8,0.3636363636363636,8232.0,8115.729861722655
50,all,R16,High,R16_OUT,0.023077690925818406,0.007845636993818655,-46970.44335339278,-368.513047989442,0.4528301886792453,0.8,0.3636363636363636,8232.0,8115.729861722655
50,all,R17,High,R17_OUT,0.43435466525903926,0.14766594461933527,84575.1701100026,12488.872385634502,0.4528301886792453,0.8,0.3636363636363636,8232.0,8115.729861722655
50,all,R18,Very_High,R18_OUT,0.31205073350938656,0.10608673054159415,-334060.44709391496,-35439.380635456626,0.4528301886792453,0.8,0.3636363636363636,8232.0,8115.729861722655
50,all,R19,Very_High,R19_OUT,0.17856854132712627,0.060707284722362406,-67131.51467720461,-4075.371975352511,0.4528301886792453,0.8,0.3636363636363636,8232.0,8115.729861722655
50,all,R20,Very_High,R20_OUT,0.4064000899480531,0.1381623313284148,14741.382186599343,2036.7037299037302,0.4528301886792453,0.8,0.3636363636363636,8232.0,8115.729861722655
51,all,R1,Very_Low,R1_OUT,0.04359111033493817,0.008121804356434335,-14212.805740244221,-115.43362757827043,0.1053459119496855,0.4,0.3333333333333333,3276.0,3115.4960527983676
51,all,R2,Low,R2_OUT,0.19536180275199308,0.03639940181565584,335181.3956345124,12200.40230083293,0.1053459119496855,0.4,0.3333333333333333,3276.0,3115.4960527983676
51,all,R3,Low,R3_OUT,0.0929913333838887,0.017325950423946135,-74303.68662565772,-1287.3819907925752,0.1053459119496855,0.4,0.3333333333333333,3276.0,3115.4960527983676
51,all,R4,Low,R4_OUT,0.020512299190193064,0.003821808612887465,195282.83815172384,746.333632797367,0.1053459119496855,0.4,0.3333333333333333,3276.0,3115.4960527983676
51,all,R5,Medium,R5_OUT,0.32209715967953373,0.060012468014232635,39364.61420780473,2362.367651038489,0.1053459119496855,0.4,0.3333333333333333,3276.0,3115.4960527983676
51,all,R6,Medium,R6_OUT,0.09192974708819263,0.01712815788930164,-100421.92200423815,-1720.0425356357257,0.1053459119496855,0.4,0.3333333333333333,3276.0,3115.4960527983676
51,all,R7,Medium,R7_OUT,0.4167582424627372,0.07764952264821856,205971.65905123818,15993.60100439027,0.1053459119496855,0.4,0.3333333333333333,3276.0,3115.4960527983676
51,all,R8,Medium,R8_OUT,0.04375814329593903,0.00815292558780241,-28310.256612206416,-230.81141553091004,0.1053459119496855,0.4,0.3333333333333333,3276.0,3115.4960527983676
51,all,R9,High,R9_OUT,0.687118179087916,0.12802241964982924,-80462.3976618752,-10300.990839500028,0.1053459119496855,0.4,0.3333333333333333,3276.0,3115.4960527983676
51,all,R10,High,R10_OUT,0.15156652943438628,0.02823955824000181,151607.53950578815,4281.32994149708,0.1053459119496855,0.4,0.3333333333333333,3276.0,3115.4960527983676
51,all,R11,Medium,R11_OUT,0.19611039254769688,0.036538877498133615,233590.5063194304,8535.134895132673,0.1053459119496855,0.4,0.3333333333333333,3276.0,3115.4960527983676
51,all,R12,Medium,R12_OUT,0.0317273169076906,0.005911367219116736,-171970.45291459069,-1016.5804980159695,0.1053459119496855,0.4,0.3333333333333333,3276.0,3115.4960527983676
51,all,R13,High,R13_OUT,0.14219196941634912,0.026492909856670206,137859.26005243987,3652.2929494765453,0.1053459119496855,0.4,0.3333333333333333,3276.0,3115.4960527983676
51,all,R14,High,R14_OUT,0.06768273350391432,0.01261050511454597,73174.67166717062,922.7695713140772,0.1053459119496855,0.4,0.3333333333333333,3276.0,3115.4960527983676
51,all,R15,High,R15_OUT,0.3233313755987396,0.060242424538679146,-213259.06385664348,-12847.243061573203,0.1053459119496855,0.4,0.3333333333333333,3276.0,3115.4960527983676
51,all,R16,High,R16_OUT,0.9889593594061613,0.18426083602471885,4249.428835972176,783.003309943781,0.1053459119496855,0.4,0.3333333333333333,3276.0,3115.4960527983676
51,all,R17,High,R17_OUT,0.06298046926978174,0.011734389093448119,158175.62565667112,1856.094336554974,0.1053459119496855,0.4,0.3333333333333333,3276.0,3115.4960527983676
51,all,R18,Very_High,R18_OUT,0.3033329669950968,0.05651636294330294,-385713.084966509,-21799.10070194827,0.1053459119496855,0.4,0.3333333333333333,3276.0,3115.4960527983676
51,all,R19,Very_High,R19_OUT,0.4653662205713951,0.08670605929816812,-17700.242339821154,-1534.718261908479,0.1053459119496855,0.4,0.3333333333333333,3276.0,3115.4960527983676
51,all,R20,Very_High,R20_OUT,0.7198033443887151,0.13411225117490602,19643.763856202808,2634.4693923036116,0.1053459119496855,0.4,0.3333333333333333,3276.0,3115.4960527983676
52,all,R1,Very_Low,R1_OUT,0.11942516881734822,0.01471294006208,30520.716845178962,449.04947759483343,0.1210691823899371,0.4,0.2121212121212121,2723.0,2326.0961929285186
52,all,R2,Low,R2_OUT,0.535226473811988,0.065938822668763,279893.1180508637,18455.82267736305,0.1210691823899371,0.4,0.2121212121212121,2723.0,2326.0961929285186
52,all,R3,Low,R3_OUT,0.1299141238403394,0.016005158177368143,-114387.02545997627,-1830.7824359255571,0.1210691823899371,0.4,0.2121212121212121,2723.0,2326.0961929285186
52,all,R4,Low,R4_OUT,0.0637873745040887,0.00785847595686862,187013.42280315375,1469.6404867102892,0.1210691823899371,0.4,0.2121212121212121,2723.0,2326.0961929285186
52,all,R5,Medium,R5_OUT,0.8824392720156493,0.10871473949891332,-12090.499916313012,-1314.4155488136023,0.1210691823899371,0.4,0.2121212121212121,2723.0,2326.0961929285186
52,all,R6,Medium,R6_OUT,0.28587517914053534,0.035219245805412566,-127780.93630850628,-4500.34820509505,0.1210691823899371,0.4,0.2121212121212121,2723.0,2326.0961929285186
52,all,R7,Medium,R7_OUT,0.582234708897795,0.07173014247254274,194377.99807126532,13942.761495179499,0.1210691823899371,0.4,0.2121212121212121,2723.0,2326.0961929285186
52,all,R8,Medium,R8_OUT,0.0693897354539096,0.008548675532696046,34642.58714652542,296.14823712879235,0.1210691823899371,0.4,0.2121212121212121,2723.0,2326.0961929285186
52,all,R9,High,R9_OUT,0.9599427490996916,0.11826301164483184,-79666.30749405752,-9421.577450870478,0.1210691823899371,0.4,0.2121212121212121,2723.0,2326.0961929285186
52,all,R10,High,R10_OUT,0.47132848861420995,0.05806671969739994,86681.51321318309,5033.311130696372,0.1210691823899371,0.4,0.2121212121212121,2723.0,2326.0961929285186
52,all,R11,Medium,R11_OUT,0.3109832189774364,0.03831250570075031,179422.89297831123,6874.140610076662,0.1210691823899371,0.4,0.2121212121212121,2723.0,2326.0961929285186
52,all,R12,Medium,R12_OUT,0.08923249469056173,0.010993263471789985,-156506.096419465,-1720.512752880546,0.1210691823899371,0.4,0.2121212121212121,2723.0,2326.0961929285186
52,all,R13,High,R13_OUT,0.39991229617369,0.04926838874886788,111746.45754341691,5505.567911557924,0.1210691823899371,0.4,0.2121212121212121,2723.0,2326.0961929285186
52,all,R14,High,R14_OUT,0.09706966697733549,0.011958787299416735,122401.88102172088,1463.778060187274,0.1210691823899371,0.4,0.2121212121212121,2723.0,2326.0961929285186
52,all,R15,High,R15_OUT,0.5127246479588949,0.06316664308264693,-211272.3246981884,-13345.363527451558,0.1210691823899371,0.4,0.2121212121212121,2723.0,2326.0961929285186
52,all,R16,High,R16_OUT,0.9230560632059358,0.11371864629858196,-8517.367071097164,-968.5834533532873,0.1210691823899371,0.4,0.2121212121212121,2723.0,2326.0961929285186
52,all,R17,High,R17_OUT,0.06672337084170775,0.008220184787307388,165760.06530306273,1362.5783671473155,0.1210691823899371,0.4,0.2121212121212121,2723.0,2326.0961929285186
52,all,R18,Very_High,R18_OUT,0.4350360655536804,0.05359556633429366,-407020.01706845785,-21814.46832417787,0.1210691823899371,0.4,0.2121212121212121,2723.0,2326.0961929285186
52,all,R19,Very_High,R19_OUT,0.4930227302591321,0.0607394065369906,16885.528953411267,1025.6170076933724,0.1210691823899371,0.4,0.2121212121212121,2723.0,2326.0961929285186
52,all,R20,Very_High,R20_OUT,0.6896920981965532,0.08496867622247836,16049.82554500849,1363.7324301610888,0.1210691823899371,0.4,0.2121212121212121,2723.0,2326.0961929285186
53,all,R1,Very_Low,R1_OUT,0.7839346694894138,0.08869789967619697,47272.92901678555,4193.009515330826,0.2122641509433962,0.8,0.1212121212121212,3472.0,3319.004078628117
53,all,R2,Low,R2_OUT,0.4754804122570193,0.05379799560572871,318919.77613951685,17157.244715333713,0.2122641509433962,0.8,0.1212121212121212,3472.0,3319.004078628117
53,all,R3,Low,R3_OUT,0.4209501687470741,0.04762819822795242,2607.6860635791745,124.19938875241786,0.2122641509433962,0.8,0.1212121212121212,3472.0,3319.004078628117
53,all,R4,Low,R4_OUT,0.8730697792552923,0.09878304749698416,139881.3191953545,13817.902998015506,0.2122641509433962,0.8,0.1212121212121212,3472.0,3319.004078628117
53,all,R5,Medium,R5_OUT,0.32228517758178776,0.03646479669905804,-107893.40179989807,-3934.310961803066,0.2122641509433962,0.8,0.1212121212121212,3472.0,3319.004078628117
53,all,R6,Medium,R6_OUT,0.5295435891868756,0.0599149469667702,-248632.85341767734,-14896.824226716888,0.2122641509433962,0.8,0.1212121212121212,3472.0,3319.004078628117
53,all,R7,Medium,R7_OUT,0.25531918355630717,0.028887962492124053,111770.60277277518,3228.824980622026,0.2122641509433962,0.8,0.1212121212121212,3472.0,3319.004078628117
53,all,R8,Medium,R8_OUT,0.46881313610591496,0.05304362994978786,63505.76758522157,3368.576435467726,0.2122641509433962,0.8,0.1212121212121212,3472.0,3319.004078628117
53,all,R9,High,R9_OUT,0.17305778806299665,0.01958053766622388,-82824.75549166373,-1621.753244600305,0.2122641509433962,0.8,0.1212121212121212,3472.0,3319.004078628117
53,all,R10,High,R10_OUT,0.3589297167222476,0.04061092491976544,144247.6623293073,5858.030984707176,0.2122641509433962,0.8,0.1212121212121212,3472.0,3319.004078628117
53,all,R11,Medium,R11_OUT,0.28434954072426916,0.03217258786699763,252264.25780918097,8115.9940000688175,0.2122641509433962,0.8,0.1212121212121212,3472.0,3319.004078628117
53,all,R12,Medium,R12_OUT,0.8501976201051482,0.09619518838495024,-142346.00983960726,-13693.001232367,0.2122641509433962,0.8,0.1212121212121212,3472.0,3319.004078628117
53,all,R13,High,R13_OUT,0.5156709234084863,0.0583453310723049,-145514.7587686693,-8490.106776264593,0.2122641509433962,0.8,0.1212121212121212,3472.0,3319.004078628117
53,all,R14,High,R14_OUT,0.4565314503627217,0.05165402470294523,89389.68487454593,4617.336990698285,0.2122641509433962,0.8,0.1212121212121212,3472.0,3319.004078628117
53,all,R15,High,R15_OUT,0.19273484220436046,0.02180688820547293,-360199.30510128604,-7854.82597803278,0.2122641509433962,0.8,0.1212121212121212,3472.0,3319.004078628117
53,all,R16,High,R16_OUT,0.2709371291631264,0.03065504720784941,-97879.17318816375,-3000.490674748428,0.2122641509433962,0.8,0.1212121212121212,3472.0,3319.004078628117
53,all,R17,High,R17_OUT,0.7339680382616534,0.0830444499484486,118220.77783873177,9817.579468095222,0.2122641509433962,0.8,0.1212121212121212,3472.0,3319.004078628117
53,all,R18,Very_High,R18_OUT,0.2769003217680669,0.03132974967989003,-431995.83127718174,-13534.321256670111,0.2122641509433962,0.8,0.1212121212121212,3472.0,3319.004078628117
53,all,R19,Very_High,R19_OUT,0.30174328136881523,0.034140594032216184,-17245.129309399326,-588.758958785275,0.2122641509433962,0.8,0.1212121212121212,3472.0,3319.004078628117
53,all,R20,Very_High,R20_OUT,0.29383839161322084,0.03324619919833318,19090.841263945174,634.69791152488,0.2122641509433962,0.8,0.1212121212121212,3472.0,3319.004078628117
54,all,R1,Very_Low,R1_OUT,0.0909611807194249,0.021442902231294535,76866.31636467768,1648.2369066875387,0.0,0.4,0.1515151515151515,1575.0,1177.2440189747613
54,all,R2,Low,R2_OUT,0.4076597294552922,0.09610042056632045,286558.0530201417,27538.349411901574,0.0,0.4,0.1515151515151515,1575.0,1177.2440189747613
54,all,R3,Low,R3_OUT,0.06299692345975896,0.014850696307325781,-76556.45827837949,-1136.9167122566705,0.0,0.4,0.1515151515151515,1575.0,1177.2440189747613
54,all,R4,Low,R4_OUT,0.01831563888873421,0.004317671020633018,150711.10207338154,650.7209579099042,0.0,0.4,0.1515151515151515,1575.0,1177.2440189747613
54,all,R5,Medium,R5_OUT,0.6721172671607996,0.15844280751092052,-48125.0796754608,-7625.072735466749,0.0,0.4,0.1515151515151515,1575.0,1177.2440189747613
54,all,R6,Medium,R6_OUT,0.08208499862389895,0.019350459022486402,-177718.6836294862,-3438.9381051025975,0.0,0.4,0.1515151515151515,1575.0,1177.2440189747613
54,all,R7,Medium,R7_OUT,0.28233262333452547,0.06655620332745184,232819.31908129237,15495.569939333382,0.0,0.4,0.1515151515151515,1575.0,1177.2440189747613
54,all,R8,Medium,R8_OUT,0.01268484964755709,0.0029902865009001755,6458.889547261613,19.313930223981647,0.0,0.4,0.1515151515151515,1575.0,1177.2440189747613
54,all,R9,High,R9_OUT,0.4654878015041993,0.10973262812301245,-76464.43575727423,-8390.643493588948,0.0,0.4,0.1515151515151515,1575.0,1177.2440189747613
54,all,R10,High,R10_OUT,0.1353352832366129,0.03190351338818453,81180.84443155177,2589.9541571861373,0.0,0.4,0.1515151515151515,1575.0,1177.2440189747613
54,all,R11,Medium,R11_OUT,0.05684955202433828,0.013401534328263777,96936.79399280198,1299.1017723663695,0.0,0.4,0.1515151515151515,1575.0,1177.2440189747613
54,all,R12,Medium,R12_OUT,0.0740971567451418,0.017467430338266036,-151972.14762101066,-2654.562901926686,0.0,0.4,0.1515151515151515,1575.0,1177.2440189747613
54,all,R13,High,R13_OUT,0.3320804175278286,0.07828359163389845,44299.48939495187,3467.923137384627,0.0,0.4,0.1515151515151515,1575.0,1177.2440189747613
54,all,R14,High,R14_OUT,0.05131741777250946,0.012097406424974276,89477.3081298921,1082.4433622599597,0.0,0.4,0.1515151515151515,1575.0,1177.2440189747613
54,all,R15,High,R15_OUT,0.0937290656523,0.02209539470702643,-234042.42122480687,-5171.259675150248,0.0,0.4,0.1515151515151515,1575.0,1177.2440189747613
54,all,R16,High,R16_OUT,0.5745762600050277,0.13544879772080176,-26928.287092214774,-3647.404111321076,0.0,0.4,0.1515151515151515,1575.0,1177.2440189747613
54,all,R17,High,R17_OUT,0.015657582101329663,0.003691069085975272,178310.04080109997,658.1546793199295,0.0,0.4,0.1515151515151515,1575.0,1177.2440189747613
54,all,R18,Very_High,R18_OUT,0.22998871034902812,0.054216814154244716,-443895.24403450894,-24066.585949772078,0.0,0.4,0.1515151515151515,1575.0,1177.2440189747613
54,all,R19,Very_High,R19_OUT,0.11569475252033733,0.02727351654129996,25037.473028177286,682.8599347863449,0.0,0.4,0.1515151515151515,1575.0,1177.2440189747613
54,all,R20,Very_High,R20_OUT,0.4680509516576454,0.1103368570667198,19721.420131482002,2175.9995142000603,0.0,0.4,0.1515151515151515,1575.0,1177.2440189747613
55,all,R1,Very_Low,R1_OUT,0.033342635108111016,0.00522630848357936,-36437.09482848595,-190.43149781910174,0.2248427672955975,0.4,0.3333333333333333,2926.0,2874.8716775724097
55,all,R2,Low,R2_OUT,0.14943132334029144,0.023422689609072737,303382.7419047102,7106.039796383451,0.2248427672955975,0.4,0.3333333333333333,2926.0,2874.8716775724097
55,all,R3,Low,R3_OUT,0.0711286331871799,0.011149094180655574,-127941.36932694384,-1426.4303762281352,0.2248427672955975,0.4,0.3333333333333333,2926.0,2874.8716775724097
55,all,R4,Low,R4_OUT,0.04109480890844437,0.00644142695179569,225096.72342266317,1449.9441010156427,0.2248427672955975,0.4,0.3333333333333333,2926.0,2874.8716775724097
55,all,R5,Medium,R5_OUT,0.24637060130000693,0.038617486575485076,48917.46451242373,1889.0695291152908,0.2248427672955975,0.4,0.3333333333333333,2926.0,2874.8716775724097
55,all,R6,Medium,R6_OUT,0.18417415593260653,0.02886847276724379,-66816.72379896638,-1928.896771386911,0.2248427672955975,0.4,0.3333333333333333,2926.0,2874.8716775724097
55,all,R7,Medium,R7_OUT,0.31877641794306955,0.04996677353361381,164970.44546585984,8243.040888332007,0.2248427672955975,0.4,0.3333333333333333,2926.0,2874.8716775724097
55,all,R8,Medium,R8_OUT,0.0876660641628451,0.013741262301875903,26984.488270426038,370.80093140581783,0.2248427672955975,0.4,0.3333333333333333,2926.0,2874.8716775724097
55,all,R9,High,R9_OUT,0.5255734608603325,0.08238128235312527,-83061.06626697835,-6842.677152691592,0.2248427672955975,0.4,0.3333333333333333,2926.0,2874.8716775724097
55,all,R10,High,R10_OUT,0.3036518483993305,0.04759606510398221,126618.0496068246,6026.520932425673,0.2248427672955975,0.4,0.3333333333333333,2926.0,2874.8716775724097
55,all,R11,Medium,R11_OUT,0.3928920415981785,0.06158406507096573,284938.9723674325,17547.70021553007,0.2248427672955975,0.4,0.3333333333333333,2926.0,2874.8716775724097
55,all,R12,Medium,R12_OUT,0.03920813219304108,0.0061456988399799205,-169006.24025444133,-1038.661454681088,0.2248427672955975,0.4,0.3333333333333333,2926.0,2874.8716775724097
55,all,R13,High,R13_OUT,0.17571865751792226,0.02754311132072734,188270.02936878707,5185.5423772611075,0.2248427672955975,0.4,0.3333333333333333,2926.0,2874.8716775724097
55,all,R14,High,R14_OUT,0.0836412852094843,0.013110396255437834,126502.73868243769,1658.501031524862,0.2248427672955975,0.4,0.3333333333333333,2926.0,2874.8716775724097
55,all,R15,High,R15_OUT,0.6477694660717163,0.10153495801868197,-191234.38795366423,-19416.97555260364,0.2248427672955975,0.4,0.3333333333333333,2926.0,2874.8716775724097
55,all,R16,High,R16_OUT,0.7564503588935166,0.11857020044375896,15396.88831324417,1825.612133511531,0.2248427672955975,0.4,0.3333333333333333,2926.0,2874.8716775724097
55,all,R17,High,R17_OUT,0.12617651125346488,0.01977760213175274,150058.68137267174,2967.8008966041575,0.2248427672955975,0.4,0.3333333333333333,2926.0,2874.8716775724097
55,all,R18,Very_High,R18_OUT,0.3748542337523747,0.05875671960579684,-361409.9894842428,-21235.26541485964,0.2248427672955975,0.4,0.3333333333333333,2926.0,2874.8716775724097
55,all,R19,Very_High,R19_OUT,0.9323253200192064,0.1461378116538514,-9228.150151277077,-1348.5816687207898,0.2248427672955975,0.4,0.3333333333333333,2926.0,2874.8716775724097
55,all,R20,Very_High,R20_OUT,0.8895219460850423,0.13942857479861787,14575.33892452755,2032.2187334536961,0.2248427672955975,0.4,0.3333333333333333,2926.0,2874.8716775724097
56,all,R1,Very_Low,R1_OUT,0.9660429937470418,0.12767778573066085,58752.47474330786,7501.385881422124,0.0864779874213836,0.8,0.1515151515151515,1876.0,2289.036809761893
56,all,R2,Low,R2_OUT,0.5859346943081606,0.07744049160986596,365168.1042730563,28278.79751514828,0.0864779874213836,0.8,0.1515151515151515,1876.0,2289.036809761893
56,all,R3,Low,R3_OUT,0.6690517433325548,0.08842571777949983,67324.84194781241,5953.247473626692,0.0864779874213836,0.8,0.1515151515151515,1876.0,2289.036809761893
56,all,R4,Low,R4_OUT,0.39046842796005704,0.0516065481581728,111546.35581542073,5756.522383257188,0.0864779874213836,0.8,0.1515151515151515,1876.0,2289.036809761893
56,all,R5,Medium,R5_OUT,0.3971521478877668,0.05248990693861786,-104771.0166716051,-5499.420914956932,0.0864779874213836,0.8,0.1515151515151515,1876.0,2289.036809761893
56,all,R6,Medium,R6_OUT,0.23683107320756824,0.031300953699868336,-276061.55853777565,-8640.990062104409,0.0864779874213836,0.8,0.1515151515151515,1876.0,2289.036809761893
56,all,R7,Medium,R7_OUT,0.40580039526538186,0.053632908940363155,156479.46608180553,8392.44895540212,0.0864779874213836,0.8,0.1515151515151515,1876.0,2289.036809761893
56,all,R8,Medium,R8_OUT,0.27042645527576264,0.03574111218246873,-8618.531886093166,-308.03591498903967,0.0864779874213836,0.8,0.1515151515151515,1876.0,2289.036809761893
56,all,R9,High,R9_OUT,0.27505539466927337,0.036352899376072285,-80373.81991657219,-2921.8213878977035,0.0864779874213836,0.8,0.1515151515151515,1876.0,2289.036809761893
56,all,R10,High,R10_OUT,0.16052636978939971,0.021216086218475892,185961.87241784902,3945.383118566299,0.0864779874213836,0.8,0.1515151515151515,1876.0,2289.036809761893
56,all,R11,Medium,R11_OUT,0.16402193632215722,0.02167808035089599,213444.23852972177,4627.0613532831185,0.0864779874213836,0.8,0.1515151515151515,1876.0,2289.036809761893
56,all,R12,Medium,R12_OUT,0.6914652630480635,0.09138801716599691,-149234.81582077782,-13638.273909993632,0.0864779874213836,0.8,0.1515151515151515,1876.0,2289.036809761893
56,all,R13,High,R13_OUT,0.4193948821649115,0.05542963434152156,-190392.27685216235,-10553.374287365099,0.0864779874213836,0.8,0.1515151515151515,1876.0,2289.036809761893
56,all,R14,High,R14_OUT,0.4788876299405666,0.06329253728910748,22702.287882182092,1436.885402331063,0.0864779874213836,0.8,0.1515151515151515,1876.0,2289.036809761893
56,all,R15,High,R15_OUT,0.11117563944215822,0.014693610494609056,-383155.36334459577,-5629.935667905898,0.0864779874213836,0.8,0.1515151515151515,1876.0,2289.036809761893
56,all,R16,High,R16_OUT,0.3395154490677931,0.04487231007202729,-106054.94933624615,-4758.930571289183,0.0864779874213836,0.8,0.1515151515151515,1876.0,2289.036809761893
56,all,R17,High,R17_OUT,0.33380170388280916,0.04411714871982044,124601.81505884376,5497.076805710572,0.0864779874213836,0.8,0.1515151515151515,1876.0,2289.036809761893
56,all,R18,Very_High,R18_OUT,0.29046003011607124,0.0383888643968488,-451451.8600921634,-17330.724238783216,0.0864779874213836,0.8,0.1515151515151515,1876.0,2289.036809761893
56,all,R19,Very_High,R19_OUT,0.13722998305846357,0.018137102060851607,-34530.87666707803,-626.2900343614737,0.0864779874213836,0.8,0.1515151515151515,1876.0,2289.036809761893
56,all,R20,Very_High,R20_OUT,0.24301520824446415,0.032118284474255195,25157.785476017867,808.0249106610274,0.0864779874213836,0.8,0.1515151515151515,1876.0,2289.036809761893
57,all,R1,Very_Low,R1_OUT,0.13117145431019428,0.019424531214169954,65971.62035100386,1281.4677987574444,0.1226415094339622,0.4,0.1212121212121212,2520.0,2221.293004493884
57,all,R2,Low,R2_OUT,0.5878696731223467,0.08705470923898609,241146.53156370236,20992.94118926809,0.1226415094339622,0.4,0.1212121212121212,2520.0,2221.293004493884
57,all,R3,Low,R3_OUT,0.07043526453886607,0.010430409587272463,-139862.09619678935,-1458.8189490670152,0.1226415094339622,0.4,0.1212121212121212,2520.0,2221.293004493884
57,all,R4,Low,R4_OUT,0.07095458133645065,0.010507312640591284,178261.48952513267,1873.0492022180574,0.1226415094339622,0.4,0.1212121212121212,2520.0,2221.293004493884
57,all,R5,Medium,R5_OUT,0.9692332344763441,0.1435289508369313,-51498.85560124374,-7391.576713749137,0.1226415094339622,0.4,0.1212121212121212,2520.0,2221.293004493884
57,all,R6,Medium,R6_OUT,0.3179963716659842,0.04709050821996297,-151174.32583057933,-7118.875833172256,0.1226415094339622,0.4,0.1212121212121212,2520.0,2221.293004493884
57,all,R7,Medium,R7_OUT,0.31566895525020644,0.046745852646428374,189189.43507714046,8843.821454377035,0.1226415094339622,0.4,0.1212121212121212,2520.0,2221.293004493884
57,all,R8,Medium,R8_OUT,0.03810055116762537,0.005642121979393966,77128.06415324387,435.16594598712516,0.1226415094339622,0.4,0.1212121212121212,2520.0,2221.293004493884
57,all,R9,High,R9_OUT,0.5204501210207021,0.07707088157518031,-78846.985316442,-6076.806667883483,0.1226415094339622,0.4,0.1212121212121212,2520.0,2221.293004493884
57,all,R10,High,R10_OUT,0.5242873819711715,0.07763912255033215,40124.252498245936,3115.211756951787,0.1226415094339622,0.4,0.1212121212121212,2520.0,2221.293004493884
57,all,R11,Medium,R11_OUT,0.17075482374180287,0.025286236408564113,134405.5378499453,3398.610204693929,0.1226415094339622,0.4,0.1212121212121212,2520.0,2221.293004493884
57,all,R12,Medium,R12_OUT,0.09832698108789073,0.014560755793864793,-145161.34723615984,-2113.6589278141337,0.1226415094339622,0.4,0.1212121212121212,2520.0,2221.293004493884
57,all,R13,High,R13_OUT,0.4406709564609376,0.06525678009722552,87850.40828590943,5732.83477496507,0.1226415094339622,0.4,0.1212121212121212,2520.0,2221.293004493884
57,all,R14,High,R14_OUT,0.052798735522561174,0.00781870332703163,154761.3349376436,1210.0329643728107,0.1226415094339622,0.4,0.1212121212121212,2520.0,2221.293004493884
57,all,R15,High,R15_OUT,0.28152710997776154,0.04168995582275166,-211665.9597157861,-8824.344509731454,0.1226415094339622,0.4,0.1212121212121212,2520.0,2221.293004493884
57,all,R16,High,R16_OUT,0.8148102621687294,0.12066121744517729,-19045.8651409027,-2298.097275197983,0.1226415094339622,0.4,0.1212121212121212,2520.0,2221.293004493884
57,all,R17,High,R17_OUT,0.05964975092095529,0.008833236276709563,172142.60737793532,1520.5763242581495,0.1226415094339622,0.4,0.1212121212121212,2520.0,2221.293004493884
57,all,R18,Very_High,R18_OUT,0.2366275159191326,0.03504099724497353,-425078.7703637975,-14895.184021214565,0.1226415094339622,0.4,0.1212121212121212,2520.0,2221.293004493884
57,all,R19,Very_High,R19_OUT,0.44075535584217884,0.06526927838371627,42100.270591420616,2747.8542812612154,0.1226415094339622,0.4,0.1212121212121212,2520.0,2221.293004493884
57,all,R20,Very_High,R20_OUT,0.6107871080625612,0.09044843871073678,13787.855522874454,1247.0900052132035,0.1226415094339622,0.4,0.1212121212121212,2520.0,2221.293004493884
58,all,R1,Very_Low,R1_OUT,0.1250729435766016,0.07279132719331072,-24494.162601928314,-1782.962604283119,0.080188679245283,1.0,0.3636363636363636,1603.0,1592.0932985570162
58,all,R2,Low,R2_OUT,0.027907545930482634,0.01624194049406017,507085.2624105992,8236.04865748784,0.080188679245283,1.0,0.3636363636363636,1603.0,1592.0932985570162
58,all,R3,Low,R3_OUT,0.30099266365933275,0.1751750205654505,219291.96078172897,38414.473739777335,0.080188679245283,1.0,0.3636363636363636,1603.0,1592.0932985570162
58,all,R4,Low,R4_OUT,0.04805558396461062,0.027967917247355745,100943.42804915969,2823.177442343307,0.080188679245283,1.0,0.3636363636363636,1603.0,1592.0932985570162
58,all,R5,Medium,R5_OUT,0.027907545930482634,0.01624194049406017,-44807.27103490103,-727.7570298500884,0.080188679245283,1.0,0.3636363636363636,1603.0,1592.0932985570162
58,all,R6,Medium,R6_OUT,0.01072265014604988,0.006240485854420518,-283545.1522077905,-1769.4595114422295,0.080188679245283,1.0,0.3636363636363636,1603.0,1592.0932985570162
58,all,R7,Medium,R7_OUT,0.06716054124580938,0.039086830392773456,146151.30143116319,5712.5911307229835,0.080188679245283,1.0,0.3636363636363636,1603.0,1592.0932985570162
58,all,R8,Medium,R8_OUT,0.11564753980827262,0.06730582705227263,-136510.59323787826,-9187.958379271771,0.080188679245283,1.0,0.3636363636363636,1603.0,1592.0932985570162
58,all,R9,High,R9_OUT,0.06716054124580938,0.039086830392773456,-83242.96767843577,-3253.703759038142,0.080188679245283,1.0,0.3636363636363636,1603.0,1592.0932985570162
58,all,R10,High,R10_OUT,0.01072265014604988,0.006240485854420518,356576.2595097076,2225.20910349251,0.080188679245283,1.0,0.3636363636363636,1603.0,1592.0932985570162
58,all,R11,Medium,R11_OUT,0.025804454078191777,0.015017959969096108,357032.35618892935,5361.897632917404,0.080188679245283,1.0,0.3636363636363636,1603.0,1592.0932985570162
58,all,R12,Medium,R12_OUT,0.08934502678547625,0.05199800126118869,-175474.81296136937,-9124.339545672134,0.080188679245283,1.0,0.3636363636363636,1603.0,1592.0932985570162
58,all,R13,High,R13_OUT,0.019935570135109063,0.011602322348807287,-271326.94993267744,-3148.0227350376194,0.080188679245283,1.0,0.3636363636363636,1603.0,1592.0932985570162
58,all,R14,High,R14_OUT,0.2150121107560298,0.12513511281503484,-106656.42990442184,-13346.464388538681,0.080188679245283,1.0,0.3636363636363636,1603.0,1592.0932985570162
58,all,R15,High,R15_OUT,0.025804454078191777,0.015017959969096108,-465245.8050718091,-6987.04287635832,0.080188679245283,1.0,0.3636363636363636,1603.0,1592.0932985570162
58,all,R16,High,R16_OUT,0.1290431849916659,0.07510197195480847,-125329.86699828271,-9412.520156404904,0.080188679245283,1.0,0.3636363636363636,1603.0,1592.0932985570162
58,all,R17,High,R17_OUT,0.22220676898194525,0.12932233913265892,85970.15938516182,11117.862107296638,0.080188679245283,1.0,0.3636363636363636,1603.0,1592.0932985570162
58,all,R18,Very_High,R18_OUT,0.04797568670684485,0.027921417762610555,-422419.9229524712,-11794.563140005712,0.080188679245283,1.0,0.3636363636363636,1603.0,1592.0932985570162
58,all,R19,Very_High,R19_OUT,0.04958103194900658,0.02885571424143973,-126400.79983890997,-3647.385360041007,0.080188679245283,1.0,0.3636363636363636,1603.0,1592.0932985570162
58,all,R20,Very_High,R20_OUT,0.09218114237874583,0.05364859500436144,35099.01741713182,1883.0129704627334,0.080188679245283,1.0,0.3636363636363636,1603.0,1592.0932985570162
59,all,R1,Very_Low,R1_OUT,0.026942645908422647,0.004003914891155501,-13927.861331304535,-55.765971386359105,0.360062893081761,0.4,0.2121212121212121,3626.0,3996.985196209149
59,all,R2,Low,R2_OUT,0.1207485616937664,0.017944301606255434,216295.81059125927,3881.277261419055,0.360062893081761,0.4,0.2121212121212121,3626.0,3996.985196209149
59,all,R3,Low,R3_OUT,0.029308982953891165,0.004355573453794385,-221662.3908625485,-965.4668253455112,0.360062893081761,0.4,0.2121212121212121,3626.0,3996.985196209149
59,all,R4,Low,R4_OUT,0.09872346175289996,0.014671177432328075,246641.1933450324,3618.5167096861046,0.360062893081761,0.4,0.2121212121212121,3626.0,3996.985196209149
59,all,R5,Medium,R5_OUT,0.19908072207095928,0.0295851517460918,7015.2006929249765,207.54577702947378,0.360062893081761,0.4,0.2121212121212121,3626.0,3996.985196209149
59,all,R6,Medium,R6_OUT,0.4424478595239099,0.06575165554745524,-60570.539897962764,-3982.6132756942425,0.360062893081761,0.4,0.2121212121212121,3626.0,3996.985196209149
59,all,R7,Medium,R7_OUT,0.1313537485671787,0.019520325942924913,112375.57090050868,2193.6077720001977,0.360062893081761,0.4,0.2121212121212121,3626.0,3996.985196209149
59,all,R8,Medium,R8_OUT,0.10739421315559536,0.01595972759094136,145232.0769117903,2317.864384978817,0.360062893081761,0.4,0.2121212121212121,3626.0,3996.985196209149
59,all,R9,High,R9_OUT,0.21656571924890394,0.032183576593099825,-84863.64470426379,-2731.215609309284,0.360062893081761,0.4,0.2121212121212121,3626.0,3996.985196209149
59,all,R10,High,R10_OUT,0.7294731971728122,0.10840615308483748,36702.53341525598,3978.780456015603,0.360062893081761,0.4,0.2121212121212121,3626.0,3996.985196209149
59,all,R11,Medium,R11_OUT,0.4813074713169883,0.07152653670989477,282119.8250743154,20179.054024767112,0.360062893081761,0.4,0.2121212121212121,3626.0,3996.985196209149
59,all,R12,Medium,R12_OUT,0.11878731655196903,0.017652843274540732,-150577.6710991663,-2658.1240285589242,0.360062893081761,0.4,0.2121212121212121,3626.0,3996.985196209149
59,all,R13,High,R13_OUT,0.5323678182857476,0.07911455476390003,212567.99617611128,16817.22237452745,0.360062893081761,0.4,0.2121212121212121,3626.0,3996.985196209149
59,all,R14,High,R14_OUT,0.12922024985199235,0.019203269210448414,229058.01505225495,4398.662727859397,0.360062893081761,0.4,0.2121212121212121,3626.0,3996.985196209149
59,all,R15,High,R15_OUT,0.7935418657072101,0.117927322493117,-167222.9728922299,-19720.15745251976,0.360062893081761,0.4,0.2121212121212121,3626.0,3996.985196209149
59,all,R16,High,R16_OUT,0.2082439816569676,0.030946892966039048,13777.551883446817,426.3724234710783,0.360062893081761,0.4,0.2121212121212121,3626.0,3996.985196209149
59,all,R17,High,R17_OUT,0.10326749142016602,0.0153464603318792,149526.17673506396,2294.697539842218,0.360062893081761,0.4,0.2121212121212121,3626.0,3996.985196209149
59,all,R18,Very_High,R18_OUT,0.5791249814280282,0.08606308173522614,-358413.8261039255,-30846.198411017267,0.360062893081761,0.4,0.2121212121212121,3626.0,3996.985196209149
59,all,R19,Very_High,R19_OUT,0.7630492872994462,0.11339585631226928,33829.713330499406,3836.149311910571,0.360062893081761,0.4,0.2121212121212121,3626.0,3996.985196209149
59,all,R20,Very_High,R20_OUT,0.9181260019230549,0.13644162431380147,5912.975681657976,806.7760065334217,0.360062893081761,0.4,0.2121212121212121,3626.0,3996.985196209149
60,all,R1,Very_Low,R1_OUT,0.05697127057189946,0.007436787520240207,-44035.63158079196,-327.4836353859292,0.3883647798742138,0.6,0.2727272727272727,6783.0,6168.212150740073
60,all,R2,Low,R2_OUT,0.09392974561070291,0.012261189770297292,285127.79003301606,3496.0059423802904,0.3883647798742138,0.6,0.2727272727272727,6783.0,6168.212150740073
60,all,R3,Low,R3_OUT,0.09017306688483552,0.011770808896119237,-126504.15590919086,-1489.0562437719586,0.3883647798742138,0.6,0.2727272727272727,6783.0,6168.212150740073
60,all,R4,Low,R4_OUT,0.26222642293083875,0.03422992273040811,229428.23205192614,7853.310655311573,0.3883647798742138,0.6,0.2727272727272727,6783.0,6168.212150740073
60,all,R5,Medium,R5_OUT,0.07521306055695072,0.00981799325333799,3854.1599625592644,37.84011650969226,0.3883647798742138,0.6,0.2727272727272727,6783.0,6168.212150740073
60,all,R6,Medium,R6_OUT,0.4323382812256818,0.056435601700045676,-98052.25167265395,-5533.637821190536,0.3883647798742138,0.6,0.2727272727272727,6783.0,6168.212150740073
60,all,R7,Medium,R7_OUT,0.1486702534172937,0.019406783000378087,82430.17832672804,1599.70458346928,0.3883647798742138,0.6,0.2727272727272727,6783.0,6168.212150740073
60,all,R8,Medium,R8_OUT,0.41504710245266563,0.05417848471426381,102942.91336874902,5577.291058390552,0.3883647798742138,0.6,0.2727272727272727,6783.0,6168.212150740073
60,all,R9,High,R9_OUT,0.11904583261234748,0.01553973701869281,-87062.51333199313,-1352.92856136561,0.3883647798742138,0.6,0.2727272727272727,6783.0,6168.212150740073
60,all,R10,High,R10_OUT,0.34618943249016904,0.04519009713734197,123035.70140398787,5559.995297807213,0.3883647798742138,0.6,0.2727272727272727,6783.0,6168.212150740073
60,all,R11,Medium,R11_OUT,0.6842969861561652,0.0893252201627085,364416.98431312427,32551.62735480011,0.3883647798742138,0.6,0.2727272727272727,6783.0,6168.212150740073
60,all,R12,Medium,R12_OUT,0.36775482838752527,0.04800515226018845,-157116.69603833207,-7542.410915937879,0.3883647798742138,0.6,0.2727272727272727,6783.0,6168.212150740073
60,all,R13,High,R13_OUT,0.6063252079651883,0.07914711563457104,105293.66612386092,8333.689968293136,0.3883647798742138,0.6,0.2727272727272727,6783.0,6168.212150740073
60,all,R14,High,R14_OUT,0.5820754988351297,0.0759816616712391,167899.3173357472,12757.269124636754,0.3883647798742138,0.6,0.2727272727272727,6783.0,6168.212150740073
60,all,R15,High,R15_OUT,0.5479421915184868,0.07152604480805931,-244076.90618350194,-17457.85572829365,0.3883647798742138,0.6,0.2727272727272727,6783.0,6168.212150740073
60,all,R16,High,R16_OUT,0.12048495537720089,0.015727593987833924,-20062.428227767406,-315.53372557638426,0.3883647798742138,0.6,0.2727272727272727,6783.0,6168.212150740073
60,all,R17,High,R17_OUT,0.4200645291069114,0.054833438264561135,119360.45258387158,6544.944007987799,0.3883647798742138,0.6,0.2727272727272727,6783.0,6168.212150740073
60,all,R18,Very_High,R18_OUT,0.959680256082866,0.12527258178051257,-352977.6671563861,-44218.423675542916,0.3883647798742138,0.6,0.2727272727272727,6783.0,6168.212150740073
60,all,R19,Very_High,R19_OUT,0.5545661620039192,0.07239070976192118,-13748.984201224026,-995.2987248320482,0.3883647798742138,0.6,0.2727272727272727,6783.0,6168.212150740073
60,all,R20,Very_High,R20_OUT,0.777741546629225,0.10152307592727958,10728.231617319627,1089.163073050582,0.3883647798742138,0.6,0.2727272727272727,6783.0,6168.212150740073
61,all,R1,Very_Low,R1_OUT,0.09555853125350597,0.021416002605945516,75404.19208255653,1614.856374139247,0.0078616352201257,0.4,0.1515151515151515,1267.0,1674.766018878403
61,all,R2,Low,R2_OUT,0.42826362509639615,0.09597986480939756,284466.03632739163,27303.011709568225,0.0078616352201257,0.4,0.1515151515151515,1267.0,1674.766018878403
61,all,R3,Low,R3_OUT,0.06618090741228189,0.014832066451976439,-80085.25319293776,-1187.8297971810111,0.0078616352201257,0.4,0.1515151515151515,1267.0,1674.766018878403
61,all,R4,Low,R4_OUT,0.020499660811082523,0.004594260539506096,152672.54189383806,701.4174346889515,0.0078616352201257,0.4,0.1515151515151515,1267.0,1674.766018878403
61,all,R5,Medium,R5_OUT,0.7060873481635733,0.1582440446701764,-47496.60268173588,-7516.054516450232,0.0078616352201257,0.4,0.1515151515151515,1267.0,1674.766018878403
61,all,R6,Medium,R6_OUT,0.09187310580266611,0.020590047246189937,-175507.8153265078,-3613.714209648374,0.0078616352201257,0.4,0.1515151515151515,1267.0,1674.766018878403
61,all,R7,Medium,R7_OUT,0.2966022494146792,0.0664727101083507,230121.87081909645,15296.824408549126,0.0078616352201257,0.4,0.1515151515151515,1267.0,1674.766018878403
61,all,R8,Medium,R8_OUT,0.014197436234367198,0.003181843917068344,10096.70171059265,32.12612892030277,0.0078616352201257,0.4,0.1515151515151515,1267.0,1674.766018878403
61,all,R9,High,R9_OUT,0.4890144375474861,0.10959497107672117,-76635.40079708365,-8398.854533809317,0.0078616352201257,0.4,0.1515151515151515,1267.0,1674.766018878403
61,all,R10,High,R10_OUT,0.15147314374213894,0.03394724885951394,79536.79904346207,2700.055510617557,0.0078616352201257,0.4,0.1515151515151515,1267.0,1674.766018878403
61,all,R11,Medium,R11_OUT,0.06362849479838509,0.014260035106646855,100314.98254859156,1430.4951728655824,0.0078616352201257,0.4,0.1515151515151515,1267.0,1674.766018878403
61,all,R12,Medium,R12_OUT,0.07586468569090846,0.01700233652760463,-151777.13363021138,-2580.565903176072,0.0078616352201257,0.4,0.1515151515151515,1267.0,1674.766018878403
61,all,R13,High,R13_OUT,0.3400019326855771,0.07619918578597533,47615.98737629046,3628.2994684686128,0.0078616352201257,0.4,0.1515151515151515,1267.0,1674.766018878403
61,all,R14,High,R14_OUT,0.0525415540999922,0.011775296718832484,92985.73359142279,1094.9346036573122,0.0078616352201257,0.4,0.1515151515151515,1267.0,1674.766018878403
61,all,R15,High,R15_OUT,0.10490565279672993,0.023510823201259235,-232593.42938908457,-5468.462996141341,0.0078616352201257,0.4,0.1515151515151515,1267.0,1674.766018878403
61,all,R16,High,R16_OUT,0.6036164335704123,0.1352788803339964,-26194.901600288995,-3543.6169589463057,0.0078616352201257,0.4,0.1515151515151515,1267.0,1674.766018878403
61,all,R17,High,R17_OUT,0.017524647878724223,0.003927518555547763,177776.0313087316,698.2186616966834,0.0078616352201257,0.4,0.1515151515151515,1267.0,1674.766018878403
61,all,R18,Very_High,R18_OUT,0.23547490874851124,0.05277321860477924,-442296.35617383354,-23341.402292459017,0.0078616352201257,0.4,0.1515151515151515,1267.0,1674.766018878403
61,all,R19,Very_High,R19_OUT,0.12949060628989928,0.029020654936533493,25594.847514265704,742.779237864697,0.0078616352201257,0.4,0.1515151515151515,1267.0,1674.766018878403
61,all,R20,Very_High,R20_OUT,0.4792159361386829,0.10739898994397862,19387.97112281916,2082.2485156538028,0.0078616352201257,0.4,0.1515151515151515,1267.0,1674.766018878403
62,all,R1,Very_Low,R1_OUT,0.12108651365304808,0.02184335388107792,76206.49032585202,1664.6053362225266,0.0676100628930817,0.4,0.1212121212121212,2548.0,2703.8935595633848
62,all,R2,Low,R2_OUT,0.5426721048042066,0.09789512034835349,255790.6484129534,25040.656310369446,0.0676100628930817,0.4,0.1212121212121212,2548.0,2703.8935595633848
62,all,R3,Low,R3_OUT,0.06501994405789423,0.011729247168301152,-115160.5317948813,-1350.7463414551664,0.0676100628930817,0.4,0.1212121212121212,2548.0,2703.8935595633848
62,all,R4,Low,R4_OUT,0.0420395735241195,0.007583712287960655,164531.41078193695,1247.7588817024773,0.0676100628930817,0.4,0.1212121212121212,2548.0,2703.8935595633848
62,all,R5,Medium,R5_OUT,0.8947150422063044,0.1614017672160793,-55898.194557318275,-9022.067385739394,0.0676100628930817,0.4,0.1212121212121212,2548.0,2703.8935595633848
62,all,R6,Medium,R6_OUT,0.18840829718471988,0.033987840473541746,-166650.40395142816,-5664.0873443524315,0.0676100628930817,0.4,0.1212121212121212,2548.0,2703.8935595633848
62,all,R7,Medium,R7_OUT,0.29139917263825704,0.05256683883746899,208071.57291251203,10937.664839950698,0.0676100628930817,0.4,0.1212121212121212,2548.0,2703.8935595633848
62,all,R8,Medium,R8_OUT,0.022574031048478976,0.004072233429126847,51663.3790099263,210.38533906587213,0.0676100628930817,0.4,0.1212121212121212,2548.0,2703.8935595633848
62,all,R9,High,R9_OUT,0.480436014193113,0.08666806532480069,-77650.23003777608,-6729.795209399778,0.0676100628930817,0.4,0.1212121212121212,2548.0,2703.8935595633848
62,all,R10,High,R10_OUT,0.3106327671448386,0.056036475533890975,51632.57021487389,2893.307257597689,0.0676100628930817,0.4,0.1212121212121212,2548.0,2703.8935595633848
62,all,R11,Medium,R11_OUT,0.10116978822344037,0.01825048405118309,110758.21795941802,2021.391090405819,0.0676100628930817,0.4,0.1212121212121212,2548.0,2703.8935595633848
62,all,R12,Medium,R12_OUT,0.08661625231008013,0.015625104679146788,-146526.44517175492,-2289.491044071933,0.0676100628930817,0.4,0.1212121212121212,2548.0,2703.8935595633848
62,all,R13,High,R13_OUT,0.3881871112917304,0.07002686086342035,64634.92241653902,4526.180718980947,0.0676100628930817,0.4,0.1212121212121212,2548.0,2703.8935595633848
62,all,R14,High,R14_OUT,0.04651041399905805,0.008390227792401977,130202.35670692852,1092.4274318787077,0.0676100628930817,0.4,0.1212121212121212,2548.0,2703.8935595633848
62,all,R15,High,R15_OUT,0.1668007817962134,0.030089961255758996,-221808.90256584232,-6674.221284388617,0.0676100628930817,0.4,0.1212121212121212,2548.0,2703.8935595633848
62,all,R16,High,R16_OUT,0.7521646722115344,0.13568644943431268,-24179.56358438322,-3280.839131636162,0.0676100628930817,0.4,0.1212121212121212,2548.0,2703.8935595633848
62,all,R17,High,R17_OUT,0.03534162336391223,0.006375438210085698,175880.67382451397,1121.3163683164257,0.0676100628930817,0.4,0.1212121212121212,2548.0,2703.8935595633848
62,all,R18,Very_High,R18_OUT,0.20844521407647706,0.037602392194854624,-436270.98538852535,-16404.83269581502,0.0676100628930817,0.4,0.1212121212121212,2548.0,2703.8935595633848
62,all,R19,Very_High,R19_OUT,0.2611412376632256,0.04710847058958923,38198.64918880163,1799.4799418726982,0.0676100628930817,0.4,0.1212121212121212,2548.0,2703.8935595633848
62,all,R20,Very_High,R20_OUT,0.5380424546178433,0.09705995642864486,16121.998583514374,1564.8004800585793,0.0676100628930817,0.4,0.1212121212121212,2548.0,2703.8935595633848
63,all,R1,Very_Low,R1_OUT,0.5859346943081606,0.08109629824359796,11094.703593642364,899.7393915543391,0.0864779874213836,0.8,0.2727272727272727,1155.0,683.3007262201791
63,all,R2,Low,R2_OUT,0.35538735668724875,0.04918739127394193,416272.34847120475,20475.35088077585,0.0864779874213836,0.8,0.2727272727272727,1155.0,683.3007262201791
63,all,R3,Low,R3_OUT,0.9274065305128729,0.12835771174180988,100350.59095301435,12880.77222666729,0.0864779874213836,0.8,0.2727272727272727,1155.0,683.3007262201791
63,all,R4,Low,R4_OUT,0.23683107320756824,0.03277860746728758,123738.65080490388,4055.9806632657123,0.0864779874213836,0.8,0.2727272727272727,1155.0,683.3007262201791
63,all,R5,Medium,R5_OUT,0.2408849542646565,0.03333968492257955,-52058.948560037505,-1735.6289423924268,0.0864779874213836,0.8,0.2727272727272727,1155.0,683.3007262201791
63,all,R6,Medium,R6_OUT,0.14364530707303733,0.019881230411595383,-244280.80762755068,-4856.603021573942,0.0864779874213836,0.8,0.2727272727272727,1155.0,683.3007262201791
63,all,R7,Medium,R7_OUT,0.5625004947737772,0.07785288758196396,162678.2305373865,12664.969994059968,0.0864779874213836,0.8,0.2727272727272727,1155.0,683.3007262201791
63,all,R8,Medium,R8_OUT,0.3748518154918413,0.05188136992327121,-64295.751318162846,-3335.7516586322595,0.0864779874213836,0.8,0.2727272727272727,1155.0,683.3007262201791
63,all,R9,High,R9_OUT,0.38126822299047086,0.05276943287843675,-81511.84016400871,-4301.333578332523,0.0864779874213836,0.8,0.2727272727272727,1155.0,683.3007262201791
63,all,R10,High,R10_OUT,0.09736416496963873,0.013475688395512588,247599.80793427466,3336.5778585110506,0.0864779874213836,0.8,0.2727272727272727,1155.0,683.3007262201791
63,all,R11,Medium,R11_OUT,0.22735911894474484,0.031467641526356865,274368.2289824202,8633.721075840194,0.0864779874213836,0.8,0.2727272727272727,1155.0,683.3007262201791
63,all,R12,Medium,R12_OUT,0.4193948821649115,0.05804635358901736,-164309.1443343049,-9537.54668993795,0.0864779874213836,0.8,0.2727272727272727,1155.0,683.3007262201791
63,all,R13,High,R13_OUT,0.2543758545595859,0.03520689313625948,-157646.4783804621,-5550.242717648569,0.0864779874213836,0.8,0.2727272727272727,1155.0,683.3007262201791
63,all,R14,High,R14_OUT,0.6638104149860352,0.09187468827814774,-19508.0705493067,-1792.2979006256674,0.0864779874213836,0.8,0.2727272727272727,1155.0,683.3007262201791
63,all,R15,High,R15_OUT,0.15410618846762844,0.021329068823806727,-382244.11883160623,-8152.911118054686,0.0864779874213836,0.8,0.2727272727272727,1155.0,683.3007262201791
63,all,R16,High,R16_OUT,0.38587730310004104,0.053407352665104574,-91821.38244532523,-4903.936954454927,0.0864779874213836,0.8,0.2727272727272727,1155.0,683.3007262201791
63,all,R17,High,R17_OUT,0.37938332885340176,0.05250855408327025,115949.3564277154,6088.333052905073,0.0864779874213836,0.8,0.2727272727272727,1155.0,683.3007262201791
63,all,R18,Very_High,R18_OUT,0.4026213689255968,0.05572481529223748,-426947.1522688637,-23791.55119972922,0.0864779874213836,0.8,0.2727272727272727,1155.0,683.3007262201791
63,all,R19,Very_High,R19_OUT,0.15596914930516348,0.021586911940393756,-68001.89898813359,-1467.951005236391,0.0864779874213836,0.8,0.2727272727272727,1155.0,683.3007262201791
63,all,R20,Very_High,R20_OUT,0.27619966463129714,0.038227417825409095,28084.82576988649,1073.6103692592676,0.0864779874213836,0.8,0.2727272727272727,1155.0,683.3007262201791
64,all,R1,Very_Low,R1_OUT,0.009954012011589032,0.003004320467221522,67061.83393599954,201.47524026333426,0.0581761006289308,0.2,0.1515151515151515,546.0,563.6714616186728
64,all,R2,Low,R2_OUT,0.1212646912159533,0.03660011594794406,220266.01205720755,8061.761580685041,0.0581761006289308,0.2,0.1515151515151515,546.0,563.6714616186728
64,all,R3,Low,R3_OUT,0.006893843371996636,0.002080700195679453,-194018.56278927746,-403.69446156109586,0.0581761006289308,0.2,0.1515151515151515,546.0,563.6714616186728
64,all,R4,Low,R4_OUT,0.0032029282934375788,0.0009667079983241138,195596.04888625126,189.08426489893347,0.0581761006289308,0.2,0.1515151515151515,546.0,563.6714616186728
64,all,R5,Medium,R5_OUT,0.7174860212913196,0.2165516714467718,-11694.757958337024,-2532.519383043319,0.0581761006289308,0.2,0.1515151515151515,546.0,563.6714616186728
64,all,R6,Medium,R6_OUT,0.039019654591369614,0.011776914351347268,-100027.0450669201,-1178.0099425714714,0.0581761006289308,0.2,0.1515151515151515,546.0,563.6714616186728
64,all,R7,Medium,R7_OUT,0.08398420524538475,0.02534811756789949,236192.1629987081,5987.026716307733,0.0581761006289308,0.2,0.1515151515151515,546.0,563.6714616186728
64,all,R8,Medium,R8_OUT,0.002218249883663771,0.0006695123051030908,60925.37717090994,40.79028970897114,0.0581761006289308,0.2,0.1515151515151515,546.0,563.6714616186728
64,all,R9,High,R9_OUT,0.49690880889240524,0.14997704474939674,-76715.19269116673,-11505.517887201706,0.0581761006289308,0.2,0.1515151515151515,546.0,563.6714616186728
64,all,R10,High,R10_OUT,0.23086734023069244,0.0696803936604191,7582.144932045929,528.3268436553119,0.0581761006289308,0.2,0.1515151515151515,546.0,563.6714616186728
64,all,R11,Medium,R11_OUT,0.027023815811065093,0.008156329613535072,82261.70409402806,670.9535731619803,0.0581761006289308,0.2,0.1515151515151515,546.0,563.6714616186728
64,all,R12,Medium,R12_OUT,0.007161241612455352,0.002161406347708789,-150825.1330398161,-325.99439994628113,0.0581761006289308,0.2,0.1515151515151515,546.0,563.6714616186728
64,all,R13,High,R13_OUT,0.08724178269487579,0.026331319777588496,204428.1964777773,5382.864213012044,0.0581761006289308,0.2,0.1515151515151515,546.0,563.6714616186728
64,all,R14,High,R14_OUT,0.004959656264008343,0.0014969237335655005,168123.50670749345,251.66806736070555,0.0581761006289308,0.2,0.1515151515151515,546.0,563.6714616186728
64,all,R15,High,R15_OUT,0.15989163780462212,0.0482585031477486,-140793.95548409453,-6794.505543913152,0.0581761006289308,0.2,0.1515151515151515,546.0,563.6714616186728
64,all,R16,High,R16_OUT,0.6133608744511334,0.18512461374981418,22095.716875643593,4090.461052128771,0.0581761006289308,0.2,0.1515151515151515,546.0,563.6714616186728
64,all,R17,High,R17_OUT,0.002738103378420367,0.0008264145162351985,198275.43122067596,163.8576945735603,0.0581761006289308,0.2,0.1515151515151515,546.0,563.6714616186728
64,all,R18,Very_High,R18_OUT,0.06042098248344683,0.018236264343795418,-419491.28260296903,-7649.953919465531,0.0581761006289308,0.2,0.1515151515151515,546.0,563.6714616186728
64,all,R19,Very_High,R19_OUT,0.19736272134089317,0.05956802769583234,62011.778746345626,3693.9193538301433,0.0581761006289308,0.2,0.1515151515151515,546.0,563.6714616186728
64,all,R20,Very_High,R20_OUT,0.4412718622860355,0.13318469838406982,12701.745247463363,1691.6781097347002,0.0581761006289308,0.2,0.1515151515151515,546.0,563.6714616186728
65,all,R1,Very_Low,R1_OUT,0.1259253098791159,0.019849085771146573,-37669.780617951474,-747.7107064659936,0.1619496855345912,0.6,0.3636363636363636,2275.0,3741.8922992390253
65,all,R2,Low,R2_OUT,0.2076157369172034,0.03272560991484061,383706.05393283156,12557.014642968637,0.1619496855345912,0.6,0.3636363636363636,2275.0,3741.8922992390253
65,all,R3,Low,R3_OUT,0.30304391468510006,0.04776755888695381,-105.55061601047055,-5.041895265834402,0.1619496855345912,0.6,0.3636363636363636,2275.0,3741.8922992390253
65,all,R4,Low,R4_OUT,0.0934997105162188,0.014737972655341398,182082.98646489036,2683.534075522452,0.1619496855345912,0.6,0.3636363636363636,2275.0,3741.8922992390253
65,all,R5,Medium,R5_OUT,0.16624568598374073,0.026204619892078018,25288.073626956873,662.6643571972876,0.1619496855345912,0.6,0.3636363636363636,2275.0,3741.8922992390253
65,all,R6,Medium,R6_OUT,0.1541549615323944,0.024298809003858213,-137889.6956157633,-3350.555377367578,0.1619496855345912,0.6,0.3636363636363636,2275.0,3741.8922992390253
65,all,R7,Medium,R7_OUT,0.49963494809755943,0.07875539038634169,164765.7616196569,12976.191878658994,0.1619496855345912,0.6,0.3636363636363636,2275.0,3741.8922992390253
65,all,R8,Medium,R8_OUT,0.22501051078578846,0.03546747617523491,-43583.99150923836,-1545.8141804755521,0.1619496855345912,0.6,0.3636363636363636,2275.0,3741.8922992390253
65,all,R9,High,R9_OUT,0.400076390746114,0.0630623867636586,-82992.23537105932,-5233.688445350331,0.1619496855345912,0.6,0.3636363636363636,2275.0,3741.8922992390253
65,all,R10,High,R10_OUT,0.12343764354418997,0.01945696521572098,216612.66021829066,4214.624995152069,0.1619496855345912,0.6,0.3636363636363636,2275.0,3741.8922992390253
65,all,R11,Medium,R11_OUT,0.37097961526363005,0.05847598238815981,312818.1467459072,18292.348439810463,0.1619496855345912,0.6,0.3636363636363636,2275.0,3741.8922992390253
65,all,R12,Medium,R12_OUT,0.106140267575856,0.016730451383507084,-174038.84535849723,-2911.7484411120454,0.1619496855345912,0.6,0.3636363636363636,2275.0,3741.8922992390253
65,all,R13,High,R13_OUT,0.17499571683011694,0.027583851064402524,34337.873115083494,947.1707778748147,0.1619496855345912,0.6,0.3636363636363636,2275.0,3741.8922992390253
65,all,R14,High,R14_OUT,0.25543047877181224,0.04026244991236333,35198.8952200457,1417.193755767615,0.1619496855345912,0.6,0.3636363636363636,2275.0,3741.8922992390253
65,all,R15,High,R15_OUT,0.29705725366127583,0.04682390627050411,-285124.43766756257,-13350.639944776141,0.1619496855345912,0.6,0.3636363636363636,2275.0,3741.8922992390253
65,all,R16,High,R16_OUT,0.7687122638409377,0.12116893476743018,-30508.755227039444,-3696.713371940637,0.1619496855345912,0.6,0.3636363636363636,2275.0,3741.8922992390253
65,all,R17,High,R17_OUT,0.43233828122568174,0.06814769512528195,128250.58199073467,8739.981561144561,0.1619496855345912,0.6,0.3636363636363636,2275.0,3741.8922992390253
65,all,R18,Very_High,R18_OUT,0.4211336635362045,0.06638155758101194,-380647.10667636304,-25267.94782988259,0.1619496855345912,0.6,0.3636363636363636,2275.0,3741.8922992390253
65,all,R19,Very_High,R19_OUT,0.5707698810381479,0.0899680956528043,-54904.63614136234,-4939.665556148502,0.1619496855345912,0.6,0.3636363636363636,2275.0,3741.8922992390253
65,all,R20,Very_High,R20_OUT,0.6479342830384464,0.10213120118935994,22526.843287211057,2300.6935639273347,0.1619496855345912,0.6,0.3636363636363636,2275.0,3741.8922992390253
66,all,R1,Very_Low,R1_OUT,1.3216914679120714e-13,4.671923178963981e-12,-334951.9424560334,-1.5648697437993519e-06,0.9166666666666666,1.0,0.7575757575757576,9100.0,9120.875930394734
66,all,R2,Low,R2_OUT,2.949092289020337e-14,1.042446967123394e-12,450583.47994596604,4.6970938210557696e-07,0.9166666666666666,1.0,0.7575757575757576,9100.0,9120.875930394734
66,all,R3,Low,R3_OUT,2.67244548184356e-13,9.446576825426792e-12,-48838.13386036738,-4.61353183522438e-07,0.9166666666666666,1.0,0.7575757575757576,9100.0,9120.875930394734
66,all,R4,Low,R4_OUT,4.2944249386512283e-11,1.5179959845621397e-09,349265.5836615552,0.0005301837535439929,0.9166666666666666,1.0,0.7575757575757576,9100.0,9120.875930394734
66,all,R5,Medium,R5_OUT,2.949092289020337e-14,1.042446967123394e-12,193376.90246002673,2.0158516548117126e-07,0.9166666666666666,1.0,0.7575757575757576,9100.0,9120.875930394734
66,all,R6,Medium,R6_OUT,9.582157243066592e-12,3.3871068714002353e-10,54978.67568734288,1.8621865020108413e-05,0.9166666666666666,1.0,0.7575757575757576,9100.0,9120.875930394734
66,all,R7,Medium,R7_OUT,5.963031883517011e-14,2.1078161999119255e-12,-120711.20918584696,-2.5443704223288547e-07,0.9166666666666666,1.0,0.7575757575757576,9100.0,9120.875930394734
66,all,R8,Medium,R8_OUT,8.683279572459412e-11,3.069371036198323e-09,69601.65778632235,0.00021363331248072532,0.9166666666666666,1.0,0.7575757575757576,9100.0,9120.875930394734
66,all,R9,High,R9_OUT,5.963031883517011e-14,2.1078161999119255e-12,-105132.21371832644,-2.2159938320809123e-07,0.9166666666666666,1.0,0.7575757575757576,9100.0,9120.875930394734
66,all,R10,High,R10_OUT,9.582157243066592e-12,3.3871068714002353e-10,381973.1206453461,0.0001293783781628043,0.9166666666666666,1.0,0.7575757575757576,9100.0,9120.875930394734
66,all,R11,Medium,R11_OUT,1.9375015616164573e-11,6.848692508618836e-10,914474.5874962141,0.0006262955256707621,0.9166666666666666,1.0,0.7575757575757576,9100.0,9120.875930394734
66,all,R12,Medium,R12_OUT,8.111280545648605e-07,2.867180466267215e-05,-203716.8920092869,-5.840930934176951,0.9166666666666666,1.0,0.7575757575757576,9100.0,9120.875930394734
66,all,R13,High,R13_OUT,1.8098713271594158e-07,6.397544366126531e-06,187972.28031477868,1.2025610029157694,0.9166666666666666,1.0,0.7575757575757576,9100.0,9120.875930394734
66,all,R14,High,R14_OUT,1.640091925570809e-06,5.7974070868525035e-05,129456.37430010884,7.5051130180568135,0.9166666666666666,1.0,0.7575757575757576,9100.0,9120.875930394734
66,all,R15,High,R15_OUT,1.9375015616164573e-11,6.848692508618836e-10,-308111.52908373834,-0.00021101611210548935,0.9166666666666666,1.0,0.7575757575757576,9100.0,9120.875930394734
66,all,R16,High,R16_OUT,4.60789879100777e-09,1.6288029158603519e-07,-1038.5582618857734,-0.00016916067252504066,0.9166666666666666,1.0,0.7575757575757576,9100.0,9120.875930394734
66,all,R17,High,R17_OUT,6.709954638095815e-06,0.00023718389173714658,1031.0588459989958,0.2445505497040531,0.9166666666666666,1.0,0.7575757575757576,9100.0,9120.875930394734
66,all,R18,Very_High,R18_OUT,3.659539740107611e-07,1.2935763717350405e-05,-172657.95415088395,-2.2334624988169542,0.9166666666666666,1.0,0.7575757575757576,9100.0,9120.875930394734
66,all,R19,Very_High,R19_OUT,1.4971932529870182e-06,5.292287974793734e-05,-175876.97706253204,-9.307916107511117,0.9166666666666666,1.0,0.7575757575757576,9100.0,9120.875930394734
66,all,R20,Very_High,R20_OUT,0.028278884086967243,0.9996037445096628,9132.923850478062,9129.30487925948,0.9166666666666666,1.0,0.7575757575757576,9100.0,9120.875930394734
67,all,R1,Very_Low,R1_OUT,0.008572464626742143,0.0018146306874014958,36649.64886787928,66.50557751814323,0.2216981132075471,0.2,0.1515151515151515,595.0,518.2130718036788
67,all,R2,Low,R2_OUT,0.10443399854363039,0.022106727390175933,176752.06484800455,3907.409713245535,0.2216981132075471,0.2,0.1515151515151515,595.0,518.2130718036788
67,all,R3,Low,R3_OUT,0.005937026033315768,0.0012567575488556674,-267417.49701209,-336.078958066032,0.2216981132075471,0.2,0.1515151515151515,595.0,518.2130718036788
67,all,R4,Low,R4_OUT,0.010301210384926393,0.002180573883449246,236393.99715174717,515.4745763932754,0.2216981132075471,0.2,0.1515151515151515,595.0,518.2130718036788
67,all,R5,Medium,R5_OUT,0.6179039698305454,0.13079873226001743,1377.563511141605,180.1835608649803,0.2216981132075471,0.2,0.1515151515151515,595.0,518.2130718036788
67,all,R6,Medium,R6_OUT,0.12549443330230178,0.026564828165988184,-54040.98436496928,-1435.589463576263,0.2216981132075471,0.2,0.1515151515151515,595.0,518.2130718036788
67,all,R7,Medium,R7_OUT,0.0723277837954087,0.015310441249002679,180085.23914503254,2757.184473742618,0.2216981132075471,0.2,0.1515151515151515,595.0,518.2130718036788
67,all,R8,Medium,R8_OUT,0.007134302314784036,0.001510198580839948,136591.8701681964,206.2808484822846,0.2216981132075471,0.2,0.1515151515151515,595.0,518.2130718036788
67,all,R9,High,R9_OUT,0.4279413348092497,0.09058718960821685,-80271.2655192026,-7271.548349679525,0.2216981132075471,0.2,0.1515151515151515,595.0,518.2130718036788
67,all,R10,High,R10_OUT,0.7425121091837806,0.15717594854680142,-26613.99914021999,-4183.080559487834,0.2216981132075471,0.2,0.1515151515151515,595.0,518.2130718036788
67,all,R11,Medium,R11_OUT,0.0869135948636894,0.018397985090545636,152528.02605445194,2806.208349240163,0.2216981132075471,0.2,0.1515151515151515,595.0,518.2130718036788
67,all,R12,Medium,R12_OUT,0.00987203259165012,0.002089724958672014,-146768.8420311907,-306.70651234796935,0.2216981132075471,0.2,0.1515151515151515,595.0,518.2130718036788
67,all,R13,High,R13_OUT,0.12026597742764555,0.02545806168855315,273411.3544896208,6960.523128947639,0.2216981132075471,0.2,0.1515151515151515,595.0,518.2130718036788
67,all,R14,High,R14_OUT,0.0068370669405308105,0.0014472794024022115,241098.75630733251,348.9372639483926,0.2216981132075471,0.2,0.1515151515151515,595.0,518.2130718036788
67,all,R15,High,R15_OUT,0.5142411096715869,0.10885524046636917,-110654.92530107033,-12045.368502436128,0.2216981132075471,0.2,0.1515151515151515,595.0,518.2130718036788
67,all,R16,High,R16_OUT,0.5282306665431272,0.11181656842834797,37350.1351077,4176.363938078179,0.2216981132075471,0.2,0.1515151515151515,595.0,518.2130718036788
67,all,R17,High,R17_OUT,0.00880624740009829,0.0018641181350830518,187168.03377941367,348.9033260760423,0.2216981132075471,0.2,0.1515151515151515,595.0,518.2130718036788
67,all,R18,Very_High,R18_OUT,0.08329252671194204,0.017631472579215487,-386234.41510092054,-6809.881499001212,0.2216981132075471,0.2,0.1515151515151515,595.0,518.2130718036788
67,all,R19,Very_High,R19_OUT,0.6347550517567541,0.13436579164266266,73605.16805698487,9890.016674967997,0.2216981132075471,0.2,0.1515151515151515,595.0,518.2130718036788
67,all,R20,Very_High,R20_OUT,0.6083093466207284,0.1287677296873996,5766.00586727617,742.4754848933779,0.2216981132075471,0.2,0.1515151515151515,595.0,518.2130718036788
68,all,R1,Very_Low,R1_OUT,1.8139568386896742e-06,1.195938405494858e-06,-166263.2797006005,-0.19884064161748177,0.2877358490566037,0.2,0.6363636363636364,3941.0,3929.45660231277
68,all,R2,Low,R2_OUT,2.2098518232313732e-05,1.4569512402314456e-05,363596.101421497,5.297417909093685,0.2877358490566037,0.2,0.6363636363636364,3941.0,3929.45660231277
68,all,R3,Low,R3_OUT,5.460560140285959e-06,3.600137251335991e-06,-164956.37827357187,-0.593865602268157,0.2877358490566037,0.2,0.6363636363636364,3941.0,3929.45660231277
68,all,R4,Low,R4_OUT,3.7111097880301043e-06,2.446727853634651e-06,301639.27160151466,0.7380292075774935,0.2877358490566037,0.2,0.6363636363636364,3941.0,3929.45660231277
68,all,R5,Medium,R5_OUT,0.00013075016118830942,8.620334064987836e-05,217505.0427047015,18.749661289339723,0.2877358490566037,0.2,0.6363636363636364,3941.0,3929.45660231277
68,all,R6,Medium,R6_OUT,4.521057258018433e-05,2.9807247300389132e-05,91653.31302094914,2.731932967115406,0.2877358490566037,0.2,0.6363636363636364,3941.0,3929.45660231277
68,all,R7,Medium,R7_OUT,6.652324093109185e-05,4.385865032210434e-05,182221.73156491044,7.99199920579377,0.2877358490566037,0.2,0.6363636363636364,3941.0,3929.45660231277
68,all,R8,Medium,R8_OUT,1.1171565801632113e-05,7.3653927738081446e-06,-55559.38538810122,-0.4092166956547425,0.2877358490566037,0.2,0.6363636363636364,3941.0,3929.45660231277
68,all,R9,High,R9_OUT,0.00039359763324720986,0.0002594981952559826,-86259.4528433478,-22.38417233661729,0.2877358490566037,0.2,0.6363636363636364,3941.0,3929.45660231277
68,all,R10,High,R10_OUT,0.0002674971050154409,0.00017636034905755887,206127.76166552902,36.352763997786,0.2877358490566037,0.2,0.6363636363636364,3941.0,3929.45660231277
68,all,R11,Medium,R11_OUT,0.00013609753290998479,8.97288529851268e-05,424600.77173387836,38.098940224280554,0.2877358490566037,0.2,0.6363636363636364,3941.0,3929.45660231277
68,all,R12,Medium,R12_OUT,3.5587076808551545e-06,2.3462494248421966e-06,-205428.03856258496,-0.4819854173239255,0.2877358490566037,0.2,0.6363636363636364,3941.0,3929.45660231277
68,all,R13,High,R13_OUT,4.335393482992701e-05,2.8583169448444077e-05,432253.1314196663,12.355164499988888,0.2877358490566037,0.2,0.6363636363636364,3941.0,3929.45660231277
68,all,R14,High,R14_OUT,1.0712789245329778e-05,7.062922234531714e-06,101728.09645823544,0.718497634351458,0.2877358490566037,0.2,0.6363636363636364,3941.0,3929.45660231277
68,all,R15,High,R15_OUT,0.000805247400673734,0.0005308981293547613,-94838.41582904462,-50.34953755460877,0.2877358490566037,0.2,0.6363636363636364,3941.0,3929.45660231277
68,all,R16,High,R16_OUT,0.30076615128164014,0.19829457003531595,100444.8408035603,19917.66651940775,0.2877358490566037,0.2,0.6363636363636364,3941.0,3929.45660231277
68,all,R17,High,R17_OUT,0.0085367099954997,0.005628237189791545,148072.51951900581,833.387261143003,0.2877358490566037,0.2,0.6363636363636364,3941.0,3929.45660231277
68,all,R18,Very_High,R18_OUT,0.0001305084902835192,8.604400746710093e-05,-274784.92577804846,-23.64359620549318,0.2877358490566037,0.2,0.6363636363636364,3941.0,3929.45660231277
68,all,R19,Very_High,R19_OUT,0.6153267730095037,0.4056838090496465,-55596.9755440946,-22554.79281036834,0.2877358490566037,0.2,0.6363636363636364,3941.0,3929.45660231277
68,all,R20,Very_High,R20_OUT,0.5900574864175842,0.3890238149030587,14673.19536998277,5708.222439648595,0.2877358490566037,0.2,0.6363636363636364,3941.0,3929.45660231277
69,all,R1,Very_Low,R1_OUT,0.0014620401597543527,0.00141985389791323,-100599.60159820621,-142.8367364577311,0.5534591194968553,1.0,0.3333333333333333,1400.0,1413.6196229051711
69,all,R2,Low,R2_OUT,0.00032622525498942457,0.00031681222762875127,368369.79645750334,116.70405580685133,0.5534591194968553,1.0,0.3333333333333333,1400.0,1413.6196229051711
69,all,R3,Low,R3_OUT,0.0031189172028816534,0.003028922781795673,-1397.9303259809385,-4.234223011726717,0.5534591194968553,1.0,0.3333333333333333,1400.0,1413.6196229051711
69,all,R4,Low,R4_OUT,0.025451629508304544,0.024717238527621102,215974.03149327228,5338.281652191163,0.5534591194968553,1.0,0.3333333333333333,1400.0,1413.6196229051711
69,all,R5,Medium,R5_OUT,0.00032622525498942457,0.00031681222762875127,-20150.97304055188,-6.384074657864152,0.5534591194968553,1.0,0.3333333333333333,1400.0,1413.6196229051711
69,all,R6,Medium,R6_OUT,0.005679026168226495,0.005515161391095035,-158396.06809604674,-873.579879264577,0.5534591194968553,1.0,0.3333333333333333,1400.0,1413.6196229051711
69,all,R7,Medium,R7_OUT,0.000695924494968676,0.000675844025379296,-17784.775066927803,-12.019733971697825,0.5534591194968553,1.0,0.3333333333333333,1400.0,1413.6196229051711
69,all,R8,Medium,R8_OUT,0.05429503737309021,0.05272838775131815,96405.00385267026,5083.280424310918,0.5534591194968553,1.0,0.3333333333333333,1400.0,1413.6196229051711
69,all,R9,High,R9_OUT,0.000695924494968676,0.000675844025379296,-93250.55801310354,-63.02283249644146,0.5534591194968553,1.0,0.3333333333333333,1400.0,1413.6196229051711
69,all,R10,High,R10_OUT,0.005679026168226495,0.005515161391095035,242195.24326760083,1335.7458547763417,0.5534591194968553,1.0,0.3333333333333333,1400.0,1413.6196229051711
69,all,R11,Medium,R11_OUT,0.0121148603843226,0.011765293603320123,545168.3096342895,6414.0652260731495,0.5534591194968553,1.0,0.3333333333333333,1400.0,1413.6196229051711
69,all,R12,Medium,R12_OUT,0.17956184485069665,0.1743806992077348,-159966.38858686975,-27895.050691514556,0.5534591194968553,1.0,0.3333333333333333,1400.0,1413.6196229051711
69,all,R13,High,R13_OUT,0.04006566319808344,0.03890959334101702,-79860.22107401688,-3107.3287261137143,0.5534591194968553,1.0,0.3333333333333333,1400.0,1413.6196229051711
69,all,R14,High,R14_OUT,0.3830527657872955,0.3720000158551841,115103.3724876001,42818.456390372405,0.5534591194968553,1.0,0.3333333333333333,1400.0,1413.6196229051711
69,all,R15,High,R15_OUT,0.0121148603843226,0.011765293603320123,-378244.30768957286,-4450.15533375238,0.5534591194968553,1.0,0.3333333333333333,1400.0,1413.6196229051711
69,all,R16,High,R16_OUT,0.001001634163795306,0.000972732631357249,-84738.45210708043,-82.42785749526057,0.5534591194968553,1.0,0.3333333333333333,1400.0,1413.6196229051711
69,all,R17,High,R17_OUT,0.078146070084626,0.07589121370981981,55985.90260236742,4248.838099133423,0.5534591194968553,1.0,0.3333333333333333,1400.0,1413.6196229051711
69,all,R18,Very_High,R18_OUT,0.08547062497541821,0.08300442311298566,-332293.05069563654,-27581.79297744541,0.5534591194968553,1.0,0.3333333333333333,1400.0,1413.6196229051711
69,all,R19,Very_High,R19_OUT,0.017436745132953017,0.016933618668930808,-84479.10019612286,-1430.5368682155424,0.5534591194968553,1.0,0.3333333333333333,1400.0,1413.6196229051711
69,all,R20,Very_High,R20_OUT,0.12301664705762168,0.11946707801947588,14293.627022161345,1707.617854637838,0.5534591194968553,1.0,0.3333333333333333,1400.0,1413.6196229051711
70,all,R1,Very_Low,R1_OUT,0.039370809525663915,0.016527468116654113,-66385.89339657087,-1097.190736507424,0.3694968553459119,1.0,0.3333333333333333,2800.0,2535.7162062956995
70,all,R2,Low,R2_OUT,0.008784815034634711,0.0036877766077170987,417322.9870678567,1538.9939495714673,0.3694968553459119,1.0,0.3333333333333333,2800.0,2535.7162062956995
70,all,R3,Low,R3_OUT,0.08398831885821902,0.035257447810306014,81175.87067468319,2862.054023768793,0.3694968553459119,1.0,0.3333333333333333,2800.0,2535.7162062956995
70,all,R4,Low,R4_OUT,0.15565674621614464,0.06534312962380139,170076.33969458938,11113.32031060523,0.3694968553459119,1.0,0.3333333333333333,2800.0,2535.7162062956995
70,all,R5,Medium,R5_OUT,0.008784815034634711,0.0036877766077170987,-34857.334693715326,-128.54606349084904,0.3694968553459119,1.0,0.3333333333333333,2800.0,2535.7162062956995
70,all,R6,Medium,R6_OUT,0.034731714711391845,0.014580022977558409,-210130.38638574147,-3063.705861787337,0.3694968553459119,1.0,0.3333333333333333,2800.0,2535.7162062956995
70,all,R7,Medium,R7_OUT,0.01874032703743179,0.007866999976338484,45335.51426845728,356.6544896772464,0.3694968553459119,1.0,0.3333333333333333,2800.0,2535.7162062956995
70,all,R8,Medium,R8_OUT,0.3320568865903698,0.13939412656629194,11280.199230722938,1572.3935192603822,0.3694968553459119,1.0,0.3333333333333333,2800.0,2535.7162062956995
70,all,R9,High,R9_OUT,0.01874032703743179,0.007866999976338484,-89249.97608156319,-702.1295597218678,0.3694968553459119,1.0,0.3333333333333333,2800.0,2535.7162062956995
70,all,R10,High,R10_OUT,0.034731714711391845,0.014580022977558409,280665.9053489,4092.1153490041957,0.3694968553459119,1.0,0.3333333333333333,2800.0,2535.7162062956995
70,all,R11,Medium,R11_OUT,0.0740919062832982,0.031103033784487213,466118.6974288125,14497.705593709528,0.3694968553459119,1.0,0.3333333333333333,2800.0,2535.7162062956995
70,all,R12,Medium,R12_OUT,0.19631218418103188,0.08240987178198038,-164529.71597157337,-13558.87279754301,0.3694968553459119,1.0,0.3333333333333333,2800.0,2535.7162062956995
70,all,R13,High,R13_OUT,0.04380316909540168,0.01838812788852484,-157466.27383734082,-2895.5099814504965,0.3694968553459119,1.0,0.3333333333333333,2800.0,2535.7162062956995
70,all,R14,High,R14_OUT,0.418785656667848,0.17580198811452294,33006.216687781096,5802.558513850661,0.3694968553459119,1.0,0.3333333333333333,2800.0,2535.7162062956995
70,all,R15,High,R15_OUT,0.0740919062832982,0.031103033784487213,-412150.7166454751,-12819.13766412483,0.3694968553459119,1.0,0.3333333333333333,2800.0,2535.7162062956995
70,all,R16,High,R16_OUT,0.026972684446512338,0.011322860453751048,-101899.6726181439,-1153.79577333816,0.3694968553459119,1.0,0.3333333333333333,2800.0,2535.7162062956995
70,all,R17,High,R17_OUT,0.4779247236402972,0.2006279710092535,68481.72472378753,13739.349482547723,0.3694968553459119,1.0,0.3333333333333333,2800.0,2535.7162062956995
70,all,R18,Very_High,R18_OUT,0.09344371064016224,0.03922672576240585,-369707.0266354411,-14502.396146262923,0.3694968553459119,1.0,0.3333333333333333,2800.0,2535.7162062956995
70,all,R19,Very_High,R19_OUT,0.10663942012475355,0.044766151301549255,-97521.66317059202,-4365.669528673446,0.3694968553459119,1.0,0.3333333333333333,2800.0,2535.7162062956995
70,all,R20,Very_High,R20_OUT,0.13449219512413094,0.05645846487875625,22096.333824871937,1247.525087200806,0.3694968553459119,1.0,0.3333333333333333,2800.0,2535.7162062956995
71,all,R1,Very_Low,R1_OUT,8.559008733053377e-12,2.1926933554865276e-10,-302935.1609013221,-6.64243914451571e-05,0.8726415094339622,1.0,0.696969696969697,9520.0,9508.557173364414
71,all,R2,Low,R2_OUT,1.909772989318009e-12,4.8925601956610674e-11,436746.6513262927,2.136809281867283e-05,0.8726415094339622,1.0,0.696969696969697,9520.0,9508.557173364414
71,all,R3,Low,R3_OUT,2.1939988086579457e-11,5.620705340691271e-10,-45589.75684144191,-2.5624658975950895e-05,0.8726415094339622,1.0,0.696969696969697,9520.0,9508.557173364414
71,all,R4,Low,R4_OUT,1.9504531989950816e-09,4.9967769668325285e-08,332185.373172257,0.01659856221385802,0.8726415094339622,1.0,0.696969696969697,9520.0,9508.557173364414
71,all,R5,Medium,R5_OUT,1.909772989318009e-12,4.8925601956610674e-11,163501.3972393833,7.999404280683752e-06,0.8726415094339622,1.0,0.696969696969697,9520.0,9508.557173364414
71,all,R6,Medium,R6_OUT,4.3520493465378967e-10,1.114931644835327e-08,26707.437735551386,0.0002977696748383539,0.8726415094339622,1.0,0.696969696969697,9520.0,9508.557173364414
71,all,R7,Medium,R7_OUT,4.895473055413116e-12,1.254148882815578e-10,-108704.88114534016,-1.3633210524502854e-05,0.8726415094339622,1.0,0.696969696969697,9520.0,9508.557173364414
71,all,R8,Medium,R8_OUT,4.9997518736164155e-09,1.2808635969750988e-07,77068.5193877031,0.009871426095647853,0.8726415094339622,1.0,0.696969696969697,9520.0,9508.557173364414
71,all,R9,High,R9_OUT,4.895473055413116e-12,1.254148882815578e-10,-103605.79937167544,-1.2993709753520166e-05,0.8726415094339622,1.0,0.696969696969697,9520.0,9508.557173364414
71,all,R10,High,R10_OUT,4.3520493465378967e-10,1.114931644835327e-08,360360.80706043565,0.004017776673500775,0.8726415094339622,1.0,0.696969696969697,9520.0,9508.557173364414
71,all,R11,Medium,R11_OUT,1.1155954362624424e-09,2.8579929952134756e-08,865094.736357443,0.024724346967056207,0.8726415094339622,1.0,0.696969696969697,9520.0,9508.557173364414
71,all,R12,Medium,R12_OUT,1.0300627240673792e-05,0.00026388706464038715,-197271.80610099947,-52.057477848300366,0.8726415094339622,1.0,0.696969696969697,9520.0,9508.557173364414
71,all,R13,High,R13_OUT,2.2983806058408214e-06,5.888116299430863e-05,153026.99238343234,9.010407281057706,0.8726415094339622,1.0,0.696969696969697,9520.0,9508.557173364414
71,all,R14,High,R14_OUT,2.6404417379774795e-05,0.0006764427090784243,130914.37093128116,88.55607173005355,0.8726415094339622,1.0,0.696969696969697,9520.0,9508.557173364414
71,all,R15,High,R15_OUT,1.1155954362624424e-09,2.8579929952134756e-08,-316681.50562027807,-0.009050735247764117,0.8726415094339622,1.0,0.696969696969697,9520.0,9508.557173364414
71,all,R16,High,R16_OUT,3.2363430667453546e-08,8.291039488162625e-07,-12262.30046213066,-0.010166721734724013,0.8726415094339622,1.0,0.696969696969697,9520.0,9508.557173364414
71,all,R17,High,R17_OUT,3.3052806395765404e-05,0.000846764750739102,8347.741318826083,7.068573097070272,0.8726415094339622,1.0,0.696969696969697,9520.0,9508.557173364414
71,all,R18,Very_High,R18_OUT,5.8916218785751316e-06,0.00015093477000790648,-193864.08008231607,-29.26083034001874,0.8726415094339622,1.0,0.696969696969697,9520.0,9508.557173364414
71,all,R19,Very_High,R19_OUT,7.375077984442178e-06,0.00018893875444046104,-162262.76302409946,-30.65772433784105,0.8726415094339622,1.0,0.696969696969697,9520.0,9508.557173364414
71,all,R20,Very_High,R20_OUT,0.03894886030989059,0.9978130630415075,9536.718152055684,9515.861950666227,0.8726415094339622,1.0,0.696969696969697,9520.0,9508.557173364414
72,all,R1,Very_Low,R1_OUT,3.12580467570339e-10,1.387371753553651e-09,-183355.83596626425,-0.0002543827076688116,0.9984276729559748,1.0,0.3333333333333333,5880.0,94315.81595919511
72,all,R2,Low,R2_OUT,6.97461297882408e-11,3.09564481555834e-10,249961.65164784508,7.737924910120514e-05,0.9984276729559748,1.0,0.3333333333333333,5880.0,94315.81595919511
72,all,R3,Low,R3_OUT,6.668165652533941e-10,2.9596298022877793e-09,-201127.72248998046,-0.0005952636015476122,0.9984276729559748,1.0,0.3333333333333333,5880.0,94315.81595919511
72,all,R4,Low,R4_OUT,1.9626981637857928e-07,8.711331243291073e-07,326991.5253311121,0.28485314909083215,0.9984276729559748,1.0,0.3333333333333333,5880.0,94315.81595919511
72,all,R5,Medium,R5_OUT,6.97461297882408e-11,3.09564481555834e-10,15420.824804279371,4.773739635700089e-06,0.9984276729559748,1.0,0.3333333333333333,5880.0,94315.81595919511
72,all,R6,Medium,R6_OUT,4.379371556085529e-08,1.9437607354215566e-07,-33260.92214746901,-0.006465127449416351,0.9984276729559748,1.0,0.3333333333333333,5880.0,94315.81595919511
72,all,R7,Medium,R7_OUT,1.487868869946157e-10,6.603826717645377e-10,-170460.34670721815,-0.00011256905918842213,0.9984276729559748,1.0,0.3333333333333333,5880.0,94315.81595919511
72,all,R8,Medium,R8_OUT,4.1869527497276516e-07,1.85835667327127e-06,302305.17229720944,0.5617908343029403,0.9984276729559748,1.0,0.3333333333333333,5880.0,94315.81595919511
72,all,R9,High,R9_OUT,1.487868869946157e-10,6.603826717645377e-10,-102927.17926631654,-6.797132564107765e-05,0.9984276729559748,1.0,0.3333333333333333,5880.0,94315.81595919511
72,all,R10,High,R10_OUT,4.379371556085529e-08,1.9437607354215566e-07,149142.27430172337,0.028989689677916135,0.9984276729559748,1.0,0.3333333333333333,5880.0,94315.81595919511
72,all,R11,Medium,R11_OUT,9.342354375806392e-08,4.146554221199216e-07,736373.7818919815,0.30534138136846267,0.9984276729559748,1.0,0.3333333333333333,5880.0,94315.81595919511
72,all,R12,Medium,R12_OUT,0.049873442023463735,0.22136061556782638,-148928.5967076294,-32966.9258428534,0.9984276729559748,1.0,0.3333333333333333,5880.0,94315.81595919511
72,all,R13,High,R13_OUT,0.01112826910584889,0.049392229602204095,107853.56466974964,5327.128029584442,0.9984276729559748,1.0,0.3333333333333333,5880.0,94315.81595919511
72,all,R14,High,R14_OUT,0.10639320353555612,0.4722205661238237,313680.25361023913,148126.26694169172,0.9984276729559748,1.0,0.3333333333333333,5880.0,94315.81595919511
72,all,R15,High,R15_OUT,9.342354375806392e-08,4.146554221199216e-07,-296231.36978768965,-0.12283394368447705,0.9984276729559748,1.0,0.3333333333333333,5880.0,94315.81595919511
72,all,R16,High,R16_OUT,2.1414683664104472e-10,9.504793264211166e-10,-43228.83326408078,-4.1088112322814255e-05,0.9984276729559748,1.0,0.3333333333333333,5880.0,94315.81595919511
72,all,R17,High,R17_OUT,6.026221158536285e-07,2.674706158387596e-06,25760.96533431711,0.06890301262570735,0.9984276729559748,1.0,0.3333333333333333,5880.0,94315.81595919511
72,all,R18,Very_High,R18_OUT,0.02373953254359312,0.10536665054459095,-241795.99778140849,-25477.234401314356,0.9984276729559748,1.0,0.3333333333333333,5880.0,94315.81595919511
72,all,R19,Very_High,R19_OUT,1.3446316921940574e-07,5.968076134710158e-07,-52931.70428351796,-0.031590044110399895,0.9984276729559748,1.0,0.3333333333333333,5880.0,94315.81595919511
72,all,R20,Very_High,R20_OUT,0.03416796937038928,0.15165271185761892,-4579.5868681557295,-694.5067677433562,0.9984276729559748,1.0,0.3333333333333333,5880.0,94315.81595919511
