sample_index,split,rule_id,antecedent,consequent_label,firing_strength,normalized_firing_strength,label_equation_output,rule_contribution,predicted,PointsAjust,TeamExp,Length,actual
0,all,R1,IF (PointsAjust IS Low) AND (TeamExp IS High) AND (Length IS Low),Very_Low,0.007915805060536674,0.0017784636102547544,-2684.836671231034,-4.7748843192619015,4869.3486757357405,0.3773584905660377,0.4,0.3333333333333333,5152.0
0,all,R2,IF (PointsAjust IS Low) AND (TeamExp IS Medium) AND (Length IS Low),Low,0.035476177022733965,0.00797052092407271,13542.670225051465,107.94213639658919,4869.3486757357405,0.3773584905660377,0.4,0.3333333333333333,5152.0
0,all,R3,IF (PointsAjust IS Low) AND (TeamExp IS High) AND (Length IS Medium),Low,0.016886499603481212,0.0037939318641250835,13542.670225051465,51.379968092160766,4869.3486757357405,0.3773584905660377,0.4,0.3333333333333333,5152.0
0,all,R4,IF (PointsAjust IS Medium) AND (TeamExp IS High) AND (Length IS Low),Low,0.03334263510811104,0.00749117275580783,13542.670225051465,101.45048223079543,4869.3486757357405,0.3773584905660377,0.4,0.3333333333333333,5152.0
0,all,R5,IF (PointsAjust IS Low) AND (TeamExp IS Low) AND (Length IS Low),Medium,0.05849032766050461,0.013141167386079114,-2700.9178955455322,-35.49321416142038,4869.3486757357405,0.3773584905660377,0.4,0.3333333333333333,5152.0
0,all,R6,IF (PointsAjust IS Medium) AND (TeamExp IS Medium) AND (Length IS Low),Medium,0.14943132334029155,0.033573107063718244,-2700.9178955455322,-90.67820567746273,4869.3486757357405,0.3773584905660377,0.4,0.3333333333333333,5152.0
0,all,R7,IF (PointsAjust IS Low) AND (TeamExp IS Medium) AND (Length IS Medium),Medium,0.07568004070918982,0.01700322296905671,-2700.9178955455322,-45.9243091990761,4869.3486757357405,0.3773584905660377,0.4,0.3333333333333333,5152.0
0,all,R8,IF (PointsAjust IS Medium) AND (TeamExp IS High) AND (Length IS Medium),Medium,0.07112863318717993,0.0159806469213356,-2700.9178955455322,-43.162415252229934,4869.3486757357405,0.3773584905660377,0.4,0.3333333333333333,5152.0
0,all,R9,IF (PointsAjust IS Low) AND (TeamExp IS Low) AND (Length IS Medium),High,0.12477529288469283,0.028033575379540775,3352.1131361986163,93.97171628437275,4869.3486757357405,0.3773584905660377,0.4,0.3333333333333333,5152.0
0,all,R10,IF (PointsAjust IS Medium) AND (TeamExp IS Low) AND (Length IS Low),High,0.2463706013000071,0.05535269573944497,3352.1131361986163,185.54849851219868,4869.3486757357405,0.3773584905660377,0.4,0.3333333333333333,5152.0
0,all,R11,IF (PointsAjust IS Medium) AND (TeamExp IS Medium) AND (Length IS Medium),Medium,0.31877641794306977,0.07162029064428142,-2700.9178955455322,-193.44052468531194,4869.3486757357405,0.3773584905660377,0.4,0.3333333333333333,5152.0
0,all,R12,IF (PointsAjust IS High) AND (TeamExp IS High) AND (Length IS Low),Medium,0.043867110498498695,0.009855732817062944,-2700.9178955455322,-26.619525139320686,4869.3486757357405,0.3773584905660377,0.4,0.3333333333333333,5152.0
0,all,R13,IF (PointsAjust IS High) AND (TeamExp IS Medium) AND (Length IS Low),High,0.19659874966843383,0.044170330046403194,3352.1131361986163,148.0639435787766,4869.3486757357405,0.3773584905660377,0.4,0.3333333333333333,5152.0
0,all,R14,IF (PointsAjust IS High) AND (TeamExp IS High) AND (Length IS Medium),High,0.09358011451440956,0.02102487706993465,3352.1131361986163,70.47776661308902,4869.3486757357405,0.3773584905660377,0.4,0.3333333333333333,5152.0
0,all,R15,IF (PointsAjust IS Medium) AND (TeamExp IS Low) AND (Length IS Medium),High,0.525573460860333,0.11808189659895213,3352.1131361986163,395.8238767365942,4869.3486757357405,0.3773584905660377,0.4,0.3333333333333333,5152.0
0,all,R16,IF (PointsAjust IS Low) AND (TeamExp IS Low) AND (Length IS High),High,0.17958729295266307,0.04034832375708068,3352.1131361986163,135.25214608970487,4869.3486757357405,0.3773584905660377,0.4,0.3333333333333333,5152.0
0,all,R17,IF (PointsAjust IS Medium) AND (TeamExp IS High) AND (Length IS High),High,0.10237442357529147,0.02300071635886375,3352.1131361986163,77.10100344852557,4869.3486757357405,0.3773584905660377,0.4,0.3333333333333333,5152.0
0,all,R18,IF (PointsAjust IS High) AND (TeamExp IS Medium) AND (Length IS Medium),Very_High,0.4193969764202139,0.09422696176952752,8082.405278616869,761.5804931940592,4869.3486757357405,0.3773584905660377,0.4,0.3333333333333333,5152.0
0,all,R19,IF (PointsAjust IS Medium) AND (TeamExp IS Low) AND (Length IS High),Very_High,0.7564503588935172,0.16995358349123615,8082.405278616869,1373.6337403294199,4869.3486757357405,0.3773584905660377,0.4,0.3333333333333333,5152.0
0,all,R20,IF (PointsAjust IS High) AND (TeamExp IS Low) AND (Length IS High),Very_High,0.995221024751539,0.22359878283322185,8082.405278616869,1807.215982663539,4869.3486757357405,0.3773584905660377,0.4,0.3333333333333333,5152.0
1,all,R1,IF (PointsAjust IS Low) AND (TeamExp IS High) AND (Length IS Low),Very_Low,0.0013267804310269898,0.000588313904634205,-2199.8743011043953,-1.2942166397871697,4303.489472498435,0.3977987421383648,0.2,0.0909090909090909,5635.0
1,all,R2,IF (PointsAjust IS Low) AND (TeamExp IS Medium) AND (Length IS Low),Low,0.016163494588165867,0.007167130590204088,11897.41986091499,85.27036182966549,4303.489472498435,0.3977987421383648,0.2,0.0909090909090909,5635.0
1,all,R3,IF (PointsAjust IS Low) AND (TeamExp IS High) AND (Length IS Medium),Low,0.0005419113324000581,0.00024029143366474429,11897.41986091499,2.8588480752906653,4303.489472498435,0.3977987421383648,0.2,0.0909090909090909,5635.0
1,all,R4,IF (PointsAjust IS Medium) AND (TeamExp IS High) AND (Length IS Low),Low,0.006589205830863775,0.0029217505173733463,11897.41986091499,34.761292634036295,4303.489472498435,0.3977987421383648,0.2,0.0909090909090909,5635.0
1,all,R5,IF (PointsAjust IS Low) AND (TeamExp IS Low) AND (Length IS Low),Medium,0.0956344448325385,0.04240571562651475,-2648.4731594591603,-112.31039964448222,4303.489472498435,0.3977987421383648,0.2,0.0909090909090909,5635.0
1,all,R6,IF (PointsAjust IS Medium) AND (TeamExp IS Medium) AND (Length IS Low),Medium,0.08027296024033012,0.03559420803258307,-2648.4731594591603,-94.27030460650191,4303.489472498435,0.3977987421383648,0.2,0.0909090909090909,5635.0
1,all,R7,IF (PointsAjust IS Low) AND (TeamExp IS Medium) AND (Length IS Medium),Medium,0.006601831534200485,0.0029273489394295287,-2648.4731594591603,-7.753005094450346,4303.489472498435,0.3977987421383648,0.2,0.0909090909090909,5635.0
1,all,R8,IF (PointsAjust IS Medium) AND (TeamExp IS High) AND (Length IS Medium),Medium,0.0026913008571415858,0.001193362276669078,-2648.4731594591603,-3.1605879592691295,4303.489472498435,0.3977987421383648,0.2,0.0909090909090909,5635.0
1,all,R9,IF (PointsAjust IS Low) AND (TeamExp IS Low) AND (Length IS Medium),High,0.039061014325049645,0.017320226707560706,1970.1712182769268,34.12381215326744,4303.489472498435,0.3977987421383648,0.2,0.0909090909090909,5635.0
1,all,R10,IF (PointsAjust IS Medium) AND (TeamExp IS Low) AND (Length IS Low),High,0.47495050935761346,0.2106000225311569,1970.1712182769268,414.9181029593576,4303.489472498435,0.3977987421383648,0.2,0.0909090909090909,5635.0
1,all,R11,IF (PointsAjust IS Medium) AND (TeamExp IS Medium) AND (Length IS Medium),Medium,0.03278675643856348,0.014538128728452403,-2648.4731594591603,-38.503843726068325,4303.489472498435,0.3977987421383648,0.2,0.0909090909090909,5635.0
1,all,R12,IF (PointsAjust IS High) AND (TeamExp IS High) AND (Length IS Low),Medium,0.009803655035821828,0.004347084445123083,-2648.4731594591603,-11.513136474810901,4303.489472498435,0.3977987421383648,0.2,0.0909090909090909,5635.0
1,all,R13,IF (PointsAjust IS High) AND (TeamExp IS Medium) AND (Length IS Low),High,0.1194329682667197,0.05295832999938001,1970.1712182769268,104.33697753279003,4303.489472498435,0.3977987421383648,0.2,0.0909090909090909,5635.0
1,all,R14,IF (PointsAjust IS High) AND (TeamExp IS High) AND (Length IS Medium),High,0.0040042132357502895,0.001775526883441271,1970.1712182769268,3.4980919630329237,4303.489472498435,0.3977987421383648,0.2,0.0909090909090909,5635.0
1,all,R15,IF (PointsAjust IS Medium) AND (TeamExp IS Low) AND (Length IS Medium),High,0.19398919167872083,0.08601765306788724,1970.1712182769268,169.46950433808144,4303.489472498435,0.3977987421383648,0.2,0.0909090909090909,5635.0
1,all,R16,IF (PointsAjust IS Low) AND (TeamExp IS Low) AND (Length IS High),High,0.08362420877004414,0.037080200787533185,1970.1712182769268,73.05434435952732,4303.489472498435,0.3977987421383648,0.2,0.0909090909090909,5635.0
1,all,R17,IF (PointsAjust IS Medium) AND (TeamExp IS High) AND (Length IS High),High,0.005761701497758551,0.0025548229580529035,1970.1712182769268,5.033438659748951,4303.489472498435,0.3977987421383648,0.2,0.0909090909090909,5635.0
1,all,R18,IF (PointsAjust IS High) AND (TeamExp IS Medium) AND (Length IS Medium),Very_High,0.04878130356189685,0.021630345534589958,7597.330146301158,164.33287620485092,4303.489472498435,0.3977987421383648,0.2,0.0909090909090909,5635.0
1,all,R19,IF (PointsAjust IS Medium) AND (TeamExp IS Low) AND (Length IS High),Very_High,0.4153039275703152,0.1841518532570541,7597.330146301158,1399.0624262470442,4303.489472498435,0.3977987421383648,0.2,0.0909090909090909,5635.0
1,all,R20,IF (PointsAjust IS High) AND (TeamExp IS Low) AND (Length IS High),Very_High,0.6179039698305454,0.27398768377869553,7597.330146301158,2081.5748896871123,4303.489472498435,0.3977987421383648,0.2,0.0909090909090909,5635.0
2,all,R1,IF (PointsAjust IS Low) AND (TeamExp IS High) AND (Length IS Low),Very_Low,0.22460104323372498,0.24065188337899354,-4959.797516434324,-1193.5846135083748,769.7829018802887,0.0330188679245283,1.0,0.0,805.0
2,all,R2,IF (PointsAjust IS Low) AND (TeamExp IS Medium) AND (Length IS Low),Low,0.05011526674624546,0.05369669327837608,11708.897487497106,628.7290770140805,769.7829018802887,0.0330188679245283,1.0,0.0,805.0
2,all,R3,IF (PointsAjust IS Low) AND (TeamExp IS High) AND (Length IS Medium),Low,0.03599322726344662,0.038565439434859884,11708.897487497106,451.5587769030527,769.7829018802887,0.0330188679245283,1.0,0.0,805.0
2,all,R4,IF (PointsAjust IS Medium) AND (TeamExp IS High) AND (Length IS Low),Low,0.05900990310052931,0.06322697399217583,11708.897487497106,740.3181569190325,769.7829018802887,0.0330188679245283,1.0,0.0,805.0
2,all,R5,IF (PointsAjust IS Low) AND (TeamExp IS Low) AND (Length IS Low),Medium,0.05011526674624546,0.05369669327837608,-400.08522566735746,-21.483253647869972,769.7829018802887,0.0330188679245283,1.0,0.0,805.0
2,all,R6,IF (PointsAjust IS Medium) AND (TeamExp IS Medium) AND (Length IS Low),Medium,0.013166889129164428,0.014107844832574799,-400.08522566735746,-5.6443402835207515,769.7829018802887,0.0330188679245283,1.0,0.0,805.0
2,all,R7,IF (PointsAjust IS Low) AND (TeamExp IS Medium) AND (Length IS Medium),Medium,0.008031174563551674,0.008605112677294857,-400.08522566735746,-3.4427784473885517,769.7829018802887,0.0330188679245283,1.0,0.0,805.0
2,all,R8,IF (PointsAjust IS Medium) AND (TeamExp IS High) AND (Length IS Medium),Medium,0.009456576080464046,0.010132378778455733,-400.08522566735746,-4.053815050125606,769.7829018802887,0.0330188679245283,1.0,0.0,805.0
2,all,R9,IF (PointsAjust IS Low) AND (TeamExp IS Low) AND (Length IS Medium),High,0.008031174563551674,0.008605112677294857,-4895.59751891222,-42.12716827292479,769.7829018802887,0.0330188679245283,1.0,0.0,805.0
2,all,R10,IF (PointsAjust IS Medium) AND (TeamExp IS Low) AND (Length IS Low),High,0.013166889129164428,0.014107844832574799,-4895.59751891222,-69.06633015955177,769.7829018802887,0.0330188679245283,1.0,0.0,805.0
2,all,R11,IF (PointsAjust IS Medium) AND (TeamExp IS Medium) AND (Length IS Medium),Medium,0.0021100473352897533,0.0022608392995213792,-400.08522566735746,-0.9045284013466414,769.7829018802887,0.0330188679245283,1.0,0.0,805.0
2,all,R12,IF (PointsAjust IS High) AND (TeamExp IS High) AND (Length IS Low),Medium,0.16733143936323952,0.17928957698285042,-400.08522566735746,-71.73111086698877,769.7829018802887,0.0330188679245283,1.0,0.0,805.0
2,all,R13,IF (PointsAjust IS High) AND (TeamExp IS Medium) AND (Length IS Low),High,0.037336690862986896,0.04000491202512763,-4895.59751891222,-195.84794805451648,769.7829018802887,0.0330188679245283,1.0,0.0,805.0
2,all,R14,IF (PointsAjust IS High) AND (TeamExp IS High) AND (Length IS Medium),High,0.026815541186303644,0.028731881194316557,-4895.59751891222,-140.65972628857682,769.7829018802887,0.0330188679245283,1.0,0.0,805.0
2,all,R15,IF (PointsAjust IS Medium) AND (TeamExp IS Low) AND (Length IS Medium),High,0.0021100473352897533,0.0022608392995213792,-4895.59751891222,-11.068159265396105,769.7829018802887,0.0330188679245283,1.0,0.0,805.0
2,all,R16,IF (PointsAjust IS Low) AND (TeamExp IS Low) AND (Length IS High),High,0.06904618904855087,0.07398049089818659,-4895.59751891222,-362.17870768907034,769.7829018802887,0.0330188679245283,1.0,0.0,805.0
2,all,R17,IF (PointsAjust IS Medium) AND (TeamExp IS High) AND (Length IS High),High,0.08130075303891426,0.08711081238649981,-4895.59751891222,-426.45947698977636,769.7829018802887,0.0330188679245283,1.0,0.0,805.0
2,all,R18,IF (PointsAjust IS High) AND (TeamExp IS Medium) AND (Length IS Medium),Very_High,0.005983355999366747,0.0064109492522535115,18494.842676971828,118.56949783047887,769.7829018802887,0.0330188679245283,1.0,0.0,805.0
2,all,R19,IF (PointsAjust IS Medium) AND (TeamExp IS Low) AND (Length IS High),Very_High,0.01814065004576088,0.019437049518459523,18494.842676971828,359.4851729484199,769.7829018802887,0.0330188679245283,1.0,0.0,805.0
2,all,R20,IF (PointsAjust IS High) AND (TeamExp IS Low) AND (Length IS High),Very_High,0.05144053664976712,0.05511667198228664,18494.842676971828,1019.3741771906524,769.7829018802887,0.0330188679245283,1.0,0.0,805.0
3,all,R1,IF (PointsAjust IS Low) AND (TeamExp IS High) AND (Length IS Low),Very_Low,0.0018991129555090383,0.0006800160891476766,-2281.1610265785066,-1.5512262000100152,3997.7837172569566,0.3789308176100629,0.2,0.1212121212121212,3829.0
3,all,R2,IF (PointsAjust IS Low) AND (TeamExp IS Medium) AND (Length IS Low),Low,0.023135932111182603,0.008284291899222772,11705.77490454454,96.97405621584355,3997.7837172569566,0.3789308176100629,0.2,0.1212121212121212,3829.0
3,all,R3,IF (PointsAjust IS Low) AND (TeamExp IS High) AND (Length IS Medium),Low,0.0010197685473101528,0.00036514890668616536,11705.77490454454,4.27435090830879,3997.7837172569566,0.3789308176100629,0.2,0.1212121212121212,3829.0
3,all,R4,IF (PointsAjust IS Medium) AND (TeamExp IS High) AND (Length IS Low),Low,0.008101358872090306,0.0029008566136099236,11705.77490454454,33.9567745492771,3997.7837172569566,0.3789308176100629,0.2,0.1212121212121212,3829.0
3,all,R5,IF (PointsAjust IS Low) AND (TeamExp IS Low) AND (Length IS Low),Medium,0.13688822123627906,0.049015616783323765,-2764.8302615177254,-135.51986056948965,3997.7837172569566,0.3789308176100629,0.2,0.1212121212121212,3829.0
3,all,R6,IF (PointsAjust IS Medium) AND (TeamExp IS Medium) AND (Length IS Low),Medium,0.09869475553273171,0.035339668176169646,-2764.8302615177254,-97.70818400546877,3997.7837172569566,0.3789308176100629,0.2,0.1212121212121212,3829.0
3,all,R7,IF (PointsAjust IS Low) AND (TeamExp IS Medium) AND (Length IS Medium),Medium,0.012423324168921302,0.0044484243504616895,-2764.8302615177254,-12.29913826022881,3997.7837172569566,0.3789308176100629,0.2,0.1212121212121212,3829.0
3,all,R8,IF (PointsAjust IS Medium) AND (TeamExp IS High) AND (Length IS Medium),Medium,0.004350194623371064,0.001557675822406848,-2764.8302615177254,-4.306709251424963,3997.7837172569566,0.3789308176100629,0.2,0.1212121212121212,3829.0
3,all,R9,IF (PointsAjust IS Low) AND (TeamExp IS Low) AND (Length IS Medium),High,0.07350500248500187,0.026319963842931796,2118.8124439105686,55.76706691368012,3997.7837172569566,0.3789308176100629,0.2,0.1212121212121212,3829.0
3,all,R10,IF (PointsAjust IS Medium) AND (TeamExp IS Low) AND (Length IS Low),High,0.5839466274926962,0.20909398819414698,2118.8124439105686,443.03094413264813,3997.7837172569566,0.3789308176100629,0.2,0.1212121212121212,3829.0
3,all,R11,IF (PointsAjust IS Medium) AND (TeamExp IS Medium) AND (Length IS Medium),Medium,0.05299621972710274,0.018976376299205254,-2764.8302615177254,-52.46645944599043,3997.7837172569566,0.3789308176100629,0.2,0.1212121212121212,3829.0
3,all,R12,IF (PointsAjust IS High) AND (TeamExp IS High) AND (Length IS Low),Medium,0.010752627236272903,0.00385019727239615,-2764.8302615177254,-10.64514193153388,3997.7837172569566,0.3789308176100629,0.2,0.1212121212121212,3829.0
3,all,R13,IF (PointsAjust IS High) AND (TeamExp IS Medium) AND (Length IS Low),High,0.13099381636759044,0.046905005018483124,2118.8124439105686,99.38290831484971,3997.7837172569566,0.3789308176100629,0.2,0.1212121212121212,3829.0
3,all,R14,IF (PointsAjust IS High) AND (TeamExp IS High) AND (Length IS Medium),High,0.005773848798563165,0.0020674442075387382,2118.8124439105686,4.380526514023903,3997.7837172569566,0.3789308176100629,0.2,0.1212121212121212,3829.0
3,all,R15,IF (PointsAjust IS Medium) AND (TeamExp IS Low) AND (Length IS Medium),High,0.3135623935887871,0.11227740402354215,2118.8124439105686,237.89476081505566,3997.7837172569566,0.3789308176100629,0.2,0.1212121212121212,3829.0
3,all,R16,IF (PointsAjust IS Low) AND (TeamExp IS Low) AND (Length IS High),High,0.11507852131546555,0.0412062093425427,2118.8124439105686,87.30822912136341,3997.7837172569566,0.3789308176100629,0.2,0.1212121212121212,3829.0
3,all,R17,IF (PointsAjust IS Medium) AND (TeamExp IS High) AND (Length IS High),High,0.006810610812429766,0.00243867797117628,2118.8124439105686,5.16710123201888,3997.7837172569566,0.3789308176100629,0.2,0.1212121212121212,3829.0
3,all,R18,IF (PointsAjust IS High) AND (TeamExp IS Medium) AND (Length IS Medium),Very_High,0.07033987811851082,0.025186626572432078,7470.285869365631,188.15130058102827,3997.7837172569566,0.3789308176100629,0.2,0.1212121212121212,3829.0
3,all,R19,IF (PointsAjust IS Medium) AND (TeamExp IS Low) AND (Length IS High),Very_High,0.49090939901265024,0.17578011285428777,7470.285869365631,1313.1276931708817,3997.7837172569566,0.3789308176100629,0.2,0.1212121212121212,3829.0
3,all,R20,IF (PointsAjust IS High) AND (TeamExp IS Low) AND (Length IS High),Very_High,0.6515654790396682,0.2333062957602887,7470.285869365631,1742.8647244521233,3997.7837172569566,0.3789308176100629,0.2,0.1212121212121212,3829.0
4,all,R1,IF (PointsAjust IS Low) AND (TeamExp IS High) AND (Length IS Low),Very_Low,0.007248392852517123,0.0019314189050185083,-2853.4854286488107,-5.511275702087155,2644.155355743819,0.2295597484276729,0.2,0.0909090909090909,2149.0
4,all,R2,IF (PointsAjust IS Low) AND (TeamExp IS Medium) AND (Length IS Low),Low,0.08830350215059615,0.023529499145976514,9494.004175225884,223.3891631328749,2644.155355743819,0.2295597484276729,0.2,0.0909090909090909,2149.0
4,all,R3,IF (PointsAjust IS Low) AND (TeamExp IS High) AND (Length IS Medium),Low,0.002960539767251593,0.0007888703871152812,9494.004175225884,7.48953874898454,2644.155355743819,0.2295597484276729,0.2,0.0909090909090909,2149.0
4,all,R4,IF (PointsAjust IS Medium) AND (TeamExp IS High) AND (Length IS Low),Low,0.009279733511963525,0.0024726933408853627,9494.004175225884,23.475760902418873,2644.155355743819,0.2295597484276729,0.2,0.0909090909090909,2149.0
4,all,R5,IF (PointsAjust IS Low) AND (TeamExp IS Low) AND (Length IS Low),Medium,0.5224647652076457,0.13921683678854097,-2936.3623115402206,-408.79107267771775,2644.155355743819,0.2295597484276729,0.2,0.0909090909090909,2149.0
4,all,R6,IF (PointsAjust IS Medium) AND (TeamExp IS Medium) AND (Length IS Low),Medium,0.11305029746643337,0.03012357169200765,-2936.3623115402206,-88.45372060539114,2644.155355743819,0.2295597484276729,0.2,0.0909090909090909,2149.0
4,all,R7,IF (PointsAjust IS Low) AND (TeamExp IS Medium) AND (Length IS Medium),Medium,0.036066757834965026,0.009610408726809733,-2936.3623115402206,-28.219641983901337,2644.155355743819,0.2295597484276729,0.2,0.0909090909090909,2149.0
4,all,R8,IF (PointsAjust IS Medium) AND (TeamExp IS High) AND (Length IS Medium),Medium,0.003790222281084674,0.001009948979982114,-2936.3623115402206,-2.965576121397968,2644.155355743819,0.2295597484276729,0.2,0.0909090909090909,2149.0
4,all,R9,IF (PointsAjust IS Low) AND (TeamExp IS Low) AND (Length IS Medium),High,0.2133959549181799,0.056861843717579644,687.7595420240402,39.107275593845124,2644.155355743819,0.2295597484276729,0.2,0.0909090909090909,2149.0
4,all,R10,IF (PointsAjust IS Medium) AND (TeamExp IS Low) AND (Length IS Low),High,0.6688839704423417,0.17823194355801897,687.7595420240402,122.58071987551772,2644.155355743819,0.2295597484276729,0.2,0.0909090909090909,2149.0
4,all,R11,IF (PointsAjust IS Medium) AND (TeamExp IS Medium) AND (Length IS Medium),Medium,0.04617436004903782,0.012303697349250745,-2936.3623115402206,-36.128113188937206,2644.155355743819,0.2295597484276729,0.2,0.0909090909090909,2149.0
4,all,R12,IF (PointsAjust IS High) AND (TeamExp IS High) AND (Length IS Low),Medium,0.008802278712540993,0.0023454699349994275,-2936.3623115402206,-6.8871495199830095,2644.155355743819,0.2295597484276729,0.2,0.0909090909090909,2149.0
4,all,R13,IF (PointsAjust IS High) AND (TeamExp IS Medium) AND (Length IS Low),High,0.10723370725595947,0.02857367331814211,687.7595420240402,19.651816475229957,2644.155355743819,0.2295597484276729,0.2,0.0909090909090909,2149.0
4,all,R14,IF (PointsAjust IS High) AND (TeamExp IS High) AND (Length IS Medium),High,0.0035952102350330214,0.0009579857434255159,687.7595420240402,0.6588638361638925,2644.155355743819,0.2295597484276729,0.2,0.0909090909090909,2149.0
4,all,R15,IF (PointsAjust IS Medium) AND (TeamExp IS Low) AND (Length IS Medium),High,0.273199540155169,0.07279720724778556,687.7595420240402,50.06697391736614,2644.155355743819,0.2295597484276729,0.2,0.0909090909090909,2149.0
4,all,R16,IF (PointsAjust IS Low) AND (TeamExp IS Low) AND (Length IS High),High,0.4568511133956101,0.12173331318329661,687.7595420240402,83.72324772401313,2644.155355743819,0.2295597484276729,0.2,0.0909090909090909,2149.0
4,all,R17,IF (PointsAjust IS Medium) AND (TeamExp IS High) AND (Length IS High),High,0.008114339701491991,0.0021621605533923907,687.7595420240402,1.487046551983596,2644.155355743819,0.2295597484276729,0.2,0.0909090909090909,2149.0
4,all,R18,IF (PointsAjust IS High) AND (TeamExp IS Medium) AND (Length IS Medium),Very_High,0.04379862697574913,0.011670655533721383,8401.731591346308,98.05371528938755,2644.155355743819,0.2295597484276729,0.2,0.0909090909090909,2149.0
4,all,R19,IF (PointsAjust IS Medium) AND (TeamExp IS Low) AND (Length IS High),Very_High,0.5848822867655236,0.15584871417076937,8401.731591346308,1309.399065319254,2644.155355743819,0.2295597484276729,0.2,0.0909090909090909,2149.0
4,all,R20,IF (PointsAjust IS High) AND (TeamExp IS Low) AND (Length IS High),Very_High,0.5547893046175548,0.14783008772328213,8401.731591346308,1242.0287181761955,2644.155355743819,0.2295597484276729,0.2,0.0909090909090909,2149.0
5,all,R1,IF (PointsAjust IS Low) AND (TeamExp IS High) AND (Length IS Low),Very_Low,0.008216690594123787,0.0021744732007283876,-2951.2216720199376,-6.417352435216177,2393.722439756356,0.2044025157232704,0.2,0.0909090909090909,2821.0
5,all,R2,IF (PointsAjust IS Low) AND (TeamExp IS Medium) AND (Length IS Low),Low,0.10009978353988214,0.02649050663558515,9134.614913814428,241.9805769879162,2393.722439756356,0.2044025157232704,0.2,0.0909090909090909,2821.0
5,all,R3,IF (PointsAjust IS Low) AND (TeamExp IS High) AND (Length IS Medium),Low,0.0033560321238187358,0.000888143691238214,9134.614913814428,8.112850607594787,2393.722439756356,0.2044025157232704,0.2,0.0909090909090909,2821.0
5,all,R4,IF (PointsAjust IS Medium) AND (TeamExp IS High) AND (Length IS Low),Low,0.008589241064308485,0.002273065329037896,9134.614913814428,20.76357645470407,2393.722439756356,0.2044025157232704,0.2,0.0909090909090909,2821.0
5,all,R5,IF (PointsAjust IS Low) AND (TeamExp IS Low) AND (Length IS Low),Medium,0.592259747697307,0.15673621082421746,-2979.41115671122,-466.9816151903154,2393.722439756356,0.2044025157232704,0.2,0.0909090909090909,2821.0
5,all,R6,IF (PointsAjust IS Medium) AND (TeamExp IS Medium) AND (Length IS Low),Medium,0.10463837739296447,0.027691604643288646,-2979.41115671122,-82.50467582145042,2393.722439756356,0.2044025157232704,0.2,0.0909090909090909,2821.0
5,all,R7,IF (PointsAjust IS Low) AND (TeamExp IS Medium) AND (Length IS Medium),Medium,0.04088484108034863,0.010819805154746441,-2979.41115671122,-32.23664819149312,2393.722439756356,0.2044025157232704,0.2,0.0909090909090909,2821.0
5,all,R8,IF (PointsAjust IS Medium) AND (TeamExp IS High) AND (Length IS Medium),Medium,0.0035081969560417934,0.0009284127443286395,-2979.41115671122,-2.76612328848563,2393.722439756356,0.2044025157232704,0.2,0.0909090909090909,2821.0
5,all,R9,IF (PointsAjust IS Low) AND (TeamExp IS Low) AND (Length IS Medium),High,0.24190307717542828,0.0640174718113251,495.9970483787488,31.752477063087,2393.722439756356,0.2044025157232704,0.2,0.0909090909090909,2821.0
5,all,R10,IF (PointsAjust IS Medium) AND (TeamExp IS Low) AND (Length IS Low),High,0.6191132168584679,0.16384273970815644,495.9970483787488,81.26551529353321,2393.722439756356,0.2044025157232704,0.2,0.0909090909090909,2821.0
5,all,R11,IF (PointsAjust IS Medium) AND (TeamExp IS Medium) AND (Length IS Medium),Medium,0.042738588229937494,0.011310382650823798,-2979.41115671122,-33.698280256537444,2393.722439756356,0.2044025157232704,0.2,0.0909090909090909,2821.0
5,all,R12,IF (PointsAjust IS High) AND (TeamExp IS High) AND (Length IS Low),Medium,0.008502657493246154,0.0022501517663642517,-2979.41115671122,-6.70412727699911,2393.722439756356,0.2044025157232704,0.2,0.0909090909090909,2821.0
5,all,R13,IF (PointsAjust IS High) AND (TeamExp IS Medium) AND (Length IS Low),High,0.10358357356140148,0.02741246030439877,495.9970483787488,13.596499399781408,2393.722439756356,0.2044025157232704,0.2,0.0909090909090909,2821.0
5,all,R14,IF (PointsAjust IS High) AND (TeamExp IS High) AND (Length IS Medium),High,0.003472832688329446,0.0009190539092206365,495.9970483787488,0.4558480262743862,2393.722439756356,0.2044025157232704,0.2,0.0909090909090909,2821.0
5,all,R15,IF (PointsAjust IS Medium) AND (TeamExp IS Low) AND (Length IS Medium),High,0.25287113105411296,0.06692006853809015,495.9970483787488,33.19215647219629,2393.722439756356,0.2044025157232704,0.2,0.0909090909090909,2821.0
5,all,R16,IF (PointsAjust IS Low) AND (TeamExp IS Low) AND (Length IS High),High,0.5178809044613412,0.13705251950529992,495.9970483787488,67.97764514749966,2393.722439756356,0.2044025157232704,0.2,0.0909090909090909,2821.0
5,all,R17,IF (PointsAjust IS Medium) AND (TeamExp IS High) AND (Length IS High),High,0.007510562634578984,0.0019876027926576147,495.9970483787488,0.9858451185075351,2393.722439756356,0.2044025157232704,0.2,0.0909090909090909,2821.0
5,all,R18,IF (PointsAjust IS High) AND (TeamExp IS Medium) AND (Length IS Medium),Very_High,0.042307763252107104,0.011196368698641329,8522.015919577358,95.41563229127902,2393.722439756356,0.2044025157232704,0.2,0.0909090909090909,2821.0
5,all,R19,IF (PointsAjust IS Medium) AND (TeamExp IS Low) AND (Length IS High),Very_High,0.541361985104043,0.14326657612539614,8522.015919577358,1220.9200424839673,2393.722439756356,0.2044025157232704,0.2,0.0909090909090909,2821.0
5,all,R20,IF (PointsAjust IS High) AND (TeamExp IS Low) AND (Length IS High),Very_High,0.5359048028504821,0.1418223819664552,8522.015919577358,1208.6125968705119,2393.722439756356,0.2044025157232704,0.2,0.0909090909090909,2821.0
6,all,R1,IF (PointsAjust IS Low) AND (TeamExp IS High) AND (Length IS Low),Very_Low,0.45708648859028267,0.041917872715556595,-3961.595259294394,-166.06164582965482,2705.4980177989905,0.130503144654088,0.6,0.2424242424242424,2569.0
6,all,R2,IF (PointsAjust IS Low) AND (TeamExp IS Medium) AND (Length IS Low),Low,0.7536082162884307,0.06911088836863873,11096.550349915298,766.8924525099752,2705.4980177989905,0.130503144654088,0.6,0.2424242424242424,2569.0
6,all,R3,IF (PointsAjust IS Low) AND (TeamExp IS High) AND (Length IS Medium),Low,0.605541213505302,0.05553215889190594,11096.550349915298,616.2153971835309,2705.4980177989905,0.130503144654088,0.6,0.2424242424242424,2569.0
6,all,R4,IF (PointsAjust IS Medium) AND (TeamExp IS High) AND (Length IS Low),Low,0.26342119645716666,0.024157476668641757,11096.550349915298,268.06465618048736,2705.4980177989905,0.130503144654088,0.6,0.2424242424242424,2569.0
6,all,R5,IF (PointsAjust IS Low) AND (TeamExp IS Low) AND (Length IS Low),Medium,0.6034422859275661,0.055339673265577205,-2216.027088187432,-122.63421500796093,2705.4980177989905,0.130503144654088,0.6,0.2424242424242424,2569.0
6,all,R6,IF (PointsAjust IS Medium) AND (TeamExp IS Medium) AND (Length IS Low),Medium,0.434308129752208,0.03982894563003175,-2216.027088187432,-88.2620224100948,2705.4980177989905,0.130503144654088,0.6,0.2424242424242424,2569.0
6,all,R7,IF (PointsAjust IS Low) AND (TeamExp IS Medium) AND (Length IS Medium),Medium,0.9983686789917593,0.0915570515729846,-2216.027088187432,-202.89290640030762,2705.4980177989905,0.130503144654088,0.6,0.2424242424242424,2569.0
6,all,R8,IF (PointsAjust IS Medium) AND (TeamExp IS High) AND (Length IS Medium),Medium,0.34897638619257665,0.03200345689996477,-2216.027088187432,-70.92052740596091,2705.4980177989905,0.130503144654088,0.6,0.2424242424242424,2569.0
6,all,R9,IF (PointsAjust IS Low) AND (TeamExp IS Low) AND (Length IS Medium),High,0.7994311431693458,0.07331315569527196,-208.9014432310346,-15.315224032563854,2705.4980177989905,0.130503144654088,0.6,0.2424242424242424,2569.0
6,all,R10,IF (PointsAjust IS Medium) AND (TeamExp IS Low) AND (Length IS Low),High,0.3477667638834392,0.03189252648470638,-208.9014432310346,-6.662394810939157,2705.4980177989905,0.130503144654088,0.6,0.2424242424242424,2569.0
6,all,R11,IF (PointsAjust IS Medium) AND (TeamExp IS Medium) AND (Length IS Medium),Medium,0.5753647908877637,0.052764780126906705,-2216.027088187432,-116.92818206347916,2705.4980177989905,0.130503144654088,0.6,0.2424242424242424,2569.0
6,all,R12,IF (PointsAjust IS High) AND (TeamExp IS High) AND (Length IS Low),Medium,0.3488116725400755,0.03198835156193268,-2216.027088187432,-70.88705356770558,2705.4980177989905,0.130503144654088,0.6,0.2424242424242424,2569.0
6,all,R13,IF (PointsAjust IS High) AND (TeamExp IS Medium) AND (Length IS Low),High,0.5750932239853104,0.052739875634792086,-208.9014432310346,-11.017436135933343,2705.4980177989905,0.130503144654088,0.6,0.2424242424242424,2569.0
6,all,R14,IF (PointsAjust IS High) AND (TeamExp IS High) AND (Length IS Medium),High,0.462100387447816,0.042377680606109115,-208.9014432310346,-8.852758639400019,2705.4980177989905,0.130503144654088,0.6,0.2424242424242424,2569.0
6,all,R15,IF (PointsAjust IS Medium) AND (TeamExp IS Low) AND (Length IS Medium),High,0.46071610838524035,0.042250733004295694,-208.9014432310346,-8.826239102166477,2705.4980177989905,0.130503144654088,0.6,0.2424242424242424,2569.0
6,all,R16,IF (PointsAjust IS Low) AND (TeamExp IS Low) AND (Length IS High),High,0.7595304426330359,0.06965399593428019,-208.9014432310346,-14.550820277479747,2705.4980177989905,0.130503144654088,0.6,0.2424242424242424,2569.0
6,all,R17,IF (PointsAjust IS Medium) AND (TeamExp IS High) AND (Length IS High),High,0.33155849798708303,0.03040612064304878,-208.9014432310346,-6.351882485389844,2705.4980177989905,0.130503144654088,0.6,0.2424242424242424,2569.0
6,all,R18,IF (PointsAjust IS High) AND (TeamExp IS Medium) AND (Length IS Medium),Very_High,0.7618747379839849,0.0698689834182284,12039.872119208992,841.2136254546036,2705.4980177989905,0.130503144654088,0.6,0.2424242424242424,2569.0
6,all,R19,IF (PointsAjust IS Medium) AND (TeamExp IS Low) AND (Length IS High),Very_High,0.43772113798659595,0.040141941197210845,12039.872119208992,483.3038386312257,2705.4980177989905,0.130503144654088,0.6,0.2424242424242424,2569.0
6,all,R20,IF (PointsAjust IS High) AND (TeamExp IS Low) AND (Length IS High),Very_High,0.5796125911685184,0.05315433167991572,12039.872119208992,639.9713560082046,2705.4980177989905,0.130503144654088,0.6,0.2424242424242424,2569.0
7,all,R1,IF (PointsAjust IS Low) AND (TeamExp IS High) AND (Length IS Low),Very_Low,0.020468537527617757,0.003834334998039996,-3230.370552718001,-12.386322866924438,4313.979377629404,0.2389937106918239,0.4,0.3636363636363636,3913.0
7,all,R2,IF (PointsAjust IS Low) AND (TeamExp IS Medium) AND (Length IS Low),Low,0.09173362092332904,0.01718429725273058,11643.926276976603,200.09269033244647,4313.979377629404,0.2389937106918239,0.4,0.3636363636363636,3913.0
7,all,R3,IF (PointsAjust IS Low) AND (TeamExp IS High) AND (Length IS Medium),Low,0.04925829244496367,0.009227468958667485,11643.926276976603,107.44396827781425,4313.979377629404,0.2389937106918239,0.4,0.3636363636363636,3913.0
7,all,R4,IF (PointsAjust IS Medium) AND (TeamExp IS High) AND (Length IS Low),Low,0.028274443502707077,0.005296601583100604,11643.926276976603,61.673238352141,4313.979377629404,0.2389937106918239,0.4,0.3636363636363636,3913.0
7,all,R5,IF (PointsAjust IS Low) AND (TeamExp IS Low) AND (Length IS Low),Medium,0.15124317205463486,0.028332116402610675,-3021.7570121663452,-85.61277140910194,4313.979377629404,0.2389937106918239,0.4,0.3636363636363636,3913.0
7,all,R6,IF (PointsAjust IS Medium) AND (TeamExp IS Medium) AND (Length IS Low),Medium,0.12671726441597345,0.02373772142491727,-3021.7570121663452,-71.72962616859505,4313.979377629404,0.2389937106918239,0.4,0.3636363636363636,3913.0
7,all,R7,IF (PointsAjust IS Low) AND (TeamExp IS Medium) AND (Length IS Medium),Medium,0.2207603508741098,0.041354646778943835,-3021.7570121663452,-124.9636938899359,4313.979377629404,0.2389937106918239,0.4,0.3636363636363636,3913.0
7,all,R8,IF (PointsAjust IS Medium) AND (TeamExp IS High) AND (Length IS Medium),Medium,0.06804349382049106,0.012746467567250383,-3021.7570121663452,-38.51672775168974,4313.979377629404,0.2389937106918239,0.4,0.3636363636363636,3913.0
7,all,R9,IF (PointsAjust IS Low) AND (TeamExp IS Low) AND (Length IS Medium),High,0.36397228621336836,0.06818228578673523,2589.882517017125,176.58410992933076,4313.979377629404,0.2389937106918239,0.4,0.3636363636363636,3913.0
7,all,R10,IF (PointsAjust IS Medium) AND (TeamExp IS Low) AND (Length IS Low),High,0.2089214492075478,0.039136886231215244,2589.882517017125,101.3599374207126,4313.979377629404,0.2389937106918239,0.4,0.3636363636363636,3913.0
7,all,R11,IF (PointsAjust IS Medium) AND (TeamExp IS Medium) AND (Length IS Medium),Medium,0.3049497825629105,0.057125704381564675,-3021.7570121663452,-172.61999778993476,4313.979377629404,0.2389937106918239,0.4,0.3636363636363636,3913.0
7,all,R12,IF (PointsAjust IS High) AND (TeamExp IS High) AND (Length IS Low),Medium,0.026589206274126042,0.004980909068340843,-3021.7570121663452,-15.051096904221879,4313.979377629404,0.2389937106918239,0.4,0.3636363636363636,3913.0
7,all,R13,IF (PointsAjust IS High) AND (TeamExp IS Medium) AND (Length IS Low),High,0.11916455514771503,0.022322885731930916,2589.882517017125,57.813651486498905,4313.979377629404,0.2389937106918239,0.4,0.3636363636363636,3913.0
7,all,R14,IF (PointsAjust IS High) AND (TeamExp IS High) AND (Length IS Medium),High,0.06398790811327683,0.011986741856815995,2589.882517017125,31.044253170965135,4313.979377629404,0.2389937106918239,0.4,0.3636363636363636,3913.0
7,all,R15,IF (PointsAjust IS Medium) AND (TeamExp IS Low) AND (Length IS Medium),High,0.5027771930068494,0.09418436391761316,2589.882517017125,243.92643748660484,4313.979377629404,0.2389937106918239,0.4,0.3636363636363636,3913.0
7,all,R16,IF (PointsAjust IS Low) AND (TeamExp IS Low) AND (Length IS High),High,0.6993413422587915,0.13100637896484052,2589.882517017125,339.2911304987605,4313.979377629404,0.2389937106918239,0.4,0.3636363636363636,3913.0
7,all,R17,IF (PointsAjust IS Medium) AND (TeamExp IS High) AND (Length IS High),High,0.1307397021775012,0.024491237589208594,2589.882517017125,63.42942805240398,4313.979377629404,0.2389937106918239,0.4,0.3636363636363636,3913.0
7,all,R18,IF (PointsAjust IS High) AND (TeamExp IS Medium) AND (Length IS Medium),Very_High,0.2867739084250693,0.05372084996865607,8526.711560778831,458.0621924826048,4313.979377629404,0.2389937106918239,0.4,0.3636363636363636,3913.0
7,all,R19,IF (PointsAjust IS Medium) AND (TeamExp IS Low) AND (Length IS High),Very_High,0.9660429937470418,0.1809671284789013,8526.711560778831,1543.0545065219958,4313.979377629404,0.2389937106918239,0.4,0.3636363636363636,3913.0
7,all,R20,IF (PointsAjust IS High) AND (TeamExp IS Low) AND (Length IS High),Very_High,0.9084640844639461,0.17018097305791657,8526.711560778831,1451.084070397528,4313.979377629404,0.2389937106918239,0.4,0.3636363636363636,3913.0
8,all,R1,IF (PointsAjust IS Low) AND (TeamExp IS High) AND (Length IS Low),Very_Low,0.15370965766160835,0.023434269575995478,-3704.1556654622236,-86.80418241589267,3931.5669715507106,0.2908805031446541,0.8,0.3333333333333333,7854.0
8,all,R2,IF (PointsAjust IS Low) AND (TeamExp IS Medium) AND (Length IS Low),Low,0.09322962006569832,0.014213602985812226,14935.426082005904,212.28621675357692,3931.5669715507106,0.2908805031446541,0.8,0.3333333333333333,7854.0
8,all,R3,IF (PointsAjust IS Low) AND (TeamExp IS High) AND (Length IS Medium),Low,0.32790323325344806,0.04999147665671421,14935.426082005904,746.6440043366788,3931.5669715507106,0.2908805031446541,0.8,0.3333333333333333,7854.0
8,all,R4,IF (PointsAjust IS Medium) AND (TeamExp IS High) AND (Length IS Low),Low,0.3225391959684099,0.04917368616999015,14935.426082005904,734.4299549716438,3931.5669715507106,0.2908805031446541,0.8,0.3333333333333333,7854.0
8,all,R5,IF (PointsAjust IS Low) AND (TeamExp IS Low) AND (Length IS Low),Medium,0.06319192943433945,0.009634116241750394,-1538.7059087056673,-14.824071586338569,3931.5669715507106,0.2908805031446541,0.8,0.3333333333333333,7854.0
8,all,R6,IF (PointsAjust IS Medium) AND (TeamExp IS Medium) AND (Length IS Low),Medium,0.19562991131390198,0.029825348313186117,-1538.7059087056673,-45.892439678704086,3931.5669715507106,0.2908805031446541,0.8,0.3333333333333333,7854.0
8,all,R7,IF (PointsAjust IS Low) AND (TeamExp IS Medium) AND (Length IS Medium),Medium,0.19888336438711934,0.03032136331660558,-1538.7059087056673,-46.65566089527228,3931.5669715507106,0.2908805031446541,0.8,0.3333333333333333,7854.0
8,all,R8,IF (PointsAjust IS Medium) AND (TeamExp IS High) AND (Length IS Medium),Medium,0.6880611590577039,0.10490043977345632,-1538.7059087056673,-161.41092650524024,3931.5669715507106,0.2908805031446541,0.8,0.3333333333333333,7854.0
8,all,R9,IF (PointsAjust IS Low) AND (TeamExp IS Low) AND (Length IS Medium),High,0.13480504928753756,0.02055211047417837,1089.017918428133,22.381616567894756,3931.5669715507106,0.2908805031446541,0.8,0.3333333333333333,7854.0
8,all,R10,IF (PointsAjust IS Medium) AND (TeamExp IS Low) AND (Length IS Low),High,0.13259982763291955,0.02021590675402625,1089.017918428133,22.015484692406904,3931.5669715507106,0.2908805031446541,0.8,0.3333333333333333,7854.0
8,all,R11,IF (PointsAjust IS Medium) AND (TeamExp IS Medium) AND (Length IS Medium),Medium,0.41733018872590827,0.06362533293993981,-1538.7059087056673,-97.90067573805072,3931.5669715507106,0.2908805031446541,0.8,0.3333333333333333,7854.0
8,all,R12,IF (PointsAjust IS High) AND (TeamExp IS High) AND (Length IS Low),Medium,0.3108279610941107,0.047388214526325995,-1538.7059087056673,-72.91652569466955,3931.5669715507106,0.2908805031446541,0.8,0.3333333333333333,7854.0
8,all,R13,IF (PointsAjust IS High) AND (TeamExp IS Medium) AND (Length IS Low),High,0.1885266882995437,0.028742405019256297,1089.017918428133,31.300994084688817,3931.5669715507106,0.2908805031446541,0.8,0.3333333333333333,7854.0
8,all,R14,IF (PointsAjust IS High) AND (TeamExp IS High) AND (Length IS Medium),High,0.6630780068010816,0.10109155792604033,1089.017918428133,110.09051798327347,3931.5669715507106,0.2908805031446541,0.8,0.3333333333333333,7854.0
8,all,R15,IF (PointsAjust IS Medium) AND (TeamExp IS Low) AND (Length IS Medium),High,0.2828703991092428,0.043125860070476876,1089.017918428133,46.964834364373665,3931.5669715507106,0.2908805031446541,0.8,0.3333333333333333,7854.0
8,all,R16,IF (PointsAjust IS Low) AND (TeamExp IS Low) AND (Length IS High),High,0.19402297777230174,0.029580358412242668,1089.017918428133,32.21354034445862,3931.5669715507106,0.2908805031446541,0.8,0.3333333333333333,7854.0
8,all,R17,IF (PointsAjust IS Medium) AND (TeamExp IS High) AND (Length IS High),High,0.9903165769783877,0.15098170136830022,1089.017918428133,164.42177814484432,3931.5669715507106,0.2908805031446541,0.8,0.3333333333333333,7854.0
8,all,R18,IF (PointsAjust IS High) AND (TeamExp IS Medium) AND (Length IS Medium),Very_High,0.402177140905998,0.06131512932025912,12746.691257908102,781.5650228840517,3931.5669715507106,0.2908805031446541,0.8,0.3333333333333333,7854.0
8,all,R19,IF (PointsAjust IS Medium) AND (TeamExp IS Low) AND (Length IS High),Very_High,0.40713131628882226,0.06207043307419405,12746.691257908102,791.1926466413992,3931.5669715507106,0.2908805031446541,0.8,0.3333333333333333,7854.0
8,all,R20,IF (PointsAjust IS High) AND (TeamExp IS Low) AND (Length IS High),Very_High,0.3923485843624738,0.059816687081249514,12746.691257908102,762.4648422955877,3931.5669715507106,0.2908805031446541,0.8,0.3333333333333333,7854.0
9,all,R1,IF (PointsAjust IS Low) AND (TeamExp IS High) AND (Length IS Low),Very_Low,0.8070222162729803,0.1548162270227921,-4519.905512236243,-699.7547179039357,1808.4392844956867,0.0644654088050314,0.8,0.0909090909090909,2422.0
9,all,R2,IF (PointsAjust IS Low) AND (TeamExp IS Medium) AND (Length IS Low),Low,0.48948371723880224,0.09390078831035491,11077.746811797686,1040.2091583303236,1808.4392844956867,0.0644654088050314,0.8,0.0909090909090909,2422.0
9,all,R3,IF (PointsAjust IS Low) AND (TeamExp IS High) AND (Length IS Medium),Low,0.32962084326072055,0.06323327198768769,11077.746811797686,700.4821771611432,1808.4392844956867,0.0644654088050314,0.8,0.0909090909090909,2422.0
9,all,R4,IF (PointsAjust IS Medium) AND (TeamExp IS High) AND (Length IS Low),Low,0.2731766196133328,0.05240521599850363,11077.746811797686,580.5317144489927,1808.4392844956867,0.0644654088050314,0.8,0.0909090909090909,2422.0
9,all,R5,IF (PointsAjust IS Low) AND (TeamExp IS Low) AND (Length IS Low),Medium,0.3317767518221717,0.06364685369902078,-1253.5817698021415,-79.78653550235644,1808.4392844956867,0.0644654088050314,0.8,0.0909090909090909,2422.0
9,all,R6,IF (PointsAjust IS Medium) AND (TeamExp IS Medium) AND (Length IS Low),Medium,0.16568999531214185,0.03178537023195546,-1253.5817698021415,-39.84556066919103,1808.4392844956867,0.0644654088050314,0.8,0.0909090909090909,2422.0
9,all,R7,IF (PointsAjust IS Low) AND (TeamExp IS Medium) AND (Length IS Medium),Medium,0.19992514751795934,0.03835291817448059,-1253.5817698021415,-48.07851904224209,1808.4392844956867,0.0644654088050314,0.8,0.0909090909090909,2422.0
9,all,R8,IF (PointsAjust IS Medium) AND (TeamExp IS High) AND (Length IS Medium),Medium,0.11157649182436095,0.02140443117967893,-1253.5817698021415,-26.832204719830052,1808.4392844956867,0.0644654088050314,0.8,0.0909090909090909,2422.0
9,all,R9,IF (PointsAjust IS Low) AND (TeamExp IS Low) AND (Length IS Medium),High,0.1355111798718254,0.02599597528312225,-2976.549291320377,-77.37830180615957,1808.4392844956867,0.0644654088050314,0.8,0.0909090909090909,2422.0
9,all,R10,IF (PointsAjust IS Medium) AND (TeamExp IS Low) AND (Length IS Low),High,0.11230626580224788,0.02154442838366873,-2976.549291320377,-64.12805303731177,1808.4392844956867,0.0644654088050314,0.8,0.0909090909090909,2422.0
9,all,R11,IF (PointsAjust IS Medium) AND (TeamExp IS Medium) AND (Length IS Medium),Medium,0.06767456319465089,0.012982443764184318,-1253.5817698021415,-16.274554830262954,1808.4392844956867,0.0644654088050314,0.8,0.0909090909090909,2422.0
9,all,R12,IF (PointsAjust IS High) AND (TeamExp IS High) AND (Length IS Low),Medium,0.5781276687635893,0.11090592379080957,-1253.5817698021415,-139.02964422722448,1808.4392844956867,0.0644654088050314,0.8,0.0909090909090909,2422.0
9,all,R13,IF (PointsAjust IS High) AND (TeamExp IS Medium) AND (Length IS Low),High,0.3506521563333066,0.06726784312287877,-2976.549291320377,-200.2260507760551,1808.4392844956867,0.0644654088050314,0.8,0.0909090909090909,2422.0
9,all,R14,IF (PointsAjust IS High) AND (TeamExp IS High) AND (Length IS Medium),High,0.23613095878608345,0.04529851023354016,-2976.549291320377,-134.8332485335128,1808.4392844956867,0.0644654088050314,0.8,0.0909090909090909,2422.0
9,all,R15,IF (PointsAjust IS Medium) AND (TeamExp IS Low) AND (Length IS Medium),High,0.04587046712066949,0.008799624729281263,-2976.549291320377,-26.19251675182741,1808.4392844956867,0.0644654088050314,0.8,0.0909090909090909,2422.0
9,all,R16,IF (PointsAjust IS Low) AND (TeamExp IS Low) AND (Length IS High),High,0.2901106228828616,0.05565377402047175,-2976.549291320377,-165.6562016199396,1808.4392844956867,0.0644654088050314,0.8,0.0909090909090909,2422.0
9,all,R17,IF (PointsAjust IS Medium) AND (TeamExp IS High) AND (Length IS High),High,0.2388697786622986,0.045823915546034356,-2976.549291320377,-136.39714334407338,1808.4392844956867,0.0644654088050314,0.8,0.0909090909090909,2422.0
9,all,R18,IF (PointsAjust IS High) AND (TeamExp IS Medium) AND (Length IS Medium),Very_High,0.1432206662110998,0.02747493529594858,15567.31039685807,427.7108458856231,1808.4392844956867,0.0644654088050314,0.8,0.0909090909090909,2422.0
9,all,R19,IF (PointsAjust IS Medium) AND (TeamExp IS Low) AND (Length IS High),Very_High,0.09820230183880245,0.018838774880138093,15567.31039685807,293.2690560556424,1808.4392844956867,0.0644654088050314,0.8,0.0909090909090909,2422.0
9,all,R20,IF (PointsAjust IS High) AND (TeamExp IS Low) AND (Length IS High),Very_High,0.20782696524191954,0.03986877434544819,15567.31039685807,620.6495853778839,1808.4392844956867,0.0644654088050314,0.8,0.0909090909090909,2422.0
10,all,R1,IF (PointsAjust IS Low) AND (TeamExp IS High) AND (Length IS Low),Very_Low,0.0002899751564339815,0.00037376140709103456,-4178.7770329025425,-1.5618655837373527,5628.463863090799,0.2751572327044025,1.0,0.6060606060606061,4067.0
10,all,R2,IF (PointsAjust IS Low) AND (TeamExp IS Medium) AND (Length IS Low),Low,6.470220309418026e-05,8.339744262152499e-05,16725.95892234517,1.3949021995162652,5628.463863090799,0.2751572327044025,1.0,0.6060606060606061,4067.0
10,all,R3,IF (PointsAjust IS Low) AND (TeamExp IS High) AND (Length IS Medium),Low,0.0009191912721447021,0.0011847850260262546,16725.95892234517,19.816665677124785,5628.463863090799,0.2751572327044025,1.0,0.6060606060606061,4067.0
10,all,R4,IF (PointsAjust IS Medium) AND (TeamExp IS High) AND (Length IS Low),Low,0.0005360677530166955,0.0006909607020395401,16725.95892234517,11.556980319268128,5628.463863090799,0.2751572327044025,1.0,0.6060606060606061,4067.0
10,all,R5,IF (PointsAjust IS Low) AND (TeamExp IS Low) AND (Length IS Low),Medium,6.470220309418026e-05,8.339744262152499e-05,-1667.1494545027922,-0.1390360009734033,5628.463863090799,0.2751572327044025,1.0,0.6060606060606061,4067.0
10,all,R6,IF (PointsAjust IS Medium) AND (TeamExp IS Medium) AND (Length IS Low),Medium,0.00011961288358102416,0.00015417417210235405,-1667.1494545027922,-0.25703138691885913,5628.463863090799,0.2751572327044025,1.0,0.6060606060606061,4067.0
10,all,R7,IF (PointsAjust IS Low) AND (TeamExp IS Medium) AND (Length IS Medium),Medium,0.00020509929576068627,0.0002643612725986997,-1667.1494545027922,-0.44072975140458615,5628.463863090799,0.2751572327044025,1.0,0.6060606060606061,4067.0
10,all,R8,IF (PointsAjust IS Medium) AND (TeamExp IS High) AND (Length IS Medium),Medium,0.0016992793655526564,0.002190274003194891,-1667.1494545027922,-3.651514109638009,5628.463863090799,0.2751572327044025,1.0,0.6060606060606061,4067.0
10,all,R9,IF (PointsAjust IS Low) AND (TeamExp IS Low) AND (Length IS Medium),High,0.00020509929576068627,0.0002643612725986997,2799.3783997759274,0.7400472362500757,5628.463863090799,0.2751572327044025,1.0,0.6060606060606061,4067.0
10,all,R10,IF (PointsAjust IS Medium) AND (TeamExp IS Low) AND (Length IS Low),High,0.00011961288358102416,0.00015417417210235405,2799.3783997759274,0.4315918471866663,5628.463863090799,0.2751572327044025,1.0,0.6060606060606061,4067.0
10,all,R11,IF (PointsAjust IS Medium) AND (TeamExp IS Medium) AND (Length IS Medium),Medium,0.00037916047697268636,0.0004887161891018184,-1667.1494545027922,-0.8147629280677801,5628.463863090799,0.2751572327044025,1.0,0.6060606060606061,4067.0
10,all,R12,IF (PointsAjust IS High) AND (TeamExp IS High) AND (Length IS Low),Medium,0.0005062370509311844,0.000652510631615895,-1667.1494545027922,-1.0878327435557118,5628.463863090799,0.2751572327044025,1.0,0.6060606060606061,4067.0
10,all,R13,IF (PointsAjust IS High) AND (TeamExp IS Medium) AND (Length IS Low),High,0.00011295675424734398,0.00014559480173100773,2799.3783997759274,0.40757494308544184,5628.463863090799,0.2751572327044025,1.0,0.6060606060606061,4067.0
10,all,R14,IF (PointsAjust IS High) AND (TeamExp IS High) AND (Length IS Medium),High,0.0016047191234403522,0.0020683912544056503,2799.3783997759274,5.790209799868612,5628.463863090799,0.2751572327044025,1.0,0.6060606060606061,4067.0
10,all,R15,IF (PointsAjust IS Medium) AND (TeamExp IS Low) AND (Length IS Medium),High,0.00037916047697268636,0.0004887161891018184,2799.3783997759274,1.368101543392438,5628.463863090799,0.2751572327044025,1.0,0.6060606060606061,4067.0
10,all,R16,IF (PointsAjust IS Low) AND (TeamExp IS Low) AND (Length IS High),High,0.059649750920955265,0.07688512047383554,2799.3783997759274,215.23054551862512,5628.463863090799,0.2751572327044025,1.0,0.6060606060606061,4067.0
10,all,R17,IF (PointsAjust IS Medium) AND (TeamExp IS High) AND (Length IS High),High,0.4942074058538234,0.6370051065005259,2799.3783997759274,1783.2183356845364,5628.463863090799,0.2751572327044025,1.0,0.6060606060606061,4067.0
10,all,R18,IF (PointsAjust IS High) AND (TeamExp IS Medium) AND (Length IS Medium),Very_High,0.00035806123500649366,0.0004615204718451443,12991.955555571676,5.996053458198584,5628.463863090799,0.2751572327044025,1.0,0.6060606060606061,4067.0
10,all,R19,IF (PointsAjust IS Medium) AND (TeamExp IS Low) AND (Length IS High),Very_High,0.11027257761470363,0.1421350514288299,12991.955555571676,1846.6122710522525,5628.463863090799,0.2751572327044025,1.0,0.6060606060606061,4067.0
10,all,R20,IF (PointsAjust IS High) AND (TeamExp IS Low) AND (Length IS High),Very_High,0.10413621072355216,0.13422562514601044,12991.955555571676,1743.8533563157916,5628.463863090799,0.2751572327044025,1.0,0.6060606060606061,4067.0
11,all,R1,IF (PointsAjust IS Low) AND (TeamExp IS High) AND (Length IS Low),Very_Low,0.004507699396106094,0.0016840338334025318,-3255.798686312893,-5.482875142498428,6623.052317837745,0.3286163522012578,0.6,0.4848484848484848,9051.0
11,all,R2,IF (PointsAjust IS Low) AND (TeamExp IS Medium) AND (Length IS Low),Low,0.007431939876282241,0.0027765024017094306,14549.916701035629,40.39787866509758,6623.052317837745,0.3286163522012578,0.6,0.4848484848484848,9051.0
11,all,R3,IF (PointsAjust IS Low) AND (TeamExp IS High) AND (Length IS Medium),Low,0.014509331783163491,0.005420549037501728,14549.916701035629,78.86853696952899,6623.052317837745,0.3286163522012578,0.6,0.4848484848484848,9051.0
11,all,R4,IF (PointsAjust IS Medium) AND (TeamExp IS High) AND (Length IS Low),Low,0.01282006345836981,0.004789454378637563,14549.916701035629,69.6861622525869,6623.052317837745,0.3286163522012578,0.6,0.4848484848484848,9051.0
11,all,R5,IF (PointsAjust IS Low) AND (TeamExp IS Low) AND (Length IS Low),Medium,0.005951032235168106,0.00222324932233709,-2549.581177908333,-5.6683546260281,6623.052317837745,0.3286163522012578,0.6,0.4848484848484848,9051.0
11,all,R6,IF (PointsAjust IS Medium) AND (TeamExp IS Medium) AND (Length IS Low),Medium,0.021136711315539757,0.007896475309107618,-2549.581177908333,-20.13270481991867,6623.052317837745,0.3286163522012578,0.6,0.4848484848484848,9051.0
11,all,R7,IF (PointsAjust IS Low) AND (TeamExp IS Medium) AND (Length IS Medium),Medium,0.02392184393454707,0.008936974497002207,-2549.581177908333,-22.785541965003617,6623.052317837745,0.3286163522012578,0.6,0.4848484848484848,9051.0
11,all,R8,IF (PointsAjust IS Medium) AND (TeamExp IS High) AND (Length IS Medium),Medium,0.0412650751200003,0.01541624153110275,-2549.581177908333,-39.30495924178831,6623.052317837745,0.3286163522012578,0.6,0.4848484848484848,9051.0
11,all,R9,IF (PointsAjust IS Low) AND (TeamExp IS Low) AND (Length IS Medium),High,0.019155115185130422,0.007156169748663295,3640.9329611665216,26.05513431361093,6623.052317837745,0.3286163522012578,0.6,0.4848484848484848,9051.0
11,all,R10,IF (PointsAjust IS Medium) AND (TeamExp IS Low) AND (Length IS Low),High,0.016924955325007617,0.006323003131211534,3640.9329611665216,23.021630513987198,6623.052317837745,0.3286163522012578,0.6,0.4848484848484848,9051.0
11,all,R11,IF (PointsAjust IS Medium) AND (TeamExp IS Medium) AND (Length IS Medium),Medium,0.06803460708738315,0.02541708532657982,-2549.581177908333,-64.80292234593799,6623.052317837745,0.3286163522012578,0.6,0.4848484848484848,9051.0
11,all,R12,IF (PointsAjust IS High) AND (TeamExp IS High) AND (Length IS Low),Medium,0.013575760726230787,0.005071775725972098,-2549.581177908333,-12.930903929510832,6623.052317837745,0.3286163522012578,0.6,0.4848484848484848,9051.0
11,all,R13,IF (PointsAjust IS High) AND (TeamExp IS Medium) AND (Length IS Low),High,0.02238264547527212,0.008361944519630782,3640.9329611665216,30.445279420969474,6623.052317837745,0.3286163522012578,0.6,0.4848484848484848,9051.0
11,all,R14,IF (PointsAjust IS High) AND (TeamExp IS High) AND (Length IS Medium),High,0.04369750493031479,0.016324974287658126,3640.9329611665216,59.43813697413042,6623.052317837745,0.3286163522012578,0.6,0.4848484848484848,9051.0
11,all,R15,IF (PointsAjust IS Medium) AND (TeamExp IS Low) AND (Length IS Medium),High,0.05447785458761665,0.020352410894120435,3640.9329611665216,74.10176366360768,6623.052317837745,0.3286163522012578,0.6,0.4848484848484848,9051.0
11,all,R16,IF (PointsAjust IS Low) AND (TeamExp IS Low) AND (Length IS High),High,0.24804611821305475,0.09266768224957224,3640.9329611665216,337.3968187373734,6623.052317837745,0.3286163522012578,0.6,0.4848484848484848,9051.0
11,all,R17,IF (PointsAjust IS Medium) AND (TeamExp IS High) AND (Length IS High),High,0.5343555286596147,0.19963016835280287,3640.9329611665216,726.8400599989418,6623.052317837745,0.3286163522012578,0.6,0.4848484848484848,9051.0
11,all,R18,IF (PointsAjust IS High) AND (TeamExp IS Medium) AND (Length IS Medium),Very_High,0.07204500585513372,0.026915332351694632,9354.572849518954,251.78143725294174,6623.052317837745,0.3286163522012578,0.6,0.4848484848484848,9051.0
11,all,R19,IF (PointsAjust IS Medium) AND (TeamExp IS Low) AND (Length IS High),Very_High,0.7054523153963254,0.2635503086132598,9354.572849518954,2465.400561435941,6623.052317837745,0.3286163522012578,0.6,0.4848484848484848,9051.0
11,all,R20,IF (PointsAjust IS High) AND (TeamExp IS Low) AND (Length IS High),Very_High,0.7470362271361033,0.2790856644880335,9354.572849518954,2610.7271797097146,6623.052317837745,0.3286163522012578,0.6,0.4848484848484848,9051.0
12,all,R1,IF (PointsAjust IS Low) AND (TeamExp IS High) AND (Length IS Low),Very_Low,0.0856198821153226,0.024190641511495813,-3920.19803980797,-94.8321054350632,1813.8440301021965,0.040880503144654,0.4,0.0606060606060606,2282.0
12,all,R2,IF (PointsAjust IS Low) AND (TeamExp IS Medium) AND (Length IS Low),Low,0.38372168987987487,0.10841493366653708,8034.765946479988,871.0886171137789,1813.8440301021965,0.040880503144654,0.4,0.0606060606060606,2282.0
12,all,R3,IF (PointsAjust IS Low) AND (TeamExp IS High) AND (Length IS Medium),Low,0.02609594057685033,0.0073730251409317195,8034.765946479988,59.240531324898996,1813.8440301021965,0.040880503144654,0.4,0.0606060606060606,2282.0
12,all,R4,IF (PointsAjust IS Medium) AND (TeamExp IS High) AND (Length IS Low),Low,0.023966189217877465,0.006771295141302188,8034.765946479988,54.40577161490022,1813.8440301021965,0.040880503144654,0.4,0.0606060606060606,2282.0
12,all,R5,IF (PointsAjust IS Low) AND (TeamExp IS Low) AND (Length IS Low),Medium,0.6326501121339476,0.17874600719756306,-2520.0619860848146,-450.45101790302135,1813.8440301021965,0.040880503144654,0.4,0.0606060606060606,2282.0
12,all,R6,IF (PointsAjust IS Medium) AND (TeamExp IS Medium) AND (Length IS Low),Medium,0.10740900827541545,0.03034683942680727,-2520.0619860848146,-76.47591643731688,1813.8440301021965,0.040880503144654,0.4,0.0606060606060606,2282.0
12,all,R7,IF (PointsAjust IS Low) AND (TeamExp IS Medium) AND (Length IS Medium),Medium,0.11695389166346176,0.033043606189441466,-2520.0619860848146,-83.27193584116833,1813.8440301021965,0.040880503144654,0.4,0.0606060606060606,2282.0
12,all,R8,IF (PointsAjust IS Medium) AND (TeamExp IS High) AND (Length IS Medium),Medium,0.007304614702002209,0.002063811713706089,-2520.0619860848146,-5.200933446147272,1813.8440301021965,0.040880503144654,0.4,0.0606060606060606,2282.0
12,all,R9,IF (PointsAjust IS Low) AND (TeamExp IS Low) AND (Length IS Medium),High,0.19282436887670773,0.05447969638517053,-1844.8780791156537,-100.50839761787742,1813.8440301021965,0.040880503144654,0.4,0.0606060606060606,2282.0
12,all,R10,IF (PointsAjust IS Medium) AND (TeamExp IS Low) AND (Length IS Low),High,0.17708751660848346,0.0500334796614984,-1844.8780791156537,-92.3056698493773,1813.8440301021965,0.040880503144654,0.4,0.0606060606060606,2282.0
12,all,R11,IF (PointsAjust IS Medium) AND (TeamExp IS Medium) AND (Length IS Medium),Medium,0.032737011872994055,0.009249362400552255,-2520.0619860848146,-23.308966581153925,1813.8440301021965,0.040880503144654,0.4,0.0606060606060606,2282.0
12,all,R12,IF (PointsAjust IS High) AND (TeamExp IS High) AND (Length IS Low),Medium,0.06290177470636042,0.01777197357395248,-2520.0619860848146,-44.78647502142152,1813.8440301021965,0.040880503144654,0.4,0.0606060606060606,2282.0
12,all,R13,IF (PointsAjust IS High) AND (TeamExp IS Medium) AND (Length IS Low),High,0.2819061962063629,0.07964845972471978,-1844.8780791156537,-146.94169738146152,1813.8440301021965,0.040880503144654,0.4,0.0606060606060606,2282.0
12,all,R14,IF (PointsAjust IS High) AND (TeamExp IS High) AND (Length IS Medium),High,0.019171726640602887,0.00541669008250387,-1844.8780791156537,-9.993132794574551,1813.8440301021965,0.040880503144654,0.4,0.0606060606060606,2282.0
12,all,R15,IF (PointsAjust IS Medium) AND (TeamExp IS Low) AND (Length IS Medium),High,0.05397420781416792,0.015249620530204495,-1844.8780791156537,-28.133690631006306,1813.8440301021965,0.040880503144654,0.4,0.0606060606060606,2282.0
12,all,R16,IF (PointsAjust IS Low) AND (TeamExp IS Low) AND (Length IS High),High,0.6086038259255492,0.17195208182673974,-1844.8780791156537,-317.2306264204533,1813.8440301021965,0.040880503144654,0.4,0.0606060606060606,2282.0
12,all,R17,IF (PointsAjust IS Medium) AND (TeamExp IS High) AND (Length IS High),High,0.023055262571055505,0.006513926181988993,-1844.8780791156537,-12.017399622129018,1813.8440301021965,0.040880503144654,0.4,0.0606060606060606,2282.0
12,all,R18,IF (PointsAjust IS High) AND (TeamExp IS Medium) AND (Length IS Medium),Very_High,0.08592171774469909,0.02427592074016619,11646.525876686499,282.730139080736,1813.8440301021965,0.040880503144654,0.4,0.0606060606060606,2282.0
12,all,R19,IF (PointsAjust IS Medium) AND (TeamExp IS Low) AND (Length IS High),Very_High,0.1703566285131052,0.04813176598300981,11646.525876686499,560.5678580117427,1813.8440301021965,0.040880503144654,0.4,0.0606060606060606,2282.0
12,all,R20,IF (PointsAjust IS High) AND (TeamExp IS Low) AND (Length IS High),Very_High,0.4471188209793958,0.12632686292170894,11646.525876686499,1471.2690779383115,1813.8440301021965,0.040880503144654,0.4,0.0606060606060606,2282.0
13,all,R1,IF (PointsAjust IS Low) AND (TeamExp IS High) AND (Length IS Low),Very_Low,0.6051928186199594,0.05638862131201985,-3861.581465210719,-217.749254907282,3268.524955706437,0.2421383647798742,0.8,0.2121212121212121,4172.0
13,all,R2,IF (PointsAjust IS Low) AND (TeamExp IS Medium) AND (Length IS Low),Low,0.367067999530912,0.034201427684665255,13927.52142926865,476.34111698975744,3268.524955706437,0.2421383647798742,0.8,0.2121212121212121,4172.0
13,all,R3,IF (PointsAjust IS Low) AND (TeamExp IS High) AND (Length IS Medium),Low,0.6583461054656372,0.06134115952994648,13927.52142926865,854.3303138495165,3268.524955706437,0.2421383647798742,0.8,0.2121212121212121,4172.0
13,all,R4,IF (PointsAjust IS Medium) AND (TeamExp IS High) AND (Length IS Low),Low,0.8574434925622432,0.07989198634048933,13927.52142926865,1112.6973517840036,3268.524955706437,0.2421383647798742,0.8,0.2121212121212121,4172.0
13,all,R5,IF (PointsAjust IS Low) AND (TeamExp IS Low) AND (Length IS Low),Medium,0.2488022058613523,0.023182055266126878,-1285.831173503218,-29.80820932706038,3268.524955706437,0.2421383647798742,0.8,0.2121212121212121,4172.0
13,all,R6,IF (PointsAjust IS Medium) AND (TeamExp IS Medium) AND (Length IS Low),Medium,0.5200657672100817,0.04845693918084968,-1285.831173503218,-62.30744297128601,3268.524955706437,0.2421383647798742,0.8,0.2121212121212121,4172.0
13,all,R7,IF (PointsAjust IS Low) AND (TeamExp IS Medium) AND (Length IS Medium),Medium,0.3993070976673158,0.037205293957236325,-1285.831173503218,-47.83972678956537,3268.524955706437,0.2421383647798742,0.8,0.2121212121212121,4172.0
13,all,R8,IF (PointsAjust IS Medium) AND (TeamExp IS High) AND (Length IS Medium),Medium,0.9327516233131153,0.08690879410154388,-1285.831173503218,-111.75003670733771,3268.524955706437,0.2421383647798742,0.8,0.2121212121212121,4172.0
13,all,R9,IF (PointsAjust IS Low) AND (TeamExp IS Low) AND (Length IS Medium),High,0.27065417536446446,0.025218104596723082,-452.37429648006287,-11.408022325503245,3268.524955706437,0.2421383647798742,0.8,0.2121212121212121,4172.0
13,all,R10,IF (PointsAjust IS Medium) AND (TeamExp IS Low) AND (Length IS Low),High,0.35250555820774626,0.0328445774976075,-452.37429648006287,-14.858042638665095,3268.524955706437,0.2421383647798742,0.8,0.2121212121212121,4172.0
13,all,R11,IF (PointsAjust IS Medium) AND (TeamExp IS Medium) AND (Length IS Medium),Medium,0.5657424574361335,0.052712848221238826,-1285.831173503218,-67.77982348701254,3268.524955706437,0.2421383647798742,0.8,0.2121212121212121,4172.0
13,all,R12,IF (PointsAjust IS High) AND (TeamExp IS High) AND (Length IS Low),Medium,0.8047403575171062,0.0749813908532638,-1285.831173503218,-96.41340979175565,3268.524955706437,0.2421383647798742,0.8,0.2121212121212121,4172.0
13,all,R13,IF (PointsAjust IS High) AND (TeamExp IS Medium) AND (Length IS Low),High,0.4880996999422308,0.045478512460400904,-452.37429648006287,-20.573310079233632,3268.524955706437,0.2421383647798742,0.8,0.2121212121212121,4172.0
13,all,R14,IF (PointsAjust IS High) AND (TeamExp IS High) AND (Length IS Medium),High,0.8754196414467145,0.08156690749108461,-452.37429648006287,-36.89877239233377,3268.524955706437,0.2421383647798742,0.8,0.2121212121212121,4172.0
13,all,R15,IF (PointsAjust IS Medium) AND (TeamExp IS Low) AND (Length IS Medium),High,0.38346565633455204,0.03572927340830324,-452.37429648006287,-16.163004921824996,3268.524955706437,0.2421383647798742,0.8,0.2121212121212121,4172.0
13,all,R16,IF (PointsAjust IS Low) AND (TeamExp IS Low) AND (Length IS High),High,0.26025403893771837,0.0242490756583123,-452.37429648006287,-10.969658541220843,3268.524955706437,0.2421383647798742,0.8,0.2121212121212121,4172.0
13,all,R17,IF (PointsAjust IS Medium) AND (TeamExp IS High) AND (Length IS High),High,0.8969097815175392,0.08356924349559851,-452.37429648006287,-37.80457773369245,3268.524955706437,0.2421383647798742,0.8,0.2121212121212121,4172.0
13,all,R18,IF (PointsAjust IS High) AND (TeamExp IS Medium) AND (Length IS Medium),Very_High,0.5309688526520727,0.049472830211286886,13848.77223629102,685.1379574808095,3268.524955706437,0.2421383647798742,0.8,0.2121212121212121,4172.0
13,all,R19,IF (PointsAjust IS Medium) AND (TeamExp IS Low) AND (Length IS High),Very_High,0.3687306346579765,0.034356343109428374,13848.77223629102,475.79317059434,3268.524955706437,0.2421383647798742,0.8,0.2121212121212121,4172.0
13,all,R20,IF (PointsAjust IS High) AND (TeamExp IS Low) AND (Length IS High),Very_High,0.34606644675261694,0.03224461562387418,13848.77223629102,446.5483376217844,3268.524955706437,0.2421383647798742,0.8,0.2121212121212121,4172.0
14,all,R1,IF (PointsAjust IS Low) AND (TeamExp IS High) AND (Length IS Low),Very_Low,0.05517924640339142,0.01801929804434622,-3575.9557550656264,-64.43621254392265,3774.1024731065345,0.4056603773584906,1.0,0.2424242424242424,4977.0
14,all,R2,IF (PointsAjust IS Low) AND (TeamExp IS Medium) AND (Length IS Low),Low,0.012312154086858394,0.0040206488583972595,17655.52683965941,70.98667383227878,3774.1024731065345,0.4056603773584906,1.0,0.2424242424242424,4977.0
14,all,R3,IF (PointsAjust IS Low) AND (TeamExp IS High) AND (Length IS Medium),Low,0.07310062463335752,0.02387169141214273,17655.52683965941,421.467288435153,3774.1024731065345,0.4056603773584906,1.0,0.2424242424242424,4977.0
14,all,R4,IF (PointsAjust IS Medium) AND (TeamExp IS High) AND (Length IS Low),Low,0.2919584219159952,0.09534174828342631,17655.52683965941,1683.308795758085,3774.1024731065345,0.4056603773584906,1.0,0.2424242424242424,4977.0
14,all,R5,IF (PointsAjust IS Low) AND (TeamExp IS Low) AND (Length IS Low),Medium,0.012312154086858394,0.0040206488583972595,-434.9879520144482,-1.748933812683453,3774.1024731065345,0.4056603773584906,1.0,0.2424242424242424,4977.0
14,all,R6,IF (PointsAjust IS Medium) AND (TeamExp IS Medium) AND (Length IS Low),Medium,0.06514472943879883,0.02127361956331219,-434.9879520144482,-9.253768205779668,3774.1024731065345,0.4056603773584906,1.0,0.2424242424242424,4977.0
14,all,R7,IF (PointsAjust IS Low) AND (TeamExp IS Medium) AND (Length IS Medium),Medium,0.016310954081391313,0.005326494327805302,-434.9879520144482,-2.3169608590686033,3774.1024731065345,0.4056603773584906,1.0,0.2424242424242424,4977.0
14,all,R8,IF (PointsAjust IS Medium) AND (TeamExp IS High) AND (Length IS Medium),Medium,0.386782067536842,0.12630729499644716,-434.9879520144482,-54.94215157498931,3774.1024731065345,0.4056603773584906,1.0,0.2424242424242424,4977.0
14,all,R9,IF (PointsAjust IS Low) AND (TeamExp IS Low) AND (Length IS Medium),High,0.016310954081391313,0.005326494327805302,284.58918514954553,1.5158626804537871,3774.1024731065345,0.4056603773584906,1.0,0.2424242424242424,4977.0
14,all,R10,IF (PointsAjust IS Medium) AND (TeamExp IS Low) AND (Length IS Low),High,0.06514472943879883,0.02127361956331219,284.58918514954553,6.054242056704447,3774.1024731065345,0.4056603773584906,1.0,0.2424242424242424,4977.0
14,all,R11,IF (PointsAjust IS Medium) AND (TeamExp IS Medium) AND (Length IS Medium),Medium,0.08630274467203633,0.028182966960472212,-434.9879520144482,-12.259251079826665,3774.1024731065345,0.4056603773584906,1.0,0.2424242424242424,4977.0
14,all,R12,IF (PointsAjust IS High) AND (TeamExp IS High) AND (Length IS Low),Medium,0.4577256595895785,0.14947458728219684,-434.9879520144482,-65.01964460008769,3774.1024731065345,0.4056603773584906,1.0,0.2424242424242424,4977.0
14,all,R13,IF (PointsAjust IS High) AND (TeamExp IS Medium) AND (Length IS Low),High,0.10213239972826829,0.03335228859839702,284.58918514954553,9.491700635090286,3774.1024731065345,0.4056603773584906,1.0,0.2424242424242424,4977.0
14,all,R14,IF (PointsAjust IS High) AND (TeamExp IS High) AND (Length IS Medium),High,0.6063879775033906,0.1980216550487419,284.58918514954553,56.35482145228584,3774.1024731065345,0.4056603773584906,1.0,0.2424242424242424,4977.0
14,all,R15,IF (PointsAjust IS Medium) AND (TeamExp IS Low) AND (Length IS Medium),High,0.08630274467203633,0.028182966960472212,284.58918514954553,8.020567602377351,3774.1024731065345,0.4056603773584906,1.0,0.2424242424242424,4977.0
14,all,R16,IF (PointsAjust IS Low) AND (TeamExp IS Low) AND (Length IS High),High,0.015496852079206452,0.005060641718861981,284.58918514954553,1.4402039031047265,3774.1024731065345,0.4056603773584906,1.0,0.2424242424242424,4977.0
14,all,R17,IF (PointsAjust IS Medium) AND (TeamExp IS High) AND (Length IS High),High,0.3674772461254336,0.12000312534247985,284.58918514954553,34.15159165661512,3774.1024731065345,0.4056603773584906,1.0,0.2424242424242424,4977.0
14,all,R18,IF (PointsAjust IS High) AND (TeamExp IS Medium) AND (Length IS Medium),Very_High,0.13530344653241397,0.04418460360388289,14975.070880178875,661.6675707807533,3774.1024731065345,0.4056603773584906,1.0,0.2424242424242424,4977.0
14,all,R19,IF (PointsAjust IS Medium) AND (TeamExp IS Low) AND (Length IS High),Very_High,0.08199525677887193,0.026776316575979616,14975.070880178875,400.9772386354033,3774.1024731065345,0.4056603773584906,1.0,0.2424242424242424,4977.0
14,all,R20,IF (PointsAjust IS High) AND (TeamExp IS Low) AND (Length IS High),Very_High,0.12855026666476796,0.04197928967312372,14975.070880178875,628.6428383545888,3774.1024731065345,0.4056603773584906,1.0,0.2424242424242424,4977.0
15,all,R1,IF (PointsAjust IS Low) AND (TeamExp IS High) AND (Length IS Low),Very_Low,0.874236730214903,0.08928757592814945,-4252.526438695229,-379.6977772814633,2848.9744302725862,0.1415094339622641,0.8,0.2121212121212121,1617.0
15,all,R2,IF (PointsAjust IS Low) AND (TeamExp IS Medium) AND (Length IS Low),Low,0.5302513807222605,0.05415565233184232,12489.964383622828,676.4021687965711,2848.9744302725862,0.1415094339622641,0.8,0.2121212121212121,1617.0
15,all,R3,IF (PointsAjust IS Low) AND (TeamExp IS High) AND (Length IS Medium),Low,0.9510197888739663,0.09712958592735343,12489.964383622828,1213.1450688286775,2848.9744302725862,0.1415094339622641,0.8,0.2121212121212121,1617.0
15,all,R4,IF (PointsAjust IS Medium) AND (TeamExp IS High) AND (Length IS Low),Low,0.5505504215720748,0.056228834673084,12489.964383622828,702.2961423994354,2848.9744302725862,0.1415094339622641,0.8,0.2121212121212121,1617.0
15,all,R5,IF (PointsAjust IS Low) AND (TeamExp IS Low) AND (Length IS Low),Medium,0.35940946460416273,0.03670721985365592,-1458.0265541872163,-53.52010127701852,2848.9744302725862,0.1415094339622641,0.8,0.2121212121212121,1617.0
15,all,R6,IF (PointsAjust IS Medium) AND (TeamExp IS Medium) AND (Length IS Low),Medium,0.3339257104011789,0.03410451218913823,-1458.0265541872163,-49.72528438936513,2848.9744302725862,0.1415094339622641,0.8,0.2121212121212121,1617.0
15,all,R7,IF (PointsAjust IS Low) AND (TeamExp IS Medium) AND (Length IS Medium),Medium,0.576822659945496,0.05891207183013258,-1458.0265541872163,-85.89536509051797,2848.9744302725862,0.1415094339622641,0.8,0.2121212121212121,1617.0
15,all,R8,IF (PointsAjust IS Medium) AND (TeamExp IS High) AND (Length IS Medium),Medium,0.5989045387732008,0.061167339041314876,-1458.0265541872163,-89.18360457120951,2848.9744302725862,0.1415094339622641,0.8,0.2121212121212121,1617.0
15,all,R9,IF (PointsAjust IS Low) AND (TeamExp IS Low) AND (Length IS Medium),High,0.390975923721638,0.039931166546608936,-1219.4242710612284,-48.69303365872311,2848.9744302725862,0.1415094339622641,0.8,0.2121212121212121,1617.0
15,all,R10,IF (PointsAjust IS Medium) AND (TeamExp IS Low) AND (Length IS Low),High,0.22633804485219328,0.023116365015001517,-1219.4242710612284,-28.188656558003508,2848.9744302725862,0.1415094339622641,0.8,0.2121212121212121,1617.0
15,all,R11,IF (PointsAjust IS Medium) AND (TeamExp IS Medium) AND (Length IS Medium),Medium,0.3632539650069999,0.037099866501595025,-1458.0265541872163,-54.09259051612633,2848.9744302725862,0.1415094339622641,0.8,0.2121212121212121,1617.0
15,all,R12,IF (PointsAjust IS High) AND (TeamExp IS High) AND (Length IS Low),Medium,0.6872642158805243,0.07019169263575555,-1458.0265541872163,-102.34135174627886,2848.9744302725862,0.1415094339622641,0.8,0.2121212121212121,1617.0
15,all,R13,IF (PointsAjust IS High) AND (TeamExp IS Medium) AND (Length IS Low),High,0.41684681825490005,0.0425734136407112,-1219.4242710612284,-51.91505389541241,2848.9744302725862,0.1415094339622641,0.8,0.2121212121212121,1617.0
15,all,R14,IF (PointsAjust IS High) AND (TeamExp IS High) AND (Length IS Medium),High,0.7476257252731319,0.07635653639804554,-1219.4242710612284,-93.11101373794685,2848.9744302725862,0.1415094339622641,0.8,0.2121212121212121,1617.0
15,all,R15,IF (PointsAjust IS Medium) AND (TeamExp IS Low) AND (Length IS Medium),High,0.24621701673020122,0.025146644857504667,-1219.4242710612284,-30.664429074998218,2848.9744302725862,0.1415094339622641,0.8,0.2121212121212121,1617.0
15,all,R16,IF (PointsAjust IS Low) AND (TeamExp IS Low) AND (Length IS High),High,0.3759523130908301,0.03839677462671847,-1219.4242710612284,-46.821958910288444,2848.9744302725862,0.1415094339622641,0.8,0.2121212121212121,1617.0
15,all,R17,IF (PointsAjust IS Medium) AND (TeamExp IS High) AND (Length IS High),High,0.5758910792488793,0.05881692759824711,-1219.4242710612284,-71.72278906255353,2848.9744302725862,0.1415094339622641,0.8,0.2121212121212121,1617.0
15,all,R18,IF (PointsAjust IS High) AND (TeamExp IS Medium) AND (Length IS Medium),Very_High,0.45345792436804866,0.04631258039487827,14329.909549215223,663.6550880493638,2848.9744302725862,0.1415094339622641,0.8,0.2121212121212121,1617.0
15,all,R19,IF (PointsAjust IS Medium) AND (TeamExp IS Low) AND (Length IS High),Very_High,0.23675590067266294,0.024180361825510775,14329.909549215223,346.5023978268661,2848.9744302725862,0.1415094339622641,0.8,0.2121212121212121,1617.0
15,all,R20,IF (PointsAjust IS High) AND (TeamExp IS Low) AND (Length IS High),Very_High,0.29554760482475345,0.030184878184752156,14329.909549215223,432.54657414157816,2848.9744302725862,0.1415094339622641,0.8,0.2121212121212121,1617.0
16,all,R1,IF (PointsAjust IS Low) AND (TeamExp IS High) AND (Length IS Low),Very_Low,0.500637261343387,0.147182504799355,-4862.9764367872995,-715.7450527465969,2515.1132462763444,0.0723270440251572,1.0,0.2121212121212121,3192.0
16,all,R2,IF (PointsAjust IS Low) AND (TeamExp IS Medium) AND (Length IS Low),Low,0.11170727229982123,0.032840855866927116,12815.722136269485,420.87928350781345,2515.1132462763444,0.0723270440251572,1.0,0.2121212121212121,3192.0
16,all,R3,IF (PointsAjust IS Low) AND (TeamExp IS High) AND (Length IS Medium),Low,0.5446075715306434,0.16010935002218007,12815.722136269485,2051.916941302972,2515.1132462763444,0.0723270440251572,1.0,0.2121212121212121,3192.0
16,all,R4,IF (PointsAjust IS Medium) AND (TeamExp IS High) AND (Length IS Low),Low,0.1805478961687656,0.05307933237543427,12815.722136269485,680.2499749022585,2515.1132462763444,0.0723270440251572,1.0,0.2121212121212121,3192.0
16,all,R5,IF (PointsAjust IS Low) AND (TeamExp IS Low) AND (Length IS Low),Medium,0.11170727229982123,0.032840855866927116,-921.3146823498773,-30.25676269113606,2515.1132462763444,0.0723270440251572,1.0,0.2121212121212121,3192.0
16,all,R6,IF (PointsAjust IS Medium) AND (TeamExp IS Medium) AND (Length IS Low),Medium,0.04028568098659873,0.01184359993350238,-921.3146823498773,-10.911682510613772,2515.1132462763444,0.0723270440251572,1.0,0.2121212121212121,3192.0
16,all,R7,IF (PointsAjust IS Low) AND (TeamExp IS Medium) AND (Length IS Medium),Medium,0.1215183746536799,0.03572522491171004,-921.3146823498773,-32.91417424141006,2515.1132462763444,0.0723270440251572,1.0,0.2121212121212121,3192.0
16,all,R8,IF (PointsAjust IS Medium) AND (TeamExp IS High) AND (Length IS Medium),Medium,0.19640517969755192,0.05774122011191159,-921.3146823498773,-53.19783386590017,2515.1132462763444,0.0723270440251572,1.0,0.2121212121212121,3192.0
16,all,R9,IF (PointsAjust IS Low) AND (TeamExp IS Low) AND (Length IS Medium),High,0.1215183746536799,0.03572522491171004,-2548.7269515181765,-91.05384358152395,2515.1132462763444,0.0723270440251572,1.0,0.2121212121212121,3192.0
16,all,R10,IF (PointsAjust IS Medium) AND (TeamExp IS Low) AND (Length IS Low),High,0.04028568098659873,0.01184359993350238,-2548.7269515181765,-30.186102353516397,2515.1132462763444,0.0723270440251572,1.0,0.2121212121212121,3192.0
16,all,R11,IF (PointsAjust IS Medium) AND (TeamExp IS Medium) AND (Length IS Medium),Medium,0.04382391919989588,0.012883807690736564,-921.3146823498773,-11.870041190047864,2515.1132462763444,0.0723270440251572,1.0,0.2121212121212121,3192.0
16,all,R12,IF (PointsAjust IS High) AND (TeamExp IS High) AND (Length IS Low),Medium,0.35763410947184554,0.10514096352418506,-921.3146823498773,-96.8679134112446,2515.1132462763444,0.0723270440251572,1.0,0.2121212121212121,3192.0
16,all,R13,IF (PointsAjust IS High) AND (TeamExp IS Medium) AND (Length IS Low),High,0.07979895612099397,0.023460120029311627,-2548.7269515181765,-59.79344020455794,2515.1132462763444,0.0723270440251572,1.0,0.2121212121212121,3192.0
16,all,R14,IF (PointsAjust IS High) AND (TeamExp IS High) AND (Length IS Medium),High,0.389044641490225,0.11437535564102443,-2548.7269515181765,-291.51155151175544,2515.1132462763444,0.0723270440251572,1.0,0.2121212121212121,3192.0
16,all,R15,IF (PointsAjust IS Medium) AND (TeamExp IS Low) AND (Length IS Medium),High,0.04382391919989588,0.012883807690736564,-2548.7269515181765,-32.83730789955744,2515.1132462763444,0.0723270440251572,1.0,0.2121212121212121,3192.0
16,all,R16,IF (PointsAjust IS Low) AND (TeamExp IS Low) AND (Length IS High),High,0.11684891898002231,0.0343524501800524,-2548.7269515181765,-87.555015624585,2515.1132462763444,0.0723270440251572,1.0,0.2121212121212121,3192.0
16,all,R17,IF (PointsAjust IS Medium) AND (TeamExp IS High) AND (Length IS High),High,0.18885812944043512,0.05552246045005898,-2548.7269515181765,-141.51159136366735,2515.1132462763444,0.0723270440251572,1.0,0.2121212121212121,3192.0
16,all,R18,IF (PointsAjust IS High) AND (TeamExp IS Medium) AND (Length IS Medium),Very_High,0.08680759316060235,0.025520591421215395,16786.09575234911,428.39109125310085,2515.1132462763444,0.0723270440251572,1.0,0.2121212121212121,3192.0
16,all,R19,IF (PointsAjust IS Medium) AND (TeamExp IS Low) AND (Length IS High),Very_High,0.04213994466737716,0.012388735492056517,16786.09575234911,207.95850022018655,2515.1132462763444,0.0723270440251572,1.0,0.2121212121212121,3192.0
16,all,R20,IF (PointsAjust IS High) AND (TeamExp IS Low) AND (Length IS High),Very_High,0.08347193129419293,0.02453993914746247,16786.09575234911,411.92976828612535,2515.1132462763444,0.0723270440251572,1.0,0.2121212121212121,3192.0
17,all,R1,IF (PointsAjust IS Low) AND (TeamExp IS High) AND (Length IS Low),Very_Low,0.008571345031010976,0.00679331287387763,-3579.2273785302837,-24.314811429105056,4706.225179367075,0.4150943396226415,1.0,0.3939393939393939,3437.0
17,all,R2,IF (PointsAjust IS Low) AND (TeamExp IS Medium) AND (Length IS Low),Low,0.0019125255894569268,0.0015157929894867052,18179.782761129405,27.55678725971121,4706.225179367075,0.4150943396226415,1.0,0.3939393939393939,3437.0
17,all,R3,IF (PointsAjust IS Low) AND (TeamExp IS High) AND (Length IS Medium),Low,0.022828654049774143,0.01809309844470672,18179.782761129405,328.9285992004965,4706.225179367075,0.4150943396226415,1.0,0.3939393939393939,3437.0
17,all,R4,IF (PointsAjust IS Medium) AND (TeamExp IS High) AND (Length IS Low),Low,0.048933659012735456,0.03878290449567229,18179.782761129405,705.0647785769512,4706.225179367075,0.4150943396226415,1.0,0.3939393939393939,3437.0
17,all,R5,IF (PointsAjust IS Low) AND (TeamExp IS Low) AND (Length IS Low),Medium,0.0019125255894569268,0.0015157929894867052,-839.1969759768995,-1.272048892984227,4706.225179367075,0.4150943396226415,1.0,0.3939393939393939,3437.0
17,all,R6,IF (PointsAjust IS Medium) AND (TeamExp IS Medium) AND (Length IS Low),Medium,0.010918575172160314,0.008653635691140612,-839.1969759768995,-7.262104903210967,4706.225179367075,0.4150943396226415,1.0,0.3939393939393939,3437.0
17,all,R7,IF (PointsAjust IS Low) AND (TeamExp IS Medium) AND (Length IS Medium),Medium,0.005093761234099204,0.0040371159535487165,-839.1969759768995,-3.3879354998861797,4706.225179367075,0.4150943396226415,1.0,0.3939393939393939,3437.0
17,all,R8,IF (PointsAjust IS Medium) AND (TeamExp IS High) AND (Length IS Medium),Medium,0.13032838707924366,0.10329318287548926,-839.1969759768995,-86.68332670813945,4706.225179367075,0.4150943396226415,1.0,0.3939393939393939,3437.0
17,all,R9,IF (PointsAjust IS Low) AND (TeamExp IS Low) AND (Length IS Medium),High,0.005093761234099204,0.0040371159535487165,1818.8155996045837,7.342769473726939,4706.225179367075,0.4150943396226415,1.0,0.3939393939393939,3437.0
17,all,R10,IF (PointsAjust IS Medium) AND (TeamExp IS Low) AND (Length IS Low),High,0.010918575172160314,0.008653635691140612,1818.8155996045837,15.739367588341537,4706.225179367075,0.4150943396226415,1.0,0.3939393939393939,3437.0
17,all,R11,IF (PointsAjust IS Medium) AND (TeamExp IS Medium) AND (Length IS Medium),Medium,0.02908019388087818,0.02304782443724896,-839.1969759768995,-19.341664570585813,4706.225179367075,0.4150943396226415,1.0,0.3939393939393939,3437.0
17,all,R12,IF (PointsAjust IS High) AND (TeamExp IS High) AND (Length IS Low),Medium,0.08199158073128239,0.06498332046093133,-839.1969759768995,-54.53380601975135,4706.225179367075,0.4150943396226415,1.0,0.3939393939393939,3437.0
17,all,R13,IF (PointsAjust IS High) AND (TeamExp IS Medium) AND (Length IS Low),High,0.018294794539393946,0.01449973870142434,1818.8155996045837,26.372350940340898,4706.225179367075,0.4150943396226415,1.0,0.3939393939393939,3437.0
17,all,R14,IF (PointsAjust IS High) AND (TeamExp IS High) AND (Length IS Medium),High,0.2183738286974317,0.1730745567283781,1818.8155996045837,314.79070367222255,4706.225179367075,0.4150943396226415,1.0,0.3939393939393939,3437.0
17,all,R15,IF (PointsAjust IS Medium) AND (TeamExp IS Low) AND (Length IS Medium),High,0.02908019388087818,0.02304782443724896,1818.8155996045837,41.91974262341614,4706.225179367075,0.4150943396226415,1.0,0.3939393939393939,3437.0
17,all,R16,IF (PointsAjust IS Low) AND (TeamExp IS Low) AND (Length IS High),High,0.014086609520238885,0.011164495823806426,1818.8155996045837,20.306159166059356,4706.225179367075,0.4150943396226415,1.0,0.3939393939393939,3437.0
17,all,R17,IF (PointsAjust IS Medium) AND (TeamExp IS High) AND (Length IS High),High,0.36041836548950756,0.2856535016853727,1818.8155996045837,519.55104494703,4706.225179367075,0.4150943396226415,1.0,0.3939393939393939,3437.0
17,all,R18,IF (PointsAjust IS High) AND (TeamExp IS Medium) AND (Length IS Medium),Very_High,0.0487257873694837,0.038618153560421496,13843.67664154816,534.617230384127,4706.225179367075,0.4150943396226415,1.0,0.3939393939393939,3437.0
17,all,R19,IF (PointsAjust IS Medium) AND (TeamExp IS Low) AND (Length IS High),Very_High,0.08042020761210911,0.06373791157801695,13843.67664154816,882.3670376936552,4706.225179367075,0.4150943396226415,1.0,0.3939393939393939,3437.0
17,all,R20,IF (PointsAjust IS High) AND (TeamExp IS Low) AND (Length IS High),Very_High,0.13474937451823582,0.10679708462905271,13843.67664154816,1478.464305864659,4706.225179367075,0.4150943396226415,1.0,0.3939393939393939,3437.0
18,all,R1,IF (PointsAjust IS Low) AND (TeamExp IS High) AND (Length IS Low),Very_Low,0.009929502548911605,0.003961482405487439,-3152.0328367590773,-12.486722624339746,5439.1429589727195,0.4371069182389937,0.8,0.3939393939393939,4494.0
18,all,R2,IF (PointsAjust IS Low) AND (TeamExp IS Medium) AND (Length IS Low),Low,0.00602254773160963,0.0024027605368402865,17180.17014333627,41.279834836610114,5439.1429589727195,0.4371069182389937,0.8,0.3939393939393939,4494.0
18,all,R3,IF (PointsAjust IS Low) AND (TeamExp IS High) AND (Length IS Medium),Low,0.02644592858592666,0.010550889158229715,17180.17014333627,181.2660709018685,5439.1429589727195,0.4371069182389937,0.8,0.3939393939393939,4494.0
18,all,R4,IF (PointsAjust IS Medium) AND (TeamExp IS High) AND (Length IS Low),Low,0.06768892829981672,0.027005229837562924,17180.17014333627,463.9544433692323,5439.1429589727195,0.4371069182389937,0.8,0.3939393939393939,4494.0
18,all,R5,IF (PointsAjust IS Low) AND (TeamExp IS Low) AND (Length IS Low),Medium,0.004082140536480005,0.0016286141055238638,-1456.625432509863,-2.3722807258503615,5439.1429589727195,0.4371069182389937,0.8,0.3939393939393939,4494.0
18,all,R6,IF (PointsAjust IS Medium) AND (TeamExp IS Medium) AND (Length IS Low),Medium,0.04105541033692898,0.016379499869068333,-1456.625432509863,-23.858796081076907,5439.1429589727195,0.4371069182389937,0.8,0.3939393939393939,4494.0
18,all,R7,IF (PointsAjust IS Low) AND (TeamExp IS Medium) AND (Length IS Medium),Medium,0.016040266511935287,0.006399437761695941,-1456.625432509863,-9.3215837974503,5439.1429589727195,0.4371069182389937,0.8,0.3939393939393939,4494.0
18,all,R8,IF (PointsAjust IS Medium) AND (TeamExp IS High) AND (Length IS Medium),Medium,0.1802805885850827,0.07192489011536711,-1456.625432509863,-104.76762417252098,5439.1429589727195,0.4371069182389937,0.8,0.3939393939393939,4494.0
18,all,R9,IF (PointsAjust IS Low) AND (TeamExp IS Low) AND (Length IS Medium),High,0.01087224627554981,0.004337600208727269,2788.5636044766106,12.095674072827011,5439.1429589727195,0.4371069182389937,0.8,0.3939393939393939,4494.0
18,all,R10,IF (PointsAjust IS Medium) AND (TeamExp IS Low) AND (Length IS Low),High,0.02782775035531443,0.011102181894193533,2788.5636044766106,30.95914036042728,5439.1429589727195,0.4371069182389937,0.8,0.3939393939393939,4494.0
18,all,R11,IF (PointsAjust IS Medium) AND (TeamExp IS Medium) AND (Length IS Medium),Medium,0.10934570432789205,0.043624651051432276,-1456.625432509863,-63.54477620588439,5439.1429589727195,0.4371069182389937,0.8,0.3939393939393939,4494.0
18,all,R12,IF (PointsAjust IS High) AND (TeamExp IS High) AND (Length IS Low),Medium,0.13454160839507803,0.05367682941191293,-1456.625432509863,-78.1870348578858,5439.1429589727195,0.4371069182389937,0.8,0.3939393939393939,4494.0
18,all,R13,IF (PointsAjust IS High) AND (TeamExp IS Medium) AND (Length IS Low),High,0.08160361049866545,0.03255664275449003,2788.5636044766106,90.78626906911805,5439.1429589727195,0.4371069182389937,0.8,0.3939393939393939,4494.0
18,all,R14,IF (PointsAjust IS High) AND (TeamExp IS High) AND (Length IS Medium),High,0.35833393968381155,0.14296119975335675,2788.5636044766106,398.6563984845212,5439.1429589727195,0.4371069182389937,0.8,0.3939393939393939,4494.0
18,all,R15,IF (PointsAjust IS Medium) AND (TeamExp IS Low) AND (Length IS Medium),High,0.07411556570719724,0.02956920631980633,2788.5636044766106,82.45561255667172,5439.1429589727195,0.4371069182389937,0.8,0.3939393939393939,4494.0
18,all,R16,IF (PointsAjust IS Low) AND (TeamExp IS Low) AND (Length IS High),High,0.03006679756920836,0.011995473990066828,2788.5636044766106,33.450142187146184,5439.1429589727195,0.4371069182389937,0.8,0.3939393939393939,4494.0
18,all,R17,IF (PointsAjust IS Medium) AND (TeamExp IS High) AND (Length IS High),High,0.49855934323666745,0.19890564069998848,2788.5636044766106,554.6610303810895,5439.1429589727195,0.4371069182389937,0.8,0.3939393939393939,4494.0
18,all,R18,IF (PointsAjust IS High) AND (TeamExp IS Medium) AND (Length IS Medium),Very_High,0.21734052083384917,0.08671035079971301,11613.023553847492,1006.9693461994459,5439.1429589727195,0.4371069182389937,0.8,0.3939393939393939,4494.0
18,all,R19,IF (PointsAjust IS Medium) AND (TeamExp IS Low) AND (Length IS High),Very_High,0.20496387355178533,0.08177255354297187,11613.023553847492,949.6265903527875,5439.1429589727195,0.4371069182389937,0.8,0.3939393939393939,4494.0
18,all,R20,IF (PointsAjust IS High) AND (TeamExp IS Low) AND (Length IS High),Very_High,0.40739556531902216,0.1625348657835651,11613.023553847492,1887.5212246659823,5439.1429589727195,0.4371069182389937,0.8,0.3939393939393939,4494.0
19,all,R1,IF (PointsAjust IS Low) AND (TeamExp IS High) AND (Length IS Low),Very_Low,0.4859339094761144,0.20726979801569528,-4973.410142585301,-1030.8377157028658,1461.468278105716,0.0377358490566037,1.0,0.1212121212121212,840.0
19,all,R2,IF (PointsAjust IS Low) AND (TeamExp IS Medium) AND (Length IS Low),Low,0.10842651104295799,0.04624814322517478,12087.870932764314,559.041586185911,1461.468278105716,0.0377358490566037,1.0,0.1212121212121212,840.0
19,all,R3,IF (PointsAjust IS Low) AND (TeamExp IS High) AND (Length IS Medium),Low,0.26093240821601155,0.11129786683334984,12087.870932764314,1345.3542493735229,1461.468278105716,0.0377358490566037,1.0,0.1212121212121212,840.0
19,all,R4,IF (PointsAjust IS Medium) AND (TeamExp IS High) AND (Length IS Low),Low,0.13261635102180655,0.05656605508247516,12087.870932764314,683.7631730125966,1461.468278105716,0.0377358490566037,1.0,0.1212121212121212,840.0
19,all,R5,IF (PointsAjust IS Low) AND (TeamExp IS Low) AND (Length IS Low),Medium,0.10842651104295799,0.04624814322517478,-728.2954399190562,-33.682311815618185,1461.468278105716,0.0377358490566037,1.0,0.1212121212121212,840.0
19,all,R6,IF (PointsAjust IS Medium) AND (TeamExp IS Medium) AND (Length IS Low),Medium,0.029590707641796072,0.012621592929517582,-728.2954399190562,-9.192248575082257,1461.468278105716,0.0377358490566037,1.0,0.1212121212121212,840.0
19,all,R7,IF (PointsAjust IS Low) AND (TeamExp IS Medium) AND (Length IS Medium),Medium,0.0582218900331541,0.02483391085070396,-728.2954399190562,-18.086424027924064,1461.468278105716,0.0377358490566037,1.0,0.1212121212121212,840.0
19,all,R8,IF (PointsAjust IS Medium) AND (TeamExp IS High) AND (Length IS Medium),Medium,0.07121113214397076,0.030374330105636133,-728.2954399190562,-22.121486106530902,1461.468278105716,0.0377358490566037,1.0,0.1212121212121212,840.0
19,all,R9,IF (PointsAjust IS Low) AND (TeamExp IS Low) AND (Length IS Medium),High,0.0582218900331541,0.02483391085070396,-3689.789667883286,-91.63190767006209,1461.468278105716,0.0377358490566037,1.0,0.1212121212121212,840.0
19,all,R10,IF (PointsAjust IS Medium) AND (TeamExp IS Low) AND (Length IS Low),High,0.029590707641796072,0.012621592929517582,-3689.789667883286,-46.57102318356271,1461.468278105716,0.0377358490566037,1.0,0.1212121212121212,840.0
19,all,R11,IF (PointsAjust IS Medium) AND (TeamExp IS Medium) AND (Length IS Medium),Medium,0.01588935131963519,0.006777429140871861,-728.2954399190562,-4.935970737671503,1461.468278105716,0.0377358490566037,1.0,0.1212121212121212,840.0
19,all,R12,IF (PointsAjust IS High) AND (TeamExp IS High) AND (Length IS Low),Medium,0.3588813013095175,0.1530768966385333,-728.2954399190562,-111.4852057788045,1461.468278105716,0.0377358490566037,1.0,0.1212121212121212,840.0
19,all,R13,IF (PointsAjust IS High) AND (TeamExp IS Medium) AND (Length IS Low),High,0.08007724223546953,0.034156072461980574,-3689.789667883286,-126.02872326568875,1461.468278105716,0.0377358490566037,1.0,0.1212121212121212,840.0
19,all,R14,IF (PointsAjust IS High) AND (TeamExp IS High) AND (Length IS Medium),High,0.19270884453267698,0.08219785140162013,-3689.789667883286,-303.2927828239036,1461.468278105716,0.0377358490566037,1.0,0.1212121212121212,840.0
19,all,R15,IF (PointsAjust IS Medium) AND (TeamExp IS Low) AND (Length IS Medium),High,0.01588935131963519,0.006777429140871861,-3689.789667883286,-25.007288018800086,1461.468278105716,0.0377358490566037,1.0,0.1212121212121212,840.0
19,all,R16,IF (PointsAjust IS Low) AND (TeamExp IS Low) AND (Length IS High),High,0.0911514697870273,0.038879663187035854,-3689.789667883286,-143.45777951830704,1461.468278105716,0.0377358490566037,1.0,0.1212121212121212,840.0
19,all,R17,IF (PointsAjust IS Medium) AND (TeamExp IS High) AND (Length IS High),High,0.11148726632585955,0.04755367493821458,-3689.789667883286,-175.4630584569045,1461.468278105716,0.0377358490566037,1.0,0.1212121212121212,840.0
19,all,R18,IF (PointsAjust IS High) AND (TeamExp IS Medium) AND (Length IS Medium),Very_High,0.04299915534259507,0.01834081974710033,17603.259272993248,322.8582052874416,1461.468278105716,0.0377358490566037,1.0,0.1212121212121212,840.0
19,all,R19,IF (PointsAjust IS Medium) AND (TeamExp IS Low) AND (Length IS High),Very_High,0.02487617158979968,0.01061065910461019,17603.259272993248,186.78218327579955,1461.468278105716,0.0377358490566037,1.0,0.1212121212121212,840.0
19,all,R20,IF (PointsAjust IS High) AND (TeamExp IS Low) AND (Length IS High),Very_High,0.06731894493370705,0.028714160191212233,17603.259272993248,505.4628066521703,1461.468278105716,0.0377358490566037,1.0,0.1212121212121212,840.0
20,all,R1,IF (PointsAjust IS Low) AND (TeamExp IS High) AND (Length IS Low),Very_Low,0.002840788940638382,0.001121373748240645,-3361.519472629787,-3.76951969080678,6789.458059585885,0.3034591194968553,0.6,0.5151515151515151,5180.0
20,all,R2,IF (PointsAjust IS Low) AND (TeamExp IS Medium) AND (Length IS Low),Low,0.0046836691520001856,0.0018488327511290822,14268.424429312314,26.37993039192289,6789.458059585885,0.3034591194968553,0.6,0.5151515151515151,5180.0
20,all,R3,IF (PointsAjust IS Low) AND (TeamExp IS High) AND (Length IS Medium),Low,0.009374182430260359,0.0037003671543970485,14268.424429312314,52.79840910322374,6789.458059585885,0.3034591194968553,0.6,0.5151515151515151,5180.0
20,all,R4,IF (PointsAjust IS Medium) AND (TeamExp IS High) AND (Length IS Low),Low,0.0065968752853420186,0.0026040522263289555,14268.424429312314,37.15572240135719,6789.458059585885,0.3034591194968553,0.6,0.5151515151515151,5180.0
20,all,R5,IF (PointsAjust IS Low) AND (TeamExp IS Low) AND (Length IS Low),Medium,0.003750389072894198,0.001480429535566639,-2676.7004912596476,-3.962666465126514,6789.458059585885,0.3034591194968553,0.6,0.5151515151515151,5180.0
20,all,R6,IF (PointsAjust IS Medium) AND (TeamExp IS Medium) AND (Length IS Low),Medium,0.010876408603099366,0.004293356295562574,-2676.7004912596476,-11.492028905485043,6789.458059585885,0.3034591194968553,0.6,0.5151515151515151,5180.0
20,all,R7,IF (PointsAjust IS Low) AND (TeamExp IS Medium) AND (Length IS Medium),Medium,0.015455413968193676,0.00610087403685452,-2676.7004912596476,-16.330212531561724,6789.458059585885,0.3034591194968553,0.6,0.5151515151515151,5180.0
20,all,R8,IF (PointsAjust IS Medium) AND (TeamExp IS High) AND (Length IS Medium),Medium,0.02176871062465316,0.00859298636316419,-2676.7004912596476,-23.00085081966904,6789.458059585885,0.3034591194968553,0.6,0.5151515151515151,5180.0
20,all,R9,IF (PointsAjust IS Low) AND (TeamExp IS Low) AND (Length IS Medium),High,0.012375728041895566,0.004885198031793473,3741.633563388841,18.278620919559565,6789.458059585885,0.3034591194968553,0.6,0.5151515151515151,5180.0
20,all,R10,IF (PointsAjust IS Medium) AND (TeamExp IS Low) AND (Length IS Low),High,0.008709147177907816,0.0034378509699053037,3741.633563388841,12.863178574926565,6789.458059585885,0.3034591194968553,0.6,0.5151515151515151,5180.0
20,all,R11,IF (PointsAjust IS Medium) AND (TeamExp IS Medium) AND (Length IS Medium),Medium,0.03589053624258154,0.014167439395784938,-2676.7004912596476,-37.92199199058883,6789.458059585885,0.3034591194968553,0.6,0.5151515151515151,5180.0
20,all,R12,IF (PointsAjust IS High) AND (TeamExp IS High) AND (Length IS Low),Medium,0.00651349562246255,0.0025711389170180636,-2676.7004912596476,-6.8821688022790495,6789.458059585885,0.3034591194968553,0.6,0.5151515151515151,5180.0
20,all,R13,IF (PointsAjust IS High) AND (TeamExp IS Medium) AND (Length IS Low),High,0.01073893877936618,0.004239091422412574,3741.633563388841,15.86112674437263,6789.458059585885,0.3034591194968553,0.6,0.5151515151515151,5180.0
20,all,R14,IF (PointsAjust IS High) AND (TeamExp IS High) AND (Length IS Medium),High,0.021493570096039968,0.008484377320989254,3741.633563388841,31.745430948668492,6789.458059585885,0.3034591194968553,0.6,0.5151515151515151,5180.0
20,all,R15,IF (PointsAjust IS Medium) AND (TeamExp IS Low) AND (Length IS Medium),High,0.02873889478017632,0.011344398627762105,3741.633563388841,42.446582662097,6789.458059585885,0.3034591194968553,0.6,0.5151515151515151,5180.0
20,all,R16,IF (PointsAjust IS Low) AND (TeamExp IS Low) AND (Length IS High),High,0.31164340060603085,0.12301819514036585,3741.633563388841,460.2890078447109,6789.458059585885,0.3034591194968553,0.6,0.5151515151515151,5180.0
20,all,R17,IF (PointsAjust IS Medium) AND (TeamExp IS High) AND (Length IS High),High,0.5481758311841862,0.2163870668870614,3741.633563388841,809.6411121478951,6789.458059585885,0.3034591194968553,0.6,0.5151515151515151,5180.0
20,all,R18,IF (PointsAjust IS High) AND (TeamExp IS Medium) AND (Length IS Medium),Very_High,0.0354369062006253,0.013988373357760755,9257.59965464119,129.49876036579798,6789.458059585885,0.3034591194968553,0.6,0.5151515151515151,5180.0
20,all,R19,IF (PointsAjust IS Medium) AND (TeamExp IS Low) AND (Length IS High),Very_High,0.7236977791232426,0.2856726452147102,9257.59965464119,2644.6429816801365,6789.458059585885,0.3034591194968553,0.6,0.5151515151515151,5180.0
20,all,R20,IF (PointsAjust IS High) AND (TeamExp IS Low) AND (Length IS High),Very_High,0.7145507702379917,0.28206195260319245,9257.59965464119,2611.216635006734,6789.458059585885,0.3034591194968553,0.6,0.5151515151515151,5180.0
21,all,R1,IF (PointsAjust IS Low) AND (TeamExp IS High) AND (Length IS Low),Very_Low,0.0012479079937692448,0.00043637374634720603,-2084.8854938812983,-0.909789293669927,4763.735150812506,0.6053459119496856,0.6,0.1212121212121212,5775.0
21,all,R2,IF (PointsAjust IS Low) AND (TeamExp IS Medium) AND (Length IS Low),Low,0.0020574524532040775,0.0007194586775777412,17568.434700303955,12.639762796591583,4763.735150812506,0.6053459119496856,0.6,0.1212121212121212,5775.0
21,all,R3,IF (PointsAjust IS Low) AND (TeamExp IS High) AND (Length IS Medium),Low,0.0006700903799804201,0.00023432003878753044,17568.434700303955,4.116636300411418,4763.735150812506,0.6053459119496856,0.6,0.1212121212121212,5775.0
21,all,R4,IF (PointsAjust IS Medium) AND (TeamExp IS High) AND (Length IS Low),Low,0.03299992467810268,0.011539553262627865,17568.434700303955,202.73188796515709,4763.735150812506,0.6053459119496856,0.6,0.1212121212121212,5775.0
21,all,R5,IF (PointsAjust IS Low) AND (TeamExp IS Low) AND (Length IS Low),Medium,0.0016474791340034488,0.0005760974729895617,-1067.1982628635533,-0.6148102224145431,4763.735150812506,0.6053459119496856,0.6,0.1212121212121212,5775.0
21,all,R6,IF (PointsAjust IS Medium) AND (TeamExp IS Medium) AND (Length IS Low),Medium,0.05440767774828997,0.019025506918471626,-1067.1982628635533,-20.303987933491435,4763.735150812506,0.6053459119496856,0.6,0.1212121212121212,5775.0
21,all,R7,IF (PointsAjust IS Low) AND (TeamExp IS Medium) AND (Length IS Medium),Medium,0.0011047922627652502,0.0003863284321002806,-1067.1982628635533,-0.41228903163221964,4763.735150812506,0.6053459119496856,0.6,0.1212121212121212,5775.0
21,all,R8,IF (PointsAjust IS Medium) AND (TeamExp IS High) AND (Length IS Medium),Medium,0.017720001937069126,0.006196405239141737,-1067.1982628635533,-6.612792907210682,4763.735150812506,0.6053459119496856,0.6,0.1212121212121212,5775.0
21,all,R9,IF (PointsAjust IS Low) AND (TeamExp IS Low) AND (Length IS Medium),High,0.0008846484872492304,0.00030934762539290117,2240.7632408533964,0.6931747876256996,4763.735150812506,0.6053459119496856,0.6,0.1212121212121212,5775.0
21,all,R10,IF (PointsAjust IS Medium) AND (TeamExp IS Low) AND (Length IS Low),High,0.04356626257890033,0.015234434999072738,2240.7632408533964,34.13676194109264,4763.735150812506,0.6053459119496856,0.6,0.1212121212121212,5775.0
21,all,R11,IF (PointsAjust IS Medium) AND (TeamExp IS Medium) AND (Length IS Medium),Medium,0.029215344110493348,0.010216145119650698,-1067.1982628635533,-10.902652324853193,4763.735150812506,0.6053459119496856,0.6,0.1212121212121212,5775.0
21,all,R12,IF (PointsAjust IS High) AND (TeamExp IS High) AND (Length IS Low),Medium,0.49896247637271995,0.17447930952328292,-1067.1982628635533,-186.20401602887975,4763.735150812506,0.6053459119496856,0.6,0.1212121212121212,5775.0
21,all,R13,IF (PointsAjust IS High) AND (TeamExp IS Medium) AND (Length IS Low),High,0.8226500480769137,0.28766774890810803,2240.7632408533964,644.5953173323333,4763.735150812506,0.6053459119496856,0.6,0.1212121212121212,5775.0
21,all,R14,IF (PointsAjust IS High) AND (TeamExp IS High) AND (Length IS Medium),High,0.26792837056735225,0.09369032605042958,2240.7632408533964,209.93783863737198,4763.735150812506,0.6053459119496856,0.6,0.1212121212121212,5775.0
21,all,R15,IF (PointsAjust IS Medium) AND (TeamExp IS Low) AND (Length IS Medium),High,0.023393818768357312,0.008180449510930325,2240.7632408533964,18.330450557749817,4763.735150812506,0.6053459119496856,0.6,0.1212121212121212,5775.0
21,all,R16,IF (PointsAjust IS Low) AND (TeamExp IS Low) AND (Length IS High),High,0.0013849947126711169,0.00048431081013743766,2240.7632408533964,1.0852258605038987,4763.735150812506,0.6053459119496856,0.6,0.1212121212121212,5775.0
21,all,R17,IF (PointsAjust IS Medium) AND (TeamExp IS High) AND (Length IS High),High,0.027742215518476873,0.009701015281746732,2240.7632408533964,21.73767844229513,4763.735150812506,0.6053459119496856,0.6,0.1212121212121212,5775.0
21,all,R18,IF (PointsAjust IS High) AND (TeamExp IS Medium) AND (Length IS Medium),Very_High,0.4417392035784199,0.1544692334181736,10638.535516283173,1643.3264258922752,4763.735150812506,0.6053459119496856,0.6,0.1212121212121212,5775.0
21,all,R19,IF (PointsAjust IS Medium) AND (TeamExp IS Low) AND (Length IS High),Very_High,0.03662507286267832,0.012807210415451235,10638.535516283173,136.24996286928973,4763.735150812506,0.6053459119496856,0.6,0.1212121212121212,5775.0
21,all,R20,IF (PointsAjust IS High) AND (TeamExp IS Low) AND (Length IS High),Very_High,0.5537751140692594,0.19364642454958023,10638.535516283173,2060.114365171959,4763.735150812506,0.6053459119496856,0.6,0.1212121212121212,5775.0
22,all,R1,IF (PointsAjust IS Low) AND (TeamExp IS High) AND (Length IS Low),Very_Low,1.7762801661471943e-05,7.479703784342025e-05,-3193.4300562455014,-0.23885910876731042,8580.615949873032,0.5267295597484277,1.0,0.5757575757575758,10577.0
22,all,R2,IF (PointsAjust IS Low) AND (TeamExp IS Medium) AND (Length IS Low),Low,3.963416779409029e-06,1.6689475032630523e-05,20241.95454677158,0.33782759501998616,8580.615949873032,0.5267295597484277,1.0,0.5757575757575758,10577.0
22,all,R3,IF (PointsAjust IS Low) AND (TeamExp IS High) AND (Length IS Medium),Low,5.816774352504368e-05,0.0002449374257860469,20241.95454677158,4.958012239564399,8580.615949873032,0.5267295597484277,1.0,0.5757575757575758,10577.0
22,all,R4,IF (PointsAjust IS Medium) AND (TeamExp IS High) AND (Length IS Low),Low,0.00024930419643762067,0.0010497902172670523,20241.95454677158,21.249805861565136,8580.615949873032,0.5267295597484277,1.0,0.5757575757575758,10577.0
22,all,R5,IF (PointsAjust IS Low) AND (TeamExp IS Low) AND (Length IS Low),Medium,3.963416779409029e-06,1.6689475032630523e-05,-1152.5905346124814,-0.019236130950261277,8580.615949873032,0.5267295597484277,1.0,0.5757575757575758,10577.0
22,all,R6,IF (PointsAjust IS Medium) AND (TeamExp IS Medium) AND (Length IS Low),Medium,5.56272852768019e-05,0.0002342398593010523,-1152.5905346124814,-0.2699826446593523,8580.615949873032,0.5267295597484277,1.0,0.5757575757575758,10577.0
22,all,R7,IF (PointsAjust IS Low) AND (TeamExp IS Medium) AND (Length IS Medium),Medium,1.2978977928215783e-05,5.4652927041984774e-05,-1152.5905346124814,-0.06299244639745817,8580.615949873032,0.5267295597484277,1.0,0.5757575757575758,10577.0
22,all,R8,IF (PointsAjust IS Medium) AND (TeamExp IS High) AND (Length IS Medium),Medium,0.00081639500538672,0.0034377419326557753,-1152.5905346124814,-3.962308812019465,8580.615949873032,0.5267295597484277,1.0,0.5757575757575758,10577.0
22,all,R9,IF (PointsAjust IS Low) AND (TeamExp IS Low) AND (Length IS Medium),High,1.2978977928215783e-05,5.4652927041984774e-05,4424.540240361231,0.2418140749507881,8580.615949873032,0.5267295597484277,1.0,0.5757575757575758,10577.0
22,all,R10,IF (PointsAjust IS Medium) AND (TeamExp IS Low) AND (Length IS Low),High,5.56272852768019e-05,0.0002342398593010523,4424.540240361231,1.0364036833740586,8580.615949873032,0.5267295597484277,1.0,0.5757575757575758,10577.0
22,all,R11,IF (PointsAjust IS Medium) AND (TeamExp IS Medium) AND (Length IS Medium),Medium,0.000182162348296317,0.0007670639079824556,-1152.5905346124814,-0.8841105997834378,8580.615949873032,0.5267295597484277,1.0,0.5757575757575758,10577.0
22,all,R12,IF (PointsAjust IS High) AND (TeamExp IS High) AND (Length IS Low),Medium,0.0012454249867651255,0.005244335980413852,-1152.5905346124814,-6.044572011352673,8580.615949873032,0.5267295597484277,1.0,0.5757575757575758,10577.0
22,all,R13,IF (PointsAjust IS High) AND (TeamExp IS Medium) AND (Length IS Low),High,0.0002778918767497585,0.0011701695271819153,4424.540240361231,5.177462161060859,8580.615949873032,0.5267295597484277,1.0,0.5757575757575758,10577.0
22,all,R14,IF (PointsAjust IS High) AND (TeamExp IS High) AND (Length IS Medium),High,0.004078385977081927,0.017173596602699036,4424.540240361231,75.9852692403728,8580.615949873032,0.5267295597484277,1.0,0.5757575757575758,10577.0
22,all,R15,IF (PointsAjust IS Medium) AND (TeamExp IS Low) AND (Length IS Medium),High,0.000182162348296317,0.0007670639079824556,4424.540240361231,3.3939051277971193,8580.615949873032,0.5267295597484277,1.0,0.5757575757575758,10577.0
22,all,R16,IF (PointsAjust IS Low) AND (TeamExp IS Low) AND (Length IS High),High,0.0015489095966701272,0.006522273452473594,4424.540240361231,28.85806134910919,8580.615949873032,0.5267295597484277,1.0,0.5757575757575758,10577.0
22,all,R17,IF (PointsAjust IS Medium) AND (TeamExp IS High) AND (Length IS High),High,0.09742847745877045,0.4102596906949076,4424.540240361231,1815.2105104777706,8580.615949873032,0.5267295597484277,1.0,0.5757575757575758,10577.0
22,all,R18,IF (PointsAjust IS High) AND (TeamExp IS Medium) AND (Length IS Medium),Very_High,0.0009100109162134008,0.003831947360284766,12006.369796369985,46.00777704780271,8580.615949873032,0.5267295597484277,1.0,0.5757575757575758,10577.0
22,all,R19,IF (PointsAjust IS Medium) AND (TeamExp IS Low) AND (Length IS High),Very_High,0.02173923177839313,0.09154131048719999,12006.369796369985,1099.078825353645,8580.615949873032,0.5267295597484277,1.0,0.5757575757575758,10577.0
22,all,R20,IF (PointsAjust IS High) AND (TeamExp IS Low) AND (Length IS High),Very_High,0.1086005885049901,0.4573041169425707,12006.369796369985,5490.562337414929,8580.615949873032,0.5267295597484277,1.0,0.5757575757575758,10577.0
23,all,R1,IF (PointsAjust IS Low) AND (TeamExp IS High) AND (Length IS Low),Very_Low,0.03141578209143915,0.004447926965346276,-2768.9602884511837,-12.316133132975022,3698.1029305676343,0.3474842767295597,0.4,0.2121212121212121,3983.0
23,all,R2,IF (PointsAjust IS Low) AND (TeamExp IS Medium) AND (Length IS Low),Low,0.14079576723532522,0.019934225666254368,12804.3075183728,255.24395557136083,3698.1029305676343,0.3474842767295597,0.4,0.2121212121212121,3983.0
23,all,R3,IF (PointsAjust IS Low) AND (TeamExp IS High) AND (Length IS Medium),Low,0.03417498878658037,0.004838582522688805,12804.3075183728,61.95469857353149,3698.1029305676343,0.3474842767295597,0.4,0.2121212121212121,3983.0
23,all,R4,IF (PointsAjust IS Medium) AND (TeamExp IS High) AND (Length IS Low),Low,0.10401837059513029,0.014727187568172602,12804.3075183728,188.5714385036389,3698.1029305676343,0.3474842767295597,0.4,0.2121212121212121,3983.0
23,all,R5,IF (PointsAjust IS Low) AND (TeamExp IS Low) AND (Length IS Low),Medium,0.23213297626542476,0.032865981870889995,-2415.756526464833,-79.39621020327738,3698.1029305676343,0.3474842767295597,0.4,0.2121212121212121,3983.0
23,all,R6,IF (PointsAjust IS Medium) AND (TeamExp IS Medium) AND (Length IS Low),Medium,0.4661779946105699,0.06600267556109779,-2415.756526464833,-159.4463942508629,3698.1029305676343,0.3474842767295597,0.4,0.2121212121212121,3983.0
23,all,R7,IF (PointsAjust IS Low) AND (TeamExp IS Medium) AND (Length IS Medium),Medium,0.1531616737237432,0.021685022407863203,-2415.756526464833,-52.38573440833168,3698.1029305676343,0.3474842767295597,0.4,0.2121212121212121,3983.0
23,all,R8,IF (PointsAjust IS Medium) AND (TeamExp IS High) AND (Length IS Medium),Medium,0.1131541668560158,0.01602065702312453,-2415.756526464833,-38.70200676186774,3698.1029305676343,0.3474842767295597,0.4,0.2121212121212121,3983.0
23,all,R9,IF (PointsAjust IS Low) AND (TeamExp IS Low) AND (Length IS Medium),High,0.2525209093243682,0.03575255769945296,1954.5427915243902,69.87990393002562,3698.1029305676343,0.3474842767295597,0.4,0.2121212121212121,3983.0
23,all,R10,IF (PointsAjust IS Medium) AND (TeamExp IS Low) AND (Length IS Low),High,0.7685975756467761,0.10882001512070143,1954.5427915243902,212.6933761277421,3698.1029305676343,0.3474842767295597,0.4,0.2121212121212121,3983.0
23,all,R11,IF (PointsAjust IS Medium) AND (TeamExp IS Medium) AND (Length IS Medium),Medium,0.5071217928618158,0.07179960348017198,-2415.756526464833,-173.45036070481257,3698.1029305676343,0.3474842767295597,0.4,0.2121212121212121,3983.0
23,all,R12,IF (PointsAjust IS High) AND (TeamExp IS High) AND (Length IS Low),Medium,0.1182875570644052,0.016747455568679816,-2415.756526464833,-40.45777509171808,3698.1029305676343,0.3474842767295597,0.4,0.2121212121212121,3983.0
23,all,R13,IF (PointsAjust IS High) AND (TeamExp IS Medium) AND (Length IS Low),High,0.5301280516525352,0.07505688857812472,1954.5427915243902,146.701900524623,3698.1029305676343,0.3474842767295597,0.4,0.2121212121212121,3983.0
23,all,R14,IF (PointsAjust IS High) AND (TeamExp IS High) AND (Length IS Medium),High,0.1286765971479543,0.01821836249683404,1954.5427915243902,35.608569091565265,3698.1029305676343,0.3474842767295597,0.4,0.2121212121212121,3983.0
23,all,R15,IF (PointsAjust IS Medium) AND (TeamExp IS Low) AND (Length IS Medium),High,0.8361024867268599,0.11837753348559446,1954.5427915243902,231.37395475270577,3698.1029305676343,0.3474842767295597,0.4,0.2121212121212121,3983.0
23,all,R16,IF (PointsAjust IS Low) AND (TeamExp IS Low) AND (Length IS High),High,0.24281756037716323,0.03437873268020575,1954.5427915243902,67.19470414184012,3698.1029305676343,0.3474842767295597,0.4,0.2121212121212121,3983.0
23,all,R17,IF (PointsAjust IS Medium) AND (TeamExp IS High) AND (Length IS High),High,0.10880611358481596,0.01540504849440985,1954.5427915243902,30.109826487832432,3698.1029305676343,0.3474842767295597,0.4,0.2121212121212121,3983.0
23,all,R18,IF (PointsAjust IS High) AND (TeamExp IS Medium) AND (Length IS Medium),Very_High,0.5766884990462812,0.08164903608151805,9094.273010826499,742.5386251961486,3698.1029305676343,0.3474842767295597,0.4,0.2121212121212121,3983.0
23,all,R19,IF (PointsAjust IS Medium) AND (TeamExp IS Low) AND (Length IS High),Very_High,0.8039744771848254,0.11382876753194153,9094.273010826499,1035.1898884213795,3698.1029305676343,0.3474842767295597,0.4,0.2121212121212121,3983.0
23,all,R20,IF (PointsAjust IS High) AND (TeamExp IS Low) AND (Length IS High),Very_High,0.9142632816128498,0.12944373919692798,9094.273010826499,1177.1967037990862,3698.1029305676343,0.3474842767295597,0.4,0.2121212121212121,3983.0
24,all,R1,IF (PointsAjust IS Low) AND (TeamExp IS High) AND (Length IS Low),Very_Low,0.012433672795631082,0.00876767629488299,-3676.963621901411,-32.2384267848921,4558.250635149863,0.389937106918239,1.0,0.3939393939393939,3164.0
24,all,R2,IF (PointsAjust IS Low) AND (TeamExp IS Medium) AND (Length IS Low),Low,0.0027743274021223376,0.0019563330158068326,17820.39349971795,34.86262415816769,4558.250635149863,0.389937106918239,1.0,0.3939393939393939,3164.0
24,all,R3,IF (PointsAjust IS Low) AND (TeamExp IS High) AND (Length IS Medium),Low,0.03311545781818459,0.023351556638092942,17820.39349971795,416.133928121767,4558.250635149863,0.389937106918239,1.0,0.3939393939393939,3164.0
24,all,R4,IF (PointsAjust IS Medium) AND (TeamExp IS High) AND (Length IS Low),Low,0.057959179002359265,0.040870250340544916,17820.39349971795,728.323943500492,4558.250635149863,0.389937106918239,1.0,0.3939393939393939,3164.0
24,all,R5,IF (PointsAjust IS Low) AND (TeamExp IS Low) AND (Length IS Low),Medium,0.0027743274021223376,0.0019563330158068326,-882.2458211478993,-1.7259666279692452,4558.250635149863,0.389937106918239,1.0,0.3939393939393939,3164.0
24,all,R6,IF (PointsAjust IS Medium) AND (TeamExp IS Medium) AND (Length IS Low),Medium,0.01293244089286793,0.009119385503792203,-882.2458211478993,-8.045539752157401,4558.250635149863,0.389937106918239,1.0,0.3939393939393939,3164.0
24,all,R7,IF (PointsAjust IS Low) AND (TeamExp IS Medium) AND (Length IS Medium),Medium,0.0073890574063600984,0.005210436572372807,-882.2458211478993,-4.596885892332093,4558.250635149863,0.389937106918239,1.0,0.3939393939393939,3164.0
24,all,R8,IF (PointsAjust IS Medium) AND (TeamExp IS High) AND (Length IS Medium),Medium,0.15436667660288228,0.10885255494631703,-882.2458211478993,-96.03471172266029,4558.250635149863,0.389937106918239,1.0,0.3939393939393939,3164.0
24,all,R9,IF (PointsAjust IS Low) AND (TeamExp IS Low) AND (Length IS Medium),High,0.0073890574063600984,0.005210436572372807,1627.053105959293,8.477657008483067,4558.250635149863,0.389937106918239,1.0,0.3939393939393939,3164.0
24,all,R10,IF (PointsAjust IS Medium) AND (TeamExp IS Low) AND (Length IS Low),High,0.01293244089286793,0.009119385503792203,1627.053105959293,14.837724508385255,4558.250635149863,0.389937106918239,1.0,0.3939393939393939,3164.0
24,all,R11,IF (PointsAjust IS Medium) AND (TeamExp IS Medium) AND (Length IS Medium),Medium,0.03444386127198199,0.024288288017737473,-882.2458211478993,-21.42824060648548,4558.250635149863,0.389937106918239,1.0,0.3939393939393939,3164.0
24,all,R12,IF (PointsAjust IS High) AND (TeamExp IS High) AND (Length IS Low),Medium,0.08206568868669804,0.057869095089460205,-882.2458211478993,-51.054767316286686,4558.250635149863,0.389937106918239,1.0,0.3939393939393939,3164.0
24,all,R13,IF (PointsAjust IS High) AND (TeamExp IS Medium) AND (Length IS Low),High,0.018311330259354115,0.012912340454955967,1627.053105959293,21.009063642439934,4558.250635149863,0.389937106918239,1.0,0.3939393939393939,3164.0
24,all,R14,IF (PointsAjust IS High) AND (TeamExp IS High) AND (Length IS Medium),High,0.21857120552340234,0.15412674990811243,1627.053105959293,250.7724071494055,4558.250635149863,0.389937106918239,1.0,0.3939393939393939,3164.0
24,all,R15,IF (PointsAjust IS Medium) AND (TeamExp IS Low) AND (Length IS Medium),High,0.03444386127198199,0.024288288017737473,1627.053105959293,39.51833445769363,4558.250635149863,0.389937106918239,1.0,0.3939393939393939,3164.0
24,all,R16,IF (PointsAjust IS Low) AND (TeamExp IS Low) AND (Length IS High),High,0.02043416674288441,0.014409270880944118,1627.053105959293,23.444648941448925,4558.250635149863,0.389937106918239,1.0,0.3939393939393939,3164.0
24,all,R17,IF (PointsAjust IS Medium) AND (TeamExp IS High) AND (Length IS High),High,0.42689537186882776,0.30102774086549433,1627.053105959293,489.7881207551117,4558.250635149863,0.389937106918239,1.0,0.3939393939393939,3164.0
24,all,R18,IF (PointsAjust IS High) AND (TeamExp IS Medium) AND (Length IS Medium),Very_High,0.04876982809227212,0.03439032639015411,13963.96096977921,480.2251754500799,4558.250635149863,0.389937106918239,1.0,0.3939393939393939,3164.0
24,all,R19,IF (PointsAjust IS Medium) AND (TeamExp IS Low) AND (Length IS High),Very_High,0.09525323269171501,0.06716836802843777,13963.96096977921,937.9364695528708,4558.250635149863,0.389937106918239,1.0,0.3939393939393939,3164.0
24,all,R20,IF (PointsAjust IS High) AND (TeamExp IS Low) AND (Length IS High),Very_High,0.13487116751881004,0.09510518394318453,13963.96096977921,1328.045076606301,4558.250635149863,0.389937106918239,1.0,0.3939393939393939,3164.0
25,all,R1,IF (PointsAjust IS Low) AND (TeamExp IS High) AND (Length IS Low),Very_Low,0.08785950042101613,0.011339907828330886,-2917.519590270953,-33.0844032410223,3774.9143297127093,0.3930817610062893,0.6,0.1515151515151515,3542.0
25,all,R2,IF (PointsAjust IS Low) AND (TeamExp IS Medium) AND (Length IS Low),Low,0.14485582717721618,0.01869634724434803,14613.98479683294,273.22813438521155,3774.9143297127093,0.3930817610062893,0.6,0.1515151515151515,3542.0
25,all,R3,IF (PointsAjust IS Low) AND (TeamExp IS High) AND (Length IS Medium),Low,0.06084879483158942,0.007853672301216351,14613.98479683294,114.77344760928372,3774.9143297127093,0.3930817610062893,0.6,0.1515151515151515,3542.0
25,all,R4,IF (PointsAjust IS Medium) AND (TeamExp IS High) AND (Length IS Low),Low,0.4200645291069114,0.05421716512383169,14613.98479683294,792.3288268470575,3774.9143297127093,0.3930817610062893,0.6,0.1515151515151515,3542.0
25,all,R5,IF (PointsAjust IS Low) AND (TeamExp IS Low) AND (Length IS Low),Medium,0.11599147885125008,0.014970864536470065,-1514.493362174178,-22.673274966492716,3774.9143297127093,0.3930817610062893,0.6,0.1515151515151515,3542.0
25,all,R6,IF (PointsAjust IS Medium) AND (TeamExp IS Medium) AND (Length IS Low),Medium,0.692569324205198,0.08938899337672247,-1514.493362174178,-135.37903712047773,3774.9143297127093,0.3930817610062893,0.6,0.1515151515151515,3542.0
25,all,R7,IF (PointsAjust IS Low) AND (TeamExp IS Medium) AND (Length IS Medium),Medium,0.10032270233530952,0.012948516576123826,-1514.493362174178,-19.61044240454185,3774.9143297127093,0.3930817610062893,0.6,0.1515151515151515,3542.0
25,all,R8,IF (PointsAjust IS Medium) AND (TeamExp IS High) AND (Length IS Medium),Medium,0.29092380704614823,0.03754914541013373,-1514.493362174178,-56.867931478960536,3774.9143297127093,0.3930817610062893,0.6,0.1515151515151515,3542.0
25,all,R9,IF (PointsAjust IS Low) AND (TeamExp IS Low) AND (Length IS Medium),High,0.08033214012157175,0.010368361534790633,915.2302965888614,9.489438602626974,3774.9143297127093,0.3930817610062893,0.6,0.1515151515151515,3542.0
25,all,R10,IF (PointsAjust IS Medium) AND (TeamExp IS Low) AND (Length IS Low),High,0.5545661620039192,0.07157711040582451,915.2302965888614,65.50953998569645,3774.9143297127093,0.3930817610062893,0.6,0.1515151515151515,3542.0
25,all,R11,IF (PointsAjust IS Medium) AND (TeamExp IS Medium) AND (Length IS Medium),Medium,0.4796522688300444,0.061908074734299566,-1514.493362174178,-93.75936825007963,3774.9143297127093,0.3930817610062893,0.6,0.1515151515151515,3542.0
25,all,R12,IF (PointsAjust IS High) AND (TeamExp IS High) AND (Length IS Low),Medium,0.6064792902501184,0.0782774682108571,-1514.493362174178,-118.5507060131433,3774.9143297127093,0.3930817610062893,0.6,0.1515151515151515,3542.0
25,all,R13,IF (PointsAjust IS High) AND (TeamExp IS Medium) AND (Length IS Low),High,0.9999153060744872,0.12905772685579323,915.2302965888614,118.1175416273119,3774.9143297127093,0.3930817610062893,0.6,0.1515151515151515,3542.0
25,all,R14,IF (PointsAjust IS High) AND (TeamExp IS High) AND (Length IS Medium),High,0.4200289521929724,0.05421257325928715,915.2302965888614,49.61698950294275,3774.9143297127093,0.3930817610062893,0.6,0.1515151515151515,3542.0
25,all,R15,IF (PointsAjust IS Medium) AND (TeamExp IS Low) AND (Length IS Medium),High,0.3840755120461245,0.04957211098232271,915.2302965888614,45.36989783688717,3774.9143297127093,0.3930817610062893,0.6,0.1515151515151515,3542.0
25,all,R16,IF (PointsAjust IS Low) AND (TeamExp IS Low) AND (Length IS High),High,0.09915821742288156,0.012798218070997607,915.2302965888614,11.713316920928065,3774.9143297127093,0.3930817610062893,0.6,0.1515151515151515,3542.0
25,all,R17,IF (PointsAjust IS Medium) AND (TeamExp IS High) AND (Length IS High),High,0.3591026713457113,0.04634889994199978,915.2302965888614,42.41991744048392,3774.9143297127093,0.3930817610062893,0.6,0.1515151515151515,3542.0
25,all,R18,IF (PointsAjust IS High) AND (TeamExp IS Medium) AND (Length IS Medium),Very_High,0.692510667790441,0.08938142267197571,11436.177012623848,1022.1817713168647,3774.9143297127093,0.3930817610062893,0.6,0.1515151515151515,3542.0
25,all,R19,IF (PointsAjust IS Medium) AND (TeamExp IS Low) AND (Length IS High),Very_High,0.47408475701803615,0.061189483455282745,11436.177012623848,699.7737641056318,3774.9143297127093,0.3930817610062893,0.6,0.1515151515151515,3542.0
25,all,R20,IF (PointsAjust IS High) AND (TeamExp IS Low) AND (Length IS High),Very_High,0.6844724251438058,0.08834393747939205,11436.177012623848,1010.3169070065018,3774.9143297127093,0.3930817610062893,0.6,0.1515151515151515,3542.0
26,all,R1,IF (PointsAjust IS Low) AND (TeamExp IS High) AND (Length IS Low),Very_Low,4.3368395698788123e-05,4.626805861831807e-05,-2229.647039944062,-0.10316143994229122,6948.8496471538665,0.6745283018867925,0.8,0.3939393939393939,4277.0
26,all,R2,IF (PointsAjust IS Low) AND (TeamExp IS Medium) AND (Length IS Low),Low,2.6304261653864493e-05,2.806299611739125e-05,20571.906297906877,0.5773093265654973,6948.8496471538665,0.6745283018867925,0.8,0.3939393939393939,4277.0
26,all,R3,IF (PointsAjust IS Low) AND (TeamExp IS High) AND (Length IS Medium),Low,0.00011550603767779643,0.00012322890980713126,20571.906297906877,2.5350535857455223,6948.8496471538665,0.6745283018867925,0.8,0.3939393939393939,4277.0
26,all,R4,IF (PointsAjust IS Medium) AND (TeamExp IS High) AND (Length IS Low),Low,0.0020026383436930984,0.0021365371437955427,20571.906297906877,43.952641924159494,6948.8496471538665,0.6745283018867925,0.8,0.3939393939393939,4277.0
26,all,R5,IF (PointsAjust IS Low) AND (TeamExp IS Low) AND (Length IS Low),Medium,1.7829280491350837e-05,1.902136755589755e-05,-1050.3519562085544,-0.01997913062209892,6948.8496471538665,0.6745283018867925,0.8,0.3939393939393939,4277.0
26,all,R6,IF (PointsAjust IS Medium) AND (TeamExp IS Medium) AND (Length IS Low),Medium,0.0012146615557659904,0.001295875283326856,-1050.3519562085544,-1.361125138844678,6948.8496471538665,0.6745283018867925,0.8,0.3939393939393939,4277.0
26,all,R7,IF (PointsAjust IS Low) AND (TeamExp IS Medium) AND (Length IS Medium),Medium,7.005795323350616e-05,7.474211196098792e-05,-1050.3519562085544,-0.07850552350938246,6948.8496471538665,0.6745283018867925,0.8,0.3939393939393939,4277.0
26,all,R8,IF (PointsAjust IS Medium) AND (TeamExp IS High) AND (Length IS Medium),Medium,0.0053337647439902595,0.005690386648039085,-1050.3519562085544,-5.976908747350891,6948.8496471538665,0.6745283018867925,0.8,0.3939393939393939,4277.0
26,all,R9,IF (PointsAjust IS Low) AND (TeamExp IS Low) AND (Length IS Medium),High,4.7485951717128375e-05,5.066091936751333e-05,4598.322138254048,0.2329552270719398,6948.8496471538665,0.6745283018867925,0.8,0.3939393939393939,4277.0
26,all,R10,IF (PointsAjust IS Medium) AND (TeamExp IS Low) AND (Length IS Low),High,0.0008233092365331897,0.0008783566789394696,4598.322138254048,4.038966962050666,6948.8496471538665,0.6745283018867925,0.8,0.3939393939393939,4277.0
26,all,R11,IF (PointsAjust IS Medium) AND (TeamExp IS Medium) AND (Length IS Medium),Medium,0.0032350918489243968,0.003451393967655106,-1050.3519562085544,-3.6251784055729446,6948.8496471538665,0.6745283018867925,0.8,0.3939393939393939,4277.0
26,all,R12,IF (PointsAjust IS High) AND (TeamExp IS High) AND (Length IS Low),Medium,0.10111366332190377,0.10787424405052298,-1050.3519562085544,-113.30592326298583,6948.8496471538665,0.6745283018867925,0.8,0.3939393939393939,4277.0
26,all,R13,IF (PointsAjust IS High) AND (TeamExp IS Medium) AND (Length IS Low),High,0.061328536920595395,0.06542903640996532,4598.322138254048,300.86378660857366,6948.8496471538665,0.6745283018867925,0.8,0.3939393939393939,4277.0
26,all,R14,IF (PointsAjust IS High) AND (TeamExp IS High) AND (Length IS Medium),High,0.2693029893592813,0.2873089100252721,4598.322138254048,1321.138921486849,6948.8496471538665,0.6745283018867925,0.8,0.3939393939393939,4277.0
26,all,R15,IF (PointsAjust IS Medium) AND (TeamExp IS Low) AND (Length IS Medium),High,0.0021927762409283172,0.002339387888746864,4598.322138254048,10.757259118788102,6948.8496471538665,0.6745283018867925,0.8,0.3939393939393939,4277.0
26,all,R16,IF (PointsAjust IS Low) AND (TeamExp IS Low) AND (Length IS High),High,0.00013132065457999382,0.00014010091095144748,4598.322138254048,0.6442291204175999,6948.8496471538665,0.6745283018867925,0.8,0.3939393939393939,4277.0
26,all,R17,IF (PointsAjust IS Medium) AND (TeamExp IS High) AND (Length IS High),High,0.014750330407800267,0.015736555179206985,4598.322138254048,72.36175006040388,6948.8496471538665,0.6745283018867925,0.8,0.3939393939393939,4277.0
26,all,R18,IF (PointsAjust IS High) AND (TeamExp IS Medium) AND (Length IS Medium),Very_High,0.16334051979866918,0.17426166273894592,10477.840206166955,1825.8858562396335,6948.8496471538665,0.6745283018867925,0.8,0.3939393939393939,4277.0
26,all,R19,IF (PointsAjust IS Medium) AND (TeamExp IS Low) AND (Length IS High),Very_High,0.006064042119688582,0.006469491244416525,10477.840206166955,67.78629547419256,6948.8496471538665,0.6745283018867925,0.8,0.3939393939393939,4277.0
26,all,R20,IF (PointsAjust IS High) AND (TeamExp IS Low) AND (Length IS High),Very_High,0.3061748593754083,0.3266460774667885,10477.840206166955,3422.545403668242,6948.8496471538665,0.6745283018867925,0.8,0.3939393939393939,4277.0
27,all,R1,IF (PointsAjust IS Low) AND (TeamExp IS High) AND (Length IS Low),Very_Low,0.009921845600719353,0.008230536158673848,-3980.03292269563,-32.757804882958744,4779.027033117784,0.3160377358490566,1.0,0.4545454545454545,7252.0
27,all,R2,IF (PointsAjust IS Low) AND (TeamExp IS Medium) AND (Length IS Low),Low,0.0022138629978565028,0.001836480851192338,16920.48152369808,31.074140311225275,4779.027033117784,0.3160377358490566,1.0,0.4545454545454545,7252.0
27,all,R3,IF (PointsAjust IS Low) AND (TeamExp IS High) AND (Length IS Medium),Low,0.03056143599169899,0.025351836151576275,16920.48152369808,428.96527519456737,4779.027033117784,0.3160377358490566,1.0,0.4545454545454545,7252.0
27,all,R4,IF (PointsAjust IS Medium) AND (TeamExp IS High) AND (Length IS Low),Low,0.025498212207750854,0.021151705640553083,16920.48152369808,357.89704448567886,4779.027033117784,0.3160377358490566,1.0,0.4545454545454545,7252.0
27,all,R5,IF (PointsAjust IS Low) AND (TeamExp IS Low) AND (Length IS Low),Medium,0.0022138629978565028,0.001836480851192338,-1176.8427401983413,-2.161249157238973,4779.027033117784,0.3160377358490566,1.0,0.4545454545454545,7252.0
27,all,R6,IF (PointsAjust IS Medium) AND (TeamExp IS Medium) AND (Length IS Low),Medium,0.005689420173414095,0.0047195834669890545,-1176.8427401983413,-5.554207539886186,4779.027033117784,0.3160377358490566,1.0,0.4545454545454545,7252.0
27,all,R7,IF (PointsAjust IS Low) AND (TeamExp IS Medium) AND (Length IS Medium),Medium,0.006819178107193782,0.005656759260557966,-1176.8427401983413,-6.65711606883738,4779.027033117784,0.3160377358490566,1.0,0.4545454545454545,7252.0
27,all,R8,IF (PointsAjust IS Medium) AND (TeamExp IS High) AND (Length IS Medium),Medium,0.0785400228596016,0.06515184009738616,-1176.8427401983413,-76.6734700291721,4779.027033117784,0.3160377358490566,1.0,0.4545454545454545,7252.0
27,all,R9,IF (PointsAjust IS Low) AND (TeamExp IS Low) AND (Length IS Medium),High,0.006819178107193782,0.005656759260557966,1648.67697261147,9.326168732488606,4779.027033117784,0.3160377358490566,1.0,0.4545454545454545,7252.0
27,all,R10,IF (PointsAjust IS Medium) AND (TeamExp IS Low) AND (Length IS Low),High,0.005689420173414095,0.0047195834669890545,1648.67697261147,7.781068582342661,4779.027033117784,0.3160377358490566,1.0,0.4545454545454545,7252.0
27,all,R11,IF (PointsAjust IS Medium) AND (TeamExp IS Medium) AND (Length IS Medium),Medium,0.01752464787872424,0.014537340514894661,-1176.8427401983413,-17.108163646745,4779.027033117784,0.3160377358490566,1.0,0.4545454545454545,7252.0
27,all,R12,IF (PointsAjust IS High) AND (TeamExp IS High) AND (Length IS Low),Medium,0.025979516015999616,0.021550964866761124,-1176.8427401983413,-25.362096547717343,4779.027033117784,0.3160377358490566,1.0,0.4545454545454545,7252.0
27,all,R13,IF (PointsAjust IS High) AND (TeamExp IS Medium) AND (Length IS Low),High,0.00579681356922869,0.004808670242073592,1648.67697261147,7.927943896988755,4779.027033117784,0.3160377358490566,1.0,0.4545454545454545,7252.0
27,all,R14,IF (PointsAjust IS High) AND (TeamExp IS High) AND (Length IS Medium),High,0.08002254295921785,0.06638164509303814,1648.67697261147,109.44188966895916,4779.027033117784,0.3160377358490566,1.0,0.4545454545454545,7252.0
27,all,R15,IF (PointsAjust IS Medium) AND (TeamExp IS Low) AND (Length IS Medium),High,0.01752464787872424,0.014537340514894661,1648.67697261147,23.9673785499186,4779.027033117784,0.3160377358490566,1.0,0.4545454545454545,7252.0
27,all,R16,IF (PointsAjust IS Low) AND (TeamExp IS Low) AND (Length IS High),High,0.04895683308798347,0.040611495195570696,1648.67697261147,66.95523695225876,4779.027033117784,0.3160377358490566,1.0,0.4545454545454545,7252.0
27,all,R17,IF (PointsAjust IS Medium) AND (TeamExp IS High) AND (Length IS High),High,0.5638613230834413,0.4677437237865773,1648.67697261147,771.15830649047,4779.027033117784,0.3160377358490566,1.0,0.4545454545454545,7252.0
27,all,R18,IF (PointsAjust IS High) AND (TeamExp IS Medium) AND (Length IS Medium),Very_High,0.017855442825974878,0.014811747100525826,13882.78113774029,205.62824326415938,4779.027033117784,0.3160377358490566,1.0,0.4545454545454545,7252.0
27,all,R19,IF (PointsAjust IS Medium) AND (TeamExp IS Low) AND (Length IS High),Very_High,0.12581446732111373,0.10436773199692188,13882.78113774029,1448.914381155601,4779.027033117784,0.3160377358490566,1.0,0.4545454545454545,7252.0
27,all,R20,IF (PointsAjust IS High) AND (TeamExp IS Low) AND (Length IS High),Very_High,0.12818933900862892,0.10633777548307402,13882.78113774029,1476.264063705682,4779.027033117784,0.3160377358490566,1.0,0.4545454545454545,7252.0
28,all,R1,IF (PointsAjust IS Low) AND (TeamExp IS High) AND (Length IS Low),Very_Low,9.813090912768902e-05,0.0002150352613474144,-2754.577825086395,-0.5923313625192452,6096.196825560826,0.6273584905660378,1.0,0.3939393939393939,3948.0
28,all,R2,IF (PointsAjust IS Low) AND (TeamExp IS Medium) AND (Length IS Low),Low,2.1895965469172257e-05,4.7980852302008014e-05,21212.12965428856,1.0177760599534638,6096.196825560826,0.6273584905660378,1.0,0.3939393939393939,3948.0
28,all,R3,IF (PointsAjust IS Low) AND (TeamExp IS High) AND (Length IS Medium),Low,0.00026135881451053996,0.0005727182340743886,21212.12965428856,12.148573436561117,6096.196825560826,0.6273584905660378,1.0,0.3939393939393939,3948.0
28,all,R4,IF (PointsAjust IS Medium) AND (TeamExp IS High) AND (Length IS Low),Low,0.0030986151286480296,0.006790026913302812,21212.12965428856,144.030931241088,6096.196825560826,0.6273584905660378,1.0,0.3939393939393939,3948.0
28,all,R5,IF (PointsAjust IS Low) AND (TeamExp IS Low) AND (Length IS Low),Medium,2.1895965469172257e-05,4.7980852302008014e-05,-475.97234484658975,-0.02283755877792465,6096.196825560826,0.6273584905660378,1.0,0.3939393939393939,3948.0
28,all,R6,IF (PointsAjust IS Medium) AND (TeamExp IS Medium) AND (Length IS Low),Medium,0.0006913944898935822,0.001515059792577405,-475.97234484658975,-0.7211265620558553,6096.196825560826,0.6273584905660378,1.0,0.3939393939393939,3948.0
28,all,R7,IF (PointsAjust IS Low) AND (TeamExp IS Medium) AND (Length IS Medium),Medium,5.831703413794053e-05,0.00012779071128894422,-475.97234484658975,-0.060824844501812345,6096.196825560826,0.6273584905660378,1.0,0.3939393939393939,3948.0
28,all,R8,IF (PointsAjust IS Medium) AND (TeamExp IS High) AND (Length IS Medium),Medium,0.008252755261791034,0.018084346719404298,-475.97234484658975,-8.607648913053596,6096.196825560826,0.6273584905660378,1.0,0.3939393939393939,3948.0
28,all,R9,IF (PointsAjust IS Low) AND (TeamExp IS Low) AND (Length IS Medium),High,5.831703413794053e-05,0.00012779071128894422,3436.8116397367303,0.43919260400807947,6096.196825560826,0.6273584905660378,1.0,0.3939393939393939,3948.0
28,all,R10,IF (PointsAjust IS Medium) AND (TeamExp IS Low) AND (Length IS Low),High,0.0006913944898935822,0.001515059792577405,3436.8116397367303,5.206975130027142,6096.196825560826,0.6273584905660378,1.0,0.3939393939393939,3948.0
28,all,R11,IF (PointsAjust IS Medium) AND (TeamExp IS Medium) AND (Length IS Medium),Medium,0.00184143860322923,0.004035163179680412,-475.97234484658975,-1.9206260804711064,6096.196825560826,0.6273584905660378,1.0,0.3939393939393939,3948.0
28,all,R12,IF (PointsAjust IS High) AND (TeamExp IS High) AND (Length IS Low),Medium,0.0671651106967571,0.14717959163419103,-475.97234484658975,-70.05341534368942,6096.196825560826,0.6273584905660378,1.0,0.3939393939393939,3948.0
28,all,R13,IF (PointsAjust IS High) AND (TeamExp IS Medium) AND (Length IS Low),High,0.014986561906154425,0.03284020585191754,3436.8116397367303,112.8656017232205,6096.196825560826,0.6273584905660378,1.0,0.3939393939393939,3948.0
28,all,R14,IF (PointsAjust IS High) AND (TeamExp IS High) AND (Length IS Medium),High,0.1788854690557479,0.3919935515893803,3436.8116397367303,1347.2080008041228,6096.196825560826,0.6273584905660378,1.0,0.3939393939393939,3948.0
28,all,R15,IF (PointsAjust IS Medium) AND (TeamExp IS Low) AND (Length IS Medium),High,0.00184143860322923,0.004035163179680412,3436.8116397367303,13.868095784162714,6096.196825560826,0.6273584905660378,1.0,0.3939393939393939,3948.0
28,all,R16,IF (PointsAjust IS Low) AND (TeamExp IS Low) AND (Length IS High),High,0.0001612736150215105,0.0003534005163395301,3436.8116397367303,1.2145710080446674,6096.196825560826,0.6273584905660378,1.0,0.3939393939393939,3948.0
28,all,R17,IF (PointsAjust IS Medium) AND (TeamExp IS High) AND (Length IS High),High,0.02282269142509302,0.050011596334650674,3436.8116397367303,171.88043640474223,6096.196825560826,0.6273584905660378,1.0,0.3939393939393939,3948.0
28,all,R18,IF (PointsAjust IS High) AND (TeamExp IS Medium) AND (Length IS Medium),Very_High,0.03991474335863601,0.08746558394329021,12828.77762209867,1122.0765259954742,6096.196825560826,0.6273584905660378,1.0,0.3939393939393939,3948.0
28,all,R19,IF (PointsAjust IS Medium) AND (TeamExp IS Low) AND (Length IS High),Very_High,0.0050924307926992,0.011159095499429228,12828.77762209867,143.15755462593967,6096.196825560826,0.6273584905660378,1.0,0.3939393939393939,3948.0
28,all,R20,IF (PointsAjust IS High) AND (TeamExp IS Low) AND (Length IS High),Very_High,0.1103827560722104,0.2418828584309748,12828.77762209867,3103.06140140855,6096.196825560826,0.6273584905660378,1.0,0.3939393939393939,3948.0
29,all,R1,IF (PointsAjust IS Low) AND (TeamExp IS High) AND (Length IS Low),Very_Low,0.5151664090605382,0.11768658799598684,-4346.109103618739,-511.47875146318626,3059.6719315306036,0.2012578616352201,1.0,0.1515151515151515,3927.0
29,all,R2,IF (PointsAjust IS Low) AND (TeamExp IS Medium) AND (Length IS Low),Low,0.11494916335676937,0.026259427226866815,14501.798121626913,380.8089124335758,3059.6719315306036,0.2012578616352201,1.0,0.1515151515151515,3927.0
29,all,R3,IF (PointsAjust IS Low) AND (TeamExp IS High) AND (Length IS Medium),Low,0.3567884517762754,0.08150612071639614,14501.798121626913,1181.9853083061298,3059.6719315306036,0.2012578616352201,1.0,0.1515151515151515,3927.0
29,all,R4,IF (PointsAjust IS Medium) AND (TeamExp IS High) AND (Length IS Low),Low,0.525050293156677,0.11994450034229759,14501.798121626913,1739.4109297634097,3059.6719315306036,0.2012578616352201,1.0,0.1515151515151515,3927.0
29,all,R5,IF (PointsAjust IS Low) AND (TeamExp IS Low) AND (Length IS Low),Medium,0.11494916335676937,0.026259427226866815,-532.5484144878742,-13.984416335027637,3059.6719315306036,0.2012578616352201,1.0,0.1515151515151515,3927.0
29,all,R6,IF (PointsAjust IS Medium) AND (TeamExp IS Medium) AND (Length IS Low),Medium,0.11715455599802932,0.02676323557030025,-532.5484144878742,-14.252718669528877,3059.6719315306036,0.2012578616352201,1.0,0.1515151515151515,3927.0
29,all,R7,IF (PointsAjust IS Low) AND (TeamExp IS Medium) AND (Length IS Medium),Medium,0.07961026438395064,0.01818647376852672,-532.5484144878742,-9.685177770554219,3059.6719315306036,0.2012578616352201,1.0,0.1515151515151515,3927.0
29,all,R8,IF (PointsAjust IS Medium) AND (TeamExp IS High) AND (Length IS Medium),Medium,0.3636337267052607,0.08306988154419515,-532.5484144878742,-44.23873370805665,3059.6719315306036,0.2012578616352201,1.0,0.1515151515151515,3927.0
29,all,R9,IF (PointsAjust IS Low) AND (TeamExp IS Low) AND (Length IS Medium),High,0.07961026438395064,0.01818647376852672,-2150.87036332128,-39.116747442043994,3059.6719315306036,0.2012578616352201,1.0,0.1515151515151515,3927.0
29,all,R10,IF (PointsAjust IS Medium) AND (TeamExp IS Low) AND (Length IS Low),High,0.11715455599802932,0.02676323557030025,-2150.87036332128,-57.5642502147447,3059.6719315306036,0.2012578616352201,1.0,0.1515151515151515,3927.0
29,all,R11,IF (PointsAjust IS Medium) AND (TeamExp IS Medium) AND (Length IS Medium),Medium,0.08113765167511515,0.018535395972467353,-532.5484144878742,-9.870995737042417,3059.6719315306036,0.2012578616352201,1.0,0.1515151515151515,3927.0
29,all,R12,IF (PointsAjust IS High) AND (TeamExp IS High) AND (Length IS Low),Medium,0.5235910741898612,0.11961115077151183,-532.5484144878742,-63.69872869843869,3059.6719315306036,0.2012578616352201,1.0,0.1515151515151515,3927.0
29,all,R13,IF (PointsAjust IS High) AND (TeamExp IS Medium) AND (Length IS Low),High,0.1168289602362721,0.02668885522718541,-2150.87036332128,-57.40426773912532,3059.6719315306036,0.2012578616352201,1.0,0.1515151515151515,3927.0
29,all,R14,IF (PointsAjust IS High) AND (TeamExp IS High) AND (Length IS Medium),High,0.36262311641154565,0.08283901385723194,-2150.87036332128,-178.175979832281,3059.6719315306036,0.2012578616352201,1.0,0.1515151515151515,3927.0
29,all,R15,IF (PointsAjust IS Medium) AND (TeamExp IS Low) AND (Length IS Medium),High,0.08113765167511515,0.018535395972467353,-2150.87036332128,-39.86723386960465,3059.6719315306036,0.2012578616352201,1.0,0.1515151515151515,3927.0
29,all,R16,IF (PointsAjust IS Low) AND (TeamExp IS Low) AND (Length IS High),High,0.09826716794710498,0.02244852828974801,-2150.87036332128,-48.28387419859833,3059.6719315306036,0.2012578616352201,1.0,0.1515151515151515,3927.0
29,all,R17,IF (PointsAjust IS Medium) AND (TeamExp IS High) AND (Length IS High),High,0.44885237814360684,0.10253755673615378,-2150.87036332128,-220.54499191116744,3059.6719315306036,0.2012578616352201,1.0,0.1515151515151515,3927.0
29,all,R18,IF (PointsAjust IS High) AND (TeamExp IS Medium) AND (Length IS Medium),Very_High,0.08091215403843087,0.018483882428502157,16604.153616382606,306.909223270005,3059.6719315306036,0.2012578616352201,1.0,0.1515151515151515,3927.0
29,all,R19,IF (PointsAjust IS Medium) AND (TeamExp IS Low) AND (Length IS High),Very_High,0.10015250301818654,0.022879221455766693,16604.153616382606,379.89010767478703,3059.6719315306036,0.2012578616352201,1.0,0.1515151515151515,3927.0
29,all,R20,IF (PointsAjust IS High) AND (TeamExp IS Low) AND (Length IS High),Very_High,0.09987415933590885,0.022815635558702408,16604.153616382606,378.8343176720962,3059.6719315306036,0.2012578616352201,1.0,0.1515151515151515,3927.0
30,all,R1,IF (PointsAjust IS Low) AND (TeamExp IS High) AND (Length IS Low),Very_Low,0.09705766427969646,0.011188683509582636,-3479.4240806269286,-38.93017483375524,2568.9397044842535,0.1666666666666666,0.4,0.2424242424242424,710.0
30,all,R2,IF (PointsAjust IS Low) AND (TeamExp IS Medium) AND (Length IS Low),Low,0.434982273194857,0.05014420059636826,10299.094191666107,516.4398451077965,2568.9397044842535,0.1666666666666666,0.4,0.2424242424242424,710.0
30,all,R3,IF (PointsAjust IS Low) AND (TeamExp IS High) AND (Length IS Medium),Low,0.12858051435556492,0.01482259738373607,10299.094191666107,152.6593266202414,2568.9397044842535,0.1666666666666666,0.4,0.2424242424242424,710.0
30,all,R4,IF (PointsAjust IS Medium) AND (TeamExp IS High) AND (Length IS Low),Low,0.07485723977750443,0.008629446942570259,10299.094191666107,88.87548688351619,2568.9397044842535,0.1666666666666666,0.4,0.2424242424242424,710.0
30,all,R5,IF (PointsAjust IS Low) AND (TeamExp IS Low) AND (Length IS Low),Medium,0.7171645261938546,0.08267381012548637,-2809.240569311708,-232.2506214240894,2568.9397044842535,0.1666666666666666,0.4,0.2424242424242424,710.0
30,all,R6,IF (PointsAjust IS Medium) AND (TeamExp IS Medium) AND (Length IS Low),Medium,0.3354868733465175,0.03867449804557936,-2809.240569311708,-108.6459689074079,2568.9397044842535,0.1666666666666666,0.4,0.2424242424242424,710.0
30,all,R7,IF (PointsAjust IS Low) AND (TeamExp IS Medium) AND (Length IS Medium),Medium,0.5762578858457821,0.06643027268871156,-2809.240569311708,-186.61861706756807,2568.9397044842535,0.1666666666666666,0.4,0.2424242424242424,710.0
30,all,R8,IF (PointsAjust IS Medium) AND (TeamExp IS High) AND (Length IS Medium),Medium,0.09916973033775003,0.011432159785776485,-2809.240569311708,-32.115687065057145,2568.9397044842535,0.1666666666666666,0.4,0.2424242424242424,710.0
30,all,R9,IF (PointsAjust IS Low) AND (TeamExp IS Low) AND (Length IS Medium),High,0.9500886338026269,0.1095250036002885,868.7129643164687,95.14579054437853,2568.9397044842535,0.1666666666666666,0.4,0.2424242424242424,710.0
30,all,R10,IF (PointsAjust IS Medium) AND (TeamExp IS Low) AND (Length IS Low),High,0.5531243441270831,0.06376346756139721,868.7129643164687,55.39215092035837,2568.9397044842535,0.1666666666666666,0.4,0.2424242424242424,710.0
30,all,R11,IF (PointsAjust IS Medium) AND (TeamExp IS Medium) AND (Length IS Medium),Medium,0.44444789656306766,0.05123538556227284,-2809.240569311708,-143.9325237058642,2568.9397044842535,0.1666666666666666,0.4,0.2424242424242424,710.0
30,all,R12,IF (PointsAjust IS High) AND (TeamExp IS High) AND (Length IS Low),Medium,0.08335816393909568,0.009609422616710868,-2809.240569311708,-26.99517986252564,2568.9397044842535,0.1666666666666666,0.4,0.2424242424242424,710.0
30,all,R13,IF (PointsAjust IS High) AND (TeamExp IS Medium) AND (Length IS Low),High,0.3735853722492938,0.04306644431357252,868.7129643164687,37.41237850221371,2568.9397044842535,0.1666666666666666,0.4,0.2424242424242424,710.0
30,all,R14,IF (PointsAjust IS High) AND (TeamExp IS High) AND (Length IS Medium),High,0.11043162510213608,0.012730416622803012,868.7129643164687,11.059077961378854,2568.9397044842535,0.1666666666666666,0.4,0.2424242424242424,710.0
30,all,R15,IF (PointsAjust IS Medium) AND (TeamExp IS Low) AND (Length IS Medium),High,0.7327707007814598,0.08447286998904145,868.7129643164687,73.38267729249986,2568.9397044842535,0.1666666666666666,0.4,0.2424242424242424,710.0
30,all,R16,IF (PointsAjust IS Low) AND (TeamExp IS Low) AND (Length IS High),High,0.9026684120809421,0.10405846103782589,868.7129643164687,90.3969341503795,2568.9397044842535,0.1666666666666666,0.4,0.2424242424242424,710.0
30,all,R17,IF (PointsAjust IS Medium) AND (TeamExp IS High) AND (Length IS High),High,0.09422003361116785,0.010861565072281712,868.7129643164687,9.435582391058066,2568.9397044842535,0.1666666666666666,0.4,0.2424242424242424,710.0
30,all,R18,IF (PointsAjust IS High) AND (TeamExp IS Medium) AND (Length IS Medium),Very_High,0.4949202072399141,0.05705376903926629,9741.55909687836,555.7926627956614,2568.9397044842535,0.1666666666666666,0.4,0.2424242424242424,710.0
30,all,R19,IF (PointsAjust IS Medium) AND (TeamExp IS Low) AND (Length IS High),Very_High,0.6961971139960507,0.08025671364127532,9741.55909687836,781.8255188577272,2568.9397044842535,0.1666666666666666,0.4,0.2424242424242424,710.0
30,all,R20,IF (PointsAjust IS High) AND (TeamExp IS Low) AND (Length IS High),Very_High,0.7752585232223317,0.08937081186545341,9741.55909687836,870.6110453233122,2568.9397044842535,0.1666666666666666,0.4,0.2424242424242424,710.0
31,all,R1,IF (PointsAjust IS Low) AND (TeamExp IS High) AND (Length IS Low),Very_Low,0.1596817592744133,0.03896983219337566,-3899.707061232486,-151.9709297795521,3679.840298582215,0.3223270440251572,1.0,0.2424242424242424,2429.0
31,all,R2,IF (PointsAjust IS Low) AND (TeamExp IS Medium) AND (Length IS Low),Low,0.035629816519682854,0.008695344898265345,16465.04991123396,143.1692877453325,3679.840298582215,0.3223270440251572,1.0,0.2424242424242424,2429.0
31,all,R3,IF (PointsAjust IS Low) AND (TeamExp IS High) AND (Length IS Medium),Low,0.2115439609337544,0.051626639740005545,16465.04991123396,850.0352000684859,3679.840298582215,0.3223270440251572,1.0,0.2424242424242424,2429.0
31,all,R4,IF (PointsAjust IS Medium) AND (TeamExp IS High) AND (Length IS Low),Low,0.43169951054599404,0.10535491066972154,16465.04991123396,1734.6738625705605,3679.840298582215,0.3223270440251572,1.0,0.2424242424242424,2429.0
31,all,R5,IF (PointsAjust IS Low) AND (TeamExp IS Low) AND (Length IS Low),Medium,0.035629816519682854,0.008695344898265345,-577.5872516433842,-5.022320361880403,3679.840298582215,0.3223270440251572,1.0,0.2424242424242424,2429.0
31,all,R6,IF (PointsAjust IS Medium) AND (TeamExp IS Medium) AND (Length IS Low),Medium,0.0963251809241264,0.02350785809015848,-577.5872516433842,-13.577839146317332,3679.840298582215,0.3223270440251572,1.0,0.2424242424242424,2429.0
31,all,R7,IF (PointsAjust IS Low) AND (TeamExp IS Medium) AND (Length IS Medium),Medium,0.0472018378815818,0.011519460393112727,-577.5872516433842,-6.6534934688727985,3679.840298582215,0.3223270440251572,1.0,0.2424242424242424,2429.0
31,all,R8,IF (PointsAjust IS Medium) AND (TeamExp IS High) AND (Length IS Medium),Medium,0.5719089319220441,0.13957257991248823,-577.5872516433842,-80.61534283643068,3679.840298582215,0.3223270440251572,1.0,0.2424242424242424,2429.0
31,all,R9,IF (PointsAjust IS Low) AND (TeamExp IS Low) AND (Length IS Medium),High,0.0472018378815818,0.011519460393112727,-350.6240750504828,-4.039000145415821,3679.840298582215,0.3223270440251572,1.0,0.2424242424242424,2429.0
31,all,R10,IF (PointsAjust IS Medium) AND (TeamExp IS Low) AND (Length IS Low),High,0.0963251809241264,0.02350785809015848,-350.6240750504828,-8.242420999279826,3679.840298582215,0.3223270440251572,1.0,0.2424242424242424,2429.0
31,all,R11,IF (PointsAjust IS Medium) AND (TeamExp IS Medium) AND (Length IS Medium),Medium,0.1276101315700831,0.03114285210820301,-577.5872516433842,-17.98771435751335,3679.840298582215,0.3223270440251572,1.0,0.2424242424242424,2429.0
31,all,R12,IF (PointsAjust IS High) AND (TeamExp IS High) AND (Length IS Low),Medium,0.4480132087723513,0.10933621752169571,-577.5872516433842,-63.151205383439454,3679.840298582215,0.3223270440251572,1.0,0.2424242424242424,2429.0
31,all,R13,IF (PointsAjust IS High) AND (TeamExp IS Medium) AND (Length IS Low),High,0.09996525902198666,0.024396207725639524,-350.6240750504828,-8.553897768541802,3679.840298582215,0.3223270440251572,1.0,0.2424242424242424,2429.0
31,all,R14,IF (PointsAjust IS High) AND (TeamExp IS High) AND (Length IS Medium),High,0.5935210706908243,0.14484695454980642,-350.6240750504828,-50.7868294629052,3679.840298582215,0.3223270440251572,1.0,0.2424242424242424,2429.0
31,all,R15,IF (PointsAjust IS Medium) AND (TeamExp IS Low) AND (Length IS Medium),High,0.1276101315700831,0.03114285210820301,-350.6240750504828,-10.91943371487266,3679.840298582215,0.3223270440251572,1.0,0.2424242424242424,2429.0
31,all,R16,IF (PointsAjust IS Low) AND (TeamExp IS Low) AND (Length IS High),High,0.04484592966588513,0.010944508387035944,-350.6240750504828,-3.8374081300867293,3679.840298582215,0.3223270440251572,1.0,0.2424242424242424,2429.0
31,all,R17,IF (PointsAjust IS Medium) AND (TeamExp IS High) AND (Length IS High),High,0.5433641757893344,0.1326063217653639,-350.6240750504828,-46.49496891482743,3679.840298582215,0.3223270440251572,1.0,0.2424242424242424,2429.0
31,all,R18,IF (PointsAjust IS High) AND (TeamExp IS Medium) AND (Length IS Medium),Very_High,0.13243245155471114,0.03231972416571064,15373.512717444231,496.86769048584216,3679.840298582215,0.3223270440251572,1.0,0.2424242424242424,2429.0
31,all,R19,IF (PointsAjust IS Medium) AND (TeamExp IS Low) AND (Length IS High),Very_High,0.12124093556279372,0.029588469812199855,15373.512717444231,454.8787169475692,3679.840298582215,0.3223270440251572,1.0,0.2424242424242424,2429.0
31,all,R20,IF (PointsAjust IS High) AND (TeamExp IS Low) AND (Length IS High),Very_High,0.12582256696874808,0.030706602577477767,15373.512717444231,472.06834523436027,3679.840298582215,0.3223270440251572,1.0,0.2424242424242424,2429.0
32,all,R1,IF (PointsAjust IS Low) AND (TeamExp IS High) AND (Length IS Low),Very_Low,0.033229700005095765,0.005733475626501227,-2732.789629192495,-15.668382731330494,3620.1215677132354,0.35062893081761,0.4,0.1212121212121212,6405.0
32,all,R2,IF (PointsAjust IS Low) AND (TeamExp IS Medium) AND (Length IS Low),Low,0.14892518332345048,0.025695655050340247,12615.540206984811,324.1645694323797,3620.1215677132354,0.35062893081761,0.4,0.1212121212121212,6405.0
32,all,R3,IF (PointsAjust IS Low) AND (TeamExp IS High) AND (Length IS Medium),Low,0.017843384619882035,0.0030787100333945876,12615.540206984811,38.83959021193697,3620.1215677132354,0.35062893081761,0.4,0.1212121212121212,6405.0
32,all,R4,IF (PointsAjust IS Medium) AND (TeamExp IS High) AND (Length IS Low),Low,0.11284779601544725,0.019470837469484536,12615.540206984811,245.63513295994855,3620.1215677132354,0.35062893081761,0.4,0.1212121212121212,6405.0
32,all,R5,IF (PointsAjust IS Low) AND (TeamExp IS Low) AND (Length IS Low),Medium,0.2455361174882887,0.04236497304606912,-2158.1640162775125,-91.4305603785931,3620.1215677132354,0.35062893081761,0.4,0.1212121212121212,6405.0
32,all,R6,IF (PointsAjust IS Medium) AND (TeamExp IS Medium) AND (Length IS Low),Medium,0.5057487340141695,0.08726223947731773,-2158.1640162775125,-188.32622521973815,3620.1215677132354,0.35062893081761,0.4,0.1212121212121212,6405.0
32,all,R7,IF (PointsAjust IS Low) AND (TeamExp IS Medium) AND (Length IS Medium),Medium,0.07996850182876367,0.013797821107404665,-2158.1640162775125,-29.777961017035086,3620.1215677132354,0.35062893081761,0.4,0.1212121212121212,6405.0
32,all,R8,IF (PointsAjust IS Medium) AND (TeamExp IS High) AND (Length IS Medium),Medium,0.06059599176341748,0.010455274702628841,-2158.1640162775125,-22.564197643510134,3620.1215677132354,0.35062893081761,0.4,0.1212121212121212,6405.0
32,all,R9,IF (PointsAjust IS Low) AND (TeamExp IS Low) AND (Length IS Medium),High,0.1318457699511047,0.022748761149093258,1101.1238156272186,25.049202677281798,3620.1215677132354,0.35062893081761,0.4,0.1212121212121212,6405.0
32,all,R10,IF (PointsAjust IS Medium) AND (TeamExp IS Low) AND (Length IS Low),High,0.8338386953988225,0.14387111035518213,1101.1238156272186,158.4199059928228,3620.1215677132354,0.35062893081761,0.4,0.1212121212121212,6405.0
32,all,R11,IF (PointsAjust IS Medium) AND (TeamExp IS Medium) AND (Length IS Medium),Medium,0.27157239399240357,0.04685729036215375,-2158.1640162775125,-101.1257179598673,3620.1215677132354,0.35062893081761,0.4,0.1212121212121212,6405.0
32,all,R12,IF (PointsAjust IS High) AND (TeamExp IS High) AND (Length IS Low),Medium,0.13006515637208235,0.022441532839659946,-2158.1640162775125,-48.432508644664196,3620.1215677132354,0.35062893081761,0.4,0.1212121212121212,6405.0
32,all,R13,IF (PointsAjust IS High) AND (TeamExp IS Medium) AND (Length IS Low),High,0.582911589744573,0.10057597244913678,1101.1238156272186,110.74659854361151,3620.1215677132354,0.35062893081761,0.4,0.1212121212121212,6405.0
32,all,R14,IF (PointsAjust IS High) AND (TeamExp IS High) AND (Length IS Medium),High,0.06984121464943324,0.012050451910681097,1101.1238156272186,13.269039587921476,3620.1215677132354,0.35062893081761,0.4,0.1212121212121212,6405.0
32,all,R15,IF (PointsAjust IS Medium) AND (TeamExp IS Low) AND (Length IS Medium),High,0.4477471825102313,0.07725461130745497,1101.1238156272186,85.06689237766248,3620.1215677132354,0.35062893081761,0.4,0.1212121212121212,6405.0
32,all,R16,IF (PointsAjust IS Low) AND (TeamExp IS Low) AND (Length IS High),High,0.20641610413887168,0.03561517864488915,1101.1238156272186,39.21672140370538,3620.1215677132354,0.35062893081761,0.4,0.1212121212121212,6405.0
32,all,R17,IF (PointsAjust IS Medium) AND (TeamExp IS High) AND (Length IS High),High,0.09486833404571422,0.01636864855519214,1101.1238156272186,18.023908753754128,3620.1215677132354,0.35062893081761,0.4,0.1212121212121212,6405.0
32,all,R18,IF (PointsAjust IS High) AND (TeamExp IS Medium) AND (Length IS Medium),Very_High,0.3130066083534998,0.05400637862073394,9731.010039124061,525.536612535097,3620.1215677132354,0.35062893081761,0.4,0.1212121212121212,6405.0
32,all,R19,IF (PointsAjust IS Medium) AND (TeamExp IS Low) AND (Length IS High),Very_High,0.700987442275875,0.12094886243799485,9731.010039124061,1176.954594604763,3620.1215677132354,0.35062893081761,0.4,0.1212121212121212,6405.0
32,all,R20,IF (PointsAjust IS High) AND (TeamExp IS Low) AND (Length IS High),Very_High,0.8079381655092077,0.1394022148546871,9731.010039124061,1356.5243522270894,3620.1215677132354,0.35062893081761,0.4,0.1212121212121212,6405.0
33,all,R1,IF (PointsAjust IS Low) AND (TeamExp IS High) AND (Length IS Low),Very_Low,0.412408961929181,0.05707015994869315,-3699.889969245456,-211.15331233740355,2756.195352289422,0.1855345911949685,0.6,0.0606060606060606,651.0
33,all,R2,IF (PointsAjust IS Low) AND (TeamExp IS Medium) AND (Length IS Low),Low,0.6799474277600002,0.09409278662966894,11415.332421124014,1074.100437807564,2756.195352289422,0.1855345911949685,0.6,0.0606060606060606,651.0
33,all,R3,IF (PointsAjust IS Low) AND (TeamExp IS High) AND (Length IS Medium),Low,0.1256974373004705,0.017394318538379697,11415.332421124014,198.56192835452424,2756.195352289422,0.1855345911949685,0.6,0.0606060606060606,651.0
33,all,R4,IF (PointsAjust IS Medium) AND (TeamExp IS High) AND (Length IS Low),Low,0.37030451740088116,0.05124364402493498,11415.332421124014,584.9632310143782,2756.195352289422,0.1855345911949685,0.6,0.0606060606060606,651.0
33,all,R5,IF (PointsAjust IS Low) AND (TeamExp IS Low) AND (Length IS Low),Medium,0.5444593374245066,0.07534361359904648,-1617.4349302939786,-121.86339240967021,2756.195352289422,0.1855345911949685,0.6,0.0606060606060606,651.0
33,all,R6,IF (PointsAjust IS Medium) AND (TeamExp IS Medium) AND (Length IS Low),Medium,0.6105289344751786,0.08448648589209584,-1617.4349302939786,-136.65139341966525,2756.195352289422,0.1855345911949685,0.6,0.0606060606060606,651.0
33,all,R7,IF (PointsAjust IS Low) AND (TeamExp IS Medium) AND (Length IS Medium),Medium,0.20724003854978146,0.02867838296356018,-1617.4349302939786,-46.38541834960998,2756.195352289422,0.1855345911949685,0.6,0.0606060606060606,651.0
33,all,R8,IF (PointsAjust IS Medium) AND (TeamExp IS High) AND (Length IS Medium),Medium,0.11286449411851336,0.015618464501210278,-1617.4349302939786,-25.261850041814025,2756.195352289422,0.1855345911949685,0.6,0.0606060606060606,651.0
33,all,R9,IF (PointsAjust IS Low) AND (TeamExp IS Low) AND (Length IS Medium),High,0.1659448502487312,0.02296385389409481,-1544.199563587625,-35.460773161551195,2756.195352289422,0.1855345911949685,0.6,0.0606060606060606,651.0
33,all,R10,IF (PointsAjust IS Medium) AND (TeamExp IS Low) AND (Length IS Low),High,0.48887335339722066,0.06765148929480437,-1544.199563587625,-104.4674002450898,2756.195352289422,0.1855345911949685,0.6,0.0606060606060606,651.0
33,all,R11,IF (PointsAjust IS Medium) AND (TeamExp IS Medium) AND (Length IS Medium),Medium,0.18608209216000252,0.02575049463882026,-1617.4349302939786,-41.64974950117571,2756.195352289422,0.1855345911949685,0.6,0.0606060606060606,651.0
33,all,R12,IF (PointsAjust IS High) AND (TeamExp IS High) AND (Length IS Low),Medium,0.38567414024896074,0.05337052999314441,-1617.4349302939786,-86.32335945921422,2756.195352289422,0.1855345911949685,0.6,0.0606060606060606,651.0
33,all,R13,IF (PointsAjust IS High) AND (TeamExp IS Medium) AND (Length IS Low),High,0.6358691585874461,0.08799312802823636,-1544.199563587625,-135.8789498999126,2756.195352289422,0.1855345911949685,0.6,0.0606060606060606,651.0
33,all,R14,IF (PointsAjust IS High) AND (TeamExp IS High) AND (Length IS Medium),High,0.11754897574384261,0.016266714515913314,-1544.199563587625,-25.119053456477825,2756.195352289422,0.1855345911949685,0.6,0.0606060606060606,651.0
33,all,R15,IF (PointsAjust IS Medium) AND (TeamExp IS Low) AND (Length IS Medium),High,0.14900289120552657,0.020619384200912125,-1544.199563587625,-31.840444084494074,2756.195352289422,0.1855345911949685,0.6,0.0606060606060606,651.0
33,all,R16,IF (PointsAjust IS Low) AND (TeamExp IS Low) AND (Length IS High),High,0.5237650787727786,0.07247989151660407,-1544.199563587625,-111.92341684881842,2756.195352289422,0.1855345911949685,0.6,0.0606060606060606,651.0
33,all,R17,IF (PointsAjust IS Medium) AND (TeamExp IS High) AND (Length IS High),High,0.3562296784987754,0.049295933423211445,-1544.199563587625,-76.12275887876774,2756.195352289422,0.1855345911949685,0.6,0.0606060606060606,651.0
33,all,R18,IF (PointsAjust IS High) AND (TeamExp IS Medium) AND (Length IS Medium),Very_High,0.1938054966578868,0.026819278226792826,13080.295289856458,350.8040786672681,2756.195352289422,0.1855345911949685,0.6,0.0606060606060606,651.0
33,all,R19,IF (PointsAjust IS Medium) AND (TeamExp IS Low) AND (Length IS High),Very_High,0.47029185258028866,0.0650801358044523,13080.295289856458,851.267393826196,2756.195352289422,0.1855345911949685,0.6,0.0606060606060606,651.0
33,all,R20,IF (PointsAjust IS High) AND (TeamExp IS Low) AND (Length IS High),Very_High,0.48981148591724477,0.06778131036542417,13080.295289856458,886.5995547131565,2756.195352289422,0.1855345911949685,0.6,0.0606060606060606,651.0
34,all,R1,IF (PointsAjust IS Low) AND (TeamExp IS High) AND (Length IS Low),Very_Low,1.177524366933142e-05,1.1702089862663293e-05,-1930.6524085694532,-0.02259266797864707,5962.065183292414,0.5817610062893082,0.4,0.4848484848484848,9135.0
34,all,R2,IF (PointsAjust IS Low) AND (TeamExp IS Medium) AND (Length IS Low),Low,5.2772980853410126e-05,5.244512823761195e-05,16852.192922460235,0.8838154189034035,5962.065183292414,0.5817610062893082,0.4,0.4848484848484848,9135.0
34,all,R3,IF (PointsAjust IS Low) AND (TeamExp IS High) AND (Length IS Medium),Low,3.790202101176311e-05,3.766655436705602e-05,16852.192922460235,0.6347640409179651,5962.065183292414,0.5817610062893082,0.4,0.4848484848484848,9135.0
34,all,R4,IF (PointsAjust IS Medium) AND (TeamExp IS High) AND (Length IS Low),Low,0.00025749369949962567,0.00025589401758726606,16852.192922460235,4.31237535208404,5962.065183292414,0.5817610062893082,0.4,0.4848484848484848,9135.0
34,all,R5,IF (PointsAjust IS Low) AND (TeamExp IS Low) AND (Length IS Low),Medium,8.700793605126784e-05,8.646739846994672e-05,-2771.498369432737,-0.23964425386854807,5962.065183292414,0.5817610062893082,0.4,0.4848484848484848,9135.0
34,all,R6,IF (PointsAjust IS Medium) AND (TeamExp IS Medium) AND (Length IS Low),Medium,0.0011540066987283867,0.0011468374217857471,-2771.498369432737,-3.178458044483642,5962.065183292414,0.5817610062893082,0.4,0.4848484848484848,9135.0
34,all,R7,IF (PointsAjust IS Low) AND (TeamExp IS Medium) AND (Length IS Medium),Medium,0.00016986507331214244,0.0001688097850241295,-2771.498369432737,-0.4678560439386658,5962.065183292414,0.5817610062893082,0.4,0.4848484848484848,9135.0
34,all,R8,IF (PointsAjust IS Medium) AND (TeamExp IS High) AND (Length IS Medium),Medium,0.0008288178047856532,0.0008236687667566309,-2771.498369432737,-2.282796644018676,5962.065183292414,0.5817610062893082,0.4,0.4848484848484848,9135.0
34,all,R9,IF (PointsAjust IS Low) AND (TeamExp IS Low) AND (Length IS Medium),High,0.0002800601595187658,0.0002783202832715982,6372.498876404664,1.7735956924288874,5962.065183292414,0.5817610062893082,0.4,0.4848484848484848,9135.0
34,all,R10,IF (PointsAjust IS Medium) AND (TeamExp IS Low) AND (Length IS Low),High,0.001902635390723925,0.0018908152513330552,6372.498876404664,12.049218064608697,5962.065183292414,0.5817610062893082,0.4,0.4848484848484848,9135.0
34,all,R11,IF (PointsAjust IS Medium) AND (TeamExp IS Medium) AND (Length IS Medium),Medium,0.003714503697009451,0.003691427309552027,-2771.498369432737,-10.230784769302918,5962.065183292414,0.5817610062893082,0.4,0.4848484848484848,9135.0
34,all,R12,IF (PointsAjust IS High) AND (TeamExp IS High) AND (Length IS Low),Medium,0.0027119837084630103,0.0026951354854056206,-2771.498369432737,-7.469563603201986,5962.065183292414,0.5817610062893082,0.4,0.4848484848484848,9135.0
34,all,R13,IF (PointsAjust IS High) AND (TeamExp IS Medium) AND (Length IS Low),High,0.012154267745153569,0.012078759248022647,6372.498876404664,76.97187973638677,5962.065183292414,0.5817610062893082,0.4,0.4848484848484848,9135.0
34,all,R14,IF (PointsAjust IS High) AND (TeamExp IS High) AND (Length IS Medium),High,0.008729302457616191,0.008675071587982874,6372.498876404664,55.28188394715089,5962.065183292414,0.5817610062893082,0.4,0.4848484848484848,9135.0
34,all,R15,IF (PointsAjust IS Medium) AND (TeamExp IS Low) AND (Length IS Medium),High,0.006124181255353744,0.006086134724501771,6372.498876404664,38.783886693534946,5962.065183292414,0.5817610062893082,0.4,0.4848484848484848,9135.0
34,all,R16,IF (PointsAjust IS Low) AND (TeamExp IS Low) AND (Length IS High),High,0.00362659450300172,0.0036040642521987364,6372.498876404664,22.96689539762666,5962.065183292414,0.5817610062893082,0.4,0.4848484848484848,9135.0
34,all,R17,IF (PointsAjust IS Medium) AND (TeamExp IS High) AND (Length IS High),High,0.010732644371803966,0.010665967722601572,6372.498876404664,67.96886732804693,5962.065183292414,0.5817610062893082,0.4,0.4848484848484848,9135.0
34,all,R18,IF (PointsAjust IS High) AND (TeamExp IS Medium) AND (Length IS Medium),Very_High,0.0391220194159737,0.03887897352026313,6018.807496195512,234.00505726814652,5962.065183292414,0.5817610062893082,0.4,0.4848484848484848,9135.0
34,all,R19,IF (PointsAjust IS Medium) AND (TeamExp IS Low) AND (Length IS High),Very_High,0.0793041113531318,0.0788114338516866,6018.807496195512,474.350848852448,5962.065183292414,0.5817610062893082,0.4,0.4848484848484848,9135.0
34,all,R20,IF (PointsAjust IS High) AND (TeamExp IS Low) AND (Length IS High),Very_High,0.8352493999727655,0.8300604056010893,6018.807496195512,4995.973791526923,5962.065183292414,0.5817610062893082,0.4,0.4848484848484848,9135.0
35,all,R1,IF (PointsAjust IS Low) AND (TeamExp IS High) AND (Length IS Low),Very_Low,0.015165322415733838,0.003025863421130493,-2719.2102117826594,-8.22795871419765,5048.054386157383,0.4544025157232704,0.6,0.303030303030303,1435.0
35,all,R2,IF (PointsAjust IS Low) AND (TeamExp IS Medium) AND (Length IS Low),Low,0.02500338964384583,0.004988805384651304,15879.481069964064,79.21964066730517,5048.054386157383,0.4544025157232704,0.6,0.303030303030303,1435.0
35,all,R3,IF (PointsAjust IS Low) AND (TeamExp IS High) AND (Length IS Medium),Low,0.028134486327772282,0.005613537959679619,15879.481069964064,89.1400697662572,5048.054386157383,0.4544025157232704,0.6,0.303030303030303,1435.0
35,all,R4,IF (PointsAjust IS Medium) AND (TeamExp IS High) AND (Length IS Low),Low,0.11884105305075332,0.023711780435464104,15879.481069964064,376.5307685600965,5048.054386157383,0.4544025157232704,0.6,0.303030303030303,1435.0
35,all,R5,IF (PointsAjust IS Low) AND (TeamExp IS Low) AND (Length IS Low),Medium,0.02002114928753013,0.003994723067363073,-1829.9141429714427,-7.31000023822195,5048.054386157383,0.4544025157232704,0.6,0.303030303030303,1435.0
35,all,R6,IF (PointsAjust IS Medium) AND (TeamExp IS Medium) AND (Length IS Low),Medium,0.1959357719971794,0.039094116770120826,-1829.9141429714427,-71.53887718462116,5048.054386157383,0.4544025157232704,0.6,0.303030303030303,1435.0
35,all,R7,IF (PointsAjust IS Low) AND (TeamExp IS Medium) AND (Length IS Medium),Medium,0.0463859260488201,0.009255159438006387,-1829.9141429714427,-16.93614715106352,5048.054386157383,0.4544025157232704,0.6,0.303030303030303,1435.0
35,all,R8,IF (PointsAjust IS Medium) AND (TeamExp IS High) AND (Length IS Medium),Medium,0.22047219904573911,0.04398975136701186,-1829.9141429714427,-80.49746817229236,5048.054386157383,0.4544025157232704,0.6,0.303030303030303,1435.0
35,all,R9,IF (PointsAjust IS Low) AND (TeamExp IS Low) AND (Length IS Medium),High,0.03714294595622333,0.007410952331970221,2844.9668541873134,21.08391374241745,5048.054386157383,0.4544025157232704,0.6,0.303030303030303,1435.0
35,all,R10,IF (PointsAjust IS Medium) AND (TeamExp IS Low) AND (Length IS Low),High,0.1568931012075213,0.03130412153183299,2844.9668541873134,89.05918815751625,5048.054386157383,0.4544025157232704,0.6,0.303030303030303,1435.0
35,all,R11,IF (PointsAjust IS Medium) AND (TeamExp IS Medium) AND (Length IS Medium),Medium,0.3634972041647426,0.0725268387716025,-1829.9141429714427,-132.71788801316498,5048.054386157383,0.4544025157232704,0.6,0.303030303030303,1435.0
35,all,R12,IF (PointsAjust IS High) AND (TeamExp IS High) AND (Length IS Low),Medium,0.27432371131796096,0.05473448311026975,-1829.9141429714427,-100.15940475171418,5048.054386157383,0.4544025157232704,0.6,0.303030303030303,1435.0
35,all,R13,IF (PointsAjust IS High) AND (TeamExp IS Medium) AND (Length IS Low),High,0.45228333790732383,0.09024190654467867,2844.9668541873134,256.73523297828,5048.054386157383,0.4544025157232704,0.6,0.303030303030303,1435.0
35,all,R14,IF (PointsAjust IS High) AND (TeamExp IS High) AND (Length IS Medium),High,0.5089213729773154,0.10154261970229608,2844.9668541873134,288.88538734038,5048.054386157383,0.4544025157232704,0.6,0.303030303030303,1435.0
35,all,R15,IF (PointsAjust IS Medium) AND (TeamExp IS Low) AND (Length IS Medium),High,0.2910658072303968,0.058074952519739056,2844.9668541873134,165.2213149771596,5048.054386157383,0.4544025157232704,0.6,0.303030303030303,1435.0
35,all,R16,IF (PointsAjust IS Low) AND (TeamExp IS Low) AND (Length IS High),High,0.043174030955605416,0.008614305547225684,2844.9668541873134,24.507413753698977,5048.054386157383,0.4544025157232704,0.6,0.303030303030303,1435.0
35,all,R17,IF (PointsAjust IS Medium) AND (TeamExp IS High) AND (Length IS High),High,0.25627136731884015,0.051132586238236716,2844.9668541873134,145.47051301665783,5048.054386157383,0.4544025157232704,0.6,0.303030303030303,1435.0
35,all,R18,IF (PointsAjust IS High) AND (TeamExp IS Medium) AND (Length IS Medium),Very_High,0.8390694927416136,0.1674154769857895,10056.69634701659,1683.6466158370295,5048.054386157383,0.4544025157232704,0.6,0.303030303030303,1435.0
35,all,R19,IF (PointsAjust IS Medium) AND (TeamExp IS Low) AND (Length IS High),Very_High,0.3383276110164844,0.06750487160570588,10056.69634701659,678.8759956829263,5048.054386157383,0.4544025157232704,0.6,0.303030303030303,1435.0
35,all,R20,IF (PointsAjust IS High) AND (TeamExp IS Low) AND (Length IS High),Very_High,0.7809699048673411,0.1558231472672254,10056.69634701659,1567.0660759029338,5048.054386157383,0.4544025157232704,0.6,0.303030303030303,1435.0
36,all,R1,IF (PointsAjust IS Low) AND (TeamExp IS High) AND (Length IS Low),Very_Low,1.2549668255875852e-05,1.436873479711794e-05,-1615.2539595846938,-0.023209155775267123,4137.189512334194,0.4685534591194968,0.0,0.2121212121212121,5922.0
36,all,R2,IF (PointsAjust IS Low) AND (TeamExp IS Medium) AND (Length IS Low),Low,0.00041558793622498315,0.00047582714688115016,11905.711895859109,5.665060922995609,4137.189512334194,0.4685534591194968,0.0,0.2121212121212121,5922.0
36,all,R3,IF (PointsAjust IS Low) AND (TeamExp IS High) AND (Length IS Medium),Low,1.3651889062368197e-05,1.5630721818084705e-05,11905.711895859109,0.1860948706904356,4137.189512334194,0.4685534591194968,0.0,0.2121212121212121,5922.0
36,all,R4,IF (PointsAjust IS Medium) AND (TeamExp IS High) AND (Length IS Low),Low,0.00011022174843136604,0.00012619832172403652,11905.711895859109,1.5024808601873165,4137.189512334194,0.4685534591194968,0.0,0.2121212121212121,5922.0
36,all,R5,IF (PointsAjust IS Low) AND (TeamExp IS Low) AND (Length IS Low),Medium,0.015379724692545487,0.017609006138979366,-3518.776351194573,-61.96215436988065,4137.189512334194,0.4685534591194968,0.0,0.2121212121212121,5922.0
36,all,R6,IF (PointsAjust IS Medium) AND (TeamExp IS Medium) AND (Length IS Low),Medium,0.003650043014981975,0.004179114460319931,-3518.776351194573,-14.705369131909045,4137.189512334194,0.4685534591194968,0.0,0.2121212121212121,5922.0
36,all,R7,IF (PointsAjust IS Low) AND (TeamExp IS Medium) AND (Length IS Medium),Medium,0.0004520884763902515,0.0005176184174464683,-3518.776351194573,-1.821383446253393,4137.189512334194,0.4685534591194968,0.0,0.2121212121212121,5922.0
36,all,R8,IF (PointsAjust IS Medium) AND (TeamExp IS High) AND (Length IS Medium),Medium,0.00011990237918366776,0.00013728215383119368,-3518.776351194573,-0.4830651963422598,4137.189512334194,0.4685534591194968,0.0,0.2121212121212121,5922.0
36,all,R9,IF (PointsAjust IS Low) AND (TeamExp IS Low) AND (Length IS Medium),High,0.01673050562225737,0.01915558191710378,4481.311438057149,85.84212834775785,4137.189512334194,0.4685534591194968,0.0,0.2121212121212121,5922.0
36,all,R10,IF (PointsAjust IS Medium) AND (TeamExp IS Low) AND (Length IS Low),High,0.13507768583537821,0.15465711166255106,4481.311438057149,693.0666834702718,4137.189512334194,0.4685534591194968,0.0,0.2121212121212121,5922.0
36,all,R11,IF (PointsAjust IS Medium) AND (TeamExp IS Medium) AND (Length IS Medium),Medium,0.003970621477589662,0.004546160569982706,-3518.776351194573,-15.996922302388386,4137.189512334194,0.4685534591194968,0.0,0.2121212121212121,5922.0
36,all,R12,IF (PointsAjust IS High) AND (TeamExp IS High) AND (Length IS Low),Medium,0.0002904564402977935,0.0003325579191147028,-3518.776351194573,-1.1701969411832938,4137.189512334194,0.4685534591194968,0.0,0.2121212121212121,5922.0
36,all,R13,IF (PointsAjust IS High) AND (TeamExp IS Medium) AND (Length IS Low),High,0.009618596294774372,0.011012805793925636,4481.311438057149,49.35181256942099,4137.189512334194,0.4685534591194968,0.0,0.2121212121212121,5922.0
36,all,R14,IF (PointsAjust IS High) AND (TeamExp IS High) AND (Length IS Medium),High,0.00031596684625820874,0.0003617660424163208,4481.311438057149,1.621186303780926,4137.189512334194,0.4685534591194968,0.0,0.2121212121212121,5922.0
36,all,R15,IF (PointsAjust IS Medium) AND (TeamExp IS Low) AND (Length IS Medium),High,0.1469413807781414,0.16824044174513392,4481.311438057149,753.937815936256,4137.189512334194,0.4685534591194968,0.0,0.2121212121212121,5922.0
36,all,R16,IF (PointsAjust IS Low) AND (TeamExp IS Low) AND (Length IS High),High,0.016087620506128608,0.018419511006676048,4481.311438057149,82.54356535763692,4137.189512334194,0.4685534591194968,0.0,0.2121212121212121,5922.0
36,all,R17,IF (PointsAjust IS Medium) AND (TeamExp IS High) AND (Length IS High),High,0.0001152950196270588,0.00013200696039706566,4481.311438057149,0.5915643015305274,4137.189512334194,0.4685534591194968,0.0,0.2121212121212121,5922.0
36,all,R18,IF (PointsAjust IS High) AND (TeamExp IS Medium) AND (Length IS Medium),Very_High,0.010463384917803242,0.01198004599792393,4264.596080217572,51.090057203572606,4137.189512334194,0.4685534591194968,0.0,0.2121212121212121,5922.0
36,all,R19,IF (PointsAjust IS Medium) AND (TeamExp IS Low) AND (Length IS High),Very_High,0.14129502263580268,0.16177564753204177,4264.596080217572,689.9077923398049,4137.189512334194,0.4685534591194968,0.0,0.2121212121212121,5922.0
36,all,R20,IF (PointsAjust IS High) AND (TeamExp IS Low) AND (Length IS High),Very_High,0.372340757524334,0.42631131675693573,4264.596080217572,1818.04557039402,4137.189512334194,0.4685534591194968,0.0,0.2121212121212121,5922.0
37,all,R1,IF (PointsAjust IS Low) AND (TeamExp IS High) AND (Length IS Low),Very_Low,0.10758330557738856,0.016470464551473187,-3366.199183369753,-55.442864322889506,2504.7885784417276,0.1855345911949685,0.4,0.0909090909090909,847.0
37,all,R2,IF (PointsAjust IS Low) AND (TeamExp IS Medium) AND (Length IS Low),Low,0.4821549247570226,0.07381550096372795,10179.151189283995,751.3791444225253,2504.7885784417276,0.1855345911949685,0.4,0.0909090909090909,847.0
37,all,R3,IF (PointsAjust IS Low) AND (TeamExp IS High) AND (Length IS Medium),Low,0.04394141721273191,0.006727210608184795,10179.151189283995,68.47729386286817,2504.7885784417276,0.1855345911949685,0.4,0.0909090909090909,847.0
37,all,R4,IF (PointsAjust IS Medium) AND (TeamExp IS High) AND (Length IS Low),Low,0.09659970497699197,0.014788930382528731,10179.151189283995,150.53875829155555,2504.7885784417276,0.1855345911949685,0.4,0.0909090909090909,847.0
37,all,R5,IF (PointsAjust IS Low) AND (TeamExp IS Low) AND (Length IS Low),Medium,0.7949390802197227,0.12170118654628403,-2356.601594531882,-286.80121027139495,2504.7885784417276,0.1855345911949685,0.4,0.0909090909090909,847.0
37,all,R6,IF (PointsAjust IS Medium) AND (TeamExp IS Medium) AND (Length IS Low),Medium,0.4329298419932666,0.06627938765736957,-2356.601594531882,-156.19411063795386,2504.7885784417276,0.1855345911949685,0.4,0.0909090909090909,847.0
37,all,R7,IF (PointsAjust IS Low) AND (TeamExp IS Medium) AND (Length IS Medium),Medium,0.19693176925746558,0.030149266256564094,-2356.601594531882,-71.04980893418521,2504.7885784417276,0.1855345911949685,0.4,0.0909090909090909,847.0
37,all,R8,IF (PointsAjust IS Medium) AND (TeamExp IS High) AND (Length IS Medium),Medium,0.039455266002841244,0.006040403356088402,-2356.601594531882,-14.234824180573659,2504.7885784417276,0.1855345911949685,0.4,0.0909090909090909,847.0
37,all,R9,IF (PointsAjust IS Low) AND (TeamExp IS Low) AND (Length IS Medium),High,0.324685596851393,0.04970773657319883,-449.7806447876171,-22.357577806826388,2504.7885784417276,0.1855345911949685,0.4,0.0909090909090909,847.0
37,all,R10,IF (PointsAjust IS Medium) AND (TeamExp IS Low) AND (Length IS Low),High,0.7137806392151439,0.1092762362396847,-449.7806447876171,-49.15033599584936,2504.7885784417276,0.1855345911949685,0.4,0.0909090909090909,847.0
37,all,R11,IF (PointsAjust IS Medium) AND (TeamExp IS Medium) AND (Length IS Medium),Medium,0.17682623441221468,0.027071209701414765,-2356.601594531882,-63.796055948260985,2504.7885784417276,0.1855345911949685,0.4,0.0909090909090909,847.0
37,all,R12,IF (PointsAjust IS High) AND (TeamExp IS High) AND (Length IS Low),Medium,0.10060911064979619,0.015402750283785575,-2356.601594531882,-36.29814587894548,2504.7885784417276,0.1855345911949685,0.4,0.0909090909090909,847.0
37,all,R13,IF (PointsAjust IS High) AND (TeamExp IS Medium) AND (Length IS Low),High,0.4508987515756247,0.06903033759998835,-449.7806447876171,-31.04850975562965,2504.7885784417276,0.1855345911949685,0.4,0.0909090909090909,847.0
37,all,R14,IF (PointsAjust IS High) AND (TeamExp IS High) AND (Length IS Medium),High,0.04109287108011833,0.006291112480797373,-449.7806447876171,-2.829620628044468,2504.7885784417276,0.1855345911949685,0.4,0.0909090909090909,847.0
37,all,R15,IF (PointsAjust IS Medium) AND (TeamExp IS Low) AND (Length IS Medium),High,0.2915371738932252,0.04463287925830617,-449.7806447876171,-20.07500521152881,2504.7885784417276,0.1855345911949685,0.4,0.0909090909090909,847.0
37,all,R16,IF (PointsAjust IS Low) AND (TeamExp IS Low) AND (Length IS High),High,0.6951067862647666,0.10641736300272725,-449.7806447876171,-47.864470147964575,2504.7885784417276,0.1855345911949685,0.4,0.0909090909090909,847.0
37,all,R17,IF (PointsAjust IS Medium) AND (TeamExp IS High) AND (Length IS High),High,0.08446824687763732,0.012931664987022065,-449.7806447876171,-5.816412616040237,2504.7885784417276,0.1855345911949685,0.4,0.0909090909090909,847.0
37,all,R18,IF (PointsAjust IS High) AND (TeamExp IS Medium) AND (Length IS Medium),Very_High,0.18416547118857754,0.028194810045456983,10737.633466249144,302.74553591863645,2504.7885784417276,0.1855345911949685,0.4,0.0909090909090909,847.0
37,all,R19,IF (PointsAjust IS Medium) AND (TeamExp IS Low) AND (Length IS High),Very_High,0.6241406147571859,0.09555279804168333,10737.633466249144,1026.0109220461247,2504.7885784417276,0.1855345911949685,0.4,0.0909090909090909,847.0
37,all,R20,IF (PointsAjust IS High) AND (TeamExp IS Low) AND (Length IS High),Very_High,0.6500457965797494,0.09951875146371386,10737.633466249144,1068.595876236105,2504.7885784417276,0.1855345911949685,0.4,0.0909090909090909,847.0
38,all,R1,IF (PointsAjust IS Low) AND (TeamExp IS High) AND (Length IS Low),Very_Low,3.036849902967461e-06,6.5186005104321826e-06,-2050.1436390933386,-0.01336406737225313,8068.217163075212,0.7248427672955975,0.8,0.4545454545454545,8050.0
38,all,R2,IF (PointsAjust IS Low) AND (TeamExp IS Medium) AND (Length IS Low),Low,1.8419425750951005e-06,3.95373106799554e-06,21446.478800106066,0.08479360953108707,8068.217163075212,0.7248427672955975,0.8,0.4545454545454545,8050.0
38,all,R3,IF (PointsAjust IS Low) AND (TeamExp IS High) AND (Length IS Medium),Low,9.35415623875546e-06,2.0078703123598885e-05,21446.478800106066,0.4306174808738869,8068.217163075212,0.7248427672955975,0.8,0.4545454545454545,8050.0
38,all,R4,IF (PointsAjust IS Medium) AND (TeamExp IS High) AND (Length IS Low),Low,0.0002103411983178944,0.00045149753413237253,21446.478800106066,9.683032294070092,8068.217163075212,0.7248427672955975,0.8,0.4545454545454545,8050.0
38,all,R5,IF (PointsAjust IS Low) AND (TeamExp IS Low) AND (Length IS Low),Medium,1.2484863195354824e-06,2.679876786745095e-06,-1132.3952022271856,-0.003034679615870152,8068.217163075212,0.7248427672955975,0.8,0.4545454545454545,8050.0
38,all,R6,IF (PointsAjust IS Medium) AND (TeamExp IS Medium) AND (Length IS Low),Medium,0.00012757838578049833,0.0002738470972359351,-1132.3952022271856,-0.3101031390538145,8068.217163075212,0.7248427672955975,0.8,0.4545454545454545,8050.0
38,all,R7,IF (PointsAjust IS Low) AND (TeamExp IS Medium) AND (Length IS Medium),Medium,5.6735825545473936e-06,1.2178349051730542e-05,-1132.3952022271856,-0.013790704037227661,8068.217163075212,0.7248427672955975,0.8,0.4545454545454545,8050.0
38,all,R8,IF (PointsAjust IS Medium) AND (TeamExp IS High) AND (Length IS Medium),Medium,0.0006478965030803873,0.0013907103118794776,-1132.3952022271856,-1.5748336848601934,8068.217163075212,0.7248427672955975,0.8,0.4545454545454545,8050.0
38,all,R9,IF (PointsAjust IS Low) AND (TeamExp IS Low) AND (Length IS Medium),High,3.845608597076854e-06,8.254601631556556e-06,5566.773317279852,0.04595149610732376,8068.217163075212,0.7248427672955975,0.8,0.4545454545454545,8050.0
38,all,R10,IF (PointsAjust IS Medium) AND (TeamExp IS Low) AND (Length IS Low),High,8.647385182849611e-05,0.00018561618541550667,5566.773317279852,1.033283228226312,8068.217163075212,0.7248427672955975,0.8,0.4545454545454545,8050.0
38,all,R11,IF (PointsAjust IS Medium) AND (TeamExp IS Medium) AND (Length IS Medium),Medium,0.00039296909343885546,0.0008435084429334216,-1132.3952022271856,-0.9551849138159303,8068.217163075212,0.7248427672955975,0.8,0.4545454545454545,8050.0
38,all,R12,IF (PointsAjust IS High) AND (TeamExp IS High) AND (Length IS Low),Medium,0.029241967681361863,0.06276790475140227,-1132.3952022271856,-71.0780741943409,8068.217163075212,0.7248427672955975,0.8,0.4545454545454545,8050.0
38,all,R13,IF (PointsAjust IS High) AND (TeamExp IS Medium) AND (Length IS Low),High,0.017736149949071914,0.03807065867764776,5566.773317279852,211.93072689799817,8068.217163075212,0.7248427672955975,0.8,0.4545454545454545,8050.0
38,all,R14,IF (PointsAjust IS High) AND (TeamExp IS High) AND (Length IS Medium),High,0.09007160154764733,0.1933387577865514,5566.773317279852,1076.2730380422065,8068.217163075212,0.7248427672955975,0.8,0.4545454545454545,8050.0
38,all,R15,IF (PointsAjust IS Medium) AND (TeamExp IS Low) AND (Length IS Medium),High,0.000266358215392975,0.000571738101748737,5566.773317279852,3.1827364092871018,8068.217163075212,0.7248427672955975,0.8,0.4545454545454545,8050.0
38,all,R16,IF (PointsAjust IS Low) AND (TeamExp IS Low) AND (Length IS High),High,2.760872575101018e-05,5.9262149768106414e-05,5566.773317279852,0.32989895405373715,8068.217163075212,0.7248427672955975,0.8,0.4545454545454545,8050.0
38,all,R17,IF (PointsAjust IS Medium) AND (TeamExp IS High) AND (Length IS High),High,0.0046514345953412315,0.009984307718931128,5566.773317279852,55.580377801257065,8068.217163075212,0.7248427672955975,0.8,0.4545454545454545,8050.0
38,all,R18,IF (PointsAjust IS High) AND (TeamExp IS Medium) AND (Length IS Medium),Very_High,0.05463118790806799,0.11726588430829807,9802.756503487224,1149.5289100403493,8068.217163075212,0.7248427672955975,0.8,0.4545454545454545,8050.0
38,all,R19,IF (PointsAjust IS Medium) AND (TeamExp IS Low) AND (Length IS High),Very_High,0.0019122619306351058,0.004104671615458366,9802.756503487224,40.237096373113914,8068.217163075212,0.7248427672955975,0.8,0.4545454545454545,8050.0
38,all,R20,IF (PointsAjust IS High) AND (TeamExp IS Low) AND (Length IS High),Very_High,0.2658456927178838,0.5706379714564255,9802.756503487224,5593.825085831232,8068.217163075212,0.7248427672955975,0.8,0.4545454545454545,8050.0
39,all,R1,IF (PointsAjust IS Low) AND (TeamExp IS High) AND (Length IS Low),Very_Low,0.00010762845320484622,5.451004343246492e-05,-1671.30357826107,-0.09110283063984495,6067.467007029058,0.6320754716981132,0.4,0.2424242424242424,4620.0
39,all,R2,IF (PointsAjust IS Low) AND (TeamExp IS Medium) AND (Length IS Low),Low,0.0004823572623855512,0.00024429706587493125,16947.795527778027,4.140296720484454,6067.467007029058,0.6320754716981132,0.4,0.2424242424242424,4620.0
39,all,R3,IF (PointsAjust IS Low) AND (TeamExp IS High) AND (Length IS Medium),Low,0.00014258453441134318,7.221407473697801e-05,16947.795527778027,1.223869372869984,6067.467007029058,0.6320754716981132,0.4,0.2424242424242424,4620.0
39,all,R4,IF (PointsAjust IS Medium) AND (TeamExp IS High) AND (Length IS Low),Low,0.003530170236107762,0.0017879076318971425,16947.795527778027,30.301092967946595,6067.467007029058,0.6320754716981132,0.4,0.2424242424242424,4620.0
39,all,R5,IF (PointsAjust IS Low) AND (TeamExp IS Low) AND (Length IS Low),Medium,0.0007952726785717409,0.0004027777688776295,-2012.8369336482156,-0.8107259692493174,6067.467007029058,0.6320754716981132,0.4,0.2424242424242424,4620.0
39,all,R6,IF (PointsAjust IS Medium) AND (TeamExp IS Medium) AND (Length IS Low),Medium,0.015821125363596904,0.008012846092647437,-2012.8369336482156,-16.12855255891955,6067.467007029058,0.6320754716981132,0.4,0.2424242424242424,4620.0
39,all,R7,IF (PointsAjust IS Low) AND (TeamExp IS Medium) AND (Length IS Medium),Medium,0.0006390195494705586,0.00032364102947329056,-2012.8369336482156,-0.6514366173677699,6067.467007029058,0.6320754716981132,0.4,0.2424242424242424,4620.0
39,all,R8,IF (PointsAjust IS Medium) AND (TeamExp IS High) AND (Length IS Medium),Medium,0.004676715724513844,0.0023685927807523535,-2012.8369336482156,-4.767591029870867,6067.467007029058,0.6320754716981132,0.4,0.2424242424242424,4620.0
39,all,R9,IF (PointsAjust IS Low) AND (TeamExp IS Low) AND (Length IS Medium),High,0.0010535651236053224,0.0005335938493639011,4416.319096754359,2.356520706856465,6067.467007029058,0.6320754716981132,0.4,0.2424242424242424,4620.0
39,all,R10,IF (PointsAjust IS Medium) AND (TeamExp IS Low) AND (Length IS Low),High,0.02608462591337551,0.013210949791794237,4416.319096754359,58.34376985176391,6067.467007029058,0.6320754716981132,0.4,0.2424242424242424,4620.0
39,all,R11,IF (PointsAjust IS Medium) AND (TeamExp IS Medium) AND (Length IS Medium),Medium,0.020959585747631862,0.01061529637757947,-2012.8369336482156,-21.36686061041407,6067.467007029058,0.6320754716981132,0.4,0.2424242424242424,4620.0
39,all,R12,IF (PointsAjust IS High) AND (TeamExp IS High) AND (Length IS Low),Medium,0.0828950490116491,0.041983440135120696,-2012.8369336482156,-84.50581890557977,6067.467007029058,0.6320754716981132,0.4,0.2424242424242424,4620.0
39,all,R13,IF (PointsAjust IS High) AND (TeamExp IS Medium) AND (Length IS Low),High,0.37150983514064606,0.1881567247887629,4416.319096754359,830.9601368673679,6067.467007029058,0.6320754716981132,0.4,0.2424242424242424,4620.0
39,all,R14,IF (PointsAjust IS High) AND (TeamExp IS High) AND (Length IS Medium),High,0.10981809750471504,0.05561902161001364,4416.319096754359,245.63134727909662,6067.467007029058,0.6320754716981132,0.4,0.2424242424242424,4620.0
39,all,R15,IF (PointsAjust IS Medium) AND (TeamExp IS Low) AND (Length IS Medium),High,0.03455651484718389,0.017501664932501285,4416.319096754359,77.2929370664015,6067.467007029058,0.6320754716981132,0.4,0.2424242424242424,4620.0
39,all,R16,IF (PointsAjust IS Low) AND (TeamExp IS Low) AND (Length IS High),High,0.0010009802489082764,0.0005069614513476334,4416.319096754359,2.238903538904859,6067.467007029058,0.6320754716981132,0.4,0.2424242424242424,4620.0
39,all,R17,IF (PointsAjust IS Medium) AND (TeamExp IS High) AND (Length IS High),High,0.00444329445338662,0.0022503730790997684,4416.319096754359,9.938365604050214,6067.467007029058,0.6320754716981132,0.4,0.2424242424242424,4620.0
39,all,R18,IF (PointsAjust IS High) AND (TeamExp IS Medium) AND (Length IS Medium),Very_High,0.49217056731220143,0.24926716125249485,7516.299024603927,1873.5665209879169,6067.467007029058,0.6320754716981132,0.4,0.2424242424242424,4620.0
39,all,R19,IF (PointsAjust IS Medium) AND (TeamExp IS Low) AND (Length IS High),Very_High,0.032831751980141134,0.01662813292499149,7516.299024603927,124.98201928509798,6067.467007029058,0.6320754716981132,0.4,0.2424242424242424,4620.0
39,all,R20,IF (PointsAjust IS High) AND (TeamExp IS Low) AND (Length IS High),Very_High,0.7709514010669448,0.3904598933192379,7516.299024603927,2934.8133153023414,6067.467007029058,0.6320754716981132,0.4,0.2424242424242424,4620.0
40,all,R1,IF (PointsAjust IS Low) AND (TeamExp IS High) AND (Length IS Low),Very_Low,2.0497674540699948e-20,4.1746179437901697e-19,-783.1999214239504,-3.2695604455514745e-16,2451.138902906041,1.0,0.6,1.0,2352.0
40,all,R2,IF (PointsAjust IS Low) AND (TeamExp IS Medium) AND (Length IS Low),Low,3.379495201514049e-20,6.882781400973286e-19,25465.36643965223,1.7527255049980767e-14,2451.138902906041,1.0,0.6,1.0,2352.0
40,all,R3,IF (PointsAjust IS Low) AND (TeamExp IS High) AND (Length IS Medium),Low,7.464118659832277e-21,1.5201648182111697e-19,25465.36643965223,3.871155414441475e-15,2451.138902906041,1.0,0.6,1.0,2352.0
40,all,R4,IF (PointsAjust IS Medium) AND (TeamExp IS High) AND (Length IS Low),Low,1.3034624304488697e-17,2.654670723941734e-16,25465.36643965223,6.760216276179312e-12,2451.138902906041,1.0,0.6,1.0,2352.0
40,all,R5,IF (PointsAjust IS Low) AND (TeamExp IS Low) AND (Length IS Low),Medium,2.7060882108301753e-20,5.511300503859461e-19,-2829.913081472641,-1.5596501391798645e-15,2451.138902906041,1.0,0.6,1.0,2352.0
40,all,R6,IF (PointsAjust IS Medium) AND (TeamExp IS Medium) AND (Length IS Low),Medium,2.1490462346395382e-17,4.376812089267645e-16,-2829.913081472641,-1.238599778656611e-12,2451.138902906041,1.0,0.6,1.0,2352.0
40,all,R7,IF (PointsAjust IS Low) AND (TeamExp IS Medium) AND (Length IS Medium),Medium,1.2306251201495211e-20,2.5063280707547493e-19,-2829.913081472641,-7.092690593890951e-16,2451.138902906041,1.0,0.6,1.0,2352.0
40,all,R8,IF (PointsAjust IS Medium) AND (TeamExp IS High) AND (Length IS Medium),Medium,4.74648879324606e-18,9.666841595586835e-17,-2829.913081472641,-2.735632148787504e-13,2451.138902906041,1.0,0.6,1.0,2352.0
40,all,R9,IF (PointsAjust IS Low) AND (TeamExp IS Low) AND (Length IS Medium),High,9.854075626727126e-21,2.0069106302336523e-19,13730.467140074623,2.7555820461489614e-15,2451.138902906041,1.0,0.6,1.0,2352.0
40,all,R10,IF (PointsAjust IS Medium) AND (TeamExp IS Low) AND (Length IS Low),High,1.7208217006734096e-17,3.5046771454150637e-16,13730.467140074623,4.812085438169207e-12,2451.138902906041,1.0,0.6,1.0,2352.0
40,all,R11,IF (PointsAjust IS Medium) AND (TeamExp IS Medium) AND (Length IS Medium),Medium,7.825637034564564e-18,1.5937927359132785e-16,-2829.913081472641,-4.510294912517057e-13,2451.138902906041,1.0,0.6,1.0,2352.0
40,all,R12,IF (PointsAjust IS High) AND (TeamExp IS High) AND (Length IS Low),Medium,3.4922812832871825e-12,7.112484921655604e-11,-2829.913081472641,-2.0127714121570103e-07,2451.138902906041,1.0,0.6,1.0,2352.0
40,all,R13,IF (PointsAjust IS High) AND (TeamExp IS Medium) AND (Length IS Low),High,5.757798435023519e-12,1.172650517786753e-10,13730.467140074623,1.6101039401262504e-06,2451.138902906041,1.0,0.6,1.0,2352.0
40,all,R14,IF (PointsAjust IS High) AND (TeamExp IS High) AND (Length IS Medium),High,1.2716955691831736e-12,2.5899733804482806e-11,13730.467140074623,3.5561544393913104e-07,2451.138902906041,1.0,0.6,1.0,2352.0
40,all,R15,IF (PointsAjust IS Medium) AND (TeamExp IS Low) AND (Length IS Medium),High,6.266280275226821e-18,1.2762094561428729e-16,13730.467140074623,1.7522952001422221e-12,2451.138902906041,1.0,0.6,1.0,2352.0
40,all,R16,IF (PointsAjust IS Low) AND (TeamExp IS Low) AND (Length IS High),High,2.881909794629639e-10,5.869384020688381e-09,13730.467140074623,8.058938442854089e-05,2451.138902906041,1.0,0.6,1.0,2352.0
40,all,R17,IF (PointsAjust IS Medium) AND (TeamExp IS High) AND (Length IS High),High,1.388151772070262e-07,2.8271515799912547e-06,13730.467140074623,0.03881811186907998,2451.138902906041,1.0,0.6,1.0,2352.0
40,all,R18,IF (PointsAjust IS High) AND (TeamExp IS Medium) AND (Length IS Medium),Very_High,2.096671534767405e-12,4.270144202892196e-11,2451.106947002949,1.046658012041343e-07,2451.138902906041,1.0,0.6,1.0,2352.0
40,all,R19,IF (PointsAjust IS Medium) AND (TeamExp IS Low) AND (Length IS High),Very_High,1.8326279587392051e-07,3.732385127714585e-06,2451.106947002949,0.009148475115431707,2451.138902906041,1.0,0.6,1.0,2352.0
40,all,R20,IF (PointsAjust IS High) AND (TeamExp IS Low) AND (Length IS High),Very_High,0.049100397295914026,0.9999934343369158,2451.106947002949,2451.0908538605513,2451.138902906041,1.0,0.6,1.0,2352.0
41,all,R1,IF (PointsAjust IS Low) AND (TeamExp IS High) AND (Length IS Low),Very_Low,0.07611622142110813,0.012488023091531637,-3866.1365666358133,-48.28040271916288,2305.189776343474,0.0691823899371069,0.4,0.2727272727272727,2174.0
41,all,R2,IF (PointsAjust IS Low) AND (TeamExp IS Medium) AND (Length IS Low),Low,0.3411292376184125,0.055967436599446724,8984.357793384857,502.83147518801206,2305.189776343474,0.0691823899371069,0.4,0.2727272727272727,2174.0
41,all,R3,IF (PointsAjust IS Low) AND (TeamExp IS High) AND (Length IS Medium),Low,0.12047533882124711,0.01976581056009452,8984.357793384857,177.58311414815392,2305.189776343474,0.0691823899371069,0.4,0.2727272727272727,2174.0
41,all,R4,IF (PointsAjust IS Medium) AND (TeamExp IS High) AND (Length IS Low),Low,0.026763443601349902,0.004390949727437172,8984.357793384857,39.44986340406127,2305.189776343474,0.0691823899371069,0.4,0.2727272727272727,2174.0
41,all,R5,IF (PointsAjust IS Low) AND (TeamExp IS Low) AND (Length IS Low),Medium,0.5624270301191948,0.09227470318806863,-3060.1253125296466,-282.3721549319689,2305.189776343474,0.0691823899371069,0.4,0.2727272727272727,2174.0
41,all,R6,IF (PointsAjust IS Medium) AND (TeamExp IS Medium) AND (Length IS Low),Medium,0.11994543267277909,0.01967887140185908,-3060.1253125296466,-60.219812498844746,2305.189776343474,0.0691823899371069,0.4,0.2727272727272727,2174.0
41,all,R7,IF (PointsAjust IS Low) AND (TeamExp IS Medium) AND (Length IS Medium),Medium,0.5399330092404586,0.08858421715354836,-3060.1253125296466,-271.07880520219624,2305.189776343474,0.0691823899371069,0.4,0.2727272727272727,2174.0
41,all,R8,IF (PointsAjust IS Medium) AND (TeamExp IS High) AND (Length IS Medium),Medium,0.04236068049223753,0.006949913517558773,-3060.1253125296466,-21.267606274973556,2305.189776343474,0.0691823899371069,0.4,0.2727272727272727,2174.0
41,all,R9,IF (PointsAjust IS Low) AND (TeamExp IS Low) AND (Length IS Medium),High,0.8901990370878726,0.14605068306937427,418.09639730857566,61.06326441576197,2305.189776343474,0.0691823899371069,0.4,0.2727272727272727,2174.0
41,all,R10,IF (PointsAjust IS Medium) AND (TeamExp IS Low) AND (Length IS Low),High,0.19775658617094094,0.032444973863617506,418.09639730857566,13.565126683149378,2305.189776343474,0.0691823899371069,0.4,0.2727272727272727,2174.0
41,all,R11,IF (PointsAjust IS Medium) AND (TeamExp IS Medium) AND (Length IS Medium),Medium,0.18984739877414386,0.031147351451437932,-3060.1253125296466,-95.31479859480224,2305.189776343474,0.0691823899371069,0.4,0.2727272727272727,2174.0
41,all,R12,IF (PointsAjust IS High) AND (TeamExp IS High) AND (Length IS Low),Medium,0.05441721786816369,0.008927971733579556,-3060.1253125296466,-27.320712291475992,2305.189776343474,0.0691823899371069,0.4,0.2727272727272727,2174.0
41,all,R13,IF (PointsAjust IS High) AND (TeamExp IS Medium) AND (Length IS Low),High,0.24388105055795453,0.040012393338670696,418.09639730857566,16.72903750259187,2305.189776343474,0.0691823899371069,0.4,0.2727272727272727,2174.0
41,all,R14,IF (PointsAjust IS High) AND (TeamExp IS High) AND (Length IS Medium),High,0.08613055979363932,0.014131027519598268,418.09639730857566,5.908131696212374,2305.189776343474,0.0691823899371069,0.4,0.2727272727272727,2174.0
41,all,R15,IF (PointsAjust IS Medium) AND (TeamExp IS Low) AND (Length IS Medium),High,0.3130054445460203,0.051353300863958215,418.09639730857566,21.470630081124295,2305.189776343474,0.0691823899371069,0.4,0.2727272727272727,2174.0
41,all,R16,IF (PointsAjust IS Low) AND (TeamExp IS Low) AND (Length IS High),High,0.9009604864507867,0.14781626241150847,418.09639730857566,61.80144677787072,2305.189776343474,0.0691823899371069,0.4,0.2727272727272727,2174.0
41,all,R17,IF (PointsAjust IS Medium) AND (TeamExp IS High) AND (Length IS High),High,0.04287277082159474,0.007033929719868435,418.09639730857566,2.9408606747987114,2305.189776343474,0.0691823899371069,0.4,0.2727272727272727,2174.0
41,all,R18,IF (PointsAjust IS High) AND (TeamExp IS Medium) AND (Length IS Medium),Very_High,0.3860103884492526,0.06333087158722998,9990.403345664865,632.7009513889344,2305.189776343474,0.0691823899371069,0.4,0.2727272727272727,2174.0
41,all,R19,IF (PointsAjust IS Medium) AND (TeamExp IS Low) AND (Length IS High),Very_High,0.3167893087173606,0.051974101296043414,9990.403345664865,519.2422354759167,2305.189776343474,0.0691823899371069,0.4,0.2727272727272727,2174.0
41,all,R20,IF (PointsAjust IS High) AND (TeamExp IS Low) AND (Length IS High),Very_High,0.6441171430535975,0.10567720790556825,9990.403345664865,1055.7579314203106,2305.189776343474,0.0691823899371069,0.4,0.2727272727272727,2174.0
42,all,R1,IF (PointsAjust IS Low) AND (TeamExp IS High) AND (Length IS Low),Very_Low,0.0010666845418506419,0.0005419687945678801,-3037.7681664629263,-1.6463755513545915,7181.286849803344,0.3867924528301887,0.6,0.5151515151515151,6699.0
42,all,R2,IF (PointsAjust IS Low) AND (TeamExp IS Medium) AND (Length IS Low),Low,0.0017586654932761749,0.0008935554796597723,15458.901357737761,13.81338601772647,7181.286849803344,0.3867924528301887,0.6,0.5151515151515151,6699.0
42,all,R3,IF (PointsAjust IS Low) AND (TeamExp IS High) AND (Length IS Medium),Low,0.0035199008795773353,0.001788416689149006,15458.901357737761,27.64695718408644,7181.286849803344,0.3867924528301887,0.6,0.5151515151515151,6699.0
42,all,R4,IF (PointsAjust IS Medium) AND (TeamExp IS High) AND (Length IS Low),Low,0.004847907243860068,0.0024631597647166692,15458.901357737761,38.07774383110354,7181.286849803344,0.3867924528301887,0.6,0.5151515151515151,6699.0
42,all,R5,IF (PointsAjust IS Low) AND (TeamExp IS Low) AND (Length IS Low),Medium,0.0014082292396853716,0.0007155032941448488,-2534.101191630711,-1.8131577503081606,7181.286849803344,0.3867924528301887,0.6,0.5151515151515151,6699.0
42,all,R6,IF (PointsAjust IS Medium) AND (TeamExp IS Medium) AND (Length IS Low),Medium,0.007992847791333328,0.004061063897221095,-2534.101191630711,-10.291146861236438,7181.286849803344,0.3867924528301887,0.6,0.5151515151515151,6699.0
42,all,R7,IF (PointsAjust IS Low) AND (TeamExp IS Medium) AND (Length IS Medium),Medium,0.005803335450915244,0.002948600636275066,-2534.101191630711,-7.472052386027718,7181.286849803344,0.3867924528301887,0.6,0.5151515151515151,6699.0
42,all,R8,IF (PointsAjust IS Medium) AND (TeamExp IS High) AND (Length IS Medium),Medium,0.01599737532726121,0.008128062123524892,-2534.101191630711,-20.59733191287288,7181.286849803344,0.3867924528301887,0.6,0.5151515151515151,6699.0
42,all,R9,IF (PointsAjust IS Low) AND (TeamExp IS Low) AND (Length IS Medium),High,0.004646947757220917,0.0023610548157297446,4376.8468235888695,10.333975270545936,7181.286849803344,0.3867924528301887,0.6,0.5151515151515151,6699.0
42,all,R10,IF (PointsAjust IS Medium) AND (TeamExp IS Low) AND (Length IS Low),High,0.006400172182341595,0.0032518457581400314,4376.8468235888695,14.232830777316135,7181.286849803344,0.3867924528301887,0.6,0.5151515151515151,6699.0
42,all,R11,IF (PointsAjust IS Medium) AND (TeamExp IS Medium) AND (Length IS Medium),Medium,0.026375212977428984,0.013400908912627543,-2534.101191630711,-33.959259244424075,7181.286849803344,0.3867924528301887,0.6,0.5151515151515151,6699.0
42,all,R12,IF (PointsAjust IS High) AND (TeamExp IS High) AND (Length IS Low),Medium,0.006734840639795758,0.003421886527786548,-2534.101191630711,-8.671406727688968,7181.286849803344,0.3867924528301887,0.6,0.5151515151515151,6699.0
42,all,R13,IF (PointsAjust IS High) AND (TeamExp IS Medium) AND (Length IS Low),High,0.011103875017606927,0.005641737104283887,4376.8468235888695,24.693019124408398,7181.286849803344,0.3867924528301887,0.6,0.5151515151515151,6699.0
42,all,R14,IF (PointsAjust IS High) AND (TeamExp IS High) AND (Length IS Medium),High,0.02222397584453755,0.011291718335087875,4376.8468235888695,49.422121527789564,7181.286849803344,0.3867924528301887,0.6,0.5151515151515151,6699.0
42,all,R15,IF (PointsAjust IS Medium) AND (TeamExp IS Low) AND (Length IS Medium),High,0.02111961954092418,0.010730608999422086,4376.8468235888695,46.966231914294696,7181.286849803344,0.3867924528301887,0.6,0.5151515151515151,6699.0
42,all,R16,IF (PointsAjust IS Low) AND (TeamExp IS Low) AND (Length IS High),High,0.11701861875085923,0.05945566590509539,4376.8468235888695,260.22834246107783,7181.286849803344,0.3867924528301887,0.6,0.5151515151515151,6699.0
42,all,R17,IF (PointsAjust IS Medium) AND (TeamExp IS High) AND (Length IS High),High,0.40284308372657834,0.20467942669208739,4376.8468235888695,895.8504985712535,7181.286849803344,0.3867924528301887,0.6,0.5151515151515151,6699.0
42,all,R18,IF (PointsAjust IS High) AND (TeamExp IS Medium) AND (Length IS Medium),Very_High,0.03664114169441491,0.018616896201814018,8859.157817375835,164.93002152157516,7181.286849803344,0.3867924528301887,0.6,0.5151515151515151,6699.0
42,all,R19,IF (PointsAjust IS Medium) AND (TeamExp IS Low) AND (Length IS High),Very_High,0.5318305340063914,0.270216303059724,8859.157817375835,2393.888873633952,7181.286849803344,0.3867924528301887,0.6,0.5151515151515151,6699.0
42,all,R20,IF (PointsAjust IS High) AND (TeamExp IS Low) AND (Length IS High),Very_High,0.7388330085000923,0.37539161700894236,8859.157817375835,3325.653578402127,7181.286849803344,0.3867924528301887,0.6,0.5151515151515151,6699.0
43,all,R1,IF (PointsAjust IS Low) AND (TeamExp IS High) AND (Length IS Low),Very_Low,0.23517208526430547,0.020420568030731785,-3375.177799067629,-68.9230478616761,3370.687317898347,0.2814465408805031,0.6,0.2424242424242424,4004.0
43,all,R2,IF (PointsAjust IS Low) AND (TeamExp IS Medium) AND (Length IS Low),Low,0.3877332192501647,0.03366782487204653,13252.885918384029,446.19584214936503,3370.687317898347,0.2814465408805031,0.6,0.2424242424242424,4004.0
43,all,R3,IF (PointsAjust IS Low) AND (TeamExp IS High) AND (Length IS Medium),Low,0.3115523942366371,0.027052857291699393,13252.885918384029,358.5284314532156,3370.687317898347,0.2814465408805031,0.6,0.2424242424242424,4004.0
43,all,R4,IF (PointsAjust IS Medium) AND (TeamExp IS High) AND (Length IS Low),Low,0.4573552224731446,0.039713273895695934,13252.885918384029,526.3154883851967,3370.687317898347,0.2814465408805031,0.6,0.2424242424242424,4004.0
43,all,R5,IF (PointsAjust IS Low) AND (TeamExp IS Low) AND (Length IS Low),Medium,0.31047249100695024,0.02695908664990046,-1957.7340171614346,-52.77872100611283,3370.687317898347,0.2814465408805031,0.6,0.2424242424242424,4004.0
43,all,R6,IF (PointsAjust IS Medium) AND (TeamExp IS Medium) AND (Length IS Low),Medium,0.7540512835572629,0.06547611940097404,-1957.7340171614346,-128.18482626301068,3370.687317898347,0.2814465408805031,0.6,0.2424242424242424,4004.0
43,all,R7,IF (PointsAjust IS Low) AND (TeamExp IS Medium) AND (Length IS Medium),Medium,0.5136630593154957,0.04460262125003986,-1957.7340171614346,-87.3200688757705,3370.687317898347,0.2814465408805031,0.6,0.2424242424242424,4004.0
43,all,R8,IF (PointsAjust IS Medium) AND (TeamExp IS High) AND (Length IS Medium),Medium,0.6058972280574715,0.05261153997624289,-1957.7340171614346,-102.9994015067394,3370.687317898347,0.2814465408805031,0.6,0.2424242424242424,4004.0
43,all,R9,IF (PointsAjust IS Low) AND (TeamExp IS Low) AND (Length IS Medium),High,0.41130922409059245,0.03571498710303896,941.6735186407134,33.631857573526396,3370.687317898347,0.2814465408805031,0.6,0.2424242424242424,4004.0
43,all,R10,IF (PointsAjust IS Medium) AND (TeamExp IS Low) AND (Length IS Low),High,0.6037970664617284,0.05242917780220679,941.6735186407134,49.37116834044365,3370.687317898347,0.2814465408805031,0.6,0.2424242424242424,4004.0
43,all,R11,IF (PointsAjust IS Medium) AND (TeamExp IS Medium) AND (Length IS Medium),Medium,0.9989556477566,0.08674176504312178,-1957.7340171614346,-169.8173041335441,3370.687317898347,0.2814465408805031,0.6,0.2424242424242424,4004.0
43,all,R12,IF (PointsAjust IS High) AND (TeamExp IS High) AND (Length IS Low),Medium,0.4348371304403375,0.03775797282430636,-1957.7340171614346,-73.92006781720157,3370.687317898347,0.2814465408805031,0.6,0.2424242424242424,4004.0
43,all,R13,IF (PointsAjust IS High) AND (TeamExp IS Medium) AND (Length IS Low),High,0.7169252262471907,0.06225237293395129,941.6735186407134,58.62141106444782,3370.687317898347,0.2814465408805031,0.6,0.2424242424242424,4004.0
43,all,R14,IF (PointsAjust IS High) AND (TeamExp IS High) AND (Length IS Medium),High,0.5760656029367548,0.05002118691813977,941.6735186407134,47.1036270917895,3370.687317898347,0.2814465408805031,0.6,0.2424242424242424,4004.0
43,all,R15,IF (PointsAjust IS Medium) AND (TeamExp IS Low) AND (Length IS Medium),High,0.7999011510136976,0.06945737566504931,941.6735186407134,65.40617133805684,3370.687317898347,0.2814465408805031,0.6,0.2424242424242424,4004.0
43,all,R16,IF (PointsAjust IS Low) AND (TeamExp IS Low) AND (Length IS High),High,0.3907802187866495,0.033932403303004725,941.6735186407134,31.953245614276224,3370.687317898347,0.2814465408805031,0.6,0.2424242424242424,4004.0
43,all,R17,IF (PointsAjust IS Medium) AND (TeamExp IS High) AND (Length IS High),High,0.5756560696299218,0.0499856261382809,941.6735186407134,47.07014044709419,3370.687317898347,0.2814465408805031,0.6,0.2424242424242424,4004.0
43,all,R18,IF (PointsAjust IS High) AND (TeamExp IS Medium) AND (Length IS Medium),Very_High,0.9497716128805219,0.08247099485760402,11318.16614982269,933.420422339535,3370.687317898347,0.2814465408805031,0.6,0.2424242424242424,4004.0
43,all,R19,IF (PointsAjust IS Medium) AND (TeamExp IS Low) AND (Length IS High),Very_High,0.7599769917437527,0.06599066315312252,11318.16614982269,746.8932899040227,3370.687317898347,0.2814465408805031,0.6,0.2424242424242424,4004.0
43,all,R20,IF (PointsAjust IS High) AND (TeamExp IS Low) AND (Length IS High),Very_High,0.722559179500652,0.06274158289084293,11318.16614982269,710.1196596614328,3370.687317898347,0.2814465408805031,0.6,0.2424242424242424,4004.0
44,all,R1,IF (PointsAjust IS Low) AND (TeamExp IS High) AND (Length IS Low),Very_Low,0.4894837172388022,0.05481038064315829,-4210.168355197838,-230.76093012017313,2362.703571221049,0.0644654088050314,0.6,0.2121212121212121,2331.0
44,all,R2,IF (PointsAjust IS Low) AND (TeamExp IS Medium) AND (Length IS Low),Low,0.8070222162729803,0.09036704042154566,10075.256549022088,910.4711158229215,2362.703571221049,0.0644654088050314,0.6,0.2121212121212121,2331.0
44,all,R3,IF (PointsAjust IS Low) AND (TeamExp IS High) AND (Length IS Medium),Low,0.5324744263619072,0.059624304065266955,10075.256549022088,600.7301600144651,2362.703571221049,0.0644654088050314,0.6,0.2121212121212121,2331.0
44,all,R4,IF (PointsAjust IS Medium) AND (TeamExp IS High) AND (Length IS Low),Low,0.16568999531214182,0.018553286640566716,10075.256549022088,186.9291227312538,2362.703571221049,0.0644654088050314,0.6,0.2121212121212121,2331.0
44,all,R5,IF (PointsAjust IS Low) AND (TeamExp IS Low) AND (Length IS Low),Medium,0.6462128735545929,0.07236026925642669,-2244.959838580991,-162.4458983895847,2362.703571221049,0.0644654088050314,0.6,0.2121212121212121,2331.0
44,all,R6,IF (PointsAjust IS Medium) AND (TeamExp IS Medium) AND (Length IS Low),Medium,0.2731766196133328,0.030589198325698876,-2244.959838580991,-68.67152173558287,2362.703571221049,0.0644654088050314,0.6,0.2121212121212121,2331.0
44,all,R7,IF (PointsAjust IS Low) AND (TeamExp IS Medium) AND (Length IS Medium),Medium,0.8779019128467256,0.09830385836309775,-2244.959838580991,-220.68821400270852,2362.703571221049,0.0644654088050314,0.6,0.2121212121212121,2331.0
44,all,R8,IF (PointsAjust IS Medium) AND (TeamExp IS High) AND (Length IS Medium),Medium,0.18024232901029788,0.02018279732938308,-2244.959838580991,-45.30956943468469,2362.703571221049,0.0644654088050314,0.6,0.2121212121212121,2331.0
44,all,R9,IF (PointsAjust IS Low) AND (TeamExp IS Low) AND (Length IS Medium),High,0.7029688977085851,0.07871557624236865,-1004.7410849175353,-79.08877347366645,2362.703571221049,0.0644654088050314,0.6,0.2121212121212121,2331.0
44,all,R10,IF (PointsAjust IS Medium) AND (TeamExp IS Low) AND (Length IS Low),High,0.2187427369267729,0.024493915224627294,-1004.7410849175353,-24.610042956670164,2362.703571221049,0.0644654088050314,0.6,0.2121212121212121,2331.0
44,all,R11,IF (PointsAjust IS Medium) AND (TeamExp IS Medium) AND (Length IS Medium),Medium,0.29716936171980896,0.03327580725918363,-2244.959838580991,-74.70285089322905,2362.703571221049,0.0644654088050314,0.6,0.2121212121212121,2331.0
44,all,R12,IF (PointsAjust IS High) AND (TeamExp IS High) AND (Length IS Low),Medium,0.35065215633330654,0.03926459141560435,-2244.959838580991,-88.1474308063237,2362.703571221049,0.0644654088050314,0.6,0.2121212121212121,2331.0
44,all,R13,IF (PointsAjust IS High) AND (TeamExp IS Medium) AND (Length IS Low),High,0.5781276687635892,0.06473636705225655,-1004.7410849175353,-65.04328766570403,2362.703571221049,0.0644654088050314,0.6,0.2121212121212121,2331.0
44,all,R14,IF (PointsAjust IS High) AND (TeamExp IS High) AND (Length IS Medium),High,0.3814494726186208,0.042713148678975556,-1004.7410849175353,-42.91565534395789,2362.703571221049,0.0644654088050314,0.6,0.2121212121212121,2331.0
44,all,R15,IF (PointsAjust IS Medium) AND (TeamExp IS Low) AND (Length IS Medium),High,0.2379546229299654,0.026645183484678973,-1004.7410849175353,-26.771510562223146,2362.703571221049,0.0644654088050314,0.6,0.2121212121212121,2331.0
44,all,R16,IF (PointsAjust IS Low) AND (TeamExp IS Low) AND (Length IS High),High,0.6759566691697731,0.07569085759271854,-1004.7410849175353,-76.0497143760467,2362.703571221049,0.0644654088050314,0.6,0.2121212121212121,2331.0
44,all,R17,IF (PointsAjust IS Medium) AND (TeamExp IS High) AND (Length IS High),High,0.17331635120464506,0.019407254718904993,-1004.7410849175353,-19.49926616154356,2362.703571221049,0.0644654088050314,0.6,0.2121212121212121,2331.0
44,all,R18,IF (PointsAjust IS High) AND (TeamExp IS Medium) AND (Length IS Medium),Very_High,0.6289038592036663,0.0704220767656041,12572.876003924313,885.4080391127796,2362.703571221049,0.0644654088050314,0.6,0.2121212121212121,2331.0
44,all,R19,IF (PointsAjust IS Medium) AND (TeamExp IS Low) AND (Length IS High),Very_High,0.22881099697808774,0.02562131772320243,12572.876003924313,322.1336507909725,2362.703571221049,0.0644654088050314,0.6,0.2121212121212121,2331.0
44,all,R20,IF (PointsAjust IS High) AND (TeamExp IS Low) AND (Length IS High),Very_High,0.48423605379425494,0.05422276879673092,12572.876003924313,681.7361486707542,2362.703571221049,0.0644654088050314,0.6,0.2121212121212121,2331.0
45,all,R1,IF (PointsAjust IS Low) AND (TeamExp IS High) AND (Length IS Low),Very_Low,0.6326501121339475,0.06109397794169055,-4016.1703732131764,-245.3638241911569,3218.8131463670215,0.2044025157232704,0.8,0.2424242424242424,5817.0
45,all,R2,IF (PointsAjust IS Low) AND (TeamExp IS Medium) AND (Length IS Low),Low,0.38372168987987465,0.03705537074544264,13466.334526839608,499.00001847419657,3218.8131463670215,0.2044025157232704,0.8,0.2424242424242424,5817.0
45,all,R3,IF (PointsAjust IS Low) AND (TeamExp IS High) AND (Length IS Medium),Low,0.8381252261631614,0.08093637082726915,13466.334526839608,1089.9162449483485,3218.8131463670215,0.2044025157232704,0.8,0.2424242424242424,5817.0
45,all,R4,IF (PointsAjust IS Medium) AND (TeamExp IS High) AND (Length IS Low),Low,0.6613349085295259,0.06386402142171496,13466.334526839608,860.0142766940645,3218.8131463670215,0.2044025157232704,0.8,0.2424242424242424,5817.0
45,all,R5,IF (PointsAjust IS Low) AND (TeamExp IS Low) AND (Length IS Low),Medium,0.2600902366890161,0.025116485207803983,-1434.4749094400327,-36.02896784391654,3218.8131463670215,0.2044025157232704,0.8,0.2424242424242424,5817.0
45,all,R6,IF (PointsAjust IS Medium) AND (TeamExp IS Medium) AND (Length IS Low),Medium,0.4011198983614074,0.03873548704481452,-1434.4749094400327,-55.56508427072587,3218.8131463670215,0.2044025157232704,0.8,0.2424242424242424,5817.0
45,all,R7,IF (PointsAjust IS Low) AND (TeamExp IS Medium) AND (Length IS Medium),Medium,0.5083486463465423,0.049090390392609894,-1434.4749094400327,-70.41893331281493,3218.8131463670215,0.2044025157232704,0.8,0.2424242424242424,5817.0
45,all,R8,IF (PointsAjust IS Medium) AND (TeamExp IS High) AND (Length IS Medium),Medium,0.8761264072352644,0.08460608221062176,-1434.4749094400327,-121.3653021171576,3218.8131463670215,0.2044025157232704,0.8,0.2424242424242424,5817.0
45,all,R9,IF (PointsAjust IS Low) AND (TeamExp IS Low) AND (Length IS Medium),High,0.3445635814597917,0.03327393679613772,-447.5549410803892,-14.891914822308012,3218.8131463670215,0.2044025157232704,0.8,0.2424242424242424,5817.0
45,all,R10,IF (PointsAjust IS Medium) AND (TeamExp IS Low) AND (Length IS Low),High,0.2718829090379346,0.026255284127681314,-447.5549410803892,-11.750682140813288,3218.8131463670215,0.2044025157232704,0.8,0.2424242424242424,5817.0
45,all,R11,IF (PointsAjust IS Medium) AND (TeamExp IS Medium) AND (Length IS Medium),Medium,0.5313975277720642,0.0513161828589097,-1434.4749094400327,-73.61177675934265,3218.8131463670215,0.2044025157232704,0.8,0.2424242424242424,5817.0
45,all,R12,IF (PointsAjust IS High) AND (TeamExp IS High) AND (Length IS Low),Medium,0.6546683430413821,0.06322024218724094,-1434.4749094400327,-90.68785118631938,3218.8131463670215,0.2044025157232704,0.8,0.2424242424242424,5817.0
45,all,R13,IF (PointsAjust IS High) AND (TeamExp IS Medium) AND (Length IS Low),High,0.397076421997866,0.038345015201019704,-447.5549410803892,-17.161501019019003,3218.8131463670215,0.2044025157232704,0.8,0.2424242424242424,5817.0
45,all,R14,IF (PointsAjust IS High) AND (TeamExp IS High) AND (Length IS Medium),High,0.8672946428835036,0.08375321329280444,-447.5549410803892,-37.48416444055436,3218.8131463670215,0.2044025157232704,0.8,0.2424242424242424,5817.0
45,all,R15,IF (PointsAjust IS Medium) AND (TeamExp IS Low) AND (Length IS Medium),High,0.3601863340523223,0.034782600248448106,-447.5549410803892,-15.567124604816923,3218.8131463670215,0.2044025157232704,0.8,0.2424242424242424,5817.0
45,all,R16,IF (PointsAjust IS Low) AND (TeamExp IS Low) AND (Length IS High),High,0.3273659423672736,0.03161318915187744,-447.5549410803892,-14.148639008231708,3218.8131463670215,0.2044025157232704,0.8,0.2424242424242424,5817.0
45,all,R17,IF (PointsAjust IS Medium) AND (TeamExp IS High) AND (Length IS High),High,0.8323977412885563,0.08038327705888236,-447.5549410803892,-35.975932827936695,3218.8131463670215,0.2044025157232704,0.8,0.2424242424242424,5817.0
45,all,R18,IF (PointsAjust IS High) AND (TeamExp IS Medium) AND (Length IS Medium),Very_High,0.5260407919133642,0.05079889171153757,13811.941205528781,701.6313056257802,3218.8131463670215,0.2044025157232704,0.8,0.2424242424242424,5817.0
45,all,R19,IF (PointsAjust IS Medium) AND (TeamExp IS Low) AND (Length IS High),Very_High,0.3422089420341475,0.03304655315015097,13811.941205528781,456.4370491552671,3218.8131463670215,0.2044025157232704,0.8,0.2424242424242424,5817.0
45,all,R20,IF (PointsAjust IS High) AND (TeamExp IS Low) AND (Length IS High),Very_High,0.338759315690104,0.03271342842334234,13811.941205528781,451.83595001447856,3218.8131463670215,0.2044025157232704,0.8,0.2424242424242424,5817.0
46,all,R1,IF (PointsAjust IS Low) AND (TeamExp IS High) AND (Length IS Low),Very_Low,0.5781231519503728,0.05008924668977282,-3878.4325060852116,-194.26776256693597,2567.128306006111,0.1477987421383647,0.6,0.1818181818181818,2989.0
46,all,R2,IF (PointsAjust IS Low) AND (TeamExp IS Medium) AND (Length IS Low),Low,0.953163937704782,0.08258320645077444,11187.836487759392,923.9274104061411,2567.128306006111,0.1477987421383647,0.6,0.1818181818181818,2989.0
46,all,R3,IF (PointsAjust IS Low) AND (TeamExp IS High) AND (Length IS Medium),Low,0.5066252637309453,0.04389458842580465,11187.836487759392,491.08547800539833,2567.128306006111,0.1477987421383647,0.6,0.1818181818181818,2989.0
46,all,R4,IF (PointsAjust IS Medium) AND (TeamExp IS High) AND (Length IS Low),Low,0.38299878222039674,0.0331834496158819,11187.836487759392,371.2510084022889,2567.128306006111,0.1477987421383647,0.6,0.1818181818181818,2989.0
46,all,R5,IF (PointsAjust IS Low) AND (TeamExp IS Low) AND (Length IS Low),Medium,0.7632340160316854,0.06612746225793571,-2018.2900707717392,-133.46440048052457,2567.128306006111,0.1477987421383647,0.6,0.1818181818181818,2989.0
46,all,R6,IF (PointsAjust IS Medium) AND (TeamExp IS Medium) AND (Length IS Low),Medium,0.6314582388990142,0.05471025921691048,-2018.2900707717392,-110.42117294683845,2567.128306006111,0.1477987421383647,0.6,0.1818181818181818,2989.0
46,all,R7,IF (PointsAjust IS Low) AND (TeamExp IS Medium) AND (Length IS Medium),Medium,0.8352838485872717,0.07236994160625178,-2018.2900707717392,-146.06353456622853,2567.128306006111,0.1477987421383647,0.6,0.1818181818181818,2989.0
46,all,R8,IF (PointsAjust IS Medium) AND (TeamExp IS High) AND (Length IS Medium),Medium,0.33563239665533384,0.029079572157649617,-2018.2900707717392,-58.691011748074544,2567.128306006111,0.1477987421383647,0.6,0.1818181818181818,2989.0
46,all,R9,IF (PointsAjust IS Low) AND (TeamExp IS Low) AND (Length IS Medium),High,0.6688430196161284,0.057949319091031105,-661.9909205851188,-38.361923092352484,2567.128306006111,0.1477987421383647,0.6,0.1818181818181818,2989.0
46,all,R10,IF (PointsAjust IS Medium) AND (TeamExp IS Low) AND (Length IS Low),High,0.505632230266418,0.04380855087825426,-661.9909205851188,-29.000862925395555,2567.128306006111,0.1477987421383647,0.6,0.1818181818181818,2989.0
46,all,R11,IF (PointsAjust IS Medium) AND (TeamExp IS Medium) AND (Length IS Medium),Medium,0.5533642715017115,0.04794410915917615,-2018.2900707717392,-96.76511946796163,2567.128306006111,0.1477987421383647,0.6,0.1818181818181818,2989.0
46,all,R12,IF (PointsAjust IS High) AND (TeamExp IS High) AND (Length IS Low),Medium,0.4633997011466115,0.04014947657500513,-2018.2900707717392,-81.03328991801538,2567.128306006111,0.1477987421383647,0.6,0.1818181818181818,2989.0
46,all,R13,IF (PointsAjust IS High) AND (TeamExp IS Medium) AND (Length IS Low),High,0.764016944116501,0.0661952960366875,-661.9909205851188,-43.820684961731224,2567.128306006111,0.1477987421383647,0.6,0.1818181818181818,2989.0
46,all,R14,IF (PointsAjust IS High) AND (TeamExp IS High) AND (Length IS Medium),High,0.40608993951239714,0.03518409371748785,-661.9909205851188,-23.291550589992877,2567.128306006111,0.1477987421383647,0.6,0.1818181818181818,2989.0
46,all,R15,IF (PointsAjust IS Medium) AND (TeamExp IS Low) AND (Length IS Medium),High,0.44309946962923197,0.03839064145327866,-661.9909205851188,-25.414256077509165,2567.128306006111,0.1477987421383647,0.6,0.1818181818181818,2989.0
46,all,R16,IF (PointsAjust IS Low) AND (TeamExp IS Low) AND (Length IS High),High,0.701776297992233,0.06080269574498194,-661.9909205851188,-40.250832530277485,2567.128306006111,0.1477987421383647,0.6,0.1818181818181818,2989.0
46,all,R17,IF (PointsAjust IS Medium) AND (TeamExp IS High) AND (Length IS High),High,0.3521586589125571,0.030511426295075677,-661.9909205851188,-20.198287181442147,2567.128306006111,0.1477987421383647,0.6,0.1818181818181818,2989.0
46,all,R18,IF (PointsAjust IS High) AND (TeamExp IS Medium) AND (Length IS Medium),Very_High,0.6695291210914177,0.05800876370232897,12391.691689767773,718.8267151038523,2567.128306006111,0.1477987421383647,0.6,0.1818181818181818,2989.0
46,all,R19,IF (PointsAjust IS Medium) AND (TeamExp IS Low) AND (Length IS High),Very_High,0.4649173218809891,0.040280964959598105,12391.691689767773,499.14929874567866,2567.128306006111,0.1477987421383647,0.6,0.1818181818181818,2989.0
46,all,R20,IF (PointsAjust IS High) AND (TeamExp IS Low) AND (Length IS High),Very_High,0.5625149687644617,0.048736935966113414,12391.691689767773,603.9330843960316,2567.128306006111,0.1477987421383647,0.6,0.1818181818181818,2989.0
47,all,R1,IF (PointsAjust IS Low) AND (TeamExp IS High) AND (Length IS Low),Very_Low,0.9947241704148589,0.12133662824802703,-4364.8361722283025,-529.6145039932069,2390.1285172691278,0.1084905660377358,0.8,0.1515151515151515,3136.0
47,all,R2,IF (PointsAjust IS Low) AND (TeamExp IS Medium) AND (Length IS Low),Low,0.6033307073138263,0.07359438517858238,11862.471998644014,873.0113334383556,2390.1285172691278,0.1084905660377358,0.8,0.1515151515151515,3136.0
47,all,R3,IF (PointsAjust IS Low) AND (TeamExp IS High) AND (Length IS Medium),Low,0.6889154464747947,0.08403402662707338,11862.471998644014,996.8512877969634,2390.1285172691278,0.1084905660377358,0.8,0.1515151515151515,3136.0
47,all,R4,IF (PointsAjust IS Medium) AND (TeamExp IS High) AND (Length IS Low),Low,0.4800910085834422,0.05856158517734086,11862.471998644014,694.6851643624123,2390.1285172691278,0.1084905660377358,0.8,0.1515151515151515,3136.0
47,all,R5,IF (PointsAjust IS Low) AND (TeamExp IS Low) AND (Length IS Low),Medium,0.4089433321221144,0.04988297916146548,-1346.3872271135228,-67.16180599336715,2390.1285172691278,0.1084905660377358,0.8,0.1515151515151515,3136.0
47,all,R6,IF (PointsAjust IS Medium) AND (TeamExp IS Medium) AND (Length IS Low),Medium,0.2911899161582187,0.03551939689143012,-1346.3872271135228,-47.82286228939728,2390.1285172691278,0.1084905660377358,0.8,0.1515151515151515,3136.0
47,all,R7,IF (PointsAjust IS Low) AND (TeamExp IS Medium) AND (Length IS Medium),Medium,0.41784834023658063,0.050969213608427814,-1346.3872271135228,-68.62429817840795,2390.1285172691278,0.1084905660377358,0.8,0.1515151515151515,3136.0
47,all,R8,IF (PointsAjust IS Medium) AND (TeamExp IS High) AND (Length IS Medium),Medium,0.33249630537162633,0.040557957470656075,-1346.3872271135228,-54.60671589630482,2390.1285172691278,0.1084905660377358,0.8,0.1515151515151515,3136.0
47,all,R9,IF (PointsAjust IS Low) AND (TeamExp IS Low) AND (Length IS Medium),High,0.2832216071660345,0.03454742116719811,-2056.0387357058953,-71.0308361385051,2390.1285172691278,0.1084905660377358,0.8,0.1515151515151515,3136.0
47,all,R10,IF (PointsAjust IS Medium) AND (TeamExp IS Low) AND (Length IS Low),High,0.19737131419064466,0.02407538741798835,-2056.0387357058953,-49.499929108510386,2390.1285172691278,0.1084905660377358,0.8,0.1515151515151515,3136.0
47,all,R11,IF (PointsAjust IS Medium) AND (TeamExp IS Medium) AND (Length IS Medium),Medium,0.2016692034490657,0.024599644701273952,-1346.3872271135228,-33.120647417326104,2390.1285172691278,0.1084905660377358,0.8,0.1515151515151515,3136.0
47,all,R12,IF (PointsAjust IS High) AND (TeamExp IS High) AND (Length IS Low),Medium,0.7271567450448143,0.08869870691364679,-1346.3872271135228,-119.42280605001996,2390.1285172691278,0.1084905660377358,0.8,0.1515151515151515,3136.0
47,all,R13,IF (PointsAjust IS High) AND (TeamExp IS Medium) AND (Length IS Low),High,0.44104286028652234,0.05379848521999169,-2056.0387357058953,-110.61176953460401,2390.1285172691278,0.1084905660377358,0.8,0.1515151515151515,3136.0
47,all,R14,IF (PointsAjust IS High) AND (TeamExp IS High) AND (Length IS Medium),High,0.5036064555069383,0.06143000350505925,-2056.0387357058953,-126.30246674095073,2390.1285172691278,0.1084905660377358,0.8,0.1515151515151515,3136.0
47,all,R15,IF (PointsAjust IS Medium) AND (TeamExp IS Low) AND (Length IS Medium),High,0.13669331768650653,0.01667387479405451,-2056.0387357058953,-34.28213245088623,2390.1285172691278,0.1084905660377358,0.8,0.1515151515151515,3136.0
47,all,R16,IF (PointsAjust IS Low) AND (TeamExp IS Low) AND (Length IS High),High,0.34959543788733466,0.04264371264493415,-2056.0387357058953,-87.6771250322959,2390.1285172691278,0.1084905660377358,0.8,0.1515151515151515,3136.0
47,all,R17,IF (PointsAjust IS Medium) AND (TeamExp IS High) AND (Length IS High),High,0.4104178089921336,0.050062836107902416,-2056.0387357058953,-102.93113025714312,2390.1285172691278,0.1084905660377358,0.8,0.1515151515151515,3136.0
47,all,R18,IF (PointsAjust IS High) AND (TeamExp IS Medium) AND (Length IS Medium),Very_High,0.3054527556941642,0.03725918055207296,14922.297776236104,555.9925870965778,2390.1285172691278,0.1084905660377358,0.8,0.1515151515151515,3136.0
47,all,R19,IF (PointsAjust IS Medium) AND (TeamExp IS Low) AND (Length IS High),Very_High,0.16872780551969735,0.020581447221605688,14922.297776236104,307.1224841066873,2390.1285172691278,0.1084905660377358,0.8,0.1515151515151515,3136.0
47,all,R20,IF (PointsAjust IS High) AND (TeamExp IS Low) AND (Length IS High),Very_High,0.2555589662515689,0.031173127391268925,14922.297776236104,465.17468954905706,2390.1285172691278,0.1084905660377358,0.8,0.1515151515151515,3136.0
48,all,R1,IF (PointsAjust IS Low) AND (TeamExp IS High) AND (Length IS Low),Very_Low,0.04365093344129408,0.008091700951523733,-3735.5012874706545,-30.226559322244427,3062.3409370932227,0.1069182389937107,0.4,0.3333333333333333,2583.0
48,all,R2,IF (PointsAjust IS Low) AND (TeamExp IS Medium) AND (Length IS Low),Low,0.1956299113139021,0.03626448771488805,9679.23566487832,351.01252285848614,3062.3409370932227,0.1069182389937107,0.4,0.3333333333333333,2583.0
48,all,R3,IF (PointsAjust IS Low) AND (TeamExp IS High) AND (Length IS Medium),Low,0.09311895184518637,0.017261731922959978,9679.23566487832,167.08037126628287,3062.3409370932227,0.1069182389937107,0.4,0.3333333333333333,2583.0
48,all,R4,IF (PointsAjust IS Medium) AND (TeamExp IS High) AND (Length IS Low),Low,0.02080234005583657,0.0038561904993421104,9679.23566487832,37.3249766117971,3062.3409370932227,0.1069182389937107,0.4,0.3333333333333333,2583.0
48,all,R5,IF (PointsAjust IS Low) AND (TeamExp IS Low) AND (Length IS Low),Medium,0.3225391959684099,0.05979003226657939,-3163.6929811337777,-189.1573054235393,3062.3409370932227,0.1069182389937107,0.4,0.3333333333333333,2583.0
48,all,R6,IF (PointsAjust IS Medium) AND (TeamExp IS Medium) AND (Length IS Low),Medium,0.0932296200656985,0.017282246814043025,-3163.6929811337777,-54.67572294380951,3062.3409370932227,0.1069182389937107,0.4,0.3333333333333333,2583.0
48,all,R7,IF (PointsAjust IS Low) AND (TeamExp IS Medium) AND (Length IS Medium),Medium,0.4173301887259085,0.07736171529423543,-3163.6929811337777,-244.74871568484224,3062.3409370932227,0.1069182389937107,0.4,0.3333333333333333,2583.0
48,all,R8,IF (PointsAjust IS Medium) AND (TeamExp IS High) AND (Length IS Medium),Medium,0.04437687694655654,0.008226271218163845,-3163.6929811337777,-26.025396513807767,3062.3409370932227,0.1069182389937107,0.4,0.3333333333333333,2583.0
48,all,R9,IF (PointsAjust IS Low) AND (TeamExp IS Low) AND (Length IS Medium),High,0.6880611590577039,0.12754790554345333,1290.6663295117348,164.62178708467837,3062.3409370932227,0.1069182389937107,0.4,0.3333333333333333,2583.0
48,all,R10,IF (PointsAjust IS Medium) AND (TeamExp IS Low) AND (Length IS Low),High,0.15370965766160855,0.028493607927802245,1290.6663295117348,36.77574035872299,3062.3409370932227,0.1069182389937107,0.4,0.3333333333333333,2583.0
48,all,R11,IF (PointsAjust IS Medium) AND (TeamExp IS Medium) AND (Length IS Medium),Medium,0.1988833643871197,0.03686758980808151,-3163.6929811337777,-116.63773510714667,3062.3409370932227,0.1069182389937107,0.4,0.3333333333333333,2583.0
48,all,R12,IF (PointsAjust IS High) AND (TeamExp IS High) AND (Length IS Low),Medium,0.031838283889492544,0.00590195562232293,-3163.6929811337777,-18.67197557730609,3062.3409370932227,0.1069182389937107,0.4,0.3333333333333333,2583.0
48,all,R13,IF (PointsAjust IS High) AND (TeamExp IS Medium) AND (Length IS Low),High,0.14268928892585928,0.02645073000618497,1290.6663295117348,34.13906660998867,3062.3409370932227,0.1069182389937107,0.4,0.3333333333333333,2583.0
48,all,R14,IF (PointsAjust IS High) AND (TeamExp IS High) AND (Length IS Medium),High,0.06791945533825304,0.012590427696732957,1290.6663295117348,16.250041102325213,3062.3409370932227,0.1069182389937107,0.4,0.3333333333333333,2583.0
48,all,R15,IF (PointsAjust IS Medium) AND (TeamExp IS Low) AND (Length IS Medium),High,0.3279032332534485,0.06078437951603122,1290.6663295117348,78.4523520016043,3062.3409370932227,0.1069182389937107,0.4,0.3333333333333333,2583.0
48,all,R16,IF (PointsAjust IS Low) AND (TeamExp IS Low) AND (Length IS High),High,0.9903165769783877,0.18357787466384548,1290.6663295117348,236.93778167195075,3062.3409370932227,0.1069182389937107,0.4,0.3333333333333333,2583.0
48,all,R17,IF (PointsAjust IS Medium) AND (TeamExp IS High) AND (Length IS High),High,0.06387100375625096,0.011839954409321103,1290.6663295117348,15.281430499064749,3062.3409370932227,0.1069182389937107,0.4,0.3333333333333333,2583.0
48,all,R18,IF (PointsAjust IS High) AND (TeamExp IS Medium) AND (Length IS Medium),Very_High,0.30439388065276307,0.056426382199329765,9375.461807100659,529.0233912226807,3062.3409370932227,0.1069182389937107,0.4,0.3333333333333333,2583.0
48,all,R19,IF (PointsAjust IS Medium) AND (TeamExp IS Low) AND (Length IS High),Very_High,0.47194642984994856,0.08748608733925493,9375.461807100659,820.2224705018572,3062.3409370932227,0.1069182389937107,0.4,0.3333333333333333,2583.0
48,all,R20,IF (PointsAjust IS High) AND (TeamExp IS Low) AND (Length IS High),Very_High,0.7223208722606794,0.1338987285859039,9375.461807100659,1255.3624158764792,3062.3409370932227,0.1069182389937107,0.4,0.3333333333333333,2583.0
49,all,R1,IF (PointsAjust IS Low) AND (TeamExp IS High) AND (Length IS Low),Very_Low,0.04329604976630143,0.007244486957785164,-3582.7884072032675,-25.955463888487955,3278.849650264022,0.1462264150943396,0.4,0.3333333333333333,3647.0
49,all,R2,IF (PointsAjust IS Low) AND (TeamExp IS Medium) AND (Length IS Low),Low,0.19403943302644608,0.03246753801891244,10240.78138583372,332.49295898792707,3278.849650264022,0.1462264150943396,0.4,0.3333333333333333,3647.0
49,all,R3,IF (PointsAjust IS Low) AND (TeamExp IS High) AND (Length IS Medium),Low,0.0923618913830836,0.015454401062747999,10240.78138583372,158.26514273259855,3278.849650264022,0.1462264150943396,0.4,0.3333333333333333,3647.0
49,all,R4,IF (PointsAjust IS Medium) AND (TeamExp IS High) AND (Length IS Low),Low,0.02832194403109123,0.004738953213049421,10240.78138583372,48.530583852533404,3278.849650264022,0.1462264150943396,0.4,0.3333333333333333,3647.0
49,all,R5,IF (PointsAjust IS Low) AND (TeamExp IS Low) AND (Length IS Low),Medium,0.3199169405852945,0.05352992053904602,-3096.429160554091,-165.75160691924546,3278.849650264022,0.1462264150943396,0.4,0.3333333333333333,3647.0
49,all,R6,IF (PointsAjust IS Medium) AND (TeamExp IS Medium) AND (Length IS Low),Medium,0.12693014701486802,0.021238514819767056,-3096.429160554091,-65.76355661478694,3278.849650264022,0.1462264150943396,0.4,0.3333333333333333,3647.0
49,all,R7,IF (PointsAjust IS Low) AND (TeamExp IS Medium) AND (Length IS Medium),Medium,0.41393727912731737,0.0692618203315387,-3096.429160554091,-214.46432018763466,3278.849650264022,0.1462264150943396,0.4,0.3333333333333333,3647.0
49,all,R8,IF (PointsAjust IS Medium) AND (TeamExp IS High) AND (Length IS Medium),Medium,0.060418175156326324,0.01010943687231853,-3096.429160554091,-31.30315512822784,3278.849650264022,0.1462264150943396,0.4,0.3333333333333333,3647.0
49,all,R9,IF (PointsAjust IS Low) AND (TeamExp IS Low) AND (Length IS Medium),High,0.6824671968329441,0.11419343642801842,1590.2952258325024,181.60127677288506,3278.849650264022,0.1462264150943396,0.4,0.3333333333333333,3647.0
49,all,R10,IF (PointsAjust IS Medium) AND (TeamExp IS Low) AND (Length IS Low),High,0.20927243327650716,0.03501639114142983,1590.2952258325024,55.68639965809938,3278.849650264022,0.1462264150943396,0.4,0.3333333333333333,3647.0
49,all,R11,IF (PointsAjust IS Medium) AND (TeamExp IS Medium) AND (Length IS Medium),Medium,0.2707754752478786,0.0453073527379426,-3096.429160554091,-140.2910082052757,3278.849650264022,0.1462264150943396,0.4,0.3333333333333333,3647.0
49,all,R12,IF (PointsAjust IS High) AND (TeamExp IS High) AND (Length IS Low),Medium,0.03453032456329997,0.0057777669625097726,-3096.429160554091,-17.890446105601296,3278.849650264022,0.1462264150943396,0.4,0.3333333333333333,3647.0
49,all,R13,IF (PointsAjust IS High) AND (TeamExp IS Medium) AND (Length IS Low),High,0.15475417819056753,0.025894155046840412,1590.2952258325024,41.17935114795691,3278.849650264022,0.1462264150943396,0.4,0.3333333333333333,3647.0
49,all,R14,IF (PointsAjust IS High) AND (TeamExp IS High) AND (Length IS Medium),High,0.07366228799054202,0.012325500536620506,1590.2952258325024,19.601184659383538,3278.849650264022,0.1462264150943396,0.4,0.3333333333333333,3647.0
49,all,R15,IF (PointsAjust IS Medium) AND (TeamExp IS Low) AND (Length IS Medium),High,0.4464332856251133,0.07469919617815962,1590.2952258325024,118.79377505565276,3278.849650264022,0.1462264150943396,0.4,0.3333333333333333,3647.0
49,all,R16,IF (PointsAjust IS Low) AND (TeamExp IS Low) AND (Length IS High),High,0.9822652672230787,0.16435697842858515,1590.2952258325024,261.3761181272346,3278.849650264022,0.1462264150943396,0.4,0.3333333333333333,3647.0
49,all,R17,IF (PointsAjust IS Medium) AND (TeamExp IS High) AND (Length IS High),High,0.08695901464636499,0.014550367778765972,1590.2952258325024,23.139380412678598,3278.849650264022,0.1462264150943396,0.4,0.3333333333333333,3647.0
49,all,R18,IF (PointsAjust IS High) AND (TeamExp IS Medium) AND (Length IS Medium),Very_High,0.3301314709833072,0.0552390610414181,9187.517544239643,507.50984244535334,3278.849650264022,0.1462264150943396,0.4,0.3333333333333333,3647.0
49,all,R19,IF (PointsAjust IS Medium) AND (TeamExp IS Low) AND (Length IS High),Very_High,0.6425450375297229,0.10751348377737471,9187.517544239643,987.7820184469545,3278.849650264022,0.1462264150943396,0.4,0.3333333333333333,3647.0
49,all,R20,IF (PointsAjust IS High) AND (TeamExp IS Low) AND (Length IS High),Very_High,0.7833956831523414,0.13108123812716946,9187.517544239643,1204.3111750140238,3278.849650264022,0.1462264150943396,0.4,0.3333333333333333,3647.0
50,all,R1,IF (PointsAjust IS Low) AND (TeamExp IS High) AND (Length IS Low),Very_Low,0.012139993849280066,0.004127188684292724,-3082.9631417063565,-12.723970592542022,5147.829630182856,0.4528301886792453,0.8,0.3636363636363636,8232.0
50,all,R2,IF (PointsAjust IS Low) AND (TeamExp IS Medium) AND (Length IS Low),Low,0.00736327847831115,0.0025032664754425817,17326.89144203029,43.37382647046739,5147.829630182856,0.4528301886792453,0.8,0.3636363636363636,8232.0
50,all,R3,IF (PointsAjust IS Low) AND (TeamExp IS High) AND (Length IS Medium),Low,0.029215344110493265,0.009932232183766423,17326.89144203029,172.09470882516027,5147.829630182856,0.4528301886792453,0.8,0.3636363636363636,8232.0
50,all,R4,IF (PointsAjust IS Medium) AND (TeamExp IS High) AND (Length IS Low),Low,0.09393578414558598,0.03193500014819344,17326.89144203029,553.3342807689689,5147.829630182856,0.4528301886792453,0.8,0.3636363636363636,8232.0
50,all,R5,IF (PointsAjust IS Low) AND (TeamExp IS Low) AND (Length IS Low),Medium,0.004990900678120694,0.0016967379933549268,-1345.649436097673,-2.2832145239635544,5147.829630182856,0.4528301886792453,0.8,0.3636363636363636,8232.0
50,all,R6,IF (PointsAjust IS Medium) AND (TeamExp IS Medium) AND (Length IS Low),Medium,0.05697493312844578,0.01936955670780681,-1345.649436097673,-26.064633061322134,5147.829630182856,0.4528301886792453,0.8,0.3636363636363636,8232.0
50,all,R7,IF (PointsAjust IS Low) AND (TeamExp IS Medium) AND (Length IS Medium),Medium,0.017720001937069078,0.0060242033388388985,-1345.649436097673,-8.106465825846284,5147.829630182856,0.4528301886792453,0.8,0.3636363636363636,8232.0
50,all,R8,IF (PointsAjust IS Medium) AND (TeamExp IS High) AND (Length IS Medium),Medium,0.22605993809997357,0.07685275874776935,-1345.649436097673,-103.41687147148635,5147.829630182856,0.4528301886792453,0.8,0.3636363636363636,8232.0
50,all,R9,IF (PointsAjust IS Low) AND (TeamExp IS Low) AND (Length IS Medium),High,0.01201078703522055,0.004083262722917418,2615.9520671373066,10.681619560680526,5147.829630182856,0.4528301886792453,0.8,0.3636363636363636,8232.0
50,all,R10,IF (PointsAjust IS Medium) AND (TeamExp IS Low) AND (Length IS Low),High,0.038618155380680586,0.013128871058271173,2615.9520671373066,34.34449738406363,5147.829630182856,0.4528301886792453,0.8,0.3636363636363636,8232.0
50,all,R11,IF (PointsAjust IS Medium) AND (TeamExp IS Medium) AND (Length IS Medium),Medium,0.137112283390374,0.04661355446402039,-1345.649436097673,-62.72550327901721,5147.829630182856,0.4528301886792453,0.8,0.3636363636363636,8232.0
50,all,R12,IF (PointsAjust IS High) AND (TeamExp IS High) AND (Length IS Low),Medium,0.21378631892485433,0.07268014195703891,-1345.649436097673,-97.80199203998824,5147.829630182856,0.4528301886792453,0.8,0.3636363636363636,8232.0
50,all,R13,IF (PointsAjust IS High) AND (TeamExp IS Medium) AND (Length IS Low),High,0.12966795705502734,0.04408273444921065,2615.9520671373066,115.31832030747756,5147.829630182856,0.4528301886792453,0.8,0.3636363636363636,8232.0
50,all,R14,IF (PointsAjust IS High) AND (TeamExp IS High) AND (Length IS Medium),High,0.5144846818745029,0.17490744918295922,2615.9520671373066,457.5495032478756,5147.829630182856,0.4528301886792453,0.8,0.3636363636363636,8232.0
50,all,R15,IF (PointsAjust IS Medium) AND (TeamExp IS Low) AND (Length IS Medium),High,0.09293601894419314,0.031595113680591744,2615.9520671373066,82.65130294418216,5147.829630182856,0.4528301886792453,0.8,0.3636363636363636,8232.0
50,all,R16,IF (PointsAjust IS Low) AND (TeamExp IS Low) AND (Length IS High),High,0.023077690925818406,0.007845636993818655,2615.9520671373066,20.523810311988836,5147.829630182856,0.4528301886792453,0.8,0.3636363636363636,8232.0
50,all,R17,IF (PointsAjust IS Medium) AND (TeamExp IS High) AND (Length IS High),High,0.43435466525903926,0.14766594461933527,2615.9520671373066,386.28703307273315,5147.829630182856,0.4528301886792453,0.8,0.3636363636363636,8232.0
50,all,R18,IF (PointsAjust IS High) AND (TeamExp IS Medium) AND (Length IS Medium),Very_High,0.31205073350938656,0.10608673054159415,11755.1033718119,1247.0604838939937,5147.829630182856,0.4528301886792453,0.8,0.3636363636363636,8232.0
50,all,R19,IF (PointsAjust IS Medium) AND (TeamExp IS Low) AND (Length IS High),Very_High,0.17856854132712627,0.060707284722362406,11755.1033718119,713.6204073333873,5147.829630182856,0.4528301886792453,0.8,0.3636363636363636,8232.0
50,all,R20,IF (PointsAjust IS High) AND (TeamExp IS Low) AND (Length IS High),Very_High,0.4064000899480531,0.1381623313284148,11755.1033718119,1624.1124868560416,5147.829630182856,0.4528301886792453,0.8,0.3636363636363636,8232.0
51,all,R1,IF (PointsAjust IS Low) AND (TeamExp IS High) AND (Length IS Low),Very_Low,0.04359111033493817,0.008121804356434335,-3741.6098026813497,-30.3886227954948,3054.659156915386,0.1053459119496855,0.4,0.3333333333333333,3276.0
51,all,R2,IF (PointsAjust IS Low) AND (TeamExp IS Medium) AND (Length IS Low),Low,0.19536180275199308,0.03639940181565584,9656.773836040105,351.500791100936,3054.659156915386,0.1053459119496855,0.4,0.3333333333333333,3276.0
51,all,R3,IF (PointsAjust IS Low) AND (TeamExp IS High) AND (Length IS Medium),Low,0.0929913333838887,0.017325950423946135,9656.773836040105,167.31278473849102,3054.659156915386,0.1053459119496855,0.4,0.3333333333333333,3276.0
51,all,R4,IF (PointsAjust IS Medium) AND (TeamExp IS High) AND (Length IS Low),Low,0.020512299190193064,0.003821808612887465,9656.773836040105,36.9063414192844,3054.659156915386,0.1053459119496855,0.4,0.3333333333333333,3276.0
51,all,R5,IF (PointsAjust IS Low) AND (TeamExp IS Low) AND (Length IS Low),Medium,0.32209715967953373,0.060012468014232635,-3166.3835339569655,-190.02249055238528,3054.659156915386,0.1053459119496855,0.4,0.3333333333333333,3276.0
51,all,R6,IF (PointsAjust IS Medium) AND (TeamExp IS Medium) AND (Length IS Low),Medium,0.09192974708819263,0.01712815788930164,-3166.3835339569655,-54.23431710769981,3054.659156915386,0.1053459119496855,0.4,0.3333333333333333,3276.0
51,all,R7,IF (PointsAjust IS Low) AND (TeamExp IS Medium) AND (Length IS Medium),Medium,0.4167582424627372,0.07764952264821856,-3166.3835339569655,-245.86816993293772,3054.659156915386,0.1053459119496855,0.4,0.3333333333333333,3276.0
51,all,R8,IF (PointsAjust IS Medium) AND (TeamExp IS High) AND (Length IS Medium),Medium,0.04375814329593903,0.00815292558780241,-3166.3835339569655,-25.815289334793963,3054.659156915386,0.1053459119496855,0.4,0.3333333333333333,3276.0
51,all,R9,IF (PointsAjust IS Low) AND (TeamExp IS Low) AND (Length IS Medium),High,0.687118179087916,0.12802241964982924,1278.6811736589036,163.69985781249633,3054.659156915386,0.1053459119496855,0.4,0.3333333333333333,3276.0
51,all,R10,IF (PointsAjust IS Medium) AND (TeamExp IS Low) AND (Length IS Low),High,0.15156652943438628,0.02823955824000181,1278.6811736589036,36.10939147393448,3054.659156915386,0.1053459119496855,0.4,0.3333333333333333,3276.0
51,all,R11,IF (PointsAjust IS Medium) AND (TeamExp IS Medium) AND (Length IS Medium),Medium,0.19611039254769688,0.036538877498133615,-3166.3835339569655,-115.69610005936096,3054.659156915386,0.1053459119496855,0.4,0.3333333333333333,3276.0
51,all,R12,IF (PointsAjust IS High) AND (TeamExp IS High) AND (Length IS Low),Medium,0.0317273169076906,0.005911367219116736,-3166.3835339569655,-18.71765582578421,3054.659156915386,0.1053459119496855,0.4,0.3333333333333333,3276.0
51,all,R13,IF (PointsAjust IS High) AND (TeamExp IS Medium) AND (Length IS Low),High,0.14219196941634912,0.026492909856670206,1278.6811736589036,33.875985069166596,3054.659156915386,0.1053459119496855,0.4,0.3333333333333333,3276.0
51,all,R14,IF (PointsAjust IS High) AND (TeamExp IS High) AND (Length IS Medium),High,0.06768273350391432,0.01261050511454597,1278.6811736589036,16.124815480299247,3054.659156915386,0.1053459119496855,0.4,0.3333333333333333,3276.0
51,all,R15,IF (PointsAjust IS Medium) AND (TeamExp IS Low) AND (Length IS Medium),High,0.3233313755987396,0.060242424538679146,1278.6811736589036,77.03085411317619,3054.659156915386,0.1053459119496855,0.4,0.3333333333333333,3276.0
51,all,R16,IF (PointsAjust IS Low) AND (TeamExp IS Low) AND (Length IS High),High,0.9889593594061613,0.18426083602471885,1278.6811736589036,235.6108620674583,3054.659156915386,0.1053459119496855,0.4,0.3333333333333333,3276.0
51,all,R17,IF (PointsAjust IS Medium) AND (TeamExp IS High) AND (Length IS High),High,0.06298046926978174,0.011734389093448119,1278.6811736589036,15.004542418180478,3054.659156915386,0.1053459119496855,0.4,0.3333333333333333,3276.0
51,all,R18,IF (PointsAjust IS High) AND (TeamExp IS Medium) AND (Length IS Medium),Very_High,0.3033329669950968,0.05651636294330294,9382.9795776151,530.2918792980944,3054.659156915386,0.1053459119496855,0.4,0.3333333333333333,3276.0
51,all,R19,IF (PointsAjust IS Medium) AND (TeamExp IS Low) AND (Length IS High),Very_High,0.4653662205713951,0.08670605929816812,9382.9795776151,813.5611836501953,3054.659156915386,0.1053459119496855,0.4,0.3333333333333333,3276.0
51,all,R20,IF (PointsAjust IS High) AND (TeamExp IS Low) AND (Length IS High),Very_High,0.7198033443887151,0.13411225117490602,9382.9795776151,1258.3725138821299,3054.659156915386,0.1053459119496855,0.4,0.3333333333333333,3276.0
52,all,R1,IF (PointsAjust IS Low) AND (TeamExp IS High) AND (Length IS Low),Very_Low,0.11942516881734822,0.01471294006208,-3648.586478791331,-53.681434173772374,2163.918613964571,0.1210691823899371,0.4,0.2121212121212121,2723.0
52,all,R2,IF (PointsAjust IS Low) AND (TeamExp IS Medium) AND (Length IS Low),Low,0.535226473811988,0.065938822668763,9569.804165669704,631.0216198548841,2163.918613964571,0.1210691823899371,0.4,0.2121212121212121,2723.0
52,all,R3,IF (PointsAjust IS Low) AND (TeamExp IS High) AND (Length IS Medium),Low,0.1299141238403394,0.016005158177368143,9569.804165669704,153.16622939798017,2163.918613964571,0.1210691823899371,0.4,0.2121212121212121,2723.0
52,all,R4,IF (PointsAjust IS Medium) AND (TeamExp IS High) AND (Length IS Low),Low,0.0637873745040887,0.00785847595686862,9569.804165669704,75.20407594785652,2163.918613964571,0.1210691823899371,0.4,0.2121212121212121,2723.0
52,all,R5,IF (PointsAjust IS Low) AND (TeamExp IS Low) AND (Length IS Low),Medium,0.8824392720156493,0.10871473949891332,-2803.1961330038293,-304.74873736387246,2163.918613964571,0.1210691823899371,0.4,0.2121212121212121,2723.0
52,all,R6,IF (PointsAjust IS Medium) AND (TeamExp IS Medium) AND (Length IS Low),Medium,0.28587517914053534,0.035219245805412566,-2803.1961330038293,-98.72645364904385,2163.918613964571,0.1210691823899371,0.4,0.2121212121212121,2723.0
52,all,R7,IF (PointsAjust IS Low) AND (TeamExp IS Medium) AND (Length IS Medium),Medium,0.582234708897795,0.07173014247254274,-2803.1961330038293,-201.07365799884553,2163.918613964571,0.1210691823899371,0.4,0.2121212121212121,2723.0
52,all,R8,IF (PointsAjust IS Medium) AND (TeamExp IS High) AND (Length IS Medium),Medium,0.0693897354539096,0.008548675532696046,-2803.1961330038293,-23.963614195558005,2163.918613964571,0.1210691823899371,0.4,0.2121212121212121,2723.0
52,all,R9,IF (PointsAjust IS Low) AND (TeamExp IS Low) AND (Length IS Medium),High,0.9599427490996916,0.11826301164483184,228.6803487167674,27.04442674323527,2163.918613964571,0.1210691823899371,0.4,0.2121212121212121,2723.0
52,all,R10,IF (PointsAjust IS Medium) AND (TeamExp IS Low) AND (Length IS Low),High,0.47132848861420995,0.05806671969739994,228.6803487167674,13.278717709240205,2163.918613964571,0.1210691823899371,0.4,0.2121212121212121,2723.0
52,all,R11,IF (PointsAjust IS Medium) AND (TeamExp IS Medium) AND (Length IS Medium),Medium,0.3109832189774364,0.03831250570075031,-2803.1961330038293,-107.39746782603044,2163.918613964571,0.1210691823899371,0.4,0.2121212121212121,2723.0
52,all,R12,IF (PointsAjust IS High) AND (TeamExp IS High) AND (Length IS Low),Medium,0.08923249469056173,0.010993263471789985,-2803.1961330038293,-30.816273653213937,2163.918613964571,0.1210691823899371,0.4,0.2121212121212121,2723.0
52,all,R13,IF (PointsAjust IS High) AND (TeamExp IS Medium) AND (Length IS Low),High,0.39991229617369,0.04926838874886788,228.6803487167674,11.266712319804368,2163.918613964571,0.1210691823899371,0.4,0.2121212121212121,2723.0
52,all,R14,IF (PointsAjust IS High) AND (TeamExp IS High) AND (Length IS Medium),High,0.09706966697733549,0.011958787299416735,228.6803487167674,2.734739649860268,2163.918613964571,0.1210691823899371,0.4,0.2121212121212121,2723.0
52,all,R15,IF (PointsAjust IS Medium) AND (TeamExp IS Low) AND (Length IS Medium),High,0.5127246479588949,0.06316664308264693,228.6803487167674,14.444969967407284,2163.918613964571,0.1210691823899371,0.4,0.2121212121212121,2723.0
52,all,R16,IF (PointsAjust IS Low) AND (TeamExp IS Low) AND (Length IS High),High,0.9230560632059358,0.11371864629858196,228.6803487167674,26.005219691158455,2163.918613964571,0.1210691823899371,0.4,0.2121212121212121,2723.0
52,all,R17,IF (PointsAjust IS Medium) AND (TeamExp IS High) AND (Length IS High),High,0.06672337084170775,0.008220184787307388,228.6803487167674,1.87979472367772,2163.918613964571,0.1210691823899371,0.4,0.2121212121212121,2723.0
52,all,R18,IF (PointsAjust IS High) AND (TeamExp IS Medium) AND (Length IS Medium),Very_High,0.4350360655536804,0.05359556633429366,10176.831964905952,545.4330726480771,2163.918613964571,0.1210691823899371,0.4,0.2121212121212121,2723.0
52,all,R19,IF (PointsAjust IS Medium) AND (TeamExp IS Low) AND (Length IS High),Very_High,0.4930227302591321,0.0607394065369906,10176.831964905952,618.1347339750635,2163.918613964571,0.1210691823899371,0.4,0.2121212121212121,2723.0
52,all,R20,IF (PointsAjust IS High) AND (TeamExp IS Low) AND (Length IS High),Very_High,0.6896920981965532,0.08496867622247836,10176.831964905952,864.7119401966621,2163.918613964571,0.1210691823899371,0.4,0.2121212121212121,2723.0
53,all,R1,IF (PointsAjust IS Low) AND (TeamExp IS High) AND (Length IS Low),Very_Low,0.7839346694894138,0.08869789967619697,-3953.6896253766354,-350.6839657424776,2942.2623474419192,0.2122641509433962,0.8,0.1212121212121212,3472.0
53,all,R2,IF (PointsAjust IS Low) AND (TeamExp IS Medium) AND (Length IS Low),Low,0.4754804122570193,0.05379799560572871,13267.055712278127,713.7410049100966,2942.2623474419192,0.2122641509433962,0.8,0.1212121212121212,3472.0
53,all,R3,IF (PointsAjust IS Low) AND (TeamExp IS High) AND (Length IS Medium),Low,0.4209501687470741,0.04762819822795242,13267.055712278127,631.885959365671,2942.2623474419192,0.2122641509433962,0.8,0.1212121212121212,3472.0
53,all,R4,IF (PointsAjust IS Medium) AND (TeamExp IS High) AND (Length IS Low),Low,0.8730697792552923,0.09878304749698416,13267.055712278127,1310.5601945711053,2942.2623474419192,0.2122641509433962,0.8,0.1212121212121212,3472.0
53,all,R5,IF (PointsAjust IS Low) AND (TeamExp IS Low) AND (Length IS Low),Medium,0.32228517758178776,0.03646479669905804,-1084.740272602834,-39.55483351174314,2942.2623474419192,0.2122641509433962,0.8,0.1212121212121212,3472.0
53,all,R6,IF (PointsAjust IS Medium) AND (TeamExp IS Medium) AND (Length IS Low),Medium,0.5295435891868756,0.0599149469667702,-1084.740272602834,-64.99215590571865,2942.2623474419192,0.2122641509433962,0.8,0.1212121212121212,3472.0
53,all,R7,IF (PointsAjust IS Low) AND (TeamExp IS Medium) AND (Length IS Medium),Medium,0.25531918355630717,0.028887962492124053,-1084.740272602834,-31.33593630864709,2942.2623474419192,0.2122641509433962,0.8,0.1212121212121212,3472.0
53,all,R8,IF (PointsAjust IS Medium) AND (TeamExp IS High) AND (Length IS Medium),Medium,0.46881313610591496,0.05304362994978786,-1084.740272602834,-57.53856161157673,2942.2623474419192,0.2122641509433962,0.8,0.1212121212121212,3472.0
53,all,R9,IF (PointsAjust IS Low) AND (TeamExp IS Low) AND (Length IS Medium),High,0.17305778806299665,0.01958053766622388,-1557.481545286679,-30.49632606193439,2942.2623474419192,0.2122641509433962,0.8,0.1212121212121212,3472.0
53,all,R10,IF (PointsAjust IS Medium) AND (TeamExp IS Low) AND (Length IS Low),High,0.3589297167222476,0.04061092491976544,-1557.481545286679,-63.25076609955757,2942.2623474419192,0.2122641509433962,0.8,0.1212121212121212,3472.0
53,all,R11,IF (PointsAjust IS Medium) AND (TeamExp IS Medium) AND (Length IS Medium),Medium,0.28434954072426916,0.03217258786699763,-1084.740272602834,-34.89890173318564,2942.2623474419192,0.2122641509433962,0.8,0.1212121212121212,3472.0
53,all,R12,IF (PointsAjust IS High) AND (TeamExp IS High) AND (Length IS Low),Medium,0.8501976201051482,0.09619518838495024,-1084.740272602834,-104.34679487177189,2942.2623474419192,0.2122641509433962,0.8,0.1212121212121212,3472.0
53,all,R13,IF (PointsAjust IS High) AND (TeamExp IS Medium) AND (Length IS Low),High,0.5156709234084863,0.0583453310723049,-1557.481545286679,-90.87177639875632,2942.2623474419192,0.2122641509433962,0.8,0.1212121212121212,3472.0
53,all,R14,IF (PointsAjust IS High) AND (TeamExp IS High) AND (Length IS Medium),High,0.4565314503627217,0.05165402470294523,-1557.481545286679,-80.45019021461943,2942.2623474419192,0.2122641509433962,0.8,0.1212121212121212,3472.0
53,all,R15,IF (PointsAjust IS Medium) AND (TeamExp IS Low) AND (Length IS Medium),High,0.19273484220436046,0.02180688820547293,-1557.481545286679,-33.96382594015383,2942.2623474419192,0.2122641509433962,0.8,0.1212121212121212,3472.0
53,all,R16,IF (PointsAjust IS Low) AND (TeamExp IS Low) AND (Length IS High),High,0.2709371291631264,0.03065504720784941,-1557.481545286679,-47.74467029611739,2942.2623474419192,0.2122641509433962,0.8,0.1212121212121212,3472.0
53,all,R17,IF (PointsAjust IS Medium) AND (TeamExp IS High) AND (Length IS High),High,0.7339680382616534,0.0830444499484486,-1557.481545286679,-129.340198233192,2942.2623474419192,0.2122641509433962,0.8,0.1212121212121212,3472.0
53,all,R18,IF (PointsAjust IS High) AND (TeamExp IS Medium) AND (Length IS Medium),Very_High,0.2769003217680669,0.03132974967989003,14643.382445391837,458.7735064810222,2942.2623474419192,0.2122641509433962,0.8,0.1212121212121212,3472.0
53,all,R19,IF (PointsAjust IS Medium) AND (TeamExp IS Low) AND (Length IS High),Very_High,0.30174328136881523,0.034140594032216184,14643.382445391837,499.9337753266038,2942.2623474419192,0.2122641509433962,0.8,0.1212121212121212,3472.0
53,all,R20,IF (PointsAjust IS High) AND (TeamExp IS Low) AND (Length IS High),Very_High,0.29383839161322084,0.03324619919833318,14643.382445391837,486.83680971687227,2942.2623474419192,0.2122641509433962,0.8,0.1212121212121212,3472.0
54,all,R1,IF (PointsAjust IS Low) AND (TeamExp IS High) AND (Length IS Low),Very_Low,0.0909611807194249,0.021442902231294535,-4102.97306412335,-87.97965027163195,1650.642237406475,0.0,0.4,0.1515151515151515,1575.0
54,all,R2,IF (PointsAjust IS Low) AND (TeamExp IS Medium) AND (Length IS Low),Low,0.4076597294552922,0.09610042056632045,7684.449365750796,738.478815869246,1650.642237406475,0.0,0.4,0.1515151515151515,1575.0
54,all,R3,IF (PointsAjust IS Low) AND (TeamExp IS High) AND (Length IS Medium),Low,0.06299692345975896,0.014850696307325781,7684.449365750796,114.11942381978729,1650.642237406475,0.0,0.4,0.1515151515151515,1575.0
54,all,R4,IF (PointsAjust IS Medium) AND (TeamExp IS High) AND (Length IS Low),Low,0.01831563888873421,0.004317671020633018,7684.449365750796,33.17892433602399,1650.642237406475,0.0,0.4,0.1515151515151515,1575.0
54,all,R5,IF (PointsAjust IS Low) AND (TeamExp IS Low) AND (Length IS Low),Medium,0.6721172671607996,0.15844280751092052,-2842.2277640286343,-450.3305465181829,1650.642237406475,0.0,0.4,0.1515151515151515,1575.0
54,all,R6,IF (PointsAjust IS Medium) AND (TeamExp IS Medium) AND (Length IS Low),Medium,0.08208499862389895,0.019350459022486402,-2842.2277640286343,-54.998411880409236,1650.642237406475,0.0,0.4,0.1515151515151515,1575.0
54,all,R7,IF (PointsAjust IS Low) AND (TeamExp IS Medium) AND (Length IS Medium),Medium,0.28233262333452547,0.06655620332745184,-2842.2277640286343,-189.16788896561857,1650.642237406475,0.0,0.4,0.1515151515151515,1575.0
54,all,R8,IF (PointsAjust IS Medium) AND (TeamExp IS High) AND (Length IS Medium),Medium,0.01268484964755709,0.0029902865009001755,-2842.2277640286343,-8.499075315258514,1650.642237406475,0.0,0.4,0.1515151515151515,1575.0
54,all,R9,IF (PointsAjust IS Low) AND (TeamExp IS Low) AND (Length IS Medium),High,0.4654878015041993,0.10973262812301245,-1279.102843686419,-140.35931667732953,1650.642237406475,0.0,0.4,0.1515151515151515,1575.0
54,all,R10,IF (PointsAjust IS Medium) AND (TeamExp IS Low) AND (Length IS Low),High,0.1353352832366129,0.03190351338818453,-1279.102843686419,-40.807874698414565,1650.642237406475,0.0,0.4,0.1515151515151515,1575.0
54,all,R11,IF (PointsAjust IS Medium) AND (TeamExp IS Medium) AND (Length IS Medium),Medium,0.05684955202433828,0.013401534328263777,-2842.2277640286343,-38.09021294837414,1650.642237406475,0.0,0.4,0.1515151515151515,1575.0
54,all,R12,IF (PointsAjust IS High) AND (TeamExp IS High) AND (Length IS Low),Medium,0.0740971567451418,0.017467430338266036,-2842.2277640286343,-49.64641547365581,1650.642237406475,0.0,0.4,0.1515151515151515,1575.0
54,all,R13,IF (PointsAjust IS High) AND (TeamExp IS Medium) AND (Length IS Low),High,0.3320804175278286,0.07828359163389845,-1279.102843686419,-100.13276467290586,1650.642237406475,0.0,0.4,0.1515151515151515,1575.0
54,all,R14,IF (PointsAjust IS High) AND (TeamExp IS High) AND (Length IS Medium),High,0.05131741777250946,0.012097406424974276,-1279.102843686419,-15.473826959414952,1650.642237406475,0.0,0.4,0.1515151515151515,1575.0
54,all,R15,IF (PointsAjust IS Medium) AND (TeamExp IS Low) AND (Length IS Medium),High,0.0937290656523,0.02209539470702643,-1279.102843686419,-28.26228220213136,1650.642237406475,0.0,0.4,0.1515151515151515,1575.0
54,all,R16,IF (PointsAjust IS Low) AND (TeamExp IS Low) AND (Length IS High),High,0.5745762600050277,0.13544879772080176,-1279.102843686419,-173.25294233858406,1650.642237406475,0.0,0.4,0.1515151515151515,1575.0
54,all,R17,IF (PointsAjust IS Medium) AND (TeamExp IS High) AND (Length IS High),High,0.015657582101329663,0.003691069085975272,-1279.102843686419,-4.721256964114001,1650.642237406475,0.0,0.4,0.1515151515151515,1575.0
54,all,R18,IF (PointsAjust IS High) AND (TeamExp IS Medium) AND (Length IS Medium),Very_High,0.22998871034902812,0.054216814154244716,11190.21534073551,606.6978254746354,1650.642237406475,0.0,0.4,0.1515151515151515,1575.0
54,all,R19,IF (PointsAjust IS Medium) AND (TeamExp IS Low) AND (Length IS High),Very_High,0.11569475252033733,0.02727351654129996,11190.21534073551,305.1965231962585,1650.642237406475,0.0,0.4,0.1515151515151515,1575.0
54,all,R20,IF (PointsAjust IS High) AND (TeamExp IS Low) AND (Length IS High),Very_High,0.4680509516576454,0.1103368570667198,11190.21534073551,1234.6931905965494,1650.642237406475,0.0,0.4,0.1515151515151515,1575.0
55,all,R1,IF (PointsAjust IS Low) AND (TeamExp IS High) AND (Length IS Low),Very_Low,0.033342635108111016,0.00522630848357936,-3277.362646668494,-17.128508204049655,3792.636617941155,0.2248427672955975,0.4,0.3333333333333333,2926.0
55,all,R2,IF (PointsAjust IS Low) AND (TeamExp IS Medium) AND (Length IS Low),Low,0.14943132334029144,0.023422689609072737,11363.872827744517,266.17246600123553,3792.636617941155,0.2248427672955975,0.4,0.3333333333333333,2926.0
55,all,R3,IF (PointsAjust IS Low) AND (TeamExp IS High) AND (Length IS Medium),Low,0.0711286331871799,0.011149094180655574,11363.872827744517,126.69688841351639,3792.636617941155,0.2248427672955975,0.4,0.3333333333333333,2926.0
55,all,R4,IF (PointsAjust IS Medium) AND (TeamExp IS High) AND (Length IS Low),Low,0.04109480890844437,0.00644142695179569,11363.872827744517,73.19955670941224,3792.636617941155,0.2248427672955975,0.4,0.3333333333333333,2926.0
55,all,R5,IF (PointsAjust IS Low) AND (TeamExp IS Low) AND (Length IS Low),Medium,0.24637060130000693,0.038617486575485076,-2961.901519394717,-114.38119216313433,3792.636617941155,0.2248427672955975,0.4,0.3333333333333333,2926.0
55,all,R6,IF (PointsAjust IS Medium) AND (TeamExp IS Medium) AND (Length IS Low),Medium,0.18417415593260653,0.02886847276724379,-2961.901519394717,-85.50557335190439,3792.636617941155,0.2248427672955975,0.4,0.3333333333333333,2926.0
55,all,R7,IF (PointsAjust IS Low) AND (TeamExp IS Medium) AND (Length IS Medium),Medium,0.31877641794306955,0.04996677353361381,-2961.901519394717,-147.99666244846247,3792.636617941155,0.2248427672955975,0.4,0.3333333333333333,2926.0
55,all,R8,IF (PointsAjust IS Medium) AND (TeamExp IS High) AND (Length IS Medium),Medium,0.0876660641628451,0.013741262301875903,-2961.901519394717,-40.70026569032758,3792.636617941155,0.2248427672955975,0.4,0.3333333333333333,2926.0
55,all,R9,IF (PointsAjust IS Low) AND (TeamExp IS Low) AND (Length IS Medium),High,0.5255734608603325,0.08238128235312527,2189.5530184740383,180.37818544204745,3792.636617941155,0.2248427672955975,0.4,0.3333333333333333,2926.0
55,all,R10,IF (PointsAjust IS Medium) AND (TeamExp IS Low) AND (Length IS Low),High,0.3036518483993305,0.04759606510398221,2189.5530184740383,104.2141080159111,3792.636617941155,0.2248427672955975,0.4,0.3333333333333333,2926.0
55,all,R11,IF (PointsAjust IS Medium) AND (TeamExp IS Medium) AND (Length IS Medium),Medium,0.3928920415981785,0.06158406507096573,-2961.901519394717,-182.4059359041965,3792.636617941155,0.2248427672955975,0.4,0.3333333333333333,2926.0
55,all,R12,IF (PointsAjust IS High) AND (TeamExp IS High) AND (Length IS Low),Medium,0.03920813219304108,0.0061456988399799205,-2961.901519394717,-18.202954731878876,3792.636617941155,0.2248427672955975,0.4,0.3333333333333333,2926.0
55,all,R13,IF (PointsAjust IS High) AND (TeamExp IS Medium) AND (Length IS Low),High,0.17571865751792226,0.02754311132072734,2189.5530184740383,60.307102530465,3792.636617941155,0.2248427672955975,0.4,0.3333333333333333,2926.0
55,all,R14,IF (PointsAjust IS High) AND (TeamExp IS High) AND (Length IS Medium),High,0.0836412852094843,0.013110396255437834,2189.5530184740383,28.705907694484637,3792.636617941155,0.2248427672955975,0.4,0.3333333333333333,2926.0
55,all,R15,IF (PointsAjust IS Medium) AND (TeamExp IS Low) AND (Length IS Medium),High,0.6477694660717163,0.10153495801868197,2189.5530184740383,222.31617381043986,3792.636617941155,0.2248427672955975,0.4,0.3333333333333333,2926.0
55,all,R16,IF (PointsAjust IS Low) AND (TeamExp IS Low) AND (Length IS High),High,0.7564503588935166,0.11857020044375896,2189.5530184740383,259.61574028270417,3792.636617941155,0.2248427672955975,0.4,0.3333333333333333,2926.0
55,all,R17,IF (PointsAjust IS Medium) AND (TeamExp IS High) AND (Length IS High),High,0.12617651125346488,0.01977760213175274,2189.5530184740383,43.304108445757784,3792.636617941155,0.2248427672955975,0.4,0.3333333333333333,2926.0
55,all,R18,IF (PointsAjust IS High) AND (TeamExp IS Medium) AND (Length IS Medium),Very_High,0.3748542337523747,0.05875671960579684,8811.629018517611,517.7424155113421,3792.636617941155,0.2248427672955975,0.4,0.3333333333333333,2926.0
55,all,R19,IF (PointsAjust IS Medium) AND (TeamExp IS Low) AND (Length IS High),Very_High,0.9323253200192064,0.1461378116538514,8811.629018517611,1287.712181871738,3792.636617941155,0.2248427672955975,0.4,0.3333333333333333,2926.0
55,all,R20,IF (PointsAjust IS High) AND (TeamExp IS Low) AND (Length IS High),Very_High,0.8895219460850423,0.13942857479861787,8811.629018517611,1228.5928757060544,3792.636617941155,0.2248427672955975,0.4,0.3333333333333333,2926.0
56,all,R1,IF (PointsAjust IS Low) AND (TeamExp IS High) AND (Length IS Low),Very_Low,0.9660429937470418,0.12767778573066085,-4450.355385178039,-568.2115212940543,2256.4961325083113,0.0864779874213836,0.8,0.1515151515151515,1876.0
56,all,R2,IF (PointsAjust IS Low) AND (TeamExp IS Medium) AND (Length IS Low),Low,0.5859346943081606,0.07744049160986596,11548.006394908989,894.2832923356281,2256.4961325083113,0.0864779874213836,0.8,0.1515151515151515,1876.0
56,all,R3,IF (PointsAjust IS Low) AND (TeamExp IS High) AND (Length IS Medium),Low,0.6690517433325548,0.08842571777949983,11548.006394908989,1021.1407543920815,2256.4961325083113,0.0864779874213836,0.8,0.1515151515151515,1876.0
56,all,R4,IF (PointsAjust IS Medium) AND (TeamExp IS High) AND (Length IS Low),Low,0.39046842796005704,0.0516065481581728,11548.006394908989,595.9527481497582,2256.4961325083113,0.0864779874213836,0.8,0.1515151515151515,1876.0
56,all,R5,IF (PointsAjust IS Low) AND (TeamExp IS Low) AND (Length IS Low),Medium,0.3971521478877668,0.05248990693861786,-1384.0549666381476,-72.64891639676821,2256.4961325083113,0.0864779874213836,0.8,0.1515151515151515,1876.0
56,all,R6,IF (PointsAjust IS Medium) AND (TeamExp IS Medium) AND (Length IS Low),Medium,0.23683107320756824,0.031300953699868336,-1384.0549666381476,-43.32224042881347,2256.4961325083113,0.0864779874213836,0.8,0.1515151515151515,1876.0
56,all,R7,IF (PointsAjust IS Low) AND (TeamExp IS Medium) AND (Length IS Medium),Medium,0.40580039526538186,0.053632908940363155,-1384.0549666381476,-74.23089399416114,2256.4961325083113,0.0864779874213836,0.8,0.1515151515151515,1876.0
56,all,R8,IF (PointsAjust IS Medium) AND (TeamExp IS High) AND (Length IS Medium),Medium,0.27042645527576264,0.03574111218246873,-1384.0549666381476,-49.467663829317054,2256.4961325083113,0.0864779874213836,0.8,0.1515151515151515,1876.0
56,all,R9,IF (PointsAjust IS Low) AND (TeamExp IS Low) AND (Length IS Medium),High,0.27505539466927337,0.036352899376072285,-2223.830917645525,-80.84270157856626,2256.4961325083113,0.0864779874213836,0.8,0.1515151515151515,1876.0
56,all,R10,IF (PointsAjust IS Medium) AND (TeamExp IS Low) AND (Length IS Low),High,0.16052636978939971,0.021216086218475892,-2223.830917645525,-47.18098848407982,2256.4961325083113,0.0864779874213836,0.8,0.1515151515151515,1876.0
56,all,R11,IF (PointsAjust IS Medium) AND (TeamExp IS Medium) AND (Length IS Medium),Medium,0.16402193632215722,0.02167808035089599,-1384.0549666381476,-30.003654776838435,2256.4961325083113,0.0864779874213836,0.8,0.1515151515151515,1876.0
56,all,R12,IF (PointsAjust IS High) AND (TeamExp IS High) AND (Length IS Low),Medium,0.6914652630480635,0.09138801716599691,-1384.0549666381476,-126.48603904981032,2256.4961325083113,0.0864779874213836,0.8,0.1515151515151515,1876.0
56,all,R13,IF (PointsAjust IS High) AND (TeamExp IS Medium) AND (Length IS Low),High,0.4193948821649115,0.05542963434152156,-2223.830917645525,-123.26613460246179,2256.4961325083113,0.0864779874213836,0.8,0.1515151515151515,1876.0
56,all,R14,IF (PointsAjust IS High) AND (TeamExp IS High) AND (Length IS Medium),High,0.4788876299405666,0.06329253728910748,-2223.830917645525,-140.75190127974952,2256.4961325083113,0.0864779874213836,0.8,0.1515151515151515,1876.0
56,all,R15,IF (PointsAjust IS Medium) AND (TeamExp IS Low) AND (Length IS Medium),High,0.11117563944215822,0.014693610494609056,-2223.830917645525,-32.67610530975237,2256.4961325083113,0.0864779874213836,0.8,0.1515151515151515,1876.0
56,all,R16,IF (PointsAjust IS Low) AND (TeamExp IS Low) AND (Length IS High),High,0.3395154490677931,0.04487231007202729,-2223.830917645525,-99.78843048435098,2256.4961325083113,0.0864779874213836,0.8,0.1515151515151515,1876.0
56,all,R17,IF (PointsAjust IS Medium) AND (TeamExp IS High) AND (Length IS High),High,0.33380170388280916,0.04411714871982044,-2223.830917645525,-98.10907932150239,2256.4961325083113,0.0864779874213836,0.8,0.1515151515151515,1876.0
56,all,R18,IF (PointsAjust IS High) AND (TeamExp IS Medium) AND (Length IS Medium),Very_High,0.29046003011607124,0.0383888643968488,15027.546563438274,576.8904472411631,2256.4961325083113,0.0864779874213836,0.8,0.1515151515151515,1876.0
56,all,R19,IF (PointsAjust IS Medium) AND (TeamExp IS Low) AND (Length IS High),Very_High,0.13722998305846357,0.018137102060851607,15027.546563438274,272.5561457452798,2256.4961325083113,0.0864779874213836,0.8,0.1515151515151515,1876.0
56,all,R20,IF (PointsAjust IS High) AND (TeamExp IS Low) AND (Length IS High),Very_High,0.24301520824446415,0.032118284474255195,15027.546563438274,482.65901547462653,2256.4961325083113,0.0864779874213836,0.8,0.1515151515151515,1876.0
57,all,R1,IF (PointsAjust IS Low) AND (TeamExp IS High) AND (Length IS Low),Very_Low,0.13117145431019428,0.019424531214169954,-3618.524334743338,-70.28813888945554,2029.7538237439894,0.1226415094339622,0.4,0.1212121212121212,2520.0
57,all,R2,IF (PointsAjust IS Low) AND (TeamExp IS Medium) AND (Length IS Low),Low,0.5878696731223467,0.08705470923898609,9358.575025443497,814.7080277312205,2029.7538237439894,0.1226415094339622,0.4,0.1212121212121212,2520.0
57,all,R3,IF (PointsAjust IS Low) AND (TeamExp IS High) AND (Length IS Medium),Low,0.07043526453886607,0.010430409587272463,9358.575025443497,97.61377066859448,2029.7538237439894,0.1226415094339622,0.4,0.1212121212121212,2520.0
57,all,R4,IF (PointsAjust IS Medium) AND (TeamExp IS High) AND (Length IS Low),Low,0.07095458133645065,0.010507312640591284,9358.575025443497,98.33347366276436,2029.7538237439894,0.1226415094339622,0.4,0.1212121212121212,2520.0
57,all,R5,IF (PointsAjust IS Low) AND (TeamExp IS Low) AND (Length IS Low),Medium,0.9692332344763441,0.1435289508369313,-2548.2941756396963,-365.75398945342835,2029.7538237439894,0.1226415094339622,0.4,0.1212121212121212,2520.0
57,all,R6,IF (PointsAjust IS Medium) AND (TeamExp IS Medium) AND (Length IS Low),Medium,0.3179963716659842,0.04709050821996297,-2548.2941756396963,-120.00046782484488,2029.7538237439894,0.1226415094339622,0.4,0.1212121212121212,2520.0
57,all,R7,IF (PointsAjust IS Low) AND (TeamExp IS Medium) AND (Length IS Medium),Medium,0.31566895525020644,0.046745852646428374,-2548.2941756396963,-119.1221840342049,2029.7538237439894,0.1226415094339622,0.4,0.1212121212121212,2520.0
57,all,R8,IF (PointsAjust IS Medium) AND (TeamExp IS High) AND (Length IS Medium),Medium,0.03810055116762537,0.005642121979393966,-2548.2941756396963,-14.377786578338359,2029.7538237439894,0.1226415094339622,0.4,0.1212121212121212,2520.0
57,all,R9,IF (PointsAjust IS Low) AND (TeamExp IS Low) AND (Length IS Medium),High,0.5204501210207021,0.07707088157518031,-636.7237830332348,-49.07286327825524,2029.7538237439894,0.1226415094339622,0.4,0.1212121212121212,2520.0
57,all,R10,IF (PointsAjust IS Medium) AND (TeamExp IS Low) AND (Length IS Low),High,0.5242873819711715,0.07763912255033215,-636.7237830332348,-49.43467582162841,2029.7538237439894,0.1226415094339622,0.4,0.1212121212121212,2520.0
57,all,R11,IF (PointsAjust IS Medium) AND (TeamExp IS Medium) AND (Length IS Medium),Medium,0.17075482374180287,0.025286236408564113,-2548.2941756396963,-64.43676896379236,2029.7538237439894,0.1226415094339622,0.4,0.1212121212121212,2520.0
57,all,R12,IF (PointsAjust IS High) AND (TeamExp IS High) AND (Length IS Low),Medium,0.09832698108789073,0.014560755793864793,-2548.2941756396963,-37.105089182417615,2029.7538237439894,0.1226415094339622,0.4,0.1212121212121212,2520.0
57,all,R13,IF (PointsAjust IS High) AND (TeamExp IS Medium) AND (Length IS Low),High,0.4406709564609376,0.06525678009722552,-636.7237830332348,-41.550543892073335,2029.7538237439894,0.1226415094339622,0.4,0.1212121212121212,2520.0
57,all,R14,IF (PointsAjust IS High) AND (TeamExp IS High) AND (Length IS Medium),High,0.052798735522561174,0.00781870332703163,-636.7237830332348,-4.978354360802119,2029.7538237439894,0.1226415094339622,0.4,0.1212121212121212,2520.0
57,all,R15,IF (PointsAjust IS Medium) AND (TeamExp IS Low) AND (Length IS Medium),High,0.28152710997776154,0.04168995582275166,-636.7237830332348,-26.54498638595087,2029.7538237439894,0.1226415094339622,0.4,0.1212121212121212,2520.0
57,all,R16,IF (PointsAjust IS Low) AND (TeamExp IS Low) AND (Length IS High),High,0.8148102621687294,0.12066121744517729,-636.7237830332348,-76.82786683708902,2029.7538237439894,0.1226415094339622,0.4,0.1212121212121212,2520.0
57,all,R17,IF (PointsAjust IS Medium) AND (TeamExp IS High) AND (Length IS High),High,0.05964975092095529,0.008833236276709563,-636.7237830332348,-5.624331618532918,2029.7538237439894,0.1226415094339622,0.4,0.1212121212121212,2520.0
57,all,R18,IF (PointsAjust IS High) AND (TeamExp IS Medium) AND (Length IS Medium),Very_High,0.2366275159191326,0.03504099724497353,10821.086763717956,379.18167147506045,2029.7538237439894,0.1226415094339622,0.4,0.1212121212121212,2520.0
57,all,R19,IF (PointsAjust IS Medium) AND (TeamExp IS Low) AND (Length IS High),Very_High,0.44075535584217884,0.06526927838371627,10821.086763717956,706.2845243954546,2029.7538237439894,0.1226415094339622,0.4,0.1212121212121212,2520.0
57,all,R20,IF (PointsAjust IS High) AND (TeamExp IS Low) AND (Length IS High),Very_High,0.6107871080625612,0.09044843871073678,10821.086763717956,978.7504029317085,2029.7538237439894,0.1226415094339622,0.4,0.1212121212121212,2520.0
58,all,R1,IF (PointsAjust IS Low) AND (TeamExp IS High) AND (Length IS Low),Very_Low,0.1250729435766016,0.07279132719331072,-4872.3565754626525,-354.66530168698085,3624.181833160953,0.080188679245283,1.0,0.3636363636363636,1603.0
58,all,R2,IF (PointsAjust IS Low) AND (TeamExp IS Medium) AND (Length IS Low),Low,0.027907545930482634,0.01624194049406017,13317.516228901266,216.30230611849498,3624.181833160953,0.080188679245283,1.0,0.3636363636363636,1603.0
58,all,R3,IF (PointsAjust IS Low) AND (TeamExp IS High) AND (Length IS Medium),Low,0.30099266365933275,0.1751750205654505,13317.516228901266,2332.8961792785003,3624.181833160953,0.080188679245283,1.0,0.3636363636363636,1603.0
58,all,R4,IF (PointsAjust IS Medium) AND (TeamExp IS High) AND (Length IS Low),Low,0.04805558396461062,0.027967917247355745,13317.516228901266,372.46319183022774,3624.181833160953,0.080188679245283,1.0,0.3636363636363636,1603.0
58,all,R5,IF (PointsAjust IS Low) AND (TeamExp IS Low) AND (Length IS Low),Medium,0.027907545930482634,0.01624194049406017,-1328.2142591355164,-21.572776960241274,3624.181833160953,0.080188679245283,1.0,0.3636363636363636,1603.0
58,all,R6,IF (PointsAjust IS Medium) AND (TeamExp IS Medium) AND (Length IS Low),Medium,0.01072265014604988,0.006240485854420518,-1328.2142591355164,-8.288702295774819,3624.181833160953,0.080188679245283,1.0,0.3636363636363636,1603.0
58,all,R7,IF (PointsAjust IS Low) AND (TeamExp IS Medium) AND (Length IS Medium),Medium,0.06716054124580938,0.039086830392773456,-1328.2142591355164,-51.91568547209318,3624.181833160953,0.080188679245283,1.0,0.3636363636363636,1603.0
58,all,R8,IF (PointsAjust IS Medium) AND (TeamExp IS High) AND (Length IS Medium),Medium,0.11564753980827262,0.06730582705227263,-1328.2142591355164,-89.39655921373749,3624.181833160953,0.080188679245283,1.0,0.3636363636363636,1603.0
58,all,R9,IF (PointsAjust IS Low) AND (TeamExp IS Low) AND (Length IS Medium),High,0.06716054124580938,0.039086830392773456,-1026.4856929159685,-40.122072179614996,3624.181833160953,0.080188679245283,1.0,0.3636363636363636,1603.0
58,all,R10,IF (PointsAjust IS Medium) AND (TeamExp IS Low) AND (Length IS Low),High,0.01072265014604988,0.006240485854420518,-1026.4856929159685,-6.405769446407145,3624.181833160953,0.080188679245283,1.0,0.3636363636363636,1603.0
58,all,R11,IF (PointsAjust IS Medium) AND (TeamExp IS Medium) AND (Length IS Medium),Medium,0.025804454078191777,0.015017959969096108,-1328.2142591355164,-19.94706857407983,3624.181833160953,0.080188679245283,1.0,0.3636363636363636,1603.0
58,all,R12,IF (PointsAjust IS High) AND (TeamExp IS High) AND (Length IS Low),Medium,0.08934502678547625,0.05199800126118869,-1328.2142591355164,-69.06448672165739,3624.181833160953,0.080188679245283,1.0,0.3636363636363636,1603.0
58,all,R13,IF (PointsAjust IS High) AND (TeamExp IS Medium) AND (Length IS Low),High,0.019935570135109063,0.011602322348807287,-1026.4856929159685,-11.909617895649875,3624.181833160953,0.080188679245283,1.0,0.3636363636363636,1603.0
58,all,R14,IF (PointsAjust IS High) AND (TeamExp IS High) AND (Length IS Medium),High,0.2150121107560298,0.12513511281503484,-1026.4856929159685,-128.4494029860589,3624.181833160953,0.080188679245283,1.0,0.3636363636363636,1603.0
58,all,R15,IF (PointsAjust IS Medium) AND (TeamExp IS Low) AND (Length IS Medium),High,0.025804454078191777,0.015017959969096108,-1026.4856929159685,-15.415721045061895,3624.181833160953,0.080188679245283,1.0,0.3636363636363636,1603.0
58,all,R16,IF (PointsAjust IS Low) AND (TeamExp IS Low) AND (Length IS High),High,0.1290431849916659,0.07510197195480847,-1026.4856929159685,-77.09109972138721,3624.181833160953,0.080188679245283,1.0,0.3636363636363636,1603.0
58,all,R17,IF (PointsAjust IS Medium) AND (TeamExp IS High) AND (Length IS High),High,0.22220676898194525,0.12932233913265892,-1026.4856929159685,-132.74753089410126,3624.181833160953,0.080188679245283,1.0,0.3636363636363636,1603.0
58,all,R18,IF (PointsAjust IS High) AND (TeamExp IS Medium) AND (Length IS Medium),Very_High,0.04797568670684485,0.027921417762610555,15662.219284232831,437.31136772468017,3624.181833160953,0.080188679245283,1.0,0.3636363636363636,1603.0
58,all,R19,IF (PointsAjust IS Medium) AND (TeamExp IS Low) AND (Length IS High),Very_High,0.04958103194900658,0.02885571424143973,15662.219284232831,451.9445240525893,3624.181833160953,0.080188679245283,1.0,0.3636363636363636,1603.0
58,all,R20,IF (PointsAjust IS High) AND (TeamExp IS Low) AND (Length IS High),Very_High,0.09218114237874583,0.05364859500436144,15662.219284232831,840.2560592493069,3624.181833160953,0.080188679245283,1.0,0.3636363636363636,1603.0
59,all,R1,IF (PointsAjust IS Low) AND (TeamExp IS High) AND (Length IS Low),Very_Low,0.026942645908422647,0.004003914891155501,-2720.0921667656203,-10.891017531828298,3803.572589041024,0.360062893081761,0.4,0.2121212121212121,3626.0
59,all,R2,IF (PointsAjust IS Low) AND (TeamExp IS Medium) AND (Length IS Low),Low,0.1207485616937664,0.017944301606255434,12984.002149078528,232.98885061933382,3803.572589041024,0.360062893081761,0.4,0.2121212121212121,3626.0
59,all,R3,IF (PointsAjust IS Low) AND (TeamExp IS High) AND (Length IS Medium),Low,0.029308982953891165,0.004355573453794385,12984.002149078528,56.552775084535675,3803.572589041024,0.360062893081761,0.4,0.2121212121212121,3626.0
59,all,R4,IF (PointsAjust IS Medium) AND (TeamExp IS High) AND (Length IS Low),Low,0.09872346175289996,0.014671177432328075,12984.002149078528,190.49059931086012,3803.572589041024,0.360062893081761,0.4,0.2121212121212121,3626.0
59,all,R5,IF (PointsAjust IS Low) AND (TeamExp IS Low) AND (Length IS Low),Medium,0.19908072207095928,0.0295851517460918,-2394.2321038793334,-70.83372010863471,3803.572589041024,0.360062893081761,0.4,0.2121212121212121,3626.0
59,all,R6,IF (PointsAjust IS Medium) AND (TeamExp IS Medium) AND (Length IS Low),Medium,0.4424478595239099,0.06575165554745524,-2394.2321038793334,-157.424724594933,3803.572589041024,0.360062893081761,0.4,0.2121212121212121,3626.0
59,all,R7,IF (PointsAjust IS Low) AND (TeamExp IS Medium) AND (Length IS Medium),Medium,0.1313537485671787,0.019520325942924913,-2394.2321038793334,-46.73619105073945,3803.572589041024,0.360062893081761,0.4,0.2121212121212121,3626.0
59,all,R8,IF (PointsAjust IS Medium) AND (TeamExp IS High) AND (Length IS Medium),Medium,0.10739421315559536,0.01595972759094136,-2394.2321038793334,-38.21129216740057,3803.572589041024,0.360062893081761,0.4,0.2121212121212121,3626.0
59,all,R9,IF (PointsAjust IS Low) AND (TeamExp IS Low) AND (Length IS Medium),High,0.21656571924890394,0.032183576593099825,2050.424038347035,65.98997908647486,3803.572589041024,0.360062893081761,0.4,0.2121212121212121,3626.0
59,all,R10,IF (PointsAjust IS Medium) AND (TeamExp IS Low) AND (Length IS Low),High,0.7294731971728122,0.10840615308483748,2050.424038347035,222.27858218987936,3803.572589041024,0.360062893081761,0.4,0.2121212121212121,3626.0
59,all,R11,IF (PointsAjust IS Medium) AND (TeamExp IS Medium) AND (Length IS Medium),Medium,0.4813074713169883,0.07152653670989477,-2394.2321038793334,-171.25113047013372,3803.572589041024,0.360062893081761,0.4,0.2121212121212121,3626.0
59,all,R12,IF (PointsAjust IS High) AND (TeamExp IS High) AND (Length IS Low),Medium,0.11878731655196903,0.017652843274540732,-2394.2321038793334,-42.2650040926558,3803.572589041024,0.360062893081761,0.4,0.2121212121212121,3626.0
59,all,R13,IF (PointsAjust IS High) AND (TeamExp IS Medium) AND (Length IS Low),High,0.5323678182857476,0.07911455476390003,2050.424038347035,162.21838487102357,3803.572589041024,0.360062893081761,0.4,0.2121212121212121,3626.0
59,all,R14,IF (PointsAjust IS High) AND (TeamExp IS High) AND (Length IS Medium),High,0.12922024985199235,0.019203269210448414,2050.424038347035,39.37484480395292,3803.572589041024,0.360062893081761,0.4,0.2121212121212121,3626.0
59,all,R15,IF (PointsAjust IS Medium) AND (TeamExp IS Low) AND (Length IS Medium),High,0.7935418657072101,0.117927322493117,2050.424038347035,241.80101681779013,3803.572589041024,0.360062893081761,0.4,0.2121212121212121,3626.0
59,all,R16,IF (PointsAjust IS Low) AND (TeamExp IS Low) AND (Length IS High),High,0.2082439816569676,0.030946892966039048,2050.424038347035,63.45425324971924,3803.572589041024,0.360062893081761,0.4,0.2121212121212121,3626.0
59,all,R17,IF (PointsAjust IS Medium) AND (TeamExp IS High) AND (Length IS High),High,0.10326749142016602,0.0153464603318792,2050.424038347035,31.46675116802433,3803.572589041024,0.360062893081761,0.4,0.2121212121212121,3626.0
59,all,R18,IF (PointsAjust IS High) AND (TeamExp IS Medium) AND (Length IS Medium),Very_High,0.5791249814280282,0.08606308173522614,9034.130846710974,777.5051414672143,3803.572589041024,0.360062893081761,0.4,0.2121212121212121,3626.0
59,all,R19,IF (PointsAjust IS Medium) AND (TeamExp IS Low) AND (Length IS High),Very_High,0.7630492872994462,0.11339585631226928,9034.130846710974,1024.4330033998772,3803.572589041024,0.360062893081761,0.4,0.2121212121212121,3626.0
59,all,R20,IF (PointsAjust IS High) AND (TeamExp IS Low) AND (Length IS High),Very_High,0.9181260019230549,0.13644162431380147,9034.130846710974,1232.631486988664,3803.572589041024,0.360062893081761,0.4,0.2121212121212121,3626.0
60,all,R1,IF (PointsAjust IS Low) AND (TeamExp IS High) AND (Length IS Low),Very_Low,0.05697127057189946,0.007436787520240207,-2967.783307686103,-22.070773865377213,4230.1507891928495,0.3883647798742138,0.6,0.2727272727272727,6783.0
60,all,R2,IF (PointsAjust IS Low) AND (TeamExp IS Medium) AND (Length IS Low),Low,0.09392974561070291,0.012261189770297292,14858.187269070853,182.179053748693,4230.1507891928495,0.3883647798742138,0.6,0.2727272727272727,6783.0
60,all,R3,IF (PointsAjust IS Low) AND (TeamExp IS High) AND (Length IS Medium),Low,0.09017306688483552,0.011770808896119237,14858.187269070853,174.89288288698478,4230.1507891928495,0.3883647798742138,0.6,0.2727272727272727,6783.0
60,all,R4,IF (PointsAjust IS Medium) AND (TeamExp IS High) AND (Length IS Low),Low,0.26222642293083875,0.03422992273040811,14858.187269070853,508.5946021342288,4230.1507891928495,0.3883647798742138,0.6,0.2727272727272727,6783.0
60,all,R5,IF (PointsAjust IS Low) AND (TeamExp IS Low) AND (Length IS Low),Medium,0.07521306055695072,0.00981799325333799,-1858.8468933650015,-18.250146258045866,4230.1507891928495,0.3883647798742138,0.6,0.2727272727272727,6783.0
60,all,R6,IF (PointsAjust IS Medium) AND (TeamExp IS Medium) AND (Length IS Low),Medium,0.4323382812256818,0.056435601700045676,-1858.8468933650015,-104.9051428953145,4230.1507891928495,0.3883647798742138,0.6,0.2727272727272727,6783.0
60,all,R7,IF (PointsAjust IS Low) AND (TeamExp IS Medium) AND (Length IS Medium),Medium,0.1486702534172937,0.019406783000378087,-1858.8468933650015,-36.07423829046153,4230.1507891928495,0.3883647798742138,0.6,0.2727272727272727,6783.0
60,all,R8,IF (PointsAjust IS Medium) AND (TeamExp IS High) AND (Length IS Medium),Medium,0.41504710245266563,0.05417848471426381,-1858.8468933650015,-100.7095079983325,4230.1507891928495,0.3883647798742138,0.6,0.2727272727272727,6783.0
60,all,R9,IF (PointsAjust IS Low) AND (TeamExp IS Low) AND (Length IS Medium),High,0.11904583261234748,0.01553973701869281,2049.1272125008127,31.842898000109688,4230.1507891928495,0.3883647798742138,0.6,0.2727272727272727,6783.0
60,all,R10,IF (PointsAjust IS Medium) AND (TeamExp IS Low) AND (Length IS Low),High,0.34618943249016904,0.04519009713734197,2049.1272125008127,92.60025777968251,4230.1507891928495,0.3883647798742138,0.6,0.2727272727272727,6783.0
60,all,R11,IF (PointsAjust IS Medium) AND (TeamExp IS Medium) AND (Length IS Medium),Medium,0.6842969861561652,0.0893252201627085,-1858.8468933650015,-166.0419079985955,4230.1507891928495,0.3883647798742138,0.6,0.2727272727272727,6783.0
60,all,R12,IF (PointsAjust IS High) AND (TeamExp IS High) AND (Length IS Low),Medium,0.36775482838752527,0.04800515226018845,-1858.8468933650015,-89.23422814436518,4230.1507891928495,0.3883647798742138,0.6,0.2727272727272727,6783.0
60,all,R13,IF (PointsAjust IS High) AND (TeamExp IS Medium) AND (Length IS Low),High,0.6063252079651883,0.07914711563457104,2049.1272125008127,162.18250843774806,4230.1507891928495,0.3883647798742138,0.6,0.2727272727272727,6783.0
60,all,R14,IF (PointsAjust IS High) AND (TeamExp IS High) AND (Length IS Medium),High,0.5820754988351297,0.0759816616712391,2049.1272125008127,155.696090581566,4230.1507891928495,0.3883647798742138,0.6,0.2727272727272727,6783.0
60,all,R15,IF (PointsAjust IS Medium) AND (TeamExp IS Low) AND (Length IS Medium),High,0.5479421915184868,0.07152604480805931,2049.1272125008127,146.5659648187468,4230.1507891928495,0.3883647798742138,0.6,0.2727272727272727,6783.0
60,all,R16,IF (PointsAjust IS Low) AND (TeamExp IS Low) AND (Length IS High),High,0.12048495537720089,0.015727593987833924,2049.1272125008127,32.227840827634665,4230.1507891928495,0.3883647798742138,0.6,0.2727272727272727,6783.0
60,all,R17,IF (PointsAjust IS Medium) AND (TeamExp IS High) AND (Length IS High),High,0.4200645291069114,0.054833438264561135,2049.1272125008127,112.36069050289557,4230.1507891928495,0.3883647798742138,0.6,0.2727272727272727,6783.0
60,all,R18,IF (PointsAjust IS High) AND (TeamExp IS Medium) AND (Length IS Medium),Very_High,0.959680256082866,0.12527258178051257,10589.700231731911,1326.5990883107488,4230.1507891928495,0.3883647798742138,0.6,0.2727272727272727,6783.0
60,all,R19,IF (PointsAjust IS Medium) AND (TeamExp IS Low) AND (Length IS High),Very_High,0.5545661620039192,0.07239070976192118,10589.700231731911,766.5959159410542,4230.1507891928495,0.3883647798742138,0.6,0.2727272727272727,6783.0
60,all,R20,IF (PointsAjust IS High) AND (TeamExp IS Low) AND (Length IS High),Very_High,0.777741546629225,0.10152307592727958,10589.700231731911,1075.098940673249,4230.1507891928495,0.3883647798742138,0.6,0.2727272727272727,6783.0
61,all,R1,IF (PointsAjust IS Low) AND (TeamExp IS High) AND (Length IS Low),Very_Low,0.09555853125350597,0.021416002605945516,-4072.430488069873,-87.21518194503636,1650.5827232303486,0.0078616352201257,0.4,0.1515151515151515,1267.0
61,all,R2,IF (PointsAjust IS Low) AND (TeamExp IS Medium) AND (Length IS Low),Low,0.42826362509639615,0.09597986480939756,7796.758509941874,748.3318277357411,1650.5827232303486,0.0078616352201257,0.4,0.1515151515151515,1267.0
61,all,R3,IF (PointsAjust IS Low) AND (TeamExp IS High) AND (Length IS Medium),Low,0.06618090741228189,0.014832066451976439,7796.758509941874,115.64204032947067,1650.5827232303486,0.0078616352201257,0.4,0.1515151515151515,1267.0
61,all,R4,IF (PointsAjust IS Medium) AND (TeamExp IS High) AND (Length IS Low),Low,0.020499660811082523,0.004594260539506096,7796.758509941874,35.8203399582843,1650.5827232303486,0.0078616352201257,0.4,0.1515151515151515,1267.0
61,all,R5,IF (PointsAjust IS Low) AND (TeamExp IS Low) AND (Length IS Low),Medium,0.7060873481635733,0.1582440446701764,-2828.7749999126972,-447.6367974480631,1650.5827232303486,0.0078616352201257,0.4,0.1515151515151515,1267.0
61,all,R6,IF (PointsAjust IS Medium) AND (TeamExp IS Medium) AND (Length IS Low),Medium,0.09187310580266611,0.020590047246189937,-2828.7749999126972,-58.24461089704337,1650.5827232303486,0.0078616352201257,0.4,0.1515151515151515,1267.0
61,all,R7,IF (PointsAjust IS Low) AND (TeamExp IS Medium) AND (Length IS Medium),Medium,0.2966022494146792,0.0664727101083507,-2828.7749999126972,-188.0363405309465,1650.5827232303486,0.0078616352201257,0.4,0.1515151515151515,1267.0
61,all,R8,IF (PointsAjust IS Medium) AND (TeamExp IS High) AND (Length IS Medium),Medium,0.014197436234367198,0.003181843917068344,-2828.7749999126972,-9.000720526227221,1650.5827232303486,0.0078616352201257,0.4,0.1515151515151515,1267.0
61,all,R9,IF (PointsAjust IS Low) AND (TeamExp IS Low) AND (Length IS Medium),High,0.4890144375474861,0.10959497107672117,-1219.177064422266,-133.61567511276007,1650.5827232303486,0.0078616352201257,0.4,0.1515151515151515,1267.0
61,all,R10,IF (PointsAjust IS Medium) AND (TeamExp IS Low) AND (Length IS Low),High,0.15147314374213894,0.03394724885951394,-1219.177064422266,-41.387707209754325,1650.5827232303486,0.0078616352201257,0.4,0.1515151515151515,1267.0
61,all,R11,IF (PointsAjust IS Medium) AND (TeamExp IS Medium) AND (Length IS Medium),Medium,0.06362849479838509,0.014260035106646855,-2828.7749999126972,-40.338430807560016,1650.5827232303486,0.0078616352201257,0.4,0.1515151515151515,1267.0
61,all,R12,IF (PointsAjust IS High) AND (TeamExp IS High) AND (Length IS Low),Medium,0.07586468569090846,0.01700233652760463,-2828.7749999126972,-48.095784509390434,1650.5827232303486,0.0078616352201257,0.4,0.1515151515151515,1267.0
61,all,R13,IF (PointsAjust IS High) AND (TeamExp IS Medium) AND (Length IS Low),High,0.3400019326855771,0.07619918578597533,-1219.177064422266,-92.90029963791227,1650.5827232303486,0.0078616352201257,0.4,0.1515151515151515,1267.0
61,all,R14,IF (PointsAjust IS High) AND (TeamExp IS High) AND (Length IS Medium),High,0.0525415540999922,0.011775296718832484,-1219.177064422266,-14.35617168636733,1650.5827232303486,0.0078616352201257,0.4,0.1515151515151515,1267.0
61,all,R15,IF (PointsAjust IS Medium) AND (TeamExp IS Low) AND (Length IS Medium),High,0.10490565279672993,0.023510823201259235,-1219.177064422266,-28.66385641266214,1650.5827232303486,0.0078616352201257,0.4,0.1515151515151515,1267.0
61,all,R16,IF (PointsAjust IS Low) AND (TeamExp IS Low) AND (Length IS High),High,0.6036164335704123,0.1352788803339964,-1219.177064422266,-164.92890820393276,1650.5827232303486,0.0078616352201257,0.4,0.1515151515151515,1267.0
61,all,R17,IF (PointsAjust IS Medium) AND (TeamExp IS High) AND (Length IS High),High,0.017524647878724223,0.003927518555547763,-1219.177064422266,-4.7883405430167,1650.5827232303486,0.0078616352201257,0.4,0.1515151515151515,1267.0
61,all,R18,IF (PointsAjust IS High) AND (TeamExp IS Medium) AND (Length IS Medium),Very_High,0.23547490874851124,0.05277321860477924,11152.626488163309,588.5599956772936,1650.5827232303486,0.0078616352201257,0.4,0.1515151515151515,1267.0
61,all,R19,IF (PointsAjust IS Medium) AND (TeamExp IS Low) AND (Length IS High),Very_High,0.12949060628989928,0.029020654936533493,11152.626488163309,323.6565249490307,1650.5827232303486,0.0078616352201257,0.4,0.1515151515151515,1267.0
61,all,R20,IF (PointsAjust IS High) AND (TeamExp IS Low) AND (Length IS High),Very_High,0.4792159361386829,0.10739898994397862,11152.626488163309,1197.7808200512009,1650.5827232303486,0.0078616352201257,0.4,0.1515151515151515,1267.0
62,all,R1,IF (PointsAjust IS Low) AND (TeamExp IS High) AND (Length IS Low),Very_Low,0.12108651365304808,0.02184335388107792,-3832.3223671176793,-83.71077365132167,1764.9620462992116,0.0676100628930817,0.4,0.1212121212121212,2548.0
62,all,R2,IF (PointsAjust IS Low) AND (TeamExp IS Medium) AND (Length IS Low),Low,0.5426721048042066,0.09789512034835349,8572.41101610594,839.1972080972422,1764.9620462992116,0.0676100628930817,0.4,0.1212121212121212,2548.0
62,all,R3,IF (PointsAjust IS Low) AND (TeamExp IS High) AND (Length IS Medium),Low,0.06501994405789423,0.011729247168301152,8572.41101610594,100.5479276361742,1764.9620462992116,0.0676100628930817,0.4,0.1212121212121212,2548.0
62,all,R4,IF (PointsAjust IS Medium) AND (TeamExp IS High) AND (Length IS Low),Low,0.0420395735241195,0.007583712287960655,8572.41101610594,65.0106987602919,1764.9620462992116,0.0676100628930817,0.4,0.1212121212121212,2548.0
62,all,R5,IF (PointsAjust IS Low) AND (TeamExp IS Low) AND (Length IS Low),Medium,0.8947150422063044,0.1614017672160793,-2642.463524451258,-426.4982826504624,1764.9620462992116,0.0676100628930817,0.4,0.1212121212121212,2548.0
62,all,R6,IF (PointsAjust IS Medium) AND (TeamExp IS Medium) AND (Length IS Low),Medium,0.18840829718471988,0.033987840473541746,-2642.463524451258,-89.81162872620223,1764.9620462992116,0.0676100628930817,0.4,0.1212121212121212,2548.0
62,all,R7,IF (PointsAjust IS Low) AND (TeamExp IS Medium) AND (Length IS Medium),Medium,0.29139917263825704,0.05256683883746899,-2642.463524451258,-138.90595422371956,1764.9620462992116,0.0676100628930817,0.4,0.1212121212121212,2548.0
62,all,R8,IF (PointsAjust IS Medium) AND (TeamExp IS High) AND (Length IS Medium),Medium,0.022574031048478976,0.004072233429126847,-2642.463524451258,-10.760728299518759,1764.9620462992116,0.0676100628930817,0.4,0.1212121212121212,2548.0
62,all,R9,IF (PointsAjust IS Low) AND (TeamExp IS Low) AND (Length IS Medium),High,0.480436014193113,0.08666806532480069,-1056.2042378823096,-91.53917788511534,1764.9620462992116,0.0676100628930817,0.4,0.1212121212121212,2548.0
62,all,R10,IF (PointsAjust IS Medium) AND (TeamExp IS Low) AND (Length IS Low),High,0.3106327671448386,0.056036475533890975,-1056.2042378823096,-59.185962934884,1764.9620462992116,0.0676100628930817,0.4,0.1212121212121212,2548.0
62,all,R11,IF (PointsAjust IS Medium) AND (TeamExp IS Medium) AND (Length IS Medium),Medium,0.10116978822344037,0.01825048405118309,-2642.463524451258,-48.22623840883074,1764.9620462992116,0.0676100628930817,0.4,0.1212121212121212,2548.0
62,all,R12,IF (PointsAjust IS High) AND (TeamExp IS High) AND (Length IS Low),Medium,0.08661625231008013,0.015625104679146788,-2642.463524451258,-41.28876918037806,1764.9620462992116,0.0676100628930817,0.4,0.1212121212121212,2548.0
62,all,R13,IF (PointsAjust IS High) AND (TeamExp IS Medium) AND (Length IS Low),High,0.3881871112917304,0.07002686086342035,-1056.2042378823096,-73.96266720953942,1764.9620462992116,0.0676100628930817,0.4,0.1212121212121212,2548.0
62,all,R14,IF (PointsAjust IS High) AND (TeamExp IS High) AND (Length IS Medium),High,0.04651041399905805,0.008390227792401977,-1056.2042378823096,-8.861794151132903,1764.9620462992116,0.0676100628930817,0.4,0.1212121212121212,2548.0
62,all,R15,IF (PointsAjust IS Medium) AND (TeamExp IS Low) AND (Length IS Medium),High,0.1668007817962134,0.030089961255758996,-1056.2042378823096,-31.781144596047152,1764.9620462992116,0.0676100628930817,0.4,0.1212121212121212,2548.0
62,all,R16,IF (PointsAjust IS Low) AND (TeamExp IS Low) AND (Length IS High),High,0.7521646722115344,0.13568644943431268,-1056.2042378823096,-143.31260291572477,1764.9620462992116,0.0676100628930817,0.4,0.1212121212121212,2548.0
62,all,R17,IF (PointsAjust IS Medium) AND (TeamExp IS High) AND (Length IS High),High,0.03534162336391223,0.006375438210085698,-1056.2042378823096,-6.73376485584932,1764.9620462992116,0.0676100628930817,0.4,0.1212121212121212,2548.0
62,all,R18,IF (PointsAjust IS High) AND (TeamExp IS Medium) AND (Length IS Medium),Very_High,0.20844521407647706,0.037602392194854624,11084.208731723378,416.7927638998946,1764.9620462992116,0.0676100628930817,0.4,0.1212121212121212,2548.0
62,all,R19,IF (PointsAjust IS Medium) AND (TeamExp IS Low) AND (Length IS High),Very_High,0.2611412376632256,0.04710847058958923,11084.208731723378,522.1601210472589,1764.9620462992116,0.0676100628930817,0.4,0.1212121212121212,2548.0
62,all,R20,IF (PointsAjust IS High) AND (TeamExp IS Low) AND (Length IS High),Very_High,0.5380424546178433,0.09705995642864486,11084.208731723378,1075.832816547076,1764.9620462992116,0.0676100628930817,0.4,0.1212121212121212,2548.0
63,all,R1,IF (PointsAjust IS Low) AND (TeamExp IS High) AND (Length IS Low),Very_Low,0.5859346943081606,0.08109629824359796,-4482.293556961103,-363.4974151106751,2960.1049477516867,0.0864779874213836,0.8,0.2727272727272727,1155.0
63,all,R2,IF (PointsAjust IS Low) AND (TeamExp IS Medium) AND (Length IS Low),Low,0.35538735668724875,0.04918739127394193,11859.594353661552,583.3425078237832,2960.1049477516867,0.0864779874213836,0.8,0.2727272727272727,1155.0
63,all,R3,IF (PointsAjust IS Low) AND (TeamExp IS High) AND (Length IS Medium),Low,0.9274065305128729,0.12835771174180988,11859.594353661552,1522.2703934220856,2960.1049477516867,0.0864779874213836,0.8,0.2727272727272727,1155.0
63,all,R4,IF (PointsAjust IS Medium) AND (TeamExp IS High) AND (Length IS Low),Low,0.23683107320756824,0.03277860746728758,11859.594353661552,388.7409880399322,2960.1049477516867,0.0864779874213836,0.8,0.2727272727272727,1155.0
63,all,R5,IF (PointsAjust IS Low) AND (TeamExp IS Low) AND (Length IS Low),Medium,0.2408849542646565,0.03333968492257955,-1720.3368393594087,-57.35548818494903,2960.1049477516867,0.0864779874213836,0.8,0.2727272727272727,1155.0
63,all,R6,IF (PointsAjust IS Medium) AND (TeamExp IS Medium) AND (Length IS Low),Medium,0.14364530707303733,0.019881230411595383,-1720.3368393594087,-34.202413088860155,2960.1049477516867,0.0864779874213836,0.8,0.2727272727272727,1155.0
63,all,R7,IF (PointsAjust IS Low) AND (TeamExp IS Medium) AND (Length IS Medium),Medium,0.5625004947737772,0.07785288758196396,-1720.3368393594087,-133.93319055775925,2960.1049477516867,0.0864779874213836,0.8,0.2727272727272727,1155.0
63,all,R8,IF (PointsAjust IS Medium) AND (TeamExp IS High) AND (Length IS Medium),Medium,0.3748518154918413,0.05188136992327121,-1720.3368393594087,-89.25343195543668,2960.1049477516867,0.0864779874213836,0.8,0.2727272727272727,1155.0
63,all,R9,IF (PointsAjust IS Low) AND (TeamExp IS Low) AND (Length IS Medium),High,0.38126822299047086,0.05276943287843675,-1053.9785341750814,-55.617849514465114,2960.1049477516867,0.0864779874213836,0.8,0.2727272727272727,1155.0
63,all,R10,IF (PointsAjust IS Medium) AND (TeamExp IS Low) AND (Length IS Low),High,0.09736416496963873,0.013475688395512588,-1053.9785341750814,-14.203086302102513,2960.1049477516867,0.0864779874213836,0.8,0.2727272727272727,1155.0
63,all,R11,IF (PointsAjust IS Medium) AND (TeamExp IS Medium) AND (Length IS Medium),Medium,0.22735911894474484,0.031467641526356865,-1720.3368393594087,-54.13494296554765,2960.1049477516867,0.0864779874213836,0.8,0.2727272727272727,1155.0
63,all,R12,IF (PointsAjust IS High) AND (TeamExp IS High) AND (Length IS Low),Medium,0.4193948821649115,0.05804635358901736,-1720.3368393594087,-99.85928046966879,2960.1049477516867,0.0864779874213836,0.8,0.2727272727272727,1155.0
63,all,R13,IF (PointsAjust IS High) AND (TeamExp IS Medium) AND (Length IS Low),High,0.2543758545595859,0.03520689313625948,-1053.9785341750814,-37.1073096206135,2960.1049477516867,0.0864779874213836,0.8,0.2727272727272727,1155.0
63,all,R14,IF (PointsAjust IS High) AND (TeamExp IS High) AND (Length IS Medium),High,0.6638104149860352,0.09187468827814774,-1053.9785341750814,-96.83394927919468,2960.1049477516867,0.0864779874213836,0.8,0.2727272727272727,1155.0
63,all,R15,IF (PointsAjust IS Medium) AND (TeamExp IS Low) AND (Length IS Medium),High,0.15410618846762844,0.021329068823806727,-1053.9785341750814,-22.480380694235244,2960.1049477516867,0.0864779874213836,0.8,0.2727272727272727,1155.0
63,all,R16,IF (PointsAjust IS Low) AND (TeamExp IS Low) AND (Length IS High),High,0.38587730310004104,0.053407352665104574,-1053.9785341750814,-56.29020327613855,2960.1049477516867,0.0864779874213836,0.8,0.2727272727272727,1155.0
63,all,R17,IF (PointsAjust IS Medium) AND (TeamExp IS High) AND (Length IS High),High,0.37938332885340176,0.05250855408327025,-1053.9785341750814,-55.342888864338164,2960.1049477516867,0.0864779874213836,0.8,0.2727272727272727,1155.0
63,all,R18,IF (PointsAjust IS High) AND (TeamExp IS Medium) AND (Length IS Medium),Very_High,0.4026213689255968,0.05572481529223748,14158.516471003015,788.980715158745,2960.1049477516867,0.0864779874213836,0.8,0.2727272727272727,1155.0
63,all,R19,IF (PointsAjust IS Medium) AND (TeamExp IS Low) AND (Length IS High),Very_High,0.15596914930516348,0.021586911940393756,14158.516471003015,305.6386482661566,2960.1049477516867,0.0864779874213836,0.8,0.2727272727272727,1155.0
63,all,R20,IF (PointsAjust IS High) AND (TeamExp IS Low) AND (Length IS High),Very_High,0.27619966463129714,0.038227417825409095,14158.516471003015,541.2435249249689,2960.1049477516867,0.0864779874213836,0.8,0.2727272727272727,1155.0
64,all,R1,IF (PointsAjust IS Low) AND (TeamExp IS High) AND (Length IS Low),Very_Low,0.009954012011589032,0.003004320467221522,-3535.282672506148,-10.621122090423821,1213.2865606301534,0.0581761006289308,0.2,0.1515151515151515,546.0
64,all,R2,IF (PointsAjust IS Low) AND (TeamExp IS Medium) AND (Length IS Low),Low,0.1212646912159533,0.03660011594794406,7201.4588112366255,263.5742274856039,1213.2865606301534,0.0581761006289308,0.2,0.1515151515151515,546.0
64,all,R3,IF (PointsAjust IS Low) AND (TeamExp IS High) AND (Length IS Medium),Low,0.006893843371996636,0.002080700195679453,7201.4588112366255,14.984076757717569,1213.2865606301534,0.0581761006289308,0.2,0.1515151515151515,546.0
64,all,R4,IF (PointsAjust IS Medium) AND (TeamExp IS High) AND (Length IS Low),Low,0.0032029282934375788,0.0009667079983241138,7201.4588112366255,6.961707832424111,1213.2865606301534,0.0581761006289308,0.2,0.1515151515151515,546.0
64,all,R5,IF (PointsAjust IS Low) AND (TeamExp IS Low) AND (Length IS Low),Medium,0.7174860212913196,0.2165516714467718,-3397.773505628286,-735.7935318413626,1213.2865606301534,0.0581761006289308,0.2,0.1515151515151515,546.0
64,all,R6,IF (PointsAjust IS Medium) AND (TeamExp IS Medium) AND (Length IS Low),Medium,0.039019654591369614,0.011776914351347268,-3397.773505628286,-40.01528756106128,1213.2865606301534,0.0581761006289308,0.2,0.1515151515151515,546.0
64,all,R7,IF (PointsAjust IS Low) AND (TeamExp IS Medium) AND (Length IS Medium),Medium,0.08398420524538475,0.02534811756789949,-3397.773505628286,-86.1271622897598,1213.2865606301534,0.0581761006289308,0.2,0.1515151515151515,546.0
64,all,R8,IF (PointsAjust IS Medium) AND (TeamExp IS High) AND (Length IS Medium),Medium,0.002218249883663771,0.0006695123051030908,-3397.773505628286,-2.2748511719714033,1213.2865606301534,0.0581761006289308,0.2,0.1515151515151515,546.0
64,all,R9,IF (PointsAjust IS Low) AND (TeamExp IS Low) AND (Length IS Medium),High,0.49690880889240524,0.14997704474939674,-33.69625419928525,-5.053664623933252,1213.2865606301534,0.0581761006289308,0.2,0.1515151515151515,546.0
64,all,R10,IF (PointsAjust IS Medium) AND (TeamExp IS Low) AND (Length IS Low),High,0.23086734023069244,0.0696803936604191,-33.69625419928525,-2.3479682574877465,1213.2865606301534,0.0581761006289308,0.2,0.1515151515151515,546.0
64,all,R11,IF (PointsAjust IS Medium) AND (TeamExp IS Medium) AND (Length IS Medium),Medium,0.027023815811065093,0.008156329613535072,-3397.773505628286,-27.713360664040863,1213.2865606301534,0.0581761006289308,0.2,0.1515151515151515,546.0
64,all,R12,IF (PointsAjust IS High) AND (TeamExp IS High) AND (Length IS Low),Medium,0.007161241612455352,0.002161406347708789,-3397.773505628286,-7.343969223141722,1213.2865606301534,0.0581761006289308,0.2,0.1515151515151515,546.0
64,all,R13,IF (PointsAjust IS High) AND (TeamExp IS Medium) AND (Length IS Low),High,0.08724178269487579,0.026331319777588496,-33.69625419928525,-0.8872668446282891,1213.2865606301534,0.0581761006289308,0.2,0.1515151515151515,546.0
64,all,R14,IF (PointsAjust IS High) AND (TeamExp IS High) AND (Length IS Medium),High,0.004959656264008343,0.0014969237335655005,-33.69625419928525,-0.05044072264316625,1213.2865606301534,0.0581761006289308,0.2,0.1515151515151515,546.0
64,all,R15,IF (PointsAjust IS Medium) AND (TeamExp IS Low) AND (Length IS Medium),High,0.15989163780462212,0.0482585031477486,-33.69625419928525,-1.6261307893435442,1213.2865606301534,0.0581761006289308,0.2,0.1515151515151515,546.0
64,all,R16,IF (PointsAjust IS Low) AND (TeamExp IS Low) AND (Length IS High),High,0.6133608744511334,0.18512461374981418,-33.69625419928525,-6.238006043458236,1213.2865606301534,0.0581761006289308,0.2,0.1515151515151515,546.0
64,all,R17,IF (PointsAjust IS Medium) AND (TeamExp IS High) AND (Length IS High),High,0.002738103378420367,0.0008264145162351985,-33.69625419928525,-0.027847073613040594,1213.2865606301534,0.0581761006289308,0.2,0.1515151515151515,546.0
64,all,R18,IF (PointsAjust IS High) AND (TeamExp IS Medium) AND (Length IS Medium),Very_High,0.06042098248344683,0.018236264343795418,8786.653531202708,160.23573649235604,1213.2865606301534,0.0581761006289308,0.2,0.1515151515151515,546.0
64,all,R19,IF (PointsAjust IS Medium) AND (TeamExp IS Low) AND (Length IS High),Very_High,0.19736272134089317,0.05956802769583234,8786.653531202708,523.4036209003659,1213.2865606301534,0.0581761006289308,0.2,0.1515151515151515,546.0
64,all,R20,IF (PointsAjust IS High) AND (TeamExp IS Low) AND (Length IS High),Very_High,0.4412718622860355,0.13318469838406982,8786.653531202708,1170.2478003585547,1213.2865606301534,0.0581761006289308,0.2,0.1515151515151515,546.0
65,all,R1,IF (PointsAjust IS Low) AND (TeamExp IS High) AND (Length IS Low),Very_Low,0.1259253098791159,0.019849085771146573,-3871.3631268635486,-76.84301875636876,3765.521926006037,0.1619496855345912,0.6,0.3636363636363636,2275.0
65,all,R2,IF (PointsAjust IS Low) AND (TeamExp IS Medium) AND (Length IS Low),Low,0.2076157369172034,0.03272560991484061,11857.374885432178,388.0398251146813,3765.521926006037,0.1619496855345912,0.6,0.3636363636363636,2275.0
65,all,R3,IF (PointsAjust IS Low) AND (TeamExp IS High) AND (Length IS Medium),Low,0.30304391468510006,0.04776755888695381,11857.374885432178,566.3978530845687,3765.521926006037,0.1619496855345912,0.6,0.3636363636363636,2275.0
65,all,R4,IF (PointsAjust IS Medium) AND (TeamExp IS High) AND (Length IS Low),Low,0.0934997105162188,0.014737972655341398,11857.374885432178,174.75366682563129,3765.521926006037,0.1619496855345912,0.6,0.3636363636363636,2275.0
65,all,R5,IF (PointsAjust IS Low) AND (TeamExp IS Low) AND (Length IS Low),Medium,0.16624568598374073,0.026204619892078018,-2498.4979044449437,-65.47218788713322,3765.521926006037,0.1619496855345912,0.6,0.3636363636363636,2275.0
65,all,R6,IF (PointsAjust IS Medium) AND (TeamExp IS Medium) AND (Length IS Low),Medium,0.1541549615323944,0.024298809003858213,-2498.4979044449437,-60.71052337664768,3765.521926006037,0.1619496855345912,0.6,0.3636363636363636,2275.0
65,all,R7,IF (PointsAjust IS Low) AND (TeamExp IS Medium) AND (Length IS Medium),Medium,0.49963494809755943,0.07875539038634169,-2498.4979044449437,-196.77017784401818,3765.521926006037,0.1619496855345912,0.6,0.3636363636363636,2275.0
65,all,R8,IF (PointsAjust IS Medium) AND (TeamExp IS High) AND (Length IS Medium),Medium,0.22501051078578846,0.03546747617523491,-2498.4979044449437,-88.61541489977539,3765.521926006037,0.1619496855345912,0.6,0.3636363636363636,2275.0
65,all,R9,IF (PointsAjust IS Low) AND (TeamExp IS Low) AND (Length IS Medium),High,0.400076390746114,0.0630623867636586,1200.6540572960232,75.71611053055774,3765.521926006037,0.1619496855345912,0.6,0.3636363636363636,2275.0
65,all,R10,IF (PointsAjust IS Medium) AND (TeamExp IS Low) AND (Length IS Low),High,0.12343764354418997,0.01945696521572098,1200.6540572960232,23.361084228922987,3765.521926006037,0.1619496855345912,0.6,0.3636363636363636,2275.0
65,all,R11,IF (PointsAjust IS Medium) AND (TeamExp IS Medium) AND (Length IS Medium),Medium,0.37097961526363005,0.05847598238815981,-2498.4979044449437,-146.10211945717674,3765.521926006037,0.1619496855345912,0.6,0.3636363636363636,2275.0
65,all,R12,IF (PointsAjust IS High) AND (TeamExp IS High) AND (Length IS Low),Medium,0.106140267575856,0.016730451383507084,-2498.4979044449437,-41.80099772211046,3765.521926006037,0.1619496855345912,0.6,0.3636363636363636,2275.0
65,all,R13,IF (PointsAjust IS High) AND (TeamExp IS Medium) AND (Length IS Low),High,0.17499571683011694,0.027583851064402524,1200.6540572960232,33.11866269632412,3765.521926006037,0.1619496855345912,0.6,0.3636363636363636,2275.0
65,all,R14,IF (PointsAjust IS High) AND (TeamExp IS High) AND (Length IS Medium),High,0.25543047877181224,0.04026244991236333,1200.6540572960232,48.34127384395695,3765.521926006037,0.1619496855345912,0.6,0.3636363636363636,2275.0
65,all,R15,IF (PointsAjust IS Medium) AND (TeamExp IS Low) AND (Length IS Medium),High,0.29705725366127583,0.04682390627050411,1200.6540572960232,56.219313042129464,3765.521926006037,0.1619496855345912,0.6,0.3636363636363636,2275.0
65,all,R16,IF (PointsAjust IS Low) AND (TeamExp IS Low) AND (Length IS High),High,0.7687122638409377,0.12116893476743018,1200.6540572960232,145.4819731467522,3765.521926006037,0.1619496855345912,0.6,0.3636363636363636,2275.0
65,all,R17,IF (PointsAjust IS Medium) AND (TeamExp IS High) AND (Length IS High),High,0.43233828122568174,0.06814769512528195,1200.6540572960232,81.82180664754219,3765.521926006037,0.1619496855345912,0.6,0.3636363636363636,2275.0
65,all,R18,IF (PointsAjust IS High) AND (TeamExp IS Medium) AND (Length IS Medium),Very_High,0.4211336635362045,0.06638155758101194,11020.48661648492,731.5570669029652,3765.521926006037,0.1619496855345912,0.6,0.3636363636363636,2275.0
65,all,R19,IF (PointsAjust IS Medium) AND (TeamExp IS Low) AND (Length IS High),Very_High,0.5707698810381479,0.0899680956528043,11020.48661648492,991.4921940523649,3765.521926006037,0.1619496855345912,0.6,0.3636363636363636,2275.0
65,all,R20,IF (PointsAjust IS High) AND (TeamExp IS Low) AND (Length IS High),Very_High,0.6479342830384464,0.10213120118935994,11020.48661648492,1125.53553583287,3765.521926006037,0.1619496855345912,0.6,0.3636363636363636,2275.0
66,all,R1,IF (PointsAjust IS Low) AND (TeamExp IS High) AND (Length IS Low),Very_Low,1.3216914679120714e-13,4.671923178963981e-12,-1726.425541667622,-8.065727504872408e-09,8838.230269531914,0.9166666666666666,1.0,0.7575757575757576,9100.0
66,all,R2,IF (PointsAjust IS Low) AND (TeamExp IS Medium) AND (Length IS Low),Low,2.949092289020337e-14,1.042446967123394e-12,26279.870036777975,2.739537081623616e-08,8838.230269531914,0.9166666666666666,1.0,0.7575757575757576,9100.0
66,all,R3,IF (PointsAjust IS Low) AND (TeamExp IS High) AND (Length IS Medium),Low,2.67244548184356e-13,9.446576825426792e-12,26279.870036777975,2.4825481126465475e-07,8838.230269531914,0.9166666666666666,1.0,0.7575757575757576,9100.0
66,all,R4,IF (PointsAjust IS Medium) AND (TeamExp IS High) AND (Length IS Low),Low,4.2944249386512283e-11,1.5179959845621397e-09,26279.870036777975,3.989273719064386e-05,8838.230269531914,0.9166666666666666,1.0,0.7575757575757576,9100.0
66,all,R5,IF (PointsAjust IS Low) AND (TeamExp IS Low) AND (Length IS Low),Medium,2.949092289020337e-14,1.042446967123394e-12,-989.756243543879,-1.03176839427376e-09,8838.230269531914,0.9166666666666666,1.0,0.7575757575757576,9100.0
66,all,R6,IF (PointsAjust IS Medium) AND (TeamExp IS Medium) AND (Length IS Low),Medium,9.582157243066592e-12,3.3871068714002353e-10,-989.756243543879,-3.3524101735187576e-07,8838.230269531914,0.9166666666666666,1.0,0.7575757575757576,9100.0
66,all,R7,IF (PointsAjust IS Low) AND (TeamExp IS Medium) AND (Length IS Medium),Medium,5.963031883517011e-14,2.1078161999119255e-12,-989.756243543879,-2.086224244105761e-09,8838.230269531914,0.9166666666666666,1.0,0.7575757575757576,9100.0
66,all,R8,IF (PointsAjust IS Medium) AND (TeamExp IS High) AND (Length IS Medium),Medium,8.683279572459412e-11,3.069371036198323e-09,-989.756243543879,-3.0379291468300358e-06,8838.230269531914,0.9166666666666666,1.0,0.7575757575757576,9100.0
66,all,R9,IF (PointsAjust IS Low) AND (TeamExp IS Low) AND (Length IS Medium),High,5.963031883517011e-14,2.1078161999119255e-12,9151.637467068911,1.928996970880879e-08,8838.230269531914,0.9166666666666666,1.0,0.7575757575757576,9100.0
66,all,R10,IF (PointsAjust IS Medium) AND (TeamExp IS Low) AND (Length IS Low),High,9.582157243066592e-12,3.3871068714002353e-10,9151.637467068911,3.0997574149272955e-06,8838.230269531914,0.9166666666666666,1.0,0.7575757575757576,9100.0
66,all,R11,IF (PointsAjust IS Medium) AND (TeamExp IS Medium) AND (Length IS Medium),Medium,1.9375015616164573e-11,6.848692508618836e-10,-989.756243543879,-6.778536170517684e-07,8838.230269531914,0.9166666666666666,1.0,0.7575757575757576,9100.0
66,all,R12,IF (PointsAjust IS High) AND (TeamExp IS High) AND (Length IS Low),Medium,8.111280545648605e-07,2.867180466267215e-05,-989.756243543879,-0.028378097678550263,8838.230269531914,0.9166666666666666,1.0,0.7575757575757576,9100.0
66,all,R13,IF (PointsAjust IS High) AND (TeamExp IS Medium) AND (Length IS Low),High,1.8098713271594158e-07,6.397544366126531e-06,9151.637467068911,0.058548006718279186,8838.230269531914,0.9166666666666666,1.0,0.7575757575757576,9100.0
66,all,R14,IF (PointsAjust IS High) AND (TeamExp IS High) AND (Length IS Medium),High,1.640091925570809e-06,5.7974070868525035e-05,9151.637467068911,0.530557679078902,8838.230269531914,0.9166666666666666,1.0,0.7575757575757576,9100.0
66,all,R15,IF (PointsAjust IS Medium) AND (TeamExp IS Low) AND (Length IS Medium),High,1.9375015616164573e-11,6.848692508618836e-10,9151.637467068911,6.267675096231031e-06,8838.230269531914,0.9166666666666666,1.0,0.7575757575757576,9100.0
66,all,R16,IF (PointsAjust IS Low) AND (TeamExp IS Low) AND (Length IS High),High,4.60789879100777e-09,1.6288029158603519e-07,9151.637467068911,0.0014906213791258686,8838.230269531914,0.9166666666666666,1.0,0.7575757575757576,9100.0
66,all,R17,IF (PointsAjust IS Medium) AND (TeamExp IS High) AND (Length IS High),High,6.709954638095815e-06,0.00023718389173714658,9151.637467068911,2.1706209902068867,8838.230269531914,0.9166666666666666,1.0,0.7575757575757576,9100.0
66,all,R18,IF (PointsAjust IS High) AND (TeamExp IS Medium) AND (Length IS Medium),Very_High,3.659539740107611e-07,1.2935763717350405e-05,8838.417570135818,0.11433168132255525,8838.230269531914,0.9166666666666666,1.0,0.7575757575757576,9100.0
66,all,R19,IF (PointsAjust IS Medium) AND (TeamExp IS Low) AND (Length IS High),Very_High,1.4971932529870182e-06,5.292287974793734e-05,8838.417570135818,0.46775451022635445,8838.230269531914,0.9166666666666666,1.0,0.7575757575757576,9100.0
66,all,R20,IF (PointsAjust IS High) AND (TeamExp IS Low) AND (Length IS High),Very_High,0.028278884086967243,0.9996037445096628,8838.417570135818,8834.915298647758,8838.230269531914,0.9166666666666666,1.0,0.7575757575757576,9100.0
67,all,R1,IF (PointsAjust IS Low) AND (TeamExp IS High) AND (Length IS Low),Very_Low,0.008572464626742143,0.0018146306874014958,-2899.99709059382,-5.2624237139666015,2481.844035340482,0.2216981132075471,0.2,0.1515151515151515,595.0
67,all,R2,IF (PointsAjust IS Low) AND (TeamExp IS Medium) AND (Length IS Low),Low,0.10443399854363039,0.022106727390175933,9537.489010411084,210.84266953995666,2481.844035340482,0.2216981132075471,0.2,0.1515151515151515,595.0
67,all,R3,IF (PointsAjust IS Low) AND (TeamExp IS High) AND (Length IS Medium),Low,0.005937026033315768,0.0012567575488556674,9537.489010411084,11.986311310962098,2481.844035340482,0.2216981132075471,0.2,0.1515151515151515,595.0
67,all,R4,IF (PointsAjust IS Medium) AND (TeamExp IS High) AND (Length IS Low),Low,0.010301210384926393,0.002180573883449246,9537.489010411084,20.797199449786604,2481.844035340482,0.2216981132075471,0.2,0.1515151515151515,595.0
67,all,R5,IF (PointsAjust IS Low) AND (TeamExp IS Low) AND (Length IS Low),Medium,0.6179039698305454,0.13079873226001743,-3117.9560120167885,-407.8246936142956,2481.844035340482,0.2216981132075471,0.2,0.1515151515151515,595.0
67,all,R6,IF (PointsAjust IS Medium) AND (TeamExp IS Medium) AND (Length IS Low),Medium,0.12549443330230178,0.026564828165988184,-3117.9560120167885,-82.82796568833578,2481.844035340482,0.2216981132075471,0.2,0.1515151515151515,595.0
67,all,R7,IF (PointsAjust IS Low) AND (TeamExp IS Medium) AND (Length IS Medium),Medium,0.0723277837954087,0.015310441249002679,-3117.9560120167885,-47.73728233895773,2481.844035340482,0.2216981132075471,0.2,0.1515151515151515,595.0
67,all,R8,IF (PointsAjust IS Medium) AND (TeamExp IS High) AND (Length IS Medium),Medium,0.007134302314784036,0.001510198580839948,-3117.9560120167885,-4.708732744469137,2481.844035340482,0.2216981132075471,0.2,0.1515151515151515,595.0
67,all,R9,IF (PointsAjust IS Low) AND (TeamExp IS Low) AND (Length IS Medium),High,0.4279413348092497,0.09058718960821685,1212.7599544951083,109.86051594710082,2481.844035340482,0.2216981132075471,0.2,0.1515151515151515,595.0
67,all,R10,IF (PointsAjust IS Medium) AND (TeamExp IS Low) AND (Length IS Low),High,0.7425121091837806,0.15717594854680142,1212.7599544951083,190.61669620734438,2481.844035340482,0.2216981132075471,0.2,0.1515151515151515,595.0
67,all,R11,IF (PointsAjust IS Medium) AND (TeamExp IS Medium) AND (Length IS Medium),Medium,0.0869135948636894,0.018397985090545636,-3117.9560120167885,-57.364108222062,2481.844035340482,0.2216981132075471,0.2,0.1515151515151515,595.0
67,all,R12,IF (PointsAjust IS High) AND (TeamExp IS High) AND (Length IS Low),Medium,0.00987203259165012,0.002089724958672014,-3117.9560120167885,-6.515670498352941,2481.844035340482,0.2216981132075471,0.2,0.1515151515151515,595.0
67,all,R13,IF (PointsAjust IS High) AND (TeamExp IS Medium) AND (Length IS Low),High,0.12026597742764555,0.02545806168855315,1212.7599544951083,30.874517734943378,2481.844035340482,0.2216981132075471,0.2,0.1515151515151515,595.0
67,all,R14,IF (PointsAjust IS High) AND (TeamExp IS High) AND (Length IS Medium),High,0.0068370669405308105,0.0014472794024022115,1212.7599544951083,1.7552025021990136,2481.844035340482,0.2216981132075471,0.2,0.1515151515151515,595.0
67,all,R15,IF (PointsAjust IS Medium) AND (TeamExp IS Low) AND (Length IS Medium),High,0.5142411096715869,0.10885524046636917,1212.7599544951083,132.01527647454796,2481.844035340482,0.2216981132075471,0.2,0.1515151515151515,595.0
67,all,R16,IF (PointsAjust IS Low) AND (TeamExp IS Low) AND (Length IS High),High,0.5282306665431272,0.11181656842834797,1212.7599544951083,135.60665643896246,2481.844035340482,0.2216981132075471,0.2,0.1515151515151515,595.0
67,all,R17,IF (PointsAjust IS Medium) AND (TeamExp IS High) AND (Length IS High),High,0.00880624740009829,0.0018641181350830518,1212.7599544951083,2.2607278246768283,2481.844035340482,0.2216981132075471,0.2,0.1515151515151515,595.0
67,all,R18,IF (PointsAjust IS High) AND (TeamExp IS Medium) AND (Length IS Medium),Very_High,0.08329252671194204,0.017631472579215487,8004.805397700882,141.13650687151923,2481.844035340482,0.2216981132075471,0.2,0.1515151515151515,595.0
67,all,R19,IF (PointsAjust IS Medium) AND (TeamExp IS Low) AND (Length IS High),Very_High,0.6347550517567541,0.13436579164266266,8004.805397700882,1075.5720142075381,2481.844035340482,0.2216981132075471,0.2,0.1515151515151515,595.0
67,all,R20,IF (PointsAjust IS High) AND (TeamExp IS Low) AND (Length IS High),Very_High,0.6083093466207284,0.1287677296873996,8004.805397700882,1030.7606176513846,2481.844035340482,0.2216981132075471,0.2,0.1515151515151515,595.0
68,all,R1,IF (PointsAjust IS Low) AND (TeamExp IS High) AND (Length IS Low),Very_Low,1.8139568386896742e-06,1.195938405494858e-06,-2771.1921388768665,-0.0033141751078882846,4658.136030407921,0.2877358490566037,0.2,0.6363636363636364,3941.0
68,all,R2,IF (PointsAjust IS Low) AND (TeamExp IS Medium) AND (Length IS Low),Low,2.2098518232313732e-05,1.4569512402314456e-05,11727.237656626397,0.1708601344831074,4658.136030407921,0.2877358490566037,0.2,0.6363636363636364,3941.0
68,all,R3,IF (PointsAjust IS Low) AND (TeamExp IS High) AND (Length IS Medium),Low,5.460560140285959e-06,3.600137251335991e-06,11727.237656626397,0.04221966514289089,4658.136030407921,0.2877358490566037,0.2,0.6363636363636364,3941.0
68,all,R4,IF (PointsAjust IS Medium) AND (TeamExp IS High) AND (Length IS Low),Low,3.7111097880301043e-06,2.446727853634651e-06,11727.237656626397,0.028693359020660957,4658.136030407921,0.2877358490566037,0.2,0.6363636363636364,3941.0
68,all,R5,IF (PointsAjust IS Low) AND (TeamExp IS Low) AND (Length IS Low),Medium,0.00013075016118830942,8.620334064987836e-05,-4350.08028432796,-0.3749914526042428,4658.136030407921,0.2877358490566037,0.2,0.6363636363636364,3941.0
68,all,R6,IF (PointsAjust IS Medium) AND (TeamExp IS Medium) AND (Length IS Low),Medium,4.521057258018433e-05,2.9807247300389132e-05,-4350.08028432796,-0.12966391881151057,4658.136030407921,0.2877358490566037,0.2,0.6363636363636364,3941.0
68,all,R7,IF (PointsAjust IS Low) AND (TeamExp IS Medium) AND (Length IS Medium),Medium,6.652324093109185e-05,4.385865032210434e-05,-4350.08028432796,-0.19078865006342022,4658.136030407921,0.2877358490566037,0.2,0.6363636363636364,3941.0
68,all,R8,IF (PointsAjust IS Medium) AND (TeamExp IS High) AND (Length IS Medium),Medium,1.1171565801632113e-05,7.3653927738081446e-06,-4350.08028432796,-0.03204004989167444,4658.136030407921,0.2877358490566037,0.2,0.6363636363636364,3941.0
68,all,R9,IF (PointsAjust IS Low) AND (TeamExp IS Low) AND (Length IS Medium),High,0.00039359763324720986,0.0002594981952559826,6395.546034195772,1.6596326535503596,4658.136030407921,0.2877358490566037,0.2,0.6363636363636364,3941.0
68,all,R10,IF (PointsAjust IS Medium) AND (TeamExp IS Low) AND (Length IS Low),High,0.0002674971050154409,0.00017636034905755887,6395.546034195772,1.1279207310044528,4658.136030407921,0.2877358490566037,0.2,0.6363636363636364,3941.0
68,all,R11,IF (PointsAjust IS Medium) AND (TeamExp IS Medium) AND (Length IS Medium),Medium,0.00013609753290998479,8.97288529851268e-05,-4350.08028432796,-0.39032771430596214,4658.136030407921,0.2877358490566037,0.2,0.6363636363636364,3941.0
68,all,R12,IF (PointsAjust IS High) AND (TeamExp IS High) AND (Length IS Low),Medium,3.5587076808551545e-06,2.3462494248421966e-06,-4350.08028432796,-0.010206373365121854,4658.136030407921,0.2877358490566037,0.2,0.6363636363636364,3941.0
68,all,R13,IF (PointsAjust IS High) AND (TeamExp IS Medium) AND (Length IS Low),High,4.335393482992701e-05,2.8583169448444077e-05,6395.546034195772,0.18280497601074228,4658.136030407921,0.2877358490566037,0.2,0.6363636363636364,3941.0
68,all,R14,IF (PointsAjust IS High) AND (TeamExp IS High) AND (Length IS Medium),High,1.0712789245329778e-05,7.062922234531714e-06,6395.546034195772,0.04517124428689245,4658.136030407921,0.2877358490566037,0.2,0.6363636363636364,3941.0
68,all,R15,IF (PointsAjust IS Medium) AND (TeamExp IS Low) AND (Length IS Medium),High,0.000805247400673734,0.0005308981293547613,6395.546034195772,3.3953834257567976,4658.136030407921,0.2877358490566037,0.2,0.6363636363636364,3941.0
68,all,R16,IF (PointsAjust IS Low) AND (TeamExp IS Low) AND (Length IS High),High,0.30076615128164014,0.19829457003531595,6395.546034195772,1268.2020509919207,4658.136030407921,0.2877358490566037,0.2,0.6363636363636364,3941.0
68,all,R17,IF (PointsAjust IS Medium) AND (TeamExp IS High) AND (Length IS High),High,0.0085367099954997,0.005628237189791545,6395.546034195772,35.995650038684474,4658.136030407921,0.2877358490566037,0.2,0.6363636363636364,3941.0
68,all,R18,IF (PointsAjust IS High) AND (TeamExp IS Medium) AND (Length IS Medium),Very_High,0.0001305084902835192,8.604400746710093e-05,4212.938666353341,0.3624981260661451,4658.136030407921,0.2877358490566037,0.2,0.6363636363636364,3941.0
68,all,R19,IF (PointsAjust IS Medium) AND (TeamExp IS Low) AND (Length IS High),Very_High,0.6153267730095037,0.4056838090496465,4212.938666353341,1709.1210054587614,4658.136030407921,0.2877358490566037,0.2,0.6363636363636364,3941.0
68,all,R20,IF (PointsAjust IS High) AND (TeamExp IS Low) AND (Length IS High),Very_High,0.5900574864175842,0.3890238149030587,4212.938666353341,1638.9334719373812,4658.136030407921,0.2877358490566037,0.2,0.6363636363636364,3941.0
69,all,R1,IF (PointsAjust IS Low) AND (TeamExp IS High) AND (Length IS Low),Very_Low,0.0014620401597543527,0.00141985389791323,-3025.7089540975503,-4.296064652426369,4595.377364935886,0.5534591194968553,1.0,0.3333333333333333,1400.0
69,all,R2,IF (PointsAjust IS Low) AND (TeamExp IS Medium) AND (Length IS Low),Low,0.00032622525498942457,0.00031681222762875127,20000.629719516128,6.3364440554177115,4595.377364935886,0.5534591194968553,1.0,0.3333333333333333,1400.0
69,all,R3,IF (PointsAjust IS Low) AND (TeamExp IS High) AND (Length IS Medium),Low,0.0031189172028816534,0.003028922781795673,20000.629719516128,60.580363007702005,4595.377364935886,0.5534591194968553,1.0,0.3333333333333333,1400.0
69,all,R4,IF (PointsAjust IS Medium) AND (TeamExp IS High) AND (Length IS Low),Low,0.025451629508304544,0.024717238527621102,20000.629719516128,494.3603354799077,4595.377364935886,0.5534591194968553,1.0,0.3333333333333333,1400.0
69,all,R5,IF (PointsAjust IS Low) AND (TeamExp IS Low) AND (Length IS Low),Medium,0.00032622525498942457,0.00031681222762875127,-434.2873911757715,-0.13758755582947507,4595.377364935886,0.5534591194968553,1.0,0.3333333333333333,1400.0
69,all,R6,IF (PointsAjust IS Medium) AND (TeamExp IS Medium) AND (Length IS Low),Medium,0.005679026168226495,0.005515161391095035,-434.2873911757715,-2.395165052452002,4595.377364935886,0.5534591194968553,1.0,0.3333333333333333,1400.0
69,all,R7,IF (PointsAjust IS Low) AND (TeamExp IS Medium) AND (Length IS Medium),Medium,0.000695924494968676,0.000675844025379296,-434.2873911757715,-0.29351053862370635,4595.377364935886,0.5534591194968553,1.0,0.3333333333333333,1400.0
69,all,R8,IF (PointsAjust IS Medium) AND (TeamExp IS High) AND (Length IS Medium),Medium,0.05429503737309021,0.05272838775131815,-434.2873911757715,-22.899273957424462,4595.377364935886,0.5534591194968553,1.0,0.3333333333333333,1400.0
69,all,R9,IF (PointsAjust IS Low) AND (TeamExp IS Low) AND (Length IS Medium),High,0.000695924494968676,0.000675844025379296,2288.583122918465,1.5467252302083356,4595.377364935886,0.5534591194968553,1.0,0.3333333333333333,1400.0
69,all,R10,IF (PointsAjust IS Medium) AND (TeamExp IS Low) AND (Length IS Low),High,0.005679026168226495,0.005515161391095035,2288.583122918465,12.621905279831621,4595.377364935886,0.5534591194968553,1.0,0.3333333333333333,1400.0
69,all,R11,IF (PointsAjust IS Medium) AND (TeamExp IS Medium) AND (Length IS Medium),Medium,0.0121148603843226,0.011765293603320123,-434.2873911757715,-5.109518665402889,4595.377364935886,0.5534591194968553,1.0,0.3333333333333333,1400.0
69,all,R12,IF (PointsAjust IS High) AND (TeamExp IS High) AND (Length IS Low),Medium,0.17956184485069665,0.1743806992077348,-434.2873911757715,-75.73133893033408,4595.377364935886,0.5534591194968553,1.0,0.3333333333333333,1400.0
69,all,R13,IF (PointsAjust IS High) AND (TeamExp IS Medium) AND (Length IS Low),High,0.04006566319808344,0.03890959334101702,2288.583122918465,89.04783863987224,4595.377364935886,0.5534591194968553,1.0,0.3333333333333333,1400.0
69,all,R14,IF (PointsAjust IS High) AND (TeamExp IS High) AND (Length IS Medium),High,0.3830527657872955,0.3720000158551841,2288.583122918465,851.3529580115758,4595.377364935886,0.5534591194968553,1.0,0.3333333333333333,1400.0
69,all,R15,IF (PointsAjust IS Medium) AND (TeamExp IS Low) AND (Length IS Medium),High,0.0121148603843226,0.011765293603320123,2288.583122918465,26.925852376739005,4595.377364935886,0.5534591194968553,1.0,0.3333333333333333,1400.0
69,all,R16,IF (PointsAjust IS Low) AND (TeamExp IS Low) AND (Length IS High),High,0.001001634163795306,0.000972732631357249,2288.583122918465,2.226179483236269,4595.377364935886,0.5534591194968553,1.0,0.3333333333333333,1400.0
69,all,R17,IF (PointsAjust IS Medium) AND (TeamExp IS High) AND (Length IS High),High,0.078146070084626,0.07589121370981981,2288.583122918465,173.68335087409207,4595.377364935886,0.5534591194968553,1.0,0.3333333333333333,1400.0
69,all,R18,IF (PointsAjust IS High) AND (TeamExp IS Medium) AND (Length IS Medium),Very_High,0.08547062497541821,0.08300442311298566,13616.62788249501,1130.2403421306938,4595.377364935886,0.5534591194968553,1.0,0.3333333333333333,1400.0
69,all,R19,IF (PointsAjust IS Medium) AND (TeamExp IS Low) AND (Length IS High),Very_High,0.017436745132953017,0.016933618668930808,13616.62788249501,230.57878411890127,4595.377364935886,0.5534591194968553,1.0,0.3333333333333333,1400.0
69,all,R20,IF (PointsAjust IS High) AND (TeamExp IS Low) AND (Length IS High),Very_High,0.12301664705762168,0.11946707801947588,13616.62788249501,1626.738745600202,4595.377364935886,0.5534591194968553,1.0,0.3333333333333333,1400.0
70,all,R1,IF (PointsAjust IS Low) AND (TeamExp IS High) AND (Length IS Low),Very_Low,0.039370809525663915,0.016527468116654113,-3740.40523374892,-61.81942824415145,3984.359764408775,0.3694968553459119,1.0,0.3333333333333333,2800.0
70,all,R2,IF (PointsAjust IS Low) AND (TeamExp IS Medium) AND (Length IS Low),Low,0.008784815034634711,0.0036877766077170987,17372.59574544486,64.06625220537715,3984.359764408775,0.3694968553459119,1.0,0.3333333333333333,2800.0
70,all,R3,IF (PointsAjust IS Low) AND (TeamExp IS High) AND (Length IS Medium),Low,0.08398831885821902,0.035257447810306014,17372.59574544486,612.5133878245665,3984.359764408775,0.3694968553459119,1.0,0.3333333333333333,2800.0
70,all,R4,IF (PointsAjust IS Medium) AND (TeamExp IS High) AND (Length IS Low),Low,0.15565674621614464,0.06534312962380139,17372.59574544486,1135.179775696504,3984.359764408775,0.3694968553459119,1.0,0.3333333333333333,2800.0
70,all,R5,IF (PointsAjust IS Low) AND (TeamExp IS Low) AND (Length IS Low),Medium,0.008784815034634711,0.0036877766077170987,-749.0820714887059,-2.762447340496317,3984.359764408775,0.3694968553459119,1.0,0.3333333333333333,2800.0
70,all,R6,IF (PointsAjust IS Medium) AND (TeamExp IS Medium) AND (Length IS Low),Medium,0.034731714711391845,0.014580022977558409,-749.0820714887059,-10.921633814382382,3984.359764408775,0.3694968553459119,1.0,0.3333333333333333,2800.0
70,all,R7,IF (PointsAjust IS Low) AND (TeamExp IS Medium) AND (Length IS Medium),Medium,0.01874032703743179,0.007866999976338484,-749.0820714887059,-5.893028638677231,3984.359764408775,0.3694968553459119,1.0,0.3333333333333333,2800.0
70,all,R8,IF (PointsAjust IS Medium) AND (TeamExp IS High) AND (Length IS Medium),Medium,0.3320568865903698,0.13939412656629194,-749.0820714887059,-104.41764108163682,3984.359764408775,0.3694968553459119,1.0,0.3333333333333333,2800.0
70,all,R9,IF (PointsAjust IS Low) AND (TeamExp IS Low) AND (Length IS Medium),High,0.01874032703743179,0.007866999976338484,886.3198881372712,6.97267853900424,3984.359764408775,0.3694968553459119,1.0,0.3333333333333333,2800.0
70,all,R10,IF (PointsAjust IS Medium) AND (TeamExp IS Low) AND (Length IS Low),High,0.034731714711391845,0.014580022977558409,886.3198881372712,12.922564334508412,3984.359764408775,0.3694968553459119,1.0,0.3333333333333333,2800.0
70,all,R11,IF (PointsAjust IS Medium) AND (TeamExp IS Medium) AND (Length IS Medium),Medium,0.0740919062832982,0.031103033784487213,-749.0820714887059,-23.298724976866886,3984.359764408775,0.3694968553459119,1.0,0.3333333333333333,2800.0
70,all,R12,IF (PointsAjust IS High) AND (TeamExp IS High) AND (Length IS Low),Medium,0.19631218418103188,0.08240987178198038,-749.0820714887059,-61.73175746556451,3984.359764408775,0.3694968553459119,1.0,0.3333333333333333,2800.0
70,all,R13,IF (PointsAjust IS High) AND (TeamExp IS Medium) AND (Length IS Low),High,0.04380316909540168,0.01838812788852484,886.3198881372712,16.297763453211175,3984.359764408775,0.3694968553459119,1.0,0.3333333333333333,2800.0
70,all,R14,IF (PointsAjust IS High) AND (TeamExp IS High) AND (Length IS Medium),High,0.418785656667848,0.17580198811452294,886.3198881372712,155.81679843997384,3984.359764408775,0.3694968553459119,1.0,0.3333333333333333,2800.0
70,all,R15,IF (PointsAjust IS Medium) AND (TeamExp IS Low) AND (Length IS Medium),High,0.0740919062832982,0.031103033784487213,886.3198881372712,27.567237424596474,3984.359764408775,0.3694968553459119,1.0,0.3333333333333333,2800.0
70,all,R16,IF (PointsAjust IS Low) AND (TeamExp IS Low) AND (Length IS High),High,0.026972684446512338,0.011322860453751048,886.3198881372712,10.03567641076256,3984.359764408775,0.3694968553459119,1.0,0.3333333333333333,2800.0
70,all,R17,IF (PointsAjust IS Medium) AND (TeamExp IS High) AND (Length IS High),High,0.4779247236402972,0.2006279710092535,886.3198881372712,177.82056082212924,3984.359764408775,0.3694968553459119,1.0,0.3333333333333333,2800.0
70,all,R18,IF (PointsAjust IS High) AND (TeamExp IS Medium) AND (Length IS Medium),Very_High,0.09344371064016224,0.03922672576240585,14496.207032684568,568.6387378661766,3984.359764408775,0.3694968553459119,1.0,0.3333333333333333,2800.0
70,all,R19,IF (PointsAjust IS Medium) AND (TeamExp IS Low) AND (Length IS High),Very_High,0.10663942012475355,0.044766151301549255,14496.207032684568,648.9393973237397,3984.359764408775,0.3694968553459119,1.0,0.3333333333333333,2800.0
70,all,R20,IF (PointsAjust IS High) AND (TeamExp IS Low) AND (Length IS High),Very_High,0.13449219512413094,0.05645846487875625,14496.207032684568,818.433595630001,3984.359764408775,0.3694968553459119,1.0,0.3333333333333333,2800.0
71,all,R1,IF (PointsAjust IS Low) AND (TeamExp IS High) AND (Length IS Low),Very_Low,8.559008733053377e-12,2.1926933554865276e-10,-1881.4948816755625,-4.125541325431916e-07,9478.707663082845,0.8726415094339622,1.0,0.696969696969697,9520.0
71,all,R2,IF (PointsAjust IS Low) AND (TeamExp IS Medium) AND (Length IS Low),Low,1.909772989318009e-12,4.8925601956610674e-11,25495.144849931647,1.2473653087538884e-06,9478.707663082845,0.8726415094339622,1.0,0.696969696969697,9520.0
71,all,R3,IF (PointsAjust IS Low) AND (TeamExp IS High) AND (Length IS Medium),Low,2.1939988086579457e-11,5.620705340691271e-10,25495.144849931647,1.4330069681970838e-05,9478.707663082845,0.8726415094339622,1.0,0.696969696969697,9520.0
71,all,R4,IF (PointsAjust IS Medium) AND (TeamExp IS High) AND (Length IS Low),Low,1.9504531989950816e-09,4.9967769668325285e-08,25495.144849931647,0.0012739355255219742,9478.707663082845,0.8726415094339622,1.0,0.696969696969697,9520.0
71,all,R5,IF (PointsAjust IS Low) AND (TeamExp IS Low) AND (Length IS Low),Medium,1.909772989318009e-12,4.8925601956610674e-11,-896.9507862324976,-4.388385714188017e-08,9478.707663082845,0.8726415094339622,1.0,0.696969696969697,9520.0
71,all,R6,IF (PointsAjust IS Medium) AND (TeamExp IS Medium) AND (Length IS Low),Medium,4.3520493465378967e-10,1.114931644835327e-08,-896.9507862324976,-1.0000388154305385e-05,9478.707663082845,0.8726415094339622,1.0,0.696969696969697,9520.0
71,all,R7,IF (PointsAjust IS Low) AND (TeamExp IS Medium) AND (Length IS Medium),Medium,4.895473055413116e-12,1.254148882815578e-10,-896.9507862324976,-1.1249098264940412e-07,9478.707663082845,0.8726415094339622,1.0,0.696969696969697,9520.0
71,all,R8,IF (PointsAjust IS Medium) AND (TeamExp IS High) AND (Length IS Medium),Medium,4.9997518736164155e-09,1.2808635969750988e-07,-896.9507862324976,-0.00011488716103633998,9478.707663082845,0.8726415094339622,1.0,0.696969696969697,9520.0
71,all,R9,IF (PointsAjust IS Low) AND (TeamExp IS Low) AND (Length IS Medium),High,4.895473055413116e-12,1.254148882815578e-10,8231.12691145443,1.0323058620313812e-06,9478.707663082845,0.8726415094339622,1.0,0.696969696969697,9520.0
71,all,R10,IF (PointsAjust IS Medium) AND (TeamExp IS Low) AND (Length IS Low),High,4.3520493465378967e-10,1.114931644835327e-08,8231.12691145443,9.177143866236213e-05,9478.707663082845,0.8726415094339622,1.0,0.696969696969697,9520.0
71,all,R11,IF (PointsAjust IS Medium) AND (TeamExp IS Medium) AND (Length IS Medium),Medium,1.1155954362624424e-09,2.8579929952134756e-08,-896.9507862324976,-2.5634790641036977e-05,9478.707663082845,0.8726415094339622,1.0,0.696969696969697,9520.0
71,all,R12,IF (PointsAjust IS High) AND (TeamExp IS High) AND (Length IS Low),Medium,1.0300627240673792e-05,0.00026388706464038715,-896.9507862324976,-0.2366937101057812,9478.707663082845,0.8726415094339622,1.0,0.696969696969697,9520.0
71,all,R13,IF (PointsAjust IS High) AND (TeamExp IS Medium) AND (Length IS Low),High,2.2983806058408214e-06,5.888116299430863e-05,8231.12691145443,0.4846583253001885,9478.707663082845,0.8726415094339622,1.0,0.696969696969697,9520.0
71,all,R14,IF (PointsAjust IS High) AND (TeamExp IS High) AND (Length IS Medium),High,2.6404417379774795e-05,0.0006764427090784243,8231.12691145443,5.567885786752559,9478.707663082845,0.8726415094339622,1.0,0.696969696969697,9520.0
71,all,R15,IF (PointsAjust IS Medium) AND (TeamExp IS Low) AND (Length IS Medium),High,1.1155954362624424e-09,2.8579929952134756e-08,8231.12691145443,0.00023524503055649893,9478.707663082845,0.8726415094339622,1.0,0.696969696969697,9520.0
71,all,R16,IF (PointsAjust IS Low) AND (TeamExp IS Low) AND (Length IS High),High,3.2363430667453546e-08,8.291039488162625e-07,8231.12691145443,0.006824459825494675,9478.707663082845,0.8726415094339622,1.0,0.696969696969697,9520.0
71,all,R17,IF (PointsAjust IS Medium) AND (TeamExp IS High) AND (Length IS High),High,3.3052806395765404e-05,0.000846764750739102,8231.12691145443,6.969828127479626,9478.707663082845,0.8726415094339622,1.0,0.696969696969697,9520.0
71,all,R18,IF (PointsAjust IS High) AND (TeamExp IS Medium) AND (Length IS Medium),Very_High,5.8916218785751316e-06,0.00015093477000790648,9483.430190757785,1.4313793547280629,9478.707663082845,0.8726415094339622,1.0,0.696969696969697,9520.0
71,all,R19,IF (PointsAjust IS Medium) AND (TeamExp IS Low) AND (Length IS High),Very_High,7.375077984442178e-06,0.00018893875444046104,9483.430190757785,1.7917874880648397,9478.707663082845,0.8726415094339622,1.0,0.696969696969697,9520.0
71,all,R20,IF (PointsAjust IS High) AND (TeamExp IS Low) AND (Length IS High),Very_High,0.03894886030989059,0.9978130630415075,9483.430190757785,9462.690526780332,9478.707663082845,0.8726415094339622,1.0,0.696969696969697,9520.0
72,all,R1,IF (PointsAjust IS Low) AND (TeamExp IS High) AND (Length IS Low),Very_Low,3.12580467570339e-10,1.387371753553651e-09,-1296.9991494707328,-1.7994199843588044e-06,5988.345985099534,0.9984276729559748,1.0,0.3333333333333333,5880.0
72,all,R2,IF (PointsAjust IS Low) AND (TeamExp IS Medium) AND (Length IS Low),Low,6.97461297882408e-11,3.09564481555834e-10,26357.32728073124,8.159292354857006e-06,5988.345985099534,0.9984276729559748,1.0,0.3333333333333333,5880.0
72,all,R3,IF (PointsAjust IS Low) AND (TeamExp IS High) AND (Length IS Medium),Low,6.668165652533941e-10,2.9596298022877793e-09,26357.32728073124,7.800793132870488e-05,5988.345985099534,0.9984276729559748,1.0,0.3333333333333333,5880.0
72,all,R4,IF (PointsAjust IS Medium) AND (TeamExp IS High) AND (Length IS Low),Low,1.9626981637857928e-07,8.711331243291073e-07,26357.32728073124,0.02296074086302822,5988.345985099534,0.9984276729559748,1.0,0.3333333333333333,5880.0
72,all,R5,IF (PointsAjust IS Low) AND (TeamExp IS Low) AND (Length IS Low),Medium,6.97461297882408e-11,3.09564481555834e-10,327.13905778628396,1.0127063282027501e-07,5988.345985099534,0.9984276729559748,1.0,0.3333333333333333,5880.0
72,all,R6,IF (PointsAjust IS Medium) AND (TeamExp IS Medium) AND (Length IS Low),Medium,4.379371556085529e-08,1.9437607354215566e-07,327.13905778628396,6.358800555477824e-05,5988.345985099534,0.9984276729559748,1.0,0.3333333333333333,5880.0
72,all,R7,IF (PointsAjust IS Low) AND (TeamExp IS Medium) AND (Length IS Medium),Medium,1.487868869946157e-10,6.603826717645377e-10,327.13905778628396,2.160369650194397e-07,5988.345985099534,0.9984276729559748,1.0,0.3333333333333333,5880.0
72,all,R8,IF (PointsAjust IS Medium) AND (TeamExp IS High) AND (Length IS Medium),Medium,4.1869527497276516e-07,1.85835667327127e-06,327.13905778628396,0.0006079410511248165,5988.345985099534,0.9984276729559748,1.0,0.3333333333333333,5880.0
72,all,R9,IF (PointsAjust IS Low) AND (TeamExp IS Low) AND (Length IS Medium),High,1.487868869946157e-10,6.603826717645377e-10,5680.382229269556,3.75122599320883e-06,5988.345985099534,0.9984276729559748,1.0,0.3333333333333333,5880.0
72,all,R10,IF (PointsAjust IS Medium) AND (TeamExp IS Low) AND (Length IS Low),High,4.379371556085529e-08,1.9437607354215566e-07,5680.382229269556,0.0011041303939440532,5988.345985099534,0.9984276729559748,1.0,0.3333333333333333,5880.0
72,all,R11,IF (PointsAjust IS Medium) AND (TeamExp IS Medium) AND (Length IS Medium),Medium,9.342354375806392e-08,4.146554221199216e-07,327.13905778628396,0.000135649984098285,5988.345985099534,0.9984276729559748,1.0,0.3333333333333333,5880.0
72,all,R12,IF (PointsAjust IS High) AND (TeamExp IS High) AND (Length IS Low),Medium,0.049873442023463735,0.22136061556782638,327.13905778628396,72.41570320785054,5988.345985099534,0.9984276729559748,1.0,0.3333333333333333,5880.0
72,all,R13,IF (PointsAjust IS High) AND (TeamExp IS Medium) AND (Length IS Low),High,0.01112826910584889,0.049392229602204095,5680.382229269556,280.56674329636184,5988.345985099534,0.9984276729559748,1.0,0.3333333333333333,5880.0
72,all,R14,IF (PointsAjust IS High) AND (TeamExp IS High) AND (Length IS Medium),High,0.10639320353555612,0.4722205661238237,5680.382229269556,2682.3933121053774,5988.345985099534,0.9984276729559748,1.0,0.3333333333333333,5880.0
72,all,R15,IF (PointsAjust IS Medium) AND (TeamExp IS Low) AND (Length IS Medium),High,9.342354375806392e-08,4.146554221199216e-07,5680.382229269556,0.002355401291080269,5988.345985099534,0.9984276729559748,1.0,0.3333333333333333,5880.0
72,all,R16,IF (PointsAjust IS Low) AND (TeamExp IS Low) AND (Length IS High),High,2.1414683664104472e-10,9.504793264211166e-10,5680.382229269556,5.399085875090608e-06,5988.345985099534,0.9984276729559748,1.0,0.3333333333333333,5880.0
72,all,R17,IF (PointsAjust IS Medium) AND (TeamExp IS High) AND (Length IS High),High,6.026221158536285e-07,2.674706158387596e-06,5680.382229269556,0.015193353330622742,5988.345985099534,0.9984276729559748,1.0,0.3333333333333333,5880.0
72,all,R18,IF (PointsAjust IS High) AND (TeamExp IS Medium) AND (Length IS Medium),Very_High,0.02373953254359312,0.10536665054459095,11489.098826908306,1210.5678611671174,5988.345985099534,0.9984276729559748,1.0,0.3333333333333333,5880.0
72,all,R19,IF (PointsAjust IS Medium) AND (TeamExp IS Low) AND (Length IS High),Very_High,1.3446316921940574e-07,5.968076134710158e-07,11489.098826908306,0.006856781651819794,5988.345985099534,0.9984276729559748,1.0,0.3333333333333333,5880.0
72,all,R20,IF (PointsAjust IS High) AND (TeamExp IS Low) AND (Length IS High),Very_High,0.03416796937038928,0.15165271185761892,11489.098826908306,1742.3529939008329,5988.345985099534,0.9984276729559748,1.0,0.3333333333333333,5880.0
