sample_index,split,rule_id,antecedent,consequent_label,firing_strength,normalized_firing_strength,label_equation_output,rule_contribution,predicted,PointsAjust,TeamExp,Length,actual
0,all,R1,IF (PointsAjust IS Low) AND (TeamExp IS High) AND (Length IS Low),Very_Low,0.007915805060536674,0.0015254662833520756,2302.5726024508895,3.5124968700090746,4880.3769207256055,0.3773584905660377,0.4,0.3333333333333333,5152.0
0,all,R2,IF (PointsAjust IS Low) AND (TeamExp IS High) AND (Length IS Medium),Low,0.016886499603481212,0.003254221850077031,12191.712042264866,39.674535717785595,4880.3769207256055,0.3773584905660377,0.4,0.3333333333333333,5152.0
0,all,R3,IF (PointsAjust IS Low) AND (TeamExp IS High) AND (Length IS High),Medium,0.0243044971574452,0.004683754926248192,2362.5837566558207,11.06576330891066,4880.3769207256055,0.3773584905660377,0.4,0.3333333333333333,5152.0
0,all,R4,IF (PointsAjust IS Low) AND (TeamExp IS Medium) AND (Length IS Low),Low,0.035476177022733965,0.006836665569268228,12191.712042264866,83.35065794978503,4880.3769207256055,0.3773584905660377,0.4,0.3333333333333333,5152.0
0,all,R5,IF (PointsAjust IS Low) AND (TeamExp IS Medium) AND (Length IS Medium),Medium,0.07568004070918982,0.014584410497945548,2362.5837566558207,34.45689134284678,4880.3769207256055,0.3773584905660377,0.4,0.3333333333333333,5152.0
0,all,R6,IF (PointsAjust IS Low) AND (TeamExp IS Medium) AND (Length IS High),Medium,0.10892519927058475,0.020991133261108595,2362.5837566558207,49.593310476492896,4880.3769207256055,0.3773584905660377,0.4,0.3333333333333333,5152.0
0,all,R7,IF (PointsAjust IS Low) AND (TeamExp IS Low) AND (Length IS Medium),Medium,0.12477529288469283,0.024045627808585063,2362.5837566558207,56.80980967915457,4880.3769207256055,0.3773584905660377,0.4,0.3333333333333333,5152.0
0,all,R8,IF (PointsAjust IS Low) AND (TeamExp IS Low) AND (Length IS High),High,0.17958729295266307,0.03460852790369067,4560.857707924227,157.84457124945828,4880.3769207256055,0.3773584905660377,0.4,0.3333333333333333,5152.0
0,all,R9,IF (PointsAjust IS Medium) AND (TeamExp IS High) AND (Length IS Low),Low,0.03334263510811104,0.006425507609972166,12191.712042264866,78.33793850616219,4880.3769207256055,0.3773584905660377,0.4,0.3333333333333333,5152.0
0,all,R10,IF (PointsAjust IS Medium) AND (TeamExp IS High) AND (Length IS Medium),Medium,0.07112863318717993,0.013707302147812633,2362.5837566558207,32.38464940199557,4880.3769207256055,0.3773584905660377,0.4,0.3333333333333333,5152.0
0,all,R11,IF (PointsAjust IS Medium) AND (TeamExp IS High) AND (Length IS High),Medium,0.10237442357529147,0.019728723768132193,2362.5837566558207,46.61076231413874,4880.3769207256055,0.3773584905660377,0.4,0.3333333333333333,5152.0
0,all,R12,IF (PointsAjust IS Medium) AND (TeamExp IS Medium) AND (Length IS Low),Medium,0.14943132334029155,0.028797127226986324,2362.5837566558207,68.03562502482897,4880.3769207256055,0.3773584905660377,0.4,0.3333333333333333,5152.0
0,all,R13,IF (PointsAjust IS Medium) AND (TeamExp IS Medium) AND (Length IS Medium),Medium,0.31877641794306977,0.06143186621967338,2362.5837566558207,145.13792927165375,4880.3769207256055,0.3773584905660377,0.4,0.3333333333333333,5152.0
0,all,R14,IF (PointsAjust IS Medium) AND (TeamExp IS Medium) AND (Length IS High),High,0.45881033521954345,0.08841800568335688,4560.857707924227,403.2619427402263,4880.3769207256055,0.3773584905660377,0.4,0.3333333333333333,5152.0
0,all,R15,IF (PointsAjust IS Medium) AND (TeamExp IS Low) AND (Length IS Medium),High,0.525573460860333,0.10128402453518014,4560.857707924227,461.9420239908628,4880.3769207256055,0.3773584905660377,0.4,0.3333333333333333,5152.0
0,all,R16,IF (PointsAjust IS Medium) AND (TeamExp IS Low) AND (Length IS High),High,0.7564503588935172,0.14577664668303525,4560.857707924227,664.866542659668,4880.3769207256055,0.3773584905660377,0.4,0.3333333333333333,5152.0
0,all,R17,IF (PointsAjust IS High) AND (TeamExp IS High) AND (Length IS Medium),Medium,0.09358011451440956,0.01803395970368674,2362.5837566558207,42.606740264115906,4880.3769207256055,0.3773584905660377,0.4,0.3333333333333333,5152.0
0,all,R18,IF (PointsAjust IS High) AND (TeamExp IS Medium) AND (Length IS Medium),High,0.4193969764202139,0.08082260009892997,4560.857707924227,368.62037863568213,4880.3769207256055,0.3773584905660377,0.4,0.3333333333333333,5152.0
0,all,R19,IF (PointsAjust IS High) AND (TeamExp IS Low) AND (Length IS Medium),High,0.6914687158913265,0.1332539399363961,4560.857707924227,607.7522590701841,4880.3769207256055,0.3773584905660377,0.4,0.3333333333333333,5152.0
0,all,R20,IF (PointsAjust IS High) AND (TeamExp IS Low) AND (Length IS High),Very_High,0.995221024751539,0.19179048828656287,7948.840976794436,1524.5120922516442,4880.3769207256055,0.3773584905660377,0.4,0.3333333333333333,5152.0
1,all,R1,IF (PointsAjust IS Low) AND (TeamExp IS High) AND (Length IS Low),Very_Low,0.0013267804310269898,0.0006876243484027873,2618.8527512519167,1.800786916642446,4133.870282831642,0.3977987421383648,0.2,0.0909090909090909,5635.0
1,all,R2,IF (PointsAjust IS Low) AND (TeamExp IS High) AND (Length IS Medium),Low,0.0005419113324000581,0.0002808538761347589,11225.826013092443,3.152816748591419,4133.870282831642,0.3977987421383648,0.2,0.0909090909090909,5635.0
1,all,R3,IF (PointsAjust IS Low) AND (TeamExp IS High) AND (Length IS High),Medium,0.0011601569282959896,0.0006012691574347474,-1788.3134322620726,-1.0752577106454577,4133.870282831642,0.3977987421383648,0.2,0.0909090909090909,5635.0
1,all,R4,IF (PointsAjust IS Low) AND (TeamExp IS Medium) AND (Length IS Low),Low,0.016163494588165867,0.008376979471649624,11225.826013092443,94.03851406398573,4133.870282831642,0.3977987421383648,0.2,0.0909090909090909,5635.0
1,all,R5,IF (PointsAjust IS Low) AND (TeamExp IS Medium) AND (Length IS Medium),Medium,0.006601831534200485,0.0034215006498518642,-1788.3134322620726,-6.1187155706234995,4133.870282831642,0.3977987421383648,0.2,0.0909090909090909,5635.0
1,all,R6,IF (PointsAjust IS Low) AND (TeamExp IS Medium) AND (Length IS High),Medium,0.014133604772434196,0.00732495787920608,-1788.3134322620726,-13.099320566138138,4133.870282831642,0.3977987421383648,0.2,0.0909090909090909,5635.0
1,all,R7,IF (PointsAjust IS Low) AND (TeamExp IS Low) AND (Length IS Medium),Medium,0.039061014325049645,0.020243970965432352,-1788.3134322620726,-36.202565199806074,4133.870282831642,0.3977987421383648,0.2,0.0909090909090909,5635.0
1,all,R8,IF (PointsAjust IS Low) AND (TeamExp IS Low) AND (Length IS High),High,0.08362420877004414,0.043339531335784776,3842.4914687144383,166.53177941583508,4133.870282831642,0.3977987421383648,0.2,0.0909090909090909,5635.0
1,all,R9,IF (PointsAjust IS Medium) AND (TeamExp IS High) AND (Length IS Low),Low,0.006589205830863775,0.0034149571850652215,11225.826013092443,38.33571520170211,4133.870282831642,0.3977987421383648,0.2,0.0909090909090909,5635.0
1,all,R10,IF (PointsAjust IS Medium) AND (TeamExp IS High) AND (Length IS Medium),Medium,0.0026913008571415858,0.0013948080292497172,-1788.3134322620726,-2.494353934134259,4133.870282831642,0.3977987421383648,0.2,0.0909090909090909,5635.0
1,all,R11,IF (PointsAjust IS Medium) AND (TeamExp IS High) AND (Length IS High),Medium,0.005761701497758551,0.0029860903473085615,-1788.3134322620726,-5.340065478040018,4133.870282831642,0.3977987421383648,0.2,0.0909090909090909,5635.0
1,all,R12,IF (PointsAjust IS Medium) AND (TeamExp IS Medium) AND (Length IS Low),Medium,0.08027296024033012,0.04160269528311803,-1788.3134322620726,-74.39865879310595,4133.870282831642,0.3977987421383648,0.2,0.0909090909090909,5635.0
1,all,R13,IF (PointsAjust IS Medium) AND (TeamExp IS Medium) AND (Length IS Medium),Medium,0.03278675643856348,0.01699224039267541,-1788.3134322620726,-30.387451738447588,4133.870282831642,0.3977987421383648,0.2,0.0909090909090909,5635.0
1,all,R14,IF (PointsAjust IS Medium) AND (TeamExp IS Medium) AND (Length IS High),High,0.07019189369981975,0.03637802762220151,3842.4914687144383,139.7822607869675,4133.870282831642,0.3977987421383648,0.2,0.0909090909090909,5635.0
1,all,R15,IF (PointsAjust IS Medium) AND (TeamExp IS Low) AND (Length IS Medium),High,0.19398919167872083,0.10053787982237004,3842.4914687144383,386.31594550009436,4133.870282831642,0.3977987421383648,0.2,0.0909090909090909,5635.0
1,all,R16,IF (PointsAjust IS Medium) AND (TeamExp IS Low) AND (Length IS High),High,0.4153039275703152,0.21523764287328953,3842.4914687144383,827.04880648682,4133.870282831642,0.3977987421383648,0.2,0.0909090909090909,5635.0
1,all,R17,IF (PointsAjust IS High) AND (TeamExp IS High) AND (Length IS Medium),Medium,0.0040042132357502895,0.0020752450463618565,-1788.3134322620726,-3.7111885916442358,4133.870282831642,0.3977987421383648,0.2,0.0909090909090909,5635.0
1,all,R18,IF (PointsAjust IS High) AND (TeamExp IS Medium) AND (Length IS Medium),High,0.04878130356189685,0.025281660244283133,3842.4914687144383,97.14456380359492,4133.870282831642,0.3977987421383648,0.2,0.0909090909090909,5635.0
1,all,R19,IF (PointsAjust IS High) AND (TeamExp IS Low) AND (Length IS Medium),High,0.28862402612892596,0.14958383712870313,3842.4914687144383,574.7746180246118,4133.870282831642,0.3977987421383648,0.2,0.0909090909090909,5635.0
1,all,R20,IF (PointsAjust IS High) AND (TeamExp IS Low) AND (Length IS High),Very_High,0.6179039698305454,0.3202382283414769,6175.939904827478,1977.772053465381,4133.870282831642,0.3977987421383648,0.2,0.0909090909090909,5635.0
2,all,R1,IF (PointsAjust IS Low) AND (TeamExp IS High) AND (Length IS Low),Very_Low,0.22460104323372498,0.2103072735836814,1778.4689776269681,374.0249618378849,166.62463271281774,0.0330188679245283,1.0,0.0,805.0
2,all,R2,IF (PointsAjust IS Low) AND (TeamExp IS High) AND (Length IS Medium),Low,0.03599322726344662,0.033702592758557005,11473.946254192515,386.7017379386209,166.62463271281774,0.0330188679245283,1.0,0.0,805.0
2,all,R3,IF (PointsAjust IS Low) AND (TeamExp IS High) AND (Length IS High),Medium,0.3094435508073862,0.28975034381578046,-5610.975019128592,-1625.7819409342649,166.62463271281774,0.0330188679245283,1.0,0.0,805.0
2,all,R4,IF (PointsAjust IS Low) AND (TeamExp IS Medium) AND (Length IS Low),Low,0.05011526674624546,0.04692589563510647,11473.946254192515,538.4252044470587,166.62463271281774,0.0330188679245283,1.0,0.0,805.0
2,all,R5,IF (PointsAjust IS Low) AND (TeamExp IS Medium) AND (Length IS Medium),Medium,0.008031174563551674,0.007520064919634135,-5610.975019128592,-42.19489640629239,166.62463271281774,0.0330188679245283,1.0,0.0,805.0
2,all,R6,IF (PointsAjust IS Low) AND (TeamExp IS Medium) AND (Length IS High),Medium,0.06904618904855087,0.0646520406186777,-5610.975019128592,-362.7609848470876,166.62463271281774,0.0330188679245283,1.0,0.0,805.0
2,all,R7,IF (PointsAjust IS Low) AND (TeamExp IS Low) AND (Length IS Medium),Medium,0.008031174563551674,0.007520064919634135,-5610.975019128592,-42.19489640629239,166.62463271281774,0.0330188679245283,1.0,0.0,805.0
2,all,R8,IF (PointsAjust IS Low) AND (TeamExp IS Low) AND (Length IS High),High,0.06904618904855087,0.0646520406186777,936.9705029038655,60.577055012243584,166.62463271281774,0.0330188679245283,1.0,0.0,805.0
2,all,R9,IF (PointsAjust IS Medium) AND (TeamExp IS High) AND (Length IS Low),Low,0.05900990310052931,0.0552544710248527,11473.946254192515,633.9868308429975,166.62463271281774,0.0330188679245283,1.0,0.0,805.0
2,all,R10,IF (PointsAjust IS Medium) AND (TeamExp IS High) AND (Length IS Medium),Medium,0.009456576080464046,0.008854752873295752,-5610.975019128592,-49.68379717261959,166.62463271281774,0.0330188679245283,1.0,0.0,805.0
2,all,R11,IF (PointsAjust IS Medium) AND (TeamExp IS High) AND (Length IS High),Medium,0.08130075303891426,0.0761267154673077,-5610.975019128592,-427.14509877537375,166.62463271281774,0.0330188679245283,1.0,0.0,805.0
2,all,R12,IF (PointsAjust IS Medium) AND (TeamExp IS Medium) AND (Length IS Low),Medium,0.013166889129164428,0.012328938968692157,-5610.975019128592,-69.17736856569272,166.62463271281774,0.0330188679245283,1.0,0.0,805.0
2,all,R13,IF (PointsAjust IS Medium) AND (TeamExp IS Medium) AND (Length IS Medium),Medium,0.0021100473352897533,0.00197576242669325,-5610.975019128592,-11.085953619908713,166.62463271281774,0.0330188679245283,1.0,0.0,805.0
2,all,R14,IF (PointsAjust IS Medium) AND (TeamExp IS Medium) AND (Length IS High),High,0.01814065004576088,0.016986166213794316,936.9705029038655,15.91553669974751,166.62463271281774,0.0330188679245283,1.0,0.0,805.0
2,all,R15,IF (PointsAjust IS Medium) AND (TeamExp IS Low) AND (Length IS Medium),High,0.0021100473352897533,0.00197576242669325,936.9705029038655,1.8512311145573361,166.62463271281774,0.0330188679245283,1.0,0.0,805.0
2,all,R16,IF (PointsAjust IS Medium) AND (TeamExp IS Low) AND (Length IS High),High,0.01814065004576088,0.016986166213794316,936.9705029038655,15.91553669974751,166.62463271281774,0.0330188679245283,1.0,0.0,805.0
2,all,R17,IF (PointsAjust IS High) AND (TeamExp IS High) AND (Length IS Medium),Medium,0.026815541186303644,0.02510898113101746,-5610.975019128592,-140.88586588191015,166.62463271281774,0.0330188679245283,1.0,0.0,805.0
2,all,R18,IF (PointsAjust IS High) AND (TeamExp IS Medium) AND (Length IS Medium),High,0.005983355999366747,0.005602570980927827,936.9705029038655,5.249443749554549,166.62463271281774,0.0330188679245283,1.0,0.0,805.0
2,all,R19,IF (PointsAjust IS High) AND (TeamExp IS Low) AND (Length IS Medium),High,0.005983355999366747,0.005602570980927827,936.9705029038655,5.249443749554549,166.62463271281774,0.0330188679245283,1.0,0.0,805.0
2,all,R20,IF (PointsAjust IS High) AND (TeamExp IS Low) AND (Length IS High),Very_High,0.05144053664976712,0.04816682442225423,18677.553773186624,899.6384532302922,166.62463271281774,0.0330188679245283,1.0,0.0,805.0
3,all,R1,IF (PointsAjust IS Low) AND (TeamExp IS High) AND (Length IS Low),Very_Low,0.0018991129555090383,0.000775033670969614,2471.7163161567705,1.915663370106473,3925.245040755949,0.3789308176100629,0.2,0.1212121212121212,3829.0
3,all,R2,IF (PointsAjust IS Low) AND (TeamExp IS High) AND (Length IS Medium),Low,0.0010197685473101528,0.0004161705908373899,10904.606569384801,4.538176558830156,3925.245040755949,0.3789308176100629,0.2,0.1212121212121212,3829.0
3,all,R3,IF (PointsAjust IS Low) AND (TeamExp IS High) AND (Length IS High),Medium,0.0015965370048442323,0.0006515515215215796,-1187.7899536586008,-0.7739063515543079,3925.245040755949,0.3789308176100629,0.2,0.1212121212121212,3829.0
3,all,R4,IF (PointsAjust IS Low) AND (TeamExp IS Medium) AND (Length IS Low),Low,0.023135932111182603,0.009441843015929175,10904.606569384801,102.95958337860128,3925.245040755949,0.3789308176100629,0.2,0.1212121212121212,3829.0
3,all,R5,IF (PointsAjust IS Low) AND (TeamExp IS Medium) AND (Length IS Medium),Medium,0.012423324168921302,0.005069995709498903,-1187.7899536586008,-6.022089968835007,3925.245040755949,0.3789308176100629,0.2,0.1212121212121212,3829.0
3,all,R6,IF (PointsAjust IS Low) AND (TeamExp IS Medium) AND (Length IS High),Medium,0.01944980241955449,0.00793752247602381,-1187.7899536586008,-9.428109453960422,3925.245040755949,0.3789308176100629,0.2,0.1212121212121212,3829.0
3,all,R7,IF (PointsAjust IS Low) AND (TeamExp IS Low) AND (Length IS Medium),Medium,0.07350500248500187,0.029997611119087792,-1187.7899536586008,-35.630861121010014,3925.245040755949,0.3789308176100629,0.2,0.1212121212121212,3829.0
3,all,R8,IF (PointsAjust IS Low) AND (TeamExp IS Low) AND (Length IS High),High,0.11507852131546555,0.04696388835964411,3699.898087856669,173.7616007401613,3925.245040755949,0.3789308176100629,0.2,0.1212121212121212,3829.0
3,all,R9,IF (PointsAjust IS Medium) AND (TeamExp IS High) AND (Length IS Low),Low,0.008101358872090306,0.003306188759475565,10904.606569384801,36.05268766620343,3925.245040755949,0.3789308176100629,0.2,0.1212121212121212,3829.0
3,all,R10,IF (PointsAjust IS Medium) AND (TeamExp IS High) AND (Length IS Medium),Medium,0.004350194623371064,0.0017753274225228185,-1187.7899536586008,-2.1087160769272217,3925.245040755949,0.3789308176100629,0.2,0.1212121212121212,3829.0
3,all,R11,IF (PointsAjust IS Medium) AND (TeamExp IS High) AND (Length IS High),Medium,0.006810610812429766,0.0027794306200643816,-1187.7899536586008,-3.301379767403568,3925.245040755949,0.3789308176100629,0.2,0.1212121212121212,3829.0
3,all,R12,IF (PointsAjust IS Medium) AND (TeamExp IS Medium) AND (Length IS Low),Medium,0.09869475553273171,0.04027762459525681,-1187.7899536586008,-47.841357851478605,3925.245040755949,0.3789308176100629,0.2,0.1212121212121212,3829.0
3,all,R13,IF (PointsAjust IS Medium) AND (TeamExp IS Medium) AND (Length IS Medium),Medium,0.05299621972710274,0.021627915603155516,-1187.7899536586008,-25.68942087200422,3925.245040755949,0.3789308176100629,0.2,0.1212121212121212,3829.0
3,all,R14,IF (PointsAjust IS Medium) AND (TeamExp IS Medium) AND (Length IS High),High,0.08297022509112745,0.033860396743128664,3699.898087856669,125.28001716396993,3925.245040755949,0.3789308176100629,0.2,0.1212121212121212,3829.0
3,all,R15,IF (PointsAjust IS Medium) AND (TeamExp IS Low) AND (Length IS Medium),High,0.3135623935887871,0.1279657496286192,3699.898087856669,473.46023236207344,3925.245040755949,0.3789308176100629,0.2,0.1212121212121212,3829.0
3,all,R16,IF (PointsAjust IS Medium) AND (TeamExp IS Low) AND (Length IS High),High,0.49090939901265024,0.20034159238742058,3699.898087856669,741.2434745923777,3925.245040755949,0.3789308176100629,0.2,0.1212121212121212,3829.0
3,all,R17,IF (PointsAjust IS High) AND (TeamExp IS High) AND (Length IS Medium),Medium,0.005773848798563165,0.0023563249447552982,-1187.7899536586008,-2.798819096935501,3925.245040755949,0.3789308176100629,0.2,0.1212121212121212,3829.0
3,all,R18,IF (PointsAjust IS High) AND (TeamExp IS Medium) AND (Length IS Medium),High,0.07033987811851082,0.028705914408936387,3699.898087856669,106.20895783180094,3925.245040755949,0.3789308176100629,0.2,0.1212121212121212,3829.0
3,all,R19,IF (PointsAjust IS High) AND (TeamExp IS Low) AND (Length IS Medium),High,0.4161795060319028,0.1698440997975126,3699.898087856669,628.4058600745542,3925.245040755949,0.3789308176100629,0.2,0.1212121212121212,3829.0
3,all,R20,IF (PointsAjust IS High) AND (TeamExp IS Low) AND (Length IS High),Very_High,0.6515654790396682,0.26590581862563983,6261.666089832724,1665.0134475773796,3925.245040755949,0.3789308176100629,0.2,0.1212121212121212,3829.0
4,all,R1,IF (PointsAjust IS Low) AND (TeamExp IS High) AND (Length IS Low),Very_Low,0.007248392852517123,0.0025106587955841977,1776.220902048,4.459484630627309,2625.0235462165742,0.2295597484276729,0.2,0.0909090909090909,2149.0
4,all,R2,IF (PointsAjust IS Low) AND (TeamExp IS High) AND (Length IS Medium),Low,0.002960539767251593,0.0010254556227241199,8576.13072747043,8.79444147570165,2625.0235462165742,0.2295597484276729,0.2,0.0909090909090909,2149.0
4,all,R3,IF (PointsAjust IS Low) AND (TeamExp IS High) AND (Length IS High),Medium,0.00633810462545766,0.0021953581226922844,-1682.7273643980282,-3.694189187707791,2625.0235462165742,0.2295597484276729,0.2,0.0909090909090909,2149.0
4,all,R4,IF (PointsAjust IS Low) AND (TeamExp IS Medium) AND (Length IS Low),Low,0.08830350215059615,0.030586085614591575,8576.13072747043,262.3102686723401,2625.0235462165742,0.2295597484276729,0.2,0.0909090909090909,2149.0
4,all,R5,IF (PointsAjust IS Low) AND (TeamExp IS Medium) AND (Length IS Medium),Medium,0.036066757834965026,0.012492606930806019,-1682.7273643980282,-21.021651535135753,2625.0235462165742,0.2295597484276729,0.2,0.0909090909090909,2149.0
4,all,R6,IF (PointsAjust IS Low) AND (TeamExp IS Medium) AND (Length IS High),Medium,0.07721392132194475,0.026744937071280086,-1682.7273643980282,-45.00443746894626,2625.0235462165742,0.2295597484276729,0.2,0.0909090909090909,2149.0
4,all,R7,IF (PointsAjust IS Low) AND (TeamExp IS Low) AND (Length IS Medium),Medium,0.2133959549181799,0.07391492735818869,-1682.7273643980282,-124.37867090311657,2625.0235462165742,0.2295597484276729,0.2,0.0909090909090909,2149.0
4,all,R8,IF (PointsAjust IS Low) AND (TeamExp IS Low) AND (Length IS High),High,0.4568511133956101,0.15824159775236363,1921.8852936546537,304.12219956468294,2625.0235462165742,0.2295597484276729,0.2,0.0909090909090909,2149.0
4,all,R9,IF (PointsAjust IS Medium) AND (TeamExp IS High) AND (Length IS Low),Low,0.009279733511963525,0.003214263497652168,8576.13072747043,27.565943948401337,2625.0235462165742,0.2295597484276729,0.2,0.0909090909090909,2149.0
4,all,R10,IF (PointsAjust IS Medium) AND (TeamExp IS High) AND (Length IS Medium),Medium,0.003790222281084674,0.0013128365281580823,-1682.7273643980282,-2.2091459509129074,2625.0235462165742,0.2295597484276729,0.2,0.0909090909090909,2149.0
4,all,R11,IF (PointsAjust IS Medium) AND (TeamExp IS High) AND (Length IS High),Medium,0.008114339701491991,0.0028106007436992453,-1682.7273643980282,-4.729474781820169,2625.0235462165742,0.2295597484276729,0.2,0.0909090909090909,2149.0
4,all,R12,IF (PointsAjust IS Medium) AND (TeamExp IS Medium) AND (Length IS Low),Medium,0.11305029746643337,0.03915774564825719,-1682.7273643980282,-65.89181013046019,2625.0235462165742,0.2295597484276729,0.2,0.0909090909090909,2149.0
4,all,R13,IF (PointsAjust IS Medium) AND (TeamExp IS Medium) AND (Length IS Medium),Medium,0.04617436004903782,0.015993623075676765,-1682.7273643980282,-26.912907205309047,2625.0235462165742,0.2295597484276729,0.2,0.0909090909090909,2149.0
4,all,R14,IF (PointsAjust IS Medium) AND (TeamExp IS Medium) AND (Length IS High),High,0.09885289440852268,0.034240126586064776,1921.8852936546537,65.80559573863161,2625.0235462165742,0.2295597484276729,0.2,0.0909090909090909,2149.0
4,all,R15,IF (PointsAjust IS Medium) AND (TeamExp IS Low) AND (Length IS Medium),High,0.273199540155169,0.09462936714335779,1921.8852936546537,181.8667890606662,2625.0235462165742,0.2295597484276729,0.2,0.0909090909090909,2149.0
4,all,R16,IF (PointsAjust IS Medium) AND (TeamExp IS Low) AND (Length IS High),High,0.5848822867655236,0.20258833751530464,1921.8852936546537,389.35154653660936,2625.0235462165742,0.2295597484276729,0.2,0.0909090909090909,2149.0
4,all,R17,IF (PointsAjust IS High) AND (TeamExp IS High) AND (Length IS Medium),Medium,0.0035952102350330214,0.0012452893189178397,-1682.7273643980282,-2.095482413535632,2625.0235462165742,0.2295597484276729,0.2,0.0909090909090909,2149.0
4,all,R18,IF (PointsAjust IS High) AND (TeamExp IS Medium) AND (Length IS Medium),High,0.04379862697574913,0.015170729607045135,1921.8852936546537,29.15640212579129,2625.0235462165742,0.2295597484276729,0.2,0.0909090909090909,2149.0
4,all,R19,IF (PointsAjust IS High) AND (TeamExp IS Low) AND (Length IS Medium),High,0.25914305550731254,0.08976055863170548,1921.8852936546537,172.50949758450105,2625.0235462165742,0.2295597484276729,0.2,0.0909090909090909,2149.0
4,all,R20,IF (PointsAjust IS High) AND (TeamExp IS Low) AND (Length IS High),Very_High,0.5547893046175548,0.19216489443593032,7675.799218089503,1475.0191464555658,2625.0235462165742,0.2295597484276729,0.2,0.0909090909090909,2149.0
5,all,R1,IF (PointsAjust IS Low) AND (TeamExp IS High) AND (Length IS Low),Very_Low,0.008216690594123787,0.0028413975995924433,1650.2198778679751,4.688930799773799,2433.6249055817602,0.2044025157232704,0.2,0.0909090909090909,2821.0
5,all,R2,IF (PointsAjust IS Low) AND (TeamExp IS High) AND (Length IS Medium),Low,0.0033560321238187358,0.001160542862304354,8179.914609994243,9.493141514887922,2433.6249055817602,0.2044025157232704,0.2,0.0909090909090909,2821.0
5,all,R3,IF (PointsAjust IS Low) AND (TeamExp IS High) AND (Length IS High),Medium,0.007184798854063959,0.0024845611482671236,-1666.9387935024702,-4.141611362875511,2433.6249055817602,0.2044025157232704,0.2,0.0909090909090909,2821.0
5,all,R4,IF (PointsAjust IS Low) AND (TeamExp IS Medium) AND (Length IS Low),Low,0.10009978353988214,0.03461530909699231,8179.914609994243,283.150272611954,2433.6249055817602,0.2044025157232704,0.2,0.0909090909090909,2821.0
5,all,R5,IF (PointsAjust IS Low) AND (TeamExp IS Medium) AND (Length IS Medium),Medium,0.04088484108034863,0.014138306411160328,-1666.9387935024702,-23.567691431187836,2433.6249055817602,0.2044025157232704,0.2,0.0909090909090909,2821.0
5,all,R6,IF (PointsAjust IS Low) AND (TeamExp IS Medium) AND (Length IS High),Medium,0.0875287686485035,0.030268151183762745,-1666.9387935024702,-50.45515541581183,2433.6249055817602,0.2044025157232704,0.2,0.0909090909090909,2821.0
5,all,R7,IF (PointsAjust IS Low) AND (TeamExp IS Low) AND (Length IS Medium),Medium,0.24190307717542828,0.08365202692576067,-1666.9387935024702,-139.44280883766365,2433.6249055817602,0.2044025157232704,0.2,0.0909090909090909,2821.0
5,all,R8,IF (PointsAjust IS Low) AND (TeamExp IS Low) AND (Length IS High),High,0.5178809044613412,0.17908737611022785,1634.6918469167417,292.75267361310154,2433.6249055817602,0.2044025157232704,0.2,0.0909090909090909,2821.0
5,all,R9,IF (PointsAjust IS Medium) AND (TeamExp IS High) AND (Length IS Low),Low,0.008589241064308485,0.0029702285443120695,8179.914609994243,24.296215864640228,2433.6249055817602,0.2044025157232704,0.2,0.0909090909090909,2821.0
5,all,R10,IF (PointsAjust IS Medium) AND (TeamExp IS High) AND (Length IS Medium),Medium,0.0035081969560417934,0.0012131626833951214,-1666.9387935024702,-2.0222679397808827,2433.6249055817602,0.2044025157232704,0.2,0.0909090909090909,2821.0
5,all,R11,IF (PointsAjust IS Medium) AND (TeamExp IS High) AND (Length IS High),Medium,0.007510562634578984,0.0025972128799328525,-1666.9387935024702,-4.329394904544345,2433.6249055817602,0.2044025157232704,0.2,0.0909090909090909,2821.0
5,all,R12,IF (PointsAjust IS Medium) AND (TeamExp IS Medium) AND (Length IS Low),Medium,0.10463837739296447,0.03618479130299088,-1666.9387935024702,-60.3178323577463,2433.6249055817602,0.2044025157232704,0.2,0.0909090909090909,2821.0
5,all,R13,IF (PointsAjust IS Medium) AND (TeamExp IS Medium) AND (Length IS Medium),Medium,0.042738588229937494,0.014779347063811898,-1666.9387935024702,-24.63626696330488,2433.6249055817602,0.2044025157232704,0.2,0.0909090909090909,2821.0
5,all,R14,IF (PointsAjust IS Medium) AND (TeamExp IS Medium) AND (Length IS High),High,0.09149738393724371,0.031640530224443277,1634.6918469167417,51.722516790020165,2433.6249055817602,0.2044025157232704,0.2,0.0909090909090909,2821.0
5,all,R15,IF (PointsAjust IS Medium) AND (TeamExp IS Low) AND (Length IS Medium),High,0.25287113105411296,0.08744486804665948,1634.6918469167417,142.94541285058455,2433.6249055817602,0.2044025157232704,0.2,0.0909090909090909,2821.0
5,all,R16,IF (PointsAjust IS Medium) AND (TeamExp IS Low) AND (Length IS High),High,0.541361985104043,0.18720732238418442,1634.6918469167417,306.0262835845403,2433.6249055817602,0.2044025157232704,0.2,0.0909090909090909,2821.0
5,all,R17,IF (PointsAjust IS High) AND (TeamExp IS High) AND (Length IS Medium),Medium,0.003472832688329446,0.0012009334355929623,-1666.9387935024702,-2.001882532204109,2433.6249055817602,0.2044025157232704,0.2,0.0909090909090909,2821.0
5,all,R18,IF (PointsAjust IS High) AND (TeamExp IS Medium) AND (Length IS Medium),High,0.042307763252107104,0.014630364326318144,1634.6918469167417,23.916137281653818,2433.6249055817602,0.2044025157232704,0.2,0.0909090909090909,2821.0
5,all,R19,IF (PointsAjust IS High) AND (TeamExp IS Low) AND (Length IS Medium),High,0.2503220716690858,0.08656338283861058,1634.6918469167417,141.5044561678093,2433.6249055817602,0.2044025157232704,0.2,0.0909090909090909,2821.0
5,all,R20,IF (PointsAjust IS High) AND (TeamExp IS Low) AND (Length IS High),Very_High,0.5359048028504821,0.18532018493168068,7900.077246240833,1464.043776247914,2433.6249055817602,0.2044025157232704,0.2,0.0909090909090909,2821.0
6,all,R1,IF (PointsAjust IS Low) AND (TeamExp IS High) AND (Length IS Low),Very_Low,0.45708648859028267,0.03903457282011859,1431.2755725910342,55.86923056396165,2710.205618058539,0.130503144654088,0.6,0.2424242424242424,2569.0
6,all,R2,IF (PointsAjust IS Low) AND (TeamExp IS High) AND (Length IS Medium),Low,0.605541213505302,0.051712407135585135,9856.28392575709,509.692167212674,2710.205618058539,0.130503144654088,0.6,0.2424242424242424,2569.0
6,all,R3,IF (PointsAjust IS Low) AND (TeamExp IS High) AND (Length IS High),Medium,0.5753178242504372,0.0491313702460933,180.07552888389864,8.847357481855893,2710.205618058539,0.130503144654088,0.6,0.2424242424242424,2569.0
6,all,R4,IF (PointsAjust IS Low) AND (TeamExp IS Medium) AND (Length IS Low),Low,0.7536082162884307,0.06435713050122262,9856.28392575709,634.3221508670518,2710.205618058539,0.130503144654088,0.6,0.2424242424242424,2569.0
6,all,R5,IF (PointsAjust IS Low) AND (TeamExp IS Medium) AND (Length IS Medium),Medium,0.9983686789917593,0.08525934560354431,180.07552888389864,15.35312175185334,2710.205618058539,0.130503144654088,0.6,0.2424242424242424,2569.0
6,all,R6,IF (PointsAjust IS Low) AND (TeamExp IS Medium) AND (Length IS High),Medium,0.9485387342546139,0.08100393518337741,180.07552888389864,14.586826469823732,2710.205618058539,0.130503144654088,0.6,0.2424242424242424,2569.0
6,all,R7,IF (PointsAjust IS Low) AND (TeamExp IS Low) AND (Length IS Medium),Medium,0.7994311431693458,0.06827034697296866,180.07552888389864,12.2938188382446,2710.205618058539,0.130503144654088,0.6,0.2424242424242424,2569.0
6,all,R8,IF (PointsAjust IS Low) AND (TeamExp IS Low) AND (Length IS High),High,0.7595304426330359,0.06486288068477909,1893.6641803405118,122.82851378646662,2710.205618058539,0.130503144654088,0.6,0.2424242424242424,2569.0
6,all,R9,IF (PointsAjust IS Medium) AND (TeamExp IS High) AND (Length IS Low),Low,0.26342119645716666,0.022495816726464127,9856.28392575709,221.72515679782586,2710.205618058539,0.130503144654088,0.6,0.2424242424242424,2569.0
6,all,R10,IF (PointsAjust IS Medium) AND (TeamExp IS High) AND (Length IS Medium),Medium,0.34897638619257665,0.029802115134377558,180.07552888389864,5.3666316446818785,2710.205618058539,0.130503144654088,0.6,0.2424242424242424,2569.0
6,all,R11,IF (PointsAjust IS Medium) AND (TeamExp IS High) AND (Length IS High),Medium,0.33155849798708303,0.028314650852449365,180.07552888389864,5.098775727417751,2710.205618058539,0.130503144654088,0.6,0.2424242424242424,2569.0
6,all,R12,IF (PointsAjust IS Medium) AND (TeamExp IS Medium) AND (Length IS Low),Medium,0.434308129752208,0.03708933153869314,180.07552888389864,6.67888099278043,2710.205618058539,0.130503144654088,0.6,0.2424242424242424,2569.0
6,all,R13,IF (PointsAjust IS Medium) AND (TeamExp IS Medium) AND (Length IS Medium),Medium,0.5753647908877637,0.0491353811339025,180.07552888389864,8.848079744599428,2710.205618058539,0.130503144654088,0.6,0.2424242424242424,2569.0
6,all,R14,IF (PointsAjust IS Medium) AND (TeamExp IS Medium) AND (Length IS High),High,0.5466475481126896,0.046682967132880795,1893.6641803405118,88.40186269154977,2710.205618058539,0.130503144654088,0.6,0.2424242424242424,2569.0
6,all,R15,IF (PointsAjust IS Medium) AND (TeamExp IS Low) AND (Length IS Medium),High,0.46071610838524035,0.03934453748048862,1893.6641803405118,74.50534131886603,2710.205618058539,0.130503144654088,0.6,0.2424242424242424,2569.0
6,all,R16,IF (PointsAjust IS Medium) AND (TeamExp IS Low) AND (Length IS High),High,0.43772113798659595,0.03738079786243368,1893.6641803405118,70.78667794463983,2710.205618058539,0.130503144654088,0.6,0.2424242424242424,2569.0
6,all,R17,IF (PointsAjust IS High) AND (TeamExp IS High) AND (Length IS Medium),Medium,0.462100387447816,0.03946275305504679,180.07552888389864,7.1062761276022375,2710.205618058539,0.130503144654088,0.6,0.2424242424242424,2569.0
6,all,R18,IF (PointsAjust IS High) AND (TeamExp IS Medium) AND (Length IS Medium),High,0.7618747379839849,0.0650630803622421,1893.6641803405118,123.20762474459406,2710.205618058539,0.130503144654088,0.6,0.2424242424242424,2569.0
6,all,R19,IF (PointsAjust IS High) AND (TeamExp IS Low) AND (Length IS Medium),High,0.6100615990412197,0.052098441995029325,1893.6641803405118,98.65695345753491,2710.205618058539,0.130503144654088,0.6,0.2424242424242424,2569.0
6,all,R20,IF (PointsAjust IS High) AND (TeamExp IS Low) AND (Length IS High),Very_High,0.5796125911685184,0.04949813757830282,12647.54999931415,626.0301698945156,2710.205618058539,0.130503144654088,0.6,0.2424242424242424,2569.0
7,all,R1,IF (PointsAjust IS Low) AND (TeamExp IS High) AND (Length IS Low),Very_Low,0.020468537527617757,0.003193285508343212,1556.9313025006268,4.971726165761173,4084.809674276021,0.2389937106918239,0.4,0.3636363636363636,3913.0
7,all,R2,IF (PointsAjust IS Low) AND (TeamExp IS High) AND (Length IS Medium),Low,0.04925829244496367,0.007684759657010111,9988.466040545329,76.75896086379825,4084.809674276021,0.2389937106918239,0.4,0.3636363636363636,3913.0
7,all,R3,IF (PointsAjust IS Low) AND (TeamExp IS High) AND (Length IS High),Medium,0.09464555863366646,0.014765602594036923,3038.102947013193,44.85942075536922,4084.809674276021,0.2389937106918239,0.4,0.3636363636363636,3913.0
7,all,R4,IF (PointsAjust IS Low) AND (TeamExp IS Medium) AND (Length IS Low),Low,0.09173362092332904,0.014311312761210709,9988.466040545329,142.94806151097617,4084.809674276021,0.2389937106918239,0.4,0.3636363636363636,3913.0
7,all,R5,IF (PointsAjust IS Low) AND (TeamExp IS Medium) AND (Length IS Medium),Medium,0.2207603508741098,0.034440703362997115,3038.102947013193,104.63440238432872,4084.809674276021,0.2389937106918239,0.4,0.3636363636363636,3913.0
7,all,R6,IF (PointsAjust IS Low) AND (TeamExp IS Medium) AND (Length IS High),Medium,0.4241719656845435,0.06617483976265068,3038.102947013193,201.04597570103485,4084.809674276021,0.2389937106918239,0.4,0.3636363636363636,3913.0
7,all,R7,IF (PointsAjust IS Low) AND (TeamExp IS Low) AND (Length IS Medium),Medium,0.36397228621336836,0.05678312021244677,3038.102947013193,172.51296485803894,4084.809674276021,0.2389937106918239,0.4,0.3636363636363636,3913.0
7,all,R8,IF (PointsAjust IS Low) AND (TeamExp IS Low) AND (Length IS High),High,0.6993413422587915,0.10910386590185475,3054.095455061376,333.2136209804804,4084.809674276021,0.2389937106918239,0.4,0.3636363636363636,3913.0
7,all,R9,IF (PointsAjust IS Medium) AND (TeamExp IS High) AND (Length IS Low),Low,0.028274443502707077,0.004411080692591703,9988.466040545329,44.059929700057396,4084.809674276021,0.2389937106918239,0.4,0.3636363636363636,3913.0
7,all,R10,IF (PointsAjust IS Medium) AND (TeamExp IS High) AND (Length IS Medium),Medium,0.06804349382049106,0.010615428799485096,3038.102947013193,32.25076551952439,4084.809674276021,0.2389937106918239,0.4,0.3636363636363636,3913.0
7,all,R11,IF (PointsAjust IS Medium) AND (TeamExp IS High) AND (Length IS High),Medium,0.1307397021775012,0.020396630475685566,3038.102947013193,61.96706315731942,4084.809674276021,0.2389937106918239,0.4,0.3636363636363636,3913.0
7,all,R12,IF (PointsAjust IS Medium) AND (TeamExp IS Medium) AND (Length IS Low),Medium,0.12671726441597345,0.0197690921283675,3038.102947013193,60.06053705496861,4084.809674276021,0.2389937106918239,0.4,0.3636363636363636,3913.0
7,all,R13,IF (PointsAjust IS Medium) AND (TeamExp IS Medium) AND (Length IS Medium),Medium,0.3049497825629105,0.04757505122760429,3038.102947013193,144.5379033388882,4084.809674276021,0.2389937106918239,0.4,0.3636363636363636,3913.0
7,all,R14,IF (PointsAjust IS Medium) AND (TeamExp IS Medium) AND (Length IS High),High,0.5859346943081609,0.0914113558746043,3054.095455061376,279.17900651762704,4084.809674276021,0.2389937106918239,0.4,0.3636363636363636,3913.0
7,all,R15,IF (PointsAjust IS Medium) AND (TeamExp IS Low) AND (Length IS Medium),High,0.5027771930068494,0.07843799891359941,3054.095455061376,239.55713598613312,4084.809674276021,0.2389937106918239,0.4,0.3636363636363636,3913.0
7,all,R16,IF (PointsAjust IS Medium) AND (TeamExp IS Low) AND (Length IS High),High,0.9660429937470418,0.15071184681399918,3054.095455061376,460.28836637854124,4084.809674276021,0.2389937106918239,0.4,0.3636363636363636,3913.0
7,all,R17,IF (PointsAjust IS High) AND (TeamExp IS High) AND (Length IS Medium),Medium,0.06398790811327683,0.009982719059025279,3038.102947013193,30.328528192429467,4084.809674276021,0.2389937106918239,0.4,0.3636363636363636,3913.0
7,all,R18,IF (PointsAjust IS High) AND (TeamExp IS Medium) AND (Length IS Medium),High,0.2867739084250693,0.0447394428990891,3054.095455061376,136.63852922008596,4084.809674276021,0.2389937106918239,0.4,0.3636363636363636,3913.0
7,all,R19,IF (PointsAjust IS High) AND (TeamExp IS Low) AND (Length IS Medium),High,0.47281024270222216,0.07376287114700197,3054.095455061376,225.27884952233663,4084.809674276021,0.2389937106918239,0.4,0.3636363636363636,3913.0
7,all,R20,IF (PointsAjust IS High) AND (TeamExp IS Low) AND (Length IS High),Very_High,0.9084640844639461,0.14172899220839622,9099.887795518502,1289.7179264683216,4084.809674276021,0.2389937106918239,0.4,0.3636363636363636,3913.0
8,all,R1,IF (PointsAjust IS Low) AND (TeamExp IS High) AND (Length IS Low),Very_Low,0.15370965766160835,0.020506953421680577,2283.8061198845708,46.83390572462194,4037.234858934754,0.2908805031446541,0.8,0.3333333333333333,7854.0
8,all,R2,IF (PointsAjust IS Low) AND (TeamExp IS High) AND (Length IS Medium),Low,0.32790323325344806,0.043746739362014925,13790.260077292121,603.2789133356982,4037.234858934754,0.2908805031446541,0.8,0.3333333333333333,7854.0
8,all,R3,IF (PointsAjust IS Low) AND (TeamExp IS High) AND (Length IS High),Medium,0.47194642984994795,0.06296405575092642,1274.082112330951,80.22137715206411,4037.234858934754,0.2908805031446541,0.8,0.3333333333333333,7854.0
8,all,R4,IF (PointsAjust IS Low) AND (TeamExp IS Medium) AND (Length IS Low),Low,0.09322962006569832,0.012438095987548161,13790.260077292121,171.52457853461271,4037.234858934754,0.2908805031446541,0.8,0.3333333333333333,7854.0
8,all,R5,IF (PointsAjust IS Low) AND (TeamExp IS Medium) AND (Length IS Medium),Medium,0.19888336438711934,0.026533738685519538,1274.082112330951,33.80616183248421,4037.234858934754,0.2908805031446541,0.8,0.3333333333333333,7854.0
8,all,R6,IF (PointsAjust IS Low) AND (TeamExp IS Medium) AND (Length IS High),Medium,0.2862499794459109,0.038189630272792416,1274.082112330951,48.6567248070974,4037.234858934754,0.2908805031446541,0.8,0.3333333333333333,7854.0
8,all,R7,IF (PointsAjust IS Low) AND (TeamExp IS Low) AND (Length IS Medium),Medium,0.13480504928753756,0.01798482222133889,1274.082112330951,22.91414028566008,4037.234858934754,0.2908805031446541,0.8,0.3333333333333333,7854.0
8,all,R8,IF (PointsAjust IS Low) AND (TeamExp IS Low) AND (Length IS High),High,0.19402297777230174,0.025885297179385605,4312.224797000724,111.6232203746795,4037.234858934754,0.2908805031446541,0.8,0.3333333333333333,7854.0
8,all,R9,IF (PointsAjust IS Medium) AND (TeamExp IS High) AND (Length IS Low),Low,0.3225391959684099,0.04303110402439287,13790.260077292121,593.4101159093893,4037.234858934754,0.2908805031446541,0.8,0.3333333333333333,7854.0
8,all,R10,IF (PointsAjust IS Medium) AND (TeamExp IS High) AND (Length IS Medium),Medium,0.6880611590577039,0.09179669224901352,1274.082112330951,116.95652356561739,4037.234858934754,0.2908805031446541,0.8,0.3333333333333333,7854.0
8,all,R11,IF (PointsAjust IS Medium) AND (TeamExp IS High) AND (Length IS High),Medium,0.9903165769783877,0.1321216651299999,1274.082112330951,168.33385019351283,4037.234858934754,0.2908805031446541,0.8,0.3333333333333333,7854.0
8,all,R12,IF (PointsAjust IS Medium) AND (TeamExp IS Medium) AND (Length IS Low),Medium,0.19562991131390198,0.026099683912077957,1274.082112330951,33.253140409870426,4037.234858934754,0.2908805031446541,0.8,0.3333333333333333,7854.0
8,all,R13,IF (PointsAjust IS Medium) AND (TeamExp IS Medium) AND (Length IS Medium),Medium,0.41733018872590827,0.05567750830923174,1274.082112330951,70.93771739595006,4037.234858934754,0.2908805031446541,0.8,0.3333333333333333,7854.0
8,all,R14,IF (PointsAjust IS Medium) AND (TeamExp IS Medium) AND (Length IS High),High,0.6006573667590583,0.08013584071363047,4312.224797000724,345.5637594538175,4037.234858934754,0.2908805031446541,0.8,0.3333333333333333,7854.0
8,all,R15,IF (PointsAjust IS Medium) AND (TeamExp IS Low) AND (Length IS Medium),High,0.2828703991092428,0.037738748411475315,4312.224797000724,162.73796670773552,4037.234858934754,0.2908805031446541,0.8,0.3333333333333333,7854.0
8,all,R16,IF (PointsAjust IS Medium) AND (TeamExp IS Low) AND (Length IS High),High,0.40713131628882226,0.054316840377217845,4312.224797000724,234.22642596936893,4037.234858934754,0.2908805031446541,0.8,0.3333333333333333,7854.0
8,all,R17,IF (PointsAjust IS High) AND (TeamExp IS High) AND (Length IS Medium),Medium,0.6630780068010816,0.0884636008385753,1274.082112330951,112.7098914208141,4037.234858934754,0.2908805031446541,0.8,0.3333333333333333,7854.0
8,all,R18,IF (PointsAjust IS High) AND (TeamExp IS Medium) AND (Length IS Medium),High,0.402177140905998,0.053655886177176135,4312.224797000724,231.3762428782673,4037.234858934754,0.2908805031446541,0.8,0.3333333333333333,7854.0
8,all,R19,IF (PointsAjust IS High) AND (TeamExp IS Low) AND (Length IS Medium),High,0.27259951816093303,0.03636847356726023,4312.224797000724,156.82903354580495,4037.234858934754,0.2908805031446541,0.8,0.3333333333333333,7854.0
8,all,R20,IF (PointsAjust IS High) AND (TeamExp IS Low) AND (Length IS High),Very_High,0.3923485843624738,0.052344623408742116,13220.864424484684,692.0411694376868,4037.234858934754,0.2908805031446541,0.8,0.3333333333333333,7854.0
9,all,R1,IF (PointsAjust IS Low) AND (TeamExp IS High) AND (Length IS Low),Very_Low,0.8070222162729803,0.1547337129800806,1570.8822379453609,243.06844133174414,1792.672145001135,0.0644654088050314,0.8,0.0909090909090909,2422.0
9,all,R2,IF (PointsAjust IS Low) AND (TeamExp IS High) AND (Length IS Medium),Low,0.32962084326072055,0.06319956988161059,10416.773864810424,658.3356278100212,1792.672145001135,0.0644654088050314,0.8,0.0909090909090909,2422.0
9,all,R3,IF (PointsAjust IS Low) AND (TeamExp IS High) AND (Length IS High),Medium,0.7056724636593896,0.13530150502434707,-3293.277153063454,-445.58535527178236,1792.672145001135,0.0644654088050314,0.8,0.0909090909090909,2422.0
9,all,R4,IF (PointsAjust IS Low) AND (TeamExp IS Medium) AND (Length IS Low),Low,0.48948371723880224,0.09385074101359356,10416.773864810424,977.6219461834932,1792.672145001135,0.0644654088050314,0.8,0.0909090909090909,2422.0
9,all,R5,IF (PointsAjust IS Low) AND (TeamExp IS Medium) AND (Length IS Medium),Medium,0.19992514751795934,0.03833247681384794,-3293.277153063454,-126.23947011138,1792.672145001135,0.0644654088050314,0.8,0.0909090909090909,2422.0
9,all,R6,IF (PointsAjust IS Low) AND (TeamExp IS Medium) AND (Length IS High),Medium,0.42801198492436887,0.08206451110252941,-3293.277153063454,-270.2611794912823,1792.672145001135,0.0644654088050314,0.8,0.0909090909090909,2422.0
9,all,R7,IF (PointsAjust IS Low) AND (TeamExp IS Low) AND (Length IS Medium),Medium,0.1355111798718254,0.025982119933097975,-3293.277153063454,-85.56632196382613,1792.672145001135,0.0644654088050314,0.8,0.0909090909090909,2422.0
9,all,R8,IF (PointsAjust IS Low) AND (TeamExp IS Low) AND (Length IS High),High,0.2901106228828616,0.05562411163962904,1145.0701427942108,63.69350945799115,1792.672145001135,0.0644654088050314,0.8,0.0909090909090909,2422.0
9,all,R9,IF (PointsAjust IS Medium) AND (TeamExp IS High) AND (Length IS Low),Low,0.2731766196133328,0.05237728503600467,10416.773864810424,545.6023338727796,1792.672145001135,0.0644654088050314,0.8,0.0909090909090909,2422.0
9,all,R10,IF (PointsAjust IS Medium) AND (TeamExp IS High) AND (Length IS Medium),Medium,0.11157649182436095,0.021393023033501105,-3293.277153063454,-70.45315399118942,1792.672145001135,0.0644654088050314,0.8,0.0909090909090909,2422.0
9,all,R11,IF (PointsAjust IS Medium) AND (TeamExp IS High) AND (Length IS High),Medium,0.2388697786622986,0.04579949228887788,-3293.277153063454,-150.83042157686737,1792.672145001135,0.0644654088050314,0.8,0.0909090909090909,2422.0
9,all,R12,IF (PointsAjust IS Medium) AND (TeamExp IS Medium) AND (Length IS Low),Medium,0.16568999531214185,0.03176842924684455,-3293.277153063454,-104.62224222734599,1792.672145001135,0.0644654088050314,0.8,0.0909090909090909,2422.0
9,all,R13,IF (PointsAjust IS Medium) AND (TeamExp IS Medium) AND (Length IS Medium),Medium,0.06767456319465089,0.012975524373756984,-3293.277153063454,-42.73199796911186,1792.672145001135,0.0644654088050314,0.8,0.0909090909090909,2422.0
9,all,R14,IF (PointsAjust IS Medium) AND (TeamExp IS Medium) AND (Length IS High),High,0.14488184443745467,0.027778796272476758,1145.0701427942108,31.808670214376253,1792.672145001135,0.0644654088050314,0.8,0.0909090909090909,2422.0
9,all,R15,IF (PointsAjust IS Medium) AND (TeamExp IS Low) AND (Length IS Medium),High,0.04587046712066949,0.008794934700175656,1145.0701427942108,10.070817132995899,1792.672145001135,0.0644654088050314,0.8,0.0909090909090909,2422.0
9,all,R16,IF (PointsAjust IS Medium) AND (TeamExp IS Low) AND (Length IS High),High,0.09820230183880245,0.01882873417894685,1145.0701427942108,21.560221334920907,1792.672145001135,0.0644654088050314,0.8,0.0909090909090909,2422.0
9,all,R17,IF (PointsAjust IS High) AND (TeamExp IS High) AND (Length IS Medium),Medium,0.23613095878608345,0.045274367007212685,-3293.277153063454,-149.10103848426337,1792.672145001135,0.0644654088050314,0.8,0.0909090909090909,2422.0
9,all,R18,IF (PointsAjust IS High) AND (TeamExp IS Medium) AND (Length IS Medium),High,0.1432206662110998,0.027460291688956584,1145.0701427942108,31.443960125444196,1792.672145001135,0.0644654088050314,0.8,0.0909090909090909,2422.0
9,all,R19,IF (PointsAjust IS High) AND (TeamExp IS Low) AND (Length IS Medium),High,0.097076339326205,0.018612848721598237,1145.0701427942108,21.313017343447537,1792.672145001135,0.0644654088050314,0.8,0.0909090909090909,2422.0
9,all,R20,IF (PointsAjust IS High) AND (TeamExp IS Low) AND (Length IS High),Very_High,0.20782696524191954,0.039847525062912,15899.22536671268,633.5447812809697,1792.672145001135,0.0644654088050314,0.8,0.0909090909090909,2422.0
10,all,R1,IF (PointsAjust IS Low) AND (TeamExp IS High) AND (Length IS Low),Very_Low,0.0002899751564339815,0.00023912753227264347,1938.515496157172,0.46355242686834364,6583.511817877288,0.2751572327044025,1.0,0.6060606060606061,4067.0
10,all,R2,IF (PointsAjust IS Low) AND (TeamExp IS High) AND (Length IS Medium),Low,0.0009191912721447021,0.0007580095595001675,14806.37927289083,11.223377030436389,6583.511817877288,0.2751572327044025,1.0,0.6060606060606061,4067.0
10,all,R3,IF (PointsAjust IS Low) AND (TeamExp IS High) AND (Length IS High),Medium,0.26733163675083316,0.2204545912856074,6010.700994637731,1325.086631112855,6583.511817877288,0.2751572327044025,1.0,0.6060606060606061,4067.0
10,all,R4,IF (PointsAjust IS Low) AND (TeamExp IS Medium) AND (Length IS Low),Low,6.470220309418026e-05,5.335656457189374e-05,14806.37927289083,0.7900175317499487,6583.511817877288,0.2751572327044025,1.0,0.6060606060606061,4067.0
10,all,R5,IF (PointsAjust IS Low) AND (TeamExp IS Medium) AND (Length IS Medium),Medium,0.00020509929576068627,0.00016913479440531308,6010.700994637731,1.0166186769598635,6583.511817877288,0.2751572327044025,1.0,0.6060606060606061,4067.0
10,all,R6,IF (PointsAjust IS Low) AND (TeamExp IS Medium) AND (Length IS High),Medium,0.059649750920955265,0.049190068259014216,6010.700994637731,295.66679221075464,6583.511817877288,0.2751572327044025,1.0,0.6060606060606061,4067.0
10,all,R7,IF (PointsAjust IS Low) AND (TeamExp IS Low) AND (Length IS Medium),Medium,0.00020509929576068627,0.00016913479440531308,6010.700994637731,1.0166186769598635,6583.511817877288,0.2751572327044025,1.0,0.6060606060606061,4067.0
10,all,R8,IF (PointsAjust IS Low) AND (TeamExp IS Low) AND (Length IS High),High,0.059649750920955265,0.049190068259014216,5157.241511669535,253.6850619872461,6583.511817877288,0.2751572327044025,1.0,0.6060606060606061,4067.0
10,all,R9,IF (PointsAjust IS Medium) AND (TeamExp IS High) AND (Length IS Low),Low,0.0005360677530166955,0.0004420673842761008,14806.37927289083,6.545417355766724,6583.511817877288,0.2751572327044025,1.0,0.6060606060606061,4067.0
10,all,R10,IF (PointsAjust IS Medium) AND (TeamExp IS High) AND (Length IS Medium),Medium,0.0016992793655526564,0.001401307913145112,6010.700994637731,8.422842867335048,6583.511817877288,0.2751572327044025,1.0,0.6060606060606061,4067.0
10,all,R11,IF (PointsAjust IS Medium) AND (TeamExp IS High) AND (Length IS High),Medium,0.4942074058538234,0.4075473183496505,6010.700994637731,2449.6450717661846,6583.511817877288,0.2751572327044025,1.0,0.6060606060606061,4067.0
10,all,R12,IF (PointsAjust IS Medium) AND (TeamExp IS Medium) AND (Length IS Low),Medium,0.00011961288358102416,9.863856624992381e-05,6010.700994637731,0.5928869282680568,6583.511817877288,0.2751572327044025,1.0,0.6060606060606061,4067.0
10,all,R13,IF (PointsAjust IS Medium) AND (TeamExp IS Medium) AND (Length IS Medium),Medium,0.00037916047697268636,0.00031267405907733074,6010.700994637731,1.8793902778935285,6583.511817877288,0.2751572327044025,1.0,0.6060606060606061,4067.0
10,all,R14,IF (PointsAjust IS Medium) AND (TeamExp IS Medium) AND (Length IS High),High,0.11027257761470363,0.0909360984114206,5157.241511669535,468.97942163664436,6583.511817877288,0.2751572327044025,1.0,0.6060606060606061,4067.0
10,all,R15,IF (PointsAjust IS Medium) AND (TeamExp IS Low) AND (Length IS Medium),High,0.00037916047697268636,0.00031267405907733074,5157.241511669535,1.6125356370958226,6583.511817877288,0.2751572327044025,1.0,0.6060606060606061,4067.0
10,all,R16,IF (PointsAjust IS Medium) AND (TeamExp IS Low) AND (Length IS High),High,0.11027257761470363,0.0909360984114206,5157.241511669535,468.97942163664436,6583.511817877288,0.2751572327044025,1.0,0.6060606060606061,4067.0
10,all,R17,IF (PointsAjust IS High) AND (TeamExp IS High) AND (Length IS Medium),Medium,0.0016047191234403522,0.0013233289661708492,6010.700994637731,7.954134733196043,6583.511817877288,0.2751572327044025,1.0,0.6060606060606061,4067.0
10,all,R18,IF (PointsAjust IS High) AND (TeamExp IS Medium) AND (Length IS Medium),High,0.00035806123500649366,0.00029527460415075757,5157.241511669535,1.5228024458680764,6583.511817877288,0.2751572327044025,1.0,0.6060606060606061,4067.0
10,all,R19,IF (PointsAjust IS High) AND (TeamExp IS Low) AND (Length IS Medium),High,0.00035806123500649366,0.00029527460415075757,5157.241511669535,1.5228024458680764,6583.511817877288,0.2751572327044025,1.0,0.6060606060606061,4067.0
10,all,R20,IF (PointsAjust IS High) AND (TeamExp IS Low) AND (Length IS High),Very_High,0.10413621072355216,0.08587575362241906,14869.23103006501,1276.906420492691,6583.511817877288,0.2751572327044025,1.0,0.6060606060606061,4067.0
11,all,R1,IF (PointsAjust IS Low) AND (TeamExp IS High) AND (Length IS Low),Very_Low,0.004507699396106094,0.0011118471460262026,2002.448302327716,2.2264164300080855,5822.581174203993,0.3286163522012578,0.6,0.4848484848484848,9051.0
11,all,R2,IF (PointsAjust IS Low) AND (TeamExp IS High) AND (Length IS Medium),Low,0.014509331783163491,0.003578801006072658,12784.027006078075,45.75148871101224,5822.581174203993,0.3286163522012578,0.6,0.4848484848484848,9051.0
11,all,R3,IF (PointsAjust IS Low) AND (TeamExp IS High) AND (Length IS High),Medium,0.18788628478062058,0.046343114558893415,4765.196936535805,220.83406752556678,5822.581174203993,0.3286163522012578,0.6,0.4848484848484848,9051.0
11,all,R4,IF (PointsAjust IS Low) AND (TeamExp IS Medium) AND (Length IS Low),Low,0.007431939876282241,0.0018331260394206321,12784.027006078075,23.434732793498302,5822.581174203993,0.3286163522012578,0.6,0.4848484848484848,9051.0
11,all,R5,IF (PointsAjust IS Low) AND (TeamExp IS Medium) AND (Length IS Medium),Medium,0.02392184393454707,0.00590044534231501,4765.196936535805,28.11678406939645,5822.581174203993,0.3286163522012578,0.6,0.4848484848484848,9051.0
11,all,R6,IF (PointsAjust IS Low) AND (TeamExp IS Medium) AND (Length IS High),Medium,0.30977211419063094,0.07640687872374036,4765.196936535805,364.0938244246304,5822.581174203993,0.3286163522012578,0.6,0.4848484848484848,9051.0
11,all,R7,IF (PointsAjust IS Low) AND (TeamExp IS Low) AND (Length IS Medium),Medium,0.019155115185130422,0.004724707279457899,4765.196936535805,22.5141606541012,5822.581174203993,0.3286163522012578,0.6,0.4848484848484848,9051.0
11,all,R8,IF (PointsAjust IS Low) AND (TeamExp IS Low) AND (Length IS High),High,0.24804611821305475,0.061181845634227384,4737.726206966873,289.8628334518809,5822.581174203993,0.3286163522012578,0.6,0.4848484848484848,9051.0
11,all,R9,IF (PointsAjust IS Medium) AND (TeamExp IS High) AND (Length IS Low),Low,0.01282006345836981,0.0031621343207526966,12784.027006078075,40.42481055334882,5822.581174203993,0.3286163522012578,0.6,0.4848484848484848,9051.0
11,all,R10,IF (PointsAjust IS Medium) AND (TeamExp IS High) AND (Length IS Medium),Medium,0.0412650751200003,0.010178242152163544,4765.196936535805,48.50132832280933,5822.581174203993,0.3286163522012578,0.6,0.4848484848484848,9051.0
11,all,R11,IF (PointsAjust IS Medium) AND (TeamExp IS High) AND (Length IS High),Medium,0.5343555286596147,0.1318015282955066,4765.196936535805,628.0602388644853,5822.581174203993,0.3286163522012578,0.6,0.4848484848484848,9051.0
11,all,R12,IF (PointsAjust IS Medium) AND (TeamExp IS Medium) AND (Length IS Low),Medium,0.021136711315539757,0.005213478115435873,4765.196936535805,24.843249944371486,5822.581174203993,0.3286163522012578,0.6,0.4848484848484848,9051.0
11,all,R13,IF (PointsAjust IS Medium) AND (TeamExp IS Medium) AND (Length IS Medium),Medium,0.06803460708738315,0.01678108433460869,4765.196936535805,79.96517166302633,5822.581174203993,0.3286163522012578,0.6,0.4848484848484848,9051.0
11,all,R14,IF (PointsAjust IS Medium) AND (TeamExp IS Medium) AND (Length IS High),High,0.8810033262173188,0.2173039832115866,4737.726206966873,1029.5267761398231,5822.581174203993,0.3286163522012578,0.6,0.4848484848484848,9051.0
11,all,R15,IF (PointsAjust IS Medium) AND (TeamExp IS Low) AND (Length IS Medium),High,0.05447785458761665,0.013437241888222495,4737.726206966873,63.661973043184744,5822.581174203993,0.3286163522012578,0.6,0.4848484848484848,9051.0
11,all,R16,IF (PointsAjust IS Medium) AND (TeamExp IS Low) AND (Length IS High),High,0.7054523153963254,0.17400342716032352,4737.726206966873,824.3805969595162,5822.581174203993,0.3286163522012578,0.6,0.4848484848484848,9051.0
11,all,R17,IF (PointsAjust IS High) AND (TeamExp IS High) AND (Length IS Medium),Medium,0.04369750493031479,0.010778213424614288,4765.196936535805,51.3603095923011,5822.581174203993,0.3286163522012578,0.6,0.4848484848484848,9051.0
11,all,R18,IF (PointsAjust IS High) AND (TeamExp IS Medium) AND (Length IS Medium),High,0.07204500585513372,0.01777026973330725,4737.726206966873,84.19067262035999,5822.581174203993,0.3286163522012578,0.6,0.4848484848484848,9051.0
11,all,R19,IF (PointsAjust IS High) AND (TeamExp IS Low) AND (Length IS Medium),High,0.057689130881566006,0.014229319635379607,4737.726206966873,67.41462054384628,5822.581174203993,0.3286163522012578,0.6,0.4848484848484848,9051.0
11,all,R20,IF (PointsAjust IS High) AND (TeamExp IS Low) AND (Length IS High),Very_High,0.7470362271361033,0.18426031199794532,10221.501838756398,1883.4171178968256,5822.581174203993,0.3286163522012578,0.6,0.4848484848484848,9051.0
12,all,R1,IF (PointsAjust IS Low) AND (TeamExp IS High) AND (Length IS Low),Very_Low,0.0856198821153226,0.027786711846819093,1091.029906684198,30.316133633295735,1911.0437965313895,0.040880503144654,0.4,0.0606060606060606,2282.0
12,all,R2,IF (PointsAjust IS Low) AND (TeamExp IS High) AND (Length IS Medium),Low,0.02609594057685033,0.008469065400066535,7108.837671425343,60.20521115775792,1911.0437965313895,0.040880503144654,0.4,0.0606060606060606,2282.0
12,all,R3,IF (PointsAjust IS Low) AND (TeamExp IS High) AND (Length IS High),Medium,0.08236557116052033,0.026730571631171044,-2724.3825615023216,-72.82430321095106,1911.0437965313895,0.040880503144654,0.4,0.0606060606060606,2282.0
12,all,R4,IF (PointsAjust IS Low) AND (TeamExp IS Medium) AND (Length IS Low),Low,0.38372168987987487,0.12453140278452236,7108.837671425343,885.2735273900554,1911.0437965313895,0.040880503144654,0.4,0.0606060606060606,2282.0
12,all,R5,IF (PointsAjust IS Low) AND (TeamExp IS Medium) AND (Length IS Medium),Medium,0.11695389166346176,0.03795571783945647,-2724.3825615023216,-103.40589579111777,1911.0437965313895,0.040880503144654,0.4,0.0606060606060606,2282.0
12,all,R6,IF (PointsAjust IS Low) AND (TeamExp IS Medium) AND (Length IS High),Medium,0.3691368800422562,0.11979811072330804,-2724.3825615023216,-326.3758837555047,1911.0437965313895,0.040880503144654,0.4,0.0606060606060606,2282.0
12,all,R7,IF (PointsAjust IS Low) AND (TeamExp IS Low) AND (Length IS Medium),Medium,0.19282436887670773,0.06257839934660417,-2724.3825615023216,-170.48749990661668,1911.0437965313895,0.040880503144654,0.4,0.0606060606060606,2282.0
12,all,R8,IF (PointsAjust IS Low) AND (TeamExp IS Low) AND (Length IS High),High,0.6086038259255492,0.197513693339207,64.430020043686,12.725811220747557,1911.0437965313895,0.040880503144654,0.4,0.0606060606060606,2282.0
12,all,R9,IF (PointsAjust IS Medium) AND (TeamExp IS High) AND (Length IS Low),Low,0.023966189217877465,0.0077778849656267674,7108.837671425343,55.291721647660374,1911.0437965313895,0.040880503144654,0.4,0.0606060606060606,2282.0
12,all,R10,IF (PointsAjust IS Medium) AND (TeamExp IS High) AND (Length IS Medium),Medium,0.007304614702002209,0.0023706085416374313,-2724.3825615023216,-6.458444570985468,1911.0437965313895,0.040880503144654,0.4,0.0606060606060606,2282.0
12,all,R11,IF (PointsAjust IS Medium) AND (TeamExp IS High) AND (Length IS High),Medium,0.023055262571055505,0.007482256711727301,-2724.3825615023216,-20.38452970611356,1911.0437965313895,0.040880503144654,0.4,0.0606060606060606,2282.0
12,all,R12,IF (PointsAjust IS Medium) AND (TeamExp IS Medium) AND (Length IS Low),Medium,0.10740900827541545,0.03485806204079625,-2724.3825615023216,-94.96669635171133,1911.0437965313895,0.040880503144654,0.4,0.0606060606060606,2282.0
12,all,R13,IF (PointsAjust IS Medium) AND (TeamExp IS Medium) AND (Length IS Medium),Medium,0.032737011872994055,0.01062433039110654,-2724.3825615023216,-28.9447404451698,1911.0437965313895,0.040880503144654,0.4,0.0606060606060606,2282.0
12,all,R14,IF (PointsAjust IS Medium) AND (TeamExp IS Medium) AND (Length IS High),High,0.10332651827847376,0.03353314812641189,64.430020043686,2.1605414059126096,1911.0437965313895,0.040880503144654,0.4,0.0606060606060606,2282.0
12,all,R15,IF (PointsAjust IS Medium) AND (TeamExp IS Low) AND (Length IS Medium),High,0.05397420781416792,0.017516559502763155,64.430020043686,1.1285922798594485,1911.0437965313895,0.040880503144654,0.4,0.0606060606060606,2282.0
12,all,R16,IF (PointsAjust IS Medium) AND (TeamExp IS Low) AND (Length IS High),High,0.1703566285131052,0.0552868145895534,64.430020043686,3.562130572156477,1911.0437965313895,0.040880503144654,0.4,0.0606060606060606,2282.0
12,all,R17,IF (PointsAjust IS High) AND (TeamExp IS High) AND (Length IS Medium),Medium,0.019171726640602887,0.006221910502643423,-2724.3825615023216,-16.950864472629885,1911.0437965313895,0.040880503144654,0.4,0.0606060606060606,2282.0
12,all,R18,IF (PointsAjust IS High) AND (TeamExp IS Medium) AND (Length IS Medium),High,0.08592171774469909,0.02788466829631865,64.430020043686,1.7966097372433463,1911.0437965313895,0.040880503144654,0.4,0.0606060606060606,2282.0
12,all,R19,IF (PointsAjust IS High) AND (TeamExp IS Low) AND (Length IS Medium),High,0.141660963660778,0.04597404574655805,64.430020043686,2.9621086889400723,1911.0437965313895,0.040880503144654,0.4,0.0606060606060606,2282.0
12,all,R20,IF (PointsAjust IS High) AND (TeamExp IS Low) AND (Length IS High),Very_High,0.4471188209793958,0.14510603767370245,11690.900628292758,1696.4202670085606,1911.0437965313895,0.040880503144654,0.4,0.0606060606060606,2282.0
13,all,R1,IF (PointsAjust IS Low) AND (TeamExp IS High) AND (Length IS Low),Very_Low,0.6051928186199594,0.05624835784417113,2250.2218033762792,126.57128122506504,3125.6143075337877,0.2421383647798742,0.8,0.2121212121212121,4172.0
13,all,R2,IF (PointsAjust IS Low) AND (TeamExp IS High) AND (Length IS Medium),Low,0.6583461054656372,0.061188576906762215,13118.820772084006,802.7219737386919,3125.6143075337877,0.2421383647798742,0.8,0.2121212121212121,4172.0
13,all,R3,IF (PointsAjust IS Low) AND (TeamExp IS High) AND (Length IS High),Medium,0.6330485488931604,0.058837349379118005,-1050.055733286119,-61.782496046901336,3125.6143075337877,0.2421383647798742,0.8,0.2121212121212121,4172.0
13,all,R4,IF (PointsAjust IS Low) AND (TeamExp IS Medium) AND (Length IS Low),Low,0.367067999530912,0.03411635359097738,13118.820772084006,447.5663281570768,3125.6143075337877,0.2421383647798742,0.8,0.2121212121212121,4172.0
13,all,R5,IF (PointsAjust IS Low) AND (TeamExp IS Medium) AND (Length IS Medium),Medium,0.3993070976673158,0.03711274791813569,-1050.055733286119,-38.970453729440855,3125.6143075337877,0.2421383647798742,0.8,0.2121212121212121,4172.0
13,all,R6,IF (PointsAjust IS Low) AND (TeamExp IS Medium) AND (Length IS High),Medium,0.3839633539902938,0.035686656334659145,-1050.055733286119,-37.472978086020234,3125.6143075337877,0.2421383647798742,0.8,0.2121212121212121,4172.0
13,all,R7,IF (PointsAjust IS Low) AND (TeamExp IS Low) AND (Length IS Medium),Medium,0.27065417536446446,0.025155376005014204,-1050.055733286119,-26.414546797033232,3125.6143075337877,0.2421383647798742,0.8,0.2121212121212121,4172.0
13,all,R8,IF (PointsAjust IS Low) AND (TeamExp IS Low) AND (Length IS High),High,0.26025403893771837,0.024188757470620843,3464.580677163367,83.80390173730402,3125.6143075337877,0.2421383647798742,0.8,0.2121212121212121,4172.0
13,all,R9,IF (PointsAjust IS Medium) AND (TeamExp IS High) AND (Length IS Low),Low,0.8574434925622432,0.07969325959745667,13118.820772084006,1045.4815894021976,3125.6143075337877,0.2421383647798742,0.8,0.2121212121212121,4172.0
13,all,R10,IF (PointsAjust IS Medium) AND (TeamExp IS High) AND (Length IS Medium),Medium,0.9327516233131153,0.08669261345084521,-1050.055733286119,-91.03207578761733,3125.6143075337877,0.2421383647798742,0.8,0.2121212121212121,4172.0
13,all,R11,IF (PointsAjust IS Medium) AND (TeamExp IS High) AND (Length IS High),Medium,0.8969097815175392,0.08336136978587742,-1050.055733286119,-87.53408427824485,3125.6143075337877,0.2421383647798742,0.8,0.2121212121212121,4172.0
13,all,R12,IF (PointsAjust IS Medium) AND (TeamExp IS Medium) AND (Length IS Low),Medium,0.5200657672100817,0.048336405318295535,-1050.055733286119,-50.75591953091788,3125.6143075337877,0.2421383647798742,0.8,0.2121212121212121,4172.0
13,all,R13,IF (PointsAjust IS Medium) AND (TeamExp IS Medium) AND (Length IS Medium),Medium,0.5657424574361335,0.05258172802855345,-1050.055733286119,-55.21374498247397,3125.6143075337877,0.2421383647798742,0.8,0.2121212121212121,4172.0
13,all,R14,IF (PointsAjust IS Medium) AND (TeamExp IS Medium) AND (Length IS High),High,0.5440032814865468,0.050561226610777006,3464.580677163367,175.17344872937625,3125.6143075337877,0.2421383647798742,0.8,0.2121212121212121,4172.0
13,all,R15,IF (PointsAjust IS Medium) AND (TeamExp IS Low) AND (Length IS Medium),High,0.38346565633455204,0.03564039888583117,3464.580677163367,123.47903730624546,3125.6143075337877,0.2421383647798742,0.8,0.2121212121212121,4172.0
13,all,R16,IF (PointsAjust IS Medium) AND (TeamExp IS Low) AND (Length IS High),High,0.3687306346579765,0.03427088367248871,3464.580677163367,118.73424136101792,3125.6143075337877,0.2421383647798742,0.8,0.2121212121212121,4172.0
13,all,R17,IF (PointsAjust IS High) AND (TeamExp IS High) AND (Length IS Medium),Medium,0.8754196414467145,0.08136401447756174,-1050.055733286119,-85.4367498853385,3125.6143075337877,0.2421383647798742,0.8,0.2121212121212121,4172.0
13,all,R18,IF (PointsAjust IS High) AND (TeamExp IS Medium) AND (Length IS Medium),High,0.5309688526520727,0.049349769377943775,3464.580677163367,170.97625740929243,3125.6143075337877,0.2421383647798742,0.8,0.2121212121212121,4172.0
13,all,R19,IF (PointsAjust IS High) AND (TeamExp IS Low) AND (Length IS Medium),High,0.3598957739501395,0.03344974635673036,3464.580677163367,115.88934488354374,3125.6143075337877,0.2421383647798742,0.8,0.2121212121212121,4172.0
13,all,R20,IF (PointsAjust IS High) AND (TeamExp IS Low) AND (Length IS High),Very_High,0.34606644675261694,0.03216440898818029,13985.332448460897,449.82995270796516,3125.6143075337877,0.2421383647798742,0.8,0.2121212121212121,4172.0
14,all,R1,IF (PointsAjust IS Low) AND (TeamExp IS High) AND (Length IS Low),Very_Low,0.05517924640339142,0.020233202058767913,3223.7738126125714,65.22726694235476,3588.212261499506,0.4056603773584906,1.0,0.2424242424242424,4977.0
14,all,R2,IF (PointsAjust IS Low) AND (TeamExp IS High) AND (Length IS Medium),Low,0.07310062463335752,0.026804637707737236,17150.438649504555,459.71129452874385,3588.212261499506,0.4056603773584906,1.0,0.2424242424242424,4977.0
14,all,R3,IF (PointsAjust IS Low) AND (TeamExp IS High) AND (Length IS High),Medium,0.0694520725880253,0.025466781619318445,-1135.3868220646186,-28.91464825097161,3588.212261499506,0.4056603773584906,1.0,0.2424242424242424,4977.0
14,all,R4,IF (PointsAjust IS Low) AND (TeamExp IS Medium) AND (Length IS Low),Low,0.012312154086858394,0.004514637615688423,17150.438649504555,77.42801545260983,3588.212261499506,0.4056603773584906,1.0,0.2424242424242424,4977.0
14,all,R5,IF (PointsAjust IS Low) AND (TeamExp IS Medium) AND (Length IS Medium),Medium,0.016310954081391313,0.005980923104448048,-1135.3868220646186,-6.790661276572123,3588.212261499506,0.4056603773584906,1.0,0.2424242424242424,4977.0
14,all,R6,IF (PointsAjust IS Low) AND (TeamExp IS Medium) AND (Length IS High),Medium,0.015496852079206452,0.0056824070611836116,-1135.3868220646186,-6.45173009487481,3588.212261499506,0.4056603773584906,1.0,0.2424242424242424,4977.0
14,all,R7,IF (PointsAjust IS Low) AND (TeamExp IS Low) AND (Length IS Medium),Medium,0.016310954081391313,0.005980923104448048,-1135.3868220646186,-6.790661276572123,3588.212261499506,0.4056603773584906,1.0,0.2424242424242424,4977.0
14,all,R8,IF (PointsAjust IS Low) AND (TeamExp IS Low) AND (Length IS High),High,0.015496852079206452,0.0056824070611836116,5773.4370662744905,32.80701955269736,3588.212261499506,0.4056603773584906,1.0,0.2424242424242424,4977.0
14,all,R9,IF (PointsAjust IS Medium) AND (TeamExp IS High) AND (Length IS Low),Low,0.2919584219159952,0.10705571620532814,17150.438649504555,1836.0524928582508,3588.212261499506,0.4056603773584906,1.0,0.2424242424242424,4977.0
14,all,R10,IF (PointsAjust IS Medium) AND (TeamExp IS High) AND (Length IS Medium),Medium,0.386782067536842,0.14182578116362154,-1135.3868220646186,-161.0271229621963,3588.212261499506,0.4056603773584906,1.0,0.2424242424242424,4977.0
14,all,R11,IF (PointsAjust IS Medium) AND (TeamExp IS High) AND (Length IS High),Medium,0.3674772461254336,0.1347470626637355,-1135.3868220646186,-152.99003926032069,3588.212261499506,0.4056603773584906,1.0,0.2424242424242424,4977.0
14,all,R12,IF (PointsAjust IS Medium) AND (TeamExp IS Medium) AND (Length IS Low),Medium,0.06514472943879883,0.02388735910169971,-1135.3868220646186,-27.12139273799518,3588.212261499506,0.4056603773584906,1.0,0.2424242424242424,4977.0
14,all,R13,IF (PointsAjust IS Medium) AND (TeamExp IS Medium) AND (Length IS Medium),Medium,0.08630274467203633,0.03164560926421502,-1135.3868220646186,-35.93000773479575,3588.212261499506,0.4056603773584906,1.0,0.2424242424242424,4977.0
14,all,R14,IF (PointsAjust IS Medium) AND (TeamExp IS Medium) AND (Length IS High),High,0.08199525677887193,0.030066133671689803,5773.4370662744905,173.58493057969744,3588.212261499506,0.4056603773584906,1.0,0.2424242424242424,4977.0
14,all,R15,IF (PointsAjust IS Medium) AND (TeamExp IS Low) AND (Length IS Medium),High,0.08630274467203633,0.03164560926421502,5773.4370662744905,182.7039335108584,3588.212261499506,0.4056603773584906,1.0,0.2424242424242424,4977.0
14,all,R16,IF (PointsAjust IS Medium) AND (TeamExp IS Low) AND (Length IS High),High,0.08199525677887193,0.030066133671689803,5773.4370662744905,173.58493057969744,3588.212261499506,0.4056603773584906,1.0,0.2424242424242424,4977.0
14,all,R17,IF (PointsAjust IS High) AND (TeamExp IS High) AND (Length IS Medium),Medium,0.6063879775033906,0.22235117865037798,-1135.3868220646186,-252.45459811017494,3588.212261499506,0.4056603773584906,1.0,0.2424242424242424,4977.0
14,all,R18,IF (PointsAjust IS High) AND (TeamExp IS Medium) AND (Length IS Medium),High,0.13530344653241397,0.04961325410145096,5773.4370662744905,286.4390002078119,3588.212261499506,0.4056603773584906,1.0,0.2424242424242424,4977.0
14,all,R19,IF (PointsAjust IS High) AND (TeamExp IS Low) AND (Length IS Medium),High,0.13530344653241397,0.04961325410145096,5773.4370662744905,286.4390002078119,3588.212261499506,0.4056603773584906,1.0,0.2424242424242424,4977.0
14,all,R20,IF (PointsAjust IS High) AND (TeamExp IS Low) AND (Length IS High),Very_High,0.12855026666476796,0.04713698880775012,14695.576792329017,692.7052387834453,3588.212261499506,0.4056603773584906,1.0,0.2424242424242424,4977.0
15,all,R1,IF (PointsAjust IS Low) AND (TeamExp IS High) AND (Length IS Low),Very_Low,0.874236730214903,0.08548173238885985,1746.2177066561796,149.26971469307213,2828.701569008798,0.1415094339622641,0.8,0.2121212121212121,1617.0
15,all,R2,IF (PointsAjust IS Low) AND (TeamExp IS High) AND (Length IS Medium),Low,0.9510197888739663,0.09298948017094942,11533.956302179251,1072.5366008540946,2828.701569008798,0.1415094339622641,0.8,0.2121212121212121,1617.0
15,all,R3,IF (PointsAjust IS Low) AND (TeamExp IS High) AND (Length IS High),Medium,0.9144759759602893,0.08941627359200871,-986.9014497038866,-88.24505003507275,2828.701569008798,0.1415094339622641,0.8,0.2121212121212121,1617.0
15,all,R4,IF (PointsAjust IS Low) AND (TeamExp IS Medium) AND (Length IS Low),Low,0.5302513807222605,0.051847291539193936,11533.956302179251,598.0043949994108,2828.701569008798,0.1415094339622641,0.8,0.2121212121212121,1617.0
15,all,R5,IF (PointsAjust IS Low) AND (TeamExp IS Medium) AND (Length IS Medium),Medium,0.576822659945496,0.05640097075442078,-986.9014497038866,-55.66219980224437,2828.701569008798,0.1415094339622641,0.8,0.2121212121212121,1617.0
15,all,R6,IF (PointsAjust IS Low) AND (TeamExp IS Medium) AND (Length IS High),Medium,0.5546577169905484,0.05423371141080636,-986.9014497038866,-53.52332841414701,2828.701569008798,0.1415094339622641,0.8,0.2121212121212121,1617.0
15,all,R7,IF (PointsAjust IS Low) AND (TeamExp IS Low) AND (Length IS Medium),Medium,0.390975923721638,0.03822911818615169,-986.9014497038866,-37.72837215881432,2828.701569008798,0.1415094339622641,0.8,0.2121212121212121,1617.0
15,all,R8,IF (PointsAjust IS Low) AND (TeamExp IS Low) AND (Length IS High),High,0.3759523130908301,0.03676012904502803,2315.806890211719,85.12936012754786,2828.701569008798,0.1415094339622641,0.8,0.2121212121212121,1617.0
15,all,R9,IF (PointsAjust IS Medium) AND (TeamExp IS High) AND (Length IS Low),Low,0.5505504215720748,0.05383210539761855,11533.956302179251,620.8971513104401,2828.701569008798,0.1415094339622641,0.8,0.2121212121212121,1617.0
15,all,R10,IF (PointsAjust IS Medium) AND (TeamExp IS High) AND (Length IS Medium),Medium,0.5989045387732008,0.058560108195522216,-986.9014497038866,-57.793055672977324,2828.701569008798,0.1415094339622641,0.8,0.2121212121212121,1617.0
15,all,R11,IF (PointsAjust IS Medium) AND (TeamExp IS High) AND (Length IS High),Medium,0.5758910792488793,0.05630988200345141,-986.9014497038866,-55.57230418186099,2828.701569008798,0.1415094339622641,0.8,0.2121212121212121,1617.0
15,all,R12,IF (PointsAjust IS Medium) AND (TeamExp IS Medium) AND (Length IS Low),Medium,0.3339257104011789,0.032650822400537585,-986.9014497038866,-32.22314396111467,2828.701569008798,0.1415094339622641,0.8,0.2121212121212121,1617.0
15,all,R13,IF (PointsAjust IS Medium) AND (TeamExp IS Medium) AND (Length IS Medium),Medium,0.3632539650069999,0.03551850105667328,-986.9014497038866,-35.05326018413989,2828.701569008798,0.1415094339622641,0.8,0.2121212121212121,1617.0
15,all,R14,IF (PointsAjust IS Medium) AND (TeamExp IS Medium) AND (Length IS High),High,0.34929559621944317,0.034153669879893926,2315.806890211719,79.0933040338748,2828.701569008798,0.1415094339622641,0.8,0.2121212121212121,1617.0
15,all,R15,IF (PointsAjust IS Medium) AND (TeamExp IS Low) AND (Length IS Medium),High,0.24621701673020122,0.024074780212609857,2315.806890211719,55.75254189669466,2828.701569008798,0.1415094339622641,0.8,0.2121212121212121,1617.0
15,all,R16,IF (PointsAjust IS Medium) AND (TeamExp IS Low) AND (Length IS High),High,0.23675590067266294,0.023149684568628363,2315.806890211719,53.61019903025747,2828.701569008798,0.1415094339622641,0.8,0.2121212121212121,1617.0
15,all,R17,IF (PointsAjust IS High) AND (TeamExp IS High) AND (Length IS Medium),Medium,0.7476257252731319,0.07310187271485985,-986.9014497038866,-72.14434415836418,2828.701569008798,0.1415094339622641,0.8,0.2121212121212121,1617.0
15,all,R18,IF (PointsAjust IS High) AND (TeamExp IS Medium) AND (Length IS Medium),High,0.45345792436804866,0.044338527083972894,2315.806890211719,102.67946652290334,2828.701569008798,0.1415094339622641,0.8,0.2121212121212121,1617.0
15,all,R19,IF (PointsAjust IS High) AND (TeamExp IS Low) AND (Length IS Medium),High,0.30735812435913445,0.0300530783321709,2315.806890211719,69.59712587371388,2828.701569008798,0.1415094339622641,0.8,0.2121212121212121,1617.0
15,all,R20,IF (PointsAjust IS High) AND (TeamExp IS Low) AND (Length IS High),Very_High,0.29554760482475345,0.028898261066642388,14882.44456106622,430.07676823552373,2828.701569008798,0.1415094339622641,0.8,0.2121212121212121,1617.0
16,all,R1,IF (PointsAjust IS Low) AND (TeamExp IS High) AND (Length IS Low),Very_Low,0.500637261343387,0.1397833209671317,1606.8959091873696,224.617246634709,2909.3203576725646,0.0723270440251572,1.0,0.2121212121212121,3192.0
16,all,R2,IF (PointsAjust IS Low) AND (TeamExp IS High) AND (Length IS Medium),Low,0.5446075715306434,0.15206030563550588,11924.632448545559,1813.2632547169085,2909.3203576725646,0.0723270440251572,1.0,0.2121212121212121,3192.0
16,all,R3,IF (PointsAjust IS Low) AND (TeamExp IS High) AND (Length IS High),Medium,0.5236805230735841,0.14621724808218203,-1514.870308130277,-221.50016765621623,2909.3203576725646,0.0723270440251572,1.0,0.2121212121212121,3192.0
16,all,R4,IF (PointsAjust IS Low) AND (TeamExp IS Medium) AND (Length IS Low),Low,0.11170727229982123,0.031189874793475455,11924.632448545559,371.9277930283506,2909.3203576725646,0.0723270440251572,1.0,0.2121212121212121,3192.0
16,all,R5,IF (PointsAjust IS Low) AND (TeamExp IS Medium) AND (Length IS Medium),Medium,0.1215183746536799,0.033929240348669606,-1514.870308130277,-51.39839878161535,2909.3203576725646,0.0723270440251572,1.0,0.2121212121212121,3192.0
16,all,R6,IF (PointsAjust IS Low) AND (TeamExp IS Medium) AND (Length IS High),Medium,0.11684891898002231,0.032625477981039964,-1514.870308130277,-49.42336788203558,2909.3203576725646,0.0723270440251572,1.0,0.2121212121212121,3192.0
16,all,R7,IF (PointsAjust IS Low) AND (TeamExp IS Low) AND (Length IS Medium),Medium,0.1215183746536799,0.033929240348669606,-1514.870308130277,-51.39839878161535,2909.3203576725646,0.0723270440251572,1.0,0.2121212121212121,3192.0
16,all,R8,IF (PointsAjust IS Low) AND (TeamExp IS Low) AND (Length IS High),High,0.11684891898002231,0.032625477981039964,1895.3221928014964,61.835792468221605,2909.3203576725646,0.0723270440251572,1.0,0.2121212121212121,3192.0
16,all,R9,IF (PointsAjust IS Medium) AND (TeamExp IS High) AND (Length IS Low),Low,0.1805478961687656,0.05041091918004176,11924.632448545559,601.1316826153336,2909.3203576725646,0.0723270440251572,1.0,0.2121212121212121,3192.0
16,all,R10,IF (PointsAjust IS Medium) AND (TeamExp IS High) AND (Length IS Medium),Medium,0.19640517969755192,0.05483844370592956,-1514.870308130277,-83.07313011418636,2909.3203576725646,0.0723270440251572,1.0,0.2121212121212121,3192.0
16,all,R11,IF (PointsAjust IS Medium) AND (TeamExp IS High) AND (Length IS High),Medium,0.18885812944043512,0.05273122590593037,-1514.870308130277,-79.88096843620399,2909.3203576725646,0.0723270440251572,1.0,0.2121212121212121,3192.0
16,all,R12,IF (PointsAjust IS Medium) AND (TeamExp IS Medium) AND (Length IS Low),Medium,0.04028568098659873,0.011248196469872265,-1514.870308130277,-17.03955885222529,2909.3203576725646,0.0723270440251572,1.0,0.2121212121212121,3192.0
16,all,R13,IF (PointsAjust IS Medium) AND (TeamExp IS Medium) AND (Length IS Medium),Medium,0.04382391919989588,0.012236110726394711,-1514.870308130277,-18.536120826409743,2909.3203576725646,0.0723270440251572,1.0,0.2121212121212121,3192.0
16,all,R14,IF (PointsAjust IS Medium) AND (TeamExp IS Medium) AND (Length IS High),High,0.04213994466737716,0.01176592688121327,1895.3221928014964,22.300222336843206,2909.3203576725646,0.0723270440251572,1.0,0.2121212121212121,3192.0
16,all,R15,IF (PointsAjust IS Medium) AND (TeamExp IS Low) AND (Length IS Medium),High,0.04382391919989588,0.012236110726394711,1895.3221928014964,23.191372213312334,2909.3203576725646,0.0723270440251572,1.0,0.2121212121212121,3192.0
16,all,R16,IF (PointsAjust IS Medium) AND (TeamExp IS Low) AND (Length IS High),High,0.04213994466737716,0.01176592688121327,1895.3221928014964,22.300222336843206,2909.3203576725646,0.0723270440251572,1.0,0.2121212121212121,3192.0
16,all,R17,IF (PointsAjust IS High) AND (TeamExp IS High) AND (Length IS Medium),Medium,0.389044641490225,0.10862545837288412,-1514.870308130277,-164.55348159612353,2909.3203576725646,0.0723270440251572,1.0,0.2121212121212121,3192.0
16,all,R18,IF (PointsAjust IS High) AND (TeamExp IS Medium) AND (Length IS Medium),High,0.08680759316060235,0.024237615922938226,1895.3221928014964,45.938091359343744,2909.3203576725646,0.0723270440251572,1.0,0.2121212121212121,3192.0
16,all,R19,IF (PointsAjust IS High) AND (TeamExp IS Low) AND (Length IS Medium),High,0.08680759316060235,0.024237615922938226,1895.3221928014964,45.938091359343744,2909.3203576725646,0.0723270440251572,1.0,0.2121212121212121,3192.0
16,all,R20,IF (PointsAjust IS High) AND (TeamExp IS Low) AND (Length IS High),Very_High,0.08347193129419293,0.023306263166535394,17749.743001442403,413.68018152998644,2909.3203576725646,0.0723270440251572,1.0,0.2121212121212121,3192.0
17,all,R1,IF (PointsAjust IS Low) AND (TeamExp IS High) AND (Length IS Low),Very_Low,0.008571345031010976,0.006325810950885924,3007.8458618794475,19.027064291653918,4867.153607022404,0.4150943396226415,1.0,0.3939393939393939,3437.0
17,all,R2,IF (PointsAjust IS Low) AND (TeamExp IS High) AND (Length IS Medium),Low,0.022828654049774143,0.016847968347975216,17178.73291555563,289.4267484196012,4867.153607022404,0.4150943396226415,1.0,0.3939393939393939,3437.0
17,all,R3,IF (PointsAjust IS Low) AND (TeamExp IS High) AND (Length IS High),Medium,0.06313180392497476,0.04659243737977078,1802.1027160085646,83.96435794754389,4867.153607022404,0.4150943396226415,1.0,0.3939393939393939,3437.0
17,all,R4,IF (PointsAjust IS Low) AND (TeamExp IS Medium) AND (Length IS Low),Low,0.0019125255894569268,0.001411479210539867,17178.73291555563,24.247424373723685,4867.153607022404,0.4150943396226415,1.0,0.3939393939393939,3437.0
17,all,R5,IF (PointsAjust IS Low) AND (TeamExp IS Medium) AND (Length IS Medium),Medium,0.005093761234099204,0.0037592898756593856,1802.1027160085646,6.774626495189278,4867.153607022404,0.4150943396226415,1.0,0.3939393939393939,3437.0
17,all,R6,IF (PointsAjust IS Low) AND (TeamExp IS Medium) AND (Length IS High),Medium,0.014086609520238885,0.010396178014253939,1802.1027160085646,18.734980635595548,4867.153607022404,0.4150943396226415,1.0,0.3939393939393939,3437.0
17,all,R7,IF (PointsAjust IS Low) AND (TeamExp IS Low) AND (Length IS Medium),Medium,0.005093761234099204,0.0037592898756593856,1802.1027160085646,6.774626495189278,4867.153607022404,0.4150943396226415,1.0,0.3939393939393939,3437.0
17,all,R8,IF (PointsAjust IS Low) AND (TeamExp IS Low) AND (Length IS High),High,0.014086609520238885,0.010396178014253939,6245.143129779524,64.92561970168292,4867.153607022404,0.4150943396226415,1.0,0.3939393939393939,3437.0
17,all,R9,IF (PointsAjust IS Medium) AND (TeamExp IS High) AND (Length IS Low),Low,0.048933659012735456,0.03611394418609343,17178.73291555563,620.391801700182,4867.153607022404,0.4150943396226415,1.0,0.3939393939393939,3437.0
17,all,R10,IF (PointsAjust IS Medium) AND (TeamExp IS High) AND (Length IS Medium),Medium,0.13032838707924366,0.09618475690972605,1802.1027160085646,173.33481166564087,4867.153607022404,0.4150943396226415,1.0,0.3939393939393939,3437.0
17,all,R11,IF (PointsAjust IS Medium) AND (TeamExp IS High) AND (Length IS High),Medium,0.36041836548950756,0.26599541087952416,1802.1027160085646,479.35105239180456,4867.153607022404,0.4150943396226415,1.0,0.3939393939393939,3437.0
17,all,R12,IF (PointsAjust IS Medium) AND (TeamExp IS Medium) AND (Length IS Low),Medium,0.010918575172160314,0.008058110149834478,1802.1027160085646,14.521542186912894,4867.153607022404,0.4150943396226415,1.0,0.3939393939393939,3437.0
17,all,R13,IF (PointsAjust IS Medium) AND (TeamExp IS Medium) AND (Length IS Medium),Medium,0.02908019388087818,0.02146172021310496,1802.1027160085646,38.676224286252356,4867.153607022404,0.4150943396226415,1.0,0.3939393939393939,3437.0
17,all,R14,IF (PointsAjust IS Medium) AND (TeamExp IS Medium) AND (Length IS High),High,0.08042020761210911,0.0593515986282956,6245.143129779524,370.6592284149321,4867.153607022404,0.4150943396226415,1.0,0.3939393939393939,3437.0
17,all,R15,IF (PointsAjust IS Medium) AND (TeamExp IS Low) AND (Length IS Medium),High,0.02908019388087818,0.02146172021310496,6245.143129779524,134.0315145421228,4867.153607022404,0.4150943396226415,1.0,0.3939393939393939,3437.0
17,all,R16,IF (PointsAjust IS Medium) AND (TeamExp IS Low) AND (Length IS High),High,0.08042020761210911,0.0593515986282956,6245.143129779524,370.6592284149321,4867.153607022404,0.4150943396226415,1.0,0.3939393939393939,3437.0
17,all,R17,IF (PointsAjust IS High) AND (TeamExp IS High) AND (Length IS Medium),Medium,0.2183738286974317,0.1611639190772568,1802.1027160085646,290.433936291709,4867.153607022404,0.4150943396226415,1.0,0.3939393939393939,3437.0
17,all,R18,IF (PointsAjust IS High) AND (TeamExp IS Medium) AND (Length IS Medium),High,0.0487257873694837,0.03596053107385689,6245.143129779524,224.57866357912044,4867.153607022404,0.4150943396226415,1.0,0.3939393939393939,3437.0
17,all,R19,IF (PointsAjust IS High) AND (TeamExp IS Low) AND (Length IS Medium),High,0.0487257873694837,0.03596053107385689,6245.143129779524,224.57866357912044,4867.153607022404,0.4150943396226415,1.0,0.3939393939393939,3437.0
17,all,R20,IF (PointsAjust IS High) AND (TeamExp IS Low) AND (Length IS High),Very_High,0.13474937451823582,0.09944752729805181,14199.060851231005,1412.0614916094942,4867.153607022404,0.4150943396226415,1.0,0.3939393939393939,3437.0
18,all,R1,IF (PointsAjust IS Low) AND (TeamExp IS High) AND (Length IS Low),Very_Low,0.009929502548911605,0.0035140499704715894,2910.915739010711,10.229103366715874,5502.468444766376,0.4371069182389937,0.8,0.3939393939393939,4494.0
18,all,R2,IF (PointsAjust IS Low) AND (TeamExp IS High) AND (Length IS Medium),Low,0.02644592858592666,0.009359211512227855,16045.151548921469,150.16996709210642,5502.468444766376,0.4371069182389937,0.8,0.3939393939393939,4494.0
18,all,R3,IF (PointsAjust IS Low) AND (TeamExp IS High) AND (Length IS High),Medium,0.07313524373624318,0.02588255552841852,2359.6751448641267,61.07442296597477,5502.468444766376,0.4371069182389937,0.8,0.3939393939393939,4494.0
18,all,R4,IF (PointsAjust IS Low) AND (TeamExp IS Medium) AND (Length IS Low),Low,0.00602254773160963,0.0021313790468532926,16045.151548921469,34.19829981495687,5502.468444766376,0.4371069182389937,0.8,0.3939393939393939,4494.0
18,all,R5,IF (PointsAjust IS Low) AND (TeamExp IS Medium) AND (Length IS Medium),Medium,0.016040266511935287,0.005676648732901635,2359.6751448641267,13.395046921152426,5502.468444766376,0.4371069182389937,0.8,0.3939393939393939,4494.0
18,all,R6,IF (PointsAjust IS Low) AND (TeamExp IS Medium) AND (Length IS High),Medium,0.04435876763158781,0.01569856347970055,2359.6751448641267,37.04351005312108,5502.468444766376,0.4371069182389937,0.8,0.3939393939393939,4494.0
18,all,R7,IF (PointsAjust IS Low) AND (TeamExp IS Low) AND (Length IS Medium),Medium,0.01087224627554981,0.0038476868821332305,2359.6751448641267,9.079291100989531,5502.468444766376,0.4371069182389937,0.8,0.3939393939393939,4494.0
18,all,R8,IF (PointsAjust IS Low) AND (TeamExp IS Low) AND (Length IS High),High,0.03006679756920836,0.010640636687467602,6127.140114556163,65.19667189220075,5502.468444766376,0.4371069182389937,0.8,0.3939393939393939,4494.0
18,all,R9,IF (PointsAjust IS Medium) AND (TeamExp IS High) AND (Length IS Low),Low,0.06768892829981672,0.023955105033866685,16045.151548921469,384.3632906387225,5502.468444766376,0.4371069182389937,0.8,0.3939393939393939,4494.0
18,all,R10,IF (PointsAjust IS Medium) AND (TeamExp IS High) AND (Length IS Medium),Medium,0.1802805885850827,0.06380128247849148,2359.6751448641267,150.55030047495146,5502.468444766376,0.4371069182389937,0.8,0.3939393939393939,4494.0
18,all,R11,IF (PointsAjust IS Medium) AND (TeamExp IS High) AND (Length IS High),Medium,0.49855934323666745,0.17644010228600854,2359.6751448641267,416.3413239215785,5502.468444766376,0.4371069182389937,0.8,0.3939393939393939,4494.0
18,all,R12,IF (PointsAjust IS Medium) AND (TeamExp IS Medium) AND (Length IS Low),Medium,0.04105541033692898,0.014529505659676586,2359.6751448641267,34.284913372301496,5502.468444766376,0.4371069182389937,0.8,0.3939393939393939,4494.0
18,all,R13,IF (PointsAjust IS Medium) AND (TeamExp IS Medium) AND (Length IS Medium),Medium,0.10934570432789205,0.038697433952191516,2359.6751448641267,91.31337306700749,5502.468444766376,0.4371069182389937,0.8,0.3939393939393939,4494.0
18,all,R14,IF (PointsAjust IS Medium) AND (TeamExp IS Medium) AND (Length IS High),High,0.3023915273592331,0.10701633163929726,6127.140114556163,655.7040584997842,5502.468444766376,0.4371069182389937,0.8,0.3939393939393939,4494.0
18,all,R15,IF (PointsAjust IS Medium) AND (TeamExp IS Low) AND (Length IS Medium),High,0.07411556570719724,0.026229491377028714,6127.140114556163,160.7117688005976,5502.468444766376,0.4371069182389937,0.8,0.3939393939393939,4494.0
18,all,R16,IF (PointsAjust IS Medium) AND (TeamExp IS Low) AND (Length IS High),High,0.20496387355178533,0.07253669458812338,6127.140114556163,444.4424911881997,5502.468444766376,0.4371069182389937,0.8,0.3939393939393939,4494.0
18,all,R17,IF (PointsAjust IS High) AND (TeamExp IS High) AND (Length IS Medium),Medium,0.35833393968381155,0.12681434583073753,2359.6751448641267,299.240659868995,5502.468444766376,0.4371069182389937,0.8,0.3939393939393939,4494.0
18,all,R18,IF (PointsAjust IS High) AND (TeamExp IS Medium) AND (Length IS Medium),High,0.21734052083384917,0.07691678883774326,6127.140114556163,471.2799423705825,5502.468444766376,0.4371069182389937,0.8,0.3939393939393939,4494.0
18,all,R19,IF (PointsAjust IS High) AND (TeamExp IS Low) AND (Length IS Medium),High,0.14731548670987607,0.05213493618364509,6127.140114556163,319.43805886063745,5502.468444766376,0.4371069182389937,0.8,0.3939393939393939,4494.0
18,all,R20,IF (PointsAjust IS High) AND (TeamExp IS Low) AND (Length IS High),Very_High,0.40739556531902216,0.14417725029301573,11752.283713638566,1694.4119504957998,5502.468444766376,0.4371069182389937,0.8,0.3939393939393939,4494.0
19,all,R1,IF (PointsAjust IS Low) AND (TeamExp IS High) AND (Length IS Low),Very_Low,0.4859339094761144,0.20810743076847674,1591.5515018202154,331.21369397951565,2006.7575129980264,0.0377358490566037,1.0,0.1212121212121212,840.0
19,all,R2,IF (PointsAjust IS Low) AND (TeamExp IS High) AND (Length IS Medium),Low,0.26093240821601155,0.11174765131457592,11452.0073538173,1279.734924626335,2006.7575129980264,0.0377358490566037,1.0,0.1212121212121212,840.0
19,all,R3,IF (PointsAjust IS Low) AND (TeamExp IS High) AND (Length IS High),Medium,0.4085125458897707,0.17495073857567134,-3259.207174444295,-570.2007023401563,2006.7575129980264,0.0377358490566037,1.0,0.1212121212121212,840.0
19,all,R4,IF (PointsAjust IS Low) AND (TeamExp IS Medium) AND (Length IS Low),Low,0.10842651104295799,0.04643504435544848,11452.0073538173,531.7744694334285,2006.7575129980264,0.0377358490566037,1.0,0.1212121212121212,840.0
19,all,R5,IF (PointsAjust IS Low) AND (TeamExp IS Medium) AND (Length IS Medium),Medium,0.0582218900331541,0.024934271334032213,-3259.207174444295,-81.26595602141852,2006.7575129980264,0.0377358490566037,1.0,0.1212121212121212,840.0
19,all,R6,IF (PointsAjust IS Low) AND (TeamExp IS Medium) AND (Length IS High),Medium,0.0911514697870273,0.039036786316475613,-3259.207174444295,-127.22897402990621,2006.7575129980264,0.0377358490566037,1.0,0.1212121212121212,840.0
19,all,R7,IF (PointsAjust IS Low) AND (TeamExp IS Low) AND (Length IS Medium),Medium,0.0582218900331541,0.024934271334032213,-3259.207174444295,-81.26595602141852,2006.7575129980264,0.0377358490566037,1.0,0.1212121212121212,840.0
19,all,R8,IF (PointsAjust IS Low) AND (TeamExp IS Low) AND (Length IS High),High,0.0911514697870273,0.039036786316475613,1282.026090949877,50.04617856455688,2006.7575129980264,0.0377358490566037,1.0,0.1212121212121212,840.0
19,all,R9,IF (PointsAjust IS Medium) AND (TeamExp IS High) AND (Length IS Low),Low,0.13261635102180655,0.05679465365731014,11452.0073538173,650.4127913410223,2006.7575129980264,0.0377358490566037,1.0,0.1212121212121212,840.0
19,all,R10,IF (PointsAjust IS Medium) AND (TeamExp IS High) AND (Length IS Medium),Medium,0.07121113214397076,0.030497080906687957,-3259.207174444295,-99.39630489068551,2006.7575129980264,0.0377358490566037,1.0,0.1212121212121212,840.0
19,all,R11,IF (PointsAjust IS Medium) AND (TeamExp IS High) AND (Length IS High),Medium,0.11148726632585955,0.047745852071712606,-3259.207174444295,-155.61362362208175,2006.7575129980264,0.0377358490566037,1.0,0.1212121212121212,840.0
19,all,R12,IF (PointsAjust IS Medium) AND (TeamExp IS Medium) AND (Length IS Low),Medium,0.029590707641796072,0.012672600166130213,-3259.207174444295,-41.30262938031556,2006.7575129980264,0.0377358490566037,1.0,0.1212121212121212,840.0
19,all,R13,IF (PointsAjust IS Medium) AND (TeamExp IS Medium) AND (Length IS Medium),Medium,0.01588935131963519,0.006804818546768903,-3259.207174444295,-22.17831342842081,2006.7575129980264,0.0377358490566037,1.0,0.1212121212121212,840.0
19,all,R14,IF (PointsAjust IS Medium) AND (TeamExp IS Medium) AND (Length IS High),High,0.02487617158979968,0.01065353961918447,1282.026090949877,13.658115752762706,2006.7575129980264,0.0377358490566037,1.0,0.1212121212121212,840.0
19,all,R15,IF (PointsAjust IS Medium) AND (TeamExp IS Low) AND (Length IS Medium),High,0.01588935131963519,0.006804818546768903,1282.026090949877,8.72395492113736,2006.7575129980264,0.0377358490566037,1.0,0.1212121212121212,840.0
19,all,R16,IF (PointsAjust IS Medium) AND (TeamExp IS Low) AND (Length IS High),High,0.02487617158979968,0.01065353961918447,1282.026090949877,13.658115752762706,2006.7575129980264,0.0377358490566037,1.0,0.1212121212121212,840.0
19,all,R17,IF (PointsAjust IS High) AND (TeamExp IS High) AND (Length IS Medium),Medium,0.19270884453267698,0.08253003492860483,-3259.207174444295,-268.98248194644714,2006.7575129980264,0.0377358490566037,1.0,0.1212121212121212,840.0
19,all,R18,IF (PointsAjust IS High) AND (TeamExp IS Medium) AND (Length IS Medium),High,0.04299915534259507,0.0184149399106751,1282.026090949877,23.608433428759675,2006.7575129980264,0.0377358490566037,1.0,0.1212121212121212,840.0
19,all,R19,IF (PointsAjust IS High) AND (TeamExp IS Low) AND (Length IS Medium),High,0.04299915534259507,0.0184149399106751,1282.026090949877,23.608433428759675,2006.7575129980264,0.0377358490566037,1.0,0.1212121212121212,840.0
19,all,R20,IF (PointsAjust IS High) AND (TeamExp IS Low) AND (Length IS High),Very_High,0.06731894493370705,0.02883020180110926,18305.57229847524,527.7533434498366,2006.7575129980264,0.0377358490566037,1.0,0.1212121212121212,840.0
20,all,R1,IF (PointsAjust IS Low) AND (TeamExp IS High) AND (Length IS Low),Very_Low,0.002840788940638382,0.0006995261747009494,1823.811611187564,1.275803959749212,5857.995885864701,0.3034591194968553,0.6,0.5151515151515151,5180.0
20,all,R2,IF (PointsAjust IS Low) AND (TeamExp IS High) AND (Length IS Medium),Low,0.009374182430260359,0.0023083326897616265,12363.753533001387,28.539656448382903,5857.995885864701,0.3034591194968553,0.6,0.5151515151515151,5180.0
20,all,R3,IF (PointsAjust IS Low) AND (TeamExp IS High) AND (Length IS High),Medium,0.2360590084541143,0.05812802662858077,5369.6675578631675,312.12817879009646,5857.995885864701,0.3034591194968553,0.6,0.5151515151515151,5180.0
20,all,R4,IF (PointsAjust IS Low) AND (TeamExp IS Medium) AND (Length IS Low),Low,0.0046836691520001856,0.0011533236836409493,12363.753533001387,14.259409768309961,5857.995885864701,0.3034591194968553,0.6,0.5151515151515151,5180.0
20,all,R5,IF (PointsAjust IS Low) AND (TeamExp IS Medium) AND (Length IS Medium),Medium,0.015455413968193676,0.003805797205462434,5369.6675578631675,20.435865785977935,5857.995885864701,0.3034591194968553,0.6,0.5151515151515151,5180.0
20,all,R6,IF (PointsAjust IS Low) AND (TeamExp IS Medium) AND (Length IS High),Medium,0.38919550837867967,0.09583691392636459,5369.6675578631675,514.6123675561247,5857.995885864701,0.3034591194968553,0.6,0.5151515151515151,5180.0
20,all,R7,IF (PointsAjust IS Low) AND (TeamExp IS Low) AND (Length IS Medium),Medium,0.012375728041895566,0.003047444170330036,5369.6675578631675,16.36376209582043,5857.995885864701,0.3034591194968553,0.6,0.5151515151515151,5180.0
20,all,R8,IF (PointsAjust IS Low) AND (TeamExp IS Low) AND (Length IS High),High,0.31164340060603085,0.07674020156095888,4523.334464424625,347.12159852757776,5857.995885864701,0.3034591194968553,0.6,0.5151515151515151,5180.0
20,all,R9,IF (PointsAjust IS Medium) AND (TeamExp IS High) AND (Length IS Low),Low,0.0065968752853420186,0.0016244385027412574,12363.753533001387,20.084157277410704,5857.995885864701,0.3034591194968553,0.6,0.5151515151515151,5180.0
20,all,R10,IF (PointsAjust IS Medium) AND (TeamExp IS High) AND (Length IS Medium),Medium,0.02176871062465316,0.005360406277846728,5369.6675578631675,28.783599687119633,5857.995885864701,0.3034591194968553,0.6,0.5151515151515151,5180.0
20,all,R11,IF (PointsAjust IS Medium) AND (TeamExp IS High) AND (Length IS High),Medium,0.5481758311841862,0.13498480537086832,5369.6675578631675,724.8235302044254,5857.995885864701,0.3034591194968553,0.6,0.5151515151515151,5180.0
20,all,R12,IF (PointsAjust IS Medium) AND (TeamExp IS Medium) AND (Length IS Low),Medium,0.010876408603099366,0.00267824631241378,5369.6675578631675,14.381292335734937,5857.995885864701,0.3034591194968553,0.6,0.5151515151515151,5180.0
20,all,R13,IF (PointsAjust IS Medium) AND (TeamExp IS Medium) AND (Length IS Medium),Medium,0.03589053624258154,0.008837815849880401,5369.6675578631675,47.45613305147169,5857.995885864701,0.3034591194968553,0.6,0.5151515151515151,5180.0
20,all,R14,IF (PointsAjust IS Medium) AND (TeamExp IS Medium) AND (Length IS High),High,0.9037891529570907,0.22255231983626755,4523.334464424625,1006.6785784530413,5857.995885864701,0.3034591194968553,0.6,0.5151515151515151,5180.0
20,all,R15,IF (PointsAjust IS Medium) AND (TeamExp IS Low) AND (Length IS Medium),High,0.02873889478017632,0.007076769711090236,4523.334464424625,32.01059633097076,5857.995885864701,0.3034591194968553,0.6,0.5151515151515151,5180.0
20,all,R16,IF (PointsAjust IS Medium) AND (TeamExp IS Low) AND (Length IS High),High,0.7236977791232426,0.17820596659880372,4523.334464424625,806.0851904824725,5857.995885864701,0.3034591194968553,0.6,0.5151515151515151,5180.0
20,all,R17,IF (PointsAjust IS High) AND (TeamExp IS High) AND (Length IS Medium),Medium,0.021493570096039968,0.005292654675912256,5369.6675578631675,28.419796108218836,5857.995885864701,0.3034591194968553,0.6,0.5151515151515151,5180.0
20,all,R18,IF (PointsAjust IS High) AND (TeamExp IS Medium) AND (Length IS Medium),High,0.0354369062006253,0.00872611234264703,4523.334464424625,39.47112469993642,5857.995885864701,0.3034591194968553,0.6,0.5151515151515151,5180.0
20,all,R19,IF (PointsAjust IS High) AND (TeamExp IS Low) AND (Length IS Medium),High,0.028375656238495237,0.006987324534811488,4523.334464424625,31.606005882432566,5857.995885864701,0.3034591194968553,0.6,0.5151515151515151,5180.0
20,all,R20,IF (PointsAjust IS High) AND (TeamExp IS Low) AND (Length IS High),Very_High,0.7145507702379917,0.1759535739469169,10363.297530799477,1823.459238419427,5857.995885864701,0.3034591194968553,0.6,0.5151515151515151,5180.0
21,all,R1,IF (PointsAjust IS Low) AND (TeamExp IS High) AND (Length IS Low),Very_Low,0.0012479079937692448,0.0006584809003496278,4020.087571829509,2.6471508837826443,5707.159771725112,0.6053459119496856,0.6,0.1212121212121212,5775.0
21,all,R2,IF (PointsAjust IS Low) AND (TeamExp IS High) AND (Length IS Medium),Low,0.0006700903799804201,0.00035358513522489927,17431.09256552215,6.163375221897886,5707.159771725112,0.6053459119496856,0.6,0.1212121212121212,5775.0
21,all,R3,IF (PointsAjust IS Low) AND (TeamExp IS High) AND (Length IS High),Medium,0.0010490851978625466,0.0005535685075191016,-2472.6619484969738,-1.3687877844287433,5707.159771725112,0.6053459119496856,0.6,0.1212121212121212,5775.0
21,all,R4,IF (PointsAjust IS Low) AND (TeamExp IS Medium) AND (Length IS Low),Low,0.0020574524532040775,0.0010856514667562031,17431.09256552215,18.92409121092227,5707.159771725112,0.6053459119496856,0.6,0.1212121212121212,5775.0
21,all,R5,IF (PointsAjust IS Low) AND (TeamExp IS Medium) AND (Length IS Medium),Medium,0.0011047922627652502,0.0005829633334486727,-2472.6619484969738,-1.441471251987486,5707.159771725112,0.6053459119496856,0.6,0.1212121212121212,5775.0
21,all,R6,IF (PointsAjust IS Low) AND (TeamExp IS Medium) AND (Length IS High),Medium,0.0017296490804926338,0.0009126801731364668,-2472.6619484969738,-2.256749535262171,5707.159771725112,0.6053459119496856,0.6,0.1212121212121212,5775.0
21,all,R7,IF (PointsAjust IS Low) AND (TeamExp IS Low) AND (Length IS Medium),Medium,0.0008846484872492304,0.00046680054562141547,-2472.6619484969738,-1.1542399466956996,5707.159771725112,0.6053459119496856,0.6,0.1212121212121212,5775.0
21,all,R8,IF (PointsAjust IS Low) AND (TeamExp IS Low) AND (Length IS High),High,0.0013849947126711169,0.0007308171515309572,7023.233670735942,5.132699625783549,5707.159771725112,0.6053459119496856,0.6,0.1212121212121212,5775.0
21,all,R9,IF (PointsAjust IS Medium) AND (TeamExp IS High) AND (Length IS Low),Low,0.03299992467810268,0.017412998572012586,17431.09256552215,303.5275899520564,5707.159771725112,0.6053459119496856,0.6,0.1212121212121212,5775.0
21,all,R10,IF (PointsAjust IS Medium) AND (TeamExp IS High) AND (Length IS Medium),Medium,0.017720001937069126,0.009350274930505855,-2472.6619484969738,-23.120069028647013,5707.159771725112,0.6053459119496856,0.6,0.1212121212121212,5775.0
21,all,R11,IF (PointsAjust IS Medium) AND (TeamExp IS High) AND (Length IS High),Medium,0.027742215518476873,0.014638674600619649,-2472.6619484969738,-36.19649366138134,5707.159771725112,0.6053459119496856,0.6,0.1212121212121212,5775.0
21,all,R12,IF (PointsAjust IS Medium) AND (TeamExp IS Medium) AND (Length IS Low),Medium,0.05440767774828997,0.028709181132348112,-2472.6619484969738,-70.98809975846444,5707.159771725112,0.6053459119496856,0.6,0.1212121212121212,5775.0
21,all,R13,IF (PointsAjust IS Medium) AND (TeamExp IS Medium) AND (Length IS Medium),Medium,0.029215344110493348,0.015415997164819168,-2472.6619484969738,-38.11854958758558,5707.159771725112,0.6053459119496856,0.6,0.1212121212121212,5775.0
21,all,R14,IF (PointsAjust IS Medium) AND (TeamExp IS Medium) AND (Length IS High),High,0.04573918082166001,0.02413509418889932,7023.233670735942,169.50640615386106,5707.159771725112,0.6053459119496856,0.6,0.1212121212121212,5775.0
21,all,R15,IF (PointsAjust IS Medium) AND (TeamExp IS Low) AND (Length IS Medium),High,0.023393818768357312,0.01234416553313018,7023.233670735942,86.69595900941796,5707.159771725112,0.6053459119496856,0.6,0.1212121212121212,5775.0
21,all,R16,IF (PointsAjust IS Medium) AND (TeamExp IS Low) AND (Length IS High),High,0.03662507286267832,0.01932587263997179,7023.233670735942,135.73011944140438,5707.159771725112,0.6053459119496856,0.6,0.1212121212121212,5775.0
21,all,R17,IF (PointsAjust IS High) AND (TeamExp IS High) AND (Length IS Medium),Medium,0.26792837056735225,0.14137718129965143,-2472.6619484969738,-349.577976585406,5707.159771725112,0.6053459119496856,0.6,0.1212121212121212,5775.0
21,all,R18,IF (PointsAjust IS High) AND (TeamExp IS Medium) AND (Length IS Medium),High,0.4417392035784199,0.23309156600036374,7023.233670735942,1637.0565346983237,5707.159771725112,0.6053459119496856,0.6,0.1212121212121212,5775.0
21,all,R19,IF (PointsAjust IS High) AND (TeamExp IS Low) AND (Length IS Medium),High,0.3537171026399232,0.18664513520094306,7023.233670735942,1310.8523980223254,5707.159771725112,0.6053459119496856,0.6,0.1212121212121212,5775.0
21,all,R20,IF (PointsAjust IS High) AND (TeamExp IS Low) AND (Length IS High),Very_High,0.5537751140692594,0.2922093115231479,8744.231562390794,2555.1458846451937,5707.159771725112,0.6053459119496856,0.6,0.1212121212121212,5775.0
22,all,R1,IF (PointsAjust IS Low) AND (TeamExp IS High) AND (Length IS Low),Very_Low,1.7762801661471943e-05,6.65181314615352e-05,3251.1614049175478,0.2162611817349749,8781.63106395458,0.5267295597484277,1.0,0.5757575757575758,10577.0
22,all,R2,IF (PointsAjust IS Low) AND (TeamExp IS High) AND (Length IS Medium),Low,5.816774352504368e-05,0.00021782653909896158,18792.597803253215,4.093526540161396,8781.63106395458,0.5267295597484277,1.0,0.5757575757575758,10577.0
22,all,R3,IF (PointsAjust IS Low) AND (TeamExp IS High) AND (Length IS High),Medium,0.006941731210338251,0.025995391831766804,5264.133235250347,136.84320610495902,8781.63106395458,0.5267295597484277,1.0,0.5757575757575758,10577.0
22,all,R4,IF (PointsAjust IS Low) AND (TeamExp IS Medium) AND (Length IS Low),Low,3.963416779409029e-06,1.4842201325786652e-05,18792.597803253215,0.2789235200304202,8781.63106395458,0.5267295597484277,1.0,0.5757575757575758,10577.0
22,all,R5,IF (PointsAjust IS Low) AND (TeamExp IS Medium) AND (Length IS Medium),Medium,1.2978977928215783e-05,4.860367055372949e-05,5264.133235250347,0.255856197517046,8781.63106395458,0.5267295597484277,1.0,0.5757575757575758,10577.0
22,all,R6,IF (PointsAjust IS Low) AND (TeamExp IS Medium) AND (Length IS High),Medium,0.0015489095966701272,0.00580035594254331,5264.133235250347,30.53384649342409,8781.63106395458,0.5267295597484277,1.0,0.5757575757575758,10577.0
22,all,R7,IF (PointsAjust IS Low) AND (TeamExp IS Low) AND (Length IS Medium),Medium,1.2978977928215783e-05,4.860367055372949e-05,5264.133235250347,0.255856197517046,8781.63106395458,0.5267295597484277,1.0,0.5757575757575758,10577.0
22,all,R8,IF (PointsAjust IS Low) AND (TeamExp IS Low) AND (Length IS High),High,0.0015489095966701272,0.00580035594254331,7956.37427485299,46.14980280624226,8781.63106395458,0.5267295597484277,1.0,0.5757575757575758,10577.0
22,all,R9,IF (PointsAjust IS Medium) AND (TeamExp IS High) AND (Length IS Low),Low,0.00024930419643762067,0.0009335942397262487,18792.597803253215,17.544661058609357,8781.63106395458,0.5267295597484277,1.0,0.5757575757575758,10577.0
22,all,R10,IF (PointsAjust IS Medium) AND (TeamExp IS High) AND (Length IS Medium),Medium,0.00081639500538672,0.003057235639276653,5264.133235250347,16.09369573670807,8781.63106395458,0.5267295597484277,1.0,0.5757575757575758,10577.0
22,all,R11,IF (PointsAjust IS Medium) AND (TeamExp IS High) AND (Length IS High),Medium,0.09742847745877045,0.36485011740893764,5264.133235250347,1920.6196289373797,8781.63106395458,0.5267295597484277,1.0,0.5757575757575758,10577.0
22,all,R12,IF (PointsAjust IS Medium) AND (TeamExp IS Medium) AND (Length IS Low),Medium,5.56272852768019e-05,0.0002083130322237694,5264.133235250347,1.096587556264921,8781.63106395458,0.5267295597484277,1.0,0.5757575757575758,10577.0
22,all,R13,IF (PointsAjust IS Medium) AND (TeamExp IS Medium) AND (Length IS Medium),Medium,0.000182162348296317,0.0006821614778032867,5264.133235250347,3.590988907111773,8781.63106395458,0.5267295597484277,1.0,0.5757575757575758,10577.0
22,all,R14,IF (PointsAjust IS Medium) AND (TeamExp IS Medium) AND (Length IS High),High,0.02173923177839313,0.08140906512762966,7956.37427485299,647.7209915213043,8781.63106395458,0.5267295597484277,1.0,0.5757575757575758,10577.0
22,all,R15,IF (PointsAjust IS Medium) AND (TeamExp IS Low) AND (Length IS Medium),High,0.000182162348296317,0.0006821614778032867,7956.37427485299,5.427532033289769,8781.63106395458,0.5267295597484277,1.0,0.5757575757575758,10577.0
22,all,R16,IF (PointsAjust IS Medium) AND (TeamExp IS Low) AND (Length IS High),High,0.02173923177839313,0.08140906512762966,7956.37427485299,647.7209915213043,8781.63106395458,0.5267295597484277,1.0,0.5757575757575758,10577.0
22,all,R17,IF (PointsAjust IS High) AND (TeamExp IS High) AND (Length IS Medium),Medium,0.004078385977081927,0.015272737924155635,5264.133235250347,80.39772729981607,8781.63106395458,0.5267295597484277,1.0,0.5757575757575758,10577.0
22,all,R18,IF (PointsAjust IS High) AND (TeamExp IS Medium) AND (Length IS Medium),High,0.0009100109162134008,0.0034078084589218446,7956.37427485299,27.113799556192177,8781.63106395458,0.5267295597484277,1.0,0.5757575757575758,10577.0
22,all,R19,IF (PointsAjust IS High) AND (TeamExp IS Low) AND (Length IS Medium),High,0.0009100109162134008,0.0034078084589218446,7956.37427485299,27.113799556192177,8781.63106395458,0.5267295597484277,1.0,0.5757575757575758,10577.0
22,all,R20,IF (PointsAjust IS High) AND (TeamExp IS Low) AND (Length IS High),Very_High,0.1086005885049901,0.4066874336971231,12708.933084659957,5168.563381228821,8781.63106395458,0.5267295597484277,1.0,0.5757575757575758,10577.0
23,all,R1,IF (PointsAjust IS Low) AND (TeamExp IS High) AND (Length IS Low),Very_Low,0.03141578209143915,0.004467264817580943,2363.489054077617,10.558331498018601,3775.1108079991395,0.3474842767295597,0.4,0.2121212121212121,3983.0
23,all,R2,IF (PointsAjust IS Low) AND (TeamExp IS High) AND (Length IS Medium),Low,0.03417498878658037,0.004859618792973363,11817.434825163891,57.42822836110433,3775.1108079991395,0.3474842767295597,0.4,0.2121212121212121,3983.0
23,all,R3,IF (PointsAjust IS Low) AND (TeamExp IS High) AND (Length IS High),Medium,0.032861783308466695,0.004672883456779699,26.604482867082424,0.1243196478657684,3775.1108079991395,0.3474842767295597,0.4,0.2121212121212121,3983.0
23,all,R4,IF (PointsAjust IS Low) AND (TeamExp IS Medium) AND (Length IS Low),Low,0.14079576723532522,0.020020891907258292,11817.434825163891,236.59558525567604,3775.1108079991395,0.3474842767295597,0.4,0.2121212121212121,3983.0
23,all,R5,IF (PointsAjust IS Low) AND (TeamExp IS Medium) AND (Length IS Medium),Medium,0.1531616737237432,0.021779300430478186,26.604482867082424,0.5794270251596978,3775.1108079991395,0.3474842767295597,0.4,0.2121212121212121,3983.0
23,all,R6,IF (PointsAjust IS Low) AND (TeamExp IS Medium) AND (Length IS High),Medium,0.14727629508537307,0.020942410715213137,26.604482867082424,0.5571620070682913,3775.1108079991395,0.3474842767295597,0.4,0.2121212121212121,3983.0
23,all,R7,IF (PointsAjust IS Low) AND (TeamExp IS Low) AND (Length IS Medium),Medium,0.2525209093243682,0.035907995880697825,26.604482867082424,0.9553136611992916,3775.1108079991395,0.3474842767295597,0.4,0.2121212121212121,3983.0
23,all,R8,IF (PointsAjust IS Low) AND (TeamExp IS Low) AND (Length IS High),High,0.24281756037716323,0.03452819800591017,3928.608673140303,135.6477781539244,3775.1108079991395,0.3474842767295597,0.4,0.2121212121212121,3983.0
23,all,R9,IF (PointsAjust IS Medium) AND (TeamExp IS High) AND (Length IS Low),Low,0.10401837059513029,0.014791215637707997,11817.434825163891,174.79422678355922,3775.1108079991395,0.3474842767295597,0.4,0.2121212121212121,3983.0
23,all,R10,IF (PointsAjust IS Medium) AND (TeamExp IS High) AND (Length IS Medium),Medium,0.1131541668560158,0.016090308593536804,26.604482867082424,0.428074339302819,3775.1108079991395,0.3474842767295597,0.4,0.2121212121212121,3983.0
23,all,R11,IF (PointsAjust IS Medium) AND (TeamExp IS High) AND (Length IS High),Medium,0.10880611358481596,0.015472023638960046,26.604482867082424,0.4116251878218068,3775.1108079991395,0.3474842767295597,0.4,0.2121212121212121,3983.0
23,all,R12,IF (PointsAjust IS Medium) AND (TeamExp IS Medium) AND (Length IS Low),Medium,0.4661779946105699,0.06628962946052942,26.604482867082424,1.7636013112478974,3775.1108079991395,0.3474842767295597,0.4,0.2121212121212121,3983.0
23,all,R13,IF (PointsAjust IS Medium) AND (TeamExp IS Medium) AND (Length IS Medium),Medium,0.5071217928618158,0.07211176016202055,26.604482867082424,1.9184960877456325,3775.1108079991395,0.3474842767295597,0.4,0.2121212121212121,3983.0
23,all,R14,IF (PointsAjust IS Medium) AND (TeamExp IS Medium) AND (Length IS High),High,0.48763517003903184,0.06934079923873943,3928.608673140303,272.41286529179223,3775.1108079991395,0.3474842767295597,0.4,0.2121212121212121,3983.0
23,all,R15,IF (PointsAjust IS Medium) AND (TeamExp IS Low) AND (Length IS Medium),High,0.8361024867268599,0.11889219284674937,3928.608673140303,467.08089998640907,3775.1108079991395,0.3474842767295597,0.4,0.2121212121212121,3983.0
23,all,R16,IF (PointsAjust IS Medium) AND (TeamExp IS Low) AND (Length IS High),High,0.8039744771848254,0.11432365063225691,3928.608673140303,449.1328854189464,3775.1108079991395,0.3474842767295597,0.4,0.2121212121212121,3983.0
23,all,R17,IF (PointsAjust IS High) AND (TeamExp IS High) AND (Length IS Medium),Medium,0.1286765971479543,0.01829756883377846,26.604482867082424,0.4867973565475204,3775.1108079991395,0.3474842767295597,0.4,0.2121212121212121,3983.0
23,all,R18,IF (PointsAjust IS High) AND (TeamExp IS Medium) AND (Length IS Medium),High,0.5766884990462812,0.08200401425610337,3928.608673140303,322.1616816388488,3775.1108079991395,0.3474842767295597,0.4,0.2121212121212121,3983.0
23,all,R19,IF (PointsAjust IS High) AND (TeamExp IS Low) AND (Length IS Medium),High,0.950798594945734,0.13520176258683414,3928.608673140303,531.1548171224928,3775.1108079991395,0.3474842767295597,0.4,0.2121212121212121,3983.0
23,all,R20,IF (PointsAjust IS High) AND (TeamExp IS Low) AND (Length IS High),Very_High,0.9142632816128498,0.1300065101058919,8545.100479657152,1110.9186918644093,3775.1108079991395,0.3474842767295597,0.4,0.2121212121212121,3983.0
24,all,R1,IF (PointsAjust IS Low) AND (TeamExp IS High) AND (Length IS Low),Very_Low,0.012433672795631082,0.007980127974477877,2881.844837699423,22.99749060742982,4730.118333904282,0.389937106918239,1.0,0.3939393939393939,3164.0
24,all,R2,IF (PointsAjust IS Low) AND (TeamExp IS High) AND (Length IS Medium),Low,0.03311545781818459,0.02125402491011297,16782.51679807944,356.6960300807698,4730.118333904282,0.389937106918239,1.0,0.3939393939393939,3164.0
24,all,R3,IF (PointsAjust IS Low) AND (TeamExp IS High) AND (Length IS High),Medium,0.09157958175305066,0.05877722489973326,1817.8912869041228,106.85060501362915,4730.118333904282,0.389937106918239,1.0,0.3939393939393939,3164.0
24,all,R4,IF (PointsAjust IS Low) AND (TeamExp IS Medium) AND (Length IS Low),Low,0.0027743274021223376,0.0017806072329502132,16782.51679807944,29.883070797768703,4730.118333904282,0.389937106918239,1.0,0.3939393939393939,3164.0
24,all,R5,IF (PointsAjust IS Low) AND (TeamExp IS Medium) AND (Length IS Medium),Medium,0.0073890574063600984,0.004742413981992223,1817.8912869041228,8.621193056755947,4730.118333904282,0.389937106918239,1.0,0.3939393939393939,3164.0
24,all,R6,IF (PointsAjust IS Low) AND (TeamExp IS Medium) AND (Length IS High),Medium,0.02043416674288441,0.013114971604957757,1817.8912869041228,23.841592608647687,4730.118333904282,0.389937106918239,1.0,0.3939393939393939,3164.0
24,all,R7,IF (PointsAjust IS Low) AND (TeamExp IS Low) AND (Length IS Medium),Medium,0.0073890574063600984,0.004742413981992223,1817.8912869041228,8.621193056755947,4730.118333904282,0.389937106918239,1.0,0.3939393939393939,3164.0
24,all,R8,IF (PointsAjust IS Low) AND (TeamExp IS Low) AND (Length IS High),High,0.02043416674288441,0.013114971604957757,5957.949683041614,78.13834091685783,4730.118333904282,0.389937106918239,1.0,0.3939393939393939,3164.0
24,all,R9,IF (PointsAjust IS Medium) AND (TeamExp IS High) AND (Length IS Low),Low,0.057959179002359265,0.03719911834072213,16782.51679807944,624.294828426914,4730.118333904282,0.389937106918239,1.0,0.3939393939393939,3164.0
24,all,R10,IF (PointsAjust IS Medium) AND (TeamExp IS High) AND (Length IS Medium),Medium,0.15436667660288228,0.09907497603754628,1817.8912869041228,180.10753568889012,4730.118333904282,0.389937106918239,1.0,0.3939393939393939,3164.0
24,all,R11,IF (PointsAjust IS Medium) AND (TeamExp IS High) AND (Length IS High),Medium,0.42689537186882776,0.27398820567504406,1817.8912869041228,498.0807718111573,4730.118333904282,0.389937106918239,1.0,0.3939393939393939,3164.0
24,all,R12,IF (PointsAjust IS Medium) AND (TeamExp IS Medium) AND (Length IS Low),Medium,0.01293244089286793,0.00830024523274572,1817.8912869041228,15.088943487775927,4730.118333904282,0.389937106918239,1.0,0.3939393939393939,3164.0
24,all,R13,IF (PointsAjust IS Medium) AND (TeamExp IS Medium) AND (Length IS Medium),Medium,0.03444386127198199,0.022106615269959544,1817.8912869041228,40.18742328220109,4730.118333904282,0.389937106918239,1.0,0.3939393939393939,3164.0
24,all,R14,IF (PointsAjust IS Medium) AND (TeamExp IS Medium) AND (Length IS High),High,0.09525323269171501,0.061135032211053486,5957.949683041614,364.239445784585,4730.118333904282,0.389937106918239,1.0,0.3939393939393939,3164.0
24,all,R15,IF (PointsAjust IS Medium) AND (TeamExp IS Low) AND (Length IS Medium),High,0.03444386127198199,0.022106615269959544,5957.949683041614,131.71010144077837,4730.118333904282,0.389937106918239,1.0,0.3939393939393939,3164.0
24,all,R16,IF (PointsAjust IS Medium) AND (TeamExp IS Low) AND (Length IS High),High,0.09525323269171501,0.061135032211053486,5957.949683041614,364.239445784585,4730.118333904282,0.389937106918239,1.0,0.3939393939393939,3164.0
24,all,R17,IF (PointsAjust IS High) AND (TeamExp IS High) AND (Length IS Medium),Medium,0.21857120552340234,0.14028245879411746,1817.8912869041228,255.01825954731277,4730.118333904282,0.389937106918239,1.0,0.3939393939393939,3164.0
24,all,R18,IF (PointsAjust IS High) AND (TeamExp IS Medium) AND (Length IS Medium),High,0.04876982809227212,0.03130124749674693,5957.949683041614,186.4912576020505,4730.118333904282,0.389937106918239,1.0,0.3939393939393939,3164.0
24,all,R19,IF (PointsAjust IS High) AND (TeamExp IS Low) AND (Length IS Medium),High,0.04876982809227212,0.03130124749674693,5957.949683041614,186.4912576020505,4730.118333904282,0.389937106918239,1.0,0.3939393939393939,3164.0
24,all,R20,IF (PointsAjust IS High) AND (TeamExp IS Low) AND (Length IS High),Very_High,0.13487116751881004,0.08656244977312996,14423.338879382334,1248.5195473073659,4730.118333904282,0.389937106918239,1.0,0.3939393939393939,3164.0
25,all,R1,IF (PointsAjust IS Low) AND (TeamExp IS High) AND (Length IS Low),Very_Low,0.08785950042101613,0.012889458711045472,2904.318263350424,37.43509033919058,3631.9610393655616,0.3930817610062893,0.6,0.1515151515151515,3542.0
25,all,R2,IF (PointsAjust IS Low) AND (TeamExp IS High) AND (Length IS Medium),Low,0.06084879483158942,0.00892684370887956,14063.96171871631,125.54678819064564,3631.9610393655616,0.3930817610062893,0.6,0.1515151515151515,3542.0
25,all,R3,IF (PointsAjust IS Low) AND (TeamExp IS High) AND (Length IS High),Medium,0.07510889189183727,0.011018876231176934,-1750.7638311338992,-19.29144996528559,3631.9610393655616,0.3930817610062893,0.6,0.1515151515151515,3542.0
25,all,R4,IF (PointsAjust IS Low) AND (TeamExp IS Medium) AND (Length IS Low),Low,0.14485582717721618,0.02125112474471173,14063.96171871631,298.87500488929066,3631.9610393655616,0.3930817610062893,0.6,0.1515151515151515,3542.0
25,all,R5,IF (PointsAjust IS Low) AND (TeamExp IS Medium) AND (Length IS Medium),Medium,0.10032270233530952,0.014717877103045356,-1750.7638311338992,-25.76752690308558,3631.9610393655616,0.3930817610062893,0.6,0.1515151515151515,3542.0
25,all,R6,IF (PointsAjust IS Low) AND (TeamExp IS Medium) AND (Length IS High),Medium,0.12383362768078851,0.018167055621553477,-1750.7638311338992,-31.806223900413606,3631.9610393655616,0.3930817610062893,0.6,0.1515151515151515,3542.0
25,all,R7,IF (PointsAjust IS Low) AND (TeamExp IS Low) AND (Length IS Medium),Medium,0.08033214012157175,0.011785154687941295,-1750.7638311338992,-20.633022571965736,3631.9610393655616,0.3930817610062893,0.6,0.1515151515151515,3542.0
25,all,R8,IF (PointsAjust IS Low) AND (TeamExp IS Low) AND (Length IS High),High,0.09915821742288156,0.01454704093704793,4672.840668080476,67.97600449086907,3631.9610393655616,0.3930817610062893,0.6,0.1515151515151515,3542.0
25,all,R9,IF (PointsAjust IS Medium) AND (TeamExp IS High) AND (Length IS Low),Low,0.4200645291069114,0.0616257135307266,14063.96171871631,866.7016759847166,3631.9610393655616,0.3930817610062893,0.6,0.1515151515151515,3542.0
25,all,R10,IF (PointsAjust IS Medium) AND (TeamExp IS High) AND (Length IS Medium),Medium,0.29092380704614823,0.04268007877363843,-1750.7638311338992,-74.72273822683182,3631.9610393655616,0.3930817610062893,0.6,0.1515151515151515,3542.0
25,all,R11,IF (PointsAjust IS Medium) AND (TeamExp IS High) AND (Length IS High),Medium,0.3591026713457113,0.05268228288524959,-1750.7638311338992,-92.23423541705942,3631.9610393655616,0.3930817610062893,0.6,0.1515151515151515,3542.0
25,all,R12,IF (PointsAjust IS Medium) AND (TeamExp IS Medium) AND (Length IS Low),Medium,0.692569324205198,0.10160362472018165,-1750.7638311338992,-177.88395127219619,3631.9610393655616,0.3930817610062893,0.6,0.1515151515151515,3542.0
25,all,R13,IF (PointsAjust IS Medium) AND (TeamExp IS Medium) AND (Length IS Medium),Medium,0.4796522688300444,0.07036755370925472,-1750.7638311338992,-123.19696791953523,3631.9610393655616,0.3930817610062893,0.6,0.1515151515151515,3542.0
25,all,R14,IF (PointsAjust IS Medium) AND (TeamExp IS Medium) AND (Length IS High),High,0.5920602126129116,0.08685840038195232,4672.840668080476,405.8754656692035,3631.9610393655616,0.3930817610062893,0.6,0.1515151515151515,3542.0
25,all,R15,IF (PointsAjust IS Medium) AND (TeamExp IS Low) AND (Length IS Medium),High,0.3840755120461245,0.05634593220675764,4672.840668080476,263.29556349664256,3631.9610393655616,0.3930817610062893,0.6,0.1515151515151515,3542.0
25,all,R16,IF (PointsAjust IS Medium) AND (TeamExp IS Low) AND (Length IS High),High,0.47408475701803615,0.06955076994335281,4672.840668080476,324.9996662876082,3631.9610393655616,0.3930817610062893,0.6,0.1515151515151515,3542.0
25,all,R17,IF (PointsAjust IS High) AND (TeamExp IS High) AND (Length IS Medium),Medium,0.4200289521929724,0.06162049420713512,-1750.7638311338992,-107.88293251444813,3631.9610393655616,0.3930817610062893,0.6,0.1515151515151515,3542.0
25,all,R18,IF (PointsAjust IS High) AND (TeamExp IS Medium) AND (Length IS Medium),High,0.692510667790441,0.10159501951035772,4672.840668080476,474.7373388424289,3631.9610393655616,0.3930817610062893,0.6,0.1515151515151515,3542.0
25,all,R19,IF (PointsAjust IS High) AND (TeamExp IS Low) AND (Length IS Medium),High,0.5545191936187023,0.0813509320720063,4672.840668080476,380.1399437723233,3631.9610393655616,0.3930817610062893,0.6,0.1515151515151515,3542.0
25,all,R20,IF (PointsAjust IS High) AND (TeamExp IS Low) AND (Length IS High),Very_High,0.6844724251438058,0.10041576631398529,10554.095088809394,1059.7975460934638,3631.9610393655616,0.3930817610062893,0.6,0.1515151515151515,3542.0
26,all,R1,IF (PointsAjust IS Low) AND (TeamExp IS High) AND (Length IS Low),Very_Low,4.3368395698788123e-05,4.849861922085274e-05,4100.050404709695,0.19884678336431863,6954.592672553318,0.6745283018867925,0.8,0.3939393939393939,4277.0
26,all,R2,IF (PointsAjust IS Low) AND (TeamExp IS High) AND (Length IS Medium),Low,0.00011550603767779643,0.00012916971561393166,19784.441157602996,2.555550637908144,6954.592672553318,0.6745283018867925,0.8,0.3939393939393939,4277.0
26,all,R3,IF (PointsAjust IS Low) AND (TeamExp IS High) AND (Length IS High),Medium,0.0003194277028740351,0.00035721410212811755,2210.6705070372977,0.7896826802724387,6954.592672553318,0.6745283018867925,0.8,0.3939393939393939,4277.0
26,all,R4,IF (PointsAjust IS Low) AND (TeamExp IS Medium) AND (Length IS Low),Low,2.6304261653864493e-05,2.9415899511175613e-05,19784.441157602996,0.5819771329768166,6954.592672553318,0.6745283018867925,0.8,0.3939393939393939,4277.0
26,all,R5,IF (PointsAjust IS Low) AND (TeamExp IS Medium) AND (Length IS Medium),Medium,7.005795323350616e-05,7.834539282621121e-05,2210.6705070372977,0.17319584928315662,6954.592672553318,0.6745283018867925,0.8,0.3939393939393939,4277.0
26,all,R6,IF (PointsAjust IS Low) AND (TeamExp IS Medium) AND (Length IS High),Medium,0.00019374269535467952,0.00021666130502242314,2210.6705070372977,0.47896675702928276,6954.592672553318,0.6745283018867925,0.8,0.3939393939393939,4277.0
26,all,R7,IF (PointsAjust IS Low) AND (TeamExp IS Low) AND (Length IS Medium),Medium,4.7485951717128375e-05,5.310325765020544e-05,2210.6705070372977,0.11739380551491192,6954.592672553318,0.6745283018867925,0.8,0.3939393939393939,4277.0
26,all,R8,IF (PointsAjust IS Low) AND (TeamExp IS Low) AND (Length IS High),High,0.00013132065457999382,0.00014685510772735873,8837.528268145204,1.297836165862042,6954.592672553318,0.6745283018867925,0.8,0.3939393939393939,4277.0
26,all,R9,IF (PointsAjust IS Medium) AND (TeamExp IS High) AND (Length IS Low),Low,0.0020026383436930984,0.0022395385603476412,19784.441157602996,44.30801886738084,6954.592672553318,0.6745283018867925,0.8,0.3939393939393939,4277.0
26,all,R10,IF (PointsAjust IS Medium) AND (TeamExp IS High) AND (Length IS Medium),Medium,0.0053337647439902595,0.005964717420700466,2210.6705070372977,13.186024884754103,6954.592672553318,0.6745283018867925,0.8,0.3939393939393939,4277.0
26,all,R11,IF (PointsAjust IS Medium) AND (TeamExp IS High) AND (Length IS High),Medium,0.014750330407800267,0.016495206850588223,2210.6705070372977,36.465467292074976,6954.592672553318,0.6745283018867925,0.8,0.3939393939393939,4277.0
26,all,R12,IF (PointsAjust IS Medium) AND (TeamExp IS Medium) AND (Length IS Low),Medium,0.0012146615557659904,0.0013583488004595362,2210.6705070372977,3.002861631445388,6954.592672553318,0.6745283018867925,0.8,0.3939393939393939,4277.0
26,all,R13,IF (PointsAjust IS Medium) AND (TeamExp IS Medium) AND (Length IS Medium),Medium,0.0032350918489243968,0.0036177839921768904,2210.6705070372977,7.9977283723371055,6954.592672553318,0.6745283018867925,0.8,0.3939393939393939,4277.0
26,all,R14,IF (PointsAjust IS Medium) AND (TeamExp IS Medium) AND (Length IS High),High,0.008946527633222413,0.010004848693183625,8837.528268145204,88.4181331445259,6954.592672553318,0.6745283018867925,0.8,0.3939393939393939,4277.0
26,all,R15,IF (PointsAjust IS Medium) AND (TeamExp IS Low) AND (Length IS Medium),High,0.0021927762409283172,0.0024521686410522913,8837.528268145204,21.671109683558836,6954.592672553318,0.6745283018867925,0.8,0.3939393939393939,4277.0
26,all,R16,IF (PointsAjust IS Medium) AND (TeamExp IS Low) AND (Length IS High),High,0.006064042119688582,0.006781382270735172,8837.528268145204,59.9306575147208,6954.592672553318,0.6745283018867925,0.8,0.3939393939393939,4277.0
26,all,R17,IF (PointsAjust IS High) AND (TeamExp IS High) AND (Length IS Medium),Medium,0.2693029893592813,0.30115993283879094,2210.6705070372977,665.7653814280485,6954.592672553318,0.6745283018867925,0.8,0.3939393939393939,4277.0
26,all,R18,IF (PointsAjust IS High) AND (TeamExp IS Medium) AND (Length IS Medium),High,0.16334051979866918,0.18266273274372422,8837.528268145204,1614.2870641593154,6954.592672553318,0.6745283018867925,0.8,0.3939393939393939,4277.0
26,all,R19,IF (PointsAjust IS High) AND (TeamExp IS Low) AND (Length IS Medium),High,0.11071376879592686,0.12381054979834606,8837.528268145204,1094.179233737483,6954.592672553318,0.6745283018867925,0.8,0.3939393939393939,4277.0
26,all,R20,IF (PointsAjust IS High) AND (TeamExp IS Low) AND (Length IS High),Very_High,0.3061748593754083,0.34239352599019474,9635.659822960384,3299.1875420254614,6954.592672553318,0.6745283018867925,0.8,0.3939393939393939,4277.0
27,all,R1,IF (PointsAjust IS Low) AND (TeamExp IS High) AND (Length IS Low),Very_Low,0.009921845600719353,0.006288212038994377,2406.445495250346,15.132239534417012,4962.602749282475,0.3160377358490566,1.0,0.4545454545454545,7252.0
27,all,R2,IF (PointsAjust IS Low) AND (TeamExp IS High) AND (Length IS Medium),Low,0.03056143599169899,0.019369056672079683,15570.517241792135,301.5862308698657,4962.602749282475,0.3160377358490566,1.0,0.4545454545454545,7252.0
27,all,R3,IF (PointsAjust IS Low) AND (TeamExp IS High) AND (Length IS High),Medium,0.2194093037687805,0.1390560064073351,3041.63431477343,422.95752076390437,4962.602749282475,0.3160377358490566,1.0,0.4545454545454545,7252.0
27,all,R4,IF (PointsAjust IS Low) AND (TeamExp IS Medium) AND (Length IS Low),Low,0.0022138629978565028,0.0014030897593080994,15570.517241792135,21.84683328908874,4962.602749282475,0.3160377358490566,1.0,0.4545454545454545,7252.0
27,all,R5,IF (PointsAjust IS Low) AND (TeamExp IS Medium) AND (Length IS Medium),Medium,0.006819178107193782,0.0043218207171651524,3041.63431477343,13.145398195628243,4962.602749282475,0.3160377358490566,1.0,0.4545454545454545,7252.0
27,all,R6,IF (PointsAjust IS Low) AND (TeamExp IS Medium) AND (Length IS High),Medium,0.04895683308798347,0.031027588979269757,3041.63431477343,94.3745793440328,4962.602749282475,0.3160377358490566,1.0,0.4545454545454545,7252.0
27,all,R7,IF (PointsAjust IS Low) AND (TeamExp IS Low) AND (Length IS Medium),Medium,0.006819178107193782,0.0043218207171651524,3041.63431477343,13.145398195628243,4962.602749282475,0.3160377358490566,1.0,0.4545454545454545,7252.0
27,all,R8,IF (PointsAjust IS Low) AND (TeamExp IS Low) AND (Length IS High),High,0.04895683308798347,0.031027588979269757,5259.922341640324,163.20270847929407,4962.602749282475,0.3160377358490566,1.0,0.4545454545454545,7252.0
27,all,R9,IF (PointsAjust IS Medium) AND (TeamExp IS High) AND (Length IS Low),Low,0.025498212207750854,0.016160114905032132,15570.517241792135,251.62134775814488,4962.602749282475,0.3160377358490566,1.0,0.4545454545454545,7252.0
27,all,R10,IF (PointsAjust IS Medium) AND (TeamExp IS High) AND (Length IS Medium),Medium,0.0785400228596016,0.04977665821093137,3041.63431477343,151.40239168911748,4962.602749282475,0.3160377358490566,1.0,0.4545454545454545,7252.0
27,all,R11,IF (PointsAjust IS Medium) AND (TeamExp IS High) AND (Length IS High),Medium,0.5638613230834413,0.3573608885709252,3041.63431477343,1086.96114143525,4962.602749282475,0.3160377358490566,1.0,0.4545454545454545,7252.0
27,all,R12,IF (PointsAjust IS Medium) AND (TeamExp IS Medium) AND (Length IS Low),Medium,0.005689420173414095,0.0036058090267768465,3041.63431477343,10.967552468364243,4962.602749282475,0.3160377358490566,1.0,0.4545454545454545,7252.0
27,all,R13,IF (PointsAjust IS Medium) AND (TeamExp IS Medium) AND (Length IS Medium),Medium,0.01752464787872424,0.01110667371825877,3041.63431477343,33.782439904448076,4962.602749282475,0.3160377358490566,1.0,0.4545454545454545,7252.0
27,all,R14,IF (PointsAjust IS Medium) AND (TeamExp IS Medium) AND (Length IS High),High,0.12581446732111373,0.07973799229761569,5259.922341640324,419.4156471637728,4962.602749282475,0.3160377358490566,1.0,0.4545454545454545,7252.0
27,all,R15,IF (PointsAjust IS Medium) AND (TeamExp IS Low) AND (Length IS Medium),High,0.01752464787872424,0.01110667371825877,5259.922341640324,58.42024123197871,4962.602749282475,0.3160377358490566,1.0,0.4545454545454545,7252.0
27,all,R16,IF (PointsAjust IS Medium) AND (TeamExp IS Low) AND (Length IS High),High,0.12581446732111373,0.07973799229761569,5259.922341640324,419.4156471637728,4962.602749282475,0.3160377358490566,1.0,0.4545454545454545,7252.0
27,all,R17,IF (PointsAjust IS High) AND (TeamExp IS High) AND (Length IS Medium),Medium,0.08002254295921785,0.05071624154185744,3041.63431477343,154.26026059005133,4962.602749282475,0.3160377358490566,1.0,0.4545454545454545,7252.0
27,all,R18,IF (PointsAjust IS High) AND (TeamExp IS Medium) AND (Length IS Medium),High,0.017855442825974878,0.011316323097361096,5259.922341640324,59.522980685030056,4962.602749282475,0.3160377358490566,1.0,0.4545454545454545,7252.0
27,all,R19,IF (PointsAjust IS High) AND (TeamExp IS Low) AND (Length IS Medium),High,0.017855442825974878,0.011316323097361096,5259.922341640324,59.522980685030056,4962.602749282475,0.3160377358490566,1.0,0.4545454545454545,7252.0
27,all,R20,IF (PointsAjust IS High) AND (TeamExp IS Low) AND (Length IS High),Very_High,0.12818933900862892,0.08124312524741861,14917.190914860363,1211.9192098356555,4962.602749282475,0.3160377358490566,1.0,0.4545454545454545,7252.0
28,all,R1,IF (PointsAjust IS Low) AND (TeamExp IS High) AND (Length IS Low),Very_Low,9.813090912768902e-05,0.00023399364321919443,4070.9795033984065,0.95258332547086,6157.229856399588,0.6273584905660378,1.0,0.3939393939393939,3948.0
28,all,R2,IF (PointsAjust IS Low) AND (TeamExp IS High) AND (Length IS Medium),Low,0.00026135881451053996,0.0006232113993277455,20521.806406760967,12.789423687490595,6157.229856399588,0.6273584905660378,1.0,0.3939393939393939,3948.0
28,all,R3,IF (PointsAjust IS Low) AND (TeamExp IS High) AND (Length IS High),Medium,0.0007227781977758125,0.0017234682246436528,1668.886649077293,2.876273110216737,6157.229856399588,0.6273584905660378,1.0,0.3939393939393939,3948.0
28,all,R4,IF (PointsAjust IS Low) AND (TeamExp IS Medium) AND (Length IS Low),Low,2.1895965469172257e-05,5.2211039085213383e-05,20521.806406760967,1.0714648364025792,6157.229856399588,0.6273584905660378,1.0,0.3939393939393939,3948.0
28,all,R5,IF (PointsAjust IS Low) AND (TeamExp IS Medium) AND (Length IS Medium),Medium,5.831703413794053e-05,0.00013905725933832685,1668.886649077293,0.2320708035670124,6157.229856399588,0.6273584905660378,1.0,0.3939393939393939,3948.0
28,all,R6,IF (PointsAjust IS Low) AND (TeamExp IS Medium) AND (Length IS High),Medium,0.0001612736150215105,0.0003845577409754682,1668.886649077293,0.6417832797132828,6157.229856399588,0.6273584905660378,1.0,0.3939393939393939,3948.0
28,all,R7,IF (PointsAjust IS Low) AND (TeamExp IS Low) AND (Length IS Medium),Medium,5.831703413794053e-05,0.00013905725933832685,1668.886649077293,0.2320708035670124,6157.229856399588,0.6273584905660378,1.0,0.3939393939393939,3948.0
28,all,R8,IF (PointsAjust IS Low) AND (TeamExp IS Low) AND (Length IS High),High,0.0001612736150215105,0.0003845577409754682,8668.337836630657,3.3334764164668624,6157.229856399588,0.6273584905660378,1.0,0.3939393939393939,3948.0
28,all,R9,IF (PointsAjust IS Medium) AND (TeamExp IS High) AND (Length IS Low),Low,0.0030986151286480296,0.007388663259432501,20521.806406760967,151.62871701482126,6157.229856399588,0.6273584905660378,1.0,0.3939393939393939,3948.0
28,all,R10,IF (PointsAjust IS Medium) AND (TeamExp IS High) AND (Length IS Medium),Medium,0.008252755261791034,0.019678736164464777,1668.886649077293,32.841580055589766,6157.229856399588,0.6273584905660378,1.0,0.3939393939393939,3948.0
28,all,R11,IF (PointsAjust IS Medium) AND (TeamExp IS High) AND (Length IS High),Medium,0.02282269142509302,0.0544208217583722,1668.886649077293,90.82218286436242,6157.229856399588,0.6273584905660378,1.0,0.3939393939393939,3948.0
28,all,R12,IF (PointsAjust IS Medium) AND (TeamExp IS Medium) AND (Length IS Low),Medium,0.0006913944898935822,0.001648633616359993,1668.886649077293,2.751382631563208,6157.229856399588,0.6273584905660378,1.0,0.3939393939393939,3948.0
28,all,R13,IF (PointsAjust IS Medium) AND (TeamExp IS Medium) AND (Length IS Medium),Medium,0.00184143860322923,0.004390919551895723,1668.886649077293,7.327947017331222,6157.229856399588,0.6273584905660378,1.0,0.3939393939393939,3948.0
28,all,R14,IF (PointsAjust IS Medium) AND (TeamExp IS Medium) AND (Length IS High),High,0.0050924307926992,0.01214292667435474,8668.337836630657,105.25899073874086,6157.229856399588,0.6273584905660378,1.0,0.3939393939393939,3948.0
28,all,R15,IF (PointsAjust IS Medium) AND (TeamExp IS Low) AND (Length IS Medium),High,0.00184143860322923,0.004390919551895723,8668.337836630657,38.06197408929902,6157.229856399588,0.6273584905660378,1.0,0.3939393939393939,3948.0
28,all,R16,IF (PointsAjust IS Medium) AND (TeamExp IS Low) AND (Length IS High),High,0.0050924307926992,0.01214292667435474,8668.337836630657,105.25899073874086,6157.229856399588,0.6273584905660378,1.0,0.3939393939393939,3948.0
28,all,R17,IF (PointsAjust IS High) AND (TeamExp IS High) AND (Length IS Medium),Medium,0.1788854690557479,0.4265532949344507,1668.886649077293,711.8690990360337,6157.229856399588,0.6273584905660378,1.0,0.3939393939393939,3948.0
28,all,R18,IF (PointsAjust IS High) AND (TeamExp IS Medium) AND (Length IS Medium),High,0.03991474335863601,0.0951769050105644,8668.337836630657,825.0255668764773,6157.229856399588,0.6273584905660378,1.0,0.3939393939393939,3948.0
28,all,R19,IF (PointsAjust IS High) AND (TeamExp IS Low) AND (Length IS Medium),High,0.03991474335863601,0.0951769050105644,8668.337836630657,825.0255668764773,6157.229856399588,0.6273584905660378,1.0,0.3939393939393939,3948.0
28,all,R20,IF (PointsAjust IS High) AND (TeamExp IS Low) AND (Length IS High),Very_High,0.1103827560722104,0.2632082334863867,12306.714988704152,3239.2287121972577,6157.229856399588,0.6273584905660378,1.0,0.3939393939393939,3948.0
29,all,R1,IF (PointsAjust IS Low) AND (TeamExp IS High) AND (Length IS Low),Very_Low,0.5151664090605382,0.12194284606582863,2357.9224920302504,287.53177948079986,3041.221112408127,0.2012578616352201,1.0,0.1515151515151515,3927.0
29,all,R2,IF (PointsAjust IS Low) AND (TeamExp IS High) AND (Length IS Medium),Low,0.3567884517762754,0.08445387449146938,14003.354761812026,1182.637565513593,3041.221112408127,0.2012578616352201,1.0,0.1515151515151515,3927.0
29,all,R3,IF (PointsAjust IS Low) AND (TeamExp IS High) AND (Length IS High),Medium,0.4404028925616155,0.10424589256997904,-2773.1508348336192,-289.08958400841317,3041.221112408127,0.2012578616352201,1.0,0.1515151515151515,3927.0
29,all,R4,IF (PointsAjust IS Low) AND (TeamExp IS Medium) AND (Length IS Low),Low,0.11494916335676937,0.02720912677162366,14003.354761812026,381.0190549421633,3041.221112408127,0.2012578616352201,1.0,0.1515151515151515,3927.0
29,all,R5,IF (PointsAjust IS Low) AND (TeamExp IS Medium) AND (Length IS Medium),Medium,0.07961026438395064,0.01884420654043695,-2773.1508348336192,-52.25782709938988,3041.221112408127,0.2012578616352201,1.0,0.1515151515151515,3927.0
29,all,R6,IF (PointsAjust IS Low) AND (TeamExp IS Medium) AND (Length IS High),Medium,0.09826716794710498,0.023260402703955428,-2773.1508348336192,-64.50460517704018,3041.221112408127,0.2012578616352201,1.0,0.1515151515151515,3927.0
29,all,R7,IF (PointsAjust IS Low) AND (TeamExp IS Low) AND (Length IS Medium),Medium,0.07961026438395064,0.01884420654043695,-2773.1508348336192,-52.25782709938988,3041.221112408127,0.2012578616352201,1.0,0.1515151515151515,3927.0
29,all,R8,IF (PointsAjust IS Low) AND (TeamExp IS Low) AND (Length IS High),High,0.09826716794710498,0.023260402703955428,3221.585198941968,74.93536907249253,3041.221112408127,0.2012578616352201,1.0,0.1515151515151515,3927.0
29,all,R9,IF (PointsAjust IS Medium) AND (TeamExp IS High) AND (Length IS Low),Low,0.525050293156677,0.124282418164611,14003.354761812026,1740.370792214919,3041.221112408127,0.2012578616352201,1.0,0.1515151515151515,3927.0
29,all,R10,IF (PointsAjust IS Medium) AND (TeamExp IS High) AND (Length IS Medium),Medium,0.3636337267052607,0.08607419035885241,-2773.1508348336192,-238.69671285127944,3041.221112408127,0.2012578616352201,1.0,0.1515151515151515,3927.0
29,all,R11,IF (PointsAjust IS Medium) AND (TeamExp IS High) AND (Length IS High),Medium,0.44885237814360684,0.10624593430705419,-2773.1508348336192,-294.6360014212852,3041.221112408127,0.2012578616352201,1.0,0.1515151515151515,3927.0
29,all,R12,IF (PointsAjust IS Medium) AND (TeamExp IS Medium) AND (Length IS Low),Medium,0.11715455599802932,0.027731155868703766,-2773.1508348336192,-76.90267804819706,3041.221112408127,0.2012578616352201,1.0,0.1515151515151515,3927.0
29,all,R13,IF (PointsAjust IS Medium) AND (TeamExp IS Medium) AND (Length IS Medium),Medium,0.08113765167511515,0.019205747879417166,-2773.1508348336192,-53.260435765409724,3041.221112408127,0.2012578616352201,1.0,0.1515151515151515,3927.0
29,all,R14,IF (PointsAjust IS Medium) AND (TeamExp IS Medium) AND (Length IS High),High,0.10015250301818654,0.023706672337052547,3221.585198941968,76.37306471721548,3041.221112408127,0.2012578616352201,1.0,0.1515151515151515,3927.0
29,all,R15,IF (PointsAjust IS Medium) AND (TeamExp IS Low) AND (Length IS Medium),High,0.08113765167511515,0.019205747879417166,3221.585198941968,61.87295310294143,3041.221112408127,0.2012578616352201,1.0,0.1515151515151515,3927.0
29,all,R16,IF (PointsAjust IS Medium) AND (TeamExp IS Low) AND (Length IS High),High,0.10015250301818654,0.023706672337052547,3221.585198941968,76.37306471721548,3041.221112408127,0.2012578616352201,1.0,0.1515151515151515,3927.0
29,all,R17,IF (PointsAjust IS High) AND (TeamExp IS High) AND (Length IS Medium),Medium,0.36262311641154565,0.08583497310145442,-2773.1508348336192,-238.03332731421958,3041.221112408127,0.2012578616352201,1.0,0.1515151515151515,3927.0
29,all,R18,IF (PointsAjust IS High) AND (TeamExp IS Medium) AND (Length IS Medium),High,0.08091215403843087,0.019152371294463687,3221.585198941968,61.70099588688524,3041.221112408127,0.2012578616352201,1.0,0.1515151515151515,3927.0
29,all,R19,IF (PointsAjust IS High) AND (TeamExp IS Low) AND (Length IS Medium),High,0.08091215403843087,0.019152371294463687,3221.585198941968,61.70099588688524,3041.221112408127,0.2012578616352201,1.0,0.1515151515151515,3927.0
29,all,R20,IF (PointsAjust IS High) AND (TeamExp IS Low) AND (Length IS High),Very_High,0.09987415933590885,0.023640786789772238,16765.28277938334,396.3444756576416,3041.221112408127,0.2012578616352201,1.0,0.1515151515151515,3927.0
30,all,R1,IF (PointsAjust IS Low) AND (TeamExp IS High) AND (Length IS Low),Very_Low,0.09705766427969646,0.010960398104544506,1405.221025823562,15.401781867902656,2701.4778368359894,0.1666666666666666,0.4,0.2424242424242424,710.0
30,all,R2,IF (PointsAjust IS Low) AND (TeamExp IS High) AND (Length IS Medium),Low,0.12858051435556492,0.01452016835850131,8945.574125203286,129.89124236140478,2701.4778368359894,0.1666666666666666,0.4,0.2424242424242424,710.0
30,all,R3,IF (PointsAjust IS Low) AND (TeamExp IS High) AND (Length IS High),Medium,0.12216288521771772,0.013795446918312639,728.7668866107092,10.053664900062005,2701.4778368359894,0.1666666666666666,0.4,0.2424242424242424,710.0
30,all,R4,IF (PointsAjust IS Low) AND (TeamExp IS Medium) AND (Length IS Low),Low,0.434982273194857,0.049121096391691176,8945.574125203286,439.41640888312907,2701.4778368359894,0.1666666666666666,0.4,0.2424242424242424,710.0
30,all,R5,IF (PointsAjust IS Low) AND (TeamExp IS Medium) AND (Length IS Medium),Medium,0.5762578858457821,0.06507487983176394,728.7668866107092,47.42441757156064,2701.4778368359894,0.1666666666666666,0.4,0.2424242424242424,710.0
30,all,R6,IF (PointsAjust IS Low) AND (TeamExp IS Medium) AND (Length IS High),Medium,0.5474960674812092,0.06182690367423071,728.7668866107092,45.05740009944933,2701.4778368359894,0.1666666666666666,0.4,0.2424242424242424,710.0
30,all,R7,IF (PointsAjust IS Low) AND (TeamExp IS Low) AND (Length IS Medium),Medium,0.9500886338026269,0.10729033856688394,728.7668866107092,78.18964600079691,2701.4778368359894,0.1666666666666666,0.4,0.2424242424242424,710.0
30,all,R8,IF (PointsAjust IS Low) AND (TeamExp IS Low) AND (Length IS High),High,0.9026684120809421,0.10193533118923205,1937.2074789072258,197.46988594466532,2701.4778368359894,0.1666666666666666,0.4,0.2424242424242424,710.0
30,all,R9,IF (PointsAjust IS Medium) AND (TeamExp IS High) AND (Length IS Low),Low,0.07485723977750443,0.008453378257737721,8945.574125203286,75.6203218129746,2701.4778368359894,0.1666666666666666,0.4,0.2424242424242424,710.0
30,all,R10,IF (PointsAjust IS Medium) AND (TeamExp IS High) AND (Length IS Medium),Medium,0.09916973033775003,0.011198906675620904,728.7668866107092,8.161392351436135,2701.4778368359894,0.1666666666666666,0.4,0.2424242424242424,710.0
30,all,R11,IF (PointsAjust IS Medium) AND (TeamExp IS High) AND (Length IS High),Medium,0.09422003361116785,0.010639953943523782,728.7668866107092,7.7540461091031645,2701.4778368359894,0.1666666666666666,0.4,0.2424242424242424,710.0
30,all,R12,IF (PointsAjust IS Medium) AND (TeamExp IS Medium) AND (Length IS Low),Medium,0.3354868733465175,0.03788541294513659,728.7668866107092,27.609634439988252,2701.4778368359894,0.1666666666666666,0.4,0.2424242424242424,710.0
30,all,R13,IF (PointsAjust IS Medium) AND (TeamExp IS Medium) AND (Length IS Medium),Medium,0.44444789656306766,0.05019001764786621,728.7668866107092,36.576822900172004,2701.4778368359894,0.1666666666666666,0.4,0.2424242424242424,710.0
30,all,R14,IF (PointsAjust IS Medium) AND (TeamExp IS Medium) AND (Length IS High),High,0.42226489484205615,0.04768496529759094,1937.2074789072258,92.37567140592469,2701.4778368359894,0.1666666666666666,0.4,0.2424242424242424,710.0
30,all,R15,IF (PointsAjust IS Medium) AND (TeamExp IS Low) AND (Length IS Medium),High,0.7327707007814598,0.08274934967285182,1937.2074789072258,160.30265906095772,2701.4778368359894,0.1666666666666666,0.4,0.2424242424242424,710.0
30,all,R16,IF (PointsAjust IS Medium) AND (TeamExp IS Low) AND (Length IS High),High,0.6961971139960507,0.07861921657873563,1937.2074789072258,152.30173434215362,2701.4778368359894,0.1666666666666666,0.4,0.2424242424242424,710.0
30,all,R17,IF (PointsAjust IS High) AND (TeamExp IS High) AND (Length IS Medium),Medium,0.11043162510213608,0.012470674865647067,728.7668866107092,9.088214895772037,2701.4778368359894,0.1666666666666666,0.4,0.2424242424242424,710.0
30,all,R18,IF (PointsAjust IS High) AND (TeamExp IS Medium) AND (Length IS Medium),High,0.4949202072399141,0.05588968724511009,1937.2074789072258,108.26992012501306,2701.4778368359894,0.1666666666666666,0.4,0.2424242424242424,710.0
30,all,R19,IF (PointsAjust IS High) AND (TeamExp IS Low) AND (Length IS Medium),High,0.8159854729757616,0.09214651617379062,1937.2074789072258,178.50692028711282,2701.4778368359894,0.1666666666666666,0.4,0.2424242424242424,710.0
30,all,R20,IF (PointsAjust IS High) AND (TeamExp IS Low) AND (Length IS High),Very_High,0.7752585232223317,0.08754735766122838,10074.616470886589,882.0060514764107,2701.4778368359894,0.1666666666666666,0.4,0.2424242424242424,710.0
31,all,R1,IF (PointsAjust IS Low) AND (TeamExp IS High) AND (Length IS Low),Very_Low,0.1596817592744133,0.040764831752338804,2806.3954200162398,114.4022371274962,3563.5347672979565,0.3223270440251572,1.0,0.2424242424242424,2429.0
31,all,R2,IF (PointsAjust IS Low) AND (TeamExp IS High) AND (Length IS Medium),Low,0.2115439609337544,0.054004627797644957,15837.972760364684,855.3238239927342,3563.5347672979565,0.3223270440251572,1.0,0.2424242424242424,2429.0
31,all,R3,IF (PointsAjust IS Low) AND (TeamExp IS High) AND (Length IS High),Medium,0.200985512832747,0.05130918304328386,-1083.0871809730825,-55.572318420382196,3563.5347672979565,0.3223270440251572,1.0,0.2424242424242424,2429.0
31,all,R4,IF (PointsAjust IS Low) AND (TeamExp IS Medium) AND (Length IS Low),Low,0.035629816519682854,0.009095863437323153,15837.972760364684,144.0600373523212,3563.5347672979565,0.3223270440251572,1.0,0.2424242424242424,2429.0
31,all,R5,IF (PointsAjust IS Low) AND (TeamExp IS Medium) AND (Length IS Medium),Medium,0.0472018378815818,0.012050061249244862,-1083.0871809730825,-13.051266868997597,3563.5347672979565,0.3223270440251572,1.0,0.2424242424242424,2429.0
31,all,R6,IF (PointsAjust IS Low) AND (TeamExp IS Medium) AND (Length IS High),Medium,0.04484592966588513,0.011448626229533026,-1083.0871809730825,-12.399860308959415,3563.5347672979565,0.3223270440251572,1.0,0.2424242424242424,2429.0
31,all,R7,IF (PointsAjust IS Low) AND (TeamExp IS Low) AND (Length IS Medium),Medium,0.0472018378815818,0.012050061249244862,-1083.0871809730825,-13.051266868997597,3563.5347672979565,0.3223270440251572,1.0,0.2424242424242424,2429.0
31,all,R8,IF (PointsAjust IS Low) AND (TeamExp IS Low) AND (Length IS High),High,0.04484592966588513,0.011448626229533026,4822.108773955158,55.20652099116436,3563.5347672979565,0.3223270440251572,1.0,0.2424242424242424,2429.0
31,all,R9,IF (PointsAjust IS Medium) AND (TeamExp IS High) AND (Length IS Low),Low,0.43169951054599404,0.11020769056490666,15837.972760364684,1745.4664011496918,3563.5347672979565,0.3223270440251572,1.0,0.2424242424242424,2429.0
31,all,R10,IF (PointsAjust IS Medium) AND (TeamExp IS High) AND (Length IS Medium),Medium,0.5719089319220441,0.14600146875509534,-1083.0871809730825,-158.1323192118858,3563.5347672979565,0.3223270440251572,1.0,0.2424242424242424,2429.0
31,all,R11,IF (PointsAjust IS Medium) AND (TeamExp IS High) AND (Length IS High),Medium,0.5433641757893344,0.13871433598270547,-1083.0871809730825,-150.2397191200615,3563.5347672979565,0.3223270440251572,1.0,0.2424242424242424,2429.0
31,all,R12,IF (PointsAjust IS Medium) AND (TeamExp IS Medium) AND (Length IS Low),Medium,0.0963251809241264,0.024590659645336216,-1083.0871809730825,-26.63382823353574,3563.5347672979565,0.3223270440251572,1.0,0.2424242424242424,2429.0
31,all,R13,IF (PointsAjust IS Medium) AND (TeamExp IS Medium) AND (Length IS Medium),Medium,0.1276101315700831,0.03257733110523039,-1083.0871809730825,-35.284089710390695,3563.5347672979565,0.3223270440251572,1.0,0.2424242424242424,2429.0
31,all,R14,IF (PointsAjust IS Medium) AND (TeamExp IS Medium) AND (Length IS High),High,0.12124093556279372,0.03095135200270416,4822.108773955158,149.25078605801428,3563.5347672979565,0.3223270440251572,1.0,0.2424242424242424,2429.0
31,all,R15,IF (PointsAjust IS Medium) AND (TeamExp IS Low) AND (Length IS Medium),High,0.1276101315700831,0.03257733110523039,4822.108773955158,157.09143415457373,3563.5347672979565,0.3223270440251572,1.0,0.2424242424242424,2429.0
31,all,R16,IF (PointsAjust IS Medium) AND (TeamExp IS Low) AND (Length IS High),High,0.12124093556279372,0.03095135200270416,4822.108773955158,149.25078605801428,3563.5347672979565,0.3223270440251572,1.0,0.2424242424242424,2429.0
31,all,R17,IF (PointsAjust IS High) AND (TeamExp IS High) AND (Length IS Medium),Medium,0.5935210706908243,0.1515187877320456,-1083.0871809730825,-164.10805666916013,3563.5347672979565,0.3223270440251572,1.0,0.2424242424242424,2429.0
31,all,R18,IF (PointsAjust IS High) AND (TeamExp IS Medium) AND (Length IS Medium),High,0.13243245155471114,0.033808411372147275,4822.108773955158,163.0278371111167,3563.5347672979565,0.3223270440251572,1.0,0.2424242424242424,2429.0
31,all,R19,IF (PointsAjust IS High) AND (TeamExp IS Low) AND (Length IS Medium),High,0.13243245155471114,0.033808411372147275,4822.108773955158,163.0278371111167,3563.5347672979565,0.3223270440251572,1.0,0.2424242424242424,2429.0
31,all,R20,IF (PointsAjust IS High) AND (TeamExp IS Low) AND (Length IS High),Very_High,0.12582256696874808,0.0321209873716006,15438.4977605803,495.899791604084,3563.5347672979565,0.3223270440251572,1.0,0.2424242424242424,2429.0
32,all,R1,IF (PointsAjust IS Low) AND (TeamExp IS High) AND (Length IS Low),Very_Low,0.033229700005095765,0.006518507592429671,2537.1461829805003,16.53840665686235,3510.8439454737554,0.35062893081761,0.4,0.1212121212121212,6405.0
32,all,R2,IF (PointsAjust IS Low) AND (TeamExp IS High) AND (Length IS Medium),Low,0.017843384619882035,0.0035002494184872995,11939.133906649915,41.789946513993364,3510.8439454737554,0.35062893081761,0.4,0.1212121212121212,6405.0
32,all,R3,IF (PointsAjust IS Low) AND (TeamExp IS High) AND (Length IS High),Medium,0.02793538191823234,0.005479947128728082,-1741.415239790273,-9.542863443212031,3510.8439454737554,0.35062893081761,0.4,0.1212121212121212,6405.0
32,all,R4,IF (PointsAjust IS Low) AND (TeamExp IS Medium) AND (Length IS Low),Low,0.14892518332345048,0.02921392423190776,11939.133906649915,348.7889533434715,3510.8439454737554,0.35062893081761,0.4,0.1212121212121212,6405.0
32,all,R5,IF (PointsAjust IS Low) AND (TeamExp IS Medium) AND (Length IS Medium),Medium,0.07996850182876367,0.0156870295622917,-1741.415239790273,-27.317632346815305,3510.8439454737554,0.35062893081761,0.4,0.1212121212121212,6405.0
32,all,R6,IF (PointsAjust IS Low) AND (TeamExp IS Medium) AND (Length IS High),Medium,0.12519769581866153,0.024559419152851113,-1741.415239790273,-42.76814679317204,3510.8439454737554,0.35062893081761,0.4,0.1212121212121212,6405.0
32,all,R7,IF (PointsAjust IS Low) AND (TeamExp IS Low) AND (Length IS Medium),Medium,0.1318457699511047,0.02586353931345204,-1741.415239790273,-45.03916151536024,3510.8439454737554,0.35062893081761,0.4,0.1212121212121212,6405.0
32,all,R8,IF (PointsAjust IS Low) AND (TeamExp IS Low) AND (Length IS High),High,0.20641610413887168,0.04049163675334574,3746.1027413955517,151.68583144530135,3510.8439454737554,0.35062893081761,0.4,0.1212121212121212,6405.0
32,all,R9,IF (PointsAjust IS Medium) AND (TeamExp IS High) AND (Length IS Low),Low,0.11284779601544725,0.022136799760540834,11939.133906649915,264.29421660579277,3510.8439454737554,0.35062893081761,0.4,0.1212121212121212,6405.0
32,all,R10,IF (PointsAjust IS Medium) AND (TeamExp IS High) AND (Length IS Medium),Medium,0.06059599176341748,0.011886819090153393,-1741.415239790273,-20.699887916223066,3510.8439454737554,0.35062893081761,0.4,0.1212121212121212,6405.0
32,all,R11,IF (PointsAjust IS Medium) AND (TeamExp IS High) AND (Length IS High),Medium,0.09486833404571422,0.018609856714424475,-1741.415239790273,-32.40748809281212,3510.8439454737554,0.35062893081761,0.4,0.1212121212121212,6405.0
32,all,R12,IF (PointsAjust IS Medium) AND (TeamExp IS Medium) AND (Length IS Low),Medium,0.5057487340141695,0.09921025353907818,-1741.415239790273,-172.76624745640763,3510.8439454737554,0.35062893081761,0.4,0.1212121212121212,6405.0
32,all,R13,IF (PointsAjust IS Medium) AND (TeamExp IS Medium) AND (Length IS Medium),Medium,0.27157239399240357,0.05327302719742633,-1741.415239790273,-92.77046143135992,3510.8439454737554,0.35062893081761,0.4,0.1212121212121212,6405.0
32,all,R14,IF (PointsAjust IS Medium) AND (TeamExp IS Medium) AND (Length IS High),High,0.4251703758138581,0.08340359143759364,3746.1027413955517,312.4384225266041,3510.8439454737554,0.35062893081761,0.4,0.1212121212121212,6405.0
32,all,R15,IF (PointsAjust IS Medium) AND (TeamExp IS Low) AND (Length IS Medium),High,0.4477471825102313,0.08783237309498321,3746.1027413955517,329.02909363439346,3510.8439454737554,0.35062893081761,0.4,0.1212121212121212,6405.0
32,all,R16,IF (PointsAjust IS Medium) AND (TeamExp IS Low) AND (Length IS High),High,0.700987442275875,0.13750927525594367,3746.1027413955517,515.123873003606,3510.8439454737554,0.35062893081761,0.4,0.1212121212121212,6405.0
32,all,R17,IF (PointsAjust IS High) AND (TeamExp IS High) AND (Length IS Medium),Medium,0.06984121464943324,0.013700409208841094,-1741.415239790273,-23.85810138763888,3510.8439454737554,0.35062893081761,0.4,0.1212121212121212,6405.0
32,all,R18,IF (PointsAjust IS High) AND (TeamExp IS Medium) AND (Length IS Medium),High,0.3130066083534998,0.06140097421042212,3746.1027413955517,230.0143578140199,3510.8439454737554,0.35062893081761,0.4,0.1212121212121212,6405.0
32,all,R19,IF (PointsAjust IS High) AND (TeamExp IS Low) AND (Length IS Medium),High,0.5160606530621193,0.10123309222243292,3746.1027413955517,379.22956429440467,3510.8439454737554,0.35062893081761,0.4,0.1212121212121212,6405.0
32,all,R20,IF (PointsAjust IS High) AND (TeamExp IS Low) AND (Length IS High),Very_High,0.8079381655092077,0.1584892751146669,8764.512734462995,1389.0812700183071,3510.8439454737554,0.35062893081761,0.4,0.1212121212121212,6405.0
33,all,R1,IF (PointsAjust IS Low) AND (TeamExp IS High) AND (Length IS Low),Very_Low,0.412408961929181,0.059213135847978486,2022.716814745599,119.77140553352149,2101.8982496199746,0.1855345911949685,0.6,0.0606060606060606,651.0
33,all,R2,IF (PointsAjust IS Low) AND (TeamExp IS High) AND (Length IS Medium),Low,0.1256974373004705,0.01804747257624732,10867.350816339254,196.1282158343416,2101.8982496199746,0.1855345911949685,0.6,0.0606060606060606,651.0
33,all,R3,IF (PointsAjust IS Low) AND (TeamExp IS High) AND (Length IS High),Medium,0.3967337826424698,0.05696251424120352,-3386.554272540955,-192.90664597822277,2101.8982496199746,0.1855345911949685,0.6,0.0606060606060606,651.0
33,all,R4,IF (PointsAjust IS Low) AND (TeamExp IS Medium) AND (Length IS Low),Low,0.6799474277600002,0.09762595657741842,10867.350816339254,1060.9355189075086,2101.8982496199746,0.1855345911949685,0.6,0.0606060606060606,651.0
33,all,R5,IF (PointsAjust IS Low) AND (TeamExp IS Medium) AND (Length IS Medium),Medium,0.20724003854978146,0.0297552519188362,-3386.554272540955,-100.76777551626719,2101.8982496199746,0.1855345911949685,0.6,0.0606060606060606,651.0
33,all,R6,IF (PointsAjust IS Low) AND (TeamExp IS Medium) AND (Length IS High),Medium,0.6541034262479614,0.09391530886203124,-3386.554272540955,-318.0492904837153,2101.8982496199746,0.1855345911949685,0.6,0.0606060606060606,651.0
33,all,R7,IF (PointsAjust IS Low) AND (TeamExp IS Low) AND (Length IS Medium),Medium,0.1659448502487312,0.023826143144624272,-3386.554272540955,-80.68852686459971,2101.8982496199746,0.1855345911949685,0.6,0.0606060606060606,651.0
33,all,R8,IF (PointsAjust IS Low) AND (TeamExp IS Low) AND (Length IS High),High,0.5237650787727786,0.0752015005123128,2085.0896199057133,156.80186811955758,2101.8982496199746,0.1855345911949685,0.6,0.0606060606060606,651.0
33,all,R9,IF (PointsAjust IS Medium) AND (TeamExp IS High) AND (Length IS Low),Low,0.37030451740088116,0.05316783512998387,10867.350816339254,577.793516502821,2101.8982496199746,0.1855345911949685,0.6,0.0606060606060606,651.0
33,all,R10,IF (PointsAjust IS Medium) AND (TeamExp IS High) AND (Length IS Medium),Medium,0.11286449411851336,0.016204935487799894,-3386.554272540955,-54.87889351245928,2101.8982496199746,0.1855345911949685,0.6,0.0606060606060606,651.0
33,all,R11,IF (PointsAjust IS Medium) AND (TeamExp IS High) AND (Length IS High),Medium,0.3562296784987754,0.05114698828890112,-3386.554272540955,-173.2120517173803,2101.8982496199746,0.1855345911949685,0.6,0.0606060606060606,651.0
33,all,R12,IF (PointsAjust IS Medium) AND (TeamExp IS Medium) AND (Length IS Low),Medium,0.6105289344751786,0.08765894069588194,-3386.554272540955,-296.8617601400532,2101.8982496199746,0.1855345911949685,0.6,0.0606060606060606,651.0
33,all,R13,IF (PointsAjust IS Medium) AND (TeamExp IS Medium) AND (Length IS Medium),Medium,0.18608209216000252,0.026717421829059045,-3386.554272540955,-90.47999904647888,2101.8982496199746,0.1855345911949685,0.6,0.0606060606060606,651.0
33,all,R14,IF (PointsAjust IS Medium) AND (TeamExp IS Medium) AND (Length IS High),High,0.5873234481955992,0.08432712752416165,2085.0896199057133,175.82961827709482,2101.8982496199746,0.1855345911949685,0.6,0.0606060606060606,651.0
33,all,R15,IF (PointsAjust IS Medium) AND (TeamExp IS Low) AND (Length IS Medium),High,0.14900289120552657,0.02139363896803358,2085.0896199057133,44.607654544257194,2101.8982496199746,0.1855345911949685,0.6,0.0606060606060606,651.0
33,all,R16,IF (PointsAjust IS Medium) AND (TeamExp IS Low) AND (Length IS High),High,0.47029185258028866,0.0675238850891317,2085.0896199057133,140.79335189505466,2101.8982496199746,0.1855345911949685,0.6,0.0606060606060606,651.0
33,all,R17,IF (PointsAjust IS High) AND (TeamExp IS High) AND (Length IS Medium),Medium,0.11754897574384261,0.01687752719279202,-3386.554272540955,-57.15666182467596,2101.8982496199746,0.1855345911949685,0.6,0.0606060606060606,651.0
33,all,R18,IF (PointsAjust IS High) AND (TeamExp IS Medium) AND (Length IS Medium),High,0.1938054966578868,0.027826338079576032,2085.0896199057133,58.02040868971107,2101.8982496199746,0.1855345911949685,0.6,0.0606060606060606,651.0
33,all,R19,IF (PointsAjust IS High) AND (TeamExp IS Low) AND (Length IS Medium),High,0.1551873100648384,0.022281589686524793,2085.0896199057133,46.45911137037104,2101.8982496199746,0.1855345911949685,0.6,0.0606060606060606,651.0
33,all,R20,IF (PointsAjust IS High) AND (TeamExp IS Low) AND (Length IS High),Very_High,0.48981148591724477,0.07032648834750217,12651.835829382631,889.7591850295881,2101.8982496199746,0.1855345911949685,0.6,0.0606060606060606,651.0
34,all,R1,IF (PointsAjust IS Low) AND (TeamExp IS High) AND (Length IS Low),Very_Low,1.177524366933142e-05,1.0659342878213217e-05,3063.1525891129577,0.032651193735641584,6039.980018535027,0.5817610062893082,0.4,0.4848484848484848,9135.0
34,all,R2,IF (PointsAjust IS Low) AND (TeamExp IS High) AND (Length IS Medium),Low,3.790202101176311e-05,3.431017217876086e-05,15290.6812187564,0.524625905346077,6039.980018535027,0.5817610062893082,0.4,0.4848484848484848,9135.0
34,all,R3,IF (PointsAjust IS Low) AND (TeamExp IS High) AND (Length IS High),Medium,0.0004908061942480805,0.0004442941189291123,5177.711870288427,2.300426933478603,6039.980018535027,0.5817610062893082,0.4,0.4848484848484848,9135.0
34,all,R4,IF (PointsAjust IS Low) AND (TeamExp IS Medium) AND (Length IS Low),Low,5.2772980853410126e-05,4.777186047427408e-05,15290.6812187564,0.7304642897390339,6039.980018535027,0.5817610062893082,0.4,0.4848484848484848,9135.0
34,all,R5,IF (PointsAjust IS Low) AND (TeamExp IS Medium) AND (Length IS Medium),Medium,0.00016986507331214244,0.00015376752365496972,5177.711870288427,0.7961639324931933,6039.980018535027,0.5817610062893082,0.4,0.4848484848484848,9135.0
34,all,R6,IF (PointsAjust IS Low) AND (TeamExp IS Medium) AND (Length IS High),Medium,0.0021996407564158437,0.001991188096820083,5177.711870288427,10.309798244882366,6039.980018535027,0.5817610062893082,0.4,0.4848484848484848,9135.0
34,all,R7,IF (PointsAjust IS Low) AND (TeamExp IS Low) AND (Length IS Medium),Medium,0.0002800601595187658,0.00025351978699283365,5177.711870288427,1.3126524104657884,6039.980018535027,0.5817610062893082,0.4,0.4848484848484848,9135.0
34,all,R8,IF (PointsAjust IS Low) AND (TeamExp IS Low) AND (Length IS High),High,0.00362659450300172,0.0032829141691921764,7258.3129836480775,23.828418538449814,6039.980018535027,0.5817610062893082,0.4,0.4848484848484848,9135.0
34,all,R9,IF (PointsAjust IS Medium) AND (TeamExp IS High) AND (Length IS Low),Low,0.00025749369949962567,0.00023309187555028746,15290.6812187564,3.564133563721484,6039.980018535027,0.5817610062893082,0.4,0.4848484848484848,9135.0
34,all,R10,IF (PointsAjust IS Medium) AND (TeamExp IS High) AND (Length IS Medium),Medium,0.0008288178047856532,0.0007502734901179233,5177.711870288427,3.8846999557462984,6039.980018535027,0.5817610062893082,0.4,0.4848484848484848,9135.0
34,all,R11,IF (PointsAjust IS Medium) AND (TeamExp IS High) AND (Length IS High),Medium,0.010732644371803966,0.009715547258435578,5177.711870288427,50.30430436635008,6039.980018535027,0.5817610062893082,0.4,0.4848484848484848,9135.0
34,all,R12,IF (PointsAjust IS Medium) AND (TeamExp IS Medium) AND (Length IS Low),Medium,0.0011540066987283867,0.0010446453110383239,5177.711870288427,5.408872427204276,6039.980018535027,0.5817610062893082,0.4,0.4848484848484848,9135.0
34,all,R13,IF (PointsAjust IS Medium) AND (TeamExp IS Medium) AND (Length IS Medium),Medium,0.003714503697009451,0.003362492500425892,5177.711870288427,17.410017333210956,6039.980018535027,0.5817610062893082,0.4,0.4848484848484848,9135.0
34,all,R14,IF (PointsAjust IS Medium) AND (TeamExp IS Medium) AND (Length IS High),High,0.04810037497693919,0.04354206196048369,7258.3129836480775,316.04191366258783,6039.980018535027,0.5817610062893082,0.4,0.4848484848484848,9135.0
34,all,R15,IF (PointsAjust IS Medium) AND (TeamExp IS Low) AND (Length IS Medium),High,0.006124181255353744,0.005543812908021826,7258.3129836480775,40.238729209210625,6039.980018535027,0.5817610062893082,0.4,0.4848484848484848,9135.0
34,all,R16,IF (PointsAjust IS Medium) AND (TeamExp IS Low) AND (Length IS High),High,0.0793041113531318,0.07178872372439236,7258.3129836480775,521.0650254882819,6039.980018535027,0.5817610062893082,0.4,0.4848484848484848,9135.0
34,all,R17,IF (PointsAjust IS High) AND (TeamExp IS High) AND (Length IS Medium),Medium,0.008729302457616191,0.007902055413571194,5177.711870288427,40.914566114524504,6039.980018535027,0.5817610062893082,0.4,0.4848484848484848,9135.0
34,all,R18,IF (PointsAjust IS High) AND (TeamExp IS Medium) AND (Length IS Medium),High,0.0391220194159737,0.03541455538020777,7258.3129836480775,257.0499271262859,6039.980018535027,0.5817610062893082,0.4,0.4848484848484848,9135.0
34,all,R19,IF (PointsAjust IS High) AND (TeamExp IS Low) AND (Length IS Medium),High,0.06450130556385922,0.05838873074773619,7258.3129836480775,423.8036824850253,6039.980018535027,0.5817610062893082,0.4,0.4848484848484848,9135.0
34,all,R20,IF (PointsAjust IS High) AND (TeamExp IS Low) AND (Length IS High),Very_High,0.8352493999727655,0.7560955843588987,5714.17031752361,4320.458945354288,6039.980018535027,0.5817610062893082,0.4,0.4848484848484848,9135.0
35,all,R1,IF (PointsAjust IS Low) AND (TeamExp IS High) AND (Length IS Low),Very_Low,0.015165322415733838,0.002867119652217472,2948.2674249886004,8.453035474177417,5110.681779979135,0.4544025157232704,0.6,0.303030303030303,1435.0
35,all,R2,IF (PointsAjust IS Low) AND (TeamExp IS High) AND (Length IS Medium),Low,0.028134486327772282,0.005319038820546986,14909.45172706202,79.30395252931419,5110.681779979135,0.4544025157232704,0.6,0.303030303030303,1435.0
35,all,R3,IF (PointsAjust IS Low) AND (TeamExp IS High) AND (Length IS High),Medium,0.032702822901202244,0.006182717627272248,1154.1617794671952,7.135856378635732,5110.681779979135,0.4544025157232704,0.6,0.303030303030303,1435.0
35,all,R4,IF (PointsAjust IS Low) AND (TeamExp IS Medium) AND (Length IS Low),Low,0.02500338964384583,0.0047270811562532995,14909.45172706202,70.47818830906309,5110.681779979135,0.4544025157232704,0.6,0.303030303030303,1435.0
35,all,R5,IF (PointsAjust IS Low) AND (TeamExp IS Medium) AND (Length IS Medium),Medium,0.0463859260488201,0.008769612443115539,1154.1617794671952,10.121551502583888,5110.681779979135,0.4544025157232704,0.6,0.303030303030303,1435.0
35,all,R6,IF (PointsAjust IS Low) AND (TeamExp IS Medium) AND (Length IS High),Medium,0.05391783972915143,0.010193578062816384,1154.1617794671952,11.765038196117922,5110.681779979135,0.4544025157232704,0.6,0.303030303030303,1435.0
35,all,R7,IF (PointsAjust IS Low) AND (TeamExp IS Low) AND (Length IS Medium),Medium,0.03714294595622333,0.007022156692287262,1154.1617794671952,8.10470486366774,5110.681779979135,0.4544025157232704,0.6,0.303030303030303,1435.0
35,all,R8,IF (PointsAjust IS Low) AND (TeamExp IS Low) AND (Length IS High),High,0.043174030955605416,0.00816237922444934,5736.883215482452,46.826616371146095,5110.681779979135,0.4544025157232704,0.6,0.303030303030303,1435.0
35,all,R9,IF (PointsAjust IS Medium) AND (TeamExp IS High) AND (Length IS Low),Low,0.11884105305075332,0.022467805784236357,14909.45172706202,334.9826657530768,5110.681779979135,0.4544025157232704,0.6,0.303030303030303,1435.0
35,all,R10,IF (PointsAjust IS Medium) AND (TeamExp IS High) AND (Length IS Medium),Medium,0.22047219904573911,0.0416819476251836,1154.1617794671952,48.10771084274034,5110.681779979135,0.4544025157232704,0.6,0.303030303030303,1435.0
35,all,R11,IF (PointsAjust IS Medium) AND (TeamExp IS High) AND (Length IS High),Medium,0.25627136731884015,0.04845005291665831,1154.1617794671952,55.91919928957013,5110.681779979135,0.4544025157232704,0.6,0.303030303030303,1435.0
35,all,R12,IF (PointsAjust IS Medium) AND (TeamExp IS Medium) AND (Length IS Low),Medium,0.1959357719971794,0.03704314930242986,1154.1617794671952,42.753787115961444,5110.681779979135,0.4544025157232704,0.6,0.303030303030303,1435.0
35,all,R13,IF (PointsAjust IS Medium) AND (TeamExp IS Medium) AND (Length IS Medium),Medium,0.3634972041647426,0.06872191365384892,1154.1617794671952,79.3162061511172,5110.681779979135,0.4544025157232704,0.6,0.303030303030303,1435.0
35,all,R14,IF (PointsAjust IS Medium) AND (TeamExp IS Medium) AND (Length IS High),High,0.4225200543699775,0.07988063281024137,5736.883215482452,458.2658616111906,5110.681779979135,0.4544025157232704,0.6,0.303030303030303,1435.0
35,all,R15,IF (PointsAjust IS Medium) AND (TeamExp IS Low) AND (Length IS Medium),High,0.2910658072303968,0.05502820666265612,5736.883215482452,315.69039518109156,5110.681779979135,0.4544025157232704,0.6,0.303030303030303,1435.0
35,all,R16,IF (PointsAjust IS Medium) AND (TeamExp IS Low) AND (Length IS High),High,0.3383276110164844,0.06396341045982384,5736.883215482452,366.95061587197813,5110.681779979135,0.4544025157232704,0.6,0.303030303030303,1435.0
35,all,R17,IF (PointsAjust IS High) AND (TeamExp IS High) AND (Length IS Medium),Medium,0.5089213729773154,0.09621545984297178,1154.1617794671952,111.04820634461876,5110.681779979135,0.4544025157232704,0.6,0.303030303030303,1435.0
35,all,R18,IF (PointsAjust IS High) AND (TeamExp IS Medium) AND (Length IS Medium),High,0.8390694927416136,0.15863247521330162,5736.883215482452,910.0559844816262,5110.681779979135,0.4544025157232704,0.6,0.303030303030303,1435.0
35,all,R19,IF (PointsAjust IS High) AND (TeamExp IS Low) AND (Length IS Medium),High,0.6718743264846433,0.1270229562205641,5736.883215482452,728.7158655227165,5110.681779979135,0.4544025157232704,0.6,0.303030303030303,1435.0
35,all,R20,IF (PointsAjust IS High) AND (TeamExp IS Low) AND (Length IS High),Very_High,0.7809699048673411,0.14764830582912555,9595.005714649262,1416.6863381887415,5110.681779979135,0.4544025157232704,0.6,0.303030303030303,1435.0
36,all,R1,IF (PointsAjust IS Low) AND (TeamExp IS High) AND (Length IS Low),Very_Low,1.2549668255875852e-05,1.1362095901715767e-05,2555.506944891471,0.029035914985357562,3951.991011435373,0.4685534591194968,0.0,0.2121212121212121,5922.0
36,all,R2,IF (PointsAjust IS Low) AND (TeamExp IS High) AND (Length IS Medium),Low,1.3651889062368197e-05,1.236001379507274e-05,10763.683951666395,0.13303928212839972,3951.991011435373,0.4685534591194968,0.0,0.2121212121212121,5922.0
36,all,R3,IF (PointsAjust IS Low) AND (TeamExp IS High) AND (Length IS High),Medium,1.3127302628258178e-05,1.1885068860149347e-05,1093.3968422105595,0.01299509676114235,3951.991011435373,0.4685534591194968,0.0,0.2121212121212121,5922.0
36,all,R4,IF (PointsAjust IS Low) AND (TeamExp IS Medium) AND (Length IS Low),Low,0.00041558793622498315,0.0003762609409833237,10763.683951666395,4.049953852101098,3951.991011435373,0.4685534591194968,0.0,0.2121212121212121,5922.0
36,all,R5,IF (PointsAjust IS Low) AND (TeamExp IS Medium) AND (Length IS Medium),Medium,0.0004520884763902515,0.000409307443039506,1093.3968422105595,0.4475354657126743,3951.991011435373,0.4685534591194968,0.0,0.2121212121212121,5922.0
36,all,R6,IF (PointsAjust IS Low) AND (TeamExp IS Medium) AND (Length IS High),Medium,0.00043471655953329944,0.0003935794268640261,1093.3968422105595,0.430338502492168,3951.991011435373,0.4685534591194968,0.0,0.2121212121212121,5922.0
36,all,R7,IF (PointsAjust IS Low) AND (TeamExp IS Low) AND (Length IS Medium),Medium,0.01673050562225737,0.015147301545224494,1093.3968422105595,16.56201167755959,3951.991011435373,0.4685534591194968,0.0,0.2121212121212121,5922.0
36,all,R8,IF (PointsAjust IS Low) AND (TeamExp IS Low) AND (Length IS High),High,0.016087620506128608,0.014565252506611809,4572.132573328435,66.59426542423348,3951.991011435373,0.4685534591194968,0.0,0.2121212121212121,5922.0
36,all,R9,IF (PointsAjust IS Medium) AND (TeamExp IS High) AND (Length IS Low),Low,0.00011022174843136604,9.979148855553295e-05,10763.683951666395,1.0741240438780908,3951.991011435373,0.4685534591194968,0.0,0.2121212121212121,5922.0
36,all,R10,IF (PointsAjust IS Medium) AND (TeamExp IS High) AND (Length IS Medium),Medium,0.00011990237918366776,0.00010855604334328615,1093.3968422105595,0.11869483499442171,3951.991011435373,0.4685534591194968,0.0,0.2121212121212121,5922.0
36,all,R11,IF (PointsAjust IS Medium) AND (TeamExp IS High) AND (Length IS High),Medium,0.0001152950196270588,0.00010438467721084936,1093.3968422105595,0.11413387643751124,3951.991011435373,0.4685534591194968,0.0,0.2121212121212121,5922.0
36,all,R12,IF (PointsAjust IS Medium) AND (TeamExp IS Medium) AND (Length IS Low),Medium,0.003650043014981975,0.003304640245147148,1093.3968422105595,3.6132832086858206,3951.991011435373,0.4685534591194968,0.0,0.2121212121212121,5922.0
36,all,R13,IF (PointsAjust IS Medium) AND (TeamExp IS Medium) AND (Length IS Medium),Medium,0.003970621477589662,0.003594882438160316,1093.3968422105595,3.9306331060026864,3951.991011435373,0.4685534591194968,0.0,0.2121212121212121,5922.0
36,all,R14,IF (PointsAjust IS Medium) AND (TeamExp IS Medium) AND (Length IS High),High,0.003818046683536356,0.003456745763399489,4572.132573328435,15.80469990255387,3951.991011435373,0.4685534591194968,0.0,0.2121212121212121,5922.0
36,all,R15,IF (PointsAjust IS Medium) AND (TeamExp IS Low) AND (Length IS Medium),High,0.1469413807781414,0.1330363501481463,4572.132573328435,608.2598299490668,3951.991011435373,0.4685534591194968,0.0,0.2121212121212121,5922.0
36,all,R16,IF (PointsAjust IS Medium) AND (TeamExp IS Low) AND (Length IS High),High,0.14129502263580268,0.1279243056382328,4572.132573328435,584.8868847289865,3951.991011435373,0.4685534591194968,0.0,0.2121212121212121,5922.0
36,all,R17,IF (PointsAjust IS High) AND (TeamExp IS High) AND (Length IS Medium),Medium,0.00031596684625820874,0.000286066972907237,1093.3968422105595,0.31278472483750663,3951.991011435373,0.4685534591194968,0.0,0.2121212121212121,5922.0
36,all,R18,IF (PointsAjust IS High) AND (TeamExp IS Medium) AND (Length IS Medium),High,0.010463384917803242,0.009473237098278152,4572.132573328435,43.31289591190088,3951.991011435373,0.4685534591194968,0.0,0.2121212121212121,5922.0
36,all,R19,IF (PointsAjust IS High) AND (TeamExp IS Low) AND (Length IS Medium),High,0.38722004505161717,0.3505774971289167,4572.132573328435,1602.886794099076,3951.991011435373,0.4685534591194968,0.0,0.2121212121212121,5922.0
36,all,R20,IF (PointsAjust IS High) AND (TeamExp IS Low) AND (Length IS High),Very_High,0.372340757524334,0.337106233316422,2964.6947432588267,999.4170778329798,3951.991011435373,0.4685534591194968,0.0,0.2121212121212121,5922.0
37,all,R1,IF (PointsAjust IS Low) AND (TeamExp IS High) AND (Length IS Low),Very_Low,0.10758330557738856,0.018975670714505746,1762.9001287592143,33.45221234589463,2314.7836760698046,0.1855345911949685,0.4,0.0909090909090909,847.0
37,all,R2,IF (PointsAjust IS Low) AND (TeamExp IS High) AND (Length IS Medium),Low,0.04394141721273191,0.007750439153012642,9363.022991312928,72.56753998242927,2314.7836760698046,0.1855345911949685,0.4,0.0909090909090909,847.0
37,all,R3,IF (PointsAjust IS Low) AND (TeamExp IS High) AND (Length IS High),Medium,0.09407247379883381,0.016592614221372492,-2226.4847937199766,-36.94320325194768,2314.7836760698046,0.1855345911949685,0.4,0.0909090909090909,847.0
37,all,R4,IF (PointsAjust IS Low) AND (TeamExp IS Medium) AND (Length IS Low),Low,0.4821549247570226,0.08504305604353452,9363.022991312928,796.2600889871275,2314.7836760698046,0.1855345911949685,0.4,0.0909090909090909,847.0
37,all,R5,IF (PointsAjust IS Low) AND (TeamExp IS Medium) AND (Length IS Medium),Medium,0.19693176925746558,0.034735058442376975,-2226.4847937199766,-77.33707943092703,2314.7836760698046,0.1855345911949685,0.4,0.0909090909090909,847.0
37,all,R6,IF (PointsAjust IS Low) AND (TeamExp IS Medium) AND (Length IS High),Medium,0.42160357764389755,0.07436293780426105,-2226.4847937199766,-165.56795023753162,2314.7836760698046,0.1855345911949685,0.4,0.0909090909090909,847.0
37,all,R7,IF (PointsAjust IS Low) AND (TeamExp IS Low) AND (Length IS Medium),Medium,0.324685596851393,0.057268429692958964,-2226.4847937199766,-127.50728787159471,2314.7836760698046,0.1855345911949685,0.4,0.0909090909090909,847.0
37,all,R8,IF (PointsAjust IS Low) AND (TeamExp IS Low) AND (Length IS High),High,0.6951067862647666,0.12260375730963582,1788.5940429823422,219.28834997126742,2314.7836760698046,0.1855345911949685,0.4,0.0909090909090909,847.0
37,all,R9,IF (PointsAjust IS Medium) AND (TeamExp IS High) AND (Length IS Low),Low,0.09659970497699197,0.017038370246424774,9363.022991312928,159.53065235177726,2314.7836760698046,0.1855345911949685,0.4,0.0909090909090909,847.0
37,all,R10,IF (PointsAjust IS Medium) AND (TeamExp IS High) AND (Length IS Medium),Medium,0.039455266002841244,0.006959166495256915,-2226.4847937199766,-15.494478378655064,2314.7836760698046,0.1855345911949685,0.4,0.0909090909090909,847.0
37,all,R11,IF (PointsAjust IS Medium) AND (TeamExp IS High) AND (Length IS High),Medium,0.08446824687763732,0.014898609314701173,-2226.4847937199766,-33.17152708675696,2314.7836760698046,0.1855345911949685,0.4,0.0909090909090909,847.0
37,all,R12,IF (PointsAjust IS Medium) AND (TeamExp IS Medium) AND (Length IS Low),Medium,0.4329298419932666,0.07636067770977521,-2226.4847937199766,-170.01588775896647,2314.7836760698046,0.1855345911949685,0.4,0.0909090909090909,847.0
37,all,R13,IF (PointsAjust IS Medium) AND (TeamExp IS Medium) AND (Length IS Medium),Medium,0.17682623441221468,0.031188820420455777,-2226.4847937199766,-69.44143440020787,2314.7836760698046,0.1855345911949685,0.4,0.0909090909090909,847.0
37,all,R14,IF (PointsAjust IS Medium) AND (TeamExp IS Medium) AND (Length IS High),High,0.37856041882212466,0.06677093452893315,1788.5940429823422,119.42609574281381,2314.7836760698046,0.1855345911949685,0.4,0.0909090909090909,847.0
37,all,R15,IF (PointsAjust IS Medium) AND (TeamExp IS Low) AND (Length IS Medium),High,0.2915371738932252,0.051421671635251937,1788.5940429823422,91.9724955670057,2314.7836760698046,0.1855345911949685,0.4,0.0909090909090909,847.0
37,all,R16,IF (PointsAjust IS Medium) AND (TeamExp IS Low) AND (Length IS High),High,0.6241406147571859,0.1100866600223777,1788.5940429823422,196.9003443278471,2314.7836760698046,0.1855345911949685,0.4,0.0909090909090909,847.0
37,all,R17,IF (PointsAjust IS High) AND (TeamExp IS High) AND (Length IS Medium),Medium,0.04109287108011833,0.007248009216160853,-2226.4847937199766,-16.137582304524386,2314.7836760698046,0.1855345911949685,0.4,0.0909090909090909,847.0
37,all,R18,IF (PointsAjust IS High) AND (TeamExp IS Medium) AND (Length IS Medium),High,0.18416547118857754,0.032483323685777665,1788.5940429823422,58.09947924064915,2314.7836760698046,0.1855345911949685,0.4,0.0909090909090909,847.0
37,all,R19,IF (PointsAjust IS High) AND (TeamExp IS Low) AND (Length IS Medium),High,0.3036375296771193,0.05355594670377892,1788.5940429823422,95.78984724065877,2314.7836760698046,0.1855345911949685,0.4,0.0909090909090909,847.0
37,all,R20,IF (PointsAjust IS High) AND (TeamExp IS Low) AND (Length IS High),Very_High,0.6500457965797494,0.11465584663944778,10318.819630314356,1183.113001033446,2314.7836760698046,0.1855345911949685,0.4,0.0909090909090909,847.0
38,all,R1,IF (PointsAjust IS Low) AND (TeamExp IS High) AND (Length IS Low),Very_Low,3.036849902967461e-06,6.619585925012489e-06,4246.781119149492,0.028111932522930764,7954.808844364961,0.7248427672955975,0.8,0.4545454545454545,8050.0
38,all,R2,IF (PointsAjust IS Low) AND (TeamExp IS High) AND (Length IS Medium),Low,9.35415623875546e-06,2.0389760099084115e-05,20528.75868135437,0.41857646464480597,7954.808844364961,0.7248427672955975,0.8,0.4545454545454545,8050.0
38,all,R3,IF (PointsAjust IS Low) AND (TeamExp IS High) AND (Length IS High),Medium,6.715616727719189e-05,0.0001463839287056944,3356.457466109787,0.4913314304227107,7954.808844364961,0.7248427672955975,0.8,0.4545454545454545,8050.0
38,all,R4,IF (PointsAjust IS Low) AND (TeamExp IS Medium) AND (Length IS Low),Low,1.8419425750951005e-06,4.0149818181222866e-06,20528.75868135437,0.08242259285425785,7954.808844364961,0.7248427672955975,0.8,0.4545454545454545,8050.0
38,all,R5,IF (PointsAjust IS Low) AND (TeamExp IS Medium) AND (Length IS Medium),Medium,5.6735825545473936e-06,1.2367014644279816e-05,3356.457466109787,0.041509358636282065,7954.808844364961,0.7248427672955975,0.8,0.4545454545454545,8050.0
38,all,R6,IF (PointsAjust IS Low) AND (TeamExp IS Medium) AND (Length IS High),Medium,4.073227444240715e-05,8.878634084919189e-05,3356.457466109787,0.2980075766318385,7954.808844364961,0.7248427672955975,0.8,0.4545454545454545,8050.0
38,all,R7,IF (PointsAjust IS Low) AND (TeamExp IS Low) AND (Length IS Medium),Medium,3.845608597076854e-06,8.382480977226526e-06,3356.457466109787,0.028135440860535238,7954.808844364961,0.7248427672955975,0.8,0.4545454545454545,8050.0
38,all,R8,IF (PointsAjust IS Low) AND (TeamExp IS Low) AND (Length IS High),High,2.760872575101018e-05,6.018023222363883e-05,9557.518570012355,0.575173687025084,7954.808844364961,0.7248427672955975,0.8,0.4545454545454545,8050.0
38,all,R9,IF (PointsAjust IS Medium) AND (TeamExp IS High) AND (Length IS Low),Low,0.0002103411983178944,0.0004584920823629897,20528.75868135437,9.412273316141468,7954.808844364961,0.7248427672955975,0.8,0.4545454545454545,8050.0
38,all,R10,IF (PointsAjust IS Medium) AND (TeamExp IS High) AND (Length IS Medium),Medium,0.0006478965030803873,0.0014122550371899944,3356.457466109787,4.740173963627512,7954.808844364961,0.7248427672955975,0.8,0.4545454545454545,8050.0
38,all,R11,IF (PointsAjust IS Medium) AND (TeamExp IS High) AND (Length IS High),Medium,0.0046514345953412315,0.010138983473746905,3356.457466109787,34.03106677922155,7954.808844364961,0.7248427672955975,0.8,0.4545454545454545,8050.0
38,all,R12,IF (PointsAjust IS Medium) AND (TeamExp IS Medium) AND (Length IS Low),Medium,0.00012757838578049833,0.00027808950518864317,3356.457466109787,0.9333955959371978,7954.808844364961,0.7248427672955975,0.8,0.4545454545454545,8050.0
38,all,R13,IF (PointsAjust IS Medium) AND (TeamExp IS Medium) AND (Length IS Medium),Medium,0.00039296909343885546,0.0008565759793893368,3356.457466109787,2.875060841311643,7954.808844364961,0.7248427672955975,0.8,0.4545454545454545,8050.0
38,all,R14,IF (PointsAjust IS Medium) AND (TeamExp IS Medium) AND (Length IS High),High,0.0028212376937224825,0.006149604335147197,9557.518570012355,58.77495763139781,7954.808844364961,0.7248427672955975,0.8,0.4545454545454545,8050.0
38,all,R15,IF (PointsAjust IS Medium) AND (TeamExp IS Low) AND (Length IS Medium),High,0.000266358215392975,0.0005805954031194917,9557.518570012355,5.549051346978351,7954.808844364961,0.7248427672955975,0.8,0.4545454545454545,8050.0
38,all,R16,IF (PointsAjust IS Medium) AND (TeamExp IS Low) AND (Length IS High),High,0.0019122619306351058,0.004168260719306609,9557.518570012355,39.83822922942597,7954.808844364961,0.7248427672955975,0.8,0.4545454545454545,8050.0
38,all,R17,IF (PointsAjust IS High) AND (TeamExp IS High) AND (Length IS Medium),Medium,0.09007160154764733,0.1963339397398357,3356.457466109787,658.9865178905206,7954.808844364961,0.7248427672955975,0.8,0.4545454545454545,8050.0
38,all,R18,IF (PointsAjust IS High) AND (TeamExp IS Medium) AND (Length IS Medium),High,0.05463118790806799,0.11908255399438296,9557.518570012355,1138.133721165814,7954.808844364961,0.7248427672955975,0.8,0.4545454545454545,8050.0
38,all,R19,IF (PointsAjust IS High) AND (TeamExp IS Low) AND (Length IS Medium),High,0.03702954242190402,0.08071529567074395,9557.518570012355,771.4379372571732,7954.808844364961,0.7248427672955975,0.8,0.4545454545454545,8050.0
38,all,R20,IF (PointsAjust IS High) AND (TeamExp IS Low) AND (Length IS High),Very_High,0.2658456927178838,0.5794782297343439,9022.139094441216,5228.133190863813,7954.808844364961,0.7248427672955975,0.8,0.4545454545454545,8050.0
39,all,R1,IF (PointsAjust IS Low) AND (TeamExp IS High) AND (Length IS Low),Very_Low,0.00010762845320484622,4.628596485123522e-05,3736.239973154021,0.17293547207318702,6363.583930382773,0.6320754716981132,0.4,0.2424242424242424,4620.0
39,all,R2,IF (PointsAjust IS Low) AND (TeamExp IS High) AND (Length IS Medium),Low,0.00014258453441134318,6.13189407779764e-05,16275.572298512774,0.9980008539001779,6363.583930382773,0.6320754716981132,0.4,0.2424242424242424,4620.0
39,all,R3,IF (PointsAjust IS Low) AND (TeamExp IS High) AND (Length IS High),Medium,0.00013546794550025668,5.8258428669971776e-05,436.6783250428848,0.025440193051233656,6363.583930382773,0.6320754716981132,0.4,0.2424242424242424,4620.0
39,all,R4,IF (PointsAjust IS Low) AND (TeamExp IS Medium) AND (Length IS Low),Low,0.0004823572623855512,0.00020743930278383272,16275.572298512774,3.3761933700113516,6363.583930382773,0.6320754716981132,0.4,0.2424242424242424,4620.0
39,all,R5,IF (PointsAjust IS Low) AND (TeamExp IS Medium) AND (Length IS Medium),Medium,0.0006390195494705586,0.00027481242668936395,436.6783250428848,0.12000463018768202,6363.583930382773,0.6320754716981132,0.4,0.2424242424242424,4620.0
39,all,R6,IF (PointsAjust IS Low) AND (TeamExp IS Medium) AND (Length IS High),Medium,0.0006071252107296532,0.00026109616302528234,436.6783250428848,0.11401503514500429,6363.583930382773,0.6320754716981132,0.4,0.2424242424242424,4620.0
39,all,R7,IF (PointsAjust IS Low) AND (TeamExp IS Low) AND (Length IS Medium),Medium,0.0010535651236053224,0.0004530890933354738,436.6783250428848,0.197854186372934,6363.583930382773,0.6320754716981132,0.4,0.2424242424242424,4620.0
39,all,R8,IF (PointsAjust IS Low) AND (TeamExp IS Low) AND (Length IS High),High,0.0010009802489082764,0.0004304747976779711,7250.286243558593,3.1210655038032624,6363.583930382773,0.6320754716981132,0.4,0.2424242424242424,4620.0
39,all,R9,IF (PointsAjust IS Medium) AND (TeamExp IS High) AND (Length IS Low),Low,0.003530170236107762,0.0015181611423549033,16275.572298512774,24.708941433189974,6363.583930382773,0.6320754716981132,0.4,0.2424242424242424,4620.0
39,all,R10,IF (PointsAjust IS Medium) AND (TeamExp IS High) AND (Length IS Medium),Medium,0.004676715724513844,0.0020112367426861795,436.6783250428848,0.8782634920609084,6363.583930382773,0.6320754716981132,0.4,0.2424242424242424,4620.0
39,all,R11,IF (PointsAjust IS Medium) AND (TeamExp IS High) AND (Length IS High),Medium,0.00444329445338662,0.001910853169112358,436.6783250428848,0.8344281612908727,6363.583930382773,0.6320754716981132,0.4,0.2424242424242424,4620.0
39,all,R12,IF (PointsAjust IS Medium) AND (TeamExp IS Medium) AND (Length IS Low),Medium,0.015821125363596904,0.006803926198703922,436.6783250428848,2.9711270961654312,6363.583930382773,0.6320754716981132,0.4,0.2424242424242424,4620.0
39,all,R13,IF (PointsAjust IS Medium) AND (TeamExp IS Medium) AND (Length IS Medium),Medium,0.020959585747631862,0.009013737727558984,436.6783250428848,3.936103893246316,6363.583930382773,0.6320754716981132,0.4,0.2424242424242424,4620.0
39,all,R14,IF (PointsAjust IS Medium) AND (TeamExp IS Medium) AND (Length IS High),High,0.019913464188036564,0.008563849763031709,7250.286243558593,62.090362128811314,6363.583930382773,0.6320754716981132,0.4,0.2424242424242424,4620.0
39,all,R15,IF (PointsAjust IS Medium) AND (TeamExp IS Low) AND (Length IS Medium),High,0.03455651484718389,0.014861141119938729,7250.286243558593,107.74752702547471,6363.583930382773,0.6320754716981132,0.4,0.2424242424242424,4620.0
39,all,R16,IF (PointsAjust IS Medium) AND (TeamExp IS Low) AND (Length IS High),High,0.032831751980141134,0.014119401263390627,7250.286243558593,102.36970074724488,6363.583930382773,0.6320754716981132,0.4,0.2424242424242424,4620.0
39,all,R17,IF (PointsAjust IS High) AND (TeamExp IS High) AND (Length IS Medium),Medium,0.10981809750471504,0.04722762847347031,436.6783250428848,20.62328169754267,6363.583930382773,0.6320754716981132,0.4,0.2424242424242424,4620.0
39,all,R18,IF (PointsAjust IS High) AND (TeamExp IS Medium) AND (Length IS Medium),High,0.49217056731220143,0.21165954634753872,7250.286243558593,1534.5922972014125,6363.583930382773,0.6320754716981132,0.4,0.2424242424242424,4620.0
39,all,R19,IF (PointsAjust IS High) AND (TeamExp IS Low) AND (Length IS Medium),High,0.8114520831401754,0.34896759620992657,7250.286243558593,2530.1149622485405,6363.583930382773,0.6320754716981132,0.4,0.2424242424242424,4620.0
39,all,R20,IF (PointsAjust IS High) AND (TeamExp IS Low) AND (Length IS High),Very_High,0.7709514010669448,0.3315501467244759,5925.472950086971,1964.5914260132483,6363.583930382773,0.6320754716981132,0.4,0.2424242424242424,4620.0
40,all,R1,IF (PointsAjust IS Low) AND (TeamExp IS High) AND (Length IS Low),Very_Low,2.0497674540699948e-20,4.1745984366991463e-19,4470.294296809974,1.8661683583048026e-15,2834.005710580319,1.0,0.6,1.0,2352.0
40,all,R2,IF (PointsAjust IS Low) AND (TeamExp IS High) AND (Length IS Medium),Low,7.464118659832277e-21,1.520157714808205e-19,22949.069596015357,3.4886205194053162e-15,2834.005710580319,1.0,0.6,1.0,2352.0
40,all,R3,IF (PointsAjust IS Low) AND (TeamExp IS High) AND (Length IS High),Medium,2.1829461726176138e-10,4.445832946324403e-09,14351.43430810126,6.380407947396695e-05,2834.005710580319,1.0,0.6,1.0,2352.0
40,all,R4,IF (PointsAjust IS Low) AND (TeamExp IS Medium) AND (Length IS Low),Low,3.379495201514049e-20,6.882749239217387e-19,22949.069596015357,1.5795269130272158e-14,2834.005710580319,1.0,0.6,1.0,2352.0
40,all,R5,IF (PointsAjust IS Low) AND (TeamExp IS Medium) AND (Length IS Medium),Medium,1.2306251201495211e-20,2.506316359223187e-19,14351.43430810126,3.596923458471108e-15,2834.005710580319,1.0,0.6,1.0,2352.0
40,all,R6,IF (PointsAjust IS Low) AND (TeamExp IS Medium) AND (Length IS High),Medium,3.599069787588094e-10,7.329939344584465e-09,14351.43430810126,0.00010519514298617075,2834.005710580319,1.0,0.6,1.0,2352.0
40,all,R7,IF (PointsAjust IS Low) AND (TeamExp IS Low) AND (Length IS Medium),Medium,9.854075626727126e-21,2.0069012523722847e-19,14351.43430810126,2.880191148626699e-15,2834.005710580319,1.0,0.6,1.0,2352.0
40,all,R8,IF (PointsAjust IS Low) AND (TeamExp IS Low) AND (Length IS High),High,2.881909794629639e-10,5.8693565943202965e-09,13639.830288111174,8.005702784693503e-05,2834.005710580319,1.0,0.6,1.0,2352.0
40,all,R9,IF (PointsAjust IS Medium) AND (TeamExp IS High) AND (Length IS Low),Low,1.3034624304488697e-17,2.654658319236885e-16,22949.069596015357,6.092193852180843e-12,2834.005710580319,1.0,0.6,1.0,2352.0
40,all,R10,IF (PointsAjust IS Medium) AND (TeamExp IS High) AND (Length IS Medium),Medium,4.74648879324606e-18,9.666796424516943e-17,14351.43430810126,1.3873239385624303e-12,2834.005710580319,1.0,0.6,1.0,2352.0
40,all,R11,IF (PointsAjust IS Medium) AND (TeamExp IS High) AND (Length IS High),Medium,1.388151772070262e-07,2.827138369320494e-06,14351.43430810126,0.040573490587215585,2834.005710580319,1.0,0.6,1.0,2352.0
40,all,R12,IF (PointsAjust IS Medium) AND (TeamExp IS Medium) AND (Length IS Low),Medium,2.1490462346395382e-17,4.3767916373669043e-16,14351.43430810126,6.2813237663918075e-12,2834.005710580319,1.0,0.6,1.0,2352.0
40,all,R13,IF (PointsAjust IS Medium) AND (TeamExp IS Medium) AND (Length IS Medium),Medium,7.825637034564564e-18,1.5937852884629034e-16,14351.43430810126,2.2873104868593573e-12,2834.005710580319,1.0,0.6,1.0,2352.0
40,all,R14,IF (PointsAjust IS Medium) AND (TeamExp IS Medium) AND (Length IS High),High,2.2886753535723174e-07,4.661163164711174e-06,13639.830288111174,0.06357747451185561,2834.005710580319,1.0,0.6,1.0,2352.0
40,all,R15,IF (PointsAjust IS Medium) AND (TeamExp IS Low) AND (Length IS Medium),High,6.266280275226821e-18,1.276203492690801e-16,13639.830288111174,1.7407199053397253e-12,2834.005710580319,1.0,0.6,1.0,2352.0
40,all,R16,IF (PointsAjust IS Medium) AND (TeamExp IS Low) AND (Length IS High),High,1.8326279587392051e-07,3.7323676870823158e-06,13639.830288111174,0.05090886182463282,2834.005710580319,1.0,0.6,1.0,2352.0
40,all,R17,IF (PointsAjust IS High) AND (TeamExp IS High) AND (Length IS Medium),Medium,1.2716955691831736e-12,2.5899612780601912e-11,14351.43430810126,3.7169659142606816e-07,2834.005710580319,1.0,0.6,1.0,2352.0
40,all,R18,IF (PointsAjust IS High) AND (TeamExp IS Medium) AND (Length IS Medium),High,2.096671534767405e-12,4.270124249427527e-11,13639.830288111174,5.824377007133958e-07,2834.005710580319,1.0,0.6,1.0,2352.0
40,all,R19,IF (PointsAjust IS High) AND (TeamExp IS Low) AND (Length IS Medium),High,1.6788833195192502e-12,3.4192482016186824e-11,13639.830288111174,4.663796518300817e-07,2834.005710580319,1.0,0.6,1.0,2352.0
40,all,R20,IF (PointsAjust IS High) AND (TeamExp IS Low) AND (Length IS High),Very_High,0.049100397295914026,0.9999887615828557,2833.882248627462,2833.850400276614,2834.005710580319,1.0,0.6,1.0,2352.0
41,all,R1,IF (PointsAjust IS Low) AND (TeamExp IS High) AND (Length IS Low),Very_Low,0.07611622142110813,0.011649941994239672,864.3313901658394,10.069410559232567,2554.2085644867357,0.0691823899371069,0.4,0.2727272727272727,2174.0
41,all,R2,IF (PointsAjust IS Low) AND (TeamExp IS High) AND (Length IS Medium),Low,0.12047533882124711,0.01843931139512241,7386.179314382556,136.1960603981117,2554.2085644867357,0.0691823899371069,0.4,0.2727272727272727,2174.0
41,all,R3,IF (PointsAjust IS Low) AND (TeamExp IS High) AND (Length IS High),Medium,0.12193174261881358,0.01866222077560743,1378.6296492628003,25.728290882340616,2554.2085644867357,0.0691823899371069,0.4,0.2727272727272727,2174.0
41,all,R4,IF (PointsAjust IS Low) AND (TeamExp IS Medium) AND (Length IS Low),Low,0.3411292376184125,0.05221141770565639,7386.179314382556,385.64289343210635,2554.2085644867357,0.0691823899371069,0.4,0.2727272727272727,2174.0
41,all,R5,IF (PointsAjust IS Low) AND (TeamExp IS Medium) AND (Length IS Medium),Medium,0.5399330092404586,0.08263926034408028,1378.6296492628003,113.92893450349665,2554.2085644867357,0.0691823899371069,0.4,0.2727272727272727,2174.0
41,all,R6,IF (PointsAjust IS Low) AND (TeamExp IS Medium) AND (Length IS High),Medium,0.5464601582220111,0.08363827087827583,1378.6296492628003,115.30620004586449,2554.2085644867357,0.0691823899371069,0.4,0.2727272727272727,2174.0
41,all,R7,IF (PointsAjust IS Low) AND (TeamExp IS Low) AND (Length IS Medium),Medium,0.8901990370878726,0.1362491063242107,1378.6296492628003,187.83705766411657,2554.2085644867357,0.0691823899371069,0.4,0.2727272727272727,2174.0
41,all,R8,IF (PointsAjust IS Low) AND (TeamExp IS Low) AND (Length IS High),High,0.9009604864507867,0.13789619624159236,897.1345769934815,123.71144568421107,2554.2085644867357,0.0691823899371069,0.4,0.2727272727272727,2174.0
41,all,R9,IF (PointsAjust IS Medium) AND (TeamExp IS High) AND (Length IS Low),Low,0.026763443601349902,0.00409626962164686,7386.179314382556,30.2557819455417,2554.2085644867357,0.0691823899371069,0.4,0.2727272727272727,2174.0
41,all,R10,IF (PointsAjust IS Medium) AND (TeamExp IS High) AND (Length IS Medium),Medium,0.04236068049223753,0.0064834993298055746,1378.6296492628003,8.93834440704546,2554.2085644867357,0.0691823899371069,0.4,0.2727272727272727,2174.0
41,all,R11,IF (PointsAjust IS Medium) AND (TeamExp IS High) AND (Length IS High),Medium,0.04287277082159474,0.006561877138391434,1378.6296492628003,9.04639837780617,2554.2085644867357,0.0691823899371069,0.4,0.2727272727272727,2174.0
41,all,R12,IF (PointsAjust IS Medium) AND (TeamExp IS Medium) AND (Length IS Low),Medium,0.11994543267277909,0.018358206792492577,1378.6296492628003,25.309168191428,2554.2085644867357,0.0691823899371069,0.4,0.2727272727272727,2174.0
41,all,R13,IF (PointsAjust IS Medium) AND (TeamExp IS Medium) AND (Length IS Medium),Medium,0.18984739877414386,0.029057028083933817,1378.6296492628003,40.058880435973016,2554.2085644867357,0.0691823899371069,0.4,0.2727272727272727,2174.0
41,all,R14,IF (PointsAjust IS Medium) AND (TeamExp IS Medium) AND (Length IS High),High,0.1921424284062499,0.02940829305203012,897.1345769934815,26.38319654733338,2554.2085644867357,0.0691823899371069,0.4,0.2727272727272727,2174.0
41,all,R15,IF (PointsAjust IS Medium) AND (TeamExp IS Low) AND (Length IS Medium),High,0.3130054445460203,0.047906940265312656,897.1345769934815,42.97897258997325,2554.2085644867357,0.0691823899371069,0.4,0.2727272727272727,2174.0
41,all,R16,IF (PointsAjust IS Medium) AND (TeamExp IS Low) AND (Length IS High),High,0.3167893087173606,0.04848607828986483,897.1345769934815,43.498537336650706,2554.2085644867357,0.0691823899371069,0.4,0.2727272727272727,2174.0
41,all,R17,IF (PointsAjust IS High) AND (TeamExp IS High) AND (Length IS Medium),Medium,0.08613055979363932,0.013182683096891459,1378.6296492628003,18.174037774210117,2554.2085644867357,0.0691823899371069,0.4,0.2727272727272727,2174.0
41,all,R18,IF (PointsAjust IS High) AND (TeamExp IS Medium) AND (Length IS Medium),High,0.3860103884492526,0.05908068675306882,897.1345769934815,53.00332691869878,2554.2085644867357,0.0691823899371069,0.4,0.2727272727272727,2174.0
41,all,R19,IF (PointsAjust IS High) AND (TeamExp IS Low) AND (Length IS Medium),High,0.6364235381475016,0.09740758493735582,897.1345769934815,87.38771250873133,2554.2085644867357,0.0691823899371069,0.4,0.2727272727272727,2174.0
41,all,R20,IF (PointsAjust IS High) AND (TeamExp IS Low) AND (Length IS High),Very_High,0.6441171430535975,0.09858512698042102,10861.211493864743,1070.7539142838639,2554.2085644867357,0.0691823899371069,0.4,0.2727272727272727,2174.0
42,all,R1,IF (PointsAjust IS Low) AND (TeamExp IS High) AND (Length IS Low),Very_Low,0.0010666845418506419,0.00037156211228780604,2241.190003783897,0.8327412918442607,6529.848276136267,0.3867924528301887,0.6,0.5151515151515151,6699.0
42,all,R2,IF (PointsAjust IS Low) AND (TeamExp IS High) AND (Length IS Medium),Low,0.0035199008795773353,0.001226099896029607,13676.219422141263,16.768411211565496,6529.848276136267,0.3867924528301887,0.6,0.5151515151515151,6699.0
42,all,R3,IF (PointsAjust IS Low) AND (TeamExp IS High) AND (Length IS High),Medium,0.0886375230769552,0.030875431311016527,5317.367916771631,164.17602786968553,6529.848276136267,0.3867924528301887,0.6,0.5151515151515151,6699.0
42,all,R4,IF (PointsAjust IS Low) AND (TeamExp IS Medium) AND (Length IS Low),Low,0.0017586654932761749,0.0006126023579151754,13676.219422141263,8.378084265369056,6529.848276136267,0.3867924528301887,0.6,0.5151515151515151,6699.0
42,all,R5,IF (PointsAjust IS Low) AND (TeamExp IS Medium) AND (Length IS Medium),Medium,0.005803335450915244,0.0020214969785872293,5317.367916771631,10.749043177790522,6529.848276136267,0.3867924528301887,0.6,0.5151515151515151,6699.0
42,all,R6,IF (PointsAjust IS Low) AND (TeamExp IS Medium) AND (Length IS High),Medium,0.14613856967914954,0.0509049803445137,5317.367916771631,270.68050928780764,6529.848276136267,0.3867924528301887,0.6,0.5151515151515151,6699.0
42,all,R7,IF (PointsAjust IS Low) AND (TeamExp IS Low) AND (Length IS Medium),Medium,0.004646947757220917,0.0016186882406381128,5317.367916771631,8.607160918024618,6529.848276136267,0.3867924528301887,0.6,0.5151515151515151,6699.0
42,all,R8,IF (PointsAjust IS Low) AND (TeamExp IS Low) AND (Length IS High),High,0.11701861875085923,0.04076152175659707,5474.662756743958,223.15558506905055,6529.848276136267,0.3867924528301887,0.6,0.5151515151515151,6699.0
42,all,R9,IF (PointsAjust IS Medium) AND (TeamExp IS High) AND (Length IS Low),Low,0.004847907243860068,0.0016886891906944144,13676.219422141263,23.09488390773496,6529.848276136267,0.3867924528301887,0.6,0.5151515151515151,6699.0
42,all,R10,IF (PointsAjust IS Medium) AND (TeamExp IS High) AND (Length IS Medium),Medium,0.01599737532726121,0.005572424024581293,5317.367916771631,29.63062872695602,6529.848276136267,0.3867924528301887,0.6,0.5151515151515151,6699.0
42,all,R11,IF (PointsAjust IS Medium) AND (TeamExp IS High) AND (Length IS High),Medium,0.40284308372657834,0.14032379887149377,5317.367916771631,746.1532660787962,6529.848276136267,0.3867924528301887,0.6,0.5151515151515151,6699.0
42,all,R12,IF (PointsAjust IS Medium) AND (TeamExp IS Medium) AND (Length IS Low),Medium,0.007992847791333328,0.0027841777882992662,5317.367916771631,14.804497646090717,6529.848276136267,0.3867924528301887,0.6,0.5151515151515151,6699.0
42,all,R13,IF (PointsAjust IS Medium) AND (TeamExp IS Medium) AND (Length IS Medium),Medium,0.026375212977428984,0.009187374018687593,5317.367916771631,48.852647846350656,6529.848276136267,0.3867924528301887,0.6,0.5151515151515151,6699.0
42,all,R14,IF (PointsAjust IS Medium) AND (TeamExp IS Medium) AND (Length IS High),High,0.6641759608944424,0.23135483198487844,5474.662756743958,1266.58968226037,6529.848276136267,0.3867924528301887,0.6,0.5151515151515151,6699.0
42,all,R15,IF (PointsAjust IS Medium) AND (TeamExp IS Low) AND (Length IS Medium),High,0.02111961954092418,0.007356674011349263,5474.662756743958,40.27530922343999,6529.848276136267,0.3867924528301887,0.6,0.5151515151515151,6699.0
42,all,R16,IF (PointsAjust IS Medium) AND (TeamExp IS Low) AND (Length IS High),High,0.5318305340063914,0.18525446731582607,5474.662756743958,1014.2057327343938,6529.848276136267,0.3867924528301887,0.6,0.5151515151515151,6699.0
42,all,R17,IF (PointsAjust IS High) AND (TeamExp IS High) AND (Length IS Medium),Medium,0.02222397584453755,0.007741358465646336,5317.367916771631,41.163651137456284,6529.848276136267,0.3867924528301887,0.6,0.5151515151515151,6699.0
42,all,R18,IF (PointsAjust IS High) AND (TeamExp IS Medium) AND (Length IS Medium),High,0.03664114169441491,0.012763342366425623,5474.662756743958,69.87499510504266,6529.848276136267,0.3867924528301887,0.6,0.5151515151515151,6699.0
42,all,R19,IF (PointsAjust IS High) AND (TeamExp IS Low) AND (Length IS Medium),High,0.029339932640292568,0.010220085619029722,5474.662756743958,55.95152210923654,6529.848276136267,0.3867924528301887,0.6,0.5151515151515151,6699.0
42,all,R20,IF (PointsAjust IS High) AND (TeamExp IS Low) AND (Length IS High),Very_High,0.7388330085000923,0.257360393345503,9620.376562548192,2475.9038962692607,6529.848276136267,0.3867924528301887,0.6,0.5151515151515151,6699.0
43,all,R1,IF (PointsAjust IS Low) AND (TeamExp IS High) AND (Length IS Low),Very_Low,0.23517208526430547,0.01968948901846371,2187.2817176711833,43.06645936037321,3344.739654840027,0.2814465408805031,0.6,0.2424242424242424,4004.0
43,all,R2,IF (PointsAjust IS Low) AND (TeamExp IS High) AND (Length IS Medium),Low,0.3115523942366371,0.026084334958820097,12233.580630614224,319.104814914675,3344.739654840027,0.2814465408805031,0.6,0.2424242424242424,4004.0
43,all,R3,IF (PointsAjust IS Low) AND (TeamExp IS High) AND (Length IS High),Medium,0.296002388598224,0.024782430164675486,85.34410351055021,2.1150342852170465,3344.739654840027,0.2814465408805031,0.6,0.2424242424242424,4004.0
43,all,R4,IF (PointsAjust IS Low) AND (TeamExp IS Medium) AND (Length IS Low),Low,0.3877332192501647,0.03246247935395772,12233.580630614224,397.1323586462913,3344.739654840027,0.2814465408805031,0.6,0.2424242424242424,4004.0
43,all,R5,IF (PointsAjust IS Low) AND (TeamExp IS Medium) AND (Length IS Medium),Medium,0.5136630593154957,0.04300579787867365,85.34410351055021,3.670291265711325,3344.739654840027,0.2814465408805031,0.6,0.2424242424242424,4004.0
43,all,R6,IF (PointsAjust IS Low) AND (TeamExp IS Medium) AND (Length IS High),Medium,0.488025434259937,0.04085931975214096,85.34410351055021,3.487102014297387,3344.739654840027,0.2814465408805031,0.6,0.2424242424242424,4004.0
43,all,R7,IF (PointsAjust IS Low) AND (TeamExp IS Low) AND (Length IS Medium),Medium,0.41130922409059245,0.03443635090373432,85.34410351055021,2.9389394960539312,3344.739654840027,0.2814465408805031,0.6,0.2424242424242424,4004.0
43,all,R8,IF (PointsAjust IS Low) AND (TeamExp IS Low) AND (Length IS High),High,0.3907802187866495,0.032717585583276795,3616.8248607679825,118.33377692189964,3344.739654840027,0.2814465408805031,0.6,0.2424242424242424,4004.0
43,all,R9,IF (PointsAjust IS Medium) AND (TeamExp IS High) AND (Length IS Low),Low,0.4573552224731446,0.038291494589170125,12233.580630614224,468.442086523341,3344.739654840027,0.2814465408805031,0.6,0.2424242424242424,4004.0
43,all,R10,IF (PointsAjust IS Medium) AND (TeamExp IS High) AND (Length IS Medium),Medium,0.6058972280574715,0.05072798842068141,85.34410351055021,4.329334694656627,3344.739654840027,0.2814465408805031,0.6,0.2424242424242424,4004.0
43,all,R11,IF (PointsAjust IS Medium) AND (TeamExp IS High) AND (Length IS High),Medium,0.5756560696299218,0.048196085214160675,85.34410351055021,4.113251685320627,3344.739654840027,0.2814465408805031,0.6,0.2424242424242424,4004.0
43,all,R12,IF (PointsAjust IS Medium) AND (TeamExp IS Medium) AND (Length IS Low),Medium,0.7540512835572629,0.06313200161606367,85.34410351055021,5.387944080749561,3344.739654840027,0.2814465408805031,0.6,0.2424242424242424,4004.0
43,all,R13,IF (PointsAjust IS Medium) AND (TeamExp IS Medium) AND (Length IS Medium),Medium,0.9989556477566,0.08363631352900726,85.34410351055021,7.137866199060427,3344.739654840027,0.2814465408805031,0.6,0.2424242424242424,4004.0
43,all,R14,IF (PointsAjust IS Medium) AND (TeamExp IS Medium) AND (Length IS High),High,0.9490964066064862,0.07946191085706265,3616.8248607679825,287.3998146719535,3344.739654840027,0.2814465408805031,0.6,0.2424242424242424,4004.0
43,all,R15,IF (PointsAjust IS Medium) AND (TeamExp IS Low) AND (Length IS Medium),High,0.7999011510136976,0.06697072448475318,3616.8248607679825,242.22138126009833,3344.739654840027,0.2814465408805031,0.6,0.2424242424242424,4004.0
43,all,R16,IF (PointsAjust IS Medium) AND (TeamExp IS Low) AND (Length IS High),High,0.7599769917437527,0.06362812413049126,3616.8248607679825,230.13178119919198,3344.739654840027,0.2814465408805031,0.6,0.2424242424242424,4004.0
43,all,R17,IF (PointsAjust IS High) AND (TeamExp IS High) AND (Length IS Medium),Medium,0.5760656029367548,0.048230372878610824,85.34410351055021,4.116177935304596,3344.739654840027,0.2814465408805031,0.6,0.2424242424242424,4004.0
43,all,R18,IF (PointsAjust IS High) AND (TeamExp IS Medium) AND (Length IS Medium),High,0.9497716128805219,0.07951844165876425,3616.8248607679825,287.60427668094695,3344.739654840027,0.2814465408805031,0.6,0.2424242424242424,4004.0
43,all,R19,IF (PointsAjust IS High) AND (TeamExp IS Low) AND (Length IS Medium),High,0.7605176546620572,0.0636733904578306,3616.8248607679825,230.29550157726857,3344.739654840027,0.2814465408805031,0.6,0.2424242424242424,4004.0
43,all,R20,IF (PointsAjust IS High) AND (TeamExp IS Low) AND (Length IS High),Very_High,0.722559179500652,0.0604953645496615,11301.881830406166,683.7114614276167,3344.739654840027,0.2814465408805031,0.6,0.2424242424242424,4004.0
44,all,R1,IF (PointsAjust IS Low) AND (TeamExp IS High) AND (Length IS Low),Very_Low,0.4894837172388022,0.0527331568068546,1153.158551078596,60.809690697192856,2315.7021900144996,0.0644654088050314,0.6,0.2121212121212121,2331.0
44,all,R2,IF (PointsAjust IS Low) AND (TeamExp IS High) AND (Length IS Medium),Low,0.5324744263619072,0.05736464039984318,8840.273972982597,507.11913749623966,2315.7021900144996,0.0644654088050314,0.6,0.2121212121212121,2331.0
44,all,R3,IF (PointsAjust IS Low) AND (TeamExp IS High) AND (Length IS High),Medium,0.5120136052034678,0.05516035116090491,-367.16152294706444,-20.25275853853272,2315.7021900144996,0.0644654088050314,0.6,0.2121212121212121,2331.0
44,all,R4,IF (PointsAjust IS Low) AND (TeamExp IS Medium) AND (Length IS Low),Low,0.8070222162729803,0.08694227729862644,8840.273972982597,768.593551154883,2315.7021900144996,0.0644654088050314,0.6,0.2121212121212121,2331.0
44,all,R5,IF (PointsAjust IS Low) AND (TeamExp IS Medium) AND (Length IS Medium),Medium,0.8779019128467256,0.09457830281328536,-367.16152294706444,-34.72551369867448,2315.7021900144996,0.0644654088050314,0.6,0.2121212121212121,2331.0
44,all,R6,IF (PointsAjust IS Low) AND (TeamExp IS Medium) AND (Length IS High),Medium,0.8441677217868153,0.09094404425827245,-367.16152294706444,-33.39115379283254,2315.7021900144996,0.0644654088050314,0.6,0.2121212121212121,2331.0
44,all,R7,IF (PointsAjust IS Low) AND (TeamExp IS Low) AND (Length IS Medium),Medium,0.7029688977085851,0.07573238456698957,-367.16152294706444,-27.806017654028647,2315.7021900144996,0.0644654088050314,0.6,0.2121212121212121,2331.0
44,all,R8,IF (PointsAjust IS Low) AND (TeamExp IS Low) AND (Length IS High),High,0.6759566691697731,0.07282229781012034,1066.9796784578302,77.69991190200255,2315.7021900144996,0.0644654088050314,0.6,0.2121212121212121,2331.0
44,all,R9,IF (PointsAjust IS Medium) AND (TeamExp IS High) AND (Length IS Low),Low,0.16568999531214182,0.017850147403084143,8840.273972982597,157.80019350138764,2315.7021900144996,0.0644654088050314,0.6,0.2121212121212121,2331.0
44,all,R10,IF (PointsAjust IS Medium) AND (TeamExp IS High) AND (Length IS Medium),Medium,0.18024232901029788,0.019417902300304053,-367.16152294706444,-7.129506581016942,2315.7021900144996,0.0644654088050314,0.6,0.2121212121212121,2331.0
44,all,R11,IF (PointsAjust IS Medium) AND (TeamExp IS High) AND (Length IS High),Medium,0.17331635120464506,0.01867175148710325,-367.16152294706444,-6.8555487120939445,2315.7021900144996,0.0644654088050314,0.6,0.2121212121212121,2331.0
44,all,R12,IF (PointsAjust IS Medium) AND (TeamExp IS Medium) AND (Length IS Low),Medium,0.2731766196133328,0.029429917708597486,-367.16152294706444,-10.805533406095433,2315.7021900144996,0.0644654088050314,0.6,0.2121212121212121,2331.0
44,all,R13,IF (PointsAjust IS Medium) AND (TeamExp IS Medium) AND (Length IS Medium),Medium,0.29716936171980896,0.03201470855488825,-367.16152294706444,-11.754569149719183,2315.7021900144996,0.0644654088050314,0.6,0.2121212121212121,2331.0
44,all,R14,IF (PointsAjust IS Medium) AND (TeamExp IS Medium) AND (Length IS High),High,0.2857503547912321,0.03078451383801388,1066.9796784578302,32.846450676364675,2315.7021900144996,0.0644654088050314,0.6,0.2121212121212121,2331.0
44,all,R15,IF (PointsAjust IS Medium) AND (TeamExp IS Low) AND (Length IS Medium),High,0.2379546229299654,0.025635374583379736,1066.9796784578302,27.352423730120545,2315.7021900144996,0.0644654088050314,0.6,0.2121212121212121,2331.0
44,all,R16,IF (PointsAjust IS Medium) AND (TeamExp IS Low) AND (Length IS High),High,0.22881099697808774,0.024650311660707778,1066.9796784578302,26.30138160962729,2315.7021900144996,0.0644654088050314,0.6,0.2121212121212121,2331.0
44,all,R17,IF (PointsAjust IS High) AND (TeamExp IS High) AND (Length IS Medium),Medium,0.3814494726186208,0.0410943901606359,-367.16152294706444,-15.088278875959938,2315.7021900144996,0.0644654088050314,0.6,0.2121212121212121,2331.0
44,all,R18,IF (PointsAjust IS High) AND (TeamExp IS Medium) AND (Length IS Medium),High,0.6289038592036663,0.06775319516429049,1066.9796784578302,72.29128239088529,2315.7021900144996,0.0644654088050314,0.6,0.2121212121212121,2331.0
44,all,R19,IF (PointsAjust IS High) AND (TeamExp IS Low) AND (Length IS Medium),High,0.5035868429031017,0.05425251753516961,1066.9796784578302,57.886333715203065,2315.7021900144996,0.0644654088050314,0.6,0.2121212121212121,2331.0
44,all,R20,IF (PointsAjust IS High) AND (TeamExp IS Low) AND (Length IS High),Very_High,0.48423605379425494,0.05216781448892842,13318.762159319645,694.8107135495469,2315.7021900144996,0.0644654088050314,0.6,0.2121212121212121,2331.0
45,all,R1,IF (PointsAjust IS Low) AND (TeamExp IS High) AND (Length IS Low),Very_Low,0.6326501121339475,0.057975652059967256,2008.5846001461152,116.44900191107963,3177.64685535446,0.2044025157232704,0.8,0.2424242424242424,5817.0
45,all,R2,IF (PointsAjust IS Low) AND (TeamExp IS High) AND (Length IS Medium),Low,0.8381252261631614,0.07680526022641239,12500.439240269223,960.0994887933344,3177.64685535446,0.2044025157232704,0.8,0.2424242424242424,5817.0
45,all,R3,IF (PointsAjust IS Low) AND (TeamExp IS High) AND (Length IS High),Medium,0.7962932510808757,0.07297180475736738,-437.6908265109787,-31.939089536249895,3177.64685535446,0.2044025157232704,0.8,0.2424242424242424,5817.0
45,all,R4,IF (PointsAjust IS Low) AND (TeamExp IS Medium) AND (Length IS Low),Low,0.38372168987987465,0.03516401049120203,12500.439240269223,439.56557658946053,3177.64685535446,0.2044025157232704,0.8,0.2424242424242424,5817.0
45,all,R5,IF (PointsAjust IS Low) AND (TeamExp IS Medium) AND (Length IS Medium),Medium,0.5083486463465423,0.04658474515452638,-437.6908265109787,-20.38971560948796,3177.64685535446,0.2044025157232704,0.8,0.2424242424242424,5817.0
45,all,R6,IF (PointsAjust IS Low) AND (TeamExp IS Medium) AND (Length IS High),Medium,0.4829762709028011,0.04425963687990751,-437.6908265109787,-19.372037047042515,3177.64685535446,0.2044025157232704,0.8,0.2424242424242424,5817.0
45,all,R7,IF (PointsAjust IS Low) AND (TeamExp IS Low) AND (Length IS Medium),Medium,0.3445635814597917,0.03157558645468097,-437.6908265109787,-13.820344532918178,3177.64685535446,0.2044025157232704,0.8,0.2424242424242424,5817.0
45,all,R8,IF (PointsAjust IS Low) AND (TeamExp IS Low) AND (Length IS High),High,0.3273659423672736,0.029999605796244572,3106.592211252162,93.1965417072486,3177.64685535446,0.2044025157232704,0.8,0.2424242424242424,5817.0
45,all,R9,IF (PointsAjust IS Medium) AND (TeamExp IS High) AND (Length IS Low),Low,0.6613349085295259,0.06060430847422386,12500.439240269223,757.5804757805685,3177.64685535446,0.2044025157232704,0.8,0.2424242424242424,5817.0
45,all,R10,IF (PointsAjust IS Medium) AND (TeamExp IS High) AND (Length IS Medium),Medium,0.8761264072352644,0.0802876641799544,-437.6908265109787,-35.14117409356014,3177.64685535446,0.2044025157232704,0.8,0.2424242424242424,5817.0
45,all,R11,IF (PointsAjust IS Medium) AND (TeamExp IS High) AND (Length IS High),Medium,0.8323977412885563,0.07628039717193698,-437.6908265109787,-33.38723008477082,3177.64685535446,0.2044025157232704,0.8,0.2424242424242424,5817.0
45,all,R12,IF (PointsAjust IS Medium) AND (TeamExp IS Medium) AND (Length IS Low),Medium,0.4011198983614074,0.03675837120029893,-437.6908265109787,-16.088801871856194,3177.64685535446,0.2044025157232704,0.8,0.2424242424242424,5817.0
45,all,R13,IF (PointsAjust IS Medium) AND (TeamExp IS Medium) AND (Length IS Medium),Medium,0.5313975277720642,0.0486969299218541,-437.6908265109787,-21.31419950604353,3177.64685535446,0.2044025157232704,0.8,0.2424242424242424,5817.0
45,all,R14,IF (PointsAjust IS Medium) AND (TeamExp IS Medium) AND (Length IS High),High,0.5048747511670539,0.046266399619836626,3106.592211252162,143.73083670166446,3177.64685535446,0.2044025157232704,0.8,0.2424242424242424,5817.0
45,all,R15,IF (PointsAjust IS Medium) AND (TeamExp IS Low) AND (Length IS Medium),High,0.3601863340523223,0.03300724552049291,3106.592211252162,102.54005184885109,3177.64685535446,0.2044025157232704,0.8,0.2424242424242424,5817.0
45,all,R16,IF (PointsAjust IS Medium) AND (TeamExp IS Low) AND (Length IS High),High,0.3422089420341475,0.031359808802152986,3106.592211252162,97.42213777112546,3177.64685535446,0.2044025157232704,0.8,0.2424242424242424,5817.0
45,all,R17,IF (PointsAjust IS High) AND (TeamExp IS High) AND (Length IS Medium),Medium,0.8672946428835036,0.07947832693759428,-437.6908265109787,-34.78693460702542,3177.64685535446,0.2044025157232704,0.8,0.2424242424242424,5817.0
45,all,R18,IF (PointsAjust IS High) AND (TeamExp IS Medium) AND (Length IS Medium),High,0.5260407919133642,0.04820604207031542,3106.592211252162,149.7565148309359,3177.64685535446,0.2044025157232704,0.8,0.2424242424242424,5817.0
45,all,R19,IF (PointsAjust IS High) AND (TeamExp IS Low) AND (Length IS Medium),High,0.3565554871804502,0.03267451703299347,3106.592211252162,101.50640012112362,3177.64685535446,0.2044025157232704,0.8,0.2424242424242424,5817.0
45,all,R20,IF (PointsAjust IS High) AND (TeamExp IS Low) AND (Length IS High),Very_High,0.338759315690104,0.031043687248037428,14239.26715457964,442.03935618802217,3177.64685535446,0.2044025157232704,0.8,0.2424242424242424,5817.0
46,all,R1,IF (PointsAjust IS Low) AND (TeamExp IS High) AND (Length IS Low),Very_Low,0.5781231519503728,0.049966173103573534,1623.1726106350548,81.10372363997051,2436.1119611299146,0.1477987421383647,0.6,0.1818181818181818,2989.0
46,all,R2,IF (PointsAjust IS Low) AND (TeamExp IS High) AND (Length IS Medium),Low,0.5066252637309453,0.04378673564762724,10176.79721772297,445.60872951194403,2436.1119611299146,0.1477987421383647,0.6,0.1818181818181818,2989.0
46,all,R3,IF (PointsAjust IS Low) AND (TeamExp IS High) AND (Length IS High),Medium,0.5315710736646343,0.04594275837937652,-1008.1432144704045,-46.31688011422176,2436.1119611299146,0.1477987421383647,0.6,0.1818181818181818,2989.0
46,all,R4,IF (PointsAjust IS Low) AND (TeamExp IS Medium) AND (Length IS Low),Low,0.953163937704782,0.08238029241134634,10176.79721772297,838.3675306069941,2436.1119611299146,0.1477987421383647,0.6,0.1818181818181818,2989.0
46,all,R5,IF (PointsAjust IS Low) AND (TeamExp IS Medium) AND (Length IS Medium),Medium,0.8352838485872717,0.07219212243676658,-1008.1432144704045,-72.77999837284287,2436.1119611299146,0.1477987421383647,0.6,0.1818181818181818,2989.0
46,all,R6,IF (PointsAjust IS Low) AND (TeamExp IS Medium) AND (Length IS High),Medium,0.8764125360397874,0.07574680297471463,-1008.1432144704045,-76.3636254367852,2436.1119611299146,0.1477987421383647,0.6,0.1818181818181818,2989.0
46,all,R7,IF (PointsAjust IS Low) AND (TeamExp IS Low) AND (Length IS Medium),Medium,0.6688430196161284,0.05780693263106871,-1008.1432144704045,-58.27766688135973,2436.1119611299146,0.1477987421383647,0.6,0.1818181818181818,2989.0
46,all,R8,IF (PointsAjust IS Low) AND (TeamExp IS Low) AND (Length IS High),High,0.701776297992233,0.060653298293224155,1945.506266581499,118.00137191830453,2436.1119611299146,0.1477987421383647,0.6,0.1818181818181818,2989.0
46,all,R9,IF (PointsAjust IS Medium) AND (TeamExp IS High) AND (Length IS Low),Low,0.38299878222039674,0.03310191502679166,10176.79721772297,336.87147674595553,2436.1119611299146,0.1477987421383647,0.6,0.1818181818181818,2989.0
46,all,R10,IF (PointsAjust IS Medium) AND (TeamExp IS High) AND (Length IS Medium),Medium,0.33563239665533384,0.02900812114835916,-1008.1432144704045,-29.244340500253724,2436.1119611299146,0.1477987421383647,0.6,0.1818181818181818,2989.0
46,all,R11,IF (PointsAjust IS Medium) AND (TeamExp IS High) AND (Length IS High),Medium,0.3521586589125571,0.030436457097047055,-1008.1432144704045,-30.684307694907574,2436.1119611299146,0.1477987421383647,0.6,0.1818181818181818,2989.0
46,all,R12,IF (PointsAjust IS Medium) AND (TeamExp IS Medium) AND (Length IS Low),Medium,0.6314582388990142,0.05457583140557962,-1008.1432144704045,-55.02025410561589,2436.1119611299146,0.1477987421383647,0.6,0.1818181818181818,2989.0
46,all,R13,IF (PointsAjust IS Medium) AND (TeamExp IS Medium) AND (Length IS Medium),Medium,0.5533642715017115,0.04782630636034598,-1008.1432144704045,-48.215766230365546,2436.1119611299146,0.1477987421383647,0.6,0.1818181818181818,2989.0
46,all,R14,IF (PointsAjust IS Medium) AND (TeamExp IS Medium) AND (Length IS High),High,0.5806114716103643,0.05018123422065337,1945.506266581499,97.62790564107509,2436.1119611299146,0.1477987421383647,0.6,0.1818181818181818,2989.0
46,all,R15,IF (PointsAjust IS Medium) AND (TeamExp IS Low) AND (Length IS Medium),High,0.44309946962923197,0.03829631234608706,1945.506266581499,74.5057156562748,2436.1119611299146,0.1477987421383647,0.6,0.1818181818181818,2989.0
46,all,R16,IF (PointsAjust IS Medium) AND (TeamExp IS Low) AND (Length IS High),High,0.4649173218809891,0.04018199116500603,1945.506266581499,78.17431561524165,2436.1119611299146,0.1477987421383647,0.6,0.1818181818181818,2989.0
46,all,R17,IF (PointsAjust IS High) AND (TeamExp IS High) AND (Length IS Medium),Medium,0.40608993951239714,0.035097643373808246,-1008.1432144704045,-35.38345101120694,2436.1119611299146,0.1477987421383647,0.6,0.1818181818181818,2989.0
46,all,R18,IF (PointsAjust IS High) AND (TeamExp IS Medium) AND (Length IS Medium),High,0.6695291210914177,0.05786623118184508,1945.506266581499,112.57911538773334,2436.1119611299146,0.1477987421383647,0.6,0.1818181818181818,2989.0
46,all,R19,IF (PointsAjust IS High) AND (TeamExp IS Low) AND (Length IS Medium),High,0.5361170095999149,0.046335655673134246,1945.506266581499,90.14630847824526,2436.1119611299146,0.1477987421383647,0.6,0.1818181818181818,2989.0
46,all,R20,IF (PointsAjust IS High) AND (TeamExp IS Low) AND (Length IS High),Very_High,0.5625149687644617,0.04861718512364488,12658.323527176617,615.412058275735,2436.1119611299146,0.1477987421383647,0.6,0.1818181818181818,2989.0
47,all,R1,IF (PointsAjust IS Low) AND (TeamExp IS High) AND (Length IS Low),Very_Low,0.9947241704148589,0.12063629005636037,1686.1126963401507,203.4063803034023,2375.0799083136235,0.1084905660377358,0.8,0.1515151515151515,3136.0
47,all,R2,IF (PointsAjust IS Low) AND (TeamExp IS High) AND (Length IS Medium),Low,0.6889154464747947,0.08354899387895572,11062.037359192755,924.2220916119749,2375.0799083136235,0.1084905660377358,0.8,0.1515151515151515,3136.0
47,all,R3,IF (PointsAjust IS Low) AND (TeamExp IS High) AND (Length IS High),Medium,0.8503648418198355,0.10312895047953315,-2143.5430512670737,-221.06134518486942,2375.0799083136235,0.1084905660377358,0.8,0.1515151515151515,3136.0
47,all,R4,IF (PointsAjust IS Low) AND (TeamExp IS Medium) AND (Length IS Low),Low,0.6033307073138263,0.07316960859316884,11062.037359192755,809.404943815145,2375.0799083136235,0.1084905660377358,0.8,0.1515151515151515,3136.0
47,all,R5,IF (PointsAjust IS Low) AND (TeamExp IS Medium) AND (Length IS Medium),Medium,0.41784834023658063,0.05067502637572978,-2143.5430512670737,-108.62410066047124,2375.0799083136235,0.1084905660377358,0.8,0.1515151515151515,3136.0
47,all,R6,IF (PointsAjust IS Low) AND (TeamExp IS Medium) AND (Length IS High),Medium,0.515772348505414,0.06255087036982275,-2143.5430512670737,-134.08048353194104,2375.0799083136235,0.1084905660377358,0.8,0.1515151515151515,3136.0
47,all,R7,IF (PointsAjust IS Low) AND (TeamExp IS Low) AND (Length IS Medium),Medium,0.2832216071660345,0.03434801824314846,-2143.5430512670737,-73.62645582989556,2375.0799083136235,0.1084905660377358,0.8,0.1515151515151515,3136.0
47,all,R8,IF (PointsAjust IS Low) AND (TeamExp IS Low) AND (Length IS High),High,0.34959543788733466,0.04239757904924318,1793.262082976883,76.02997091902287,2375.0799083136235,0.1084905660377358,0.8,0.1515151515151515,3136.0
47,all,R9,IF (PointsAjust IS Medium) AND (TeamExp IS High) AND (Length IS Low),Low,0.4800910085834422,0.058223575828833196,11062.037359192755,644.0713710043451,2375.0799083136235,0.1084905660377358,0.8,0.1515151515151515,3136.0
47,all,R10,IF (PointsAjust IS Medium) AND (TeamExp IS High) AND (Length IS Medium),Medium,0.33249630537162633,0.04032386256458509,-2143.5430512670737,-86.43593540056484,2375.0799083136235,0.1084905660377358,0.8,0.1515151515151515,3136.0
47,all,R11,IF (PointsAjust IS Medium) AND (TeamExp IS High) AND (Length IS High),Medium,0.4104178089921336,0.04977388036044384,-2143.5430512670737,-106.69245538122806,2375.0799083136235,0.1084905660377358,0.8,0.1515151515151515,3136.0
47,all,R12,IF (PointsAjust IS Medium) AND (TeamExp IS Medium) AND (Length IS Low),Medium,0.2911899161582187,0.03531438385829073,-2143.5430512670737,-75.6979021292172,2375.0799083136235,0.1084905660377358,0.8,0.1515151515151515,3136.0
47,all,R13,IF (PointsAjust IS Medium) AND (TeamExp IS Medium) AND (Length IS Medium),Medium,0.2016692034490657,0.02445765896345935,-2143.5430512670737,-52.42604492138315,2375.0799083136235,0.1084905660377358,0.8,0.1515151515151515,3136.0
47,all,R14,IF (PointsAjust IS Medium) AND (TeamExp IS Medium) AND (Length IS High),High,0.24893098444581233,0.030189384491477685,1793.262082976883,54.13747851697728,2375.0799083136235,0.1084905660377358,0.8,0.1515151515151515,3136.0
47,all,R15,IF (PointsAjust IS Medium) AND (TeamExp IS Low) AND (Length IS Medium),High,0.13669331768650653,0.0165776355010236,1793.262082976883,29.728045169397106,2375.0799083136235,0.1084905660377358,0.8,0.1515151515151515,3136.0
47,all,R16,IF (PointsAjust IS Medium) AND (TeamExp IS Low) AND (Length IS High),High,0.16872780551969735,0.020462653962412772,1793.262082976883,36.694901467871496,2375.0799083136235,0.1084905660377358,0.8,0.1515151515151515,3136.0
47,all,R17,IF (PointsAjust IS High) AND (TeamExp IS High) AND (Length IS Medium),Medium,0.5036064555069383,0.0610754380437472,-2143.5430512670737,-130.91783082176698,2375.0799083136235,0.1084905660377358,0.8,0.1515151515151515,3136.0
47,all,R18,IF (PointsAjust IS High) AND (TeamExp IS Medium) AND (Length IS Medium),High,0.3054527556941642,0.03704412572891205,1793.262082976883,66.42982606668637,2375.0799083136235,0.1084905660377358,0.8,0.1515151515151515,3136.0
47,all,R19,IF (PointsAjust IS High) AND (TeamExp IS Low) AND (Length IS Medium),High,0.20703880343766332,0.02510886322789472,1793.262082976883,45.02677237323615,2375.0799083136235,0.1084905660377358,0.8,0.1515151515151515,3136.0
47,all,R20,IF (PointsAjust IS High) AND (TeamExp IS Low) AND (Length IS High),Very_High,0.2555589662515689,0.03099320042295752,15341.774145231346,475.49068092690294,2375.0799083136235,0.1084905660377358,0.8,0.1515151515151515,3136.0
48,all,R1,IF (PointsAjust IS Low) AND (TeamExp IS High) AND (Length IS Low),Very_Low,0.04365093344129408,0.006965706851220656,948.0615925156233,6.6039191303652425,3203.223355807164,0.1069182389937107,0.4,0.3333333333333333,2583.0
48,all,R2,IF (PointsAjust IS Low) AND (TeamExp IS High) AND (Length IS Medium),Low,0.09311895184518637,0.01485968958072461,7932.388779395838,117.87283489544514,3203.223355807164,0.1069182389937107,0.4,0.3333333333333333,2583.0
48,all,R3,IF (PointsAjust IS Low) AND (TeamExp IS High) AND (Length IS High),Medium,0.13402477443928285,0.021387338504469302,2532.31089378307,54.15939028389372,3203.223355807164,0.1069182389937107,0.4,0.3333333333333333,2583.0
48,all,R4,IF (PointsAjust IS Low) AND (TeamExp IS Medium) AND (Length IS Low),Low,0.1956299113139021,0.031218132262294605,7932.388779395838,247.63436207112093,3203.223355807164,0.1069182389937107,0.4,0.3333333333333333,2583.0
48,all,R5,IF (PointsAjust IS Low) AND (TeamExp IS Medium) AND (Length IS Medium),Medium,0.4173301887259085,0.06659650838254993,2532.31089378307,168.64306366504672,3203.223355807164,0.1069182389937107,0.4,0.3333333333333333,2583.0
48,all,R6,IF (PointsAjust IS Low) AND (TeamExp IS Medium) AND (Length IS High),Medium,0.6006573667590587,0.09585140121910057,2532.31089378307,242.7255474915002,3203.223355807164,0.1069182389937107,0.4,0.3333333333333333,2583.0
48,all,R7,IF (PointsAjust IS Low) AND (TeamExp IS Low) AND (Length IS Medium),Medium,0.6880611590577039,0.10979907992466942,2532.31089378307,278.04540622059835,3203.223355807164,0.1069182389937107,0.4,0.3333333333333333,2583.0
48,all,R8,IF (PointsAjust IS Low) AND (TeamExp IS Low) AND (Length IS High),High,0.9903165769783877,0.15803224401634325,1473.528155491676,232.86496103361273,3203.223355807164,0.1069182389937107,0.4,0.3333333333333333,2583.0
48,all,R9,IF (PointsAjust IS Medium) AND (TeamExp IS High) AND (Length IS Low),Low,0.02080234005583657,0.0033195854297879334,7932.388779395838,26.332242215495715,3203.223355807164,0.1069182389937107,0.4,0.3333333333333333,2583.0
48,all,R10,IF (PointsAjust IS Medium) AND (TeamExp IS High) AND (Length IS Medium),Medium,0.04437687694655654,0.007081551101264165,2532.31089378307,17.93268899861274,3203.223355807164,0.1069182389937107,0.4,0.3333333333333333,2583.0
48,all,R11,IF (PointsAjust IS Medium) AND (TeamExp IS High) AND (Length IS High),Medium,0.06387100375625096,0.010192375131166677,2532.31089378307,25.81026257817702,3203.223355807164,0.1069182389937107,0.4,0.3333333333333333,2583.0
48,all,R12,IF (PointsAjust IS Medium) AND (TeamExp IS Medium) AND (Length IS Low),Medium,0.0932296200656985,0.014877349738734072,2532.31089378307,37.674074814017,3203.223355807164,0.1069182389937107,0.4,0.3333333333333333,2583.0
48,all,R13,IF (PointsAjust IS Medium) AND (TeamExp IS Medium) AND (Length IS Medium),Medium,0.1988833643871197,0.0317373101715761,2532.31089378307,80.36873628685439,3203.223355807164,0.1069182389937107,0.4,0.3333333333333333,2583.0
48,all,R14,IF (PointsAjust IS Medium) AND (TeamExp IS Medium) AND (Length IS High),High,0.28624997944591146,0.045679056226135197,1473.528155491676,67.30937546549755,3203.223355807164,0.1069182389937107,0.4,0.3333333333333333,2583.0
48,all,R15,IF (PointsAjust IS Medium) AND (TeamExp IS Low) AND (Length IS Medium),High,0.3279032332534485,0.052325978354685034,1473.528155491676,77.1038023692764,3203.223355807164,0.1069182389937107,0.4,0.3333333333333333,2583.0
48,all,R16,IF (PointsAjust IS Medium) AND (TeamExp IS Low) AND (Length IS High),High,0.47194642984994856,0.0753120316255362,1473.528155491676,110.97439904750712,3203.223355807164,0.1069182389937107,0.4,0.3333333333333333,2583.0
48,all,R17,IF (PointsAjust IS High) AND (TeamExp IS High) AND (Length IS Medium),Medium,0.06791945533825304,0.010838416915347843,2532.31089378307,27.44624122609804,3203.223355807164,0.1069182389937107,0.4,0.3333333333333333,2583.0
48,all,R18,IF (PointsAjust IS High) AND (TeamExp IS Medium) AND (Length IS Medium),High,0.30439388065276307,0.048574414629281644,1473.528155491676,71.57576759277326,3203.223355807164,0.1069182389937107,0.4,0.3333333333333333,2583.0
48,all,R19,IF (PointsAjust IS High) AND (TeamExp IS Low) AND (Length IS Medium),High,0.5018606657031666,0.08008567061110411,1473.528155491676,118.00849049689417,3203.223355807164,0.1069182389937107,0.4,0.3333333333333333,2583.0
48,all,R20,IF (PointsAjust IS High) AND (TeamExp IS Low) AND (Length IS High),Very_High,0.7223208722606794,0.11526615932400852,10359.829779421241,1194.1377899243769,3203.223355807164,0.1069182389937107,0.4,0.3333333333333333,2583.0
49,all,R1,IF (PointsAjust IS Low) AND (TeamExp IS High) AND (Length IS Low),Very_Low,0.04329604976630143,0.006256051739209572,1144.938192796912,7.162792572334586,3341.0186775974344,0.1462264150943396,0.4,0.3333333333333333,3647.0
49,all,R2,IF (PointsAjust IS Low) AND (TeamExp IS High) AND (Length IS Medium),Low,0.0923618913830836,0.01334580808971539,8551.476462952382,114.12636375828065,3341.0186775974344,0.1462264150943396,0.4,0.3333333333333333,3647.0
49,all,R3,IF (PointsAjust IS Low) AND (TeamExp IS High) AND (Length IS High),Medium,0.1329351481531224,0.019208430544920527,2507.64125175876,48.16785281598571,3341.0186775974344,0.1462264150943396,0.4,0.3333333333333333,3647.0
49,all,R4,IF (PointsAjust IS Low) AND (TeamExp IS Medium) AND (Length IS Low),Low,0.19403943302644608,0.028037678703084986,8551.476462952382,239.7635495052525,3341.0186775974344,0.1462264150943396,0.4,0.3333333333333333,3647.0
49,all,R5,IF (PointsAjust IS Low) AND (TeamExp IS Medium) AND (Length IS Medium),Medium,0.41393727912731737,0.05981176225050681,2507.64125175876,149.98644235975823,3341.0186775974344,0.1462264150943396,0.4,0.3333333333333333,3647.0
49,all,R6,IF (PointsAjust IS Low) AND (TeamExp IS Medium) AND (Length IS High),Medium,0.5957740005416202,0.08608621323151817,2507.64125175876,215.87333950705576,3341.0186775974344,0.1462264150943396,0.4,0.3333333333333333,3647.0
49,all,R7,IF (PointsAjust IS Low) AND (TeamExp IS Low) AND (Length IS Medium),Medium,0.6824671968329441,0.0986129246604695,2507.64125175876,247.28583783517203,3341.0186775974344,0.1462264150943396,0.4,0.3333333333333333,3647.0
49,all,R8,IF (PointsAjust IS Low) AND (TeamExp IS Low) AND (Length IS High),High,0.9822652672230787,0.1419321708688308,1922.267916019663,272.8316583121741,3341.0186775974344,0.1462264150943396,0.4,0.3333333333333333,3647.0
49,all,R9,IF (PointsAjust IS Medium) AND (TeamExp IS High) AND (Length IS Low),Low,0.02832194403109123,0.0040923721256300736,8551.476462952382,34.99582390996798,3341.0186775974344,0.1462264150943396,0.4,0.3333333333333333,3647.0
49,all,R10,IF (PointsAjust IS Medium) AND (TeamExp IS High) AND (Length IS Medium),Medium,0.060418175156326324,0.008730108908475897,2507.64125175876,21.891981231240802,3341.0186775974344,0.1462264150943396,0.4,0.3333333333333333,3647.0
49,all,R11,IF (PointsAjust IS Medium) AND (TeamExp IS High) AND (Length IS High),Medium,0.08695901464636499,0.012565120784801227,2507.64125175876,31.508815213298963,3341.0186775974344,0.1462264150943396,0.4,0.3333333333333333,3647.0
49,all,R12,IF (PointsAjust IS Medium) AND (TeamExp IS Medium) AND (Length IS Low),Medium,0.12693014701486802,0.018340739427192464,2507.64125175876,45.99199477538615,3341.0186775974344,0.1462264150943396,0.4,0.3333333333333333,3647.0
49,all,R13,IF (PointsAjust IS Medium) AND (TeamExp IS Medium) AND (Length IS Medium),Medium,0.2707754752478786,0.03912563367797741,2507.64125175876,98.11305301209798,3341.0186775974344,0.1462264150943396,0.4,0.3333333333333333,3647.0
49,all,R14,IF (PointsAjust IS Medium) AND (TeamExp IS Medium) AND (Length IS High),High,0.38972326550798186,0.05631296448872133,1922.267916019663,108.24860489262363,3341.0186775974344,0.1462264150943396,0.4,0.3333333333333333,3647.0
49,all,R15,IF (PointsAjust IS Medium) AND (TeamExp IS Low) AND (Length IS Medium),High,0.4464332856251133,0.06450726447450263,1922.267916019663,124.00024484953141,3341.0186775974344,0.1462264150943396,0.4,0.3333333333333333,3647.0
49,all,R16,IF (PointsAjust IS Medium) AND (TeamExp IS Low) AND (Length IS High),High,0.6425450375297229,0.09284438236873577,1922.267916019663,178.47177741008244,3341.0186775974344,0.1462264150943396,0.4,0.3333333333333333,3647.0
49,all,R17,IF (PointsAjust IS High) AND (TeamExp IS High) AND (Length IS Medium),Medium,0.07366228799054202,0.010643813636228497,2507.64125175876,26.69086615023899,3341.0186775974344,0.1462264150943396,0.4,0.3333333333333333,3647.0
49,all,R18,IF (PointsAjust IS High) AND (TeamExp IS Medium) AND (Length IS Medium),High,0.3301314709833072,0.04770226324020053,1922.267916019663,91.69653014816164,3341.0186775974344,0.1462264150943396,0.4,0.3333333333333333,3647.0
49,all,R19,IF (PointsAjust IS High) AND (TeamExp IS Low) AND (Length IS Medium),High,0.5442947783377005,0.07864773606465539,1922.267916019663,151.1820197046696,3341.0186775974344,0.1462264150943396,0.4,0.3333333333333333,3647.0
49,all,R20,IF (PointsAjust IS High) AND (TeamExp IS Low) AND (Length IS High),Very_High,0.7833956831523414,0.11319656071462295,10009.395360434786,1133.0291296341215,3341.0186775974344,0.1462264150943396,0.4,0.3333333333333333,3647.0
50,all,R1,IF (PointsAjust IS Low) AND (TeamExp IS High) AND (Length IS Low),Very_Low,0.012139993849280066,0.0038915882228475482,3042.302046083354,11.83938681288298,5219.927940505629,0.4528301886792453,0.8,0.3636363636363636,8232.0
50,all,R2,IF (PointsAjust IS Low) AND (TeamExp IS High) AND (Length IS Medium),Low,0.029215344110493265,0.009365250961274286,16316.843977944587,152.8113387494081,5219.927940505629,0.4528301886792453,0.8,0.3636363636363636,8232.0
50,all,R3,IF (PointsAjust IS Low) AND (TeamExp IS High) AND (Length IS High),Medium,0.05613476283413363,0.017994521632365534,1761.125237622599,31.69060618570475,5219.927940505629,0.4528301886792453,0.8,0.3636363636363636,8232.0
50,all,R4,IF (PointsAjust IS Low) AND (TeamExp IS Medium) AND (Length IS Low),Low,0.00736327847831115,0.002360367572133638,16316.843977944587,38.51374940510444,5219.927940505629,0.4528301886792453,0.8,0.3636363636363636,8232.0
50,all,R5,IF (PointsAjust IS Low) AND (TeamExp IS Medium) AND (Length IS Medium),Medium,0.017720001937069078,0.005680311843916067,1761.125237622599,10.003740545887146,5219.927940505629,0.4528301886792453,0.8,0.3636363636363636,8232.0
50,all,R6,IF (PointsAjust IS Low) AND (TeamExp IS Medium) AND (Length IS High),Medium,0.03404745473459928,0.010914229076891921,1761.125237622599,19.221324276508764,5219.927940505629,0.4528301886792453,0.8,0.3636363636363636,8232.0
50,all,R7,IF (PointsAjust IS Low) AND (TeamExp IS Low) AND (Length IS Medium),Medium,0.01201078703522055,0.0038501697738641096,1761.125237622599,6.780631157883778,5219.927940505629,0.4528301886792453,0.8,0.3636363636363636,8232.0
50,all,R8,IF (PointsAjust IS Low) AND (TeamExp IS Low) AND (Length IS High),High,0.023077690925818406,0.007397769004862926,6233.834314571695,46.11646627378941,5219.927940505629,0.4528301886792453,0.8,0.3636363636363636,8232.0
50,all,R9,IF (PointsAjust IS Medium) AND (TeamExp IS High) AND (Length IS Low),Low,0.09393578414558598,0.030111991474080564,16316.843977944587,491.3326667477702,5219.927940505629,0.4528301886792453,0.8,0.3636363636363636,8232.0
50,all,R10,IF (PointsAjust IS Medium) AND (TeamExp IS High) AND (Length IS Medium),Medium,0.22605993809997357,0.07246562096237581,1761.125237622599,127.62103393683329,5219.927940505629,0.4528301886792453,0.8,0.3636363636363636,8232.0
50,all,R11,IF (PointsAjust IS Medium) AND (TeamExp IS High) AND (Length IS High),Medium,0.43435466525903926,0.13923643791312196,1761.125237622599,245.21280480547114,5219.927940505629,0.4528301886792453,0.8,0.3636363636363636,8232.0
50,all,R12,IF (PointsAjust IS Medium) AND (TeamExp IS Medium) AND (Length IS Low),Medium,0.05697493312844578,0.018263846054035273,1761.125237622599,32.164920221815436,5219.927940505629,0.4528301886792453,0.8,0.3636363636363636,8232.0
50,all,R13,IF (PointsAjust IS Medium) AND (TeamExp IS Medium) AND (Length IS Medium),Medium,0.137112283390374,0.043952620888795424,1761.125237622599,77.40606990691585,5219.927940505629,0.4528301886792453,0.8,0.3636363636363636,8232.0
50,all,R14,IF (PointsAjust IS Medium) AND (TeamExp IS Medium) AND (Length IS High),High,0.26344942166882507,0.08445116854348296,6233.834314571695,526.4545923720418,5219.927940505629,0.4528301886792453,0.8,0.3636363636363636,8232.0
50,all,R15,IF (PointsAjust IS Medium) AND (TeamExp IS Low) AND (Length IS Medium),High,0.09293601894419314,0.029791507416867972,6233.834314571695,185.71532121808875,5219.927940505629,0.4528301886792453,0.8,0.3636363636363636,8232.0
50,all,R16,IF (PointsAjust IS Medium) AND (TeamExp IS Low) AND (Length IS High),High,0.17856854132712627,0.05724181091252535,6233.834314571695,356.83596509472505,5219.927940505629,0.4528301886792453,0.8,0.3636363636363636,8232.0
50,all,R17,IF (PointsAjust IS High) AND (TeamExp IS High) AND (Length IS Medium),Medium,0.5144846818745029,0.16492286187912827,1761.125237622599,290.44981431627883,5219.927940505629,0.4528301886792453,0.8,0.3636363636363636,8232.0
50,all,R18,IF (PointsAjust IS High) AND (TeamExp IS Medium) AND (Length IS Medium),High,0.31205073350938656,0.10003077221724319,6233.834314571695,623.5752603609556,5219.927940505629,0.4528301886792453,0.8,0.3636363636363636,8232.0
50,all,R19,IF (PointsAjust IS High) AND (TeamExp IS Low) AND (Length IS Medium),High,0.21151097599628849,0.0678018155041289,6233.834314571695,422.66528407989796,5219.927940505629,0.4528301886792453,0.8,0.3636363636363636,8232.0
50,all,R20,IF (PointsAjust IS High) AND (TeamExp IS Low) AND (Length IS High),Very_High,0.4064000899480531,0.13027533814605824,11694.592282152238,1523.5169640376657,5219.927940505629,0.4528301886792453,0.8,0.3636363636363636,8232.0
51,all,R1,IF (PointsAjust IS Low) AND (TeamExp IS High) AND (Length IS Low),Very_Low,0.04359111033493817,0.006990646764574917,940.1865285043716,6.572511913586008,3198.547523636522,0.1053459119496855,0.4,0.3333333333333333,3276.0
51,all,R2,IF (PointsAjust IS Low) AND (TeamExp IS High) AND (Length IS Medium),Low,0.0929913333838887,0.014912892992600828,7907.625272053576,117.925569507721,3198.547523636522,0.1053459119496855,0.4,0.3333333333333333,3276.0
51,all,R3,IF (PointsAjust IS Low) AND (TeamExp IS High) AND (Length IS High),Medium,0.1338410950147319,0.021463913413602355,2533.297679464042,54.37448204289598,3198.547523636522,0.1053459119496855,0.4,0.3333333333333333,3276.0
51,all,R4,IF (PointsAjust IS Low) AND (TeamExp IS Medium) AND (Length IS Low),Low,0.19536180275199308,0.031329905199389566,7907.625272053576,247.74515012573565,3198.547523636522,0.1053459119496855,0.4,0.3333333333333333,3276.0
51,all,R5,IF (PointsAjust IS Low) AND (TeamExp IS Medium) AND (Length IS Medium),Medium,0.4167582424627372,0.06683494953206025,2533.297679464042,169.3128225566646,3198.547523636522,0.1053459119496855,0.4,0.3333333333333333,3276.0
51,all,R6,IF (PointsAjust IS Low) AND (TeamExp IS Medium) AND (Length IS High),Medium,0.5998341726896025,0.09619458615242427,2533.297679464042,243.6895218769403,3198.547523636522,0.1053459119496855,0.4,0.3333333333333333,3276.0
51,all,R7,IF (PointsAjust IS Low) AND (TeamExp IS Low) AND (Length IS Medium),Medium,0.687118179087916,0.11019220291967727,2533.297679464042,279.1496519514493,3198.547523636522,0.1053459119496855,0.4,0.3333333333333333,3276.0
51,all,R8,IF (PointsAjust IS Low) AND (TeamExp IS Low) AND (Length IS High),High,0.9889593594061613,0.15859806031569787,1455.5785650705561,230.85193705729702,3198.547523636522,0.1053459119496855,0.4,0.3333333333333333,3276.0
51,all,R9,IF (PointsAjust IS Medium) AND (TeamExp IS High) AND (Length IS Low),Low,0.020512299190193064,0.0032895293757403033,7907.625272053576,26.012365624766645,3198.547523636522,0.1053459119496855,0.4,0.3333333333333333,3276.0
51,all,R10,IF (PointsAjust IS Medium) AND (TeamExp IS High) AND (Length IS Medium),Medium,0.04375814329593903,0.007017433612155217,2533.297679464042,17.777248285465785,3198.547523636522,0.1053459119496855,0.4,0.3333333333333333,3276.0
51,all,R11,IF (PointsAjust IS Medium) AND (TeamExp IS High) AND (Length IS High),Medium,0.06298046926978174,0.010100091746902143,2533.297679464042,25.586538984801123,3198.547523636522,0.1053459119496855,0.4,0.3333333333333333,3276.0
51,all,R12,IF (PointsAjust IS Medium) AND (TeamExp IS Medium) AND (Length IS Low),Medium,0.09192974708819263,0.01474264784981132,2533.297679464042,37.34751558708257,3198.547523636522,0.1053459119496855,0.4,0.3333333333333333,3276.0
51,all,R13,IF (PointsAjust IS Medium) AND (TeamExp IS Medium) AND (Length IS Medium),Medium,0.19611039254769688,0.031449955521419014,2533.297679464042,79.67209934165813,3198.547523636522,0.1053459119496855,0.4,0.3333333333333333,3276.0
51,all,R14,IF (PointsAjust IS Medium) AND (TeamExp IS Medium) AND (Length IS High),High,0.28225888077114325,0.04526547079150303,1455.5785650705561,65.88744902193915,3198.547523636522,0.1053459119496855,0.4,0.3333333333333333,3276.0
51,all,R15,IF (PointsAjust IS Medium) AND (TeamExp IS Low) AND (Length IS Medium),High,0.3233313755987396,0.051852210630736445,1455.5785650705561,75.47496634562359,3198.547523636522,0.1053459119496855,0.4,0.3333333333333333,3276.0
51,all,R16,IF (PointsAjust IS Medium) AND (TeamExp IS Low) AND (Length IS High),High,0.4653662205713951,0.0746301445222064,1455.5785650705561,108.63003867464141,3198.547523636522,0.1053459119496855,0.4,0.3333333333333333,3276.0
51,all,R17,IF (PointsAjust IS High) AND (TeamExp IS High) AND (Length IS Medium),Medium,0.06768273350391432,0.010854187432970697,2533.297679464042,27.496887836412437,3198.547523636522,0.1053459119496855,0.4,0.3333333333333333,3276.0
51,all,R18,IF (PointsAjust IS High) AND (TeamExp IS Medium) AND (Length IS Medium),High,0.3033329669950968,0.04864509318574556,1455.5785650705561,70.806754937031,3198.547523636522,0.1053459119496855,0.4,0.3333333333333333,3276.0
51,all,R19,IF (PointsAjust IS High) AND (TeamExp IS Low) AND (Length IS Medium),High,0.5001115147893959,0.08020219985052854,1455.5785650705561,116.7406029739343,3198.547523636522,0.1053459119496855,0.4,0.3333333333333333,3276.0
51,all,R20,IF (PointsAjust IS High) AND (TeamExp IS Low) AND (Length IS High),Very_High,0.7198033443887151,0.11543387819025402,10373.847156180698,1197.4934089908759,3198.547523636522,0.1053459119496855,0.4,0.3333333333333333,3276.0
52,all,R1,IF (PointsAjust IS Low) AND (TeamExp IS High) AND (Length IS Low),Very_Low,0.11942516881734822,0.014974616363232468,1229.4798364573942,18.410988877279273,2320.371901394934,0.1210691823899371,0.4,0.2121212121212121,2723.0
52,all,R2,IF (PointsAjust IS Low) AND (TeamExp IS High) AND (Length IS Medium),Low,0.1299141238403394,0.016289817162828714,8251.489767878194,134.41525963968772,2320.371901394934,0.1210691823899371,0.4,0.2121212121212121,2723.0
52,all,R3,IF (PointsAjust IS Low) AND (TeamExp IS High) AND (Length IS High),Medium,0.12492205375724799,0.015663865907386113,168.7016209271046,2.6425195685608496,2320.371901394934,0.1210691823899371,0.4,0.2121212121212121,2723.0
52,all,R4,IF (PointsAjust IS Low) AND (TeamExp IS Medium) AND (Length IS Low),Low,0.535226473811988,0.06711157448760452,8251.489767878194,553.770470190664,2320.371901394934,0.1210691823899371,0.4,0.2121212121212121,2723.0
52,all,R5,IF (PointsAjust IS Low) AND (TeamExp IS Medium) AND (Length IS Medium),Medium,0.582234708897795,0.0730058955364549,168.7016209271046,12.316212914234812,2320.371901394934,0.1210691823899371,0.4,0.2121212121212121,2723.0
52,all,R6,IF (PointsAjust IS Low) AND (TeamExp IS Medium) AND (Length IS High),Medium,0.5598618029680427,0.07020057663637339,168.7016209271046,11.842951068573619,2320.371901394934,0.1210691823899371,0.4,0.2121212121212121,2723.0
52,all,R7,IF (PointsAjust IS Low) AND (TeamExp IS Low) AND (Length IS Medium),Medium,0.9599427490996916,0.12036637285746468,168.7016209271046,20.30600220617054,2320.371901394934,0.1210691823899371,0.4,0.2121212121212121,2723.0
52,all,R8,IF (PointsAjust IS Low) AND (TeamExp IS Low) AND (Length IS High),High,0.9230560632059358,0.11574118391580324,1343.8676524990979,155.54083312639685,2320.371901394934,0.1210691823899371,0.4,0.2121212121212121,2723.0
52,all,R9,IF (PointsAjust IS Medium) AND (TeamExp IS High) AND (Length IS Low),Low,0.0637873745040887,0.007998242510148404,8251.489767878194,65.99741623349796,2320.371901394934,0.1210691823899371,0.4,0.2121212121212121,2723.0
52,all,R10,IF (PointsAjust IS Medium) AND (TeamExp IS High) AND (Length IS Medium),Medium,0.0693897354539096,0.008700717597960346,168.7016209271046,1.4678251620048945,2320.371901394934,0.1210691823899371,0.4,0.2121212121212121,2723.0
52,all,R11,IF (PointsAjust IS Medium) AND (TeamExp IS High) AND (Length IS High),Medium,0.06672337084170775,0.00836638449592146,168.7016209271046,1.4114226257613474,2320.371901394934,0.1210691823899371,0.4,0.2121212121212121,2723.0
52,all,R12,IF (PointsAjust IS Medium) AND (TeamExp IS Medium) AND (Length IS Low),Medium,0.28587517914053534,0.035845636039645405,168.7016209271046,6.047216903051218,2320.371901394934,0.1210691823899371,0.4,0.2121212121212121,2723.0
52,all,R13,IF (PointsAjust IS Medium) AND (TeamExp IS Medium) AND (Length IS Medium),Medium,0.3109832189774364,0.03899391096287695,168.7016209271046,6.578335985724537,2320.371901394934,0.1210691823899371,0.4,0.2121212121212121,2723.0
52,all,R14,IF (PointsAjust IS Medium) AND (TeamExp IS Medium) AND (Length IS High),High,0.29903340183739524,0.03749553395361705,1343.8676524990979,50.38903519344756,2320.371901394934,0.1210691823899371,0.4,0.2121212121212121,2723.0
52,all,R15,IF (PointsAjust IS Medium) AND (TeamExp IS Low) AND (Length IS Medium),High,0.5127246479588949,0.06429009043228211,1343.8676524990979,86.39737290818567,2320.371901394934,0.1210691823899371,0.4,0.2121212121212121,2723.0
52,all,R16,IF (PointsAjust IS Medium) AND (TeamExp IS Low) AND (Length IS High),High,0.4930227302591321,0.061819684385587284,1343.8676524990979,83.07747413349432,2320.371901394934,0.1210691823899371,0.4,0.2121212121212121,2723.0
52,all,R17,IF (PointsAjust IS High) AND (TeamExp IS High) AND (Length IS Medium),Medium,0.09706966697733549,0.012171479746580696,168.7016209271046,2.053348362329588,2320.371901394934,0.1210691823899371,0.4,0.2121212121212121,2723.0
52,all,R18,IF (PointsAjust IS High) AND (TeamExp IS Medium) AND (Length IS Medium),High,0.4350360655536804,0.054548787750091844,1343.8676524990979,73.30635134038748,2320.371901394934,0.1210691823899371,0.4,0.2121212121212121,2723.0
52,all,R19,IF (PointsAjust IS High) AND (TeamExp IS Low) AND (Length IS Medium),High,0.717253214800048,0.08993574665448298,1343.8676524990979,120.86174073231363,2320.371901394934,0.1210691823899371,0.4,0.2121212121212121,2723.0
52,all,R20,IF (PointsAjust IS High) AND (TeamExp IS Low) AND (Length IS High),Very_High,0.6896920981965532,0.0864798826036574,10563.602733019128,913.5391242231686,2320.371901394934,0.1210691823899371,0.4,0.2121212121212121,2723.0
53,all,R1,IF (PointsAjust IS Low) AND (TeamExp IS High) AND (Length IS Low),Very_Low,0.7839346694894138,0.09241471588833765,2258.50258804288,208.71887500705802,2632.1471716759875,0.2122641509433962,0.8,0.1212121212121212,3472.0
53,all,R2,IF (PointsAjust IS Low) AND (TeamExp IS High) AND (Length IS Medium),Low,0.4209501687470741,0.04962402067667958,12720.486199382533,631.241670175576,2632.1471716759875,0.2122641509433962,0.8,0.1212121212121212,3472.0
53,all,R3,IF (PointsAjust IS Low) AND (TeamExp IS High) AND (Length IS High),Medium,0.6590343694878897,0.07769075203236118,-2797.3529566430543,-217.32845490154793,2632.1471716759875,0.2122641509433962,0.8,0.1212121212121212,3472.0
53,all,R4,IF (PointsAjust IS Low) AND (TeamExp IS Medium) AND (Length IS Low),Low,0.4754804122570193,0.05605235859490901,12720.486199382533,713.0132539493809,2632.1471716759875,0.2122641509433962,0.8,0.1212121212121212,3472.0
53,all,R5,IF (PointsAjust IS Low) AND (TeamExp IS Medium) AND (Length IS Medium),Medium,0.25531918355630717,0.03009848999861982,-2797.3529566430543,-84.19609998813056,2632.1471716759875,0.2122641509433962,0.8,0.1212121212121212,3472.0
53,all,R6,IF (PointsAjust IS Low) AND (TeamExp IS Medium) AND (Length IS High),Medium,0.3997245508987891,0.04712182308375863,-2797.3529566430543,-131.81637112576314,2632.1471716759875,0.2122641509433962,0.8,0.1212121212121212,3472.0
53,all,R7,IF (PointsAjust IS Low) AND (TeamExp IS Low) AND (Length IS Medium),Medium,0.17305778806299665,0.020401044804565765,-2797.3529566430543,-57.06892300265947,2632.1471716759875,0.2122641509433962,0.8,0.1212121212121212,3472.0
53,all,R8,IF (PointsAjust IS Low) AND (TeamExp IS Low) AND (Length IS High),High,0.2709371291631264,0.03193962301924993,2905.133346575106,92.78886391026083,2632.1471716759875,0.2122641509433962,0.8,0.1212121212121212,3472.0
53,all,R9,IF (PointsAjust IS Medium) AND (TeamExp IS High) AND (Length IS Low),Low,0.8730697792552923,0.10292247395197139,12720.486199382533,1309.2239095123603,2632.1471716759875,0.2122641509433962,0.8,0.1212121212121212,3472.0
53,all,R10,IF (PointsAjust IS Medium) AND (TeamExp IS High) AND (Length IS Medium),Medium,0.46881313610591496,0.055266381835321746,-2797.3529566430543,-154.59957663000128,2632.1471716759875,0.2122641509433962,0.8,0.1212121212121212,3472.0
53,all,R11,IF (PointsAjust IS Medium) AND (TeamExp IS High) AND (Length IS High),Medium,0.7339680382616534,0.08652436276513881,-2797.3529566430543,-242.03918200271724,2632.1471716759875,0.2122641509433962,0.8,0.1212121212121212,3472.0
53,all,R12,IF (PointsAjust IS Medium) AND (TeamExp IS Medium) AND (Length IS Low),Medium,0.5295435891868756,0.06242563602534554,-2797.3529566430543,-174.6265375058235,2632.1471716759875,0.2122641509433962,0.8,0.1212121212121212,3472.0
53,all,R13,IF (PointsAjust IS Medium) AND (TeamExp IS Medium) AND (Length IS Medium),Medium,0.28434954072426916,0.03352075503450799,-2797.3529566430543,-93.76938320468848,2632.1471716759875,0.2122641509433962,0.8,0.1212121212121212,3472.0
53,all,R14,IF (PointsAjust IS Medium) AND (TeamExp IS Medium) AND (Length IS High),High,0.4451741184548279,0.052479678829154844,2905.133346575106,152.46046498412935,2632.1471716759875,0.2122641509433962,0.8,0.1212121212121212,3472.0
53,all,R15,IF (PointsAjust IS Medium) AND (TeamExp IS Low) AND (Length IS Medium),High,0.19273484220436046,0.022720688824363934,2905.133346575106,66.00663076081601,2632.1471716759875,0.2122641509433962,0.8,0.1212121212121212,3472.0
53,all,R16,IF (PointsAjust IS Medium) AND (TeamExp IS Low) AND (Length IS High),High,0.30174328136881523,0.035571228961051006,2905.133346575106,103.33916343340744,2632.1471716759875,0.2122641509433962,0.8,0.1212121212121212,3472.0
53,all,R17,IF (PointsAjust IS High) AND (TeamExp IS High) AND (Length IS Medium),Medium,0.4565314503627217,0.05381854626590332,-2797.3529566430543,-150.54946951915568,2632.1471716759875,0.2122641509433962,0.8,0.1212121212121212,3472.0
53,all,R18,IF (PointsAjust IS High) AND (TeamExp IS Medium) AND (Length IS Medium),High,0.2769003217680669,0.03264259837143322,2905.133346575106,94.83110104770888,2632.1471716759875,0.2122641509433962,0.8,0.1212121212121212,3472.0
53,all,R19,IF (PointsAjust IS High) AND (TeamExp IS Low) AND (Length IS Medium),High,0.18768569024718684,0.022125465827142553,2905.133346575106,64.27742858293979,2632.1471716759875,0.2122641509433962,0.8,0.1212121212121212,3472.0
53,all,R20,IF (PointsAjust IS High) AND (TeamExp IS Low) AND (Length IS High),Very_High,0.29383839161322084,0.034639355210183874,14499.10961521536,502.2398081928373,2632.1471716759875,0.2122641509433962,0.8,0.1212121212121212,3472.0
54,all,R1,IF (PointsAjust IS Low) AND (TeamExp IS High) AND (Length IS Low),Very_Low,0.0909611807194249,0.023299445227010905,728.3712415112782,16.970645846521958,1831.6831685742115,0.0,0.4,0.1515151515151515,1575.0
54,all,R2,IF (PointsAjust IS Low) AND (TeamExp IS High) AND (Length IS Medium),Low,0.06299692345975896,0.01613648103522696,6392.814413725037,103.15752854879963,1831.6831685742115,0.0,0.4,0.1515151515151515,1575.0
54,all,R3,IF (PointsAjust IS Low) AND (TeamExp IS High) AND (Length IS High),Medium,0.07776044088881404,0.019918113628116466,-932.6799825016292,-18.577225870137127,1831.6831685742115,0.0,0.4,0.1515151515151515,1575.0
54,all,R4,IF (PointsAjust IS Low) AND (TeamExp IS Medium) AND (Length IS Low),Low,0.4076597294552922,0.10442086901883521,6392.814413725037,667.5432365573039,1831.6831685742115,0.0,0.4,0.1515151515151515,1575.0
54,all,R5,IF (PointsAjust IS Low) AND (TeamExp IS Medium) AND (Length IS Medium),Medium,0.28233262333452547,0.07231869068929417,-932.6799825016292,-67.45019516663162,1831.6831685742115,0.0,0.4,0.1515151515151515,1575.0
54,all,R6,IF (PointsAjust IS Low) AND (TeamExp IS Medium) AND (Length IS High),Medium,0.3484981180360672,0.08926679214888127,-932.6799825016292,-83.25735013939514,1831.6831685742115,0.0,0.4,0.1515151515151515,1575.0
54,all,R7,IF (PointsAjust IS Low) AND (TeamExp IS Low) AND (Length IS Medium),Medium,0.4654878015041993,0.11923336360862255,-932.6799825016292,-111.20657148410046,1831.6831685742115,0.0,0.4,0.1515151515151515,1575.0
54,all,R8,IF (PointsAjust IS Low) AND (TeamExp IS Low) AND (Length IS High),High,0.5745762600050277,0.14717605898302769,-183.8542183184295,-27.05893927951163,1831.6831685742115,0.0,0.4,0.1515151515151515,1575.0
54,all,R9,IF (PointsAjust IS Medium) AND (TeamExp IS High) AND (Length IS Low),Low,0.01831563888873421,0.0046914983041182285,6392.814413725037,29.99187798053358,1831.6831685742115,0.0,0.4,0.1515151515151515,1575.0
54,all,R10,IF (PointsAjust IS Medium) AND (TeamExp IS High) AND (Length IS Medium),Medium,0.01268484964755709,0.0032491878099929926,-932.6799825016292,-3.030452429768771,1831.6831685742115,0.0,0.4,0.1515151515151515,1575.0
54,all,R11,IF (PointsAjust IS Medium) AND (TeamExp IS High) AND (Length IS High),Medium,0.015657582101329663,0.004010644691196829,-932.6799825016292,-3.74064802040571,1831.6831685742115,0.0,0.4,0.1515151515151515,1575.0
54,all,R12,IF (PointsAjust IS Medium) AND (TeamExp IS Medium) AND (Length IS Low),Medium,0.08208499862389895,0.02102583667307624,-932.6799825016292,-19.610376980326862,1831.6831685742115,0.0,0.4,0.1515151515151515,1575.0
54,all,R13,IF (PointsAjust IS Medium) AND (TeamExp IS Medium) AND (Length IS Medium),Medium,0.05684955202433828,0.014561849495521272,-932.6799825016292,-13.581545532674138,1831.6831685742115,0.0,0.4,0.1515151515151515,1575.0
54,all,R14,IF (PointsAjust IS Medium) AND (TeamExp IS Medium) AND (Length IS High),High,0.07017241457145008,0.017974462477546218,-183.8542183184295,-3.3046807485032015,1831.6831685742115,0.0,0.4,0.1515151515151515,1575.0
54,all,R15,IF (PointsAjust IS Medium) AND (TeamExp IS Low) AND (Length IS Medium),High,0.0937290656523,0.02400843100399984,-183.8542183184295,-4.414051315292338,1831.6831685742115,0.0,0.4,0.1515151515151515,1575.0
54,all,R16,IF (PointsAjust IS Medium) AND (TeamExp IS Low) AND (Length IS High),High,0.11569475252033733,0.02963487861613176,-183.8542183184295,-5.448497442930447,1831.6831685742115,0.0,0.4,0.1515151515151515,1575.0
54,all,R17,IF (PointsAjust IS High) AND (TeamExp IS High) AND (Length IS Medium),Medium,0.05131741777250946,0.013144809193608935,-932.6799825016292,-12.259900408682435,1831.6831685742115,0.0,0.4,0.1515151515151515,1575.0
54,all,R18,IF (PointsAjust IS High) AND (TeamExp IS Medium) AND (Length IS Medium),High,0.22998871034902812,0.0589109476946765,-183.8542183184295,-10.831026238802634,1831.6831685742115,0.0,0.4,0.1515151515151515,1575.0
54,all,R19,IF (PointsAjust IS High) AND (TeamExp IS Low) AND (Length IS Medium),High,0.3791872787733332,0.09712773254131579,-183.8542183184295,-17.857343343425104,1831.6831685742115,0.0,0.4,0.1515151515151515,1575.0
54,all,R20,IF (PointsAjust IS High) AND (TeamExp IS Low) AND (Length IS High),Very_High,0.4680509516576454,0.11988990715979997,11807.905415713913,1415.6486840416403,1831.6831685742115,0.0,0.4,0.1515151515151515,1575.0
55,all,R1,IF (PointsAjust IS Low) AND (TeamExp IS High) AND (Length IS Low),Very_Low,0.033342635108111016,0.004530546368586779,1538.6913933594897,6.971112704560567,3734.0437978179666,0.2248427672955975,0.4,0.3333333333333333,2926.0
55,all,R2,IF (PointsAjust IS Low) AND (TeamExp IS High) AND (Length IS Medium),Low,0.0711286331871799,0.009664850115890425,9789.651830065472,94.61551762433518,3734.0437978179666,0.2248427672955975,0.4,0.3333333333333333,2926.0
55,all,R3,IF (PointsAjust IS Low) AND (TeamExp IS High) AND (Length IS High),Medium,0.1023744235752914,0.013910480424277356,2458.3019677101415,34.19616139879443,3734.0437978179666,0.2248427672955975,0.4,0.3333333333333333,2926.0
55,all,R4,IF (PointsAjust IS Low) AND (TeamExp IS Medium) AND (Length IS Low),Low,0.14943132334029144,0.020304500142755186,9789.651830065472,198.77398698108794,3734.0437978179666,0.2248427672955975,0.4,0.3333333333333333,2926.0
55,all,R5,IF (PointsAjust IS Low) AND (TeamExp IS Medium) AND (Length IS Medium),Medium,0.31877641794306955,0.043314853130841706,2458.3019677101415,106.48098868262394,3734.0437978179666,0.2248427672955975,0.4,0.3333333333333333,2926.0
55,all,R6,IF (PointsAjust IS Low) AND (TeamExp IS Medium) AND (Length IS High),Medium,0.4588103352195431,0.06234244808063545,2458.3019677101415,153.25656278849345,3734.0437978179666,0.2248427672955975,0.4,0.3333333333333333,2926.0
55,all,R7,IF (PointsAjust IS Low) AND (TeamExp IS Low) AND (Length IS Medium),Medium,0.5255734608603325,0.07141411969407073,2458.3019677101415,175.55747096622164,3734.0437978179666,0.2248427672955975,0.4,0.3333333333333333,2926.0
55,all,R8,IF (PointsAjust IS Low) AND (TeamExp IS Low) AND (Length IS High),High,0.7564503588935166,0.10278532021806201,2819.747437075638,289.82864325387914,3734.0437978179666,0.2248427672955975,0.4,0.3333333333333333,2926.0
55,all,R9,IF (PointsAjust IS Medium) AND (TeamExp IS High) AND (Length IS Low),Low,0.04109480890844437,0.005583899912656548,9789.651830065472,54.6644359988406,3734.0437978179666,0.2248427672955975,0.4,0.3333333333333333,2926.0
55,all,R10,IF (PointsAjust IS Medium) AND (TeamExp IS High) AND (Length IS Medium),Medium,0.0876660641628451,0.011911930996259368,2458.3019677101415,29.283123407331832,3734.0437978179666,0.2248427672955975,0.4,0.3333333333333333,2926.0
55,all,R11,IF (PointsAjust IS Medium) AND (TeamExp IS High) AND (Length IS High),Medium,0.12617651125346488,0.017144671769546895,2458.3019677101415,42.14678034682164,3734.0437978179666,0.2248427672955975,0.4,0.3333333333333333,2926.0
55,all,R12,IF (PointsAjust IS Medium) AND (TeamExp IS Medium) AND (Length IS Low),Medium,0.18417415593260653,0.02502530320841453,2458.3019677101415,61.51975211978836,3734.0437978179666,0.2248427672955975,0.4,0.3333333333333333,2926.0
55,all,R13,IF (PointsAjust IS Medium) AND (TeamExp IS Medium) AND (Length IS Medium),Medium,0.3928920415981785,0.05338557095255683,2458.3019677101415,131.23785411999984,3734.0437978179666,0.2248427672955975,0.4,0.3333333333333333,2926.0
55,all,R14,IF (PointsAjust IS Medium) AND (TeamExp IS Medium) AND (Length IS High),High,0.5654838914180415,0.0768370880841119,2819.747437075638,216.66118219752957,3734.0437978179666,0.2248427672955975,0.4,0.3333333333333333,2926.0
55,all,R15,IF (PointsAjust IS Medium) AND (TeamExp IS Low) AND (Length IS Medium),High,0.6477694660717163,0.08801792637795133,2819.747437075638,248.18832232094047,3734.0437978179666,0.2248427672955975,0.4,0.3333333333333333,2926.0
55,all,R16,IF (PointsAjust IS Medium) AND (TeamExp IS Low) AND (Length IS High),High,0.9323253200192064,0.12668294150293463,2819.747437075638,357.2138996241029,3734.0437978179666,0.2248427672955975,0.4,0.3333333333333333,2926.0
55,all,R17,IF (PointsAjust IS High) AND (TeamExp IS High) AND (Length IS Medium),Medium,0.0836412852094843,0.011365050174980863,2458.3019677101415,27.938725208279944,3734.0437978179666,0.2248427672955975,0.4,0.3333333333333333,2926.0
55,all,R18,IF (PointsAjust IS High) AND (TeamExp IS Medium) AND (Length IS Medium),High,0.3748542337523747,0.05093462115305545,2819.747437075638,143.62276745474668,3734.0437978179666,0.2248427672955975,0.4,0.3333333333333333,2926.0
55,all,R19,IF (PointsAjust IS High) AND (TeamExp IS Low) AND (Length IS Medium),High,0.6180301485995379,0.08397699331009519,2819.747437075638,236.7939116594589,3734.0437978179666,0.2248427672955975,0.4,0.3333333333333333,2926.0
55,all,R20,IF (PointsAjust IS High) AND (TeamExp IS Low) AND (Length IS High),Very_High,0.8895219460850423,0.12086688438231685,9308.526522461878,1125.0925989601299,3734.0437978179666,0.2248427672955975,0.4,0.3333333333333333,2926.0
56,all,R1,IF (PointsAjust IS Low) AND (TeamExp IS High) AND (Length IS Low),Very_Low,0.9660429937470418,0.1267140506896492,1575.861800182629,199.68383202822346,2290.726727782294,0.0864779874213836,0.8,0.1515151515151515,1876.0
56,all,R2,IF (PointsAjust IS Low) AND (TeamExp IS High) AND (Length IS Medium),Low,0.6690517433325548,0.0877582644534335,10715.348256401088,940.3603659958843,2290.726727782294,0.0864779874213836,0.8,0.1515151515151515,1876.0
56,all,R3,IF (PointsAjust IS Low) AND (TeamExp IS High) AND (Length IS High),Medium,0.8258460204362522,0.10832467620256447,-2129.7280517334607,-230.7021016035456,2290.726727782294,0.0864779874213836,0.8,0.1515151515151515,1876.0
56,all,R4,IF (PointsAjust IS Low) AND (TeamExp IS Medium) AND (Length IS Low),Low,0.5859346943081606,0.07685595675965298,10715.348256401088,823.538342258585,2290.726727782294,0.0864779874213836,0.8,0.1515151515151515,1876.0
56,all,R5,IF (PointsAjust IS Low) AND (TeamExp IS Medium) AND (Length IS Medium),Medium,0.40580039526538186,0.05322807803417676,-2129.7280517334607,-113.36133092924388,2290.726727782294,0.0864779874213836,0.8,0.1515151515151515,1876.0
56,all,R6,IF (PointsAjust IS Low) AND (TeamExp IS Medium) AND (Length IS High),Medium,0.5009009315962529,0.06570223732029883,-2129.7280517334607,-139.92789788268948,2290.726727782294,0.0864779874213836,0.8,0.1515151515151515,1876.0
56,all,R7,IF (PointsAjust IS Low) AND (TeamExp IS Low) AND (Length IS Medium),Medium,0.27505539466927337,0.03607850111038652,-2129.7280517334607,-76.83739587928697,2290.726727782294,0.0864779874213836,0.8,0.1515151515151515,1876.0
56,all,R8,IF (PointsAjust IS Low) AND (TeamExp IS Low) AND (Length IS High),High,0.3395154490677931,0.04453360575208568,1541.9678170812103,68.66938684829879,2290.726727782294,0.0864779874213836,0.8,0.1515151515151515,1876.0
56,all,R9,IF (PointsAjust IS Medium) AND (TeamExp IS High) AND (Length IS Low),Low,0.39046842796005704,0.051217012590015286,10715.348256401088,548.8081265544929,2290.726727782294,0.0864779874213836,0.8,0.1515151515151515,1876.0
56,all,R10,IF (PointsAjust IS Medium) AND (TeamExp IS High) AND (Length IS Medium),Medium,0.27042645527576264,0.03547133179727599,-2129.7280517334607,-75.54429036100375,2290.726727782294,0.0864779874213836,0.8,0.1515151515151515,1876.0
56,all,R11,IF (PointsAjust IS Medium) AND (TeamExp IS High) AND (Length IS High),Medium,0.33380170388280916,0.04378414449447692,-2129.7280517334607,-93.24832075103866,2290.726727782294,0.0864779874213836,0.8,0.1515151515151515,1876.0
56,all,R12,IF (PointsAjust IS Medium) AND (TeamExp IS Medium) AND (Length IS Low),Medium,0.23683107320756824,0.03106468843473222,-2129.7280517334607,-66.15933837780922,2290.726727782294,0.0864779874213836,0.8,0.1515151515151515,1876.0
56,all,R13,IF (PointsAjust IS Medium) AND (TeamExp IS Medium) AND (Length IS Medium),Medium,0.16402193632215722,0.02151445027588751,-2129.7280517334607,-45.819928270182324,2290.726727782294,0.0864779874213836,0.8,0.1515151515151515,1876.0
56,all,R14,IF (PointsAjust IS Medium) AND (TeamExp IS Medium) AND (Length IS High),High,0.20246096766924132,0.02655642604518835,1541.9678170812103,40.94915429837768,2290.726727782294,0.0864779874213836,0.8,0.1515151515151515,1876.0
56,all,R15,IF (PointsAjust IS Medium) AND (TeamExp IS Low) AND (Length IS Medium),High,0.11117563944215822,0.014582700462518555,1541.9678170812103,22.48605479933889,2290.726727782294,0.0864779874213836,0.8,0.1515151515151515,1876.0
56,all,R16,IF (PointsAjust IS Medium) AND (TeamExp IS Low) AND (Length IS High),High,0.13722998305846357,0.018000199931022063,1541.9678170812103,27.755728994663443,2290.726727782294,0.0864779874213836,0.8,0.1515151515151515,1876.0
56,all,R17,IF (PointsAjust IS High) AND (TeamExp IS High) AND (Length IS Medium),Medium,0.4788876299405666,0.06281479375940117,-2129.7280517334607,-133.7784283332486,2290.726727782294,0.0864779874213836,0.8,0.1515151515151515,1876.0
56,all,R18,IF (PointsAjust IS High) AND (TeamExp IS Medium) AND (Length IS Medium),High,0.29046003011607124,0.0380990982986026,1541.9678170812103,58.7475834362587,2290.726727782294,0.0864779874213836,0.8,0.1515151515151515,1876.0
56,all,R19,IF (PointsAjust IS High) AND (TeamExp IS Low) AND (Length IS Medium),High,0.19687659044042466,0.025823933740163996,1541.9678170812103,39.81967473777049,2290.726727782294,0.0864779874213836,0.8,0.1515151515151515,1876.0
56,all,R20,IF (PointsAjust IS High) AND (TeamExp IS Low) AND (Length IS High),Very_High,0.24301520824446415,0.03187584984846745,15538.017419863761,495.28751021844886,2290.726727782294,0.0864779874213836,0.8,0.1515151515151515,1876.0
57,all,R1,IF (PointsAjust IS Low) AND (TeamExp IS High) AND (Length IS Low),Very_Low,0.13117145431019428,0.021926584899631365,1395.2619013490257,30.593328537150494,2059.634085135784,0.1226415094339622,0.4,0.1212121212121212,2520.0
57,all,R2,IF (PointsAjust IS Low) AND (TeamExp IS High) AND (Length IS Medium),Low,0.07043526453886607,0.011773939810007997,8348.425342021956,98.29385748531193,2059.634085135784,0.1226415094339622,0.4,0.1212121212121212,2520.0
57,all,R3,IF (PointsAjust IS Low) AND (TeamExp IS High) AND (Length IS High),Medium,0.11027257761470365,0.018433134311769815,-1598.3313160492783,-29.462255823444156,2059.634085135784,0.1226415094339622,0.4,0.1212121212121212,2520.0
57,all,R4,IF (PointsAjust IS Low) AND (TeamExp IS Medium) AND (Length IS Low),Low,0.5878696731223467,0.09826813589451758,8348.425342021956,820.3841960150479,2059.634085135784,0.1226415094339622,0.4,0.1212121212121212,2520.0
57,all,R5,IF (PointsAjust IS Low) AND (TeamExp IS Medium) AND (Length IS Medium),Medium,0.31566895525020644,0.05276713736133108,-1598.3313160492783,-84.33936810288935,2059.634085135784,0.1226415094339622,0.4,0.1212121212121212,2520.0
57,all,R6,IF (PointsAjust IS Low) AND (TeamExp IS Medium) AND (Length IS High),Medium,0.49420740585382344,0.08261157657713238,-1598.3313160492783,-132.04066991143372,2059.634085135784,0.1226415094339622,0.4,0.1212121212121212,2520.0
57,all,R7,IF (PointsAjust IS Low) AND (TeamExp IS Low) AND (Length IS Medium),Medium,0.5204501210207021,0.08699830176158196,-1598.3313160492783,-139.05211014864153,2059.634085135784,0.1226415094339622,0.4,0.1212121212121212,2520.0
57,all,R8,IF (PointsAjust IS Low) AND (TeamExp IS Low) AND (Length IS High),High,0.8148102621687294,0.13620346350879056,1143.4121303332263,155.73669236935007,2059.634085135784,0.1226415094339622,0.4,0.1212121212121212,2520.0
57,all,R9,IF (PointsAjust IS Medium) AND (TeamExp IS High) AND (Length IS Low),Low,0.07095458133645065,0.011860748665729877,8348.425342021956,99.0185747363324,2059.634085135784,0.1226415094339622,0.4,0.1212121212121212,2520.0
57,all,R10,IF (PointsAjust IS Medium) AND (TeamExp IS High) AND (Length IS Medium),Medium,0.03810055116762537,0.006368877849932937,-1598.3313160492783,-10.179576915640409,2059.634085135784,0.1226415094339622,0.4,0.1212121212121212,2520.0
57,all,R11,IF (PointsAjust IS Medium) AND (TeamExp IS High) AND (Length IS High),Medium,0.05964975092095529,0.009971036264622271,-1598.3313160492783,-15.937019515208794,2059.634085135784,0.1226415094339622,0.4,0.1212121212121212,2520.0
57,all,R12,IF (PointsAjust IS Medium) AND (TeamExp IS Medium) AND (Length IS Low),Medium,0.3179963716659842,0.05315618766122839,-1598.3313160492783,-84.96119938073359,2059.634085135784,0.1226415094339622,0.4,0.1212121212121212,2520.0
57,all,R13,IF (PointsAjust IS Medium) AND (TeamExp IS Medium) AND (Length IS Medium),Medium,0.17075482374180287,0.028543330250362646,-1598.3313160492783,-45.6216986034913,2059.634085135784,0.1226415094339622,0.4,0.1212121212121212,2520.0
57,all,R14,IF (PointsAjust IS Medium) AND (TeamExp IS Medium) AND (Length IS High),High,0.2673316367508334,0.04468708424710214,1143.4121303332263,51.09575419735941,2059.634085135784,0.1226415094339622,0.4,0.1212121212121212,2520.0
57,all,R15,IF (PointsAjust IS Medium) AND (TeamExp IS Low) AND (Length IS Medium),High,0.28152710997776154,0.04705999572039129,1143.4121303332263,53.80896996012512,2059.634085135784,0.1226415094339622,0.4,0.1212121212121212,2520.0
57,all,R16,IF (PointsAjust IS Medium) AND (TeamExp IS Low) AND (Length IS High),High,0.44075535584217884,0.07367654632376587,1143.4121303332263,84.24265678765177,2059.634085135784,0.1226415094339622,0.4,0.1212121212121212,2520.0
57,all,R17,IF (PointsAjust IS High) AND (TeamExp IS High) AND (Length IS Medium),Medium,0.052798735522561174,0.008825822379699323,-1598.3313160492783,-14.106588299361992,2059.634085135784,0.1226415094339622,0.4,0.1212121212121212,2520.0
57,all,R18,IF (PointsAjust IS High) AND (TeamExp IS Medium) AND (Length IS Medium),High,0.2366275159191326,0.039554591695843556,1143.4121303332263,45.227199955405425,2059.634085135784,0.1226415094339622,0.4,0.1212121212121212,2520.0
57,all,R19,IF (PointsAjust IS High) AND (TeamExp IS Low) AND (Length IS Medium),High,0.390132818728807,0.06521449668279591,1143.4121303332263,74.56704658068479,2059.634085135784,0.1226415094339622,0.4,0.1212121212121212,2520.0
57,all,R20,IF (PointsAjust IS High) AND (TeamExp IS Low) AND (Length IS High),Very_High,0.6107871080625612,0.10209900813376313,10797.03236458443,1102.3662952122095,2059.634085135784,0.1226415094339622,0.4,0.1212121212121212,2520.0
58,all,R1,IF (PointsAjust IS Low) AND (TeamExp IS High) AND (Length IS Low),Very_Low,0.1250729435766016,0.052656523561670145,1383.0928944429938,72.82886358421607,3839.783721833945,0.080188679245283,1.0,0.3636363636363636,1603.0
58,all,R2,IF (PointsAjust IS Low) AND (TeamExp IS High) AND (Length IS Medium),Low,0.30099266365933275,0.1267198710819544,11928.163207254369,1511.5353038677854,3839.783721833945,0.080188679245283,1.0,0.3636363636363636,1603.0
58,all,R3,IF (PointsAjust IS Low) AND (TeamExp IS High) AND (Length IS High),Medium,0.5783314317787621,0.24348129813752853,1423.6060156238777,346.6214407204965,3839.783721833945,0.080188679245283,1.0,0.3636363636363636,1603.0
58,all,R4,IF (PointsAjust IS Low) AND (TeamExp IS Medium) AND (Length IS Low),Low,0.027907545930482634,0.011749258535175024,11928.163207254369,140.14707337179408,3839.783721833945,0.080188679245283,1.0,0.3636363636363636,1603.0
58,all,R5,IF (PointsAjust IS Low) AND (TeamExp IS Medium) AND (Length IS Medium),Medium,0.06716054124580938,0.028275025128504862,1423.6060156238777,40.25249586485583,3839.783721833945,0.080188679245283,1.0,0.3636363636363636,1603.0
58,all,R6,IF (PointsAjust IS Low) AND (TeamExp IS Medium) AND (Length IS High),Medium,0.1290431849916659,0.054328021046574325,1423.6060156238777,77.34169757884385,3839.783721833945,0.080188679245283,1.0,0.3636363636363636,1603.0
58,all,R7,IF (PointsAjust IS Low) AND (TeamExp IS Low) AND (Length IS Medium),Medium,0.06716054124580938,0.028275025128504862,1423.6060156238777,40.25249586485583,3839.783721833945,0.080188679245283,1.0,0.3636363636363636,1603.0
58,all,R8,IF (PointsAjust IS Low) AND (TeamExp IS Low) AND (Length IS High),High,0.1290431849916659,0.054328021046574325,2349.078665885411,127.62079520028134,3839.783721833945,0.080188679245283,1.0,0.3636363636363636,1603.0
58,all,R9,IF (PointsAjust IS Medium) AND (TeamExp IS High) AND (Length IS Low),Low,0.04805558396461062,0.0202317137259391,11928.163207254369,241.32718328544996,3839.783721833945,0.080188679245283,1.0,0.3636363636363636,1603.0
58,all,R10,IF (PointsAjust IS Medium) AND (TeamExp IS High) AND (Length IS Medium),Medium,0.11564753980827262,0.04868836720896304,1423.6060156238777,69.31305244958413,3839.783721833945,0.080188679245283,1.0,0.3636363636363636,1603.0
58,all,R11,IF (PointsAjust IS Medium) AND (TeamExp IS High) AND (Length IS High),Medium,0.22220676898194525,0.09355049646924059,1423.6060156238777,133.17904953821125,3839.783721833945,0.080188679245283,1.0,0.3636363636363636,1603.0
58,all,R12,IF (PointsAjust IS Medium) AND (TeamExp IS Medium) AND (Length IS Low),Medium,0.01072265014604988,0.004514305523745976,1423.6060156238777,6.426592499968871,3839.783721833945,0.080188679245283,1.0,0.3636363636363636,1603.0
58,all,R13,IF (PointsAjust IS Medium) AND (TeamExp IS Medium) AND (Length IS Medium),Medium,0.025804454078191777,0.01086384317270148,1423.6060156238777,15.46583249345222,3839.783721833945,0.080188679245283,1.0,0.3636363636363636,1603.0
58,all,R14,IF (PointsAjust IS Medium) AND (TeamExp IS Medium) AND (Length IS High),High,0.04958103194900658,0.020873937259146765,2349.078665885411,49.03452068849225,3839.783721833945,0.080188679245283,1.0,0.3636363636363636,1603.0
58,all,R15,IF (PointsAjust IS Medium) AND (TeamExp IS Low) AND (Length IS Medium),High,0.025804454078191777,0.01086384317270148,2349.078665885411,25.52002222651792,3839.783721833945,0.080188679245283,1.0,0.3636363636363636,1603.0
58,all,R16,IF (PointsAjust IS Medium) AND (TeamExp IS Low) AND (Length IS High),High,0.04958103194900658,0.020873937259146765,2349.078665885411,49.03452068849225,3839.783721833945,0.080188679245283,1.0,0.3636363636363636,1603.0
58,all,R17,IF (PointsAjust IS High) AND (TeamExp IS High) AND (Length IS Medium),Medium,0.2150121107560298,0.09052149851366713,1423.6060156238777,128.86694982734443,3839.783721833945,0.080188679245283,1.0,0.3636363636363636,1603.0
58,all,R18,IF (PointsAjust IS High) AND (TeamExp IS Medium) AND (Length IS Medium),High,0.04797568670684485,0.020198076460230394,2349.078665885411,47.44687050464954,3839.783721833945,0.080188679245283,1.0,0.3636363636363636,1603.0
58,all,R19,IF (PointsAjust IS High) AND (TeamExp IS Low) AND (Length IS Medium),High,0.04797568670684485,0.020198076460230394,2349.078665885411,47.44687050464954,3839.783721833945,0.080188679245283,1.0,0.3636363636363636,1603.0
58,all,R20,IF (PointsAjust IS High) AND (TeamExp IS Low) AND (Length IS High),Very_High,0.09218114237874583,0.038808861107800505,17267.244437103847,670.1220910740041,3839.783721833945,0.080188679245283,1.0,0.3636363636363636,1603.0
59,all,R1,IF (PointsAjust IS Low) AND (TeamExp IS High) AND (Length IS Low),Very_Low,0.026942645908422647,0.004008437049180797,2426.489566167629,9.726430676476962,3890.233178818777,0.360062893081761,0.4,0.2121212121212121,3626.0
59,all,R2,IF (PointsAjust IS Low) AND (TeamExp IS High) AND (Length IS Medium),Low,0.029308982953891165,0.0043604927869930876,12015.542883901986,52.39368807706073,3890.233178818777,0.360062893081761,0.4,0.2121212121212121,3626.0
59,all,R3,IF (PointsAjust IS Low) AND (TeamExp IS High) AND (Length IS High),Medium,0.028182758239865692,0.004192936828133402,18.710197419303313,0.07845067582104338,3890.233178818777,0.360062893081761,0.4,0.2121212121212121,3626.0
59,all,R4,IF (PointsAjust IS Low) AND (TeamExp IS Medium) AND (Length IS Low),Low,0.1207485616937664,0.017964568512451744,12015.542883901986,215.85404335215924,3890.233178818777,0.360062893081761,0.4,0.2121212121212121,3626.0
59,all,R5,IF (PointsAjust IS Low) AND (TeamExp IS Medium) AND (Length IS Medium),Medium,0.1313537485671787,0.01954237286475489,18.710197419303313,0.36564165434120005,3890.233178818777,0.360062893081761,0.4,0.2121212121212121,3626.0
59,all,R6,IF (PointsAjust IS Low) AND (TeamExp IS Medium) AND (Length IS High),Medium,0.12630635957558614,0.018791439155263424,18.710197419303313,0.35159153638780494,3890.233178818777,0.360062893081761,0.4,0.2121212121212121,3626.0
59,all,R7,IF (PointsAjust IS Low) AND (TeamExp IS Low) AND (Length IS Medium),Medium,0.21656571924890394,0.03221992582207438,18.710197419303313,0.6028411729663202,3890.233178818777,0.360062893081761,0.4,0.2121212121212121,3626.0
59,all,R8,IF (PointsAjust IS Low) AND (TeamExp IS Low) AND (Length IS High),High,0.2082439816569676,0.030981845442350043,4072.205396509259,126.16443820415364,3890.233178818777,0.360062893081761,0.4,0.2121212121212121,3626.0
59,all,R9,IF (PointsAjust IS Medium) AND (TeamExp IS High) AND (Length IS Low),Low,0.09872346175289996,0.014687747560457596,12015.542883901986,176.48126068060503,3890.233178818777,0.360062893081761,0.4,0.2121212121212121,3626.0
59,all,R10,IF (PointsAjust IS Medium) AND (TeamExp IS High) AND (Length IS Medium),Medium,0.10739421315559536,0.015977753051563997,18.710197419303313,0.2989469139116383,3890.233178818777,0.360062893081761,0.4,0.2121212121212121,3626.0
59,all,R11,IF (PointsAjust IS Medium) AND (TeamExp IS High) AND (Length IS High),Medium,0.10326749142016602,0.015363793147544937,18.710197419303313,0.2874596028999052,3890.233178818777,0.360062893081761,0.4,0.2121212121212121,3626.0
59,all,R12,IF (PointsAjust IS Medium) AND (TeamExp IS Medium) AND (Length IS Low),Medium,0.4424478595239099,0.06582591770958741,18.710197419303313,1.2316159156531947,3890.233178818777,0.360062893081761,0.4,0.2121212121212121,3626.0
59,all,R13,IF (PointsAjust IS Medium) AND (TeamExp IS Medium) AND (Length IS Medium),Medium,0.4813074713169883,0.07160732121975505,18.710197419303313,1.3397871166890842,3890.233178818777,0.360062893081761,0.4,0.2121212121212121,3626.0
59,all,R14,IF (PointsAjust IS Medium) AND (TeamExp IS Medium) AND (Length IS High),High,0.4628127876189881,0.06885574382828702,4072.205396509259,280.3947315982095,3890.233178818777,0.360062893081761,0.4,0.2121212121212121,3626.0
59,all,R15,IF (PointsAjust IS Medium) AND (TeamExp IS Low) AND (Length IS Medium),High,0.7935418657072101,0.11806051363286674,4072.205396509259,480.76666073041486,3890.233178818777,0.360062893081761,0.4,0.2121212121212121,3626.0
59,all,R16,IF (PointsAjust IS Medium) AND (TeamExp IS Low) AND (Length IS High),High,0.7630492872994462,0.11352392945957583,4072.205396509259,462.29275817822116,3890.233178818777,0.360062893081761,0.4,0.2121212121212121,3626.0
59,all,R17,IF (PointsAjust IS High) AND (TeamExp IS High) AND (Length IS Medium),Medium,0.12922024985199235,0.01922495803759201,18.710197419303313,0.3597027602611685,3890.233178818777,0.360062893081761,0.4,0.2121212121212121,3626.0
59,all,R18,IF (PointsAjust IS High) AND (TeamExp IS Medium) AND (Length IS Medium),High,0.5791249814280282,0.08616028431478406,4072.205396509259,350.8623747514357,3890.233178818777,0.360062893081761,0.4,0.2121212121212121,3626.0
59,all,R19,IF (PointsAjust IS High) AND (TeamExp IS Low) AND (Length IS Medium),High,0.9548156752742063,0.14205429343935505,4072.205396509259,578.4742603410515,3890.233178818777,0.360062893081761,0.4,0.2121212121212121,3626.0
59,all,R20,IF (PointsAjust IS High) AND (TeamExp IS Low) AND (Length IS High),Very_High,0.9181260019230549,0.13659572613742865,8432.961465581488,1151.9064948800578,3890.233178818777,0.360062893081761,0.4,0.2121212121212121,3626.0
60,all,R1,IF (PointsAjust IS Low) AND (TeamExp IS High) AND (Length IS Low),Very_Low,0.05697127057189946,0.007150003514192583,2670.150403476162,19.0915847682773,4276.595187089351,0.3883647798742138,0.6,0.2727272727272727,6783.0
60,all,R2,IF (PointsAjust IS Low) AND (TeamExp IS High) AND (Length IS Medium),Low,0.09017306688483552,0.011316892508100522,13893.441774287527,157.23058712716534,4276.595187089351,0.3883647798742138,0.6,0.2727272727272727,6783.0
60,all,R3,IF (PointsAjust IS Low) AND (TeamExp IS High) AND (Length IS High),Medium,0.09126315219469419,0.011453700301186738,606.9247276362321,6.9515339357247905,4276.595187089351,0.3883647798742138,0.6,0.2727272727272727,6783.0
60,all,R4,IF (PointsAjust IS Low) AND (TeamExp IS Medium) AND (Length IS Low),Low,0.09392974561070291,0.011788362879429979,13893.441774287527,163.78093327953286,4276.595187089351,0.3883647798742138,0.6,0.2727272727272727,6783.0
60,all,R5,IF (PointsAjust IS Low) AND (TeamExp IS Medium) AND (Length IS Medium),Medium,0.1486702534172937,0.01865840139633226,606.9247276362321,11.32424518559645,4276.595187089351,0.3883647798742138,0.6,0.2727272727272727,6783.0
60,all,R6,IF (PointsAjust IS Low) AND (TeamExp IS Medium) AND (Length IS High),Medium,0.15046750025453542,0.018883959314791043,606.9247276362321,11.461141863823242,4276.595187089351,0.3883647798742138,0.6,0.2727272727272727,6783.0
60,all,R7,IF (PointsAjust IS Low) AND (TeamExp IS Low) AND (Length IS Medium),Medium,0.11904583261234748,0.01494047987667844,606.9247276362321,9.067746679907668,4276.595187089351,0.3883647798742138,0.6,0.2727272727272727,6783.0
60,all,R8,IF (PointsAjust IS Low) AND (TeamExp IS Low) AND (Length IS High),High,0.12048495537720089,0.01512109253851245,4910.198713599771,74.24756913082693,4276.595187089351,0.3883647798742138,0.6,0.2727272727272727,6783.0
60,all,R9,IF (PointsAjust IS Medium) AND (TeamExp IS High) AND (Length IS Low),Low,0.26222642293083875,0.03290991804550755,13893.441774287527,457.23203016183356,4276.595187089351,0.3883647798742138,0.6,0.2727272727272727,6783.0
60,all,R10,IF (PointsAjust IS Medium) AND (TeamExp IS High) AND (Length IS Medium),Medium,0.41504710245266563,0.052089205862923885,606.9247276362321,31.6142270811427,4276.595187089351,0.3883647798742138,0.6,0.2727272727272727,6783.0
60,all,R11,IF (PointsAjust IS Medium) AND (TeamExp IS High) AND (Length IS High),Medium,0.4200645291069114,0.05271890251265519,606.9247276362321,31.99640554877432,4276.595187089351,0.3883647798742138,0.6,0.2727272727272727,6783.0
60,all,R12,IF (PointsAjust IS Medium) AND (TeamExp IS Medium) AND (Length IS Low),Medium,0.4323382812256818,0.054259281898626305,606.9247276362321,32.93129988806131,4276.595187089351,0.3883647798742138,0.6,0.2727272727272727,6783.0
60,all,R13,IF (PointsAjust IS Medium) AND (TeamExp IS Medium) AND (Length IS Medium),Medium,0.6842969861561652,0.08588058168008043,606.9247276362321,52.123048645424,4276.595187089351,0.3883647798742138,0.6,0.2727272727272727,6783.0
60,all,R14,IF (PointsAjust IS Medium) AND (TeamExp IS Medium) AND (Length IS High),High,0.692569324205198,0.08691877594058105,4910.198713599771,426.78846181110777,4276.595187089351,0.3883647798742138,0.6,0.2727272727272727,6783.0
60,all,R15,IF (PointsAjust IS Medium) AND (TeamExp IS Low) AND (Length IS Medium),High,0.5479421915184868,0.06876779393549243,4910.198713599771,337.663533319149,4276.595187089351,0.3883647798742138,0.6,0.2727272727272727,6783.0
60,all,R16,IF (PointsAjust IS Medium) AND (TeamExp IS Low) AND (Length IS High),High,0.5545661620039192,0.06959911491136882,4910.198713599771,341.74548450548576,4276.595187089351,0.3883647798742138,0.6,0.2727272727272727,6783.0
60,all,R17,IF (PointsAjust IS High) AND (TeamExp IS High) AND (Length IS Medium),Medium,0.5820754988351297,0.0730515893435132,606.9247276362321,44.336815965705625,4276.595187089351,0.3883647798742138,0.6,0.2727272727272727,6783.0
60,all,R18,IF (PointsAjust IS High) AND (TeamExp IS Medium) AND (Length IS Medium),High,0.959680256082866,0.12044170920910102,4910.198713599771,591.3927256222855,4276.595187089351,0.3883647798742138,0.6,0.2727272727272727,6783.0
60,all,R19,IF (PointsAjust IS High) AND (TeamExp IS Low) AND (Length IS Medium),High,0.7684518758863315,0.09644218143495696,4910.198713599771,473.55027521868135,4276.595187089351,0.3883647798742138,0.6,0.2727272727272727,6783.0
60,all,R20,IF (PointsAjust IS High) AND (TeamExp IS Low) AND (Length IS High),Very_High,0.777741546629225,0.09760805289596915,10266.217874654758,1002.0655373508456,4276.595187089351,0.3883647798742138,0.6,0.2727272727272727,6783.0
61,all,R1,IF (PointsAjust IS Low) AND (TeamExp IS High) AND (Length IS Low),Very_Low,0.09555853125350597,0.023288991236793243,767.7465615675355,17.880042944424478,1834.630886906993,0.0078616352201257,0.4,0.1515151515151515,1267.0
61,all,R2,IF (PointsAjust IS Low) AND (TeamExp IS High) AND (Length IS Medium),Low,0.06618090741228189,0.016129240922286667,6516.6319504363455,105.10832673045869,1834.630886906993,0.0078616352201257,0.4,0.1515151515151515,1267.0
61,all,R3,IF (PointsAjust IS Low) AND (TeamExp IS High) AND (Length IS High),Medium,0.08169060100352576,0.019909176773054305,-937.6139109064911,-18.667121097112123,1834.630886906993,0.0078616352201257,0.4,0.1515151515151515,1267.0
61,all,R4,IF (PointsAjust IS Low) AND (TeamExp IS Medium) AND (Length IS Low),Low,0.42826362509639615,0.10437401748513526,6516.6319504363455,680.1670571390342,1834.630886906993,0.0078616352201257,0.4,0.1515151515151515,1267.0
61,all,R5,IF (PointsAjust IS Low) AND (TeamExp IS Medium) AND (Length IS Medium),Medium,0.2966022494146792,0.07228624275426161,-937.6139109064911,-67.77658677355923,1834.630886906993,0.0078616352201257,0.4,0.1515151515151515,1267.0
61,all,R6,IF (PointsAjust IS Low) AND (TeamExp IS Medium) AND (Length IS High),Medium,0.3661118736668492,0.08922673994322596,-937.6139109064911,-83.66023259560451,1834.630886906993,0.0078616352201257,0.4,0.1515151515151515,1267.0
61,all,R7,IF (PointsAjust IS Low) AND (TeamExp IS Low) AND (Length IS Medium),Medium,0.4890144375474861,0.1191798660079441,-937.6139109064911,-111.74470026902004,1834.630886906993,0.0078616352201257,0.4,0.1515151515151515,1267.0
61,all,R8,IF (PointsAjust IS Low) AND (TeamExp IS Low) AND (Length IS High),High,0.6036164335704123,0.14711002405962534,-94.10626621283313,-13.843975086731389,1834.630886906993,0.0078616352201257,0.4,0.1515151515151515,1267.0
61,all,R9,IF (PointsAjust IS Medium) AND (TeamExp IS High) AND (Length IS Low),Low,0.020499660811082523,0.004996062776645269,6516.6319504363455,32.557502316672284,1834.630886906993,0.0078616352201257,0.4,0.1515151515151515,1267.0
61,all,R10,IF (PointsAjust IS Medium) AND (TeamExp IS High) AND (Length IS Medium),Medium,0.014197436234367198,0.0034601198209079577,-937.6139109064911,-3.244256477486578,1834.630886906993,0.0078616352201257,0.4,0.1515151515151515,1267.0
61,all,R11,IF (PointsAjust IS Medium) AND (TeamExp IS High) AND (Length IS High),Medium,0.017524647878724223,0.004271009249742123,-937.6139109064911,-4.004557686168511,1834.630886906993,0.0078616352201257,0.4,0.1515151515151515,1267.0
61,all,R12,IF (PointsAjust IS Medium) AND (TeamExp IS Medium) AND (Length IS Low),Medium,0.09187310580266611,0.02239079994081395,-937.6139109064911,-20.9939255008314,1834.630886906993,0.0078616352201257,0.4,0.1515151515151515,1267.0
61,all,R13,IF (PointsAjust IS Medium) AND (TeamExp IS Medium) AND (Length IS Medium),Medium,0.06362849479838509,0.015507181183423297,-937.6139109064911,-14.539748796525068,1834.630886906993,0.0078616352201257,0.4,0.1515151515151515,1267.0
61,all,R14,IF (PointsAjust IS Medium) AND (TeamExp IS Medium) AND (Length IS High),High,0.07854002285960152,0.019141335473882054,-94.10626621283313,-1.8013196117742911,1834.630886906993,0.0078616352201257,0.4,0.1515151515151515,1267.0
61,all,R15,IF (PointsAjust IS Medium) AND (TeamExp IS Low) AND (Length IS Medium),High,0.10490565279672993,0.02556701946571077,-94.10626621283313,-2.406016740108864,1834.630886906993,0.0078616352201257,0.4,0.1515151515151515,1267.0
61,all,R16,IF (PointsAjust IS Medium) AND (TeamExp IS Low) AND (Length IS High),High,0.12949060628989928,0.03155872694539625,-94.10626621283313,-2.9698739592615695,1834.630886906993,0.0078616352201257,0.4,0.1515151515151515,1267.0
61,all,R17,IF (PointsAjust IS High) AND (TeamExp IS High) AND (Length IS Medium),Medium,0.0525415540999922,0.012805133952467714,-937.6139109064911,-12.006271724854747,1834.630886906993,0.0078616352201257,0.4,0.1515151515151515,1267.0
61,all,R18,IF (PointsAjust IS High) AND (TeamExp IS Medium) AND (Length IS Medium),High,0.23547490874851124,0.057388628878989434,-94.10626621283313,-5.400629586875663,1834.630886906993,0.0078616352201257,0.4,0.1515151515151515,1267.0
61,all,R19,IF (PointsAjust IS High) AND (TeamExp IS Low) AND (Length IS Medium),High,0.388232490769842,0.09461785312910549,-94.10626621283313,-8.904132875054348,1834.630886906993,0.0078616352201257,0.4,0.1515151515151515,1267.0
61,all,R20,IF (PointsAjust IS High) AND (TeamExp IS Low) AND (Length IS High),Very_High,0.4792159361386829,0.11679183000058918,11737.818531916622,1370.8813065573713,1834.630886906993,0.0078616352201257,0.4,0.1515151515151515,1267.0
62,all,R1,IF (PointsAjust IS Low) AND (TeamExp IS High) AND (Length IS Low),Very_Low,0.12108651365304808,0.024594506631369265,1119.6346609552213,27.53686209357407,1898.7533044809602,0.0676100628930817,0.4,0.1212121212121212,2548.0
62,all,R2,IF (PointsAjust IS Low) AND (TeamExp IS High) AND (Length IS Medium),Low,0.06501994405789423,0.01320653636031814,7481.7025850427935,98.80737722645387,1898.7533044809602,0.0676100628930817,0.4,0.1212121212121212,2548.0
62,all,R3,IF (PointsAjust IS Low) AND (TeamExp IS High) AND (Length IS High),Medium,0.10179441895432195,0.020675989724025144,-1563.7938172152449,-32.33298489523646,1898.7533044809602,0.0676100628930817,0.4,0.1212121212121212,2548.0
62,all,R4,IF (PointsAjust IS Low) AND (TeamExp IS Medium) AND (Length IS Low),Low,0.5426721048042066,0.11022493156016472,7481.7025850427935,824.6701553898494,1898.7533044809602,0.0676100628930817,0.4,0.1212121212121212,2548.0
62,all,R5,IF (PointsAjust IS Low) AND (TeamExp IS Medium) AND (Length IS Medium),Medium,0.29139917263825704,0.059187589663060064,-1563.7938172152449,-92.55718677096627,1898.7533044809602,0.0676100628930817,0.4,0.1212121212121212,2548.0
62,all,R6,IF (PointsAjust IS Low) AND (TeamExp IS Medium) AND (Length IS High),Medium,0.4562109348489988,0.09266335716458567,-1563.7938172152449,-144.90638501638702,1898.7533044809602,0.0676100628930817,0.4,0.1212121212121212,2548.0
62,all,R7,IF (PointsAjust IS Low) AND (TeamExp IS Low) AND (Length IS Medium),Medium,0.480436014193113,0.09758383803895813,-1563.7938172152449,-152.60100258545657,1898.7533044809602,0.0676100628930817,0.4,0.1212121212121212,2548.0
62,all,R8,IF (PointsAjust IS Low) AND (TeamExp IS Low) AND (Length IS High),High,0.7521646722115344,0.15277604797173544,515.1764655940442,78.70662442150481,1898.7533044809602,0.0676100628930817,0.4,0.1212121212121212,2548.0
62,all,R9,IF (PointsAjust IS Medium) AND (TeamExp IS High) AND (Length IS Low),Low,0.0420395735241195,0.008538874715490379,7481.7025850427935,63.88532103224092,1898.7533044809602,0.0676100628930817,0.4,0.1212121212121212,2548.0
62,all,R10,IF (PointsAjust IS Medium) AND (TeamExp IS High) AND (Length IS Medium),Medium,0.022574031048478976,0.004585127935133807,-1563.7938172152449,-7.17019471610315,1898.7533044809602,0.0676100628930817,0.4,0.1212121212121212,2548.0
62,all,R11,IF (PointsAjust IS Medium) AND (TeamExp IS High) AND (Length IS High),Medium,0.03534162336391223,0.007178419494987366,-1563.7938172152449,-11.225568023638624,1898.7533044809602,0.0676100628930817,0.4,0.1212121212121212,2548.0
62,all,R12,IF (PointsAjust IS Medium) AND (TeamExp IS Medium) AND (Length IS Low),Medium,0.18840829718471988,0.03826858148539929,-1563.7938172152449,-59.844171120465205,1898.7533044809602,0.0676100628930817,0.4,0.1212121212121212,2548.0
62,all,R13,IF (PointsAjust IS Medium) AND (TeamExp IS Medium) AND (Length IS Medium),Medium,0.10116978822344037,0.020549117752990925,-1563.7938172152449,-32.134583291355234,1898.7533044809602,0.0676100628930817,0.4,0.1212121212121212,2548.0
62,all,R14,IF (PointsAjust IS Medium) AND (TeamExp IS Medium) AND (Length IS High),High,0.15839016715804985,0.03217144419298658,515.1764655940442,16.573970912398863,1898.7533044809602,0.0676100628930817,0.4,0.1212121212121212,2548.0
62,all,R15,IF (PointsAjust IS Medium) AND (TeamExp IS Low) AND (Length IS Medium),High,0.1668007817962134,0.033879767533477746,515.1764655940442,17.454058893044913,1898.7533044809602,0.0676100628930817,0.4,0.1212121212121212,2548.0
62,all,R16,IF (PointsAjust IS Medium) AND (TeamExp IS Low) AND (Length IS High),High,0.2611412376632256,0.05304174435011908,515.1764655940442,27.32585838323721,1898.7533044809602,0.0676100628930817,0.4,0.1212121212121212,2548.0
62,all,R17,IF (PointsAjust IS High) AND (TeamExp IS High) AND (Length IS Medium),Medium,0.04651041399905805,0.009446970195254012,-1563.7938172152449,-14.773113582754918,1898.7533044809602,0.0676100628930817,0.4,0.1212121212121212,2548.0
62,all,R18,IF (PointsAjust IS High) AND (TeamExp IS Medium) AND (Length IS Medium),High,0.20844521407647706,0.04233838307187937,515.1764655940442,21.811738549937527,1898.7533044809602,0.0676100628930817,0.4,0.1212121212121212,2548.0
62,all,R19,IF (PointsAjust IS High) AND (TeamExp IS Low) AND (Length IS Medium),High,0.34366805822352936,0.06980419273765773,515.1764655940442,35.961477298231955,1898.7533044809602,0.0676100628930817,0.4,0.1212121212121212,2548.0
62,all,R20,IF (PointsAjust IS High) AND (TeamExp IS Low) AND (Length IS High),Very_High,0.5380424546178433,0.10928457942040712,11287.640551165465,1233.5650502828503,1898.7533044809602,0.0676100628930817,0.4,0.1212121212121212,2548.0
63,all,R1,IF (PointsAjust IS Low) AND (TeamExp IS High) AND (Length IS Low),Very_Low,0.5859346943081606,0.0712462428379956,1365.319132342122,97.27385845420828,3043.2201125783085,0.0864779874213836,0.8,0.2727272727272727,1155.0
63,all,R2,IF (PointsAjust IS Low) AND (TeamExp IS High) AND (Length IS Medium),Low,0.9274065305128729,0.1127672273451565,10619.118833999088,1197.4885877588083,3043.2201125783085,0.0864779874213836,0.8,0.2727272727272727,1155.0
63,all,R3,IF (PointsAjust IS Low) AND (TeamExp IS High) AND (Length IS High),Medium,0.9386177742922402,0.11413044922735602,225.00014999375344,25.679368195009566,3043.2201125783085,0.0864779874213836,0.8,0.2727272727272727,1155.0
63,all,R4,IF (PointsAjust IS Low) AND (TeamExp IS Medium) AND (Length IS Low),Low,0.35538735668724875,0.04321303067057594,10619.118833999088,458.88430786809323,3043.2201125783085,0.0864779874213836,0.8,0.2727272727272727,1155.0
63,all,R5,IF (PointsAjust IS Low) AND (TeamExp IS Medium) AND (Length IS Medium),Medium,0.5625004947737772,0.06839678079562227,225.00014999375344,15.389285938104885,3043.2201125783085,0.0864779874213836,0.8,0.2727272727272727,1155.0
63,all,R6,IF (PointsAjust IS Low) AND (TeamExp IS Medium) AND (Length IS High),Medium,0.569300457859476,0.06922361666316745,225.00014999375344,15.575324132322766,3043.2201125783085,0.0864779874213836,0.8,0.2727272727272727,1155.0
63,all,R7,IF (PointsAjust IS Low) AND (TeamExp IS Low) AND (Length IS Medium),Medium,0.38126822299047086,0.04635999312801201,225.00014999375344,10.431005407512082,3043.2201125783085,0.0864779874213836,0.8,0.2727272727272727,1155.0
63,all,R8,IF (PointsAjust IS Low) AND (TeamExp IS Low) AND (Length IS High),High,0.38587730310004104,0.04692043039847258,1833.174633863864,86.0133428164549,3043.2201125783085,0.0864779874213836,0.8,0.2727272727272727,1155.0
63,all,R9,IF (PointsAjust IS Medium) AND (TeamExp IS High) AND (Length IS Low),Low,0.23683107320756824,0.028797277780679316,10619.118833999088,305.80171484871516,3043.2201125783085,0.0864779874213836,0.8,0.2727272727272727,1155.0
63,all,R10,IF (PointsAjust IS Medium) AND (TeamExp IS High) AND (Length IS Medium),Medium,0.3748518154918413,0.04557979538373154,225.00014999375344,10.255460798024187,3043.2201125783085,0.0864779874213836,0.8,0.2727272727272727,1155.0
63,all,R11,IF (PointsAjust IS Medium) AND (TeamExp IS High) AND (Length IS High),Medium,0.37938332885340176,0.046130800989847016,225.00014999375344,10.379437142047568,3043.2201125783085,0.0864779874213836,0.8,0.2727272727272727,1155.0
63,all,R12,IF (PointsAjust IS Medium) AND (TeamExp IS Medium) AND (Length IS Low),Medium,0.14364530707303733,0.017466431890243383,225.00014999375344,3.92994979516044,3043.2201125783085,0.0864779874213836,0.8,0.2727272727272727,1155.0
63,all,R13,IF (PointsAjust IS Medium) AND (TeamExp IS Medium) AND (Length IS Medium),Medium,0.22735911894474484,0.02764554336366153,225.00014999375344,6.220251403482659,3043.2201125783085,0.0864779874213836,0.8,0.2727272727272727,1155.0
63,all,R14,IF (PointsAjust IS Medium) AND (TeamExp IS Medium) AND (Length IS High),High,0.23010762073342866,0.027979745157444107,1833.174633863864,51.29175908460182,3043.2201125783085,0.0864779874213836,0.8,0.2727272727272727,1155.0
63,all,R15,IF (PointsAjust IS Medium) AND (TeamExp IS Low) AND (Length IS Medium),High,0.15410618846762844,0.018738414081054793,1833.174633863864,34.350785372227094,3043.2201125783085,0.0864779874213836,0.8,0.2727272727272727,1155.0
63,all,R16,IF (PointsAjust IS Medium) AND (TeamExp IS Low) AND (Length IS High),High,0.15596914930516348,0.01896493925786723,1833.174633863864,34.766045580291184,3043.2201125783085,0.0864779874213836,0.8,0.2727272727272727,1155.0
63,all,R17,IF (PointsAjust IS High) AND (TeamExp IS High) AND (Length IS Medium),Medium,0.6638104149860352,0.08071547645822176,225.00014999375344,18.16099430991717,3043.2201125783085,0.0864779874213836,0.8,0.2727272727272727,1155.0
63,all,R18,IF (PointsAjust IS High) AND (TeamExp IS Medium) AND (Length IS Medium),High,0.4026213689255968,0.048956411185224764,1833.174633863864,89.74565114976319,3043.2201125783085,0.0864779874213836,0.8,0.2727272727272727,1155.0
63,all,R19,IF (PointsAjust IS High) AND (TeamExp IS Low) AND (Length IS Medium),High,0.2729006201674355,0.0331831244061185,1833.174633863864,60.83046193364534,3043.2201125783085,0.0864779874213836,0.8,0.2727272727272727,1155.0
63,all,R20,IF (PointsAjust IS High) AND (TeamExp IS Low) AND (Length IS High),Very_High,0.27619966463129714,0.03358426897954773,15208.08807543075,510.7525205899187,3043.2201125783085,0.0864779874213836,0.8,0.2727272727272727,1155.0
64,all,R1,IF (PointsAjust IS Low) AND (TeamExp IS High) AND (Length IS Low),Very_Low,0.009954012011589032,0.003588970038101402,812.5675909013275,2.916280737677102,1663.6688556421364,0.0581761006289308,0.2,0.1515151515151515,546.0
64,all,R2,IF (PointsAjust IS Low) AND (TeamExp IS High) AND (Length IS Medium),Low,0.006893843371996636,0.0024856105538805908,5828.793715962896,14.488111176790241,1663.6688556421364,0.0581761006289308,0.2,0.1515151515151515,546.0
64,all,R3,IF (PointsAjust IS Low) AND (TeamExp IS High) AND (Length IS High),Medium,0.008509436184884735,0.003068120821346274,-397.80362430843206,-1.2205095825477112,1663.6688556421364,0.0581761006289308,0.2,0.1515151515151515,546.0
64,all,R4,IF (PointsAjust IS Low) AND (TeamExp IS Medium) AND (Length IS Low),Low,0.1212646912159533,0.043722605814316085,5828.793715962896,254.8500500160084,1663.6688556421364,0.0581761006289308,0.2,0.1515151515151515,546.0
64,all,R5,IF (PointsAjust IS Low) AND (TeamExp IS Medium) AND (Length IS Medium),Medium,0.08398420524538475,0.030280935561311135,-397.80362430843206,-12.045865913739656,1663.6688556421364,0.0581761006289308,0.2,0.1515151515151515,546.0
64,all,R6,IF (PointsAjust IS Low) AND (TeamExp IS Medium) AND (Length IS High),Medium,0.10366615493134997,0.03737736337675959,-397.80362430843206,-14.86885061836822,1663.6688556421364,0.0581761006289308,0.2,0.1515151515151515,546.0
64,all,R7,IF (PointsAjust IS Low) AND (TeamExp IS Low) AND (Length IS Medium),Medium,0.49690880889240524,0.17916301735492907,-397.80362430843206,-71.2716976458253,1663.6688556421364,0.0581761006289308,0.2,0.1515151515151515,546.0
64,all,R8,IF (PointsAjust IS Low) AND (TeamExp IS Low) AND (Length IS High),High,0.6133608744511334,0.221150406327205,110.98334614395685,24.5440120952889,1663.6688556421364,0.0581761006289308,0.2,0.1515151515151515,546.0
64,all,R9,IF (PointsAjust IS Medium) AND (TeamExp IS High) AND (Length IS Low),Low,0.0032029282934375788,0.0011548322089576886,5828.793715962896,6.7312787225641255,1663.6688556421364,0.0581761006289308,0.2,0.1515151515151515,546.0
64,all,R10,IF (PointsAjust IS Medium) AND (TeamExp IS High) AND (Length IS Medium),Medium,0.002218249883663771,0.000799801362528222,-397.80362430843206,-0.3181638807405489,1663.6688556421364,0.0581761006289308,0.2,0.1515151515151515,546.0
64,all,R11,IF (PointsAjust IS Medium) AND (TeamExp IS High) AND (Length IS High),Medium,0.002738103378420367,0.000987237203946891,-397.80362430843206,-0.39272653778219596,1663.6688556421364,0.0581761006289308,0.2,0.1515151515151515,546.0
64,all,R12,IF (PointsAjust IS Medium) AND (TeamExp IS Medium) AND (Length IS Low),Medium,0.039019654591369614,0.014068736411252903,-397.80362430843206,-5.596594333836409,1663.6688556421364,0.0581761006289308,0.2,0.1515151515151515,546.0
64,all,R13,IF (PointsAjust IS Medium) AND (TeamExp IS Medium) AND (Length IS Medium),Medium,0.027023815811065093,0.009743575268762482,-397.80362430843206,-3.8760295556357205,1663.6688556421364,0.0581761006289308,0.2,0.1515151515151515,546.0
64,all,R14,IF (PointsAjust IS Medium) AND (TeamExp IS Medium) AND (Length IS High),High,0.03335692787138792,0.012027011274864791,110.98334614395685,1.3347979553955909,1663.6688556421364,0.0581761006289308,0.2,0.1515151515151515,546.0
64,all,R15,IF (PointsAjust IS Medium) AND (TeamExp IS Low) AND (Length IS Medium),High,0.15989163780462212,0.057649749342842414,110.98334614395685,6.3981620864290285,1663.6688556421364,0.0581761006289308,0.2,0.1515151515151515,546.0
64,all,R16,IF (PointsAjust IS Medium) AND (TeamExp IS Low) AND (Length IS High),High,0.19736272134089317,0.0711601405248401,110.98334614395685,7.89759050752094,1663.6688556421364,0.0581761006289308,0.2,0.1515151515151515,546.0
64,all,R17,IF (PointsAjust IS High) AND (TeamExp IS High) AND (Length IS Medium),Medium,0.004959656264008343,0.0017882294807444509,-397.80362430843206,-0.7113641685353281,1663.6688556421364,0.0581761006289308,0.2,0.1515151515151515,546.0
64,all,R18,IF (PointsAjust IS High) AND (TeamExp IS Medium) AND (Length IS Medium),High,0.06042098248344683,0.021785094849521194,110.98334614395685,2.4177827224633424,1663.6688556421364,0.0581761006289308,0.2,0.1515151515151515,546.0
64,all,R19,IF (PointsAjust IS High) AND (TeamExp IS Low) AND (Length IS Medium),High,0.3574924398014514,0.12889573106817648,110.98334614395685,14.305279537617803,1663.6688556421364,0.0581761006289308,0.2,0.1515151515151515,546.0
64,all,R20,IF (PointsAjust IS High) AND (TeamExp IS Low) AND (Length IS High),Very_High,0.4412718622860355,0.15910283115571308,9038.728612653937,1438.0873123213921,1663.6688556421364,0.0581761006289308,0.2,0.1515151515151515,546.0
65,all,R1,IF (PointsAjust IS Low) AND (TeamExp IS High) AND (Length IS Low),Very_Low,0.1259253098791159,0.015052720223047263,1378.234184975559,20.74617358827666,3805.162868714301,0.1619496855345912,0.6,0.3636363636363636,2275.0
65,all,R2,IF (PointsAjust IS Low) AND (TeamExp IS High) AND (Length IS Medium),Low,0.30304391468510006,0.03622492783564188,10255.324650200328,371.49839538458616,3805.162868714301,0.1619496855345912,0.6,0.3636363636363636,2275.0
65,all,R3,IF (PointsAjust IS Low) AND (TeamExp IS High) AND (Length IS High),Medium,0.5822727336305984,0.06960307313330596,2515.0680169916645,175.05646312190964,3805.162868714301,0.1619496855345912,0.6,0.3636363636363636,2275.0
65,all,R4,IF (PointsAjust IS Low) AND (TeamExp IS Medium) AND (Length IS Low),Low,0.2076157369172034,0.024817740013636003,10255.324650200328,254.51398092410432,3805.162868714301,0.1619496855345912,0.6,0.3636363636363636,2275.0
65,all,R5,IF (PointsAjust IS Low) AND (TeamExp IS Medium) AND (Length IS Medium),Medium,0.49963494809755943,0.05972480905219993,2515.0680169916645,150.2119570681223,3805.162868714301,0.1619496855345912,0.6,0.3636363636363636,2275.0
65,all,R6,IF (PointsAjust IS Low) AND (TeamExp IS Medium) AND (Length IS High),Medium,0.9600054412854776,0.1147560671809782,2515.0680169916645,288.6193143226251,3805.162868714301,0.1619496855345912,0.6,0.3636363636363636,2275.0
65,all,R7,IF (PointsAjust IS Low) AND (TeamExp IS Low) AND (Length IS Medium),Medium,0.400076390746114,0.04782388849016085,2515.0680169916645,120.28033238977935,3805.162868714301,0.1619496855345912,0.6,0.3636363636363636,2275.0
65,all,R8,IF (PointsAjust IS Low) AND (TeamExp IS Low) AND (Length IS High),High,0.7687122638409377,0.09188947520344325,2543.862805545555,233.75421819113987,3805.162868714301,0.1619496855345912,0.6,0.3636363636363636,2275.0
65,all,R9,IF (PointsAjust IS Medium) AND (TeamExp IS High) AND (Length IS Low),Low,0.0934997105162188,0.01117666483955952,10255.324650200328,114.62032643616203,3805.162868714301,0.1619496855345912,0.6,0.3636363636363636,2275.0
65,all,R10,IF (PointsAjust IS Medium) AND (TeamExp IS High) AND (Length IS Medium),Medium,0.22501051078578846,0.02689705722665967,2515.0680169916645,67.64792838196625,3805.162868714301,0.1619496855345912,0.6,0.3636363636363636,2275.0
65,all,R11,IF (PointsAjust IS Medium) AND (TeamExp IS High) AND (Length IS High),Medium,0.43233828122568174,0.05168037462246986,2515.0680169916645,129.97965731912163,3805.162868714301,0.1619496855345912,0.6,0.3636363636363636,2275.0
65,all,R12,IF (PointsAjust IS Medium) AND (TeamExp IS Medium) AND (Length IS Low),Medium,0.1541549615323944,0.018427205056468016,2515.0680169916645,46.345674080069784,3805.162868714301,0.1619496855345912,0.6,0.3636363636363636,2275.0
65,all,R13,IF (PointsAjust IS Medium) AND (TeamExp IS Medium) AND (Length IS Medium),Medium,0.37097961526363005,0.04434575036883239,2515.0680169916645,111.53257844214666,3805.162868714301,0.1619496855345912,0.6,0.3636363636363636,2275.0
65,all,R14,IF (PointsAjust IS Medium) AND (TeamExp IS Medium) AND (Length IS High),High,0.7128053203947154,0.08520653291781717,2543.862805545555,216.7537298791281,3805.162868714301,0.1619496855345912,0.6,0.3636363636363636,2275.0
65,all,R15,IF (PointsAjust IS Medium) AND (TeamExp IS Low) AND (Length IS Medium),High,0.29705725366127583,0.035509300980735944,2543.862805545555,90.33079001581648,3805.162868714301,0.1619496855345912,0.6,0.3636363636363636,2275.0
65,all,R16,IF (PointsAjust IS Medium) AND (TeamExp IS Low) AND (Length IS High),High,0.5707698810381479,0.06822805788015845,2543.862805545555,173.5628187359444,3805.162868714301,0.1619496855345912,0.6,0.3636363636363636,2275.0
65,all,R17,IF (PointsAjust IS High) AND (TeamExp IS High) AND (Length IS Medium),Medium,0.25543047877181224,0.030533365667966997,2515.0680169916645,76.79349144261512,3805.162868714301,0.1619496855345912,0.6,0.3636363636363636,2275.0
65,all,R18,IF (PointsAjust IS High) AND (TeamExp IS Medium) AND (Length IS Medium),High,0.4211336635362045,0.050341009442842234,2543.862805545555,128.06062151526393,3805.162868714301,0.1619496855345912,0.6,0.3636363636363636,2275.0
65,all,R19,IF (PointsAjust IS High) AND (TeamExp IS Low) AND (Length IS Medium),High,0.3372174760208213,0.040309929161472004,2543.862805545555,102.54292948804476,3805.162868714301,0.1619496855345912,0.6,0.3636363636363636,2275.0
65,all,R20,IF (PointsAjust IS High) AND (TeamExp IS Low) AND (Length IS High),Very_High,0.6479342830384464,0.07745205070260437,12037.273119691974,932.3114879874795,3805.162868714301,0.1619496855345912,0.6,0.3636363636363636,2275.0
66,all,R1,IF (PointsAjust IS Low) AND (TeamExp IS High) AND (Length IS Low),Very_Low,1.3216914679120714e-13,4.671775168652983e-12,4888.363277947171,2.2837334177268695e-08,8738.216135865883,0.9166666666666666,1.0,0.7575757575757576,9100.0
66,all,R2,IF (PointsAjust IS Low) AND (TeamExp IS High) AND (Length IS Medium),Low,2.67244548184356e-13,9.446277550220366e-12,24789.603490531135,2.341694749314687e-07,8738.216135865883,0.9166666666666666,1.0,0.7575757575757576,9100.0
66,all,R3,IF (PointsAjust IS Low) AND (TeamExp IS High) AND (Length IS High),Medium,2.065116964888351e-08,7.299556962541619e-07,8551.502688960018,0.006242218099339147,8738.216135865883,0.9166666666666666,1.0,0.7575757575757576,9100.0
66,all,R4,IF (PointsAjust IS Low) AND (TeamExp IS Medium) AND (Length IS Low),Low,2.949092289020337e-14,1.0424139415589975e-12,24789.603490531135,2.5841028284249244e-08,8738.216135865883,0.9166666666666666,1.0,0.7575757575757576,9100.0
66,all,R5,IF (PointsAjust IS Low) AND (TeamExp IS Medium) AND (Length IS Medium),Medium,5.963031883517011e-14,2.107749422587187e-12,8551.502688960018,1.8024424854908255e-08,8738.216135865883,0.9166666666666666,1.0,0.7575757575757576,9100.0
66,all,R6,IF (PointsAjust IS Low) AND (TeamExp IS Medium) AND (Length IS High),Medium,4.60789879100777e-09,1.628751314064497e-07,8551.502688960018,0.0013928271241869707,8738.216135865883,0.9166666666666666,1.0,0.7575757575757576,9100.0
66,all,R7,IF (PointsAjust IS Low) AND (TeamExp IS Low) AND (Length IS Medium),Medium,5.963031883517011e-14,2.107749422587187e-12,8551.502688960018,1.8024424854908255e-08,8738.216135865883,0.9166666666666666,1.0,0.7575757575757576,9100.0
66,all,R8,IF (PointsAjust IS Low) AND (TeamExp IS Low) AND (Length IS High),High,4.60789879100777e-09,1.628751314064497e-07,12844.6829244646,0.0020920794191963523,8738.216135865883,0.9166666666666666,1.0,0.7575757575757576,9100.0
66,all,R9,IF (PointsAjust IS Medium) AND (TeamExp IS High) AND (Length IS Low),Low,4.2944249386512283e-11,1.5179478932196324e-09,24789.603490531135,3.762932639220178e-05,8738.216135865883,0.9166666666666666,1.0,0.7575757575757576,9100.0
66,all,R10,IF (PointsAjust IS Medium) AND (TeamExp IS High) AND (Length IS Medium),Medium,8.683279572459412e-11,3.069273796037423e-09,8551.502688960018,2.6246903119968545e-05,8738.216135865883,0.9166666666666666,1.0,0.7575757575757576,9100.0
66,all,R11,IF (PointsAjust IS Medium) AND (TeamExp IS High) AND (Length IS High),Medium,6.709954638095815e-06,0.00023717637755931557,8551.502688960018,2.0282144304562832,8738.216135865883,0.9166666666666666,1.0,0.7575757575757576,9100.0
66,all,R12,IF (PointsAjust IS Medium) AND (TeamExp IS Medium) AND (Length IS Low),Medium,9.582157243066592e-12,3.386999565110681e-10,8551.502688960018,2.89639358885504e-06,8738.216135865883,0.9166666666666666,1.0,0.7575757575757576,9100.0
66,all,R13,IF (PointsAjust IS Medium) AND (TeamExp IS Medium) AND (Length IS Medium),Medium,1.9375015616164573e-11,6.848475536492092e-10,8551.502688960018,5.8564756965589025e-06,8738.216135865883,0.9166666666666666,1.0,0.7575757575757576,9100.0
66,all,R14,IF (PointsAjust IS Medium) AND (TeamExp IS Medium) AND (Length IS High),High,1.4971932529870182e-06,5.292120310823452e-05,12844.6829244646,0.6797560739064629,8738.216135865883,0.9166666666666666,1.0,0.7575757575757576,9100.0
66,all,R15,IF (PointsAjust IS Medium) AND (TeamExp IS Low) AND (Length IS Medium),High,1.9375015616164573e-11,6.848475536492092e-10,12844.6829244646,8.796649678219353e-06,8738.216135865883,0.9166666666666666,1.0,0.7575757575757576,9100.0
66,all,R16,IF (PointsAjust IS Medium) AND (TeamExp IS Low) AND (Length IS High),High,1.4971932529870182e-06,5.292120310823452e-05,12844.6829244646,0.6797560739064629,8738.216135865883,0.9166666666666666,1.0,0.7575757575757576,9100.0
66,all,R17,IF (PointsAjust IS High) AND (TeamExp IS High) AND (Length IS Medium),Medium,1.640091925570809e-06,5.7972234202995586e-05,8551.502688960018,0.4957497166719367,8738.216135865883,0.9166666666666666,1.0,0.7575757575757576,9100.0
66,all,R18,IF (PointsAjust IS High) AND (TeamExp IS Medium) AND (Length IS Medium),High,3.659539740107611e-07,1.293535390187668e-05,12844.6829244646,0.16615051938534192,8738.216135865883,0.9166666666666666,1.0,0.7575757575757576,9100.0
66,all,R19,IF (PointsAjust IS High) AND (TeamExp IS Low) AND (Length IS Medium),High,3.659539740107611e-07,1.293535390187668e-05,12844.6829244646,0.16615051938534192,8738.216135865883,0.9166666666666666,1.0,0.7575757575757576,9100.0
66,all,R20,IF (PointsAjust IS High) AND (TeamExp IS Low) AND (Length IS High),Very_High,0.028278884086967243,0.9995720762532657,8737.729631664815,8733.990549662882,8738.216135865883,0.9166666666666666,1.0,0.7575757575757576,9100.0
67,all,R1,IF (PointsAjust IS Low) AND (TeamExp IS High) AND (Length IS Low),Very_Low,0.008572464626742143,0.0021811594040119747,1631.5742480714885,3.5587235145248934,2516.8959644408114,0.2216981132075471,0.2,0.1515151515151515,595.0
67,all,R2,IF (PointsAjust IS Low) AND (TeamExp IS High) AND (Length IS Medium),Low,0.005937026033315768,0.0015106040944203854,8404.198479558121,12.695416633542076,2516.8959644408114,0.2216981132075471,0.2,0.1515151515151515,595.0
67,all,R3,IF (PointsAjust IS Low) AND (TeamExp IS High) AND (Length IS High),Medium,0.007328385841157826,0.001864618681983907,-500.4293351295596,-0.9331098872953624,2516.8959644408114,0.2216981132075471,0.2,0.1515151515151515,595.0
67,all,R4,IF (PointsAjust IS Low) AND (TeamExp IS Medium) AND (Length IS Low),Low,0.10443399854363039,0.02657196126670749,8404.198479558121,223.31603647654038,2516.8959644408114,0.2216981132075471,0.2,0.1515151515151515,595.0
67,all,R5,IF (PointsAjust IS Low) AND (TeamExp IS Medium) AND (Length IS Medium),Medium,0.0723277837954087,0.018402925257290297,-500.4293351295596,-9.209363650944763,2516.8959644408114,0.2216981132075471,0.2,0.1515151515151515,595.0
67,all,R6,IF (PointsAjust IS Low) AND (TeamExp IS Medium) AND (Length IS High),Medium,0.08927801625161014,0.02271570583228384,-500.4293351295596,-11.36760556664846,2516.8959644408114,0.2216981132075471,0.2,0.1515151515151515,595.0
67,all,R7,IF (PointsAjust IS Low) AND (TeamExp IS Low) AND (Length IS Medium),Medium,0.4279413348092497,0.10888446991928412,-500.4293351295596,-54.48898288764188,2516.8959644408114,0.2216981132075471,0.2,0.1515151515151515,595.0
67,all,R8,IF (PointsAjust IS Low) AND (TeamExp IS Low) AND (Length IS High),High,0.5282306665431272,0.13440187110529003,1977.7407499403826,265.81205735316695,2516.8959644408114,0.2216981132075471,0.2,0.1515151515151515,595.0
67,all,R9,IF (PointsAjust IS Medium) AND (TeamExp IS High) AND (Length IS Low),Low,0.010301210384926393,0.0026210177448497585,8404.198479558121,22.027553346161195,2516.8959644408114,0.2216981132075471,0.2,0.1515151515151515,595.0
67,all,R10,IF (PointsAjust IS Medium) AND (TeamExp IS High) AND (Length IS Medium),Medium,0.007134302314784036,0.0018152364882804285,-500.4293351295596,-0.9083975889330914,2516.8959644408114,0.2216981132075471,0.2,0.1515151515151515,595.0
67,all,R11,IF (PointsAjust IS Medium) AND (TeamExp IS High) AND (Length IS High),Medium,0.00880624740009829,0.0022406425884640927,-500.4293351295596,-1.1212832808080613,2516.8959644408114,0.2216981132075471,0.2,0.1515151515151515,595.0
67,all,R12,IF (PointsAjust IS Medium) AND (TeamExp IS Medium) AND (Length IS Low),Medium,0.12549443330230178,0.03193053284752884,-500.4293351295596,-15.978975323221423,2516.8959644408114,0.2216981132075471,0.2,0.1515151515151515,595.0
67,all,R13,IF (PointsAjust IS Medium) AND (TeamExp IS Medium) AND (Length IS Medium),Medium,0.0869135948636894,0.02211410755572492,-500.4293351295596,-11.06654814109499,2516.8959644408114,0.2216981132075471,0.2,0.1515151515151515,595.0
67,all,R14,IF (PointsAjust IS Medium) AND (TeamExp IS Medium) AND (Length IS High),High,0.10728205576815815,0.02729661480205883,1977.7407499403826,53.98562742945758,2516.8959644408114,0.2216981132075471,0.2,0.1515151515151515,595.0
67,all,R15,IF (PointsAjust IS Medium) AND (TeamExp IS Low) AND (Length IS Medium),High,0.5142411096715869,0.13084239843821915,1977.7407499403826,258.77234321120187,2516.8959644408114,0.2216981132075471,0.2,0.1515151515151515,595.0
67,all,R16,IF (PointsAjust IS Medium) AND (TeamExp IS Low) AND (Length IS High),High,0.6347550517567541,0.16150570584617444,1977.7407499403826,319.41641579986384,2516.8959644408114,0.2216981132075471,0.2,0.1515151515151515,595.0
67,all,R17,IF (PointsAjust IS High) AND (TeamExp IS High) AND (Length IS Medium),Medium,0.0068370669405308105,0.0017396085609589218,-500.4293351295596,-0.8705511555463632,2516.8959644408114,0.2216981132075471,0.2,0.1515151515151515,595.0
67,all,R18,IF (PointsAjust IS High) AND (TeamExp IS Medium) AND (Length IS Medium),High,0.08329252671194204,0.02119277078787014,1977.7407499403826,41.913806391316925,2516.8959644408114,0.2216981132075471,0.2,0.1515151515151515,595.0
67,all,R19,IF (PointsAjust IS High) AND (TeamExp IS Low) AND (Length IS Medium),High,0.49281635894678466,0.12539113108900943,1977.7407499403826,247.99114963585032,2516.8959644408114,0.2216981132075471,0.2,0.1515151515151515,595.0
67,all,R20,IF (PointsAjust IS High) AND (TeamExp IS Low) AND (Length IS High),Very_High,0.6083093466207284,0.154776917689589,7580.9214296702885,1173.3516521313197,2516.8959644408114,0.2216981132075471,0.2,0.1515151515151515,595.0
68,all,R1,IF (PointsAjust IS Low) AND (TeamExp IS High) AND (Length IS Low),Very_Low,1.8139568386896742e-06,1.0822511450617516e-06,1120.1562651820261,0.0012122904006413428,4712.57159838864,0.2877358490566037,0.2,0.6363636363636364,3941.0
68,all,R2,IF (PointsAjust IS Low) AND (TeamExp IS High) AND (Length IS Medium),Low,5.460560140285959e-06,3.2579041234365608e-06,9059.348098325116,0.02951448752518056,4712.57159838864,0.2877358490566037,0.2,0.6363636363636364,3941.0
68,all,R3,IF (PointsAjust IS Low) AND (TeamExp IS High) AND (Length IS High),Medium,0.0041726664962037936,0.002489515184241891,8877.038473178456,22.09952207007722,4712.57159838864,0.2877358490566037,0.2,0.6363636363636364,3941.0
68,all,R4,IF (PointsAjust IS Low) AND (TeamExp IS Medium) AND (Length IS Low),Low,2.2098518232313732e-05,1.3184518038679216e-05,9059.348098325116,0.11944313842104173,4712.57159838864,0.2877358490566037,0.2,0.6363636363636364,3941.0
68,all,R5,IF (PointsAjust IS Low) AND (TeamExp IS Medium) AND (Length IS Medium),Medium,6.652324093109185e-05,3.9689397308316874e-05,8877.038473178456,0.3523243068831943,4712.57159838864,0.2877358490566037,0.2,0.6363636363636364,3941.0
68,all,R6,IF (PointsAjust IS Low) AND (TeamExp IS Medium) AND (Length IS High),Medium,0.05083348439003246,0.03032850369710645,8877.038473178456,269.227294153149,4712.57159838864,0.2877358490566037,0.2,0.6363636363636364,3941.0
68,all,R7,IF (PointsAjust IS Low) AND (TeamExp IS Low) AND (Length IS Medium),Medium,0.00039359763324720986,0.00023483000267144838,8877.038473178456,2.084594968371047,4712.57159838864,0.2877358490566037,0.2,0.6363636363636364,3941.0
68,all,R8,IF (PointsAjust IS Low) AND (TeamExp IS Low) AND (Length IS High),High,0.30076615128164014,0.17944446343910905,3896.4508147580154,699.1965257711314,4712.57159838864,0.2877358490566037,0.2,0.6363636363636364,3941.0
68,all,R9,IF (PointsAjust IS Medium) AND (TeamExp IS High) AND (Length IS Low),Low,3.7111097880301043e-06,2.2141391304804684e-06,9059.348098325116,0.020058657121145455,4712.57159838864,0.2877358490566037,0.2,0.6363636363636364,3941.0
68,all,R10,IF (PointsAjust IS Medium) AND (TeamExp IS High) AND (Length IS Medium),Medium,1.1171565801632113e-05,6.66523018799206e-06,8877.038473178456,0.05916750481139599,4712.57159838864,0.2877358490566037,0.2,0.6363636363636364,3941.0
68,all,R11,IF (PointsAjust IS Medium) AND (TeamExp IS High) AND (Length IS High),Medium,0.0085367099954997,0.005093210582873303,8877.038473178456,45.212626296165986,4712.57159838864,0.2877358490566037,0.2,0.6363636363636364,3941.0
68,all,R12,IF (PointsAjust IS Medium) AND (TeamExp IS Medium) AND (Length IS Low),Medium,4.521057258018433e-05,2.6973736585235572e-05,8877.038473178456,0.23944689743251746,4712.57159838864,0.2877358490566037,0.2,0.6363636363636364,3941.0
68,all,R13,IF (PointsAjust IS Medium) AND (TeamExp IS Medium) AND (Length IS Medium),Medium,0.00013609753290998479,8.11991265119118e-05,8877.038473178456,0.7208077700347258,4712.57159838864,0.2877358490566037,0.2,0.6363636363636364,3941.0
68,all,R14,IF (PointsAjust IS Medium) AND (TeamExp IS Medium) AND (Length IS High),High,0.10399841796445215,0.06204800716644509,3896.4508147580154,241.76700807780614,4712.57159838864,0.2877358490566037,0.2,0.6363636363636364,3941.0
68,all,R15,IF (PointsAjust IS Medium) AND (TeamExp IS Low) AND (Length IS Medium),High,0.000805247400673734,0.00048043035140057027,3896.4508147580154,1.8719732341492317,4712.57159838864,0.2877358490566037,0.2,0.6363636363636364,3941.0
68,all,R16,IF (PointsAjust IS Medium) AND (TeamExp IS Low) AND (Length IS High),High,0.6153267730095037,0.36711904631519976,3896.4508147580154,1430.4613071280457,4712.57159838864,0.2877358490566037,0.2,0.6363636363636364,3941.0
68,all,R17,IF (PointsAjust IS High) AND (TeamExp IS High) AND (Length IS Medium),Medium,1.0712789245329778e-05,6.391512841032279e-06,8877.038473178456,0.05673770539165768,4712.57159838864,0.2877358490566037,0.2,0.6363636363636364,3941.0
68,all,R18,IF (PointsAjust IS High) AND (TeamExp IS Medium) AND (Length IS Medium),High,0.0001305084902835192,7.786456658563447e-05,3896.4508147580154,0.3033954539133752,4712.57159838864,0.2877358490566037,0.2,0.6363636363636364,3941.0
68,all,R19,IF (PointsAjust IS High) AND (TeamExp IS Low) AND (Length IS Medium),High,0.0007721787479877757,0.0004607007820570792,3896.4508147580154,1.795097937605961,4712.57159838864,0.2877358490566037,0.2,0.6363636363636364,3941.0
68,all,R20,IF (PointsAjust IS High) AND (TeamExp IS Low) AND (Length IS High),Very_High,0.5900574864175842,0.3520427700964374,5672.474228040999,1996.9535405402037,4712.57159838864,0.2877358490566037,0.2,0.6363636363636364,3941.0
69,all,R1,IF (PointsAjust IS Low) AND (TeamExp IS High) AND (Length IS Low),Very_Low,0.0014620401597543527,0.0016022762658282398,3806.1228287898375,6.098460273396998,4551.742567873987,0.5534591194968553,1.0,0.3333333333333333,1400.0
69,all,R2,IF (PointsAjust IS Low) AND (TeamExp IS High) AND (Length IS Medium),Low,0.0031189172028816534,0.0034180777976032584,19406.036272875666,66.33134172379981,4551.742567873987,0.5534591194968553,1.0,0.3333333333333333,1400.0
69,all,R3,IF (PointsAjust IS Low) AND (TeamExp IS High) AND (Length IS High),Medium,0.004489012884358632,0.004919590446006278,537.9014752193884,2.6462549583819857,4551.742567873987,0.5534591194968553,1.0,0.3333333333333333,1400.0
69,all,R4,IF (PointsAjust IS Low) AND (TeamExp IS Medium) AND (Length IS Low),Low,0.00032622525498942457,0.0003575161597962832,19406.036272875666,6.937971565145885,4551.742567873987,0.5534591194968553,1.0,0.3333333333333333,1400.0
69,all,R5,IF (PointsAjust IS Low) AND (TeamExp IS Medium) AND (Length IS Medium),Medium,0.000695924494968676,0.0007626762463790073,537.9014752193884,0.4102446780420538,4551.742567873987,0.5534591194968553,1.0,0.3333333333333333,1400.0
69,all,R6,IF (PointsAjust IS Low) AND (TeamExp IS Medium) AND (Length IS High),Medium,0.001001634163795306,0.0010977090040820655,537.9014752193884,0.5904592926573488,4551.742567873987,0.5534591194968553,1.0,0.3333333333333333,1400.0
69,all,R7,IF (PointsAjust IS Low) AND (TeamExp IS Low) AND (Length IS Medium),Medium,0.000695924494968676,0.0007626762463790073,537.9014752193884,0.4102446780420538,4551.742567873987,0.5534591194968553,1.0,0.3333333333333333,1400.0
69,all,R8,IF (PointsAjust IS Low) AND (TeamExp IS Low) AND (Length IS High),High,0.001001634163795306,0.0010977090040820655,7679.103678446713,8.429421251110668,4551.742567873987,0.5534591194968553,1.0,0.3333333333333333,1400.0
69,all,R9,IF (PointsAjust IS Medium) AND (TeamExp IS High) AND (Length IS Low),Low,0.025451629508304544,0.027892901310359257,19406.036272875666,541.290654584573,4551.742567873987,0.5534591194968553,1.0,0.3333333333333333,1400.0
69,all,R10,IF (PointsAjust IS Medium) AND (TeamExp IS High) AND (Length IS Medium),Medium,0.05429503737309021,0.059502913893812896,537.9014752193884,32.0067051633342,4551.742567873987,0.5534591194968553,1.0,0.3333333333333333,1400.0
69,all,R11,IF (PointsAjust IS Medium) AND (TeamExp IS High) AND (Length IS High),Medium,0.078146070084626,0.08564169221273929,537.9014752193884,46.06679258151728,4551.742567873987,0.5534591194968553,1.0,0.3333333333333333,1400.0
69,all,R12,IF (PointsAjust IS Medium) AND (TeamExp IS Medium) AND (Length IS Low),Medium,0.005679026168226495,0.006223747536384809,537.9014752193884,3.347762981214423,4551.742567873987,0.5534591194968553,1.0,0.3333333333333333,1400.0
69,all,R13,IF (PointsAjust IS Medium) AND (TeamExp IS Medium) AND (Length IS Medium),Medium,0.0121148603843226,0.013276894706424701,537.9014752193884,7.141661248918336,4551.742567873987,0.5534591194968553,1.0,0.3333333333333333,1400.0
69,all,R14,IF (PointsAjust IS Medium) AND (TeamExp IS Medium) AND (Length IS High),High,0.017436745132953017,0.01910924449881105,7679.103678446713,146.74186972315755,4551.742567873987,0.5534591194968553,1.0,0.3333333333333333,1400.0
69,all,R15,IF (PointsAjust IS Medium) AND (TeamExp IS Low) AND (Length IS Medium),High,0.0121148603843226,0.013276894706424701,7679.103678446713,101.95465097845562,4551.742567873987,0.5534591194968553,1.0,0.3333333333333333,1400.0
69,all,R16,IF (PointsAjust IS Medium) AND (TeamExp IS Low) AND (Length IS High),High,0.017436745132953017,0.01910924449881105,7679.103678446713,146.74186972315755,4551.742567873987,0.5534591194968553,1.0,0.3333333333333333,1400.0
69,all,R17,IF (PointsAjust IS High) AND (TeamExp IS High) AND (Length IS Medium),Medium,0.3830527657872955,0.41979445713992464,537.9014752193884,225.8080577844878,4551.742567873987,0.5534591194968553,1.0,0.3333333333333333,1400.0
69,all,R18,IF (PointsAjust IS High) AND (TeamExp IS Medium) AND (Length IS Medium),High,0.08547062497541821,0.09366880445105452,7679.103678446713,719.2924608157987,4551.742567873987,0.5534591194968553,1.0,0.3333333333333333,1400.0
69,all,R19,IF (PointsAjust IS High) AND (TeamExp IS Low) AND (Length IS Medium),High,0.08547062497541821,0.09366880445105452,7679.103678446713,719.2924608157987,4551.742567873987,0.5534591194968553,1.0,0.3333333333333333,1400.0
69,all,R20,IF (PointsAjust IS High) AND (TeamExp IS Low) AND (Length IS High),Very_High,0.12301664705762168,0.13481616942404223,13130.496368615191,1770.203223052997,4551.742567873987,0.5534591194968553,1.0,0.3333333333333333,1400.0
70,all,R1,IF (PointsAjust IS Low) AND (TeamExp IS High) AND (Length IS Low),Very_Low,0.039370809525663915,0.016093029100363622,2884.7403394734056,46.42421023013835,4084.5826422879827,0.3694968553459119,1.0,0.3333333333333333,2800.0
70,all,R2,IF (PointsAjust IS Low) AND (TeamExp IS High) AND (Length IS Medium),Low,0.08398831885821902,0.03433067482635524,16508.705913831036,566.755014531661,4084.5826422879827,0.3694968553459119,1.0,0.3333333333333333,2800.0
70,all,R3,IF (PointsAjust IS Low) AND (TeamExp IS High) AND (Length IS High),Medium,0.1208831850816119,0.04941164885103329,653.355399893157,32.28336759444711,4084.5826422879827,0.3694968553459119,1.0,0.3333333333333333,2800.0
70,all,R4,IF (PointsAjust IS Low) AND (TeamExp IS Medium) AND (Length IS Low),Low,0.008784815034634711,0.0035908401604374746,16508.705913831036,59.28012419223612,4084.5826422879827,0.3694968553459119,1.0,0.3333333333333333,2800.0
70,all,R5,IF (PointsAjust IS Low) AND (TeamExp IS Medium) AND (Length IS Medium),Medium,0.01874032703743179,0.007660208972008311,653.355399893157,5.0048388961716395,4084.5826422879827,0.3694968553459119,1.0,0.3333333333333333,2800.0
70,all,R6,IF (PointsAjust IS Low) AND (TeamExp IS Medium) AND (Length IS High),Medium,0.026972684446512338,0.011025229121329033,653.355399893157,7.2033929814796105,4084.5826422879827,0.3694968553459119,1.0,0.3333333333333333,2800.0
70,all,R7,IF (PointsAjust IS Low) AND (TeamExp IS Low) AND (Length IS Medium),Medium,0.01874032703743179,0.007660208972008311,653.355399893157,5.0048388961716395,4084.5826422879827,0.3694968553459119,1.0,0.3333333333333333,2800.0
70,all,R8,IF (PointsAjust IS Low) AND (TeamExp IS Low) AND (Length IS High),High,0.026972684446512338,0.011025229121329033,5579.001599175733,61.50977089917353,4084.5826422879827,0.3694968553459119,1.0,0.3333333333333333,2800.0
70,all,R9,IF (PointsAjust IS Medium) AND (TeamExp IS High) AND (Length IS Low),Low,0.15565674621614464,0.06362552806772871,16508.705913831036,1050.3751314823355,4084.5826422879827,0.3694968553459119,1.0,0.3333333333333333,2800.0
70,all,R10,IF (PointsAjust IS Medium) AND (TeamExp IS High) AND (Length IS Medium),Medium,0.3320568865903698,0.13573002951314983,653.355399893157,88.67994771007402,4084.5826422879827,0.3694968553459119,1.0,0.3333333333333333,2800.0
70,all,R11,IF (PointsAjust IS Medium) AND (TeamExp IS High) AND (Length IS High),Medium,0.4779247236402972,0.19535428857039347,653.355399893157,127.63577932975262,4084.5826422879827,0.3694968553459119,1.0,0.3333333333333333,2800.0
70,all,R12,IF (PointsAjust IS Medium) AND (TeamExp IS Medium) AND (Length IS Low),Medium,0.034731714711391845,0.014196774267280722,653.355399893157,9.275539128592078,4084.5826422879827,0.3694968553459119,1.0,0.3333333333333333,2800.0
70,all,R13,IF (PointsAjust IS Medium) AND (TeamExp IS Medium) AND (Length IS Medium),Medium,0.0740919062832982,0.030285463222220223,653.355399893157,19.787170934503195,4084.5826422879827,0.3694968553459119,1.0,0.3333333333333333,2800.0
70,all,R14,IF (PointsAjust IS Medium) AND (TeamExp IS Medium) AND (Length IS High),High,0.10663942012475355,0.043589433694394455,5579.001599175733,243.18552028819124,4084.5826422879827,0.3694968553459119,1.0,0.3333333333333333,2800.0
70,all,R15,IF (PointsAjust IS Medium) AND (TeamExp IS Low) AND (Length IS Medium),High,0.0740919062832982,0.030285463222220223,5579.001599175733,168.96264774854447,4084.5826422879827,0.3694968553459119,1.0,0.3333333333333333,2800.0
70,all,R16,IF (PointsAjust IS Medium) AND (TeamExp IS Low) AND (Length IS High),High,0.10663942012475355,0.043589433694394455,5579.001599175733,243.18552028819124,4084.5826422879827,0.3694968553459119,1.0,0.3333333333333333,2800.0
70,all,R17,IF (PointsAjust IS High) AND (TeamExp IS High) AND (Length IS Medium),Medium,0.418785656667848,0.1711808784418668,653.355399893157,111.84195128844779,4084.5826422879827,0.3694968553459119,1.0,0.3333333333333333,2800.0
70,all,R18,IF (PointsAjust IS High) AND (TeamExp IS Medium) AND (Length IS Medium),High,0.09344371064016224,0.03819561682108263,5579.001599175733,213.0934073263235,4084.5826422879827,0.3694968553459119,1.0,0.3333333333333333,2800.0
70,all,R19,IF (PointsAjust IS High) AND (TeamExp IS Low) AND (Length IS Medium),High,0.09344371064016224,0.03819561682108263,5579.001599175733,213.0934073263235,4084.5826422879827,0.3694968553459119,1.0,0.3333333333333333,2800.0
70,all,R20,IF (PointsAjust IS High) AND (TeamExp IS Low) AND (Length IS High),Very_High,0.13449219512413094,0.05497440453932152,14770.529449471796,812.0010612152246,4084.5826422879827,0.3694968553459119,1.0,0.3333333333333333,2800.0
71,all,R1,IF (PointsAjust IS Low) AND (TeamExp IS High) AND (Length IS Low),Very_Low,8.559008733053377e-12,2.1926459088466452e-10,4773.132819552381,1.046579014917318e-06,9294.263285210805,0.8726415094339622,1.0,0.696969696969697,9520.0
71,all,R2,IF (PointsAjust IS Low) AND (TeamExp IS High) AND (Length IS Medium),Low,2.1939988086579457e-11,5.62058371694415e-10,24144.339996148807,1.3570528423871736e-05,9294.263285210805,0.8726415094339622,1.0,0.696969696969697,9520.0
71,all,R3,IF (PointsAjust IS Low) AND (TeamExp IS High) AND (Length IS High),Medium,1.4504283350097034e-07,3.7157057014705633e-06,7401.768587163639,0.027502793740289647,9294.263285210805,0.8726415094339622,1.0,0.696969696969697,9520.0
71,all,R4,IF (PointsAjust IS Low) AND (TeamExp IS Medium) AND (Length IS Low),Low,1.909772989318009e-12,4.8924543278975124e-11,24144.339996148807,1.1812508070838723e-06,9294.263285210805,0.8726415094339622,1.0,0.696969696969697,9520.0
71,all,R5,IF (PointsAjust IS Low) AND (TeamExp IS Medium) AND (Length IS Medium),Medium,4.895473055413116e-12,1.2541217448894047e-10,7401.768587163639,9.282718935801247e-07,9294.263285210805,0.8726415094339622,1.0,0.696969696969697,9520.0
71,all,R6,IF (PointsAjust IS Low) AND (TeamExp IS Medium) AND (Length IS High),Medium,3.2363430667453546e-08,8.290860082335603e-07,7401.768587163639,0.0061367027718000604,9294.263285210805,0.8726415094339622,1.0,0.696969696969697,9520.0
71,all,R7,IF (PointsAjust IS Low) AND (TeamExp IS Low) AND (Length IS Medium),Medium,4.895473055413116e-12,1.2541217448894047e-10,7401.768587163639,9.282718935801247e-07,9294.263285210805,0.8726415094339622,1.0,0.696969696969697,9520.0
71,all,R8,IF (PointsAjust IS Low) AND (TeamExp IS Low) AND (Length IS High),High,3.2363430667453546e-08,8.290860082335603e-07,12196.490984281929,0.010111940024614912,9294.263285210805,0.8726415094339622,1.0,0.696969696969697,9520.0
71,all,R9,IF (PointsAjust IS Medium) AND (TeamExp IS High) AND (Length IS Low),Low,1.9504531989950816e-09,4.996668843972246e-08,24144.339996148807,0.0012064127141702971,9294.263285210805,0.8726415094339622,1.0,0.696969696969697,9520.0
71,all,R10,IF (PointsAjust IS Medium) AND (TeamExp IS High) AND (Length IS Medium),Medium,4.9997518736164155e-09,1.2808358809820385e-07,7401.768587163639,0.0009480450789164917,9294.263285210805,0.8726415094339622,1.0,0.696969696969697,9520.0
71,all,R11,IF (PointsAjust IS Medium) AND (TeamExp IS High) AND (Length IS High),Medium,3.3052806395765404e-05,0.0008467464280027774,7401.768587163639,6.267421112083976,9294.263285210805,0.8726415094339622,1.0,0.696969696969697,9520.0
71,all,R12,IF (PointsAjust IS Medium) AND (TeamExp IS Medium) AND (Length IS Low),Medium,4.3520493465378967e-10,1.1149075193641966e-08,7401.768587163639,8.252287454422447e-05,9294.263285210805,0.8726415094339622,1.0,0.696969696969697,9520.0
71,all,R13,IF (PointsAjust IS Medium) AND (TeamExp IS Medium) AND (Length IS Medium),Medium,1.1155954362624424e-09,2.8579311524737732e-08,7401.768587163639,0.0002115374502865675,9294.263285210805,0.8726415094339622,1.0,0.696969696969697,9520.0
71,all,R14,IF (PointsAjust IS Medium) AND (TeamExp IS Medium) AND (Length IS High),High,7.375077984442178e-06,0.00018893466608537057,12196.490984281929,2.3043399515285388,9294.263285210805,0.8726415094339622,1.0,0.696969696969697,9520.0
71,all,R15,IF (PointsAjust IS Medium) AND (TeamExp IS Low) AND (Length IS Medium),High,1.1155954362624424e-09,2.8579311524737732e-08,12196.490984281929,0.00034856731534844835,9294.263285210805,0.8726415094339622,1.0,0.696969696969697,9520.0
71,all,R16,IF (PointsAjust IS Medium) AND (TeamExp IS Low) AND (Length IS High),High,7.375077984442178e-06,0.00018893466608537057,12196.490984281929,2.3043399515285388,9294.263285210805,0.8726415094339622,1.0,0.696969696969697,9520.0
71,all,R17,IF (PointsAjust IS High) AND (TeamExp IS High) AND (Length IS Medium),Medium,2.6404417379774795e-05,0.0006764280718590711,7401.768587163639,5.006764053762141,9294.263285210805,0.8726415094339622,1.0,0.696969696969697,9520.0
71,all,R18,IF (PointsAjust IS High) AND (TeamExp IS Medium) AND (Length IS Medium),High,5.8916218785751316e-06,0.00015093150400280806,12196.490984281929,1.8408347278143604,9294.263285210805,0.8726415094339622,1.0,0.696969696969697,9520.0
71,all,R19,IF (PointsAjust IS High) AND (TeamExp IS Low) AND (Length IS Medium),High,5.8916218785751316e-06,0.00015093150400280806,12196.490984281929,1.8408347278143604,9294.263285210805,0.8726415094339622,1.0,0.696969696969697,9520.0
71,all,R20,IF (PointsAjust IS High) AND (TeamExp IS Low) AND (Length IS High),Very_High,0.03894886030989059,0.9977914718431972,9295.18085314615,9274.652184509403,9294.263285210805,0.8726415094339622,1.0,0.696969696969697,9520.0
72,all,R1,IF (PointsAjust IS Low) AND (TeamExp IS High) AND (Length IS Low),Very_Low,3.12580467570339e-10,1.6622910710497185e-09,6034.7659439740255,1.0031537544542948e-05,5032.9531081613095,0.9984276729559748,1.0,0.3333333333333333,5880.0
72,all,R2,IF (PointsAjust IS Low) AND (TeamExp IS High) AND (Length IS Medium),Low,6.668165652533941e-10,3.546105203132469e-09,26414.108850735745,9.366720883170143e-05,5032.9531081613095,0.9984276729559748,1.0,0.3333333333333333,5880.0
72,all,R3,IF (PointsAjust IS Low) AND (TeamExp IS High) AND (Length IS High),Medium,9.597395372216414e-10,5.1038584581358186e-09,258.6411275042051,1.3200677062341218e-06,5032.9531081613095,0.9984276729559748,1.0,0.3333333333333333,5880.0
72,all,R4,IF (PointsAjust IS Low) AND (TeamExp IS Medium) AND (Length IS Low),Low,6.97461297882408e-11,3.7090727289662857e-10,26414.108850735745,9.797185079821096e-06,5032.9531081613095,0.9984276729559748,1.0,0.3333333333333333,5880.0
72,all,R5,IF (PointsAjust IS Low) AND (TeamExp IS Medium) AND (Length IS Medium),Medium,1.487868869946157e-10,7.912430218781279e-10,258.6411275042051,2.0464798730839342e-07,5032.9531081613095,0.9984276729559748,1.0,0.3333333333333333,5880.0
72,all,R6,IF (PointsAjust IS Low) AND (TeamExp IS Medium) AND (Length IS High),Medium,2.1414683664104472e-10,1.138824755138763e-09,258.6411275042051,2.9454691869878994e-07,5032.9531081613095,0.9984276729559748,1.0,0.3333333333333333,5880.0
72,all,R7,IF (PointsAjust IS Low) AND (TeamExp IS Low) AND (Length IS Medium),Medium,1.487868869946157e-10,7.912430218781279e-10,258.6411275042051,2.0464798730839342e-07,5032.9531081613095,0.9984276729559748,1.0,0.3333333333333333,5880.0
72,all,R8,IF (PointsAjust IS Low) AND (TeamExp IS Low) AND (Length IS High),High,2.1414683664104472e-10,1.138824755138763e-09,12758.837767623525,1.4530080296569063e-05,5032.9531081613095,0.9984276729559748,1.0,0.3333333333333333,5880.0
72,all,R9,IF (PointsAjust IS Medium) AND (TeamExp IS High) AND (Length IS Low),Low,1.9626981637857928e-07,1.0437554394190144e-06,26414.108850735745,0.027569869790361363,5032.9531081613095,0.9984276729559748,1.0,0.3333333333333333,5880.0
72,all,R10,IF (PointsAjust IS Medium) AND (TeamExp IS High) AND (Length IS Medium),Medium,4.1869527497276516e-07,2.2266055921146675e-06,258.6411275042051,0.0005758917808517058,5032.9531081613095,0.9984276729559748,1.0,0.3333333333333333,5880.0
72,all,R11,IF (PointsAjust IS Medium) AND (TeamExp IS High) AND (Length IS High),Medium,6.026221158536285e-07,3.20472155597873e-06,258.6411275042051,0.0008288727965753693,5032.9531081613095,0.9984276729559748,1.0,0.3333333333333333,5880.0
72,all,R12,IF (PointsAjust IS Medium) AND (TeamExp IS Medium) AND (Length IS Low),Medium,4.379371556085529e-08,2.328933183533593e-07,258.6411275042051,6.0235790447108634e-05,5032.9531081613095,0.9984276729559748,1.0,0.3333333333333333,5880.0
72,all,R13,IF (PointsAjust IS Medium) AND (TeamExp IS Medium) AND (Length IS Medium),Medium,9.342354375806392e-08,4.96822862355935e-07,258.6411275042051,0.0001284988252896055,5032.9531081613095,0.9984276729559748,1.0,0.3333333333333333,5880.0
72,all,R14,IF (PointsAjust IS Medium) AND (TeamExp IS Medium) AND (Length IS High),High,1.3446316921940574e-07,7.150700340166591e-07,12758.837767623525,0.009123462556507589,5032.9531081613095,0.9984276729559748,1.0,0.3333333333333333,5880.0
72,all,R15,IF (PointsAjust IS Medium) AND (TeamExp IS Low) AND (Length IS Medium),High,9.342354375806392e-08,4.96822862355935e-07,12758.837767623525,0.0063388823000457275,5032.9531081613095,0.9984276729559748,1.0,0.3333333333333333,5880.0
72,all,R16,IF (PointsAjust IS Medium) AND (TeamExp IS Low) AND (Length IS High),High,1.3446316921940574e-07,7.150700340166591e-07,12758.837767623525,0.009123462556507589,5032.9531081613095,0.9984276729559748,1.0,0.3333333333333333,5880.0
72,all,R17,IF (PointsAjust IS High) AND (TeamExp IS High) AND (Length IS Medium),Medium,0.10639320353555612,0.5657950211419811,258.6411275042051,146.33786220442755,5032.9531081613095,0.9984276729559748,1.0,0.3333333333333333,5880.0
72,all,R18,IF (PointsAjust IS High) AND (TeamExp IS Medium) AND (Length IS Medium),High,0.02373953254359312,0.12624593367859444,12758.837767623525,1610.7513866273455,5032.9531081613095,0.9984276729559748,1.0,0.3333333333333333,5880.0
72,all,R19,IF (PointsAjust IS High) AND (TeamExp IS Low) AND (Length IS Medium),High,0.02373953254359312,0.12624593367859444,12758.837767623525,1610.7513866273455,5032.9531081613095,0.9984276729559748,1.0,0.3333333333333333,5880.0
72,all,R20,IF (PointsAjust IS High) AND (TeamExp IS Low) AND (Length IS High),Very_High,0.03416796937038928,0.18170396519583393,9163.57874568853,1665.0585934758722,5032.9531081613095,0.9984276729559748,1.0,0.3333333333333333,5880.0
