sample_index,split,rule_id,original_label,sugeno_output,firing_strength,normalized_firing_strength,rule_output,rule_contribution,PointsAjust,TeamExp,Length,actual,predicted
0,all,R1,Very_Low,R1_OUT,0.007915805060536674,0.0015254662833520756,10717.903902421633,16.349801031351834,0.3773584905660377,0.4,0.3333333333333333,5152.0,2804.5013690059022
0,all,R2,Low,R2_OUT,0.016886499603481212,0.003254221850077031,-222506.51057448352,-724.0855484958803,0.3773584905660377,0.4,0.3333333333333333,5152.0,2804.5013690059022
0,all,R3,Medium,R3_OUT,0.0243044971574452,0.004683754926248192,-43627.45335745847,-204.34029958265933,0.3773584905660377,0.4,0.3333333333333333,5152.0,2804.5013690059022
0,all,R4,Low,R4_OUT,0.035476177022733965,0.006836665569268228,246034.28970255412,1682.0541572688162,0.3773584905660377,0.4,0.3333333333333333,5152.0,2804.5013690059022
0,all,R5,Medium,R5_OUT,0.07568004070918982,0.014584410497945548,234983.55029502546,3427.096557767285,0.3773584905660377,0.4,0.3333333333333333,5152.0,2804.5013690059022
0,all,R6,Medium,R6_OUT,0.10892519927058475,0.020991133261108595,-171873.56065462917,-3607.820815762552,0.3773584905660377,0.4,0.3333333333333333,5152.0,2804.5013690059022
0,all,R7,Medium,R7_OUT,0.12477529288469283,0.024045627808585063,-166676.78908466775,-4007.848034659954,0.3773584905660377,0.4,0.3333333333333333,5152.0,2804.5013690059022
0,all,R8,High,R8_OUT,0.17958729295266307,0.03460852790369067,36279.451650158764,1255.5784147651161,0.3773584905660377,0.4,0.3333333333333333,5152.0,2804.5013690059022
0,all,R9,Low,R9_OUT,0.03334263510811104,0.006425507609972166,146233.86260139715,939.6267969809015,0.3773584905660377,0.4,0.3333333333333333,5152.0,2804.5013690059022
0,all,R10,Medium,R10_OUT,0.07112863318717993,0.013707302147812633,183224.26348561098,2511.510340407703,0.3773584905660377,0.4,0.3333333333333333,5152.0,2804.5013690059022
0,all,R11,Medium,R11_OUT,0.10237442357529147,0.019728723768132193,203386.8540438171,4012.5630614998877,0.3773584905660377,0.4,0.3333333333333333,5152.0,2804.5013690059022
0,all,R12,Medium,R12_OUT,0.14943132334029155,0.028797127226986324,-168527.61095477745,-4853.11105392478,0.3773584905660377,0.4,0.3333333333333333,5152.0,2804.5013690059022
0,all,R13,Medium,R13_OUT,0.31877641794306977,0.06143186621967338,262559.9540288632,16129.547970544718,0.3773584905660377,0.4,0.3333333333333333,5152.0,2804.5013690059022
0,all,R14,High,R14_OUT,0.45881033521954345,0.08841800568335688,66028.44446135368,5838.103377647183,0.3773584905660377,0.4,0.3333333333333333,5152.0,2804.5013690059022
0,all,R15,High,R15_OUT,0.525573460860333,0.10128402453518014,41373.44210562087,4190.468725330559,0.3773584905660377,0.4,0.3333333333333333,5152.0,2804.5013690059022
0,all,R16,High,R16_OUT,0.7564503588935172,0.14577664668303525,-2035.0758019068162,-296.66652614776456,0.3773584905660377,0.4,0.3333333333333333,5152.0,2804.5013690059022
0,all,R17,Medium,R17_OUT,0.09358011451440956,0.01803395970368674,118990.15273069842,2145.863619480946,0.3773584905660377,0.4,0.3333333333333333,5152.0,2804.5013690059022
0,all,R18,High,R18_OUT,0.4193969764202139,0.08082260009892997,-145921.62675415105,-11793.765284936071,0.3773584905660377,0.4,0.3333333333333333,5152.0,2804.5013690059022
0,all,R19,High,R19_OUT,0.6914687158913265,0.1332539399363961,-102205.67631558108,-13619.309052915181,0.3773584905660377,0.4,0.3333333333333333,5152.0,2804.5013690059022
0,all,R20,Very_High,R20_OUT,0.995221024751539,0.19179048828656287,-1237.36499872269,-237.31483729372695,0.3773584905660377,0.4,0.3333333333333333,5152.0,2804.5013690059022
1,all,R1,Very_Low,R1_OUT,0.0013267804310269898,0.0006876243484027873,44655.88307036597,30.706472498611458,0.3977987421383648,0.2,0.0909090909090909,5635.0,5477.954649999227
1,all,R2,Low,R2_OUT,0.0005419113324000581,0.0002808538761347589,-292727.14959665015,-82.21355461409861,0.3977987421383648,0.2,0.0909090909090909,5635.0,5477.954649999227
1,all,R3,Medium,R3_OUT,0.0011601569282959896,0.0006012691574347474,-43465.63732137053,-26.13454712958477,0.3977987421383648,0.2,0.0909090909090909,5635.0,5477.954649999227
1,all,R4,Low,R4_OUT,0.016163494588165867,0.008376979471649624,153603.62741069094,1286.7344335902753,0.3977987421383648,0.2,0.0909090909090909,5635.0,5477.954649999227
1,all,R5,Medium,R5_OUT,0.006601831534200485,0.0034215006498518642,166624.5401676631,570.1059724649274,0.3977987421383648,0.2,0.0909090909090909,5635.0,5477.954649999227
1,all,R6,Medium,R6_OUT,0.014133604772434196,0.00732495787920608,-230839.89094598917,-1690.8924780198956,0.3977987421383648,0.2,0.0909090909090909,5635.0,5477.954649999227
1,all,R7,Medium,R7_OUT,0.039061014325049645,0.020243970965432352,-110213.43368981831,-2231.1575516172857,0.3977987421383648,0.2,0.0909090909090909,5635.0,5477.954649999227
1,all,R8,High,R8_OUT,0.08362420877004414,0.043339531335784776,-38794.42406034124,-1681.332157216882,0.3977987421383648,0.2,0.0909090909090909,5635.0,5477.954649999227
1,all,R9,Low,R9_OUT,0.006589205830863775,0.0034149571850652215,154553.37298405336,527.7931515479581,0.3977987421383648,0.2,0.0909090909090909,5635.0,5477.954649999227
1,all,R10,Medium,R10_OUT,0.0026913008571415858,0.0013948080292497172,274159.0433477808,382.39923495290594,0.3977987421383648,0.2,0.0909090909090909,5635.0,5477.954649999227
1,all,R11,Medium,R11_OUT,0.005761701497758551,0.0029860903473085615,248284.53146311868,741.4000427880475,0.3977987421383648,0.2,0.0909090909090909,5635.0,5477.954649999227
1,all,R12,Medium,R12_OUT,0.08027296024033012,0.04160269528311803,-94531.04294162671,-3932.7461742958417,0.3977987421383648,0.2,0.0909090909090909,5635.0,5477.954649999227
1,all,R13,Medium,R13_OUT,0.03278675643856348,0.01699224039267541,203337.29696672218,3455.156230855371,0.3977987421383648,0.2,0.0909090909090909,5635.0,5477.954649999227
1,all,R14,High,R14_OUT,0.07019189369981975,0.03637802762220151,213896.8563318461,7781.145747941966,0.3977987421383648,0.2,0.0909090909090909,5635.0,5477.954649999227
1,all,R15,High,R15_OUT,0.19398919167872083,0.10053787982237004,70995.86650106164,7137.773894168762,0.3977987421383648,0.2,0.0909090909090909,5635.0,5477.954649999227
1,all,R16,High,R16_OUT,0.4153039275703152,0.21523764287328953,-2151.080505832593,-462.9934977060907,0.3977987421383648,0.2,0.0909090909090909,5635.0,5477.954649999227
1,all,R17,Medium,R17_OUT,0.0040042132357502895,0.0020752450463618565,219112.60354471474,454.7123451016186,0.3977987421383648,0.2,0.0909090909090909,5635.0,5477.954649999227
1,all,R18,High,R18_OUT,0.04878130356189685,0.025281660244283133,-18936.10602060429,-478.73619876264195,0.3977987421383648,0.2,0.0909090909090909,5635.0,5477.954649999227
1,all,R19,High,R19_OUT,0.28862402612892596,0.14958383712870313,-39913.71749388809,-5970.447016806826,0.3977987421383648,0.2,0.0909090909090909,5635.0,5477.954649999227
1,all,R20,Very_High,R20_OUT,0.6179039698305454,0.3202382283414769,-1040.8491873950852,-333.319699742068,0.3977987421383648,0.2,0.0909090909090909,5635.0,5477.954649999227
2,all,R1,Very_Low,R1_OUT,0.22460104323372498,0.2103072735836814,-102943.78394343682,-21649.826533531756,0.0330188679245283,1.0,0.0,805.0,800.8146099447916
2,all,R2,Low,R2_OUT,0.03599322726344662,0.033702592758557005,197133.89795904385,6643.923481820587,0.0330188679245283,1.0,0.0,805.0,800.8146099447916
2,all,R3,Medium,R3_OUT,0.3094435508073862,0.28975034381578046,124501.48425997695,36074.3478699033,0.0330188679245283,1.0,0.0,805.0,800.8146099447916
2,all,R4,Low,R4_OUT,0.05011526674624546,0.04692589563510647,285059.2961745501,13376.662782103842,0.0330188679245283,1.0,0.0,805.0,800.8146099447916
2,all,R5,Medium,R5_OUT,0.008031174563551674,0.007520064919634135,309037.99220736255,2323.9857640327546,0.0330188679245283,1.0,0.0,805.0,800.8146099447916
2,all,R6,Medium,R6_OUT,0.06904618904855087,0.0646520406186777,-170267.04531123803,-11008.111929484397,0.0330188679245283,1.0,0.0,805.0,800.8146099447916
2,all,R7,Medium,R7_OUT,0.008031174563551674,0.007520064919634135,-12734.735897978728,-95.76604068719534,0.0330188679245283,1.0,0.0,805.0,800.8146099447916
2,all,R8,High,R8_OUT,0.06904618904855087,0.0646520406186777,-315867.71190250904,-20421.4921400498,0.0330188679245283,1.0,0.0,805.0,800.8146099447916
2,all,R9,Low,R9_OUT,0.05900990310052931,0.0552544710248527,93270.38653356506,5153.605870195683,0.0330188679245283,1.0,0.0,805.0,800.8146099447916
2,all,R10,Medium,R10_OUT,0.009456576080464046,0.008854752873295752,47947.40059033786,424.5623831443566,0.0330188679245283,1.0,0.0,805.0,800.8146099447916
2,all,R11,Medium,R11_OUT,0.08130075303891426,0.0761267154673077,-71090.53669515789,-5411.889059410482,0.0330188679245283,1.0,0.0,805.0,800.8146099447916
2,all,R12,Medium,R12_OUT,0.013166889129164428,0.012328938968692157,-608387.2586797124,-7500.769381592102,0.0330188679245283,1.0,0.0,805.0,800.8146099447916
2,all,R13,Medium,R13_OUT,0.0021100473352897533,0.00197576242669325,55564.51502934927,109.78228105242067,0.0330188679245283,1.0,0.0,805.0,800.8146099447916
2,all,R14,High,R14_OUT,0.01814065004576088,0.016986166213794316,254111.253712829,4316.375992361772,0.0330188679245283,1.0,0.0,805.0,800.8146099447916
2,all,R15,High,R15_OUT,0.0021100473352897533,0.00197576242669325,-105170.46016877542,-207.7918435995055,0.0330188679245283,1.0,0.0,805.0,800.8146099447916
2,all,R16,High,R16_OUT,0.01814065004576088,0.016986166213794316,275389.1492354267,4677.805862388365,0.0330188679245283,1.0,0.0,805.0,800.8146099447916
2,all,R17,Medium,R17_OUT,0.026815541186303644,0.02510898113101746,-71193.66896570037,-1787.600490707674,0.0330188679245283,1.0,0.0,805.0,800.8146099447916
2,all,R18,High,R18_OUT,0.005983355999366747,0.005602570980927827,-526882.8663753272,-2951.8986575024824,0.0330188679245283,1.0,0.0,805.0,800.8146099447916
2,all,R19,High,R19_OUT,0.005983355999366747,0.005602570980927827,-276924.604943831,-1551.48975556321,0.0330188679245283,1.0,0.0,805.0,800.8146099447916
2,all,R20,Very_High,R20_OUT,0.05144053664976712,0.04816682442225423,5945.962983974663,286.3981550703304,0.0330188679245283,1.0,0.0,805.0,800.8146099447916
3,all,R1,Very_Low,R1_OUT,0.0018991129555090383,0.000775033670969614,39119.54196202968,30.318962213481722,0.3789308176100629,0.2,0.1212121212121212,3829.0,4232.975481072339
3,all,R2,Low,R2_OUT,0.0010197685473101528,0.0004161705908373899,-289290.79732565256,-120.39432204683644,0.3789308176100629,0.2,0.1212121212121212,3829.0,4232.975481072339
3,all,R3,Medium,R3_OUT,0.0015965370048442323,0.0006515515215215796,-49877.84382441577,-32.49798503401382,0.3789308176100629,0.2,0.1212121212121212,3829.0,4232.975481072339
3,all,R4,Low,R4_OUT,0.023135932111182603,0.009441843015929175,165833.30139380333,1565.7719985735598,0.3789308176100629,0.2,0.1212121212121212,3829.0,4232.975481072339
3,all,R5,Medium,R5_OUT,0.012423324168921302,0.005069995709498903,182102.54124830416,923.2591028177491,0.3789308176100629,0.2,0.1212121212121212,3829.0,4232.975481072339
3,all,R6,Medium,R6_OUT,0.01944980241955449,0.00793752247602381,-218453.29780183843,-1733.9779612636153,0.3789308176100629,0.2,0.1212121212121212,3829.0,4232.975481072339
3,all,R7,Medium,R7_OUT,0.07350500248500187,0.029997611119087792,-109120.94051536379,-3273.3675385289944,0.3789308176100629,0.2,0.1212121212121212,3829.0,4232.975481072339
3,all,R8,High,R8_OUT,0.11507852131546555,0.04696388835964411,-21702.96951659194,-1019.2558374499831,0.3789308176100629,0.2,0.1212121212121212,3829.0,4232.975481072339
3,all,R9,Low,R9_OUT,0.008101358872090306,0.003306188759475565,160428.15943425032,530.4057774248722,0.3789308176100629,0.2,0.1212121212121212,3829.0,4232.975481072339
3,all,R10,Medium,R10_OUT,0.004350194623371064,0.0017753274225228185,259701.01511836934,461.0543337966542,0.3789308176100629,0.2,0.1212121212121212,3829.0,4232.975481072339
3,all,R11,Medium,R11_OUT,0.006810610812429766,0.0027794306200643816,250561.17521880858,696.4174026024733,0.3789308176100629,0.2,0.1212121212121212,3829.0,4232.975481072339
3,all,R12,Medium,R12_OUT,0.09869475553273171,0.04027762459525681,-92237.30824504621,-3715.0996751709567,0.3789308176100629,0.2,0.1212121212121212,3829.0,4232.975481072339
3,all,R13,Medium,R13_OUT,0.05299621972710274,0.021627915603155516,204557.1031683806,4424.143763351712,0.3789308176100629,0.2,0.1212121212121212,3829.0,4232.975481072339
3,all,R14,High,R14_OUT,0.08297022509112745,0.033860396743128664,192999.19092774496,6535.029175916283,0.3789308176100629,0.2,0.1212121212121212,3829.0,4232.975481072339
3,all,R15,High,R15_OUT,0.3135623935887871,0.1279657496286192,67473.01706666246,8634.235208640079,0.3789308176100629,0.2,0.1212121212121212,3829.0,4232.975481072339
3,all,R16,High,R16_OUT,0.49090939901265024,0.20034159238742058,-3688.3495961829176,-738.9298313807853,0.3789308176100629,0.2,0.1212121212121212,3829.0,4232.975481072339
3,all,R17,Medium,R17_OUT,0.005773848798563165,0.0023563249447552982,204780.21623583935,482.52873170889217,0.3789308176100629,0.2,0.1212121212121212,3829.0,4232.975481072339
3,all,R18,High,R18_OUT,0.07033987811851082,0.028705914408936387,-31033.79935295909,-890.8535880101491,0.3789308176100629,0.2,0.1212121212121212,3829.0,4232.975481072339
3,all,R19,High,R19_OUT,0.4161795060319028,0.1698440997975126,-47672.75574252846,-8096.9362839564465,0.3789308176100629,0.2,0.1212121212121212,3829.0,4232.975481072339
3,all,R20,Very_High,R20_OUT,0.6515654790396682,0.26590581862563983,-1612.88668051087,-428.8759531316337,0.3789308176100629,0.2,0.1212121212121212,3829.0,4232.975481072339
4,all,R1,Very_Low,R1_OUT,0.007248392852517123,0.0025106587955841977,7987.038508172453,20.052728481212856,0.2295597484276729,0.2,0.0909090909090909,2149.0,2081.2959796036193
4,all,R2,Low,R2_OUT,0.002960539767251593,0.0010254556227241199,-234010.75319355362,-239.96764264023585,0.2295597484276729,0.2,0.0909090909090909,2149.0,2081.2959796036193
4,all,R3,Medium,R3_OUT,0.00633810462545766,0.0021953581226922844,-53418.927456794896,-117.27367629778458,0.2295597484276729,0.2,0.0909090909090909,2149.0,2081.2959796036193
4,all,R4,Low,R4_OUT,0.08830350215059615,0.030586085614591575,187446.23101664314,5733.246470007558,0.2295597484276729,0.2,0.0909090909090909,2149.0,2081.2959796036193
4,all,R5,Medium,R5_OUT,0.036066757834965026,0.012492606930806019,239867.36863555913,2996.5687518907885,0.2295597484276729,0.2,0.0909090909090909,2149.0,2081.2959796036193
4,all,R6,Medium,R6_OUT,0.07721392132194475,0.026744937071280086,-184787.39687422116,-4942.127300966703,0.2295597484276729,0.2,0.0909090909090909,2149.0,2081.2959796036193
4,all,R7,Medium,R7_OUT,0.2133959549181799,0.07391492735818869,-45733.5608380607,-3380.39282717656,0.2295597484276729,0.2,0.0909090909090909,2149.0,2081.2959796036193
4,all,R8,High,R8_OUT,0.4568511133956101,0.15824159775236363,-35079.36295511599,-5551.01444215263,0.2295597484276729,0.2,0.0909090909090909,2149.0,2081.2959796036193
4,all,R9,Low,R9_OUT,0.009279733511963525,0.003214263497652168,186227.61656665694,598.5846301849696,0.2295597484276729,0.2,0.0909090909090909,2149.0,2081.2959796036193
4,all,R10,Medium,R10_OUT,0.003790222281084674,0.0013128365281580823,208442.58382580813,273.651038070174,0.2295597484276729,0.2,0.0909090909090909,2149.0,2081.2959796036193
4,all,R11,Medium,R11_OUT,0.008114339701491991,0.0028106007436992453,237566.37230909246,667.704222689867,0.2295597484276729,0.2,0.0909090909090909,2149.0,2081.2959796036193
4,all,R12,Medium,R12_OUT,0.11305029746643337,0.03915774564825719,-119067.78883438118,-4662.426190077096,0.2295597484276729,0.2,0.0909090909090909,2149.0,2081.2959796036193
4,all,R13,Medium,R13_OUT,0.04617436004903782,0.015993623075676765,142352.61252558147,2276.7340285720134,0.2295597484276729,0.2,0.0909090909090909,2149.0,2081.2959796036193
4,all,R14,High,R14_OUT,0.09885289440852268,0.034240126586064776,196111.62943514157,6714.8870168586745,0.2295597484276729,0.2,0.0909090909090909,2149.0,2081.2959796036193
4,all,R15,High,R15_OUT,0.273199540155169,0.09462936714335779,38721.74909398026,3664.21461144724,0.2295597484276729,0.2,0.0909090909090909,2149.0,2081.2959796036193
4,all,R16,High,R16_OUT,0.5848822867655236,0.20258833751530464,37665.72253695509,7630.636110074473,0.2295597484276729,0.2,0.0909090909090909,2149.0,2081.2959796036193
4,all,R17,Medium,R17_OUT,0.0035952102350330214,0.0012452893189178397,149304.01574145848,185.92669607437927,0.2295597484276729,0.2,0.0909090909090909,2149.0,2081.2959796036193
4,all,R18,High,R18_OUT,0.04379862697574913,0.015170729607045135,-94446.70937671451,-1432.8254902293102,0.2295597484276729,0.2,0.0909090909090909,2149.0,2081.2959796036193
4,all,R19,High,R19_OUT,0.25914305550731254,0.08976055863170548,-86175.05886491729,-7735.121423835079,0.2295597484276729,0.2,0.0909090909090909,2149.0,2081.2959796036193
4,all,R20,Very_High,R20_OUT,0.5547893046175548,0.19216489443593032,-3225.153757618142,-619.7613313723343,0.2295597484276729,0.2,0.0909090909090909,2149.0,2081.2959796036193
5,all,R1,Very_Low,R1_OUT,0.008216690594123787,0.0028413975995924433,2503.846797937913,7.114424281408011,0.2044025157232704,0.2,0.0909090909090909,2821.0,1335.392415038611
5,all,R2,Low,R2_OUT,0.0033560321238187358,0.001160542862304354,-225230.73130150183,-261.3899175835478,0.2044025157232704,0.2,0.0909090909090909,2821.0,1335.392415038611
5,all,R3,Medium,R3_OUT,0.007184798854063959,0.0024845611482671236,-54907.269906951806,-136.42046956822907,0.2044025157232704,0.2,0.0909090909090909,2821.0,1335.392415038611
5,all,R4,Low,R4_OUT,0.10009978353988214,0.03461530909699231,192506.80725678554,6663.682636468753,0.2044025157232704,0.2,0.0909090909090909,2821.0,1335.392415038611
5,all,R5,Medium,R5_OUT,0.04088484108034863,0.014138306411160328,250819.56728496414,3546.163896189468,0.2044025157232704,0.2,0.0909090909090909,2821.0,1335.392415038611
5,all,R6,Medium,R6_OUT,0.0875287686485035,0.030268151183762745,-177901.04262049886,-5384.735653786279,0.2044025157232704,0.2,0.0909090909090909,2821.0,1335.392415038611
5,all,R7,Medium,R7_OUT,0.24190307717542828,0.08365202692576067,-36091.710692003486,-3019.1447546042396,0.2044025157232704,0.2,0.0909090909090909,2821.0,1335.392415038611
5,all,R8,High,R8_OUT,0.5178809044613412,0.17908737611022785,-34523.83979919446,-6182.783882887591,0.2044025157232704,0.2,0.0909090909090909,2821.0,1335.392415038611
5,all,R9,Low,R9_OUT,0.008589241064308485,0.0029702285443120695,190963.9520556444,567.2065813303165,0.2044025157232704,0.2,0.0909090909090909,2821.0,1335.392415038611
5,all,R10,Medium,R10_OUT,0.0035081969560417934,0.0012131626833951214,198615.8235234571,240.9533054304491,0.2044025157232704,0.2,0.0909090909090909,2821.0,1335.392415038611
5,all,R11,Medium,R11_OUT,0.007510562634578984,0.0025972128799328525,235963.65692157453,612.8478489527702,0.2044025157232704,0.2,0.0909090909090909,2821.0,1335.392415038611
5,all,R12,Medium,R12_OUT,0.10463837739296447,0.03618479130299088,-122736.83494918559,-4441.206757825918,0.2044025157232704,0.2,0.0909090909090909,2821.0,1335.392415038611
5,all,R13,Medium,R13_OUT,0.042738588229937494,0.014779347063811898,133233.40737550438,1969.1027680968152,0.2044025157232704,0.2,0.0909090909090909,2821.0,1335.392415038611
5,all,R14,High,R14_OUT,0.09149738393724371,0.031640530224443277,193452.15625432594,6120.928796948723,0.2044025157232704,0.2,0.0909090909090909,2821.0,1335.392415038611
5,all,R15,High,R15_OUT,0.25287113105411296,0.08744486804665948,33895.71284619239,2964.006137182754,0.2044025157232704,0.2,0.0909090909090909,2821.0,1335.392415038611
5,all,R16,High,R16_OUT,0.541361985104043,0.18720732238418442,43619.63701064295,8165.915448132538,0.2044025157232704,0.2,0.0909090909090909,2821.0,1335.392415038611
5,all,R17,Medium,R17_OUT,0.003472832688329446,0.0012009334355929623,138865.34840639215,166.7680399465022,0.2044025157232704,0.2,0.0909090909090909,2821.0,1335.392415038611
5,all,R18,High,R18_OUT,0.042307763252107104,0.014630364326318144,-105738.01455145996,-1546.9856760293885,0.2044025157232704,0.2,0.0909090909090909,2821.0,1335.392415038611
5,all,R19,High,R19_OUT,0.2503220716690858,0.08656338283861058,-93092.64262133287,-8058.414062688393,0.2044025157232704,0.2,0.0909090909090909,2821.0,1335.392415038611
5,all,R20,Very_High,R20_OUT,0.5359048028504821,0.18532018493168068,-3551.7787400814027,-658.2162929482973,0.2044025157232704,0.2,0.0909090909090909,2821.0,1335.392415038611
6,all,R1,Very_Low,R1_OUT,0.45708648859028267,0.03903457282011859,-56905.38007536946,-2221.2772024085343,0.130503144654088,0.6,0.2424242424242424,2569.0,2076.498971470095
6,all,R2,Low,R2_OUT,0.605541213505302,0.051712407135585135,-38630.36889539653,-1997.6693641165896,0.130503144654088,0.6,0.2424242424242424,2569.0,2076.498971470095
6,all,R3,Medium,R3_OUT,0.5753178242504372,0.0491313702460933,1071.0948747444854,52.62435885976424,0.130503144654088,0.6,0.2424242424242424,2569.0,2076.498971470095
6,all,R4,Low,R4_OUT,0.7536082162884307,0.06435713050122262,291233.4783226373,18742.950970734957,0.130503144654088,0.6,0.2424242424242424,2569.0,2076.498971470095
6,all,R5,Medium,R5_OUT,0.9983686789917593,0.08525934560354431,322009.97523757233,27454.359766568927,0.130503144654088,0.6,0.2424242424242424,2569.0,2076.498971470095
6,all,R6,Medium,R6_OUT,0.9485387342546139,0.08100393518337741,-130370.14407221728,-10560.494700273464,0.130503144654088,0.6,0.2424242424242424,2569.0,2076.498971470095
6,all,R7,Medium,R7_OUT,0.7994311431693458,0.06827034697296866,-68835.65437902996,-4699.434008567725,0.130503144654088,0.6,0.2424242424242424,2569.0,2076.498971470095
6,all,R8,High,R8_OUT,0.7595304426330359,0.06486288068477909,-67069.89818093702,-4350.3468032504,0.130503144654088,0.6,0.2424242424242424,2569.0,2076.498971470095
6,all,R9,Low,R9_OUT,0.26342119645716666,0.022495816726464127,154993.4884516081,3486.70511000271,0.130503144654088,0.6,0.2424242424242424,2569.0,2076.498971470095
6,all,R10,Medium,R10_OUT,0.34897638619257665,0.029802115134377558,81816.1789314115,2438.295184368761,0.130503144654088,0.6,0.2424242424242424,2569.0,2076.498971470095
6,all,R11,Medium,R11_OUT,0.33155849798708303,0.028314650852449365,105799.25487724184,2995.668962298403,0.130503144654088,0.6,0.2424242424242424,2569.0,2076.498971470095
6,all,R12,Medium,R12_OUT,0.434308129752208,0.03708933153869314,-331046.3061106897,-12278.286201999068,0.130503144654088,0.6,0.2424242424242424,2569.0,2076.498971470095
6,all,R13,Medium,R13_OUT,0.5753647908877637,0.0491353811339025,151058.45403393122,7422.3147124553025,0.130503144654088,0.6,0.2424242424242424,2569.0,2076.498971470095
6,all,R14,High,R14_OUT,0.5466475481126896,0.046682967132880795,102158.43966690381,4769.059081316456,0.130503144654088,0.6,0.2424242424242424,2569.0,2076.498971470095
6,all,R15,High,R15_OUT,0.46071610838524035,0.03934453748048862,-32746.763785769705,-1288.4062751339236,0.130503144654088,0.6,0.2424242424242424,2569.0,2076.498971470095
6,all,R16,High,R16_OUT,0.43772113798659595,0.03738079786243368,117695.91356698824,4399.567154282053,0.130503144654088,0.6,0.2424242424242424,2569.0,2076.498971470095
6,all,R17,Medium,R17_OUT,0.462100387447816,0.03946275305504679,-3543.0492155832617,-139.81847625643948,0.130503144654088,0.6,0.2424242424242424,2569.0,2076.498971470095
6,all,R18,High,R18_OUT,0.7618747379839849,0.0650630803622421,-334607.5350961539,-21770.596945772806,0.130503144654088,0.6,0.2424242424242424,2569.0,2076.498971470095
6,all,R19,High,R19_OUT,0.6100615990412197,0.052098441995029325,-198476.53420039863,-10340.318204413921,0.130503144654088,0.6,0.2424242424242424,2569.0,2076.498971470095
6,all,R20,Very_High,R20_OUT,0.5796125911685184,0.04949813757830282,-775.749333267916,-38.39814722437199,0.130503144654088,0.6,0.2424242424242424,2569.0,2076.498971470095
7,all,R1,Very_Low,R1_OUT,0.020468537527617757,0.003193285508343212,-20863.59782952872,-66.62342460093495,0.2389937106918239,0.4,0.3636363636363636,3913.0,4002.791110679208
7,all,R2,Low,R2_OUT,0.04925829244496367,0.007684759657010111,-177365.05431623984,-1363.0078139728469,0.2389937106918239,0.4,0.3636363636363636,3913.0,4002.791110679208
7,all,R3,Medium,R3_OUT,0.09464555863366646,0.014765602594036923,-57109.28649874905,-843.2530288695267,0.2389937106918239,0.4,0.3636363636363636,3913.0,4002.791110679208
7,all,R4,Low,R4_OUT,0.09173362092332904,0.014311312761210709,282301.7008263428,4040.1079335475274,0.2389937106918239,0.4,0.3636363636363636,3913.0,4002.791110679208
7,all,R5,Medium,R5_OUT,0.2207603508741098,0.034440703362997115,302484.4949603403,10417.778762835076,0.2389937106918239,0.4,0.3636363636363636,3913.0,4002.791110679208
7,all,R6,Medium,R6_OUT,0.4241719656845435,0.06617483976265068,-126776.78480529743,-8389.433420114605,0.2389937106918239,0.4,0.3636363636363636,3913.0,4002.791110679208
7,all,R7,Medium,R7_OUT,0.36397228621336836,0.05678312021244677,-119785.50771644147,-6801.794884371666,0.2389937106918239,0.4,0.3636363636363636,3913.0,4002.791110679208
7,all,R8,High,R8_OUT,0.6993413422587915,0.10910386590185475,56009.64118453534,6110.868381008545,0.2389937106918239,0.4,0.3636363636363636,3913.0,4002.791110679208
7,all,R9,Low,R9_OUT,0.028274443502707077,0.004411080692591703,174606.24262428444,770.2022256459636,0.2389937106918239,0.4,0.3636363636363636,3913.0,4002.791110679208
7,all,R10,Medium,R10_OUT,0.06804349382049106,0.010615428799485096,122089.1238200321,1296.0284011030706,0.2389937106918239,0.4,0.3636363636363636,3913.0,4002.791110679208
7,all,R11,Medium,R11_OUT,0.1307397021775012,0.020396630475685566,198050.5997087968,4039.564897748248,0.2389937106918239,0.4,0.3636363636363636,3913.0,4002.791110679208
7,all,R12,Medium,R12_OUT,0.12671726441597345,0.0197690921283675,-183661.84530351788,-3630.8279402712246,0.2389937106918239,0.4,0.3636363636363636,3913.0,4002.791110679208
7,all,R13,Medium,R13_OUT,0.3049497825629105,0.04757505122760429,220463.53576765535,10488.564007964975,0.2389937106918239,0.4,0.3636363636363636,3913.0,4002.791110679208
7,all,R14,High,R14_OUT,0.5859346943081609,0.0914113558746043,32498.281448378344,2970.7119707907636,0.2389937106918239,0.4,0.3636363636363636,3913.0,4002.791110679208
7,all,R15,High,R15_OUT,0.5027771930068494,0.07843799891359941,14926.920494229344,1170.837773509746,0.2389937106918239,0.4,0.3636363636363636,3913.0,4002.791110679208
7,all,R16,High,R16_OUT,0.9660429937470418,0.15071184681399918,24708.748857760278,3723.901172816344,0.2389937106918239,0.4,0.3636363636363636,3913.0,4002.791110679208
7,all,R17,Medium,R17_OUT,0.06398790811327683,0.009982719059025279,55074.0955802579,549.7892236076203,0.2389937106918239,0.4,0.3636363636363636,3913.0,4002.791110679208
7,all,R18,High,R18_OUT,0.2867739084250693,0.0447394428990891,-211653.01966654672,-9469.238187791248,0.2389937106918239,0.4,0.3636363636363636,3913.0,4002.791110679208
7,all,R19,High,R19_OUT,0.47281024270222216,0.07376287114700197,-142823.23740719544,-10535.05205766463,0.2389937106918239,0.4,0.3636363636363636,3913.0,4002.791110679208
7,all,R20,Very_High,R20_OUT,0.9084640844639461,0.14172899220839622,-3360.8711585389606,-476.3328822419919,0.2389937106918239,0.4,0.3636363636363636,3913.0,4002.791110679208
8,all,R1,Very_Low,R1_OUT,0.15370965766160835,0.020506953421680577,-44313.18219770114,-908.7283632947023,0.2908805031446541,0.8,0.3333333333333333,7854.0,7929.541057564831
8,all,R2,Low,R2_OUT,0.32790323325344806,0.043746739362014925,-15772.81648214598,-690.0092916493332,0.2908805031446541,0.8,0.3333333333333333,7854.0,7929.541057564831
8,all,R3,Medium,R3_OUT,0.47194642984994795,0.06296405575092642,38086.48852629717,2398.079786926795,0.2908805031446541,0.8,0.3333333333333333,7854.0,7929.541057564831
8,all,R4,Low,R4_OUT,0.09322962006569832,0.012438095987548161,305120.0398734492,3795.1123436704834,0.2908805031446541,0.8,0.3333333333333333,7854.0,7929.541057564831
8,all,R5,Medium,R5_OUT,0.19888336438711934,0.026533738685519538,275330.79710439953,7305.555422443937,0.2908805031446541,0.8,0.3333333333333333,7854.0,7929.541057564831
8,all,R6,Medium,R6_OUT,0.2862499794459109,0.038189630272792416,-157008.62224878144,-5996.101233321492,0.2908805031446541,0.8,0.3333333333333333,7854.0,7929.541057564831
8,all,R7,Medium,R7_OUT,0.13480504928753756,0.01798482222133889,-163905.33552322365,-2947.8083205140792,0.2908805031446541,0.8,0.3333333333333333,7854.0,7929.541057564831
8,all,R8,High,R8_OUT,0.19402297777230174,0.025885297179385605,-79362.90603766375,-2054.332407804582,0.2908805031446541,0.8,0.3333333333333333,7854.0,7929.541057564831
8,all,R9,Low,R9_OUT,0.3225391959684099,0.04303110402439287,101018.89257457285,4346.954474805413,0.2908805031446541,0.8,0.3333333333333333,7854.0,7929.541057564831
8,all,R10,Medium,R10_OUT,0.6880611590577039,0.09179669224901352,96951.02875563064,8899.783749905886,0.2908805031446541,0.8,0.3333333333333333,7854.0,7929.541057564831
8,all,R11,Medium,R11_OUT,0.9903165769783877,0.1321216651299999,55027.6928240835,7270.350404180058,0.2908805031446541,0.8,0.3333333333333333,7854.0,7929.541057564831
8,all,R12,Medium,R12_OUT,0.19562991131390198,0.026099683912077957,-403899.20158710284,-10541.64149376404,0.2908805031446541,0.8,0.3333333333333333,7854.0,7929.541057564831
8,all,R13,Medium,R13_OUT,0.41733018872590827,0.05567750830923174,235529.34779117012,13113.687218710806,0.2908805031446541,0.8,0.3333333333333333,7854.0,7929.541057564831
8,all,R14,High,R14_OUT,0.6006573667590583,0.08013584071363047,67920.29387597062,5442.8498512677525,0.2908805031446541,0.8,0.3333333333333333,7854.0,7929.541057564831
8,all,R15,High,R15_OUT,0.2828703991092428,0.037738748411475315,-28165.441407443817,-1062.9285071736715,0.2908805031446541,0.8,0.3333333333333333,7854.0,7929.541057564831
8,all,R16,High,R16_OUT,0.40713131628882226,0.054316840377217845,105031.68271936348,5704.989144818256,0.2908805031446541,0.8,0.3333333333333333,7854.0,7929.541057564831
8,all,R17,Medium,R17_OUT,0.6630780068010816,0.0884636008385753,3879.355479067919,343.18175461120444,0.2908805031446541,0.8,0.3333333333333333,7854.0,7929.541057564831
8,all,R18,High,R18_OUT,0.402177140905998,0.053655886177176135,-362290.72762973903,-19439.0300447476,0.2908805031446541,0.8,0.3333333333333333,7854.0,7929.541057564831
8,all,R19,High,R19_OUT,0.27259951816093303,0.03636847356726023,-198194.10761621114,-7208.0171640269045,0.2908805031446541,0.8,0.3333333333333333,7854.0,7929.541057564831
8,all,R20,Very_High,R20_OUT,0.3923485843624738,0.052344623408742116,3010.6956982008587,157.59373252064387,0.2908805031446541,0.8,0.3333333333333333,7854.0,7929.541057564831
9,all,R1,Very_Low,R1_OUT,0.8070222162729803,0.1547337129800806,-82270.32898452901,-12729.993471868918,0.0644654088050314,0.8,0.0909090909090909,2422.0,968.2116024563363
9,all,R2,Low,R2_OUT,0.32962084326072055,0.06319956988161059,88436.69373065056,5589.161005528843,0.0644654088050314,0.8,0.0909090909090909,2422.0,968.2116024563363
9,all,R3,Medium,R3_OUT,0.7056724636593896,0.13530150502434707,67059.0037983054,9073.184139344128,0.0644654088050314,0.8,0.0909090909090909,2422.0,968.2116024563363
9,all,R4,Low,R4_OUT,0.48948371723880224,0.09385074101359356,283191.29161068593,26577.712566259535,0.0644654088050314,0.8,0.0909090909090909,2422.0,968.2116024563363
9,all,R5,Medium,R5_OUT,0.19992514751795934,0.03833247681384794,315789.7682003461,12105.00396759018,0.0644654088050314,0.8,0.0909090909090909,2422.0,968.2116024563363
9,all,R6,Medium,R6_OUT,0.42801198492436887,0.08206451110252941,-152806.05359615257,-12539.954081875167,0.0644654088050314,0.8,0.0909090909090909,2422.0,968.2116024563363
9,all,R7,Medium,R7_OUT,0.1355111798718254,0.025982119933097975,-28017.528728001613,-727.9547916399558,0.0644654088050314,0.8,0.0909090909090909,2422.0,968.2116024563363
9,all,R8,High,R8_OUT,0.2901106228828616,0.05562411163962904,-207761.69504883513,-11556.55971983497,0.0644654088050314,0.8,0.0909090909090909,2422.0,968.2116024563363
9,all,R9,Low,R9_OUT,0.2731766196133328,0.05237728503600467,125065.63330780911,6550.598323971557,0.0644654088050314,0.8,0.0909090909090909,2422.0,968.2116024563363
9,all,R10,Medium,R10_OUT,0.11157649182436095,0.021393023033501105,65213.85005565648,1395.1213963439466,0.0644654088050314,0.8,0.0909090909090909,2422.0,968.2116024563363
9,all,R11,Medium,R11_OUT,0.2388697786622986,0.04579949228887788,12773.811965795016,585.0341026270048,0.0644654088050314,0.8,0.0909090909090909,2422.0,968.2116024563363
9,all,R12,Medium,R12_OUT,0.16568999531214185,0.03176842924684455,-477284.7708818129,-15162.587474355287,0.0644654088050314,0.8,0.0909090909090909,2422.0,968.2116024563363
9,all,R13,Medium,R13_OUT,0.06767456319465089,0.012975524373756984,88982.82092674596,1154.5987617806452,0.0644654088050314,0.8,0.0909090909090909,2422.0,968.2116024563363
9,all,R14,High,R14_OUT,0.14488184443745467,0.027778796272476758,195209.51939654502,5422.685469764724,0.0644654088050314,0.8,0.0909090909090909,2422.0,968.2116024563363
9,all,R15,High,R15_OUT,0.04587046712066949,0.008794934700175656,-72373.18964906846,-636.5174770069858,0.0644654088050314,0.8,0.0909090909090909,2422.0,968.2116024563363
9,all,R16,High,R16_OUT,0.09820230183880245,0.01882873417894685,206638.5525474841,3890.7423770389187,0.0644654088050314,0.8,0.0909090909090909,2422.0,968.2116024563363
9,all,R17,Medium,R17_OUT,0.23613095878608345,0.045274367007212685,-38041.55607592435,-1722.3073713068607,0.0644654088050314,0.8,0.0909090909090909,2422.0,968.2116024563363
9,all,R18,High,R18_OUT,0.1432206662110998,0.027460291688956584,-434878.7585920823,-11941.897560269914,0.0644654088050314,0.8,0.0909090909090909,2422.0,968.2116024563363
9,all,R19,High,R19_OUT,0.097076339326205,0.018612848721598237,-239885.55797332182,-4464.953601053623,0.0644654088050314,0.8,0.0909090909090909,2422.0,968.2116024563363
9,all,R20,Very_High,R20_OUT,0.20782696524191954,0.039847525062912,2687.62090617822,107.09504141854288,0.0644654088050314,0.8,0.0909090909090909,2422.0,968.2116024563363
10,all,R1,Very_Low,R1_OUT,0.0002899751564339815,0.00023912753227264347,-78647.01024563689,-18.806665480660456,0.2751572327044025,1.0,0.6060606060606061,4067.0,8964.706125580182
10,all,R2,Low,R2_OUT,0.0009191912721447021,0.0007580095595001675,49652.90428721966,37.63737610665935,0.2751572327044025,1.0,0.6060606060606061,4067.0,8964.706125580182
10,all,R3,Medium,R3_OUT,0.26733163675083316,0.2204545912856074,32907.78703418607,7254.6727407353,0.2751572327044025,1.0,0.6060606060606061,4067.0,8964.706125580182
10,all,R4,Low,R4_OUT,6.470220309418026e-05,5.335656457189374e-05,405036.0859232913,21.61133407251319,0.2751572327044025,1.0,0.6060606060606061,4067.0,8964.706125580182
10,all,R5,Medium,R5_OUT,0.00020509929576068627,0.00016913479440531308,348900.1220785857,59.01115041575022,0.2751572327044025,1.0,0.6060606060606061,4067.0,8964.706125580182
10,all,R6,Medium,R6_OUT,0.059649750920955265,0.049190068259014216,-92111.65592613532,-4530.978642457428,0.2751572327044025,1.0,0.6060606060606061,4067.0,8964.706125580182
10,all,R7,Medium,R7_OUT,0.00020509929576068627,0.00016913479440531308,-228315.43225554723,-38.616083694102166,0.2751572327044025,1.0,0.6060606060606061,4067.0,8964.706125580182
10,all,R8,High,R8_OUT,0.059649750920955265,0.049190068259014216,12281.621257909108,604.1337880079091,0.2751572327044025,1.0,0.6060606060606061,4067.0,8964.706125580182
10,all,R9,Low,R9_OUT,0.0005360677530166955,0.0004420673842761008,94133.85412118779,41.61350666318153,0.2751572327044025,1.0,0.6060606060606061,4067.0,8964.706125580182
10,all,R10,Medium,R10_OUT,0.0016992793655526564,0.001401307913145112,770.8084475035139,1.0801399770057727,0.2751572327044025,1.0,0.6060606060606061,4067.0,8964.706125580182
10,all,R11,Medium,R11_OUT,0.4942074058538234,0.4075473183496505,13909.204836269899,5668.659131397787,0.2751572327044025,1.0,0.6060606060606061,4067.0,8964.706125580182
10,all,R12,Medium,R12_OUT,0.00011961288358102416,9.863856624992381e-05,-472162.3041710439,-46.57341272069219,0.2751572327044025,1.0,0.6060606060606061,4067.0,8964.706125580182
10,all,R13,Medium,R13_OUT,0.00037916047697268636,0.00031267405907733074,304521.0658831669,95.21583774424505,0.2751572327044025,1.0,0.6060606060606061,4067.0,8964.706125580182
10,all,R14,High,R14_OUT,0.11027257761470363,0.0909360984114206,-98352.5272916083,-8943.795100801623,0.2751572327044025,1.0,0.6060606060606061,4067.0,8964.706125580182
10,all,R15,High,R15_OUT,0.00037916047697268636,0.00031267405907733074,-56786.306254982606,-17.75560487675383,0.2751572327044025,1.0,0.6060606060606061,4067.0,8964.706125580182
10,all,R16,High,R16_OUT,0.11027257761470363,0.0909360984114206,98028.6235138565,8914.340554992154,0.2751572327044025,1.0,0.6060606060606061,4067.0,8964.706125580182
10,all,R17,Medium,R17_OUT,0.0016047191234403522,0.0013233289661708492,-100789.23201719903,-133.37731020647385,0.2751572327044025,1.0,0.6060606060606061,4067.0,8964.706125580182
10,all,R18,High,R18_OUT,0.00035806123500649366,0.00029527460415075757,-490788.3430943168,-144.91733372898057,0.2751572327044025,1.0,0.6060606060606061,4067.0,8964.706125580182
10,all,R19,High,R19_OUT,0.00035806123500649366,0.00029527460415075757,-261759.86991490488,-77.29104197167733,0.2751572327044025,1.0,0.6060606060606061,4067.0,8964.706125580182
10,all,R20,Very_High,R20_OUT,0.10413621072355216,0.08587575362241906,2548.3533148167785,218.8417614060806,0.2751572327044025,1.0,0.6060606060606061,4067.0,8964.706125580182
11,all,R1,Very_Low,R1_OUT,0.004507699396106094,0.0011118471460262026,-25116.823962555456,-27.92606904000982,0.3286163522012578,0.6,0.4848484848484848,9051.0,8682.78321058667
11,all,R2,Low,R2_OUT,0.014509331783163491,0.003578801006072658,-132962.35447963476,-475.84580798150625,0.3286163522012578,0.6,0.4848484848484848,9051.0,8682.78321058667
11,all,R3,Medium,R3_OUT,0.18788628478062058,0.046343114558893415,-29575.805653690273,-1370.634949580536,0.3286163522012578,0.6,0.4848484848484848,9051.0,8682.78321058667
11,all,R4,Low,R4_OUT,0.007431939876282241,0.0018331260394206321,318855.3748555607,584.502090456955,0.3286163522012578,0.6,0.4848484848484848,9051.0,8682.78321058667
11,all,R5,Medium,R5_OUT,0.02392184393454707,0.00590044534231501,293872.22762220644,1733.9770167091845,0.3286163522012578,0.6,0.4848484848484848,9051.0,8682.78321058667
11,all,R6,Medium,R6_OUT,0.30977211419063094,0.07640687872374036,-126825.56418940853,-9690.345502090086,0.3286163522012578,0.6,0.4848484848484848,9051.0,8682.78321058667
11,all,R7,Medium,R7_OUT,0.019155115185130422,0.004724707279457899,-193876.3797599376,-916.0091427667214,0.3286163522012578,0.6,0.4848484848484848,9051.0,8682.78321058667
11,all,R8,High,R8_OUT,0.24804611821305475,0.061181845634227384,61953.85438064608,3790.4511551620903,0.3286163522012578,0.6,0.4848484848484848,9051.0,8682.78321058667
11,all,R9,Low,R9_OUT,0.01282006345836981,0.0031621343207526966,136275.12514348273,430.9202502810755,0.3286163522012578,0.6,0.4848484848484848,9051.0,8682.78321058667
11,all,R10,Medium,R10_OUT,0.0412650751200003,0.010178242152163544,102498.25229124073,1043.2520319938,0.3286163522012578,0.6,0.4848484848484848,9051.0,8682.78321058667
11,all,R11,Medium,R11_OUT,0.5343555286596147,0.1318015282955066,146250.08092457266,19275.984179200193,0.3286163522012578,0.6,0.4848484848484848,9051.0,8682.78321058667
11,all,R12,Medium,R12_OUT,0.021136711315539757,0.005213478115435873,-261788.41369513457,-1364.828165674257,0.3286163522012578,0.6,0.4848484848484848,9051.0,8682.78321058667
11,all,R13,Medium,R13_OUT,0.06803460708738315,0.01678108433460869,287345.87510451867,4821.975363330863,0.3286163522012578,0.6,0.4848484848484848,9051.0,8682.78321058667
11,all,R14,High,R14_OUT,0.8810033262173188,0.2173039832115866,-28122.693182088202,-6111.1732471050955,0.3286163522012578,0.6,0.4848484848484848,9051.0,8682.78321058667
11,all,R15,High,R15_OUT,0.05447785458761665,0.013437241888222495,6031.693677093586,81.0493269347687,0.3286163522012578,0.6,0.4848484848484848,9051.0,8682.78321058667
11,all,R16,High,R16_OUT,0.7054523153963254,0.17400342716032352,22787.197521766473,3965.050464166597,0.3286163522012578,0.6,0.4848484848484848,9051.0,8682.78321058667
11,all,R17,Medium,R17_OUT,0.04369750493031479,0.010778213424614288,26634.361587459338,287.0708336179854,0.3286163522012578,0.6,0.4848484848484848,9051.0,8682.78321058667
11,all,R18,High,R18_OUT,0.07204500585513372,0.01777026973330725,-274722.2224553992,-4881.887994766083,0.3286163522012578,0.6,0.4848484848484848,9051.0,8682.78321058667
11,all,R19,High,R19_OUT,0.057689130881566006,0.014229319635379607,-164567.3655692555,-2341.6816462373013,0.3286163522012578,0.6,0.4848484848484848,9051.0,8682.78321058667
11,all,R20,Very_High,R20_OUT,0.7470362271361033,0.18426031199794532,-820.1276465164456,-151.11697602526087,0.3286163522012578,0.6,0.4848484848484848,9051.0,8682.78321058667
12,all,R1,Very_Low,R1_OUT,0.0856198821153226,0.027786711846819093,-49804.259291022,-1383.8966016638908,0.040880503144654,0.4,0.0606060606060606,2282.0,-5501.895705767076
12,all,R2,Low,R2_OUT,0.02609594057685033,0.008469065400066535,-76735.740435919,-649.8800042743281,0.040880503144654,0.4,0.0606060606060606,2282.0,-5501.895705767076
12,all,R3,Medium,R3_OUT,0.08236557116052033,0.026730571631171044,-15870.486639459174,-424.2271799376065,0.040880503144654,0.4,0.0606060606060606,2282.0,-5501.895705767076
12,all,R4,Low,R4_OUT,0.38372168987987487,0.12453140278452236,237811.32068740827,29614.977363242855,0.040880503144654,0.4,0.0606060606060606,2282.0,-5501.895705767076
12,all,R5,Medium,R5_OUT,0.11695389166346176,0.03795571783945647,316094.53838853166,11997.59510966835,0.040880503144654,0.4,0.0606060606060606,2282.0,-5501.895705767076
12,all,R6,Medium,R6_OUT,0.3691368800422562,0.11979811072330804,-144765.01959582415,-17342.5758464024,0.040880503144654,0.4,0.0606060606060606,2282.0,-5501.895705767076
12,all,R7,Medium,R7_OUT,0.19282436887670773,0.06257839934660417,17533.00653464299,1097.1874846715095,0.040880503144654,0.4,0.0606060606060606,2282.0,-5501.895705767076
12,all,R8,High,R8_OUT,0.6086038259255492,0.197513693339207,-106363.73573066402,-21008.29428151883,0.040880503144654,0.4,0.0606060606060606,2282.0,-5501.895705767076
12,all,R9,Low,R9_OUT,0.023966189217877465,0.0077778849656267674,188679.53626549715,1467.5277284408407,0.040880503144654,0.4,0.0606060606060606,2282.0,-5501.895705767076
12,all,R10,Medium,R10_OUT,0.007304614702002209,0.0023706085416374313,115582.96646549915,274.00196757090504,0.040880503144654,0.4,0.0606060606060606,2282.0,-5501.895705767076
12,all,R11,Medium,R11_OUT,0.023055262571055505,0.007482256711727301,150642.41306880923,1127.1452062548942,0.040880503144654,0.4,0.0606060606060606,2282.0,-5501.895705767076
12,all,R12,Medium,R12_OUT,0.10740900827541545,0.03485806204079625,-263010.77628444065,-9168.045957121016,0.040880503144654,0.4,0.0606060606060606,2282.0,-5501.895705767076
12,all,R13,Medium,R13_OUT,0.032737011872994055,0.01062433039110654,68057.6945686354,723.0674327541997,0.040880503144654,0.4,0.0606060606060606,2282.0,-5501.895705767076
12,all,R14,High,R14_OUT,0.10332651827847376,0.03353314812641189,200585.5353343491,6726.264468382354,0.040880503144654,0.4,0.0606060606060606,2282.0,-5501.895705767076
12,all,R15,High,R15_OUT,0.05397420781416792,0.017516559502763155,-24044.892471517425,-421.1837897148768,0.040880503144654,0.4,0.0606060606060606,2282.0,-5501.895705767076
12,all,R16,High,R16_OUT,0.1703566285131052,0.0552868145895534,131622.8747942145,7277.009474491739,0.040880503144654,0.4,0.0606060606060606,2282.0,-5501.895705767076
12,all,R17,Medium,R17_OUT,0.019171726640602887,0.006221910502643423,37903.458392366476,235.83192585797298,0.040880503144654,0.4,0.0606060606060606,2282.0,-5501.895705767076
12,all,R18,High,R18_OUT,0.08592171774469909,0.02788466829631865,-264279.90340470994,-7369.357443823471,0.040880503144654,0.4,0.0606060606060606,2282.0,-5501.895705767076
12,all,R19,High,R19_OUT,0.141660963660778,0.04597404574655805,-171590.7051756812,-7888.718929430923,0.040880503144654,0.4,0.0606060606060606,2282.0,-5501.895705767076
12,all,R20,Very_High,R20_OUT,0.4471188209793958,0.14510603767370245,-2662.3553327537556,-386.3238332153491,0.040880503144654,0.4,0.0606060606060606,2282.0,-5501.895705767076
13,all,R1,Very_Low,R1_OUT,0.6051928186199594,0.05624835784417113,-49241.07683363906,-2769.7297103708547,0.2421383647798742,0.8,0.2121212121212121,4172.0,3947.5997048099907
13,all,R2,Low,R2_OUT,0.6583461054656372,0.061188576906762215,13833.1325258695,846.4296934205997,0.2421383647798742,0.8,0.2121212121212121,4172.0,3947.5997048099907
13,all,R3,Medium,R3_OUT,0.6330485488931604,0.058837349379118005,56386.62369082839,3317.639478406122,0.2421383647798742,0.8,0.2121212121212121,4172.0,3947.5997048099907
13,all,R4,Low,R4_OUT,0.367067999530912,0.03411635359097738,281187.9391267027,9593.107156764814,0.2421383647798742,0.8,0.2121212121212121,4172.0,3947.5997048099907
13,all,R5,Medium,R5_OUT,0.3993070976673158,0.03711274791813569,267495.27361327247,9927.484658902114,0.2421383647798742,0.8,0.2121212121212121,4172.0,3947.5997048099907
13,all,R6,Medium,R6_OUT,0.3839633539902938,0.035686656334659145,-172553.62069763042,-6157.861761137464,0.2421383647798742,0.8,0.2121212121212121,4172.0,3947.5997048099907
13,all,R7,Medium,R7_OUT,0.27065417536446446,0.025155376005014204,-120668.67312488423,-3035.465844482615,0.2421383647798742,0.8,0.2121212121212121,4172.0,3947.5997048099907
13,all,R8,High,R8_OUT,0.26025403893771837,0.024188757470620843,-144985.82863029838,-3507.0270454152833,0.2421383647798742,0.8,0.2121212121212121,4172.0,3947.5997048099907
13,all,R9,Low,R9_OUT,0.8574434925622432,0.07969325959745667,100905.40325066063,8041.480496040946,0.2421383647798742,0.8,0.2121212121212121,4172.0,3947.5997048099907
13,all,R10,Medium,R10_OUT,0.9327516233131153,0.08669261345084521,106263.51268041812,9212.261628732476,0.2421383647798742,0.8,0.2121212121212121,4172.0,3947.5997048099907
13,all,R11,Medium,R11_OUT,0.8969097815175392,0.08336136978587742,38007.710575453966,3168.374815995022,0.2421383647798742,0.8,0.2121212121212121,4172.0,3947.5997048099907
13,all,R12,Medium,R12_OUT,0.5200657672100817,0.048336405318295535,-431190.0555652716,-20842.17729502134,0.2421383647798742,0.8,0.2121212121212121,4172.0,3947.5997048099907
13,all,R13,Medium,R13_OUT,0.5657424574361335,0.05258172802855345,185624.04755603062,9760.433184150474,0.2421383647798742,0.8,0.2121212121212121,4172.0,3947.5997048099907
13,all,R14,High,R14_OUT,0.5440032814865468,0.050561226610777006,138379.80666209786,6996.65276299784,0.2421383647798742,0.8,0.2121212121212121,4172.0,3947.5997048099907
13,all,R15,High,R15_OUT,0.38346565633455204,0.03564039888583117,-37902.597643299734,-1350.8636988163669,0.2421383647798742,0.8,0.2121212121212121,4172.0,3947.5997048099907
13,all,R16,High,R16_OUT,0.3687306346579765,0.03427088367248871,140578.2117945986,4817.73954329917,0.2421383647798742,0.8,0.2121212121212121,4172.0,3947.5997048099907
13,all,R17,Medium,R17_OUT,0.8754196414467145,0.08136401447756174,9667.984747679307,786.6260509790252,0.2421383647798742,0.8,0.2121212121212121,4172.0,3947.5997048099907
13,all,R18,High,R18_OUT,0.5309688526520727,0.049349769377943775,-369650.77360062546,-18242.180427569372,0.2421383647798742,0.8,0.2121212121212121,4172.0,3947.5997048099907
13,all,R19,High,R19_OUT,0.3598957739501395,0.03344974635673036,-201313.52441895157,-6733.886329993374,0.2421383647798742,0.8,0.2121212121212121,4172.0,3947.5997048099907
13,all,R20,Very_High,R20_OUT,0.34606644675261694,0.03216440898818029,3686.134819751645,118.56234792806416,0.2421383647798742,0.8,0.2121212121212121,4172.0,3947.5997048099907
14,all,R1,Very_Low,R1_OUT,0.05517924640339142,0.020233202058767913,-33115.585340870675,-670.034329496209,0.4056603773584906,1.0,0.2424242424242424,4977.0,4925.74489234294
14,all,R2,Low,R2_OUT,0.07310062463335752,0.026804637707737236,41890.51049869612,1122.8599573097126,0.4056603773584906,1.0,0.2424242424242424,4977.0,4925.74489234294
14,all,R3,Medium,R3_OUT,0.0694520725880253,0.025466781619318445,104179.95947950576,2653.1282771740175,0.4056603773584906,1.0,0.2424242424242424,4977.0,4925.74489234294
14,all,R4,Low,R4_OUT,0.012312154086858394,0.004514637615688423,277573.44504148565,1253.1435161005143,0.4056603773584906,1.0,0.2424242424242424,4977.0,4925.74489234294
14,all,R5,Medium,R5_OUT,0.016310954081391313,0.005980923104448048,204919.36646174936,1225.6069734199332,0.4056603773584906,1.0,0.2424242424242424,4977.0,4925.74489234294
14,all,R6,Medium,R6_OUT,0.015496852079206452,0.0056824070611836116,-214496.54806362785,-1218.8566993162688,0.4056603773584906,1.0,0.2424242424242424,4977.0,4925.74489234294
14,all,R7,Medium,R7_OUT,0.016310954081391313,0.005980923104448048,-204665.79666715828,-1224.0903919768734,0.4056603773584906,1.0,0.2424242424242424,4977.0,4925.74489234294
14,all,R8,High,R8_OUT,0.015496852079206452,0.0056824070611836116,-190697.90123513158,-1083.6231005314066,0.4056603773584906,1.0,0.2424242424242424,4977.0,4925.74489234294
14,all,R9,Low,R9_OUT,0.2919584219159952,0.10705571620532814,41693.69577058924,4463.548461967492,0.4056603773584906,1.0,0.2424242424242424,4977.0,4925.74489234294
14,all,R10,Medium,R10_OUT,0.386782067536842,0.14182578116362154,136802.62354772747,19402.138949889297,0.4056603773584906,1.0,0.2424242424242424,4977.0,4925.74489234294
14,all,R11,Medium,R11_OUT,0.3674772461254336,0.1347470626637355,-19520.8726469214,-2630.380249805519,0.4056603773584906,1.0,0.2424242424242424,4977.0,4925.74489234294
14,all,R12,Medium,R12_OUT,0.06514472943879883,0.02388735910169971,-513675.3588427017,-12270.347758370077,0.4056603773584906,1.0,0.2424242424242424,4977.0,4925.74489234294
14,all,R13,Medium,R13_OUT,0.08630274467203633,0.03164560926421502,255116.42182859662,8073.314602072425,0.4056603773584906,1.0,0.2424242424242424,4977.0,4925.74489234294
14,all,R14,High,R14_OUT,0.08199525677887193,0.030066133671689803,142280.21605574543,4277.815994768948,0.4056603773584906,1.0,0.2424242424242424,4977.0,4925.74489234294
14,all,R15,High,R15_OUT,0.08630274467203633,0.03164560926421502,-32911.37623688379,-1041.500552739996,0.4056603773584906,1.0,0.2424242424242424,4977.0,4925.74489234294
14,all,R16,High,R16_OUT,0.08199525677887193,0.030066133671689803,139175.15152899528,4184.458709648456,0.4056603773584906,1.0,0.2424242424242424,4977.0,4925.74489234294
14,all,R17,Medium,R17_OUT,0.6063879775033906,0.22235117865037798,31401.996474365063,6982.270928050086,0.4056603773584906,1.0,0.2424242424242424,4977.0,4925.74489234294
14,all,R18,High,R18_OUT,0.13530344653241397,0.04961325410145096,-388664.12408477603,-19282.89194833586,0.4056603773584906,1.0,0.2424242424242424,4977.0,4925.74489234294
14,all,R19,High,R19_OUT,0.13530344653241397,0.04961325410145096,-195024.69900255476,-9675.809947672738,0.4056603773584906,1.0,0.2424242424242424,4977.0,4925.74489234294
14,all,R20,Very_High,R20_OUT,0.12855026666476796,0.04713698880775012,8167.5454865650045,384.99350018700466,0.4056603773584906,1.0,0.2424242424242424,4977.0,4925.74489234294
15,all,R1,Very_Low,R1_OUT,0.874236730214903,0.08548173238885985,-71173.84367457725,-6084.063458076758,0.1415094339622641,0.8,0.2121212121212121,1617.0,2044.8620380283983
15,all,R2,Low,R2_OUT,0.9510197888739663,0.09298948017094942,48953.22009407678,4552.134489242276,0.1415094339622641,0.8,0.2121212121212121,1617.0,2044.8620380283983
15,all,R3,Medium,R3_OUT,0.9144759759602893,0.08941627359200871,50433.25389020073,4509.553627981426,0.1415094339622641,0.8,0.2121212121212121,1617.0,2044.8620380283983
15,all,R4,Low,R4_OUT,0.5302513807222605,0.051847291539193936,301430.24408727227,15628.341743923194,0.1415094339622641,0.8,0.2121212121212121,1617.0,2044.8620380283983
15,all,R5,Medium,R5_OUT,0.576822659945496,0.05640097075442078,311304.0682108925,17557.85164689476,0.1415094339622641,0.8,0.2121212121212121,1617.0,2044.8620380283983
15,all,R6,Medium,R6_OUT,0.5546577169905484,0.05423371141080636,-145008.20368274115,-7864.333070729212,0.1415094339622641,0.8,0.2121212121212121,1617.0,2044.8620380283983
15,all,R7,Medium,R7_OUT,0.390975923721638,0.03822911818615169,-82101.27254065538,-3138.659251190165,0.1415094339622641,0.8,0.2121212121212121,1617.0,2044.8620380283983
15,all,R8,High,R8_OUT,0.3759523130908301,0.03676012904502803,-142763.73600661225,-5248.013358553381,0.1415094339622641,0.8,0.2121212121212121,1617.0,2044.8620380283983
15,all,R9,Low,R9_OUT,0.5505504215720748,0.05383210539761855,119850.74520661043,6451.817947945378,0.1415094339622641,0.8,0.2121212121212121,1617.0,2044.8620380283983
15,all,R10,Medium,R10_OUT,0.5989045387732008,0.058560108195522216,66956.47147101392,3920.978213732972,0.1415094339622641,0.8,0.2121212121212121,1617.0,2044.8620380283983
15,all,R11,Medium,R11_OUT,0.5758910792488793,0.05630988200345141,31596.849025382224,1779.2148403001418,0.1415094339622641,0.8,0.2121212121212121,1617.0,2044.8620380283983
15,all,R12,Medium,R12_OUT,0.3339257104011789,0.032650822400537585,-445866.24002448923,-14557.899417435061,0.1415094339622641,0.8,0.2121212121212121,1617.0,2044.8620380283983
15,all,R13,Medium,R13_OUT,0.3632539650069999,0.03551850105667328,149147.22695572217,5297.485938226707,0.1415094339622641,0.8,0.2121212121212121,1617.0,2044.8620380283983
15,all,R14,High,R14_OUT,0.34929559621944317,0.034153669879893926,127741.91393883537,4362.855158492804,0.1415094339622641,0.8,0.2121212121212121,1617.0,2044.8620380283983
15,all,R15,High,R15_OUT,0.24621701673020122,0.024074780212609857,-57206.742634451206,-1377.2397556037506,0.1415094339622641,0.8,0.2121212121212121,1617.0,2044.8620380283983
15,all,R16,High,R16_OUT,0.23675590067266294,0.023149684568628363,164393.86968935013,3805.666228324651,0.1415094339622641,0.8,0.2121212121212121,1617.0,2044.8620380283983
15,all,R17,Medium,R17_OUT,0.7476257252731319,0.07310187271485985,-32086.684592586113,-2345.5967329290847,0.1415094339622641,0.8,0.2121212121212121,1617.0,2044.8620380283983
15,all,R18,High,R18_OUT,0.45345792436804866,0.044338527083972894,-414815.9942996073,-18392.330198118285,0.1415094339622641,0.8,0.2121212121212121,1617.0,2044.8620380283983
15,all,R19,High,R19_OUT,0.30735812435913445,0.0300530783321709,-228983.8594446139,-6881.669864691792,0.1415094339622641,0.8,0.2121212121212121,1617.0,2044.8620380283983
15,all,R20,Very_High,R20_OUT,0.29554760482475345,0.028898261066642388,2379.634889898602,68.76731029158061,0.1415094339622641,0.8,0.2121212121212121,1617.0,2044.8620380283983
16,all,R1,Very_Low,R1_OUT,0.500637261343387,0.1397833209671317,-104343.92817581799,-14585.540803171702,0.0723270440251572,1.0,0.2121212121212121,3192.0,3016.0018486411955
16,all,R2,Low,R2_OUT,0.5446075715306434,0.15206030563550588,161374.464716424,24538.65042654559,0.0723270440251572,1.0,0.2121212121212121,3192.0,3016.0018486411955
16,all,R3,Medium,R3_OUT,0.5236805230735841,0.14621724808218203,89755.37168035422,13123.783447694808,0.0723270440251572,1.0,0.2121212121212121,3192.0,3016.0018486411955
16,all,R4,Low,R4_OUT,0.11170727229982123,0.031189874793475455,336191.8384203667,10485.781346919568,0.0723270440251572,1.0,0.2121212121212121,3192.0,3016.0018486411955
16,all,R5,Medium,R5_OUT,0.1215183746536799,0.033929240348669606,342772.14647277846,11629.998542504283,0.0723270440251572,1.0,0.2121212121212121,3192.0,3016.0018486411955
16,all,R6,Medium,R6_OUT,0.11684891898002231,0.032625477981039964,-130474.18165566615,-4256.782540701144,0.0723270440251572,1.0,0.2121212121212121,3192.0,3016.0018486411955
16,all,R7,Medium,R7_OUT,0.1215183746536799,0.033929240348669606,-70772.38779681185,-2401.253355607281,0.0723270440251572,1.0,0.2121212121212121,3192.0,3016.0018486411955
16,all,R8,High,R8_OUT,0.11684891898002231,0.032625477981039964,-200012.03159597944,-6525.488132777697,0.0723270440251572,1.0,0.2121212121212121,3192.0,3016.0018486411955
16,all,R9,Low,R9_OUT,0.1805478961687656,0.05041091918004176,102127.60616621659,5148.346500496279,0.0723270440251572,1.0,0.2121212121212121,3192.0,3016.0018486411955
16,all,R10,Medium,R10_OUT,0.19640517969755192,0.05483844370592956,13686.007544224252,750.5193542728689,0.0723270440251572,1.0,0.2121212121212121,3192.0,3016.0018486411955
16,all,R11,Medium,R11_OUT,0.18885812944043512,0.05273122590593037,-44235.53182786243,-2332.593821883987,0.0723270440251572,1.0,0.2121212121212121,3192.0,3016.0018486411955
16,all,R12,Medium,R12_OUT,0.04028568098659873,0.011248196469872265,-567335.7391465439,-6381.503858300527,0.0723270440251572,1.0,0.2121212121212121,3192.0,3016.0018486411955
16,all,R13,Medium,R13_OUT,0.04382391919989588,0.012236110726394711,126227.74352585865,1544.5366465253596,0.0723270440251572,1.0,0.2121212121212121,3192.0,3016.0018486411955
16,all,R14,High,R14_OUT,0.04213994466737716,0.01176592688121327,125945.25692842776,1481.8626840555,0.0723270440251572,1.0,0.2121212121212121,3192.0,3016.0018486411955
16,all,R15,High,R15_OUT,0.04382391919989588,0.012236110726394711,-96953.03427151477,-1186.328062606196,0.0723270440251572,1.0,0.2121212121212121,3192.0,3016.0018486411955
16,all,R16,High,R16_OUT,0.04213994466737716,0.01176592688121327,224067.22325097586,2636.358565247472,0.0723270440251572,1.0,0.2121212121212121,3192.0,3016.0018486411955
16,all,R17,Medium,R17_OUT,0.389044641490225,0.10862545837288412,-100406.9589076885,-10906.751935175003,0.0723270440251572,1.0,0.2121212121212121,3192.0,3016.0018486411955
16,all,R18,High,R18_OUT,0.08680759316060235,0.024237615922938226,-534644.7031988575,-12958.51297136721,0.0723270440251572,1.0,0.2121212121212121,3192.0,3016.0018486411955
16,all,R19,High,R19_OUT,0.08680759316060235,0.024237615922938226,-284111.83334373246,-6886.193495747221,0.0723270440251572,1.0,0.2121212121212121,3192.0,3016.0018486411955
16,all,R20,Very_High,R20_OUT,0.08347193129419293,0.023306263166535394,4166.83322519514,97.11331171746136,0.0723270440251572,1.0,0.2121212121212121,3192.0,3016.0018486411955
17,all,R1,Very_Low,R1_OUT,0.008571345031010976,0.006325810950885924,-38179.125077834615,-241.51392751260963,0.4150943396226415,1.0,0.3939393939393939,3437.0,3117.0594011517824
17,all,R2,Low,R2_OUT,0.022828654049774143,0.016847968347975216,22854.681548970344,385.05495134010556,0.4150943396226415,1.0,0.3939393939393939,3437.0,3117.0594011517824
17,all,R3,Medium,R3_OUT,0.06313180392497476,0.04659243737977078,78258.33957117681,3646.246785914893,0.4150943396226415,1.0,0.3939393939393939,3437.0,3117.0594011517824
17,all,R4,Low,R4_OUT,0.0019125255894569268,0.001411479210539867,317846.9379664602,448.63434507341333,0.4150943396226415,1.0,0.3939393939393939,3437.0,3117.0594011517824
17,all,R5,Medium,R5_OUT,0.005093761234099204,0.0037592898756593856,237131.5524361591,891.4462442726457,0.4150943396226415,1.0,0.3939393939393939,3437.0,3117.0594011517824
17,all,R6,Medium,R6_OUT,0.014086609520238885,0.010396178014253939,-180969.7936394787,-1881.394189878821,0.4150943396226415,1.0,0.3939393939393939,3437.0,3117.0594011517824
17,all,R7,Medium,R7_OUT,0.005093761234099204,0.0037592898756593856,-238975.96264737166,-898.3799169062198,0.4150943396226415,1.0,0.3939393939393939,3437.0,3117.0594011517824
17,all,R8,High,R8_OUT,0.014086609520238885,0.010396178014253939,-107532.16153456146,-1117.923493570811,0.4150943396226415,1.0,0.3939393939393939,3437.0,3117.0594011517824
17,all,R9,Low,R9_OUT,0.048933659012735456,0.03611394418609343,51530.24412950069,1860.9603603885562,0.4150943396226415,1.0,0.3939393939393939,3437.0,3117.0594011517824
17,all,R10,Medium,R10_OUT,0.13032838707924366,0.09618475690972605,105047.86864786831,10104.003709780047,0.4150943396226415,1.0,0.3939393939393939,3437.0,3117.0594011517824
17,all,R11,Medium,R11_OUT,0.36041836548950756,0.26599541087952416,-1526.4528949602682,-406.0294649831957,0.4150943396226415,1.0,0.3939393939393939,3437.0,3117.0594011517824
17,all,R12,Medium,R12_OUT,0.010918575172160314,0.008058110149834478,-487071.87013623107,-3924.8787804436247,0.4150943396226415,1.0,0.3939393939393939,3437.0,3117.0594011517824
17,all,R13,Medium,R13_OUT,0.02908019388087818,0.02146172021310496,298832.1740809569,6413.452510799373,0.4150943396226415,1.0,0.3939393939393939,3437.0,3117.0594011517824
17,all,R14,High,R14_OUT,0.08042020761210911,0.0593515986282956,48762.215906104335,2894.115466685396,0.4150943396226415,1.0,0.3939393939393939,3437.0,3117.0594011517824
17,all,R15,High,R15_OUT,0.02908019388087818,0.02146172021310496,-30618.2238867547,-657.1197544797365,0.4150943396226415,1.0,0.3939393939393939,3437.0,3117.0594011517824
17,all,R16,High,R16_OUT,0.08042020761210911,0.0593515986282956,106928.90887328124,6346.401681208584,0.4150943396226415,1.0,0.3939393939393939,3437.0,3117.0594011517824
17,all,R17,Medium,R17_OUT,0.2183738286974317,0.1611639190772568,2799.5626871368295,451.18849436142756,0.4150943396226415,1.0,0.3939393939393939,3437.0,3117.0594011517824
17,all,R18,High,R18_OUT,0.0487257873694837,0.03596053107385689,-402575.95690072514,-14476.845207716198,0.4150943396226415,1.0,0.3939393939393939,3437.0,3117.0594011517824
17,all,R19,High,R19_OUT,0.0487257873694837,0.03596053107385689,-205284.85725054238,-7382.152488150405,0.4150943396226415,1.0,0.3939393939393939,3437.0,3117.0594011517824
17,all,R20,Very_High,R20_OUT,0.13474937451823582,0.09944752729805181,6654.686073647034,661.7920749689787,0.4150943396226415,1.0,0.3939393939393939,3437.0,3117.0594011517824
18,all,R1,Very_Low,R1_OUT,0.009929502548911605,0.0035140499704715894,-15290.025033283615,-53.72991201672015,0.4371069182389937,0.8,0.3939393939393939,4494.0,11961.991394825287
18,all,R2,Low,R2_OUT,0.02644592858592666,0.009359211512227855,-73104.02202577973,-684.1960045338363,0.4371069182389937,0.8,0.3939393939393939,4494.0,11961.991394825287
18,all,R3,Medium,R3_OUT,0.07313524373624318,0.02588255552841852,36145.579686979116,935.5399733551134,0.4371069182389937,0.8,0.3939393939393939,4494.0,11961.991394825287
18,all,R4,Low,R4_OUT,0.00602254773160963,0.0021313790468532926,292573.9240836327,623.5859314475007,0.4371069182389937,0.8,0.3939393939393939,4494.0,11961.991394825287
18,all,R5,Medium,R5_OUT,0.016040266511935287,0.005676648732901635,226198.84664190753,1284.0513961735955,0.4371069182389937,0.8,0.3939393939393939,4494.0,11961.991394825287
18,all,R6,Medium,R6_OUT,0.04435876763158781,0.01569856347970055,-182591.90144082438,-2866.4305556480076,0.4371069182389937,0.8,0.3939393939393939,4494.0,11961.991394825287
18,all,R7,Medium,R7_OUT,0.01087224627554981,0.0038476868821332305,-232226.37836735795,-893.5343897293914,0.4371069182389937,0.8,0.3939393939393939,4494.0,11961.991394825287
18,all,R8,High,R8_OUT,0.03006679756920836,0.010640636687467602,-49242.2600278414,-523.9689986260687,0.4371069182389937,0.8,0.3939393939393939,4494.0,11961.991394825287
18,all,R9,Low,R9_OUT,0.06768892829981672,0.023955105033866685,78134.01221174598,1871.7084692497972,0.4371069182389937,0.8,0.3939393939393939,4494.0,11961.991394825287
18,all,R10,Medium,R10_OUT,0.1802805885850827,0.06380128247849148,139893.15700774977,8925.362827059404,0.4371069182389937,0.8,0.3939393939393939,4494.0,11961.991394825287
18,all,R11,Medium,R11_OUT,0.49855934323666745,0.17644010228600854,71300.83660668826,12580.326903962059,0.4371069182389937,0.8,0.3939393939393939,4494.0,11961.991394825287
18,all,R12,Medium,R12_OUT,0.04105541033692898,0.014529505659676586,-372481.8324794346,-5411.976893136651,0.4371069182389937,0.8,0.3939393939393939,4494.0,11961.991394825287
18,all,R13,Medium,R13_OUT,0.10934570432789205,0.038697433952191516,304653.1478544259,11789.295067423882,0.4371069182389937,0.8,0.3939393939393939,4494.0,11961.991394825287
18,all,R14,High,R14_OUT,0.3023915273592331,0.10701633163929726,45572.36070248266,4876.986866522562,0.4371069182389937,0.8,0.3939393939393939,4494.0,11961.991394825287
18,all,R15,High,R15_OUT,0.07411556570719724,0.026229491377028714,79.2497857066337,2.0786815708235222,0.4371069182389937,0.8,0.3939393939393939,4494.0,11961.991394825287
18,all,R16,High,R16_OUT,0.20496387355178533,0.07253669458812338,58419.14494982027,4237.531675324423,0.4371069182389937,0.8,0.3939393939393939,4494.0,11961.991394825287
18,all,R17,Medium,R17_OUT,0.35833393968381155,0.12681434583073753,51547.33574898985,6536.941662325538,0.4371069182389937,0.8,0.3939393939393939,4494.0,11961.991394825287
18,all,R18,High,R18_OUT,0.21734052083384917,0.07691678883774326,-303918.4452041226,-23376.43087366074,0.4371069182389937,0.8,0.3939393939393939,4494.0,11961.991394825287
18,all,R19,High,R19_OUT,0.14731548670987607,0.05213493618364509,-163127.35289470298,-8504.634132972293,0.4371069182389937,0.8,0.3939393939393939,4494.0,11961.991394825287
18,all,R20,Very_High,R20_OUT,0.40739556531902216,0.14417725029301573,4255.065896231884,613.4837007342996,0.4371069182389937,0.8,0.3939393939393939,4494.0,11961.991394825287
19,all,R1,Very_Low,R1_OUT,0.4859339094761144,0.20810743076847674,-107611.47480040937,-22394.74754191987,0.0377358490566037,1.0,0.1212121212121212,840.0,851.7925863083101
19,all,R2,Low,R2_OUT,0.26093240821601155,0.11174765131457592,182892.98726211907,20437.86176844846,0.0377358490566037,1.0,0.1212121212121212,840.0,851.7925863083101
19,all,R3,Medium,R3_OUT,0.4085125458897707,0.17495073857567134,103596.74980767112,18124.3278928911,0.0377358490566037,1.0,0.1212121212121212,840.0,851.7925863083101
19,all,R4,Low,R4_OUT,0.10842651104295799,0.04643504435544848,317847.4053415457,14759.258365298887,0.0377358490566037,1.0,0.1212121212121212,840.0,851.7925863083101
19,all,R5,Medium,R5_OUT,0.0582218900331541,0.024934271334032213,336039.86333494843,8378.909131444707,0.0377358490566037,1.0,0.1212121212121212,840.0,851.7925863083101
19,all,R6,Medium,R6_OUT,0.0911514697870273,0.039036786316475613,-142670.92691837496,-5569.414487686112,0.0377358490566037,1.0,0.1212121212121212,840.0,851.7925863083101
19,all,R7,Medium,R7_OUT,0.0582218900331541,0.024934271334032213,-39098.160540717996,-974.8841435838141,0.0377358490566037,1.0,0.1212121212121212,840.0,851.7925863083101
19,all,R8,High,R8_OUT,0.0911514697870273,0.039036786316475613,-249272.62378701172,-9730.802149320793,0.0377358490566037,1.0,0.1212121212121212,840.0,851.7925863083101
19,all,R9,Low,R9_OUT,0.13261635102180655,0.05679465365731014,101672.46296320531,5774.452320480938,0.0377358490566037,1.0,0.1212121212121212,840.0,851.7925863083101
19,all,R10,Medium,R10_OUT,0.07121113214397076,0.030497080906687957,21438.086136436024,653.7990473874348,0.0377358490566037,1.0,0.1212121212121212,840.0,851.7925863083101
19,all,R11,Medium,R11_OUT,0.11148726632585955,0.047745852071712606,-56875.30637468475,-2715.559964699031,0.0377358490566037,1.0,0.1212121212121212,840.0,851.7925863083101
19,all,R12,Medium,R12_OUT,0.029590707641796072,0.012672600166130213,-587517.2354024514,-7445.371014965469,0.0377358490566037,1.0,0.1212121212121212,840.0,851.7925863083101
19,all,R13,Medium,R13_OUT,0.01588935131963519,0.006804818546768903,89511.20625185379,609.1075164462712,0.0377358490566037,1.0,0.1212121212121212,840.0,851.7925863083101
19,all,R14,High,R14_OUT,0.02487617158979968,0.01065353961918447,178997.6628602744,1906.9586930233577,0.0377358490566037,1.0,0.1212121212121212,840.0,851.7925863083101
19,all,R15,High,R15_OUT,0.01588935131963519,0.006804818546768903,-103878.86736654828,-706.8768432732347,0.0377358490566037,1.0,0.1212121212121212,840.0,851.7925863083101
19,all,R16,High,R16_OUT,0.02487617158979968,0.01065353961918447,250261.97048914534,2666.1758177812844,0.0377358490566037,1.0,0.1212121212121212,840.0,851.7925863083101
19,all,R17,Medium,R17_OUT,0.19270884453267698,0.08253003492860483,-95249.96607067791,-7860.983026761473,0.0377358490566037,1.0,0.1212121212121212,840.0,851.7925863083101
19,all,R18,High,R18_OUT,0.04299915534259507,0.0184149399106751,-539282.6044602453,-9930.856756007786,0.0377358490566037,1.0,0.1212121212121212,840.0,851.7925863083101
19,all,R19,High,R19_OUT,0.04299915534259507,0.0184149399106751,-285910.9597148178,-5265.033142951819,0.0377358490566037,1.0,0.1212121212121212,840.0,851.7925863083101
19,all,R20,Very_High,R20_OUT,0.06731894493370705,0.02883020180110926,4698.930143113171,135.47110427526792,0.0377358490566037,1.0,0.1212121212121212,840.0,851.7925863083101
20,all,R1,Very_Low,R1_OUT,0.002840788940638382,0.0006995261747009494,-32023.96299845037,-22.401600335070732,0.3034591194968553,0.6,0.5151515151515151,5180.0,5406.327495840895
20,all,R2,Low,R2_OUT,0.009374182430260359,0.0023083326897616265,-127330.99673562424,-293.9223021847724,0.3034591194968553,0.6,0.5151515151515151,5180.0,5406.327495840895
20,all,R3,Medium,R3_OUT,0.2360590084541143,0.05812802662858077,-36360.09776927477,-2113.540731350204,0.3034591194968553,0.6,0.5151515151515151,5180.0,5406.327495840895
20,all,R4,Low,R4_OUT,0.0046836691520001856,0.0011533236836409493,332350.19289870874,383.3073487327189,0.3034591194968553,0.6,0.5151515151515151,5180.0,5406.327495840895
20,all,R5,Medium,R5_OUT,0.015455413968193676,0.003805797205462434,312088.27836519876,1187.7446976598555,0.3034591194968553,0.6,0.5151515151515151,5180.0,5406.327495840895
20,all,R6,Medium,R6_OUT,0.38919550837867967,0.09583691392636459,-112717.3824818272,-10802.48608291599,0.3034591194968553,0.6,0.5151515151515151,5180.0,5406.327495840895
20,all,R7,Medium,R7_OUT,0.012375728041895566,0.003047444170330036,-190373.4240489688,-580.1523813037978,0.3034591194968553,0.6,0.5151515151515151,5180.0,5406.327495840895
20,all,R8,High,R8_OUT,0.31164340060603085,0.07674020156095888,79184.18971337576,6076.610679045662,0.3034591194968553,0.6,0.5151515151515151,5180.0,5406.327495840895
20,all,R9,Low,R9_OUT,0.0065968752853420186,0.0016244385027412574,143333.99546592653,232.83726098659187,0.3034591194968553,0.6,0.5151515151515151,5180.0,5406.327495840895
20,all,R10,Medium,R10_OUT,0.02176871062465316,0.005360406277846728,85583.53398624153,458.7625128601579,0.3034591194968553,0.6,0.5151515151515151,5180.0,5406.327495840895
20,all,R11,Medium,R11_OUT,0.5481758311841862,0.13498480537086832,148126.0458333831,19994.765467175537,0.3034591194968553,0.6,0.5151515151515151,5180.0,5406.327495840895
20,all,R12,Medium,R12_OUT,0.010876408603099366,0.00267824631241378,-260411.94052725518,-697.4473194256378,0.3034591194968553,0.6,0.5151515151515151,5180.0,5406.327495840895
20,all,R13,Medium,R13_OUT,0.03589053624258154,0.008837815849880401,286285.88001865783,2530.141888025853,0.3034591194968553,0.6,0.5151515151515151,5180.0,5406.327495840895
20,all,R14,High,R14_OUT,0.9037891529570907,0.22255231983626755,-49685.22688139323,-11057.562504045345,0.3034591194968553,0.6,0.5151515151515151,5180.0,5406.327495840895
20,all,R15,High,R15_OUT,0.02873889478017632,0.007076769711090236,1302.3351807474464,9.216326160800756,0.3034591194968553,0.6,0.5151515151515151,5180.0,5406.327495840895
20,all,R16,High,R16_OUT,0.7236977791232426,0.17820596659880372,22738.407049838133,4052.1198072334573,0.3034591194968553,0.6,0.5151515151515151,5180.0,5406.327495840895
20,all,R17,Medium,R17_OUT,0.021493570096039968,0.005292654675912256,9692.307444817357,51.298036318191755,0.3034591194968553,0.6,0.5151515151515151,5180.0,5406.327495840895
20,all,R18,High,R18_OUT,0.0354369062006253,0.00872611234264703,-289642.7420814404,-2527.4551066349873,0.3034591194968553,0.6,0.5151515151515151,5180.0,5406.327495840895
20,all,R19,High,R19_OUT,0.028375656238495237,0.006987324534811488,-174055.79975699977,-1216.1843600683198,0.3034591194968553,0.6,0.5151515151515151,5180.0,5406.327495840895
20,all,R20,Very_High,R20_OUT,0.7145507702379917,0.1759535739469169,-1473.8213852480453,-259.3241400937895,0.3034591194968553,0.6,0.5151515151515151,5180.0,5406.327495840895
21,all,R1,Very_Low,R1_OUT,0.0012479079937692448,0.0006584809003496278,52285.652757949036,34.42910370342228,0.6053459119496856,0.6,0.1212121212121212,5775.0,5753.5921349557175
21,all,R2,Low,R2_OUT,0.0006700903799804201,0.00035358513522489927,-191758.62551570951,-67.80299953351297,0.6053459119496856,0.6,0.1212121212121212,5775.0,5753.5921349557175
21,all,R3,Medium,R3_OUT,0.0010490851978625466,0.0005535685075191016,50347.357283166464,27.870711428773426,0.6053459119496856,0.6,0.1212121212121212,5775.0,5753.5921349557175
21,all,R4,Low,R4_OUT,0.0020574524532040775,0.0010856514667562031,161978.13457792747,175.8517993869606,0.6053459119496856,0.6,0.1212121212121212,5775.0,5753.5921349557175
21,all,R5,Medium,R5_OUT,0.0011047922627652502,0.0005829633334486727,86231.81735570348,50.269987695018,0.6053459119496856,0.6,0.1212121212121212,5775.0,5753.5921349557175
21,all,R6,Medium,R6_OUT,0.0017296490804926338,0.0009126801731364668,-289237.39042666205,-263.98123157214576,0.6053459119496856,0.6,0.1212121212121212,5775.0,5753.5921349557175
21,all,R7,Medium,R7_OUT,0.0008846484872492304,0.00046680054562141547,-226269.99814550622,-105.62295859207897,0.6053459119496856,0.6,0.1212121212121212,5775.0,5753.5921349557175
21,all,R8,High,R8_OUT,0.0013849947126711169,0.0007308171515309572,-144254.64645618852,-105.42376981821698,0.6053459119496856,0.6,0.1212121212121212,5775.0,5753.5921349557175
21,all,R9,Low,R9_OUT,0.03299992467810268,0.017412998572012586,56305.016763144624,980.439176493782,0.6053459119496856,0.6,0.1212121212121212,5775.0,5753.5921349557175
21,all,R10,Medium,R10_OUT,0.017720001937069126,0.009350274930505855,295648.1116488802,2764.3911266019204,0.6053459119496856,0.6,0.1212121212121212,5775.0,5753.5921349557175
21,all,R11,Medium,R11_OUT,0.027742215518476873,0.014638674600619649,122135.78663132935,1787.9060375867418,0.6053459119496856,0.6,0.1212121212121212,5775.0,5753.5921349557175
21,all,R12,Medium,R12_OUT,0.05440767774828997,0.028709181132348112,-281975.1378244917,-8095.275306622156,0.6053459119496856,0.6,0.1212121212121212,5775.0,5753.5921349557175
21,all,R13,Medium,R13_OUT,0.029215344110493348,0.015415997164819168,290946.6109847716,4485.232130054985,0.6053459119496856,0.6,0.1212121212121212,5775.0,5753.5921349557175
21,all,R14,High,R14_OUT,0.04573918082166001,0.02413509418889932,227968.2380287563,5502.034896901453,0.6053459119496856,0.6,0.1212121212121212,5775.0,5753.5921349557175
21,all,R15,High,R15_OUT,0.023393818768357312,0.01234416553313018,57957.959385459384,715.4426446165465,0.6053459119496856,0.6,0.1212121212121212,5775.0,5753.5921349557175
21,all,R16,High,R16_OUT,0.03662507286267832,0.01932587263997179,29326.59765859443,566.7620913136909,0.6053459119496856,0.6,0.1212121212121212,5775.0,5753.5921349557175
21,all,R17,Medium,R17_OUT,0.26792837056735225,0.14137718129965143,219500.3439640966,31032.339923947933,0.6053459119496856,0.6,0.1212121212121212,5775.0,5753.5921349557175
21,all,R18,High,R18_OUT,0.4417392035784199,0.23309156600036374,-106967.29211765059,-24933.17363052154,0.6053459119496856,0.6,0.1212121212121212,5775.0,5753.5921349557175
21,all,R19,High,R19_OUT,0.3537171026399232,0.18664513520094306,-57623.739072739816,-10755.190570015387,0.6053459119496856,0.6,0.1212121212121212,5775.0,5753.5921349557175
21,all,R20,Very_High,R20_OUT,0.5537751140692594,0.2922093115231479,6697.572235799482,1957.092971899517,0.6053459119496856,0.6,0.1212121212121212,5775.0,5753.5921349557175
22,all,R1,Very_Low,R1_OUT,1.7762801661471943e-05,6.65181314615352e-05,-22391.14581763107,-1.4894171810715875,0.5267295597484277,1.0,0.5757575757575758,10577.0,10572.6984778661
22,all,R2,Low,R2_OUT,5.816774352504368e-05,0.00021782653909896158,-34998.6504852573,-7.62363490833779,0.5267295597484277,1.0,0.5757575757575758,10577.0,10572.6984778661
22,all,R3,Medium,R3_OUT,0.006941731210338251,0.025995391831766804,53087.16120118275,1380.0215566609138,0.5267295597484277,1.0,0.5757575757575758,10577.0,10572.6984778661
22,all,R4,Low,R4_OUT,3.963416779409029e-06,1.4842201325786652e-05,345996.0817188619,5.1353435028046786,0.5267295597484277,1.0,0.5757575757575758,10577.0,10572.6984778661
22,all,R5,Medium,R5_OUT,1.2978977928215783e-05,4.860367055372949e-05,232114.28349094826,11.28160616560902,0.5267295597484277,1.0,0.5757575757575758,10577.0,10572.6984778661
22,all,R6,Medium,R6_OUT,0.0015489095966701272,0.00580035594254331,-168197.0259172175,-975.6026187970438,0.5267295597484277,1.0,0.5757575757575758,10577.0,10572.6984778661
22,all,R7,Medium,R7_OUT,1.2978977928215783e-05,4.860367055372949e-05,-318595.0392810309,-15.484888329267731,0.5267295597484277,1.0,0.5757575757575758,10577.0,10572.6984778661
22,all,R8,High,R8_OUT,0.0015489095966701272,0.00580035594254331,-9948.422478114313,-57.704391439861794,0.5267295597484277,1.0,0.5757575757575758,10577.0,10572.6984778661
22,all,R9,Low,R9_OUT,0.00024930419643762067,0.0009335942397262487,44447.96439785695,41.496363529396625,0.5267295597484277,1.0,0.5757575757575758,10577.0,10572.6984778661
22,all,R10,Medium,R10_OUT,0.00081639500538672,0.003057235639276653,106126.36947366214,324.45331902192174,0.5267295597484277,1.0,0.5757575757575758,10577.0,10572.6984778661
22,all,R11,Medium,R11_OUT,0.09742847745877045,0.36485011740893764,26457.6784151209,9653.087076124775,0.5267295597484277,1.0,0.5757575757575758,10577.0,10572.6984778661
22,all,R12,Medium,R12_OUT,5.56272852768019e-05,0.0002083130322237694,-440517.36230568367,-91.76550748911379,0.5267295597484277,1.0,0.5757575757575758,10577.0,10572.6984778661
22,all,R13,Medium,R13_OUT,0.000182162348296317,0.0006821614778032867,387653.9073197217,264.44256229343966,0.5267295597484277,1.0,0.5757575757575758,10577.0,10572.6984778661
22,all,R14,High,R14_OUT,0.02173923177839313,0.08140906512762966,-52854.73496496267,-4302.85456106625,0.5267295597484277,1.0,0.5757575757575758,10577.0,10572.6984778661
22,all,R15,High,R15_OUT,0.000182162348296317,0.0006821614778032867,-8622.621528545656,-5.882020244451139,0.5267295597484277,1.0,0.5757575757575758,10577.0,10572.6984778661
22,all,R16,High,R16_OUT,0.02173923177839313,0.08140906512762966,44492.18372259394,3622.067082343114,0.5267295597484277,1.0,0.5757575757575758,10577.0,10572.6984778661
22,all,R17,Medium,R17_OUT,0.004078385977081927,0.015272737924155635,10100.82814104011,154.26730101504177,0.5267295597484277,1.0,0.5757575757575758,10577.0,10572.6984778661
22,all,R18,High,R18_OUT,0.0009100109162134008,0.0034078084589218446,-374246.0768955665,-1275.3589465630266,0.5267295597484277,1.0,0.5757575757575758,10577.0,10572.6984778661
22,all,R19,High,R19_OUT,0.0009100109162134008,0.0034078084589218446,-190013.18191942043,-647.5285286516562,0.5267295597484277,1.0,0.5757575757575758,10577.0,10572.6984778661
22,all,R20,Very_High,R20_OUT,0.1086005885049901,0.4066874336971231,6141.671895717723,2497.7407818791858,0.5267295597484277,1.0,0.5757575757575758,10577.0,10572.6984778661
23,all,R1,Very_Low,R1_OUT,0.03141578209143915,0.004467264817580943,9902.403049159606,44.236656751016966,0.3474842767295597,0.4,0.2121212121212121,3983.0,3690.9220175458977
23,all,R2,Low,R2_OUT,0.03417498878658037,0.004859618792973363,-199485.5779855069,-969.4238637055228,0.3474842767295597,0.4,0.2121212121212121,3983.0,3690.9220175458977
23,all,R3,Medium,R3_OUT,0.032861783308466695,0.004672883456779699,-24211.06135530957,-113.13546807830438,0.3474842767295597,0.4,0.2121212121212121,3983.0,3690.9220175458977
23,all,R4,Low,R4_OUT,0.14079576723532522,0.020020891907258292,218306.75677570087,4370.695980030434,0.3474842767295597,0.4,0.2121212121212121,3983.0,3690.9220175458977
23,all,R5,Medium,R5_OUT,0.1531616737237432,0.021779300430478186,218933.87781684464,4768.226699382663,0.3474842767295597,0.4,0.2121212121212121,3983.0,3690.9220175458977
23,all,R6,Medium,R6_OUT,0.14727629508537307,0.020942410715213137,-192583.32479376992,-4033.1590847324187,0.3474842767295597,0.4,0.2121212121212121,3983.0,3690.9220175458977
23,all,R7,Medium,R7_OUT,0.2525209093243682,0.035907995880697825,-130671.51429587122,-4692.152197060691,0.3474842767295597,0.4,0.2121212121212121,3983.0,3690.9220175458977
23,all,R8,High,R8_OUT,0.24281756037716323,0.03452819800591017,-29760.113309416993,-1027.5630850258726,0.3474842767295597,0.4,0.2121212121212121,3983.0,3690.9220175458977
23,all,R9,Low,R9_OUT,0.10401837059513029,0.014791215637707997,142568.12166074436,2108.7558305470584,0.3474842767295597,0.4,0.2121212121212121,3983.0,3690.9220175458977
23,all,R10,Medium,R10_OUT,0.1131541668560158,0.016090308593536804,199906.81763716173,3216.5623857338182,0.3474842767295597,0.4,0.2121212121212121,3983.0,3690.9220175458977
23,all,R11,Medium,R11_OUT,0.10880611358481596,0.015472023638960046,187568.90833582598,2902.0705837058294,0.3474842767295597,0.4,0.2121212121212121,3983.0,3690.9220175458977
23,all,R12,Medium,R12_OUT,0.4661779946105699,0.06628962946052942,-193066.6803468429,-12798.318701366696,0.3474842767295597,0.4,0.2121212121212121,3983.0,3690.9220175458977
23,all,R13,Medium,R13_OUT,0.5071217928618158,0.07211176016202055,219494.0576562815,15828.102842698481,0.3474842767295597,0.4,0.2121212121212121,3983.0,3690.9220175458977
23,all,R14,High,R14_OUT,0.48763517003903184,0.06934079923873943,138482.56213309267,9602.491538937038,0.3474842767295597,0.4,0.2121212121212121,3983.0,3690.9220175458977
23,all,R15,High,R15_OUT,0.8361024867268599,0.11889219284674937,35255.81305560586,4191.640924776037,0.3474842767295597,0.4,0.2121212121212121,3983.0,3690.9220175458977
23,all,R16,High,R16_OUT,0.8039744771848254,0.11432365063225691,29046.0174180624,3320.6467475610148,0.3474842767295597,0.4,0.2121212121212121,3983.0,3690.9220175458977
23,all,R17,Medium,R17_OUT,0.1286765971479543,0.01829756883377846,132607.78250060958,2426.4000281996264,0.3474842767295597,0.4,0.2121212121212121,3983.0,3690.9220175458977
23,all,R18,High,R18_OUT,0.5766884990462812,0.08200401425610337,-144813.19384397837,-11875.263212453463,0.3474842767295597,0.4,0.2121212121212121,3983.0,3690.9220175458977
23,all,R19,High,R19_OUT,0.950798594945734,0.13520176258683414,-100136.9053010098,-13538.68609668742,0.3474842767295597,0.4,0.2121212121212121,3983.0,3690.9220175458977
23,all,R20,Very_High,R20_OUT,0.9142632816128498,0.1300065101058919,-316.95714032445767,-41.2064916667262,0.3474842767295597,0.4,0.2121212121212121,3983.0,3690.9220175458977
24,all,R1,Very_Low,R1_OUT,0.012433672795631082,0.007980127974477877,-43662.31678806915,-348.43087563098567,0.389937106918239,1.0,0.3939393939393939,3164.0,3630.5129623458633
24,all,R2,Low,R2_OUT,0.03311545781818459,0.02125402491011297,31634.70344102214,672.364774959521,0.389937106918239,1.0,0.3939393939393939,3164.0,3630.5129623458633
24,all,R3,Medium,R3_OUT,0.09157958175305066,0.05877722489973326,76769.9971210199,4512.327386334062,0.389937106918239,1.0,0.3939393939393939,3164.0,3630.5129623458633
24,all,R4,Low,R4_OUT,0.0027743274021223376,0.0017806072329502132,322907.5142066026,574.9714553702503,0.389937106918239,1.0,0.3939393939393939,3164.0,3630.5129623458633
24,all,R5,Medium,R5_OUT,0.0073890574063600984,0.004742413981992223,248083.7510855641,1176.5158498532574,0.389937106918239,1.0,0.3939393939393939,3164.0,3630.5129623458633
24,all,R6,Medium,R6_OUT,0.02043416674288441,0.013114971604957757,-174083.4393857564,-2283.0993644375803,0.389937106918239,1.0,0.3939393939393939,3164.0,3630.5129623458633
24,all,R7,Medium,R7_OUT,0.0073890574063600984,0.004742413981992223,-229334.1125013145,-1087.5973016740113,0.389937106918239,1.0,0.3939393939393939,3164.0,3630.5129623458633
24,all,R8,High,R8_OUT,0.02043416674288441,0.013114971604957757,-106976.63837863994,-1402.995574729697,0.389937106918239,1.0,0.3939393939393939,3164.0,3630.5129623458633
24,all,R9,Low,R9_OUT,0.057959179002359265,0.03719911834072213,56266.57961848813,2093.0671538558036,0.389937106918239,1.0,0.3939393939393939,3164.0,3630.5129623458633
24,all,R10,Medium,R10_OUT,0.15436667660288228,0.09907497603754628,95221.10834551728,9434.029027600722,0.389937106918239,1.0,0.3939393939393939,3164.0,3630.5129623458633
24,all,R11,Medium,R11_OUT,0.42689537186882776,0.27398820567504406,-3129.1682824782038,-857.3552029714625,0.389937106918239,1.0,0.3939393939393939,3164.0,3630.5129623458633
24,all,R12,Medium,R12_OUT,0.01293244089286793,0.00830024523274572,-490740.91625103547,-4073.2699506259237,0.389937106918239,1.0,0.3939393939393939,3164.0,3630.5129623458633
24,all,R13,Medium,R13_OUT,0.03444386127198199,0.022106615269959544,289712.9689308798,6404.573142872702,0.389937106918239,1.0,0.3939393939393939,3164.0,3630.5129623458633
24,all,R14,High,R14_OUT,0.09525323269171501,0.061135032211053486,46102.74272528873,2818.492661528438,0.389937106918239,1.0,0.3939393939393939,3164.0,3630.5129623458633
24,all,R15,High,R15_OUT,0.03444386127198199,0.022106615269959544,-35444.26013454255,-783.5526223226966,0.389937106918239,1.0,0.3939393939393939,3164.0,3630.5129623458633
24,all,R16,High,R16_OUT,0.09525323269171501,0.061135032211053486,112882.82334696909,6901.095041391616,0.389937106918239,1.0,0.3939393939393939,3164.0,3630.5129623458633
24,all,R17,Medium,R17_OUT,0.21857120552340234,0.14028245879411746,-7639.104647929504,-1071.6323829971218,0.389937106918239,1.0,0.3939393939393939,3164.0,3630.5129623458633
24,all,R18,High,R18_OUT,0.04876982809227212,0.03130124749674693,-413867.2620754705,-12954.561601025329,0.389937106918239,1.0,0.3939393939393939,3164.0,3630.5129623458633
24,all,R19,High,R19_OUT,0.04876982809227212,0.03130124749674693,-212202.44100695796,-6642.201125372631,0.389937106918239,1.0,0.3939393939393939,3164.0,3630.5129623458633
24,all,R20,Very_High,R20_OUT,0.13487116751881004,0.08656244977312996,6328.061091183774,547.7724703668935,0.389937106918239,1.0,0.3939393939393939,3164.0,3630.5129623458633
25,all,R1,Very_Low,R1_OUT,0.08785950042101613,0.012889458711045472,4597.275377184706,59.25639115752826,0.3930817610062893,0.6,0.1515151515151515,3542.0,3872.844739178603
25,all,R2,Low,R2_OUT,0.06084879483158942,0.00892684370887956,-120825.85494956357,-1078.5935231265057,0.3930817610062893,0.6,0.1515151515151515,3542.0,3872.844739178603
25,all,R3,Medium,R3_OUT,0.07510889189183727,0.011018876231176934,32493.518194539945,358.0420553011314,0.3930817610062893,0.6,0.1515151515151515,3542.0,3872.844739178603
25,all,R4,Low,R4_OUT,0.14485582717721618,0.02125112474471173,213110.98840713446,4528.848199108829,0.3930817610062893,0.6,0.1515151515151515,3542.0,3872.844739178603
25,all,R5,Medium,R5_OUT,0.10032270233530952,0.014717877103045356,185904.8455536456,2736.1246697191837,0.3930817610062893,0.6,0.1515151515151515,3542.0,3872.844739178603
25,all,R6,Medium,R6_OUT,0.12383362768078851,0.018167055621553477,-223911.948957021,-4067.8208310326436,0.3930817610062893,0.6,0.1515151515151515,3542.0,3872.844739178603
25,all,R7,Medium,R7_OUT,0.08033214012157175,0.011785154687941295,-151055.7819732369,-1780.215757062531,0.3930817610062893,0.6,0.1515151515151515,3542.0,3872.844739178603
25,all,R8,High,R8_OUT,0.09915821742288156,0.01454704093704793,-122892.60765129245,-1787.723794363921,0.3930817610062893,0.6,0.1515151515151515,3542.0,3872.844739178603
25,all,R9,Low,R9_OUT,0.4200645291069114,0.0616257135307266,98590.38228493258,6075.702655576078,0.3930817610062893,0.6,0.1515151515151515,3542.0,3872.844739178603
25,all,R10,Medium,R10_OUT,0.29092380704614823,0.04268007877363843,205646.86359514503,8777.024337792467,0.3930817610062893,0.6,0.1515151515151515,3542.0,3872.844739178603
25,all,R11,Medium,R11_OUT,0.3591026713457113,0.05268228288524959,112091.55584547514,5905.239054099075,0.3930817610062893,0.6,0.1515151515151515,3542.0,3872.844739178603
25,all,R12,Medium,R12_OUT,0.692569324205198,0.10160362472018165,-307887.19513547013,-31282.455030693647,0.3930817610062893,0.6,0.1515151515151515,3542.0,3872.844739178603
25,all,R13,Medium,R13_OUT,0.4796522688300444,0.07036755370925472,222062.52759521222,15625.996837368955,0.3930817610062893,0.6,0.1515151515151515,3542.0,3872.844739178603
25,all,R14,High,R14_OUT,0.5920602126129116,0.08685840038195232,186625.87254713508,16210.024759330263,0.3930817610062893,0.6,0.1515151515151515,3542.0,3872.844739178603
25,all,R15,High,R15_OUT,0.3840755120461245,0.05634593220675764,17334.956296190983,976.7542722722836,0.3930817610062893,0.6,0.1515151515151515,3542.0,3872.844739178603
25,all,R16,High,R16_OUT,0.47408475701803615,0.06955076994335281,73560.04608471968,5116.157842260769,0.3930817610062893,0.6,0.1515151515151515,3542.0,3872.844739178603
25,all,R17,Medium,R17_OUT,0.4200289521929724,0.06162049420713512,124920.70151689864,7697.675364173308,0.3930817610062893,0.6,0.1515151515151515,3542.0,3872.844739178603
25,all,R18,High,R18_OUT,0.692510667790441,0.10159501951035772,-205866.8939808611,-20915.051110522327,0.3930817610062893,0.6,0.1515151515151515,3542.0,3872.844739178603
25,all,R19,High,R19_OUT,0.5545191936187023,0.0813509320720063,-118561.70244882496,-9645.105002255783,0.3930817610062893,0.6,0.1515151515151515,3542.0,3872.844739178603
25,all,R20,Very_High,R20_OUT,0.6844724251438058,0.10041576631398529,3614.6051899973813,362.9633500760954,0.3930817610062893,0.6,0.1515151515151515,3542.0,3872.844739178603
26,all,R1,Very_Low,R1_OUT,4.3368395698788123e-05,4.849861922085274e-05,36457.59673205488,1.7681431016153348,0.6745283018867925,0.8,0.3939393939393939,4277.0,4155.717934744956
26,all,R2,Low,R2_OUT,0.00011550603767779643,0.00012916971561393166,-155965.47863201876,-20.146016520488597,0.6745283018867925,0.8,0.3939393939393939,4277.0,4155.717934744956
26,all,R3,Medium,R3_OUT,0.0003194277028740351,0.00035721410212811755,50191.81156033499,17.929222900708734,0.6745283018867925,0.8,0.3939393939393939,4277.0,4155.717934744956
26,all,R4,Low,R4_OUT,2.6304261653864493e-05,2.9415899511175613e-05,244814.73581728898,7.201445667656378,0.6745283018867925,0.8,0.3939393939393939,4277.0,4155.717934744956
26,all,R5,Medium,R5_OUT,7.005795323350616e-05,7.834539282621121e-05,122837.47188814776,9.623749988855613,0.6745283018867925,0.8,0.3939393939393939,4277.0,4155.717934744956
26,all,R6,Medium,R6_OUT,0.00019374269535467952,0.00021666130502242314,-247581.86971032876,-53.64141099133136,0.6745283018867925,0.8,0.3939393939393939,4277.0,4155.717934744956
26,all,R7,Medium,R7_OUT,4.7485951717128375e-05,5.310325765020544e-05,-323221.3391207729,-17.16410604937483,0.6745283018867925,0.8,0.3939393939393939,4277.0,4155.717934744956
26,all,R8,High,R8_OUT,0.00013132065457999382,0.00014685510772735873,-54485.00981185085,-8.001401985445554,0.6745283018867925,0.8,0.3939393939393939,4277.0,4155.717934744956
26,all,R9,Low,R9_OUT,0.0020026383436930984,0.0022395385603476412,33434.84603442694,74.87862695338555,0.6745283018867925,0.8,0.3939393939393939,4277.0,4155.717934744956
26,all,R10,Medium,R10_OUT,0.0053337647439902595,0.005964717420700466,232633.2073611878,1387.5913445807007,0.6745283018867925,0.8,0.3939393939393939,4277.0,4155.717934744956
26,all,R11,Medium,R11_OUT,0.014750330407800267,0.016495206850588223,86426.46307638878,1425.6223858097585,0.6745283018867925,0.8,0.3939393939393939,4277.0,4155.717934744956
26,all,R12,Medium,R12_OUT,0.0012146615557659904,0.0013583488004595362,-337855.209770968,-458.9252189213994,0.6745283018867925,0.8,0.3939393939393939,4277.0,4155.717934744956
26,all,R13,Medium,R13_OUT,0.0032350918489243968,0.0036177839921768904,390715.6464582786,1413.5248112498057,0.6745283018867925,0.8,0.3939393939393939,4277.0,4155.717934744956
26,all,R14,High,R14_OUT,0.008946527633222413,0.010004848693183625,70671.13884643014,707.0540511335051,0.6745283018867925,0.8,0.3939393939393939,4277.0,4155.717934744956
26,all,R15,High,R15_OUT,0.0021927762409283172,0.0024521686410522913,45624.96687420462,111.88011301797415,0.6745283018867925,0.8,0.3939393939393939,4277.0,4155.717934744956
26,all,R16,High,R16_OUT,0.006064042119688582,0.006781382270735172,2229.077104390919,15.116223955818272,0.6745283018867925,0.8,0.3939393939393939,4277.0,4155.717934744956
26,all,R17,Medium,R17_OUT,0.2693029893592813,0.30115993283879094,150062.25872367853,45192.7397588603,0.6745283018867925,0.8,0.3939393939393939,4277.0,4155.717934744956
26,all,R18,High,R18_OUT,0.16334051979866918,0.18266273274372422,-197356.75261746236,-36049.723758532826,0.6745283018867925,0.8,0.3939393939393939,4277.0,4155.717934744956
26,all,R19,High,R19_OUT,0.11071376879592686,0.12381054979834606,-97842.656193531,-12113.953057051624,0.6745283018867925,0.8,0.3939393939393939,4277.0,4155.717934744956
26,all,R20,Very_High,R20_OUT,0.3061748593754083,0.34239352599019474,7337.589168228906,2512.3430275773553,0.6745283018867925,0.8,0.3939393939393939,4277.0,4155.717934744956
27,all,R1,Very_Low,R1_OUT,0.009921845600719353,0.006288212038994377,-62617.087088203865,-393.7495208748029,0.3160377358490566,1.0,0.4545454545454545,7252.0,7179.144412160138
27,all,R2,Low,R2_OUT,0.03056143599169899,0.019369056672079683,51128.68945284182,990.3144835812559,0.3160377358490566,1.0,0.4545454545454545,7252.0,7179.144412160138
27,all,R3,Medium,R3_OUT,0.2194093037687805,0.1390560064073351,61806.09184282886,8594.50830330875,0.3160377358490566,1.0,0.4545454545454545,7252.0,7179.144412160138
27,all,R4,Low,R4_OUT,0.0022138629978565028,0.0014030897593080994,354641.440518032,497.5937734171232,0.3160377358490566,1.0,0.4545454545454545,7252.0,7179.144412160138
27,all,R5,Medium,R5_OUT,0.006819178107193782,0.0043218207171651524,294783.53880536597,1274.0016050882882,0.3160377358490566,1.0,0.4545454545454545,7252.0,7179.144412160138
27,all,R6,Medium,R6_OUT,0.04895683308798347,0.031027588979269757,-139411.11885772913,-4325.590895057742,0.3160377358490566,1.0,0.4545454545454545,7252.0,7179.144412160138
27,all,R7,Medium,R7_OUT,0.006819178107193782,0.0043218207171651524,-213288.9665674482,-921.7966744539432,0.3160377358490566,1.0,0.4545454545454545,7252.0,7179.144412160138
27,all,R8,High,R8_OUT,0.04895683308798347,0.031027588979269757,-71995.16475450416,-2233.836380497564,0.3160377358490566,1.0,0.4545454545454545,7252.0,7179.144412160138
27,all,R9,Low,R9_OUT,0.025498212207750854,0.016160114905032132,74824.63478430145,1209.1746958413758,0.3160377358490566,1.0,0.4545454545454545,7252.0,7179.144412160138
27,all,R10,Medium,R10_OUT,0.0785400228596016,0.04977665821093137,52179.08395206477,2597.300427641422,0.3160377358490566,1.0,0.4545454545454545,7252.0,7179.144412160138
27,all,R11,Medium,R11_OUT,0.5638613230834413,0.3573608885709252,-879.784140655378,-314.4004422552137,0.3160377358490566,1.0,0.4545454545454545,7252.0,7179.144412160138
27,all,R12,Medium,R12_OUT,0.005689420173414095,0.0036058090267768465,-491427.7006479058,-1771.9944390044088,0.3160377358490566,1.0,0.4545454545454545,7252.0,7179.144412160138
27,all,R13,Medium,R13_OUT,0.01752464787872424,0.01110667371825877,279043.7239309608,3099.247594829058,0.3160377358490566,1.0,0.4545454545454545,7252.0,7179.144412160138
27,all,R14,High,R14_OUT,0.12581446732111373,0.07973799229761569,484.41921966409427,38.62661600639255,0.3160377358490566,1.0,0.4545454545454545,7252.0,7179.144412160138
27,all,R15,High,R15_OUT,0.01752464787872424,0.01110667371825877,-49427.38610953597,-548.9738502650117,0.3160377358490566,1.0,0.4545454545454545,7252.0,7179.144412160138
27,all,R16,High,R16_OUT,0.12581446732111373,0.07973799229761569,118367.03722219483,9438.349902314962,0.3160377358490566,1.0,0.4545454545454545,7252.0,7179.144412160138
27,all,R17,Medium,R17_OUT,0.08002254295921785,0.05071624154185744,-51309.463559838114,-2602.2231472838826,0.3160377358490566,1.0,0.4545454545454545,7252.0,7179.144412160138
27,all,R18,High,R18_OUT,0.017855442825974878,0.011316323097361096,-454293.8999288768,-5140.936552755399,0.3160377358490566,1.0,0.4545454545454545,7252.0,7179.144412160138
27,all,R19,High,R19_OUT,0.017855442825974878,0.011316323097361096,-237664.5441540861,-2689.4887704346806,0.3160377358490566,1.0,0.4545454545454545,7252.0,7179.144412160138
27,all,R20,Very_High,R20_OUT,0.12818933900862892,0.08124312524741861,4714.46269266127,383.01768301416195,0.3160377358490566,1.0,0.4545454545454545,7252.0,7179.144412160138
28,all,R1,Very_Low,R1_OUT,9.813090912768902e-05,0.00023399364321919443,8085.3049772693485,1.8919099681695408,0.6273584905660378,1.0,0.3939393939393939,3948.0,4922.656443069573
28,all,R2,Low,R2_OUT,0.00026135881451053996,0.0006232113993277455,-51226.75316521691,-31.925096523111847,0.6273584905660378,1.0,0.3939393939393939,3948.0,4922.656443069573
28,all,R3,Medium,R3_OUT,0.0007227781977758125,0.0017234682246436528,90816.22899437576,156.51888495376824,0.6273584905660378,1.0,0.3939393939393939,3948.0,4922.656443069573
28,all,R4,Low,R4_OUT,2.1895965469172257e-05,5.2211039085213383e-05,275148.3259402588,14.365779999897883,0.6273584905660378,1.0,0.3939393939393939,3948.0,4922.656443069573
28,all,R5,Medium,R5_OUT,5.831703413794053e-05,0.00013905725933832685,144722.37633180432,20.12469701763065,0.6273584905660378,1.0,0.3939393939393939,3948.0,4922.656443069573
28,all,R6,Medium,R6_OUT,0.0001612736150215105,0.0003845577409754682,-239073.4076552608,-91.9375295752143,0.6273584905660378,1.0,0.3939393939393939,3948.0,4922.656443069573
28,all,R7,Medium,R7_OUT,5.831703413794053e-05,0.00013905725933832685,-320329.0732547294,-44.5440830131888,0.6273584905660378,1.0,0.3939393939393939,3948.0,4922.656443069573
28,all,R8,High,R8_OUT,0.0001612736150215105,0.0003845577409754682,-112219.38816264938,-43.154834405477644,0.6273584905660378,1.0,0.3939393939393939,3948.0,4922.656443069573
28,all,R9,Low,R9_OUT,0.0030986151286480296,0.007388663259432501,11567.41344116909,85.46772269943173,0.6273584905660378,1.0,0.3939393939393939,3948.0,4922.656443069573
28,all,R10,Medium,R10_OUT,0.008252755261791034,0.019678736164464777,187961.15869895526,3698.8380512038343,0.6273584905660378,1.0,0.3939393939393939,3948.0,4922.656443069573
28,all,R11,Medium,R11_OUT,0.02282269142509302,0.0544208217583722,11996.45818722232,652.8571127385908,0.6273584905660378,1.0,0.3939393939393939,3948.0,4922.656443069573
28,all,R12,Medium,R12_OUT,0.0006913944898935822,0.001648633616359993,-456114.29354256886,-751.9653572365687,0.6273584905660378,1.0,0.3939393939393939,3948.0,4922.656443069573
28,all,R13,Medium,R13_OUT,0.00184143860322923,0.004390919551895723,375775.4675347325,1649.9998475210132,0.6273584905660378,1.0,0.3939393939393939,3948.0,4922.656443069573
28,all,R14,High,R14_OUT,0.0050924307926992,0.01214292667435474,71201.5208692362,864.594847017674,0.6273584905660378,1.0,0.3939393939393939,3948.0,4922.656443069573
28,all,R15,High,R15_OUT,0.00184143860322923,0.004390919551895723,10101.456953955436,44.35468484175593,0.6273584905660378,1.0,0.3939393939393939,3948.0,4922.656443069573
28,all,R16,High,R16_OUT,0.0050924307926992,0.01214292667435474,56692.75550153977,688.4159730223187,0.6273584905660378,1.0,0.3939393939393939,3948.0,4922.656443069573
28,all,R17,Medium,R17_OUT,0.1788854690557479,0.4265532949344507,90875.81832675918,38763.37973714367,0.6273584905660378,1.0,0.3939393939393939,3948.0,4922.656443069573
28,all,R18,High,R18_OUT,0.03991474335863601,0.0951769050105644,-307305.5694888104,-29248.392996453902,0.6273584905660378,1.0,0.3939393939393939,3948.0,4922.656443069573
28,all,R19,High,R19_OUT,0.03991474335863601,0.0951769050105644,-146917.74430578592,-13983.176194158175,0.6273584905660378,1.0,0.3939393939393939,3948.0,4922.656443069573
28,all,R20,Very_High,R20_OUT,0.1103827560722104,0.2632082334863867,9410.584363180795,2476.9432863074308,0.6273584905660378,1.0,0.3939393939393939,3948.0,4922.656443069573
29,all,R1,Very_Low,R1_OUT,0.5151664090605382,0.12194284606582863,-73394.6760095452,-8949.955678683336,0.2012578616352201,1.0,0.1515151515151515,3927.0,4118.478228375086
29,all,R2,Low,R2_OUT,0.3567884517762754,0.08445387449146938,122674.18081574097,10360.309869956409,0.2012578616352201,1.0,0.1515151515151515,3927.0,4118.478228375086
29,all,R3,Medium,R3_OUT,0.4404028925616155,0.10424589256997904,107975.02606826351,11255.952967752884,0.2012578616352201,1.0,0.1515151515151515,3927.0,4118.478228375086
29,all,R4,Low,R4_OUT,0.11494916335676937,0.02720912677162366,293387.90158362576,7982.82860744952,0.2012578616352201,1.0,0.1515151515151515,3927.0,4118.478228375086
29,all,R5,Medium,R5_OUT,0.07961026438395064,0.01884420654043695,272114.42420740315,5127.7804123963815,0.2012578616352201,1.0,0.1515151515151515,3927.0,4118.478228375086
29,all,R6,Medium,R6_OUT,0.09826716794710498,0.023260402703955428,-180210.40211371105,-4191.76652460666,0.2012578616352201,1.0,0.1515151515151515,3927.0,4118.478228375086
29,all,R7,Medium,R7_OUT,0.07961026438395064,0.01884420654043695,-107909.08092517826,-2033.4610085427844,0.2012578616352201,1.0,0.1515151515151515,3927.0,4118.478228375086
29,all,R8,High,R8_OUT,0.09826716794710498,0.023260402703955428,-236208.71212369355,-5494.309766179791,0.2012578616352201,1.0,0.1515151515151515,3927.0,4118.478228375086
29,all,R9,Low,R9_OUT,0.525050293156677,0.124282418164611,73208.81711824323,9098.568822426036,0.2012578616352201,1.0,0.1515151515151515,3927.0,4118.478228375086
29,all,R10,Medium,R10_OUT,0.3636337267052607,0.08607419035885241,78224.07009906968,6733.073500351539,0.2012578616352201,1.0,0.1515151515151515,3927.0,4118.478228375086
29,all,R11,Medium,R11_OUT,0.44885237814360684,0.10624593430705419,-42978.97605948978,-4566.341467001006,0.2012578616352201,1.0,0.1515151515151515,3927.0,4118.478228375086
29,all,R12,Medium,R12_OUT,0.11715455599802932,0.027731155868703766,-558622.9163735389,-15491.259165784477,0.2012578616352201,1.0,0.1515151515151515,3927.0,4118.478228375086
29,all,R13,Medium,R13_OUT,0.08113765167511515,0.019205747879417166,156845.2497915713,3012.330323581126,0.2012578616352201,1.0,0.1515151515151515,3927.0,4118.478228375086
29,all,R14,High,R14_OUT,0.10015250301818654,0.023706672337052547,177381.1780170866,4205.11746601146,0.2012578616352201,1.0,0.1515151515151515,3927.0,4118.478228375086
29,all,R15,High,R15_OUT,0.08113765167511515,0.019205747879417166,-72412.95400448542,-1390.7449378139786,0.2012578616352201,1.0,0.1515151515151515,3927.0,4118.478228375086
29,all,R16,High,R16_OUT,0.10015250301818654,0.023706672337052547,205558.82146455793,4873.115626450959,0.2012578616352201,1.0,0.1515151515151515,3927.0,4118.478228375086
29,all,R17,Medium,R17_OUT,0.36262311641154565,0.08583497310145442,-33902.015200322225,-2909.978562804757,0.2012578616352201,1.0,0.1515151515151515,3927.0,4118.478228375086
29,all,R18,High,R18_OUT,0.08091215403843087,0.019152371294463687,-469518.33527569566,-8992.389486758611,0.2012578616352201,1.0,0.1515151515151515,3927.0,4118.478228375086
29,all,R19,High,R19_OUT,0.08091215403843087,0.019152371294463687,-243517.51572944527,-4663.937877955737,0.2012578616352201,1.0,0.1515151515151515,3927.0,4118.478228375086
29,all,R20,Very_High,R20_OUT,0.09987415933590885,0.023640786789772238,6494.9237728560265,153.54510812991242,0.2012578616352201,1.0,0.1515151515151515,3927.0,4118.478228375086
30,all,R1,Very_Low,R1_OUT,0.09705766427969646,0.010960398104544506,-30931.984693811544,-339.02686640785174,0.1666666666666666,0.4,0.2424242424242424,710.0,1596.033911145223
30,all,R2,Low,R2_OUT,0.12858051435556492,0.01452016835850131,-139527.83478442574,-2025.967651767017,0.1666666666666666,0.4,0.2424242424242424,710.0,1596.033911145223
30,all,R3,Medium,R3_OUT,0.12216288521771772,0.013795446918312639,-40204.472381239946,-554.6386646141622,0.1666666666666666,0.4,0.2424242424242424,710.0,1596.033911145223
30,all,R4,Low,R4_OUT,0.434982273194857,0.049121096391691176,263113.89030472987,12924.442767651493,0.1666666666666666,0.4,0.2424242424242424,710.0,1596.033911145223
30,all,R5,Medium,R5_OUT,0.5762578858457821,0.06507487983176394,304916.6577030305,19842.414858727807,0.1666666666666666,0.4,0.2424242424242424,710.0,1596.033911145223
30,all,R6,Medium,R6_OUT,0.5474960674812092,0.06182690367423071,-135865.82614128175,-8400.163345456804,0.1666666666666666,0.4,0.2424242424242424,710.0,1596.033911145223
30,all,R7,Medium,R7_OUT,0.9500886338026269,0.10729033856688394,-67509.61080617341,-7243.128999912912,0.1666666666666666,0.4,0.2424242424242424,710.0,1596.033911145223
30,all,R8,High,R8_OUT,0.9026684120809421,0.10193533118923205,-9092.478449422822,-926.8448020728705,0.1666666666666666,0.4,0.2424242424242424,710.0,1596.033911145223
30,all,R9,Low,R9_OUT,0.07485723977750443,0.008453378257737721,178933.067821298,1512.5889051108695,0.1666666666666666,0.4,0.2424242424242424,710.0,1596.033911145223
30,all,R10,Medium,R10_OUT,0.09916973033775003,0.011198906675620904,122189.01996136544,1368.3834313329114,0.1666666666666666,0.4,0.2424242424242424,710.0,1596.033911145223
30,all,R11,Medium,R11_OUT,0.09422003361116785,0.010639953943523782,179528.0717843692,1910.1704153553198,0.1666666666666666,0.4,0.2424242424242424,710.0,1596.033911145223
30,all,R12,Medium,R12_OUT,0.3354868733465175,0.03788541294513659,-214392.43001431576,-8122.345743403648,0.1666666666666666,0.4,0.2424242424242424,710.0,1596.033911145223
30,all,R13,Medium,R13_OUT,0.44444789656306766,0.05019001764786621,162008.9807043186,8131.233600662566,0.1666666666666666,0.4,0.2424242424242424,710.0,1596.033911145223
30,all,R14,High,R14_OUT,0.42226489484205615,0.04768496529759094,100464.53812749093,4790.648014247907,0.1666666666666666,0.4,0.2424242424242424,710.0,1596.033911145223
30,all,R15,High,R15_OUT,0.7327707007814598,0.08274934967285182,665.3552760722887,55.05771639638267,0.1666666666666666,0.4,0.2424242424242424,710.0,1596.033911145223
30,all,R16,High,R16_OUT,0.6961971139960507,0.07861921657873563,65837.0727520778,5176.059081605579,0.1666666666666666,0.4,0.2424242424242424,710.0,1596.033911145223
30,all,R17,Medium,R17_OUT,0.11043162510213608,0.012470674865647067,51076.47422224455,636.9581033092154,0.1666666666666666,0.4,0.2424242424242424,710.0,1596.033911145223
30,all,R18,High,R18_OUT,0.4949202072399141,0.05588968724511009,-229598.66423875705,-12832.197536199174,0.1666666666666666,0.4,0.2424242424242424,710.0,1596.033911145223
30,all,R19,High,R19_OUT,0.8159854729757616,0.09214651617379062,-152427.88898157547,-14045.698937377505,0.1666666666666666,0.4,0.2424242424242424,710.0,1596.033911145223
30,all,R20,Very_High,R20_OUT,0.7752585232223317,0.08754735766122838,-2991.6429580474824,-261.9104360428782,0.1666666666666666,0.4,0.2424242424242424,710.0,1596.033911145223
31,all,R1,Very_Low,R1_OUT,0.1596817592744133,0.040764831752338804,-51278.657881022606,-2090.3658610056286,0.3223270440251572,1.0,0.2424242424242424,2429.0,3907.511243097557
31,all,R2,Low,R2_OUT,0.2115439609337544,0.054004627797644957,70974.33301611777,3832.942437721544,0.3223270440251572,1.0,0.2424242424242424,2429.0,3907.511243097557
31,all,R3,Medium,R3_OUT,0.200985512832747,0.05130918304328386,99249.82511336099,5092.4274437553495,0.3223270440251572,1.0,0.2424242424242424,2429.0,3907.511243097557
31,all,R4,Low,R4_OUT,0.035629816519682854,0.009095863437323153,294336.6038369573,2677.2455531064493,0.3223270440251572,1.0,0.2424242424242424,2429.0,3907.511243097557
31,all,R5,Medium,R5_OUT,0.0472018378815818,0.012050061249244862,241198.5244879035,2906.4569933067237,0.3223270440251572,1.0,0.2424242424242424,2429.0,3907.511243097557
31,all,R6,Medium,R6_OUT,0.04484592966588513,0.011448626229533026,-191685.49959817267,-2194.535638520782,0.3223270440251572,1.0,0.2424242424242424,2429.0,3907.511243097557
31,all,R7,Medium,R7_OUT,0.0472018378815818,0.012050061249244862,-172727.16805834376,-2081.372954511653,0.3223270440251572,1.0,0.2424242424242424,2429.0,3907.511243097557
31,all,R8,High,R8_OUT,0.04484592966588513,0.011448626229533026,-188857.7307811415,-2162.1615702710633,0.3223270440251572,1.0,0.2424242424242424,2429.0,3907.511243097557
31,all,R9,Low,R9_OUT,0.43169951054599404,0.11020769056490666,57382.807077860176,6324.02664618255,0.3223270440251572,1.0,0.2424242424242424,2429.0,3907.511243097557
31,all,R10,Medium,R10_OUT,0.5719089319220441,0.14600146875509534,104251.48004618962,15220.8692066362,0.3223270440251572,1.0,0.2424242424242424,2429.0,3907.511243097557
31,all,R11,Medium,R11_OUT,0.5433641757893344,0.13871433598270547,-24829.86736807457,-3444.258564501111,0.3223270440251572,1.0,0.2424242424242424,2429.0,3907.511243097557
31,all,R12,Medium,R12_OUT,0.0963251809241264,0.024590659645336216,-525829.0740979913,-12930.483792765983,0.3223270440251572,1.0,0.2424242424242424,2429.0,3907.511243097557
31,all,R13,Medium,R13_OUT,0.1276101315700831,0.03257733110523039,224909.0547689662,7326.936745773007,0.3223270440251572,1.0,0.2424242424242424,2429.0,3907.511243097557
31,all,R14,High,R14_OUT,0.12124093556279372,0.03095135200270416,133470.71114429366,4131.098962678282,0.3223270440251572,1.0,0.2424242424242424,2429.0,3907.511243097557
31,all,R15,High,R15_OUT,0.1276101315700831,0.03257733110523039,-48897.62130768111,-1592.953999598496,0.3223270440251572,1.0,0.2424242424242424,2429.0,3907.511243097557
31,all,R16,High,R16_OUT,0.12124093556279372,0.03095135200270416,158897.49322308638,4918.092245095046,0.3223270440251572,1.0,0.2424242424242424,2429.0,3907.511243097557
31,all,R17,Medium,R17_OUT,0.5935210706908243,0.1515187877320456,-3176.0890730422398,-481.23716607635663,0.3223270440251572,1.0,0.2424242424242424,2429.0,3907.511243097557
31,all,R18,High,R18_OUT,0.13243245155471114,0.033808411372147275,-426066.5724761203,-14404.633954193478,0.3223270440251572,1.0,0.2424242424242424,2429.0,3907.511243097557
31,all,R19,High,R19_OUT,0.13243245155471114,0.033808411372147275,-217939.19519568136,-7368.177965290299,0.3223270440251572,1.0,0.2424242424242424,2429.0,3907.511243097557
31,all,R20,Very_High,R20_OUT,0.12582256696874808,0.0321209873716006,7085.600232155453,227.5964755772756,0.3223270440251572,1.0,0.2424242424242424,2429.0,3907.511243097557
32,all,R1,Very_Low,R1_OUT,0.033229700005095765,0.006518507592429671,14859.643989920049,96.86270216909577,0.35062893081761,0.4,0.1212121212121212,6405.0,6019.161604574452
32,all,R2,Low,R2_OUT,0.017843384619882035,0.0035002494184872995,-191137.08827788956,-669.0274820960385,0.35062893081761,0.4,0.1212121212121212,6405.0,6019.161604574452
32,all,R3,Medium,R3_OUT,0.02793538191823234,0.005479947128728082,-8137.169552757288,-44.591258926605875,0.35062893081761,0.4,0.1212121212121212,6405.0,6019.161604574452
32,all,R4,Low,R4_OUT,0.14892518332345048,0.02921392423190776,192371.45933666633,5619.925237442894,0.35062893081761,0.4,0.1212121212121212,6405.0,6019.161604574452
32,all,R5,Medium,R5_OUT,0.07996850182876367,0.0156870295622917,195773.2967049071,3071.101492917182,0.35062893081761,0.4,0.1212121212121212,6405.0,6019.161604574452
32,all,R6,Medium,R6_OUT,0.12519769581866153,0.024559419152851113,-215109.6014370622,-5282.966865495555,0.35062893081761,0.4,0.1212121212121212,6405.0,6019.161604574452
32,all,R7,Medium,R7_OUT,0.1318457699511047,0.02586353931345204,-113460.06225886318,-2934.478780738824,0.35062893081761,0.4,0.1212121212121212,6405.0,6019.161604574452
32,all,R8,High,R8_OUT,0.20641610413887168,0.04049163675334574,-79853.9902343316,-3233.4187658737733,0.35062893081761,0.4,0.1212121212121212,6405.0,6019.161604574452
32,all,R9,Low,R9_OUT,0.11284779601544725,0.022136799760540834,135008.47522425192,2988.655582015203,0.35062893081761,0.4,0.1212121212121212,6405.0,6019.161604574452
32,all,R10,Medium,R10_OUT,0.06059599176341748,0.011886819090153393,222399.03668290007,2643.6171148740214,0.35062893081761,0.4,0.1212121212121212,6405.0,6019.161604574452
32,all,R11,Medium,R11_OUT,0.09486833404571422,0.018609856714424475,177333.20687028058,3300.1455705653157,0.35062893081761,0.4,0.1212121212121212,6405.0,6019.161604574452
32,all,R12,Medium,R12_OUT,0.5057487340141695,0.09921025353907818,-207744.60743054375,-20610.39517456051,0.35062893081761,0.4,0.1212121212121212,6405.0,6019.161604574452
32,all,R13,Medium,R13_OUT,0.27157239399240357,0.05327302719742633,196456.32810739233,10465.823310371623,0.35062893081761,0.4,0.1212121212121212,6405.0,6019.161604574452
32,all,R14,High,R14_OUT,0.4251703758138581,0.08340359143759364,195524.17783616274,16307.418644418718,0.35062893081761,0.4,0.1212121212121212,6405.0,6019.161604574452
32,all,R15,High,R15_OUT,0.4477471825102313,0.08783237309498321,35569.034332254145,3124.112694098813,0.35062893081761,0.4,0.1212121212121212,6405.0,6019.161604574452
32,all,R16,High,R16_OUT,0.700987442275875,0.13750927525594367,46309.89294570009,6368.039816143558,0.35062893081761,0.4,0.1212121212121212,6405.0,6019.161604574452
32,all,R17,Medium,R17_OUT,0.06984121464943324,0.013700409208841094,153422.77634021972,2101.9548178175137,0.35062893081761,0.4,0.1212121212121212,6405.0,6019.161604574452
32,all,R18,High,R18_OUT,0.3130066083534998,0.06140097421042212,-132514.13734324806,-8136.497129529109,0.35062893081761,0.4,0.1212121212121212,6405.0,6019.161604574452
32,all,R19,High,R19_OUT,0.5160606530621193,0.10123309222243292,-91559.65603747178,-9268.867103495617,0.35062893081761,0.4,0.1212121212121212,6405.0,6019.161604574452
32,all,R20,Very_High,R20_OUT,0.8079381655092077,0.1584892751146669,705.0772512884641,111.74718245655052,0.35062893081761,0.4,0.1212121212121212,6405.0,6019.161604574452
33,all,R1,Very_Low,R1_OUT,0.412408961929181,0.059213135847978486,-36367.214255269144,-2153.4167981097917,0.1855345911949685,0.6,0.0606060606060606,651.0,714.74589470877
33,all,R2,Low,R2_OUT,0.1256974373004705,0.01804747257624732,-38944.68189601225,-702.8530785089565,0.1855345911949685,0.6,0.0606060606060606,651.0,714.74589470877
33,all,R3,Medium,R3_OUT,0.3967337826424698,0.05696251424120352,36102.54197702808,2056.49156151011,0.1855345911949685,0.6,0.0606060606060606,651.0,714.74589470877
33,all,R4,Low,R4_OUT,0.6799474277600002,0.09762595657741842,229558.01697929236,22410.820997618677,0.1855345911949685,0.6,0.0606060606060606,651.0,714.74589470877
33,all,R5,Medium,R5_OUT,0.20724003854978146,0.0297552519188362,254468.928130475,7571.787062038507,0.1855345911949685,0.6,0.0606060606060606,651.0,714.74589470877
33,all,R6,Medium,R6_OUT,0.6541034262479614,0.09391530886203124,-188765.00872538885,-17727.924096788916,0.1855345911949685,0.6,0.0606060606060606,651.0,714.74589470877
33,all,R7,Medium,R7_OUT,0.1659448502487312,0.023826143144624272,-53093.834962999754,-1265.021311925489,0.1855345911949685,0.6,0.0606060606060606,651.0,714.74589470877
33,all,R8,High,R8_OUT,0.5237650787727786,0.0752015005123128,-168333.97814536424,-12658.96774373826,0.1855345911949685,0.6,0.0606060606060606,651.0,714.74589470877
33,all,R9,Low,R9_OUT,0.37030451740088116,0.05316783512998387,130697.54556870999,6948.905554690727,0.1855345911949685,0.6,0.0606060606060606,651.0,714.74589470877
33,all,R10,Medium,R10_OUT,0.11286449411851336,0.016204935487799894,145839.96510869337,2363.3272261293637,0.1855345911949685,0.6,0.0606060606060606,651.0,714.74589470877
33,all,R11,Medium,R11_OUT,0.3562296784987754,0.05114698828890112,88433.11300946702,4523.0873954462795,0.1855345911949685,0.6,0.0606060606060606,651.0,714.74589470877
33,all,R12,Medium,R12_OUT,0.6105289344751786,0.08765894069588194,-353293.38343065785,-30969.323746395516,0.1855345911949685,0.6,0.0606060606060606,651.0,714.74589470877
33,all,R13,Medium,R13_OUT,0.18608209216000252,0.026717421829059045,122651.45491442728,3276.9306588965705,0.1855345911949685,0.6,0.0606060606060606,651.0,714.74589470877
33,all,R14,High,R14_OUT,0.5873234481955992,0.08432712752416165,221394.40036087428,18669.553832366746,0.1855345911949685,0.6,0.0606060606060606,651.0,714.74589470877
33,all,R15,High,R15_OUT,0.14900289120552657,0.02139363896803358,-22769.876002384117,-487.1305065418975,0.1855345911949685,0.6,0.0606060606060606,651.0,714.74589470877
33,all,R16,High,R16_OUT,0.47029185258028866,0.0675238850891317,140687.95532949333,9499.7973290936,0.1855345911949685,0.6,0.0606060606060606,651.0,714.74589470877
33,all,R17,Medium,R17_OUT,0.11754897574384261,0.01687752719279202,58311.85642532807,984.1599424806585,0.1855345911949685,0.6,0.0606060606060606,651.0,714.74589470877
33,all,R18,High,R18_OUT,0.1938054966578868,0.027826338079576032,-288132.5183186239,-8017.672866453662,0.1855345911949685,0.6,0.0606060606060606,651.0,714.74589470877
33,all,R19,High,R19_OUT,0.1551873100648384,0.022281589686524793,-167919.2171452674,-3741.5070969133076,0.1855345911949685,0.6,0.0606060606060606,651.0,714.74589470877
33,all,R20,Very_High,R20_OUT,0.48981148591724477,0.07032648834750217,1901.1553534804966,133.70157981333753,0.1855345911949685,0.6,0.0606060606060606,651.0,714.74589470877
34,all,R1,Very_Low,R1_OUT,1.177524366933142e-05,1.0659342878213217e-05,48149.0999197754,0.5132377653222345,0.5817610062893082,0.4,0.4848484848484848,9135.0,-6884.068530353725
34,all,R2,Low,R2_OUT,3.790202101176311e-05,3.431017217876086e-05,-309587.50918761094,-10.62200074462064,0.5817610062893082,0.4,0.4848484848484848,9135.0,-6884.068530353725
34,all,R3,Medium,R3_OUT,0.0004908061942480805,0.0004442941189291123,-58014.41927707133,-25.775465297890513,0.5817610062893082,0.4,0.4848484848484848,9135.0,-6884.068530353725
34,all,R4,Low,R4_OUT,5.2772980853410126e-05,4.777186047427408e-05,247088.31676642515,11.8038685933889,0.5817610062893082,0.4,0.4848484848484848,9135.0,-6884.068530353725
34,all,R5,Medium,R5_OUT,0.00016986507331214244,0.00015376752365496972,182316.19673654632,28.034310094371,0.5817610062893082,0.4,0.4848484848484848,9135.0,-6884.068530353725
34,all,R6,Medium,R6_OUT,0.0021996407564158437,0.001991188096820083,-191716.051696828,-381.7427201080676,0.5817610062893082,0.4,0.4848484848484848,9135.0,-6884.068530353725
34,all,R7,Medium,R7_OUT,0.0002800601595187658,0.00025351978699283365,-275711.2936968245,-69.89826844953755,0.5817610062893082,0.4,0.4848484848484848,9135.0,-6884.068530353725
34,all,R8,High,R8_OUT,0.00362659450300172,0.0032829141691921764,115139.88689233703,377.99436611803776,0.5817610062893082,0.4,0.4848484848484848,9135.0,-6884.068530353725
34,all,R9,Low,R9_OUT,0.00025749369949962567,0.00023309187555028746,119363.81092065586,27.822734560325557,0.5817610062893082,0.4,0.4848484848484848,9135.0,-6884.068530353725
34,all,R10,Medium,R10_OUT,0.0008288178047856532,0.0007502734901179233,227626.90092897246,170.78242940470693,0.5817610062893082,0.4,0.4848484848484848,9135.0,-6884.068530353725
34,all,R11,Medium,R11_OUT,0.010732644371803966,0.009715547258435578,233802.3180490422,2271.517470137255,0.5817610062893082,0.4,0.4848484848484848,9135.0,-6884.068530353725
34,all,R12,Medium,R12_OUT,0.0011540066987283867,0.0010446453110383239,-113489.01485857263,-118.55576722636656,0.5817610062893082,0.4,0.4848484848484848,9135.0,-6884.068530353725
34,all,R13,Medium,R13_OUT,0.003714503697009451,0.003362492500425892,376949.54619432107,1267.490022117348,0.5817610062893082,0.4,0.4848484848484848,9135.0,-6884.068530353725
34,all,R14,High,R14_OUT,0.04810037497693919,0.04354206196048369,-6878.63853696626,-299.5101053803558,0.5817610062893082,0.4,0.4848484848484848,9135.0,-6884.068530353725
34,all,R15,High,R15_OUT,0.006124181255353744,0.005543812908021826,81068.37537610595,449.4279058424149,0.5817610062893082,0.4,0.4848484848484848,9135.0,-6884.068530353725
34,all,R16,High,R16_OUT,0.0793041113531318,0.07178872372439236,-80424.15562870188,-5773.547489196414,0.5817610062893082,0.4,0.4848484848484848,9135.0,-6884.068530353725
34,all,R17,Medium,R17_OUT,0.008729302457616191,0.007902055413571194,171287.39079023447,1353.522453670457,0.5817610062893082,0.4,0.4848484848484848,9135.0,-6884.068530353725
34,all,R18,High,R18_OUT,0.0391220194159737,0.03541455538020777,-72325.84446582288,-2561.3876242551783,0.5817610062893082,0.4,0.4848484848484848,9135.0,-6884.068530353725
34,all,R19,High,R19_OUT,0.06450130556385922,0.05838873074773619,-58854.56045134796,-3436.4430834701193,0.5817610062893082,0.4,0.4848484848484848,9135.0,-6884.068530353725
34,all,R20,Very_High,R20_OUT,0.8352493999727655,0.7560955843588987,-218.8807975503887,-165.49480452880294,0.5817610062893082,0.4,0.4848484848484848,9135.0,-6884.068530353725
35,all,R1,Very_Low,R1_OUT,0.015165322415733838,0.002867119652217472,10842.818542579524,31.087658128857758,0.4544025157232704,0.6,0.303030303030303,1435.0,1832.0190776329691
35,all,R2,Low,R2_OUT,0.028134486327772282,0.005319038820546986,-157970.47905164622,-840.2511105761107,0.4544025157232704,0.6,0.303030303030303,1435.0,1832.0190776329691
35,all,R3,Medium,R3_OUT,0.032702822901202244,0.006182717627272248,9641.604589659637,59.61131865167765,0.4544025157232704,0.6,0.303030303030303,1435.0,1832.0190776329691
35,all,R4,Low,R4_OUT,0.02500338964384583,0.0047270811562532995,242947.0428368153,1148.4303881613728,0.4544025157232704,0.6,0.303030303030303,1435.0,1832.0190776329691
35,all,R5,Medium,R5_OUT,0.0463859260488201,0.008769612443115539,195528.12181365746,1714.7058500360613,0.4544025157232704,0.6,0.303030303030303,1435.0,1832.0190776329691
35,all,R6,Medium,R6_OUT,0.05391783972915143,0.010193578062816384,-204588.30018117413,-2085.4868086357096,0.4544025157232704,0.6,0.303030303030303,1435.0,1832.0190776329691
35,all,R7,Medium,R7_OUT,0.03714294595622333,0.007022156692287262,-205252.26387969332,-1441.3135584098995,0.4544025157232704,0.6,0.303030303030303,1435.0,1832.0190776329691
35,all,R8,High,R8_OUT,0.043174030955605416,0.00816237922444934,-40872.63445981048,-333.6179423632692,0.4544025157232704,0.6,0.303030303030303,1435.0,1832.0190776329691
35,all,R9,Low,R9_OUT,0.11884105305075332,0.022467805784236357,98658.2386978074,2216.634146077168,0.4544025157232704,0.6,0.303030303030303,1435.0,1832.0190776329691
35,all,R10,Medium,R10_OUT,0.22047219904573911,0.0416819476251836,194159.8018188849,8092.958690330789,0.4544025157232704,0.6,0.303030303030303,1435.0,1832.0190776329691
35,all,R11,Medium,R11_OUT,0.25627136731884015,0.04845005291665831,133391.57608419203,6462.828919915557,0.4544025157232704,0.6,0.303030303030303,1435.0,1832.0190776329691
35,all,R12,Medium,R12_OUT,0.1959357719971794,0.03704314930242986,-273716.2988172154,-10139.313723594616,0.4544025157232704,0.6,0.303030303030303,1435.0,1832.0190776329691
35,all,R13,Medium,R13_OUT,0.3634972041647426,0.06872191365384892,284586.64046960656,19557.33853339125,0.4544025157232704,0.6,0.303030303030303,1435.0,1832.0190776329691
35,all,R14,High,R14_OUT,0.4225200543699775,0.07988063281024137,98593.03583292625,7875.674093016952,0.4544025157232704,0.6,0.303030303030303,1435.0,1832.0190776329691
35,all,R15,High,R15_OUT,0.2910658072303968,0.05502820666265612,29581.808407382545,1627.833866496545,0.4544025157232704,0.6,0.303030303030303,1435.0,1832.0190776329691
35,all,R16,High,R16_OUT,0.3383276110164844,0.06396341045982384,29033.85482702442,1857.1043735319008,0.4544025157232704,0.6,0.303030303030303,1435.0,1832.0190776329691
35,all,R17,Medium,R17_OUT,0.5089213729773154,0.09621545984297178,117848.01910824479,11338.801350083097,0.4544025157232704,0.6,0.303030303030303,1435.0,1832.0190776329691
35,all,R18,High,R18_OUT,0.8390694927416136,0.15863247521330162,-196490.40987389765,-31169.760073972546,0.4544025157232704,0.6,0.303030303030303,1435.0,1832.0190776329691
35,all,R19,High,R19_OUT,0.6718743264846433,0.1270229562205641,-114554.34419920544,-14551.031448091102,0.4544025157232704,0.6,0.303030303030303,1435.0,1832.0190776329691
35,all,R20,Very_High,R20_OUT,0.7809699048673411,0.14764830582912555,2775.409803409887,409.78455545501623,0.4544025157232704,0.6,0.303030303030303,1435.0,1832.0190776329691
36,all,R1,Very_Low,R1_OUT,1.2549668255875852e-05,1.1362095901715767e-05,72472.87775085485,0.8234437872785357,0.4685534591194968,0.0,0.2121212121212121,5922.0,5898.339432818168
36,all,R2,Low,R2_OUT,1.3651889062368197e-05,1.236001379507274e-05,-418291.8021794157,-5.170092445303416,0.4685534591194968,0.0,0.2121212121212121,5922.0,5898.339432818168
36,all,R3,Medium,R3_OUT,1.3127302628258178e-05,1.1885068860149347e-05,-103878.53237009946,-1.2346035103098851,0.4685534591194968,0.0,0.2121212121212121,5922.0,5898.339432818168
36,all,R4,Low,R4_OUT,0.00041558793622498315,0.0003762609409833237,152262.71427461,57.29051214963972,0.4685534591194968,0.0,0.2121212121212121,5922.0,5898.339432818168
36,all,R5,Medium,R5_OUT,0.0004520884763902515,0.000409307443039506,163527.35786453864,66.93296471454056,0.4685534591194968,0.0,0.2121212121212121,5922.0,5898.339432818168
36,all,R6,Medium,R6_OUT,0.00043471655953329944,0.0003935794268640261,-216917.0002984858,-85.37406865454182,0.4685534591194968,0.0,0.2121212121212121,5922.0,5898.339432818168
36,all,R7,Medium,R7_OUT,0.01673050562225737,0.015147301545224494,-146700.51180814396,-2222.116889196723,0.4685534591194968,0.0,0.2121212121212121,5922.0,5898.339432818168
36,all,R8,High,R8_OUT,0.016087620506128608,0.014565252506611809,85118.40003901342,1239.7709895270268,0.4685534591194968,0.0,0.2121212121212121,5922.0,5898.339432818168
36,all,R9,Low,R9_OUT,0.00011022174843136604,9.979148855553295e-05,181270.6303902109,18.089266038038975,0.4685534591194968,0.0,0.2121212121212121,5922.0,5898.339432818168
36,all,R10,Medium,R10_OUT,0.00011990237918366776,0.00010855604334328615,299691.8477828747,32.53336121754726,0.4685534591194968,0.0,0.2121212121212121,5922.0,5898.339432818168
36,all,R11,Medium,R11_OUT,0.0001152950196270588,0.00010438467721084936,338131.8032133967,35.29577913315285,0.4685534591194968,0.0,0.2121212121212121,5922.0,5898.339432818168
36,all,R12,Medium,R12_OUT,0.003650043014981975,0.003304640245147148,47349.84869333852,156.47421559363457,0.4685534591194968,0.0,0.2121212121212121,5922.0,5898.339432818168
36,all,R13,Medium,R13_OUT,0.003970621477589662,0.003594882438160316,259063.5709753306,931.3030816663145,0.4685534591194968,0.0,0.2121212121212121,5922.0,5898.339432818168
36,all,R14,High,R14_OUT,0.003818046683536356,0.003456745763399489,140247.48834209717,484.7999111539636,0.4685534591194968,0.0,0.2121212121212121,5922.0,5898.339432818168
36,all,R15,High,R15_OUT,0.1469413807781414,0.1330363501481463,111430.49640937887,14824.306537499886,0.4685534591194968,0.0,0.2121212121212121,5922.0,5898.339432818168
36,all,R16,High,R16_OUT,0.14129502263580268,0.1279243056382328,-86207.37350452875,-11028.018396462627,0.4685534591194968,0.0,0.2121212121212121,5922.0,5898.339432818168
36,all,R17,Medium,R17_OUT,0.00031596684625820874,0.000286066972907237,262071.74733795633,74.97007144547942,0.4685534591194968,0.0,0.2121212121212121,5922.0,5898.339432818168
36,all,R18,High,R18_OUT,0.010463384917803242,0.009473237098278152,87081.45164688467,824.943238313183,0.4685534591194968,0.0,0.2121212121212121,5922.0,5898.339432818168
36,all,R19,High,R19_OUT,0.38722004505161717,0.3505774971289167,5363.203664691697,1880.218517360249,0.4685534591194968,0.0,0.2121212121212121,5922.0,5898.339432818168
36,all,R20,Very_High,R20_OUT,0.372340757524334,0.337106233316422,-4115.908486361024,-1387.4984065122605,0.4685534591194968,0.0,0.2121212121212121,5922.0,5898.339432818168
37,all,R1,Very_Low,R1_OUT,0.10758330557738856,0.018975670714505746,-19699.854282833752,-373.81794799479906,0.1855345911949685,0.4,0.0909090909090909,847.0,1281.3818292572805
37,all,R2,Low,R2_OUT,0.04394141721273191,0.007750439153012642,-130369.53046325824,-1010.421113262311,0.1855345911949685,0.4,0.0909090909090909,847.0,1281.3818292572805
37,all,R3,Medium,R3_OUT,0.09407247379883381,0.016592614221372492,-12608.467216484474,-209.2074324459491,0.1855345911949685,0.4,0.0909090909090909,847.0,1281.3818292572805
37,all,R4,Low,R4_OUT,0.4821549247570226,0.08504305604353452,217147.24910959514,18466.86567572665,0.1855345911949685,0.4,0.0909090909090909,847.0,1281.3818292572805
37,all,R5,Medium,R5_OUT,0.19693176925746558,0.034735058442376975,260383.24824804012,9044.427345311626,0.1855345911949685,0.4,0.0909090909090909,847.0,1281.3818292572805
37,all,R6,Medium,R6_OUT,0.42160357764389755,0.07436293780426105,-177139.7291008685,-13172.630657791537,0.1855345911949685,0.4,0.0909090909090909,847.0,1281.3818292572805
37,all,R7,Medium,R7_OUT,0.324685596851393,0.057268429692958964,-44046.52624027437,-2522.4753912102246,0.1855345911949685,0.4,0.0909090909090909,847.0,1281.3818292572805
37,all,R8,High,R8_OUT,0.6951067862647666,0.12260375730963582,-92883.1817004047,-11387.827067343225,0.1855345911949685,0.4,0.0909090909090909,847.0,1281.3818292572805
37,all,R9,Low,R9_OUT,0.09659970497699197,0.017038370246424774,163768.14203727565,2790.342238600184,0.1855345911949685,0.4,0.0909090909090909,847.0,1281.3818292572805
37,all,R10,Medium,R10_OUT,0.039455266002841244,0.006959166495256915,164998.88020136952,1148.2546788522802,0.1855345911949685,0.4,0.0909090909090909,847.0,1281.3818292572805
37,all,R11,Medium,R11_OUT,0.08446824687763732,0.014898609314701173,163336.70684336574,2433.4897820091837,0.1855345911949685,0.4,0.0909090909090909,847.0,1281.3818292572805
37,all,R12,Medium,R12_OUT,0.4329298419932666,0.07636067770977521,-236868.24184163148,-18087.419474949915,0.1855345911949685,0.4,0.0909090909090909,847.0,1281.3818292572805
37,all,R13,Medium,R13_OUT,0.17682623441221468,0.031188820420455777,128552.33424579503,4009.3956674225087,0.1855345911949685,0.4,0.0909090909090909,847.0,1281.3818292572805
37,all,R14,High,R14_OUT,0.37856041882212466,0.06677093452893315,196974.44560554958,13152.167811401056,0.1855345911949685,0.4,0.0909090909090909,847.0,1281.3818292572805
37,all,R15,High,R15_OUT,0.2915371738932252,0.051421671635251937,3801.493704704546,195.47916100679456,0.1855345911949685,0.4,0.0909090909090909,847.0,1281.3818292572805
37,all,R16,High,R16_OUT,0.6241406147571859,0.1100866600223777,91385.16162489298,10060.28721888963,0.1855345911949685,0.4,0.0909090909090909,847.0,1281.3818292572805
37,all,R17,Medium,R17_OUT,0.04109287108011833,0.007248009216160853,91422.4087614224,662.6304612664143,0.1855345911949685,0.4,0.0909090909090909,847.0,1281.3818292572805
37,all,R18,High,R18_OUT,0.18416547118857754,0.032483323685777665,-202984.1131012193,-6593.598648937409,0.1855345911949685,0.4,0.0909090909090909,847.0,1281.3818292572805
37,all,R19,High,R19_OUT,0.3036375296771193,0.05355594670377892,-134385.44900762034,-7197.139944815514,0.1855345911949685,0.4,0.0909090909090909,847.0,1281.3818292572805
37,all,R20,Very_High,R20_OUT,0.6500457965797494,0.11465584663944778,-1111.330439858345,-127.42053247814844,0.1855345911949685,0.4,0.0909090909090909,847.0,1281.3818292572805
38,all,R1,Very_Low,R1_OUT,3.036849902967461e-06,6.619585925012489e-06,44576.08550120321,0.2950752281759181,0.7248427672955975,0.8,0.4545454545454545,8050.0,8145.831694836292
38,all,R2,Low,R2_OUT,9.35415623875546e-06,2.0389760099084115e-05,-179822.8507122049,-3.666544786355275,0.7248427672955975,0.8,0.4545454545454545,8050.0,8145.831694836292
38,all,R3,Medium,R3_OUT,6.715616727719189e-05,0.0001463839287056944,42576.597129793714,6.232529558778795,0.7248427672955975,0.8,0.4545454545454545,8050.0,8145.831694836292
38,all,R4,Low,R4_OUT,1.8419425750951005e-06,4.0149818181222866e-06,251562.06694301538,1.0100171249054684,0.7248427672955975,0.8,0.4545454545454545,8050.0,8145.831694836292
38,all,R5,Medium,R5_OUT,5.6735825545473936e-06,1.2367014644279816e-05,115460.77877651236,1.4279051419690807,0.7248427672955975,0.8,0.4545454545454545,8050.0,8145.831694836292
38,all,R6,Medium,R6_OUT,4.073227444240715e-05,8.878634084919189e-05,-246910.9233100554,-21.922317396395258,0.7248427672955975,0.8,0.4545454545454545,8050.0,8145.831694836292
38,all,R7,Medium,R7_OUT,3.845608597076854e-06,8.382480977226526e-06,-354782.82828306407,-2.9739603091294096,0.7248427672955975,0.8,0.4545454545454545,8050.0,8145.831694836292
38,all,R8,High,R8_OUT,2.760872575101018e-05,6.018023222363883e-05,-22246.431770077645,-1.3387954300706093,0.7248427672955975,0.8,0.4545454545454545,8050.0,8145.831694836292
38,all,R9,Low,R9_OUT,0.0002103411983178944,0.0004584920823629897,28607.244723364725,13.116195203883143,0.7248427672955975,0.8,0.4545454545454545,8050.0,8145.831694836292
38,all,R10,Medium,R10_OUT,0.0006478965030803873,0.0014122550371899944,238110.81196059356,336.27319360074785,0.7248427672955975,0.8,0.4545454545454545,8050.0,8145.831694836292
38,all,R11,Medium,R11_OUT,0.0046514345953412315,0.010138983473746905,96589.25444408141,979.3168545500762,0.7248427672955975,0.8,0.4545454545454545,8050.0,8145.831694836292
38,all,R12,Medium,R12_OUT,0.00012757838578049833,0.00027808950518864317,-320426.0789759916,-89.10712975197059,0.7248427672955975,0.8,0.4545454545454545,8050.0,8145.831694836292
38,all,R13,Medium,R13_OUT,0.00039296909343885546,0.0008565759793893368,425072.47688686533,364.1068732008179,0.7248427672955975,0.8,0.4545454545454545,8050.0,8145.831694836292
38,all,R14,High,R14_OUT,0.0028212376937224825,0.006149604335147197,38183.96417108268,234.8162715995953,0.7248427672955975,0.8,0.4545454545454545,8050.0,8145.831694836292
38,all,R15,High,R15_OUT,0.000266358215392975,0.0005805954031194917,55470.39487266379,32.20585627229162,0.7248427672955975,0.8,0.4545454545454545,8050.0,8145.831694836292
38,all,R16,High,R16_OUT,0.0019122619306351058,0.004168260719306609,-21684.161734217225,-90.38523958782913,0.7248427672955975,0.8,0.4545454545454545,8050.0,8145.831694836292
38,all,R17,Medium,R17_OUT,0.09007160154764733,0.1963339397398357,157932.81977866002,31007.57272136577,0.7248427672955975,0.8,0.4545454545454545,8050.0,8145.831694836292
38,all,R18,High,R18_OUT,0.05463118790806799,0.11908255399438296,-182032.57117056294,-21676.90348515492,0.7248427672955975,0.8,0.4545454545454545,8050.0,8145.831694836292
38,all,R19,High,R19_OUT,0.03702954242190402,0.08071529567074395,-89149.1895433572,-7195.703192799272,0.7248427672955975,0.8,0.4545454545454545,8050.0,8145.831694836292
38,all,R20,Very_High,R20_OUT,0.2658456927178838,0.5794782297343439,7336.701620618751,4251.458867205246,0.7248427672955975,0.8,0.4545454545454545,8050.0,8145.831694836292
39,all,R1,Very_Low,R1_OUT,0.00010762845320484622,4.628596485123522e-05,70507.0619455275,3.26348739097455,0.6320754716981132,0.4,0.2424242424242424,4620.0,4613.003092654224
39,all,R2,Low,R2_OUT,0.00014258453441134318,6.13189407779764e-05,-301958.2397873844,-18.51575942294462,0.6320754716981132,0.4,0.2424242424242424,4620.0,4613.003092654224
39,all,R3,Medium,R3_OUT,0.00013546794550025668,5.8258428669971776e-05,-12670.137053337043,-0.7381422757606025,0.6320754716981132,0.4,0.2424242424242424,4620.0,4613.003092654224
39,all,R4,Low,R4_OUT,0.0004823572623855512,0.00020743930278383272,169493.22986209573,35.159557429173034,0.6320754716981132,0.4,0.2424242424242424,4620.0,4613.003092654224
39,all,R5,Medium,R5_OUT,0.0006390195494705586,0.00027481242668936395,102300.9826890378,28.11358130548109,0.6320754716981132,0.4,0.2424242424242424,4620.0,4613.003092654224
39,all,R6,Medium,R6_OUT,0.0006071252107296532,0.00026109616302528234,-263263.3798351446,-68.73705834002375,0.6320754716981132,0.4,0.2424242424242424,4620.0,4613.003092654224
39,all,R7,Medium,R7_OUT,0.0010535651236053224,0.0004530890933354738,-245883.8385082318,-111.4072854555408,0.6320754716981132,0.4,0.2424242424242424,4620.0,4613.003092654224
39,all,R8,High,R8_OUT,0.0010009802489082764,0.0004304747976779711,-19369.656833971167,-8.338149106695468,0.6320754716981132,0.4,0.2424242424242424,4620.0,4613.003092654224
39,all,R9,Low,R9_OUT,0.003530170236107762,0.0015181611423549033,91310.8612750302,138.62460146270996,0.6320754716981132,0.4,0.2424242424242424,4620.0,4613.003092654224
39,all,R10,Medium,R10_OUT,0.004676715724513844,0.0020112367426861795,303984.08555485983,611.3839620597932,0.6320754716981132,0.4,0.2424242424242424,4620.0,4613.003092654224
39,all,R11,Medium,R11_OUT,0.00444329445338662,0.001910853169112358,209178.30645345102,399.7090297961329,0.6320754716981132,0.4,0.2424242424242424,4620.0,4613.003092654224
39,all,R12,Medium,R12_OUT,0.015821125363596904,0.006803926198703922,-146515.07689043425,-996.8777701599453,0.6320754716981132,0.4,0.2424242424242424,4620.0,4613.003092654224
39,all,R13,Medium,R13_OUT,0.020959585747631862,0.009013737727558984,330714.27598074515,2980.9717464499968,0.6320754716981132,0.4,0.2424242424242424,4620.0,4613.003092654224
39,all,R14,High,R14_OUT,0.019913464188036564,0.008563849763031709,149664.79197258005,1281.7067932685698,0.6320754716981132,0.4,0.2424242424242424,4620.0,4613.003092654224
39,all,R15,High,R15_OUT,0.03455651484718389,0.014861141119938729,89947.02586014784,1336.7154446264353,0.6320754716981132,0.4,0.2424242424242424,4620.0,4613.003092654224
39,all,R16,High,R16_OUT,0.032831751980141134,0.014119401263390627,-44310.3450111479,-625.6355413316763,0.6320754716981132,0.4,0.2424242424242424,4620.0,4613.003092654224
39,all,R17,Medium,R17_OUT,0.10981809750471504,0.04722762847347031,244191.81992097208,11532.600547488237,0.6320754716981132,0.4,0.2424242424242424,4620.0,4613.003092654224
39,all,R18,High,R18_OUT,0.49217056731220143,0.21165954634753872,-20709.518505966233,-4383.367292048771,0.6320754716981132,0.4,0.2424242424242424,4620.0,4613.003092654224
39,all,R19,High,R19_OUT,0.8114520831401754,0.34896759620992657,-24452.58948788725,-8533.161374696132,0.6320754716981132,0.4,0.2424242424242424,4620.0,4613.003092654224
39,all,R20,Very_High,R20_OUT,0.7709514010669448,0.3315501467244759,3050.919217522839,1011.5327142142205,0.6320754716981132,0.4,0.2424242424242424,4620.0,4613.003092654224
40,all,R1,Very_Low,R1_OUT,2.0497674540699948e-20,4.1745984366991463e-19,97008.7502681025,4.049725772153586e-14,1.0,0.6,1.0,2352.0,2334.9962399765927
40,all,R2,Low,R2_OUT,7.464118659832277e-21,1.520157714808205e-19,-420806.4792404693,-6.396922158586781e-14,1.0,0.6,1.0,2352.0,2334.9962399765927
40,all,R3,Medium,R3_OUT,2.1829461726176138e-10,4.445832946324403e-09,-79886.81082739614,-0.00035516341555322283,1.0,0.6,1.0,2352.0,2334.9962399765927
40,all,R4,Low,R4_OUT,3.379495201514049e-20,6.882749239217387e-19,327183.35709785577,2.2519210021498575e-13,1.0,0.6,1.0,2352.0,2334.9962399765927
40,all,R5,Medium,R5_OUT,1.2306251201495211e-20,2.506316359223187e-19,125070.91175719461,3.1346727220001647e-14,1.0,0.6,1.0,2352.0,2334.9962399765927
40,all,R6,Medium,R6_OUT,3.599069787588094e-10,7.329939344584465e-09,-187834.07662001986,-0.0013768123884707764,1.0,0.6,1.0,2352.0,2334.9962399765927
40,all,R7,Medium,R7_OUT,9.854075626727126e-21,2.0069012523722847e-19,-555554.4609293421,-1.1149429434001061e-13,1.0,0.6,1.0,2352.0,2334.9962399765927
40,all,R8,High,R8_OUT,2.881909794629639e-10,5.8693565943202965e-09,330600.13716272864,0.001940410095139256,1.0,0.6,1.0,2352.0,2334.9962399765927
40,all,R9,Low,R9_OUT,1.3034624304488697e-17,2.654658319236885e-16,49357.263949888074,1.3102667135934117e-11,1.0,0.6,1.0,2352.0,2334.9962399765927
40,all,R10,Medium,R10_OUT,4.74648879324606e-18,9.666796424516943e-17,244254.63181521557,2.3611598015030283e-11,1.0,0.6,1.0,2352.0,2334.9962399765927
40,all,R11,Medium,R11_OUT,1.388151772070262e-07,2.827138369320494e-06,248160.11286654006,0.7015829768198999,1.0,0.6,1.0,2352.0,2334.9962399765927
40,all,R12,Medium,R12_OUT,2.1490462346395382e-17,4.3767916373669043e-16,-78096.91770066728,-3.418139362964119e-11,1.0,0.6,1.0,2352.0,2334.9962399765927
40,all,R13,Medium,R13_OUT,7.825637034564564e-18,1.5937852884629034e-16,667721.2336388781,1.064204278967945e-10,1.0,0.6,1.0,2352.0,2334.9962399765927
40,all,R14,High,R14_OUT,2.2886753535723174e-07,4.661163164711174e-06,-278500.0314833907,-1.298134088121283,1.0,0.6,1.0,2352.0,2334.9962399765927
40,all,R15,High,R15_OUT,6.266280275226821e-18,1.276203492690801e-16,136470.05781444168,1.74163564430506e-11,1.0,0.6,1.0,2352.0,2334.9962399765927
40,all,R16,High,R16_OUT,1.8326279587392051e-07,3.7323676870823158e-06,-238153.87907025448,-0.8888778427951273,1.0,0.6,1.0,2352.0,2334.9962399765927
40,all,R17,Medium,R17_OUT,1.2716955691831736e-12,2.5899612780601912e-11,194658.72036325716,5.041585481775829e-06,1.0,0.6,1.0,2352.0,2334.9962399765927
40,all,R18,High,R18_OUT,2.096671534767405e-12,4.270124249427527e-11,-35082.161276407365,-1.4980518758871445e-06,1.0,0.6,1.0,2352.0,2334.9962399765927
40,all,R19,High,R19_OUT,1.6788833195192502e-12,3.4192482016186824e-11,-23658.806402502523,-8.089533124420132e-07,1.0,0.6,1.0,2352.0,2334.9962399765927
40,all,R20,Very_High,R20_OUT,0.049100397295914026,0.9999887615828557,2336.5077164100685,2336.4814577616903,1.0,0.6,1.0,2352.0,2334.9962399765927
41,all,R1,Very_Low,R1_OUT,0.07611622142110813,0.011649941994239672,-53603.29989663076,-624.4753344955817,0.0691823899371069,0.4,0.2727272727272727,2174.0,1866.0022621705175
41,all,R2,Low,R2_OUT,0.12047533882124711,0.01843931139512241,-108653.91410076624,-2003.5033564029104,0.0691823899371069,0.4,0.2727272727272727,2174.0,1866.0022621705175
41,all,R3,Medium,R3_OUT,0.12193174261881358,0.01866222077560743,-51267.74904102555,-956.7700512720548,0.0691823899371069,0.4,0.2727272727272727,2174.0,1866.0022621705175
41,all,R4,Low,R4_OUT,0.3411292376184125,0.05221141770565639,291157.8650382871,15201.764909801139,0.0691823899371069,0.4,0.2727272727272727,2174.0,1866.0022621705175
41,all,R5,Medium,R5_OUT,0.5399330092404586,0.08263926034408028,354620.2795630622,29305.55760610243,0.0691823899371069,0.4,0.2727272727272727,2174.0,1866.0022621705175
41,all,R6,Medium,R6_OUT,0.5464601582220111,0.08363827087827583,-101959.3759542488,-8527.705904641423,0.0691823899371069,0.4,0.2727272727272727,2174.0,1866.0022621705175
41,all,R7,Medium,R7_OUT,0.8901990370878726,0.1362491063242107,-36286.33592529013,-4943.980841600881,0.0691823899371069,0.4,0.2727272727272727,2174.0,1866.0022621705175
41,all,R8,High,R8_OUT,0.9009604864507867,0.13789619624159236,9734.985956581251,1342.417533877874,0.0691823899371069,0.4,0.2727272727272727,2174.0,1866.0022621705175
41,all,R9,Low,R9_OUT,0.026763443601349902,0.00409626962164686,199608.9026745807,817.6518842361496,0.0691823899371069,0.4,0.2727272727272727,2174.0,1866.0022621705175
41,all,R10,Medium,R10_OUT,0.04236068049223753,0.0064834993298055746,77022.365787107,499.3744569607481,0.0691823899371069,0.4,0.2727272727272727,2174.0,1866.0022621705175
41,all,R11,Medium,R11_OUT,0.04287277082159474,0.006561877138391434,176796.22995406558,1160.115139489378,0.0691823899371069,0.4,0.2727272727272727,2174.0,1866.0022621705175
41,all,R12,Medium,R12_OUT,0.11994543267277909,0.018358206792492577,-223564.46442649903,-4104.24266939452,0.0691823899371069,0.4,0.2727272727272727,2174.0,1866.0022621705175
41,all,R13,Medium,R13_OUT,0.18984739877414386,0.029057028083933817,134731.27081198606,3914.8903197679715,0.0691823899371069,0.4,0.2727272727272727,2174.0,1866.0022621705175
41,all,R14,High,R14_OUT,0.1921424284062499,0.02940829305203012,71256.019033341,2095.517889453528,0.0691823899371069,0.4,0.2727272727272727,2174.0,1866.0022621705175
41,all,R15,High,R15_OUT,0.3130054445460203,0.047906940265312656,-17938.857432663954,-859.395771454592,0.0691823899371069,0.4,0.2727272727272727,2174.0,1866.0022621705175
41,all,R16,High,R16_OUT,0.3167893087173606,0.04848607828986483,82905.78639200209,4019.7764496854234,0.0691823899371069,0.4,0.2727272727272727,2174.0,1866.0022621705175
41,all,R17,Medium,R17_OUT,0.08613055979363932,0.013182683096891459,4123.25149128685,54.35551773841966,0.0691823899371069,0.4,0.2727272727272727,2174.0,1866.0022621705175
41,all,R18,High,R18_OUT,0.3860103884492526,0.05908068675306882,-276981.68624219135,-16364.2682412117,0.0691823899371069,0.4,0.2727272727272727,2174.0,1866.0022621705175
41,all,R19,High,R19_OUT,0.6364235381475016,0.09740758493735582,-181804.3764690145,-17709.125242888545,0.0691823899371069,0.4,0.2727272727272727,2174.0,1866.0022621705175
41,all,R20,Very_High,R20_OUT,0.6441171430535975,0.09858512698042102,-4584.383521360955,-451.95203158031933,0.0691823899371069,0.4,0.2727272727272727,2174.0,1866.0022621705175
42,all,R1,Very_Low,R1_OUT,0.0010666845418506419,0.00037156211228780604,-13860.89045829844,-5.150181736875264,0.3867924528301887,0.6,0.5151515151515151,6699.0,6805.1336761775165
42,all,R2,Low,R2_OUT,0.0035199008795773353,0.001226099896029607,-156414.81925304592,-191.78019362364938,0.3867924528301887,0.6,0.5151515151515151,6699.0,6805.1336761775165
42,all,R3,Medium,R3_OUT,0.0886375230769552,0.030875431311016527,-31429.96340312998,-970.4136761611029,0.3867924528301887,0.6,0.5151515151515151,6699.0,6805.1336761775165
42,all,R4,Low,R4_OUT,0.0017586654932761749,0.0006126023579151754,315587.03410323703,193.3293612190999,0.3867924528301887,0.6,0.5151515151515151,6699.0,6805.1336761775165
42,all,R5,Medium,R5_OUT,0.005803335450915244,0.0020214969785872293,275809.12033904466,557.5473034321803,0.3867924528301887,0.6,0.5151515151515151,6699.0,6805.1336761775165
42,all,R6,Medium,R6_OUT,0.14613856967914954,0.0509049803445137,-135528.4309472824,-6899.072113494193,0.3867924528301887,0.6,0.5151515151515151,6699.0,6805.1336761775165
42,all,R7,Medium,R7_OUT,0.004646947757220917,0.0016186882406381128,-222312.05265778335,-359.8539053892748,0.3867924528301887,0.6,0.5151515151515151,6699.0,6805.1336761775165
42,all,R8,High,R8_OUT,0.11701861875085923,0.04076152175659707,77344.01925938565,3152.659923784111,0.3867924528301887,0.6,0.5151515151515151,6699.0,6805.1336761775165
42,all,R9,Low,R9_OUT,0.004847907243860068,0.0016886891906944144,127644.88415865558,215.55253612616238,0.3867924528301887,0.6,0.5151515151515151,6699.0,6805.1336761775165
42,all,R10,Medium,R10_OUT,0.01599737532726121,0.005572424024581293,118134.6774877794,658.2965149690647,0.3867924528301887,0.6,0.5151515151515151,6699.0,6805.1336761775165
42,all,R11,Medium,R11_OUT,0.40284308372657834,0.14032379887149377,153435.04055453627,21530.58777061424,0.3867924528301887,0.6,0.5151515151515151,6699.0,6805.1336761775165
42,all,R12,Medium,R12_OUT,0.007992847791333328,0.0027841777882992662,-248258.22527196555,-691.1950365648021,0.3867924528301887,0.6,0.5151515151515151,6699.0,6805.1336761775165
42,all,R13,Medium,R13_OUT,0.026375212977428984,0.009187374018687593,316493.2470782883,2907.741835297139,0.3867924528301887,0.6,0.5151515151515151,6699.0,6805.1336761775165
42,all,R14,High,R14_OUT,0.6641759608944424,0.23135483198487844,-40875.721969941456,-9456.79578861641,0.3867924528301887,0.6,0.5151515151515151,6699.0,6805.1336761775165
42,all,R15,High,R15_OUT,0.02111961954092418,0.007356674011349263,17288.580251544772,127.18644902966554,0.3867924528301887,0.6,0.5151515151515151,6699.0,6805.1336761775165
42,all,R16,High,R16_OUT,0.5318305340063914,0.18525446731582607,3016.065355747007,558.7395808686292,0.3867924528301887,0.6,0.5151515151515151,6699.0,6805.1336761775165
42,all,R17,Medium,R17_OUT,0.02222397584453755,0.007741358465646336,44270.39299222469,342.71298156784883,0.3867924528301887,0.6,0.5151515151515151,6699.0,6805.1336761775165
42,all,R18,High,R18_OUT,0.03664114169441491,0.012763342366425623,-252240.29369009606,-3219.4292269744446,0.3867924528301887,0.6,0.5151515151515151,6699.0,6805.1336761775165
42,all,R19,High,R19_OUT,0.029339932640292568,0.010220085619029722,-151141.30356387314,-1544.6770629945454,0.3867924528301887,0.6,0.5151515151515151,6699.0,6805.1336761775165
42,all,R20,Very_High,R20_OUT,0.7388330085000923,0.257360393345503,-391.87613083849374,-100.85339517530853,0.3867924528301887,0.6,0.5151515151515151,6699.0,6805.1336761775165
43,all,R1,Very_Low,R1_OUT,0.23517208526430547,0.01968948901846371,-24006.229813962207,-472.670398296725,0.2814465408805031,0.6,0.2424242424242424,4004.0,4507.960731284555
43,all,R2,Low,R2_OUT,0.3115523942366371,0.026084334958820097,-91310.50024770743,-2381.773673718626,0.2814465408805031,0.6,0.2424242424242424,4004.0,4507.960731284555
43,all,R3,Medium,R3_OUT,0.296002388598224,0.024782430164675486,10001.149575685966,247.8527909259113,0.2814465408805031,0.6,0.2424242424242424,4004.0,4507.960731284555
43,all,R4,Low,R4_OUT,0.3877332192501647,0.03246247935395772,260870.02088178304,8468.4876669414,0.2814465408805031,0.6,0.2424242424242424,4004.0,4507.960731284555
43,all,R5,Medium,R5_OUT,0.5136630593154957,0.04300579787867365,256296.7833411423,11022.247661323378,0.2814465408805031,0.6,0.2424242424242424,4004.0,4507.960731284555
43,all,R6,Medium,R6_OUT,0.488025434259937,0.04085931975214096,-171688.26959455118,-7015.065905055547,0.2814465408805031,0.6,0.2424242424242424,4004.0,4507.960731284555
43,all,R7,Medium,R7_OUT,0.41130922409059245,0.03443635090373432,-126686.75525537322,-4362.629558829541,0.2814465408805031,0.6,0.2424242424242424,4004.0,4507.960731284555
43,all,R8,High,R8_OUT,0.3907802187866495,0.032717585583276795,-70403.0371164662,-2303.417392180596,0.2814465408805031,0.6,0.2424242424242424,4004.0,4507.960731284555
43,all,R9,Low,R9_OUT,0.4573552224731446,0.038291494589170125,126575.47551768343,4846.76413590701,0.2814465408805031,0.6,0.2424242424242424,4004.0,4507.960731284555
43,all,R10,Medium,R10_OUT,0.6058972280574715,0.05072798842068141,140776.74074551777,7141.320874439894,0.2814465408805031,0.6,0.2424242424242424,4004.0,4507.960731284555
43,all,R11,Medium,R11_OUT,0.5756560696299218,0.048196085214160675,115415.54720234945,5562.577548003418,0.2814465408805031,0.6,0.2424242424242424,4004.0,4507.960731284555
43,all,R12,Medium,R12_OUT,0.7540512835572629,0.06313200161606367,-309032.02942186326,-19509.810580876507,0.2814465408805031,0.6,0.2424242424242424,4004.0,4507.960731284555
43,all,R13,Medium,R13_OUT,0.9989556477566,0.08363631352900726,205773.68493439388,17210.152429192123,0.2814465408805031,0.6,0.2424242424242424,4004.0,4507.960731284555
43,all,R14,High,R14_OUT,0.9490964066064862,0.07946191085706265,118115.27875179757,9385.665751032444,0.2814465408805031,0.6,0.2424242424242424,4004.0,4507.960731284555
43,all,R15,High,R15_OUT,0.7999011510136976,0.06697072448475318,-3790.5462990425003,-253.8556318398761,0.2814465408805031,0.6,0.2424242424242424,4004.0,4507.960731284555
43,all,R16,High,R16_OUT,0.7599769917437527,0.06362812413049126,81972.42672486097,5215.751742927053,0.2814465408805031,0.6,0.2424242424242424,4004.0,4507.960731284555
43,all,R17,Medium,R17_OUT,0.5760656029367548,0.048230372878610824,59088.95479481484,2849.8823227612984,0.2814465408805031,0.6,0.2424242424242424,4004.0,4507.960731284555
43,all,R18,High,R18_OUT,0.9497716128805219,0.07951844165876425,-266859.7040476812,-21220.267807390628,0.2814465408805031,0.6,0.2424242424242424,4004.0,4507.960731284555
43,all,R19,High,R19_OUT,0.7605176546620572,0.0636733904578306,-156971.03166190517,-9994.877789576978,0.2814465408805031,0.6,0.2424242424242424,4004.0,4507.960731284555
43,all,R20,Very_High,R20_OUT,0.722559179500652,0.0604953645496615,1184.0005615116474,71.62654559565102,0.2814465408805031,0.6,0.2424242424242424,4004.0,4507.960731284555
44,all,R1,Very_Low,R1_OUT,0.4894837172388022,0.0527331568068546,-69874.81098907476,-3684.719364736206,0.0644654088050314,0.6,0.2121212121212121,2331.0,2576.416168788207
44,all,R2,Low,R2_OUT,0.5324744263619072,0.05736464039984318,-12434.147280719248,-713.2803874371476,0.0644654088050314,0.6,0.2121212121212121,2331.0,2576.416168788207
44,all,R3,Medium,R3_OUT,0.5120136052034678,0.05516035116090491,2460.1456085101454,135.70249567237772,0.0644654088050314,0.6,0.2121212121212121,2331.0,2576.416168788207
44,all,R4,Low,R4_OUT,0.8070222162729803,0.08694227729862644,296083.2491500055,25742.15195107808,0.0644654088050314,0.6,0.2121212121212121,2331.0,2576.416168788207
44,all,R5,Medium,R5_OUT,0.8779019128467256,0.09457830281328536,343495.64459867316,32487.235089897957,0.0644654088050314,0.6,0.2121212121212121,2331.0,2576.416168788207
44,all,R6,Medium,R6_OUT,0.8441677217868153,0.09094404425827245,-119515.29161005521,-10869.203969725198,0.0644654088050314,0.6,0.2121212121212121,2331.0,2576.416168788207
44,all,R7,Medium,R7_OUT,0.7029688977085851,0.07573238456698957,-37386.9033105414,-2831.3993392827765,0.0644654088050314,0.6,0.2121212121212121,2331.0,2576.416168788207
44,all,R8,High,R8_OUT,0.6759566691697731,0.07282229781012034,-82286.46207345116,-5992.289246854032,0.0644654088050314,0.6,0.2121212121212121,2331.0,2576.416168788207
44,all,R9,Low,R9_OUT,0.16568999531214182,0.017850147403084143,165103.83427674382,2947.1277786542532,0.0644654088050314,0.6,0.2121212121212121,2331.0,2576.416168788207
44,all,R10,Medium,R10_OUT,0.18024232901029788,0.019417902300304053,63108.89114038818,1225.4422824445817,0.0644654088050314,0.6,0.2121212121212121,2331.0,2576.416168788207
44,all,R11,Medium,R11_OUT,0.17331635120464506,0.01867175148710325,98113.44668867887,1831.9498941141653,0.0644654088050314,0.6,0.2121212121212121,2331.0,2576.416168788207
44,all,R12,Medium,R12_OUT,0.2731766196133328,0.029429917708597486,-345723.07144473505,-10174.601542582122,0.0644654088050314,0.6,0.2121212121212121,2331.0,2576.416168788207
44,all,R13,Medium,R13_OUT,0.29716936171980896,0.03201470855488825,119061.33045076256,3811.7137945384047,0.0644654088050314,0.6,0.2121212121212121,2331.0,2576.416168788207
44,all,R14,High,R14_OUT,0.2857503547912321,0.03078451383801388,114080.38308575217,3511.909131749262,0.0644654088050314,0.6,0.2121212121212121,2331.0,2576.416168788207
44,all,R15,High,R15_OUT,0.2379546229299654,0.025635374583379736,-45511.78668765458,-1166.7116996969005,0.0644654088050314,0.6,0.2121212121212121,2331.0,2576.416168788207
44,all,R16,High,R16_OUT,0.22881099697808774,0.024650311660707778,139327.64400603512,3434.4698477009097,0.0644654088050314,0.6,0.2121212121212121,2331.0,2576.416168788207
44,all,R17,Medium,R17_OUT,0.3814494726186208,0.0410943901606359,-24441.16416255681,-1004.3947360762614,0.0644654088050314,0.6,0.2121212121212121,2331.0,2576.416168788207
44,all,R18,High,R18_OUT,0.6289038592036663,0.06775319516429049,-360617.99672856496,-24433.02151210593,0.0644654088050314,0.6,0.2121212121212121,2331.0,2576.416168788207
44,all,R19,High,R19_OUT,0.5035868429031017,0.05425251753516961,-214064.3411296608,-11613.529420791452,0.0644654088050314,0.6,0.2121212121212121,2331.0,2576.416168788207
44,all,R20,Very_High,R20_OUT,0.48423605379425494,0.05216781448892842,-1306.0711559656365,-68.13487777375562,0.0644654088050314,0.6,0.2121212121212121,2331.0,2576.416168788207
45,all,R1,Very_Low,R1_OUT,0.6326501121339475,0.057975652059967256,-58889.811724651256,-3414.1752344253614,0.2044025157232704,0.8,0.2424242424242424,5817.0,2754.4485107663313
45,all,R2,Low,R2_OUT,0.8381252261631614,0.07680526022641239,23854.501215905955,1832.1511734589276,0.2044025157232704,0.8,0.2424242424242424,5817.0,2754.4485107663313
45,all,R3,Medium,R3_OUT,0.7962932510808757,0.07297180475736738,48858.16035016546,3565.2681378764223,0.2044025157232704,0.8,0.2424242424242424,5817.0,2754.4485107663313
45,all,R4,Low,R4_OUT,0.38372168987987465,0.03516401049120203,297213.04528992187,10451.202642696917,0.2044025157232704,0.8,0.2424242424242424,5817.0,2754.4485107663313
45,all,R5,Medium,R5_OUT,0.5083486463465423,0.04658474515452638,291187.4236809673,13564.891924380961,0.2044025157232704,0.8,0.2424242424242424,5817.0,2754.4485107663313
45,all,R6,Medium,R6_OUT,0.4829762709028011,0.04425963687990751,-155002.26186318794,-6860.343825629035,0.2044025157232704,0.8,0.2424242424242424,5817.0,2754.4485107663313
45,all,R7,Medium,R7_OUT,0.3445635814597917,0.03157558645468097,-112344.7923408868,-3547.3527032928514,0.2044025157232704,0.8,0.2424242424242424,5817.0,2754.4485107663313
45,all,R8,High,R8_OUT,0.3273659423672736,0.029999605796244572,-127477.73171960792,-3824.2816993876604,0.2044025157232704,0.8,0.2424242424242424,5817.0,2754.4485107663313
45,all,R9,Low,R9_OUT,0.6613349085295259,0.06060430847422386,110332.44131759816,6686.621308325921,0.2044025157232704,0.8,0.2424242424242424,5817.0,2754.4485107663313
45,all,R10,Medium,R10_OUT,0.8761264072352644,0.0802876641799544,84435.41422424337,6779.122182131397,0.2044025157232704,0.8,0.2424242424242424,5817.0,2754.4485107663313
45,all,R11,Medium,R11_OUT,0.8323977412885563,0.07628039717193698,39082.31779050545,2981.214723459614,0.2044025157232704,0.8,0.2424242424242424,5817.0,2754.4485107663313
45,all,R12,Medium,R12_OUT,0.4011198983614074,0.03675837120029893,-431648.10545479436,-15866.681288213107,0.2044025157232704,0.8,0.2424242424242424,5817.0,2754.4485107663313
45,all,R13,Medium,R13_OUT,0.5313975277720642,0.0486969299218541,180004.44989513123,8765.664082165104,0.2044025157232704,0.8,0.2424242424242424,5817.0,2754.4485107663313
45,all,R14,High,R14_OUT,0.5048747511670539,0.046266399619836626,115487.53637238505,5343.192508915184,0.2044025157232704,0.8,0.2424242424242424,5817.0,2754.4485107663313
45,all,R15,High,R15_OUT,0.3601863340523223,0.03300724552049291,-45044.97426353981,-1486.8105249809428,0.2044025157232704,0.8,0.2424242424242424,5817.0,2754.4485107663313
45,all,R16,High,R16_OUT,0.3422089420341475,0.031359808802152986,143506.3785595142,4500.332593515753,0.2044025157232704,0.8,0.2424242424242424,5817.0,2754.4485107663313
45,all,R17,Medium,R17_OUT,0.8672946428835036,0.07947832693759428,-12493.40306249584,-992.954773164186,0.2044025157232704,0.8,0.2424242424242424,5817.0,2754.4485107663313
45,all,R18,High,R18_OUT,0.5260407919133642,0.04820604207031542,-390216.9458140394,-18810.814506461575,0.2044025157232704,0.8,0.2424242424242424,5817.0,2754.4485107663313
45,all,R19,High,R19_OUT,0.3565554871804502,0.03267451703299347,-214260.75048490363,-7000.8665412209475,0.2044025157232704,0.8,0.2424242424242424,5817.0,2754.4485107663313
45,all,R20,Very_High,R20_OUT,0.338759315690104,0.031043687248037428,2869.1285897884154,89.06833061579424,0.2044025157232704,0.8,0.2424242424242424,5817.0,2754.4485107663313
46,all,R1,Very_Low,R1_OUT,0.5781231519503728,0.049966173103573534,-50287.79112326247,-2512.6884762612813,0.1477987421383647,0.6,0.1818181818181818,2989.0,2816.385391606902
46,all,R2,Low,R2_OUT,0.5066252637309453,0.04378673564762724,-38369.3056500996,-1680.0666434839213,0.1477987421383647,0.6,0.1818181818181818,2989.0,2816.385391606902
46,all,R3,Medium,R3_OUT,0.5315710736646343,0.04594275837937652,12686.229640082478,582.8403830995941,0.1477987421383647,0.6,0.1818181818181818,2989.0,2816.385391606902
46,all,R4,Low,R4_OUT,0.953163937704782,0.08238029241134634,270885.8485515283,22315.65541377058,0.1477987421383647,0.6,0.1818181818181818,2989.0,2816.385391606902
46,all,R5,Medium,R5_OUT,0.8352838485872717,0.07219212243676658,299952.6344789318,21654.217313533736,0.1477987421383647,0.6,0.1818181818181818,2989.0,2816.385391606902
46,all,R6,Medium,R6_OUT,0.8764125360397874,0.07574680297471463,-149548.16752936936,-11327.795581076756,0.1477987421383647,0.6,0.1818181818181818,2989.0,2816.385391606902
46,all,R7,Medium,R7_OUT,0.6688430196161284,0.05780693263106871,-63186.6374842675,-3652.625696236812,0.1477987421383647,0.6,0.1818181818181818,2989.0,2816.385391606902
46,all,R8,High,R8_OUT,0.701776297992233,0.060653298293224155,-100801.44470424937,-6113.940094034778,0.1477987421383647,0.6,0.1818181818181818,2989.0,2816.385391606902
46,all,R9,Low,R9_OUT,0.38299878222039674,0.03310191502679166,147092.18813601654,4869.033112783272,0.1477987421383647,0.6,0.1818181818181818,2989.0,2816.385391606902
46,all,R10,Medium,R10_OUT,0.33563239665533384,0.02900812114835916,102747.99264457416,2980.526218384523,0.1477987421383647,0.6,0.1818181818181818,2989.0,2816.385391606902
46,all,R11,Medium,R11_OUT,0.3521586589125571,0.030436457097047055,99943.76111350366,3041.9339972486737,0.1477987421383647,0.6,0.1818181818181818,2989.0,2816.385391606902
46,all,R12,Medium,R12_OUT,0.6314582388990142,0.05457583140557962,-338614.87547212926,-18480.188355188264,0.1477987421383647,0.6,0.1818181818181818,2989.0,2816.385391606902
46,all,R13,Medium,R13_OUT,0.5533642715017115,0.04782630636034598,141209.48744617667,6753.528207588275,0.1477987421383647,0.6,0.1818181818181818,2989.0,2816.385391606902
46,all,R14,High,R14_OUT,0.5806114716103643,0.05018123422065337,141792.9485156933,7115.345160303051,0.1477987421383647,0.6,0.1818181818181818,2989.0,2816.385391606902
46,all,R15,High,R15_OUT,0.44309946962923197,0.03829631234608706,-29622.219368299007,-1134.4217653126884,0.1477987421383647,0.6,0.1818181818181818,2989.0,2816.385391606902
46,all,R16,High,R16_OUT,0.4649173218809891,0.04018199116500603,125608.00725756027,5047.1798378773,0.1477987421383647,0.6,0.1818181818181818,2989.0,2816.385391606902
46,all,R17,Medium,R17_OUT,0.40608993951239714,0.035097643373808246,16640.308192426077,584.0356025680302,0.1477987421383647,0.6,0.1818181818181818,2989.0,2816.385391606902
46,all,R18,High,R18_OUT,0.6695291210914177,0.05786623118184508,-319586.33388592495,-18493.256679201262,0.1477987421383647,0.6,0.1818181818181818,2989.0,2816.385391606902
46,all,R19,High,R19_OUT,0.5361170095999149,0.046335655673134246,-188578.99450520554,-8737.931356579078,0.1477987421383647,0.6,0.1818181818181818,2989.0,2816.385391606902
46,all,R20,Very_High,R20_OUT,0.5625149687644617,0.04861718512364488,102.94285471225203,5.0047918247020355,0.1477987421383647,0.6,0.1818181818181818,2989.0,2816.385391606902
47,all,R1,Very_Low,R1_OUT,0.9947241704148589,0.12063629005636037,-75522.63814293932,-9110.770880833174,0.1084905660377358,0.8,0.1515151515151515,3136.0,2647.781653868139
47,all,R2,Low,R2_OUT,0.6889154464747947,0.08354899387895572,66774.32712347733,5578.927848110794,0.1084905660377358,0.8,0.1515151515151515,3136.0,2647.781653868139
47,all,R3,Medium,R3_OUT,0.8503648418198355,0.10312895047953315,59071.703755224895,6092.002811314241,0.1084905660377358,0.8,0.1515151515151515,3136.0,2647.781653868139
47,all,R4,Low,R4_OUT,0.6033307073138263,0.07316960859316884,291203.766796448,21307.265637352517,0.1084905660377358,0.8,0.1515151515151515,3136.0,2647.781653868139
47,all,R5,Medium,R5_OUT,0.41784834023658063,0.05067502637572978,311151.12475106196,15767.591453598052,0.1084905660377358,0.8,0.1515151515151515,3136.0,2647.781653868139
47,all,R6,Medium,R6_OUT,0.515772348505414,0.06255087036982275,-150413.51863244863,-9408.496505847213,0.1084905660377358,0.8,0.1515151515151515,3136.0,2647.781653868139
47,all,R7,Medium,R7_OUT,0.2832216071660345,0.03434801824314846,-57168.5553537785,-1963.6265822260266,0.1084905660377358,0.8,0.1515151515151515,3136.0,2647.781653868139
47,all,R8,High,R8_OUT,0.34959543788733466,0.04239757904924318,-175384.23621808153,-7435.867019047249,0.1084905660377358,0.8,0.1515151515151515,3136.0,2647.781653868139
47,all,R9,Low,R9_OUT,0.4800910085834422,0.058223575828833196,121422.11586899377,7069.6297705957295,0.1084905660377358,0.8,0.1515151515151515,3136.0,2647.781653868139
47,all,R10,Medium,R10_OUT,0.33249630537162633,0.04032386256458509,68234.76457947449,2751.489269029548,0.1084905660377358,0.8,0.1515151515151515,3136.0,2647.781653868139
47,all,R11,Medium,R11_OUT,0.4104178089921336,0.04977388036044384,22535.924486608164,1121.7004092084317,0.1084905660377358,0.8,0.1515151515151515,3136.0,2647.781653868139
47,all,R12,Medium,R12_OUT,0.2911899161582187,0.03531438385829073,-460772.9016155376,-16271.911119149523,0.1084905660377358,0.8,0.1515151515151515,3136.0,2647.781653868139
47,all,R13,Medium,R13_OUT,0.2016692034490657,0.02445765896345935,121059.85006781344,2960.8405271261026,0.1084905660377358,0.8,0.1515151515151515,3136.0,2647.781653868139
47,all,R14,High,R14_OUT,0.24893098444581233,0.030189384491477685,162057.4764259936,4892.415465542902,0.1084905660377358,0.8,0.1515151515151515,3136.0,2647.781653868139
47,all,R15,High,R15_OUT,0.13669331768650653,0.0165776355010236,-63734.27071255624,-1056.563508796321,0.1084905660377358,0.8,0.1515151515151515,3136.0,2647.781653868139
47,all,R16,High,R16_OUT,0.16872780551969735,0.020462653962412772,184213.7923272979,3769.503087497266,0.1084905660377358,0.8,0.1515151515151515,3136.0,2647.781653868139
47,all,R17,Medium,R17_OUT,0.5036064555069383,0.0610754380437472,-32780.66185470946,-2002.093282140335,0.1084905660377358,0.8,0.1515151515151515,3136.0,2647.781653868139
47,all,R18,High,R18_OUT,0.3054527556941642,0.03704412572891205,-422377.4034388692,-15646.601638040882,0.1084905660377358,0.8,0.1515151515151515,3136.0,2647.781653868139
47,all,R19,High,R19_OUT,0.20703880343766332,0.02510886322789472,-232921.48726225196,-5848.3937665057065,0.1084905660377358,0.8,0.1515151515151515,3136.0,2647.781653868139
47,all,R20,Very_High,R20_OUT,0.2555589662515689,0.03099320042295752,2605.077112952249,80.7396770789886,0.1084905660377358,0.8,0.1515151515151515,3136.0,2647.781653868139
48,all,R1,Very_Low,R1_OUT,0.04365093344129408,0.006965706851220656,-48226.40698259969,-335.93101352845036,0.1069182389937107,0.4,0.3333333333333333,2583.0,3189.7435884547485
48,all,R2,Low,R2_OUT,0.09311895184518637,0.01485968958072461,-128121.2752349265,-1903.8423786775875,0.1069182389937107,0.4,0.3333333333333333,2583.0,3189.7435884547485
48,all,R3,Medium,R3_OUT,0.13402477443928285,0.021387338504469302,-59627.13469664529,-1275.2657138087393,0.1069182389937107,0.4,0.3333333333333333,2583.0,3189.7435884547485
48,all,R4,Low,R4_OUT,0.1956299113139021,0.031218132262294605,300435.48428408476,9379.034684667091,0.1069182389937107,0.4,0.3333333333333333,2583.0,3189.7435884547485
48,all,R5,Medium,R5_OUT,0.4173301887259085,0.06659650838254993,352719.6857761293,23489.899510480376,0.1069182389937107,0.4,0.3333333333333333,2583.0,3189.7435884547485
48,all,R6,Medium,R6_OUT,0.6006573667590587,0.09585140121910057,-97845.25242711428,-9378.604547775505,0.1069182389937107,0.4,0.3333333333333333,2583.0,3189.7435884547485
48,all,R7,Medium,R7_OUT,0.6880611590577039,0.10979907992466942,-63026.90001455275,-6920.295632102026,0.1069182389937107,0.4,0.3333333333333333,2583.0,3189.7435884547485
48,all,R8,High,R8_OUT,0.9903165769783877,0.15803224401634325,42251.325576315256,6677.071793490217,0.1069182389937107,0.4,0.3333333333333333,2583.0,3189.7435884547485
48,all,R9,Low,R9_OUT,0.02080234005583657,0.0033195854297879334,197149.4691080122,654.4545051413836,0.1069182389937107,0.4,0.3333333333333333,2583.0,3189.7435884547485
48,all,R10,Medium,R10_OUT,0.04437687694655654,0.007081551101264165,77586.59023533727,549.4334035243841,0.1069182389937107,0.4,0.3333333333333333,2583.0,3189.7435884547485
48,all,R11,Medium,R11_OUT,0.06387100375625096,0.010192375131166677,186157.66362799925,1897.388741238111,0.1069182389937107,0.4,0.3333333333333333,2583.0,3189.7435884547485
48,all,R12,Medium,R12_OUT,0.0932296200656985,0.014877349738734072,-207969.8566889248,-3094.0402930755376,0.1069182389937107,0.4,0.3333333333333333,2583.0,3189.7435884547485
48,all,R13,Medium,R13_OUT,0.1988833643871197,0.0317373101715761,164528.49866553428,5221.691994211806,0.1069182389937107,0.4,0.3333333333333333,2583.0,3189.7435884547485
48,all,R14,High,R14_OUT,0.28624997944591146,0.045679056226135197,37439.107767585665,1710.1831087718806,0.1069182389937107,0.4,0.3333333333333333,2583.0,3189.7435884547485
48,all,R15,High,R15_OUT,0.3279032332534485,0.052325978354685034,-10506.447558098691,-549.7601475097056,0.1069182389937107,0.4,0.3333333333333333,2583.0,3189.7435884547485
48,all,R16,High,R16_OUT,0.47194642984994856,0.0753120316255362,61969.50479023784,4667.049304581209,0.1069182389937107,0.4,0.3333333333333333,2583.0,3189.7435884547485
48,all,R17,Medium,R17_OUT,0.06791945533825304,0.010838416915347843,6774.478878735157,73.42462647194982,0.1069182389937107,0.4,0.3333333333333333,2583.0,3189.7435884547485
48,all,R18,High,R18_OUT,0.30439388065276307,0.048574414629281644,-267303.1573826646,-12984.094398421677,0.1069182389937107,0.4,0.3333333333333333,2583.0,3189.7435884547485
48,all,R19,High,R19_OUT,0.5018606657031666,0.08008567061110411,-176569.70169704853,-14140.702970010738,0.1069182389937107,0.4,0.3333333333333333,2583.0,3189.7435884547485
48,all,R20,Very_High,R20_OUT,0.7223208722606794,0.11526615932400852,-4748.583560202741,-547.3509892136967,0.1069182389937107,0.4,0.3333333333333333,2583.0,3189.7435884547485
49,all,R1,Very_Low,R1_OUT,0.04329604976630143,0.006256051739209572,-39658.91993535823,-248.10825503677103,0.1462264150943396,0.4,0.3333333333333333,3647.0,2961.323306703085
49,all,R2,Low,R2_OUT,0.0923618913830836,0.01334580808971539,-141840.05944125747,-1892.9702127368457,0.1462264150943396,0.4,0.3333333333333333,3647.0,2961.323306703085
49,all,R3,Medium,R3_OUT,0.1329351481531224,0.019208430544920527,-57301.59961827512,-1100.6737963804821,0.1462264150943396,0.4,0.3333333333333333,3647.0,2961.323306703085
49,all,R4,Low,R4_OUT,0.19403943302644608,0.028037678703084986,292528.33390886226,8201.815437685442,0.1462264150943396,0.4,0.3333333333333333,3647.0,2961.323306703085
49,all,R5,Medium,R5_OUT,0.41393727912731737,0.05981176225050681,335606.87538643397,20073.238640248852,0.1462264150943396,0.4,0.3333333333333333,3647.0,2961.323306703085
49,all,R6,Medium,R6_OUT,0.5957740005416202,0.08608621323151817,-108605.18094855538,-9349.408765184953,0.1462264150943396,0.4,0.3333333333333333,3647.0,2961.323306703085
49,all,R7,Medium,R7_OUT,0.6824671968329441,0.0986129246604695,-78092.29086776712,-7700.90919590659,0.1462264150943396,0.4,0.3333333333333333,3647.0,2961.323306703085
49,all,R8,High,R8_OUT,0.9822652672230787,0.1419321708688308,41383.320645187836,5873.624536932413,0.1462264150943396,0.4,0.3333333333333333,3647.0,2961.323306703085
49,all,R9,Low,R9_OUT,0.02832194403109123,0.0040923721256300736,189748.94490646932,776.5232930029516,0.1462264150943396,0.4,0.3333333333333333,3647.0,2961.323306703085
49,all,R10,Medium,R10_OUT,0.060418175156326324,0.008730108908475897,92940.90320776074,811.3842070558682,0.1462264150943396,0.4,0.3333333333333333,3647.0,2961.323306703085
49,all,R11,Medium,R11_OUT,0.08695901464636499,0.012565120784801227,188661.90642099603,2370.5596416706812,0.1462264150943396,0.4,0.3333333333333333,3647.0,2961.323306703085
49,all,R12,Medium,R12_OUT,0.12693014701486802,0.018340739427192464,-202236.97213454294,-3709.1756084640356,0.1462264150943396,0.4,0.3333333333333333,3647.0,2961.323306703085
49,all,R13,Medium,R13_OUT,0.2707754752478786,0.03912563367797741,178777.25671252975,6994.773456088167,0.1462264150943396,0.4,0.3333333333333333,3647.0,2961.323306703085
49,all,R14,High,R14_OUT,0.38972326550798186,0.05631296448872133,41594.53461261009,2342.311550564802,0.1462264150943396,0.4,0.3333333333333333,3647.0,2961.323306703085
49,all,R15,High,R15_OUT,0.4464332856251133,0.06450726447450263,-2965.7659209301564,-191.31344663090846,0.1462264150943396,0.4,0.3333333333333333,3647.0,2961.323306703085
49,all,R16,High,R16_OUT,0.6425450375297229,0.09284438236873577,52666.51342510054,4889.78991046819,0.1462264150943396,0.4,0.3333333333333333,3647.0,2961.323306703085
49,all,R17,Medium,R17_OUT,0.07366228799054202,0.010643813636228497,23084.896589776312,245.71133711318583,0.1462264150943396,0.4,0.3333333333333333,3647.0,2961.323306703085
49,all,R18,High,R18_OUT,0.3301314709833072,0.04770226324020053,-249660.49304712488,-11909.370560012205,0.1462264150943396,0.4,0.3333333333333333,3647.0,2961.323306703085
49,all,R19,High,R19_OUT,0.5442947783377005,0.07864773606465539,-165760.97707764918,-13036.725575022345,0.1462264150943396,0.4,0.3333333333333333,3647.0,2961.323306703085
49,all,R20,Very_High,R20_OUT,0.7833956831523414,0.11319656071462295,-4238.232025103896,-479.7532887523326,0.1462264150943396,0.4,0.3333333333333333,3647.0,2961.323306703085
50,all,R1,Very_Low,R1_OUT,0.012139993849280066,0.0038915882228475482,-10439.082888726654,-40.62461202709801,0.4528301886792453,0.8,0.3636363636363636,8232.0,8184.344444580587
50,all,R2,Low,R2_OUT,0.029215344110493265,0.009365250961274286,-75442.87156027084,-706.541425401119,0.4528301886792453,0.8,0.3636363636363636,8232.0,8184.344444580587
50,all,R3,Medium,R3_OUT,0.05613476283413363,0.017994521632365534,42371.74338375476,762.4592529200162,0.4528301886792453,0.8,0.3636363636363636,8232.0,8184.344444580587
50,all,R4,Low,R4_OUT,0.00736327847831115,0.002360367572133638,280976.8221305382,663.2085794780835,0.4528301886792453,0.8,0.3636363636363636,8232.0,8184.344444580587
50,all,R5,Medium,R5_OUT,0.017720001937069078,0.005680311843916067,212089.87039244207,1204.7366027648122,0.4528301886792453,0.8,0.3636363636363636,8232.0,8184.344444580587
50,all,R6,Medium,R6_OUT,0.03404745473459928,0.010914229076891921,-194117.70030325983,-2118.64504898923,0.4528301886792453,0.8,0.3636363636363636,8232.0,8184.344444580587
50,all,R7,Medium,R7_OUT,0.01201078703522055,0.0038501697738641096,-232113.6402735553,-893.6769218828097,0.4528301886792453,0.8,0.3636363636363636,8232.0,8184.344444580587
50,all,R8,High,R8_OUT,0.023077690925818406,0.007397769004862926,-66264.27417710048,-490.2077936370927,0.4528301886792453,0.8,0.3636363636363636,8232.0,8184.344444580587
50,all,R9,Low,R9_OUT,0.09393578414558598,0.030111991474080564,72851.26769767249,2193.696751788275,0.4528301886792453,0.8,0.3636363636363636,8232.0,8184.344444580587
50,all,R10,Medium,R10_OUT,0.22605993809997357,0.07246562096237581,153122.84019936738,11096.141698569798,0.4528301886792453,0.8,0.3636363636363636,8232.0,8184.344444580587
50,all,R11,Medium,R11_OUT,0.43435466525903926,0.13923643791312196,68823.85342755858,9582.788194708066,0.4528301886792453,0.8,0.3636363636363636,8232.0,8184.344444580587
50,all,R12,Medium,R12_OUT,0.05697493312844578,0.018263846054035273,-375234.19794036564,-6853.2196253922375,0.4528301886792453,0.8,0.3636363636363636,8232.0,8184.344444580587
50,all,R13,Medium,R13_OUT,0.137112283390374,0.043952620888795424,302293.4410090078,13286.589009838364,0.4528301886792453,0.8,0.3636363636363636,8232.0,8184.344444580587
50,all,R14,High,R14_OUT,0.26344942166882507,0.08445116854348296,66137.59195898185,5585.396925588079,0.4528301886792453,0.8,0.3636363636363636,8232.0,8184.344444580587
50,all,R15,High,R15_OUT,0.09293601894419314,0.029791507416867972,2998.844689132311,89.34010379832037,0.4528301886792453,0.8,0.3636363636363636,8232.0,8184.344444580587
50,all,R16,High,R16_OUT,0.17856854132712627,0.05724181091252535,60700.65334938155,3474.6153212920476,0.4528301886792453,0.8,0.3636363636363636,8232.0,8184.344444580587
50,all,R17,Medium,R17_OUT,0.5144846818745029,0.16492286187912827,64574.88964098194,10649.875605119616,0.4528301886792453,0.8,0.3636363636363636,8232.0,8184.344444580587
50,all,R18,High,R18_OUT,0.31205073350938656,0.10003077221724319,-293232.16501861095,-29332.239905745737,0.4528301886792453,0.8,0.3636363636363636,8232.0,8184.344444580587
50,all,R19,High,R19_OUT,0.21151097599628849,0.0678018155041289,-156233.01261561457,-10592.881897018144,0.4528301886792453,0.8,0.3636363636363636,8232.0,8184.344444580587
50,all,R20,Very_High,R20_OUT,0.4064000899480531,0.13027533814605824,4786.275266539761,623.5336288085824,0.4528301886792453,0.8,0.3636363636363636,8232.0,8184.344444580587
51,all,R1,Very_Low,R1_OUT,0.04359111033493817,0.006990646764574917,-48569.10646448936,-339.5294669642773,0.1053459119496855,0.4,0.3333333333333333,3276.0,3193.4010521252603
51,all,R2,Low,R2_OUT,0.0929913333838887,0.014912892992600828,-127572.52386667326,-1902.4753972197136,0.1053459119496855,0.4,0.3333333333333333,3276.0,3193.4010521252603
51,all,R3,Medium,R3_OUT,0.1338410950147319,0.021463913413602355,-59720.1560997801,-1281.8282595724966,0.1053459119496855,0.4,0.3333333333333333,3276.0,3193.4010521252603
51,all,R4,Low,R4_OUT,0.19536180275199308,0.031329905199389566,300751.7702990937,9422.524452019192,0.1053459119496855,0.4,0.3333333333333333,3276.0,3193.4010521252603
51,all,R5,Medium,R5_OUT,0.4167582424627372,0.06683494953206025,353404.19819171715,23619.751750561634,0.1053459119496855,0.4,0.3333333333333333,3276.0,3193.4010521252603
51,all,R6,Medium,R6_OUT,0.5998341726896025,0.09619458615242427,-97414.85528625661,-9370.781689359754,0.1053459119496855,0.4,0.3333333333333333,3276.0,3193.4010521252603
51,all,R7,Medium,R7_OUT,0.687118179087916,0.11019220291967727,-62424.28438042416,-6878.669411563339,0.1053459119496855,0.4,0.3333333333333333,3276.0,3193.4010521252603
51,all,R8,High,R8_OUT,0.9889593594061613,0.15859806031569787,42286.04577356033,6706.484838107482,0.1053459119496855,0.4,0.3333333333333333,3276.0,3193.4010521252603
51,all,R9,Low,R9_OUT,0.020512299190193064,0.0032895293757403033,197445.49007607394,649.5027397126858,0.1053459119496855,0.4,0.3333333333333333,3276.0,3193.4010521252603
51,all,R10,Medium,R10_OUT,0.04375814329593903,0.007017433612155217,76972.41771644031,540.1488312921999,0.1053459119496855,0.4,0.3333333333333333,3276.0,3193.4010521252603
51,all,R11,Medium,R11_OUT,0.06298046926978174,0.010100091746902143,186057.4939162794,1879.1977587531092,0.1053459119496855,0.4,0.3333333333333333,3276.0,3193.4010521252603
51,all,R12,Medium,R12_OUT,0.09192974708819263,0.01474264784981132,-208199.1720711001,-3069.4070764665007,0.1053459119496855,0.4,0.3333333333333333,3276.0,3193.4010521252603
51,all,R13,Medium,R13_OUT,0.19611039254769688,0.031449955521419014,163958.54834365446,5156.489052764362,0.1053459119496855,0.4,0.3333333333333333,3276.0,3193.4010521252603
51,all,R14,High,R14_OUT,0.28225888077114325,0.04526547079150303,37272.89069378469,1687.1749450143961,0.1053459119496855,0.4,0.3333333333333333,3276.0,3193.4010521252603
51,all,R15,High,R15_OUT,0.3233313755987396,0.051852210630736445,-10808.07482358544,-560.4225722653119,0.1053459119496855,0.4,0.3333333333333333,3276.0,3193.4010521252603
51,all,R16,High,R16_OUT,0.4653662205713951,0.0746301445222064,62341.62444484333,4652.564442067773,0.1053459119496855,0.4,0.3333333333333333,3276.0,3193.4010521252603
51,all,R17,Medium,R17_OUT,0.06768273350391432,0.010854187432970697,6122.062170293495,66.45001027266497,0.1053459119496855,0.4,0.3333333333333333,3276.0,3193.4010521252603
51,all,R18,High,R18_OUT,0.3033329669950968,0.04864509318574556,-268008.8639560862,-13037.316161749619,0.1053459119496855,0.4,0.3333333333333333,3276.0,3193.4010521252603
51,all,R19,High,R19_OUT,0.5001115147893959,0.08020219985052854,-177002.0506818245,-14195.95384273707,0.1053459119496855,0.4,0.3333333333333333,3276.0,3193.4010521252603
51,all,R20,Very_High,R20_OUT,0.7198033443887151,0.11543387819025402,-4768.997621606695,-550.5038905421584,0.1053459119496855,0.4,0.3333333333333333,3276.0,3193.4010521252603
52,all,R1,Very_Low,R1_OUT,0.11942516881734822,0.014974616363232468,-39446.32234295126,-590.6935440261004,0.1210691823899371,0.4,0.2121212121212121,2723.0,2599.6535369664534
52,all,R2,Low,R2_OUT,0.1299141238403394,0.016289817162828714,-120465.38095704056,-1962.3590302406985,0.1210691823899371,0.4,0.2121212121212121,2723.0,2599.6535369664534
52,all,R3,Medium,R3_OUT,0.12492205375724799,0.015663865907386113,-37606.14340672179,-589.0575876168225,0.1210691823899371,0.4,0.2121212121212121,2723.0,2599.6535369664534
52,all,R4,Low,R4_OUT,0.535226473811988,0.06711157448760452,263851.9429369823,17707.519322114465,0.1210691823899371,0.4,0.2121212121212121,2723.0,2599.6535369664534
52,all,R5,Medium,R5_OUT,0.582234708897795,0.0730058955364549,317503.6656614897,23179.639447724217,0.1210691823899371,0.4,0.2121212121212121,2723.0,2599.6535369664534
52,all,R6,Medium,R6_OUT,0.5598618029680427,0.07020057663637339,-130606.13651026908,-9168.626095269788,0.1210691823899371,0.4,0.2121212121212121,2723.0,2599.6535369664534
52,all,R7,Medium,R7_OUT,0.9599427490996916,0.12036637285746468,-43894.86298135636,-5283.465444141263,0.1210691823899371,0.4,0.2121212121212121,2723.0,2599.6535369664534
52,all,R8,High,R8_OUT,0.9230560632059358,0.11574118391580324,-24760.404906123207,-2865.798578069363,0.1210691823899371,0.4,0.2121212121212121,2723.0,2599.6535369664534
52,all,R9,Low,R9_OUT,0.0637873745040887,0.007998242510148404,185195.14106163138,1481.2356499120704,0.1210691823899371,0.4,0.2121212121212121,2723.0,2599.6535369664534
52,all,R10,Medium,R10_OUT,0.0693897354539096,0.008700717597960346,111465.97491600233,969.8339695254681,0.1210691823899371,0.4,0.2121212121212121,2723.0,2599.6535369664534
52,all,R11,Medium,R11_OUT,0.06672337084170775,0.00836638449592146,173144.46984816456,1448.5932080922246,0.1210691823899371,0.4,0.2121212121212121,2723.0,2599.6535369664534
52,all,R12,Medium,R12_OUT,0.28587517914053534,0.035845636039645405,-226088.09538008255,-8104.271579891075,0.1210691823899371,0.4,0.2121212121212121,2723.0,2599.6535369664534
52,all,R13,Medium,R13_OUT,0.3109832189774364,0.03899391096287695,137421.21130558755,5358.590478060781,0.1210691823899371,0.4,0.2121212121212121,2723.0,2599.6535369664534
52,all,R14,High,R14_OUT,0.29903340183739524,0.03749553395361705,114547.303505752,4295.012307895202,0.1210691823899371,0.4,0.2121212121212121,2723.0,2599.6535369664534
52,all,R15,High,R15_OUT,0.5127246479588949,0.06429009043228211,-8178.513174484935,-525.7973515892471,0.1210691823899371,0.4,0.2121212121212121,2723.0,2599.6535369664534
52,all,R16,High,R16_OUT,0.4930227302591321,0.061819684385587284,82631.24768125327,5108.237652042369,0.1210691823899371,0.4,0.2121212121212121,2723.0,2599.6535369664534
52,all,R17,Medium,R17_OUT,0.09706966697733549,0.012171479746580696,38659.77648501243,470.54668649466544,0.1210691823899371,0.4,0.2121212121212121,2723.0,2599.6535369664534
52,all,R18,High,R18_OUT,0.4350360655536804,0.054548787750091844,-246434.9404166874,-13442.72725899641,0.1210691823899371,0.4,0.2121212121212121,2723.0,2599.6535369664534
52,all,R19,High,R19_OUT,0.717253214800048,0.08993574665448298,-162395.15910875,-14605.129887518993,0.1210691823899371,0.4,0.2121212121212121,2723.0,2599.6535369664534
52,all,R20,Very_High,R20_OUT,0.6896920981965532,0.0864798826036574,-3256.581982493803,-281.62882753524997,0.1210691823899371,0.4,0.2121212121212121,2723.0,2599.6535369664534
53,all,R1,Very_Low,R1_OUT,0.7839346694894138,0.09241471588833765,-51480.525012561455,-4757.558092818327,0.2122641509433962,0.8,0.1212121212121212,3472.0,3223.2167661294307
53,all,R2,Low,R2_OUT,0.4209501687470741,0.04962402067667958,33705.40096680485,1672.5975144924998,0.2122641509433962,0.8,0.1212121212121212,3472.0,3223.2167661294307
53,all,R3,Medium,R3_OUT,0.6590343694878897,0.07769075203236118,70507.06602754972,5477.746983275682,0.2122641509433962,0.8,0.1212121212121212,3472.0,3223.2167661294307
53,all,R4,Low,R4_OUT,0.4754804122570193,0.05605235859490901,261894.648002855,14679.8127239435,0.2122641509433962,0.8,0.1212121212121212,3472.0,3223.2167661294307
53,all,R5,Medium,R5_OUT,0.25531918355630717,0.03009848999861982,258709.45322867896,7786.763890551796,0.2122641509433962,0.8,0.1212121212121212,3472.0,3223.2167661294307
53,all,R6,Medium,R6_OUT,0.3997245508987891,0.04712182308375863,-186041.5573829122,-8766.617353224518,0.2122641509433962,0.8,0.1212121212121212,3472.0,3223.2167661294307
53,all,R7,Medium,R7_OUT,0.17305778806299665,0.020401044804565765,-90802.29277117611,-1852.461643182062,0.2122641509433962,0.8,0.1212121212121212,3472.0,3223.2167661294307
53,all,R8,High,R8_OUT,0.2709371291631264,0.03193962301924993,-194350.58141306596,-6207.4843039053685,0.2122641509433962,0.8,0.1212121212121212,3472.0,3223.2167661294307
53,all,R9,Low,R9_OUT,0.8730697792552923,0.10292247395197139,99562.1971434642,10247.187642099236,0.2122641509433962,0.8,0.1212121212121212,3472.0,3223.2167661294307
53,all,R10,Medium,R10_OUT,0.46881313610591496,0.055266381835321746,115858.10882932073,6403.058481279501,0.2122641509433962,0.8,0.1212121212121212,3472.0,3223.2167661294307
53,all,R11,Medium,R11_OUT,0.7339680382616534,0.08652436276513881,25668.445163791268,2220.9458609689486,0.2122641509433962,0.8,0.1212121212121212,3472.0,3223.2167661294307
53,all,R12,Medium,R12_OUT,0.5295435891868756,0.06242563602534554,-450683.6056746532,-28134.210730436254,0.2122641509433962,0.8,0.1212121212121212,3472.0,3223.2167661294307
53,all,R13,Medium,R13_OUT,0.28434954072426916,0.03352075503450799,150617.36124766525,5048.807670326984,0.2122641509433962,0.8,0.1212121212121212,3472.0,3223.2167661294307
53,all,R14,High,R14_OUT,0.4451741184548279,0.052479678829154844,191930.86381534746,10072.470090431692,0.2122641509433962,0.8,0.1212121212121212,3472.0,3223.2167661294307
53,all,R15,High,R15_OUT,0.19273484220436046,0.022720688824363934,-43923.548941873014,-997.9732875700165,0.2122641509433962,0.8,0.1212121212121212,3472.0,3223.2167661294307
53,all,R16,High,R16_OUT,0.30174328136881523,0.035571228961051006,165656.6000689516,5892.608849961935,0.2122641509433962,0.8,0.1212121212121212,3472.0,3223.2167661294307
53,all,R17,Medium,R17_OUT,0.4565314503627217,0.05381854626590332,16782.227710014864,903.1950984563597,0.2122641509433962,0.8,0.1212121212121212,3472.0,3223.2167661294307
53,all,R18,High,R18_OUT,0.2769003217680669,0.03264259837143322,-372171.5551417485,-12148.646599763808,0.2122641509433962,0.8,0.1212121212121212,3472.0,3223.2167661294307
53,all,R19,High,R19_OUT,0.18768569024718684,0.022125465827142553,-201815.603835709,-4465.264246051119,0.2122641509433962,0.8,0.1212121212121212,3472.0,3223.2167661294307
53,all,R20,Very_High,R20_OUT,0.29383839161322084,0.034639355210183874,4279.4739218815375,148.23821729277324,0.2122641509433962,0.8,0.1212121212121212,3472.0,3223.2167661294307
54,all,R1,Very_Low,R1_OUT,0.0909611807194249,0.023299445227010905,-62986.28779713424,-1467.5455625820746,0.0,0.4,0.1515151515151515,1575.0,1118.9586468184207
54,all,R2,Low,R2_OUT,0.06299692345975896,0.01613648103522696,-71914.19730545864,-1160.4420809831033,0.0,0.4,0.1515151515151515,1575.0,1118.9586468184207
54,all,R3,Medium,R3_OUT,0.07776044088881404,0.019918113628116466,-34176.892117246825,-680.7392206472002,0.0,0.4,0.1515151515151515,1575.0,1118.9586468184207
54,all,R4,Low,R4_OUT,0.4076597294552922,0.10442086901883521,271337.4824866564,28333.29571863964,0.0,0.4,0.1515151515151515,1575.0,1118.9586468184207
54,all,R5,Medium,R5_OUT,0.28233262333452547,0.07231869068929417,355683.4174745767,25722.559051655,0.0,0.4,0.1515151515151515,1575.0,1118.9586468184207
54,all,R6,Medium,R6_OUT,0.3484981180360672,0.08926679214888127,-111909.21157194843,-9989.776328938298,0.0,0.4,0.1515151515151515,1575.0,1118.9586468184207
54,all,R7,Medium,R7_OUT,0.4654878015041993,0.11923336360862255,14784.32971672075,1762.7853608235287,0.0,0.4,0.1515151515151515,1575.0,1118.9586468184207
54,all,R8,High,R8_OUT,0.5745762600050277,0.14717605898302769,-55436.574071867115,-8158.936495418097,0.0,0.4,0.1515151515151515,1575.0,1118.9586468184207
54,all,R9,Low,R9_OUT,0.01831563888873421,0.0046914983041182285,203343.68593547077,953.9865577194108,0.0,0.4,0.1515151515151515,1575.0,1118.9586468184207
54,all,R10,Medium,R10_OUT,0.01268484964755709,0.0032491878099929926,78350.60696623426,254.57583706024042,0.0,0.4,0.1515151515151515,1575.0,1118.9586468184207
54,all,R11,Medium,R11_OUT,0.015657582101329663,0.004010644691196829,158474.04145307775,635.5830730462925,0.0,0.4,0.1515151515151515,1575.0,1118.9586468184207
54,all,R12,Medium,R12_OUT,0.08208499862389895,0.02102583667307624,-253836.41837294635,-5337.123074388219,0.0,0.4,0.1515151515151515,1575.0,1118.9586468184207
54,all,R13,Medium,R13_OUT,0.05684955202433828,0.014561849495521272,77416.61639240893,1127.329116358764,0.0,0.4,0.1515151515151515,1575.0,1118.9586468184207
54,all,R14,High,R14_OUT,0.07017241457145008,0.017974462477546218,139554.70986005556,2508.4208959444177,0.0,0.4,0.1515151515151515,1575.0,1118.9586468184207
54,all,R15,High,R15_OUT,0.0937290656523,0.02400843100399984,-31597.1681198475,-758.598430727142,0.0,0.4,0.1515151515151515,1575.0,1118.9586468184207
54,all,R16,High,R16_OUT,0.11569475252033733,0.02963487861613176,123289.87097710861,3653.6803610051597,0.0,0.4,0.1515151515151515,1575.0,1118.9586468184207
54,all,R17,Medium,R17_OUT,0.05131741777250946,0.013144809193608935,1430.4635501568482,18.803170425224213,0.0,0.4,0.1515151515151515,1575.0,1118.9586468184207
54,all,R18,High,R18_OUT,0.22998871034902812,0.0589109476946765,-293515.9176675584,-17291.30087326851,0.0,0.4,0.1515151515151515,1575.0,1118.9586468184207
54,all,R19,High,R19_OUT,0.3791872787733332,0.09712773254131579,-190544.33007384258,-18507.13872867638,0.0,0.4,0.1515151515151515,1575.0,1118.9586468184207
54,all,R20,Very_High,R20_OUT,0.4680509516576454,0.11988990715979997,-4174.327198061568,-500.4597002302294,0.0,0.4,0.1515151515151515,1575.0,1118.9586468184207
55,all,R1,Very_Low,R1_OUT,0.033342635108111016,0.004530546368586779,-22523.945840875276,-102.04578103562277,0.2248427672955975,0.4,0.3333333333333333,2926.0,2934.3316859737624
55,all,R2,Low,R2_OUT,0.0711286331871799,0.009664850115890425,-169277.6278539194,-1636.042901181609,0.2248427672955975,0.4,0.3333333333333333,2926.0,2934.3316859737624
55,all,R3,Medium,R3_OUT,0.1023744235752914,0.013910480424277356,-52650.52946153476,-732.3941594025174,0.2248427672955975,0.4,0.3333333333333333,2926.0,2934.3316859737624
55,all,R4,Low,R4_OUT,0.14943132334029144,0.020304500142755186,276714.0331584173,5618.5401257674475,0.2248427672955975,0.4,0.3333333333333333,2926.0,2934.3316859737624
55,all,R5,Medium,R5_OUT,0.31877641794306955,0.043314853130841706,301381.25460704335,13054.284779692893,0.2248427672955975,0.4,0.3333333333333333,2926.0,2934.3316859737624
55,all,R6,Medium,R6_OUT,0.4588103352195431,0.06234244808063545,-130125.03799143762,-8112.313424971916,0.2248427672955975,0.4,0.3333333333333333,2926.0,2934.3316859737624
55,all,R7,Medium,R7_OUT,0.5255734608603325,0.07141411969407073,-108223.07257419592,-7728.6554584737305,0.2248427672955975,0.4,0.3333333333333333,2926.0,2934.3316859737624
55,all,R8,High,R8_OUT,0.7564503588935166,0.10278532021806201,39647.310782933055,4075.161534608797,0.2248427672955975,0.4,0.3333333333333333,2926.0,2934.3316859737624
55,all,R9,Low,R9_OUT,0.04109480890844437,0.005583899912656548,174947.89650338353,976.8915440046901,0.2248427672955975,0.4,0.3333333333333333,2926.0,2934.3316859737624
55,all,R10,Medium,R10_OUT,0.0876660641628451,0.011911930996259368,123649.52915260778,1472.9046589858249,0.2248427672955975,0.4,0.3333333333333333,2926.0,2934.3316859737624
55,all,R11,Medium,R11_OUT,0.12617651125346488,0.017144671769546895,193670.3920069896,3320.4153024393154,0.2248427672955975,0.4,0.3333333333333333,2926.0,2934.3316859737624
55,all,R12,Medium,R12_OUT,0.18417415593260653,0.02502530320841453,-190771.20302577916,-4774.107199154131,0.2248427672955975,0.4,0.3333333333333333,2926.0,2934.3316859737624
55,all,R13,Medium,R13_OUT,0.3928920415981785,0.05338557095255683,207274.77280652072,11065.48209033761,0.2248427672955975,0.4,0.3333333333333333,2926.0,2934.3316859737624
55,all,R14,High,R14_OUT,0.5654838914180415,0.0768370880841119,49905.38830265892,3834.5847168832106,0.2248427672955975,0.4,0.3333333333333333,2926.0,2934.3316859737624
55,all,R15,High,R15_OUT,0.6477694660717163,0.08801792637795133,12115.597353406934,1066.3897558770736,0.2248427672955975,0.4,0.3333333333333333,2926.0,2934.3316859737624
55,all,R16,High,R16_OUT,0.9323253200192064,0.12668294150293463,34060.530694825924,4314.888217571542,0.2248427672955975,0.4,0.3333333333333333,2926.0,2934.3316859737624
55,all,R17,Medium,R17_OUT,0.0836412852094843,0.011365050174980863,55705.73201185868,633.0984393488116,0.2248427672955975,0.4,0.3333333333333333,2926.0,2934.3316859737624
55,all,R18,High,R18_OUT,0.3748542337523747,0.05093462115305545,-214375.16437604532,-10919.117782117857,0.2248427672955975,0.4,0.3333333333333333,2926.0,2934.3316859737624
55,all,R19,High,R19_OUT,0.6180301485995379,0.08397699331009519,-144143.5278388505,-12104.740073016668,0.2248427672955975,0.4,0.3333333333333333,2926.0,2934.3316859737624
55,all,R20,Very_High,R20_OUT,0.8895219460850423,0.12086688438231685,-3217.5289549062068,-388.8927001894053,0.2248427672955975,0.4,0.3333333333333333,2926.0,2934.3316859737624
56,all,R1,Very_Low,R1_OUT,0.9660429937470418,0.1267140506896492,-80320.43088939454,-10177.727151133206,0.0864779874213836,0.8,0.1515151515151515,1876.0,2326.768361180074
56,all,R2,Low,R2_OUT,0.6690517433325548,0.0877582644534335,74456.84627902268,6534.203606123118,0.0864779874213836,0.8,0.1515151515151515,1876.0,2326.768361180074
56,all,R3,Medium,R3_OUT,0.8258460204362522,0.10832467620256447,57769.4041113376,6257.851994775742,0.0864779874213836,0.8,0.1515151515151515,1876.0,2326.768361180074
56,all,R4,Low,R4_OUT,0.5859346943081606,0.07685595675965298,295631.7710065725,22721.06260926077,0.0864779874213836,0.8,0.1515151515151515,1876.0,2326.768361180074
56,all,R5,Medium,R5_OUT,0.40580039526538186,0.05322807803417676,320734.29856929136,17072.070272483186,0.0864779874213836,0.8,0.1515151515151515,1876.0,2326.768361180074
56,all,R6,Medium,R6_OUT,0.5009009315962529,0.06570223732029883,-144387.9586604416,-9486.61192610183,0.0864779874213836,0.8,0.1515151515151515,1876.0,2326.768361180074
56,all,R7,Medium,R7_OUT,0.27505539466927337,0.03607850111038652,-48731.93647597845,-1758.1752242598739,0.0864779874213836,0.8,0.1515151515151515,1876.0,2326.768361180074
56,all,R8,High,R8_OUT,0.3395154490677931,0.04453360575208568,-174898.15345665018,-7788.845412806241,0.0864779874213836,0.8,0.1515151515151515,1876.0,2326.768361180074
56,all,R9,Low,R9_OUT,0.39046842796005704,0.051217012590015286,125566.40942185778,6431.136372242304,0.0864779874213836,0.8,0.1515151515151515,1876.0,2326.768361180074
56,all,R10,Medium,R10_OUT,0.27042645527576264,0.03547133179727599,59636.34931491734,2115.3807337276858,0.0864779874213836,0.8,0.1515151515151515,1876.0,2326.768361180074
56,all,R11,Medium,R11_OUT,0.33380170388280916,0.04378414449447692,21133.54852252997,925.3143421914915,0.0864779874213836,0.8,0.1515151515151515,1876.0,2326.768361180074
56,all,R12,Medium,R12_OUT,0.23683107320756824,0.03106468843473222,-463983.31696599146,-14413.497180462127,0.0864779874213836,0.8,0.1515151515151515,1876.0,2326.768361180074
56,all,R13,Medium,R13_OUT,0.16402193632215722,0.02151445027588751,113080.54556149596,2432.865774653037,0.0864779874213836,0.8,0.1515151515151515,1876.0,2326.768361180074
56,all,R14,High,R14_OUT,0.20246096766924132,0.02655642604518835,159730.43739277995,4241.869547786949,0.0864779874213836,0.8,0.1515151515151515,1876.0,2326.768361180074
56,all,R15,High,R15_OUT,0.11117563944215822,0.014582700462518555,-67957.05242937063,-990.9973398931808,0.0864779874213836,0.8,0.1515151515151515,1876.0,2326.768361180074
56,all,R16,High,R16_OUT,0.13722998305846357,0.018000199931022063,189423.4674917748,3409.6602864794045,0.0864779874213836,0.8,0.1515151515151515,1876.0,2326.768361180074
56,all,R17,Medium,R17_OUT,0.4788876299405666,0.06281479375940117,-41914.49577289252,-2632.850407503536,0.0864779874213836,0.8,0.1515151515151515,1876.0,2326.768361180074
56,all,R18,High,R18_OUT,0.29046003011607124,0.0380990982986026,-432257.2954667715,-16468.613190276636,0.0864779874213836,0.8,0.1515151515151515,1876.0,2326.768361180074
56,all,R19,High,R19_OUT,0.19687659044042466,0.025823933740163996,-238974.3730491156,-6171.258375217593,0.0864779874213836,0.8,0.1515151515151515,1876.0,2326.768361180074
56,all,R20,Very_High,R20_OUT,0.24301520824446415,0.03187584984846745,2319.2802532968963,73.92902911060742,0.0864779874213836,0.8,0.1515151515151515,1876.0,2326.768361180074
57,all,R1,Very_Low,R1_OUT,0.13117145431019428,0.021926584899631365,-34831.78088408049,-763.7420007601477,0.1226415094339622,0.4,0.1212121212121212,2520.0,2053.031890929001
57,all,R2,Low,R2_OUT,0.07043526453886607,0.011773939810007997,-111568.13988116996,-1313.596563675448,0.1226415094339622,0.4,0.1212121212121212,2520.0,2053.031890929001
57,all,R3,Medium,R3_OUT,0.11027257761470365,0.018433134311769815,-21625.273007304317,-398.6215618723308,0.1226415094339622,0.4,0.1212121212121212,2520.0,2053.031890929001
57,all,R4,Low,R4_OUT,0.5878696731223467,0.09826813589451758,238232.93151295668,23410.706088464525,0.1226415094339622,0.4,0.1212121212121212,2520.0,2053.031890929001
57,all,R5,Medium,R5_OUT,0.31566895525020644,0.05276713736133108,295027.59696513996,15567.761734442965,0.1226415094339622,0.4,0.1212121212121212,2520.0,2053.031890929001
57,all,R6,Medium,R6_OUT,0.49420740585382344,0.08261157657713238,-152702.0160127037,-12614.954289315967,0.1226415094339622,0.4,0.1212121212121212,2520.0,2053.031890929001
57,all,R7,Medium,R7_OUT,0.5204501210207021,0.08699830176158196,-26080.79531021972,-2268.9849005805468,0.1226415094339622,0.4,0.1212121212121212,2520.0,2053.031890929001
57,all,R8,High,R8_OUT,0.8148102621687294,0.13620346350879056,-74819.5616337927,-10190.683432731992,0.1226415094339622,0.4,0.1212121212121212,2520.0,2053.031890929001
57,all,R9,Low,R9_OUT,0.07095458133645065,0.011860748665729877,177931.51559320063,2110.400986163349,0.1226415094339622,0.4,0.1212121212121212,2520.0,2053.031890929001
57,all,R10,Medium,R10_OUT,0.03810055116762537,0.006368877849932937,133344.02144284375,849.2517845883101,0.1226415094339622,0.4,0.1212121212121212,2520.0,2053.031890929001
57,all,R11,Medium,R11_OUT,0.05964975092095529,0.009971036264622271,162808.5986708993,1623.3704415398702,0.1226415094339622,0.4,0.1212121212121212,2520.0,2053.031890929001
57,all,R12,Medium,R12_OUT,0.3179963716659842,0.05315618766122839,-240995.3378459587,-12810.393404020919,0.1226415094339622,0.4,0.1212121212121212,2520.0,2053.031890929001
57,all,R13,Medium,R13_OUT,0.17075482374180287,0.028543330250362646,113813.53143481855,3248.617214704056,0.1226415094339622,0.4,0.1212121212121212,2520.0,2053.031890929001
57,all,R14,High,R14_OUT,0.2673316367508334,0.04468708424710214,171422.7021350211,7660.380732173584,0.1226415094339622,0.4,0.1212121212121212,2520.0,2053.031890929001
57,all,R15,High,R15_OUT,0.28152710997776154,0.04705999572039129,-8166.919163323393,-384.33518087478046,0.1226415094339622,0.4,0.1212121212121212,2520.0,2053.031890929001
57,all,R16,High,R16_OUT,0.44075535584217884,0.07367654632376587,100267.24286349645,7387.344163588678,0.1226415094339622,0.4,0.1212121212121212,2520.0,2053.031890929001
57,all,R17,Medium,R17_OUT,0.052798735522561174,0.008825822379699323,58822.353616180895,519.1556449722767,0.1226415094339622,0.4,0.1212121212121212,2520.0,2053.031890929001
57,all,R18,High,R18_OUT,0.2366275159191326,0.039554591695843556,-234841.59048937866,-9289.06322500987,0.1226415094339622,0.4,0.1212121212121212,2520.0,2053.031890929001
57,all,R19,High,R19_OUT,0.390132818728807,0.06521449668279591,-154250.25882998796,-10059.352992788661,0.1226415094339622,0.4,0.1212121212121212,2520.0,2053.031890929001
57,all,R20,Very_High,R20_OUT,0.6107871080625612,0.10209900813376313,-2254.961652284835,-230.22934807795332,0.1226415094339622,0.4,0.1212121212121212,2520.0,2053.031890929001
58,all,R1,Very_Low,R1_OUT,0.1250729435766016,0.052656523561670145,-109750.16739467157,-5779.062275314766,0.080188679245283,1.0,0.3636363636363636,1603.0,1617.756000746449
58,all,R2,Low,R2_OUT,0.30099266365933275,0.1267198710819544,142887.38713495142,18106.671276978355,0.080188679245283,1.0,0.3636363636363636,1603.0,1617.756000746449
58,all,R3,Medium,R3_OUT,0.5783314317787621,0.24348129813752853,63740.730368890465,15519.675774451638,0.080188679245283,1.0,0.3636363636363636,1603.0,1617.756000746449
58,all,R4,Low,R4_OUT,0.027907545930482634,0.011749258535175024,376781.6173603501,4426.904633668143,0.080188679245283,1.0,0.3636363636363636,1603.0,1617.756000746449
58,all,R5,Medium,R5_OUT,0.06716054124580938,0.028275025128504862,375668.844862776,10622.046028491386,0.080188679245283,1.0,0.3636363636363636,1603.0,1617.756000746449
58,all,R6,Medium,R6_OUT,0.1290431849916659,0.054328021046574325,-96517.03009065938,-5243.57924211819,0.080188679245283,1.0,0.3636363636363636,1603.0,1617.756000746449
58,all,R7,Medium,R7_OUT,0.06716054124580938,0.028275025128504862,-104479.93814289669,-2954.1728764150375,0.080188679245283,1.0,0.3636363636363636,1603.0,1617.756000746449
58,all,R8,High,R8_OUT,0.1290431849916659,0.054328021046574325,-116811.57169816419,-6346.1415257012895,0.080188679245283,1.0,0.3636363636363636,1603.0,1617.756000746449
58,all,R9,Low,R9_OUT,0.04805558396461062,0.0202317137259391,112260.17549318974,2271.215733401899,0.080188679245283,1.0,0.3636363636363636,1603.0,1617.756000746449
58,all,R10,Medium,R10_OUT,0.11564753980827262,0.04868836720896304,-18682.919874531814,-909.6408633868385,0.080188679245283,1.0,0.3636363636363636,1603.0,1617.756000746449
58,all,R11,Medium,R11_OUT,0.22220676898194525,0.09355049646924059,-26341.281787621163,-2464.239988868125,0.080188679245283,1.0,0.3636363636363636,1603.0,1617.756000746449
58,all,R12,Medium,R12_OUT,0.01072265014604988,0.004514305523745976,-540961.5658222486,-2442.0657847256493,0.080188679245283,1.0,0.3636363636363636,1603.0,1617.756000746449
58,all,R13,Medium,R13_OUT,0.025804454078191777,0.01086384317270148,169373.5454563391,1840.0476354420935,0.080188679245283,1.0,0.3636363636363636,1603.0,1617.756000746449
58,all,R14,High,R14_OUT,0.04958103194900658,0.020873937259146765,32261.039704985713,673.4149187167144,0.080188679245283,1.0,0.3636363636363636,1603.0,1617.756000746449
58,all,R15,High,R15_OUT,0.025804454078191777,0.01086384317270148,-94961.50918687241,-1031.6469432492327,0.080188679245283,1.0,0.3636363636363636,1603.0,1617.756000746449
58,all,R16,High,R16_OUT,0.04958103194900658,0.020873937259146765,192193.1002498673,4011.8267162566344,0.080188679245283,1.0,0.3636363636363636,1603.0,1617.756000746449
58,all,R17,Medium,R17_OUT,0.2150121107560298,0.09052149851366713,-129661.80940335832,-11737.18128718549,0.080188679245283,1.0,0.3636363636363636,1603.0,1617.756000746449
58,all,R18,High,R18_OUT,0.04797568670684485,0.020198076460230394,-549262.2425882282,-11094.040772514649,0.080188679245283,1.0,0.3636363636363636,1603.0,1617.756000746449
58,all,R19,High,R19_OUT,0.04797568670684485,0.020198076460230394,-294804.3405764961,-5954.48061177187,0.080188679245283,1.0,0.3636363636363636,1603.0,1617.756000746449
58,all,R20,Very_High,R20_OUT,0.09218114237874583,0.038808861107800505,2633.559750873216,102.20545459073234,0.080188679245283,1.0,0.3636363636363636,1603.0,1617.756000746449
59,all,R1,Very_Low,R1_OUT,0.026942645908422647,0.004008437049180797,12643.998904276887,50.68267365770487,0.360062893081761,0.4,0.2121212121212121,3626.0,3751.0277580440998
59,all,R2,Low,R2_OUT,0.029308982953891165,0.0043604927869930876,-203875.5889315328,-888.9980349799166,0.360062893081761,0.4,0.2121212121212121,3626.0,3751.0277580440998
59,all,R3,Medium,R3_OUT,0.028182758239865692,0.004192936828133402,-23466.890130231113,-98.39518786880627,0.360062893081761,0.4,0.2121212121212121,3626.0,3751.0277580440998
59,all,R4,Low,R4_OUT,0.1207485616937664,0.017964568512451744,215776.4686556297,3876.331154538956,0.360062893081761,0.4,0.2121212121212121,3626.0,3751.0277580440998
59,all,R5,Medium,R5_OUT,0.1313537485671787,0.01954237286475489,213457.77849214213,4171.471498175699,0.360062893081761,0.4,0.2121212121212121,3626.0,3751.0277580440998
59,all,R6,Medium,R6_OUT,0.12630635957558614,0.018791439155263424,-196026.50192063107,-3683.620083660667,0.360062893081761,0.4,0.2121212121212121,3626.0,3751.0277580440998
59,all,R7,Medium,R7_OUT,0.21656571924890394,0.03221992582207438,-135492.43936889982,-4365.556345917862,0.360062893081761,0.4,0.2121212121212121,3626.0,3751.0277580440998
59,all,R8,High,R8_OUT,0.2082439816569676,0.030981845442350043,-30037.874887377766,-930.6287971773856,0.360062893081761,0.4,0.2121212121212121,3626.0,3751.0277580440998
59,all,R9,Low,R9_OUT,0.09872346175289996,0.014687747560457596,140199.9539162506,2059.2215311096775,0.360062893081761,0.4,0.2121212121212121,3626.0,3751.0277580440998
59,all,R10,Medium,R10_OUT,0.10739421315559536,0.015977753051563997,204820.19778833727,3272.566540234547,0.360062893081761,0.4,0.2121212121212121,3626.0,3751.0277580440998
59,all,R11,Medium,R11_OUT,0.10326749142016602,0.015363793147544937,188370.26602958495,2894.081802426554,0.360062893081761,0.4,0.2121212121212121,3626.0,3751.0277580440998
59,all,R12,Medium,R12_OUT,0.4424478595239099,0.06582591770958741,-191232.15728944069,-12588.032249161599,0.360062893081761,0.4,0.2121212121212121,3626.0,3751.0277580440998
59,all,R13,Medium,R13_OUT,0.4813074713169883,0.07160732121975505,224053.66023132007,16043.882418645993,0.360062893081761,0.4,0.2121212121212121,3626.0,3751.0277580440998
59,all,R14,High,R14_OUT,0.4628127876189881,0.06885574382828702,139812.29872350045,9626.879824949288,0.360062893081761,0.4,0.2121212121212121,3626.0,3751.0277580440998
59,all,R15,High,R15_OUT,0.7935418657072101,0.11806051363286674,37668.831179499786,4447.20155700149,0.360062893081761,0.4,0.2121212121212121,3626.0,3751.0277580440998
59,all,R16,High,R16_OUT,0.7630492872994462,0.11352392945957583,26069.06018121846,2959.4621490900818,0.360062893081761,0.4,0.2121212121212121,3626.0,3751.0277580440998
59,all,R17,Medium,R17_OUT,0.12922024985199235,0.01922495803759201,137827.11616814276,2649.720524774864,0.360062893081761,0.4,0.2121212121212121,3626.0,3751.0277580440998
59,all,R18,High,R18_OUT,0.5791249814280282,0.08616028431478406,-139167.54125660565,-11990.714922058583,0.360062893081761,0.4,0.2121212121212121,3626.0,3751.0277580440998
59,all,R19,High,R19_OUT,0.9548156752742063,0.14205429343935505,-96678.11342280201,-13733.541093325966,0.360062893081761,0.4,0.2121212121212121,3626.0,3751.0277580440998
59,all,R20,Very_High,R20_OUT,0.9181260019230549,0.13659572613742865,-153.64464909282788,-20.987202409965242,0.360062893081761,0.4,0.2121212121212121,3626.0,3751.0277580440998
60,all,R1,Very_Low,R1_OUT,0.05697127057189946,0.007150003514192583,-2126.6123711257824,-15.205285926874765,0.3883647798742138,0.6,0.2727272727272727,6783.0,6117.634628474589
60,all,R2,Low,R2_OUT,0.09017306688483552,0.011316892508100522,-131774.25743696894,-1491.2751067489432,0.3883647798742138,0.6,0.2727272727272727,6783.0,6117.634628474589
60,all,R3,Medium,R3_OUT,0.09126315219469419,0.011453700301186738,11030.655323425286,126.34182020020329,0.3883647798742138,0.6,0.2727272727272727,6783.0,6117.634628474589
60,all,R4,Low,R4_OUT,0.09392974561070291,0.011788362879429979,247796.8136641835,2921.118759839888,0.3883647798742138,0.6,0.2727272727272727,6783.0,6117.634628474589
60,all,R5,Medium,R5_OUT,0.1486702534172937,0.01865840139633226,217013.79117475828,4049.1304242784677,0.3883647798742138,0.6,0.2727272727272727,6783.0,6117.634628474589
60,all,R6,Medium,R6_OUT,0.15046750025453542,0.018883959314791043,-193733.44771901204,-3658.4545446400207,0.3883647798742138,0.6,0.2727272727272727,6783.0,6117.634628474589
60,all,R7,Medium,R7_OUT,0.11904583261234748,0.01494047987667844,-173803.51281120477,-2596.7078856518283,0.3883647798742138,0.6,0.2727272727272727,6783.0,6117.634628474589
60,all,R8,High,R8_OUT,0.12048495537720089,0.01512109253851245,-56089.1983523246,-848.1299586964803,0.3883647798742138,0.6,0.2727272727272727,6783.0,6117.634628474589
60,all,R9,Low,R9_OUT,0.26222642293083875,0.03290991804550755,108768.58452294311,3579.565202575919,0.3883647798742138,0.6,0.2727272727272727,6783.0,6117.634628474589
60,all,R10,Medium,R10_OUT,0.41504710245266563,0.052089205862923885,175452.5140278616,9139.182122364822,0.3883647798742138,0.6,0.2727272727272727,6783.0,6117.634628474589
60,all,R11,Medium,R11_OUT,0.4200645291069114,0.05271890251265519,125705.76789562906,6627.070122968129,0.3883647798742138,0.6,0.2727272727272727,6783.0,6117.634628474589
60,all,R12,Medium,R12_OUT,0.4323382812256818,0.054259281898626305,-288393.0641512607,-15648.000565391874,0.3883647798742138,0.6,0.2727272727272727,6783.0,6117.634628474589
60,all,R13,Medium,R13_OUT,0.6842969861561652,0.08588058168008043,252589.51688643786,21692.53463649778,0.3883647798742138,0.6,0.2727272727272727,6783.0,6117.634628474589
60,all,R14,High,R14_OUT,0.692569324205198,0.08691877594058105,110514.9792517746,9605.826719662959,0.3883647798742138,0.6,0.2727272727272727,6783.0,6117.634628474589
60,all,R15,High,R15_OUT,0.5479421915184868,0.06876779393549243,16816.785505497668,1156.4532402994396,0.3883647798742138,0.6,0.2727272727272727,6783.0,6117.634628474589
60,all,R16,High,R16_OUT,0.5545661620039192,0.06959911491136882,50665.585266071284,3526.2798909850503,0.3883647798742138,0.6,0.2727272727272727,6783.0,6117.634628474589
60,all,R17,Medium,R17_OUT,0.5820754988351297,0.0730515893435132,96949.90416127123,7082.344585682148,0.3883647798742138,0.6,0.2727272727272727,6783.0,6117.634628474589
60,all,R18,High,R18_OUT,0.959680256082866,0.12044170920910102,-222500.87150630876,-26798.385264734392,0.3883647798742138,0.6,0.2727272727272727,6783.0,6117.634628474589
60,all,R19,High,R19_OUT,0.7684518758863315,0.09644218143495696,-130142.15112846764,-12551.192951467265,0.3883647798742138,0.6,0.2727272727272727,6783.0,6117.634628474589
60,all,R20,Very_High,R20_OUT,0.777741546629225,0.09760805289596915,2245.087980712167,219.13866637745775,0.3883647798742138,0.6,0.2727272727272727,6783.0,6117.634628474589
61,all,R1,Very_Low,R1_OUT,0.09555853125350597,0.023288991236793243,-61272.790387685964,-1426.9814783926877,0.0078616352201257,0.4,0.1515151515151515,1267.0,1785.7763400707609
61,all,R2,Low,R2_OUT,0.06618090741228189,0.016129240922286667,-74657.9541467248,-1204.1761291975554,0.0078616352201257,0.4,0.1515151515151515,1267.0,1785.7763400707609
61,all,R3,Medium,R3_OUT,0.08169060100352576,0.019909176773054305,-33711.785101572794,-671.1738889224313,0.0078616352201257,0.4,0.1515151515151515,1267.0,1785.7763400707609
61,all,R4,Low,R4_OUT,0.42826362509639615,0.10437401748513526,269756.0524116119,28155.522931130643,0.0078616352201257,0.4,0.1515151515151515,1267.0,1785.7763400707609
61,all,R5,Medium,R5_OUT,0.2966022494146792,0.07228624275426161,352260.85539663763,25463.613706025193,0.0078616352201257,0.4,0.1515151515151515,1267.0,1785.7763400707609
61,all,R6,Medium,R6_OUT,0.3661118736668492,0.08922673994322596,-114061.19727623663,-10177.308786979758,0.0078616352201257,0.4,0.1515151515151515,1267.0,1785.7763400707609
61,all,R7,Medium,R7_OUT,0.4890144375474861,0.1191798660079441,11771.251546077903,1402.8961820073694,0.0078616352201257,0.4,0.1515151515151515,1267.0,1785.7763400707609
61,all,R8,High,R8_OUT,0.6036164335704123,0.14711002405962534,-55610.17505809259,-8180.8141907559775,0.0078616352201257,0.4,0.1515151515151515,1267.0,1785.7763400707609
61,all,R9,Low,R9_OUT,0.020499660811082523,0.004996062776645269,201863.58109516223,1008.5231234698535,0.0078616352201257,0.4,0.1515151515151515,1267.0,1785.7763400707609
61,all,R10,Medium,R10_OUT,0.014197436234367198,0.0034601198209079577,81421.46956071894,281.72804067449755,0.0078616352201257,0.4,0.1515151515151515,1267.0,1785.7763400707609
61,all,R11,Medium,R11_OUT,0.017524647878724223,0.004271009249742123,158974.89001167708,678.9832257166095,0.0078616352201257,0.4,0.1515151515151515,1267.0,1785.7763400707609
61,all,R12,Medium,R12_OUT,0.09187310580266611,0.02239079994081395,-252689.84146207,-5657.927687253204,0.0078616352201257,0.4,0.1515151515151515,1267.0,1785.7763400707609
61,all,R13,Medium,R13_OUT,0.06362849479838509,0.015507181183423297,80266.368001808,1244.705111539367,0.0078616352201257,0.4,0.1515151515151515,1267.0,1785.7763400707609
61,all,R14,High,R14_OUT,0.07854002285960152,0.019141335473882054,140385.79522906043,2687.1716022471564,0.0078616352201257,0.4,0.1515151515151515,1267.0,1785.7763400707609
61,all,R15,High,R15_OUT,0.10490565279672993,0.02556701946571077,-30089.03179241381,-769.2868615410341,0.0078616352201257,0.4,0.1515151515151515,1267.0,1785.7763400707609
61,all,R16,High,R16_OUT,0.12949060628989928,0.03155872694539625,121429.27270408117,3832.153260446156,0.0078616352201257,0.4,0.1515151515151515,1267.0,1785.7763400707609
61,all,R17,Medium,R17_OUT,0.0525415540999922,0.012805133952467714,4692.547092365046,60.088694095997305,0.0078616352201257,0.4,0.1515151515151515,1267.0,1785.7763400707609
61,all,R18,High,R18_OUT,0.23547490874851124,0.057388628878989434,-289987.3848004505,-16641.97840590176,0.0078616352201257,0.4,0.1515151515151515,1267.0,1785.7763400707609
61,all,R19,High,R19_OUT,0.388232490769842,0.09461785312910549,-188382.58514996272,-17824.35577380038,0.0078616352201257,0.4,0.1515151515151515,1267.0,1785.7763400707609
61,all,R20,Very_High,R20_OUT,0.4792159361386829,0.11679183000058918,-4072.2568910418,-475.6063345372817,0.0078616352201257,0.4,0.1515151515151515,1267.0,1785.7763400707609
62,all,R1,Very_Low,R1_OUT,0.12108651365304808,0.024594506631369265,-46826.26275021855,-1151.6688297324897,0.0676100628930817,0.4,0.1212121212121212,2548.0,2556.832966128037
62,all,R2,Low,R2_OUT,0.06501994405789423,0.01320653636031814,-92361.84199230661,-1219.780024577356,0.0676100628930817,0.4,0.1212121212121212,2548.0,2556.832966128037
62,all,R3,Medium,R3_OUT,0.10179441895432195,0.020675989724025144,-24881.022117022567,-514.4397576148009,0.0676100628930817,0.4,0.1212121212121212,2548.0,2556.832966128037
62,all,R4,Low,R4_OUT,0.5426721048042066,0.11022493156016472,249302.94203826814,27479.399723915816,0.0676100628930817,0.4,0.1212121212121212,2548.0,2556.832966128037
62,all,R5,Medium,R5_OUT,0.29139917263825704,0.059187589663060064,318985.53151071345,18879.984747509225,0.0676100628930817,0.4,0.1212121212121212,2548.0,2556.832966128037
62,all,R6,Medium,R6_OUT,0.4562109348489988,0.09266335716458567,-137638.11608268615,-12754.009910030649,0.0676100628930817,0.4,0.1212121212121212,2548.0,2556.832966128037
62,all,R7,Medium,R7_OUT,0.480436014193113,0.09758383803895813,-4989.248115719587,-486.8699800605572,0.0676100628930817,0.4,0.1212121212121212,2548.0,2556.832966128037
62,all,R8,High,R8_OUT,0.7521646722115344,0.15277604797173544,-73604.35473021437,-11244.982429191863,0.0676100628930817,0.4,0.1212121212121212,2548.0,2556.832966128037
62,all,R9,Low,R9_OUT,0.0420395735241195,0.008538874715490379,188292.24947536067,1607.8039281679637,0.0676100628930817,0.4,0.1212121212121212,2548.0,2556.832966128037
62,all,R10,Medium,R10_OUT,0.022574031048478976,0.004585127935133807,111847.98328145083,512.8373126321592,0.0676100628930817,0.4,0.1212121212121212,2548.0,2556.832966128037
62,all,R11,Medium,R11_OUT,0.03534162336391223,0.007178419494987366,159302.6587607038,1143.5413112511562,0.0676100628930817,0.4,0.1212121212121212,2548.0,2556.832966128037
62,all,R12,Medium,R12_OUT,0.18840829718471988,0.03826858148539929,-249021.37622209333,-9529.694827561452,0.0676100628930817,0.4,0.1212121212121212,2548.0,2556.832966128037
62,all,R13,Medium,R13_OUT,0.10116978822344037,0.020549117752990925,93865.27016902488,1928.8484896195987,0.0676100628930817,0.4,0.1212121212121212,2548.0,2556.832966128037
62,all,R14,High,R14_OUT,0.15839016715804985,0.03217144419298658,165605.10455198694,5327.755379167956,0.0676100628930817,0.4,0.1212121212121212,2548.0,2556.832966128037
62,all,R15,High,R15_OUT,0.1668007817962134,0.033879767533477746,-18723.873455359353,-634.3604799938296,0.0676100628930817,0.4,0.1212121212121212,2548.0,2556.832966128037
62,all,R16,High,R16_OUT,0.2611412376632256,0.05304174435011908,113291.43077468868,6009.17510821025,0.0676100628930817,0.4,0.1212121212121212,2548.0,2556.832966128037
62,all,R17,Medium,R17_OUT,0.04651041399905805,0.009446970195254012,35987.76882072326,339.97537944306424,0.0676100628930817,0.4,0.1212121212121212,2548.0,2556.832966128037
62,all,R18,High,R18_OUT,0.20844521407647706,0.04233838307187937,-259541.32055913433,-10988.55985281407,0.0676100628930817,0.4,0.1212121212121212,2548.0,2556.832966128037
62,all,R19,High,R19_OUT,0.34366805822352936,0.06980419273765773,-169382.47329714702,-11823.606812415213,0.0676100628930817,0.4,0.1212121212121212,2548.0,2556.832966128037
62,all,R20,Very_High,R20_OUT,0.5380424546178433,0.10928457942040712,-2969.4538014232176,-324.51550979686544,0.0676100628930817,0.4,0.1212121212121212,2548.0,2556.832966128037
63,all,R1,Very_Low,R1_OUT,0.5859346943081606,0.0712462428379956,-86016.22019203605,-6128.332511808301,0.0864779874213836,0.8,0.2727272727272727,1155.0,-1464.9963270875046
63,all,R2,Low,R2_OUT,0.9274065305128729,0.1127672273451565,61862.189686857586,6976.027608487065,0.0864779874213836,0.8,0.2727272727272727,1155.0,-1464.9963270875046
63,all,R3,Medium,R3_OUT,0.9386177742922402,0.11413044922735602,36585.605449627365,4175.531585220776,0.0864779874213836,0.8,0.2727272727272727,1155.0,-1464.9963270875046
63,all,R4,Low,R4_OUT,0.35538735668724875,0.04321303067057594,329368.73821859487,14233.021386569038,0.0864779874213836,0.8,0.2727272727272727,1155.0,-1464.9963270875046
63,all,R5,Medium,R5_OUT,0.5625004947737772,0.06839678079562227,349789.7069436406,23924.489910389137,0.0864779874213836,0.8,0.2727272727272727,1155.0,-1464.9963270875046
63,all,R6,Medium,R6_OUT,0.569300457859476,0.06922361666316745,-115500.64884500559,-7995.372639993781,0.0864779874213836,0.8,0.2727272727272727,1155.0,-1464.9963270875046
63,all,R7,Medium,R7_OUT,0.38126822299047086,0.04635999312801201,-73287.51421633203,-3397.6086554382355,0.0864779874213836,0.8,0.2727272727272727,1155.0,-1464.9963270875046
63,all,R8,High,R8_OUT,0.38587730310004104,0.04692043039847258,-108198.90474941759,-5076.739179486012,0.0864779874213836,0.8,0.2727272727272727,1155.0,-1464.9963270875046
63,all,R9,Low,R9_OUT,0.23683107320756824,0.028797277780679316,134856.54875568318,3883.501495061132,0.0864779874213836,0.8,0.2727272727272727,1155.0,-1464.9963270875046
63,all,R10,Medium,R10_OUT,0.3748518154918413,0.04557979538373154,31284.517304324705,1425.9418974099287,0.0864779874213836,0.8,0.2727272727272727,1155.0,-1464.9963270875046
63,all,R11,Medium,R11_OUT,0.37938332885340176,0.046130800989847016,35048.2697078435,1616.8047549310122,0.0864779874213836,0.8,0.2727272727272727,1155.0,-1464.9963270875046
63,all,R12,Medium,R12_OUT,0.14364530707303733,0.017466431890243383,-443801.23983525624,-7751.624128388072,0.0864779874213836,0.8,0.2727272727272727,1155.0,-1464.9963270875046
63,all,R13,Medium,R13_OUT,0.22735911894474484,0.02764554336366153,145317.38581836107,4017.378091135434,0.0864779874213836,0.8,0.2727272727272727,1155.0,-1464.9963270875046
63,all,R14,High,R14_OUT,0.23010762073342866,0.027979745157444107,84118.1953188224,2353.6056681247587,0.0864779874213836,0.8,0.2727272727272727,1155.0,-1464.9963270875046
63,all,R15,High,R15_OUT,0.15410618846762844,0.018738414081054793,-67570.3414236037,-1266.1610371937356,0.0864779874213836,0.8,0.2727272727272727,1155.0,-1464.9963270875046
63,all,R16,High,R16_OUT,0.15596914930516348,0.01896493925786723,165412.6477093099,3137.0408162900535,0.0864779874213836,0.8,0.2727272727272727,1155.0,-1464.9963270875046
63,all,R17,Medium,R17_OUT,0.6638104149860352,0.08071547645822176,-67928.04300319498,-5482.84435587746,0.0864779874213836,0.8,0.2727272727272727,1155.0,-1464.9963270875046
63,all,R18,High,R18_OUT,0.4026213689255968,0.048956411185224764,-446774.1532719544,-21872.45915451243,0.0864779874213836,0.8,0.2727272727272727,1155.0,-1464.9963270875046
63,all,R19,High,R19_OUT,0.2729006201674355,0.0331831244061185,-249257.77477443035,-8271.151749532188,0.0864779874213836,0.8,0.2727272727272727,1155.0,-1464.9963270875046
63,all,R20,Very_High,R20_OUT,0.27619966463129714,0.03358426897954773,1011.0052282235431,33.95387152438851,0.0864779874213836,0.8,0.2727272727272727,1155.0,-1464.9963270875046
64,all,R1,Very_Low,R1_OUT,0.009954012011589032,0.003588970038101402,-32215.099669121108,-115.61902748692604,0.0581761006289308,0.2,0.1515151515151515,546.0,626.911664822288
64,all,R2,Low,R2_OUT,0.006893843371996636,0.0024856105538805908,-180494.1823500332,-448.63824456329036,0.0581761006289308,0.2,0.1515151515151515,546.0,626.911664822288
64,all,R3,Medium,R3_OUT,0.008509436184884735,0.003068120821346274,-74150.15972934398,-227.50164897175227,0.0581761006289308,0.2,0.1515151515151515,546.0,626.911664822288
64,all,R4,Low,R4_OUT,0.1212646912159533,0.043722605814316085,238789.8902586243,10440.516244221626,0.0581761006289308,0.2,0.1515151515151515,546.0,626.911664822288
64,all,R5,Medium,R5_OUT,0.08398420524538475,0.030280935561311135,329006.9261218054,9962.637529119442,0.0581761006289308,0.2,0.1515151515151515,546.0,626.911664822288
64,all,R6,Medium,R6_OUT,0.10366615493134997,0.03737736337675959,-123430.4536130199,-4613.504916452113,0.0581761006289308,0.2,0.1515151515151515,546.0,626.911664822288
64,all,R7,Medium,R7_OUT,0.49690880889240524,0.17916301735492907,7673.754411777249,1374.8529948547107,0.0581761006289308,0.2,0.1515151515151515,546.0,626.911664822288
64,all,R8,High,R8_OUT,0.6133608744511334,0.221150406327205,2054.762898215733,454.41164984647475,0.0581761006289308,0.2,0.1515151515151515,546.0,626.911664822288
64,all,R9,Low,R9_OUT,0.0032029282934375788,0.0011548322089576886,223138.9717522966,257.68807165325194,0.0581761006289308,0.2,0.1515151515151515,546.0,626.911664822288
64,all,R10,Medium,R10_OUT,0.002218249883663771,0.000799801362528222,127321.86326074533,101.8321997155761,0.0581761006289308,0.2,0.1515151515151515,546.0,626.911664822288
64,all,R11,Medium,R11_OUT,0.002738103378420367,0.000987237203946891,233605.2343242833,230.62377836166374,0.0581761006289308,0.2,0.1515151515151515,546.0,626.911664822288
64,all,R12,Medium,R12_OUT,0.039019654591369614,0.014068736411252903,-133972.1269261186,-1884.8185401784801,0.0581761006289308,0.2,0.1515151515151515,546.0,626.911664822288
64,all,R13,Medium,R13_OUT,0.027023815811065093,0.009743575268762482,96346.44756911375,938.7588637675378,0.0581761006289308,0.2,0.1515151515151515,546.0,626.911664822288
64,all,R14,High,R14_OUT,0.03335692787138792,0.012027011274864791,140187.84735385634,1686.0408207238545,0.0581761006289308,0.2,0.1515151515151515,546.0,626.911664822288
64,all,R15,High,R15_OUT,0.15989163780462212,0.057649749342842414,6037.732658808885,348.07377437942574,0.0581761006289308,0.2,0.1515151515151515,546.0,626.911664822288
64,all,R16,High,R16_OUT,0.19736272134089317,0.0711601405248401,66221.3549977213,4712.32092738317,0.0581761006289308,0.2,0.1515151515151515,546.0,626.911664822288
64,all,R17,Medium,R17_OUT,0.004959656264008343,0.0017882294807444509,65183.82090616775,116.56363021197564,0.0581761006289308,0.2,0.1515151515151515,546.0,626.911664822288
64,all,R18,High,R18_OUT,0.06042098248344683,0.021785094849521194,-178627.1547822593,-3891.4095096316223,0.0581761006289308,0.2,0.1515151515151515,546.0,626.911664822288
64,all,R19,High,R19_OUT,0.3574924398014514,0.12889573106817648,-138442.7990681558,-17844.6857970146,0.0581761006289308,0.2,0.1515151515151515,546.0,626.911664822288
64,all,R20,Very_High,R20_OUT,0.4412718622860355,0.15910283115571308,-6104.423963185781,-971.2311351176362,0.0581761006289308,0.2,0.1515151515151515,546.0,626.911664822288
65,all,R1,Very_Low,R1_OUT,0.1259253098791159,0.015052720223047263,-55747.179740217776,-839.1466998534268,0.1619496855345912,0.6,0.3636363636363636,2275.0,668.9238822759044
65,all,R2,Low,R2_OUT,0.30304391468510006,0.03622492783564188,-62200.052852626424,-2253.192425959503,0.1619496855345912,0.6,0.3636363636363636,2275.0,668.9238822759044
65,all,R3,Medium,R3_OUT,0.5822727336305984,0.06960307313330596,-18252.275724269595,-1270.4144820856018,0.1619496855345912,0.6,0.3636363636363636,2275.0,668.9238822759044
65,all,R4,Low,R4_OUT,0.2076157369172034,0.024817740013636003,318644.7252344817,7908.041947585846,0.1619496855345912,0.6,0.3636363636363636,2275.0,668.9238822759044
65,all,R5,Medium,R5_OUT,0.49963494809755943,0.05972480905219993,337375.13530016533,20149.66553476249,0.1619496855345912,0.6,0.3636363636363636,2275.0,668.9238822759044
65,all,R6,Medium,R6_OUT,0.9600054412854776,0.1147560671809782,-110090.7770739342,-12633.584609902486,0.1619496855345912,0.6,0.3636363636363636,2275.0,668.9238822759044
65,all,R7,Medium,R7_OUT,0.400076390746114,0.04782388849016085,-105443.54480195505,-5042.720328615978,0.1619496855345912,0.6,0.3636363636363636,2275.0,668.9238822759044
65,all,R8,High,R8_OUT,0.7687122638409377,0.09188947520344325,-1065.0534186063742,-97.86719969937288,0.1619496855345912,0.6,0.3636363636363636,2275.0,668.9238822759044
65,all,R9,Low,R9_OUT,0.0934997105162188,0.01117666483955952,158363.20842419917,1769.972503474583,0.1619496855345912,0.6,0.3636363636363636,2275.0,668.9238822759044
65,all,R10,Medium,R10_OUT,0.22501051078578846,0.02689705722665967,65747.79729875771,1768.422266471506,0.1619496855345912,0.6,0.3636363636363636,2275.0,668.9238822759044
65,all,R11,Medium,R11_OUT,0.43233828122568174,0.05168037462246986,121717.3702969528,6290.399295008406,0.1619496855345912,0.6,0.3636363636363636,2275.0,668.9238822759044
65,all,R12,Medium,R12_OUT,0.1541549615323944,0.018427205056468016,-306277.921336449,-5643.846060735526,0.1619496855345912,0.6,0.3636363636363636,2275.0,668.9238822759044
65,all,R13,Medium,R13_OUT,0.37097961526363005,0.04434575036883239,194694.3007283927,8633.864858335684,0.1619496855345912,0.6,0.3636363636363636,2275.0,668.9238822759044
65,all,R14,High,R14_OUT,0.7128053203947154,0.08520653291781717,29870.539068965823,2545.16507045278,0.1619496855345912,0.6,0.3636363636363636,2275.0,668.9238822759044
65,all,R15,High,R15_OUT,0.29705725366127583,0.035509300980735944,-26327.50747026794,-934.8713868343183,0.1619496855345912,0.6,0.3636363636363636,2275.0,668.9238822759044
65,all,R16,High,R16_OUT,0.5707698810381479,0.06822805788015845,86242.7006924135,5884.171974583171,0.1619496855345912,0.6,0.3636363636363636,2275.0,668.9238822759044
65,all,R17,Medium,R17_OUT,0.25543047877181224,0.030533365667966997,-16508.262277052752,-504.0528086479572,0.1619496855345912,0.6,0.3636363636363636,2275.0,668.9238822759044
65,all,R18,High,R18_OUT,0.4211336635362045,0.050341009442842234,-335010.2614329049,-16864.754734242913,0.1619496855345912,0.6,0.3636363636363636,2275.0,668.9238822759044
65,all,R19,High,R19_OUT,0.3372174760208213,0.040309929161472004,-200112.9562301939,-8066.539089931864,0.1619496855345912,0.6,0.3636363636363636,2275.0,668.9238822759044
65,all,R20,Very_High,R20_OUT,0.6479342830384464,0.07745205070260437,-1675.743130262193,-129.78974188960834,0.1619496855345912,0.6,0.3636363636363636,2275.0,668.9238822759044
66,all,R1,Very_Low,R1_OUT,1.3216914679120714e-13,4.671775168652983e-12,54054.64173704205,2.525311330175462e-07,0.9166666666666666,1.0,0.7575757575757576,9100.0,9247.639020249553
66,all,R2,Low,R2_OUT,2.67244548184356e-13,9.446277550220366e-12,-189980.97470030803,-1.7946130162805031e-06,0.9166666666666666,1.0,0.7575757575757576,9100.0,9247.639020249553
66,all,R3,Medium,R3_OUT,2.065116964888351e-08,7.299556962541619e-07,44380.77118604958,0.032395996731409464,0.9166666666666666,1.0,0.7575757575757576,9100.0,9247.639020249553
66,all,R4,Low,R4_OUT,2.949092289020337e-14,1.0424139415589975e-12,318162.6008146884,3.316571307719013e-07,0.9166666666666666,1.0,0.7575757575757576,9100.0,9247.639020249553
66,all,R5,Medium,R5_OUT,5.963031883517011e-14,2.107749422587187e-12,105938.31698669452,2.2329142645856378e-07,0.9166666666666666,1.0,0.7575757575757576,9100.0,9247.639020249553
66,all,R6,Medium,R6_OUT,4.60789879100777e-09,1.628751314064497e-07,-231604.5521267594,-0.03772262186197786,0.9166666666666666,1.0,0.7575757575757576,9100.0,9247.639020249553
66,all,R7,Medium,R7_OUT,5.963031883517011e-14,2.107749422587187e-12,-504877.08315544797,-1.0641543804983986e-06,0.9166666666666666,1.0,0.7575757575757576,9100.0,9247.639020249553
66,all,R8,High,R8_OUT,4.60789879100777e-09,1.628751314064497e-07,81489.84166595072,0.013272668669632504,0.9166666666666666,1.0,0.7575757575757576,9100.0,9247.639020249553
66,all,R9,Low,R9_OUT,4.2944249386512283e-11,1.5179478932196324e-09,-15030.02668071039,-2.2814797335019202e-05,0.9166666666666666,1.0,0.7575757575757576,9100.0,9247.639020249553
66,all,R10,Medium,R10_OUT,8.683279572459412e-11,3.069273796037423e-09,215913.40614421436,0.0006626973596916227,0.9166666666666666,1.0,0.7575757575757576,9100.0,9247.639020249553
66,all,R11,Medium,R11_OUT,6.709954638095815e-06,0.00023717637755931557,72171.84869961918,17.117457636334677,0.9166666666666666,1.0,0.7575757575757576,9100.0,9247.639020249553
66,all,R12,Medium,R12_OUT,9.582157243066592e-12,3.386999565110681e-10,-353374.03183011257,-0.00011968776921299992,0.9166666666666666,1.0,0.7575757575757576,9100.0,9247.639020249553
66,all,R13,Medium,R13_OUT,1.9375015616164573e-11,6.848475536492092e-10,577356.8475312145,0.00039540142461437174,0.9166666666666666,1.0,0.7575757575757576,9100.0,9247.639020249553
66,all,R14,High,R14_OUT,1.4971932529870182e-06,5.292120310823452e-05,-125051.26377325671,-6.617863329085928,0.9166666666666666,1.0,0.7575757575757576,9100.0,9247.639020249553
66,all,R15,High,R15_OUT,1.9375015616164573e-11,6.848475536492092e-10,66761.00682081665,4.5721112200394454e-05,0.9166666666666666,1.0,0.7575757575757576,9100.0,9247.639020249553
66,all,R16,High,R16_OUT,1.4971932529870182e-06,5.292120310823452e-05,-83809.72029326542,-4.435311230084223,0.9166666666666666,1.0,0.7575757575757576,9100.0,9247.639020249553
66,all,R17,Medium,R17_OUT,1.640091925570809e-06,5.7972234202995586e-05,132879.8509891148,7.7033418424001185,0.9166666666666666,1.0,0.7575757575757576,9100.0,9247.639020249553
66,all,R18,High,R18_OUT,3.659539740107611e-07,1.293535390187668e-05,-221006.13339478645,-2.858792549946929,0.9166666666666666,1.0,0.7575757575757576,9100.0,9247.639020249553
66,all,R19,High,R19_OUT,3.659539740107611e-07,1.293535390187668e-05,-98215.73628295111,-1.2704553075533627,0.9166666666666666,1.0,0.7575757575757576,9100.0,9247.639020249553
66,all,R20,Very_High,R20_OUT,0.028278884086967243,0.9995720762532657,9241.946586288232,9237.991737877908,0.9166666666666666,1.0,0.7575757575757576,9100.0,9247.639020249553
67,all,R1,Very_Low,R1_OUT,0.008572464626742143,0.0021811594040119747,3425.6464474034074,7.471880963574154,0.2216981132075471,0.2,0.1515151515151515,595.0,350.32730801094385
67,all,R2,Low,R2_OUT,0.005937026033315768,0.0015106040944203854,-237564.32464836998,-358.86564150204134,0.2216981132075471,0.2,0.1515151515151515,595.0,350.32730801094385
67,all,R3,Medium,R3_OUT,0.007328385841157826,0.001864618681983907,-64475.93380332405,-120.22303070803572,0.2216981132075471,0.2,0.1515151515151515,595.0,350.32730801094385
67,all,R4,Low,R4_OUT,0.10443399854363039,0.02657196126670749,205896.14469769882,5471.064381871654,0.2216981132075471,0.2,0.1515151515151515,595.0,350.32730801094385
67,all,R5,Medium,R5_OUT,0.0723277837954087,0.018402925257290297,257817.63490067283,4744.598665088441,0.2216981132075471,0.2,0.1515151515151515,595.0,350.32730801094385
67,all,R6,Medium,R6_OUT,0.08927801625161014,0.02271570583228384,-168191.75626221494,-3820.594458667658,0.2216981132075471,0.2,0.1515151515151515,595.0,350.32730801094385
67,all,R7,Medium,R7_OUT,0.4279413348092497,0.10888446991928412,-54998.271537594585,-5988.457642847838,0.2216981132075471,0.2,0.1515151515151515,595.0,350.32730801094385
67,all,R8,High,R8_OUT,0.5282306665431272,0.13440187110529003,-1556.1376152742305,-209.14780719018054,0.2216981132075471,0.2,0.1515151515151515,595.0,350.32730801094385
67,all,R9,Low,R9_OUT,0.010301210384926393,0.0026210177448497585,192352.7910738782,504.16007867601303,0.2216981132075471,0.2,0.1515151515151515,595.0,350.32730801094385
67,all,R10,Medium,R10_OUT,0.007134302314784036,0.0018152364882804285,191195.8052260271,347.0656020524422,0.2216981132075471,0.2,0.1515151515151515,595.0,350.32730801094385
67,all,R11,Medium,R11_OUT,0.00880624740009829,0.0022406425884640927,244022.88434314987,546.7680672191093,0.2216981132075471,0.2,0.1515151515151515,595.0,350.32730801094385
67,all,R12,Medium,R12_OUT,0.12549443330230178,0.03193053284752884,-110123.32717988997,-3516.2965157966423,0.2216981132075471,0.2,0.1515151515151515,595.0,350.32730801094385
67,all,R13,Medium,R13_OUT,0.0869135948636894,0.02211410755572492,155621.28104461494,3441.42574698031,0.2216981132075471,0.2,0.1515151515151515,595.0,350.32730801094385
67,all,R14,High,R14_OUT,0.10728205576815815,0.02729661480205883,157474.42302915792,4298.518666603386,0.2216981132075471,0.2,0.1515151515151515,595.0,350.32730801094385
67,all,R15,High,R15_OUT,0.5142411096715869,0.13084239843821915,37406.968269430006,4894.417446674582,0.2216981132075471,0.2,0.1515151515151515,595.0,350.32730801094385
67,all,R16,High,R16_OUT,0.6347550517567541,0.16150570584617444,27520.910918750116,4444.784143462426,0.2216981132075471,0.2,0.1515151515151515,595.0,350.32730801094385
67,all,R17,Medium,R17_OUT,0.0068370669405308105,0.0017396085609589218,133035.158584099,231.42910078142643,0.2216981132075471,0.2,0.1515151515151515,595.0,350.32730801094385
67,all,R18,High,R18_OUT,0.08329252671194204,0.02119277078787014,-105233.67114641392,-2230.193071772054,0.2216981132075471,0.2,0.1515151515151515,595.0,350.32730801094385
67,all,R19,High,R19_OUT,0.49281635894678466,0.12539113108900943,-93478.50465145454,-11721.375430755113,0.2216981132075471,0.2,0.1515151515151515,595.0,350.32730801094385
67,all,R20,Very_High,R20_OUT,0.6083093466207284,0.154776917689589,-3981.361577174588,-616.2228731228435,0.2216981132075471,0.2,0.1515151515151515,595.0,350.32730801094385
68,all,R1,Very_Low,R1_OUT,1.8139568386896742e-06,1.0822511450617516e-06,-4964.13252379695,-0.0053724381081175325,0.2877358490566037,0.2,0.6363636363636364,3941.0,3939.5834363301583
68,all,R2,Low,R2_OUT,5.460560140285959e-06,3.2579041234365608e-06,-310990.50848366634,-1.0131772599385693,0.2877358490566037,0.2,0.6363636363636364,3941.0,3939.5834363301583
68,all,R3,Medium,R3_OUT,0.0041726664962037936,0.002489515184241891,-145304.22951850307,-361.7370857208822,0.2877358490566037,0.2,0.6363636363636364,3941.0,3939.5834363301583
68,all,R4,Low,R4_OUT,2.2098518232313732e-05,1.3184518038679216e-05,327560.0009154144,4.318720740819062,0.2877358490566037,0.2,0.6363636363636364,3941.0,3939.5834363301583
68,all,R5,Medium,R5_OUT,6.652324093109185e-05,3.9689397308316874e-05,345289.7469433818,13.704341952924072,0.2877358490566037,0.2,0.6363636363636364,3941.0,3939.5834363301583
68,all,R6,Medium,R6_OUT,0.05083348439003246,0.03032850369710645,-70719.196916492,-2144.807425138227,0.2877358490566037,0.2,0.6363636363636364,3941.0,3939.5834363301583
68,all,R7,Medium,R7_OUT,0.00039359763324720986,0.00023483000267144838,-178530.43913240905,-41.92430349839847,0.2877358490566037,0.2,0.6363636363636364,3941.0,3939.5834363301583
68,all,R8,High,R8_OUT,0.30076615128164014,0.17944446343910905,263782.6089293621,47334.328723897714,0.2877358490566037,0.2,0.6363636363636364,3941.0,3939.5834363301583
68,all,R9,Low,R9_OUT,3.7111097880301043e-06,2.2141391304804684e-06,217080.4677505877,0.4806463581095796,0.2877358490566037,0.2,0.6363636363636364,3941.0,3939.5834363301583
68,all,R10,Medium,R10_OUT,1.1171565801632113e-05,6.66523018799206e-06,103583.7229773281,0.6904093573730941,0.2877358490566037,0.2,0.6363636363636364,3941.0,3939.5834363301583
68,all,R11,Medium,R11_OUT,0.0085367099954997,0.005093210582873303,303888.8969766386,1547.7701460991107,0.2877358490566037,0.2,0.6363636363636364,3941.0,3939.5834363301583
68,all,R12,Medium,R12_OUT,4.521057258018433e-05,2.6973736585235572e-05,-19763.772605587525,-0.5331027961936128,0.2877358490566037,0.2,0.6363636363636364,3941.0,3939.5834363301583
68,all,R13,Medium,R13_OUT,0.00013609753290998479,8.11991265119118e-05,308506.5555910277,25.05046283719001,0.2877358490566037,0.2,0.6363636363636364,3941.0,3939.5834363301583
68,all,R14,High,R14_OUT,0.10399841796445215,0.06204800716644509,-137993.42816703123,-8562.21721983028,0.2877358490566037,0.2,0.6363636363636364,3941.0,3939.5834363301583
68,all,R15,High,R15_OUT,0.000805247400673734,0.00048043035140057027,51622.157442940836,24.80085124036763,0.2877358490566037,0.2,0.6363636363636364,3941.0,3939.5834363301583
68,all,R16,High,R16_OUT,0.6153267730095037,0.36711904631519976,-84151.39370454007,-30893.579402905656,0.2877358490566037,0.2,0.6363636363636364,3941.0,3939.5834363301583
68,all,R17,Medium,R17_OUT,1.0712789245329778e-05,6.391512841032279e-06,56382.471417438355,0.36036929007369267,0.2877358490566037,0.2,0.6363636363636364,3941.0,3939.5834363301583
68,all,R18,High,R18_OUT,0.0001305084902835192,7.786456658563447e-05,-133661.4262834387,-10.407489026777686,0.2877358490566037,0.2,0.6363636363636364,3941.0,3939.5834363301583
68,all,R19,High,R19_OUT,0.0007721787479877757,0.0004607007820570792,-116453.45419212274,-53.65019741955919,0.2877358490566037,0.2,0.6363636363636364,3941.0,3939.5834363301583
68,all,R20,Very_High,R20_OUT,0.5900574864175842,0.3520427700964374,-8357.071098501943,-2942.0464594095015,0.2877358490566037,0.2,0.6363636363636364,3941.0,3939.5834363301583
69,all,R1,Very_Low,R1_OUT,0.0014620401597543527,0.0016022762658282398,-5173.67602022388,-8.289658294289428,0.5534591194968553,1.0,0.3333333333333333,1400.0,1461.512741726532
69,all,R2,Low,R2_OUT,0.0031189172028816534,0.0034180777976032584,-19138.11056123211,-65.41555079742392,0.5534591194968553,1.0,0.3333333333333333,1400.0,1461.512741726532
69,all,R3,Medium,R3_OUT,0.004489012884358632,0.004919590446006278,97036.12237789496,477.37798056778803,0.5534591194968553,1.0,0.3333333333333333,1400.0,1461.512741726532
69,all,R4,Low,R4_OUT,0.00032622525498942457,0.0003575161597962832,273145.2850396659,97.65385337384251,0.5534591194968553,1.0,0.3333333333333333,1400.0,1461.512741726532
69,all,R5,Medium,R5_OUT,0.000695924494968676,0.0007626762463790073,162366.7556772569,123.83326775666767,0.5534591194968553,1.0,0.3333333333333333,1400.0,1461.512741726532
69,all,R6,Medium,R6_OUT,0.001001634163795306,0.0010977090040820655,-233288.39694266947,-256.08277387183927,0.5534591194968553,1.0,0.3333333333333333,1400.0,1461.512741726532
69,all,R7,Medium,R7_OUT,0.000695924494968676,0.0007626762463790073,-279728.3495805096,-213.3421676638578,0.5534591194968553,1.0,0.3333333333333333,1400.0,1461.512741726532
69,all,R8,High,R8_OUT,0.001001634163795306,0.0010977090040820655,-143937.16324574614,-158.0011201168857,0.5534591194968553,1.0,0.3333333333333333,1400.0,1461.512741726532
69,all,R9,Low,R9_OUT,0.025451629508304544,0.027892901310359257,20835.329273157025,581.1577831850082,0.5534591194968553,1.0,0.3333333333333333,1400.0,1461.512741726532
69,all,R10,Medium,R10_OUT,0.05429503737309021,0.059502913893812896,173270.96631609538,10310.127389004378,0.5534591194968553,1.0,0.3333333333333333,1400.0,1461.512741726532
69,all,R11,Medium,R11_OUT,0.078146070084626,0.08564169221273929,331.12114373160875,28.357775076592645,0.5534591194968553,1.0,0.3333333333333333,1400.0,1461.512741726532
69,all,R12,Medium,R12_OUT,0.005679026168226495,0.006223747536384809,-476983.1550701744,-2968.6227362650516,0.5534591194968553,1.0,0.3333333333333333,1400.0,1461.512741726532
69,all,R13,Medium,R13_OUT,0.0121148603843226,0.013276894706424701,332869.3822779485,4419.471739496955,0.5534591194968553,1.0,0.3333333333333333,1400.0,1461.512741726532
69,all,R14,High,R14_OUT,0.017436745132953017,0.01910924449881105,101195.43943756909,1933.7683943771337,0.5534591194968553,1.0,0.3333333333333333,1400.0,1461.512741726532
69,all,R15,High,R15_OUT,0.0121148603843226,0.013276894706424701,-4268.380026804894,-56.67083218289483,0.5534591194968553,1.0,0.3333333333333333,1400.0,1461.512741726532
69,all,R16,High,R16_OUT,0.017436745132953017,0.01910924449881105,86187.78915923036,1646.9835358557093,0.5534591194968553,1.0,0.3333333333333333,1400.0,1461.512741726532
69,all,R17,Medium,R17_OUT,0.3830527657872955,0.41979445713992464,73219.00664515301,30736.933146926545,0.5534591194968553,1.0,0.3333333333333333,1400.0,1461.512741726532
69,all,R18,High,R18_OUT,0.08547062497541821,0.09366880445105452,-333215.3495370337,-31211.883415874192,0.5534591194968553,1.0,0.3333333333333333,1400.0,1461.512741726532
69,all,R19,High,R19_OUT,0.08547062497541821,0.09366880445105452,-162096.44572759935,-15183.380277069475,0.5534591194968553,1.0,0.3333333333333333,1400.0,1461.512741726532
69,all,R20,Very_High,R20_OUT,0.12301664705762168,0.13481616942404223,9105.260989731643,1227.5364082417836,0.5534591194968553,1.0,0.3333333333333333,1400.0,1461.512741726532
70,all,R1,Very_Low,R1_OUT,0.039370809525663915,0.016093029100363622,-45269.51540131397,-728.5236287127049,0.3694968553459119,1.0,0.3333333333333333,2800.0,2714.6718354842124
70,all,R2,Low,R2_OUT,0.08398831885821902,0.03433067482635524,45065.7995243968,1547.1393092617814,0.3694968553459119,1.0,0.3333333333333333,2800.0,2714.6718354842124
70,all,R3,Medium,R3_OUT,0.1208831850816119,0.04941164885103329,86152.61821112252,4256.942918645122,0.3694968553459119,1.0,0.3333333333333333,2800.0,2714.6718354842124
70,all,R4,Low,R4_OUT,0.008784815034634711,0.0035908401604374746,310150.7487957071,1113.7017645653798,0.3694968553459119,1.0,0.3333333333333333,2800.0,2714.6718354842124
70,all,R5,Medium,R5_OUT,0.01874032703743179,0.007660208972008311,242454.70830103106,1857.2537318332159,0.3694968553459119,1.0,0.3333333333333333,2800.0,2714.6718354842124
70,all,R6,Medium,R6_OUT,0.026972684446512338,0.011025229121329033,-182931.93146232504,-2016.8664579793929,0.3694968553459119,1.0,0.3333333333333333,2800.0,2714.6718354842124
70,all,R7,Medium,R7_OUT,0.01874032703743179,0.007660208972008311,-209222.3203874662,-1602.686695776466,0.3694968553459119,1.0,0.3333333333333333,2800.0,2714.6718354842124
70,all,R8,High,R8_OUT,0.026972684446512338,0.011025229121329033,-139874.90016806993,-1542.1528226759958,0.3694968553459119,1.0,0.3333333333333333,2800.0,2714.6718354842124
70,all,R9,Low,R9_OUT,0.15565674621614464,0.06362552806772871,55469.78253637775,3529.2942056791107,0.3694968553459119,1.0,0.3333333333333333,2800.0,2714.6718354842124
70,all,R10,Medium,R10_OUT,0.3320568865903698,0.13573002951314983,101412.78160515334,13764.759840278082,0.3694968553459119,1.0,0.3333333333333333,2800.0,2714.6718354842124
70,all,R11,Medium,R11_OUT,0.4779247236402972,0.19535428857039347,-11388.735127493288,-2224.8382485481006,0.3694968553459119,1.0,0.3333333333333333,2800.0,2714.6718354842124
70,all,R12,Medium,R12_OUT,0.034731714711391845,0.014196774267280722,-503813.05478468165,-7152.5202116872615,0.3694968553459119,1.0,0.3333333333333333,2800.0,2714.6718354842124
70,all,R13,Medium,R13_OUT,0.0740919062832982,0.030285463222220223,266185.1946180096,8061.541921903263,0.3694968553459119,1.0,0.3333333333333333,2800.0,2714.6718354842124
70,all,R14,High,R14_OUT,0.10663942012475355,0.043589433694394455,81748.0418028548,3563.3508478121257,0.3694968553459119,1.0,0.3333333333333333,2800.0,2714.6718354842124
70,all,R15,High,R15_OUT,0.0740919062832982,0.030285463222220223,-39558.77008875368,-1198.0556766392149,0.3694968553459119,1.0,0.3333333333333333,2800.0,2714.6718354842124
70,all,R16,High,R16_OUT,0.10663942012475355,0.043589433694394455,129725.78874807296,5654.673667087149,0.3694968553459119,1.0,0.3333333333333333,2800.0,2714.6718354842124
70,all,R17,Medium,R17_OUT,0.418785656667848,0.1711808784418668,-3113.748242519694,-533.0141594013402,0.3694968553459119,1.0,0.3333333333333333,2800.0,2714.6718354842124
70,all,R18,High,R18_OUT,0.09344371064016224,0.03819561682108263,-415783.01862735976,-15881.088860203694,0.3694968553459119,1.0,0.3333333333333333,2800.0,2714.6718354842124
70,all,R19,High,R19_OUT,0.09344371064016224,0.03819561682108263,-212681.27694638824,-8123.4925592628,0.3694968553459119,1.0,0.3333333333333333,2800.0,2714.6718354842124
70,all,R20,Very_High,R20_OUT,0.13449219512413094,0.05497440453932152,6716.815805469051,369.25294930596436,0.3694968553459119,1.0,0.3333333333333333,2800.0,2714.6718354842124
71,all,R1,Very_Low,R1_OUT,8.559008733053377e-12,2.1926459088466452e-10,47306.95089545235,1.0372739234092273e-05,0.8726415094339622,1.0,0.696969696969697,9520.0,9363.068971752095
71,all,R2,Low,R2_OUT,2.1939988086579457e-11,5.62058371694415e-10,-168318.6080931348,-9.460488279069772e-05,0.8726415094339622,1.0,0.696969696969697,9520.0,9363.068971752095
71,all,R3,Medium,R3_OUT,1.4504283350097034e-07,3.7157057014705633e-06,52368.07122913009,0.19458434084109524,0.8726415094339622,1.0,0.696969696969697,9520.0,9363.068971752095
71,all,R4,Low,R4_OUT,1.909772989318009e-12,4.8924543278975124e-11,310150.12562892644,1.5173953244311984e-05,0.8726415094339622,1.0,0.696969696969697,9520.0,9363.068971752095
71,all,R5,Medium,R5_OUT,4.895473055413116e-12,1.2541217448894047e-10,110576.96043597866,1.3867697056653624e-05,0.8726415094339622,1.0,0.696969696969697,9520.0,9363.068971752095
71,all,R6,Medium,R6_OUT,3.2363430667453546e-08,8.290860082335603e-07,-233997.08709046332,-0.194003710874113,0.8726415094339622,1.0,0.696969696969697,9520.0,9363.068971752095
71,all,R7,Medium,R7_OUT,4.895473055413116e-12,1.2541217448894047e-10,-475726.05652967107,-5.966183921043467e-05,0.8726415094339622,1.0,0.696969696969697,9520.0,9363.068971752095
71,all,R8,High,R8_OUT,3.2363430667453546e-08,8.290860082335603e-07,49112.382835197204,0.04071838943967208,0.8726415094339622,1.0,0.696969696969697,9520.0,9363.068971752095
71,all,R9,Low,R9_OUT,1.9504531989950816e-09,4.996668843972246e-08,-11386.509241895066,-0.0005689461597057911,0.8726415094339622,1.0,0.696969696969697,9520.0,9363.068971752095
71,all,R10,Medium,R10_OUT,4.9997518736164155e-09,1.2808358809820385e-07,212892.49162039632,0.027268034205907156,0.8726415094339622,1.0,0.696969696969697,9520.0,9363.068971752095
71,all,R11,Medium,R11_OUT,3.3052806395765404e-05,0.0008467464280027774,62409.73617880602,52.845221181999705,0.8726415094339622,1.0,0.696969696969697,9520.0,9363.068971752095
71,all,R12,Medium,R12_OUT,4.3520493465378967e-10,1.1149075193641966e-08,-369885.9010963879,-0.004123885724391644,0.8726415094339622,1.0,0.696969696969697,9520.0,9363.068971752095
71,all,R13,Medium,R13_OUT,1.1155954362624424e-09,2.8579311524737732e-08,545279.8183901471,0.015583721797924428,0.8726415094339622,1.0,0.696969696969697,9520.0,9363.068971752095
71,all,R14,High,R14_OUT,7.375077984442178e-06,0.00018893466608537057,-91899.2208027053,-17.362948595864864,0.8726415094339622,1.0,0.696969696969697,9520.0,9363.068971752095
71,all,R15,High,R15_OUT,1.1155954362624424e-09,2.8579311524737732e-08,58122.08788430439,0.0016610892561137198,0.8726415094339622,1.0,0.696969696969697,9520.0,9363.068971752095
71,all,R16,High,R16_OUT,7.375077984442178e-06,0.00018893466608537057,-61384.960073079215,-11.597746934071026,0.8726415094339622,1.0,0.696969696969697,9520.0,9363.068971752095
71,all,R17,Medium,R17_OUT,2.6404417379774795e-05,0.0006764280718590711,127618.95676789992,86.32504485917669,0.8726415094339622,1.0,0.696969696969697,9520.0,9363.068971752095
71,all,R18,High,R18_OUT,5.8916218785751316e-06,0.00015093150400280806,-233507.48854799947,-35.24363644246804,0.8726415094339622,1.0,0.696969696969697,9520.0,9363.068971752095
71,all,R19,High,R19_OUT,5.8916218785751316e-06,0.00015093150400280806,-105179.806994021,-15.874946460332659,0.8726415094339622,1.0,0.696969696969697,9520.0,9363.068971752095
71,all,R20,Very_High,R20_OUT,0.03894886030989059,0.9977914718431972,9324.490379514202,9303.896979963207,0.8726415094339622,1.0,0.696969696969697,9520.0,9363.068971752095
72,all,R1,Very_Low,R1_OUT,3.12580467570339e-10,1.6622910710497185e-09,91810.27735454959,0.00015261540427706594,0.9984276729559748,1.0,0.3333333333333333,5880.0,126726.07859806775
72,all,R2,Low,R2_OUT,6.668165652533941e-10,3.546105203132469e-09,-174434.74777689864,-0.0006185639666987601,0.9984276729559748,1.0,0.3333333333333333,5880.0,126726.07859806775
72,all,R3,Medium,R3_OUT,9.597395372216414e-10,5.1038584581358186e-09,123361.17946504537,0.0006296179992182824,0.9984276729559748,1.0,0.3333333333333333,5880.0,126726.07859806775
72,all,R4,Low,R4_OUT,6.97461297882408e-11,3.7090727289662857e-10,183636.34279214748,6.811205510974587e-05,0.9984276729559748,1.0,0.3333333333333333,5880.0,126726.07859806775
72,all,R5,Medium,R5_OUT,1.487868869946157e-10,7.912430218781279e-10,-31350.257934094174,-2.480567282443143e-05,0.9984276729559748,1.0,0.3333333333333333,5880.0,126726.07859806775
72,all,R6,Medium,R6_OUT,2.1414683664104472e-10,1.138824755138763e-09,-355090.787805383,-0.0004043861794744957,0.9984276729559748,1.0,0.3333333333333333,5880.0,126726.07859806775
72,all,R7,Medium,R7_OUT,1.487868869946157e-10,7.912430218781279e-10,-450268.5740388965,-0.00035627186717929204,0.9984276729559748,1.0,0.3333333333333333,5880.0,126726.07859806775
72,all,R8,High,R8_OUT,2.1414683664104472e-10,1.138824755138763e-09,-153762.97906610824,-0.00017510908698436747,0.9984276729559748,1.0,0.3333333333333333,5880.0,126726.07859806775
72,all,R9,Low,R9_OUT,1.9626981637857928e-07,1.0437554394190144e-06,-62938.604688308464,-0.06569251099286504,0.9984276729559748,1.0,0.3333333333333333,5880.0,126726.07859806775
72,all,R10,Medium,R10_OUT,4.1869527497276516e-07,2.2266055921146675e-06,347081.7891639294,0.7728142526735692,0.9984276729559748,1.0,0.3333333333333333,5880.0,126726.07859806775
72,all,R11,Medium,R11_OUT,6.026221158536285e-07,3.20472155597873e-06,28679.149560455102,0.09190868880352838,0.9984276729559748,1.0,0.3333333333333333,5880.0,126726.07859806775
72,all,R12,Medium,R12_OUT,4.379371556085529e-08,2.328933183533593e-07,-412086.9019145715,-0.09597228603683985,0.9984276729559748,1.0,0.3333333333333333,5880.0,126726.07859806775
72,all,R13,Medium,R13_OUT,9.342354375806392e-08,4.96822862355935e-07,494165.3233699373,0.24551263043369845,0.9984276729559748,1.0,0.3333333333333333,5880.0,126726.07859806775
72,all,R14,High,R14_OUT,1.3446316921940574e-07,7.150700340166591e-07,148234.8713232455,0.10599831447956824,0.9984276729559748,1.0,0.3333333333333333,5880.0,126726.07859806775
72,all,R15,High,R15_OUT,9.342354375806392e-08,4.96822862355935e-07,81092.13610594299,0.040288427174711657,0.9984276729559748,1.0,0.3333333333333333,5880.0,126726.07859806775
72,all,R16,High,R16_OUT,1.3446316921940574e-07,7.150700340166591e-07,-19122.073094123916,-0.013673621457884231,0.9984276729559748,1.0,0.3333333333333333,5880.0,126726.07859806775
72,all,R17,Medium,R17_OUT,0.10639320353555612,0.5657950211419811,257852.93513413906,145891.9068857421,0.9984276729559748,1.0,0.3333333333333333,5880.0,126726.07859806775
72,all,R18,High,R18_OUT,0.02373953254359312,0.12624593367859444,-133500.3892587236,-16853.88128842336,0.9984276729559748,1.0,0.3333333333333333,5880.0,126726.07859806775
72,all,R19,High,R19_OUT,0.02373953254359312,0.12624593367859444,-39741.68303599884,-5017.225880838431,0.9984276729559748,1.0,0.3333333333333333,5880.0,126726.07859806775
72,all,R20,Very_High,R20_OUT,0.03416796937038928,0.18170396519583393,14882.440367050564,2704.1984264836296,0.9984276729559748,1.0,0.3333333333333333,5880.0,126726.07859806775
